sim_time,crosswalk_id,tls_id,ped_link_index,phase_index,phase_state,ped_link_state,ped_has_green,ped_has_red,pedestrian_only_phase,non_ped_green_count
0.5,LINK_249048,5161705573,2,0,GGr,r,False,True,False,2
0.5,NODE_5837,5161705573,2,0,GGr,r,False,True,False,2
0.5,LINK_10218,11139418715,2,0,GGr,r,False,True,False,2
0.5,LINK_140740,11139418715,2,0,GGr,r,False,True,False,2
0.5,NODE_9634,10974501473,4,0,GGGGr,r,False,True,False,4
0.5,LINK_194891,11203052965,11,0,GGGGGGGGGGGr,r,False,True,False,11
0.5,NODE_10378,11139418715,2,0,GGr,r,False,True,False,2
0.5,NODE_5681,11139418723,2,0,GGr,r,False,True,False,2
0.5,NODE_10262,11203041635,4,0,GGGGr,r,False,True,False,4
1.0,LINK_249048,5161705573,2,0,GGr,r,False,True,False,2
1.0,NODE_5837,5161705573,2,0,GGr,r,False,True,False,2
1.0,LINK_10218,11139418715,2,0,GGr,r,False,True,False,2
1.0,LINK_140740,11139418715,2,0,GGr,r,False,True,False,2
1.0,NODE_9634,10974501473,4,0,GGGGr,r,False,True,False,4
1.0,LINK_194891,11203052965,11,0,GGGGGGGGGGGr,r,False,True,False,11
1.0,NODE_10378,11139418715,2,0,GGr,r,False,True,False,2
1.0,NODE_5681,11139418723,2,0,GGr,r,False,True,False,2
1.0,NODE_10262,11203041635,4,0,GGGGr,r,False,True,False,4
1.5,LINK_249048,5161705573,2,0,GGr,r,False,True,False,2
1.5,NODE_5837,5161705573,2,0,GGr,r,False,True,False,2
1.5,LINK_10218,11139418715,2,0,GGr,r,False,True,False,2
1.5,LINK_140740,11139418715,2,0,GGr,r,False,True,False,2
1.5,NODE_9634,10974501473,4,0,GGGGr,r,False,True,False,4
1.5,LINK_194891,11203052965,11,0,GGGGGGGGGGGr,r,False,True,False,11
1.5,NODE_10378,11139418715,2,0,GGr,r,False,True,False,2
1.5,NODE_5681,11139418723,2,0,GGr,r,False,True,False,2
1.5,NODE_10262,11203041635,4,0,GGGGr,r,False,True,False,4
2.0,LINK_249048,5161705573,2,0,GGr,r,False,True,False,2
2.0,NODE_5837,5161705573,2,0,GGr,r,False,True,False,2
2.0,LINK_10218,11139418715,2,0,GGr,r,False,True,False,2
2.0,LINK_140740,11139418715,2,0,GGr,r,False,True,False,2
2.0,NODE_9634,10974501473,4,0,GGGGr,r,False,True,False,4
2.0,LINK_194891,11203052965,11,0,GGGGGGGGGGGr,r,False,True,False,11
2.0,NODE_10378,11139418715,2,0,GGr,r,False,True,False,2
2.0,NODE_5681,11139418723,2,0,GGr,r,False,True,False,2
2.0,NODE_10262,11203041635,4,0,GGGGr,r,False,True,False,4
2.5,LINK_249048,5161705573,2,0,GGr,r,False,True,False,2
2.5,NODE_5837,5161705573,2,0,GGr,r,False,True,False,2
2.5,LINK_10218,11139418715,2,0,GGr,r,False,True,False,2
2.5,LINK_140740,11139418715,2,0,GGr,r,False,True,False,2
2.5,NODE_9634,10974501473,4,0,GGGGr,r,False,True,False,4
2.5,LINK_194891,11203052965,11,0,GGGGGGGGGGGr,r,False,True,False,11
2.5,NODE_10378,11139418715,2,0,GGr,r,False,True,False,2
2.5,NODE_5681,11139418723,2,0,GGr,r,False,True,False,2
2.5,NODE_10262,11203041635,4,0,GGGGr,r,False,True,False,4
3.0,LINK_249048,5161705573,2,0,GGr,r,False,True,False,2
3.0,NODE_5837,5161705573,2,0,GGr,r,False,True,False,2
3.0,LINK_10218,11139418715,2,0,GGr,r,False,True,False,2
3.0,LINK_140740,11139418715,2,0,GGr,r,False,True,False,2
3.0,NODE_9634,10974501473,4,0,GGGGr,r,False,True,False,4
3.0,LINK_194891,11203052965,11,0,GGGGGGGGGGGr,r,False,True,False,11
3.0,NODE_10378,11139418715,2,0,GGr,r,False,True,False,2
3.0,NODE_5681,11139418723,2,0,GGr,r,False,True,False,2
3.0,NODE_10262,11203041635,4,0,GGGGr,r,False,True,False,4
3.5,LINK_249048,5161705573,2,0,GGr,r,False,True,False,2
3.5,NODE_5837,5161705573,2,0,GGr,r,False,True,False,2
3.5,LINK_10218,11139418715,2,0,GGr,r,False,True,False,2
3.5,LINK_140740,11139418715,2,0,GGr,r,False,True,False,2
3.5,NODE_9634,10974501473,4,0,GGGGr,r,False,True,False,4
3.5,LINK_194891,11203052965,11,0,GGGGGGGGGGGr,r,False,True,False,11
3.5,NODE_10378,11139418715,2,0,GGr,r,False,True,False,2
3.5,NODE_5681,11139418723,2,0,GGr,r,False,True,False,2
3.5,NODE_10262,11203041635,4,0,GGGGr,r,False,True,False,4
4.0,LINK_249048,5161705573,2,0,GGr,r,False,True,False,2
4.0,NODE_5837,5161705573,2,0,GGr,r,False,True,False,2
4.0,LINK_10218,11139418715,2,0,GGr,r,False,True,False,2
4.0,LINK_140740,11139418715,2,0,GGr,r,False,True,False,2
4.0,NODE_9634,10974501473,4,0,GGGGr,r,False,True,False,4
4.0,LINK_194891,11203052965,11,0,GGGGGGGGGGGr,r,False,True,False,11
4.0,NODE_10378,11139418715,2,0,GGr,r,False,True,False,2
4.0,NODE_5681,11139418723,2,0,GGr,r,False,True,False,2
4.0,NODE_10262,11203041635,4,0,GGGGr,r,False,True,False,4
4.5,LINK_249048,5161705573,2,0,GGr,r,False,True,False,2
4.5,NODE_5837,5161705573,2,0,GGr,r,False,True,False,2
4.5,LINK_10218,11139418715,2,0,GGr,r,False,True,False,2
4.5,LINK_140740,11139418715,2,0,GGr,r,False,True,False,2
4.5,NODE_9634,10974501473,4,0,GGGGr,r,False,True,False,4
4.5,LINK_194891,11203052965,11,0,GGGGGGGGGGGr,r,False,True,False,11
4.5,NODE_10378,11139418715,2,0,GGr,r,False,True,False,2
4.5,NODE_5681,11139418723,2,0,GGr,r,False,True,False,2
4.5,NODE_10262,11203041635,4,0,GGGGr,r,False,True,False,4
5.0,LINK_249048,5161705573,2,0,GGr,r,False,True,False,2
5.0,NODE_5837,5161705573,2,0,GGr,r,False,True,False,2
5.0,LINK_10218,11139418715,2,0,GGr,r,False,True,False,2
5.0,LINK_140740,11139418715,2,0,GGr,r,False,True,False,2
5.0,NODE_9634,10974501473,4,0,GGGGr,r,False,True,False,4
5.0,LINK_194891,11203052965,11,0,GGGGGGGGGGGr,r,False,True,False,11
5.0,NODE_10378,11139418715,2,0,GGr,r,False,True,False,2
5.0,NODE_5681,11139418723,2,0,GGr,r,False,True,False,2
5.0,NODE_10262,11203041635,4,0,GGGGr,r,False,True,False,4
5.5,LINK_249048,5161705573,2,0,GGr,r,False,True,False,2
5.5,NODE_5837,5161705573,2,0,GGr,r,False,True,False,2
5.5,LINK_10218,11139418715,2,0,GGr,r,False,True,False,2
5.5,LINK_140740,11139418715,2,0,GGr,r,False,True,False,2
5.5,NODE_9634,10974501473,4,0,GGGGr,r,False,True,False,4
5.5,LINK_194891,11203052965,11,0,GGGGGGGGGGGr,r,False,True,False,11
5.5,NODE_10378,11139418715,2,0,GGr,r,False,True,False,2
5.5,NODE_5681,11139418723,2,0,GGr,r,False,True,False,2
5.5,NODE_10262,11203041635,4,0,GGGGr,r,False,True,False,4
6.0,LINK_249048,5161705573,2,0,GGr,r,False,True,False,2
6.0,NODE_5837,5161705573,2,0,GGr,r,False,True,False,2
6.0,LINK_10218,11139418715,2,0,GGr,r,False,True,False,2
6.0,LINK_140740,11139418715,2,0,GGr,r,False,True,False,2
6.0,NODE_9634,10974501473,4,0,GGGGr,r,False,True,False,4
6.0,LINK_194891,11203052965,11,0,GGGGGGGGGGGr,r,False,True,False,11
6.0,NODE_10378,11139418715,2,0,GGr,r,False,True,False,2
6.0,NODE_5681,11139418723,2,0,GGr,r,False,True,False,2
6.0,NODE_10262,11203041635,4,0,GGGGr,r,False,True,False,4
6.5,LINK_249048,5161705573,2,0,GGr,r,False,True,False,2
6.5,NODE_5837,5161705573,2,0,GGr,r,False,True,False,2
6.5,LINK_10218,11139418715,2,0,GGr,r,False,True,False,2
6.5,LINK_140740,11139418715,2,0,GGr,r,False,True,False,2
6.5,NODE_9634,10974501473,4,0,GGGGr,r,False,True,False,4
6.5,LINK_194891,11203052965,11,0,GGGGGGGGGGGr,r,False,True,False,11
6.5,NODE_10378,11139418715,2,0,GGr,r,False,True,False,2
6.5,NODE_5681,11139418723,2,0,GGr,r,False,True,False,2
6.5,NODE_10262,11203041635,4,0,GGGGr,r,False,True,False,4
7.0,LINK_249048,5161705573,2,0,GGr,r,False,True,False,2
7.0,NODE_5837,5161705573,2,0,GGr,r,False,True,False,2
7.0,LINK_10218,11139418715,2,0,GGr,r,False,True,False,2
7.0,LINK_140740,11139418715,2,0,GGr,r,False,True,False,2
7.0,NODE_9634,10974501473,4,0,GGGGr,r,False,True,False,4
7.0,LINK_194891,11203052965,11,0,GGGGGGGGGGGr,r,False,True,False,11
7.0,NODE_10378,11139418715,2,0,GGr,r,False,True,False,2
7.0,NODE_5681,11139418723,2,0,GGr,r,False,True,False,2
7.0,NODE_10262,11203041635,4,0,GGGGr,r,False,True,False,4
7.5,LINK_249048,5161705573,2,0,GGr,r,False,True,False,2
7.5,NODE_5837,5161705573,2,0,GGr,r,False,True,False,2
7.5,LINK_10218,11139418715,2,0,GGr,r,False,True,False,2
7.5,LINK_140740,11139418715,2,0,GGr,r,False,True,False,2
7.5,NODE_9634,10974501473,4,0,GGGGr,r,False,True,False,4
7.5,LINK_194891,11203052965,11,0,GGGGGGGGGGGr,r,False,True,False,11
7.5,NODE_10378,11139418715,2,0,GGr,r,False,True,False,2
7.5,NODE_5681,11139418723,2,0,GGr,r,False,True,False,2
7.5,NODE_10262,11203041635,4,0,GGGGr,r,False,True,False,4
8.0,LINK_249048,5161705573,2,0,GGr,r,False,True,False,2
8.0,NODE_5837,5161705573,2,0,GGr,r,False,True,False,2
8.0,LINK_10218,11139418715,2,0,GGr,r,False,True,False,2
8.0,LINK_140740,11139418715,2,0,GGr,r,False,True,False,2
8.0,NODE_9634,10974501473,4,0,GGGGr,r,False,True,False,4
8.0,LINK_194891,11203052965,11,0,GGGGGGGGGGGr,r,False,True,False,11
8.0,NODE_10378,11139418715,2,0,GGr,r,False,True,False,2
8.0,NODE_5681,11139418723,2,0,GGr,r,False,True,False,2
8.0,NODE_10262,11203041635,4,0,GGGGr,r,False,True,False,4
8.5,LINK_249048,5161705573,2,0,GGr,r,False,True,False,2
8.5,NODE_5837,5161705573,2,0,GGr,r,False,True,False,2
8.5,LINK_10218,11139418715,2,0,GGr,r,False,True,False,2
8.5,LINK_140740,11139418715,2,0,GGr,r,False,True,False,2
8.5,NODE_9634,10974501473,4,0,GGGGr,r,False,True,False,4
8.5,LINK_194891,11203052965,11,0,GGGGGGGGGGGr,r,False,True,False,11
8.5,NODE_10378,11139418715,2,0,GGr,r,False,True,False,2
8.5,NODE_5681,11139418723,2,0,GGr,r,False,True,False,2
8.5,NODE_10262,11203041635,4,0,GGGGr,r,False,True,False,4
9.0,LINK_249048,5161705573,2,0,GGr,r,False,True,False,2
9.0,NODE_5837,5161705573,2,0,GGr,r,False,True,False,2
9.0,LINK_10218,11139418715,2,0,GGr,r,False,True,False,2
9.0,LINK_140740,11139418715,2,0,GGr,r,False,True,False,2
9.0,NODE_9634,10974501473,4,0,GGGGr,r,False,True,False,4
9.0,LINK_194891,11203052965,11,0,GGGGGGGGGGGr,r,False,True,False,11
9.0,NODE_10378,11139418715,2,0,GGr,r,False,True,False,2
9.0,NODE_5681,11139418723,2,0,GGr,r,False,True,False,2
9.0,NODE_10262,11203041635,4,0,GGGGr,r,False,True,False,4
9.5,LINK_249048,5161705573,2,0,GGr,r,False,True,False,2
9.5,NODE_5837,5161705573,2,0,GGr,r,False,True,False,2
9.5,LINK_10218,11139418715,2,0,GGr,r,False,True,False,2
9.5,LINK_140740,11139418715,2,0,GGr,r,False,True,False,2
9.5,NODE_9634,10974501473,4,0,GGGGr,r,False,True,False,4
9.5,LINK_194891,11203052965,11,0,GGGGGGGGGGGr,r,False,True,False,11
9.5,NODE_10378,11139418715,2,0,GGr,r,False,True,False,2
9.5,NODE_5681,11139418723,2,0,GGr,r,False,True,False,2
9.5,NODE_10262,11203041635,4,0,GGGGr,r,False,True,False,4
10.0,LINK_249048,5161705573,2,0,GGr,r,False,True,False,2
10.0,NODE_5837,5161705573,2,0,GGr,r,False,True,False,2
10.0,LINK_10218,11139418715,2,0,GGr,r,False,True,False,2
10.0,LINK_140740,11139418715,2,0,GGr,r,False,True,False,2
10.0,NODE_9634,10974501473,4,0,GGGGr,r,False,True,False,4
10.0,LINK_194891,11203052965,11,0,GGGGGGGGGGGr,r,False,True,False,11
10.0,NODE_10378,11139418715,2,0,GGr,r,False,True,False,2
10.0,NODE_5681,11139418723,2,0,GGr,r,False,True,False,2
10.0,NODE_10262,11203041635,4,0,GGGGr,r,False,True,False,4
10.5,LINK_249048,5161705573,2,0,GGr,r,False,True,False,2
10.5,NODE_5837,5161705573,2,0,GGr,r,False,True,False,2
10.5,LINK_10218,11139418715,2,0,GGr,r,False,True,False,2
10.5,LINK_140740,11139418715,2,0,GGr,r,False,True,False,2
10.5,NODE_9634,10974501473,4,0,GGGGr,r,False,True,False,4
10.5,LINK_194891,11203052965,11,0,GGGGGGGGGGGr,r,False,True,False,11
10.5,NODE_10378,11139418715,2,0,GGr,r,False,True,False,2
10.5,NODE_5681,11139418723,2,0,GGr,r,False,True,False,2
10.5,NODE_10262,11203041635,4,0,GGGGr,r,False,True,False,4
11.0,LINK_249048,5161705573,2,0,GGr,r,False,True,False,2
11.0,NODE_5837,5161705573,2,0,GGr,r,False,True,False,2
11.0,LINK_10218,11139418715,2,0,GGr,r,False,True,False,2
11.0,LINK_140740,11139418715,2,0,GGr,r,False,True,False,2
11.0,NODE_9634,10974501473,4,0,GGGGr,r,False,True,False,4
11.0,LINK_194891,11203052965,11,0,GGGGGGGGGGGr,r,False,True,False,11
11.0,NODE_10378,11139418715,2,0,GGr,r,False,True,False,2
11.0,NODE_5681,11139418723,2,0,GGr,r,False,True,False,2
11.0,NODE_10262,11203041635,4,0,GGGGr,r,False,True,False,4
11.5,LINK_249048,5161705573,2,0,GGr,r,False,True,False,2
11.5,NODE_5837,5161705573,2,0,GGr,r,False,True,False,2
11.5,LINK_10218,11139418715,2,0,GGr,r,False,True,False,2
11.5,LINK_140740,11139418715,2,0,GGr,r,False,True,False,2
11.5,NODE_9634,10974501473,4,0,GGGGr,r,False,True,False,4
11.5,LINK_194891,11203052965,11,0,GGGGGGGGGGGr,r,False,True,False,11
11.5,NODE_10378,11139418715,2,0,GGr,r,False,True,False,2
11.5,NODE_5681,11139418723,2,0,GGr,r,False,True,False,2
11.5,NODE_10262,11203041635,4,0,GGGGr,r,False,True,False,4
12.0,LINK_249048,5161705573,2,0,GGr,r,False,True,False,2
12.0,NODE_5837,5161705573,2,0,GGr,r,False,True,False,2
12.0,LINK_10218,11139418715,2,0,GGr,r,False,True,False,2
12.0,LINK_140740,11139418715,2,0,GGr,r,False,True,False,2
12.0,NODE_9634,10974501473,4,0,GGGGr,r,False,True,False,4
12.0,LINK_194891,11203052965,11,0,GGGGGGGGGGGr,r,False,True,False,11
12.0,NODE_10378,11139418715,2,0,GGr,r,False,True,False,2
12.0,NODE_5681,11139418723,2,0,GGr,r,False,True,False,2
12.0,NODE_10262,11203041635,4,0,GGGGr,r,False,True,False,4
12.5,LINK_249048,5161705573,2,0,GGr,r,False,True,False,2
12.5,NODE_5837,5161705573,2,0,GGr,r,False,True,False,2
12.5,LINK_10218,11139418715,2,0,GGr,r,False,True,False,2
12.5,LINK_140740,11139418715,2,0,GGr,r,False,True,False,2
12.5,NODE_9634,10974501473,4,0,GGGGr,r,False,True,False,4
12.5,LINK_194891,11203052965,11,0,GGGGGGGGGGGr,r,False,True,False,11
12.5,NODE_10378,11139418715,2,0,GGr,r,False,True,False,2
12.5,NODE_5681,11139418723,2,0,GGr,r,False,True,False,2
12.5,NODE_10262,11203041635,4,0,GGGGr,r,False,True,False,4
13.0,LINK_249048,5161705573,2,0,GGr,r,False,True,False,2
13.0,NODE_5837,5161705573,2,0,GGr,r,False,True,False,2
13.0,LINK_10218,11139418715,2,0,GGr,r,False,True,False,2
13.0,LINK_140740,11139418715,2,0,GGr,r,False,True,False,2
13.0,NODE_9634,10974501473,4,0,GGGGr,r,False,True,False,4
13.0,LINK_194891,11203052965,11,0,GGGGGGGGGGGr,r,False,True,False,11
13.0,NODE_10378,11139418715,2,0,GGr,r,False,True,False,2
13.0,NODE_5681,11139418723,2,0,GGr,r,False,True,False,2
13.0,NODE_10262,11203041635,4,0,GGGGr,r,False,True,False,4
13.5,LINK_249048,5161705573,2,0,GGr,r,False,True,False,2
13.5,NODE_5837,5161705573,2,0,GGr,r,False,True,False,2
13.5,LINK_10218,11139418715,2,0,GGr,r,False,True,False,2
13.5,LINK_140740,11139418715,2,0,GGr,r,False,True,False,2
13.5,NODE_9634,10974501473,4,0,GGGGr,r,False,True,False,4
13.5,LINK_194891,11203052965,11,0,GGGGGGGGGGGr,r,False,True,False,11
13.5,NODE_10378,11139418715,2,0,GGr,r,False,True,False,2
13.5,NODE_5681,11139418723,2,0,GGr,r,False,True,False,2
13.5,NODE_10262,11203041635,4,0,GGGGr,r,False,True,False,4
14.0,LINK_249048,5161705573,2,0,GGr,r,False,True,False,2
14.0,NODE_5837,5161705573,2,0,GGr,r,False,True,False,2
14.0,LINK_10218,11139418715,2,0,GGr,r,False,True,False,2
14.0,LINK_140740,11139418715,2,0,GGr,r,False,True,False,2
14.0,NODE_9634,10974501473,4,0,GGGGr,r,False,True,False,4
14.0,LINK_194891,11203052965,11,0,GGGGGGGGGGGr,r,False,True,False,11
14.0,NODE_10378,11139418715,2,0,GGr,r,False,True,False,2
14.0,NODE_5681,11139418723,2,0,GGr,r,False,True,False,2
14.0,NODE_10262,11203041635,4,0,GGGGr,r,False,True,False,4
14.5,LINK_249048,5161705573,2,0,GGr,r,False,True,False,2
14.5,NODE_5837,5161705573,2,0,GGr,r,False,True,False,2
14.5,LINK_10218,11139418715,2,0,GGr,r,False,True,False,2
14.5,LINK_140740,11139418715,2,0,GGr,r,False,True,False,2
14.5,NODE_9634,10974501473,4,0,GGGGr,r,False,True,False,4
14.5,LINK_194891,11203052965,11,0,GGGGGGGGGGGr,r,False,True,False,11
14.5,NODE_10378,11139418715,2,0,GGr,r,False,True,False,2
14.5,NODE_5681,11139418723,2,0,GGr,r,False,True,False,2
14.5,NODE_10262,11203041635,4,0,GGGGr,r,False,True,False,4
15.0,LINK_249048,5161705573,2,0,GGr,r,False,True,False,2
15.0,NODE_5837,5161705573,2,0,GGr,r,False,True,False,2
15.0,LINK_10218,11139418715,2,0,GGr,r,False,True,False,2
15.0,LINK_140740,11139418715,2,0,GGr,r,False,True,False,2
15.0,NODE_9634,10974501473,4,0,GGGGr,r,False,True,False,4
15.0,LINK_194891,11203052965,11,0,GGGGGGGGGGGr,r,False,True,False,11
15.0,NODE_10378,11139418715,2,0,GGr,r,False,True,False,2
15.0,NODE_5681,11139418723,2,0,GGr,r,False,True,False,2
15.0,NODE_10262,11203041635,4,0,GGGGr,r,False,True,False,4
15.5,LINK_249048,5161705573,2,0,GGr,r,False,True,False,2
15.5,NODE_5837,5161705573,2,0,GGr,r,False,True,False,2
15.5,LINK_10218,11139418715,2,0,GGr,r,False,True,False,2
15.5,LINK_140740,11139418715,2,0,GGr,r,False,True,False,2
15.5,NODE_9634,10974501473,4,0,GGGGr,r,False,True,False,4
15.5,LINK_194891,11203052965,11,0,GGGGGGGGGGGr,r,False,True,False,11
15.5,NODE_10378,11139418715,2,0,GGr,r,False,True,False,2
15.5,NODE_5681,11139418723,2,0,GGr,r,False,True,False,2
15.5,NODE_10262,11203041635,4,0,GGGGr,r,False,True,False,4
16.0,LINK_249048,5161705573,2,0,GGr,r,False,True,False,2
16.0,NODE_5837,5161705573,2,0,GGr,r,False,True,False,2
16.0,LINK_10218,11139418715,2,0,GGr,r,False,True,False,2
16.0,LINK_140740,11139418715,2,0,GGr,r,False,True,False,2
16.0,NODE_9634,10974501473,4,0,GGGGr,r,False,True,False,4
16.0,LINK_194891,11203052965,11,0,GGGGGGGGGGGr,r,False,True,False,11
16.0,NODE_10378,11139418715,2,0,GGr,r,False,True,False,2
16.0,NODE_5681,11139418723,2,0,GGr,r,False,True,False,2
16.0,NODE_10262,11203041635,4,0,GGGGr,r,False,True,False,4
16.5,LINK_249048,5161705573,2,0,GGr,r,False,True,False,2
16.5,NODE_5837,5161705573,2,0,GGr,r,False,True,False,2
16.5,LINK_10218,11139418715,2,0,GGr,r,False,True,False,2
16.5,LINK_140740,11139418715,2,0,GGr,r,False,True,False,2
16.5,NODE_9634,10974501473,4,0,GGGGr,r,False,True,False,4
16.5,LINK_194891,11203052965,11,0,GGGGGGGGGGGr,r,False,True,False,11
16.5,NODE_10378,11139418715,2,0,GGr,r,False,True,False,2
16.5,NODE_5681,11139418723,2,0,GGr,r,False,True,False,2
16.5,NODE_10262,11203041635,4,0,GGGGr,r,False,True,False,4
17.0,LINK_249048,5161705573,2,0,GGr,r,False,True,False,2
17.0,NODE_5837,5161705573,2,0,GGr,r,False,True,False,2
17.0,LINK_10218,11139418715,2,0,GGr,r,False,True,False,2
17.0,LINK_140740,11139418715,2,0,GGr,r,False,True,False,2
17.0,NODE_9634,10974501473,4,0,GGGGr,r,False,True,False,4
17.0,LINK_194891,11203052965,11,0,GGGGGGGGGGGr,r,False,True,False,11
17.0,NODE_10378,11139418715,2,0,GGr,r,False,True,False,2
17.0,NODE_5681,11139418723,2,0,GGr,r,False,True,False,2
17.0,NODE_10262,11203041635,4,0,GGGGr,r,False,True,False,4
17.5,LINK_249048,5161705573,2,0,GGr,r,False,True,False,2
17.5,NODE_5837,5161705573,2,0,GGr,r,False,True,False,2
17.5,LINK_10218,11139418715,2,0,GGr,r,False,True,False,2
17.5,LINK_140740,11139418715,2,0,GGr,r,False,True,False,2
17.5,NODE_9634,10974501473,4,0,GGGGr,r,False,True,False,4
17.5,LINK_194891,11203052965,11,0,GGGGGGGGGGGr,r,False,True,False,11
17.5,NODE_10378,11139418715,2,0,GGr,r,False,True,False,2
17.5,NODE_5681,11139418723,2,0,GGr,r,False,True,False,2
17.5,NODE_10262,11203041635,4,0,GGGGr,r,False,True,False,4
18.0,LINK_249048,5161705573,2,0,GGr,r,False,True,False,2
18.0,NODE_5837,5161705573,2,0,GGr,r,False,True,False,2
18.0,LINK_10218,11139418715,2,0,GGr,r,False,True,False,2
18.0,LINK_140740,11139418715,2,0,GGr,r,False,True,False,2
18.0,NODE_9634,10974501473,4,0,GGGGr,r,False,True,False,4
18.0,LINK_194891,11203052965,11,0,GGGGGGGGGGGr,r,False,True,False,11
18.0,NODE_10378,11139418715,2,0,GGr,r,False,True,False,2
18.0,NODE_5681,11139418723,2,0,GGr,r,False,True,False,2
18.0,NODE_10262,11203041635,4,0,GGGGr,r,False,True,False,4
18.5,LINK_249048,5161705573,2,0,GGr,r,False,True,False,2
18.5,NODE_5837,5161705573,2,0,GGr,r,False,True,False,2
18.5,LINK_10218,11139418715,2,0,GGr,r,False,True,False,2
18.5,LINK_140740,11139418715,2,0,GGr,r,False,True,False,2
18.5,NODE_9634,10974501473,4,0,GGGGr,r,False,True,False,4
18.5,LINK_194891,11203052965,11,0,GGGGGGGGGGGr,r,False,True,False,11
18.5,NODE_10378,11139418715,2,0,GGr,r,False,True,False,2
18.5,NODE_5681,11139418723,2,0,GGr,r,False,True,False,2
18.5,NODE_10262,11203041635,4,0,GGGGr,r,False,True,False,4
19.0,LINK_249048,5161705573,2,0,GGr,r,False,True,False,2
19.0,NODE_5837,5161705573,2,0,GGr,r,False,True,False,2
19.0,LINK_10218,11139418715,2,0,GGr,r,False,True,False,2
19.0,LINK_140740,11139418715,2,0,GGr,r,False,True,False,2
19.0,NODE_9634,10974501473,4,0,GGGGr,r,False,True,False,4
19.0,LINK_194891,11203052965,11,0,GGGGGGGGGGGr,r,False,True,False,11
19.0,NODE_10378,11139418715,2,0,GGr,r,False,True,False,2
19.0,NODE_5681,11139418723,2,0,GGr,r,False,True,False,2
19.0,NODE_10262,11203041635,4,0,GGGGr,r,False,True,False,4
19.5,LINK_249048,5161705573,2,0,GGr,r,False,True,False,2
19.5,NODE_5837,5161705573,2,0,GGr,r,False,True,False,2
19.5,LINK_10218,11139418715,2,0,GGr,r,False,True,False,2
19.5,LINK_140740,11139418715,2,0,GGr,r,False,True,False,2
19.5,NODE_9634,10974501473,4,0,GGGGr,r,False,True,False,4
19.5,LINK_194891,11203052965,11,0,GGGGGGGGGGGr,r,False,True,False,11
19.5,NODE_10378,11139418715,2,0,GGr,r,False,True,False,2
19.5,NODE_5681,11139418723,2,0,GGr,r,False,True,False,2
19.5,NODE_10262,11203041635,4,0,GGGGr,r,False,True,False,4
20.0,LINK_249048,5161705573,2,0,GGr,r,False,True,False,2
20.0,NODE_5837,5161705573,2,0,GGr,r,False,True,False,2
20.0,LINK_10218,11139418715,2,0,GGr,r,False,True,False,2
20.0,LINK_140740,11139418715,2,0,GGr,r,False,True,False,2
20.0,NODE_9634,10974501473,4,0,GGGGr,r,False,True,False,4
20.0,LINK_194891,11203052965,11,0,GGGGGGGGGGGr,r,False,True,False,11
20.0,NODE_10378,11139418715,2,0,GGr,r,False,True,False,2
20.0,NODE_5681,11139418723,2,0,GGr,r,False,True,False,2
20.0,NODE_10262,11203041635,4,0,GGGGr,r,False,True,False,4
20.5,LINK_249048,5161705573,2,0,GGr,r,False,True,False,2
20.5,NODE_5837,5161705573,2,0,GGr,r,False,True,False,2
20.5,LINK_10218,11139418715,2,0,GGr,r,False,True,False,2
20.5,LINK_140740,11139418715,2,0,GGr,r,False,True,False,2
20.5,NODE_9634,10974501473,4,0,GGGGr,r,False,True,False,4
20.5,LINK_194891,11203052965,11,0,GGGGGGGGGGGr,r,False,True,False,11
20.5,NODE_10378,11139418715,2,0,GGr,r,False,True,False,2
20.5,NODE_5681,11139418723,2,0,GGr,r,False,True,False,2
20.5,NODE_10262,11203041635,4,0,GGGGr,r,False,True,False,4
21.0,LINK_249048,5161705573,2,0,GGr,r,False,True,False,2
21.0,NODE_5837,5161705573,2,0,GGr,r,False,True,False,2
21.0,LINK_10218,11139418715,2,0,GGr,r,False,True,False,2
21.0,LINK_140740,11139418715,2,0,GGr,r,False,True,False,2
21.0,NODE_9634,10974501473,4,0,GGGGr,r,False,True,False,4
21.0,LINK_194891,11203052965,11,0,GGGGGGGGGGGr,r,False,True,False,11
21.0,NODE_10378,11139418715,2,0,GGr,r,False,True,False,2
21.0,NODE_5681,11139418723,2,0,GGr,r,False,True,False,2
21.0,NODE_10262,11203041635,4,0,GGGGr,r,False,True,False,4
21.5,LINK_249048,5161705573,2,0,GGr,r,False,True,False,2
21.5,NODE_5837,5161705573,2,0,GGr,r,False,True,False,2
21.5,LINK_10218,11139418715,2,0,GGr,r,False,True,False,2
21.5,LINK_140740,11139418715,2,0,GGr,r,False,True,False,2
21.5,NODE_9634,10974501473,4,0,GGGGr,r,False,True,False,4
21.5,LINK_194891,11203052965,11,0,GGGGGGGGGGGr,r,False,True,False,11
21.5,NODE_10378,11139418715,2,0,GGr,r,False,True,False,2
21.5,NODE_5681,11139418723,2,0,GGr,r,False,True,False,2
21.5,NODE_10262,11203041635,4,0,GGGGr,r,False,True,False,4
22.0,LINK_249048,5161705573,2,0,GGr,r,False,True,False,2
22.0,NODE_5837,5161705573,2,0,GGr,r,False,True,False,2
22.0,LINK_10218,11139418715,2,0,GGr,r,False,True,False,2
22.0,LINK_140740,11139418715,2,0,GGr,r,False,True,False,2
22.0,NODE_9634,10974501473,4,0,GGGGr,r,False,True,False,4
22.0,LINK_194891,11203052965,11,0,GGGGGGGGGGGr,r,False,True,False,11
22.0,NODE_10378,11139418715,2,0,GGr,r,False,True,False,2
22.0,NODE_5681,11139418723,2,0,GGr,r,False,True,False,2
22.0,NODE_10262,11203041635,4,0,GGGGr,r,False,True,False,4
22.5,LINK_249048,5161705573,2,0,GGr,r,False,True,False,2
22.5,NODE_5837,5161705573,2,0,GGr,r,False,True,False,2
22.5,LINK_10218,11139418715,2,0,GGr,r,False,True,False,2
22.5,LINK_140740,11139418715,2,0,GGr,r,False,True,False,2
22.5,NODE_9634,10974501473,4,0,GGGGr,r,False,True,False,4
22.5,LINK_194891,11203052965,11,0,GGGGGGGGGGGr,r,False,True,False,11
22.5,NODE_10378,11139418715,2,0,GGr,r,False,True,False,2
22.5,NODE_5681,11139418723,2,0,GGr,r,False,True,False,2
22.5,NODE_10262,11203041635,4,0,GGGGr,r,False,True,False,4
23.0,LINK_249048,5161705573,2,0,GGr,r,False,True,False,2
23.0,NODE_5837,5161705573,2,0,GGr,r,False,True,False,2
23.0,LINK_10218,11139418715,2,0,GGr,r,False,True,False,2
23.0,LINK_140740,11139418715,2,0,GGr,r,False,True,False,2
23.0,NODE_9634,10974501473,4,0,GGGGr,r,False,True,False,4
23.0,LINK_194891,11203052965,11,0,GGGGGGGGGGGr,r,False,True,False,11
23.0,NODE_10378,11139418715,2,0,GGr,r,False,True,False,2
23.0,NODE_5681,11139418723,2,0,GGr,r,False,True,False,2
23.0,NODE_10262,11203041635,4,0,GGGGr,r,False,True,False,4
23.5,LINK_249048,5161705573,2,0,GGr,r,False,True,False,2
23.5,NODE_5837,5161705573,2,0,GGr,r,False,True,False,2
23.5,LINK_10218,11139418715,2,0,GGr,r,False,True,False,2
23.5,LINK_140740,11139418715,2,0,GGr,r,False,True,False,2
23.5,NODE_9634,10974501473,4,0,GGGGr,r,False,True,False,4
23.5,LINK_194891,11203052965,11,0,GGGGGGGGGGGr,r,False,True,False,11
23.5,NODE_10378,11139418715,2,0,GGr,r,False,True,False,2
23.5,NODE_5681,11139418723,2,0,GGr,r,False,True,False,2
23.5,NODE_10262,11203041635,4,0,GGGGr,r,False,True,False,4
24.0,LINK_249048,5161705573,2,0,GGr,r,False,True,False,2
24.0,NODE_5837,5161705573,2,0,GGr,r,False,True,False,2
24.0,LINK_10218,11139418715,2,0,GGr,r,False,True,False,2
24.0,LINK_140740,11139418715,2,0,GGr,r,False,True,False,2
24.0,NODE_9634,10974501473,4,0,GGGGr,r,False,True,False,4
24.0,LINK_194891,11203052965,11,0,GGGGGGGGGGGr,r,False,True,False,11
24.0,NODE_10378,11139418715,2,0,GGr,r,False,True,False,2
24.0,NODE_5681,11139418723,2,0,GGr,r,False,True,False,2
24.0,NODE_10262,11203041635,4,0,GGGGr,r,False,True,False,4
24.5,LINK_249048,5161705573,2,0,GGr,r,False,True,False,2
24.5,NODE_5837,5161705573,2,0,GGr,r,False,True,False,2
24.5,LINK_10218,11139418715,2,0,GGr,r,False,True,False,2
24.5,LINK_140740,11139418715,2,0,GGr,r,False,True,False,2
24.5,NODE_9634,10974501473,4,0,GGGGr,r,False,True,False,4
24.5,LINK_194891,11203052965,11,0,GGGGGGGGGGGr,r,False,True,False,11
24.5,NODE_10378,11139418715,2,0,GGr,r,False,True,False,2
24.5,NODE_5681,11139418723,2,0,GGr,r,False,True,False,2
24.5,NODE_10262,11203041635,4,0,GGGGr,r,False,True,False,4
25.0,LINK_249048,5161705573,2,0,GGr,r,False,True,False,2
25.0,NODE_5837,5161705573,2,0,GGr,r,False,True,False,2
25.0,LINK_10218,11139418715,2,0,GGr,r,False,True,False,2
25.0,LINK_140740,11139418715,2,0,GGr,r,False,True,False,2
25.0,NODE_9634,10974501473,4,0,GGGGr,r,False,True,False,4
25.0,LINK_194891,11203052965,11,0,GGGGGGGGGGGr,r,False,True,False,11
25.0,NODE_10378,11139418715,2,0,GGr,r,False,True,False,2
25.0,NODE_5681,11139418723,2,0,GGr,r,False,True,False,2
25.0,NODE_10262,11203041635,4,0,GGGGr,r,False,True,False,4
25.5,LINK_249048,5161705573,2,0,GGr,r,False,True,False,2
25.5,NODE_5837,5161705573,2,0,GGr,r,False,True,False,2
25.5,LINK_10218,11139418715,2,0,GGr,r,False,True,False,2
25.5,LINK_140740,11139418715,2,0,GGr,r,False,True,False,2
25.5,NODE_9634,10974501473,4,0,GGGGr,r,False,True,False,4
25.5,LINK_194891,11203052965,11,0,GGGGGGGGGGGr,r,False,True,False,11
25.5,NODE_10378,11139418715,2,0,GGr,r,False,True,False,2
25.5,NODE_5681,11139418723,2,0,GGr,r,False,True,False,2
25.5,NODE_10262,11203041635,4,0,GGGGr,r,False,True,False,4
26.0,LINK_249048,5161705573,2,0,GGr,r,False,True,False,2
26.0,NODE_5837,5161705573,2,0,GGr,r,False,True,False,2
26.0,LINK_10218,11139418715,2,0,GGr,r,False,True,False,2
26.0,LINK_140740,11139418715,2,0,GGr,r,False,True,False,2
26.0,NODE_9634,10974501473,4,0,GGGGr,r,False,True,False,4
26.0,LINK_194891,11203052965,11,0,GGGGGGGGGGGr,r,False,True,False,11
26.0,NODE_10378,11139418715,2,0,GGr,r,False,True,False,2
26.0,NODE_5681,11139418723,2,0,GGr,r,False,True,False,2
26.0,NODE_10262,11203041635,4,0,GGGGr,r,False,True,False,4
26.5,LINK_249048,5161705573,2,0,GGr,r,False,True,False,2
26.5,NODE_5837,5161705573,2,0,GGr,r,False,True,False,2
26.5,LINK_10218,11139418715,2,0,GGr,r,False,True,False,2
26.5,LINK_140740,11139418715,2,0,GGr,r,False,True,False,2
26.5,NODE_9634,10974501473,4,0,GGGGr,r,False,True,False,4
26.5,LINK_194891,11203052965,11,0,GGGGGGGGGGGr,r,False,True,False,11
26.5,NODE_10378,11139418715,2,0,GGr,r,False,True,False,2
26.5,NODE_5681,11139418723,2,0,GGr,r,False,True,False,2
26.5,NODE_10262,11203041635,4,0,GGGGr,r,False,True,False,4
27.0,LINK_249048,5161705573,2,0,GGr,r,False,True,False,2
27.0,NODE_5837,5161705573,2,0,GGr,r,False,True,False,2
27.0,LINK_10218,11139418715,2,0,GGr,r,False,True,False,2
27.0,LINK_140740,11139418715,2,0,GGr,r,False,True,False,2
27.0,NODE_9634,10974501473,4,0,GGGGr,r,False,True,False,4
27.0,LINK_194891,11203052965,11,0,GGGGGGGGGGGr,r,False,True,False,11
27.0,NODE_10378,11139418715,2,0,GGr,r,False,True,False,2
27.0,NODE_5681,11139418723,2,0,GGr,r,False,True,False,2
27.0,NODE_10262,11203041635,4,0,GGGGr,r,False,True,False,4
27.5,LINK_249048,5161705573,2,0,GGr,r,False,True,False,2
27.5,NODE_5837,5161705573,2,0,GGr,r,False,True,False,2
27.5,LINK_10218,11139418715,2,0,GGr,r,False,True,False,2
27.5,LINK_140740,11139418715,2,0,GGr,r,False,True,False,2
27.5,NODE_9634,10974501473,4,0,GGGGr,r,False,True,False,4
27.5,LINK_194891,11203052965,11,0,GGGGGGGGGGGr,r,False,True,False,11
27.5,NODE_10378,11139418715,2,0,GGr,r,False,True,False,2
27.5,NODE_5681,11139418723,2,0,GGr,r,False,True,False,2
27.5,NODE_10262,11203041635,4,0,GGGGr,r,False,True,False,4
28.0,LINK_249048,5161705573,2,0,GGr,r,False,True,False,2
28.0,NODE_5837,5161705573,2,0,GGr,r,False,True,False,2
28.0,LINK_10218,11139418715,2,0,GGr,r,False,True,False,2
28.0,LINK_140740,11139418715,2,0,GGr,r,False,True,False,2
28.0,NODE_9634,10974501473,4,0,GGGGr,r,False,True,False,4
28.0,LINK_194891,11203052965,11,0,GGGGGGGGGGGr,r,False,True,False,11
28.0,NODE_10378,11139418715,2,0,GGr,r,False,True,False,2
28.0,NODE_5681,11139418723,2,0,GGr,r,False,True,False,2
28.0,NODE_10262,11203041635,4,0,GGGGr,r,False,True,False,4
28.5,LINK_249048,5161705573,2,0,GGr,r,False,True,False,2
28.5,NODE_5837,5161705573,2,0,GGr,r,False,True,False,2
28.5,LINK_10218,11139418715,2,0,GGr,r,False,True,False,2
28.5,LINK_140740,11139418715,2,0,GGr,r,False,True,False,2
28.5,NODE_9634,10974501473,4,0,GGGGr,r,False,True,False,4
28.5,LINK_194891,11203052965,11,0,GGGGGGGGGGGr,r,False,True,False,11
28.5,NODE_10378,11139418715,2,0,GGr,r,False,True,False,2
28.5,NODE_5681,11139418723,2,0,GGr,r,False,True,False,2
28.5,NODE_10262,11203041635,4,0,GGGGr,r,False,True,False,4
29.0,LINK_249048,5161705573,2,0,GGr,r,False,True,False,2
29.0,NODE_5837,5161705573,2,0,GGr,r,False,True,False,2
29.0,LINK_10218,11139418715,2,0,GGr,r,False,True,False,2
29.0,LINK_140740,11139418715,2,0,GGr,r,False,True,False,2
29.0,NODE_9634,10974501473,4,0,GGGGr,r,False,True,False,4
29.0,LINK_194891,11203052965,11,0,GGGGGGGGGGGr,r,False,True,False,11
29.0,NODE_10378,11139418715,2,0,GGr,r,False,True,False,2
29.0,NODE_5681,11139418723,2,0,GGr,r,False,True,False,2
29.0,NODE_10262,11203041635,4,0,GGGGr,r,False,True,False,4
29.5,LINK_249048,5161705573,2,0,GGr,r,False,True,False,2
29.5,NODE_5837,5161705573,2,0,GGr,r,False,True,False,2
29.5,LINK_10218,11139418715,2,0,GGr,r,False,True,False,2
29.5,LINK_140740,11139418715,2,0,GGr,r,False,True,False,2
29.5,NODE_9634,10974501473,4,0,GGGGr,r,False,True,False,4
29.5,LINK_194891,11203052965,11,0,GGGGGGGGGGGr,r,False,True,False,11
29.5,NODE_10378,11139418715,2,0,GGr,r,False,True,False,2
29.5,NODE_5681,11139418723,2,0,GGr,r,False,True,False,2
29.5,NODE_10262,11203041635,4,0,GGGGr,r,False,True,False,4
30.0,LINK_249048,5161705573,2,0,GGr,r,False,True,False,2
30.0,NODE_5837,5161705573,2,0,GGr,r,False,True,False,2
30.0,LINK_10218,11139418715,2,0,GGr,r,False,True,False,2
30.0,LINK_140740,11139418715,2,0,GGr,r,False,True,False,2
30.0,NODE_9634,10974501473,4,0,GGGGr,r,False,True,False,4
30.0,LINK_194891,11203052965,11,0,GGGGGGGGGGGr,r,False,True,False,11
30.0,NODE_10378,11139418715,2,0,GGr,r,False,True,False,2
30.0,NODE_5681,11139418723,2,0,GGr,r,False,True,False,2
30.0,NODE_10262,11203041635,4,0,GGGGr,r,False,True,False,4
30.5,LINK_249048,5161705573,2,0,GGr,r,False,True,False,2
30.5,NODE_5837,5161705573,2,0,GGr,r,False,True,False,2
30.5,LINK_10218,11139418715,2,0,GGr,r,False,True,False,2
30.5,LINK_140740,11139418715,2,0,GGr,r,False,True,False,2
30.5,NODE_9634,10974501473,4,0,GGGGr,r,False,True,False,4
30.5,LINK_194891,11203052965,11,0,GGGGGGGGGGGr,r,False,True,False,11
30.5,NODE_10378,11139418715,2,0,GGr,r,False,True,False,2
30.5,NODE_5681,11139418723,2,0,GGr,r,False,True,False,2
30.5,NODE_10262,11203041635,4,0,GGGGr,r,False,True,False,4
31.0,LINK_249048,5161705573,2,0,GGr,r,False,True,False,2
31.0,NODE_5837,5161705573,2,0,GGr,r,False,True,False,2
31.0,LINK_10218,11139418715,2,0,GGr,r,False,True,False,2
31.0,LINK_140740,11139418715,2,0,GGr,r,False,True,False,2
31.0,NODE_9634,10974501473,4,0,GGGGr,r,False,True,False,4
31.0,LINK_194891,11203052965,11,0,GGGGGGGGGGGr,r,False,True,False,11
31.0,NODE_10378,11139418715,2,0,GGr,r,False,True,False,2
31.0,NODE_5681,11139418723,2,0,GGr,r,False,True,False,2
31.0,NODE_10262,11203041635,4,0,GGGGr,r,False,True,False,4
31.5,LINK_249048,5161705573,2,0,GGr,r,False,True,False,2
31.5,NODE_5837,5161705573,2,0,GGr,r,False,True,False,2
31.5,LINK_10218,11139418715,2,0,GGr,r,False,True,False,2
31.5,LINK_140740,11139418715,2,0,GGr,r,False,True,False,2
31.5,NODE_9634,10974501473,4,0,GGGGr,r,False,True,False,4
31.5,LINK_194891,11203052965,11,0,GGGGGGGGGGGr,r,False,True,False,11
31.5,NODE_10378,11139418715,2,0,GGr,r,False,True,False,2
31.5,NODE_5681,11139418723,2,0,GGr,r,False,True,False,2
31.5,NODE_10262,11203041635,4,0,GGGGr,r,False,True,False,4
32.0,LINK_249048,5161705573,2,0,GGr,r,False,True,False,2
32.0,NODE_5837,5161705573,2,0,GGr,r,False,True,False,2
32.0,LINK_10218,11139418715,2,0,GGr,r,False,True,False,2
32.0,LINK_140740,11139418715,2,0,GGr,r,False,True,False,2
32.0,NODE_9634,10974501473,4,0,GGGGr,r,False,True,False,4
32.0,LINK_194891,11203052965,11,0,GGGGGGGGGGGr,r,False,True,False,11
32.0,NODE_10378,11139418715,2,0,GGr,r,False,True,False,2
32.0,NODE_5681,11139418723,2,0,GGr,r,False,True,False,2
32.0,NODE_10262,11203041635,4,0,GGGGr,r,False,True,False,4
32.5,LINK_249048,5161705573,2,0,GGr,r,False,True,False,2
32.5,NODE_5837,5161705573,2,0,GGr,r,False,True,False,2
32.5,LINK_10218,11139418715,2,0,GGr,r,False,True,False,2
32.5,LINK_140740,11139418715,2,0,GGr,r,False,True,False,2
32.5,NODE_9634,10974501473,4,0,GGGGr,r,False,True,False,4
32.5,LINK_194891,11203052965,11,0,GGGGGGGGGGGr,r,False,True,False,11
32.5,NODE_10378,11139418715,2,0,GGr,r,False,True,False,2
32.5,NODE_5681,11139418723,2,0,GGr,r,False,True,False,2
32.5,NODE_10262,11203041635,4,0,GGGGr,r,False,True,False,4
33.0,LINK_249048,5161705573,2,0,GGr,r,False,True,False,2
33.0,NODE_5837,5161705573,2,0,GGr,r,False,True,False,2
33.0,LINK_10218,11139418715,2,0,GGr,r,False,True,False,2
33.0,LINK_140740,11139418715,2,0,GGr,r,False,True,False,2
33.0,NODE_9634,10974501473,4,0,GGGGr,r,False,True,False,4
33.0,LINK_194891,11203052965,11,0,GGGGGGGGGGGr,r,False,True,False,11
33.0,NODE_10378,11139418715,2,0,GGr,r,False,True,False,2
33.0,NODE_5681,11139418723,2,0,GGr,r,False,True,False,2
33.0,NODE_10262,11203041635,4,0,GGGGr,r,False,True,False,4
33.5,LINK_249048,5161705573,2,0,GGr,r,False,True,False,2
33.5,NODE_5837,5161705573,2,0,GGr,r,False,True,False,2
33.5,LINK_10218,11139418715,2,0,GGr,r,False,True,False,2
33.5,LINK_140740,11139418715,2,0,GGr,r,False,True,False,2
33.5,NODE_9634,10974501473,4,0,GGGGr,r,False,True,False,4
33.5,LINK_194891,11203052965,11,0,GGGGGGGGGGGr,r,False,True,False,11
33.5,NODE_10378,11139418715,2,0,GGr,r,False,True,False,2
33.5,NODE_5681,11139418723,2,0,GGr,r,False,True,False,2
33.5,NODE_10262,11203041635,4,0,GGGGr,r,False,True,False,4
34.0,LINK_249048,5161705573,2,0,GGr,r,False,True,False,2
34.0,NODE_5837,5161705573,2,0,GGr,r,False,True,False,2
34.0,LINK_10218,11139418715,2,0,GGr,r,False,True,False,2
34.0,LINK_140740,11139418715,2,0,GGr,r,False,True,False,2
34.0,NODE_9634,10974501473,4,0,GGGGr,r,False,True,False,4
34.0,LINK_194891,11203052965,11,0,GGGGGGGGGGGr,r,False,True,False,11
34.0,NODE_10378,11139418715,2,0,GGr,r,False,True,False,2
34.0,NODE_5681,11139418723,2,0,GGr,r,False,True,False,2
34.0,NODE_10262,11203041635,4,0,GGGGr,r,False,True,False,4
34.5,LINK_249048,5161705573,2,0,GGr,r,False,True,False,2
34.5,NODE_5837,5161705573,2,0,GGr,r,False,True,False,2
34.5,LINK_10218,11139418715,2,0,GGr,r,False,True,False,2
34.5,LINK_140740,11139418715,2,0,GGr,r,False,True,False,2
34.5,NODE_9634,10974501473,4,0,GGGGr,r,False,True,False,4
34.5,LINK_194891,11203052965,11,0,GGGGGGGGGGGr,r,False,True,False,11
34.5,NODE_10378,11139418715,2,0,GGr,r,False,True,False,2
34.5,NODE_5681,11139418723,2,0,GGr,r,False,True,False,2
34.5,NODE_10262,11203041635,4,0,GGGGr,r,False,True,False,4
35.0,LINK_249048,5161705573,2,0,GGr,r,False,True,False,2
35.0,NODE_5837,5161705573,2,0,GGr,r,False,True,False,2
35.0,LINK_10218,11139418715,2,0,GGr,r,False,True,False,2
35.0,LINK_140740,11139418715,2,0,GGr,r,False,True,False,2
35.0,NODE_9634,10974501473,4,0,GGGGr,r,False,True,False,4
35.0,LINK_194891,11203052965,11,0,GGGGGGGGGGGr,r,False,True,False,11
35.0,NODE_10378,11139418715,2,0,GGr,r,False,True,False,2
35.0,NODE_5681,11139418723,2,0,GGr,r,False,True,False,2
35.0,NODE_10262,11203041635,4,0,GGGGr,r,False,True,False,4
35.5,LINK_249048,5161705573,2,0,GGr,r,False,True,False,2
35.5,NODE_5837,5161705573,2,0,GGr,r,False,True,False,2
35.5,LINK_10218,11139418715,2,0,GGr,r,False,True,False,2
35.5,LINK_140740,11139418715,2,0,GGr,r,False,True,False,2
35.5,NODE_9634,10974501473,4,0,GGGGr,r,False,True,False,4
35.5,LINK_194891,11203052965,11,0,GGGGGGGGGGGr,r,False,True,False,11
35.5,NODE_10378,11139418715,2,0,GGr,r,False,True,False,2
35.5,NODE_5681,11139418723,2,0,GGr,r,False,True,False,2
35.5,NODE_10262,11203041635,4,0,GGGGr,r,False,True,False,4
36.0,LINK_249048,5161705573,2,0,GGr,r,False,True,False,2
36.0,NODE_5837,5161705573,2,0,GGr,r,False,True,False,2
36.0,LINK_10218,11139418715,2,0,GGr,r,False,True,False,2
36.0,LINK_140740,11139418715,2,0,GGr,r,False,True,False,2
36.0,NODE_9634,10974501473,4,0,GGGGr,r,False,True,False,4
36.0,LINK_194891,11203052965,11,0,GGGGGGGGGGGr,r,False,True,False,11
36.0,NODE_10378,11139418715,2,0,GGr,r,False,True,False,2
36.0,NODE_5681,11139418723,2,0,GGr,r,False,True,False,2
36.0,NODE_10262,11203041635,4,0,GGGGr,r,False,True,False,4
36.5,LINK_249048,5161705573,2,0,GGr,r,False,True,False,2
36.5,NODE_5837,5161705573,2,0,GGr,r,False,True,False,2
36.5,LINK_10218,11139418715,2,0,GGr,r,False,True,False,2
36.5,LINK_140740,11139418715,2,0,GGr,r,False,True,False,2
36.5,NODE_9634,10974501473,4,0,GGGGr,r,False,True,False,4
36.5,LINK_194891,11203052965,11,0,GGGGGGGGGGGr,r,False,True,False,11
36.5,NODE_10378,11139418715,2,0,GGr,r,False,True,False,2
36.5,NODE_5681,11139418723,2,0,GGr,r,False,True,False,2
36.5,NODE_10262,11203041635,4,0,GGGGr,r,False,True,False,4
37.0,LINK_249048,5161705573,2,0,GGr,r,False,True,False,2
37.0,NODE_5837,5161705573,2,0,GGr,r,False,True,False,2
37.0,LINK_10218,11139418715,2,0,GGr,r,False,True,False,2
37.0,LINK_140740,11139418715,2,0,GGr,r,False,True,False,2
37.0,NODE_9634,10974501473,4,0,GGGGr,r,False,True,False,4
37.0,LINK_194891,11203052965,11,0,GGGGGGGGGGGr,r,False,True,False,11
37.0,NODE_10378,11139418715,2,0,GGr,r,False,True,False,2
37.0,NODE_5681,11139418723,2,0,GGr,r,False,True,False,2
37.0,NODE_10262,11203041635,4,0,GGGGr,r,False,True,False,4
37.5,LINK_249048,5161705573,2,0,GGr,r,False,True,False,2
37.5,NODE_5837,5161705573,2,0,GGr,r,False,True,False,2
37.5,LINK_10218,11139418715,2,0,GGr,r,False,True,False,2
37.5,LINK_140740,11139418715,2,0,GGr,r,False,True,False,2
37.5,NODE_9634,10974501473,4,0,GGGGr,r,False,True,False,4
37.5,LINK_194891,11203052965,11,0,GGGGGGGGGGGr,r,False,True,False,11
37.5,NODE_10378,11139418715,2,0,GGr,r,False,True,False,2
37.5,NODE_5681,11139418723,2,0,GGr,r,False,True,False,2
37.5,NODE_10262,11203041635,4,0,GGGGr,r,False,True,False,4
38.0,LINK_249048,5161705573,2,0,GGr,r,False,True,False,2
38.0,NODE_5837,5161705573,2,0,GGr,r,False,True,False,2
38.0,LINK_10218,11139418715,2,0,GGr,r,False,True,False,2
38.0,LINK_140740,11139418715,2,0,GGr,r,False,True,False,2
38.0,NODE_9634,10974501473,4,0,GGGGr,r,False,True,False,4
38.0,LINK_194891,11203052965,11,0,GGGGGGGGGGGr,r,False,True,False,11
38.0,NODE_10378,11139418715,2,0,GGr,r,False,True,False,2
38.0,NODE_5681,11139418723,2,0,GGr,r,False,True,False,2
38.0,NODE_10262,11203041635,4,0,GGGGr,r,False,True,False,4
38.5,LINK_249048,5161705573,2,0,GGr,r,False,True,False,2
38.5,NODE_5837,5161705573,2,0,GGr,r,False,True,False,2
38.5,LINK_10218,11139418715,2,0,GGr,r,False,True,False,2
38.5,LINK_140740,11139418715,2,0,GGr,r,False,True,False,2
38.5,NODE_9634,10974501473,4,0,GGGGr,r,False,True,False,4
38.5,LINK_194891,11203052965,11,0,GGGGGGGGGGGr,r,False,True,False,11
38.5,NODE_10378,11139418715,2,0,GGr,r,False,True,False,2
38.5,NODE_5681,11139418723,2,0,GGr,r,False,True,False,2
38.5,NODE_10262,11203041635,4,0,GGGGr,r,False,True,False,4
39.0,LINK_249048,5161705573,2,0,GGr,r,False,True,False,2
39.0,NODE_5837,5161705573,2,0,GGr,r,False,True,False,2
39.0,LINK_10218,11139418715,2,0,GGr,r,False,True,False,2
39.0,LINK_140740,11139418715,2,0,GGr,r,False,True,False,2
39.0,NODE_9634,10974501473,4,0,GGGGr,r,False,True,False,4
39.0,LINK_194891,11203052965,11,0,GGGGGGGGGGGr,r,False,True,False,11
39.0,NODE_10378,11139418715,2,0,GGr,r,False,True,False,2
39.0,NODE_5681,11139418723,2,0,GGr,r,False,True,False,2
39.0,NODE_10262,11203041635,4,0,GGGGr,r,False,True,False,4
39.5,LINK_249048,5161705573,2,0,GGr,r,False,True,False,2
39.5,NODE_5837,5161705573,2,0,GGr,r,False,True,False,2
39.5,LINK_10218,11139418715,2,0,GGr,r,False,True,False,2
39.5,LINK_140740,11139418715,2,0,GGr,r,False,True,False,2
39.5,NODE_9634,10974501473,4,0,GGGGr,r,False,True,False,4
39.5,LINK_194891,11203052965,11,0,GGGGGGGGGGGr,r,False,True,False,11
39.5,NODE_10378,11139418715,2,0,GGr,r,False,True,False,2
39.5,NODE_5681,11139418723,2,0,GGr,r,False,True,False,2
39.5,NODE_10262,11203041635,4,0,GGGGr,r,False,True,False,4
40.0,LINK_249048,5161705573,2,0,GGr,r,False,True,False,2
40.0,NODE_5837,5161705573,2,0,GGr,r,False,True,False,2
40.0,LINK_10218,11139418715,2,0,GGr,r,False,True,False,2
40.0,LINK_140740,11139418715,2,0,GGr,r,False,True,False,2
40.0,NODE_9634,10974501473,4,0,GGGGr,r,False,True,False,4
40.0,LINK_194891,11203052965,11,0,GGGGGGGGGGGr,r,False,True,False,11
40.0,NODE_10378,11139418715,2,0,GGr,r,False,True,False,2
40.0,NODE_5681,11139418723,2,0,GGr,r,False,True,False,2
40.0,NODE_10262,11203041635,4,0,GGGGr,r,False,True,False,4
40.5,LINK_249048,5161705573,2,0,GGr,r,False,True,False,2
40.5,NODE_5837,5161705573,2,0,GGr,r,False,True,False,2
40.5,LINK_10218,11139418715,2,0,GGr,r,False,True,False,2
40.5,LINK_140740,11139418715,2,0,GGr,r,False,True,False,2
40.5,NODE_9634,10974501473,4,0,GGGGr,r,False,True,False,4
40.5,LINK_194891,11203052965,11,0,GGGGGGGGGGGr,r,False,True,False,11
40.5,NODE_10378,11139418715,2,0,GGr,r,False,True,False,2
40.5,NODE_5681,11139418723,2,0,GGr,r,False,True,False,2
40.5,NODE_10262,11203041635,4,0,GGGGr,r,False,True,False,4
41.0,LINK_249048,5161705573,2,0,GGr,r,False,True,False,2
41.0,NODE_5837,5161705573,2,0,GGr,r,False,True,False,2
41.0,LINK_10218,11139418715,2,0,GGr,r,False,True,False,2
41.0,LINK_140740,11139418715,2,0,GGr,r,False,True,False,2
41.0,NODE_9634,10974501473,4,0,GGGGr,r,False,True,False,4
41.0,LINK_194891,11203052965,11,0,GGGGGGGGGGGr,r,False,True,False,11
41.0,NODE_10378,11139418715,2,0,GGr,r,False,True,False,2
41.0,NODE_5681,11139418723,2,0,GGr,r,False,True,False,2
41.0,NODE_10262,11203041635,4,0,GGGGr,r,False,True,False,4
41.5,LINK_249048,5161705573,2,0,GGr,r,False,True,False,2
41.5,NODE_5837,5161705573,2,0,GGr,r,False,True,False,2
41.5,LINK_10218,11139418715,2,0,GGr,r,False,True,False,2
41.5,LINK_140740,11139418715,2,0,GGr,r,False,True,False,2
41.5,NODE_9634,10974501473,4,0,GGGGr,r,False,True,False,4
41.5,LINK_194891,11203052965,11,0,GGGGGGGGGGGr,r,False,True,False,11
41.5,NODE_10378,11139418715,2,0,GGr,r,False,True,False,2
41.5,NODE_5681,11139418723,2,0,GGr,r,False,True,False,2
41.5,NODE_10262,11203041635,4,0,GGGGr,r,False,True,False,4
42.0,LINK_249048,5161705573,2,0,GGr,r,False,True,False,2
42.0,NODE_5837,5161705573,2,0,GGr,r,False,True,False,2
42.0,LINK_10218,11139418715,2,0,GGr,r,False,True,False,2
42.0,LINK_140740,11139418715,2,0,GGr,r,False,True,False,2
42.0,NODE_9634,10974501473,4,0,GGGGr,r,False,True,False,4
42.0,LINK_194891,11203052965,11,0,GGGGGGGGGGGr,r,False,True,False,11
42.0,NODE_10378,11139418715,2,0,GGr,r,False,True,False,2
42.0,NODE_5681,11139418723,2,0,GGr,r,False,True,False,2
42.0,NODE_10262,11203041635,4,0,GGGGr,r,False,True,False,4
42.5,LINK_249048,5161705573,2,0,GGr,r,False,True,False,2
42.5,NODE_5837,5161705573,2,0,GGr,r,False,True,False,2
42.5,LINK_10218,11139418715,2,0,GGr,r,False,True,False,2
42.5,LINK_140740,11139418715,2,0,GGr,r,False,True,False,2
42.5,NODE_9634,10974501473,4,0,GGGGr,r,False,True,False,4
42.5,LINK_194891,11203052965,11,0,GGGGGGGGGGGr,r,False,True,False,11
42.5,NODE_10378,11139418715,2,0,GGr,r,False,True,False,2
42.5,NODE_5681,11139418723,2,0,GGr,r,False,True,False,2
42.5,NODE_10262,11203041635,4,0,GGGGr,r,False,True,False,4
43.0,LINK_249048,5161705573,2,0,GGr,r,False,True,False,2
43.0,NODE_5837,5161705573,2,0,GGr,r,False,True,False,2
43.0,LINK_10218,11139418715,2,0,GGr,r,False,True,False,2
43.0,LINK_140740,11139418715,2,0,GGr,r,False,True,False,2
43.0,NODE_9634,10974501473,4,0,GGGGr,r,False,True,False,4
43.0,LINK_194891,11203052965,11,0,GGGGGGGGGGGr,r,False,True,False,11
43.0,NODE_10378,11139418715,2,0,GGr,r,False,True,False,2
43.0,NODE_5681,11139418723,2,0,GGr,r,False,True,False,2
43.0,NODE_10262,11203041635,4,0,GGGGr,r,False,True,False,4
43.5,LINK_249048,5161705573,2,0,GGr,r,False,True,False,2
43.5,NODE_5837,5161705573,2,0,GGr,r,False,True,False,2
43.5,LINK_10218,11139418715,2,0,GGr,r,False,True,False,2
43.5,LINK_140740,11139418715,2,0,GGr,r,False,True,False,2
43.5,NODE_9634,10974501473,4,0,GGGGr,r,False,True,False,4
43.5,LINK_194891,11203052965,11,0,GGGGGGGGGGGr,r,False,True,False,11
43.5,NODE_10378,11139418715,2,0,GGr,r,False,True,False,2
43.5,NODE_5681,11139418723,2,0,GGr,r,False,True,False,2
43.5,NODE_10262,11203041635,4,0,GGGGr,r,False,True,False,4
44.0,LINK_249048,5161705573,2,0,GGr,r,False,True,False,2
44.0,NODE_5837,5161705573,2,0,GGr,r,False,True,False,2
44.0,LINK_10218,11139418715,2,0,GGr,r,False,True,False,2
44.0,LINK_140740,11139418715,2,0,GGr,r,False,True,False,2
44.0,NODE_9634,10974501473,4,0,GGGGr,r,False,True,False,4
44.0,LINK_194891,11203052965,11,0,GGGGGGGGGGGr,r,False,True,False,11
44.0,NODE_10378,11139418715,2,0,GGr,r,False,True,False,2
44.0,NODE_5681,11139418723,2,0,GGr,r,False,True,False,2
44.0,NODE_10262,11203041635,4,0,GGGGr,r,False,True,False,4
44.5,LINK_249048,5161705573,2,0,GGr,r,False,True,False,2
44.5,NODE_5837,5161705573,2,0,GGr,r,False,True,False,2
44.5,LINK_10218,11139418715,2,0,GGr,r,False,True,False,2
44.5,LINK_140740,11139418715,2,0,GGr,r,False,True,False,2
44.5,NODE_9634,10974501473,4,0,GGGGr,r,False,True,False,4
44.5,LINK_194891,11203052965,11,0,GGGGGGGGGGGr,r,False,True,False,11
44.5,NODE_10378,11139418715,2,0,GGr,r,False,True,False,2
44.5,NODE_5681,11139418723,2,0,GGr,r,False,True,False,2
44.5,NODE_10262,11203041635,4,0,GGGGr,r,False,True,False,4
45.0,LINK_249048,5161705573,2,0,GGr,r,False,True,False,2
45.0,NODE_5837,5161705573,2,0,GGr,r,False,True,False,2
45.0,LINK_10218,11139418715,2,0,GGr,r,False,True,False,2
45.0,LINK_140740,11139418715,2,0,GGr,r,False,True,False,2
45.0,NODE_9634,10974501473,4,0,GGGGr,r,False,True,False,4
45.0,LINK_194891,11203052965,11,0,GGGGGGGGGGGr,r,False,True,False,11
45.0,NODE_10378,11139418715,2,0,GGr,r,False,True,False,2
45.0,NODE_5681,11139418723,2,0,GGr,r,False,True,False,2
45.0,NODE_10262,11203041635,4,0,GGGGr,r,False,True,False,4
45.5,LINK_249048,5161705573,2,0,GGr,r,False,True,False,2
45.5,NODE_5837,5161705573,2,0,GGr,r,False,True,False,2
45.5,LINK_10218,11139418715,2,0,GGr,r,False,True,False,2
45.5,LINK_140740,11139418715,2,0,GGr,r,False,True,False,2
45.5,NODE_9634,10974501473,4,0,GGGGr,r,False,True,False,4
45.5,LINK_194891,11203052965,11,0,GGGGGGGGGGGr,r,False,True,False,11
45.5,NODE_10378,11139418715,2,0,GGr,r,False,True,False,2
45.5,NODE_5681,11139418723,2,0,GGr,r,False,True,False,2
45.5,NODE_10262,11203041635,4,0,GGGGr,r,False,True,False,4
46.0,LINK_249048,5161705573,2,0,GGr,r,False,True,False,2
46.0,NODE_5837,5161705573,2,0,GGr,r,False,True,False,2
46.0,LINK_10218,11139418715,2,0,GGr,r,False,True,False,2
46.0,LINK_140740,11139418715,2,0,GGr,r,False,True,False,2
46.0,NODE_9634,10974501473,4,0,GGGGr,r,False,True,False,4
46.0,LINK_194891,11203052965,11,0,GGGGGGGGGGGr,r,False,True,False,11
46.0,NODE_10378,11139418715,2,0,GGr,r,False,True,False,2
46.0,NODE_5681,11139418723,2,0,GGr,r,False,True,False,2
46.0,NODE_10262,11203041635,4,0,GGGGr,r,False,True,False,4
46.5,LINK_249048,5161705573,2,0,GGr,r,False,True,False,2
46.5,NODE_5837,5161705573,2,0,GGr,r,False,True,False,2
46.5,LINK_10218,11139418715,2,0,GGr,r,False,True,False,2
46.5,LINK_140740,11139418715,2,0,GGr,r,False,True,False,2
46.5,NODE_9634,10974501473,4,0,GGGGr,r,False,True,False,4
46.5,LINK_194891,11203052965,11,0,GGGGGGGGGGGr,r,False,True,False,11
46.5,NODE_10378,11139418715,2,0,GGr,r,False,True,False,2
46.5,NODE_5681,11139418723,2,0,GGr,r,False,True,False,2
46.5,NODE_10262,11203041635,4,0,GGGGr,r,False,True,False,4
47.0,LINK_249048,5161705573,2,0,GGr,r,False,True,False,2
47.0,NODE_5837,5161705573,2,0,GGr,r,False,True,False,2
47.0,LINK_10218,11139418715,2,0,GGr,r,False,True,False,2
47.0,LINK_140740,11139418715,2,0,GGr,r,False,True,False,2
47.0,NODE_9634,10974501473,4,0,GGGGr,r,False,True,False,4
47.0,LINK_194891,11203052965,11,0,GGGGGGGGGGGr,r,False,True,False,11
47.0,NODE_10378,11139418715,2,0,GGr,r,False,True,False,2
47.0,NODE_5681,11139418723,2,0,GGr,r,False,True,False,2
47.0,NODE_10262,11203041635,4,0,GGGGr,r,False,True,False,4
47.5,LINK_249048,5161705573,2,0,GGr,r,False,True,False,2
47.5,NODE_5837,5161705573,2,0,GGr,r,False,True,False,2
47.5,LINK_10218,11139418715,2,0,GGr,r,False,True,False,2
47.5,LINK_140740,11139418715,2,0,GGr,r,False,True,False,2
47.5,NODE_9634,10974501473,4,0,GGGGr,r,False,True,False,4
47.5,LINK_194891,11203052965,11,0,GGGGGGGGGGGr,r,False,True,False,11
47.5,NODE_10378,11139418715,2,0,GGr,r,False,True,False,2
47.5,NODE_5681,11139418723,2,0,GGr,r,False,True,False,2
47.5,NODE_10262,11203041635,4,0,GGGGr,r,False,True,False,4
48.0,LINK_249048,5161705573,2,0,GGr,r,False,True,False,2
48.0,NODE_5837,5161705573,2,0,GGr,r,False,True,False,2
48.0,LINK_10218,11139418715,2,0,GGr,r,False,True,False,2
48.0,LINK_140740,11139418715,2,0,GGr,r,False,True,False,2
48.0,NODE_9634,10974501473,4,0,GGGGr,r,False,True,False,4
48.0,LINK_194891,11203052965,11,0,GGGGGGGGGGGr,r,False,True,False,11
48.0,NODE_10378,11139418715,2,0,GGr,r,False,True,False,2
48.0,NODE_5681,11139418723,2,0,GGr,r,False,True,False,2
48.0,NODE_10262,11203041635,4,0,GGGGr,r,False,True,False,4
48.5,LINK_249048,5161705573,2,0,GGr,r,False,True,False,2
48.5,NODE_5837,5161705573,2,0,GGr,r,False,True,False,2
48.5,LINK_10218,11139418715,2,0,GGr,r,False,True,False,2
48.5,LINK_140740,11139418715,2,0,GGr,r,False,True,False,2
48.5,NODE_9634,10974501473,4,0,GGGGr,r,False,True,False,4
48.5,LINK_194891,11203052965,11,0,GGGGGGGGGGGr,r,False,True,False,11
48.5,NODE_10378,11139418715,2,0,GGr,r,False,True,False,2
48.5,NODE_5681,11139418723,2,0,GGr,r,False,True,False,2
48.5,NODE_10262,11203041635,4,0,GGGGr,r,False,True,False,4
49.0,LINK_249048,5161705573,2,0,GGr,r,False,True,False,2
49.0,NODE_5837,5161705573,2,0,GGr,r,False,True,False,2
49.0,LINK_10218,11139418715,2,0,GGr,r,False,True,False,2
49.0,LINK_140740,11139418715,2,0,GGr,r,False,True,False,2
49.0,NODE_9634,10974501473,4,0,GGGGr,r,False,True,False,4
49.0,LINK_194891,11203052965,11,0,GGGGGGGGGGGr,r,False,True,False,11
49.0,NODE_10378,11139418715,2,0,GGr,r,False,True,False,2
49.0,NODE_5681,11139418723,2,0,GGr,r,False,True,False,2
49.0,NODE_10262,11203041635,4,0,GGGGr,r,False,True,False,4
49.5,LINK_249048,5161705573,2,0,GGr,r,False,True,False,2
49.5,NODE_5837,5161705573,2,0,GGr,r,False,True,False,2
49.5,LINK_10218,11139418715,2,0,GGr,r,False,True,False,2
49.5,LINK_140740,11139418715,2,0,GGr,r,False,True,False,2
49.5,NODE_9634,10974501473,4,0,GGGGr,r,False,True,False,4
49.5,LINK_194891,11203052965,11,0,GGGGGGGGGGGr,r,False,True,False,11
49.5,NODE_10378,11139418715,2,0,GGr,r,False,True,False,2
49.5,NODE_5681,11139418723,2,0,GGr,r,False,True,False,2
49.5,NODE_10262,11203041635,4,0,GGGGr,r,False,True,False,4
50.0,LINK_249048,5161705573,2,0,GGr,r,False,True,False,2
50.0,NODE_5837,5161705573,2,0,GGr,r,False,True,False,2
50.0,LINK_10218,11139418715,2,0,GGr,r,False,True,False,2
50.0,LINK_140740,11139418715,2,0,GGr,r,False,True,False,2
50.0,NODE_9634,10974501473,4,0,GGGGr,r,False,True,False,4
50.0,LINK_194891,11203052965,11,0,GGGGGGGGGGGr,r,False,True,False,11
50.0,NODE_10378,11139418715,2,0,GGr,r,False,True,False,2
50.0,NODE_5681,11139418723,2,0,GGr,r,False,True,False,2
50.0,NODE_10262,11203041635,4,0,GGGGr,r,False,True,False,4
50.5,LINK_249048,5161705573,2,0,GGr,r,False,True,False,2
50.5,NODE_5837,5161705573,2,0,GGr,r,False,True,False,2
50.5,LINK_10218,11139418715,2,0,GGr,r,False,True,False,2
50.5,LINK_140740,11139418715,2,0,GGr,r,False,True,False,2
50.5,NODE_9634,10974501473,4,0,GGGGr,r,False,True,False,4
50.5,LINK_194891,11203052965,11,0,GGGGGGGGGGGr,r,False,True,False,11
50.5,NODE_10378,11139418715,2,0,GGr,r,False,True,False,2
50.5,NODE_5681,11139418723,2,0,GGr,r,False,True,False,2
50.5,NODE_10262,11203041635,4,0,GGGGr,r,False,True,False,4
51.0,LINK_249048,5161705573,2,0,GGr,r,False,True,False,2
51.0,NODE_5837,5161705573,2,0,GGr,r,False,True,False,2
51.0,LINK_10218,11139418715,2,0,GGr,r,False,True,False,2
51.0,LINK_140740,11139418715,2,0,GGr,r,False,True,False,2
51.0,NODE_9634,10974501473,4,0,GGGGr,r,False,True,False,4
51.0,LINK_194891,11203052965,11,0,GGGGGGGGGGGr,r,False,True,False,11
51.0,NODE_10378,11139418715,2,0,GGr,r,False,True,False,2
51.0,NODE_5681,11139418723,2,0,GGr,r,False,True,False,2
51.0,NODE_10262,11203041635,4,0,GGGGr,r,False,True,False,4
51.5,LINK_249048,5161705573,2,0,GGr,r,False,True,False,2
51.5,NODE_5837,5161705573,2,0,GGr,r,False,True,False,2
51.5,LINK_10218,11139418715,2,0,GGr,r,False,True,False,2
51.5,LINK_140740,11139418715,2,0,GGr,r,False,True,False,2
51.5,NODE_9634,10974501473,4,0,GGGGr,r,False,True,False,4
51.5,LINK_194891,11203052965,11,0,GGGGGGGGGGGr,r,False,True,False,11
51.5,NODE_10378,11139418715,2,0,GGr,r,False,True,False,2
51.5,NODE_5681,11139418723,2,0,GGr,r,False,True,False,2
51.5,NODE_10262,11203041635,4,0,GGGGr,r,False,True,False,4
52.0,LINK_249048,5161705573,2,0,GGr,r,False,True,False,2
52.0,NODE_5837,5161705573,2,0,GGr,r,False,True,False,2
52.0,LINK_10218,11139418715,2,0,GGr,r,False,True,False,2
52.0,LINK_140740,11139418715,2,0,GGr,r,False,True,False,2
52.0,NODE_9634,10974501473,4,0,GGGGr,r,False,True,False,4
52.0,LINK_194891,11203052965,11,0,GGGGGGGGGGGr,r,False,True,False,11
52.0,NODE_10378,11139418715,2,0,GGr,r,False,True,False,2
52.0,NODE_5681,11139418723,2,0,GGr,r,False,True,False,2
52.0,NODE_10262,11203041635,4,0,GGGGr,r,False,True,False,4
52.5,LINK_249048,5161705573,2,0,GGr,r,False,True,False,2
52.5,NODE_5837,5161705573,2,0,GGr,r,False,True,False,2
52.5,LINK_10218,11139418715,2,0,GGr,r,False,True,False,2
52.5,LINK_140740,11139418715,2,0,GGr,r,False,True,False,2
52.5,NODE_9634,10974501473,4,0,GGGGr,r,False,True,False,4
52.5,LINK_194891,11203052965,11,0,GGGGGGGGGGGr,r,False,True,False,11
52.5,NODE_10378,11139418715,2,0,GGr,r,False,True,False,2
52.5,NODE_5681,11139418723,2,0,GGr,r,False,True,False,2
52.5,NODE_10262,11203041635,4,0,GGGGr,r,False,True,False,4
53.0,LINK_249048,5161705573,2,0,GGr,r,False,True,False,2
53.0,NODE_5837,5161705573,2,0,GGr,r,False,True,False,2
53.0,LINK_10218,11139418715,2,0,GGr,r,False,True,False,2
53.0,LINK_140740,11139418715,2,0,GGr,r,False,True,False,2
53.0,NODE_9634,10974501473,4,0,GGGGr,r,False,True,False,4
53.0,LINK_194891,11203052965,11,0,GGGGGGGGGGGr,r,False,True,False,11
53.0,NODE_10378,11139418715,2,0,GGr,r,False,True,False,2
53.0,NODE_5681,11139418723,2,0,GGr,r,False,True,False,2
53.0,NODE_10262,11203041635,4,0,GGGGr,r,False,True,False,4
53.5,LINK_249048,5161705573,2,0,GGr,r,False,True,False,2
53.5,NODE_5837,5161705573,2,0,GGr,r,False,True,False,2
53.5,LINK_10218,11139418715,2,0,GGr,r,False,True,False,2
53.5,LINK_140740,11139418715,2,0,GGr,r,False,True,False,2
53.5,NODE_9634,10974501473,4,0,GGGGr,r,False,True,False,4
53.5,LINK_194891,11203052965,11,0,GGGGGGGGGGGr,r,False,True,False,11
53.5,NODE_10378,11139418715,2,0,GGr,r,False,True,False,2
53.5,NODE_5681,11139418723,2,0,GGr,r,False,True,False,2
53.5,NODE_10262,11203041635,4,0,GGGGr,r,False,True,False,4
54.0,LINK_249048,5161705573,2,0,GGr,r,False,True,False,2
54.0,NODE_5837,5161705573,2,0,GGr,r,False,True,False,2
54.0,LINK_10218,11139418715,2,0,GGr,r,False,True,False,2
54.0,LINK_140740,11139418715,2,0,GGr,r,False,True,False,2
54.0,NODE_9634,10974501473,4,0,GGGGr,r,False,True,False,4
54.0,LINK_194891,11203052965,11,0,GGGGGGGGGGGr,r,False,True,False,11
54.0,NODE_10378,11139418715,2,0,GGr,r,False,True,False,2
54.0,NODE_5681,11139418723,2,0,GGr,r,False,True,False,2
54.0,NODE_10262,11203041635,4,0,GGGGr,r,False,True,False,4
54.5,LINK_249048,5161705573,2,0,GGr,r,False,True,False,2
54.5,NODE_5837,5161705573,2,0,GGr,r,False,True,False,2
54.5,LINK_10218,11139418715,2,0,GGr,r,False,True,False,2
54.5,LINK_140740,11139418715,2,0,GGr,r,False,True,False,2
54.5,NODE_9634,10974501473,4,0,GGGGr,r,False,True,False,4
54.5,LINK_194891,11203052965,11,0,GGGGGGGGGGGr,r,False,True,False,11
54.5,NODE_10378,11139418715,2,0,GGr,r,False,True,False,2
54.5,NODE_5681,11139418723,2,0,GGr,r,False,True,False,2
54.5,NODE_10262,11203041635,4,0,GGGGr,r,False,True,False,4
55.0,LINK_249048,5161705573,2,0,GGr,r,False,True,False,2
55.0,NODE_5837,5161705573,2,0,GGr,r,False,True,False,2
55.0,LINK_10218,11139418715,2,0,GGr,r,False,True,False,2
55.0,LINK_140740,11139418715,2,0,GGr,r,False,True,False,2
55.0,NODE_9634,10974501473,4,0,GGGGr,r,False,True,False,4
55.0,LINK_194891,11203052965,11,0,GGGGGGGGGGGr,r,False,True,False,11
55.0,NODE_10378,11139418715,2,0,GGr,r,False,True,False,2
55.0,NODE_5681,11139418723,2,0,GGr,r,False,True,False,2
55.0,NODE_10262,11203041635,4,0,GGGGr,r,False,True,False,4
55.5,LINK_249048,5161705573,2,0,GGr,r,False,True,False,2
55.5,NODE_5837,5161705573,2,0,GGr,r,False,True,False,2
55.5,LINK_10218,11139418715,2,0,GGr,r,False,True,False,2
55.5,LINK_140740,11139418715,2,0,GGr,r,False,True,False,2
55.5,NODE_9634,10974501473,4,0,GGGGr,r,False,True,False,4
55.5,LINK_194891,11203052965,11,0,GGGGGGGGGGGr,r,False,True,False,11
55.5,NODE_10378,11139418715,2,0,GGr,r,False,True,False,2
55.5,NODE_5681,11139418723,2,0,GGr,r,False,True,False,2
55.5,NODE_10262,11203041635,4,0,GGGGr,r,False,True,False,4
56.0,LINK_249048,5161705573,2,0,GGr,r,False,True,False,2
56.0,NODE_5837,5161705573,2,0,GGr,r,False,True,False,2
56.0,LINK_10218,11139418715,2,0,GGr,r,False,True,False,2
56.0,LINK_140740,11139418715,2,0,GGr,r,False,True,False,2
56.0,NODE_9634,10974501473,4,0,GGGGr,r,False,True,False,4
56.0,LINK_194891,11203052965,11,0,GGGGGGGGGGGr,r,False,True,False,11
56.0,NODE_10378,11139418715,2,0,GGr,r,False,True,False,2
56.0,NODE_5681,11139418723,2,0,GGr,r,False,True,False,2
56.0,NODE_10262,11203041635,4,0,GGGGr,r,False,True,False,4
56.5,LINK_249048,5161705573,2,0,GGr,r,False,True,False,2
56.5,NODE_5837,5161705573,2,0,GGr,r,False,True,False,2
56.5,LINK_10218,11139418715,2,0,GGr,r,False,True,False,2
56.5,LINK_140740,11139418715,2,0,GGr,r,False,True,False,2
56.5,NODE_9634,10974501473,4,0,GGGGr,r,False,True,False,4
56.5,LINK_194891,11203052965,11,0,GGGGGGGGGGGr,r,False,True,False,11
56.5,NODE_10378,11139418715,2,0,GGr,r,False,True,False,2
56.5,NODE_5681,11139418723,2,0,GGr,r,False,True,False,2
56.5,NODE_10262,11203041635,4,0,GGGGr,r,False,True,False,4
57.0,LINK_249048,5161705573,2,0,GGr,r,False,True,False,2
57.0,NODE_5837,5161705573,2,0,GGr,r,False,True,False,2
57.0,LINK_10218,11139418715,2,0,GGr,r,False,True,False,2
57.0,LINK_140740,11139418715,2,0,GGr,r,False,True,False,2
57.0,NODE_9634,10974501473,4,0,GGGGr,r,False,True,False,4
57.0,LINK_194891,11203052965,11,0,GGGGGGGGGGGr,r,False,True,False,11
57.0,NODE_10378,11139418715,2,0,GGr,r,False,True,False,2
57.0,NODE_5681,11139418723,2,0,GGr,r,False,True,False,2
57.0,NODE_10262,11203041635,4,0,GGGGr,r,False,True,False,4
57.5,LINK_249048,5161705573,2,0,GGr,r,False,True,False,2
57.5,NODE_5837,5161705573,2,0,GGr,r,False,True,False,2
57.5,LINK_10218,11139418715,2,0,GGr,r,False,True,False,2
57.5,LINK_140740,11139418715,2,0,GGr,r,False,True,False,2
57.5,NODE_9634,10974501473,4,0,GGGGr,r,False,True,False,4
57.5,LINK_194891,11203052965,11,0,GGGGGGGGGGGr,r,False,True,False,11
57.5,NODE_10378,11139418715,2,0,GGr,r,False,True,False,2
57.5,NODE_5681,11139418723,2,0,GGr,r,False,True,False,2
57.5,NODE_10262,11203041635,4,0,GGGGr,r,False,True,False,4
58.0,LINK_249048,5161705573,2,0,GGr,r,False,True,False,2
58.0,NODE_5837,5161705573,2,0,GGr,r,False,True,False,2
58.0,LINK_10218,11139418715,2,0,GGr,r,False,True,False,2
58.0,LINK_140740,11139418715,2,0,GGr,r,False,True,False,2
58.0,NODE_9634,10974501473,4,0,GGGGr,r,False,True,False,4
58.0,LINK_194891,11203052965,11,0,GGGGGGGGGGGr,r,False,True,False,11
58.0,NODE_10378,11139418715,2,0,GGr,r,False,True,False,2
58.0,NODE_5681,11139418723,2,0,GGr,r,False,True,False,2
58.0,NODE_10262,11203041635,4,0,GGGGr,r,False,True,False,4
58.5,LINK_249048,5161705573,2,0,GGr,r,False,True,False,2
58.5,NODE_5837,5161705573,2,0,GGr,r,False,True,False,2
58.5,LINK_10218,11139418715,2,0,GGr,r,False,True,False,2
58.5,LINK_140740,11139418715,2,0,GGr,r,False,True,False,2
58.5,NODE_9634,10974501473,4,0,GGGGr,r,False,True,False,4
58.5,LINK_194891,11203052965,11,0,GGGGGGGGGGGr,r,False,True,False,11
58.5,NODE_10378,11139418715,2,0,GGr,r,False,True,False,2
58.5,NODE_5681,11139418723,2,0,GGr,r,False,True,False,2
58.5,NODE_10262,11203041635,4,0,GGGGr,r,False,True,False,4
59.0,LINK_249048,5161705573,2,0,GGr,r,False,True,False,2
59.0,NODE_5837,5161705573,2,0,GGr,r,False,True,False,2
59.0,LINK_10218,11139418715,2,0,GGr,r,False,True,False,2
59.0,LINK_140740,11139418715,2,0,GGr,r,False,True,False,2
59.0,NODE_9634,10974501473,4,0,GGGGr,r,False,True,False,4
59.0,LINK_194891,11203052965,11,0,GGGGGGGGGGGr,r,False,True,False,11
59.0,NODE_10378,11139418715,2,0,GGr,r,False,True,False,2
59.0,NODE_5681,11139418723,2,0,GGr,r,False,True,False,2
59.0,NODE_10262,11203041635,4,0,GGGGr,r,False,True,False,4
59.5,LINK_249048,5161705573,2,0,GGr,r,False,True,False,2
59.5,NODE_5837,5161705573,2,0,GGr,r,False,True,False,2
59.5,LINK_10218,11139418715,2,0,GGr,r,False,True,False,2
59.5,LINK_140740,11139418715,2,0,GGr,r,False,True,False,2
59.5,NODE_9634,10974501473,4,0,GGGGr,r,False,True,False,4
59.5,LINK_194891,11203052965,11,0,GGGGGGGGGGGr,r,False,True,False,11
59.5,NODE_10378,11139418715,2,0,GGr,r,False,True,False,2
59.5,NODE_5681,11139418723,2,0,GGr,r,False,True,False,2
59.5,NODE_10262,11203041635,4,0,GGGGr,r,False,True,False,4
60.0,LINK_249048,5161705573,2,0,GGr,r,False,True,False,2
60.0,NODE_5837,5161705573,2,0,GGr,r,False,True,False,2
60.0,LINK_10218,11139418715,2,0,GGr,r,False,True,False,2
60.0,LINK_140740,11139418715,2,0,GGr,r,False,True,False,2
60.0,NODE_9634,10974501473,4,0,GGGGr,r,False,True,False,4
60.0,LINK_194891,11203052965,11,0,GGGGGGGGGGGr,r,False,True,False,11
60.0,NODE_10378,11139418715,2,0,GGr,r,False,True,False,2
60.0,NODE_5681,11139418723,2,0,GGr,r,False,True,False,2
60.0,NODE_10262,11203041635,4,0,GGGGr,r,False,True,False,4
60.5,LINK_249048,5161705573,2,0,GGr,r,False,True,False,2
60.5,NODE_5837,5161705573,2,0,GGr,r,False,True,False,2
60.5,LINK_10218,11139418715,2,0,GGr,r,False,True,False,2
60.5,LINK_140740,11139418715,2,0,GGr,r,False,True,False,2
60.5,NODE_9634,10974501473,4,0,GGGGr,r,False,True,False,4
60.5,LINK_194891,11203052965,11,0,GGGGGGGGGGGr,r,False,True,False,11
60.5,NODE_10378,11139418715,2,0,GGr,r,False,True,False,2
60.5,NODE_5681,11139418723,2,0,GGr,r,False,True,False,2
60.5,NODE_10262,11203041635,4,0,GGGGr,r,False,True,False,4
61.0,LINK_249048,5161705573,2,0,GGr,r,False,True,False,2
61.0,NODE_5837,5161705573,2,0,GGr,r,False,True,False,2
61.0,LINK_10218,11139418715,2,0,GGr,r,False,True,False,2
61.0,LINK_140740,11139418715,2,0,GGr,r,False,True,False,2
61.0,NODE_9634,10974501473,4,0,GGGGr,r,False,True,False,4
61.0,LINK_194891,11203052965,11,0,GGGGGGGGGGGr,r,False,True,False,11
61.0,NODE_10378,11139418715,2,0,GGr,r,False,True,False,2
61.0,NODE_5681,11139418723,2,0,GGr,r,False,True,False,2
61.0,NODE_10262,11203041635,4,0,GGGGr,r,False,True,False,4
61.5,LINK_249048,5161705573,2,0,GGr,r,False,True,False,2
61.5,NODE_5837,5161705573,2,0,GGr,r,False,True,False,2
61.5,LINK_10218,11139418715,2,0,GGr,r,False,True,False,2
61.5,LINK_140740,11139418715,2,0,GGr,r,False,True,False,2
61.5,NODE_9634,10974501473,4,0,GGGGr,r,False,True,False,4
61.5,LINK_194891,11203052965,11,0,GGGGGGGGGGGr,r,False,True,False,11
61.5,NODE_10378,11139418715,2,0,GGr,r,False,True,False,2
61.5,NODE_5681,11139418723,2,0,GGr,r,False,True,False,2
61.5,NODE_10262,11203041635,4,0,GGGGr,r,False,True,False,4
62.0,LINK_249048,5161705573,2,0,GGr,r,False,True,False,2
62.0,NODE_5837,5161705573,2,0,GGr,r,False,True,False,2
62.0,LINK_10218,11139418715,2,0,GGr,r,False,True,False,2
62.0,LINK_140740,11139418715,2,0,GGr,r,False,True,False,2
62.0,NODE_9634,10974501473,4,0,GGGGr,r,False,True,False,4
62.0,LINK_194891,11203052965,11,0,GGGGGGGGGGGr,r,False,True,False,11
62.0,NODE_10378,11139418715,2,0,GGr,r,False,True,False,2
62.0,NODE_5681,11139418723,2,0,GGr,r,False,True,False,2
62.0,NODE_10262,11203041635,4,0,GGGGr,r,False,True,False,4
62.5,LINK_249048,5161705573,2,0,GGr,r,False,True,False,2
62.5,NODE_5837,5161705573,2,0,GGr,r,False,True,False,2
62.5,LINK_10218,11139418715,2,0,GGr,r,False,True,False,2
62.5,LINK_140740,11139418715,2,0,GGr,r,False,True,False,2
62.5,NODE_9634,10974501473,4,0,GGGGr,r,False,True,False,4
62.5,LINK_194891,11203052965,11,0,GGGGGGGGGGGr,r,False,True,False,11
62.5,NODE_10378,11139418715,2,0,GGr,r,False,True,False,2
62.5,NODE_5681,11139418723,2,0,GGr,r,False,True,False,2
62.5,NODE_10262,11203041635,4,0,GGGGr,r,False,True,False,4
63.0,LINK_249048,5161705573,2,0,GGr,r,False,True,False,2
63.0,NODE_5837,5161705573,2,0,GGr,r,False,True,False,2
63.0,LINK_10218,11139418715,2,0,GGr,r,False,True,False,2
63.0,LINK_140740,11139418715,2,0,GGr,r,False,True,False,2
63.0,NODE_9634,10974501473,4,0,GGGGr,r,False,True,False,4
63.0,LINK_194891,11203052965,11,0,GGGGGGGGGGGr,r,False,True,False,11
63.0,NODE_10378,11139418715,2,0,GGr,r,False,True,False,2
63.0,NODE_5681,11139418723,2,0,GGr,r,False,True,False,2
63.0,NODE_10262,11203041635,4,0,GGGGr,r,False,True,False,4
63.5,LINK_249048,5161705573,2,0,GGr,r,False,True,False,2
63.5,NODE_5837,5161705573,2,0,GGr,r,False,True,False,2
63.5,LINK_10218,11139418715,2,0,GGr,r,False,True,False,2
63.5,LINK_140740,11139418715,2,0,GGr,r,False,True,False,2
63.5,NODE_9634,10974501473,4,0,GGGGr,r,False,True,False,4
63.5,LINK_194891,11203052965,11,0,GGGGGGGGGGGr,r,False,True,False,11
63.5,NODE_10378,11139418715,2,0,GGr,r,False,True,False,2
63.5,NODE_5681,11139418723,2,0,GGr,r,False,True,False,2
63.5,NODE_10262,11203041635,4,0,GGGGr,r,False,True,False,4
64.0,LINK_249048,5161705573,2,0,GGr,r,False,True,False,2
64.0,NODE_5837,5161705573,2,0,GGr,r,False,True,False,2
64.0,LINK_10218,11139418715,2,0,GGr,r,False,True,False,2
64.0,LINK_140740,11139418715,2,0,GGr,r,False,True,False,2
64.0,NODE_9634,10974501473,4,0,GGGGr,r,False,True,False,4
64.0,LINK_194891,11203052965,11,0,GGGGGGGGGGGr,r,False,True,False,11
64.0,NODE_10378,11139418715,2,0,GGr,r,False,True,False,2
64.0,NODE_5681,11139418723,2,0,GGr,r,False,True,False,2
64.0,NODE_10262,11203041635,4,0,GGGGr,r,False,True,False,4
64.5,LINK_249048,5161705573,2,0,GGr,r,False,True,False,2
64.5,NODE_5837,5161705573,2,0,GGr,r,False,True,False,2
64.5,LINK_10218,11139418715,2,0,GGr,r,False,True,False,2
64.5,LINK_140740,11139418715,2,0,GGr,r,False,True,False,2
64.5,NODE_9634,10974501473,4,0,GGGGr,r,False,True,False,4
64.5,LINK_194891,11203052965,11,0,GGGGGGGGGGGr,r,False,True,False,11
64.5,NODE_10378,11139418715,2,0,GGr,r,False,True,False,2
64.5,NODE_5681,11139418723,2,0,GGr,r,False,True,False,2
64.5,NODE_10262,11203041635,4,0,GGGGr,r,False,True,False,4
65.0,LINK_249048,5161705573,2,0,GGr,r,False,True,False,2
65.0,NODE_5837,5161705573,2,0,GGr,r,False,True,False,2
65.0,LINK_10218,11139418715,2,0,GGr,r,False,True,False,2
65.0,LINK_140740,11139418715,2,0,GGr,r,False,True,False,2
65.0,NODE_9634,10974501473,4,0,GGGGr,r,False,True,False,4
65.0,LINK_194891,11203052965,11,0,GGGGGGGGGGGr,r,False,True,False,11
65.0,NODE_10378,11139418715,2,0,GGr,r,False,True,False,2
65.0,NODE_5681,11139418723,2,0,GGr,r,False,True,False,2
65.0,NODE_10262,11203041635,4,0,GGGGr,r,False,True,False,4
65.5,LINK_249048,5161705573,2,0,GGr,r,False,True,False,2
65.5,NODE_5837,5161705573,2,0,GGr,r,False,True,False,2
65.5,LINK_10218,11139418715,2,0,GGr,r,False,True,False,2
65.5,LINK_140740,11139418715,2,0,GGr,r,False,True,False,2
65.5,NODE_9634,10974501473,4,0,GGGGr,r,False,True,False,4
65.5,LINK_194891,11203052965,11,0,GGGGGGGGGGGr,r,False,True,False,11
65.5,NODE_10378,11139418715,2,0,GGr,r,False,True,False,2
65.5,NODE_5681,11139418723,2,0,GGr,r,False,True,False,2
65.5,NODE_10262,11203041635,4,0,GGGGr,r,False,True,False,4
66.0,LINK_249048,5161705573,2,0,GGr,r,False,True,False,2
66.0,NODE_5837,5161705573,2,0,GGr,r,False,True,False,2
66.0,LINK_10218,11139418715,2,0,GGr,r,False,True,False,2
66.0,LINK_140740,11139418715,2,0,GGr,r,False,True,False,2
66.0,NODE_9634,10974501473,4,0,GGGGr,r,False,True,False,4
66.0,LINK_194891,11203052965,11,0,GGGGGGGGGGGr,r,False,True,False,11
66.0,NODE_10378,11139418715,2,0,GGr,r,False,True,False,2
66.0,NODE_5681,11139418723,2,0,GGr,r,False,True,False,2
66.0,NODE_10262,11203041635,4,0,GGGGr,r,False,True,False,4
66.5,LINK_249048,5161705573,2,0,GGr,r,False,True,False,2
66.5,NODE_5837,5161705573,2,0,GGr,r,False,True,False,2
66.5,LINK_10218,11139418715,2,0,GGr,r,False,True,False,2
66.5,LINK_140740,11139418715,2,0,GGr,r,False,True,False,2
66.5,NODE_9634,10974501473,4,0,GGGGr,r,False,True,False,4
66.5,LINK_194891,11203052965,11,0,GGGGGGGGGGGr,r,False,True,False,11
66.5,NODE_10378,11139418715,2,0,GGr,r,False,True,False,2
66.5,NODE_5681,11139418723,2,0,GGr,r,False,True,False,2
66.5,NODE_10262,11203041635,4,0,GGGGr,r,False,True,False,4
67.0,LINK_249048,5161705573,2,0,GGr,r,False,True,False,2
67.0,NODE_5837,5161705573,2,0,GGr,r,False,True,False,2
67.0,LINK_10218,11139418715,2,0,GGr,r,False,True,False,2
67.0,LINK_140740,11139418715,2,0,GGr,r,False,True,False,2
67.0,NODE_9634,10974501473,4,0,GGGGr,r,False,True,False,4
67.0,LINK_194891,11203052965,11,0,GGGGGGGGGGGr,r,False,True,False,11
67.0,NODE_10378,11139418715,2,0,GGr,r,False,True,False,2
67.0,NODE_5681,11139418723,2,0,GGr,r,False,True,False,2
67.0,NODE_10262,11203041635,4,0,GGGGr,r,False,True,False,4
67.5,LINK_249048,5161705573,2,0,GGr,r,False,True,False,2
67.5,NODE_5837,5161705573,2,0,GGr,r,False,True,False,2
67.5,LINK_10218,11139418715,2,0,GGr,r,False,True,False,2
67.5,LINK_140740,11139418715,2,0,GGr,r,False,True,False,2
67.5,NODE_9634,10974501473,4,0,GGGGr,r,False,True,False,4
67.5,LINK_194891,11203052965,11,0,GGGGGGGGGGGr,r,False,True,False,11
67.5,NODE_10378,11139418715,2,0,GGr,r,False,True,False,2
67.5,NODE_5681,11139418723,2,0,GGr,r,False,True,False,2
67.5,NODE_10262,11203041635,4,0,GGGGr,r,False,True,False,4
68.0,LINK_249048,5161705573,2,0,GGr,r,False,True,False,2
68.0,NODE_5837,5161705573,2,0,GGr,r,False,True,False,2
68.0,LINK_10218,11139418715,2,0,GGr,r,False,True,False,2
68.0,LINK_140740,11139418715,2,0,GGr,r,False,True,False,2
68.0,NODE_9634,10974501473,4,0,GGGGr,r,False,True,False,4
68.0,LINK_194891,11203052965,11,0,GGGGGGGGGGGr,r,False,True,False,11
68.0,NODE_10378,11139418715,2,0,GGr,r,False,True,False,2
68.0,NODE_5681,11139418723,2,0,GGr,r,False,True,False,2
68.0,NODE_10262,11203041635,4,0,GGGGr,r,False,True,False,4
68.5,LINK_249048,5161705573,2,0,GGr,r,False,True,False,2
68.5,NODE_5837,5161705573,2,0,GGr,r,False,True,False,2
68.5,LINK_10218,11139418715,2,0,GGr,r,False,True,False,2
68.5,LINK_140740,11139418715,2,0,GGr,r,False,True,False,2
68.5,NODE_9634,10974501473,4,0,GGGGr,r,False,True,False,4
68.5,LINK_194891,11203052965,11,0,GGGGGGGGGGGr,r,False,True,False,11
68.5,NODE_10378,11139418715,2,0,GGr,r,False,True,False,2
68.5,NODE_5681,11139418723,2,0,GGr,r,False,True,False,2
68.5,NODE_10262,11203041635,4,0,GGGGr,r,False,True,False,4
69.0,LINK_249048,5161705573,2,0,GGr,r,False,True,False,2
69.0,NODE_5837,5161705573,2,0,GGr,r,False,True,False,2
69.0,LINK_10218,11139418715,2,0,GGr,r,False,True,False,2
69.0,LINK_140740,11139418715,2,0,GGr,r,False,True,False,2
69.0,NODE_9634,10974501473,4,0,GGGGr,r,False,True,False,4
69.0,LINK_194891,11203052965,11,0,GGGGGGGGGGGr,r,False,True,False,11
69.0,NODE_10378,11139418715,2,0,GGr,r,False,True,False,2
69.0,NODE_5681,11139418723,2,0,GGr,r,False,True,False,2
69.0,NODE_10262,11203041635,4,0,GGGGr,r,False,True,False,4
69.5,LINK_249048,5161705573,2,0,GGr,r,False,True,False,2
69.5,NODE_5837,5161705573,2,0,GGr,r,False,True,False,2
69.5,LINK_10218,11139418715,2,0,GGr,r,False,True,False,2
69.5,LINK_140740,11139418715,2,0,GGr,r,False,True,False,2
69.5,NODE_9634,10974501473,4,0,GGGGr,r,False,True,False,4
69.5,LINK_194891,11203052965,11,0,GGGGGGGGGGGr,r,False,True,False,11
69.5,NODE_10378,11139418715,2,0,GGr,r,False,True,False,2
69.5,NODE_5681,11139418723,2,0,GGr,r,False,True,False,2
69.5,NODE_10262,11203041635,4,0,GGGGr,r,False,True,False,4
70.0,LINK_249048,5161705573,2,0,GGr,r,False,True,False,2
70.0,NODE_5837,5161705573,2,0,GGr,r,False,True,False,2
70.0,LINK_10218,11139418715,2,0,GGr,r,False,True,False,2
70.0,LINK_140740,11139418715,2,0,GGr,r,False,True,False,2
70.0,NODE_9634,10974501473,4,0,GGGGr,r,False,True,False,4
70.0,LINK_194891,11203052965,11,0,GGGGGGGGGGGr,r,False,True,False,11
70.0,NODE_10378,11139418715,2,0,GGr,r,False,True,False,2
70.0,NODE_5681,11139418723,2,0,GGr,r,False,True,False,2
70.0,NODE_10262,11203041635,4,0,GGGGr,r,False,True,False,4
70.5,LINK_249048,5161705573,2,0,GGr,r,False,True,False,2
70.5,NODE_5837,5161705573,2,0,GGr,r,False,True,False,2
70.5,LINK_10218,11139418715,2,0,GGr,r,False,True,False,2
70.5,LINK_140740,11139418715,2,0,GGr,r,False,True,False,2
70.5,NODE_9634,10974501473,4,0,GGGGr,r,False,True,False,4
70.5,LINK_194891,11203052965,11,0,GGGGGGGGGGGr,r,False,True,False,11
70.5,NODE_10378,11139418715,2,0,GGr,r,False,True,False,2
70.5,NODE_5681,11139418723,2,0,GGr,r,False,True,False,2
70.5,NODE_10262,11203041635,4,0,GGGGr,r,False,True,False,4
71.0,LINK_249048,5161705573,2,0,GGr,r,False,True,False,2
71.0,NODE_5837,5161705573,2,0,GGr,r,False,True,False,2
71.0,LINK_10218,11139418715,2,0,GGr,r,False,True,False,2
71.0,LINK_140740,11139418715,2,0,GGr,r,False,True,False,2
71.0,NODE_9634,10974501473,4,0,GGGGr,r,False,True,False,4
71.0,LINK_194891,11203052965,11,0,GGGGGGGGGGGr,r,False,True,False,11
71.0,NODE_10378,11139418715,2,0,GGr,r,False,True,False,2
71.0,NODE_5681,11139418723,2,0,GGr,r,False,True,False,2
71.0,NODE_10262,11203041635,4,0,GGGGr,r,False,True,False,4
71.5,LINK_249048,5161705573,2,0,GGr,r,False,True,False,2
71.5,NODE_5837,5161705573,2,0,GGr,r,False,True,False,2
71.5,LINK_10218,11139418715,2,0,GGr,r,False,True,False,2
71.5,LINK_140740,11139418715,2,0,GGr,r,False,True,False,2
71.5,NODE_9634,10974501473,4,0,GGGGr,r,False,True,False,4
71.5,LINK_194891,11203052965,11,0,GGGGGGGGGGGr,r,False,True,False,11
71.5,NODE_10378,11139418715,2,0,GGr,r,False,True,False,2
71.5,NODE_5681,11139418723,2,0,GGr,r,False,True,False,2
71.5,NODE_10262,11203041635,4,0,GGGGr,r,False,True,False,4
72.0,LINK_249048,5161705573,2,0,GGr,r,False,True,False,2
72.0,NODE_5837,5161705573,2,0,GGr,r,False,True,False,2
72.0,LINK_10218,11139418715,2,0,GGr,r,False,True,False,2
72.0,LINK_140740,11139418715,2,0,GGr,r,False,True,False,2
72.0,NODE_9634,10974501473,4,0,GGGGr,r,False,True,False,4
72.0,LINK_194891,11203052965,11,0,GGGGGGGGGGGr,r,False,True,False,11
72.0,NODE_10378,11139418715,2,0,GGr,r,False,True,False,2
72.0,NODE_5681,11139418723,2,0,GGr,r,False,True,False,2
72.0,NODE_10262,11203041635,4,0,GGGGr,r,False,True,False,4
72.5,LINK_249048,5161705573,2,0,GGr,r,False,True,False,2
72.5,NODE_5837,5161705573,2,0,GGr,r,False,True,False,2
72.5,LINK_10218,11139418715,2,0,GGr,r,False,True,False,2
72.5,LINK_140740,11139418715,2,0,GGr,r,False,True,False,2
72.5,NODE_9634,10974501473,4,0,GGGGr,r,False,True,False,4
72.5,LINK_194891,11203052965,11,0,GGGGGGGGGGGr,r,False,True,False,11
72.5,NODE_10378,11139418715,2,0,GGr,r,False,True,False,2
72.5,NODE_5681,11139418723,2,0,GGr,r,False,True,False,2
72.5,NODE_10262,11203041635,4,0,GGGGr,r,False,True,False,4
73.0,LINK_249048,5161705573,2,0,GGr,r,False,True,False,2
73.0,NODE_5837,5161705573,2,0,GGr,r,False,True,False,2
73.0,LINK_10218,11139418715,2,0,GGr,r,False,True,False,2
73.0,LINK_140740,11139418715,2,0,GGr,r,False,True,False,2
73.0,NODE_9634,10974501473,4,0,GGGGr,r,False,True,False,4
73.0,LINK_194891,11203052965,11,0,GGGGGGGGGGGr,r,False,True,False,11
73.0,NODE_10378,11139418715,2,0,GGr,r,False,True,False,2
73.0,NODE_5681,11139418723,2,0,GGr,r,False,True,False,2
73.0,NODE_10262,11203041635,4,0,GGGGr,r,False,True,False,4
73.5,LINK_249048,5161705573,2,0,GGr,r,False,True,False,2
73.5,NODE_5837,5161705573,2,0,GGr,r,False,True,False,2
73.5,LINK_10218,11139418715,2,0,GGr,r,False,True,False,2
73.5,LINK_140740,11139418715,2,0,GGr,r,False,True,False,2
73.5,NODE_9634,10974501473,4,0,GGGGr,r,False,True,False,4
73.5,LINK_194891,11203052965,11,0,GGGGGGGGGGGr,r,False,True,False,11
73.5,NODE_10378,11139418715,2,0,GGr,r,False,True,False,2
73.5,NODE_5681,11139418723,2,0,GGr,r,False,True,False,2
73.5,NODE_10262,11203041635,4,0,GGGGr,r,False,True,False,4
74.0,LINK_249048,5161705573,2,0,GGr,r,False,True,False,2
74.0,NODE_5837,5161705573,2,0,GGr,r,False,True,False,2
74.0,LINK_10218,11139418715,2,0,GGr,r,False,True,False,2
74.0,LINK_140740,11139418715,2,0,GGr,r,False,True,False,2
74.0,NODE_9634,10974501473,4,0,GGGGr,r,False,True,False,4
74.0,LINK_194891,11203052965,11,0,GGGGGGGGGGGr,r,False,True,False,11
74.0,NODE_10378,11139418715,2,0,GGr,r,False,True,False,2
74.0,NODE_5681,11139418723,2,0,GGr,r,False,True,False,2
74.0,NODE_10262,11203041635,4,0,GGGGr,r,False,True,False,4
74.5,LINK_249048,5161705573,2,0,GGr,r,False,True,False,2
74.5,NODE_5837,5161705573,2,0,GGr,r,False,True,False,2
74.5,LINK_10218,11139418715,2,0,GGr,r,False,True,False,2
74.5,LINK_140740,11139418715,2,0,GGr,r,False,True,False,2
74.5,NODE_9634,10974501473,4,0,GGGGr,r,False,True,False,4
74.5,LINK_194891,11203052965,11,0,GGGGGGGGGGGr,r,False,True,False,11
74.5,NODE_10378,11139418715,2,0,GGr,r,False,True,False,2
74.5,NODE_5681,11139418723,2,0,GGr,r,False,True,False,2
74.5,NODE_10262,11203041635,4,0,GGGGr,r,False,True,False,4
75.0,LINK_249048,5161705573,2,0,GGr,r,False,True,False,2
75.0,NODE_5837,5161705573,2,0,GGr,r,False,True,False,2
75.0,LINK_10218,11139418715,2,0,GGr,r,False,True,False,2
75.0,LINK_140740,11139418715,2,0,GGr,r,False,True,False,2
75.0,NODE_9634,10974501473,4,0,GGGGr,r,False,True,False,4
75.0,LINK_194891,11203052965,11,0,GGGGGGGGGGGr,r,False,True,False,11
75.0,NODE_10378,11139418715,2,0,GGr,r,False,True,False,2
75.0,NODE_5681,11139418723,2,0,GGr,r,False,True,False,2
75.0,NODE_10262,11203041635,4,0,GGGGr,r,False,True,False,4
75.5,LINK_249048,5161705573,2,0,GGr,r,False,True,False,2
75.5,NODE_5837,5161705573,2,0,GGr,r,False,True,False,2
75.5,LINK_10218,11139418715,2,0,GGr,r,False,True,False,2
75.5,LINK_140740,11139418715,2,0,GGr,r,False,True,False,2
75.5,NODE_9634,10974501473,4,0,GGGGr,r,False,True,False,4
75.5,LINK_194891,11203052965,11,0,GGGGGGGGGGGr,r,False,True,False,11
75.5,NODE_10378,11139418715,2,0,GGr,r,False,True,False,2
75.5,NODE_5681,11139418723,2,0,GGr,r,False,True,False,2
75.5,NODE_10262,11203041635,4,0,GGGGr,r,False,True,False,4
76.0,LINK_249048,5161705573,2,0,GGr,r,False,True,False,2
76.0,NODE_5837,5161705573,2,0,GGr,r,False,True,False,2
76.0,LINK_10218,11139418715,2,0,GGr,r,False,True,False,2
76.0,LINK_140740,11139418715,2,0,GGr,r,False,True,False,2
76.0,NODE_9634,10974501473,4,0,GGGGr,r,False,True,False,4
76.0,LINK_194891,11203052965,11,0,GGGGGGGGGGGr,r,False,True,False,11
76.0,NODE_10378,11139418715,2,0,GGr,r,False,True,False,2
76.0,NODE_5681,11139418723,2,0,GGr,r,False,True,False,2
76.0,NODE_10262,11203041635,4,0,GGGGr,r,False,True,False,4
76.5,LINK_249048,5161705573,2,0,GGr,r,False,True,False,2
76.5,NODE_5837,5161705573,2,0,GGr,r,False,True,False,2
76.5,LINK_10218,11139418715,2,0,GGr,r,False,True,False,2
76.5,LINK_140740,11139418715,2,0,GGr,r,False,True,False,2
76.5,NODE_9634,10974501473,4,0,GGGGr,r,False,True,False,4
76.5,LINK_194891,11203052965,11,0,GGGGGGGGGGGr,r,False,True,False,11
76.5,NODE_10378,11139418715,2,0,GGr,r,False,True,False,2
76.5,NODE_5681,11139418723,2,0,GGr,r,False,True,False,2
76.5,NODE_10262,11203041635,4,0,GGGGr,r,False,True,False,4
77.0,LINK_249048,5161705573,2,0,GGr,r,False,True,False,2
77.0,NODE_5837,5161705573,2,0,GGr,r,False,True,False,2
77.0,LINK_10218,11139418715,2,0,GGr,r,False,True,False,2
77.0,LINK_140740,11139418715,2,0,GGr,r,False,True,False,2
77.0,NODE_9634,10974501473,4,0,GGGGr,r,False,True,False,4
77.0,LINK_194891,11203052965,11,0,GGGGGGGGGGGr,r,False,True,False,11
77.0,NODE_10378,11139418715,2,0,GGr,r,False,True,False,2
77.0,NODE_5681,11139418723,2,0,GGr,r,False,True,False,2
77.0,NODE_10262,11203041635,4,0,GGGGr,r,False,True,False,4
77.5,LINK_249048,5161705573,2,0,GGr,r,False,True,False,2
77.5,NODE_5837,5161705573,2,0,GGr,r,False,True,False,2
77.5,LINK_10218,11139418715,2,0,GGr,r,False,True,False,2
77.5,LINK_140740,11139418715,2,0,GGr,r,False,True,False,2
77.5,NODE_9634,10974501473,4,0,GGGGr,r,False,True,False,4
77.5,LINK_194891,11203052965,11,0,GGGGGGGGGGGr,r,False,True,False,11
77.5,NODE_10378,11139418715,2,0,GGr,r,False,True,False,2
77.5,NODE_5681,11139418723,2,0,GGr,r,False,True,False,2
77.5,NODE_10262,11203041635,4,0,GGGGr,r,False,True,False,4
78.0,LINK_249048,5161705573,2,0,GGr,r,False,True,False,2
78.0,NODE_5837,5161705573,2,0,GGr,r,False,True,False,2
78.0,LINK_10218,11139418715,2,0,GGr,r,False,True,False,2
78.0,LINK_140740,11139418715,2,0,GGr,r,False,True,False,2
78.0,NODE_9634,10974501473,4,0,GGGGr,r,False,True,False,4
78.0,LINK_194891,11203052965,11,0,GGGGGGGGGGGr,r,False,True,False,11
78.0,NODE_10378,11139418715,2,0,GGr,r,False,True,False,2
78.0,NODE_5681,11139418723,2,0,GGr,r,False,True,False,2
78.0,NODE_10262,11203041635,4,0,GGGGr,r,False,True,False,4
78.5,LINK_249048,5161705573,2,0,GGr,r,False,True,False,2
78.5,NODE_5837,5161705573,2,0,GGr,r,False,True,False,2
78.5,LINK_10218,11139418715,2,0,GGr,r,False,True,False,2
78.5,LINK_140740,11139418715,2,0,GGr,r,False,True,False,2
78.5,NODE_9634,10974501473,4,0,GGGGr,r,False,True,False,4
78.5,LINK_194891,11203052965,11,0,GGGGGGGGGGGr,r,False,True,False,11
78.5,NODE_10378,11139418715,2,0,GGr,r,False,True,False,2
78.5,NODE_5681,11139418723,2,0,GGr,r,False,True,False,2
78.5,NODE_10262,11203041635,4,0,GGGGr,r,False,True,False,4
79.0,LINK_249048,5161705573,2,0,GGr,r,False,True,False,2
79.0,NODE_5837,5161705573,2,0,GGr,r,False,True,False,2
79.0,LINK_10218,11139418715,2,0,GGr,r,False,True,False,2
79.0,LINK_140740,11139418715,2,0,GGr,r,False,True,False,2
79.0,NODE_9634,10974501473,4,0,GGGGr,r,False,True,False,4
79.0,LINK_194891,11203052965,11,0,GGGGGGGGGGGr,r,False,True,False,11
79.0,NODE_10378,11139418715,2,0,GGr,r,False,True,False,2
79.0,NODE_5681,11139418723,2,0,GGr,r,False,True,False,2
79.0,NODE_10262,11203041635,4,0,GGGGr,r,False,True,False,4
79.5,LINK_249048,5161705573,2,1,yyr,r,False,True,False,0
79.5,NODE_5837,5161705573,2,1,yyr,r,False,True,False,0
79.5,LINK_10218,11139418715,2,1,yyr,r,False,True,False,0
79.5,LINK_140740,11139418715,2,1,yyr,r,False,True,False,0
79.5,NODE_9634,10974501473,4,0,GGGGr,r,False,True,False,4
79.5,LINK_194891,11203052965,11,1,yyyyyyyyyyyr,r,False,True,False,0
79.5,NODE_10378,11139418715,2,1,yyr,r,False,True,False,0
79.5,NODE_5681,11139418723,2,1,yyr,r,False,True,False,0
79.5,NODE_10262,11203041635,4,1,yyyyr,r,False,True,False,0
80.0,LINK_249048,5161705573,2,1,yyr,r,False,True,False,0
80.0,NODE_5837,5161705573,2,1,yyr,r,False,True,False,0
80.0,LINK_10218,11139418715,2,1,yyr,r,False,True,False,0
80.0,LINK_140740,11139418715,2,1,yyr,r,False,True,False,0
80.0,NODE_9634,10974501473,4,0,GGGGr,r,False,True,False,4
80.0,LINK_194891,11203052965,11,1,yyyyyyyyyyyr,r,False,True,False,0
80.0,NODE_10378,11139418715,2,1,yyr,r,False,True,False,0
80.0,NODE_5681,11139418723,2,1,yyr,r,False,True,False,0
80.0,NODE_10262,11203041635,4,1,yyyyr,r,False,True,False,0
80.5,LINK_249048,5161705573,2,1,yyr,r,False,True,False,0
80.5,NODE_5837,5161705573,2,1,yyr,r,False,True,False,0
80.5,LINK_10218,11139418715,2,1,yyr,r,False,True,False,0
80.5,LINK_140740,11139418715,2,1,yyr,r,False,True,False,0
80.5,NODE_9634,10974501473,4,0,GGGGr,r,False,True,False,4
80.5,LINK_194891,11203052965,11,1,yyyyyyyyyyyr,r,False,True,False,0
80.5,NODE_10378,11139418715,2,1,yyr,r,False,True,False,0
80.5,NODE_5681,11139418723,2,1,yyr,r,False,True,False,0
80.5,NODE_10262,11203041635,4,1,yyyyr,r,False,True,False,0
81.0,LINK_249048,5161705573,2,1,yyr,r,False,True,False,0
81.0,NODE_5837,5161705573,2,1,yyr,r,False,True,False,0
81.0,LINK_10218,11139418715,2,1,yyr,r,False,True,False,0
81.0,LINK_140740,11139418715,2,1,yyr,r,False,True,False,0
81.0,NODE_9634,10974501473,4,0,GGGGr,r,False,True,False,4
81.0,LINK_194891,11203052965,11,1,yyyyyyyyyyyr,r,False,True,False,0
81.0,NODE_10378,11139418715,2,1,yyr,r,False,True,False,0
81.0,NODE_5681,11139418723,2,1,yyr,r,False,True,False,0
81.0,NODE_10262,11203041635,4,1,yyyyr,r,False,True,False,0
81.5,LINK_249048,5161705573,2,1,yyr,r,False,True,False,0
81.5,NODE_5837,5161705573,2,1,yyr,r,False,True,False,0
81.5,LINK_10218,11139418715,2,1,yyr,r,False,True,False,0
81.5,LINK_140740,11139418715,2,1,yyr,r,False,True,False,0
81.5,NODE_9634,10974501473,4,1,yyyyr,r,False,True,False,0
81.5,LINK_194891,11203052965,11,1,yyyyyyyyyyyr,r,False,True,False,0
81.5,NODE_10378,11139418715,2,1,yyr,r,False,True,False,0
81.5,NODE_5681,11139418723,2,1,yyr,r,False,True,False,0
81.5,NODE_10262,11203041635,4,1,yyyyr,r,False,True,False,0
82.0,LINK_249048,5161705573,2,1,yyr,r,False,True,False,0
82.0,NODE_5837,5161705573,2,1,yyr,r,False,True,False,0
82.0,LINK_10218,11139418715,2,1,yyr,r,False,True,False,0
82.0,LINK_140740,11139418715,2,1,yyr,r,False,True,False,0
82.0,NODE_9634,10974501473,4,1,yyyyr,r,False,True,False,0
82.0,LINK_194891,11203052965,11,1,yyyyyyyyyyyr,r,False,True,False,0
82.0,NODE_10378,11139418715,2,1,yyr,r,False,True,False,0
82.0,NODE_5681,11139418723,2,1,yyr,r,False,True,False,0
82.0,NODE_10262,11203041635,4,1,yyyyr,r,False,True,False,0
82.5,LINK_249048,5161705573,2,1,yyr,r,False,True,False,0
82.5,NODE_5837,5161705573,2,1,yyr,r,False,True,False,0
82.5,LINK_10218,11139418715,2,1,yyr,r,False,True,False,0
82.5,LINK_140740,11139418715,2,1,yyr,r,False,True,False,0
82.5,NODE_9634,10974501473,4,1,yyyyr,r,False,True,False,0
82.5,LINK_194891,11203052965,11,1,yyyyyyyyyyyr,r,False,True,False,0
82.5,NODE_10378,11139418715,2,1,yyr,r,False,True,False,0
82.5,NODE_5681,11139418723,2,1,yyr,r,False,True,False,0
82.5,NODE_10262,11203041635,4,1,yyyyr,r,False,True,False,0
83.0,LINK_249048,5161705573,2,1,yyr,r,False,True,False,0
83.0,NODE_5837,5161705573,2,1,yyr,r,False,True,False,0
83.0,LINK_10218,11139418715,2,1,yyr,r,False,True,False,0
83.0,LINK_140740,11139418715,2,1,yyr,r,False,True,False,0
83.0,NODE_9634,10974501473,4,1,yyyyr,r,False,True,False,0
83.0,LINK_194891,11203052965,11,1,yyyyyyyyyyyr,r,False,True,False,0
83.0,NODE_10378,11139418715,2,1,yyr,r,False,True,False,0
83.0,NODE_5681,11139418723,2,1,yyr,r,False,True,False,0
83.0,NODE_10262,11203041635,4,1,yyyyr,r,False,True,False,0
83.5,LINK_249048,5161705573,2,1,yyr,r,False,True,False,0
83.5,NODE_5837,5161705573,2,1,yyr,r,False,True,False,0
83.5,LINK_10218,11139418715,2,1,yyr,r,False,True,False,0
83.5,LINK_140740,11139418715,2,1,yyr,r,False,True,False,0
83.5,NODE_9634,10974501473,4,1,yyyyr,r,False,True,False,0
83.5,LINK_194891,11203052965,11,1,yyyyyyyyyyyr,r,False,True,False,0
83.5,NODE_10378,11139418715,2,1,yyr,r,False,True,False,0
83.5,NODE_5681,11139418723,2,1,yyr,r,False,True,False,0
83.5,NODE_10262,11203041635,4,1,yyyyr,r,False,True,False,0
84.0,LINK_249048,5161705573,2,1,yyr,r,False,True,False,0
84.0,NODE_5837,5161705573,2,1,yyr,r,False,True,False,0
84.0,LINK_10218,11139418715,2,1,yyr,r,False,True,False,0
84.0,LINK_140740,11139418715,2,1,yyr,r,False,True,False,0
84.0,NODE_9634,10974501473,4,1,yyyyr,r,False,True,False,0
84.0,LINK_194891,11203052965,11,1,yyyyyyyyyyyr,r,False,True,False,0
84.0,NODE_10378,11139418715,2,1,yyr,r,False,True,False,0
84.0,NODE_5681,11139418723,2,1,yyr,r,False,True,False,0
84.0,NODE_10262,11203041635,4,1,yyyyr,r,False,True,False,0
84.5,LINK_249048,5161705573,2,1,yyr,r,False,True,False,0
84.5,NODE_5837,5161705573,2,1,yyr,r,False,True,False,0
84.5,LINK_10218,11139418715,2,1,yyr,r,False,True,False,0
84.5,LINK_140740,11139418715,2,1,yyr,r,False,True,False,0
84.5,NODE_9634,10974501473,4,1,yyyyr,r,False,True,False,0
84.5,LINK_194891,11203052965,11,1,yyyyyyyyyyyr,r,False,True,False,0
84.5,NODE_10378,11139418715,2,1,yyr,r,False,True,False,0
84.5,NODE_5681,11139418723,2,1,yyr,r,False,True,False,0
84.5,NODE_10262,11203041635,4,1,yyyyr,r,False,True,False,0
85.0,LINK_249048,5161705573,2,1,yyr,r,False,True,False,0
85.0,NODE_5837,5161705573,2,1,yyr,r,False,True,False,0
85.0,LINK_10218,11139418715,2,1,yyr,r,False,True,False,0
85.0,LINK_140740,11139418715,2,1,yyr,r,False,True,False,0
85.0,NODE_9634,10974501473,4,1,yyyyr,r,False,True,False,0
85.0,LINK_194891,11203052965,11,1,yyyyyyyyyyyr,r,False,True,False,0
85.0,NODE_10378,11139418715,2,1,yyr,r,False,True,False,0
85.0,NODE_5681,11139418723,2,1,yyr,r,False,True,False,0
85.0,NODE_10262,11203041635,4,1,yyyyr,r,False,True,False,0
85.5,LINK_249048,5161705573,2,2,rrG,G,True,False,True,0
85.5,NODE_5837,5161705573,2,2,rrG,G,True,False,True,0
85.5,LINK_10218,11139418715,2,2,rrG,G,True,False,True,0
85.5,LINK_140740,11139418715,2,2,rrG,G,True,False,True,0
85.5,NODE_9634,10974501473,4,2,rrrrG,G,True,False,True,0
85.5,LINK_194891,11203052965,11,2,rrrrrrrrrrrG,G,True,False,True,0
85.5,NODE_10378,11139418715,2,2,rrG,G,True,False,True,0
85.5,NODE_5681,11139418723,2,2,rrG,G,True,False,True,0
85.5,NODE_10262,11203041635,4,2,rrrrG,G,True,False,True,0
86.0,LINK_249048,5161705573,2,2,rrG,G,True,False,True,0
86.0,NODE_5837,5161705573,2,2,rrG,G,True,False,True,0
86.0,LINK_10218,11139418715,2,2,rrG,G,True,False,True,0
86.0,LINK_140740,11139418715,2,2,rrG,G,True,False,True,0
86.0,NODE_9634,10974501473,4,2,rrrrG,G,True,False,True,0
86.0,LINK_194891,11203052965,11,2,rrrrrrrrrrrG,G,True,False,True,0
86.0,NODE_10378,11139418715,2,2,rrG,G,True,False,True,0
86.0,NODE_5681,11139418723,2,2,rrG,G,True,False,True,0
86.0,NODE_10262,11203041635,4,2,rrrrG,G,True,False,True,0
86.5,LINK_249048,5161705573,2,2,rrG,G,True,False,True,0
86.5,NODE_5837,5161705573,2,2,rrG,G,True,False,True,0
86.5,LINK_10218,11139418715,2,2,rrG,G,True,False,True,0
86.5,LINK_140740,11139418715,2,2,rrG,G,True,False,True,0
86.5,NODE_9634,10974501473,4,2,rrrrG,G,True,False,True,0
86.5,LINK_194891,11203052965,11,2,rrrrrrrrrrrG,G,True,False,True,0
86.5,NODE_10378,11139418715,2,2,rrG,G,True,False,True,0
86.5,NODE_5681,11139418723,2,2,rrG,G,True,False,True,0
86.5,NODE_10262,11203041635,4,2,rrrrG,G,True,False,True,0
87.0,LINK_249048,5161705573,2,2,rrG,G,True,False,True,0
87.0,NODE_5837,5161705573,2,2,rrG,G,True,False,True,0
87.0,LINK_10218,11139418715,2,2,rrG,G,True,False,True,0
87.0,LINK_140740,11139418715,2,2,rrG,G,True,False,True,0
87.0,NODE_9634,10974501473,4,2,rrrrG,G,True,False,True,0
87.0,LINK_194891,11203052965,11,2,rrrrrrrrrrrG,G,True,False,True,0
87.0,NODE_10378,11139418715,2,2,rrG,G,True,False,True,0
87.0,NODE_5681,11139418723,2,2,rrG,G,True,False,True,0
87.0,NODE_10262,11203041635,4,2,rrrrG,G,True,False,True,0
87.5,LINK_249048,5161705573,2,2,rrG,G,True,False,True,0
87.5,NODE_5837,5161705573,2,2,rrG,G,True,False,True,0
87.5,LINK_10218,11139418715,2,2,rrG,G,True,False,True,0
87.5,LINK_140740,11139418715,2,2,rrG,G,True,False,True,0
87.5,NODE_9634,10974501473,4,2,rrrrG,G,True,False,True,0
87.5,LINK_194891,11203052965,11,2,rrrrrrrrrrrG,G,True,False,True,0
87.5,NODE_10378,11139418715,2,2,rrG,G,True,False,True,0
87.5,NODE_5681,11139418723,2,2,rrG,G,True,False,True,0
87.5,NODE_10262,11203041635,4,2,rrrrG,G,True,False,True,0
88.0,LINK_249048,5161705573,2,2,rrG,G,True,False,True,0
88.0,NODE_5837,5161705573,2,2,rrG,G,True,False,True,0
88.0,LINK_10218,11139418715,2,2,rrG,G,True,False,True,0
88.0,LINK_140740,11139418715,2,2,rrG,G,True,False,True,0
88.0,NODE_9634,10974501473,4,2,rrrrG,G,True,False,True,0
88.0,LINK_194891,11203052965,11,2,rrrrrrrrrrrG,G,True,False,True,0
88.0,NODE_10378,11139418715,2,2,rrG,G,True,False,True,0
88.0,NODE_5681,11139418723,2,2,rrG,G,True,False,True,0
88.0,NODE_10262,11203041635,4,2,rrrrG,G,True,False,True,0
88.5,LINK_249048,5161705573,2,2,rrG,G,True,False,True,0
88.5,NODE_5837,5161705573,2,2,rrG,G,True,False,True,0
88.5,LINK_10218,11139418715,2,2,rrG,G,True,False,True,0
88.5,LINK_140740,11139418715,2,2,rrG,G,True,False,True,0
88.5,NODE_9634,10974501473,4,2,rrrrG,G,True,False,True,0
88.5,LINK_194891,11203052965,11,2,rrrrrrrrrrrG,G,True,False,True,0
88.5,NODE_10378,11139418715,2,2,rrG,G,True,False,True,0
88.5,NODE_5681,11139418723,2,2,rrG,G,True,False,True,0
88.5,NODE_10262,11203041635,4,2,rrrrG,G,True,False,True,0
89.0,LINK_249048,5161705573,2,2,rrG,G,True,False,True,0
89.0,NODE_5837,5161705573,2,2,rrG,G,True,False,True,0
89.0,LINK_10218,11139418715,2,2,rrG,G,True,False,True,0
89.0,LINK_140740,11139418715,2,2,rrG,G,True,False,True,0
89.0,NODE_9634,10974501473,4,2,rrrrG,G,True,False,True,0
89.0,LINK_194891,11203052965,11,2,rrrrrrrrrrrG,G,True,False,True,0
89.0,NODE_10378,11139418715,2,2,rrG,G,True,False,True,0
89.0,NODE_5681,11139418723,2,2,rrG,G,True,False,True,0
89.0,NODE_10262,11203041635,4,2,rrrrG,G,True,False,True,0
89.5,LINK_249048,5161705573,2,2,rrG,G,True,False,True,0
89.5,NODE_5837,5161705573,2,2,rrG,G,True,False,True,0
89.5,LINK_10218,11139418715,2,2,rrG,G,True,False,True,0
89.5,LINK_140740,11139418715,2,2,rrG,G,True,False,True,0
89.5,NODE_9634,10974501473,4,2,rrrrG,G,True,False,True,0
89.5,LINK_194891,11203052965,11,2,rrrrrrrrrrrG,G,True,False,True,0
89.5,NODE_10378,11139418715,2,2,rrG,G,True,False,True,0
89.5,NODE_5681,11139418723,2,2,rrG,G,True,False,True,0
89.5,NODE_10262,11203041635,4,2,rrrrG,G,True,False,True,0
90.0,LINK_249048,5161705573,2,2,rrG,G,True,False,True,0
90.0,NODE_5837,5161705573,2,2,rrG,G,True,False,True,0
90.0,LINK_10218,11139418715,2,2,rrG,G,True,False,True,0
90.0,LINK_140740,11139418715,2,2,rrG,G,True,False,True,0
90.0,NODE_9634,10974501473,4,2,rrrrG,G,True,False,True,0
90.0,LINK_194891,11203052965,11,2,rrrrrrrrrrrG,G,True,False,True,0
90.0,NODE_10378,11139418715,2,2,rrG,G,True,False,True,0
90.0,NODE_5681,11139418723,2,2,rrG,G,True,False,True,0
90.0,NODE_10262,11203041635,4,2,rrrrG,G,True,False,True,0
90.5,LINK_249048,5161705573,2,2,rrG,G,True,False,True,0
90.5,NODE_5837,5161705573,2,2,rrG,G,True,False,True,0
90.5,LINK_10218,11139418715,2,2,rrG,G,True,False,True,0
90.5,LINK_140740,11139418715,2,2,rrG,G,True,False,True,0
90.5,NODE_9634,10974501473,4,2,rrrrG,G,True,False,True,0
90.5,LINK_194891,11203052965,11,2,rrrrrrrrrrrG,G,True,False,True,0
90.5,NODE_10378,11139418715,2,2,rrG,G,True,False,True,0
90.5,NODE_5681,11139418723,2,2,rrG,G,True,False,True,0
90.5,NODE_10262,11203041635,4,2,rrrrG,G,True,False,True,0
91.0,LINK_249048,5161705573,2,2,rrG,G,True,False,True,0
91.0,NODE_5837,5161705573,2,2,rrG,G,True,False,True,0
91.0,LINK_10218,11139418715,2,2,rrG,G,True,False,True,0
91.0,LINK_140740,11139418715,2,2,rrG,G,True,False,True,0
91.0,NODE_9634,10974501473,4,2,rrrrG,G,True,False,True,0
91.0,LINK_194891,11203052965,11,2,rrrrrrrrrrrG,G,True,False,True,0
91.0,NODE_10378,11139418715,2,2,rrG,G,True,False,True,0
91.0,NODE_5681,11139418723,2,2,rrG,G,True,False,True,0
91.0,NODE_10262,11203041635,4,2,rrrrG,G,True,False,True,0
91.5,LINK_249048,5161705573,2,2,rrG,G,True,False,True,0
91.5,NODE_5837,5161705573,2,2,rrG,G,True,False,True,0
91.5,LINK_10218,11139418715,2,2,rrG,G,True,False,True,0
91.5,LINK_140740,11139418715,2,2,rrG,G,True,False,True,0
91.5,NODE_9634,10974501473,4,2,rrrrG,G,True,False,True,0
91.5,LINK_194891,11203052965,11,2,rrrrrrrrrrrG,G,True,False,True,0
91.5,NODE_10378,11139418715,2,2,rrG,G,True,False,True,0
91.5,NODE_5681,11139418723,2,2,rrG,G,True,False,True,0
91.5,NODE_10262,11203041635,4,2,rrrrG,G,True,False,True,0
92.0,LINK_249048,5161705573,2,2,rrG,G,True,False,True,0
92.0,NODE_5837,5161705573,2,2,rrG,G,True,False,True,0
92.0,LINK_10218,11139418715,2,2,rrG,G,True,False,True,0
92.0,LINK_140740,11139418715,2,2,rrG,G,True,False,True,0
92.0,NODE_9634,10974501473,4,2,rrrrG,G,True,False,True,0
92.0,LINK_194891,11203052965,11,2,rrrrrrrrrrrG,G,True,False,True,0
92.0,NODE_10378,11139418715,2,2,rrG,G,True,False,True,0
92.0,NODE_5681,11139418723,2,2,rrG,G,True,False,True,0
92.0,NODE_10262,11203041635,4,2,rrrrG,G,True,False,True,0
92.5,LINK_249048,5161705573,2,2,rrG,G,True,False,True,0
92.5,NODE_5837,5161705573,2,2,rrG,G,True,False,True,0
92.5,LINK_10218,11139418715,2,2,rrG,G,True,False,True,0
92.5,LINK_140740,11139418715,2,2,rrG,G,True,False,True,0
92.5,NODE_9634,10974501473,4,2,rrrrG,G,True,False,True,0
92.5,LINK_194891,11203052965,11,2,rrrrrrrrrrrG,G,True,False,True,0
92.5,NODE_10378,11139418715,2,2,rrG,G,True,False,True,0
92.5,NODE_5681,11139418723,2,2,rrG,G,True,False,True,0
92.5,NODE_10262,11203041635,4,2,rrrrG,G,True,False,True,0
93.0,LINK_249048,5161705573,2,2,rrG,G,True,False,True,0
93.0,NODE_5837,5161705573,2,2,rrG,G,True,False,True,0
93.0,LINK_10218,11139418715,2,2,rrG,G,True,False,True,0
93.0,LINK_140740,11139418715,2,2,rrG,G,True,False,True,0
93.0,NODE_9634,10974501473,4,2,rrrrG,G,True,False,True,0
93.0,LINK_194891,11203052965,11,2,rrrrrrrrrrrG,G,True,False,True,0
93.0,NODE_10378,11139418715,2,2,rrG,G,True,False,True,0
93.0,NODE_5681,11139418723,2,2,rrG,G,True,False,True,0
93.0,NODE_10262,11203041635,4,2,rrrrG,G,True,False,True,0
93.5,LINK_249048,5161705573,2,2,rrG,G,True,False,True,0
93.5,NODE_5837,5161705573,2,2,rrG,G,True,False,True,0
93.5,LINK_10218,11139418715,2,2,rrG,G,True,False,True,0
93.5,LINK_140740,11139418715,2,2,rrG,G,True,False,True,0
93.5,NODE_9634,10974501473,4,2,rrrrG,G,True,False,True,0
93.5,LINK_194891,11203052965,11,2,rrrrrrrrrrrG,G,True,False,True,0
93.5,NODE_10378,11139418715,2,2,rrG,G,True,False,True,0
93.5,NODE_5681,11139418723,2,2,rrG,G,True,False,True,0
93.5,NODE_10262,11203041635,4,2,rrrrG,G,True,False,True,0
94.0,LINK_249048,5161705573,2,2,rrG,G,True,False,True,0
94.0,NODE_5837,5161705573,2,2,rrG,G,True,False,True,0
94.0,LINK_10218,11139418715,2,2,rrG,G,True,False,True,0
94.0,LINK_140740,11139418715,2,2,rrG,G,True,False,True,0
94.0,NODE_9634,10974501473,4,2,rrrrG,G,True,False,True,0
94.0,LINK_194891,11203052965,11,2,rrrrrrrrrrrG,G,True,False,True,0
94.0,NODE_10378,11139418715,2,2,rrG,G,True,False,True,0
94.0,NODE_5681,11139418723,2,2,rrG,G,True,False,True,0
94.0,NODE_10262,11203041635,4,2,rrrrG,G,True,False,True,0
94.5,LINK_249048,5161705573,2,2,rrG,G,True,False,True,0
94.5,NODE_5837,5161705573,2,2,rrG,G,True,False,True,0
94.5,LINK_10218,11139418715,2,2,rrG,G,True,False,True,0
94.5,LINK_140740,11139418715,2,2,rrG,G,True,False,True,0
94.5,NODE_9634,10974501473,4,2,rrrrG,G,True,False,True,0
94.5,LINK_194891,11203052965,11,2,rrrrrrrrrrrG,G,True,False,True,0
94.5,NODE_10378,11139418715,2,2,rrG,G,True,False,True,0
94.5,NODE_5681,11139418723,2,2,rrG,G,True,False,True,0
94.5,NODE_10262,11203041635,4,2,rrrrG,G,True,False,True,0
95.0,LINK_249048,5161705573,2,2,rrG,G,True,False,True,0
95.0,NODE_5837,5161705573,2,2,rrG,G,True,False,True,0
95.0,LINK_10218,11139418715,2,2,rrG,G,True,False,True,0
95.0,LINK_140740,11139418715,2,2,rrG,G,True,False,True,0
95.0,NODE_9634,10974501473,4,2,rrrrG,G,True,False,True,0
95.0,LINK_194891,11203052965,11,2,rrrrrrrrrrrG,G,True,False,True,0
95.0,NODE_10378,11139418715,2,2,rrG,G,True,False,True,0
95.0,NODE_5681,11139418723,2,2,rrG,G,True,False,True,0
95.0,NODE_10262,11203041635,4,2,rrrrG,G,True,False,True,0
95.5,LINK_249048,5161705573,2,2,rrG,G,True,False,True,0
95.5,NODE_5837,5161705573,2,2,rrG,G,True,False,True,0
95.5,LINK_10218,11139418715,2,2,rrG,G,True,False,True,0
95.5,LINK_140740,11139418715,2,2,rrG,G,True,False,True,0
95.5,NODE_9634,10974501473,4,2,rrrrG,G,True,False,True,0
95.5,LINK_194891,11203052965,11,2,rrrrrrrrrrrG,G,True,False,True,0
95.5,NODE_10378,11139418715,2,2,rrG,G,True,False,True,0
95.5,NODE_5681,11139418723,2,2,rrG,G,True,False,True,0
95.5,NODE_10262,11203041635,4,2,rrrrG,G,True,False,True,0
96.0,LINK_249048,5161705573,2,2,rrG,G,True,False,True,0
96.0,NODE_5837,5161705573,2,2,rrG,G,True,False,True,0
96.0,LINK_10218,11139418715,2,2,rrG,G,True,False,True,0
96.0,LINK_140740,11139418715,2,2,rrG,G,True,False,True,0
96.0,NODE_9634,10974501473,4,2,rrrrG,G,True,False,True,0
96.0,LINK_194891,11203052965,11,2,rrrrrrrrrrrG,G,True,False,True,0
96.0,NODE_10378,11139418715,2,2,rrG,G,True,False,True,0
96.0,NODE_5681,11139418723,2,2,rrG,G,True,False,True,0
96.0,NODE_10262,11203041635,4,2,rrrrG,G,True,False,True,0
96.5,LINK_249048,5161705573,2,2,rrG,G,True,False,True,0
96.5,NODE_5837,5161705573,2,2,rrG,G,True,False,True,0
96.5,LINK_10218,11139418715,2,2,rrG,G,True,False,True,0
96.5,LINK_140740,11139418715,2,2,rrG,G,True,False,True,0
96.5,NODE_9634,10974501473,4,2,rrrrG,G,True,False,True,0
96.5,LINK_194891,11203052965,11,2,rrrrrrrrrrrG,G,True,False,True,0
96.5,NODE_10378,11139418715,2,2,rrG,G,True,False,True,0
96.5,NODE_5681,11139418723,2,2,rrG,G,True,False,True,0
96.5,NODE_10262,11203041635,4,2,rrrrG,G,True,False,True,0
97.0,LINK_249048,5161705573,2,2,rrG,G,True,False,True,0
97.0,NODE_5837,5161705573,2,2,rrG,G,True,False,True,0
97.0,LINK_10218,11139418715,2,2,rrG,G,True,False,True,0
97.0,LINK_140740,11139418715,2,2,rrG,G,True,False,True,0
97.0,NODE_9634,10974501473,4,2,rrrrG,G,True,False,True,0
97.0,LINK_194891,11203052965,11,2,rrrrrrrrrrrG,G,True,False,True,0
97.0,NODE_10378,11139418715,2,2,rrG,G,True,False,True,0
97.0,NODE_5681,11139418723,2,2,rrG,G,True,False,True,0
97.0,NODE_10262,11203041635,4,2,rrrrG,G,True,False,True,0
97.5,LINK_249048,5161705573,2,2,rrG,G,True,False,True,0
97.5,NODE_5837,5161705573,2,2,rrG,G,True,False,True,0
97.5,LINK_10218,11139418715,2,2,rrG,G,True,False,True,0
97.5,LINK_140740,11139418715,2,2,rrG,G,True,False,True,0
97.5,NODE_9634,10974501473,4,2,rrrrG,G,True,False,True,0
97.5,LINK_194891,11203052965,11,2,rrrrrrrrrrrG,G,True,False,True,0
97.5,NODE_10378,11139418715,2,2,rrG,G,True,False,True,0
97.5,NODE_5681,11139418723,2,2,rrG,G,True,False,True,0
97.5,NODE_10262,11203041635,4,2,rrrrG,G,True,False,True,0
98.0,LINK_249048,5161705573,2,2,rrG,G,True,False,True,0
98.0,NODE_5837,5161705573,2,2,rrG,G,True,False,True,0
98.0,LINK_10218,11139418715,2,2,rrG,G,True,False,True,0
98.0,LINK_140740,11139418715,2,2,rrG,G,True,False,True,0
98.0,NODE_9634,10974501473,4,2,rrrrG,G,True,False,True,0
98.0,LINK_194891,11203052965,11,2,rrrrrrrrrrrG,G,True,False,True,0
98.0,NODE_10378,11139418715,2,2,rrG,G,True,False,True,0
98.0,NODE_5681,11139418723,2,2,rrG,G,True,False,True,0
98.0,NODE_10262,11203041635,4,2,rrrrG,G,True,False,True,0
98.5,LINK_249048,5161705573,2,2,rrG,G,True,False,True,0
98.5,NODE_5837,5161705573,2,2,rrG,G,True,False,True,0
98.5,LINK_10218,11139418715,2,2,rrG,G,True,False,True,0
98.5,LINK_140740,11139418715,2,2,rrG,G,True,False,True,0
98.5,NODE_9634,10974501473,4,2,rrrrG,G,True,False,True,0
98.5,LINK_194891,11203052965,11,2,rrrrrrrrrrrG,G,True,False,True,0
98.5,NODE_10378,11139418715,2,2,rrG,G,True,False,True,0
98.5,NODE_5681,11139418723,2,2,rrG,G,True,False,True,0
98.5,NODE_10262,11203041635,4,2,rrrrG,G,True,False,True,0
99.0,LINK_249048,5161705573,2,2,rrG,G,True,False,True,0
99.0,NODE_5837,5161705573,2,2,rrG,G,True,False,True,0
99.0,LINK_10218,11139418715,2,2,rrG,G,True,False,True,0
99.0,LINK_140740,11139418715,2,2,rrG,G,True,False,True,0
99.0,NODE_9634,10974501473,4,2,rrrrG,G,True,False,True,0
99.0,LINK_194891,11203052965,11,2,rrrrrrrrrrrG,G,True,False,True,0
99.0,NODE_10378,11139418715,2,2,rrG,G,True,False,True,0
99.0,NODE_5681,11139418723,2,2,rrG,G,True,False,True,0
99.0,NODE_10262,11203041635,4,2,rrrrG,G,True,False,True,0
99.5,LINK_249048,5161705573,2,2,rrG,G,True,False,True,0
99.5,NODE_5837,5161705573,2,2,rrG,G,True,False,True,0
99.5,LINK_10218,11139418715,2,2,rrG,G,True,False,True,0
99.5,LINK_140740,11139418715,2,2,rrG,G,True,False,True,0
99.5,NODE_9634,10974501473,4,2,rrrrG,G,True,False,True,0
99.5,LINK_194891,11203052965,11,2,rrrrrrrrrrrG,G,True,False,True,0
99.5,NODE_10378,11139418715,2,2,rrG,G,True,False,True,0
99.5,NODE_5681,11139418723,2,2,rrG,G,True,False,True,0
99.5,NODE_10262,11203041635,4,2,rrrrG,G,True,False,True,0
100.0,LINK_249048,5161705573,2,2,rrG,G,True,False,True,0
100.0,NODE_5837,5161705573,2,2,rrG,G,True,False,True,0
100.0,LINK_10218,11139418715,2,2,rrG,G,True,False,True,0
100.0,LINK_140740,11139418715,2,2,rrG,G,True,False,True,0
100.0,NODE_9634,10974501473,4,2,rrrrG,G,True,False,True,0
100.0,LINK_194891,11203052965,11,2,rrrrrrrrrrrG,G,True,False,True,0
100.0,NODE_10378,11139418715,2,2,rrG,G,True,False,True,0
100.0,NODE_5681,11139418723,2,2,rrG,G,True,False,True,0
100.0,NODE_10262,11203041635,4,2,rrrrG,G,True,False,True,0
100.5,LINK_249048,5161705573,2,2,rrG,G,True,False,True,0
100.5,NODE_5837,5161705573,2,2,rrG,G,True,False,True,0
100.5,LINK_10218,11139418715,2,2,rrG,G,True,False,True,0
100.5,LINK_140740,11139418715,2,2,rrG,G,True,False,True,0
100.5,NODE_9634,10974501473,4,2,rrrrG,G,True,False,True,0
100.5,LINK_194891,11203052965,11,2,rrrrrrrrrrrG,G,True,False,True,0
100.5,NODE_10378,11139418715,2,2,rrG,G,True,False,True,0
100.5,NODE_5681,11139418723,2,2,rrG,G,True,False,True,0
100.5,NODE_10262,11203041635,4,2,rrrrG,G,True,False,True,0
101.0,LINK_249048,5161705573,2,2,rrG,G,True,False,True,0
101.0,NODE_5837,5161705573,2,2,rrG,G,True,False,True,0
101.0,LINK_10218,11139418715,2,2,rrG,G,True,False,True,0
101.0,LINK_140740,11139418715,2,2,rrG,G,True,False,True,0
101.0,NODE_9634,10974501473,4,2,rrrrG,G,True,False,True,0
101.0,LINK_194891,11203052965,11,2,rrrrrrrrrrrG,G,True,False,True,0
101.0,NODE_10378,11139418715,2,2,rrG,G,True,False,True,0
101.0,NODE_5681,11139418723,2,2,rrG,G,True,False,True,0
101.0,NODE_10262,11203041635,4,2,rrrrG,G,True,False,True,0
101.5,LINK_249048,5161705573,2,2,rrG,G,True,False,True,0
101.5,NODE_5837,5161705573,2,2,rrG,G,True,False,True,0
101.5,LINK_10218,11139418715,2,2,rrG,G,True,False,True,0
101.5,LINK_140740,11139418715,2,2,rrG,G,True,False,True,0
101.5,NODE_9634,10974501473,4,2,rrrrG,G,True,False,True,0
101.5,LINK_194891,11203052965,11,2,rrrrrrrrrrrG,G,True,False,True,0
101.5,NODE_10378,11139418715,2,2,rrG,G,True,False,True,0
101.5,NODE_5681,11139418723,2,2,rrG,G,True,False,True,0
101.5,NODE_10262,11203041635,4,2,rrrrG,G,True,False,True,0
102.0,LINK_249048,5161705573,2,2,rrG,G,True,False,True,0
102.0,NODE_5837,5161705573,2,2,rrG,G,True,False,True,0
102.0,LINK_10218,11139418715,2,2,rrG,G,True,False,True,0
102.0,LINK_140740,11139418715,2,2,rrG,G,True,False,True,0
102.0,NODE_9634,10974501473,4,2,rrrrG,G,True,False,True,0
102.0,LINK_194891,11203052965,11,2,rrrrrrrrrrrG,G,True,False,True,0
102.0,NODE_10378,11139418715,2,2,rrG,G,True,False,True,0
102.0,NODE_5681,11139418723,2,2,rrG,G,True,False,True,0
102.0,NODE_10262,11203041635,4,2,rrrrG,G,True,False,True,0
102.5,LINK_249048,5161705573,2,2,rrG,G,True,False,True,0
102.5,NODE_5837,5161705573,2,2,rrG,G,True,False,True,0
102.5,LINK_10218,11139418715,2,2,rrG,G,True,False,True,0
102.5,LINK_140740,11139418715,2,2,rrG,G,True,False,True,0
102.5,NODE_9634,10974501473,4,2,rrrrG,G,True,False,True,0
102.5,LINK_194891,11203052965,11,2,rrrrrrrrrrrG,G,True,False,True,0
102.5,NODE_10378,11139418715,2,2,rrG,G,True,False,True,0
102.5,NODE_5681,11139418723,2,2,rrG,G,True,False,True,0
102.5,NODE_10262,11203041635,4,2,rrrrG,G,True,False,True,0
103.0,LINK_249048,5161705573,2,2,rrG,G,True,False,True,0
103.0,NODE_5837,5161705573,2,2,rrG,G,True,False,True,0
103.0,LINK_10218,11139418715,2,2,rrG,G,True,False,True,0
103.0,LINK_140740,11139418715,2,2,rrG,G,True,False,True,0
103.0,NODE_9634,10974501473,4,2,rrrrG,G,True,False,True,0
103.0,LINK_194891,11203052965,11,2,rrrrrrrrrrrG,G,True,False,True,0
103.0,NODE_10378,11139418715,2,2,rrG,G,True,False,True,0
103.0,NODE_5681,11139418723,2,2,rrG,G,True,False,True,0
103.0,NODE_10262,11203041635,4,2,rrrrG,G,True,False,True,0
103.5,LINK_249048,5161705573,2,2,rrG,G,True,False,True,0
103.5,NODE_5837,5161705573,2,2,rrG,G,True,False,True,0
103.5,LINK_10218,11139418715,2,2,rrG,G,True,False,True,0
103.5,LINK_140740,11139418715,2,2,rrG,G,True,False,True,0
103.5,NODE_9634,10974501473,4,0,GGGGr,r,False,True,False,4
103.5,LINK_194891,11203052965,11,0,GGGGGGGGGGGr,r,False,True,False,11
103.5,NODE_10378,11139418715,2,2,rrG,G,True,False,True,0
103.5,NODE_5681,11139418723,2,0,GGr,r,False,True,False,2
103.5,NODE_10262,11203041635,4,0,GGGGr,r,False,True,False,4
104.0,LINK_249048,5161705573,2,2,rrG,G,True,False,True,0
104.0,NODE_5837,5161705573,2,2,rrG,G,True,False,True,0
104.0,LINK_10218,11139418715,2,2,rrG,G,True,False,True,0
104.0,LINK_140740,11139418715,2,2,rrG,G,True,False,True,0
104.0,NODE_9634,10974501473,4,0,GGGGr,r,False,True,False,4
104.0,LINK_194891,11203052965,11,0,GGGGGGGGGGGr,r,False,True,False,11
104.0,NODE_10378,11139418715,2,2,rrG,G,True,False,True,0
104.0,NODE_5681,11139418723,2,0,GGr,r,False,True,False,2
104.0,NODE_10262,11203041635,4,0,GGGGr,r,False,True,False,4
104.5,LINK_249048,5161705573,2,2,rrG,G,True,False,True,0
104.5,NODE_5837,5161705573,2,2,rrG,G,True,False,True,0
104.5,LINK_10218,11139418715,2,2,rrG,G,True,False,True,0
104.5,LINK_140740,11139418715,2,2,rrG,G,True,False,True,0
104.5,NODE_9634,10974501473,4,0,GGGGr,r,False,True,False,4
104.5,LINK_194891,11203052965,11,0,GGGGGGGGGGGr,r,False,True,False,11
104.5,NODE_10378,11139418715,2,2,rrG,G,True,False,True,0
104.5,NODE_5681,11139418723,2,0,GGr,r,False,True,False,2
104.5,NODE_10262,11203041635,4,0,GGGGr,r,False,True,False,4
105.0,LINK_249048,5161705573,2,2,rrG,G,True,False,True,0
105.0,NODE_5837,5161705573,2,2,rrG,G,True,False,True,0
105.0,LINK_10218,11139418715,2,2,rrG,G,True,False,True,0
105.0,LINK_140740,11139418715,2,2,rrG,G,True,False,True,0
105.0,NODE_9634,10974501473,4,0,GGGGr,r,False,True,False,4
105.0,LINK_194891,11203052965,11,0,GGGGGGGGGGGr,r,False,True,False,11
105.0,NODE_10378,11139418715,2,2,rrG,G,True,False,True,0
105.0,NODE_5681,11139418723,2,0,GGr,r,False,True,False,2
105.0,NODE_10262,11203041635,4,0,GGGGr,r,False,True,False,4
105.5,LINK_249048,5161705573,2,2,rrG,G,True,False,True,0
105.5,NODE_5837,5161705573,2,2,rrG,G,True,False,True,0
105.5,LINK_10218,11139418715,2,2,rrG,G,True,False,True,0
105.5,LINK_140740,11139418715,2,2,rrG,G,True,False,True,0
105.5,NODE_9634,10974501473,4,0,GGGGr,r,False,True,False,4
105.5,LINK_194891,11203052965,11,0,GGGGGGGGGGGr,r,False,True,False,11
105.5,NODE_10378,11139418715,2,2,rrG,G,True,False,True,0
105.5,NODE_5681,11139418723,2,0,GGr,r,False,True,False,2
105.5,NODE_10262,11203041635,4,0,GGGGr,r,False,True,False,4
106.0,LINK_249048,5161705573,2,2,rrG,G,True,False,True,0
106.0,NODE_5837,5161705573,2,2,rrG,G,True,False,True,0
106.0,LINK_10218,11139418715,2,2,rrG,G,True,False,True,0
106.0,LINK_140740,11139418715,2,2,rrG,G,True,False,True,0
106.0,NODE_9634,10974501473,4,0,GGGGr,r,False,True,False,4
106.0,LINK_194891,11203052965,11,0,GGGGGGGGGGGr,r,False,True,False,11
106.0,NODE_10378,11139418715,2,2,rrG,G,True,False,True,0
106.0,NODE_5681,11139418723,2,0,GGr,r,False,True,False,2
106.0,NODE_10262,11203041635,4,0,GGGGr,r,False,True,False,4
106.5,LINK_249048,5161705573,2,2,rrG,G,True,False,True,0
106.5,NODE_5837,5161705573,2,2,rrG,G,True,False,True,0
106.5,LINK_10218,11139418715,2,2,rrG,G,True,False,True,0
106.5,LINK_140740,11139418715,2,2,rrG,G,True,False,True,0
106.5,NODE_9634,10974501473,4,0,GGGGr,r,False,True,False,4
106.5,LINK_194891,11203052965,11,0,GGGGGGGGGGGr,r,False,True,False,11
106.5,NODE_10378,11139418715,2,2,rrG,G,True,False,True,0
106.5,NODE_5681,11139418723,2,0,GGr,r,False,True,False,2
106.5,NODE_10262,11203041635,4,0,GGGGr,r,False,True,False,4
107.0,LINK_249048,5161705573,2,2,rrG,G,True,False,True,0
107.0,NODE_5837,5161705573,2,2,rrG,G,True,False,True,0
107.0,LINK_10218,11139418715,2,2,rrG,G,True,False,True,0
107.0,LINK_140740,11139418715,2,2,rrG,G,True,False,True,0
107.0,NODE_9634,10974501473,4,0,GGGGr,r,False,True,False,4
107.0,LINK_194891,11203052965,11,0,GGGGGGGGGGGr,r,False,True,False,11
107.0,NODE_10378,11139418715,2,2,rrG,G,True,False,True,0
107.0,NODE_5681,11139418723,2,0,GGr,r,False,True,False,2
107.0,NODE_10262,11203041635,4,0,GGGGr,r,False,True,False,4
107.5,LINK_249048,5161705573,2,2,rrG,G,True,False,True,0
107.5,NODE_5837,5161705573,2,2,rrG,G,True,False,True,0
107.5,LINK_10218,11139418715,2,2,rrG,G,True,False,True,0
107.5,LINK_140740,11139418715,2,2,rrG,G,True,False,True,0
107.5,NODE_9634,10974501473,4,0,GGGGr,r,False,True,False,4
107.5,LINK_194891,11203052965,11,0,GGGGGGGGGGGr,r,False,True,False,11
107.5,NODE_10378,11139418715,2,2,rrG,G,True,False,True,0
107.5,NODE_5681,11139418723,2,0,GGr,r,False,True,False,2
107.5,NODE_10262,11203041635,4,0,GGGGr,r,False,True,False,4
108.0,LINK_249048,5161705573,2,2,rrG,G,True,False,True,0
108.0,NODE_5837,5161705573,2,2,rrG,G,True,False,True,0
108.0,LINK_10218,11139418715,2,2,rrG,G,True,False,True,0
108.0,LINK_140740,11139418715,2,2,rrG,G,True,False,True,0
108.0,NODE_9634,10974501473,4,0,GGGGr,r,False,True,False,4
108.0,LINK_194891,11203052965,11,0,GGGGGGGGGGGr,r,False,True,False,11
108.0,NODE_10378,11139418715,2,2,rrG,G,True,False,True,0
108.0,NODE_5681,11139418723,2,0,GGr,r,False,True,False,2
108.0,NODE_10262,11203041635,4,0,GGGGr,r,False,True,False,4
108.5,LINK_249048,5161705573,2,0,GGr,r,False,True,False,2
108.5,NODE_5837,5161705573,2,0,GGr,r,False,True,False,2
108.5,LINK_10218,11139418715,2,2,rrG,G,True,False,True,0
108.5,LINK_140740,11139418715,2,2,rrG,G,True,False,True,0
108.5,NODE_9634,10974501473,4,0,GGGGr,r,False,True,False,4
108.5,LINK_194891,11203052965,11,0,GGGGGGGGGGGr,r,False,True,False,11
108.5,NODE_10378,11139418715,2,2,rrG,G,True,False,True,0
108.5,NODE_5681,11139418723,2,0,GGr,r,False,True,False,2
108.5,NODE_10262,11203041635,4,0,GGGGr,r,False,True,False,4
109.0,LINK_249048,5161705573,2,0,GGr,r,False,True,False,2
109.0,NODE_5837,5161705573,2,0,GGr,r,False,True,False,2
109.0,LINK_10218,11139418715,2,2,rrG,G,True,False,True,0
109.0,LINK_140740,11139418715,2,2,rrG,G,True,False,True,0
109.0,NODE_9634,10974501473,4,0,GGGGr,r,False,True,False,4
109.0,LINK_194891,11203052965,11,0,GGGGGGGGGGGr,r,False,True,False,11
109.0,NODE_10378,11139418715,2,2,rrG,G,True,False,True,0
109.0,NODE_5681,11139418723,2,0,GGr,r,False,True,False,2
109.0,NODE_10262,11203041635,4,0,GGGGr,r,False,True,False,4
109.5,LINK_249048,5161705573,2,0,GGr,r,False,True,False,2
109.5,NODE_5837,5161705573,2,0,GGr,r,False,True,False,2
109.5,LINK_10218,11139418715,2,2,rrG,G,True,False,True,0
109.5,LINK_140740,11139418715,2,2,rrG,G,True,False,True,0
109.5,NODE_9634,10974501473,4,0,GGGGr,r,False,True,False,4
109.5,LINK_194891,11203052965,11,0,GGGGGGGGGGGr,r,False,True,False,11
109.5,NODE_10378,11139418715,2,2,rrG,G,True,False,True,0
109.5,NODE_5681,11139418723,2,0,GGr,r,False,True,False,2
109.5,NODE_10262,11203041635,4,0,GGGGr,r,False,True,False,4
110.0,LINK_249048,5161705573,2,0,GGr,r,False,True,False,2
110.0,NODE_5837,5161705573,2,0,GGr,r,False,True,False,2
110.0,LINK_10218,11139418715,2,2,rrG,G,True,False,True,0
110.0,LINK_140740,11139418715,2,2,rrG,G,True,False,True,0
110.0,NODE_9634,10974501473,4,0,GGGGr,r,False,True,False,4
110.0,LINK_194891,11203052965,11,0,GGGGGGGGGGGr,r,False,True,False,11
110.0,NODE_10378,11139418715,2,2,rrG,G,True,False,True,0
110.0,NODE_5681,11139418723,2,0,GGr,r,False,True,False,2
110.0,NODE_10262,11203041635,4,0,GGGGr,r,False,True,False,4
110.5,LINK_249048,5161705573,2,0,GGr,r,False,True,False,2
110.5,NODE_5837,5161705573,2,0,GGr,r,False,True,False,2
110.5,LINK_10218,11139418715,2,2,rrG,G,True,False,True,0
110.5,LINK_140740,11139418715,2,2,rrG,G,True,False,True,0
110.5,NODE_9634,10974501473,4,0,GGGGr,r,False,True,False,4
110.5,LINK_194891,11203052965,11,0,GGGGGGGGGGGr,r,False,True,False,11
110.5,NODE_10378,11139418715,2,2,rrG,G,True,False,True,0
110.5,NODE_5681,11139418723,2,0,GGr,r,False,True,False,2
110.5,NODE_10262,11203041635,4,0,GGGGr,r,False,True,False,4
111.0,LINK_249048,5161705573,2,0,GGr,r,False,True,False,2
111.0,NODE_5837,5161705573,2,0,GGr,r,False,True,False,2
111.0,LINK_10218,11139418715,2,2,rrG,G,True,False,True,0
111.0,LINK_140740,11139418715,2,2,rrG,G,True,False,True,0
111.0,NODE_9634,10974501473,4,0,GGGGr,r,False,True,False,4
111.0,LINK_194891,11203052965,11,0,GGGGGGGGGGGr,r,False,True,False,11
111.0,NODE_10378,11139418715,2,2,rrG,G,True,False,True,0
111.0,NODE_5681,11139418723,2,0,GGr,r,False,True,False,2
111.0,NODE_10262,11203041635,4,0,GGGGr,r,False,True,False,4
111.5,LINK_249048,5161705573,2,0,GGr,r,False,True,False,2
111.5,NODE_5837,5161705573,2,0,GGr,r,False,True,False,2
111.5,LINK_10218,11139418715,2,2,rrG,G,True,False,True,0
111.5,LINK_140740,11139418715,2,2,rrG,G,True,False,True,0
111.5,NODE_9634,10974501473,4,0,GGGGr,r,False,True,False,4
111.5,LINK_194891,11203052965,11,0,GGGGGGGGGGGr,r,False,True,False,11
111.5,NODE_10378,11139418715,2,2,rrG,G,True,False,True,0
111.5,NODE_5681,11139418723,2,0,GGr,r,False,True,False,2
111.5,NODE_10262,11203041635,4,0,GGGGr,r,False,True,False,4
112.0,LINK_249048,5161705573,2,0,GGr,r,False,True,False,2
112.0,NODE_5837,5161705573,2,0,GGr,r,False,True,False,2
112.0,LINK_10218,11139418715,2,2,rrG,G,True,False,True,0
112.0,LINK_140740,11139418715,2,2,rrG,G,True,False,True,0
112.0,NODE_9634,10974501473,4,0,GGGGr,r,False,True,False,4
112.0,LINK_194891,11203052965,11,0,GGGGGGGGGGGr,r,False,True,False,11
112.0,NODE_10378,11139418715,2,2,rrG,G,True,False,True,0
112.0,NODE_5681,11139418723,2,0,GGr,r,False,True,False,2
112.0,NODE_10262,11203041635,4,0,GGGGr,r,False,True,False,4
112.5,LINK_249048,5161705573,2,0,GGr,r,False,True,False,2
112.5,NODE_5837,5161705573,2,0,GGr,r,False,True,False,2
112.5,LINK_10218,11139418715,2,2,rrG,G,True,False,True,0
112.5,LINK_140740,11139418715,2,2,rrG,G,True,False,True,0
112.5,NODE_9634,10974501473,4,0,GGGGr,r,False,True,False,4
112.5,LINK_194891,11203052965,11,0,GGGGGGGGGGGr,r,False,True,False,11
112.5,NODE_10378,11139418715,2,2,rrG,G,True,False,True,0
112.5,NODE_5681,11139418723,2,0,GGr,r,False,True,False,2
112.5,NODE_10262,11203041635,4,0,GGGGr,r,False,True,False,4
113.0,LINK_249048,5161705573,2,0,GGr,r,False,True,False,2
113.0,NODE_5837,5161705573,2,0,GGr,r,False,True,False,2
113.0,LINK_10218,11139418715,2,2,rrG,G,True,False,True,0
113.0,LINK_140740,11139418715,2,2,rrG,G,True,False,True,0
113.0,NODE_9634,10974501473,4,0,GGGGr,r,False,True,False,4
113.0,LINK_194891,11203052965,11,0,GGGGGGGGGGGr,r,False,True,False,11
113.0,NODE_10378,11139418715,2,2,rrG,G,True,False,True,0
113.0,NODE_5681,11139418723,2,0,GGr,r,False,True,False,2
113.0,NODE_10262,11203041635,4,0,GGGGr,r,False,True,False,4
113.5,LINK_249048,5161705573,2,0,GGr,r,False,True,False,2
113.5,NODE_5837,5161705573,2,0,GGr,r,False,True,False,2
113.5,LINK_10218,11139418715,2,0,GGr,r,False,True,False,2
113.5,LINK_140740,11139418715,2,0,GGr,r,False,True,False,2
113.5,NODE_9634,10974501473,4,0,GGGGr,r,False,True,False,4
113.5,LINK_194891,11203052965,11,0,GGGGGGGGGGGr,r,False,True,False,11
113.5,NODE_10378,11139418715,2,0,GGr,r,False,True,False,2
113.5,NODE_5681,11139418723,2,0,GGr,r,False,True,False,2
113.5,NODE_10262,11203041635,4,0,GGGGr,r,False,True,False,4
114.0,LINK_249048,5161705573,2,0,GGr,r,False,True,False,2
114.0,NODE_5837,5161705573,2,0,GGr,r,False,True,False,2
114.0,LINK_10218,11139418715,2,0,GGr,r,False,True,False,2
114.0,LINK_140740,11139418715,2,0,GGr,r,False,True,False,2
114.0,NODE_9634,10974501473,4,0,GGGGr,r,False,True,False,4
114.0,LINK_194891,11203052965,11,0,GGGGGGGGGGGr,r,False,True,False,11
114.0,NODE_10378,11139418715,2,0,GGr,r,False,True,False,2
114.0,NODE_5681,11139418723,2,0,GGr,r,False,True,False,2
114.0,NODE_10262,11203041635,4,0,GGGGr,r,False,True,False,4
114.5,LINK_249048,5161705573,2,0,GGr,r,False,True,False,2
114.5,NODE_5837,5161705573,2,0,GGr,r,False,True,False,2
114.5,LINK_10218,11139418715,2,0,GGr,r,False,True,False,2
114.5,LINK_140740,11139418715,2,0,GGr,r,False,True,False,2
114.5,NODE_9634,10974501473,4,0,GGGGr,r,False,True,False,4
114.5,LINK_194891,11203052965,11,0,GGGGGGGGGGGr,r,False,True,False,11
114.5,NODE_10378,11139418715,2,0,GGr,r,False,True,False,2
114.5,NODE_5681,11139418723,2,0,GGr,r,False,True,False,2
114.5,NODE_10262,11203041635,4,0,GGGGr,r,False,True,False,4
115.0,LINK_249048,5161705573,2,0,GGr,r,False,True,False,2
115.0,NODE_5837,5161705573,2,0,GGr,r,False,True,False,2
115.0,LINK_10218,11139418715,2,0,GGr,r,False,True,False,2
115.0,LINK_140740,11139418715,2,0,GGr,r,False,True,False,2
115.0,NODE_9634,10974501473,4,0,GGGGr,r,False,True,False,4
115.0,LINK_194891,11203052965,11,0,GGGGGGGGGGGr,r,False,True,False,11
115.0,NODE_10378,11139418715,2,0,GGr,r,False,True,False,2
115.0,NODE_5681,11139418723,2,0,GGr,r,False,True,False,2
115.0,NODE_10262,11203041635,4,0,GGGGr,r,False,True,False,4
115.5,LINK_249048,5161705573,2,0,GGr,r,False,True,False,2
115.5,NODE_5837,5161705573,2,0,GGr,r,False,True,False,2
115.5,LINK_10218,11139418715,2,0,GGr,r,False,True,False,2
115.5,LINK_140740,11139418715,2,0,GGr,r,False,True,False,2
115.5,NODE_9634,10974501473,4,0,GGGGr,r,False,True,False,4
115.5,LINK_194891,11203052965,11,0,GGGGGGGGGGGr,r,False,True,False,11
115.5,NODE_10378,11139418715,2,0,GGr,r,False,True,False,2
115.5,NODE_5681,11139418723,2,0,GGr,r,False,True,False,2
115.5,NODE_10262,11203041635,4,0,GGGGr,r,False,True,False,4
116.0,LINK_249048,5161705573,2,0,GGr,r,False,True,False,2
116.0,NODE_5837,5161705573,2,0,GGr,r,False,True,False,2
116.0,LINK_10218,11139418715,2,0,GGr,r,False,True,False,2
116.0,LINK_140740,11139418715,2,0,GGr,r,False,True,False,2
116.0,NODE_9634,10974501473,4,0,GGGGr,r,False,True,False,4
116.0,LINK_194891,11203052965,11,0,GGGGGGGGGGGr,r,False,True,False,11
116.0,NODE_10378,11139418715,2,0,GGr,r,False,True,False,2
116.0,NODE_5681,11139418723,2,0,GGr,r,False,True,False,2
116.0,NODE_10262,11203041635,4,0,GGGGr,r,False,True,False,4
116.5,LINK_249048,5161705573,2,0,GGr,r,False,True,False,2
116.5,NODE_5837,5161705573,2,0,GGr,r,False,True,False,2
116.5,LINK_10218,11139418715,2,0,GGr,r,False,True,False,2
116.5,LINK_140740,11139418715,2,0,GGr,r,False,True,False,2
116.5,NODE_9634,10974501473,4,0,GGGGr,r,False,True,False,4
116.5,LINK_194891,11203052965,11,0,GGGGGGGGGGGr,r,False,True,False,11
116.5,NODE_10378,11139418715,2,0,GGr,r,False,True,False,2
116.5,NODE_5681,11139418723,2,0,GGr,r,False,True,False,2
116.5,NODE_10262,11203041635,4,0,GGGGr,r,False,True,False,4
117.0,LINK_249048,5161705573,2,0,GGr,r,False,True,False,2
117.0,NODE_5837,5161705573,2,0,GGr,r,False,True,False,2
117.0,LINK_10218,11139418715,2,0,GGr,r,False,True,False,2
117.0,LINK_140740,11139418715,2,0,GGr,r,False,True,False,2
117.0,NODE_9634,10974501473,4,0,GGGGr,r,False,True,False,4
117.0,LINK_194891,11203052965,11,0,GGGGGGGGGGGr,r,False,True,False,11
117.0,NODE_10378,11139418715,2,0,GGr,r,False,True,False,2
117.0,NODE_5681,11139418723,2,0,GGr,r,False,True,False,2
117.0,NODE_10262,11203041635,4,0,GGGGr,r,False,True,False,4
117.5,LINK_249048,5161705573,2,0,GGr,r,False,True,False,2
117.5,NODE_5837,5161705573,2,0,GGr,r,False,True,False,2
117.5,LINK_10218,11139418715,2,0,GGr,r,False,True,False,2
117.5,LINK_140740,11139418715,2,0,GGr,r,False,True,False,2
117.5,NODE_9634,10974501473,4,0,GGGGr,r,False,True,False,4
117.5,LINK_194891,11203052965,11,0,GGGGGGGGGGGr,r,False,True,False,11
117.5,NODE_10378,11139418715,2,0,GGr,r,False,True,False,2
117.5,NODE_5681,11139418723,2,0,GGr,r,False,True,False,2
117.5,NODE_10262,11203041635,4,0,GGGGr,r,False,True,False,4
118.0,LINK_249048,5161705573,2,0,GGr,r,False,True,False,2
118.0,NODE_5837,5161705573,2,0,GGr,r,False,True,False,2
118.0,LINK_10218,11139418715,2,0,GGr,r,False,True,False,2
118.0,LINK_140740,11139418715,2,0,GGr,r,False,True,False,2
118.0,NODE_9634,10974501473,4,0,GGGGr,r,False,True,False,4
118.0,LINK_194891,11203052965,11,0,GGGGGGGGGGGr,r,False,True,False,11
118.0,NODE_10378,11139418715,2,0,GGr,r,False,True,False,2
118.0,NODE_5681,11139418723,2,0,GGr,r,False,True,False,2
118.0,NODE_10262,11203041635,4,0,GGGGr,r,False,True,False,4
118.5,LINK_249048,5161705573,2,0,GGr,r,False,True,False,2
118.5,NODE_5837,5161705573,2,0,GGr,r,False,True,False,2
118.5,LINK_10218,11139418715,2,0,GGr,r,False,True,False,2
118.5,LINK_140740,11139418715,2,0,GGr,r,False,True,False,2
118.5,NODE_9634,10974501473,4,0,GGGGr,r,False,True,False,4
118.5,LINK_194891,11203052965,11,0,GGGGGGGGGGGr,r,False,True,False,11
118.5,NODE_10378,11139418715,2,0,GGr,r,False,True,False,2
118.5,NODE_5681,11139418723,2,0,GGr,r,False,True,False,2
118.5,NODE_10262,11203041635,4,0,GGGGr,r,False,True,False,4
119.0,LINK_249048,5161705573,2,0,GGr,r,False,True,False,2
119.0,NODE_5837,5161705573,2,0,GGr,r,False,True,False,2
119.0,LINK_10218,11139418715,2,0,GGr,r,False,True,False,2
119.0,LINK_140740,11139418715,2,0,GGr,r,False,True,False,2
119.0,NODE_9634,10974501473,4,0,GGGGr,r,False,True,False,4
119.0,LINK_194891,11203052965,11,0,GGGGGGGGGGGr,r,False,True,False,11
119.0,NODE_10378,11139418715,2,0,GGr,r,False,True,False,2
119.0,NODE_5681,11139418723,2,0,GGr,r,False,True,False,2
119.0,NODE_10262,11203041635,4,0,GGGGr,r,False,True,False,4
119.5,LINK_249048,5161705573,2,0,GGr,r,False,True,False,2
119.5,NODE_5837,5161705573,2,0,GGr,r,False,True,False,2
119.5,LINK_10218,11139418715,2,0,GGr,r,False,True,False,2
119.5,LINK_140740,11139418715,2,0,GGr,r,False,True,False,2
119.5,NODE_9634,10974501473,4,0,GGGGr,r,False,True,False,4
119.5,LINK_194891,11203052965,11,0,GGGGGGGGGGGr,r,False,True,False,11
119.5,NODE_10378,11139418715,2,0,GGr,r,False,True,False,2
119.5,NODE_5681,11139418723,2,0,GGr,r,False,True,False,2
119.5,NODE_10262,11203041635,4,0,GGGGr,r,False,True,False,4
120.0,LINK_249048,5161705573,2,0,GGr,r,False,True,False,2
120.0,NODE_5837,5161705573,2,0,GGr,r,False,True,False,2
120.0,LINK_10218,11139418715,2,0,GGr,r,False,True,False,2
120.0,LINK_140740,11139418715,2,0,GGr,r,False,True,False,2
120.0,NODE_9634,10974501473,4,0,GGGGr,r,False,True,False,4
120.0,LINK_194891,11203052965,11,0,GGGGGGGGGGGr,r,False,True,False,11
120.0,NODE_10378,11139418715,2,0,GGr,r,False,True,False,2
120.0,NODE_5681,11139418723,2,0,GGr,r,False,True,False,2
120.0,NODE_10262,11203041635,4,0,GGGGr,r,False,True,False,4
120.5,LINK_249048,5161705573,2,0,GGr,r,False,True,False,2
120.5,NODE_5837,5161705573,2,0,GGr,r,False,True,False,2
120.5,LINK_10218,11139418715,2,0,GGr,r,False,True,False,2
120.5,LINK_140740,11139418715,2,0,GGr,r,False,True,False,2
120.5,NODE_9634,10974501473,4,0,GGGGr,r,False,True,False,4
120.5,LINK_194891,11203052965,11,0,GGGGGGGGGGGr,r,False,True,False,11
120.5,NODE_10378,11139418715,2,0,GGr,r,False,True,False,2
120.5,NODE_5681,11139418723,2,0,GGr,r,False,True,False,2
120.5,NODE_10262,11203041635,4,0,GGGGr,r,False,True,False,4
121.0,LINK_249048,5161705573,2,0,GGr,r,False,True,False,2
121.0,NODE_5837,5161705573,2,0,GGr,r,False,True,False,2
121.0,LINK_10218,11139418715,2,0,GGr,r,False,True,False,2
121.0,LINK_140740,11139418715,2,0,GGr,r,False,True,False,2
121.0,NODE_9634,10974501473,4,0,GGGGr,r,False,True,False,4
121.0,LINK_194891,11203052965,11,0,GGGGGGGGGGGr,r,False,True,False,11
121.0,NODE_10378,11139418715,2,0,GGr,r,False,True,False,2
121.0,NODE_5681,11139418723,2,0,GGr,r,False,True,False,2
121.0,NODE_10262,11203041635,4,0,GGGGr,r,False,True,False,4
121.5,LINK_249048,5161705573,2,0,GGr,r,False,True,False,2
121.5,NODE_5837,5161705573,2,0,GGr,r,False,True,False,2
121.5,LINK_10218,11139418715,2,0,GGr,r,False,True,False,2
121.5,LINK_140740,11139418715,2,0,GGr,r,False,True,False,2
121.5,NODE_9634,10974501473,4,0,GGGGr,r,False,True,False,4
121.5,LINK_194891,11203052965,11,0,GGGGGGGGGGGr,r,False,True,False,11
121.5,NODE_10378,11139418715,2,0,GGr,r,False,True,False,2
121.5,NODE_5681,11139418723,2,0,GGr,r,False,True,False,2
121.5,NODE_10262,11203041635,4,0,GGGGr,r,False,True,False,4
122.0,LINK_249048,5161705573,2,0,GGr,r,False,True,False,2
122.0,NODE_5837,5161705573,2,0,GGr,r,False,True,False,2
122.0,LINK_10218,11139418715,2,0,GGr,r,False,True,False,2
122.0,LINK_140740,11139418715,2,0,GGr,r,False,True,False,2
122.0,NODE_9634,10974501473,4,0,GGGGr,r,False,True,False,4
122.0,LINK_194891,11203052965,11,0,GGGGGGGGGGGr,r,False,True,False,11
122.0,NODE_10378,11139418715,2,0,GGr,r,False,True,False,2
122.0,NODE_5681,11139418723,2,0,GGr,r,False,True,False,2
122.0,NODE_10262,11203041635,4,0,GGGGr,r,False,True,False,4
122.5,LINK_249048,5161705573,2,0,GGr,r,False,True,False,2
122.5,NODE_5837,5161705573,2,0,GGr,r,False,True,False,2
122.5,LINK_10218,11139418715,2,0,GGr,r,False,True,False,2
122.5,LINK_140740,11139418715,2,0,GGr,r,False,True,False,2
122.5,NODE_9634,10974501473,4,0,GGGGr,r,False,True,False,4
122.5,LINK_194891,11203052965,11,0,GGGGGGGGGGGr,r,False,True,False,11
122.5,NODE_10378,11139418715,2,0,GGr,r,False,True,False,2
122.5,NODE_5681,11139418723,2,0,GGr,r,False,True,False,2
122.5,NODE_10262,11203041635,4,0,GGGGr,r,False,True,False,4
123.0,LINK_249048,5161705573,2,0,GGr,r,False,True,False,2
123.0,NODE_5837,5161705573,2,0,GGr,r,False,True,False,2
123.0,LINK_10218,11139418715,2,0,GGr,r,False,True,False,2
123.0,LINK_140740,11139418715,2,0,GGr,r,False,True,False,2
123.0,NODE_9634,10974501473,4,0,GGGGr,r,False,True,False,4
123.0,LINK_194891,11203052965,11,0,GGGGGGGGGGGr,r,False,True,False,11
123.0,NODE_10378,11139418715,2,0,GGr,r,False,True,False,2
123.0,NODE_5681,11139418723,2,0,GGr,r,False,True,False,2
123.0,NODE_10262,11203041635,4,0,GGGGr,r,False,True,False,4
123.5,LINK_249048,5161705573,2,0,GGr,r,False,True,False,2
123.5,NODE_5837,5161705573,2,0,GGr,r,False,True,False,2
123.5,LINK_10218,11139418715,2,0,GGr,r,False,True,False,2
123.5,LINK_140740,11139418715,2,0,GGr,r,False,True,False,2
123.5,NODE_9634,10974501473,4,0,GGGGr,r,False,True,False,4
123.5,LINK_194891,11203052965,11,0,GGGGGGGGGGGr,r,False,True,False,11
123.5,NODE_10378,11139418715,2,0,GGr,r,False,True,False,2
123.5,NODE_5681,11139418723,2,0,GGr,r,False,True,False,2
123.5,NODE_10262,11203041635,4,0,GGGGr,r,False,True,False,4
124.0,LINK_249048,5161705573,2,0,GGr,r,False,True,False,2
124.0,NODE_5837,5161705573,2,0,GGr,r,False,True,False,2
124.0,LINK_10218,11139418715,2,0,GGr,r,False,True,False,2
124.0,LINK_140740,11139418715,2,0,GGr,r,False,True,False,2
124.0,NODE_9634,10974501473,4,0,GGGGr,r,False,True,False,4
124.0,LINK_194891,11203052965,11,0,GGGGGGGGGGGr,r,False,True,False,11
124.0,NODE_10378,11139418715,2,0,GGr,r,False,True,False,2
124.0,NODE_5681,11139418723,2,0,GGr,r,False,True,False,2
124.0,NODE_10262,11203041635,4,0,GGGGr,r,False,True,False,4
124.5,LINK_249048,5161705573,2,0,GGr,r,False,True,False,2
124.5,NODE_5837,5161705573,2,0,GGr,r,False,True,False,2
124.5,LINK_10218,11139418715,2,0,GGr,r,False,True,False,2
124.5,LINK_140740,11139418715,2,0,GGr,r,False,True,False,2
124.5,NODE_9634,10974501473,4,0,GGGGr,r,False,True,False,4
124.5,LINK_194891,11203052965,11,0,GGGGGGGGGGGr,r,False,True,False,11
124.5,NODE_10378,11139418715,2,0,GGr,r,False,True,False,2
124.5,NODE_5681,11139418723,2,0,GGr,r,False,True,False,2
124.5,NODE_10262,11203041635,4,0,GGGGr,r,False,True,False,4
125.0,LINK_249048,5161705573,2,0,GGr,r,False,True,False,2
125.0,NODE_5837,5161705573,2,0,GGr,r,False,True,False,2
125.0,LINK_10218,11139418715,2,0,GGr,r,False,True,False,2
125.0,LINK_140740,11139418715,2,0,GGr,r,False,True,False,2
125.0,NODE_9634,10974501473,4,0,GGGGr,r,False,True,False,4
125.0,LINK_194891,11203052965,11,0,GGGGGGGGGGGr,r,False,True,False,11
125.0,NODE_10378,11139418715,2,0,GGr,r,False,True,False,2
125.0,NODE_5681,11139418723,2,0,GGr,r,False,True,False,2
125.0,NODE_10262,11203041635,4,0,GGGGr,r,False,True,False,4
125.5,LINK_249048,5161705573,2,0,GGr,r,False,True,False,2
125.5,NODE_5837,5161705573,2,0,GGr,r,False,True,False,2
125.5,LINK_10218,11139418715,2,0,GGr,r,False,True,False,2
125.5,LINK_140740,11139418715,2,0,GGr,r,False,True,False,2
125.5,NODE_9634,10974501473,4,0,GGGGr,r,False,True,False,4
125.5,LINK_194891,11203052965,11,0,GGGGGGGGGGGr,r,False,True,False,11
125.5,NODE_10378,11139418715,2,0,GGr,r,False,True,False,2
125.5,NODE_5681,11139418723,2,0,GGr,r,False,True,False,2
125.5,NODE_10262,11203041635,4,0,GGGGr,r,False,True,False,4
126.0,LINK_249048,5161705573,2,0,GGr,r,False,True,False,2
126.0,NODE_5837,5161705573,2,0,GGr,r,False,True,False,2
126.0,LINK_10218,11139418715,2,0,GGr,r,False,True,False,2
126.0,LINK_140740,11139418715,2,0,GGr,r,False,True,False,2
126.0,NODE_9634,10974501473,4,0,GGGGr,r,False,True,False,4
126.0,LINK_194891,11203052965,11,0,GGGGGGGGGGGr,r,False,True,False,11
126.0,NODE_10378,11139418715,2,0,GGr,r,False,True,False,2
126.0,NODE_5681,11139418723,2,0,GGr,r,False,True,False,2
126.0,NODE_10262,11203041635,4,0,GGGGr,r,False,True,False,4
126.5,LINK_249048,5161705573,2,0,GGr,r,False,True,False,2
126.5,NODE_5837,5161705573,2,0,GGr,r,False,True,False,2
126.5,LINK_10218,11139418715,2,0,GGr,r,False,True,False,2
126.5,LINK_140740,11139418715,2,0,GGr,r,False,True,False,2
126.5,NODE_9634,10974501473,4,0,GGGGr,r,False,True,False,4
126.5,LINK_194891,11203052965,11,0,GGGGGGGGGGGr,r,False,True,False,11
126.5,NODE_10378,11139418715,2,0,GGr,r,False,True,False,2
126.5,NODE_5681,11139418723,2,0,GGr,r,False,True,False,2
126.5,NODE_10262,11203041635,4,0,GGGGr,r,False,True,False,4
127.0,LINK_249048,5161705573,2,0,GGr,r,False,True,False,2
127.0,NODE_5837,5161705573,2,0,GGr,r,False,True,False,2
127.0,LINK_10218,11139418715,2,0,GGr,r,False,True,False,2
127.0,LINK_140740,11139418715,2,0,GGr,r,False,True,False,2
127.0,NODE_9634,10974501473,4,0,GGGGr,r,False,True,False,4
127.0,LINK_194891,11203052965,11,0,GGGGGGGGGGGr,r,False,True,False,11
127.0,NODE_10378,11139418715,2,0,GGr,r,False,True,False,2
127.0,NODE_5681,11139418723,2,0,GGr,r,False,True,False,2
127.0,NODE_10262,11203041635,4,0,GGGGr,r,False,True,False,4
127.5,LINK_249048,5161705573,2,0,GGr,r,False,True,False,2
127.5,NODE_5837,5161705573,2,0,GGr,r,False,True,False,2
127.5,LINK_10218,11139418715,2,0,GGr,r,False,True,False,2
127.5,LINK_140740,11139418715,2,0,GGr,r,False,True,False,2
127.5,NODE_9634,10974501473,4,0,GGGGr,r,False,True,False,4
127.5,LINK_194891,11203052965,11,0,GGGGGGGGGGGr,r,False,True,False,11
127.5,NODE_10378,11139418715,2,0,GGr,r,False,True,False,2
127.5,NODE_5681,11139418723,2,0,GGr,r,False,True,False,2
127.5,NODE_10262,11203041635,4,0,GGGGr,r,False,True,False,4
128.0,LINK_249048,5161705573,2,0,GGr,r,False,True,False,2
128.0,NODE_5837,5161705573,2,0,GGr,r,False,True,False,2
128.0,LINK_10218,11139418715,2,0,GGr,r,False,True,False,2
128.0,LINK_140740,11139418715,2,0,GGr,r,False,True,False,2
128.0,NODE_9634,10974501473,4,0,GGGGr,r,False,True,False,4
128.0,LINK_194891,11203052965,11,0,GGGGGGGGGGGr,r,False,True,False,11
128.0,NODE_10378,11139418715,2,0,GGr,r,False,True,False,2
128.0,NODE_5681,11139418723,2,0,GGr,r,False,True,False,2
128.0,NODE_10262,11203041635,4,0,GGGGr,r,False,True,False,4
128.5,LINK_249048,5161705573,2,0,GGr,r,False,True,False,2
128.5,NODE_5837,5161705573,2,0,GGr,r,False,True,False,2
128.5,LINK_10218,11139418715,2,0,GGr,r,False,True,False,2
128.5,LINK_140740,11139418715,2,0,GGr,r,False,True,False,2
128.5,NODE_9634,10974501473,4,0,GGGGr,r,False,True,False,4
128.5,LINK_194891,11203052965,11,0,GGGGGGGGGGGr,r,False,True,False,11
128.5,NODE_10378,11139418715,2,0,GGr,r,False,True,False,2
128.5,NODE_5681,11139418723,2,0,GGr,r,False,True,False,2
128.5,NODE_10262,11203041635,4,0,GGGGr,r,False,True,False,4
129.0,LINK_249048,5161705573,2,0,GGr,r,False,True,False,2
129.0,NODE_5837,5161705573,2,0,GGr,r,False,True,False,2
129.0,LINK_10218,11139418715,2,0,GGr,r,False,True,False,2
129.0,LINK_140740,11139418715,2,0,GGr,r,False,True,False,2
129.0,NODE_9634,10974501473,4,0,GGGGr,r,False,True,False,4
129.0,LINK_194891,11203052965,11,0,GGGGGGGGGGGr,r,False,True,False,11
129.0,NODE_10378,11139418715,2,0,GGr,r,False,True,False,2
129.0,NODE_5681,11139418723,2,0,GGr,r,False,True,False,2
129.0,NODE_10262,11203041635,4,0,GGGGr,r,False,True,False,4
129.5,LINK_249048,5161705573,2,0,GGr,r,False,True,False,2
129.5,NODE_5837,5161705573,2,0,GGr,r,False,True,False,2
129.5,LINK_10218,11139418715,2,0,GGr,r,False,True,False,2
129.5,LINK_140740,11139418715,2,0,GGr,r,False,True,False,2
129.5,NODE_9634,10974501473,4,0,GGGGr,r,False,True,False,4
129.5,LINK_194891,11203052965,11,0,GGGGGGGGGGGr,r,False,True,False,11
129.5,NODE_10378,11139418715,2,0,GGr,r,False,True,False,2
129.5,NODE_5681,11139418723,2,0,GGr,r,False,True,False,2
129.5,NODE_10262,11203041635,4,0,GGGGr,r,False,True,False,4
130.0,LINK_249048,5161705573,2,0,GGr,r,False,True,False,2
130.0,NODE_5837,5161705573,2,0,GGr,r,False,True,False,2
130.0,LINK_10218,11139418715,2,0,GGr,r,False,True,False,2
130.0,LINK_140740,11139418715,2,0,GGr,r,False,True,False,2
130.0,NODE_9634,10974501473,4,0,GGGGr,r,False,True,False,4
130.0,LINK_194891,11203052965,11,0,GGGGGGGGGGGr,r,False,True,False,11
130.0,NODE_10378,11139418715,2,0,GGr,r,False,True,False,2
130.0,NODE_5681,11139418723,2,0,GGr,r,False,True,False,2
130.0,NODE_10262,11203041635,4,0,GGGGr,r,False,True,False,4
130.5,LINK_249048,5161705573,2,0,GGr,r,False,True,False,2
130.5,NODE_5837,5161705573,2,0,GGr,r,False,True,False,2
130.5,LINK_10218,11139418715,2,0,GGr,r,False,True,False,2
130.5,LINK_140740,11139418715,2,0,GGr,r,False,True,False,2
130.5,NODE_9634,10974501473,4,0,GGGGr,r,False,True,False,4
130.5,LINK_194891,11203052965,11,0,GGGGGGGGGGGr,r,False,True,False,11
130.5,NODE_10378,11139418715,2,0,GGr,r,False,True,False,2
130.5,NODE_5681,11139418723,2,0,GGr,r,False,True,False,2
130.5,NODE_10262,11203041635,4,0,GGGGr,r,False,True,False,4
131.0,LINK_249048,5161705573,2,0,GGr,r,False,True,False,2
131.0,NODE_5837,5161705573,2,0,GGr,r,False,True,False,2
131.0,LINK_10218,11139418715,2,0,GGr,r,False,True,False,2
131.0,LINK_140740,11139418715,2,0,GGr,r,False,True,False,2
131.0,NODE_9634,10974501473,4,0,GGGGr,r,False,True,False,4
131.0,LINK_194891,11203052965,11,0,GGGGGGGGGGGr,r,False,True,False,11
131.0,NODE_10378,11139418715,2,0,GGr,r,False,True,False,2
131.0,NODE_5681,11139418723,2,0,GGr,r,False,True,False,2
131.0,NODE_10262,11203041635,4,0,GGGGr,r,False,True,False,4
131.5,LINK_249048,5161705573,2,0,GGr,r,False,True,False,2
131.5,NODE_5837,5161705573,2,0,GGr,r,False,True,False,2
131.5,LINK_10218,11139418715,2,0,GGr,r,False,True,False,2
131.5,LINK_140740,11139418715,2,0,GGr,r,False,True,False,2
131.5,NODE_9634,10974501473,4,0,GGGGr,r,False,True,False,4
131.5,LINK_194891,11203052965,11,0,GGGGGGGGGGGr,r,False,True,False,11
131.5,NODE_10378,11139418715,2,0,GGr,r,False,True,False,2
131.5,NODE_5681,11139418723,2,0,GGr,r,False,True,False,2
131.5,NODE_10262,11203041635,4,0,GGGGr,r,False,True,False,4
132.0,LINK_249048,5161705573,2,0,GGr,r,False,True,False,2
132.0,NODE_5837,5161705573,2,0,GGr,r,False,True,False,2
132.0,LINK_10218,11139418715,2,0,GGr,r,False,True,False,2
132.0,LINK_140740,11139418715,2,0,GGr,r,False,True,False,2
132.0,NODE_9634,10974501473,4,0,GGGGr,r,False,True,False,4
132.0,LINK_194891,11203052965,11,0,GGGGGGGGGGGr,r,False,True,False,11
132.0,NODE_10378,11139418715,2,0,GGr,r,False,True,False,2
132.0,NODE_5681,11139418723,2,0,GGr,r,False,True,False,2
132.0,NODE_10262,11203041635,4,0,GGGGr,r,False,True,False,4
132.5,LINK_249048,5161705573,2,0,GGr,r,False,True,False,2
132.5,NODE_5837,5161705573,2,0,GGr,r,False,True,False,2
132.5,LINK_10218,11139418715,2,0,GGr,r,False,True,False,2
132.5,LINK_140740,11139418715,2,0,GGr,r,False,True,False,2
132.5,NODE_9634,10974501473,4,0,GGGGr,r,False,True,False,4
132.5,LINK_194891,11203052965,11,0,GGGGGGGGGGGr,r,False,True,False,11
132.5,NODE_10378,11139418715,2,0,GGr,r,False,True,False,2
132.5,NODE_5681,11139418723,2,0,GGr,r,False,True,False,2
132.5,NODE_10262,11203041635,4,0,GGGGr,r,False,True,False,4
133.0,LINK_249048,5161705573,2,0,GGr,r,False,True,False,2
133.0,NODE_5837,5161705573,2,0,GGr,r,False,True,False,2
133.0,LINK_10218,11139418715,2,0,GGr,r,False,True,False,2
133.0,LINK_140740,11139418715,2,0,GGr,r,False,True,False,2
133.0,NODE_9634,10974501473,4,0,GGGGr,r,False,True,False,4
133.0,LINK_194891,11203052965,11,0,GGGGGGGGGGGr,r,False,True,False,11
133.0,NODE_10378,11139418715,2,0,GGr,r,False,True,False,2
133.0,NODE_5681,11139418723,2,0,GGr,r,False,True,False,2
133.0,NODE_10262,11203041635,4,0,GGGGr,r,False,True,False,4
133.5,LINK_249048,5161705573,2,0,GGr,r,False,True,False,2
133.5,NODE_5837,5161705573,2,0,GGr,r,False,True,False,2
133.5,LINK_10218,11139418715,2,0,GGr,r,False,True,False,2
133.5,LINK_140740,11139418715,2,0,GGr,r,False,True,False,2
133.5,NODE_9634,10974501473,4,0,GGGGr,r,False,True,False,4
133.5,LINK_194891,11203052965,11,0,GGGGGGGGGGGr,r,False,True,False,11
133.5,NODE_10378,11139418715,2,0,GGr,r,False,True,False,2
133.5,NODE_5681,11139418723,2,0,GGr,r,False,True,False,2
133.5,NODE_10262,11203041635,4,0,GGGGr,r,False,True,False,4
134.0,LINK_249048,5161705573,2,0,GGr,r,False,True,False,2
134.0,NODE_5837,5161705573,2,0,GGr,r,False,True,False,2
134.0,LINK_10218,11139418715,2,0,GGr,r,False,True,False,2
134.0,LINK_140740,11139418715,2,0,GGr,r,False,True,False,2
134.0,NODE_9634,10974501473,4,0,GGGGr,r,False,True,False,4
134.0,LINK_194891,11203052965,11,0,GGGGGGGGGGGr,r,False,True,False,11
134.0,NODE_10378,11139418715,2,0,GGr,r,False,True,False,2
134.0,NODE_5681,11139418723,2,0,GGr,r,False,True,False,2
134.0,NODE_10262,11203041635,4,0,GGGGr,r,False,True,False,4
134.5,LINK_249048,5161705573,2,0,GGr,r,False,True,False,2
134.5,NODE_5837,5161705573,2,0,GGr,r,False,True,False,2
134.5,LINK_10218,11139418715,2,0,GGr,r,False,True,False,2
134.5,LINK_140740,11139418715,2,0,GGr,r,False,True,False,2
134.5,NODE_9634,10974501473,4,0,GGGGr,r,False,True,False,4
134.5,LINK_194891,11203052965,11,0,GGGGGGGGGGGr,r,False,True,False,11
134.5,NODE_10378,11139418715,2,0,GGr,r,False,True,False,2
134.5,NODE_5681,11139418723,2,0,GGr,r,False,True,False,2
134.5,NODE_10262,11203041635,4,0,GGGGr,r,False,True,False,4
135.0,LINK_249048,5161705573,2,0,GGr,r,False,True,False,2
135.0,NODE_5837,5161705573,2,0,GGr,r,False,True,False,2
135.0,LINK_10218,11139418715,2,0,GGr,r,False,True,False,2
135.0,LINK_140740,11139418715,2,0,GGr,r,False,True,False,2
135.0,NODE_9634,10974501473,4,0,GGGGr,r,False,True,False,4
135.0,LINK_194891,11203052965,11,0,GGGGGGGGGGGr,r,False,True,False,11
135.0,NODE_10378,11139418715,2,0,GGr,r,False,True,False,2
135.0,NODE_5681,11139418723,2,0,GGr,r,False,True,False,2
135.0,NODE_10262,11203041635,4,0,GGGGr,r,False,True,False,4
135.5,LINK_249048,5161705573,2,0,GGr,r,False,True,False,2
135.5,NODE_5837,5161705573,2,0,GGr,r,False,True,False,2
135.5,LINK_10218,11139418715,2,0,GGr,r,False,True,False,2
135.5,LINK_140740,11139418715,2,0,GGr,r,False,True,False,2
135.5,NODE_9634,10974501473,4,0,GGGGr,r,False,True,False,4
135.5,LINK_194891,11203052965,11,0,GGGGGGGGGGGr,r,False,True,False,11
135.5,NODE_10378,11139418715,2,0,GGr,r,False,True,False,2
135.5,NODE_5681,11139418723,2,0,GGr,r,False,True,False,2
135.5,NODE_10262,11203041635,4,0,GGGGr,r,False,True,False,4
136.0,LINK_249048,5161705573,2,0,GGr,r,False,True,False,2
136.0,NODE_5837,5161705573,2,0,GGr,r,False,True,False,2
136.0,LINK_10218,11139418715,2,0,GGr,r,False,True,False,2
136.0,LINK_140740,11139418715,2,0,GGr,r,False,True,False,2
136.0,NODE_9634,10974501473,4,0,GGGGr,r,False,True,False,4
136.0,LINK_194891,11203052965,11,0,GGGGGGGGGGGr,r,False,True,False,11
136.0,NODE_10378,11139418715,2,0,GGr,r,False,True,False,2
136.0,NODE_5681,11139418723,2,0,GGr,r,False,True,False,2
136.0,NODE_10262,11203041635,4,0,GGGGr,r,False,True,False,4
136.5,LINK_249048,5161705573,2,0,GGr,r,False,True,False,2
136.5,NODE_5837,5161705573,2,0,GGr,r,False,True,False,2
136.5,LINK_10218,11139418715,2,0,GGr,r,False,True,False,2
136.5,LINK_140740,11139418715,2,0,GGr,r,False,True,False,2
136.5,NODE_9634,10974501473,4,0,GGGGr,r,False,True,False,4
136.5,LINK_194891,11203052965,11,0,GGGGGGGGGGGr,r,False,True,False,11
136.5,NODE_10378,11139418715,2,0,GGr,r,False,True,False,2
136.5,NODE_5681,11139418723,2,0,GGr,r,False,True,False,2
136.5,NODE_10262,11203041635,4,0,GGGGr,r,False,True,False,4
137.0,LINK_249048,5161705573,2,0,GGr,r,False,True,False,2
137.0,NODE_5837,5161705573,2,0,GGr,r,False,True,False,2
137.0,LINK_10218,11139418715,2,0,GGr,r,False,True,False,2
137.0,LINK_140740,11139418715,2,0,GGr,r,False,True,False,2
137.0,NODE_9634,10974501473,4,0,GGGGr,r,False,True,False,4
137.0,LINK_194891,11203052965,11,0,GGGGGGGGGGGr,r,False,True,False,11
137.0,NODE_10378,11139418715,2,0,GGr,r,False,True,False,2
137.0,NODE_5681,11139418723,2,0,GGr,r,False,True,False,2
137.0,NODE_10262,11203041635,4,0,GGGGr,r,False,True,False,4
137.5,LINK_249048,5161705573,2,0,GGr,r,False,True,False,2
137.5,NODE_5837,5161705573,2,0,GGr,r,False,True,False,2
137.5,LINK_10218,11139418715,2,0,GGr,r,False,True,False,2
137.5,LINK_140740,11139418715,2,0,GGr,r,False,True,False,2
137.5,NODE_9634,10974501473,4,0,GGGGr,r,False,True,False,4
137.5,LINK_194891,11203052965,11,0,GGGGGGGGGGGr,r,False,True,False,11
137.5,NODE_10378,11139418715,2,0,GGr,r,False,True,False,2
137.5,NODE_5681,11139418723,2,0,GGr,r,False,True,False,2
137.5,NODE_10262,11203041635,4,0,GGGGr,r,False,True,False,4
138.0,LINK_249048,5161705573,2,0,GGr,r,False,True,False,2
138.0,NODE_5837,5161705573,2,0,GGr,r,False,True,False,2
138.0,LINK_10218,11139418715,2,0,GGr,r,False,True,False,2
138.0,LINK_140740,11139418715,2,0,GGr,r,False,True,False,2
138.0,NODE_9634,10974501473,4,0,GGGGr,r,False,True,False,4
138.0,LINK_194891,11203052965,11,0,GGGGGGGGGGGr,r,False,True,False,11
138.0,NODE_10378,11139418715,2,0,GGr,r,False,True,False,2
138.0,NODE_5681,11139418723,2,0,GGr,r,False,True,False,2
138.0,NODE_10262,11203041635,4,0,GGGGr,r,False,True,False,4
138.5,LINK_249048,5161705573,2,0,GGr,r,False,True,False,2
138.5,NODE_5837,5161705573,2,0,GGr,r,False,True,False,2
138.5,LINK_10218,11139418715,2,0,GGr,r,False,True,False,2
138.5,LINK_140740,11139418715,2,0,GGr,r,False,True,False,2
138.5,NODE_9634,10974501473,4,0,GGGGr,r,False,True,False,4
138.5,LINK_194891,11203052965,11,0,GGGGGGGGGGGr,r,False,True,False,11
138.5,NODE_10378,11139418715,2,0,GGr,r,False,True,False,2
138.5,NODE_5681,11139418723,2,0,GGr,r,False,True,False,2
138.5,NODE_10262,11203041635,4,0,GGGGr,r,False,True,False,4
139.0,LINK_249048,5161705573,2,0,GGr,r,False,True,False,2
139.0,NODE_5837,5161705573,2,0,GGr,r,False,True,False,2
139.0,LINK_10218,11139418715,2,0,GGr,r,False,True,False,2
139.0,LINK_140740,11139418715,2,0,GGr,r,False,True,False,2
139.0,NODE_9634,10974501473,4,0,GGGGr,r,False,True,False,4
139.0,LINK_194891,11203052965,11,0,GGGGGGGGGGGr,r,False,True,False,11
139.0,NODE_10378,11139418715,2,0,GGr,r,False,True,False,2
139.0,NODE_5681,11139418723,2,0,GGr,r,False,True,False,2
139.0,NODE_10262,11203041635,4,0,GGGGr,r,False,True,False,4
139.5,LINK_249048,5161705573,2,0,GGr,r,False,True,False,2
139.5,NODE_5837,5161705573,2,0,GGr,r,False,True,False,2
139.5,LINK_10218,11139418715,2,0,GGr,r,False,True,False,2
139.5,LINK_140740,11139418715,2,0,GGr,r,False,True,False,2
139.5,NODE_9634,10974501473,4,0,GGGGr,r,False,True,False,4
139.5,LINK_194891,11203052965,11,0,GGGGGGGGGGGr,r,False,True,False,11
139.5,NODE_10378,11139418715,2,0,GGr,r,False,True,False,2
139.5,NODE_5681,11139418723,2,0,GGr,r,False,True,False,2
139.5,NODE_10262,11203041635,4,0,GGGGr,r,False,True,False,4
140.0,LINK_249048,5161705573,2,0,GGr,r,False,True,False,2
140.0,NODE_5837,5161705573,2,0,GGr,r,False,True,False,2
140.0,LINK_10218,11139418715,2,0,GGr,r,False,True,False,2
140.0,LINK_140740,11139418715,2,0,GGr,r,False,True,False,2
140.0,NODE_9634,10974501473,4,0,GGGGr,r,False,True,False,4
140.0,LINK_194891,11203052965,11,0,GGGGGGGGGGGr,r,False,True,False,11
140.0,NODE_10378,11139418715,2,0,GGr,r,False,True,False,2
140.0,NODE_5681,11139418723,2,0,GGr,r,False,True,False,2
140.0,NODE_10262,11203041635,4,0,GGGGr,r,False,True,False,4
140.5,LINK_249048,5161705573,2,0,GGr,r,False,True,False,2
140.5,NODE_5837,5161705573,2,0,GGr,r,False,True,False,2
140.5,LINK_10218,11139418715,2,0,GGr,r,False,True,False,2
140.5,LINK_140740,11139418715,2,0,GGr,r,False,True,False,2
140.5,NODE_9634,10974501473,4,0,GGGGr,r,False,True,False,4
140.5,LINK_194891,11203052965,11,0,GGGGGGGGGGGr,r,False,True,False,11
140.5,NODE_10378,11139418715,2,0,GGr,r,False,True,False,2
140.5,NODE_5681,11139418723,2,0,GGr,r,False,True,False,2
140.5,NODE_10262,11203041635,4,0,GGGGr,r,False,True,False,4
141.0,LINK_249048,5161705573,2,0,GGr,r,False,True,False,2
141.0,NODE_5837,5161705573,2,0,GGr,r,False,True,False,2
141.0,LINK_10218,11139418715,2,0,GGr,r,False,True,False,2
141.0,LINK_140740,11139418715,2,0,GGr,r,False,True,False,2
141.0,NODE_9634,10974501473,4,0,GGGGr,r,False,True,False,4
141.0,LINK_194891,11203052965,11,0,GGGGGGGGGGGr,r,False,True,False,11
141.0,NODE_10378,11139418715,2,0,GGr,r,False,True,False,2
141.0,NODE_5681,11139418723,2,0,GGr,r,False,True,False,2
141.0,NODE_10262,11203041635,4,0,GGGGr,r,False,True,False,4
141.5,LINK_249048,5161705573,2,0,GGr,r,False,True,False,2
141.5,NODE_5837,5161705573,2,0,GGr,r,False,True,False,2
141.5,LINK_10218,11139418715,2,0,GGr,r,False,True,False,2
141.5,LINK_140740,11139418715,2,0,GGr,r,False,True,False,2
141.5,NODE_9634,10974501473,4,0,GGGGr,r,False,True,False,4
141.5,LINK_194891,11203052965,11,0,GGGGGGGGGGGr,r,False,True,False,11
141.5,NODE_10378,11139418715,2,0,GGr,r,False,True,False,2
141.5,NODE_5681,11139418723,2,0,GGr,r,False,True,False,2
141.5,NODE_10262,11203041635,4,0,GGGGr,r,False,True,False,4
142.0,LINK_249048,5161705573,2,0,GGr,r,False,True,False,2
142.0,NODE_5837,5161705573,2,0,GGr,r,False,True,False,2
142.0,LINK_10218,11139418715,2,0,GGr,r,False,True,False,2
142.0,LINK_140740,11139418715,2,0,GGr,r,False,True,False,2
142.0,NODE_9634,10974501473,4,0,GGGGr,r,False,True,False,4
142.0,LINK_194891,11203052965,11,0,GGGGGGGGGGGr,r,False,True,False,11
142.0,NODE_10378,11139418715,2,0,GGr,r,False,True,False,2
142.0,NODE_5681,11139418723,2,0,GGr,r,False,True,False,2
142.0,NODE_10262,11203041635,4,0,GGGGr,r,False,True,False,4
142.5,LINK_249048,5161705573,2,0,GGr,r,False,True,False,2
142.5,NODE_5837,5161705573,2,0,GGr,r,False,True,False,2
142.5,LINK_10218,11139418715,2,0,GGr,r,False,True,False,2
142.5,LINK_140740,11139418715,2,0,GGr,r,False,True,False,2
142.5,NODE_9634,10974501473,4,0,GGGGr,r,False,True,False,4
142.5,LINK_194891,11203052965,11,0,GGGGGGGGGGGr,r,False,True,False,11
142.5,NODE_10378,11139418715,2,0,GGr,r,False,True,False,2
142.5,NODE_5681,11139418723,2,0,GGr,r,False,True,False,2
142.5,NODE_10262,11203041635,4,0,GGGGr,r,False,True,False,4
143.0,LINK_249048,5161705573,2,0,GGr,r,False,True,False,2
143.0,NODE_5837,5161705573,2,0,GGr,r,False,True,False,2
143.0,LINK_10218,11139418715,2,0,GGr,r,False,True,False,2
143.0,LINK_140740,11139418715,2,0,GGr,r,False,True,False,2
143.0,NODE_9634,10974501473,4,0,GGGGr,r,False,True,False,4
143.0,LINK_194891,11203052965,11,0,GGGGGGGGGGGr,r,False,True,False,11
143.0,NODE_10378,11139418715,2,0,GGr,r,False,True,False,2
143.0,NODE_5681,11139418723,2,0,GGr,r,False,True,False,2
143.0,NODE_10262,11203041635,4,0,GGGGr,r,False,True,False,4
143.5,LINK_249048,5161705573,2,0,GGr,r,False,True,False,2
143.5,NODE_5837,5161705573,2,0,GGr,r,False,True,False,2
143.5,LINK_10218,11139418715,2,0,GGr,r,False,True,False,2
143.5,LINK_140740,11139418715,2,0,GGr,r,False,True,False,2
143.5,NODE_9634,10974501473,4,0,GGGGr,r,False,True,False,4
143.5,LINK_194891,11203052965,11,0,GGGGGGGGGGGr,r,False,True,False,11
143.5,NODE_10378,11139418715,2,0,GGr,r,False,True,False,2
143.5,NODE_5681,11139418723,2,0,GGr,r,False,True,False,2
143.5,NODE_10262,11203041635,4,0,GGGGr,r,False,True,False,4
144.0,LINK_249048,5161705573,2,0,GGr,r,False,True,False,2
144.0,NODE_5837,5161705573,2,0,GGr,r,False,True,False,2
144.0,LINK_10218,11139418715,2,0,GGr,r,False,True,False,2
144.0,LINK_140740,11139418715,2,0,GGr,r,False,True,False,2
144.0,NODE_9634,10974501473,4,0,GGGGr,r,False,True,False,4
144.0,LINK_194891,11203052965,11,0,GGGGGGGGGGGr,r,False,True,False,11
144.0,NODE_10378,11139418715,2,0,GGr,r,False,True,False,2
144.0,NODE_5681,11139418723,2,0,GGr,r,False,True,False,2
144.0,NODE_10262,11203041635,4,0,GGGGr,r,False,True,False,4
144.5,LINK_249048,5161705573,2,0,GGr,r,False,True,False,2
144.5,NODE_5837,5161705573,2,0,GGr,r,False,True,False,2
144.5,LINK_10218,11139418715,2,0,GGr,r,False,True,False,2
144.5,LINK_140740,11139418715,2,0,GGr,r,False,True,False,2
144.5,NODE_9634,10974501473,4,0,GGGGr,r,False,True,False,4
144.5,LINK_194891,11203052965,11,0,GGGGGGGGGGGr,r,False,True,False,11
144.5,NODE_10378,11139418715,2,0,GGr,r,False,True,False,2
144.5,NODE_5681,11139418723,2,0,GGr,r,False,True,False,2
144.5,NODE_10262,11203041635,4,0,GGGGr,r,False,True,False,4
145.0,LINK_249048,5161705573,2,0,GGr,r,False,True,False,2
145.0,NODE_5837,5161705573,2,0,GGr,r,False,True,False,2
145.0,LINK_10218,11139418715,2,0,GGr,r,False,True,False,2
145.0,LINK_140740,11139418715,2,0,GGr,r,False,True,False,2
145.0,NODE_9634,10974501473,4,0,GGGGr,r,False,True,False,4
145.0,LINK_194891,11203052965,11,0,GGGGGGGGGGGr,r,False,True,False,11
145.0,NODE_10378,11139418715,2,0,GGr,r,False,True,False,2
145.0,NODE_5681,11139418723,2,0,GGr,r,False,True,False,2
145.0,NODE_10262,11203041635,4,0,GGGGr,r,False,True,False,4
145.5,LINK_249048,5161705573,2,0,GGr,r,False,True,False,2
145.5,NODE_5837,5161705573,2,0,GGr,r,False,True,False,2
145.5,LINK_10218,11139418715,2,0,GGr,r,False,True,False,2
145.5,LINK_140740,11139418715,2,0,GGr,r,False,True,False,2
145.5,NODE_9634,10974501473,4,0,GGGGr,r,False,True,False,4
145.5,LINK_194891,11203052965,11,0,GGGGGGGGGGGr,r,False,True,False,11
145.5,NODE_10378,11139418715,2,0,GGr,r,False,True,False,2
145.5,NODE_5681,11139418723,2,0,GGr,r,False,True,False,2
145.5,NODE_10262,11203041635,4,0,GGGGr,r,False,True,False,4
146.0,LINK_249048,5161705573,2,0,GGr,r,False,True,False,2
146.0,NODE_5837,5161705573,2,0,GGr,r,False,True,False,2
146.0,LINK_10218,11139418715,2,0,GGr,r,False,True,False,2
146.0,LINK_140740,11139418715,2,0,GGr,r,False,True,False,2
146.0,NODE_9634,10974501473,4,0,GGGGr,r,False,True,False,4
146.0,LINK_194891,11203052965,11,0,GGGGGGGGGGGr,r,False,True,False,11
146.0,NODE_10378,11139418715,2,0,GGr,r,False,True,False,2
146.0,NODE_5681,11139418723,2,0,GGr,r,False,True,False,2
146.0,NODE_10262,11203041635,4,0,GGGGr,r,False,True,False,4
146.5,LINK_249048,5161705573,2,0,GGr,r,False,True,False,2
146.5,NODE_5837,5161705573,2,0,GGr,r,False,True,False,2
146.5,LINK_10218,11139418715,2,0,GGr,r,False,True,False,2
146.5,LINK_140740,11139418715,2,0,GGr,r,False,True,False,2
146.5,NODE_9634,10974501473,4,0,GGGGr,r,False,True,False,4
146.5,LINK_194891,11203052965,11,0,GGGGGGGGGGGr,r,False,True,False,11
146.5,NODE_10378,11139418715,2,0,GGr,r,False,True,False,2
146.5,NODE_5681,11139418723,2,0,GGr,r,False,True,False,2
146.5,NODE_10262,11203041635,4,0,GGGGr,r,False,True,False,4
147.0,LINK_249048,5161705573,2,0,GGr,r,False,True,False,2
147.0,NODE_5837,5161705573,2,0,GGr,r,False,True,False,2
147.0,LINK_10218,11139418715,2,0,GGr,r,False,True,False,2
147.0,LINK_140740,11139418715,2,0,GGr,r,False,True,False,2
147.0,NODE_9634,10974501473,4,0,GGGGr,r,False,True,False,4
147.0,LINK_194891,11203052965,11,0,GGGGGGGGGGGr,r,False,True,False,11
147.0,NODE_10378,11139418715,2,0,GGr,r,False,True,False,2
147.0,NODE_5681,11139418723,2,0,GGr,r,False,True,False,2
147.0,NODE_10262,11203041635,4,0,GGGGr,r,False,True,False,4
147.5,LINK_249048,5161705573,2,0,GGr,r,False,True,False,2
147.5,NODE_5837,5161705573,2,0,GGr,r,False,True,False,2
147.5,LINK_10218,11139418715,2,0,GGr,r,False,True,False,2
147.5,LINK_140740,11139418715,2,0,GGr,r,False,True,False,2
147.5,NODE_9634,10974501473,4,0,GGGGr,r,False,True,False,4
147.5,LINK_194891,11203052965,11,0,GGGGGGGGGGGr,r,False,True,False,11
147.5,NODE_10378,11139418715,2,0,GGr,r,False,True,False,2
147.5,NODE_5681,11139418723,2,0,GGr,r,False,True,False,2
147.5,NODE_10262,11203041635,4,0,GGGGr,r,False,True,False,4
148.0,LINK_249048,5161705573,2,0,GGr,r,False,True,False,2
148.0,NODE_5837,5161705573,2,0,GGr,r,False,True,False,2
148.0,LINK_10218,11139418715,2,0,GGr,r,False,True,False,2
148.0,LINK_140740,11139418715,2,0,GGr,r,False,True,False,2
148.0,NODE_9634,10974501473,4,0,GGGGr,r,False,True,False,4
148.0,LINK_194891,11203052965,11,0,GGGGGGGGGGGr,r,False,True,False,11
148.0,NODE_10378,11139418715,2,0,GGr,r,False,True,False,2
148.0,NODE_5681,11139418723,2,0,GGr,r,False,True,False,2
148.0,NODE_10262,11203041635,4,0,GGGGr,r,False,True,False,4
148.5,LINK_249048,5161705573,2,0,GGr,r,False,True,False,2
148.5,NODE_5837,5161705573,2,0,GGr,r,False,True,False,2
148.5,LINK_10218,11139418715,2,0,GGr,r,False,True,False,2
148.5,LINK_140740,11139418715,2,0,GGr,r,False,True,False,2
148.5,NODE_9634,10974501473,4,0,GGGGr,r,False,True,False,4
148.5,LINK_194891,11203052965,11,0,GGGGGGGGGGGr,r,False,True,False,11
148.5,NODE_10378,11139418715,2,0,GGr,r,False,True,False,2
148.5,NODE_5681,11139418723,2,0,GGr,r,False,True,False,2
148.5,NODE_10262,11203041635,4,0,GGGGr,r,False,True,False,4
149.0,LINK_249048,5161705573,2,0,GGr,r,False,True,False,2
149.0,NODE_5837,5161705573,2,0,GGr,r,False,True,False,2
149.0,LINK_10218,11139418715,2,0,GGr,r,False,True,False,2
149.0,LINK_140740,11139418715,2,0,GGr,r,False,True,False,2
149.0,NODE_9634,10974501473,4,0,GGGGr,r,False,True,False,4
149.0,LINK_194891,11203052965,11,0,GGGGGGGGGGGr,r,False,True,False,11
149.0,NODE_10378,11139418715,2,0,GGr,r,False,True,False,2
149.0,NODE_5681,11139418723,2,0,GGr,r,False,True,False,2
149.0,NODE_10262,11203041635,4,0,GGGGr,r,False,True,False,4
149.5,LINK_249048,5161705573,2,0,GGr,r,False,True,False,2
149.5,NODE_5837,5161705573,2,0,GGr,r,False,True,False,2
149.5,LINK_10218,11139418715,2,0,GGr,r,False,True,False,2
149.5,LINK_140740,11139418715,2,0,GGr,r,False,True,False,2
149.5,NODE_9634,10974501473,4,0,GGGGr,r,False,True,False,4
149.5,LINK_194891,11203052965,11,0,GGGGGGGGGGGr,r,False,True,False,11
149.5,NODE_10378,11139418715,2,0,GGr,r,False,True,False,2
149.5,NODE_5681,11139418723,2,0,GGr,r,False,True,False,2
149.5,NODE_10262,11203041635,4,0,GGGGr,r,False,True,False,4
150.0,LINK_249048,5161705573,2,0,GGr,r,False,True,False,2
150.0,NODE_5837,5161705573,2,0,GGr,r,False,True,False,2
150.0,LINK_10218,11139418715,2,0,GGr,r,False,True,False,2
150.0,LINK_140740,11139418715,2,0,GGr,r,False,True,False,2
150.0,NODE_9634,10974501473,4,0,GGGGr,r,False,True,False,4
150.0,LINK_194891,11203052965,11,0,GGGGGGGGGGGr,r,False,True,False,11
150.0,NODE_10378,11139418715,2,0,GGr,r,False,True,False,2
150.0,NODE_5681,11139418723,2,0,GGr,r,False,True,False,2
150.0,NODE_10262,11203041635,4,0,GGGGr,r,False,True,False,4
150.5,LINK_249048,5161705573,2,0,GGr,r,False,True,False,2
150.5,NODE_5837,5161705573,2,0,GGr,r,False,True,False,2
150.5,LINK_10218,11139418715,2,0,GGr,r,False,True,False,2
150.5,LINK_140740,11139418715,2,0,GGr,r,False,True,False,2
150.5,NODE_9634,10974501473,4,0,GGGGr,r,False,True,False,4
150.5,LINK_194891,11203052965,11,0,GGGGGGGGGGGr,r,False,True,False,11
150.5,NODE_10378,11139418715,2,0,GGr,r,False,True,False,2
150.5,NODE_5681,11139418723,2,0,GGr,r,False,True,False,2
150.5,NODE_10262,11203041635,4,0,GGGGr,r,False,True,False,4
151.0,LINK_249048,5161705573,2,0,GGr,r,False,True,False,2
151.0,NODE_5837,5161705573,2,0,GGr,r,False,True,False,2
151.0,LINK_10218,11139418715,2,0,GGr,r,False,True,False,2
151.0,LINK_140740,11139418715,2,0,GGr,r,False,True,False,2
151.0,NODE_9634,10974501473,4,0,GGGGr,r,False,True,False,4
151.0,LINK_194891,11203052965,11,0,GGGGGGGGGGGr,r,False,True,False,11
151.0,NODE_10378,11139418715,2,0,GGr,r,False,True,False,2
151.0,NODE_5681,11139418723,2,0,GGr,r,False,True,False,2
151.0,NODE_10262,11203041635,4,0,GGGGr,r,False,True,False,4
151.5,LINK_249048,5161705573,2,0,GGr,r,False,True,False,2
151.5,NODE_5837,5161705573,2,0,GGr,r,False,True,False,2
151.5,LINK_10218,11139418715,2,0,GGr,r,False,True,False,2
151.5,LINK_140740,11139418715,2,0,GGr,r,False,True,False,2
151.5,NODE_9634,10974501473,4,0,GGGGr,r,False,True,False,4
151.5,LINK_194891,11203052965,11,0,GGGGGGGGGGGr,r,False,True,False,11
151.5,NODE_10378,11139418715,2,0,GGr,r,False,True,False,2
151.5,NODE_5681,11139418723,2,0,GGr,r,False,True,False,2
151.5,NODE_10262,11203041635,4,0,GGGGr,r,False,True,False,4
152.0,LINK_249048,5161705573,2,0,GGr,r,False,True,False,2
152.0,NODE_5837,5161705573,2,0,GGr,r,False,True,False,2
152.0,LINK_10218,11139418715,2,0,GGr,r,False,True,False,2
152.0,LINK_140740,11139418715,2,0,GGr,r,False,True,False,2
152.0,NODE_9634,10974501473,4,0,GGGGr,r,False,True,False,4
152.0,LINK_194891,11203052965,11,0,GGGGGGGGGGGr,r,False,True,False,11
152.0,NODE_10378,11139418715,2,0,GGr,r,False,True,False,2
152.0,NODE_5681,11139418723,2,0,GGr,r,False,True,False,2
152.0,NODE_10262,11203041635,4,0,GGGGr,r,False,True,False,4
152.5,LINK_249048,5161705573,2,0,GGr,r,False,True,False,2
152.5,NODE_5837,5161705573,2,0,GGr,r,False,True,False,2
152.5,LINK_10218,11139418715,2,0,GGr,r,False,True,False,2
152.5,LINK_140740,11139418715,2,0,GGr,r,False,True,False,2
152.5,NODE_9634,10974501473,4,0,GGGGr,r,False,True,False,4
152.5,LINK_194891,11203052965,11,0,GGGGGGGGGGGr,r,False,True,False,11
152.5,NODE_10378,11139418715,2,0,GGr,r,False,True,False,2
152.5,NODE_5681,11139418723,2,0,GGr,r,False,True,False,2
152.5,NODE_10262,11203041635,4,0,GGGGr,r,False,True,False,4
153.0,LINK_249048,5161705573,2,0,GGr,r,False,True,False,2
153.0,NODE_5837,5161705573,2,0,GGr,r,False,True,False,2
153.0,LINK_10218,11139418715,2,0,GGr,r,False,True,False,2
153.0,LINK_140740,11139418715,2,0,GGr,r,False,True,False,2
153.0,NODE_9634,10974501473,4,0,GGGGr,r,False,True,False,4
153.0,LINK_194891,11203052965,11,0,GGGGGGGGGGGr,r,False,True,False,11
153.0,NODE_10378,11139418715,2,0,GGr,r,False,True,False,2
153.0,NODE_5681,11139418723,2,0,GGr,r,False,True,False,2
153.0,NODE_10262,11203041635,4,0,GGGGr,r,False,True,False,4
153.5,LINK_249048,5161705573,2,0,GGr,r,False,True,False,2
153.5,NODE_5837,5161705573,2,0,GGr,r,False,True,False,2
153.5,LINK_10218,11139418715,2,0,GGr,r,False,True,False,2
153.5,LINK_140740,11139418715,2,0,GGr,r,False,True,False,2
153.5,NODE_9634,10974501473,4,0,GGGGr,r,False,True,False,4
153.5,LINK_194891,11203052965,11,0,GGGGGGGGGGGr,r,False,True,False,11
153.5,NODE_10378,11139418715,2,0,GGr,r,False,True,False,2
153.5,NODE_5681,11139418723,2,0,GGr,r,False,True,False,2
153.5,NODE_10262,11203041635,4,0,GGGGr,r,False,True,False,4
154.0,LINK_249048,5161705573,2,0,GGr,r,False,True,False,2
154.0,NODE_5837,5161705573,2,0,GGr,r,False,True,False,2
154.0,LINK_10218,11139418715,2,0,GGr,r,False,True,False,2
154.0,LINK_140740,11139418715,2,0,GGr,r,False,True,False,2
154.0,NODE_9634,10974501473,4,0,GGGGr,r,False,True,False,4
154.0,LINK_194891,11203052965,11,0,GGGGGGGGGGGr,r,False,True,False,11
154.0,NODE_10378,11139418715,2,0,GGr,r,False,True,False,2
154.0,NODE_5681,11139418723,2,0,GGr,r,False,True,False,2
154.0,NODE_10262,11203041635,4,0,GGGGr,r,False,True,False,4
154.5,LINK_249048,5161705573,2,0,GGr,r,False,True,False,2
154.5,NODE_5837,5161705573,2,0,GGr,r,False,True,False,2
154.5,LINK_10218,11139418715,2,0,GGr,r,False,True,False,2
154.5,LINK_140740,11139418715,2,0,GGr,r,False,True,False,2
154.5,NODE_9634,10974501473,4,0,GGGGr,r,False,True,False,4
154.5,LINK_194891,11203052965,11,0,GGGGGGGGGGGr,r,False,True,False,11
154.5,NODE_10378,11139418715,2,0,GGr,r,False,True,False,2
154.5,NODE_5681,11139418723,2,0,GGr,r,False,True,False,2
154.5,NODE_10262,11203041635,4,0,GGGGr,r,False,True,False,4
155.0,LINK_249048,5161705573,2,0,GGr,r,False,True,False,2
155.0,NODE_5837,5161705573,2,0,GGr,r,False,True,False,2
155.0,LINK_10218,11139418715,2,0,GGr,r,False,True,False,2
155.0,LINK_140740,11139418715,2,0,GGr,r,False,True,False,2
155.0,NODE_9634,10974501473,4,0,GGGGr,r,False,True,False,4
155.0,LINK_194891,11203052965,11,0,GGGGGGGGGGGr,r,False,True,False,11
155.0,NODE_10378,11139418715,2,0,GGr,r,False,True,False,2
155.0,NODE_5681,11139418723,2,0,GGr,r,False,True,False,2
155.0,NODE_10262,11203041635,4,0,GGGGr,r,False,True,False,4
155.5,LINK_249048,5161705573,2,0,GGr,r,False,True,False,2
155.5,NODE_5837,5161705573,2,0,GGr,r,False,True,False,2
155.5,LINK_10218,11139418715,2,0,GGr,r,False,True,False,2
155.5,LINK_140740,11139418715,2,0,GGr,r,False,True,False,2
155.5,NODE_9634,10974501473,4,0,GGGGr,r,False,True,False,4
155.5,LINK_194891,11203052965,11,0,GGGGGGGGGGGr,r,False,True,False,11
155.5,NODE_10378,11139418715,2,0,GGr,r,False,True,False,2
155.5,NODE_5681,11139418723,2,0,GGr,r,False,True,False,2
155.5,NODE_10262,11203041635,4,0,GGGGr,r,False,True,False,4
156.0,LINK_249048,5161705573,2,0,GGr,r,False,True,False,2
156.0,NODE_5837,5161705573,2,0,GGr,r,False,True,False,2
156.0,LINK_10218,11139418715,2,0,GGr,r,False,True,False,2
156.0,LINK_140740,11139418715,2,0,GGr,r,False,True,False,2
156.0,NODE_9634,10974501473,4,0,GGGGr,r,False,True,False,4
156.0,LINK_194891,11203052965,11,0,GGGGGGGGGGGr,r,False,True,False,11
156.0,NODE_10378,11139418715,2,0,GGr,r,False,True,False,2
156.0,NODE_5681,11139418723,2,0,GGr,r,False,True,False,2
156.0,NODE_10262,11203041635,4,0,GGGGr,r,False,True,False,4
156.5,LINK_249048,5161705573,2,0,GGr,r,False,True,False,2
156.5,NODE_5837,5161705573,2,0,GGr,r,False,True,False,2
156.5,LINK_10218,11139418715,2,0,GGr,r,False,True,False,2
156.5,LINK_140740,11139418715,2,0,GGr,r,False,True,False,2
156.5,NODE_9634,10974501473,4,0,GGGGr,r,False,True,False,4
156.5,LINK_194891,11203052965,11,0,GGGGGGGGGGGr,r,False,True,False,11
156.5,NODE_10378,11139418715,2,0,GGr,r,False,True,False,2
156.5,NODE_5681,11139418723,2,0,GGr,r,False,True,False,2
156.5,NODE_10262,11203041635,4,0,GGGGr,r,False,True,False,4
157.0,LINK_249048,5161705573,2,0,GGr,r,False,True,False,2
157.0,NODE_5837,5161705573,2,0,GGr,r,False,True,False,2
157.0,LINK_10218,11139418715,2,0,GGr,r,False,True,False,2
157.0,LINK_140740,11139418715,2,0,GGr,r,False,True,False,2
157.0,NODE_9634,10974501473,4,0,GGGGr,r,False,True,False,4
157.0,LINK_194891,11203052965,11,0,GGGGGGGGGGGr,r,False,True,False,11
157.0,NODE_10378,11139418715,2,0,GGr,r,False,True,False,2
157.0,NODE_5681,11139418723,2,0,GGr,r,False,True,False,2
157.0,NODE_10262,11203041635,4,0,GGGGr,r,False,True,False,4
157.5,LINK_249048,5161705573,2,0,GGr,r,False,True,False,2
157.5,NODE_5837,5161705573,2,0,GGr,r,False,True,False,2
157.5,LINK_10218,11139418715,2,0,GGr,r,False,True,False,2
157.5,LINK_140740,11139418715,2,0,GGr,r,False,True,False,2
157.5,NODE_9634,10974501473,4,0,GGGGr,r,False,True,False,4
157.5,LINK_194891,11203052965,11,0,GGGGGGGGGGGr,r,False,True,False,11
157.5,NODE_10378,11139418715,2,0,GGr,r,False,True,False,2
157.5,NODE_5681,11139418723,2,0,GGr,r,False,True,False,2
157.5,NODE_10262,11203041635,4,0,GGGGr,r,False,True,False,4
158.0,LINK_249048,5161705573,2,0,GGr,r,False,True,False,2
158.0,NODE_5837,5161705573,2,0,GGr,r,False,True,False,2
158.0,LINK_10218,11139418715,2,0,GGr,r,False,True,False,2
158.0,LINK_140740,11139418715,2,0,GGr,r,False,True,False,2
158.0,NODE_9634,10974501473,4,0,GGGGr,r,False,True,False,4
158.0,LINK_194891,11203052965,11,0,GGGGGGGGGGGr,r,False,True,False,11
158.0,NODE_10378,11139418715,2,0,GGr,r,False,True,False,2
158.0,NODE_5681,11139418723,2,0,GGr,r,False,True,False,2
158.0,NODE_10262,11203041635,4,0,GGGGr,r,False,True,False,4
158.5,LINK_249048,5161705573,2,0,GGr,r,False,True,False,2
158.5,NODE_5837,5161705573,2,0,GGr,r,False,True,False,2
158.5,LINK_10218,11139418715,2,0,GGr,r,False,True,False,2
158.5,LINK_140740,11139418715,2,0,GGr,r,False,True,False,2
158.5,NODE_9634,10974501473,4,0,GGGGr,r,False,True,False,4
158.5,LINK_194891,11203052965,11,0,GGGGGGGGGGGr,r,False,True,False,11
158.5,NODE_10378,11139418715,2,0,GGr,r,False,True,False,2
158.5,NODE_5681,11139418723,2,0,GGr,r,False,True,False,2
158.5,NODE_10262,11203041635,4,0,GGGGr,r,False,True,False,4
159.0,LINK_249048,5161705573,2,0,GGr,r,False,True,False,2
159.0,NODE_5837,5161705573,2,0,GGr,r,False,True,False,2
159.0,LINK_10218,11139418715,2,0,GGr,r,False,True,False,2
159.0,LINK_140740,11139418715,2,0,GGr,r,False,True,False,2
159.0,NODE_9634,10974501473,4,0,GGGGr,r,False,True,False,4
159.0,LINK_194891,11203052965,11,0,GGGGGGGGGGGr,r,False,True,False,11
159.0,NODE_10378,11139418715,2,0,GGr,r,False,True,False,2
159.0,NODE_5681,11139418723,2,0,GGr,r,False,True,False,2
159.0,NODE_10262,11203041635,4,0,GGGGr,r,False,True,False,4
159.5,LINK_249048,5161705573,2,0,GGr,r,False,True,False,2
159.5,NODE_5837,5161705573,2,0,GGr,r,False,True,False,2
159.5,LINK_10218,11139418715,2,0,GGr,r,False,True,False,2
159.5,LINK_140740,11139418715,2,0,GGr,r,False,True,False,2
159.5,NODE_9634,10974501473,4,0,GGGGr,r,False,True,False,4
159.5,LINK_194891,11203052965,11,0,GGGGGGGGGGGr,r,False,True,False,11
159.5,NODE_10378,11139418715,2,0,GGr,r,False,True,False,2
159.5,NODE_5681,11139418723,2,0,GGr,r,False,True,False,2
159.5,NODE_10262,11203041635,4,0,GGGGr,r,False,True,False,4
160.0,LINK_249048,5161705573,2,0,GGr,r,False,True,False,2
160.0,NODE_5837,5161705573,2,0,GGr,r,False,True,False,2
160.0,LINK_10218,11139418715,2,0,GGr,r,False,True,False,2
160.0,LINK_140740,11139418715,2,0,GGr,r,False,True,False,2
160.0,NODE_9634,10974501473,4,0,GGGGr,r,False,True,False,4
160.0,LINK_194891,11203052965,11,0,GGGGGGGGGGGr,r,False,True,False,11
160.0,NODE_10378,11139418715,2,0,GGr,r,False,True,False,2
160.0,NODE_5681,11139418723,2,0,GGr,r,False,True,False,2
160.0,NODE_10262,11203041635,4,0,GGGGr,r,False,True,False,4
160.5,LINK_249048,5161705573,2,0,GGr,r,False,True,False,2
160.5,NODE_5837,5161705573,2,0,GGr,r,False,True,False,2
160.5,LINK_10218,11139418715,2,0,GGr,r,False,True,False,2
160.5,LINK_140740,11139418715,2,0,GGr,r,False,True,False,2
160.5,NODE_9634,10974501473,4,0,GGGGr,r,False,True,False,4
160.5,LINK_194891,11203052965,11,0,GGGGGGGGGGGr,r,False,True,False,11
160.5,NODE_10378,11139418715,2,0,GGr,r,False,True,False,2
160.5,NODE_5681,11139418723,2,0,GGr,r,False,True,False,2
160.5,NODE_10262,11203041635,4,0,GGGGr,r,False,True,False,4
161.0,LINK_249048,5161705573,2,0,GGr,r,False,True,False,2
161.0,NODE_5837,5161705573,2,0,GGr,r,False,True,False,2
161.0,LINK_10218,11139418715,2,0,GGr,r,False,True,False,2
161.0,LINK_140740,11139418715,2,0,GGr,r,False,True,False,2
161.0,NODE_9634,10974501473,4,0,GGGGr,r,False,True,False,4
161.0,LINK_194891,11203052965,11,0,GGGGGGGGGGGr,r,False,True,False,11
161.0,NODE_10378,11139418715,2,0,GGr,r,False,True,False,2
161.0,NODE_5681,11139418723,2,0,GGr,r,False,True,False,2
161.0,NODE_10262,11203041635,4,0,GGGGr,r,False,True,False,4
161.5,LINK_249048,5161705573,2,0,GGr,r,False,True,False,2
161.5,NODE_5837,5161705573,2,0,GGr,r,False,True,False,2
161.5,LINK_10218,11139418715,2,0,GGr,r,False,True,False,2
161.5,LINK_140740,11139418715,2,0,GGr,r,False,True,False,2
161.5,NODE_9634,10974501473,4,0,GGGGr,r,False,True,False,4
161.5,LINK_194891,11203052965,11,0,GGGGGGGGGGGr,r,False,True,False,11
161.5,NODE_10378,11139418715,2,0,GGr,r,False,True,False,2
161.5,NODE_5681,11139418723,2,0,GGr,r,False,True,False,2
161.5,NODE_10262,11203041635,4,0,GGGGr,r,False,True,False,4
162.0,LINK_249048,5161705573,2,0,GGr,r,False,True,False,2
162.0,NODE_5837,5161705573,2,0,GGr,r,False,True,False,2
162.0,LINK_10218,11139418715,2,0,GGr,r,False,True,False,2
162.0,LINK_140740,11139418715,2,0,GGr,r,False,True,False,2
162.0,NODE_9634,10974501473,4,0,GGGGr,r,False,True,False,4
162.0,LINK_194891,11203052965,11,0,GGGGGGGGGGGr,r,False,True,False,11
162.0,NODE_10378,11139418715,2,0,GGr,r,False,True,False,2
162.0,NODE_5681,11139418723,2,0,GGr,r,False,True,False,2
162.0,NODE_10262,11203041635,4,0,GGGGr,r,False,True,False,4
162.5,LINK_249048,5161705573,2,0,GGr,r,False,True,False,2
162.5,NODE_5837,5161705573,2,0,GGr,r,False,True,False,2
162.5,LINK_10218,11139418715,2,0,GGr,r,False,True,False,2
162.5,LINK_140740,11139418715,2,0,GGr,r,False,True,False,2
162.5,NODE_9634,10974501473,4,0,GGGGr,r,False,True,False,4
162.5,LINK_194891,11203052965,11,0,GGGGGGGGGGGr,r,False,True,False,11
162.5,NODE_10378,11139418715,2,0,GGr,r,False,True,False,2
162.5,NODE_5681,11139418723,2,0,GGr,r,False,True,False,2
162.5,NODE_10262,11203041635,4,0,GGGGr,r,False,True,False,4
163.0,LINK_249048,5161705573,2,0,GGr,r,False,True,False,2
163.0,NODE_5837,5161705573,2,0,GGr,r,False,True,False,2
163.0,LINK_10218,11139418715,2,0,GGr,r,False,True,False,2
163.0,LINK_140740,11139418715,2,0,GGr,r,False,True,False,2
163.0,NODE_9634,10974501473,4,0,GGGGr,r,False,True,False,4
163.0,LINK_194891,11203052965,11,0,GGGGGGGGGGGr,r,False,True,False,11
163.0,NODE_10378,11139418715,2,0,GGr,r,False,True,False,2
163.0,NODE_5681,11139418723,2,0,GGr,r,False,True,False,2
163.0,NODE_10262,11203041635,4,0,GGGGr,r,False,True,False,4
163.5,LINK_249048,5161705573,2,0,GGr,r,False,True,False,2
163.5,NODE_5837,5161705573,2,0,GGr,r,False,True,False,2
163.5,LINK_10218,11139418715,2,0,GGr,r,False,True,False,2
163.5,LINK_140740,11139418715,2,0,GGr,r,False,True,False,2
163.5,NODE_9634,10974501473,4,0,GGGGr,r,False,True,False,4
163.5,LINK_194891,11203052965,11,0,GGGGGGGGGGGr,r,False,True,False,11
163.5,NODE_10378,11139418715,2,0,GGr,r,False,True,False,2
163.5,NODE_5681,11139418723,2,0,GGr,r,False,True,False,2
163.5,NODE_10262,11203041635,4,0,GGGGr,r,False,True,False,4
164.0,LINK_249048,5161705573,2,0,GGr,r,False,True,False,2
164.0,NODE_5837,5161705573,2,0,GGr,r,False,True,False,2
164.0,LINK_10218,11139418715,2,0,GGr,r,False,True,False,2
164.0,LINK_140740,11139418715,2,0,GGr,r,False,True,False,2
164.0,NODE_9634,10974501473,4,0,GGGGr,r,False,True,False,4
164.0,LINK_194891,11203052965,11,0,GGGGGGGGGGGr,r,False,True,False,11
164.0,NODE_10378,11139418715,2,0,GGr,r,False,True,False,2
164.0,NODE_5681,11139418723,2,0,GGr,r,False,True,False,2
164.0,NODE_10262,11203041635,4,0,GGGGr,r,False,True,False,4
164.5,LINK_249048,5161705573,2,0,GGr,r,False,True,False,2
164.5,NODE_5837,5161705573,2,0,GGr,r,False,True,False,2
164.5,LINK_10218,11139418715,2,0,GGr,r,False,True,False,2
164.5,LINK_140740,11139418715,2,0,GGr,r,False,True,False,2
164.5,NODE_9634,10974501473,4,0,GGGGr,r,False,True,False,4
164.5,LINK_194891,11203052965,11,0,GGGGGGGGGGGr,r,False,True,False,11
164.5,NODE_10378,11139418715,2,0,GGr,r,False,True,False,2
164.5,NODE_5681,11139418723,2,0,GGr,r,False,True,False,2
164.5,NODE_10262,11203041635,4,0,GGGGr,r,False,True,False,4
165.0,LINK_249048,5161705573,2,0,GGr,r,False,True,False,2
165.0,NODE_5837,5161705573,2,0,GGr,r,False,True,False,2
165.0,LINK_10218,11139418715,2,0,GGr,r,False,True,False,2
165.0,LINK_140740,11139418715,2,0,GGr,r,False,True,False,2
165.0,NODE_9634,10974501473,4,0,GGGGr,r,False,True,False,4
165.0,LINK_194891,11203052965,11,0,GGGGGGGGGGGr,r,False,True,False,11
165.0,NODE_10378,11139418715,2,0,GGr,r,False,True,False,2
165.0,NODE_5681,11139418723,2,0,GGr,r,False,True,False,2
165.0,NODE_10262,11203041635,4,0,GGGGr,r,False,True,False,4
165.5,LINK_249048,5161705573,2,0,GGr,r,False,True,False,2
165.5,NODE_5837,5161705573,2,0,GGr,r,False,True,False,2
165.5,LINK_10218,11139418715,2,0,GGr,r,False,True,False,2
165.5,LINK_140740,11139418715,2,0,GGr,r,False,True,False,2
165.5,NODE_9634,10974501473,4,0,GGGGr,r,False,True,False,4
165.5,LINK_194891,11203052965,11,0,GGGGGGGGGGGr,r,False,True,False,11
165.5,NODE_10378,11139418715,2,0,GGr,r,False,True,False,2
165.5,NODE_5681,11139418723,2,0,GGr,r,False,True,False,2
165.5,NODE_10262,11203041635,4,0,GGGGr,r,False,True,False,4
166.0,LINK_249048,5161705573,2,0,GGr,r,False,True,False,2
166.0,NODE_5837,5161705573,2,0,GGr,r,False,True,False,2
166.0,LINK_10218,11139418715,2,0,GGr,r,False,True,False,2
166.0,LINK_140740,11139418715,2,0,GGr,r,False,True,False,2
166.0,NODE_9634,10974501473,4,0,GGGGr,r,False,True,False,4
166.0,LINK_194891,11203052965,11,0,GGGGGGGGGGGr,r,False,True,False,11
166.0,NODE_10378,11139418715,2,0,GGr,r,False,True,False,2
166.0,NODE_5681,11139418723,2,0,GGr,r,False,True,False,2
166.0,NODE_10262,11203041635,4,0,GGGGr,r,False,True,False,4
166.5,LINK_249048,5161705573,2,0,GGr,r,False,True,False,2
166.5,NODE_5837,5161705573,2,0,GGr,r,False,True,False,2
166.5,LINK_10218,11139418715,2,0,GGr,r,False,True,False,2
166.5,LINK_140740,11139418715,2,0,GGr,r,False,True,False,2
166.5,NODE_9634,10974501473,4,0,GGGGr,r,False,True,False,4
166.5,LINK_194891,11203052965,11,0,GGGGGGGGGGGr,r,False,True,False,11
166.5,NODE_10378,11139418715,2,0,GGr,r,False,True,False,2
166.5,NODE_5681,11139418723,2,0,GGr,r,False,True,False,2
166.5,NODE_10262,11203041635,4,0,GGGGr,r,False,True,False,4
167.0,LINK_249048,5161705573,2,0,GGr,r,False,True,False,2
167.0,NODE_5837,5161705573,2,0,GGr,r,False,True,False,2
167.0,LINK_10218,11139418715,2,0,GGr,r,False,True,False,2
167.0,LINK_140740,11139418715,2,0,GGr,r,False,True,False,2
167.0,NODE_9634,10974501473,4,0,GGGGr,r,False,True,False,4
167.0,LINK_194891,11203052965,11,0,GGGGGGGGGGGr,r,False,True,False,11
167.0,NODE_10378,11139418715,2,0,GGr,r,False,True,False,2
167.0,NODE_5681,11139418723,2,0,GGr,r,False,True,False,2
167.0,NODE_10262,11203041635,4,0,GGGGr,r,False,True,False,4
167.5,LINK_249048,5161705573,2,0,GGr,r,False,True,False,2
167.5,NODE_5837,5161705573,2,0,GGr,r,False,True,False,2
167.5,LINK_10218,11139418715,2,0,GGr,r,False,True,False,2
167.5,LINK_140740,11139418715,2,0,GGr,r,False,True,False,2
167.5,NODE_9634,10974501473,4,0,GGGGr,r,False,True,False,4
167.5,LINK_194891,11203052965,11,0,GGGGGGGGGGGr,r,False,True,False,11
167.5,NODE_10378,11139418715,2,0,GGr,r,False,True,False,2
167.5,NODE_5681,11139418723,2,0,GGr,r,False,True,False,2
167.5,NODE_10262,11203041635,4,0,GGGGr,r,False,True,False,4
168.0,LINK_249048,5161705573,2,0,GGr,r,False,True,False,2
168.0,NODE_5837,5161705573,2,0,GGr,r,False,True,False,2
168.0,LINK_10218,11139418715,2,0,GGr,r,False,True,False,2
168.0,LINK_140740,11139418715,2,0,GGr,r,False,True,False,2
168.0,NODE_9634,10974501473,4,0,GGGGr,r,False,True,False,4
168.0,LINK_194891,11203052965,11,0,GGGGGGGGGGGr,r,False,True,False,11
168.0,NODE_10378,11139418715,2,0,GGr,r,False,True,False,2
168.0,NODE_5681,11139418723,2,0,GGr,r,False,True,False,2
168.0,NODE_10262,11203041635,4,0,GGGGr,r,False,True,False,4
168.5,LINK_249048,5161705573,2,0,GGr,r,False,True,False,2
168.5,NODE_5837,5161705573,2,0,GGr,r,False,True,False,2
168.5,LINK_10218,11139418715,2,0,GGr,r,False,True,False,2
168.5,LINK_140740,11139418715,2,0,GGr,r,False,True,False,2
168.5,NODE_9634,10974501473,4,0,GGGGr,r,False,True,False,4
168.5,LINK_194891,11203052965,11,0,GGGGGGGGGGGr,r,False,True,False,11
168.5,NODE_10378,11139418715,2,0,GGr,r,False,True,False,2
168.5,NODE_5681,11139418723,2,0,GGr,r,False,True,False,2
168.5,NODE_10262,11203041635,4,0,GGGGr,r,False,True,False,4
169.0,LINK_249048,5161705573,2,0,GGr,r,False,True,False,2
169.0,NODE_5837,5161705573,2,0,GGr,r,False,True,False,2
169.0,LINK_10218,11139418715,2,0,GGr,r,False,True,False,2
169.0,LINK_140740,11139418715,2,0,GGr,r,False,True,False,2
169.0,NODE_9634,10974501473,4,0,GGGGr,r,False,True,False,4
169.0,LINK_194891,11203052965,11,0,GGGGGGGGGGGr,r,False,True,False,11
169.0,NODE_10378,11139418715,2,0,GGr,r,False,True,False,2
169.0,NODE_5681,11139418723,2,0,GGr,r,False,True,False,2
169.0,NODE_10262,11203041635,4,0,GGGGr,r,False,True,False,4
169.5,LINK_249048,5161705573,2,0,GGr,r,False,True,False,2
169.5,NODE_5837,5161705573,2,0,GGr,r,False,True,False,2
169.5,LINK_10218,11139418715,2,0,GGr,r,False,True,False,2
169.5,LINK_140740,11139418715,2,0,GGr,r,False,True,False,2
169.5,NODE_9634,10974501473,4,0,GGGGr,r,False,True,False,4
169.5,LINK_194891,11203052965,11,0,GGGGGGGGGGGr,r,False,True,False,11
169.5,NODE_10378,11139418715,2,0,GGr,r,False,True,False,2
169.5,NODE_5681,11139418723,2,0,GGr,r,False,True,False,2
169.5,NODE_10262,11203041635,4,0,GGGGr,r,False,True,False,4
170.0,LINK_249048,5161705573,2,0,GGr,r,False,True,False,2
170.0,NODE_5837,5161705573,2,0,GGr,r,False,True,False,2
170.0,LINK_10218,11139418715,2,0,GGr,r,False,True,False,2
170.0,LINK_140740,11139418715,2,0,GGr,r,False,True,False,2
170.0,NODE_9634,10974501473,4,0,GGGGr,r,False,True,False,4
170.0,LINK_194891,11203052965,11,0,GGGGGGGGGGGr,r,False,True,False,11
170.0,NODE_10378,11139418715,2,0,GGr,r,False,True,False,2
170.0,NODE_5681,11139418723,2,0,GGr,r,False,True,False,2
170.0,NODE_10262,11203041635,4,0,GGGGr,r,False,True,False,4
170.5,LINK_249048,5161705573,2,0,GGr,r,False,True,False,2
170.5,NODE_5837,5161705573,2,0,GGr,r,False,True,False,2
170.5,LINK_10218,11139418715,2,0,GGr,r,False,True,False,2
170.5,LINK_140740,11139418715,2,0,GGr,r,False,True,False,2
170.5,NODE_9634,10974501473,4,0,GGGGr,r,False,True,False,4
170.5,LINK_194891,11203052965,11,0,GGGGGGGGGGGr,r,False,True,False,11
170.5,NODE_10378,11139418715,2,0,GGr,r,False,True,False,2
170.5,NODE_5681,11139418723,2,0,GGr,r,False,True,False,2
170.5,NODE_10262,11203041635,4,0,GGGGr,r,False,True,False,4
171.0,LINK_249048,5161705573,2,0,GGr,r,False,True,False,2
171.0,NODE_5837,5161705573,2,0,GGr,r,False,True,False,2
171.0,LINK_10218,11139418715,2,0,GGr,r,False,True,False,2
171.0,LINK_140740,11139418715,2,0,GGr,r,False,True,False,2
171.0,NODE_9634,10974501473,4,0,GGGGr,r,False,True,False,4
171.0,LINK_194891,11203052965,11,0,GGGGGGGGGGGr,r,False,True,False,11
171.0,NODE_10378,11139418715,2,0,GGr,r,False,True,False,2
171.0,NODE_5681,11139418723,2,0,GGr,r,False,True,False,2
171.0,NODE_10262,11203041635,4,0,GGGGr,r,False,True,False,4
171.5,LINK_249048,5161705573,2,0,GGr,r,False,True,False,2
171.5,NODE_5837,5161705573,2,0,GGr,r,False,True,False,2
171.5,LINK_10218,11139418715,2,0,GGr,r,False,True,False,2
171.5,LINK_140740,11139418715,2,0,GGr,r,False,True,False,2
171.5,NODE_9634,10974501473,4,0,GGGGr,r,False,True,False,4
171.5,LINK_194891,11203052965,11,0,GGGGGGGGGGGr,r,False,True,False,11
171.5,NODE_10378,11139418715,2,0,GGr,r,False,True,False,2
171.5,NODE_5681,11139418723,2,0,GGr,r,False,True,False,2
171.5,NODE_10262,11203041635,4,0,GGGGr,r,False,True,False,4
172.0,LINK_249048,5161705573,2,0,GGr,r,False,True,False,2
172.0,NODE_5837,5161705573,2,0,GGr,r,False,True,False,2
172.0,LINK_10218,11139418715,2,0,GGr,r,False,True,False,2
172.0,LINK_140740,11139418715,2,0,GGr,r,False,True,False,2
172.0,NODE_9634,10974501473,4,0,GGGGr,r,False,True,False,4
172.0,LINK_194891,11203052965,11,0,GGGGGGGGGGGr,r,False,True,False,11
172.0,NODE_10378,11139418715,2,0,GGr,r,False,True,False,2
172.0,NODE_5681,11139418723,2,0,GGr,r,False,True,False,2
172.0,NODE_10262,11203041635,4,0,GGGGr,r,False,True,False,4
172.5,LINK_249048,5161705573,2,0,GGr,r,False,True,False,2
172.5,NODE_5837,5161705573,2,0,GGr,r,False,True,False,2
172.5,LINK_10218,11139418715,2,0,GGr,r,False,True,False,2
172.5,LINK_140740,11139418715,2,0,GGr,r,False,True,False,2
172.5,NODE_9634,10974501473,4,0,GGGGr,r,False,True,False,4
172.5,LINK_194891,11203052965,11,0,GGGGGGGGGGGr,r,False,True,False,11
172.5,NODE_10378,11139418715,2,0,GGr,r,False,True,False,2
172.5,NODE_5681,11139418723,2,0,GGr,r,False,True,False,2
172.5,NODE_10262,11203041635,4,0,GGGGr,r,False,True,False,4
173.0,LINK_249048,5161705573,2,0,GGr,r,False,True,False,2
173.0,NODE_5837,5161705573,2,0,GGr,r,False,True,False,2
173.0,LINK_10218,11139418715,2,0,GGr,r,False,True,False,2
173.0,LINK_140740,11139418715,2,0,GGr,r,False,True,False,2
173.0,NODE_9634,10974501473,4,0,GGGGr,r,False,True,False,4
173.0,LINK_194891,11203052965,11,0,GGGGGGGGGGGr,r,False,True,False,11
173.0,NODE_10378,11139418715,2,0,GGr,r,False,True,False,2
173.0,NODE_5681,11139418723,2,0,GGr,r,False,True,False,2
173.0,NODE_10262,11203041635,4,0,GGGGr,r,False,True,False,4
173.5,LINK_249048,5161705573,2,0,GGr,r,False,True,False,2
173.5,NODE_5837,5161705573,2,0,GGr,r,False,True,False,2
173.5,LINK_10218,11139418715,2,0,GGr,r,False,True,False,2
173.5,LINK_140740,11139418715,2,0,GGr,r,False,True,False,2
173.5,NODE_9634,10974501473,4,0,GGGGr,r,False,True,False,4
173.5,LINK_194891,11203052965,11,0,GGGGGGGGGGGr,r,False,True,False,11
173.5,NODE_10378,11139418715,2,0,GGr,r,False,True,False,2
173.5,NODE_5681,11139418723,2,0,GGr,r,False,True,False,2
173.5,NODE_10262,11203041635,4,0,GGGGr,r,False,True,False,4
174.0,LINK_249048,5161705573,2,0,GGr,r,False,True,False,2
174.0,NODE_5837,5161705573,2,0,GGr,r,False,True,False,2
174.0,LINK_10218,11139418715,2,0,GGr,r,False,True,False,2
174.0,LINK_140740,11139418715,2,0,GGr,r,False,True,False,2
174.0,NODE_9634,10974501473,4,0,GGGGr,r,False,True,False,4
174.0,LINK_194891,11203052965,11,0,GGGGGGGGGGGr,r,False,True,False,11
174.0,NODE_10378,11139418715,2,0,GGr,r,False,True,False,2
174.0,NODE_5681,11139418723,2,0,GGr,r,False,True,False,2
174.0,NODE_10262,11203041635,4,0,GGGGr,r,False,True,False,4
174.5,LINK_249048,5161705573,2,0,GGr,r,False,True,False,2
174.5,NODE_5837,5161705573,2,0,GGr,r,False,True,False,2
174.5,LINK_10218,11139418715,2,0,GGr,r,False,True,False,2
174.5,LINK_140740,11139418715,2,0,GGr,r,False,True,False,2
174.5,NODE_9634,10974501473,4,0,GGGGr,r,False,True,False,4
174.5,LINK_194891,11203052965,11,0,GGGGGGGGGGGr,r,False,True,False,11
174.5,NODE_10378,11139418715,2,0,GGr,r,False,True,False,2
174.5,NODE_5681,11139418723,2,0,GGr,r,False,True,False,2
174.5,NODE_10262,11203041635,4,0,GGGGr,r,False,True,False,4
175.0,LINK_249048,5161705573,2,0,GGr,r,False,True,False,2
175.0,NODE_5837,5161705573,2,0,GGr,r,False,True,False,2
175.0,LINK_10218,11139418715,2,0,GGr,r,False,True,False,2
175.0,LINK_140740,11139418715,2,0,GGr,r,False,True,False,2
175.0,NODE_9634,10974501473,4,0,GGGGr,r,False,True,False,4
175.0,LINK_194891,11203052965,11,0,GGGGGGGGGGGr,r,False,True,False,11
175.0,NODE_10378,11139418715,2,0,GGr,r,False,True,False,2
175.0,NODE_5681,11139418723,2,0,GGr,r,False,True,False,2
175.0,NODE_10262,11203041635,4,0,GGGGr,r,False,True,False,4
175.5,LINK_249048,5161705573,2,0,GGr,r,False,True,False,2
175.5,NODE_5837,5161705573,2,0,GGr,r,False,True,False,2
175.5,LINK_10218,11139418715,2,0,GGr,r,False,True,False,2
175.5,LINK_140740,11139418715,2,0,GGr,r,False,True,False,2
175.5,NODE_9634,10974501473,4,0,GGGGr,r,False,True,False,4
175.5,LINK_194891,11203052965,11,0,GGGGGGGGGGGr,r,False,True,False,11
175.5,NODE_10378,11139418715,2,0,GGr,r,False,True,False,2
175.5,NODE_5681,11139418723,2,0,GGr,r,False,True,False,2
175.5,NODE_10262,11203041635,4,0,GGGGr,r,False,True,False,4
176.0,LINK_249048,5161705573,2,0,GGr,r,False,True,False,2
176.0,NODE_5837,5161705573,2,0,GGr,r,False,True,False,2
176.0,LINK_10218,11139418715,2,0,GGr,r,False,True,False,2
176.0,LINK_140740,11139418715,2,0,GGr,r,False,True,False,2
176.0,NODE_9634,10974501473,4,0,GGGGr,r,False,True,False,4
176.0,LINK_194891,11203052965,11,0,GGGGGGGGGGGr,r,False,True,False,11
176.0,NODE_10378,11139418715,2,0,GGr,r,False,True,False,2
176.0,NODE_5681,11139418723,2,0,GGr,r,False,True,False,2
176.0,NODE_10262,11203041635,4,0,GGGGr,r,False,True,False,4
176.5,LINK_249048,5161705573,2,0,GGr,r,False,True,False,2
176.5,NODE_5837,5161705573,2,0,GGr,r,False,True,False,2
176.5,LINK_10218,11139418715,2,0,GGr,r,False,True,False,2
176.5,LINK_140740,11139418715,2,0,GGr,r,False,True,False,2
176.5,NODE_9634,10974501473,4,0,GGGGr,r,False,True,False,4
176.5,LINK_194891,11203052965,11,0,GGGGGGGGGGGr,r,False,True,False,11
176.5,NODE_10378,11139418715,2,0,GGr,r,False,True,False,2
176.5,NODE_5681,11139418723,2,0,GGr,r,False,True,False,2
176.5,NODE_10262,11203041635,4,0,GGGGr,r,False,True,False,4
177.0,LINK_249048,5161705573,2,0,GGr,r,False,True,False,2
177.0,NODE_5837,5161705573,2,0,GGr,r,False,True,False,2
177.0,LINK_10218,11139418715,2,0,GGr,r,False,True,False,2
177.0,LINK_140740,11139418715,2,0,GGr,r,False,True,False,2
177.0,NODE_9634,10974501473,4,0,GGGGr,r,False,True,False,4
177.0,LINK_194891,11203052965,11,0,GGGGGGGGGGGr,r,False,True,False,11
177.0,NODE_10378,11139418715,2,0,GGr,r,False,True,False,2
177.0,NODE_5681,11139418723,2,0,GGr,r,False,True,False,2
177.0,NODE_10262,11203041635,4,0,GGGGr,r,False,True,False,4
177.5,LINK_249048,5161705573,2,0,GGr,r,False,True,False,2
177.5,NODE_5837,5161705573,2,0,GGr,r,False,True,False,2
177.5,LINK_10218,11139418715,2,0,GGr,r,False,True,False,2
177.5,LINK_140740,11139418715,2,0,GGr,r,False,True,False,2
177.5,NODE_9634,10974501473,4,0,GGGGr,r,False,True,False,4
177.5,LINK_194891,11203052965,11,0,GGGGGGGGGGGr,r,False,True,False,11
177.5,NODE_10378,11139418715,2,0,GGr,r,False,True,False,2
177.5,NODE_5681,11139418723,2,0,GGr,r,False,True,False,2
177.5,NODE_10262,11203041635,4,0,GGGGr,r,False,True,False,4
178.0,LINK_249048,5161705573,2,0,GGr,r,False,True,False,2
178.0,NODE_5837,5161705573,2,0,GGr,r,False,True,False,2
178.0,LINK_10218,11139418715,2,0,GGr,r,False,True,False,2
178.0,LINK_140740,11139418715,2,0,GGr,r,False,True,False,2
178.0,NODE_9634,10974501473,4,0,GGGGr,r,False,True,False,4
178.0,LINK_194891,11203052965,11,0,GGGGGGGGGGGr,r,False,True,False,11
178.0,NODE_10378,11139418715,2,0,GGr,r,False,True,False,2
178.0,NODE_5681,11139418723,2,0,GGr,r,False,True,False,2
178.0,NODE_10262,11203041635,4,0,GGGGr,r,False,True,False,4
178.5,LINK_249048,5161705573,2,0,GGr,r,False,True,False,2
178.5,NODE_5837,5161705573,2,0,GGr,r,False,True,False,2
178.5,LINK_10218,11139418715,2,0,GGr,r,False,True,False,2
178.5,LINK_140740,11139418715,2,0,GGr,r,False,True,False,2
178.5,NODE_9634,10974501473,4,0,GGGGr,r,False,True,False,4
178.5,LINK_194891,11203052965,11,0,GGGGGGGGGGGr,r,False,True,False,11
178.5,NODE_10378,11139418715,2,0,GGr,r,False,True,False,2
178.5,NODE_5681,11139418723,2,0,GGr,r,False,True,False,2
178.5,NODE_10262,11203041635,4,0,GGGGr,r,False,True,False,4
179.0,LINK_249048,5161705573,2,0,GGr,r,False,True,False,2
179.0,NODE_5837,5161705573,2,0,GGr,r,False,True,False,2
179.0,LINK_10218,11139418715,2,0,GGr,r,False,True,False,2
179.0,LINK_140740,11139418715,2,0,GGr,r,False,True,False,2
179.0,NODE_9634,10974501473,4,0,GGGGr,r,False,True,False,4
179.0,LINK_194891,11203052965,11,0,GGGGGGGGGGGr,r,False,True,False,11
179.0,NODE_10378,11139418715,2,0,GGr,r,False,True,False,2
179.0,NODE_5681,11139418723,2,0,GGr,r,False,True,False,2
179.0,NODE_10262,11203041635,4,0,GGGGr,r,False,True,False,4
179.5,LINK_249048,5161705573,2,0,GGr,r,False,True,False,2
179.5,NODE_5837,5161705573,2,0,GGr,r,False,True,False,2
179.5,LINK_10218,11139418715,2,0,GGr,r,False,True,False,2
179.5,LINK_140740,11139418715,2,0,GGr,r,False,True,False,2
179.5,NODE_9634,10974501473,4,0,GGGGr,r,False,True,False,4
179.5,LINK_194891,11203052965,11,0,GGGGGGGGGGGr,r,False,True,False,11
179.5,NODE_10378,11139418715,2,0,GGr,r,False,True,False,2
179.5,NODE_5681,11139418723,2,0,GGr,r,False,True,False,2
179.5,NODE_10262,11203041635,4,0,GGGGr,r,False,True,False,4
180.0,LINK_249048,5161705573,2,0,GGr,r,False,True,False,2
180.0,NODE_5837,5161705573,2,0,GGr,r,False,True,False,2
180.0,LINK_10218,11139418715,2,0,GGr,r,False,True,False,2
180.0,LINK_140740,11139418715,2,0,GGr,r,False,True,False,2
180.0,NODE_9634,10974501473,4,0,GGGGr,r,False,True,False,4
180.0,LINK_194891,11203052965,11,0,GGGGGGGGGGGr,r,False,True,False,11
180.0,NODE_10378,11139418715,2,0,GGr,r,False,True,False,2
180.0,NODE_5681,11139418723,2,0,GGr,r,False,True,False,2
180.0,NODE_10262,11203041635,4,0,GGGGr,r,False,True,False,4
180.5,LINK_249048,5161705573,2,0,GGr,r,False,True,False,2
180.5,NODE_5837,5161705573,2,0,GGr,r,False,True,False,2
180.5,LINK_10218,11139418715,2,0,GGr,r,False,True,False,2
180.5,LINK_140740,11139418715,2,0,GGr,r,False,True,False,2
180.5,NODE_9634,10974501473,4,0,GGGGr,r,False,True,False,4
180.5,LINK_194891,11203052965,11,0,GGGGGGGGGGGr,r,False,True,False,11
180.5,NODE_10378,11139418715,2,0,GGr,r,False,True,False,2
180.5,NODE_5681,11139418723,2,0,GGr,r,False,True,False,2
180.5,NODE_10262,11203041635,4,0,GGGGr,r,False,True,False,4
181.0,LINK_249048,5161705573,2,0,GGr,r,False,True,False,2
181.0,NODE_5837,5161705573,2,0,GGr,r,False,True,False,2
181.0,LINK_10218,11139418715,2,0,GGr,r,False,True,False,2
181.0,LINK_140740,11139418715,2,0,GGr,r,False,True,False,2
181.0,NODE_9634,10974501473,4,0,GGGGr,r,False,True,False,4
181.0,LINK_194891,11203052965,11,0,GGGGGGGGGGGr,r,False,True,False,11
181.0,NODE_10378,11139418715,2,0,GGr,r,False,True,False,2
181.0,NODE_5681,11139418723,2,0,GGr,r,False,True,False,2
181.0,NODE_10262,11203041635,4,0,GGGGr,r,False,True,False,4
181.5,LINK_249048,5161705573,2,0,GGr,r,False,True,False,2
181.5,NODE_5837,5161705573,2,0,GGr,r,False,True,False,2
181.5,LINK_10218,11139418715,2,0,GGr,r,False,True,False,2
181.5,LINK_140740,11139418715,2,0,GGr,r,False,True,False,2
181.5,NODE_9634,10974501473,4,0,GGGGr,r,False,True,False,4
181.5,LINK_194891,11203052965,11,0,GGGGGGGGGGGr,r,False,True,False,11
181.5,NODE_10378,11139418715,2,0,GGr,r,False,True,False,2
181.5,NODE_5681,11139418723,2,0,GGr,r,False,True,False,2
181.5,NODE_10262,11203041635,4,0,GGGGr,r,False,True,False,4
182.0,LINK_249048,5161705573,2,0,GGr,r,False,True,False,2
182.0,NODE_5837,5161705573,2,0,GGr,r,False,True,False,2
182.0,LINK_10218,11139418715,2,0,GGr,r,False,True,False,2
182.0,LINK_140740,11139418715,2,0,GGr,r,False,True,False,2
182.0,NODE_9634,10974501473,4,0,GGGGr,r,False,True,False,4
182.0,LINK_194891,11203052965,11,0,GGGGGGGGGGGr,r,False,True,False,11
182.0,NODE_10378,11139418715,2,0,GGr,r,False,True,False,2
182.0,NODE_5681,11139418723,2,0,GGr,r,False,True,False,2
182.0,NODE_10262,11203041635,4,0,GGGGr,r,False,True,False,4
182.5,LINK_249048,5161705573,2,0,GGr,r,False,True,False,2
182.5,NODE_5837,5161705573,2,0,GGr,r,False,True,False,2
182.5,LINK_10218,11139418715,2,0,GGr,r,False,True,False,2
182.5,LINK_140740,11139418715,2,0,GGr,r,False,True,False,2
182.5,NODE_9634,10974501473,4,0,GGGGr,r,False,True,False,4
182.5,LINK_194891,11203052965,11,1,yyyyyyyyyyyr,r,False,True,False,0
182.5,NODE_10378,11139418715,2,0,GGr,r,False,True,False,2
182.5,NODE_5681,11139418723,2,1,yyr,r,False,True,False,0
182.5,NODE_10262,11203041635,4,1,yyyyr,r,False,True,False,0
183.0,LINK_249048,5161705573,2,0,GGr,r,False,True,False,2
183.0,NODE_5837,5161705573,2,0,GGr,r,False,True,False,2
183.0,LINK_10218,11139418715,2,0,GGr,r,False,True,False,2
183.0,LINK_140740,11139418715,2,0,GGr,r,False,True,False,2
183.0,NODE_9634,10974501473,4,0,GGGGr,r,False,True,False,4
183.0,LINK_194891,11203052965,11,1,yyyyyyyyyyyr,r,False,True,False,0
183.0,NODE_10378,11139418715,2,0,GGr,r,False,True,False,2
183.0,NODE_5681,11139418723,2,1,yyr,r,False,True,False,0
183.0,NODE_10262,11203041635,4,1,yyyyr,r,False,True,False,0
183.5,LINK_249048,5161705573,2,0,GGr,r,False,True,False,2
183.5,NODE_5837,5161705573,2,0,GGr,r,False,True,False,2
183.5,LINK_10218,11139418715,2,0,GGr,r,False,True,False,2
183.5,LINK_140740,11139418715,2,0,GGr,r,False,True,False,2
183.5,NODE_9634,10974501473,4,0,GGGGr,r,False,True,False,4
183.5,LINK_194891,11203052965,11,1,yyyyyyyyyyyr,r,False,True,False,0
183.5,NODE_10378,11139418715,2,0,GGr,r,False,True,False,2
183.5,NODE_5681,11139418723,2,1,yyr,r,False,True,False,0
183.5,NODE_10262,11203041635,4,1,yyyyr,r,False,True,False,0
184.0,LINK_249048,5161705573,2,0,GGr,r,False,True,False,2
184.0,NODE_5837,5161705573,2,0,GGr,r,False,True,False,2
184.0,LINK_10218,11139418715,2,0,GGr,r,False,True,False,2
184.0,LINK_140740,11139418715,2,0,GGr,r,False,True,False,2
184.0,NODE_9634,10974501473,4,0,GGGGr,r,False,True,False,4
184.0,LINK_194891,11203052965,11,1,yyyyyyyyyyyr,r,False,True,False,0
184.0,NODE_10378,11139418715,2,0,GGr,r,False,True,False,2
184.0,NODE_5681,11139418723,2,1,yyr,r,False,True,False,0
184.0,NODE_10262,11203041635,4,1,yyyyr,r,False,True,False,0
184.5,LINK_249048,5161705573,2,0,GGr,r,False,True,False,2
184.5,NODE_5837,5161705573,2,0,GGr,r,False,True,False,2
184.5,LINK_10218,11139418715,2,0,GGr,r,False,True,False,2
184.5,LINK_140740,11139418715,2,0,GGr,r,False,True,False,2
184.5,NODE_9634,10974501473,4,1,yyyyr,r,False,True,False,0
184.5,LINK_194891,11203052965,11,1,yyyyyyyyyyyr,r,False,True,False,0
184.5,NODE_10378,11139418715,2,0,GGr,r,False,True,False,2
184.5,NODE_5681,11139418723,2,1,yyr,r,False,True,False,0
184.5,NODE_10262,11203041635,4,1,yyyyr,r,False,True,False,0
185.0,LINK_249048,5161705573,2,0,GGr,r,False,True,False,2
185.0,NODE_5837,5161705573,2,0,GGr,r,False,True,False,2
185.0,LINK_10218,11139418715,2,0,GGr,r,False,True,False,2
185.0,LINK_140740,11139418715,2,0,GGr,r,False,True,False,2
185.0,NODE_9634,10974501473,4,1,yyyyr,r,False,True,False,0
185.0,LINK_194891,11203052965,11,1,yyyyyyyyyyyr,r,False,True,False,0
185.0,NODE_10378,11139418715,2,0,GGr,r,False,True,False,2
185.0,NODE_5681,11139418723,2,1,yyr,r,False,True,False,0
185.0,NODE_10262,11203041635,4,1,yyyyr,r,False,True,False,0
185.5,LINK_249048,5161705573,2,0,GGr,r,False,True,False,2
185.5,NODE_5837,5161705573,2,0,GGr,r,False,True,False,2
185.5,LINK_10218,11139418715,2,0,GGr,r,False,True,False,2
185.5,LINK_140740,11139418715,2,0,GGr,r,False,True,False,2
185.5,NODE_9634,10974501473,4,1,yyyyr,r,False,True,False,0
185.5,LINK_194891,11203052965,11,1,yyyyyyyyyyyr,r,False,True,False,0
185.5,NODE_10378,11139418715,2,0,GGr,r,False,True,False,2
185.5,NODE_5681,11139418723,2,1,yyr,r,False,True,False,0
185.5,NODE_10262,11203041635,4,1,yyyyr,r,False,True,False,0
186.0,LINK_249048,5161705573,2,0,GGr,r,False,True,False,2
186.0,NODE_5837,5161705573,2,0,GGr,r,False,True,False,2
186.0,LINK_10218,11139418715,2,0,GGr,r,False,True,False,2
186.0,LINK_140740,11139418715,2,0,GGr,r,False,True,False,2
186.0,NODE_9634,10974501473,4,1,yyyyr,r,False,True,False,0
186.0,LINK_194891,11203052965,11,1,yyyyyyyyyyyr,r,False,True,False,0
186.0,NODE_10378,11139418715,2,0,GGr,r,False,True,False,2
186.0,NODE_5681,11139418723,2,1,yyr,r,False,True,False,0
186.0,NODE_10262,11203041635,4,1,yyyyr,r,False,True,False,0
186.5,LINK_249048,5161705573,2,0,GGr,r,False,True,False,2
186.5,NODE_5837,5161705573,2,0,GGr,r,False,True,False,2
186.5,LINK_10218,11139418715,2,0,GGr,r,False,True,False,2
186.5,LINK_140740,11139418715,2,0,GGr,r,False,True,False,2
186.5,NODE_9634,10974501473,4,1,yyyyr,r,False,True,False,0
186.5,LINK_194891,11203052965,11,1,yyyyyyyyyyyr,r,False,True,False,0
186.5,NODE_10378,11139418715,2,0,GGr,r,False,True,False,2
186.5,NODE_5681,11139418723,2,1,yyr,r,False,True,False,0
186.5,NODE_10262,11203041635,4,1,yyyyr,r,False,True,False,0
187.0,LINK_249048,5161705573,2,0,GGr,r,False,True,False,2
187.0,NODE_5837,5161705573,2,0,GGr,r,False,True,False,2
187.0,LINK_10218,11139418715,2,0,GGr,r,False,True,False,2
187.0,LINK_140740,11139418715,2,0,GGr,r,False,True,False,2
187.0,NODE_9634,10974501473,4,1,yyyyr,r,False,True,False,0
187.0,LINK_194891,11203052965,11,1,yyyyyyyyyyyr,r,False,True,False,0
187.0,NODE_10378,11139418715,2,0,GGr,r,False,True,False,2
187.0,NODE_5681,11139418723,2,1,yyr,r,False,True,False,0
187.0,NODE_10262,11203041635,4,1,yyyyr,r,False,True,False,0
187.5,LINK_249048,5161705573,2,1,yyr,r,False,True,False,0
187.5,NODE_5837,5161705573,2,1,yyr,r,False,True,False,0
187.5,LINK_10218,11139418715,2,0,GGr,r,False,True,False,2
187.5,LINK_140740,11139418715,2,0,GGr,r,False,True,False,2
187.5,NODE_9634,10974501473,4,1,yyyyr,r,False,True,False,0
187.5,LINK_194891,11203052965,11,1,yyyyyyyyyyyr,r,False,True,False,0
187.5,NODE_10378,11139418715,2,0,GGr,r,False,True,False,2
187.5,NODE_5681,11139418723,2,1,yyr,r,False,True,False,0
187.5,NODE_10262,11203041635,4,1,yyyyr,r,False,True,False,0
188.0,LINK_249048,5161705573,2,1,yyr,r,False,True,False,0
188.0,NODE_5837,5161705573,2,1,yyr,r,False,True,False,0
188.0,LINK_10218,11139418715,2,0,GGr,r,False,True,False,2
188.0,LINK_140740,11139418715,2,0,GGr,r,False,True,False,2
188.0,NODE_9634,10974501473,4,1,yyyyr,r,False,True,False,0
188.0,LINK_194891,11203052965,11,1,yyyyyyyyyyyr,r,False,True,False,0
188.0,NODE_10378,11139418715,2,0,GGr,r,False,True,False,2
188.0,NODE_5681,11139418723,2,1,yyr,r,False,True,False,0
188.0,NODE_10262,11203041635,4,1,yyyyr,r,False,True,False,0
188.5,LINK_249048,5161705573,2,1,yyr,r,False,True,False,0
188.5,NODE_5837,5161705573,2,1,yyr,r,False,True,False,0
188.5,LINK_10218,11139418715,2,0,GGr,r,False,True,False,2
188.5,LINK_140740,11139418715,2,0,GGr,r,False,True,False,2
188.5,NODE_9634,10974501473,4,2,rrrrG,G,True,False,True,0
188.5,LINK_194891,11203052965,11,2,rrrrrrrrrrrG,G,True,False,True,0
188.5,NODE_10378,11139418715,2,0,GGr,r,False,True,False,2
188.5,NODE_5681,11139418723,2,2,rrG,G,True,False,True,0
188.5,NODE_10262,11203041635,4,2,rrrrG,G,True,False,True,0
189.0,LINK_249048,5161705573,2,1,yyr,r,False,True,False,0
189.0,NODE_5837,5161705573,2,1,yyr,r,False,True,False,0
189.0,LINK_10218,11139418715,2,0,GGr,r,False,True,False,2
189.0,LINK_140740,11139418715,2,0,GGr,r,False,True,False,2
189.0,NODE_9634,10974501473,4,2,rrrrG,G,True,False,True,0
189.0,LINK_194891,11203052965,11,2,rrrrrrrrrrrG,G,True,False,True,0
189.0,NODE_10378,11139418715,2,0,GGr,r,False,True,False,2
189.0,NODE_5681,11139418723,2,2,rrG,G,True,False,True,0
189.0,NODE_10262,11203041635,4,2,rrrrG,G,True,False,True,0
189.5,LINK_249048,5161705573,2,1,yyr,r,False,True,False,0
189.5,NODE_5837,5161705573,2,1,yyr,r,False,True,False,0
189.5,LINK_10218,11139418715,2,0,GGr,r,False,True,False,2
189.5,LINK_140740,11139418715,2,0,GGr,r,False,True,False,2
189.5,NODE_9634,10974501473,4,2,rrrrG,G,True,False,True,0
189.5,LINK_194891,11203052965,11,2,rrrrrrrrrrrG,G,True,False,True,0
189.5,NODE_10378,11139418715,2,0,GGr,r,False,True,False,2
189.5,NODE_5681,11139418723,2,2,rrG,G,True,False,True,0
189.5,NODE_10262,11203041635,4,2,rrrrG,G,True,False,True,0
190.0,LINK_249048,5161705573,2,1,yyr,r,False,True,False,0
190.0,NODE_5837,5161705573,2,1,yyr,r,False,True,False,0
190.0,LINK_10218,11139418715,2,0,GGr,r,False,True,False,2
190.0,LINK_140740,11139418715,2,0,GGr,r,False,True,False,2
190.0,NODE_9634,10974501473,4,2,rrrrG,G,True,False,True,0
190.0,LINK_194891,11203052965,11,2,rrrrrrrrrrrG,G,True,False,True,0
190.0,NODE_10378,11139418715,2,0,GGr,r,False,True,False,2
190.0,NODE_5681,11139418723,2,2,rrG,G,True,False,True,0
190.0,NODE_10262,11203041635,4,2,rrrrG,G,True,False,True,0
190.5,LINK_249048,5161705573,2,1,yyr,r,False,True,False,0
190.5,NODE_5837,5161705573,2,1,yyr,r,False,True,False,0
190.5,LINK_10218,11139418715,2,0,GGr,r,False,True,False,2
190.5,LINK_140740,11139418715,2,0,GGr,r,False,True,False,2
190.5,NODE_9634,10974501473,4,2,rrrrG,G,True,False,True,0
190.5,LINK_194891,11203052965,11,2,rrrrrrrrrrrG,G,True,False,True,0
190.5,NODE_10378,11139418715,2,0,GGr,r,False,True,False,2
190.5,NODE_5681,11139418723,2,2,rrG,G,True,False,True,0
190.5,NODE_10262,11203041635,4,2,rrrrG,G,True,False,True,0
191.0,LINK_249048,5161705573,2,1,yyr,r,False,True,False,0
191.0,NODE_5837,5161705573,2,1,yyr,r,False,True,False,0
191.0,LINK_10218,11139418715,2,0,GGr,r,False,True,False,2
191.0,LINK_140740,11139418715,2,0,GGr,r,False,True,False,2
191.0,NODE_9634,10974501473,4,2,rrrrG,G,True,False,True,0
191.0,LINK_194891,11203052965,11,2,rrrrrrrrrrrG,G,True,False,True,0
191.0,NODE_10378,11139418715,2,0,GGr,r,False,True,False,2
191.0,NODE_5681,11139418723,2,2,rrG,G,True,False,True,0
191.0,NODE_10262,11203041635,4,2,rrrrG,G,True,False,True,0
191.5,LINK_249048,5161705573,2,1,yyr,r,False,True,False,0
191.5,NODE_5837,5161705573,2,1,yyr,r,False,True,False,0
191.5,LINK_10218,11139418715,2,0,GGr,r,False,True,False,2
191.5,LINK_140740,11139418715,2,0,GGr,r,False,True,False,2
191.5,NODE_9634,10974501473,4,2,rrrrG,G,True,False,True,0
191.5,LINK_194891,11203052965,11,2,rrrrrrrrrrrG,G,True,False,True,0
191.5,NODE_10378,11139418715,2,0,GGr,r,False,True,False,2
191.5,NODE_5681,11139418723,2,2,rrG,G,True,False,True,0
191.5,NODE_10262,11203041635,4,2,rrrrG,G,True,False,True,0
192.0,LINK_249048,5161705573,2,1,yyr,r,False,True,False,0
192.0,NODE_5837,5161705573,2,1,yyr,r,False,True,False,0
192.0,LINK_10218,11139418715,2,0,GGr,r,False,True,False,2
192.0,LINK_140740,11139418715,2,0,GGr,r,False,True,False,2
192.0,NODE_9634,10974501473,4,2,rrrrG,G,True,False,True,0
192.0,LINK_194891,11203052965,11,2,rrrrrrrrrrrG,G,True,False,True,0
192.0,NODE_10378,11139418715,2,0,GGr,r,False,True,False,2
192.0,NODE_5681,11139418723,2,2,rrG,G,True,False,True,0
192.0,NODE_10262,11203041635,4,2,rrrrG,G,True,False,True,0
192.5,LINK_249048,5161705573,2,1,yyr,r,False,True,False,0
192.5,NODE_5837,5161705573,2,1,yyr,r,False,True,False,0
192.5,LINK_10218,11139418715,2,1,yyr,r,False,True,False,0
192.5,LINK_140740,11139418715,2,1,yyr,r,False,True,False,0
192.5,NODE_9634,10974501473,4,2,rrrrG,G,True,False,True,0
192.5,LINK_194891,11203052965,11,2,rrrrrrrrrrrG,G,True,False,True,0
192.5,NODE_10378,11139418715,2,1,yyr,r,False,True,False,0
192.5,NODE_5681,11139418723,2,2,rrG,G,True,False,True,0
192.5,NODE_10262,11203041635,4,2,rrrrG,G,True,False,True,0
193.0,LINK_249048,5161705573,2,1,yyr,r,False,True,False,0
193.0,NODE_5837,5161705573,2,1,yyr,r,False,True,False,0
193.0,LINK_10218,11139418715,2,1,yyr,r,False,True,False,0
193.0,LINK_140740,11139418715,2,1,yyr,r,False,True,False,0
193.0,NODE_9634,10974501473,4,2,rrrrG,G,True,False,True,0
193.0,LINK_194891,11203052965,11,2,rrrrrrrrrrrG,G,True,False,True,0
193.0,NODE_10378,11139418715,2,1,yyr,r,False,True,False,0
193.0,NODE_5681,11139418723,2,2,rrG,G,True,False,True,0
193.0,NODE_10262,11203041635,4,2,rrrrG,G,True,False,True,0
193.5,LINK_249048,5161705573,2,2,rrG,G,True,False,True,0
193.5,NODE_5837,5161705573,2,2,rrG,G,True,False,True,0
193.5,LINK_10218,11139418715,2,1,yyr,r,False,True,False,0
193.5,LINK_140740,11139418715,2,1,yyr,r,False,True,False,0
193.5,NODE_9634,10974501473,4,2,rrrrG,G,True,False,True,0
193.5,LINK_194891,11203052965,11,2,rrrrrrrrrrrG,G,True,False,True,0
193.5,NODE_10378,11139418715,2,1,yyr,r,False,True,False,0
193.5,NODE_5681,11139418723,2,2,rrG,G,True,False,True,0
193.5,NODE_10262,11203041635,4,2,rrrrG,G,True,False,True,0
194.0,LINK_249048,5161705573,2,2,rrG,G,True,False,True,0
194.0,NODE_5837,5161705573,2,2,rrG,G,True,False,True,0
194.0,LINK_10218,11139418715,2,1,yyr,r,False,True,False,0
194.0,LINK_140740,11139418715,2,1,yyr,r,False,True,False,0
194.0,NODE_9634,10974501473,4,2,rrrrG,G,True,False,True,0
194.0,LINK_194891,11203052965,11,2,rrrrrrrrrrrG,G,True,False,True,0
194.0,NODE_10378,11139418715,2,1,yyr,r,False,True,False,0
194.0,NODE_5681,11139418723,2,2,rrG,G,True,False,True,0
194.0,NODE_10262,11203041635,4,2,rrrrG,G,True,False,True,0
194.5,LINK_249048,5161705573,2,2,rrG,G,True,False,True,0
194.5,NODE_5837,5161705573,2,2,rrG,G,True,False,True,0
194.5,LINK_10218,11139418715,2,1,yyr,r,False,True,False,0
194.5,LINK_140740,11139418715,2,1,yyr,r,False,True,False,0
194.5,NODE_9634,10974501473,4,2,rrrrG,G,True,False,True,0
194.5,LINK_194891,11203052965,11,2,rrrrrrrrrrrG,G,True,False,True,0
194.5,NODE_10378,11139418715,2,1,yyr,r,False,True,False,0
194.5,NODE_5681,11139418723,2,2,rrG,G,True,False,True,0
194.5,NODE_10262,11203041635,4,2,rrrrG,G,True,False,True,0
195.0,LINK_249048,5161705573,2,2,rrG,G,True,False,True,0
195.0,NODE_5837,5161705573,2,2,rrG,G,True,False,True,0
195.0,LINK_10218,11139418715,2,1,yyr,r,False,True,False,0
195.0,LINK_140740,11139418715,2,1,yyr,r,False,True,False,0
195.0,NODE_9634,10974501473,4,2,rrrrG,G,True,False,True,0
195.0,LINK_194891,11203052965,11,2,rrrrrrrrrrrG,G,True,False,True,0
195.0,NODE_10378,11139418715,2,1,yyr,r,False,True,False,0
195.0,NODE_5681,11139418723,2,2,rrG,G,True,False,True,0
195.0,NODE_10262,11203041635,4,2,rrrrG,G,True,False,True,0
195.5,LINK_249048,5161705573,2,2,rrG,G,True,False,True,0
195.5,NODE_5837,5161705573,2,2,rrG,G,True,False,True,0
195.5,LINK_10218,11139418715,2,1,yyr,r,False,True,False,0
195.5,LINK_140740,11139418715,2,1,yyr,r,False,True,False,0
195.5,NODE_9634,10974501473,4,2,rrrrG,G,True,False,True,0
195.5,LINK_194891,11203052965,11,2,rrrrrrrrrrrG,G,True,False,True,0
195.5,NODE_10378,11139418715,2,1,yyr,r,False,True,False,0
195.5,NODE_5681,11139418723,2,2,rrG,G,True,False,True,0
195.5,NODE_10262,11203041635,4,2,rrrrG,G,True,False,True,0
196.0,LINK_249048,5161705573,2,2,rrG,G,True,False,True,0
196.0,NODE_5837,5161705573,2,2,rrG,G,True,False,True,0
196.0,LINK_10218,11139418715,2,1,yyr,r,False,True,False,0
196.0,LINK_140740,11139418715,2,1,yyr,r,False,True,False,0
196.0,NODE_9634,10974501473,4,2,rrrrG,G,True,False,True,0
196.0,LINK_194891,11203052965,11,2,rrrrrrrrrrrG,G,True,False,True,0
196.0,NODE_10378,11139418715,2,1,yyr,r,False,True,False,0
196.0,NODE_5681,11139418723,2,2,rrG,G,True,False,True,0
196.0,NODE_10262,11203041635,4,2,rrrrG,G,True,False,True,0
196.5,LINK_249048,5161705573,2,2,rrG,G,True,False,True,0
196.5,NODE_5837,5161705573,2,2,rrG,G,True,False,True,0
196.5,LINK_10218,11139418715,2,1,yyr,r,False,True,False,0
196.5,LINK_140740,11139418715,2,1,yyr,r,False,True,False,0
196.5,NODE_9634,10974501473,4,2,rrrrG,G,True,False,True,0
196.5,LINK_194891,11203052965,11,2,rrrrrrrrrrrG,G,True,False,True,0
196.5,NODE_10378,11139418715,2,1,yyr,r,False,True,False,0
196.5,NODE_5681,11139418723,2,2,rrG,G,True,False,True,0
196.5,NODE_10262,11203041635,4,2,rrrrG,G,True,False,True,0
197.0,LINK_249048,5161705573,2,2,rrG,G,True,False,True,0
197.0,NODE_5837,5161705573,2,2,rrG,G,True,False,True,0
197.0,LINK_10218,11139418715,2,1,yyr,r,False,True,False,0
197.0,LINK_140740,11139418715,2,1,yyr,r,False,True,False,0
197.0,NODE_9634,10974501473,4,2,rrrrG,G,True,False,True,0
197.0,LINK_194891,11203052965,11,2,rrrrrrrrrrrG,G,True,False,True,0
197.0,NODE_10378,11139418715,2,1,yyr,r,False,True,False,0
197.0,NODE_5681,11139418723,2,2,rrG,G,True,False,True,0
197.0,NODE_10262,11203041635,4,2,rrrrG,G,True,False,True,0
197.5,LINK_249048,5161705573,2,2,rrG,G,True,False,True,0
197.5,NODE_5837,5161705573,2,2,rrG,G,True,False,True,0
197.5,LINK_10218,11139418715,2,1,yyr,r,False,True,False,0
197.5,LINK_140740,11139418715,2,1,yyr,r,False,True,False,0
197.5,NODE_9634,10974501473,4,2,rrrrG,G,True,False,True,0
197.5,LINK_194891,11203052965,11,2,rrrrrrrrrrrG,G,True,False,True,0
197.5,NODE_10378,11139418715,2,1,yyr,r,False,True,False,0
197.5,NODE_5681,11139418723,2,2,rrG,G,True,False,True,0
197.5,NODE_10262,11203041635,4,2,rrrrG,G,True,False,True,0
198.0,LINK_249048,5161705573,2,2,rrG,G,True,False,True,0
198.0,NODE_5837,5161705573,2,2,rrG,G,True,False,True,0
198.0,LINK_10218,11139418715,2,1,yyr,r,False,True,False,0
198.0,LINK_140740,11139418715,2,1,yyr,r,False,True,False,0
198.0,NODE_9634,10974501473,4,2,rrrrG,G,True,False,True,0
198.0,LINK_194891,11203052965,11,2,rrrrrrrrrrrG,G,True,False,True,0
198.0,NODE_10378,11139418715,2,1,yyr,r,False,True,False,0
198.0,NODE_5681,11139418723,2,2,rrG,G,True,False,True,0
198.0,NODE_10262,11203041635,4,2,rrrrG,G,True,False,True,0
198.5,LINK_249048,5161705573,2,2,rrG,G,True,False,True,0
198.5,NODE_5837,5161705573,2,2,rrG,G,True,False,True,0
198.5,LINK_10218,11139418715,2,2,rrG,G,True,False,True,0
198.5,LINK_140740,11139418715,2,2,rrG,G,True,False,True,0
198.5,NODE_9634,10974501473,4,2,rrrrG,G,True,False,True,0
198.5,LINK_194891,11203052965,11,2,rrrrrrrrrrrG,G,True,False,True,0
198.5,NODE_10378,11139418715,2,2,rrG,G,True,False,True,0
198.5,NODE_5681,11139418723,2,2,rrG,G,True,False,True,0
198.5,NODE_10262,11203041635,4,2,rrrrG,G,True,False,True,0
199.0,LINK_249048,5161705573,2,2,rrG,G,True,False,True,0
199.0,NODE_5837,5161705573,2,2,rrG,G,True,False,True,0
199.0,LINK_10218,11139418715,2,2,rrG,G,True,False,True,0
199.0,LINK_140740,11139418715,2,2,rrG,G,True,False,True,0
199.0,NODE_9634,10974501473,4,2,rrrrG,G,True,False,True,0
199.0,LINK_194891,11203052965,11,2,rrrrrrrrrrrG,G,True,False,True,0
199.0,NODE_10378,11139418715,2,2,rrG,G,True,False,True,0
199.0,NODE_5681,11139418723,2,2,rrG,G,True,False,True,0
199.0,NODE_10262,11203041635,4,2,rrrrG,G,True,False,True,0
199.5,LINK_249048,5161705573,2,2,rrG,G,True,False,True,0
199.5,NODE_5837,5161705573,2,2,rrG,G,True,False,True,0
199.5,LINK_10218,11139418715,2,2,rrG,G,True,False,True,0
199.5,LINK_140740,11139418715,2,2,rrG,G,True,False,True,0
199.5,NODE_9634,10974501473,4,2,rrrrG,G,True,False,True,0
199.5,LINK_194891,11203052965,11,2,rrrrrrrrrrrG,G,True,False,True,0
199.5,NODE_10378,11139418715,2,2,rrG,G,True,False,True,0
199.5,NODE_5681,11139418723,2,2,rrG,G,True,False,True,0
199.5,NODE_10262,11203041635,4,2,rrrrG,G,True,False,True,0
200.0,LINK_249048,5161705573,2,2,rrG,G,True,False,True,0
200.0,NODE_5837,5161705573,2,2,rrG,G,True,False,True,0
200.0,LINK_10218,11139418715,2,2,rrG,G,True,False,True,0
200.0,LINK_140740,11139418715,2,2,rrG,G,True,False,True,0
200.0,NODE_9634,10974501473,4,2,rrrrG,G,True,False,True,0
200.0,LINK_194891,11203052965,11,2,rrrrrrrrrrrG,G,True,False,True,0
200.0,NODE_10378,11139418715,2,2,rrG,G,True,False,True,0
200.0,NODE_5681,11139418723,2,2,rrG,G,True,False,True,0
200.0,NODE_10262,11203041635,4,2,rrrrG,G,True,False,True,0
200.5,LINK_249048,5161705573,2,2,rrG,G,True,False,True,0
200.5,NODE_5837,5161705573,2,2,rrG,G,True,False,True,0
200.5,LINK_10218,11139418715,2,2,rrG,G,True,False,True,0
200.5,LINK_140740,11139418715,2,2,rrG,G,True,False,True,0
200.5,NODE_9634,10974501473,4,2,rrrrG,G,True,False,True,0
200.5,LINK_194891,11203052965,11,2,rrrrrrrrrrrG,G,True,False,True,0
200.5,NODE_10378,11139418715,2,2,rrG,G,True,False,True,0
200.5,NODE_5681,11139418723,2,2,rrG,G,True,False,True,0
200.5,NODE_10262,11203041635,4,2,rrrrG,G,True,False,True,0
201.0,LINK_249048,5161705573,2,2,rrG,G,True,False,True,0
201.0,NODE_5837,5161705573,2,2,rrG,G,True,False,True,0
201.0,LINK_10218,11139418715,2,2,rrG,G,True,False,True,0
201.0,LINK_140740,11139418715,2,2,rrG,G,True,False,True,0
201.0,NODE_9634,10974501473,4,2,rrrrG,G,True,False,True,0
201.0,LINK_194891,11203052965,11,2,rrrrrrrrrrrG,G,True,False,True,0
201.0,NODE_10378,11139418715,2,2,rrG,G,True,False,True,0
201.0,NODE_5681,11139418723,2,2,rrG,G,True,False,True,0
201.0,NODE_10262,11203041635,4,2,rrrrG,G,True,False,True,0
201.5,LINK_249048,5161705573,2,2,rrG,G,True,False,True,0
201.5,NODE_5837,5161705573,2,2,rrG,G,True,False,True,0
201.5,LINK_10218,11139418715,2,2,rrG,G,True,False,True,0
201.5,LINK_140740,11139418715,2,2,rrG,G,True,False,True,0
201.5,NODE_9634,10974501473,4,0,GGGGr,r,False,True,False,4
201.5,LINK_194891,11203052965,11,0,GGGGGGGGGGGr,r,False,True,False,11
201.5,NODE_10378,11139418715,2,2,rrG,G,True,False,True,0
201.5,NODE_5681,11139418723,2,0,GGr,r,False,True,False,2
201.5,NODE_10262,11203041635,4,0,GGGGr,r,False,True,False,4
202.0,LINK_249048,5161705573,2,2,rrG,G,True,False,True,0
202.0,NODE_5837,5161705573,2,2,rrG,G,True,False,True,0
202.0,LINK_10218,11139418715,2,2,rrG,G,True,False,True,0
202.0,LINK_140740,11139418715,2,2,rrG,G,True,False,True,0
202.0,NODE_9634,10974501473,4,0,GGGGr,r,False,True,False,4
202.0,LINK_194891,11203052965,11,0,GGGGGGGGGGGr,r,False,True,False,11
202.0,NODE_10378,11139418715,2,2,rrG,G,True,False,True,0
202.0,NODE_5681,11139418723,2,0,GGr,r,False,True,False,2
202.0,NODE_10262,11203041635,4,0,GGGGr,r,False,True,False,4
202.5,LINK_249048,5161705573,2,2,rrG,G,True,False,True,0
202.5,NODE_5837,5161705573,2,2,rrG,G,True,False,True,0
202.5,LINK_10218,11139418715,2,2,rrG,G,True,False,True,0
202.5,LINK_140740,11139418715,2,2,rrG,G,True,False,True,0
202.5,NODE_9634,10974501473,4,0,GGGGr,r,False,True,False,4
202.5,LINK_194891,11203052965,11,0,GGGGGGGGGGGr,r,False,True,False,11
202.5,NODE_10378,11139418715,2,2,rrG,G,True,False,True,0
202.5,NODE_5681,11139418723,2,0,GGr,r,False,True,False,2
202.5,NODE_10262,11203041635,4,0,GGGGr,r,False,True,False,4
203.0,LINK_249048,5161705573,2,2,rrG,G,True,False,True,0
203.0,NODE_5837,5161705573,2,2,rrG,G,True,False,True,0
203.0,LINK_10218,11139418715,2,2,rrG,G,True,False,True,0
203.0,LINK_140740,11139418715,2,2,rrG,G,True,False,True,0
203.0,NODE_9634,10974501473,4,0,GGGGr,r,False,True,False,4
203.0,LINK_194891,11203052965,11,0,GGGGGGGGGGGr,r,False,True,False,11
203.0,NODE_10378,11139418715,2,2,rrG,G,True,False,True,0
203.0,NODE_5681,11139418723,2,0,GGr,r,False,True,False,2
203.0,NODE_10262,11203041635,4,0,GGGGr,r,False,True,False,4
203.5,LINK_249048,5161705573,2,2,rrG,G,True,False,True,0
203.5,NODE_5837,5161705573,2,2,rrG,G,True,False,True,0
203.5,LINK_10218,11139418715,2,2,rrG,G,True,False,True,0
203.5,LINK_140740,11139418715,2,2,rrG,G,True,False,True,0
203.5,NODE_9634,10974501473,4,0,GGGGr,r,False,True,False,4
203.5,LINK_194891,11203052965,11,0,GGGGGGGGGGGr,r,False,True,False,11
203.5,NODE_10378,11139418715,2,2,rrG,G,True,False,True,0
203.5,NODE_5681,11139418723,2,0,GGr,r,False,True,False,2
203.5,NODE_10262,11203041635,4,0,GGGGr,r,False,True,False,4
204.0,LINK_249048,5161705573,2,2,rrG,G,True,False,True,0
204.0,NODE_5837,5161705573,2,2,rrG,G,True,False,True,0
204.0,LINK_10218,11139418715,2,2,rrG,G,True,False,True,0
204.0,LINK_140740,11139418715,2,2,rrG,G,True,False,True,0
204.0,NODE_9634,10974501473,4,0,GGGGr,r,False,True,False,4
204.0,LINK_194891,11203052965,11,0,GGGGGGGGGGGr,r,False,True,False,11
204.0,NODE_10378,11139418715,2,2,rrG,G,True,False,True,0
204.0,NODE_5681,11139418723,2,0,GGr,r,False,True,False,2
204.0,NODE_10262,11203041635,4,0,GGGGr,r,False,True,False,4
204.5,LINK_249048,5161705573,2,2,rrG,G,True,False,True,0
204.5,NODE_5837,5161705573,2,2,rrG,G,True,False,True,0
204.5,LINK_10218,11139418715,2,2,rrG,G,True,False,True,0
204.5,LINK_140740,11139418715,2,2,rrG,G,True,False,True,0
204.5,NODE_9634,10974501473,4,0,GGGGr,r,False,True,False,4
204.5,LINK_194891,11203052965,11,0,GGGGGGGGGGGr,r,False,True,False,11
204.5,NODE_10378,11139418715,2,2,rrG,G,True,False,True,0
204.5,NODE_5681,11139418723,2,0,GGr,r,False,True,False,2
204.5,NODE_10262,11203041635,4,0,GGGGr,r,False,True,False,4
205.0,LINK_249048,5161705573,2,2,rrG,G,True,False,True,0
205.0,NODE_5837,5161705573,2,2,rrG,G,True,False,True,0
205.0,LINK_10218,11139418715,2,2,rrG,G,True,False,True,0
205.0,LINK_140740,11139418715,2,2,rrG,G,True,False,True,0
205.0,NODE_9634,10974501473,4,0,GGGGr,r,False,True,False,4
205.0,LINK_194891,11203052965,11,0,GGGGGGGGGGGr,r,False,True,False,11
205.0,NODE_10378,11139418715,2,2,rrG,G,True,False,True,0
205.0,NODE_5681,11139418723,2,0,GGr,r,False,True,False,2
205.0,NODE_10262,11203041635,4,0,GGGGr,r,False,True,False,4
205.5,LINK_249048,5161705573,2,2,rrG,G,True,False,True,0
205.5,NODE_5837,5161705573,2,2,rrG,G,True,False,True,0
205.5,LINK_10218,11139418715,2,2,rrG,G,True,False,True,0
205.5,LINK_140740,11139418715,2,2,rrG,G,True,False,True,0
205.5,NODE_9634,10974501473,4,0,GGGGr,r,False,True,False,4
205.5,LINK_194891,11203052965,11,0,GGGGGGGGGGGr,r,False,True,False,11
205.5,NODE_10378,11139418715,2,2,rrG,G,True,False,True,0
205.5,NODE_5681,11139418723,2,0,GGr,r,False,True,False,2
205.5,NODE_10262,11203041635,4,0,GGGGr,r,False,True,False,4
206.0,LINK_249048,5161705573,2,2,rrG,G,True,False,True,0
206.0,NODE_5837,5161705573,2,2,rrG,G,True,False,True,0
206.0,LINK_10218,11139418715,2,2,rrG,G,True,False,True,0
206.0,LINK_140740,11139418715,2,2,rrG,G,True,False,True,0
206.0,NODE_9634,10974501473,4,0,GGGGr,r,False,True,False,4
206.0,LINK_194891,11203052965,11,0,GGGGGGGGGGGr,r,False,True,False,11
206.0,NODE_10378,11139418715,2,2,rrG,G,True,False,True,0
206.0,NODE_5681,11139418723,2,0,GGr,r,False,True,False,2
206.0,NODE_10262,11203041635,4,0,GGGGr,r,False,True,False,4
206.5,LINK_249048,5161705573,2,0,GGr,r,False,True,False,2
206.5,NODE_5837,5161705573,2,0,GGr,r,False,True,False,2
206.5,LINK_10218,11139418715,2,2,rrG,G,True,False,True,0
206.5,LINK_140740,11139418715,2,2,rrG,G,True,False,True,0
206.5,NODE_9634,10974501473,4,0,GGGGr,r,False,True,False,4
206.5,LINK_194891,11203052965,11,0,GGGGGGGGGGGr,r,False,True,False,11
206.5,NODE_10378,11139418715,2,2,rrG,G,True,False,True,0
206.5,NODE_5681,11139418723,2,0,GGr,r,False,True,False,2
206.5,NODE_10262,11203041635,4,0,GGGGr,r,False,True,False,4
207.0,LINK_249048,5161705573,2,0,GGr,r,False,True,False,2
207.0,NODE_5837,5161705573,2,0,GGr,r,False,True,False,2
207.0,LINK_10218,11139418715,2,2,rrG,G,True,False,True,0
207.0,LINK_140740,11139418715,2,2,rrG,G,True,False,True,0
207.0,NODE_9634,10974501473,4,0,GGGGr,r,False,True,False,4
207.0,LINK_194891,11203052965,11,0,GGGGGGGGGGGr,r,False,True,False,11
207.0,NODE_10378,11139418715,2,2,rrG,G,True,False,True,0
207.0,NODE_5681,11139418723,2,0,GGr,r,False,True,False,2
207.0,NODE_10262,11203041635,4,0,GGGGr,r,False,True,False,4
207.5,LINK_249048,5161705573,2,0,GGr,r,False,True,False,2
207.5,NODE_5837,5161705573,2,0,GGr,r,False,True,False,2
207.5,LINK_10218,11139418715,2,2,rrG,G,True,False,True,0
207.5,LINK_140740,11139418715,2,2,rrG,G,True,False,True,0
207.5,NODE_9634,10974501473,4,0,GGGGr,r,False,True,False,4
207.5,LINK_194891,11203052965,11,0,GGGGGGGGGGGr,r,False,True,False,11
207.5,NODE_10378,11139418715,2,2,rrG,G,True,False,True,0
207.5,NODE_5681,11139418723,2,0,GGr,r,False,True,False,2
207.5,NODE_10262,11203041635,4,0,GGGGr,r,False,True,False,4
208.0,LINK_249048,5161705573,2,0,GGr,r,False,True,False,2
208.0,NODE_5837,5161705573,2,0,GGr,r,False,True,False,2
208.0,LINK_10218,11139418715,2,2,rrG,G,True,False,True,0
208.0,LINK_140740,11139418715,2,2,rrG,G,True,False,True,0
208.0,NODE_9634,10974501473,4,0,GGGGr,r,False,True,False,4
208.0,LINK_194891,11203052965,11,0,GGGGGGGGGGGr,r,False,True,False,11
208.0,NODE_10378,11139418715,2,2,rrG,G,True,False,True,0
208.0,NODE_5681,11139418723,2,0,GGr,r,False,True,False,2
208.0,NODE_10262,11203041635,4,0,GGGGr,r,False,True,False,4
208.5,LINK_249048,5161705573,2,0,GGr,r,False,True,False,2
208.5,NODE_5837,5161705573,2,0,GGr,r,False,True,False,2
208.5,LINK_10218,11139418715,2,2,rrG,G,True,False,True,0
208.5,LINK_140740,11139418715,2,2,rrG,G,True,False,True,0
208.5,NODE_9634,10974501473,4,0,GGGGr,r,False,True,False,4
208.5,LINK_194891,11203052965,11,0,GGGGGGGGGGGr,r,False,True,False,11
208.5,NODE_10378,11139418715,2,2,rrG,G,True,False,True,0
208.5,NODE_5681,11139418723,2,0,GGr,r,False,True,False,2
208.5,NODE_10262,11203041635,4,0,GGGGr,r,False,True,False,4
209.0,LINK_249048,5161705573,2,0,GGr,r,False,True,False,2
209.0,NODE_5837,5161705573,2,0,GGr,r,False,True,False,2
209.0,LINK_10218,11139418715,2,2,rrG,G,True,False,True,0
209.0,LINK_140740,11139418715,2,2,rrG,G,True,False,True,0
209.0,NODE_9634,10974501473,4,0,GGGGr,r,False,True,False,4
209.0,LINK_194891,11203052965,11,0,GGGGGGGGGGGr,r,False,True,False,11
209.0,NODE_10378,11139418715,2,2,rrG,G,True,False,True,0
209.0,NODE_5681,11139418723,2,0,GGr,r,False,True,False,2
209.0,NODE_10262,11203041635,4,0,GGGGr,r,False,True,False,4
209.5,LINK_249048,5161705573,2,0,GGr,r,False,True,False,2
209.5,NODE_5837,5161705573,2,0,GGr,r,False,True,False,2
209.5,LINK_10218,11139418715,2,2,rrG,G,True,False,True,0
209.5,LINK_140740,11139418715,2,2,rrG,G,True,False,True,0
209.5,NODE_9634,10974501473,4,0,GGGGr,r,False,True,False,4
209.5,LINK_194891,11203052965,11,0,GGGGGGGGGGGr,r,False,True,False,11
209.5,NODE_10378,11139418715,2,2,rrG,G,True,False,True,0
209.5,NODE_5681,11139418723,2,0,GGr,r,False,True,False,2
209.5,NODE_10262,11203041635,4,0,GGGGr,r,False,True,False,4
210.0,LINK_249048,5161705573,2,0,GGr,r,False,True,False,2
210.0,NODE_5837,5161705573,2,0,GGr,r,False,True,False,2
210.0,LINK_10218,11139418715,2,2,rrG,G,True,False,True,0
210.0,LINK_140740,11139418715,2,2,rrG,G,True,False,True,0
210.0,NODE_9634,10974501473,4,0,GGGGr,r,False,True,False,4
210.0,LINK_194891,11203052965,11,0,GGGGGGGGGGGr,r,False,True,False,11
210.0,NODE_10378,11139418715,2,2,rrG,G,True,False,True,0
210.0,NODE_5681,11139418723,2,0,GGr,r,False,True,False,2
210.0,NODE_10262,11203041635,4,0,GGGGr,r,False,True,False,4
210.5,LINK_249048,5161705573,2,0,GGr,r,False,True,False,2
210.5,NODE_5837,5161705573,2,0,GGr,r,False,True,False,2
210.5,LINK_10218,11139418715,2,2,rrG,G,True,False,True,0
210.5,LINK_140740,11139418715,2,2,rrG,G,True,False,True,0
210.5,NODE_9634,10974501473,4,0,GGGGr,r,False,True,False,4
210.5,LINK_194891,11203052965,11,0,GGGGGGGGGGGr,r,False,True,False,11
210.5,NODE_10378,11139418715,2,2,rrG,G,True,False,True,0
210.5,NODE_5681,11139418723,2,0,GGr,r,False,True,False,2
210.5,NODE_10262,11203041635,4,0,GGGGr,r,False,True,False,4
211.0,LINK_249048,5161705573,2,0,GGr,r,False,True,False,2
211.0,NODE_5837,5161705573,2,0,GGr,r,False,True,False,2
211.0,LINK_10218,11139418715,2,2,rrG,G,True,False,True,0
211.0,LINK_140740,11139418715,2,2,rrG,G,True,False,True,0
211.0,NODE_9634,10974501473,4,0,GGGGr,r,False,True,False,4
211.0,LINK_194891,11203052965,11,0,GGGGGGGGGGGr,r,False,True,False,11
211.0,NODE_10378,11139418715,2,2,rrG,G,True,False,True,0
211.0,NODE_5681,11139418723,2,0,GGr,r,False,True,False,2
211.0,NODE_10262,11203041635,4,0,GGGGr,r,False,True,False,4
211.5,LINK_249048,5161705573,2,0,GGr,r,False,True,False,2
211.5,NODE_5837,5161705573,2,0,GGr,r,False,True,False,2
211.5,LINK_10218,11139418715,2,0,GGr,r,False,True,False,2
211.5,LINK_140740,11139418715,2,0,GGr,r,False,True,False,2
211.5,NODE_9634,10974501473,4,0,GGGGr,r,False,True,False,4
211.5,LINK_194891,11203052965,11,0,GGGGGGGGGGGr,r,False,True,False,11
211.5,NODE_10378,11139418715,2,0,GGr,r,False,True,False,2
211.5,NODE_5681,11139418723,2,0,GGr,r,False,True,False,2
211.5,NODE_10262,11203041635,4,0,GGGGr,r,False,True,False,4
212.0,LINK_249048,5161705573,2,0,GGr,r,False,True,False,2
212.0,NODE_5837,5161705573,2,0,GGr,r,False,True,False,2
212.0,LINK_10218,11139418715,2,0,GGr,r,False,True,False,2
212.0,LINK_140740,11139418715,2,0,GGr,r,False,True,False,2
212.0,NODE_9634,10974501473,4,0,GGGGr,r,False,True,False,4
212.0,LINK_194891,11203052965,11,0,GGGGGGGGGGGr,r,False,True,False,11
212.0,NODE_10378,11139418715,2,0,GGr,r,False,True,False,2
212.0,NODE_5681,11139418723,2,0,GGr,r,False,True,False,2
212.0,NODE_10262,11203041635,4,0,GGGGr,r,False,True,False,4
212.5,LINK_249048,5161705573,2,0,GGr,r,False,True,False,2
212.5,NODE_5837,5161705573,2,0,GGr,r,False,True,False,2
212.5,LINK_10218,11139418715,2,0,GGr,r,False,True,False,2
212.5,LINK_140740,11139418715,2,0,GGr,r,False,True,False,2
212.5,NODE_9634,10974501473,4,0,GGGGr,r,False,True,False,4
212.5,LINK_194891,11203052965,11,0,GGGGGGGGGGGr,r,False,True,False,11
212.5,NODE_10378,11139418715,2,0,GGr,r,False,True,False,2
212.5,NODE_5681,11139418723,2,0,GGr,r,False,True,False,2
212.5,NODE_10262,11203041635,4,0,GGGGr,r,False,True,False,4
213.0,LINK_249048,5161705573,2,0,GGr,r,False,True,False,2
213.0,NODE_5837,5161705573,2,0,GGr,r,False,True,False,2
213.0,LINK_10218,11139418715,2,0,GGr,r,False,True,False,2
213.0,LINK_140740,11139418715,2,0,GGr,r,False,True,False,2
213.0,NODE_9634,10974501473,4,0,GGGGr,r,False,True,False,4
213.0,LINK_194891,11203052965,11,0,GGGGGGGGGGGr,r,False,True,False,11
213.0,NODE_10378,11139418715,2,0,GGr,r,False,True,False,2
213.0,NODE_5681,11139418723,2,0,GGr,r,False,True,False,2
213.0,NODE_10262,11203041635,4,0,GGGGr,r,False,True,False,4
213.5,LINK_249048,5161705573,2,0,GGr,r,False,True,False,2
213.5,NODE_5837,5161705573,2,0,GGr,r,False,True,False,2
213.5,LINK_10218,11139418715,2,0,GGr,r,False,True,False,2
213.5,LINK_140740,11139418715,2,0,GGr,r,False,True,False,2
213.5,NODE_9634,10974501473,4,0,GGGGr,r,False,True,False,4
213.5,LINK_194891,11203052965,11,0,GGGGGGGGGGGr,r,False,True,False,11
213.5,NODE_10378,11139418715,2,0,GGr,r,False,True,False,2
213.5,NODE_5681,11139418723,2,0,GGr,r,False,True,False,2
213.5,NODE_10262,11203041635,4,0,GGGGr,r,False,True,False,4
214.0,LINK_249048,5161705573,2,0,GGr,r,False,True,False,2
214.0,NODE_5837,5161705573,2,0,GGr,r,False,True,False,2
214.0,LINK_10218,11139418715,2,0,GGr,r,False,True,False,2
214.0,LINK_140740,11139418715,2,0,GGr,r,False,True,False,2
214.0,NODE_9634,10974501473,4,0,GGGGr,r,False,True,False,4
214.0,LINK_194891,11203052965,11,0,GGGGGGGGGGGr,r,False,True,False,11
214.0,NODE_10378,11139418715,2,0,GGr,r,False,True,False,2
214.0,NODE_5681,11139418723,2,0,GGr,r,False,True,False,2
214.0,NODE_10262,11203041635,4,0,GGGGr,r,False,True,False,4
214.5,LINK_249048,5161705573,2,0,GGr,r,False,True,False,2
214.5,NODE_5837,5161705573,2,0,GGr,r,False,True,False,2
214.5,LINK_10218,11139418715,2,0,GGr,r,False,True,False,2
214.5,LINK_140740,11139418715,2,0,GGr,r,False,True,False,2
214.5,NODE_9634,10974501473,4,0,GGGGr,r,False,True,False,4
214.5,LINK_194891,11203052965,11,0,GGGGGGGGGGGr,r,False,True,False,11
214.5,NODE_10378,11139418715,2,0,GGr,r,False,True,False,2
214.5,NODE_5681,11139418723,2,0,GGr,r,False,True,False,2
214.5,NODE_10262,11203041635,4,0,GGGGr,r,False,True,False,4
215.0,LINK_249048,5161705573,2,0,GGr,r,False,True,False,2
215.0,NODE_5837,5161705573,2,0,GGr,r,False,True,False,2
215.0,LINK_10218,11139418715,2,0,GGr,r,False,True,False,2
215.0,LINK_140740,11139418715,2,0,GGr,r,False,True,False,2
215.0,NODE_9634,10974501473,4,0,GGGGr,r,False,True,False,4
215.0,LINK_194891,11203052965,11,0,GGGGGGGGGGGr,r,False,True,False,11
215.0,NODE_10378,11139418715,2,0,GGr,r,False,True,False,2
215.0,NODE_5681,11139418723,2,0,GGr,r,False,True,False,2
215.0,NODE_10262,11203041635,4,0,GGGGr,r,False,True,False,4
215.5,LINK_249048,5161705573,2,0,GGr,r,False,True,False,2
215.5,NODE_5837,5161705573,2,0,GGr,r,False,True,False,2
215.5,LINK_10218,11139418715,2,0,GGr,r,False,True,False,2
215.5,LINK_140740,11139418715,2,0,GGr,r,False,True,False,2
215.5,NODE_9634,10974501473,4,0,GGGGr,r,False,True,False,4
215.5,LINK_194891,11203052965,11,0,GGGGGGGGGGGr,r,False,True,False,11
215.5,NODE_10378,11139418715,2,0,GGr,r,False,True,False,2
215.5,NODE_5681,11139418723,2,0,GGr,r,False,True,False,2
215.5,NODE_10262,11203041635,4,0,GGGGr,r,False,True,False,4
216.0,LINK_249048,5161705573,2,0,GGr,r,False,True,False,2
216.0,NODE_5837,5161705573,2,0,GGr,r,False,True,False,2
216.0,LINK_10218,11139418715,2,0,GGr,r,False,True,False,2
216.0,LINK_140740,11139418715,2,0,GGr,r,False,True,False,2
216.0,NODE_9634,10974501473,4,0,GGGGr,r,False,True,False,4
216.0,LINK_194891,11203052965,11,0,GGGGGGGGGGGr,r,False,True,False,11
216.0,NODE_10378,11139418715,2,0,GGr,r,False,True,False,2
216.0,NODE_5681,11139418723,2,0,GGr,r,False,True,False,2
216.0,NODE_10262,11203041635,4,0,GGGGr,r,False,True,False,4
216.5,LINK_249048,5161705573,2,0,GGr,r,False,True,False,2
216.5,NODE_5837,5161705573,2,0,GGr,r,False,True,False,2
216.5,LINK_10218,11139418715,2,0,GGr,r,False,True,False,2
216.5,LINK_140740,11139418715,2,0,GGr,r,False,True,False,2
216.5,NODE_9634,10974501473,4,0,GGGGr,r,False,True,False,4
216.5,LINK_194891,11203052965,11,0,GGGGGGGGGGGr,r,False,True,False,11
216.5,NODE_10378,11139418715,2,0,GGr,r,False,True,False,2
216.5,NODE_5681,11139418723,2,0,GGr,r,False,True,False,2
216.5,NODE_10262,11203041635,4,0,GGGGr,r,False,True,False,4
217.0,LINK_249048,5161705573,2,0,GGr,r,False,True,False,2
217.0,NODE_5837,5161705573,2,0,GGr,r,False,True,False,2
217.0,LINK_10218,11139418715,2,0,GGr,r,False,True,False,2
217.0,LINK_140740,11139418715,2,0,GGr,r,False,True,False,2
217.0,NODE_9634,10974501473,4,0,GGGGr,r,False,True,False,4
217.0,LINK_194891,11203052965,11,0,GGGGGGGGGGGr,r,False,True,False,11
217.0,NODE_10378,11139418715,2,0,GGr,r,False,True,False,2
217.0,NODE_5681,11139418723,2,0,GGr,r,False,True,False,2
217.0,NODE_10262,11203041635,4,0,GGGGr,r,False,True,False,4
217.5,LINK_249048,5161705573,2,0,GGr,r,False,True,False,2
217.5,NODE_5837,5161705573,2,0,GGr,r,False,True,False,2
217.5,LINK_10218,11139418715,2,0,GGr,r,False,True,False,2
217.5,LINK_140740,11139418715,2,0,GGr,r,False,True,False,2
217.5,NODE_9634,10974501473,4,0,GGGGr,r,False,True,False,4
217.5,LINK_194891,11203052965,11,0,GGGGGGGGGGGr,r,False,True,False,11
217.5,NODE_10378,11139418715,2,0,GGr,r,False,True,False,2
217.5,NODE_5681,11139418723,2,0,GGr,r,False,True,False,2
217.5,NODE_10262,11203041635,4,0,GGGGr,r,False,True,False,4
218.0,LINK_249048,5161705573,2,0,GGr,r,False,True,False,2
218.0,NODE_5837,5161705573,2,0,GGr,r,False,True,False,2
218.0,LINK_10218,11139418715,2,0,GGr,r,False,True,False,2
218.0,LINK_140740,11139418715,2,0,GGr,r,False,True,False,2
218.0,NODE_9634,10974501473,4,0,GGGGr,r,False,True,False,4
218.0,LINK_194891,11203052965,11,0,GGGGGGGGGGGr,r,False,True,False,11
218.0,NODE_10378,11139418715,2,0,GGr,r,False,True,False,2
218.0,NODE_5681,11139418723,2,0,GGr,r,False,True,False,2
218.0,NODE_10262,11203041635,4,0,GGGGr,r,False,True,False,4
218.5,LINK_249048,5161705573,2,0,GGr,r,False,True,False,2
218.5,NODE_5837,5161705573,2,0,GGr,r,False,True,False,2
218.5,LINK_10218,11139418715,2,0,GGr,r,False,True,False,2
218.5,LINK_140740,11139418715,2,0,GGr,r,False,True,False,2
218.5,NODE_9634,10974501473,4,0,GGGGr,r,False,True,False,4
218.5,LINK_194891,11203052965,11,0,GGGGGGGGGGGr,r,False,True,False,11
218.5,NODE_10378,11139418715,2,0,GGr,r,False,True,False,2
218.5,NODE_5681,11139418723,2,0,GGr,r,False,True,False,2
218.5,NODE_10262,11203041635,4,0,GGGGr,r,False,True,False,4
219.0,LINK_249048,5161705573,2,0,GGr,r,False,True,False,2
219.0,NODE_5837,5161705573,2,0,GGr,r,False,True,False,2
219.0,LINK_10218,11139418715,2,0,GGr,r,False,True,False,2
219.0,LINK_140740,11139418715,2,0,GGr,r,False,True,False,2
219.0,NODE_9634,10974501473,4,0,GGGGr,r,False,True,False,4
219.0,LINK_194891,11203052965,11,0,GGGGGGGGGGGr,r,False,True,False,11
219.0,NODE_10378,11139418715,2,0,GGr,r,False,True,False,2
219.0,NODE_5681,11139418723,2,0,GGr,r,False,True,False,2
219.0,NODE_10262,11203041635,4,0,GGGGr,r,False,True,False,4
219.5,LINK_249048,5161705573,2,0,GGr,r,False,True,False,2
219.5,NODE_5837,5161705573,2,0,GGr,r,False,True,False,2
219.5,LINK_10218,11139418715,2,0,GGr,r,False,True,False,2
219.5,LINK_140740,11139418715,2,0,GGr,r,False,True,False,2
219.5,NODE_9634,10974501473,4,0,GGGGr,r,False,True,False,4
219.5,LINK_194891,11203052965,11,0,GGGGGGGGGGGr,r,False,True,False,11
219.5,NODE_10378,11139418715,2,0,GGr,r,False,True,False,2
219.5,NODE_5681,11139418723,2,0,GGr,r,False,True,False,2
219.5,NODE_10262,11203041635,4,0,GGGGr,r,False,True,False,4
220.0,LINK_249048,5161705573,2,0,GGr,r,False,True,False,2
220.0,NODE_5837,5161705573,2,0,GGr,r,False,True,False,2
220.0,LINK_10218,11139418715,2,0,GGr,r,False,True,False,2
220.0,LINK_140740,11139418715,2,0,GGr,r,False,True,False,2
220.0,NODE_9634,10974501473,4,0,GGGGr,r,False,True,False,4
220.0,LINK_194891,11203052965,11,0,GGGGGGGGGGGr,r,False,True,False,11
220.0,NODE_10378,11139418715,2,0,GGr,r,False,True,False,2
220.0,NODE_5681,11139418723,2,0,GGr,r,False,True,False,2
220.0,NODE_10262,11203041635,4,0,GGGGr,r,False,True,False,4
220.5,LINK_249048,5161705573,2,0,GGr,r,False,True,False,2
220.5,NODE_5837,5161705573,2,0,GGr,r,False,True,False,2
220.5,LINK_10218,11139418715,2,0,GGr,r,False,True,False,2
220.5,LINK_140740,11139418715,2,0,GGr,r,False,True,False,2
220.5,NODE_9634,10974501473,4,0,GGGGr,r,False,True,False,4
220.5,LINK_194891,11203052965,11,0,GGGGGGGGGGGr,r,False,True,False,11
220.5,NODE_10378,11139418715,2,0,GGr,r,False,True,False,2
220.5,NODE_5681,11139418723,2,0,GGr,r,False,True,False,2
220.5,NODE_10262,11203041635,4,0,GGGGr,r,False,True,False,4
221.0,LINK_249048,5161705573,2,0,GGr,r,False,True,False,2
221.0,NODE_5837,5161705573,2,0,GGr,r,False,True,False,2
221.0,LINK_10218,11139418715,2,0,GGr,r,False,True,False,2
221.0,LINK_140740,11139418715,2,0,GGr,r,False,True,False,2
221.0,NODE_9634,10974501473,4,0,GGGGr,r,False,True,False,4
221.0,LINK_194891,11203052965,11,0,GGGGGGGGGGGr,r,False,True,False,11
221.0,NODE_10378,11139418715,2,0,GGr,r,False,True,False,2
221.0,NODE_5681,11139418723,2,0,GGr,r,False,True,False,2
221.0,NODE_10262,11203041635,4,0,GGGGr,r,False,True,False,4
221.5,LINK_249048,5161705573,2,0,GGr,r,False,True,False,2
221.5,NODE_5837,5161705573,2,0,GGr,r,False,True,False,2
221.5,LINK_10218,11139418715,2,0,GGr,r,False,True,False,2
221.5,LINK_140740,11139418715,2,0,GGr,r,False,True,False,2
221.5,NODE_9634,10974501473,4,0,GGGGr,r,False,True,False,4
221.5,LINK_194891,11203052965,11,0,GGGGGGGGGGGr,r,False,True,False,11
221.5,NODE_10378,11139418715,2,0,GGr,r,False,True,False,2
221.5,NODE_5681,11139418723,2,0,GGr,r,False,True,False,2
221.5,NODE_10262,11203041635,4,0,GGGGr,r,False,True,False,4
222.0,LINK_249048,5161705573,2,0,GGr,r,False,True,False,2
222.0,NODE_5837,5161705573,2,0,GGr,r,False,True,False,2
222.0,LINK_10218,11139418715,2,0,GGr,r,False,True,False,2
222.0,LINK_140740,11139418715,2,0,GGr,r,False,True,False,2
222.0,NODE_9634,10974501473,4,0,GGGGr,r,False,True,False,4
222.0,LINK_194891,11203052965,11,0,GGGGGGGGGGGr,r,False,True,False,11
222.0,NODE_10378,11139418715,2,0,GGr,r,False,True,False,2
222.0,NODE_5681,11139418723,2,0,GGr,r,False,True,False,2
222.0,NODE_10262,11203041635,4,0,GGGGr,r,False,True,False,4
222.5,LINK_249048,5161705573,2,0,GGr,r,False,True,False,2
222.5,NODE_5837,5161705573,2,0,GGr,r,False,True,False,2
222.5,LINK_10218,11139418715,2,0,GGr,r,False,True,False,2
222.5,LINK_140740,11139418715,2,0,GGr,r,False,True,False,2
222.5,NODE_9634,10974501473,4,0,GGGGr,r,False,True,False,4
222.5,LINK_194891,11203052965,11,0,GGGGGGGGGGGr,r,False,True,False,11
222.5,NODE_10378,11139418715,2,0,GGr,r,False,True,False,2
222.5,NODE_5681,11139418723,2,0,GGr,r,False,True,False,2
222.5,NODE_10262,11203041635,4,0,GGGGr,r,False,True,False,4
223.0,LINK_249048,5161705573,2,0,GGr,r,False,True,False,2
223.0,NODE_5837,5161705573,2,0,GGr,r,False,True,False,2
223.0,LINK_10218,11139418715,2,0,GGr,r,False,True,False,2
223.0,LINK_140740,11139418715,2,0,GGr,r,False,True,False,2
223.0,NODE_9634,10974501473,4,0,GGGGr,r,False,True,False,4
223.0,LINK_194891,11203052965,11,0,GGGGGGGGGGGr,r,False,True,False,11
223.0,NODE_10378,11139418715,2,0,GGr,r,False,True,False,2
223.0,NODE_5681,11139418723,2,0,GGr,r,False,True,False,2
223.0,NODE_10262,11203041635,4,0,GGGGr,r,False,True,False,4
223.5,LINK_249048,5161705573,2,0,GGr,r,False,True,False,2
223.5,NODE_5837,5161705573,2,0,GGr,r,False,True,False,2
223.5,LINK_10218,11139418715,2,0,GGr,r,False,True,False,2
223.5,LINK_140740,11139418715,2,0,GGr,r,False,True,False,2
223.5,NODE_9634,10974501473,4,0,GGGGr,r,False,True,False,4
223.5,LINK_194891,11203052965,11,0,GGGGGGGGGGGr,r,False,True,False,11
223.5,NODE_10378,11139418715,2,0,GGr,r,False,True,False,2
223.5,NODE_5681,11139418723,2,0,GGr,r,False,True,False,2
223.5,NODE_10262,11203041635,4,0,GGGGr,r,False,True,False,4
224.0,LINK_249048,5161705573,2,0,GGr,r,False,True,False,2
224.0,NODE_5837,5161705573,2,0,GGr,r,False,True,False,2
224.0,LINK_10218,11139418715,2,0,GGr,r,False,True,False,2
224.0,LINK_140740,11139418715,2,0,GGr,r,False,True,False,2
224.0,NODE_9634,10974501473,4,0,GGGGr,r,False,True,False,4
224.0,LINK_194891,11203052965,11,0,GGGGGGGGGGGr,r,False,True,False,11
224.0,NODE_10378,11139418715,2,0,GGr,r,False,True,False,2
224.0,NODE_5681,11139418723,2,0,GGr,r,False,True,False,2
224.0,NODE_10262,11203041635,4,0,GGGGr,r,False,True,False,4
224.5,LINK_249048,5161705573,2,0,GGr,r,False,True,False,2
224.5,NODE_5837,5161705573,2,0,GGr,r,False,True,False,2
224.5,LINK_10218,11139418715,2,0,GGr,r,False,True,False,2
224.5,LINK_140740,11139418715,2,0,GGr,r,False,True,False,2
224.5,NODE_9634,10974501473,4,0,GGGGr,r,False,True,False,4
224.5,LINK_194891,11203052965,11,0,GGGGGGGGGGGr,r,False,True,False,11
224.5,NODE_10378,11139418715,2,0,GGr,r,False,True,False,2
224.5,NODE_5681,11139418723,2,0,GGr,r,False,True,False,2
224.5,NODE_10262,11203041635,4,0,GGGGr,r,False,True,False,4
225.0,LINK_249048,5161705573,2,0,GGr,r,False,True,False,2
225.0,NODE_5837,5161705573,2,0,GGr,r,False,True,False,2
225.0,LINK_10218,11139418715,2,0,GGr,r,False,True,False,2
225.0,LINK_140740,11139418715,2,0,GGr,r,False,True,False,2
225.0,NODE_9634,10974501473,4,0,GGGGr,r,False,True,False,4
225.0,LINK_194891,11203052965,11,0,GGGGGGGGGGGr,r,False,True,False,11
225.0,NODE_10378,11139418715,2,0,GGr,r,False,True,False,2
225.0,NODE_5681,11139418723,2,0,GGr,r,False,True,False,2
225.0,NODE_10262,11203041635,4,0,GGGGr,r,False,True,False,4
225.5,LINK_249048,5161705573,2,0,GGr,r,False,True,False,2
225.5,NODE_5837,5161705573,2,0,GGr,r,False,True,False,2
225.5,LINK_10218,11139418715,2,0,GGr,r,False,True,False,2
225.5,LINK_140740,11139418715,2,0,GGr,r,False,True,False,2
225.5,NODE_9634,10974501473,4,0,GGGGr,r,False,True,False,4
225.5,LINK_194891,11203052965,11,0,GGGGGGGGGGGr,r,False,True,False,11
225.5,NODE_10378,11139418715,2,0,GGr,r,False,True,False,2
225.5,NODE_5681,11139418723,2,0,GGr,r,False,True,False,2
225.5,NODE_10262,11203041635,4,0,GGGGr,r,False,True,False,4
226.0,LINK_249048,5161705573,2,0,GGr,r,False,True,False,2
226.0,NODE_5837,5161705573,2,0,GGr,r,False,True,False,2
226.0,LINK_10218,11139418715,2,0,GGr,r,False,True,False,2
226.0,LINK_140740,11139418715,2,0,GGr,r,False,True,False,2
226.0,NODE_9634,10974501473,4,0,GGGGr,r,False,True,False,4
226.0,LINK_194891,11203052965,11,0,GGGGGGGGGGGr,r,False,True,False,11
226.0,NODE_10378,11139418715,2,0,GGr,r,False,True,False,2
226.0,NODE_5681,11139418723,2,0,GGr,r,False,True,False,2
226.0,NODE_10262,11203041635,4,0,GGGGr,r,False,True,False,4
226.5,LINK_249048,5161705573,2,0,GGr,r,False,True,False,2
226.5,NODE_5837,5161705573,2,0,GGr,r,False,True,False,2
226.5,LINK_10218,11139418715,2,0,GGr,r,False,True,False,2
226.5,LINK_140740,11139418715,2,0,GGr,r,False,True,False,2
226.5,NODE_9634,10974501473,4,0,GGGGr,r,False,True,False,4
226.5,LINK_194891,11203052965,11,0,GGGGGGGGGGGr,r,False,True,False,11
226.5,NODE_10378,11139418715,2,0,GGr,r,False,True,False,2
226.5,NODE_5681,11139418723,2,0,GGr,r,False,True,False,2
226.5,NODE_10262,11203041635,4,0,GGGGr,r,False,True,False,4
227.0,LINK_249048,5161705573,2,0,GGr,r,False,True,False,2
227.0,NODE_5837,5161705573,2,0,GGr,r,False,True,False,2
227.0,LINK_10218,11139418715,2,0,GGr,r,False,True,False,2
227.0,LINK_140740,11139418715,2,0,GGr,r,False,True,False,2
227.0,NODE_9634,10974501473,4,0,GGGGr,r,False,True,False,4
227.0,LINK_194891,11203052965,11,0,GGGGGGGGGGGr,r,False,True,False,11
227.0,NODE_10378,11139418715,2,0,GGr,r,False,True,False,2
227.0,NODE_5681,11139418723,2,0,GGr,r,False,True,False,2
227.0,NODE_10262,11203041635,4,0,GGGGr,r,False,True,False,4
227.5,LINK_249048,5161705573,2,0,GGr,r,False,True,False,2
227.5,NODE_5837,5161705573,2,0,GGr,r,False,True,False,2
227.5,LINK_10218,11139418715,2,0,GGr,r,False,True,False,2
227.5,LINK_140740,11139418715,2,0,GGr,r,False,True,False,2
227.5,NODE_9634,10974501473,4,0,GGGGr,r,False,True,False,4
227.5,LINK_194891,11203052965,11,0,GGGGGGGGGGGr,r,False,True,False,11
227.5,NODE_10378,11139418715,2,0,GGr,r,False,True,False,2
227.5,NODE_5681,11139418723,2,0,GGr,r,False,True,False,2
227.5,NODE_10262,11203041635,4,0,GGGGr,r,False,True,False,4
228.0,LINK_249048,5161705573,2,0,GGr,r,False,True,False,2
228.0,NODE_5837,5161705573,2,0,GGr,r,False,True,False,2
228.0,LINK_10218,11139418715,2,0,GGr,r,False,True,False,2
228.0,LINK_140740,11139418715,2,0,GGr,r,False,True,False,2
228.0,NODE_9634,10974501473,4,0,GGGGr,r,False,True,False,4
228.0,LINK_194891,11203052965,11,0,GGGGGGGGGGGr,r,False,True,False,11
228.0,NODE_10378,11139418715,2,0,GGr,r,False,True,False,2
228.0,NODE_5681,11139418723,2,0,GGr,r,False,True,False,2
228.0,NODE_10262,11203041635,4,0,GGGGr,r,False,True,False,4
228.5,LINK_249048,5161705573,2,0,GGr,r,False,True,False,2
228.5,NODE_5837,5161705573,2,0,GGr,r,False,True,False,2
228.5,LINK_10218,11139418715,2,0,GGr,r,False,True,False,2
228.5,LINK_140740,11139418715,2,0,GGr,r,False,True,False,2
228.5,NODE_9634,10974501473,4,0,GGGGr,r,False,True,False,4
228.5,LINK_194891,11203052965,11,0,GGGGGGGGGGGr,r,False,True,False,11
228.5,NODE_10378,11139418715,2,0,GGr,r,False,True,False,2
228.5,NODE_5681,11139418723,2,0,GGr,r,False,True,False,2
228.5,NODE_10262,11203041635,4,0,GGGGr,r,False,True,False,4
229.0,LINK_249048,5161705573,2,0,GGr,r,False,True,False,2
229.0,NODE_5837,5161705573,2,0,GGr,r,False,True,False,2
229.0,LINK_10218,11139418715,2,0,GGr,r,False,True,False,2
229.0,LINK_140740,11139418715,2,0,GGr,r,False,True,False,2
229.0,NODE_9634,10974501473,4,0,GGGGr,r,False,True,False,4
229.0,LINK_194891,11203052965,11,0,GGGGGGGGGGGr,r,False,True,False,11
229.0,NODE_10378,11139418715,2,0,GGr,r,False,True,False,2
229.0,NODE_5681,11139418723,2,0,GGr,r,False,True,False,2
229.0,NODE_10262,11203041635,4,0,GGGGr,r,False,True,False,4
229.5,LINK_249048,5161705573,2,0,GGr,r,False,True,False,2
229.5,NODE_5837,5161705573,2,0,GGr,r,False,True,False,2
229.5,LINK_10218,11139418715,2,0,GGr,r,False,True,False,2
229.5,LINK_140740,11139418715,2,0,GGr,r,False,True,False,2
229.5,NODE_9634,10974501473,4,0,GGGGr,r,False,True,False,4
229.5,LINK_194891,11203052965,11,0,GGGGGGGGGGGr,r,False,True,False,11
229.5,NODE_10378,11139418715,2,0,GGr,r,False,True,False,2
229.5,NODE_5681,11139418723,2,0,GGr,r,False,True,False,2
229.5,NODE_10262,11203041635,4,0,GGGGr,r,False,True,False,4
230.0,LINK_249048,5161705573,2,0,GGr,r,False,True,False,2
230.0,NODE_5837,5161705573,2,0,GGr,r,False,True,False,2
230.0,LINK_10218,11139418715,2,0,GGr,r,False,True,False,2
230.0,LINK_140740,11139418715,2,0,GGr,r,False,True,False,2
230.0,NODE_9634,10974501473,4,0,GGGGr,r,False,True,False,4
230.0,LINK_194891,11203052965,11,0,GGGGGGGGGGGr,r,False,True,False,11
230.0,NODE_10378,11139418715,2,0,GGr,r,False,True,False,2
230.0,NODE_5681,11139418723,2,0,GGr,r,False,True,False,2
230.0,NODE_10262,11203041635,4,0,GGGGr,r,False,True,False,4
230.5,LINK_249048,5161705573,2,0,GGr,r,False,True,False,2
230.5,NODE_5837,5161705573,2,0,GGr,r,False,True,False,2
230.5,LINK_10218,11139418715,2,0,GGr,r,False,True,False,2
230.5,LINK_140740,11139418715,2,0,GGr,r,False,True,False,2
230.5,NODE_9634,10974501473,4,0,GGGGr,r,False,True,False,4
230.5,LINK_194891,11203052965,11,0,GGGGGGGGGGGr,r,False,True,False,11
230.5,NODE_10378,11139418715,2,0,GGr,r,False,True,False,2
230.5,NODE_5681,11139418723,2,0,GGr,r,False,True,False,2
230.5,NODE_10262,11203041635,4,0,GGGGr,r,False,True,False,4
231.0,LINK_249048,5161705573,2,0,GGr,r,False,True,False,2
231.0,NODE_5837,5161705573,2,0,GGr,r,False,True,False,2
231.0,LINK_10218,11139418715,2,0,GGr,r,False,True,False,2
231.0,LINK_140740,11139418715,2,0,GGr,r,False,True,False,2
231.0,NODE_9634,10974501473,4,0,GGGGr,r,False,True,False,4
231.0,LINK_194891,11203052965,11,0,GGGGGGGGGGGr,r,False,True,False,11
231.0,NODE_10378,11139418715,2,0,GGr,r,False,True,False,2
231.0,NODE_5681,11139418723,2,0,GGr,r,False,True,False,2
231.0,NODE_10262,11203041635,4,0,GGGGr,r,False,True,False,4
231.5,LINK_249048,5161705573,2,0,GGr,r,False,True,False,2
231.5,NODE_5837,5161705573,2,0,GGr,r,False,True,False,2
231.5,LINK_10218,11139418715,2,0,GGr,r,False,True,False,2
231.5,LINK_140740,11139418715,2,0,GGr,r,False,True,False,2
231.5,NODE_9634,10974501473,4,0,GGGGr,r,False,True,False,4
231.5,LINK_194891,11203052965,11,0,GGGGGGGGGGGr,r,False,True,False,11
231.5,NODE_10378,11139418715,2,0,GGr,r,False,True,False,2
231.5,NODE_5681,11139418723,2,0,GGr,r,False,True,False,2
231.5,NODE_10262,11203041635,4,0,GGGGr,r,False,True,False,4
232.0,LINK_249048,5161705573,2,0,GGr,r,False,True,False,2
232.0,NODE_5837,5161705573,2,0,GGr,r,False,True,False,2
232.0,LINK_10218,11139418715,2,0,GGr,r,False,True,False,2
232.0,LINK_140740,11139418715,2,0,GGr,r,False,True,False,2
232.0,NODE_9634,10974501473,4,0,GGGGr,r,False,True,False,4
232.0,LINK_194891,11203052965,11,0,GGGGGGGGGGGr,r,False,True,False,11
232.0,NODE_10378,11139418715,2,0,GGr,r,False,True,False,2
232.0,NODE_5681,11139418723,2,0,GGr,r,False,True,False,2
232.0,NODE_10262,11203041635,4,0,GGGGr,r,False,True,False,4
232.5,LINK_249048,5161705573,2,0,GGr,r,False,True,False,2
232.5,NODE_5837,5161705573,2,0,GGr,r,False,True,False,2
232.5,LINK_10218,11139418715,2,0,GGr,r,False,True,False,2
232.5,LINK_140740,11139418715,2,0,GGr,r,False,True,False,2
232.5,NODE_9634,10974501473,4,0,GGGGr,r,False,True,False,4
232.5,LINK_194891,11203052965,11,0,GGGGGGGGGGGr,r,False,True,False,11
232.5,NODE_10378,11139418715,2,0,GGr,r,False,True,False,2
232.5,NODE_5681,11139418723,2,0,GGr,r,False,True,False,2
232.5,NODE_10262,11203041635,4,0,GGGGr,r,False,True,False,4
233.0,LINK_249048,5161705573,2,0,GGr,r,False,True,False,2
233.0,NODE_5837,5161705573,2,0,GGr,r,False,True,False,2
233.0,LINK_10218,11139418715,2,0,GGr,r,False,True,False,2
233.0,LINK_140740,11139418715,2,0,GGr,r,False,True,False,2
233.0,NODE_9634,10974501473,4,0,GGGGr,r,False,True,False,4
233.0,LINK_194891,11203052965,11,0,GGGGGGGGGGGr,r,False,True,False,11
233.0,NODE_10378,11139418715,2,0,GGr,r,False,True,False,2
233.0,NODE_5681,11139418723,2,0,GGr,r,False,True,False,2
233.0,NODE_10262,11203041635,4,0,GGGGr,r,False,True,False,4
233.5,LINK_249048,5161705573,2,0,GGr,r,False,True,False,2
233.5,NODE_5837,5161705573,2,0,GGr,r,False,True,False,2
233.5,LINK_10218,11139418715,2,0,GGr,r,False,True,False,2
233.5,LINK_140740,11139418715,2,0,GGr,r,False,True,False,2
233.5,NODE_9634,10974501473,4,0,GGGGr,r,False,True,False,4
233.5,LINK_194891,11203052965,11,0,GGGGGGGGGGGr,r,False,True,False,11
233.5,NODE_10378,11139418715,2,0,GGr,r,False,True,False,2
233.5,NODE_5681,11139418723,2,0,GGr,r,False,True,False,2
233.5,NODE_10262,11203041635,4,0,GGGGr,r,False,True,False,4
234.0,LINK_249048,5161705573,2,0,GGr,r,False,True,False,2
234.0,NODE_5837,5161705573,2,0,GGr,r,False,True,False,2
234.0,LINK_10218,11139418715,2,0,GGr,r,False,True,False,2
234.0,LINK_140740,11139418715,2,0,GGr,r,False,True,False,2
234.0,NODE_9634,10974501473,4,0,GGGGr,r,False,True,False,4
234.0,LINK_194891,11203052965,11,0,GGGGGGGGGGGr,r,False,True,False,11
234.0,NODE_10378,11139418715,2,0,GGr,r,False,True,False,2
234.0,NODE_5681,11139418723,2,0,GGr,r,False,True,False,2
234.0,NODE_10262,11203041635,4,0,GGGGr,r,False,True,False,4
234.5,LINK_249048,5161705573,2,0,GGr,r,False,True,False,2
234.5,NODE_5837,5161705573,2,0,GGr,r,False,True,False,2
234.5,LINK_10218,11139418715,2,0,GGr,r,False,True,False,2
234.5,LINK_140740,11139418715,2,0,GGr,r,False,True,False,2
234.5,NODE_9634,10974501473,4,0,GGGGr,r,False,True,False,4
234.5,LINK_194891,11203052965,11,0,GGGGGGGGGGGr,r,False,True,False,11
234.5,NODE_10378,11139418715,2,0,GGr,r,False,True,False,2
234.5,NODE_5681,11139418723,2,0,GGr,r,False,True,False,2
234.5,NODE_10262,11203041635,4,0,GGGGr,r,False,True,False,4
235.0,LINK_249048,5161705573,2,0,GGr,r,False,True,False,2
235.0,NODE_5837,5161705573,2,0,GGr,r,False,True,False,2
235.0,LINK_10218,11139418715,2,0,GGr,r,False,True,False,2
235.0,LINK_140740,11139418715,2,0,GGr,r,False,True,False,2
235.0,NODE_9634,10974501473,4,0,GGGGr,r,False,True,False,4
235.0,LINK_194891,11203052965,11,0,GGGGGGGGGGGr,r,False,True,False,11
235.0,NODE_10378,11139418715,2,0,GGr,r,False,True,False,2
235.0,NODE_5681,11139418723,2,0,GGr,r,False,True,False,2
235.0,NODE_10262,11203041635,4,0,GGGGr,r,False,True,False,4
235.5,LINK_249048,5161705573,2,0,GGr,r,False,True,False,2
235.5,NODE_5837,5161705573,2,0,GGr,r,False,True,False,2
235.5,LINK_10218,11139418715,2,0,GGr,r,False,True,False,2
235.5,LINK_140740,11139418715,2,0,GGr,r,False,True,False,2
235.5,NODE_9634,10974501473,4,0,GGGGr,r,False,True,False,4
235.5,LINK_194891,11203052965,11,0,GGGGGGGGGGGr,r,False,True,False,11
235.5,NODE_10378,11139418715,2,0,GGr,r,False,True,False,2
235.5,NODE_5681,11139418723,2,0,GGr,r,False,True,False,2
235.5,NODE_10262,11203041635,4,0,GGGGr,r,False,True,False,4
236.0,LINK_249048,5161705573,2,0,GGr,r,False,True,False,2
236.0,NODE_5837,5161705573,2,0,GGr,r,False,True,False,2
236.0,LINK_10218,11139418715,2,0,GGr,r,False,True,False,2
236.0,LINK_140740,11139418715,2,0,GGr,r,False,True,False,2
236.0,NODE_9634,10974501473,4,0,GGGGr,r,False,True,False,4
236.0,LINK_194891,11203052965,11,0,GGGGGGGGGGGr,r,False,True,False,11
236.0,NODE_10378,11139418715,2,0,GGr,r,False,True,False,2
236.0,NODE_5681,11139418723,2,0,GGr,r,False,True,False,2
236.0,NODE_10262,11203041635,4,0,GGGGr,r,False,True,False,4
236.5,LINK_249048,5161705573,2,0,GGr,r,False,True,False,2
236.5,NODE_5837,5161705573,2,0,GGr,r,False,True,False,2
236.5,LINK_10218,11139418715,2,0,GGr,r,False,True,False,2
236.5,LINK_140740,11139418715,2,0,GGr,r,False,True,False,2
236.5,NODE_9634,10974501473,4,0,GGGGr,r,False,True,False,4
236.5,LINK_194891,11203052965,11,0,GGGGGGGGGGGr,r,False,True,False,11
236.5,NODE_10378,11139418715,2,0,GGr,r,False,True,False,2
236.5,NODE_5681,11139418723,2,0,GGr,r,False,True,False,2
236.5,NODE_10262,11203041635,4,0,GGGGr,r,False,True,False,4
237.0,LINK_249048,5161705573,2,0,GGr,r,False,True,False,2
237.0,NODE_5837,5161705573,2,0,GGr,r,False,True,False,2
237.0,LINK_10218,11139418715,2,0,GGr,r,False,True,False,2
237.0,LINK_140740,11139418715,2,0,GGr,r,False,True,False,2
237.0,NODE_9634,10974501473,4,0,GGGGr,r,False,True,False,4
237.0,LINK_194891,11203052965,11,0,GGGGGGGGGGGr,r,False,True,False,11
237.0,NODE_10378,11139418715,2,0,GGr,r,False,True,False,2
237.0,NODE_5681,11139418723,2,0,GGr,r,False,True,False,2
237.0,NODE_10262,11203041635,4,0,GGGGr,r,False,True,False,4
237.5,LINK_249048,5161705573,2,0,GGr,r,False,True,False,2
237.5,NODE_5837,5161705573,2,0,GGr,r,False,True,False,2
237.5,LINK_10218,11139418715,2,0,GGr,r,False,True,False,2
237.5,LINK_140740,11139418715,2,0,GGr,r,False,True,False,2
237.5,NODE_9634,10974501473,4,0,GGGGr,r,False,True,False,4
237.5,LINK_194891,11203052965,11,0,GGGGGGGGGGGr,r,False,True,False,11
237.5,NODE_10378,11139418715,2,0,GGr,r,False,True,False,2
237.5,NODE_5681,11139418723,2,0,GGr,r,False,True,False,2
237.5,NODE_10262,11203041635,4,0,GGGGr,r,False,True,False,4
238.0,LINK_249048,5161705573,2,0,GGr,r,False,True,False,2
238.0,NODE_5837,5161705573,2,0,GGr,r,False,True,False,2
238.0,LINK_10218,11139418715,2,0,GGr,r,False,True,False,2
238.0,LINK_140740,11139418715,2,0,GGr,r,False,True,False,2
238.0,NODE_9634,10974501473,4,0,GGGGr,r,False,True,False,4
238.0,LINK_194891,11203052965,11,0,GGGGGGGGGGGr,r,False,True,False,11
238.0,NODE_10378,11139418715,2,0,GGr,r,False,True,False,2
238.0,NODE_5681,11139418723,2,0,GGr,r,False,True,False,2
238.0,NODE_10262,11203041635,4,0,GGGGr,r,False,True,False,4
238.5,LINK_249048,5161705573,2,0,GGr,r,False,True,False,2
238.5,NODE_5837,5161705573,2,0,GGr,r,False,True,False,2
238.5,LINK_10218,11139418715,2,0,GGr,r,False,True,False,2
238.5,LINK_140740,11139418715,2,0,GGr,r,False,True,False,2
238.5,NODE_9634,10974501473,4,0,GGGGr,r,False,True,False,4
238.5,LINK_194891,11203052965,11,0,GGGGGGGGGGGr,r,False,True,False,11
238.5,NODE_10378,11139418715,2,0,GGr,r,False,True,False,2
238.5,NODE_5681,11139418723,2,0,GGr,r,False,True,False,2
238.5,NODE_10262,11203041635,4,0,GGGGr,r,False,True,False,4
239.0,LINK_249048,5161705573,2,0,GGr,r,False,True,False,2
239.0,NODE_5837,5161705573,2,0,GGr,r,False,True,False,2
239.0,LINK_10218,11139418715,2,0,GGr,r,False,True,False,2
239.0,LINK_140740,11139418715,2,0,GGr,r,False,True,False,2
239.0,NODE_9634,10974501473,4,0,GGGGr,r,False,True,False,4
239.0,LINK_194891,11203052965,11,0,GGGGGGGGGGGr,r,False,True,False,11
239.0,NODE_10378,11139418715,2,0,GGr,r,False,True,False,2
239.0,NODE_5681,11139418723,2,0,GGr,r,False,True,False,2
239.0,NODE_10262,11203041635,4,0,GGGGr,r,False,True,False,4
239.5,LINK_249048,5161705573,2,0,GGr,r,False,True,False,2
239.5,NODE_5837,5161705573,2,0,GGr,r,False,True,False,2
239.5,LINK_10218,11139418715,2,0,GGr,r,False,True,False,2
239.5,LINK_140740,11139418715,2,0,GGr,r,False,True,False,2
239.5,NODE_9634,10974501473,4,0,GGGGr,r,False,True,False,4
239.5,LINK_194891,11203052965,11,0,GGGGGGGGGGGr,r,False,True,False,11
239.5,NODE_10378,11139418715,2,0,GGr,r,False,True,False,2
239.5,NODE_5681,11139418723,2,0,GGr,r,False,True,False,2
239.5,NODE_10262,11203041635,4,0,GGGGr,r,False,True,False,4
240.0,LINK_249048,5161705573,2,0,GGr,r,False,True,False,2
240.0,NODE_5837,5161705573,2,0,GGr,r,False,True,False,2
240.0,LINK_10218,11139418715,2,0,GGr,r,False,True,False,2
240.0,LINK_140740,11139418715,2,0,GGr,r,False,True,False,2
240.0,NODE_9634,10974501473,4,0,GGGGr,r,False,True,False,4
240.0,LINK_194891,11203052965,11,0,GGGGGGGGGGGr,r,False,True,False,11
240.0,NODE_10378,11139418715,2,0,GGr,r,False,True,False,2
240.0,NODE_5681,11139418723,2,0,GGr,r,False,True,False,2
240.0,NODE_10262,11203041635,4,0,GGGGr,r,False,True,False,4
240.5,LINK_249048,5161705573,2,0,GGr,r,False,True,False,2
240.5,NODE_5837,5161705573,2,0,GGr,r,False,True,False,2
240.5,LINK_10218,11139418715,2,0,GGr,r,False,True,False,2
240.5,LINK_140740,11139418715,2,0,GGr,r,False,True,False,2
240.5,NODE_9634,10974501473,4,0,GGGGr,r,False,True,False,4
240.5,LINK_194891,11203052965,11,0,GGGGGGGGGGGr,r,False,True,False,11
240.5,NODE_10378,11139418715,2,0,GGr,r,False,True,False,2
240.5,NODE_5681,11139418723,2,0,GGr,r,False,True,False,2
240.5,NODE_10262,11203041635,4,0,GGGGr,r,False,True,False,4
241.0,LINK_249048,5161705573,2,0,GGr,r,False,True,False,2
241.0,NODE_5837,5161705573,2,0,GGr,r,False,True,False,2
241.0,LINK_10218,11139418715,2,0,GGr,r,False,True,False,2
241.0,LINK_140740,11139418715,2,0,GGr,r,False,True,False,2
241.0,NODE_9634,10974501473,4,0,GGGGr,r,False,True,False,4
241.0,LINK_194891,11203052965,11,0,GGGGGGGGGGGr,r,False,True,False,11
241.0,NODE_10378,11139418715,2,0,GGr,r,False,True,False,2
241.0,NODE_5681,11139418723,2,0,GGr,r,False,True,False,2
241.0,NODE_10262,11203041635,4,0,GGGGr,r,False,True,False,4
241.5,LINK_249048,5161705573,2,0,GGr,r,False,True,False,2
241.5,NODE_5837,5161705573,2,0,GGr,r,False,True,False,2
241.5,LINK_10218,11139418715,2,0,GGr,r,False,True,False,2
241.5,LINK_140740,11139418715,2,0,GGr,r,False,True,False,2
241.5,NODE_9634,10974501473,4,0,GGGGr,r,False,True,False,4
241.5,LINK_194891,11203052965,11,0,GGGGGGGGGGGr,r,False,True,False,11
241.5,NODE_10378,11139418715,2,0,GGr,r,False,True,False,2
241.5,NODE_5681,11139418723,2,0,GGr,r,False,True,False,2
241.5,NODE_10262,11203041635,4,0,GGGGr,r,False,True,False,4
242.0,LINK_249048,5161705573,2,0,GGr,r,False,True,False,2
242.0,NODE_5837,5161705573,2,0,GGr,r,False,True,False,2
242.0,LINK_10218,11139418715,2,0,GGr,r,False,True,False,2
242.0,LINK_140740,11139418715,2,0,GGr,r,False,True,False,2
242.0,NODE_9634,10974501473,4,0,GGGGr,r,False,True,False,4
242.0,LINK_194891,11203052965,11,0,GGGGGGGGGGGr,r,False,True,False,11
242.0,NODE_10378,11139418715,2,0,GGr,r,False,True,False,2
242.0,NODE_5681,11139418723,2,0,GGr,r,False,True,False,2
242.0,NODE_10262,11203041635,4,0,GGGGr,r,False,True,False,4
242.5,LINK_249048,5161705573,2,0,GGr,r,False,True,False,2
242.5,NODE_5837,5161705573,2,0,GGr,r,False,True,False,2
242.5,LINK_10218,11139418715,2,0,GGr,r,False,True,False,2
242.5,LINK_140740,11139418715,2,0,GGr,r,False,True,False,2
242.5,NODE_9634,10974501473,4,0,GGGGr,r,False,True,False,4
242.5,LINK_194891,11203052965,11,0,GGGGGGGGGGGr,r,False,True,False,11
242.5,NODE_10378,11139418715,2,0,GGr,r,False,True,False,2
242.5,NODE_5681,11139418723,2,0,GGr,r,False,True,False,2
242.5,NODE_10262,11203041635,4,0,GGGGr,r,False,True,False,4
243.0,LINK_249048,5161705573,2,0,GGr,r,False,True,False,2
243.0,NODE_5837,5161705573,2,0,GGr,r,False,True,False,2
243.0,LINK_10218,11139418715,2,0,GGr,r,False,True,False,2
243.0,LINK_140740,11139418715,2,0,GGr,r,False,True,False,2
243.0,NODE_9634,10974501473,4,0,GGGGr,r,False,True,False,4
243.0,LINK_194891,11203052965,11,0,GGGGGGGGGGGr,r,False,True,False,11
243.0,NODE_10378,11139418715,2,0,GGr,r,False,True,False,2
243.0,NODE_5681,11139418723,2,0,GGr,r,False,True,False,2
243.0,NODE_10262,11203041635,4,0,GGGGr,r,False,True,False,4
243.5,LINK_249048,5161705573,2,0,GGr,r,False,True,False,2
243.5,NODE_5837,5161705573,2,0,GGr,r,False,True,False,2
243.5,LINK_10218,11139418715,2,0,GGr,r,False,True,False,2
243.5,LINK_140740,11139418715,2,0,GGr,r,False,True,False,2
243.5,NODE_9634,10974501473,4,0,GGGGr,r,False,True,False,4
243.5,LINK_194891,11203052965,11,0,GGGGGGGGGGGr,r,False,True,False,11
243.5,NODE_10378,11139418715,2,0,GGr,r,False,True,False,2
243.5,NODE_5681,11139418723,2,0,GGr,r,False,True,False,2
243.5,NODE_10262,11203041635,4,0,GGGGr,r,False,True,False,4
244.0,LINK_249048,5161705573,2,0,GGr,r,False,True,False,2
244.0,NODE_5837,5161705573,2,0,GGr,r,False,True,False,2
244.0,LINK_10218,11139418715,2,0,GGr,r,False,True,False,2
244.0,LINK_140740,11139418715,2,0,GGr,r,False,True,False,2
244.0,NODE_9634,10974501473,4,0,GGGGr,r,False,True,False,4
244.0,LINK_194891,11203052965,11,0,GGGGGGGGGGGr,r,False,True,False,11
244.0,NODE_10378,11139418715,2,0,GGr,r,False,True,False,2
244.0,NODE_5681,11139418723,2,0,GGr,r,False,True,False,2
244.0,NODE_10262,11203041635,4,0,GGGGr,r,False,True,False,4
244.5,LINK_249048,5161705573,2,0,GGr,r,False,True,False,2
244.5,NODE_5837,5161705573,2,0,GGr,r,False,True,False,2
244.5,LINK_10218,11139418715,2,0,GGr,r,False,True,False,2
244.5,LINK_140740,11139418715,2,0,GGr,r,False,True,False,2
244.5,NODE_9634,10974501473,4,0,GGGGr,r,False,True,False,4
244.5,LINK_194891,11203052965,11,0,GGGGGGGGGGGr,r,False,True,False,11
244.5,NODE_10378,11139418715,2,0,GGr,r,False,True,False,2
244.5,NODE_5681,11139418723,2,0,GGr,r,False,True,False,2
244.5,NODE_10262,11203041635,4,0,GGGGr,r,False,True,False,4
245.0,LINK_249048,5161705573,2,0,GGr,r,False,True,False,2
245.0,NODE_5837,5161705573,2,0,GGr,r,False,True,False,2
245.0,LINK_10218,11139418715,2,0,GGr,r,False,True,False,2
245.0,LINK_140740,11139418715,2,0,GGr,r,False,True,False,2
245.0,NODE_9634,10974501473,4,0,GGGGr,r,False,True,False,4
245.0,LINK_194891,11203052965,11,0,GGGGGGGGGGGr,r,False,True,False,11
245.0,NODE_10378,11139418715,2,0,GGr,r,False,True,False,2
245.0,NODE_5681,11139418723,2,0,GGr,r,False,True,False,2
245.0,NODE_10262,11203041635,4,0,GGGGr,r,False,True,False,4
245.5,LINK_249048,5161705573,2,0,GGr,r,False,True,False,2
245.5,NODE_5837,5161705573,2,0,GGr,r,False,True,False,2
245.5,LINK_10218,11139418715,2,0,GGr,r,False,True,False,2
245.5,LINK_140740,11139418715,2,0,GGr,r,False,True,False,2
245.5,NODE_9634,10974501473,4,0,GGGGr,r,False,True,False,4
245.5,LINK_194891,11203052965,11,0,GGGGGGGGGGGr,r,False,True,False,11
245.5,NODE_10378,11139418715,2,0,GGr,r,False,True,False,2
245.5,NODE_5681,11139418723,2,0,GGr,r,False,True,False,2
245.5,NODE_10262,11203041635,4,0,GGGGr,r,False,True,False,4
246.0,LINK_249048,5161705573,2,0,GGr,r,False,True,False,2
246.0,NODE_5837,5161705573,2,0,GGr,r,False,True,False,2
246.0,LINK_10218,11139418715,2,0,GGr,r,False,True,False,2
246.0,LINK_140740,11139418715,2,0,GGr,r,False,True,False,2
246.0,NODE_9634,10974501473,4,0,GGGGr,r,False,True,False,4
246.0,LINK_194891,11203052965,11,0,GGGGGGGGGGGr,r,False,True,False,11
246.0,NODE_10378,11139418715,2,0,GGr,r,False,True,False,2
246.0,NODE_5681,11139418723,2,0,GGr,r,False,True,False,2
246.0,NODE_10262,11203041635,4,0,GGGGr,r,False,True,False,4
246.5,LINK_249048,5161705573,2,0,GGr,r,False,True,False,2
246.5,NODE_5837,5161705573,2,0,GGr,r,False,True,False,2
246.5,LINK_10218,11139418715,2,0,GGr,r,False,True,False,2
246.5,LINK_140740,11139418715,2,0,GGr,r,False,True,False,2
246.5,NODE_9634,10974501473,4,0,GGGGr,r,False,True,False,4
246.5,LINK_194891,11203052965,11,0,GGGGGGGGGGGr,r,False,True,False,11
246.5,NODE_10378,11139418715,2,0,GGr,r,False,True,False,2
246.5,NODE_5681,11139418723,2,0,GGr,r,False,True,False,2
246.5,NODE_10262,11203041635,4,0,GGGGr,r,False,True,False,4
247.0,LINK_249048,5161705573,2,0,GGr,r,False,True,False,2
247.0,NODE_5837,5161705573,2,0,GGr,r,False,True,False,2
247.0,LINK_10218,11139418715,2,0,GGr,r,False,True,False,2
247.0,LINK_140740,11139418715,2,0,GGr,r,False,True,False,2
247.0,NODE_9634,10974501473,4,0,GGGGr,r,False,True,False,4
247.0,LINK_194891,11203052965,11,0,GGGGGGGGGGGr,r,False,True,False,11
247.0,NODE_10378,11139418715,2,0,GGr,r,False,True,False,2
247.0,NODE_5681,11139418723,2,0,GGr,r,False,True,False,2
247.0,NODE_10262,11203041635,4,0,GGGGr,r,False,True,False,4
247.5,LINK_249048,5161705573,2,0,GGr,r,False,True,False,2
247.5,NODE_5837,5161705573,2,0,GGr,r,False,True,False,2
247.5,LINK_10218,11139418715,2,0,GGr,r,False,True,False,2
247.5,LINK_140740,11139418715,2,0,GGr,r,False,True,False,2
247.5,NODE_9634,10974501473,4,0,GGGGr,r,False,True,False,4
247.5,LINK_194891,11203052965,11,0,GGGGGGGGGGGr,r,False,True,False,11
247.5,NODE_10378,11139418715,2,0,GGr,r,False,True,False,2
247.5,NODE_5681,11139418723,2,0,GGr,r,False,True,False,2
247.5,NODE_10262,11203041635,4,0,GGGGr,r,False,True,False,4
248.0,LINK_249048,5161705573,2,0,GGr,r,False,True,False,2
248.0,NODE_5837,5161705573,2,0,GGr,r,False,True,False,2
248.0,LINK_10218,11139418715,2,0,GGr,r,False,True,False,2
248.0,LINK_140740,11139418715,2,0,GGr,r,False,True,False,2
248.0,NODE_9634,10974501473,4,0,GGGGr,r,False,True,False,4
248.0,LINK_194891,11203052965,11,0,GGGGGGGGGGGr,r,False,True,False,11
248.0,NODE_10378,11139418715,2,0,GGr,r,False,True,False,2
248.0,NODE_5681,11139418723,2,0,GGr,r,False,True,False,2
248.0,NODE_10262,11203041635,4,0,GGGGr,r,False,True,False,4
248.5,LINK_249048,5161705573,2,0,GGr,r,False,True,False,2
248.5,NODE_5837,5161705573,2,0,GGr,r,False,True,False,2
248.5,LINK_10218,11139418715,2,0,GGr,r,False,True,False,2
248.5,LINK_140740,11139418715,2,0,GGr,r,False,True,False,2
248.5,NODE_9634,10974501473,4,0,GGGGr,r,False,True,False,4
248.5,LINK_194891,11203052965,11,0,GGGGGGGGGGGr,r,False,True,False,11
248.5,NODE_10378,11139418715,2,0,GGr,r,False,True,False,2
248.5,NODE_5681,11139418723,2,0,GGr,r,False,True,False,2
248.5,NODE_10262,11203041635,4,0,GGGGr,r,False,True,False,4
249.0,LINK_249048,5161705573,2,0,GGr,r,False,True,False,2
249.0,NODE_5837,5161705573,2,0,GGr,r,False,True,False,2
249.0,LINK_10218,11139418715,2,0,GGr,r,False,True,False,2
249.0,LINK_140740,11139418715,2,0,GGr,r,False,True,False,2
249.0,NODE_9634,10974501473,4,0,GGGGr,r,False,True,False,4
249.0,LINK_194891,11203052965,11,0,GGGGGGGGGGGr,r,False,True,False,11
249.0,NODE_10378,11139418715,2,0,GGr,r,False,True,False,2
249.0,NODE_5681,11139418723,2,0,GGr,r,False,True,False,2
249.0,NODE_10262,11203041635,4,0,GGGGr,r,False,True,False,4
249.5,LINK_249048,5161705573,2,0,GGr,r,False,True,False,2
249.5,NODE_5837,5161705573,2,0,GGr,r,False,True,False,2
249.5,LINK_10218,11139418715,2,0,GGr,r,False,True,False,2
249.5,LINK_140740,11139418715,2,0,GGr,r,False,True,False,2
249.5,NODE_9634,10974501473,4,0,GGGGr,r,False,True,False,4
249.5,LINK_194891,11203052965,11,0,GGGGGGGGGGGr,r,False,True,False,11
249.5,NODE_10378,11139418715,2,0,GGr,r,False,True,False,2
249.5,NODE_5681,11139418723,2,0,GGr,r,False,True,False,2
249.5,NODE_10262,11203041635,4,0,GGGGr,r,False,True,False,4
250.0,LINK_249048,5161705573,2,0,GGr,r,False,True,False,2
250.0,NODE_5837,5161705573,2,0,GGr,r,False,True,False,2
250.0,LINK_10218,11139418715,2,0,GGr,r,False,True,False,2
250.0,LINK_140740,11139418715,2,0,GGr,r,False,True,False,2
250.0,NODE_9634,10974501473,4,0,GGGGr,r,False,True,False,4
250.0,LINK_194891,11203052965,11,0,GGGGGGGGGGGr,r,False,True,False,11
250.0,NODE_10378,11139418715,2,0,GGr,r,False,True,False,2
250.0,NODE_5681,11139418723,2,0,GGr,r,False,True,False,2
250.0,NODE_10262,11203041635,4,0,GGGGr,r,False,True,False,4
250.5,LINK_249048,5161705573,2,0,GGr,r,False,True,False,2
250.5,NODE_5837,5161705573,2,0,GGr,r,False,True,False,2
250.5,LINK_10218,11139418715,2,0,GGr,r,False,True,False,2
250.5,LINK_140740,11139418715,2,0,GGr,r,False,True,False,2
250.5,NODE_9634,10974501473,4,0,GGGGr,r,False,True,False,4
250.5,LINK_194891,11203052965,11,0,GGGGGGGGGGGr,r,False,True,False,11
250.5,NODE_10378,11139418715,2,0,GGr,r,False,True,False,2
250.5,NODE_5681,11139418723,2,0,GGr,r,False,True,False,2
250.5,NODE_10262,11203041635,4,0,GGGGr,r,False,True,False,4
251.0,LINK_249048,5161705573,2,0,GGr,r,False,True,False,2
251.0,NODE_5837,5161705573,2,0,GGr,r,False,True,False,2
251.0,LINK_10218,11139418715,2,0,GGr,r,False,True,False,2
251.0,LINK_140740,11139418715,2,0,GGr,r,False,True,False,2
251.0,NODE_9634,10974501473,4,0,GGGGr,r,False,True,False,4
251.0,LINK_194891,11203052965,11,0,GGGGGGGGGGGr,r,False,True,False,11
251.0,NODE_10378,11139418715,2,0,GGr,r,False,True,False,2
251.0,NODE_5681,11139418723,2,0,GGr,r,False,True,False,2
251.0,NODE_10262,11203041635,4,0,GGGGr,r,False,True,False,4
251.5,LINK_249048,5161705573,2,0,GGr,r,False,True,False,2
251.5,NODE_5837,5161705573,2,0,GGr,r,False,True,False,2
251.5,LINK_10218,11139418715,2,0,GGr,r,False,True,False,2
251.5,LINK_140740,11139418715,2,0,GGr,r,False,True,False,2
251.5,NODE_9634,10974501473,4,0,GGGGr,r,False,True,False,4
251.5,LINK_194891,11203052965,11,0,GGGGGGGGGGGr,r,False,True,False,11
251.5,NODE_10378,11139418715,2,0,GGr,r,False,True,False,2
251.5,NODE_5681,11139418723,2,0,GGr,r,False,True,False,2
251.5,NODE_10262,11203041635,4,0,GGGGr,r,False,True,False,4
252.0,LINK_249048,5161705573,2,0,GGr,r,False,True,False,2
252.0,NODE_5837,5161705573,2,0,GGr,r,False,True,False,2
252.0,LINK_10218,11139418715,2,0,GGr,r,False,True,False,2
252.0,LINK_140740,11139418715,2,0,GGr,r,False,True,False,2
252.0,NODE_9634,10974501473,4,0,GGGGr,r,False,True,False,4
252.0,LINK_194891,11203052965,11,0,GGGGGGGGGGGr,r,False,True,False,11
252.0,NODE_10378,11139418715,2,0,GGr,r,False,True,False,2
252.0,NODE_5681,11139418723,2,0,GGr,r,False,True,False,2
252.0,NODE_10262,11203041635,4,0,GGGGr,r,False,True,False,4
252.5,LINK_249048,5161705573,2,0,GGr,r,False,True,False,2
252.5,NODE_5837,5161705573,2,0,GGr,r,False,True,False,2
252.5,LINK_10218,11139418715,2,0,GGr,r,False,True,False,2
252.5,LINK_140740,11139418715,2,0,GGr,r,False,True,False,2
252.5,NODE_9634,10974501473,4,0,GGGGr,r,False,True,False,4
252.5,LINK_194891,11203052965,11,0,GGGGGGGGGGGr,r,False,True,False,11
252.5,NODE_10378,11139418715,2,0,GGr,r,False,True,False,2
252.5,NODE_5681,11139418723,2,0,GGr,r,False,True,False,2
252.5,NODE_10262,11203041635,4,0,GGGGr,r,False,True,False,4
253.0,LINK_249048,5161705573,2,0,GGr,r,False,True,False,2
253.0,NODE_5837,5161705573,2,0,GGr,r,False,True,False,2
253.0,LINK_10218,11139418715,2,0,GGr,r,False,True,False,2
253.0,LINK_140740,11139418715,2,0,GGr,r,False,True,False,2
253.0,NODE_9634,10974501473,4,0,GGGGr,r,False,True,False,4
253.0,LINK_194891,11203052965,11,0,GGGGGGGGGGGr,r,False,True,False,11
253.0,NODE_10378,11139418715,2,0,GGr,r,False,True,False,2
253.0,NODE_5681,11139418723,2,0,GGr,r,False,True,False,2
253.0,NODE_10262,11203041635,4,0,GGGGr,r,False,True,False,4
253.5,LINK_249048,5161705573,2,0,GGr,r,False,True,False,2
253.5,NODE_5837,5161705573,2,0,GGr,r,False,True,False,2
253.5,LINK_10218,11139418715,2,0,GGr,r,False,True,False,2
253.5,LINK_140740,11139418715,2,0,GGr,r,False,True,False,2
253.5,NODE_9634,10974501473,4,0,GGGGr,r,False,True,False,4
253.5,LINK_194891,11203052965,11,0,GGGGGGGGGGGr,r,False,True,False,11
253.5,NODE_10378,11139418715,2,0,GGr,r,False,True,False,2
253.5,NODE_5681,11139418723,2,0,GGr,r,False,True,False,2
253.5,NODE_10262,11203041635,4,0,GGGGr,r,False,True,False,4
254.0,LINK_249048,5161705573,2,0,GGr,r,False,True,False,2
254.0,NODE_5837,5161705573,2,0,GGr,r,False,True,False,2
254.0,LINK_10218,11139418715,2,0,GGr,r,False,True,False,2
254.0,LINK_140740,11139418715,2,0,GGr,r,False,True,False,2
254.0,NODE_9634,10974501473,4,0,GGGGr,r,False,True,False,4
254.0,LINK_194891,11203052965,11,0,GGGGGGGGGGGr,r,False,True,False,11
254.0,NODE_10378,11139418715,2,0,GGr,r,False,True,False,2
254.0,NODE_5681,11139418723,2,0,GGr,r,False,True,False,2
254.0,NODE_10262,11203041635,4,0,GGGGr,r,False,True,False,4
254.5,LINK_249048,5161705573,2,0,GGr,r,False,True,False,2
254.5,NODE_5837,5161705573,2,0,GGr,r,False,True,False,2
254.5,LINK_10218,11139418715,2,0,GGr,r,False,True,False,2
254.5,LINK_140740,11139418715,2,0,GGr,r,False,True,False,2
254.5,NODE_9634,10974501473,4,0,GGGGr,r,False,True,False,4
254.5,LINK_194891,11203052965,11,0,GGGGGGGGGGGr,r,False,True,False,11
254.5,NODE_10378,11139418715,2,0,GGr,r,False,True,False,2
254.5,NODE_5681,11139418723,2,0,GGr,r,False,True,False,2
254.5,NODE_10262,11203041635,4,0,GGGGr,r,False,True,False,4
255.0,LINK_249048,5161705573,2,0,GGr,r,False,True,False,2
255.0,NODE_5837,5161705573,2,0,GGr,r,False,True,False,2
255.0,LINK_10218,11139418715,2,0,GGr,r,False,True,False,2
255.0,LINK_140740,11139418715,2,0,GGr,r,False,True,False,2
255.0,NODE_9634,10974501473,4,0,GGGGr,r,False,True,False,4
255.0,LINK_194891,11203052965,11,0,GGGGGGGGGGGr,r,False,True,False,11
255.0,NODE_10378,11139418715,2,0,GGr,r,False,True,False,2
255.0,NODE_5681,11139418723,2,0,GGr,r,False,True,False,2
255.0,NODE_10262,11203041635,4,0,GGGGr,r,False,True,False,4
255.5,LINK_249048,5161705573,2,0,GGr,r,False,True,False,2
255.5,NODE_5837,5161705573,2,0,GGr,r,False,True,False,2
255.5,LINK_10218,11139418715,2,0,GGr,r,False,True,False,2
255.5,LINK_140740,11139418715,2,0,GGr,r,False,True,False,2
255.5,NODE_9634,10974501473,4,0,GGGGr,r,False,True,False,4
255.5,LINK_194891,11203052965,11,0,GGGGGGGGGGGr,r,False,True,False,11
255.5,NODE_10378,11139418715,2,0,GGr,r,False,True,False,2
255.5,NODE_5681,11139418723,2,0,GGr,r,False,True,False,2
255.5,NODE_10262,11203041635,4,0,GGGGr,r,False,True,False,4
256.0,LINK_249048,5161705573,2,0,GGr,r,False,True,False,2
256.0,NODE_5837,5161705573,2,0,GGr,r,False,True,False,2
256.0,LINK_10218,11139418715,2,0,GGr,r,False,True,False,2
256.0,LINK_140740,11139418715,2,0,GGr,r,False,True,False,2
256.0,NODE_9634,10974501473,4,0,GGGGr,r,False,True,False,4
256.0,LINK_194891,11203052965,11,0,GGGGGGGGGGGr,r,False,True,False,11
256.0,NODE_10378,11139418715,2,0,GGr,r,False,True,False,2
256.0,NODE_5681,11139418723,2,0,GGr,r,False,True,False,2
256.0,NODE_10262,11203041635,4,0,GGGGr,r,False,True,False,4
256.5,LINK_249048,5161705573,2,0,GGr,r,False,True,False,2
256.5,NODE_5837,5161705573,2,0,GGr,r,False,True,False,2
256.5,LINK_10218,11139418715,2,0,GGr,r,False,True,False,2
256.5,LINK_140740,11139418715,2,0,GGr,r,False,True,False,2
256.5,NODE_9634,10974501473,4,0,GGGGr,r,False,True,False,4
256.5,LINK_194891,11203052965,11,0,GGGGGGGGGGGr,r,False,True,False,11
256.5,NODE_10378,11139418715,2,0,GGr,r,False,True,False,2
256.5,NODE_5681,11139418723,2,0,GGr,r,False,True,False,2
256.5,NODE_10262,11203041635,4,0,GGGGr,r,False,True,False,4
257.0,LINK_249048,5161705573,2,0,GGr,r,False,True,False,2
257.0,NODE_5837,5161705573,2,0,GGr,r,False,True,False,2
257.0,LINK_10218,11139418715,2,0,GGr,r,False,True,False,2
257.0,LINK_140740,11139418715,2,0,GGr,r,False,True,False,2
257.0,NODE_9634,10974501473,4,0,GGGGr,r,False,True,False,4
257.0,LINK_194891,11203052965,11,0,GGGGGGGGGGGr,r,False,True,False,11
257.0,NODE_10378,11139418715,2,0,GGr,r,False,True,False,2
257.0,NODE_5681,11139418723,2,0,GGr,r,False,True,False,2
257.0,NODE_10262,11203041635,4,0,GGGGr,r,False,True,False,4
257.5,LINK_249048,5161705573,2,0,GGr,r,False,True,False,2
257.5,NODE_5837,5161705573,2,0,GGr,r,False,True,False,2
257.5,LINK_10218,11139418715,2,0,GGr,r,False,True,False,2
257.5,LINK_140740,11139418715,2,0,GGr,r,False,True,False,2
257.5,NODE_9634,10974501473,4,0,GGGGr,r,False,True,False,4
257.5,LINK_194891,11203052965,11,0,GGGGGGGGGGGr,r,False,True,False,11
257.5,NODE_10378,11139418715,2,0,GGr,r,False,True,False,2
257.5,NODE_5681,11139418723,2,0,GGr,r,False,True,False,2
257.5,NODE_10262,11203041635,4,0,GGGGr,r,False,True,False,4
258.0,LINK_249048,5161705573,2,0,GGr,r,False,True,False,2
258.0,NODE_5837,5161705573,2,0,GGr,r,False,True,False,2
258.0,LINK_10218,11139418715,2,0,GGr,r,False,True,False,2
258.0,LINK_140740,11139418715,2,0,GGr,r,False,True,False,2
258.0,NODE_9634,10974501473,4,0,GGGGr,r,False,True,False,4
258.0,LINK_194891,11203052965,11,0,GGGGGGGGGGGr,r,False,True,False,11
258.0,NODE_10378,11139418715,2,0,GGr,r,False,True,False,2
258.0,NODE_5681,11139418723,2,0,GGr,r,False,True,False,2
258.0,NODE_10262,11203041635,4,0,GGGGr,r,False,True,False,4
258.5,LINK_249048,5161705573,2,0,GGr,r,False,True,False,2
258.5,NODE_5837,5161705573,2,0,GGr,r,False,True,False,2
258.5,LINK_10218,11139418715,2,0,GGr,r,False,True,False,2
258.5,LINK_140740,11139418715,2,0,GGr,r,False,True,False,2
258.5,NODE_9634,10974501473,4,0,GGGGr,r,False,True,False,4
258.5,LINK_194891,11203052965,11,0,GGGGGGGGGGGr,r,False,True,False,11
258.5,NODE_10378,11139418715,2,0,GGr,r,False,True,False,2
258.5,NODE_5681,11139418723,2,0,GGr,r,False,True,False,2
258.5,NODE_10262,11203041635,4,0,GGGGr,r,False,True,False,4
259.0,LINK_249048,5161705573,2,0,GGr,r,False,True,False,2
259.0,NODE_5837,5161705573,2,0,GGr,r,False,True,False,2
259.0,LINK_10218,11139418715,2,0,GGr,r,False,True,False,2
259.0,LINK_140740,11139418715,2,0,GGr,r,False,True,False,2
259.0,NODE_9634,10974501473,4,0,GGGGr,r,False,True,False,4
259.0,LINK_194891,11203052965,11,0,GGGGGGGGGGGr,r,False,True,False,11
259.0,NODE_10378,11139418715,2,0,GGr,r,False,True,False,2
259.0,NODE_5681,11139418723,2,0,GGr,r,False,True,False,2
259.0,NODE_10262,11203041635,4,0,GGGGr,r,False,True,False,4
259.5,LINK_249048,5161705573,2,0,GGr,r,False,True,False,2
259.5,NODE_5837,5161705573,2,0,GGr,r,False,True,False,2
259.5,LINK_10218,11139418715,2,0,GGr,r,False,True,False,2
259.5,LINK_140740,11139418715,2,0,GGr,r,False,True,False,2
259.5,NODE_9634,10974501473,4,0,GGGGr,r,False,True,False,4
259.5,LINK_194891,11203052965,11,0,GGGGGGGGGGGr,r,False,True,False,11
259.5,NODE_10378,11139418715,2,0,GGr,r,False,True,False,2
259.5,NODE_5681,11139418723,2,0,GGr,r,False,True,False,2
259.5,NODE_10262,11203041635,4,0,GGGGr,r,False,True,False,4
260.0,LINK_249048,5161705573,2,0,GGr,r,False,True,False,2
260.0,NODE_5837,5161705573,2,0,GGr,r,False,True,False,2
260.0,LINK_10218,11139418715,2,0,GGr,r,False,True,False,2
260.0,LINK_140740,11139418715,2,0,GGr,r,False,True,False,2
260.0,NODE_9634,10974501473,4,0,GGGGr,r,False,True,False,4
260.0,LINK_194891,11203052965,11,0,GGGGGGGGGGGr,r,False,True,False,11
260.0,NODE_10378,11139418715,2,0,GGr,r,False,True,False,2
260.0,NODE_5681,11139418723,2,0,GGr,r,False,True,False,2
260.0,NODE_10262,11203041635,4,0,GGGGr,r,False,True,False,4
260.5,LINK_249048,5161705573,2,0,GGr,r,False,True,False,2
260.5,NODE_5837,5161705573,2,0,GGr,r,False,True,False,2
260.5,LINK_10218,11139418715,2,0,GGr,r,False,True,False,2
260.5,LINK_140740,11139418715,2,0,GGr,r,False,True,False,2
260.5,NODE_9634,10974501473,4,0,GGGGr,r,False,True,False,4
260.5,LINK_194891,11203052965,11,0,GGGGGGGGGGGr,r,False,True,False,11
260.5,NODE_10378,11139418715,2,0,GGr,r,False,True,False,2
260.5,NODE_5681,11139418723,2,0,GGr,r,False,True,False,2
260.5,NODE_10262,11203041635,4,0,GGGGr,r,False,True,False,4
261.0,LINK_249048,5161705573,2,0,GGr,r,False,True,False,2
261.0,NODE_5837,5161705573,2,0,GGr,r,False,True,False,2
261.0,LINK_10218,11139418715,2,0,GGr,r,False,True,False,2
261.0,LINK_140740,11139418715,2,0,GGr,r,False,True,False,2
261.0,NODE_9634,10974501473,4,0,GGGGr,r,False,True,False,4
261.0,LINK_194891,11203052965,11,0,GGGGGGGGGGGr,r,False,True,False,11
261.0,NODE_10378,11139418715,2,0,GGr,r,False,True,False,2
261.0,NODE_5681,11139418723,2,0,GGr,r,False,True,False,2
261.0,NODE_10262,11203041635,4,0,GGGGr,r,False,True,False,4
261.5,LINK_249048,5161705573,2,0,GGr,r,False,True,False,2
261.5,NODE_5837,5161705573,2,0,GGr,r,False,True,False,2
261.5,LINK_10218,11139418715,2,0,GGr,r,False,True,False,2
261.5,LINK_140740,11139418715,2,0,GGr,r,False,True,False,2
261.5,NODE_9634,10974501473,4,0,GGGGr,r,False,True,False,4
261.5,LINK_194891,11203052965,11,0,GGGGGGGGGGGr,r,False,True,False,11
261.5,NODE_10378,11139418715,2,0,GGr,r,False,True,False,2
261.5,NODE_5681,11139418723,2,0,GGr,r,False,True,False,2
261.5,NODE_10262,11203041635,4,0,GGGGr,r,False,True,False,4
262.0,LINK_249048,5161705573,2,0,GGr,r,False,True,False,2
262.0,NODE_5837,5161705573,2,0,GGr,r,False,True,False,2
262.0,LINK_10218,11139418715,2,0,GGr,r,False,True,False,2
262.0,LINK_140740,11139418715,2,0,GGr,r,False,True,False,2
262.0,NODE_9634,10974501473,4,0,GGGGr,r,False,True,False,4
262.0,LINK_194891,11203052965,11,0,GGGGGGGGGGGr,r,False,True,False,11
262.0,NODE_10378,11139418715,2,0,GGr,r,False,True,False,2
262.0,NODE_5681,11139418723,2,0,GGr,r,False,True,False,2
262.0,NODE_10262,11203041635,4,0,GGGGr,r,False,True,False,4
262.5,LINK_249048,5161705573,2,0,GGr,r,False,True,False,2
262.5,NODE_5837,5161705573,2,0,GGr,r,False,True,False,2
262.5,LINK_10218,11139418715,2,0,GGr,r,False,True,False,2
262.5,LINK_140740,11139418715,2,0,GGr,r,False,True,False,2
262.5,NODE_9634,10974501473,4,0,GGGGr,r,False,True,False,4
262.5,LINK_194891,11203052965,11,0,GGGGGGGGGGGr,r,False,True,False,11
262.5,NODE_10378,11139418715,2,0,GGr,r,False,True,False,2
262.5,NODE_5681,11139418723,2,0,GGr,r,False,True,False,2
262.5,NODE_10262,11203041635,4,0,GGGGr,r,False,True,False,4
263.0,LINK_249048,5161705573,2,0,GGr,r,False,True,False,2
263.0,NODE_5837,5161705573,2,0,GGr,r,False,True,False,2
263.0,LINK_10218,11139418715,2,0,GGr,r,False,True,False,2
263.0,LINK_140740,11139418715,2,0,GGr,r,False,True,False,2
263.0,NODE_9634,10974501473,4,0,GGGGr,r,False,True,False,4
263.0,LINK_194891,11203052965,11,0,GGGGGGGGGGGr,r,False,True,False,11
263.0,NODE_10378,11139418715,2,0,GGr,r,False,True,False,2
263.0,NODE_5681,11139418723,2,0,GGr,r,False,True,False,2
263.0,NODE_10262,11203041635,4,0,GGGGr,r,False,True,False,4
263.5,LINK_249048,5161705573,2,0,GGr,r,False,True,False,2
263.5,NODE_5837,5161705573,2,0,GGr,r,False,True,False,2
263.5,LINK_10218,11139418715,2,0,GGr,r,False,True,False,2
263.5,LINK_140740,11139418715,2,0,GGr,r,False,True,False,2
263.5,NODE_9634,10974501473,4,0,GGGGr,r,False,True,False,4
263.5,LINK_194891,11203052965,11,0,GGGGGGGGGGGr,r,False,True,False,11
263.5,NODE_10378,11139418715,2,0,GGr,r,False,True,False,2
263.5,NODE_5681,11139418723,2,0,GGr,r,False,True,False,2
263.5,NODE_10262,11203041635,4,0,GGGGr,r,False,True,False,4
264.0,LINK_249048,5161705573,2,0,GGr,r,False,True,False,2
264.0,NODE_5837,5161705573,2,0,GGr,r,False,True,False,2
264.0,LINK_10218,11139418715,2,0,GGr,r,False,True,False,2
264.0,LINK_140740,11139418715,2,0,GGr,r,False,True,False,2
264.0,NODE_9634,10974501473,4,0,GGGGr,r,False,True,False,4
264.0,LINK_194891,11203052965,11,0,GGGGGGGGGGGr,r,False,True,False,11
264.0,NODE_10378,11139418715,2,0,GGr,r,False,True,False,2
264.0,NODE_5681,11139418723,2,0,GGr,r,False,True,False,2
264.0,NODE_10262,11203041635,4,0,GGGGr,r,False,True,False,4
264.5,LINK_249048,5161705573,2,0,GGr,r,False,True,False,2
264.5,NODE_5837,5161705573,2,0,GGr,r,False,True,False,2
264.5,LINK_10218,11139418715,2,0,GGr,r,False,True,False,2
264.5,LINK_140740,11139418715,2,0,GGr,r,False,True,False,2
264.5,NODE_9634,10974501473,4,0,GGGGr,r,False,True,False,4
264.5,LINK_194891,11203052965,11,0,GGGGGGGGGGGr,r,False,True,False,11
264.5,NODE_10378,11139418715,2,0,GGr,r,False,True,False,2
264.5,NODE_5681,11139418723,2,0,GGr,r,False,True,False,2
264.5,NODE_10262,11203041635,4,0,GGGGr,r,False,True,False,4
265.0,LINK_249048,5161705573,2,0,GGr,r,False,True,False,2
265.0,NODE_5837,5161705573,2,0,GGr,r,False,True,False,2
265.0,LINK_10218,11139418715,2,0,GGr,r,False,True,False,2
265.0,LINK_140740,11139418715,2,0,GGr,r,False,True,False,2
265.0,NODE_9634,10974501473,4,0,GGGGr,r,False,True,False,4
265.0,LINK_194891,11203052965,11,0,GGGGGGGGGGGr,r,False,True,False,11
265.0,NODE_10378,11139418715,2,0,GGr,r,False,True,False,2
265.0,NODE_5681,11139418723,2,0,GGr,r,False,True,False,2
265.0,NODE_10262,11203041635,4,0,GGGGr,r,False,True,False,4
265.5,LINK_249048,5161705573,2,0,GGr,r,False,True,False,2
265.5,NODE_5837,5161705573,2,0,GGr,r,False,True,False,2
265.5,LINK_10218,11139418715,2,0,GGr,r,False,True,False,2
265.5,LINK_140740,11139418715,2,0,GGr,r,False,True,False,2
265.5,NODE_9634,10974501473,4,0,GGGGr,r,False,True,False,4
265.5,LINK_194891,11203052965,11,0,GGGGGGGGGGGr,r,False,True,False,11
265.5,NODE_10378,11139418715,2,0,GGr,r,False,True,False,2
265.5,NODE_5681,11139418723,2,0,GGr,r,False,True,False,2
265.5,NODE_10262,11203041635,4,0,GGGGr,r,False,True,False,4
266.0,LINK_249048,5161705573,2,0,GGr,r,False,True,False,2
266.0,NODE_5837,5161705573,2,0,GGr,r,False,True,False,2
266.0,LINK_10218,11139418715,2,0,GGr,r,False,True,False,2
266.0,LINK_140740,11139418715,2,0,GGr,r,False,True,False,2
266.0,NODE_9634,10974501473,4,0,GGGGr,r,False,True,False,4
266.0,LINK_194891,11203052965,11,0,GGGGGGGGGGGr,r,False,True,False,11
266.0,NODE_10378,11139418715,2,0,GGr,r,False,True,False,2
266.0,NODE_5681,11139418723,2,0,GGr,r,False,True,False,2
266.0,NODE_10262,11203041635,4,0,GGGGr,r,False,True,False,4
266.5,LINK_249048,5161705573,2,0,GGr,r,False,True,False,2
266.5,NODE_5837,5161705573,2,0,GGr,r,False,True,False,2
266.5,LINK_10218,11139418715,2,0,GGr,r,False,True,False,2
266.5,LINK_140740,11139418715,2,0,GGr,r,False,True,False,2
266.5,NODE_9634,10974501473,4,0,GGGGr,r,False,True,False,4
266.5,LINK_194891,11203052965,11,0,GGGGGGGGGGGr,r,False,True,False,11
266.5,NODE_10378,11139418715,2,0,GGr,r,False,True,False,2
266.5,NODE_5681,11139418723,2,0,GGr,r,False,True,False,2
266.5,NODE_10262,11203041635,4,0,GGGGr,r,False,True,False,4
267.0,LINK_249048,5161705573,2,0,GGr,r,False,True,False,2
267.0,NODE_5837,5161705573,2,0,GGr,r,False,True,False,2
267.0,LINK_10218,11139418715,2,0,GGr,r,False,True,False,2
267.0,LINK_140740,11139418715,2,0,GGr,r,False,True,False,2
267.0,NODE_9634,10974501473,4,0,GGGGr,r,False,True,False,4
267.0,LINK_194891,11203052965,11,0,GGGGGGGGGGGr,r,False,True,False,11
267.0,NODE_10378,11139418715,2,0,GGr,r,False,True,False,2
267.0,NODE_5681,11139418723,2,0,GGr,r,False,True,False,2
267.0,NODE_10262,11203041635,4,0,GGGGr,r,False,True,False,4
267.5,LINK_249048,5161705573,2,0,GGr,r,False,True,False,2
267.5,NODE_5837,5161705573,2,0,GGr,r,False,True,False,2
267.5,LINK_10218,11139418715,2,0,GGr,r,False,True,False,2
267.5,LINK_140740,11139418715,2,0,GGr,r,False,True,False,2
267.5,NODE_9634,10974501473,4,0,GGGGr,r,False,True,False,4
267.5,LINK_194891,11203052965,11,0,GGGGGGGGGGGr,r,False,True,False,11
267.5,NODE_10378,11139418715,2,0,GGr,r,False,True,False,2
267.5,NODE_5681,11139418723,2,0,GGr,r,False,True,False,2
267.5,NODE_10262,11203041635,4,0,GGGGr,r,False,True,False,4
268.0,LINK_249048,5161705573,2,0,GGr,r,False,True,False,2
268.0,NODE_5837,5161705573,2,0,GGr,r,False,True,False,2
268.0,LINK_10218,11139418715,2,0,GGr,r,False,True,False,2
268.0,LINK_140740,11139418715,2,0,GGr,r,False,True,False,2
268.0,NODE_9634,10974501473,4,0,GGGGr,r,False,True,False,4
268.0,LINK_194891,11203052965,11,0,GGGGGGGGGGGr,r,False,True,False,11
268.0,NODE_10378,11139418715,2,0,GGr,r,False,True,False,2
268.0,NODE_5681,11139418723,2,0,GGr,r,False,True,False,2
268.0,NODE_10262,11203041635,4,0,GGGGr,r,False,True,False,4
268.5,LINK_249048,5161705573,2,0,GGr,r,False,True,False,2
268.5,NODE_5837,5161705573,2,0,GGr,r,False,True,False,2
268.5,LINK_10218,11139418715,2,0,GGr,r,False,True,False,2
268.5,LINK_140740,11139418715,2,0,GGr,r,False,True,False,2
268.5,NODE_9634,10974501473,4,0,GGGGr,r,False,True,False,4
268.5,LINK_194891,11203052965,11,0,GGGGGGGGGGGr,r,False,True,False,11
268.5,NODE_10378,11139418715,2,0,GGr,r,False,True,False,2
268.5,NODE_5681,11139418723,2,0,GGr,r,False,True,False,2
268.5,NODE_10262,11203041635,4,0,GGGGr,r,False,True,False,4
269.0,LINK_249048,5161705573,2,0,GGr,r,False,True,False,2
269.0,NODE_5837,5161705573,2,0,GGr,r,False,True,False,2
269.0,LINK_10218,11139418715,2,0,GGr,r,False,True,False,2
269.0,LINK_140740,11139418715,2,0,GGr,r,False,True,False,2
269.0,NODE_9634,10974501473,4,0,GGGGr,r,False,True,False,4
269.0,LINK_194891,11203052965,11,0,GGGGGGGGGGGr,r,False,True,False,11
269.0,NODE_10378,11139418715,2,0,GGr,r,False,True,False,2
269.0,NODE_5681,11139418723,2,0,GGr,r,False,True,False,2
269.0,NODE_10262,11203041635,4,0,GGGGr,r,False,True,False,4
269.5,LINK_249048,5161705573,2,0,GGr,r,False,True,False,2
269.5,NODE_5837,5161705573,2,0,GGr,r,False,True,False,2
269.5,LINK_10218,11139418715,2,0,GGr,r,False,True,False,2
269.5,LINK_140740,11139418715,2,0,GGr,r,False,True,False,2
269.5,NODE_9634,10974501473,4,0,GGGGr,r,False,True,False,4
269.5,LINK_194891,11203052965,11,0,GGGGGGGGGGGr,r,False,True,False,11
269.5,NODE_10378,11139418715,2,0,GGr,r,False,True,False,2
269.5,NODE_5681,11139418723,2,0,GGr,r,False,True,False,2
269.5,NODE_10262,11203041635,4,0,GGGGr,r,False,True,False,4
270.0,LINK_249048,5161705573,2,0,GGr,r,False,True,False,2
270.0,NODE_5837,5161705573,2,0,GGr,r,False,True,False,2
270.0,LINK_10218,11139418715,2,0,GGr,r,False,True,False,2
270.0,LINK_140740,11139418715,2,0,GGr,r,False,True,False,2
270.0,NODE_9634,10974501473,4,0,GGGGr,r,False,True,False,4
270.0,LINK_194891,11203052965,11,0,GGGGGGGGGGGr,r,False,True,False,11
270.0,NODE_10378,11139418715,2,0,GGr,r,False,True,False,2
270.0,NODE_5681,11139418723,2,0,GGr,r,False,True,False,2
270.0,NODE_10262,11203041635,4,0,GGGGr,r,False,True,False,4
270.5,LINK_249048,5161705573,2,0,GGr,r,False,True,False,2
270.5,NODE_5837,5161705573,2,0,GGr,r,False,True,False,2
270.5,LINK_10218,11139418715,2,0,GGr,r,False,True,False,2
270.5,LINK_140740,11139418715,2,0,GGr,r,False,True,False,2
270.5,NODE_9634,10974501473,4,0,GGGGr,r,False,True,False,4
270.5,LINK_194891,11203052965,11,0,GGGGGGGGGGGr,r,False,True,False,11
270.5,NODE_10378,11139418715,2,0,GGr,r,False,True,False,2
270.5,NODE_5681,11139418723,2,0,GGr,r,False,True,False,2
270.5,NODE_10262,11203041635,4,0,GGGGr,r,False,True,False,4
271.0,LINK_249048,5161705573,2,0,GGr,r,False,True,False,2
271.0,NODE_5837,5161705573,2,0,GGr,r,False,True,False,2
271.0,LINK_10218,11139418715,2,0,GGr,r,False,True,False,2
271.0,LINK_140740,11139418715,2,0,GGr,r,False,True,False,2
271.0,NODE_9634,10974501473,4,0,GGGGr,r,False,True,False,4
271.0,LINK_194891,11203052965,11,0,GGGGGGGGGGGr,r,False,True,False,11
271.0,NODE_10378,11139418715,2,0,GGr,r,False,True,False,2
271.0,NODE_5681,11139418723,2,0,GGr,r,False,True,False,2
271.0,NODE_10262,11203041635,4,0,GGGGr,r,False,True,False,4
271.5,LINK_249048,5161705573,2,0,GGr,r,False,True,False,2
271.5,NODE_5837,5161705573,2,0,GGr,r,False,True,False,2
271.5,LINK_10218,11139418715,2,0,GGr,r,False,True,False,2
271.5,LINK_140740,11139418715,2,0,GGr,r,False,True,False,2
271.5,NODE_9634,10974501473,4,0,GGGGr,r,False,True,False,4
271.5,LINK_194891,11203052965,11,0,GGGGGGGGGGGr,r,False,True,False,11
271.5,NODE_10378,11139418715,2,0,GGr,r,False,True,False,2
271.5,NODE_5681,11139418723,2,0,GGr,r,False,True,False,2
271.5,NODE_10262,11203041635,4,0,GGGGr,r,False,True,False,4
272.0,LINK_249048,5161705573,2,0,GGr,r,False,True,False,2
272.0,NODE_5837,5161705573,2,0,GGr,r,False,True,False,2
272.0,LINK_10218,11139418715,2,0,GGr,r,False,True,False,2
272.0,LINK_140740,11139418715,2,0,GGr,r,False,True,False,2
272.0,NODE_9634,10974501473,4,0,GGGGr,r,False,True,False,4
272.0,LINK_194891,11203052965,11,0,GGGGGGGGGGGr,r,False,True,False,11
272.0,NODE_10378,11139418715,2,0,GGr,r,False,True,False,2
272.0,NODE_5681,11139418723,2,0,GGr,r,False,True,False,2
272.0,NODE_10262,11203041635,4,0,GGGGr,r,False,True,False,4
272.5,LINK_249048,5161705573,2,0,GGr,r,False,True,False,2
272.5,NODE_5837,5161705573,2,0,GGr,r,False,True,False,2
272.5,LINK_10218,11139418715,2,0,GGr,r,False,True,False,2
272.5,LINK_140740,11139418715,2,0,GGr,r,False,True,False,2
272.5,NODE_9634,10974501473,4,0,GGGGr,r,False,True,False,4
272.5,LINK_194891,11203052965,11,0,GGGGGGGGGGGr,r,False,True,False,11
272.5,NODE_10378,11139418715,2,0,GGr,r,False,True,False,2
272.5,NODE_5681,11139418723,2,0,GGr,r,False,True,False,2
272.5,NODE_10262,11203041635,4,0,GGGGr,r,False,True,False,4
273.0,LINK_249048,5161705573,2,0,GGr,r,False,True,False,2
273.0,NODE_5837,5161705573,2,0,GGr,r,False,True,False,2
273.0,LINK_10218,11139418715,2,0,GGr,r,False,True,False,2
273.0,LINK_140740,11139418715,2,0,GGr,r,False,True,False,2
273.0,NODE_9634,10974501473,4,0,GGGGr,r,False,True,False,4
273.0,LINK_194891,11203052965,11,0,GGGGGGGGGGGr,r,False,True,False,11
273.0,NODE_10378,11139418715,2,0,GGr,r,False,True,False,2
273.0,NODE_5681,11139418723,2,0,GGr,r,False,True,False,2
273.0,NODE_10262,11203041635,4,0,GGGGr,r,False,True,False,4
273.5,LINK_249048,5161705573,2,0,GGr,r,False,True,False,2
273.5,NODE_5837,5161705573,2,0,GGr,r,False,True,False,2
273.5,LINK_10218,11139418715,2,0,GGr,r,False,True,False,2
273.5,LINK_140740,11139418715,2,0,GGr,r,False,True,False,2
273.5,NODE_9634,10974501473,4,0,GGGGr,r,False,True,False,4
273.5,LINK_194891,11203052965,11,0,GGGGGGGGGGGr,r,False,True,False,11
273.5,NODE_10378,11139418715,2,0,GGr,r,False,True,False,2
273.5,NODE_5681,11139418723,2,0,GGr,r,False,True,False,2
273.5,NODE_10262,11203041635,4,0,GGGGr,r,False,True,False,4
274.0,LINK_249048,5161705573,2,0,GGr,r,False,True,False,2
274.0,NODE_5837,5161705573,2,0,GGr,r,False,True,False,2
274.0,LINK_10218,11139418715,2,0,GGr,r,False,True,False,2
274.0,LINK_140740,11139418715,2,0,GGr,r,False,True,False,2
274.0,NODE_9634,10974501473,4,0,GGGGr,r,False,True,False,4
274.0,LINK_194891,11203052965,11,0,GGGGGGGGGGGr,r,False,True,False,11
274.0,NODE_10378,11139418715,2,0,GGr,r,False,True,False,2
274.0,NODE_5681,11139418723,2,0,GGr,r,False,True,False,2
274.0,NODE_10262,11203041635,4,0,GGGGr,r,False,True,False,4
274.5,LINK_249048,5161705573,2,0,GGr,r,False,True,False,2
274.5,NODE_5837,5161705573,2,0,GGr,r,False,True,False,2
274.5,LINK_10218,11139418715,2,0,GGr,r,False,True,False,2
274.5,LINK_140740,11139418715,2,0,GGr,r,False,True,False,2
274.5,NODE_9634,10974501473,4,0,GGGGr,r,False,True,False,4
274.5,LINK_194891,11203052965,11,0,GGGGGGGGGGGr,r,False,True,False,11
274.5,NODE_10378,11139418715,2,0,GGr,r,False,True,False,2
274.5,NODE_5681,11139418723,2,0,GGr,r,False,True,False,2
274.5,NODE_10262,11203041635,4,0,GGGGr,r,False,True,False,4
275.0,LINK_249048,5161705573,2,0,GGr,r,False,True,False,2
275.0,NODE_5837,5161705573,2,0,GGr,r,False,True,False,2
275.0,LINK_10218,11139418715,2,0,GGr,r,False,True,False,2
275.0,LINK_140740,11139418715,2,0,GGr,r,False,True,False,2
275.0,NODE_9634,10974501473,4,0,GGGGr,r,False,True,False,4
275.0,LINK_194891,11203052965,11,0,GGGGGGGGGGGr,r,False,True,False,11
275.0,NODE_10378,11139418715,2,0,GGr,r,False,True,False,2
275.0,NODE_5681,11139418723,2,0,GGr,r,False,True,False,2
275.0,NODE_10262,11203041635,4,0,GGGGr,r,False,True,False,4
275.5,LINK_249048,5161705573,2,0,GGr,r,False,True,False,2
275.5,NODE_5837,5161705573,2,0,GGr,r,False,True,False,2
275.5,LINK_10218,11139418715,2,0,GGr,r,False,True,False,2
275.5,LINK_140740,11139418715,2,0,GGr,r,False,True,False,2
275.5,NODE_9634,10974501473,4,0,GGGGr,r,False,True,False,4
275.5,LINK_194891,11203052965,11,0,GGGGGGGGGGGr,r,False,True,False,11
275.5,NODE_10378,11139418715,2,0,GGr,r,False,True,False,2
275.5,NODE_5681,11139418723,2,0,GGr,r,False,True,False,2
275.5,NODE_10262,11203041635,4,0,GGGGr,r,False,True,False,4
276.0,LINK_249048,5161705573,2,0,GGr,r,False,True,False,2
276.0,NODE_5837,5161705573,2,0,GGr,r,False,True,False,2
276.0,LINK_10218,11139418715,2,0,GGr,r,False,True,False,2
276.0,LINK_140740,11139418715,2,0,GGr,r,False,True,False,2
276.0,NODE_9634,10974501473,4,0,GGGGr,r,False,True,False,4
276.0,LINK_194891,11203052965,11,0,GGGGGGGGGGGr,r,False,True,False,11
276.0,NODE_10378,11139418715,2,0,GGr,r,False,True,False,2
276.0,NODE_5681,11139418723,2,0,GGr,r,False,True,False,2
276.0,NODE_10262,11203041635,4,0,GGGGr,r,False,True,False,4
276.5,LINK_249048,5161705573,2,0,GGr,r,False,True,False,2
276.5,NODE_5837,5161705573,2,0,GGr,r,False,True,False,2
276.5,LINK_10218,11139418715,2,0,GGr,r,False,True,False,2
276.5,LINK_140740,11139418715,2,0,GGr,r,False,True,False,2
276.5,NODE_9634,10974501473,4,0,GGGGr,r,False,True,False,4
276.5,LINK_194891,11203052965,11,0,GGGGGGGGGGGr,r,False,True,False,11
276.5,NODE_10378,11139418715,2,0,GGr,r,False,True,False,2
276.5,NODE_5681,11139418723,2,0,GGr,r,False,True,False,2
276.5,NODE_10262,11203041635,4,0,GGGGr,r,False,True,False,4
277.0,LINK_249048,5161705573,2,0,GGr,r,False,True,False,2
277.0,NODE_5837,5161705573,2,0,GGr,r,False,True,False,2
277.0,LINK_10218,11139418715,2,0,GGr,r,False,True,False,2
277.0,LINK_140740,11139418715,2,0,GGr,r,False,True,False,2
277.0,NODE_9634,10974501473,4,0,GGGGr,r,False,True,False,4
277.0,LINK_194891,11203052965,11,0,GGGGGGGGGGGr,r,False,True,False,11
277.0,NODE_10378,11139418715,2,0,GGr,r,False,True,False,2
277.0,NODE_5681,11139418723,2,0,GGr,r,False,True,False,2
277.0,NODE_10262,11203041635,4,0,GGGGr,r,False,True,False,4
277.5,LINK_249048,5161705573,2,0,GGr,r,False,True,False,2
277.5,NODE_5837,5161705573,2,0,GGr,r,False,True,False,2
277.5,LINK_10218,11139418715,2,0,GGr,r,False,True,False,2
277.5,LINK_140740,11139418715,2,0,GGr,r,False,True,False,2
277.5,NODE_9634,10974501473,4,0,GGGGr,r,False,True,False,4
277.5,LINK_194891,11203052965,11,0,GGGGGGGGGGGr,r,False,True,False,11
277.5,NODE_10378,11139418715,2,0,GGr,r,False,True,False,2
277.5,NODE_5681,11139418723,2,0,GGr,r,False,True,False,2
277.5,NODE_10262,11203041635,4,0,GGGGr,r,False,True,False,4
278.0,LINK_249048,5161705573,2,0,GGr,r,False,True,False,2
278.0,NODE_5837,5161705573,2,0,GGr,r,False,True,False,2
278.0,LINK_10218,11139418715,2,0,GGr,r,False,True,False,2
278.0,LINK_140740,11139418715,2,0,GGr,r,False,True,False,2
278.0,NODE_9634,10974501473,4,0,GGGGr,r,False,True,False,4
278.0,LINK_194891,11203052965,11,0,GGGGGGGGGGGr,r,False,True,False,11
278.0,NODE_10378,11139418715,2,0,GGr,r,False,True,False,2
278.0,NODE_5681,11139418723,2,0,GGr,r,False,True,False,2
278.0,NODE_10262,11203041635,4,0,GGGGr,r,False,True,False,4
278.5,LINK_249048,5161705573,2,0,GGr,r,False,True,False,2
278.5,NODE_5837,5161705573,2,0,GGr,r,False,True,False,2
278.5,LINK_10218,11139418715,2,0,GGr,r,False,True,False,2
278.5,LINK_140740,11139418715,2,0,GGr,r,False,True,False,2
278.5,NODE_9634,10974501473,4,0,GGGGr,r,False,True,False,4
278.5,LINK_194891,11203052965,11,0,GGGGGGGGGGGr,r,False,True,False,11
278.5,NODE_10378,11139418715,2,0,GGr,r,False,True,False,2
278.5,NODE_5681,11139418723,2,0,GGr,r,False,True,False,2
278.5,NODE_10262,11203041635,4,0,GGGGr,r,False,True,False,4
279.0,LINK_249048,5161705573,2,0,GGr,r,False,True,False,2
279.0,NODE_5837,5161705573,2,0,GGr,r,False,True,False,2
279.0,LINK_10218,11139418715,2,0,GGr,r,False,True,False,2
279.0,LINK_140740,11139418715,2,0,GGr,r,False,True,False,2
279.0,NODE_9634,10974501473,4,0,GGGGr,r,False,True,False,4
279.0,LINK_194891,11203052965,11,0,GGGGGGGGGGGr,r,False,True,False,11
279.0,NODE_10378,11139418715,2,0,GGr,r,False,True,False,2
279.0,NODE_5681,11139418723,2,0,GGr,r,False,True,False,2
279.0,NODE_10262,11203041635,4,0,GGGGr,r,False,True,False,4
279.5,LINK_249048,5161705573,2,0,GGr,r,False,True,False,2
279.5,NODE_5837,5161705573,2,0,GGr,r,False,True,False,2
279.5,LINK_10218,11139418715,2,0,GGr,r,False,True,False,2
279.5,LINK_140740,11139418715,2,0,GGr,r,False,True,False,2
279.5,NODE_9634,10974501473,4,0,GGGGr,r,False,True,False,4
279.5,LINK_194891,11203052965,11,0,GGGGGGGGGGGr,r,False,True,False,11
279.5,NODE_10378,11139418715,2,0,GGr,r,False,True,False,2
279.5,NODE_5681,11139418723,2,0,GGr,r,False,True,False,2
279.5,NODE_10262,11203041635,4,0,GGGGr,r,False,True,False,4
280.0,LINK_249048,5161705573,2,0,GGr,r,False,True,False,2
280.0,NODE_5837,5161705573,2,0,GGr,r,False,True,False,2
280.0,LINK_10218,11139418715,2,0,GGr,r,False,True,False,2
280.0,LINK_140740,11139418715,2,0,GGr,r,False,True,False,2
280.0,NODE_9634,10974501473,4,0,GGGGr,r,False,True,False,4
280.0,LINK_194891,11203052965,11,0,GGGGGGGGGGGr,r,False,True,False,11
280.0,NODE_10378,11139418715,2,0,GGr,r,False,True,False,2
280.0,NODE_5681,11139418723,2,0,GGr,r,False,True,False,2
280.0,NODE_10262,11203041635,4,0,GGGGr,r,False,True,False,4
280.5,LINK_249048,5161705573,2,0,GGr,r,False,True,False,2
280.5,NODE_5837,5161705573,2,0,GGr,r,False,True,False,2
280.5,LINK_10218,11139418715,2,0,GGr,r,False,True,False,2
280.5,LINK_140740,11139418715,2,0,GGr,r,False,True,False,2
280.5,NODE_9634,10974501473,4,0,GGGGr,r,False,True,False,4
280.5,LINK_194891,11203052965,11,1,yyyyyyyyyyyr,r,False,True,False,0
280.5,NODE_10378,11139418715,2,0,GGr,r,False,True,False,2
280.5,NODE_5681,11139418723,2,1,yyr,r,False,True,False,0
280.5,NODE_10262,11203041635,4,1,yyyyr,r,False,True,False,0
281.0,LINK_249048,5161705573,2,0,GGr,r,False,True,False,2
281.0,NODE_5837,5161705573,2,0,GGr,r,False,True,False,2
281.0,LINK_10218,11139418715,2,0,GGr,r,False,True,False,2
281.0,LINK_140740,11139418715,2,0,GGr,r,False,True,False,2
281.0,NODE_9634,10974501473,4,0,GGGGr,r,False,True,False,4
281.0,LINK_194891,11203052965,11,1,yyyyyyyyyyyr,r,False,True,False,0
281.0,NODE_10378,11139418715,2,0,GGr,r,False,True,False,2
281.0,NODE_5681,11139418723,2,1,yyr,r,False,True,False,0
281.0,NODE_10262,11203041635,4,1,yyyyr,r,False,True,False,0
281.5,LINK_249048,5161705573,2,0,GGr,r,False,True,False,2
281.5,NODE_5837,5161705573,2,0,GGr,r,False,True,False,2
281.5,LINK_10218,11139418715,2,0,GGr,r,False,True,False,2
281.5,LINK_140740,11139418715,2,0,GGr,r,False,True,False,2
281.5,NODE_9634,10974501473,4,0,GGGGr,r,False,True,False,4
281.5,LINK_194891,11203052965,11,1,yyyyyyyyyyyr,r,False,True,False,0
281.5,NODE_10378,11139418715,2,0,GGr,r,False,True,False,2
281.5,NODE_5681,11139418723,2,1,yyr,r,False,True,False,0
281.5,NODE_10262,11203041635,4,1,yyyyr,r,False,True,False,0
282.0,LINK_249048,5161705573,2,0,GGr,r,False,True,False,2
282.0,NODE_5837,5161705573,2,0,GGr,r,False,True,False,2
282.0,LINK_10218,11139418715,2,0,GGr,r,False,True,False,2
282.0,LINK_140740,11139418715,2,0,GGr,r,False,True,False,2
282.0,NODE_9634,10974501473,4,0,GGGGr,r,False,True,False,4
282.0,LINK_194891,11203052965,11,1,yyyyyyyyyyyr,r,False,True,False,0
282.0,NODE_10378,11139418715,2,0,GGr,r,False,True,False,2
282.0,NODE_5681,11139418723,2,1,yyr,r,False,True,False,0
282.0,NODE_10262,11203041635,4,1,yyyyr,r,False,True,False,0
282.5,LINK_249048,5161705573,2,0,GGr,r,False,True,False,2
282.5,NODE_5837,5161705573,2,0,GGr,r,False,True,False,2
282.5,LINK_10218,11139418715,2,0,GGr,r,False,True,False,2
282.5,LINK_140740,11139418715,2,0,GGr,r,False,True,False,2
282.5,NODE_9634,10974501473,4,1,yyyyr,r,False,True,False,0
282.5,LINK_194891,11203052965,11,1,yyyyyyyyyyyr,r,False,True,False,0
282.5,NODE_10378,11139418715,2,0,GGr,r,False,True,False,2
282.5,NODE_5681,11139418723,2,1,yyr,r,False,True,False,0
282.5,NODE_10262,11203041635,4,1,yyyyr,r,False,True,False,0
283.0,LINK_249048,5161705573,2,0,GGr,r,False,True,False,2
283.0,NODE_5837,5161705573,2,0,GGr,r,False,True,False,2
283.0,LINK_10218,11139418715,2,0,GGr,r,False,True,False,2
283.0,LINK_140740,11139418715,2,0,GGr,r,False,True,False,2
283.0,NODE_9634,10974501473,4,1,yyyyr,r,False,True,False,0
283.0,LINK_194891,11203052965,11,1,yyyyyyyyyyyr,r,False,True,False,0
283.0,NODE_10378,11139418715,2,0,GGr,r,False,True,False,2
283.0,NODE_5681,11139418723,2,1,yyr,r,False,True,False,0
283.0,NODE_10262,11203041635,4,1,yyyyr,r,False,True,False,0
283.5,LINK_249048,5161705573,2,0,GGr,r,False,True,False,2
283.5,NODE_5837,5161705573,2,0,GGr,r,False,True,False,2
283.5,LINK_10218,11139418715,2,0,GGr,r,False,True,False,2
283.5,LINK_140740,11139418715,2,0,GGr,r,False,True,False,2
283.5,NODE_9634,10974501473,4,1,yyyyr,r,False,True,False,0
283.5,LINK_194891,11203052965,11,1,yyyyyyyyyyyr,r,False,True,False,0
283.5,NODE_10378,11139418715,2,0,GGr,r,False,True,False,2
283.5,NODE_5681,11139418723,2,1,yyr,r,False,True,False,0
283.5,NODE_10262,11203041635,4,1,yyyyr,r,False,True,False,0
284.0,LINK_249048,5161705573,2,0,GGr,r,False,True,False,2
284.0,NODE_5837,5161705573,2,0,GGr,r,False,True,False,2
284.0,LINK_10218,11139418715,2,0,GGr,r,False,True,False,2
284.0,LINK_140740,11139418715,2,0,GGr,r,False,True,False,2
284.0,NODE_9634,10974501473,4,1,yyyyr,r,False,True,False,0
284.0,LINK_194891,11203052965,11,1,yyyyyyyyyyyr,r,False,True,False,0
284.0,NODE_10378,11139418715,2,0,GGr,r,False,True,False,2
284.0,NODE_5681,11139418723,2,1,yyr,r,False,True,False,0
284.0,NODE_10262,11203041635,4,1,yyyyr,r,False,True,False,0
284.5,LINK_249048,5161705573,2,0,GGr,r,False,True,False,2
284.5,NODE_5837,5161705573,2,0,GGr,r,False,True,False,2
284.5,LINK_10218,11139418715,2,0,GGr,r,False,True,False,2
284.5,LINK_140740,11139418715,2,0,GGr,r,False,True,False,2
284.5,NODE_9634,10974501473,4,1,yyyyr,r,False,True,False,0
284.5,LINK_194891,11203052965,11,1,yyyyyyyyyyyr,r,False,True,False,0
284.5,NODE_10378,11139418715,2,0,GGr,r,False,True,False,2
284.5,NODE_5681,11139418723,2,1,yyr,r,False,True,False,0
284.5,NODE_10262,11203041635,4,1,yyyyr,r,False,True,False,0
285.0,LINK_249048,5161705573,2,0,GGr,r,False,True,False,2
285.0,NODE_5837,5161705573,2,0,GGr,r,False,True,False,2
285.0,LINK_10218,11139418715,2,0,GGr,r,False,True,False,2
285.0,LINK_140740,11139418715,2,0,GGr,r,False,True,False,2
285.0,NODE_9634,10974501473,4,1,yyyyr,r,False,True,False,0
285.0,LINK_194891,11203052965,11,1,yyyyyyyyyyyr,r,False,True,False,0
285.0,NODE_10378,11139418715,2,0,GGr,r,False,True,False,2
285.0,NODE_5681,11139418723,2,1,yyr,r,False,True,False,0
285.0,NODE_10262,11203041635,4,1,yyyyr,r,False,True,False,0
285.5,LINK_249048,5161705573,2,1,yyr,r,False,True,False,0
285.5,NODE_5837,5161705573,2,1,yyr,r,False,True,False,0
285.5,LINK_10218,11139418715,2,0,GGr,r,False,True,False,2
285.5,LINK_140740,11139418715,2,0,GGr,r,False,True,False,2
285.5,NODE_9634,10974501473,4,1,yyyyr,r,False,True,False,0
285.5,LINK_194891,11203052965,11,1,yyyyyyyyyyyr,r,False,True,False,0
285.5,NODE_10378,11139418715,2,0,GGr,r,False,True,False,2
285.5,NODE_5681,11139418723,2,1,yyr,r,False,True,False,0
285.5,NODE_10262,11203041635,4,1,yyyyr,r,False,True,False,0
286.0,LINK_249048,5161705573,2,1,yyr,r,False,True,False,0
286.0,NODE_5837,5161705573,2,1,yyr,r,False,True,False,0
286.0,LINK_10218,11139418715,2,0,GGr,r,False,True,False,2
286.0,LINK_140740,11139418715,2,0,GGr,r,False,True,False,2
286.0,NODE_9634,10974501473,4,1,yyyyr,r,False,True,False,0
286.0,LINK_194891,11203052965,11,1,yyyyyyyyyyyr,r,False,True,False,0
286.0,NODE_10378,11139418715,2,0,GGr,r,False,True,False,2
286.0,NODE_5681,11139418723,2,1,yyr,r,False,True,False,0
286.0,NODE_10262,11203041635,4,1,yyyyr,r,False,True,False,0
286.5,LINK_249048,5161705573,2,1,yyr,r,False,True,False,0
286.5,NODE_5837,5161705573,2,1,yyr,r,False,True,False,0
286.5,LINK_10218,11139418715,2,0,GGr,r,False,True,False,2
286.5,LINK_140740,11139418715,2,0,GGr,r,False,True,False,2
286.5,NODE_9634,10974501473,4,2,rrrrG,G,True,False,True,0
286.5,LINK_194891,11203052965,11,2,rrrrrrrrrrrG,G,True,False,True,0
286.5,NODE_10378,11139418715,2,0,GGr,r,False,True,False,2
286.5,NODE_5681,11139418723,2,2,rrG,G,True,False,True,0
286.5,NODE_10262,11203041635,4,2,rrrrG,G,True,False,True,0
287.0,LINK_249048,5161705573,2,1,yyr,r,False,True,False,0
287.0,NODE_5837,5161705573,2,1,yyr,r,False,True,False,0
287.0,LINK_10218,11139418715,2,0,GGr,r,False,True,False,2
287.0,LINK_140740,11139418715,2,0,GGr,r,False,True,False,2
287.0,NODE_9634,10974501473,4,2,rrrrG,G,True,False,True,0
287.0,LINK_194891,11203052965,11,2,rrrrrrrrrrrG,G,True,False,True,0
287.0,NODE_10378,11139418715,2,0,GGr,r,False,True,False,2
287.0,NODE_5681,11139418723,2,2,rrG,G,True,False,True,0
287.0,NODE_10262,11203041635,4,2,rrrrG,G,True,False,True,0
287.5,LINK_249048,5161705573,2,1,yyr,r,False,True,False,0
287.5,NODE_5837,5161705573,2,1,yyr,r,False,True,False,0
287.5,LINK_10218,11139418715,2,0,GGr,r,False,True,False,2
287.5,LINK_140740,11139418715,2,0,GGr,r,False,True,False,2
287.5,NODE_9634,10974501473,4,2,rrrrG,G,True,False,True,0
287.5,LINK_194891,11203052965,11,2,rrrrrrrrrrrG,G,True,False,True,0
287.5,NODE_10378,11139418715,2,0,GGr,r,False,True,False,2
287.5,NODE_5681,11139418723,2,2,rrG,G,True,False,True,0
287.5,NODE_10262,11203041635,4,2,rrrrG,G,True,False,True,0
288.0,LINK_249048,5161705573,2,1,yyr,r,False,True,False,0
288.0,NODE_5837,5161705573,2,1,yyr,r,False,True,False,0
288.0,LINK_10218,11139418715,2,0,GGr,r,False,True,False,2
288.0,LINK_140740,11139418715,2,0,GGr,r,False,True,False,2
288.0,NODE_9634,10974501473,4,2,rrrrG,G,True,False,True,0
288.0,LINK_194891,11203052965,11,2,rrrrrrrrrrrG,G,True,False,True,0
288.0,NODE_10378,11139418715,2,0,GGr,r,False,True,False,2
288.0,NODE_5681,11139418723,2,2,rrG,G,True,False,True,0
288.0,NODE_10262,11203041635,4,2,rrrrG,G,True,False,True,0
288.5,LINK_249048,5161705573,2,1,yyr,r,False,True,False,0
288.5,NODE_5837,5161705573,2,1,yyr,r,False,True,False,0
288.5,LINK_10218,11139418715,2,0,GGr,r,False,True,False,2
288.5,LINK_140740,11139418715,2,0,GGr,r,False,True,False,2
288.5,NODE_9634,10974501473,4,2,rrrrG,G,True,False,True,0
288.5,LINK_194891,11203052965,11,2,rrrrrrrrrrrG,G,True,False,True,0
288.5,NODE_10378,11139418715,2,0,GGr,r,False,True,False,2
288.5,NODE_5681,11139418723,2,2,rrG,G,True,False,True,0
288.5,NODE_10262,11203041635,4,2,rrrrG,G,True,False,True,0
289.0,LINK_249048,5161705573,2,1,yyr,r,False,True,False,0
289.0,NODE_5837,5161705573,2,1,yyr,r,False,True,False,0
289.0,LINK_10218,11139418715,2,0,GGr,r,False,True,False,2
289.0,LINK_140740,11139418715,2,0,GGr,r,False,True,False,2
289.0,NODE_9634,10974501473,4,2,rrrrG,G,True,False,True,0
289.0,LINK_194891,11203052965,11,2,rrrrrrrrrrrG,G,True,False,True,0
289.0,NODE_10378,11139418715,2,0,GGr,r,False,True,False,2
289.0,NODE_5681,11139418723,2,2,rrG,G,True,False,True,0
289.0,NODE_10262,11203041635,4,2,rrrrG,G,True,False,True,0
289.5,LINK_249048,5161705573,2,1,yyr,r,False,True,False,0
289.5,NODE_5837,5161705573,2,1,yyr,r,False,True,False,0
289.5,LINK_10218,11139418715,2,0,GGr,r,False,True,False,2
289.5,LINK_140740,11139418715,2,0,GGr,r,False,True,False,2
289.5,NODE_9634,10974501473,4,2,rrrrG,G,True,False,True,0
289.5,LINK_194891,11203052965,11,2,rrrrrrrrrrrG,G,True,False,True,0
289.5,NODE_10378,11139418715,2,0,GGr,r,False,True,False,2
289.5,NODE_5681,11139418723,2,2,rrG,G,True,False,True,0
289.5,NODE_10262,11203041635,4,2,rrrrG,G,True,False,True,0
290.0,LINK_249048,5161705573,2,1,yyr,r,False,True,False,0
290.0,NODE_5837,5161705573,2,1,yyr,r,False,True,False,0
290.0,LINK_10218,11139418715,2,0,GGr,r,False,True,False,2
290.0,LINK_140740,11139418715,2,0,GGr,r,False,True,False,2
290.0,NODE_9634,10974501473,4,2,rrrrG,G,True,False,True,0
290.0,LINK_194891,11203052965,11,2,rrrrrrrrrrrG,G,True,False,True,0
290.0,NODE_10378,11139418715,2,0,GGr,r,False,True,False,2
290.0,NODE_5681,11139418723,2,2,rrG,G,True,False,True,0
290.0,NODE_10262,11203041635,4,2,rrrrG,G,True,False,True,0
290.5,LINK_249048,5161705573,2,1,yyr,r,False,True,False,0
290.5,NODE_5837,5161705573,2,1,yyr,r,False,True,False,0
290.5,LINK_10218,11139418715,2,1,yyr,r,False,True,False,0
290.5,LINK_140740,11139418715,2,1,yyr,r,False,True,False,0
290.5,NODE_9634,10974501473,4,2,rrrrG,G,True,False,True,0
290.5,LINK_194891,11203052965,11,2,rrrrrrrrrrrG,G,True,False,True,0
290.5,NODE_10378,11139418715,2,1,yyr,r,False,True,False,0
290.5,NODE_5681,11139418723,2,2,rrG,G,True,False,True,0
290.5,NODE_10262,11203041635,4,2,rrrrG,G,True,False,True,0
291.0,LINK_249048,5161705573,2,1,yyr,r,False,True,False,0
291.0,NODE_5837,5161705573,2,1,yyr,r,False,True,False,0
291.0,LINK_10218,11139418715,2,1,yyr,r,False,True,False,0
291.0,LINK_140740,11139418715,2,1,yyr,r,False,True,False,0
291.0,NODE_9634,10974501473,4,2,rrrrG,G,True,False,True,0
291.0,LINK_194891,11203052965,11,2,rrrrrrrrrrrG,G,True,False,True,0
291.0,NODE_10378,11139418715,2,1,yyr,r,False,True,False,0
291.0,NODE_5681,11139418723,2,2,rrG,G,True,False,True,0
291.0,NODE_10262,11203041635,4,2,rrrrG,G,True,False,True,0
291.5,LINK_249048,5161705573,2,2,rrG,G,True,False,True,0
291.5,NODE_5837,5161705573,2,2,rrG,G,True,False,True,0
291.5,LINK_10218,11139418715,2,1,yyr,r,False,True,False,0
291.5,LINK_140740,11139418715,2,1,yyr,r,False,True,False,0
291.5,NODE_9634,10974501473,4,2,rrrrG,G,True,False,True,0
291.5,LINK_194891,11203052965,11,2,rrrrrrrrrrrG,G,True,False,True,0
291.5,NODE_10378,11139418715,2,1,yyr,r,False,True,False,0
291.5,NODE_5681,11139418723,2,2,rrG,G,True,False,True,0
291.5,NODE_10262,11203041635,4,2,rrrrG,G,True,False,True,0
292.0,LINK_249048,5161705573,2,2,rrG,G,True,False,True,0
292.0,NODE_5837,5161705573,2,2,rrG,G,True,False,True,0
292.0,LINK_10218,11139418715,2,1,yyr,r,False,True,False,0
292.0,LINK_140740,11139418715,2,1,yyr,r,False,True,False,0
292.0,NODE_9634,10974501473,4,2,rrrrG,G,True,False,True,0
292.0,LINK_194891,11203052965,11,2,rrrrrrrrrrrG,G,True,False,True,0
292.0,NODE_10378,11139418715,2,1,yyr,r,False,True,False,0
292.0,NODE_5681,11139418723,2,2,rrG,G,True,False,True,0
292.0,NODE_10262,11203041635,4,2,rrrrG,G,True,False,True,0
292.5,LINK_249048,5161705573,2,2,rrG,G,True,False,True,0
292.5,NODE_5837,5161705573,2,2,rrG,G,True,False,True,0
292.5,LINK_10218,11139418715,2,1,yyr,r,False,True,False,0
292.5,LINK_140740,11139418715,2,1,yyr,r,False,True,False,0
292.5,NODE_9634,10974501473,4,2,rrrrG,G,True,False,True,0
292.5,LINK_194891,11203052965,11,2,rrrrrrrrrrrG,G,True,False,True,0
292.5,NODE_10378,11139418715,2,1,yyr,r,False,True,False,0
292.5,NODE_5681,11139418723,2,2,rrG,G,True,False,True,0
292.5,NODE_10262,11203041635,4,2,rrrrG,G,True,False,True,0
293.0,LINK_249048,5161705573,2,2,rrG,G,True,False,True,0
293.0,NODE_5837,5161705573,2,2,rrG,G,True,False,True,0
293.0,LINK_10218,11139418715,2,1,yyr,r,False,True,False,0
293.0,LINK_140740,11139418715,2,1,yyr,r,False,True,False,0
293.0,NODE_9634,10974501473,4,2,rrrrG,G,True,False,True,0
293.0,LINK_194891,11203052965,11,2,rrrrrrrrrrrG,G,True,False,True,0
293.0,NODE_10378,11139418715,2,1,yyr,r,False,True,False,0
293.0,NODE_5681,11139418723,2,2,rrG,G,True,False,True,0
293.0,NODE_10262,11203041635,4,2,rrrrG,G,True,False,True,0
293.5,LINK_249048,5161705573,2,2,rrG,G,True,False,True,0
293.5,NODE_5837,5161705573,2,2,rrG,G,True,False,True,0
293.5,LINK_10218,11139418715,2,1,yyr,r,False,True,False,0
293.5,LINK_140740,11139418715,2,1,yyr,r,False,True,False,0
293.5,NODE_9634,10974501473,4,2,rrrrG,G,True,False,True,0
293.5,LINK_194891,11203052965,11,2,rrrrrrrrrrrG,G,True,False,True,0
293.5,NODE_10378,11139418715,2,1,yyr,r,False,True,False,0
293.5,NODE_5681,11139418723,2,2,rrG,G,True,False,True,0
293.5,NODE_10262,11203041635,4,2,rrrrG,G,True,False,True,0
294.0,LINK_249048,5161705573,2,2,rrG,G,True,False,True,0
294.0,NODE_5837,5161705573,2,2,rrG,G,True,False,True,0
294.0,LINK_10218,11139418715,2,1,yyr,r,False,True,False,0
294.0,LINK_140740,11139418715,2,1,yyr,r,False,True,False,0
294.0,NODE_9634,10974501473,4,2,rrrrG,G,True,False,True,0
294.0,LINK_194891,11203052965,11,2,rrrrrrrrrrrG,G,True,False,True,0
294.0,NODE_10378,11139418715,2,1,yyr,r,False,True,False,0
294.0,NODE_5681,11139418723,2,2,rrG,G,True,False,True,0
294.0,NODE_10262,11203041635,4,2,rrrrG,G,True,False,True,0
294.5,LINK_249048,5161705573,2,2,rrG,G,True,False,True,0
294.5,NODE_5837,5161705573,2,2,rrG,G,True,False,True,0
294.5,LINK_10218,11139418715,2,1,yyr,r,False,True,False,0
294.5,LINK_140740,11139418715,2,1,yyr,r,False,True,False,0
294.5,NODE_9634,10974501473,4,2,rrrrG,G,True,False,True,0
294.5,LINK_194891,11203052965,11,2,rrrrrrrrrrrG,G,True,False,True,0
294.5,NODE_10378,11139418715,2,1,yyr,r,False,True,False,0
294.5,NODE_5681,11139418723,2,2,rrG,G,True,False,True,0
294.5,NODE_10262,11203041635,4,2,rrrrG,G,True,False,True,0
295.0,LINK_249048,5161705573,2,2,rrG,G,True,False,True,0
295.0,NODE_5837,5161705573,2,2,rrG,G,True,False,True,0
295.0,LINK_10218,11139418715,2,1,yyr,r,False,True,False,0
295.0,LINK_140740,11139418715,2,1,yyr,r,False,True,False,0
295.0,NODE_9634,10974501473,4,2,rrrrG,G,True,False,True,0
295.0,LINK_194891,11203052965,11,2,rrrrrrrrrrrG,G,True,False,True,0
295.0,NODE_10378,11139418715,2,1,yyr,r,False,True,False,0
295.0,NODE_5681,11139418723,2,2,rrG,G,True,False,True,0
295.0,NODE_10262,11203041635,4,2,rrrrG,G,True,False,True,0
295.5,LINK_249048,5161705573,2,2,rrG,G,True,False,True,0
295.5,NODE_5837,5161705573,2,2,rrG,G,True,False,True,0
295.5,LINK_10218,11139418715,2,1,yyr,r,False,True,False,0
295.5,LINK_140740,11139418715,2,1,yyr,r,False,True,False,0
295.5,NODE_9634,10974501473,4,2,rrrrG,G,True,False,True,0
295.5,LINK_194891,11203052965,11,2,rrrrrrrrrrrG,G,True,False,True,0
295.5,NODE_10378,11139418715,2,1,yyr,r,False,True,False,0
295.5,NODE_5681,11139418723,2,2,rrG,G,True,False,True,0
295.5,NODE_10262,11203041635,4,2,rrrrG,G,True,False,True,0
296.0,LINK_249048,5161705573,2,2,rrG,G,True,False,True,0
296.0,NODE_5837,5161705573,2,2,rrG,G,True,False,True,0
296.0,LINK_10218,11139418715,2,1,yyr,r,False,True,False,0
296.0,LINK_140740,11139418715,2,1,yyr,r,False,True,False,0
296.0,NODE_9634,10974501473,4,2,rrrrG,G,True,False,True,0
296.0,LINK_194891,11203052965,11,2,rrrrrrrrrrrG,G,True,False,True,0
296.0,NODE_10378,11139418715,2,1,yyr,r,False,True,False,0
296.0,NODE_5681,11139418723,2,2,rrG,G,True,False,True,0
296.0,NODE_10262,11203041635,4,2,rrrrG,G,True,False,True,0
296.5,LINK_249048,5161705573,2,2,rrG,G,True,False,True,0
296.5,NODE_5837,5161705573,2,2,rrG,G,True,False,True,0
296.5,LINK_10218,11139418715,2,2,rrG,G,True,False,True,0
296.5,LINK_140740,11139418715,2,2,rrG,G,True,False,True,0
296.5,NODE_9634,10974501473,4,2,rrrrG,G,True,False,True,0
296.5,LINK_194891,11203052965,11,2,rrrrrrrrrrrG,G,True,False,True,0
296.5,NODE_10378,11139418715,2,2,rrG,G,True,False,True,0
296.5,NODE_5681,11139418723,2,2,rrG,G,True,False,True,0
296.5,NODE_10262,11203041635,4,2,rrrrG,G,True,False,True,0
297.0,LINK_249048,5161705573,2,2,rrG,G,True,False,True,0
297.0,NODE_5837,5161705573,2,2,rrG,G,True,False,True,0
297.0,LINK_10218,11139418715,2,2,rrG,G,True,False,True,0
297.0,LINK_140740,11139418715,2,2,rrG,G,True,False,True,0
297.0,NODE_9634,10974501473,4,2,rrrrG,G,True,False,True,0
297.0,LINK_194891,11203052965,11,2,rrrrrrrrrrrG,G,True,False,True,0
297.0,NODE_10378,11139418715,2,2,rrG,G,True,False,True,0
297.0,NODE_5681,11139418723,2,2,rrG,G,True,False,True,0
297.0,NODE_10262,11203041635,4,2,rrrrG,G,True,False,True,0
297.5,LINK_249048,5161705573,2,2,rrG,G,True,False,True,0
297.5,NODE_5837,5161705573,2,2,rrG,G,True,False,True,0
297.5,LINK_10218,11139418715,2,2,rrG,G,True,False,True,0
297.5,LINK_140740,11139418715,2,2,rrG,G,True,False,True,0
297.5,NODE_9634,10974501473,4,2,rrrrG,G,True,False,True,0
297.5,LINK_194891,11203052965,11,2,rrrrrrrrrrrG,G,True,False,True,0
297.5,NODE_10378,11139418715,2,2,rrG,G,True,False,True,0
297.5,NODE_5681,11139418723,2,2,rrG,G,True,False,True,0
297.5,NODE_10262,11203041635,4,2,rrrrG,G,True,False,True,0
298.0,LINK_249048,5161705573,2,2,rrG,G,True,False,True,0
298.0,NODE_5837,5161705573,2,2,rrG,G,True,False,True,0
298.0,LINK_10218,11139418715,2,2,rrG,G,True,False,True,0
298.0,LINK_140740,11139418715,2,2,rrG,G,True,False,True,0
298.0,NODE_9634,10974501473,4,2,rrrrG,G,True,False,True,0
298.0,LINK_194891,11203052965,11,2,rrrrrrrrrrrG,G,True,False,True,0
298.0,NODE_10378,11139418715,2,2,rrG,G,True,False,True,0
298.0,NODE_5681,11139418723,2,2,rrG,G,True,False,True,0
298.0,NODE_10262,11203041635,4,2,rrrrG,G,True,False,True,0
298.5,LINK_249048,5161705573,2,2,rrG,G,True,False,True,0
298.5,NODE_5837,5161705573,2,2,rrG,G,True,False,True,0
298.5,LINK_10218,11139418715,2,2,rrG,G,True,False,True,0
298.5,LINK_140740,11139418715,2,2,rrG,G,True,False,True,0
298.5,NODE_9634,10974501473,4,2,rrrrG,G,True,False,True,0
298.5,LINK_194891,11203052965,11,2,rrrrrrrrrrrG,G,True,False,True,0
298.5,NODE_10378,11139418715,2,2,rrG,G,True,False,True,0
298.5,NODE_5681,11139418723,2,2,rrG,G,True,False,True,0
298.5,NODE_10262,11203041635,4,2,rrrrG,G,True,False,True,0
299.0,LINK_249048,5161705573,2,2,rrG,G,True,False,True,0
299.0,NODE_5837,5161705573,2,2,rrG,G,True,False,True,0
299.0,LINK_10218,11139418715,2,2,rrG,G,True,False,True,0
299.0,LINK_140740,11139418715,2,2,rrG,G,True,False,True,0
299.0,NODE_9634,10974501473,4,2,rrrrG,G,True,False,True,0
299.0,LINK_194891,11203052965,11,2,rrrrrrrrrrrG,G,True,False,True,0
299.0,NODE_10378,11139418715,2,2,rrG,G,True,False,True,0
299.0,NODE_5681,11139418723,2,2,rrG,G,True,False,True,0
299.0,NODE_10262,11203041635,4,2,rrrrG,G,True,False,True,0
299.5,LINK_249048,5161705573,2,2,rrG,G,True,False,True,0
299.5,NODE_5837,5161705573,2,2,rrG,G,True,False,True,0
299.5,LINK_10218,11139418715,2,2,rrG,G,True,False,True,0
299.5,LINK_140740,11139418715,2,2,rrG,G,True,False,True,0
299.5,NODE_9634,10974501473,4,0,GGGGr,r,False,True,False,4
299.5,LINK_194891,11203052965,11,0,GGGGGGGGGGGr,r,False,True,False,11
299.5,NODE_10378,11139418715,2,2,rrG,G,True,False,True,0
299.5,NODE_5681,11139418723,2,0,GGr,r,False,True,False,2
299.5,NODE_10262,11203041635,4,0,GGGGr,r,False,True,False,4
300.0,LINK_249048,5161705573,2,2,rrG,G,True,False,True,0
300.0,NODE_5837,5161705573,2,2,rrG,G,True,False,True,0
300.0,LINK_10218,11139418715,2,2,rrG,G,True,False,True,0
300.0,LINK_140740,11139418715,2,2,rrG,G,True,False,True,0
300.0,NODE_9634,10974501473,4,0,GGGGr,r,False,True,False,4
300.0,LINK_194891,11203052965,11,0,GGGGGGGGGGGr,r,False,True,False,11
300.0,NODE_10378,11139418715,2,2,rrG,G,True,False,True,0
300.0,NODE_5681,11139418723,2,0,GGr,r,False,True,False,2
300.0,NODE_10262,11203041635,4,0,GGGGr,r,False,True,False,4
