crosswalk_id,lon,lat,dong_name,admin_dong,lanes,road_rank,max_spd,elderly_ratio,accident_count,crosswalk_length,has_signal,accident_count_50m,accident_count_100m,accident_count_200m,night_accident_ratio,link_count,is_oneway,time_gap_basic,risk_score,source_crosswalk_id,canonical_crosswalk_id,is_restored_in_sumo_network,sumo_restored_source,crossing_present,walkingarea_present,tlLogic_present,ped_link_indices,ped_has_green,ped_has_red,traci_status,route_smoke_status,final_verdict,runtime_status,registry_crosswalk_id,sumo_restored_level,phase6_ready_confirmed
LINK_249048,126.97407,37.55869645,¨ëë¬¸ë_5ê°,__,5,104,50,0.294659686,0,26.286,1,0,0,0,0,0,0,6.5715,17.62836164,LINK_249048,249048,FALSE,NOT_IN_FINAL_237,,,,,,,,,,,,NOT_IN_RESTORED_237,FALSE
NODE_10335,126.9691388,37.56806412,ì¶©ì_ë¡1ê°,_³µ,3,103,50,0.097727273,0,31.314,1,20,28,42,0.535714286,4,0,7.8285,17.33824152,NODE_10335,10335,FALSE,NOT_IN_FINAL_237,,,,,,,,,,,,NOT_IN_RESTORED_237,FALSE
NODE_8369,127.0116327,37.55385957,__,ì²µ¬,4,104,60,0.247846802,0,41.752,1,0,0,0,0,4,0,10.438,16.8947065,NODE_8369,8369,TRUE,phase6_ready_candidates_total_FINAL_237.csv,TRUE,TRUE,TRUE,[11],TRUE,TRUE,,,,,NODE_8369,RESTORED_SIGNAL_STRUCTURE_OK,FALSE
NODE_8426,127.0109559,37.55473271,__,ì²µ¬,4,104,60,0.247846802,0,41.752,1,0,0,0,0,4,0,10.438,16.8947065,NODE_8426,8426,FALSE,NOT_IN_FINAL_237,,,,,,,,,,,,NOT_IN_RESTORED_237,FALSE
NODE_5837,126.9742002,37.55863802,¨ëë¬¸ë_5ê°,__,5,104,50,0.294659686,0,52.19,1,0,0,0,0,2,0,13.0475,16.85948406,NODE_5837,5837,FALSE,NOT_IN_FINAL_237,,,,,,,,,,,,NOT_IN_RESTORED_237,FALSE
NODE_167173,126.9690472,37.56796525,ì¶©ì_ë¡1ê°,_³µ,3,103,50,0.097727273,0,31.314,1,17,28,43,0.535714286,2,0,7.8285,16.81115038,NODE_167173,167173,FALSE,NOT_IN_FINAL_237,,,,,,,,,,,,NOT_IN_RESTORED_237,FALSE
LINK_239754,126.9738135,37.55874664,¨ëë¬¸ë_5ê°,__,4,104,50,0.294659686,0,17.543,1,0,0,0,0,0,0,4.38575,16.7300684,LINK_239754,239754,FALSE,NOT_IN_FINAL_237,,,,,,,,,,,,NOT_IN_RESTORED_237,FALSE
NODE_74388,126.974071,37.55395107,¨ëë¬¸ë_5ê°,__,4,104,50,0.294659686,0,41.752,1,2,6,35,0.333333333,3,0,10.438,16.32970984,NODE_74388,74388,FALSE,NOT_IN_FINAL_237,,,,,,,,,,,,NOT_IN_RESTORED_237,FALSE
NODE_5846,126.9739357,37.55874323,¨ëë¬¸ë_5ê°,__,4,104,50,0.294659686,0,41.752,1,0,0,0,0,2,0,10.438,16.0795785,NODE_5846,5846,FALSE,NOT_IN_FINAL_237,,,,,,,,,,,,NOT_IN_RESTORED_237,FALSE
NODE_5830,126.9737315,37.55879125,¨ëë¬¸ë_5ê°,__,4,104,50,0.294659686,0,41.752,1,0,0,0,0,2,0,10.438,16.0795785,NODE_5830,5830,FALSE,NOT_IN_FINAL_237,,,,,,,,,,,,NOT_IN_RESTORED_237,FALSE
NODE_5831,126.9738954,37.55870203,¨ëë¬¸ë_5ê°,__,4,104,50,0.294659686,0,41.752,1,0,0,0,0,2,0,10.438,16.0795785,NODE_5831,5831,FALSE,NOT_IN_FINAL_237,,,,,,,,,,,,NOT_IN_RESTORED_237,FALSE
LINK_10218,126.9692223,37.55532691,ë´__2ê°,__,3,104,50,0.294659686,0,7.523,1,2,6,34,0.333333333,0,0,1.88075,15.93673013,LINK_10218,10218,FALSE,NOT_IN_FINAL_237,,,,,,,,,,,,NOT_IN_RESTORED_237,FALSE
LINK_140740,126.9692208,37.55525519,ë´__2ê°,__,3,104,50,0.294659686,0,8.415,1,2,6,34,0.333333333,0,0,2.10375,15.89536872,LINK_140740,140740,FALSE,NOT_IN_FINAL_237,,,,,,,,,,,,NOT_IN_RESTORED_237,FALSE
NODE_10060,126.9821811,37.56060394,__2ê°,__,3,104,50,0.294659686,0,31.314,1,0,0,1,0,4,0,7.8285,15.81658268,NODE_10060,10060,FALSE,NOT_IN_FINAL_237,,,,,,,,,,,,NOT_IN_RESTORED_237,FALSE
NODE_6342,126.9809478,37.56158464,¨ëë¬¸ë_3ê°,__,3,104,50,0.294659686,0,31.314,1,0,0,1,0,4,0,7.8285,15.81658268,NODE_6342,6342,FALSE,NOT_IN_FINAL_237,,,,,,,,,,,,NOT_IN_RESTORED_237,FALSE
NODE_5647,126.9672702,37.56589002,ì¶©ì_ë¡1ê°,_³µ,1,103,50,0.097727273,0,10.438,1,2,47,115,0.553191489,4,0,2.6095,15.77123885,NODE_5647,5647,FALSE,NOT_IN_FINAL_237,,,,,,,,,,,,NOT_IN_RESTORED_237,FALSE
NODE_9634,126.9670777,37.56587719,ì¶©ì_ë¡1ê°,_³µ,1,103,50,0.097727273,0,10.438,1,7,70,121,0.514285714,4,0,2.6095,15.77123885,NODE_9634,9634,FALSE,NOT_IN_FINAL_237,,,,,,,,,,,,NOT_IN_RESTORED_237,FALSE
LINK_212169,126.9769571,37.55761184,¨ì°½,__,3,104,50,0.294659686,0,12.75,1,0,0,0,0,0,0,3.1875,15.69588131,LINK_212169,212169,FALSE,NOT_IN_FINAL_237,,,,,,,,,,,,NOT_IN_RESTORED_237,FALSE
LINK_194891,126.981991,37.56050303,__2ê°,__,4,104,50,0.294659686,0,40.375,1,0,0,1,0,0,0,10.09375,15.6534225,LINK_194891,194891,FALSE,NOT_IN_FINAL_237,,,,,,,,,,,,NOT_IN_RESTORED_237,FALSE
LINK_153517,126.9769197,37.55773084,¨ì°½,__,3,104,50,0.294659686,0,14.478,1,0,0,0,0,0,0,3.6195,15.6170621,LINK_153517,153517,FALSE,NOT_IN_FINAL_237,,,,,,,,,,,,NOT_IN_RESTORED_237,FALSE
NODE_21869,126.9802482,37.5597398,__1ê°,__,3,104,50,0.294659686,0,31.314,1,0,0,0,0,3,0,7.8285,15.5743112,NODE_21869,21869,FALSE,NOT_IN_FINAL_237,,,,,,,,,,,,NOT_IN_RESTORED_237,FALSE
NODE_6425,126.9809525,37.55478198,__1ê°,__,3,104,50,0.294659686,0,31.314,1,0,0,0,0,3,0,7.8285,15.5743112,NODE_6425,6425,FALSE,NOT_IN_FINAL_237,,,,,,,,,,,,NOT_IN_RESTORED_237,FALSE
NODE_10067,126.9801622,37.55942872,__1ê°,__,3,104,50,0.294659686,0,31.314,1,0,0,0,0,3,0,7.8285,15.5743112,NODE_10067,10067,FALSE,NOT_IN_FINAL_237,,,,,,,,,,,,NOT_IN_RESTORED_237,FALSE
LINK_266939,126.9796404,37.55397505,¨ëë¬¸ë_5ê°,__,3,104,50,0.294659686,0,18.516,1,0,0,0,0,0,0,4.629,15.43441661,LINK_266939,266939,FALSE,NOT_IN_FINAL_237,,,,,,,,,,,,NOT_IN_RESTORED_237,FALSE
LINK_107613,126.9809337,37.55486436,__1ê°,__,3,104,50,0.294659686,0,18.584,1,0,0,0,0,0,0,4.646,15.43135921,LINK_107613,107613,FALSE,NOT_IN_FINAL_237,,,,,,,,,,,,NOT_IN_RESTORED_237,FALSE
NODE_8382,127.0106468,37.55448672,__,ì²µ¬,4,104,50,0.247846802,0,41.752,1,0,0,0,0,4,0,10.438,15.41507249,NODE_8382,8382,FALSE,NOT_IN_FINAL_237,,,,,,,,,,,,NOT_IN_RESTORED_237,FALSE
NODE_8431,127.0103896,37.55483574,__,ì²µ¬,4,104,50,0.247846802,0,41.752,1,0,0,0,0,4,0,10.438,15.41507249,NODE_8431,8431,FALSE,NOT_IN_FINAL_237,,,,,,,,,,,,NOT_IN_RESTORED_237,FALSE
NODE_6123,126.9785496,37.5586778,¨ì°½,__,3,104,50,0.294659686,0,31.314,1,0,0,0,0,2,0,7.8285,15.33575072,NODE_6123,6123,FALSE,NOT_IN_FINAL_237,,,,,,,,,,,,NOT_IN_RESTORED_237,FALSE
NODE_10333,126.9769396,37.55766756,¨ì°½,__,3,104,50,0.294659686,0,31.314,1,0,0,0,0,2,0,7.8285,15.33575072,NODE_10333,10333,FALSE,NOT_IN_FINAL_237,,,,,,,,,,,,NOT_IN_RESTORED_237,FALSE
NODE_14937,126.9691874,37.55560527,ë´__2ê°,__,3,104,50,0.294659686,0,31.314,1,1,5,26,0.4,2,0,7.8285,15.33575072,NODE_14937,14937,FALSE,NOT_IN_FINAL_237,,,,,,,,,,,,NOT_IN_RESTORED_237,FALSE
NODE_10377,126.969218,37.55521735,ë´__2ê°,__,3,104,50,0.294659686,0,31.314,1,2,6,34,0.333333333,2,0,7.8285,15.33575072,NODE_10377,10377,TRUE,phase6_ready_candidates_total_FINAL_237.csv,TRUE,TRUE,TRUE,[4],TRUE,TRUE,,,,,NODE_10377,RESTORED_SIGNAL_STRUCTURE_OK,FALSE
NODE_6153,126.9768998,37.55779411,¨ì°½,__,3,104,50,0.294659686,0,31.314,1,0,0,0,0,2,0,7.8285,15.33575072,NODE_6153,6153,FALSE,NOT_IN_FINAL_237,,,,,,,,,,,,NOT_IN_RESTORED_237,FALSE
NODE_6082,126.9769746,37.55755612,¨ì°½,__,3,104,50,0.294659686,0,31.314,1,0,0,0,0,2,0,7.8285,15.33575072,NODE_6082,6082,FALSE,NOT_IN_FINAL_237,,,,,,,,,,,,NOT_IN_RESTORED_237,FALSE
NODE_6122,126.9783167,37.5588288,¨ì°½,__,3,104,50,0.294659686,0,31.314,1,0,0,0,0,2,0,7.8285,15.33575072,NODE_6122,6122,FALSE,NOT_IN_FINAL_237,,,,,,,,,,,,NOT_IN_RESTORED_237,FALSE
NODE_10376,126.9691775,37.55521377,ë´__2ê°,__,3,104,50,0.294659686,0,31.314,1,2,6,34,0.333333333,2,0,7.8285,15.33575072,NODE_10376,10376,TRUE,phase6_ready_candidates_total_FINAL_237.csv,TRUE,TRUE,TRUE,[4],TRUE,TRUE,,,,,NODE_10376,RESTORED_SIGNAL_STRUCTURE_OK,FALSE
NODE_10378,126.9692235,37.55529304,ë´__2ê°,__,3,104,50,0.294659686,0,31.314,1,2,6,34,0.333333333,2,0,7.8285,15.33575072,NODE_10378,10378,FALSE,NOT_IN_FINAL_237,,,,,,,,,,,,NOT_IN_RESTORED_237,FALSE
NODE_150723,126.9691971,37.55516251,ë´__2ê°,__,3,104,50,0.294659686,0,31.314,1,2,7,35,0.428571429,2,0,7.8285,15.33575072,NODE_150723,150723,FALSE,NOT_IN_FINAL_237,,,,,,,,,,,,NOT_IN_RESTORED_237,FALSE
NODE_5681,126.9692211,37.55536079,ë´__2ê°,__,3,104,50,0.294659686,0,31.314,1,1,6,33,0.333333333,2,0,7.8285,15.33575072,NODE_5681,5681,FALSE,NOT_IN_FINAL_237,,,,,,,,,,,,NOT_IN_RESTORED_237,FALSE
NODE_125895,127.0113222,37.55370169,__,ì²µ¬,2,104,60,0.247846802,0,20.876,1,0,0,0,0,3,0,5.219,15.13239275,NODE_125895,125895,TRUE,phase6_ready_candidates_total_FINAL_237.csv,TRUE,TRUE,TRUE,[9],TRUE,TRUE,,,,,NODE_125895,RESTORED_SIGNAL_STRUCTURE_OK,FALSE
NODE_6212,126.9771935,37.5561407,¨ì°½,__,4,104,40,0.294659686,0,41.752,1,0,0,3,0,4,0,10.438,15.13133322,NODE_6212,6212,FALSE,NOT_IN_FINAL_237,,,,,,,,,,,,NOT_IN_RESTORED_237,FALSE
NODE_10262,126.9809132,37.56221627,¨ëë¬¸ë_3ê°,__,2,104,50,0.294659686,0,20.876,1,0,0,1,0,4,0,5.219,15.08492087,NODE_10262,10262,FALSE,NOT_IN_FINAL_237,,,,,,,,,,,,NOT_IN_RESTORED_237,FALSE
NODE_122781,126.9807695,37.56184322,¨ëë¬¸ë_3ê°,__,2,104,50,0.294659686,0,20.876,1,0,0,1,0,4,0,5.219,15.08492087,NODE_122781,122781,FALSE,NOT_IN_FINAL_237,,,,,,,,,,,,NOT_IN_RESTORED_237,FALSE
NODE_10381,126.9764525,37.55415182,¨ëë¬¸ë_5ê°,__,2,104,50,0.294659686,0,20.876,1,1,9,18,0.555555556,4,0,5.219,15.08492087,NODE_10381,10381,TRUE,phase6_ready_candidates_total_FINAL_237.csv,TRUE,TRUE,TRUE,[11],TRUE,TRUE,,,,,NODE_10381,RESTORED_SIGNAL_STRUCTURE_OK,FALSE
LINK_127869,126.980685,37.55530372,__1ê°,__,4,104,40,0.294659686,0,21.743,1,0,0,0,0,0,0,5.43575,15.07920848,LINK_127869,127869,FALSE,NOT_IN_FINAL_237,,,,,,,,,,,,NOT_IN_RESTORED_237,FALSE
LINK_230879,126.9784332,37.5587533,¨ì°½,__,3,104,50,0.294659686,0,26.539,1,0,0,0,0,0,0,6.63475,15.07783686,LINK_230879,230879,FALSE,NOT_IN_FINAL_237,,,,,,,,,,,,NOT_IN_RESTORED_237,FALSE
NODE_10273,127.0093969,37.55678419,__,ì²µ¬,4,104,50,0.247846802,0,41.752,1,0,0,0,0,2,0,10.438,14.94644664,NODE_10273,10273,FALSE,NOT_IN_FINAL_237,,,,,,,,,,,,NOT_IN_RESTORED_237,FALSE
NODE_8452,127.0090416,37.55665524,__,ì²µ¬,4,104,50,0.247846802,0,41.752,1,0,0,0,0,2,0,10.438,14.94644664,NODE_8452,8452,TRUE,phase6_ready_candidates_total_FINAL_237.csv,TRUE,TRUE,TRUE,[2],TRUE,TRUE,,,,,NODE_8452,RESTORED_SIGNAL_STRUCTURE_OK,FALSE
LINK_22103,126.9800989,37.55955457,__1ê°,__,3,104,50,0.294659686,0,30.092,1,0,0,0,0,0,0,7.523,14.9225682,LINK_22103,22103,FALSE,NOT_IN_FINAL_237,,,,,,,,,,,,NOT_IN_RESTORED_237,FALSE
NODE_5938,126.976897,37.56684067,__ë¡1ê°,ëª__,4,104,50,0.235762762,0,41.752,1,0,0,10,0,3,0,10.438,14.89530539,NODE_5938,5938,FALSE,NOT_IN_FINAL_237,,,,,,,,,,,,NOT_IN_RESTORED_237,FALSE
LINK_120139,127.0114775,37.55378063,__,ì²µ¬,4,104,50,0.247846802,0,32.553,1,0,0,0,0,0,0,8.13825,14.88570693,LINK_120139,120139,TRUE,phase6_ready_candidates_total_FINAL_237.csv,TRUE,TRUE,TRUE,[11],TRUE,TRUE,,,,,LINK_120139,RESTORED_SIGNAL_STRUCTURE_OK,FALSE
NODE_6127,126.9800356,37.55968043,__1ê°,__,2,104,50,0.294659686,0,20.876,1,0,0,0,0,3,0,5.219,14.85385666,NODE_6127,6127,FALSE,NOT_IN_FINAL_237,,,,,,,,,,,,NOT_IN_RESTORED_237,FALSE
NODE_6155,126.9799377,37.55963725,__1ê°,__,2,104,50,0.294659686,0,20.876,1,0,0,0,0,3,0,5.219,14.85385666,NODE_6155,6155,FALSE,NOT_IN_FINAL_237,,,,,,,,,,,,NOT_IN_RESTORED_237,FALSE
LINK_148203,126.9808587,37.56171393,¨ëë¬¸ë_3ê°,__,3,104,50,0.294659686,0,32.738,1,0,0,1,0,0,0,8.1845,14.80797578,LINK_148203,148203,FALSE,NOT_IN_FINAL_237,,,,,,,,,,,,NOT_IN_RESTORED_237,FALSE
LINK_106866,127.0092193,37.55671971,__,ì²µ¬,4,104,50,0.247846802,0,34.499,1,0,0,0,0,0,0,8.62475,14.80155247,LINK_106866,106866,FALSE,NOT_IN_FINAL_237,,,,,,,,,,,,NOT_IN_RESTORED_237,FALSE
NODE_10008,127.0164847,37.56525141,__,ì²µ¬,3,104,50,0.247846802,0,31.314,1,0,0,0,0,4,0,7.8285,14.7019842,NODE_10008,10008,FALSE,NOT_IN_FINAL_237,,,,,,,,,,,,NOT_IN_RESTORED_237,FALSE
NODE_10007,127.0164238,37.56519794,__,ì²µ¬,3,104,50,0.247846802,0,31.314,1,0,0,0,0,4,0,7.8285,14.7019842,NODE_10007,10007,FALSE,NOT_IN_FINAL_237,,,,,,,,,,,,NOT_IN_RESTORED_237,FALSE
LINK_171099,126.9876452,37.56789043,¥ê_,ëª__,4,104,50,0.235762762,0,30.434,1,4,23,71,0.782608696,0,0,7.6085,14.69799847,LINK_171099,171099,FALSE,NOT_IN_FINAL_237,,,,,,,,,,,,NOT_IN_RESTORED_237,FALSE
LINK_130571,126.9799866,37.55965884,__1ê°,__,2,104,50,0.294659686,0,9.893,1,0,0,0,0,0,0,2.47325,14.64280074,LINK_130571,130571,FALSE,NOT_IN_FINAL_237,,,,,,,,,,,,NOT_IN_RESTORED_237,FALSE
NODE_10383,126.9764867,37.55501003,¨ëë¬¸ë_5ê°,__,2,104,50,0.294659686,0,20.876,1,3,4,9,0.75,2,0,5.219,14.62633179,NODE_10383,10383,TRUE,phase6_ready_candidates_total_FINAL_237.csv,TRUE,TRUE,TRUE,[5],TRUE,TRUE,,,,,NODE_10383,RESTORED_SIGNAL_STRUCTURE_OK,FALSE
NODE_73919,126.9763335,37.55323298,¨ëë¬¸ë_5ê°,__,2,104,50,0.294659686,0,20.876,1,10,13,28,0.153846154,2,0,5.219,14.62633179,NODE_73919,73919,FALSE,NOT_IN_FINAL_237,,,,,,,,,,,,NOT_IN_RESTORED_237,FALSE
NODE_73917,126.9763248,37.5534927,¨ëë¬¸ë_5ê°,__,2,104,50,0.294659686,0,20.876,1,6,13,26,0.230769231,2,0,5.219,14.62633179,NODE_73917,73917,TRUE,phase6_ready_candidates_total_FINAL_237.csv,TRUE,TRUE,TRUE,[11],TRUE,TRUE,,,,,NODE_73917,RESTORED_SIGNAL_STRUCTURE_OK,FALSE
NODE_10382,126.9764245,37.55349426,¨ëë¬¸ë_5ê°,__,2,104,50,0.294659686,0,20.876,1,6,13,24,0.230769231,2,0,5.219,14.62633179,NODE_10382,10382,TRUE,phase6_ready_candidates_total_FINAL_237.csv,TRUE,TRUE,TRUE,[11],TRUE,TRUE,,,,,NODE_10382,RESTORED_SIGNAL_STRUCTURE_OK,FALSE
NODE_6210,126.9769664,37.55617727,¨ì°½,__,2,104,50,0.294659686,0,20.876,1,0,0,3,0,2,0,5.219,14.62633179,NODE_6210,6210,TRUE,phase6_ready_candidates_total_FINAL_237.csv,TRUE,TRUE,TRUE,[2],TRUE,TRUE,,,,,NODE_6210,RESTORED_SIGNAL_STRUCTURE_OK,FALSE
NODE_6137,126.9761004,37.55854917,¨ì°½,__,2,104,50,0.294659686,0,20.876,1,0,0,0,0,2,0,5.219,14.62633179,NODE_6137,6137,FALSE,NOT_IN_FINAL_237,,,,,,,,,,,,NOT_IN_RESTORED_237,FALSE
NODE_6084,126.9765407,37.55703425,¨ì°½,__,2,104,50,0.294659686,0,20.876,1,0,0,0,0,2,0,5.219,14.62633179,NODE_6084,6084,FALSE,NOT_IN_FINAL_237,,,,,,,,,,,,NOT_IN_RESTORED_237,FALSE
LINK_3009,127.0108013,37.55460971,__,ì²µ¬,4,104,50,0.247846802,0,38.615,1,0,0,0,0,0,0,9.65375,14.62512074,LINK_3009,3009,FALSE,NOT_IN_FINAL_237,,,,,,,,,,,,NOT_IN_RESTORED_237,FALSE
LINK_178464,127.0105276,37.55497877,__,ì²µ¬,4,104,50,0.247846802,0,40.033,1,0,0,0,0,0,0,10.00825,14.56482672,LINK_178464,178464,FALSE,NOT_IN_FINAL_237,,,,,,,,,,,,NOT_IN_RESTORED_237,FALSE
LINK_256826,126.9764917,37.55348349,¨ëë¬¸ë_5ê°,__,2,104,50,0.294659686,0,12.109,1,6,13,23,0.230769231,0,0,3.02725,14.54857098,LINK_256826,256826,TRUE,phase6_ready_candidates_total_FINAL_237.csv,TRUE,TRUE,TRUE,[11],TRUE,TRUE,,,,,LINK_256826,RESTORED_SIGNAL_STRUCTURE_OK,FALSE
LINK_268226,126.967174,37.56588361,ì¶©ì_ë¡1ê°,_³µ,1,103,50,0.097727273,0,17.065,1,3,61,117,0.524590164,0,0,4.26625,14.54339173,LINK_268226,268226,FALSE,NOT_IN_FINAL_237,,,,,,,,,,,,NOT_IN_RESTORED_237,FALSE
NODE_9494,127.0219406,37.5653791,__,ì²µ¬,3,104,50,0.247846802,0,31.314,1,0,0,10,0,3,0,7.8285,14.47678565,NODE_9494,9494,FALSE,NOT_IN_FINAL_237,,,,,,,,,,,,NOT_IN_RESTORED_237,FALSE
NODE_126178,127.0124969,37.56481349,__,ì²µ¬,3,104,50,0.247846802,0,31.314,1,0,0,0,0,3,0,7.8285,14.47678565,NODE_126178,126178,FALSE,NOT_IN_FINAL_237,,,,,,,,,,,,NOT_IN_RESTORED_237,FALSE
NODE_9115,127.0195968,37.5655666,__,ì²µ¬,3,104,50,0.247846802,0,31.314,1,0,0,0,0,3,0,7.8285,14.47678565,NODE_9115,9115,TRUE,phase6_ready_candidates_total_FINAL_237.csv,TRUE,TRUE,TRUE,[2],TRUE,TRUE,,,,,NODE_9115,RESTORED_SIGNAL_STRUCTURE_OK,FALSE
NODE_9103,127.0197779,37.56556657,__,ì²µ¬,3,104,50,0.247846802,0,31.314,1,0,0,0,0,3,0,7.8285,14.47678565,NODE_9103,9103,TRUE,phase6_ready_candidates_total_FINAL_237.csv,TRUE,TRUE,TRUE,[2],TRUE,TRUE,,,,,NODE_9103,RESTORED_SIGNAL_STRUCTURE_OK,FALSE
NODE_8086,127.0108438,37.56466037,__,ì²µ¬,3,104,50,0.247846802,0,31.314,1,0,0,0,0,3,0,7.8285,14.47678565,NODE_8086,8086,FALSE,NOT_IN_FINAL_237,,,,,,,,,,,,NOT_IN_RESTORED_237,FALSE
NODE_8083,127.0108783,37.56518673,__,ì²µ¬,3,104,50,0.247846802,0,31.314,1,0,0,0,0,3,0,7.8285,14.47678565,NODE_8083,8083,FALSE,NOT_IN_FINAL_237,,,,,,,,,,,,NOT_IN_RESTORED_237,FALSE
LINK_83815,126.9765329,37.55414635,¨ëë¬¸ë_5ê°,__,2,104,50,0.294659686,0,14.252,1,1,9,18,0.555555556,0,0,3.563,14.45802214,LINK_83815,83815,TRUE,phase6_ready_candidates_total_FINAL_237.csv,TRUE,TRUE,TRUE,[11],TRUE,TRUE,,,,,LINK_83815,RESTORED_SIGNAL_STRUCTURE_OK,FALSE
LINK_117132,126.9822811,37.56043488,__2ê°,__,3,104,50,0.294659686,0,41.277,1,0,0,1,0,0,0,10.31925,14.44413846,LINK_117132,117132,FALSE,NOT_IN_FINAL_237,,,,,,,,,,,,NOT_IN_RESTORED_237,FALSE
NODE_6471,126.9878021,37.56633831,_ë¡2ê°,ëª__,3,104,50,0.235762762,0,31.314,1,0,0,0,0,4,0,7.8285,14.42725141,NODE_6471,6471,FALSE,NOT_IN_FINAL_237,,,,,,,,,,,,NOT_IN_RESTORED_237,FALSE
NODE_23050,126.9896091,37.56610331,_ë¡2ê°,ëª__,3,104,50,0.235762762,0,31.314,1,0,0,0,0,4,0,7.8285,14.42725141,NODE_23050,23050,FALSE,NOT_IN_FINAL_237,,,,,,,,,,,,NOT_IN_RESTORED_237,FALSE
NODE_6453,126.9876213,37.56479811,1ê°,ëª__,3,104,50,0.235762762,0,31.314,1,0,0,0,0,4,0,7.8285,14.42725141,NODE_6453,6453,FALSE,NOT_IN_FINAL_237,,,,,,,,,,,,NOT_IN_RESTORED_237,FALSE
NODE_23068,126.9895746,37.56634818,_ë¡2ê°,ëª__,3,104,50,0.235762762,0,31.314,1,0,0,0,0,4,0,7.8285,14.42725141,NODE_23068,23068,TRUE,phase6_ready_candidates_total_FINAL_237.csv,TRUE,TRUE,TRUE,[11],TRUE,TRUE,,,,,NODE_23068,RESTORED_SIGNAL_STRUCTURE_OK,FALSE
NODE_9699,126.9878163,37.56787443,¥ê_,ëª__,3,104,50,0.235762762,0,31.314,1,4,21,65,0.80952381,4,0,7.8285,14.42725141,NODE_9699,9699,FALSE,NOT_IN_FINAL_237,,,,,,,,,,,,NOT_IN_RESTORED_237,FALSE
NODE_6473,126.9872588,37.5663474,_ë¡2ê°,ëª__,3,104,50,0.235762762,0,31.314,1,0,0,1,0,4,0,7.8285,14.42725141,NODE_6473,6473,FALSE,NOT_IN_FINAL_237,,,,,,,,,,,,NOT_IN_RESTORED_237,FALSE
NODE_6337,126.9818009,37.56040212,ì¶©ë¬´ë¡1ê°,ëª__,3,104,50,0.235762762,0,31.314,1,0,0,1,0,4,0,7.8285,14.42725141,NODE_6337,6337,FALSE,NOT_IN_FINAL_237,,,,,,,,,,,,NOT_IN_RESTORED_237,FALSE
NODE_122543,126.989451,37.5661033,_ë¡2ê°,ëª__,3,104,50,0.235762762,0,31.314,1,0,0,0,0,4,0,7.8285,14.42725141,NODE_122543,122543,FALSE,NOT_IN_FINAL_237,,,,,,,,,,,,NOT_IN_RESTORED_237,FALSE
NODE_6281,126.9824446,37.565869,_ë¡1ê°,ëª__,3,104,50,0.235762762,0,31.314,1,0,0,0,0,4,0,7.8285,14.42725141,NODE_6281,6281,FALSE,NOT_IN_FINAL_237,,,,,,,,,,,,NOT_IN_RESTORED_237,FALSE
NODE_6467,126.989438,37.56633846,_ë¡2ê°,ëª__,3,104,50,0.235762762,0,31.314,1,0,0,0,0,4,0,7.8285,14.42725141,NODE_6467,6467,TRUE,phase6_ready_candidates_total_FINAL_237.csv,TRUE,TRUE,TRUE,[11],TRUE,TRUE,,,,,NODE_6467,RESTORED_SIGNAL_STRUCTURE_OK,FALSE
NODE_6477,126.987279,37.56594233,_ë¡2ê°,ëª__,3,104,50,0.235762762,0,31.314,1,0,0,0,0,4,0,7.8285,14.42725141,NODE_6477,6477,FALSE,NOT_IN_FINAL_237,,,,,,,,,,,,NOT_IN_RESTORED_237,FALSE
NODE_6452,126.987765,37.5648027,1ê°,ëª__,3,104,50,0.235762762,0,31.314,1,0,0,0,0,4,0,7.8285,14.42725141,NODE_6452,6452,FALSE,NOT_IN_FINAL_237,,,,,,,,,,,,NOT_IN_RESTORED_237,FALSE
NODE_6465,126.9877936,37.56597672,_ë¡2ê°,ëª__,3,104,50,0.235762762,0,31.314,1,0,0,0,0,4,0,7.8285,14.42725141,NODE_6465,6465,FALSE,NOT_IN_FINAL_237,,,,,,,,,,,,NOT_IN_RESTORED_237,FALSE
NODE_6283,126.9824532,37.56619169,_ë¡1ê°,ëª__,3,104,50,0.235762762,0,31.314,1,0,0,0,0,4,0,7.8285,14.42725141,NODE_6283,6283,FALSE,NOT_IN_FINAL_237,,,,,,,,,,,,NOT_IN_RESTORED_237,FALSE
NODE_5960,126.9793986,37.56587309,_ë¡1ê°,ëª__,3,104,50,0.235762762,0,31.314,1,0,0,11,0,4,0,7.8285,14.42725141,NODE_5960,5960,FALSE,NOT_IN_FINAL_237,,,,,,,,,,,,NOT_IN_RESTORED_237,FALSE
NODE_6284,126.9829333,37.56621007,¨ëë¬¸ë_1ê°,ëª__,3,104,50,0.235762762,0,31.314,1,0,0,0,0,4,0,7.8285,14.42725141,NODE_6284,6284,FALSE,NOT_IN_FINAL_237,,,,,,,,,,,,NOT_IN_RESTORED_237,FALSE
NODE_5976,126.9793669,37.56612482,_ë¡1ê°,ëª__,3,104,50,0.235762762,0,31.314,1,0,0,9,0,4,0,7.8285,14.42725141,NODE_5976,5976,FALSE,NOT_IN_FINAL_237,,,,,,,,,,,,NOT_IN_RESTORED_237,FALSE
NODE_6237,126.9826021,37.56860611,¨ëë¬¸ë_1ê°,ëª__,3,104,50,0.235762762,0,31.314,1,4,18,94,0.666666667,4,0,7.8285,14.42725141,NODE_6237,6237,FALSE,NOT_IN_FINAL_237,,,,,,,,,,,,NOT_IN_RESTORED_237,FALSE
LINK_446,126.9762959,37.55317006,¨ëë¬¸ë_5ê°,__,2,104,50,0.294659686,0,15.469,1,11,13,29,0.153846154,0,0,3.86725,14.406851,LINK_446,446,FALSE,NOT_IN_FINAL_237,,,,,,,,,,,,NOT_IN_RESTORED_237,FALSE
NODE_10061,126.9823901,37.56027212,__2ê°,__,1,104,50,0.294659686,0,10.438,1,0,0,1,0,4,0,2.6095,14.38710511,NODE_10061,10061,FALSE,NOT_IN_FINAL_237,,,,,,,,,,,,NOT_IN_RESTORED_237,FALSE
NODE_6213,126.9767537,37.55607654,¨ì°½,__,1,104,50,0.294659686,0,10.438,1,0,0,3,0,4,0,2.6095,14.38710511,NODE_6213,6213,FALSE,NOT_IN_FINAL_237,,,,,,,,,,,,NOT_IN_RESTORED_237,FALSE
LINK_9791,126.9876931,37.5648004,1ê°,ëª__,3,104,50,0.235762762,0,12.71,1,0,0,0,0,0,0,3.1775,14.31882101,LINK_9791,9791,FALSE,NOT_IN_FINAL_237,,,,,,,,,,,,NOT_IN_RESTORED_237,FALSE
LINK_33923,126.9818414,37.56020476,__2ê°,__,3,104,50,0.294659686,0,44.486,1,0,0,1,0,0,0,11.1215,14.30972951,LINK_33923,33923,FALSE,NOT_IN_FINAL_237,,,,,,,,,,,,NOT_IN_RESTORED_237,FALSE
LINK_19394,126.9760171,37.5584988,¨ì°½,__,2,104,50,0.294659686,0,18.491,1,0,0,0,0,0,0,4.62275,14.28056696,LINK_19394,19394,FALSE,NOT_IN_FINAL_237,,,,,,,,,,,,NOT_IN_RESTORED_237,FALSE
NODE_8669,127.0141098,37.56523669,__,ì²µ¬,3,104,50,0.247846802,0,31.314,1,0,0,0,0,2,0,7.8285,14.25503659,NODE_8669,8669,FALSE,NOT_IN_FINAL_237,,,,,,,,,,,,NOT_IN_RESTORED_237,FALSE
NODE_8668,127.0141529,37.56500783,__,ì²µ¬,3,104,50,0.247846802,0,31.314,1,0,0,0,0,2,0,7.8285,14.25503659,NODE_8668,8668,FALSE,NOT_IN_FINAL_237,,,,,,,,,,,,NOT_IN_RESTORED_237,FALSE
LINK_86949,126.9765891,37.55497743,¨ëë¬¸ë_5ê°,__,2,104,50,0.294659686,0,19.48,1,3,4,9,0.75,0,0,4.87,14.23947928,LINK_86949,86949,TRUE,phase6_ready_candidates_total_FINAL_237.csv,TRUE,TRUE,TRUE,[5],TRUE,TRUE,,,,,LINK_86949,RESTORED_SIGNAL_STRUCTURE_OK,FALSE
LINK_224750,126.9801409,37.55971359,__1ê°,__,2,104,50,0.294659686,0,19.966,1,0,0,0,0,0,0,4.9915,14.21933191,LINK_224750,224750,FALSE,NOT_IN_FINAL_237,,,,,,,,,,,,NOT_IN_RESTORED_237,FALSE
NODE_6480,126.9855856,37.56599935,_ë¡2ê°,ëª__,3,104,50,0.235762762,0,31.314,1,0,0,0,0,3,0,7.8285,14.20626109,NODE_6480,6480,FALSE,NOT_IN_FINAL_237,,,,,,,,,,,,NOT_IN_RESTORED_237,FALSE
NODE_5949,126.9773743,37.56684763,__ë¡1ê°,ëª__,3,104,50,0.235762762,0,31.314,1,0,9,10,0.333333333,3,0,7.8285,14.20626109,NODE_5949,5949,FALSE,NOT_IN_FINAL_237,,,,,,,,,,,,NOT_IN_RESTORED_237,FALSE
NODE_10331,126.985574,37.56622134,_ë¡2ê°,ëª__,3,104,50,0.235762762,0,31.314,1,0,0,0,0,3,0,7.8285,14.20626109,NODE_10331,10331,TRUE,phase6_ready_candidates_total_FINAL_237.csv,TRUE,TRUE,TRUE,[6],TRUE,TRUE,,,,,NODE_10331,RESTORED_SIGNAL_STRUCTURE_OK,FALSE
LINK_63043,126.9771356,37.56684415,__ë¡1ê°,ëª__,4,104,50,0.235762762,0,42.171,1,0,0,10,0,0,0,10.54275,14.20390781,LINK_63043,63043,FALSE,NOT_IN_FINAL_237,,,,,,,,,,,,NOT_IN_RESTORED_237,FALSE
NODE_6419,126.9818682,37.5600057,__2ê°,__,1,104,50,0.294659686,0,10.438,1,0,0,1,0,3,0,2.6095,14.16672974,NODE_6419,6419,FALSE,NOT_IN_FINAL_237,,,,,,,,,,,,NOT_IN_RESTORED_237,FALSE
NODE_6424,126.9817832,37.55473176,__1ê°,__,1,104,50,0.294659686,0,10.438,1,0,0,0,0,3,0,2.6095,14.16672974,NODE_6424,6424,FALSE,NOT_IN_FINAL_237,,,,,,,,,,,,NOT_IN_RESTORED_237,FALSE
NODE_119044,126.9696784,37.56171273,_£¼ë¡2ê°,ì¤_¦¼,4,104,50,0.190199131,0,41.752,1,3,14,30,0.5,4,0,10.438,14.08845743,NODE_119044,119044,FALSE,NOT_IN_FINAL_237,,,,,,,,,,,,NOT_IN_RESTORED_237,FALSE
LINK_273448,127.0028686,37.56349712,_¦¼,ê´__,4,104,50,0.180155918,0,15.24,1,0,0,0,0,0,0,3.81,14.08588053,LINK_273448,273448,FALSE,NOT_IN_FINAL_237,,,,,,,,,,,,NOT_IN_RESTORED_237,FALSE
LINK_42623,127.0141313,37.56512226,__,ì²µ¬,3,104,50,0.247846802,0,25.684,1,0,0,0,0,0,0,6.421,14.05025262,LINK_42623,42623,FALSE,NOT_IN_FINAL_237,,,,,,,,,,,,NOT_IN_RESTORED_237,FALSE
NODE_8725,127.0137539,37.56045599,__,ì²µ¬,2,104,50,0.247846802,0,20.876,1,0,0,0,0,4,0,5.219,14.02188277,NODE_8725,8725,FALSE,NOT_IN_FINAL_237,,,,,,,,,,,,NOT_IN_RESTORED_237,FALSE
NODE_8902,127.0138199,37.56007151,__,ì²µ¬,2,104,50,0.247846802,0,20.876,1,0,0,0,0,4,0,5.219,14.02188277,NODE_8902,8902,FALSE,NOT_IN_FINAL_237,,,,,,,,,,,,NOT_IN_RESTORED_237,FALSE
NODE_10279,127.013567,37.56017681,__,ì²µ¬,2,104,50,0.247846802,0,20.876,1,0,0,0,0,4,0,5.219,14.02188277,NODE_10279,10279,TRUE,phase6_ready_candidates_total_FINAL_237.csv,TRUE,TRUE,TRUE,[2],TRUE,TRUE,,,,,NODE_10279,RESTORED_SIGNAL_STRUCTURE_OK,FALSE
NODE_10419,127.0234851,37.56532788,__,ì²µ¬,2,104,50,0.247846802,0,20.876,1,5,12,22,0.5,4,0,5.219,14.02188277,NODE_10419,10419,FALSE,NOT_IN_FINAL_237,,,,,,,,,,,,NOT_IN_RESTORED_237,FALSE
NODE_8429,127.0106656,37.55512179,__,ì²µ¬,2,104,50,0.247846802,0,20.876,1,0,0,0,0,4,0,5.219,14.02188277,NODE_8429,8429,FALSE,NOT_IN_FINAL_237,,,,,,,,,,,,NOT_IN_RESTORED_237,FALSE
NODE_8717,127.0139925,37.5603484,__,ì²µ¬,2,104,50,0.247846802,0,20.876,1,0,0,0,0,4,0,5.219,14.02188277,NODE_8717,8717,FALSE,NOT_IN_FINAL_237,,,,,,,,,,,,NOT_IN_RESTORED_237,FALSE
NODE_8734,127.0152665,37.56305786,__,ì²µ¬,2,104,50,0.247846802,0,20.876,1,0,0,0,0,4,0,5.219,14.02188277,NODE_8734,8734,FALSE,NOT_IN_FINAL_237,,,,,,,,,,,,NOT_IN_RESTORED_237,FALSE
NODE_8733,127.0155195,37.56296171,__,ì²µ¬,2,104,50,0.247846802,0,20.876,1,0,0,0,0,4,0,5.219,14.02188277,NODE_8733,8733,FALSE,NOT_IN_FINAL_237,,,,,,,,,,,,NOT_IN_RESTORED_237,FALSE
NODE_6312,126.9837998,37.56084358,ì¶©ë¬´ë¡1ê°,ëª__,3,104,50,0.235762762,0,31.314,1,0,0,1,0,2,0,7.8285,13.98865581,NODE_6312,6312,FALSE,NOT_IN_FINAL_237,,,,,,,,,,,,NOT_IN_RESTORED_237,FALSE
NODE_6310,126.9838373,37.56061016,__3ê°,ëª__,3,104,50,0.235762762,0,31.314,1,0,0,1,0,2,0,7.8285,13.98865581,NODE_6310,6310,FALSE,NOT_IN_FINAL_237,,,,,,,,,,,,NOT_IN_RESTORED_237,FALSE
NODE_6511,126.9861385,37.56082505,ì¶©ë¬´ë¡2ê°,ëª__,3,104,50,0.235762762,0,31.314,1,0,0,0,0,2,0,7.8285,13.98865581,NODE_6511,6511,FALSE,NOT_IN_FINAL_237,,,,,,,,,,,,NOT_IN_RESTORED_237,FALSE
NODE_6512,126.9860925,37.5610539,ì¶©ë¬´ë¡2ê°,ëª__,3,104,50,0.235762762,0,31.314,1,0,0,0,0,2,0,7.8285,13.98865581,NODE_6512,6512,FALSE,NOT_IN_FINAL_237,,,,,,,,,,,,NOT_IN_RESTORED_237,FALSE
LINK_18211,126.9875305,37.56634285,_ë¡2ê°,ëª__,4,104,50,0.235762762,0,48.017,1,0,0,1,0,0,0,12.00425,13.96404169,LINK_18211,18211,FALSE,NOT_IN_FINAL_237,,,,,,,,,,,,NOT_IN_RESTORED_237,FALSE
NODE_6068,126.976299,37.55702756,¨ì°½,__,1,104,50,0.294659686,0,10.438,1,0,0,0,0,2,0,2.6095,13.94972998,NODE_6068,6068,FALSE,NOT_IN_FINAL_237,,,,,,,,,,,,NOT_IN_RESTORED_237,FALSE
NODE_9650,126.9759337,37.55844844,¨ì°½,__,1,104,50,0.294659686,0,10.438,1,0,0,0,0,2,0,2.6095,13.94972998,NODE_9650,9650,TRUE,phase6_ready_candidates_total_FINAL_237.csv,TRUE,TRUE,TRUE,[1],TRUE,TRUE,,,,,NODE_9650,RESTORED_SIGNAL_STRUCTURE_OK,FALSE
NODE_7854,127.0060809,37.55890162,¥ì¶©2ê°,__,4,104,50,0.183827697,0,41.752,1,0,0,0,0,4,0,10.438,13.94902788,NODE_7854,7854,FALSE,NOT_IN_FINAL_237,,,,,,,,,,,,NOT_IN_RESTORED_237,FALSE
LINK_167180,126.9983614,37.56413928,_,ê´__,4,104,50,0.180155918,0,19.311,1,1,1,1,0,0,0,4.82775,13.91980427,LINK_167180,167180,FALSE,NOT_IN_FINAL_237,,,,,,,,,,,,NOT_IN_RESTORED_237,FALSE
NODE_5665,126.9700234,37.56184098,_£¼ë¡2ê°,ì¤_¦¼,4,104,50,0.190199131,0,41.752,1,1,13,26,0.538461538,3,0,10.438,13.87265661,NODE_5665,5665,FALSE,NOT_IN_FINAL_237,,,,,,,,,,,,NOT_IN_RESTORED_237,FALSE
NODE_7509,127.0028168,37.56344219,_¦¼,ê´__,4,104,50,0.180155918,0,41.752,1,0,0,0,0,4,0,10.438,13.86930397,NODE_7509,7509,FALSE,NOT_IN_FINAL_237,,,,,,,,,,,,NOT_IN_RESTORED_237,FALSE
NODE_9824,126.998355,37.56309665,ì¶©ë¬´ë¡4ê°,ê´__,4,104,50,0.180155918,0,41.752,1,0,0,1,0,4,0,10.438,13.86930397,NODE_9824,9824,FALSE,NOT_IN_FINAL_237,,,,,,,,,,,,NOT_IN_RESTORED_237,FALSE
NODE_9826,126.9982543,37.56412191,_,ê´__,4,104,50,0.180155918,0,41.752,1,1,1,1,0,4,0,10.438,13.86930397,NODE_9826,9826,FALSE,NOT_IN_FINAL_237,,,,,,,,,,,,NOT_IN_RESTORED_237,FALSE
NODE_9902,127.0070387,37.5643643,ê´__2ê°,ê´__,4,104,50,0.180155918,0,41.752,1,0,0,0,0,4,0,10.438,13.86930397,NODE_9902,9902,FALSE,NOT_IN_FINAL_237,,,,,,,,,,,,NOT_IN_RESTORED_237,FALSE
NODE_9829,126.998171,37.5641837,_,ê´__,4,104,50,0.180155918,0,41.752,1,1,1,1,0,4,0,10.438,13.86930397,NODE_9829,9829,FALSE,NOT_IN_FINAL_237,,,,,,,,,,,,NOT_IN_RESTORED_237,FALSE
LINK_190856,126.9763248,37.55336256,¨ëë¬¸ë_5ê°,__,2,104,50,0.294659686,0,28.885,1,7,13,27,0.153846154,0,0,7.22125,13.85461113,LINK_190856,190856,FALSE,NOT_IN_FINAL_237,,,,,,,,,,,,NOT_IN_RESTORED_237,FALSE
LINK_251889,127.0108079,37.56505972,__,ì²µ¬,3,104,50,0.247846802,0,30.819,1,0,0,0,0,0,0,7.70475,13.84162326,LINK_251889,251889,FALSE,NOT_IN_FINAL_237,,,,,,,,,,,,NOT_IN_RESTORED_237,FALSE
LINK_27194,126.9855798,37.56611035,_ë¡2ê°,ëª__,3,104,50,0.235762762,0,24.659,1,0,0,0,0,0,0,6.16475,13.82893299,LINK_27194,27194,FALSE,NOT_IN_FINAL_237,,,,,,,,,,,,NOT_IN_RESTORED_237,FALSE
LINK_50304,126.9861155,37.56093947,ì¶©ë¬´ë¡2ê°,ëª__,3,104,50,0.235762762,0,25.723,1,0,0,0,0,0,0,6.43075,13.78613211,LINK_50304,50304,FALSE,NOT_IN_FINAL_237,,,,,,,,,,,,NOT_IN_RESTORED_237,FALSE
LINK_261783,127.0108026,37.56480327,__,ì²µ¬,3,104,50,0.247846802,0,32.218,1,0,0,0,0,0,0,8.0545,13.78532236,LINK_261783,261783,FALSE,NOT_IN_FINAL_237,,,,,,,,,,,,NOT_IN_RESTORED_237,FALSE
LINK_174074,126.9838186,37.56072687,__3ê°,ëª__,3,104,50,0.235762762,0,26.118,1,0,0,1,0,0,0,6.5295,13.77027642,LINK_174074,174074,FALSE,NOT_IN_FINAL_237,,,,,,,,,,,,NOT_IN_RESTORED_237,FALSE
LINK_74276,126.9894445,37.56622088,_ë¡2ê°,ëª__,3,104,50,0.235762762,0,26.126,1,0,0,0,0,0,0,6.5315,13.76995548,LINK_74276,74276,TRUE,phase6_ready_candidates_total_FINAL_237.csv,TRUE,TRUE,TRUE,[11],TRUE,TRUE,,,,,LINK_74276,RESTORED_SIGNAL_STRUCTURE_OK,FALSE
NODE_6246,126.9825302,37.5687045,¤ë_,ëª__,2,104,50,0.235762762,0,20.876,1,6,22,106,0.727272727,4,0,5.219,13.75985889,NODE_6246,6246,FALSE,NOT_IN_FINAL_237,,,,,,,,,,,,NOT_IN_RESTORED_237,FALSE
NODE_10341,126.9791318,37.56893967,ë¬´ê_,ëª__,2,104,50,0.235762762,0,20.876,1,1,4,58,0.25,4,0,5.219,13.75985889,NODE_10341,10341,FALSE,NOT_IN_FINAL_237,,,,,,,,,,,,NOT_IN_RESTORED_237,FALSE
NODE_6240,126.9829874,37.56874576,¨ëë¬¸ë_1ê°,ëª__,2,104,50,0.235762762,0,20.876,1,8,27,121,0.777777778,4,0,5.219,13.75985889,NODE_6240,6240,FALSE,NOT_IN_FINAL_237,,,,,,,,,,,,NOT_IN_RESTORED_237,FALSE
NODE_5908,126.9791634,37.56903351,ë¬´ê_,ëª__,2,104,50,0.235762762,0,20.876,1,2,4,59,0.25,4,0,5.219,13.75985889,NODE_5908,5908,FALSE,NOT_IN_FINAL_237,,,,,,,,,,,,NOT_IN_RESTORED_237,FALSE
NODE_6447,126.9875725,37.56440676,1ê°,ëª__,2,104,50,0.235762762,0,20.876,1,0,0,0,0,4,0,5.219,13.75985889,NODE_6447,6447,FALSE,NOT_IN_FINAL_237,,,,,,,,,,,,NOT_IN_RESTORED_237,FALSE
NODE_6456,126.9874747,37.56478436,1ê°,ëª__,2,104,50,0.235762762,0,20.876,1,0,0,0,0,4,0,5.219,13.75985889,NODE_6456,6456,FALSE,NOT_IN_FINAL_237,,,,,,,,,,,,NOT_IN_RESTORED_237,FALSE
NODE_6446,126.9877162,37.56444568,1ê°,ëª__,2,104,50,0.235762762,0,20.876,1,0,0,0,0,4,0,5.219,13.75985889,NODE_6446,6446,FALSE,NOT_IN_FINAL_237,,,,,,,,,,,,NOT_IN_RESTORED_237,FALSE
NODE_21867,126.9893094,37.56135632,ì¶©ë¬´ë¡2ê°,ëª__,2,104,50,0.235762762,0,20.876,1,0,0,0,0,4,0,5.219,13.75985889,NODE_21867,21867,FALSE,NOT_IN_FINAL_237,,,,,,,,,,,,NOT_IN_RESTORED_237,FALSE
NODE_6498,126.9878622,37.5679225,¥ê_,ëª__,2,104,50,0.235762762,0,20.876,1,5,23,64,0.782608696,4,0,5.219,13.75985889,NODE_6498,6498,FALSE,NOT_IN_FINAL_237,,,,,,,,,,,,NOT_IN_RESTORED_237,FALSE
NODE_6497,126.9878651,37.56802548,¥ê_,ëª__,2,104,50,0.235762762,0,20.876,1,14,30,80,0.633333333,4,0,5.219,13.75985889,NODE_6497,6497,FALSE,NOT_IN_FINAL_237,,,,,,,,,,,,NOT_IN_RESTORED_237,FALSE
NODE_31146,126.9793576,37.5690461,ë¬´ê_,ëª__,2,104,50,0.235762762,0,20.876,1,2,4,61,0.25,4,0,5.219,13.75985889,NODE_31146,31146,FALSE,NOT_IN_FINAL_237,,,,,,,,,,,,NOT_IN_RESTORED_237,FALSE
NODE_120933,126.9825446,37.56879605,¨ëë¬¸ë_1ê°,ëª__,2,104,50,0.235762762,0,20.876,1,9,27,114,0.740740741,4,0,5.219,13.75985889,NODE_120933,120933,FALSE,NOT_IN_FINAL_237,,,,,,,,,,,,NOT_IN_RESTORED_237,FALSE
NODE_6238,126.9829443,37.56857412,¨ëë¬¸ë_1ê°,ëª__,2,104,50,0.235762762,0,20.876,1,3,18,96,0.666666667,4,0,5.219,13.75985889,NODE_6238,6238,FALSE,NOT_IN_FINAL_237,,,,,,,,,,,,NOT_IN_RESTORED_237,FALSE
NODE_6239,126.9829874,37.5685993,¨ëë¬¸ë_1ê°,ëª__,2,104,50,0.235762762,0,20.876,1,3,19,98,0.684210526,4,0,5.219,13.75985889,NODE_6239,6239,FALSE,NOT_IN_FINAL_237,,,,,,,,,,,,NOT_IN_RESTORED_237,FALSE
LINK_67578,126.9793827,37.56599896,_ë¡1ê°,ëª__,3,104,50,0.235762762,0,28.079,1,0,0,10,0,0,0,7.01975,13.69182955,LINK_67578,67578,FALSE,NOT_IN_FINAL_237,,,,,,,,,,,,NOT_IN_RESTORED_237,FALSE
NODE_9920,127.0029203,37.56355204,_¦¼,ê´__,4,104,50,0.180155918,0,41.752,1,0,0,0,0,3,0,10.438,13.65686005,NODE_9920,9920,FALSE,NOT_IN_FINAL_237,,,,,,,,,,,,NOT_IN_RESTORED_237,FALSE
NODE_8572,127.0157523,37.56951832,¥ì_,__,3,104,50,0.199819779,0,31.314,1,1,9,36,0.111111111,4,0,7.8285,13.64005508,NODE_8572,8572,FALSE,NOT_IN_FINAL_237,,,,,,,,,,,,NOT_IN_RESTORED_237,FALSE
NODE_8576,127.0158498,37.5682024,¥ì_,__,3,104,50,0.199819779,0,31.314,1,0,0,4,0,4,0,7.8285,13.64005508,NODE_8576,8576,FALSE,NOT_IN_FINAL_237,,,,,,,,,,,,NOT_IN_RESTORED_237,FALSE
NODE_10009,127.016467,37.56559385,¥ì_,__,3,104,50,0.199819779,0,31.314,1,0,0,0,0,4,0,7.8285,13.64005508,NODE_10009,10009,FALSE,NOT_IN_FINAL_237,,,,,,,,,,,,NOT_IN_RESTORED_237,FALSE
NODE_8574,127.0160657,37.56955947,¥ì_,__,3,104,50,0.199819779,0,31.314,1,1,9,35,0.111111111,4,0,7.8285,13.64005508,NODE_8574,8574,FALSE,NOT_IN_FINAL_237,,,,,,,,,,,,NOT_IN_RESTORED_237,FALSE
NODE_8676,127.0159254,37.56548934,¥ì_,__,3,104,50,0.199819779,0,31.314,1,0,0,0,0,4,0,7.8285,13.64005508,NODE_8676,8676,FALSE,NOT_IN_FINAL_237,,,,,,,,,,,,NOT_IN_RESTORED_237,FALSE
NODE_8581,127.0161459,37.56820465,¥ì_,__,3,104,50,0.199819779,0,31.314,1,0,0,2,0,4,0,7.8285,13.64005508,NODE_8581,8581,FALSE,NOT_IN_FINAL_237,,,,,,,,,,,,NOT_IN_RESTORED_237,FALSE
LINK_206382,126.9669565,37.56575291,ì¶©ì_ë¡2ê°,ì¶©í_,4,104,50,0.195434298,0,34.931,1,8,73,123,0.520547945,0,0,8.73275,13.62158739,LINK_206382,206382,FALSE,NOT_IN_FINAL_237,,,,,,,,,,,,NOT_IN_RESTORED_237,FALSE
NODE_8022,127.0066534,37.54790628,__,ì²µ¬,2,104,50,0.247846802,0,20.876,1,0,0,0,0,2,0,5.219,13.59561058,NODE_8022,8022,FALSE,NOT_IN_FINAL_237,,,,,,,,,,,,NOT_IN_RESTORED_237,FALSE
NODE_8024,127.0066605,37.54769303,__,ì²µ¬,2,104,50,0.247846802,0,20.876,1,0,0,0,0,2,0,5.219,13.59561058,NODE_8024,8024,TRUE,phase6_ready_candidates_total_FINAL_237.csv,TRUE,TRUE,TRUE,[6],TRUE,TRUE,,,,,NODE_8024,RESTORED_SIGNAL_STRUCTURE_OK,FALSE
NODE_8026,127.0065327,37.54766713,__,ì²µ¬,2,104,50,0.247846802,0,20.876,1,0,0,0,0,2,0,5.219,13.59561058,NODE_8026,8026,FALSE,NOT_IN_FINAL_237,,,,,,,,,,,,NOT_IN_RESTORED_237,FALSE
NODE_8021,127.0067483,37.54771861,__,ì²µ¬,2,104,50,0.247846802,0,20.876,1,0,0,0,0,2,0,5.219,13.59561058,NODE_8021,8021,FALSE,NOT_IN_FINAL_237,,,,,,,,,,,,NOT_IN_RESTORED_237,FALSE
NODE_8371,127.0094796,37.55327847,__,ì²µ¬,2,104,50,0.247846802,0,20.876,1,0,0,0,0,2,0,5.219,13.59561058,NODE_8371,8371,TRUE,phase6_ready_candidates_total_FINAL_237.csv,TRUE,TRUE,TRUE,[22],TRUE,TRUE,,,,,NODE_8371,RESTORED_SIGNAL_STRUCTURE_OK,FALSE
NODE_8378,127.0106439,37.55438602,__,ì²µ¬,2,104,50,0.247846802,0,20.876,1,0,0,0,0,2,0,5.219,13.59561058,NODE_8378,8378,FALSE,NOT_IN_FINAL_237,,,,,,,,,,,,NOT_IN_RESTORED_237,FALSE
NODE_8722,127.0143261,37.56147203,__,ì²µ¬,2,104,50,0.247846802,0,20.876,1,0,0,0,0,2,0,5.219,13.59561058,NODE_8722,8722,TRUE,phase6_ready_candidates_total_FINAL_237.csv,TRUE,TRUE,TRUE,[2],TRUE,TRUE,,,,,NODE_8722,RESTORED_SIGNAL_STRUCTURE_OK,FALSE
NODE_8721,127.0145964,37.56136901,__,ì²µ¬,2,104,50,0.247846802,0,20.876,1,0,0,0,0,2,0,5.219,13.59561058,NODE_8721,8721,FALSE,NOT_IN_FINAL_237,,,,,,,,,,,,NOT_IN_RESTORED_237,FALSE
NODE_8834,127.0122412,37.55733688,__,ì²µ¬,2,104,50,0.247846802,0,20.876,1,0,0,0,0,2,0,5.219,13.59561058,NODE_8834,8834,FALSE,NOT_IN_FINAL_237,,,,,,,,,,,,NOT_IN_RESTORED_237,FALSE
NODE_8423,127.0103967,37.55458515,__,ì²µ¬,2,104,50,0.247846802,0,20.876,1,0,0,0,0,2,0,5.219,13.59561058,NODE_8423,8423,FALSE,NOT_IN_FINAL_237,,,,,,,,,,,,NOT_IN_RESTORED_237,FALSE
NODE_8912,127.0126928,37.55868021,__,ì²µ¬,2,104,50,0.247846802,0,20.876,1,0,0,0,0,2,0,5.219,13.59561058,NODE_8912,8912,FALSE,NOT_IN_FINAL_237,,,,,,,,,,,,NOT_IN_RESTORED_237,FALSE
NODE_8909,127.0129515,37.55858177,__,ì²µ¬,2,104,50,0.247846802,0,20.876,1,0,0,0,0,2,0,5.219,13.59561058,NODE_8909,8909,FALSE,NOT_IN_FINAL_237,,,,,,,,,,,,NOT_IN_RESTORED_237,FALSE
NODE_10266,127.0119842,37.55744076,__,ì²µ¬,2,104,50,0.247846802,0,20.876,1,0,0,0,0,2,0,5.219,13.59561058,NODE_10266,10266,FALSE,NOT_IN_FINAL_237,,,,,,,,,,,,NOT_IN_RESTORED_237,FALSE
NODE_8430,127.0106599,37.55524537,__,ì²µ¬,2,104,50,0.247846802,0,20.876,1,0,0,0,0,2,0,5.219,13.59561058,NODE_8430,8430,FALSE,NOT_IN_FINAL_237,,,,,,,,,,,,NOT_IN_RESTORED_237,FALSE
NODE_10303,127.0073825,37.54971848,__,ì²µ¬,2,104,50,0.247846802,0,20.876,1,0,0,0,0,2,0,5.219,13.59561058,NODE_10303,10303,FALSE,NOT_IN_FINAL_237,,,,,,,,,,,,NOT_IN_RESTORED_237,FALSE
NODE_126003,127.0116144,37.55623164,__,ì²µ¬,2,104,50,0.247846802,0,20.876,1,0,0,0,0,2,0,5.219,13.59561058,NODE_126003,126003,FALSE,NOT_IN_FINAL_237,,,,,,,,,,,,NOT_IN_RESTORED_237,FALSE
NODE_126002,127.0113614,37.55633236,__,ì²µ¬,2,104,50,0.247846802,0,20.876,1,0,0,0,0,2,0,5.219,13.59561058,NODE_126002,126002,FALSE,NOT_IN_FINAL_237,,,,,,,,,,,,NOT_IN_RESTORED_237,FALSE
NODE_125994,127.0109387,37.55502107,__,ì²µ¬,2,104,50,0.247846802,0,20.876,1,0,0,0,0,2,0,5.219,13.59561058,NODE_125994,125994,FALSE,NOT_IN_FINAL_237,,,,,,,,,,,,NOT_IN_RESTORED_237,FALSE
NODE_8469,127.0096822,37.55317318,__,ì²µ¬,2,104,50,0.247846802,0,20.876,1,0,0,0,0,2,0,5.219,13.59561058,NODE_8469,8469,TRUE,phase6_ready_candidates_total_FINAL_237.csv,TRUE,TRUE,TRUE,[20],TRUE,TRUE,,,,,NODE_8469,RESTORED_SIGNAL_STRUCTURE_OK,FALSE
NODE_8459,127.0076381,37.54969476,__,ì²µ¬,2,104,50,0.247846802,0,20.876,1,0,0,0,0,2,0,5.219,13.59561058,NODE_8459,8459,FALSE,NOT_IN_FINAL_237,,,,,,,,,,,,NOT_IN_RESTORED_237,FALSE
LINK_164054,126.9698509,37.56177686,_£¼ë¡2ê°,ì¤_¦¼,4,104,50,0.190199131,0,33.636,1,2,14,28,0.5,0,0,8.409,13.56179142,LINK_164054,164054,FALSE,NOT_IN_FINAL_237,,,,,,,,,,,,NOT_IN_RESTORED_237,FALSE
LINK_214150,127.0106454,37.55443637,__,ì²µ¬,2,104,50,0.247846802,0,11.179,1,0,0,0,0,0,0,2.79475,13.56001982,LINK_214150,214150,FALSE,NOT_IN_FINAL_237,,,,,,,,,,,,NOT_IN_RESTORED_237,FALSE
NODE_5916,126.9775791,37.56913391,__ë¡1ê°,ëª__,2,104,50,0.235762762,0,20.876,1,5,14,87,0.5,3,0,5.219,13.5490914,NODE_5916,5916,FALSE,NOT_IN_FINAL_237,,,,,,,,,,,,NOT_IN_RESTORED_237,FALSE
NODE_6285,126.9831173,37.56637029,_ë¡2ê°,ëª__,2,104,50,0.235762762,0,20.876,1,0,0,0,0,3,0,5.219,13.5490914,NODE_6285,6285,FALSE,NOT_IN_FINAL_237,,,,,,,,,,,,NOT_IN_RESTORED_237,FALSE
NODE_6493,126.9856053,37.56818085,¼ê_,ëª__,2,104,50,0.235762762,0,20.876,1,6,7,104,0.714285714,3,0,5.219,13.5490914,NODE_6493,6493,FALSE,NOT_IN_FINAL_237,,,,,,,,,,,,NOT_IN_RESTORED_237,FALSE
NODE_10553,126.9856397,37.56825866,¼ê_,ëª__,2,104,50,0.235762762,0,20.876,1,6,9,116,0.666666667,3,0,5.219,13.5490914,NODE_10553,10553,FALSE,NOT_IN_FINAL_237,,,,,,,,,,,,NOT_IN_RESTORED_237,FALSE
NODE_10337,126.9774383,37.56913388,__ë¡1ê°,ëª__,2,104,50,0.235762762,0,20.876,1,5,19,80,0.473684211,3,0,5.219,13.5490914,NODE_10337,10337,FALSE,NOT_IN_FINAL_237,,,,,,,,,,,,NOT_IN_RESTORED_237,FALSE
NODE_5914,126.9775677,37.56904466,__ë¡1ê°,ëª__,2,104,50,0.235762762,0,20.876,1,4,8,79,0.25,3,0,5.219,13.5490914,NODE_5914,5914,FALSE,NOT_IN_FINAL_237,,,,,,,,,,,,NOT_IN_RESTORED_237,FALSE
LINK_68494,127.006597,37.54767798,__,ì²µ¬,2,104,50,0.247846802,0,11.691,1,0,0,0,0,0,0,2.92275,13.53980817,LINK_68494,68494,TRUE,phase6_ready_candidates_total_FINAL_237.csv,TRUE,TRUE,TRUE,[6],TRUE,TRUE,,,,,LINK_68494,RESTORED_SIGNAL_STRUCTURE_OK,FALSE
NODE_8339,127.007994,37.55799067,¥ì¶©2ê°,__,4,104,50,0.183827697,0,41.752,1,0,0,0,0,2,0,10.438,13.52497051,NODE_8339,8339,FALSE,NOT_IN_FINAL_237,,,,,,,,,,,,NOT_IN_RESTORED_237,FALSE
LINK_75603,126.9961831,37.56184706,ì¶©ë¬´ë¡4ê°,ê´__,3,104,50,0.180155918,0,2.896,1,0,0,0,0,0,0,0.724,13.50908598,LINK_75603,75603,FALSE,NOT_IN_FINAL_237,,,,,,,,,,,,NOT_IN_RESTORED_237,FALSE
LINK_93053,126.9958194,37.56176237,ì¶©ë¬´ë¡4ê°,ê´__,3,104,50,0.180155918,0,3.302,1,0,0,0,0,0,0,0.8255,13.49311651,LINK_93053,93053,FALSE,NOT_IN_FINAL_237,,,,,,,,,,,,NOT_IN_RESTORED_237,FALSE
LINK_33399,126.995782,37.56175264,ì¶©ë¬´ë¡4ê°,ê´__,3,104,50,0.180155918,0,3.665,1,0,0,0,0,0,0,0.91625,13.47885438,LINK_33399,33399,FALSE,NOT_IN_FINAL_237,,,,,,,,,,,,NOT_IN_RESTORED_237,FALSE
LINK_239893,126.9962204,37.56185736,ì¶©ë¬´ë¡4ê°,ê´__,3,104,50,0.180155918,0,4.103,1,0,0,0,0,0,0,1.02575,13.46166558,LINK_239893,239893,FALSE,NOT_IN_FINAL_237,,,,,,,,,,,,NOT_IN_RESTORED_237,FALSE
LINK_4392,127.0106627,37.55518358,__,ì²µ¬,2,104,50,0.247846802,0,13.725,1,0,0,0,0,0,0,3.43125,13.45981136,LINK_4392,4392,FALSE,NOT_IN_FINAL_237,,,,,,,,,,,,NOT_IN_RESTORED_237,FALSE
NODE_8068,127.0094009,37.56809667,_ë¡6ê°,ê´__,4,104,50,0.180155918,0,41.752,1,0,0,1,0,2,0,10.438,13.44767025,NODE_8068,8068,FALSE,NOT_IN_FINAL_237,,,,,,,,,,,,NOT_IN_RESTORED_237,FALSE
NODE_8069,127.0090157,37.56826606,_ë¡6ê°,ê´__,4,104,50,0.180155918,0,41.752,1,0,0,5,0,2,0,10.438,13.44767025,NODE_8069,8069,FALSE,NOT_IN_FINAL_237,,,,,,,,,,,,NOT_IN_RESTORED_237,FALSE
NODE_15205,126.9691749,37.55917691,ì¤_¦¼,ì¤_¦¼,3,104,50,0.190199131,0,31.314,1,0,0,1,0,4,0,7.8285,13.43673723,NODE_15205,15205,TRUE,phase6_ready_candidates_total_FINAL_237.csv,TRUE,TRUE,TRUE,[11],TRUE,TRUE,,,,,NODE_15205,RESTORED_SIGNAL_STRUCTURE_OK,FALSE
NODE_8620,127.0159196,37.56517123,ë¬´í_,__,3,104,50,0.199819779,0,31.314,1,0,0,0,0,3,0,7.8285,13.43112269,NODE_8620,8620,FALSE,NOT_IN_FINAL_237,,,,,,,,,,,,NOT_IN_RESTORED_237,FALSE
LINK_9732,126.9691781,37.55725265,ì¤_¦¼,ì¤_¦¼,3,104,50,0.190199131,0,10.713,1,0,1,2,0,0,0,2.67825,13.4135647,LINK_9732,9732,FALSE,NOT_IN_FINAL_237,,,,,,,,,,,,NOT_IN_RESTORED_237,FALSE
NODE_8340,127.0082211,37.55823782,¥ì¶©1ê°,¥ì¶©,4,104,50,0.178183158,0,41.752,1,0,0,0,0,2,0,10.438,13.40632127,NODE_8340,8340,TRUE,phase6_ready_candidates_total_FINAL_237.csv,TRUE,TRUE,TRUE,[16],TRUE,TRUE,,,,,NODE_8340,RESTORED_SIGNAL_STRUCTURE_OK,FALSE
LINK_92843,126.9824489,37.56603035,_ë¡1ê°,ëª__,3,104,50,0.235762762,0,35.822,1,0,0,0,0,0,0,8.9555,13.38642405,LINK_92843,92843,FALSE,NOT_IN_FINAL_237,,,,,,,,,,,,NOT_IN_RESTORED_237,FALSE
LINK_165332,126.9856225,37.56821975,¼ê_,ëª__,2,104,50,0.235762762,0,9.158,1,6,8,108,0.625,0,0,2.2895,13.38520609,LINK_165332,165332,FALSE,NOT_IN_FINAL_237,,,,,,,,,,,,NOT_IN_RESTORED_237,FALSE
LINK_159607,126.9979374,37.56879411,ì£¼ê_,_ë¡__,4,104,50,0.155859607,0,20.311,1,4,9,20,0,0,0,5.07775,13.36276196,LINK_159607,159607,FALSE,NOT_IN_FINAL_237,,,,,,,,,,,,NOT_IN_RESTORED_237,FALSE
LINK_210882,126.9775734,37.56908928,__ë¡1ê°,ëª__,2,104,50,0.235762762,0,9.958,1,5,11,84,0.454545455,0,0,2.4895,13.35404559,LINK_210882,210882,FALSE,NOT_IN_FINAL_237,,,,,,,,,,,,NOT_IN_RESTORED_237,FALSE
NODE_7408,127.0025194,37.56667818,_ë¡5ê°,_ë¡__,4,104,50,0.155859607,0,41.752,1,0,0,0,0,4,0,10.438,13.35312855,NODE_7408,7408,FALSE,NOT_IN_FINAL_237,,,,,,,,,,,,NOT_IN_RESTORED_237,FALSE
NODE_6891,126.9978229,37.56878588,ì£¼ê_,_ë¡__,4,104,50,0.155859607,0,41.752,1,4,9,20,0,4,0,10.438,13.35312855,NODE_6891,6891,FALSE,NOT_IN_FINAL_237,,,,,,,,,,,,NOT_IN_RESTORED_237,FALSE
LINK_201684,126.9825374,37.56875028,¤ë_,ëª__,2,104,50,0.235762762,0,10.239,1,7,25,110,0.72,0,0,2.55975,13.34311769,LINK_201684,201684,FALSE,NOT_IN_FINAL_237,,,,,,,,,,,,NOT_IN_RESTORED_237,FALSE
LINK_138894,126.9791476,37.56898659,ë¬´ê_,ëª__,2,104,50,0.235762762,0,10.782,1,2,4,58,0.25,0,0,2.6955,13.32202611,LINK_138894,138894,FALSE,NOT_IN_FINAL_237,,,,,,,,,,,,NOT_IN_RESTORED_237,FALSE
LINK_251602,127.0024417,37.56480846,¤ì_,ê´__,4,104,50,0.180155918,0,34.578,1,0,0,0,0,0,0,8.6445,13.31424085,LINK_251602,251602,FALSE,NOT_IN_FINAL_237,,,,,,,,,,,,NOT_IN_RESTORED_237,FALSE
NODE_6794,126.9931644,37.56280982,ì¶©ë¬´ë¡3ê°,__,3,104,50,0.183827697,0,31.314,1,0,0,0,0,4,0,7.8285,13.30375758,NODE_6794,6794,FALSE,NOT_IN_FINAL_237,,,,,,,,,,,,NOT_IN_RESTORED_237,FALSE
NODE_7490,126.9989041,37.5622293,ì¶©ë¬´ë¡5ê°,__,3,104,50,0.183827697,0,31.314,1,0,0,0,0,4,0,7.8285,13.30375758,NODE_7490,7490,FALSE,NOT_IN_FINAL_237,,,,,,,,,,,,NOT_IN_RESTORED_237,FALSE
NODE_20733,126.9983162,37.56233956,ì¶©ë¬´ë¡5ê°,__,3,104,50,0.183827697,0,31.314,1,0,0,0,0,4,0,7.8285,13.30375758,NODE_20733,20733,FALSE,NOT_IN_FINAL_237,,,,,,,,,,,,NOT_IN_RESTORED_237,FALSE
NODE_72082,127.0060177,37.55885815,¥ì¶©2ê°,__,3,104,50,0.183827697,0,31.314,1,0,0,0,0,4,0,7.8285,13.30375758,NODE_72082,72082,FALSE,NOT_IN_FINAL_237,,,,,,,,,,,,NOT_IN_RESTORED_237,FALSE
NODE_15409,126.9935095,37.5612422,__1ê°,__,3,104,50,0.183827697,0,31.314,1,0,0,0,0,4,0,7.8285,13.30375758,NODE_15409,15409,FALSE,NOT_IN_FINAL_237,,,,,,,,,,,,NOT_IN_RESTORED_237,FALSE
NODE_20732,126.9982745,37.56233113,ì¶©ë¬´ë¡5ê°,__,3,104,50,0.183827697,0,31.314,1,0,0,0,0,4,0,7.8285,13.30375758,NODE_20732,20732,FALSE,NOT_IN_FINAL_237,,,,,,,,,,,,NOT_IN_RESTORED_237,FALSE
NODE_6770,126.9935871,37.56126051,__1ê°,__,3,104,50,0.183827697,0,31.314,1,0,0,0,0,4,0,7.8285,13.30375758,NODE_6770,6770,FALSE,NOT_IN_FINAL_237,,,,,,,,,,,,NOT_IN_RESTORED_237,FALSE
LINK_83307,126.9878637,37.56797399,¥ê_,ëª__,2,104,50,0.235762762,0,11.433,1,9,26,73,0.730769231,0,0,2.85825,13.29678347,LINK_83307,83307,FALSE,NOT_IN_FINAL_237,,,,,,,,,,,,NOT_IN_RESTORED_237,FALSE
LINK_119210,127.0081075,37.55811425,¥ì¶©1ê°,¥ì¶©,4,104,50,0.178183158,0,33.988,1,0,0,0,0,0,0,8.497,13.29613707,LINK_119210,119210,FALSE,NOT_IN_FINAL_237,,,,,,,,,,,,NOT_IN_RESTORED_237,FALSE
LINK_279566,126.9821901,37.56067706,__2ê°,__,1,104,50,0.294659686,0,16.417,1,0,1,1,1,0,0,4.10425,13.2920877,LINK_279566,279566,FALSE,NOT_IN_FINAL_237,,,,,,,,,,,,NOT_IN_RESTORED_237,FALSE
LINK_174542,126.9792917,37.5690449,ë¬´ê_,ëª__,2,104,50,0.235762762,0,11.645,1,2,4,63,0.25,0,0,2.91125,13.28857346,LINK_174542,174542,FALSE,NOT_IN_FINAL_237,,,,,,,,,,,,NOT_IN_RESTORED_237,FALSE
LINK_208949,126.9690373,37.55728694,ì¤_¦¼,ì¤_¦¼,3,104,50,0.190199131,0,15.319,1,0,1,2,0,0,0,3.82975,13.23477073,LINK_208949,208949,FALSE,NOT_IN_FINAL_237,,,,,,,,,,,,NOT_IN_RESTORED_237,FALSE
LINK_52248,126.987548,37.56479123,1ê°,ëª__,2,104,50,0.235762762,0,13.043,1,0,0,0,0,0,0,3.26075,13.23456065,LINK_52248,52248,TRUE,phase6_ready_candidates_total_FINAL_237.csv,TRUE,TRUE,TRUE,[5],TRUE,TRUE,,,,,LINK_52248,RESTORED_SIGNAL_STRUCTURE_OK,FALSE
NODE_15227,126.9689544,37.55730712,ì¤_¦¼,ì¤_¦¼,3,104,50,0.190199131,0,31.314,1,0,1,2,0,3,0,7.8285,13.23091918,NODE_15227,15227,FALSE,NOT_IN_FINAL_237,,,,,,,,,,,,NOT_IN_RESTORED_237,FALSE
NODE_15242,126.9693991,37.55925249,ì¤_¦¼,ì¤_¦¼,3,104,50,0.190199131,0,31.314,1,0,0,1,0,3,0,7.8285,13.23091918,NODE_15242,15242,FALSE,NOT_IN_FINAL_237,,,,,,,,,,,,NOT_IN_RESTORED_237,FALSE
NODE_15226,126.9692361,37.55723854,ì¤_¦¼,ì¤_¦¼,3,104,50,0.190199131,0,31.314,1,0,1,2,0,3,0,7.8285,13.23091918,NODE_15226,15226,FALSE,NOT_IN_FINAL_237,,,,,,,,,,,,NOT_IN_RESTORED_237,FALSE
NODE_15225,126.9691202,37.55726676,ì¤_¦¼,ì¤_¦¼,3,104,50,0.190199131,0,31.314,1,0,1,2,0,3,0,7.8285,13.23091918,NODE_15225,15225,FALSE,NOT_IN_FINAL_237,,,,,,,,,,,,NOT_IN_RESTORED_237,FALSE
NODE_15201,126.9688559,37.55898459,ì¤_¦¼,ì¤_¦¼,3,104,50,0.190199131,0,31.314,1,0,0,1,0,3,0,7.8285,13.23091918,NODE_15201,15201,TRUE,phase6_ready_candidates_total_FINAL_237.csv,TRUE,TRUE,TRUE,[11],TRUE,TRUE,,,,,NODE_15201,RESTORED_SIGNAL_STRUCTURE_OK,FALSE
NODE_7348,127.0022462,37.56480159,¤ì_,ê´__,3,104,50,0.180155918,0,31.314,1,0,0,0,0,4,0,7.8285,13.22772163,NODE_7348,7348,FALSE,NOT_IN_FINAL_237,,,,,,,,,,,,NOT_IN_RESTORED_237,FALSE
NODE_15554,127.0099958,37.56547059,_ë¡7ê°,ê´__,3,104,50,0.180155918,0,31.314,1,0,0,0,0,4,0,7.8285,13.22772163,NODE_15554,15554,FALSE,NOT_IN_FINAL_237,,,,,,,,,,,,NOT_IN_RESTORED_237,FALSE
NODE_67361,127.0043422,37.56677196,_ë¡6ê°,ê´__,3,104,50,0.180155918,0,31.314,1,0,0,0,0,4,0,7.8285,13.22772163,NODE_67361,67361,FALSE,NOT_IN_FINAL_237,,,,,,,,,,,,NOT_IN_RESTORED_237,FALSE
NODE_24599,127.0047504,37.56669185,_ë¡6ê°,ê´__,3,104,50,0.180155918,0,31.314,1,0,0,0,0,4,0,7.8285,13.22772163,NODE_24599,24599,FALSE,NOT_IN_FINAL_237,,,,,,,,,,,,NOT_IN_RESTORED_237,FALSE
NODE_7508,127.0028254,37.56306688,_¦¼,ê´__,3,104,50,0.180155918,0,31.314,1,0,0,0,0,4,0,7.8285,13.22772163,NODE_7508,7508,FALSE,NOT_IN_FINAL_237,,,,,,,,,,,,NOT_IN_RESTORED_237,FALSE
NODE_8168,127.0082708,37.5661424,_ë¡7ê°,ê´__,3,104,50,0.180155918,0,31.314,1,0,0,0,0,4,0,7.8285,13.22772163,NODE_8168,8168,FALSE,NOT_IN_FINAL_237,,,,,,,,,,,,NOT_IN_RESTORED_237,FALSE
NODE_8165,127.0081386,37.56611953,_ë¡7ê°,ê´__,3,104,50,0.180155918,0,31.314,1,0,0,0,0,4,0,7.8285,13.22772163,NODE_8165,8165,FALSE,NOT_IN_FINAL_237,,,,,,,,,,,,NOT_IN_RESTORED_237,FALSE
NODE_10570,127.0029318,37.5629616,_¦¼,ê´__,3,104,50,0.180155918,0,31.314,1,0,0,0,0,4,0,7.8285,13.22772163,NODE_10570,10570,FALSE,NOT_IN_FINAL_237,,,,,,,,,,,,NOT_IN_RESTORED_237,FALSE
LINK_202556,127.0072477,37.56436048,ê´__2ê°,ê´__,4,104,50,0.180155918,0,36.934,1,0,0,0,0,0,0,9.2335,13.22316622,LINK_202556,202556,FALSE,NOT_IN_FINAL_237,,,,,,,,,,,,NOT_IN_RESTORED_237,FALSE
LINK_184901,126.9876443,37.56442622,1ê°,ëª__,2,104,50,0.235762762,0,13.414,1,0,0,0,0,0,0,3.3535,13.22026367,LINK_184901,184901,FALSE,NOT_IN_FINAL_237,,,,,,,,,,,,NOT_IN_RESTORED_237,FALSE
LINK_168987,126.9877979,37.56615751,_ë¡2ê°,ëª__,3,104,50,0.235762762,0,40.139,1,0,0,0,0,0,0,10.03475,13.21911718,LINK_168987,168987,FALSE,NOT_IN_FINAL_237,,,,,,,,,,,,NOT_IN_RESTORED_237,FALSE
LINK_222242,127.0022793,37.56698256,_ë¡5ê°,_ë¡__,4,104,50,0.155859607,0,24.151,1,0,0,0,0,0,0,6.03775,13.21410139,LINK_222242,222242,FALSE,NOT_IN_FINAL_237,,,,,,,,,,,,NOT_IN_RESTORED_237,FALSE
NODE_7853,127.0055951,37.55928612,¥ì¶©1ê°,¥ì¶©,3,104,50,0.178183158,0,31.314,1,0,0,0,0,4,0,7.8285,13.18704896,NODE_7853,7853,FALSE,NOT_IN_FINAL_237,,,,,,,,,,,,NOT_IN_RESTORED_237,FALSE
LINK_118120,126.981845,37.554805,__1ê°,__,1,104,50,0.294659686,0,19.584,1,0,0,0,0,0,0,4.896,13.17001048,LINK_118120,118120,FALSE,NOT_IN_FINAL_237,,,,,,,,,,,,NOT_IN_RESTORED_237,FALSE
NODE_8113,127.0105477,37.56487323,__,ì²µ¬,1,104,50,0.247846802,0,10.438,1,0,0,0,0,3,0,2.6095,13.1683968,NODE_8113,8113,FALSE,NOT_IN_FINAL_237,,,,,,,,,,,,NOT_IN_RESTORED_237,FALSE
NODE_8082,127.0107374,37.56493272,__,ì²µ¬,1,104,50,0.247846802,0,10.438,1,0,0,0,0,3,0,2.6095,13.1683968,NODE_8082,8082,FALSE,NOT_IN_FINAL_237,,,,,,,,,,,,NOT_IN_RESTORED_237,FALSE
LINK_78915,127.002469,37.56449607,¤ì_,ê´__,4,104,50,0.180155918,0,38.375,1,0,0,0,0,0,0,9.59375,13.16776957,LINK_78915,78915,FALSE,NOT_IN_FINAL_237,,,,,,,,,,,,NOT_IN_RESTORED_237,FALSE
LINK_164557,127.0060666,37.55908356,¥ì¶©2ê°,__,4,104,50,0.183827697,0,40.466,1,0,0,0,0,0,0,10.1165,13.16302892,LINK_164557,164557,FALSE,NOT_IN_FINAL_237,,,,,,,,,,,,NOT_IN_RESTORED_237,FALSE
LINK_50898,127.0095809,37.55322583,__,ì²µ¬,2,104,50,0.247846802,0,21.382,1,0,0,0,0,0,0,5.3455,13.16287872,LINK_50898,50898,TRUE,phase6_ready_candidates_total_FINAL_237.csv,TRUE,TRUE,TRUE,[22],TRUE,TRUE,,,,,LINK_50898,RESTORED_SIGNAL_STRUCTURE_OK,FALSE
LINK_228582,127.0082047,37.56613097,_ë¡7ê°,ê´__,3,104,50,0.180155918,0,11.957,1,0,0,0,0,0,0,2.98925,13.15713855,LINK_228582,228582,FALSE,NOT_IN_FINAL_237,,,,,,,,,,,,NOT_IN_RESTORED_237,FALSE
LINK_130715,127.0055693,37.55933075,¥ì¶©1ê°,¥ì¶©,3,104,50,0.178183158,0,10.91,1,0,0,0,0,0,0,2.7275,13.15675375,LINK_130715,130715,FALSE,NOT_IN_FINAL_237,,,,,,,,,,,,NOT_IN_RESTORED_237,FALSE
LINK_30202,127.0092083,37.56818136,_ë¡6ê°,ê´__,4,104,50,0.180155918,0,38.881,1,0,0,5,0,0,0,9.72025,13.14837241,LINK_30202,30202,FALSE,NOT_IN_FINAL_237,,,,,,,,,,,,NOT_IN_RESTORED_237,FALSE
LINK_140981,126.9985296,37.56239084,_,ê´__,4,104,50,0.180155918,0,39.4,1,0,0,0,0,0,0,9.85,13.1285066,LINK_140981,140981,TRUE,phase6_ready_candidates_total_FINAL_237.csv,TRUE,TRUE,TRUE,[6],TRUE,TRUE,,,,,LINK_140981,RESTORED_SIGNAL_STRUCTURE_OK,FALSE
NODE_21865,126.9887287,37.56129905,ì¶©ë¬´ë¡2ê°,ëª__,1,104,50,0.235762762,0,10.438,1,0,0,0,0,4,0,2.6095,13.12333939,NODE_21865,21865,FALSE,NOT_IN_FINAL_237,,,,,,,,,,,,NOT_IN_RESTORED_237,FALSE
NODE_6336,126.9822072,37.56074952,ì¶©ë¬´ë¡1ê°,ëª__,1,104,50,0.235762762,0,10.438,1,0,1,1,1,4,0,2.6095,13.12333939,NODE_6336,6336,FALSE,NOT_IN_FINAL_237,,,,,,,,,,,,NOT_IN_RESTORED_237,FALSE
NODE_6275,126.9831059,37.56571577,_ë¡2ê°,ëª__,1,104,50,0.235762762,0,10.438,1,0,0,0,0,4,0,2.6095,13.12333939,NODE_6275,6275,FALSE,NOT_IN_FINAL_237,,,,,,,,,,,,NOT_IN_RESTORED_237,FALSE
NODE_6282,126.9822663,37.56634499,_ë¡1ê°,ëª__,1,104,50,0.235762762,0,10.438,1,0,0,0,0,4,0,2.6095,13.12333939,NODE_6282,6282,FALSE,NOT_IN_FINAL_237,,,,,,,,,,,,NOT_IN_RESTORED_237,FALSE
LINK_19944,127.0067009,37.54781245,__,ì²µ¬,2,104,50,0.247846802,0,22.451,1,0,0,0,0,0,0,5.61275,13.12194814,LINK_19944,19944,FALSE,NOT_IN_FINAL_237,,,,,,,,,,,,NOT_IN_RESTORED_237,FALSE
LINK_122540,127.0022923,37.56676515,_ë¡5ê°,_ë¡__,4,104,50,0.155859607,0,26.591,1,0,0,0,0,0,0,6.64775,13.12050047,LINK_122540,122540,FALSE,NOT_IN_FINAL_237,,,,,,,,,,,,NOT_IN_RESTORED_237,FALSE
LINK_142978,126.9829874,37.56867253,¨ëë¬¸ë_1ê°,ëª__,2,104,50,0.235762762,0,16.256,1,4,25,113,0.76,0,0,4.064,13.11125455,LINK_142978,142978,FALSE,NOT_IN_FINAL_237,,,,,,,,,,,,NOT_IN_RESTORED_237,FALSE
LINK_190747,127.0075103,37.54970662,__,ì²µ¬,2,104,50,0.247846802,0,22.738,1,0,0,0,0,0,0,5.6845,13.11098099,LINK_190747,190747,FALSE,NOT_IN_FINAL_237,,,,,,,,,,,,NOT_IN_RESTORED_237,FALSE
LINK_188245,126.9764199,37.5570309,¨ì°½,__,1,104,50,0.294659686,0,21.368,1,0,0,0,0,0,0,5.342,13.10173761,LINK_188245,188245,FALSE,NOT_IN_FINAL_237,,,,,,,,,,,,NOT_IN_RESTORED_237,FALSE
LINK_219756,127.0026041,37.56301997,_¦¼,ê´__,4,104,50,0.180155918,0,40.479,1,0,0,0,0,0,0,10.11975,13.08730162,LINK_219756,219756,FALSE,NOT_IN_FINAL_237,,,,,,,,,,,,NOT_IN_RESTORED_237,FALSE
LINK_196945,126.9768601,37.55612691,¨ì°½,__,1,104,50,0.294659686,0,21.868,1,0,0,3,0,0,0,5.467,13.08266641,LINK_196945,196945,FALSE,NOT_IN_FINAL_237,,,,,,,,,,,,NOT_IN_RESTORED_237,FALSE
NODE_9117,127.0195623,37.5657863,©í_,©í_,3,104,50,0.17178133,0,31.314,1,0,0,0,0,4,0,7.8285,13.05592094,NODE_9117,9117,TRUE,phase6_ready_candidates_total_FINAL_237.csv,TRUE,TRUE,TRUE,[2],TRUE,TRUE,,,,,NODE_9117,RESTORED_SIGNAL_STRUCTURE_OK,FALSE
LINK_211844,127.0138732,37.56040219,__,ì²µ¬,2,104,50,0.247846802,0,24.227,1,0,0,0,0,0,0,6.05675,13.05422867,LINK_211844,211844,FALSE,NOT_IN_FINAL_237,,,,,,,,,,,,NOT_IN_RESTORED_237,FALSE
LINK_192754,126.9983715,37.56434296,_,ê´__,4,104,50,0.180155918,0,41.686,1,1,1,1,0,0,0,10.4215,13.04136179,LINK_192754,192754,FALSE,NOT_IN_FINAL_237,,,,,,,,,,,,NOT_IN_RESTORED_237,FALSE
LINK_51413,127.0028786,37.56301424,_¦¼,ê´__,3,104,50,0.180155918,0,14.995,1,0,0,0,0,0,0,3.74875,13.04120101,LINK_51413,51413,FALSE,NOT_IN_FINAL_237,,,,,,,,,,,,NOT_IN_RESTORED_237,FALSE
LINK_110312,127.0105218,37.55453593,__,ì²µ¬,2,104,50,0.247846802,0,24.65,1,0,0,0,0,0,0,6.1625,13.03815114,LINK_110312,110312,FALSE,NOT_IN_FINAL_237,,,,,,,,,,,,NOT_IN_RESTORED_237,FALSE
LINK_274222,127.015393,37.56300979,__,ì²µ¬,2,104,50,0.247846802,0,24.767,1,0,0,0,0,0,0,6.19175,13.03370766,LINK_274222,274222,FALSE,NOT_IN_FINAL_237,,,,,,,,,,,,NOT_IN_RESTORED_237,FALSE
LINK_188162,126.9872689,37.56614487,_ë¡2ê°,ëª__,3,104,50,0.235762762,0,44.993,1,0,0,0,0,0,0,11.24825,13.03349476,LINK_188162,188162,FALSE,NOT_IN_FINAL_237,,,,,,,,,,,,NOT_IN_RESTORED_237,FALSE
NODE_119023,126.9676751,37.56079908,ì¤_¦¼,ì¤_¦¼,3,104,50,0.190199131,0,31.314,1,0,6,25,0.5,2,0,7.8285,13.02825376,NODE_119023,119023,FALSE,NOT_IN_FINAL_237,,,,,,,,,,,,NOT_IN_RESTORED_237,FALSE
NODE_14616,126.9688731,37.55565363,ë§_¦¬1ê°,ì¤_¦¼,3,104,50,0.190199131,0,31.314,1,1,5,25,0.4,2,0,7.8285,13.02825376,NODE_14616,14616,FALSE,NOT_IN_FINAL_237,,,,,,,,,,,,NOT_IN_RESTORED_237,FALSE
NODE_119039,126.9679797,37.5608907,ì¤_¦¼,ì¤_¦¼,3,104,50,0.190199131,0,31.314,1,0,8,27,0.5,2,0,7.8285,13.02825376,NODE_119039,119039,FALSE,NOT_IN_FINAL_237,,,,,,,,,,,,NOT_IN_RESTORED_237,FALSE
LINK_118297,127.0114879,37.556282,__,ì²µ¬,2,104,50,0.247846802,0,24.99,1,0,0,0,0,0,0,6.2475,13.02524266,LINK_118297,118297,FALSE,NOT_IN_FINAL_237,,,,,,,,,,,,NOT_IN_RESTORED_237,FALSE
NODE_7725,127.0042962,37.56653624,_ë¡6ê°,ê´__,3,104,50,0.180155918,0,31.314,1,0,0,0,0,3,0,7.8285,13.02510519,NODE_7725,7725,FALSE,NOT_IN_FINAL_237,,,,,,,,,,,,NOT_IN_RESTORED_237,FALSE
NODE_7097,126.9961989,37.56185049,ì¶©ë¬´ë¡4ê°,ê´__,3,104,50,0.180155918,0,31.314,1,0,0,0,0,3,0,7.8285,13.02510519,NODE_7097,7097,FALSE,NOT_IN_FINAL_237,,,,,,,,,,,,NOT_IN_RESTORED_237,FALSE
NODE_7099,126.9958021,37.56175665,ì¶©ë¬´ë¡4ê°,ê´__,3,104,50,0.180155918,0,31.314,1,0,0,0,0,3,0,7.8285,13.02510519,NODE_7099,7099,FALSE,NOT_IN_FINAL_237,,,,,,,,,,,,NOT_IN_RESTORED_237,FALSE
NODE_7101,126.9961673,37.56184363,ì¶©ë¬´ë¡4ê°,ê´__,3,104,50,0.180155918,0,31.314,1,0,0,0,0,3,0,7.8285,13.02510519,NODE_7101,7101,FALSE,NOT_IN_FINAL_237,,,,,,,,,,,,NOT_IN_RESTORED_237,FALSE
NODE_7100,126.9958366,37.56176809,ì¶©ë¬´ë¡4ê°,ê´__,3,104,50,0.180155918,0,31.314,1,0,0,0,0,3,0,7.8285,13.02510519,NODE_7100,7100,FALSE,NOT_IN_FINAL_237,,,,,,,,,,,,NOT_IN_RESTORED_237,FALSE
NODE_7102,126.9957619,37.56174864,ì¶©ë¬´ë¡4ê°,ê´__,3,104,50,0.180155918,0,31.314,1,0,0,0,0,3,0,7.8285,13.02510519,NODE_7102,7102,FALSE,NOT_IN_FINAL_237,,,,,,,,,,,,NOT_IN_RESTORED_237,FALSE
NODE_7096,126.996242,37.56186423,ì¶©ë¬´ë¡4ê°,ê´__,3,104,50,0.180155918,0,31.314,1,0,0,0,0,3,0,7.8285,13.02510519,NODE_7096,7096,FALSE,NOT_IN_FINAL_237,,,,,,,,,,,,NOT_IN_RESTORED_237,FALSE
LINK_275637,127.0159979,37.56820353,¥ì_,__,3,104,50,0.199819779,0,26.163,1,0,0,3,0,0,0,6.54075,13.01722003,LINK_275637,275637,FALSE,NOT_IN_FINAL_237,,,,,,,,,,,,NOT_IN_RESTORED_237,FALSE
LINK_281061,127.0136934,37.56012416,__,ì²µ¬,2,104,50,0.247846802,0,25.222,1,0,0,0,0,0,0,6.3055,13.01644185,LINK_281061,281061,FALSE,NOT_IN_FINAL_237,,,,,,,,,,,,NOT_IN_RESTORED_237,FALSE
NODE_127438,127.0231826,37.57138855,©í_,©í_,1,104,60,0.17178133,0,10.438,1,6,22,97,0.636363636,4,0,2.6095,13.0158745,NODE_127438,127438,FALSE,NOT_IN_FINAL_237,,,,,,,,,,,,NOT_IN_RESTORED_237,FALSE
LINK_165020,127.0128221,37.55863099,__,ì²µ¬,2,104,50,0.247846802,0,25.335,1,0,0,0,0,0,0,6.33375,13.01215741,LINK_165020,165020,FALSE,NOT_IN_FINAL_237,,,,,,,,,,,,NOT_IN_RESTORED_237,FALSE
NODE_8578,127.0161746,37.56784535,¥ì_,__,2,104,50,0.199819779,0,20.876,1,0,0,0,0,4,0,5.219,13.0090776,NODE_8578,8578,FALSE,NOT_IN_FINAL_237,,,,,,,,,,,,NOT_IN_RESTORED_237,FALSE
NODE_8675,127.0159844,37.56555684,¥ì_,__,2,104,50,0.199819779,0,20.876,1,0,0,0,0,4,0,5.219,13.0090776,NODE_8675,8675,FALSE,NOT_IN_FINAL_237,,,,,,,,,,,,NOT_IN_RESTORED_237,FALSE
NODE_10250,127.0158813,37.56783623,¥ì_,__,2,104,50,0.199819779,0,20.876,1,0,0,0,0,4,0,5.219,13.0090776,NODE_10250,10250,FALSE,NOT_IN_FINAL_237,,,,,,,,,,,,NOT_IN_RESTORED_237,FALSE
LINK_84563,127.0121127,37.55738882,__,ì²µ¬,2,104,50,0.247846802,0,25.469,1,0,0,0,0,0,0,6.36725,13.00707856,LINK_84563,84563,FALSE,NOT_IN_FINAL_237,,,,,,,,,,,,NOT_IN_RESTORED_237,FALSE
LINK_127611,127.0077871,37.56583407,_ë¡6ê°,ê´__,4,104,50,0.180155918,0,42.9,1,0,0,0,0,0,0,10.725,12.99531819,LINK_127611,127611,FALSE,NOT_IN_FINAL_237,,,,,,,,,,,,NOT_IN_RESTORED_237,FALSE
LINK_254657,127.0079021,37.56616418,_ë¡6ê°,ê´__,4,104,50,0.180155918,0,43.144,1,0,0,0,0,0,0,10.786,12.9860836,LINK_254657,254657,FALSE,NOT_IN_FINAL_237,,,,,,,,,,,,NOT_IN_RESTORED_237,FALSE
NODE_10148,127.0057447,37.56015805,¥ì¶©1ê°,¥ì¶©,3,104,50,0.178183158,0,31.314,1,0,0,0,0,3,0,7.8285,12.98505552,NODE_10148,10148,TRUE,phase6_ready_candidates_total_FINAL_237.csv,TRUE,TRUE,TRUE,[9],TRUE,TRUE,,,,,NODE_10148,RESTORED_SIGNAL_STRUCTURE_OK,FALSE
NODE_72038,127.0054773,37.56017865,¥ì¶©1ê°,¥ì¶©,3,104,50,0.178183158,0,31.314,1,0,0,0,0,3,0,7.8285,12.98505552,NODE_72038,72038,FALSE,NOT_IN_FINAL_237,,,,,,,,,,,,NOT_IN_RESTORED_237,FALSE
LINK_158240,127.0025811,37.56338956,¤ì_,ê´__,4,104,50,0.180155918,0,43.264,1,0,0,0,0,0,0,10.816,12.98154441,LINK_158240,158240,FALSE,NOT_IN_FINAL_237,,,,,,,,,,,,NOT_IN_RESTORED_237,FALSE
LINK_80550,127.0144613,37.56142052,__,ì²µ¬,2,104,50,0.247846802,0,26.471,1,0,0,0,0,0,0,6.61775,12.96916374,LINK_80550,80550,TRUE,phase6_ready_candidates_total_FINAL_237.csv,TRUE,TRUE,TRUE,[12],TRUE,TRUE,,,,,LINK_80550,RESTORED_SIGNAL_STRUCTURE_OK,FALSE
LINK_106979,127.0108021,37.55507143,__,ì²µ¬,2,104,50,0.247846802,0,26.592,1,0,0,0,0,0,0,6.648,12.96459268,LINK_106979,106979,FALSE,NOT_IN_FINAL_237,,,,,,,,,,,,NOT_IN_RESTORED_237,FALSE
LINK_7929,126.9692811,37.55922939,ì¤_¦¼,ì¤_¦¼,3,104,50,0.190199131,0,22.596,1,0,0,1,0,0,0,5.649,12.95713929,LINK_7929,7929,FALSE,NOT_IN_FINAL_237,,,,,,,,,,,,NOT_IN_RESTORED_237,FALSE
LINK_71260,126.9930551,37.56280753,ì¶©ë¬´ë¡3ê°,__,3,104,50,0.183827697,0,19.311,1,0,0,0,0,0,0,4.82775,12.95227342,LINK_71260,71260,FALSE,NOT_IN_FINAL_237,,,,,,,,,,,,NOT_IN_RESTORED_237,FALSE
NODE_9886,127.0023857,37.56776862,ë°©ì_,_ë¡__,4,104,50,0.155859607,0,41.752,1,0,0,0,0,2,0,10.438,12.94718681,NODE_9886,9886,FALSE,NOT_IN_FINAL_237,,,,,,,,,,,,NOT_IN_RESTORED_237,FALSE
NODE_7400,127.0025625,37.56563004,_ë¡5ê°,_ë¡__,4,104,50,0.155859607,0,41.752,1,0,0,0,0,2,0,10.438,12.94718681,NODE_7400,7400,FALSE,NOT_IN_FINAL_237,,,,,,,,,,,,NOT_IN_RESTORED_237,FALSE
LINK_161242,127.015909,37.56953889,¥ì_,__,3,104,50,0.199819779,0,28.061,1,1,9,36,0.111111111,0,0,7.01525,12.94543901,LINK_161242,161242,FALSE,NOT_IN_FINAL_237,,,,,,,,,,,,NOT_IN_RESTORED_237,FALSE
NODE_6286,126.9822923,37.56573853,_ë¡1ê°,ëª__,1,104,50,0.235762762,0,10.438,1,0,0,0,0,3,0,2.6095,12.92232182,NODE_6286,6286,FALSE,NOT_IN_FINAL_237,,,,,,,,,,,,NOT_IN_RESTORED_237,FALSE
NODE_6338,126.981664,37.5603993,ì¶©ë¬´ë¡1ê°,ëª__,1,104,50,0.235762762,0,10.438,1,0,0,1,0,3,0,2.6095,12.92232182,NODE_6338,6338,FALSE,NOT_IN_FINAL_237,,,,,,,,,,,,NOT_IN_RESTORED_237,FALSE
NODE_20512,126.9924415,37.5609698,__1ê°,__,3,104,50,0.183827697,0,31.314,1,0,0,0,0,2,0,7.8285,12.89931675,NODE_20512,20512,TRUE,phase6_ready_candidates_total_FINAL_237.csv,TRUE,TRUE,TRUE,[5],TRUE,TRUE,,,,,NODE_20512,RESTORED_SIGNAL_STRUCTURE_OK,FALSE
NODE_9795,127.0027908,37.55921184,¥ì¶©2ê°,__,3,104,50,0.183827697,0,31.314,1,0,0,0,0,2,0,7.8285,12.89931675,NODE_9795,9795,FALSE,NOT_IN_FINAL_237,,,,,,,,,,,,NOT_IN_RESTORED_237,FALSE
NODE_9796,127.0031487,37.55932969,¥ì¶©2ê°,__,3,104,50,0.183827697,0,31.314,1,0,0,0,0,2,0,7.8285,12.89931675,NODE_9796,9796,FALSE,NOT_IN_FINAL_237,,,,,,,,,,,,NOT_IN_RESTORED_237,FALSE
NODE_7856,127.0055434,37.55937538,¥ì¶©2ê°,__,3,104,50,0.183827697,0,31.314,1,0,0,0,0,2,0,7.8285,12.89931675,NODE_7856,7856,FALSE,NOT_IN_FINAL_237,,,,,,,,,,,,NOT_IN_RESTORED_237,FALSE
LINK_156498,127.0023727,37.56561974,_ë¡5ê°,_ë¡__,4,104,50,0.155859607,0,33.606,1,0,0,0,0,0,0,8.4015,12.85507469,LINK_156498,156498,TRUE,phase6_ready_candidates_total_FINAL_237.csv,TRUE,TRUE,TRUE,[18],TRUE,TRUE,,,,,LINK_156498,RESTORED_SIGNAL_STRUCTURE_OK,FALSE
NODE_6199,126.9771694,37.55512001,¨ëë¬¸ë_5ê°,__,3,104,50,0.294659686,0,31.314,1,1,3,7,0.666666667,4,1,7.8285,12.83865178,NODE_6199,6199,FALSE,NOT_IN_FINAL_237,,,,,,,,,,,,NOT_IN_RESTORED_237,FALSE
NODE_121262,126.980915,37.55494675,__1ê°,__,3,104,50,0.294659686,0,31.314,1,0,0,0,0,4,1,7.8285,12.83865178,NODE_121262,121262,FALSE,NOT_IN_FINAL_237,,,,,,,,,,,,NOT_IN_RESTORED_237,FALSE
NODE_9914,127.0049428,37.5636458,_¦¼,ê´__,3,104,50,0.180155918,0,31.314,1,0,0,0,0,2,0,7.8285,12.82559233,NODE_9914,9914,FALSE,NOT_IN_FINAL_237,,,,,,,,,,,,NOT_IN_RESTORED_237,FALSE
NODE_7103,126.9956757,37.56172804,ì¶©ë¬´ë¡4ê°,ê´__,3,104,50,0.180155918,0,31.314,1,0,0,0,0,2,0,7.8285,12.82559233,NODE_7103,7103,FALSE,NOT_IN_FINAL_237,,,,,,,,,,,,NOT_IN_RESTORED_237,FALSE
NODE_8139,127.0091763,37.56437788,ê´__2ê°,ê´__,3,104,50,0.180155918,0,31.314,1,0,0,0,0,2,0,7.8285,12.82559233,NODE_8139,8139,FALSE,NOT_IN_FINAL_237,,,,,,,,,,,,NOT_IN_RESTORED_237,FALSE
NODE_8132,127.0091217,37.56460445,ê´__2ê°,ê´__,3,104,50,0.180155918,0,31.314,1,0,0,0,0,2,0,7.8285,12.82559233,NODE_8132,8132,FALSE,NOT_IN_FINAL_237,,,,,,,,,,,,NOT_IN_RESTORED_237,FALSE
LINK_259721,126.9830253,37.56629018,_ë¡2ê°,ëª__,2,104,50,0.235762762,0,24.091,1,0,0,0,0,0,0,6.02275,12.8153638,LINK_259721,259721,FALSE,NOT_IN_FINAL_237,,,,,,,,,,,,NOT_IN_RESTORED_237,FALSE
NODE_119026,126.9678472,37.56148568,ì¤_¦¼,ì¤_¦¼,2,104,50,0.190199131,1,20.876,1,8,15,40,0.4,4,0,5.219,12.81516507,NODE_119026,119026,FALSE,NOT_IN_FINAL_237,,,,,,,,,,,,NOT_IN_RESTORED_237,FALSE
NODE_5672,126.9689161,37.55954301,ì¤_¦¼,ì¤_¦¼,2,104,50,0.190199131,0,20.876,1,0,0,1,0,4,0,5.219,12.81516507,NODE_5672,5672,FALSE,NOT_IN_FINAL_237,,,,,,,,,,,,NOT_IN_RESTORED_237,FALSE
NODE_15246,126.968896,37.55943773,ì¤_¦¼,ì¤_¦¼,2,104,50,0.190199131,0,20.876,1,0,0,1,0,4,0,5.219,12.81516507,NODE_15246,15246,FALSE,NOT_IN_FINAL_237,,,,,,,,,,,,NOT_IN_RESTORED_237,FALSE
NODE_141676,126.9658209,37.55428653,ë§_¦¬2ê°,ì¤_¦¼,2,104,50,0.190199131,0,20.876,1,0,2,9,0,4,0,5.219,12.81516507,NODE_141676,141676,FALSE,NOT_IN_FINAL_237,,,,,,,,,,,,NOT_IN_RESTORED_237,FALSE
LINK_242148,127.0021888,37.56776519,ë°©ì_,_ë¡__,4,104,50,0.155859607,0,34.806,1,0,0,0,0,0,0,8.7015,12.81021129,LINK_242148,242148,FALSE,NOT_IN_FINAL_237,,,,,,,,,,,,NOT_IN_RESTORED_237,FALSE
NODE_8678,127.0159617,37.56710847,¥ì_,__,2,104,50,0.199819779,0,20.876,1,0,0,0,0,3,0,5.219,12.80981025,NODE_8678,8678,FALSE,NOT_IN_FINAL_237,,,,,,,,,,,,NOT_IN_RESTORED_237,FALSE
NODE_9396,127.0174018,37.55955268,__,ì²µ¬,2,104,40,0.247846802,0,20.876,1,0,0,0,0,4,0,5.219,12.79384992,NODE_9396,9396,FALSE,NOT_IN_FINAL_237,,,,,,,,,,,,NOT_IN_RESTORED_237,FALSE
NODE_8597,127.0124318,37.56782167,__,ì²µ¬,2,104,40,0.247846802,0,20.876,1,0,0,0,0,4,0,5.219,12.79384992,NODE_8597,8597,TRUE,phase6_ready_candidates_total_FINAL_237.csv,TRUE,TRUE,TRUE,[16],TRUE,TRUE,,,,,NODE_8597,RESTORED_SIGNAL_STRUCTURE_OK,FALSE
NODE_7747,127.0063629,37.56159979,¥ì¶©1ê°,¥ì¶©,3,104,50,0.178183158,0,31.314,1,0,0,0,0,2,0,7.8285,12.78615613,NODE_7747,7747,FALSE,NOT_IN_FINAL_237,,,,,,,,,,,,NOT_IN_RESTORED_237,FALSE
NODE_71666,127.0061272,37.56168905,¥ì¶©1ê°,¥ì¶©,3,104,50,0.178183158,0,31.314,1,0,0,0,0,2,0,7.8285,12.78615613,NODE_71666,71666,FALSE,NOT_IN_FINAL_237,,,,,,,,,,,,NOT_IN_RESTORED_237,FALSE
LINK_271404,126.9690582,37.55516007,__,ì²_,3,104,50,0.184818145,0,24.553,1,1,7,35,0.428571429,0,0,6.13825,12.77570822,LINK_271404,271404,FALSE,NOT_IN_FINAL_237,,,,,,,,,,,,NOT_IN_RESTORED_237,FALSE
NODE_6740,126.9927357,37.566575,_ë¡3ê°,_ë¡__,3,104,50,0.155859607,0,31.314,1,0,0,0,0,4,0,7.8285,12.73542405,NODE_6740,6740,FALSE,NOT_IN_FINAL_237,,,,,,,,,,,,NOT_IN_RESTORED_237,FALSE
NODE_9887,127.0025165,37.56704664,_ë¡5ê°,_ë¡__,3,104,50,0.155859607,0,31.314,1,0,0,0,0,4,0,7.8285,12.73542405,NODE_9887,9887,FALSE,NOT_IN_FINAL_237,,,,,,,,,,,,NOT_IN_RESTORED_237,FALSE
NODE_23051,126.9899412,37.56611938,_ë¡3ê°,_ë¡__,3,104,50,0.155859607,0,31.314,1,0,0,0,0,4,0,7.8285,12.73542405,NODE_23051,23051,FALSE,NOT_IN_FINAL_237,,,,,,,,,,,,NOT_IN_RESTORED_237,FALSE
NODE_7410,127.002022,37.56667362,_ë¡5ê°,_ë¡__,3,104,50,0.155859607,0,31.314,1,0,0,0,0,4,0,7.8285,12.73542405,NODE_7410,7410,FALSE,NOT_IN_FINAL_237,,,,,,,,,,,,NOT_IN_RESTORED_237,FALSE
NODE_7411,127.0020048,37.56706267,_ë¡5ê°,_ë¡__,3,104,50,0.155859607,0,31.314,1,0,0,0,0,4,0,7.8285,12.73542405,NODE_7411,7411,FALSE,NOT_IN_FINAL_237,,,,,,,,,,,,NOT_IN_RESTORED_237,FALSE
NODE_7419,127.0002711,37.56689791,_ë¡4ê°,_ë¡__,3,104,50,0.155859607,0,31.314,1,0,0,0,0,4,0,7.8285,12.73542405,NODE_7419,7419,FALSE,NOT_IN_FINAL_237,,,,,,,,,,,,NOT_IN_RESTORED_237,FALSE
NODE_6902,126.9978402,37.56860279,ì£¼ê_,_ë¡__,3,104,50,0.155859607,0,31.314,1,3,6,18,0,4,0,7.8285,12.73542405,NODE_6902,6902,FALSE,NOT_IN_FINAL_237,,,,,,,,,,,,NOT_IN_RESTORED_237,FALSE
NODE_7409,127.0021428,37.56675142,_ë¡5ê°,_ë¡__,3,104,50,0.155859607,0,31.314,1,0,0,0,0,4,0,7.8285,12.73542405,NODE_7409,7409,FALSE,NOT_IN_FINAL_237,,,,,,,,,,,,NOT_IN_RESTORED_237,FALSE
NODE_7407,127.0024159,37.56698714,_ë¡5ê°,_ë¡__,3,104,50,0.155859607,0,31.314,1,0,0,0,0,4,0,7.8285,12.73542405,NODE_7407,7407,FALSE,NOT_IN_FINAL_237,,,,,,,,,,,,NOT_IN_RESTORED_237,FALSE
NODE_7405,127.0024418,37.56677888,_ë¡5ê°,_ë¡__,3,104,50,0.155859607,0,31.314,1,0,0,0,0,4,0,7.8285,12.73542405,NODE_7405,7405,FALSE,NOT_IN_FINAL_237,,,,,,,,,,,,NOT_IN_RESTORED_237,FALSE
NODE_6652,126.9925544,37.56808652,__,_ë¡__,3,104,50,0.155859607,0,31.314,1,1,10,30,0.6,4,0,7.8285,12.73542405,NODE_6652,6652,TRUE,phase6_ready_candidates_total_FINAL_237.csv,TRUE,TRUE,TRUE,[2],TRUE,TRUE,,,,,NODE_6652,RESTORED_SIGNAL_STRUCTURE_OK,FALSE
NODE_6725,126.9901683,37.56612626,_ë¡3ê°,_ë¡__,3,104,50,0.155859607,0,31.314,1,0,0,0,0,4,0,7.8285,12.73542405,NODE_6725,6725,FALSE,NOT_IN_FINAL_237,,,,,,,,,,,,NOT_IN_RESTORED_237,FALSE
NODE_6727,126.9901482,37.56636198,_ë¡3ê°,_ë¡__,3,104,50,0.155859607,0,31.314,1,0,0,0,0,4,0,7.8285,12.73542405,NODE_6727,6727,TRUE,phase6_ready_candidates_total_FINAL_237.csv,TRUE,TRUE,TRUE,[11],TRUE,TRUE,,,,,NODE_6727,RESTORED_SIGNAL_STRUCTURE_OK,FALSE
NODE_6734,126.9924108,37.56624543,_ë¡3ê°,_ë¡__,3,104,50,0.155859607,0,31.314,1,0,0,0,0,4,0,7.8285,12.73542405,NODE_6734,6734,FALSE,NOT_IN_FINAL_237,,,,,,,,,,,,NOT_IN_RESTORED_237,FALSE
NODE_6739,126.992796,37.56653381,_ë¡3ê°,_ë¡__,3,104,50,0.155859607,0,31.314,1,0,0,0,0,4,0,7.8285,12.73542405,NODE_6739,6739,FALSE,NOT_IN_FINAL_237,,,,,,,,,,,,NOT_IN_RESTORED_237,FALSE
NODE_22045,126.9929601,37.56451992,ì´__,_ë¡__,3,104,50,0.155859607,0,31.314,1,0,0,0,0,4,0,7.8285,12.73542405,NODE_22045,22045,TRUE,phase6_ready_candidates_total_FINAL_237.csv,TRUE,TRUE,TRUE,[16],TRUE,TRUE,,,,,NODE_22045,RESTORED_SIGNAL_STRUCTURE_OK,FALSE
NODE_7406,127.0021428,37.56697799,_ë¡5ê°,_ë¡__,3,104,50,0.155859607,0,31.314,1,0,0,0,0,4,0,7.8285,12.73542405,NODE_7406,7406,FALSE,NOT_IN_FINAL_237,,,,,,,,,,,,NOT_IN_RESTORED_237,FALSE
NODE_6680,126.9930004,37.56423843,ì´__,_ë¡__,3,104,50,0.155859607,0,31.314,1,0,0,0,0,4,0,7.8285,12.73542405,NODE_6680,6680,TRUE,phase6_ready_candidates_total_FINAL_237.csv,TRUE,TRUE,TRUE,[16],TRUE,TRUE,,,,,NODE_6680,RESTORED_SIGNAL_STRUCTURE_OK,FALSE
NODE_6738,126.9928047,37.5662363,_ë¡3ê°,_ë¡__,3,104,50,0.155859607,0,31.314,1,0,0,0,0,4,0,7.8285,12.73542405,NODE_6738,6738,FALSE,NOT_IN_FINAL_237,,,,,,,,,,,,NOT_IN_RESTORED_237,FALSE
LINK_171326,126.9678274,37.56084489,ì¤_¦¼,ì¤_¦¼,3,104,50,0.190199131,0,28.777,1,0,7,25,0.428571429,0,0,7.19425,12.7259015,LINK_171326,171326,FALSE,NOT_IN_FINAL_237,,,,,,,,,,,,NOT_IN_RESTORED_237,FALSE
LINK_182621,126.9893123,37.56123503,ì¶©ë¬´ë¡2ê°,ëª__,2,104,50,0.235762762,0,26.929,1,0,0,0,0,0,0,6.73225,12.70984143,LINK_182621,182621,FALSE,NOT_IN_FINAL_237,,,,,,,,,,,,NOT_IN_RESTORED_237,FALSE
LINK_53546,127.0024662,37.56701689,_ë¡5ê°,_ë¡__,3,104,50,0.155859607,0,11.075,1,0,0,0,0,0,0,2.76875,12.70005992,LINK_53546,53546,FALSE,NOT_IN_FINAL_237,,,,,,,,,,,,NOT_IN_RESTORED_237,FALSE
LINK_17905,127.006245,37.56164442,¥ì¶©1ê°,¥ì¶©,3,104,50,0.178183158,0,23.064,1,0,0,0,0,0,0,5.766,12.69903675,LINK_17905,17905,FALSE,NOT_IN_FINAL_237,,,,,,,,,,,,NOT_IN_RESTORED_237,FALSE
LINK_231834,126.9936317,37.56114838,__1ê°,__,3,104,50,0.183827697,0,26.108,1,0,0,0,0,0,0,6.527,12.69831317,LINK_231834,231834,FALSE,NOT_IN_FINAL_237,,,,,,,,,,,,NOT_IN_RESTORED_237,FALSE
NODE_7862,127.0061931,37.55935932,¥ì¶©2ê°,__,2,104,50,0.183827697,0,20.876,1,0,0,0,0,4,0,5.219,12.68833694,NODE_7862,7862,FALSE,NOT_IN_FINAL_237,,,,,,,,,,,,NOT_IN_RESTORED_237,FALSE
NODE_20545,126.9929173,37.56120097,__1ê°,__,2,104,50,0.183827697,0,20.876,1,0,0,0,0,4,0,5.219,12.68833694,NODE_20545,20545,FALSE,NOT_IN_FINAL_237,,,,,,,,,,,,NOT_IN_RESTORED_237,FALSE
NODE_7863,127.0060522,37.5592655,¥ì¶©2ê°,__,2,104,50,0.183827697,0,20.876,1,0,0,0,0,4,0,5.219,12.68833694,NODE_7863,7863,FALSE,NOT_IN_FINAL_237,,,,,,,,,,,,NOT_IN_RESTORED_237,FALSE
NODE_20735,126.9987431,37.56244213,ì¶©ë¬´ë¡5ê°,__,2,104,50,0.183827697,0,20.876,1,0,0,0,0,4,0,5.219,12.68833694,NODE_20735,20735,TRUE,phase6_ready_candidates_total_FINAL_237.csv,TRUE,TRUE,TRUE,[6],TRUE,TRUE,,,,,NODE_20735,RESTORED_SIGNAL_STRUCTURE_OK,FALSE
NODE_20727,126.9983406,37.56209542,ì¶©ë¬´ë¡5ê°,__,2,104,50,0.183827697,0,20.876,1,0,0,0,0,4,0,5.219,12.68833694,NODE_20727,20727,TRUE,phase6_ready_candidates_total_FINAL_237.csv,TRUE,TRUE,TRUE,[7],TRUE,TRUE,,,,,NODE_20727,RESTORED_SIGNAL_STRUCTURE_OK,FALSE
NODE_20728,126.998815,37.56245129,ì¶©ë¬´ë¡5ê°,__,2,104,50,0.183827697,0,20.876,1,0,0,0,0,4,0,5.219,12.68833694,NODE_20728,20728,FALSE,NOT_IN_FINAL_237,,,,,,,,,,,,NOT_IN_RESTORED_237,FALSE
NODE_6769,126.9936763,37.56103624,__2ê°,__,2,104,50,0.183827697,0,20.876,1,0,0,0,0,4,0,5.219,12.68833694,NODE_6769,6769,FALSE,NOT_IN_FINAL_237,,,,,,,,,,,,NOT_IN_RESTORED_237,FALSE
NODE_7609,127.0006605,37.55143081,¥ì¶©2ê°,__,2,104,50,0.183827697,0,20.876,1,0,0,1,0,4,0,5.219,12.68833694,NODE_7609,7609,FALSE,NOT_IN_FINAL_237,,,,,,,,,,,,NOT_IN_RESTORED_237,FALSE
LINK_74259,127.0159225,37.56533029,¥ì_,__,3,104,50,0.199819779,0,35.31,1,0,0,0,0,0,0,8.8275,12.67491091,LINK_74259,74259,FALSE,NOT_IN_FINAL_237,,,,,,,,,,,,NOT_IN_RESTORED_237,FALSE
LINK_20293,127.005611,37.56016835,¥ì¶©1ê°,¥ì¶©,3,104,50,0.178183158,0,23.732,1,0,0,0,0,0,0,5.933,12.67434681,LINK_20293,20293,TRUE,phase6_ready_candidates_total_FINAL_237.csv,TRUE,TRUE,TRUE,[9],TRUE,TRUE,,,,,LINK_20293,RESTORED_SIGNAL_STRUCTURE_OK,FALSE
LINK_65652,127.0049031,37.56375529,_¦¼,ê´__,3,104,50,0.180155918,0,25.296,1,0,0,0,0,0,0,6.324,12.65564106,LINK_65652,65652,FALSE,NOT_IN_FINAL_237,,,,,,,,,,,,NOT_IN_RESTORED_237,FALSE
LINK_211088,126.9983154,37.56450659,_,ê´__,3,104,50,0.180155918,0,25.36,1,1,1,1,0,0,0,6.34,12.65328157,LINK_211088,211088,FALSE,NOT_IN_FINAL_237,,,,,,,,,,,,NOT_IN_RESTORED_237,FALSE
LINK_150851,127.009149,37.56449116,ê´__2ê°,ê´__,3,104,50,0.180155918,0,25.605,1,0,0,0,0,0,0,6.40125,12.64425319,LINK_150851,150851,FALSE,NOT_IN_FINAL_237,,,,,,,,,,,,NOT_IN_RESTORED_237,FALSE
LINK_196815,127.0024806,37.56672853,_ë¡5ê°,_ë¡__,3,104,50,0.155859607,0,13.112,1,0,0,0,0,0,0,3.278,12.62491423,LINK_196815,196815,FALSE,NOT_IN_FINAL_237,,,,,,,,,,,,NOT_IN_RESTORED_237,FALSE
NODE_9628,126.9629676,37.55209555,ë§_¦¬2ê°,ì¤_¦¼,2,104,50,0.190199131,0,20.876,1,3,22,48,0.454545455,3,0,5.219,12.61886798,NODE_9628,9628,TRUE,phase6_ready_candidates_total_FINAL_237.csv,TRUE,TRUE,TRUE,[5],TRUE,TRUE,,,,,NODE_9628,RESTORED_SIGNAL_STRUCTURE_OK,FALSE
NODE_98363,126.9692414,37.56181789,_£¼ë¡2ê°,ì¤_¦¼,2,104,50,0.190199131,0,20.876,1,7,22,37,0.454545455,3,0,5.219,12.61886798,NODE_98363,98363,FALSE,NOT_IN_FINAL_237,,,,,,,,,,,,NOT_IN_RESTORED_237,FALSE
NODE_7660,127.0069352,37.5642659,ê´__2ê°,ê´__,2,104,50,0.180155918,0,20.876,1,0,0,0,0,4,0,5.219,12.61581835,NODE_7660,7660,FALSE,NOT_IN_FINAL_237,,,,,,,,,,,,NOT_IN_RESTORED_237,FALSE
NODE_7510,127.0023453,37.56333693,¤ì_,ê´__,2,104,50,0.180155918,0,20.876,1,0,0,0,0,4,0,5.219,12.61581835,NODE_7510,7510,FALSE,NOT_IN_FINAL_237,,,,,,,,,,,,NOT_IN_RESTORED_237,FALSE
NODE_7511,127.0021614,37.56344221,¤ì_,ê´__,2,104,50,0.180155918,0,20.876,1,0,0,0,0,4,0,5.219,12.61581835,NODE_7511,7511,FALSE,NOT_IN_FINAL_237,,,,,,,,,,,,NOT_IN_RESTORED_237,FALSE
LINK_263058,127.0020824,37.56671252,_ë¡5ê°,_ë¡__,3,104,50,0.155859607,0,13.725,1,0,0,0,0,0,0,3.43125,12.60238758,LINK_263058,263058,FALSE,NOT_IN_FINAL_237,,,,,,,,,,,,NOT_IN_RESTORED_237,FALSE
NODE_9989,127.0171919,37.55965798,__,ì²µ¬,2,104,40,0.247846802,0,20.876,1,0,0,0,0,3,0,5.219,12.59787933,NODE_9989,9989,FALSE,NOT_IN_FINAL_237,,,,,,,,,,,,NOT_IN_RESTORED_237,FALSE
LINK_131956,126.9988595,37.56234029,ë¬µì_,¥ì¶©,3,104,50,0.178183158,0,25.866,1,0,0,0,0,0,0,6.4665,12.59579322,LINK_131956,131956,FALSE,NOT_IN_FINAL_237,,,,,,,,,,,,NOT_IN_RESTORED_237,FALSE
NODE_6026,126.9765017,37.56233906,__ë¡2ê°,_³µ,5,104,50,0.097727273,0,52.19,1,0,0,1,0,3,0,13.0475,12.59035969,NODE_6026,6026,FALSE,NOT_IN_FINAL_237,,,,,,,,,,,,NOT_IN_RESTORED_237,FALSE
LINK_122032,126.9827732,37.56859011,¨ëë¬¸ë_1ê°,ëª__,2,104,50,0.235762762,0,30.434,1,4,17,95,0.705882353,0,0,7.6085,12.58071712,LINK_122032,122032,FALSE,NOT_IN_FINAL_237,,,,,,,,,,,,NOT_IN_RESTORED_237,FALSE
LINK_127532,127.0164759,37.56542263,¥ì_,__,3,104,50,0.199819779,0,38.04,1,0,0,0,0,0,0,9.51,12.57450091,LINK_127532,127532,FALSE,NOT_IN_FINAL_237,,,,,,,,,,,,NOT_IN_RESTORED_237,FALSE
LINK_148587,126.9888322,37.56118692,ì¶©ë¬´ë¡2ê°,ëª__,2,104,50,0.235762762,0,30.888,1,0,0,0,0,0,0,7.722,12.56408799,LINK_148587,148587,FALSE,NOT_IN_FINAL_237,,,,,,,,,,,,NOT_IN_RESTORED_237,FALSE
LINK_148830,127.0020738,37.56702033,_ë¡5ê°,_ë¡__,3,104,50,0.155859607,0,15.394,1,0,0,0,0,0,0,3.8485,12.54125833,LINK_148830,148830,FALSE,NOT_IN_FINAL_237,,,,,,,,,,,,NOT_IN_RESTORED_237,FALSE
NODE_7007,126.9974363,37.56674798,_ë¡4ê°,_ë¡__,3,104,50,0.155859607,0,31.314,1,0,0,0,0,3,0,7.8285,12.5403484,NODE_7007,7007,FALSE,NOT_IN_FINAL_237,,,,,,,,,,,,NOT_IN_RESTORED_237,FALSE
NODE_7008,126.997445,37.56650769,_ë¡4ê°,_ë¡__,3,104,50,0.155859607,0,31.314,1,0,0,0,0,3,0,7.8285,12.5403484,NODE_7008,7008,FALSE,NOT_IN_FINAL_237,,,,,,,,,,,,NOT_IN_RESTORED_237,FALSE
NODE_7018,126.9980602,37.56602711,_ë¡4ê°,_ë¡__,3,104,50,0.155859607,0,31.314,1,0,0,1,0,3,0,7.8285,12.5403484,NODE_7018,7018,FALSE,NOT_IN_FINAL_237,,,,,,,,,,,,NOT_IN_RESTORED_237,FALSE
NODE_9878,126.9979739,37.56734301,ì£¼ê_,_ë¡__,3,104,50,0.155859607,0,31.314,1,0,0,4,0,3,0,7.8285,12.5403484,NODE_9878,9878,FALSE,NOT_IN_FINAL_237,,,,,,,,,,,,NOT_IN_RESTORED_237,FALSE
LINK_95249,127.0069208,37.56413431,ê´__2ê°,ê´__,3,104,50,0.180155918,0,29.32,1,0,0,0,0,0,0,7.33,12.5081403,LINK_95249,95249,FALSE,NOT_IN_FINAL_237,,,,,,,,,,,,NOT_IN_RESTORED_237,FALSE
NODE_7611,127.0008502,37.55127977,¥ì¶©2ê°,__,2,104,50,0.183827697,0,20.876,1,0,0,1,0,3,0,5.219,12.49398255,NODE_7611,7611,FALSE,NOT_IN_FINAL_237,,,,,,,,,,,,NOT_IN_RESTORED_237,FALSE
LINK_89083,126.9690154,37.55908075,ì¤_¦¼,ì¤_¦¼,3,104,50,0.190199131,0,35.357,1,0,0,1,0,0,0,8.83925,12.48426988,LINK_89083,89083,TRUE,phase6_ready_candidates_total_FINAL_237.csv,TRUE,TRUE,TRUE,[11],TRUE,TRUE,,,,,LINK_89083,RESTORED_SIGNAL_STRUCTURE_OK,FALSE
LINK_281698,126.976286,37.56238593,__ë¡2ê°,_³µ,5,104,50,0.097727273,0,39.498,1,0,0,1,0,0,0,9.8745,12.47341553,LINK_281698,281698,FALSE,NOT_IN_FINAL_237,,,,,,,,,,,,NOT_IN_RESTORED_237,FALSE
LINK_266315,127.0219794,37.56549123,©í_,©í_,3,104,50,0.17178133,0,25.819,1,0,0,10,0,0,0,6.45475,12.47225216,LINK_266315,266315,FALSE,NOT_IN_FINAL_237,,,,,,,,,,,,NOT_IN_RESTORED_237,FALSE
LINK_135350,126.9960019,37.56180586,ì¶©ë¬´ë¡4ê°,ê´__,3,104,50,0.180155918,0,30.389,1,0,0,0,0,0,0,7.59725,12.46924567,LINK_135350,135350,FALSE,NOT_IN_FINAL_237,,,,,,,,,,,,NOT_IN_RESTORED_237,FALSE
NODE_163164,127.0233623,37.567732,©í_,©í_,2,104,50,0.17178133,0,20.876,1,3,4,12,0.5,4,0,5.219,12.45196502,NODE_163164,163164,FALSE,NOT_IN_FINAL_237,,,,,,,,,,,,NOT_IN_RESTORED_237,FALSE
NODE_9445,127.0233566,37.56811533,©í_,©í_,2,104,50,0.17178133,0,20.876,1,2,5,16,0.6,4,0,5.219,12.45196502,NODE_9445,9445,FALSE,NOT_IN_FINAL_237,,,,,,,,,,,,NOT_IN_RESTORED_237,FALSE
NODE_9403,127.0232562,37.5716073,©í_,©í_,2,104,50,0.17178133,0,20.876,1,12,23,104,0.565217391,4,0,5.219,12.45196502,NODE_9403,9403,FALSE,NOT_IN_FINAL_237,,,,,,,,,,,,NOT_IN_RESTORED_237,FALSE
NODE_9404,127.02326,37.571444,©í_,©í_,2,104,50,0.17178133,0,20.876,1,6,22,100,0.590909091,4,0,5.219,12.45196502,NODE_9404,9404,FALSE,NOT_IN_FINAL_237,,,,,,,,,,,,NOT_IN_RESTORED_237,FALSE
NODE_14914,126.9678069,37.55505833,ë§_¦¬1ê°,ì¤_¦¼,2,104,50,0.190199131,0,20.876,1,3,6,35,0.333333333,2,0,5.219,12.42557769,NODE_14914,14914,FALSE,NOT_IN_FINAL_237,,,,,,,,,,,,NOT_IN_RESTORED_237,FALSE
LINK_45889,126.963376,37.55925127,ì¤_¦¼,ì¤_¦¼,3,104,50,0.190199131,0,37.057,1,11,19,57,0.789473684,0,0,9.26425,12.42259158,LINK_45889,45889,FALSE,NOT_IN_FINAL_237,,,,,,,,,,,,NOT_IN_RESTORED_237,FALSE
NODE_7664,127.0066374,37.5642717,ê´__1ê°,ê´__,2,104,50,0.180155918,0,20.876,1,0,0,0,0,3,0,5.219,12.42257478,NODE_7664,7664,FALSE,NOT_IN_FINAL_237,,,,,,,,,,,,NOT_IN_RESTORED_237,FALSE
NODE_8865,127.0159184,37.55937324,__,ì²µ¬,2,104,40,0.247846802,0,20.876,1,0,0,0,0,2,0,5.219,12.40491053,NODE_8865,8865,FALSE,NOT_IN_FINAL_237,,,,,,,,,,,,NOT_IN_RESTORED_237,FALSE
NODE_9354,127.0189971,37.55903751,__,ì²µ¬,2,104,40,0.247846802,0,20.876,1,0,0,0,0,2,0,5.219,12.40491053,NODE_9354,9354,FALSE,NOT_IN_FINAL_237,,,,,,,,,,,,NOT_IN_RESTORED_237,FALSE
NODE_9355,127.0187039,37.55905816,__,ì²µ¬,2,104,40,0.247846802,0,20.876,1,0,0,0,0,2,0,5.219,12.40491053,NODE_9355,9355,FALSE,NOT_IN_FINAL_237,,,,,,,,,,,,NOT_IN_RESTORED_237,FALSE
LINK_142586,127.0029698,37.55927077,¥ì¶©2ê°,__,3,104,50,0.183827697,0,34.222,1,0,0,0,0,0,0,8.5555,12.40165703,LINK_142586,142586,TRUE,phase6_ready_candidates_total_FINAL_237.csv,TRUE,TRUE,TRUE,[14],TRUE,TRUE,UNAVAILABLE,PASS,PHASE6_READY_CONFIRMED,PASS,LINK_142586,RESTORED_PHASE6_READY,TRUE
LINK_38073,126.9690355,37.55930732,ì¤_¦¼,ì¤_¦¼,3,104,50,0.190199131,0,38.019,1,0,0,1,0,0,0,9.50475,12.38782402,LINK_38073,38073,FALSE,NOT_IN_FINAL_237,,,,,,,,,,,,NOT_IN_RESTORED_237,FALSE
LINK_160197,127.0058308,37.5589085,¥ì¶©2ê°,__,3,104,50,0.183827697,0,34.86,1,0,0,0,0,0,0,8.715,12.37862712,LINK_160197,160197,FALSE,NOT_IN_FINAL_237,,,,,,,,,,,,NOT_IN_RESTORED_237,FALSE
LINK_89578,126.968906,37.55949037,ì¤_¦¼,ì¤_¦¼,2,104,50,0.190199131,0,11.819,1,0,0,1,0,0,0,2.95475,12.36996386,LINK_89578,89578,FALSE,NOT_IN_FINAL_237,,,,,,,,,,,,NOT_IN_RESTORED_237,FALSE
LINK_121248,126.9768728,37.56387132,__ë¡2ê°,_³µ,5,104,50,0.097727273,0,42.519,1,1,1,3,1,0,0,10.62975,12.36411515,LINK_121248,121248,FALSE,NOT_IN_FINAL_237,,,,,,,,,,,,NOT_IN_RESTORED_237,FALSE
LINK_108149,127.0124473,37.5677708,__,ì²µ¬,2,104,40,0.247846802,0,11.62,1,0,0,0,0,0,0,2.905,12.35655096,LINK_108149,108149,FALSE,NOT_IN_FINAL_237,,,,,,,,,,,,NOT_IN_RESTORED_237,FALSE
LINK_913,126.9979566,37.56860508,ì£¼ê_,_ë¡__,3,104,50,0.155859607,0,20.58,1,3,6,18,0,0,0,5.145,12.35320012,LINK_913,913,FALSE,NOT_IN_FINAL_237,,,,,,,,,,,,NOT_IN_RESTORED_237,FALSE
NODE_7002,126.9955388,37.56642067,_ë¡4ê°,_ë¡__,3,104,50,0.155859607,0,31.314,1,0,0,0,0,2,0,7.8285,12.34826084,NODE_7002,7002,FALSE,NOT_IN_FINAL_237,,,,,,,,,,,,NOT_IN_RESTORED_237,FALSE
NODE_7425,126.9990435,37.56660268,_ë¡4ê°,_ë¡__,3,104,50,0.155859607,0,31.314,1,0,0,0,0,2,0,7.8285,12.34826084,NODE_7425,7425,FALSE,NOT_IN_FINAL_237,,,,,,,,,,,,NOT_IN_RESTORED_237,FALSE
NODE_7434,126.9990147,37.56683154,_ë¡4ê°,_ë¡__,3,104,50,0.155859607,0,31.314,1,0,0,0,0,2,0,7.8285,12.34826084,NODE_7434,7434,FALSE,NOT_IN_FINAL_237,,,,,,,,,,,,NOT_IN_RESTORED_237,FALSE
NODE_122275,127.0002539,37.56665761,_ë¡5ê°,_ë¡__,3,104,50,0.155859607,0,31.314,1,0,0,0,0,2,0,7.8285,12.34826084,NODE_122275,122275,FALSE,NOT_IN_FINAL_237,,,,,,,,,,,,NOT_IN_RESTORED_237,FALSE
NODE_7001,126.9955216,37.56664952,_ë¡4ê°,_ë¡__,3,104,50,0.155859607,0,31.314,1,0,0,0,0,2,0,7.8285,12.34826084,NODE_7001,7001,FALSE,NOT_IN_FINAL_237,,,,,,,,,,,,NOT_IN_RESTORED_237,FALSE
NODE_7396,127.002183,37.56560945,_ë¡5ê°,_ë¡__,3,104,50,0.155859607,0,31.314,1,0,0,0,0,2,0,7.8285,12.34826084,NODE_7396,7396,FALSE,NOT_IN_FINAL_237,,,,,,,,,,,,NOT_IN_RESTORED_237,FALSE
NODE_7332,127.0019918,37.56776176,ë°©ì_,_ë¡__,3,104,50,0.155859607,0,31.314,1,0,0,0,0,2,0,7.8285,12.34826084,NODE_7332,7332,FALSE,NOT_IN_FINAL_237,,,,,,,,,,,,NOT_IN_RESTORED_237,FALSE
LINK_100063,126.9928825,37.56421783,ì´__,_ë¡__,3,104,50,0.155859607,0,21.324,1,0,0,0,0,0,0,5.331,12.32645299,LINK_100063,100063,TRUE,phase6_ready_candidates_total_FINAL_237.csv,TRUE,TRUE,TRUE,[16],TRUE,TRUE,,,,,LINK_100063,RESTORED_SIGNAL_STRUCTURE_OK,FALSE
LINK_20482,126.9770959,37.55502838,¨ëë¬¸ë_5ê°,__,3,104,50,0.294659686,0,24.136,1,2,4,7,0.75,0,1,6.034,12.32497999,LINK_20482,20482,FALSE,NOT_IN_FINAL_237,,,,,,,,,,,,NOT_IN_RESTORED_237,FALSE
LINK_168966,127.0071005,37.56402445,ê´__2ê°,ê´__,3,104,50,0.180155918,0,34.628,1,0,0,0,0,0,0,8.657,12.31620037,LINK_168966,168966,FALSE,NOT_IN_FINAL_237,,,,,,,,,,,,NOT_IN_RESTORED_237,FALSE
NODE_20513,126.9924458,37.56120323,__1ê°,__,2,104,50,0.183827697,0,20.876,1,0,0,0,0,2,0,5.219,12.3026052,NODE_20513,20513,TRUE,phase6_ready_candidates_total_FINAL_237.csv,TRUE,TRUE,TRUE,[5],TRUE,TRUE,,,,,NODE_20513,RESTORED_SIGNAL_STRUCTURE_OK,FALSE
NODE_9774,127.0022343,37.55296869,¥ì¶©2ê°,__,2,104,50,0.183827697,0,20.876,1,0,0,0,0,2,0,5.219,12.3026052,NODE_9774,9774,FALSE,NOT_IN_FINAL_237,,,,,,,,,,,,NOT_IN_RESTORED_237,FALSE
NODE_7636,127.0025017,37.55291147,¥ì¶©2ê°,__,2,104,50,0.183827697,0,20.876,1,0,0,0,0,2,0,5.219,12.3026052,NODE_7636,7636,FALSE,NOT_IN_FINAL_237,,,,,,,,,,,,NOT_IN_RESTORED_237,FALSE
LINK_124840,127.0161717,37.56518459,__,ì²µ¬,2,104,50,0.247846802,0,44.645,1,0,0,0,0,0,0,11.16125,12.30034078,LINK_124840,124840,FALSE,NOT_IN_FINAL_237,,,,,,,,,,,,NOT_IN_RESTORED_237,FALSE
LINK_274692,127.0106426,37.56490298,__,ì²µ¬,1,104,50,0.247846802,0,18.018,1,0,0,0,0,0,0,4.5045,12.29789592,LINK_274692,274692,FALSE,NOT_IN_FINAL_237,,,,,,,,,,,,NOT_IN_RESTORED_237,FALSE
LINK_109871,126.9690499,37.5554749,__,ì²_,3,104,50,0.184818145,0,37.785,1,0,5,32,0.4,0,0,9.44625,12.29258071,LINK_109871,109871,FALSE,NOT_IN_FINAL_237,,,,,,,,,,,,NOT_IN_RESTORED_237,FALSE
LINK_92706,127.0232213,37.57141627,©í_,©í_,1,104,60,0.17178133,0,9.202,1,6,22,98,0.590909091,0,0,2.3005,12.28066777,LINK_92706,92706,FALSE,NOT_IN_FINAL_237,,,,,,,,,,,,NOT_IN_RESTORED_237,FALSE
LINK_243373,126.9817325,37.56039871,ì¶©ë¬´ë¡1ê°,ëª__,1,104,50,0.235762762,0,12.139,1,0,0,1,0,0,0,3.03475,12.27656656,LINK_243373,243373,FALSE,NOT_IN_FINAL_237,,,,,,,,,,,,NOT_IN_RESTORED_237,FALSE
LINK_64807,126.9694996,37.5623633,_£¼ë¡1ê°,_³µ,4,104,50,0.097727273,0,18.279,1,13,18,35,0.555555556,0,0,4.56975,12.27599027,LINK_64807,64807,FALSE,NOT_IN_FINAL_237,,,,,,,,,,,,NOT_IN_RESTORED_237,FALSE
LINK_186738,127.0024288,37.56688301,_ë¡5ê°,_ë¡__,3,104,50,0.155859607,0,23.227,1,0,0,0,0,0,0,5.80675,12.2583025,LINK_186738,186738,FALSE,NOT_IN_FINAL_237,,,,,,,,,,,,NOT_IN_RESTORED_237,FALSE
LINK_66156,127.0076139,37.56605892,_ë¡6ê°,ê´__,3,104,50,0.180155918,0,36.535,1,0,0,0,0,0,0,9.13375,12.24796384,LINK_66156,66156,FALSE,NOT_IN_FINAL_237,,,,,,,,,,,,NOT_IN_RESTORED_237,FALSE
LINK_24931,126.992602,37.56656698,_ë¡3ê°,_ë¡__,3,104,50,0.155859607,0,23.689,1,0,0,0,0,0,0,5.92225,12.24181422,LINK_24931,24931,FALSE,NOT_IN_FINAL_237,,,,,,,,,,,,NOT_IN_RESTORED_237,FALSE
NODE_7067,126.9957562,37.56150491,ì¶©ë¬´ë¡4ê°,ê´__,2,104,50,0.180155918,0,20.876,1,0,0,0,0,2,0,5.219,12.23229122,NODE_7067,7067,FALSE,NOT_IN_FINAL_237,,,,,,,,,,,,NOT_IN_RESTORED_237,FALSE
NODE_7663,127.0067742,37.5642865,ê´__1ê°,ê´__,2,104,50,0.180155918,0,20.876,1,0,0,0,0,2,0,5.219,12.23229122,NODE_7663,7663,FALSE,NOT_IN_FINAL_237,,,,,,,,,,,,NOT_IN_RESTORED_237,FALSE
NODE_9915,127.0048634,37.56386477,_¦¼,ê´__,2,104,50,0.180155918,0,20.876,1,0,0,0,0,2,0,5.219,12.23229122,NODE_9915,9915,FALSE,NOT_IN_FINAL_237,,,,,,,,,,,,NOT_IN_RESTORED_237,FALSE
LINK_214213,126.9772043,37.55604115,¨ì°½,__,4,104,40,0.294659686,0,22.18,1,0,0,3,0,0,1,5.545,12.2245362,LINK_214213,214213,FALSE,NOT_IN_FINAL_237,,,,,,,,,,,,NOT_IN_RESTORED_237,FALSE
LINK_109531,127.0073756,37.56420142,ê´__2ê°,ê´__,3,104,50,0.180155918,0,37.319,1,0,0,0,0,0,0,9.32975,12.22002042,LINK_109531,109531,FALSE,NOT_IN_FINAL_237,,,,,,,,,,,,NOT_IN_RESTORED_237,FALSE
LINK_122941,127.0056195,37.55912249,¥ì¶©1ê°,¥ì¶©,3,104,50,0.178183158,0,36.578,1,0,0,0,0,0,0,9.1445,12.20877418,LINK_122941,122941,FALSE,NOT_IN_FINAL_237,,,,,,,,,,,,NOT_IN_RESTORED_237,FALSE
NODE_9336,127.0192297,37.5579161,__,ì²µ¬,1,104,40,0.247846802,0,10.438,1,0,1,12,0,4,0,2.6095,12.20201718,NODE_9336,9336,FALSE,NOT_IN_FINAL_237,,,,,,,,,,,,NOT_IN_RESTORED_237,FALSE
NODE_119046,126.9695861,37.56240842,_£¼ë¡1ê°,_³µ,4,104,50,0.097727273,0,41.752,1,12,18,34,0.555555556,4,0,10.438,12.19473383,NODE_119046,119046,FALSE,NOT_IN_FINAL_237,,,,,,,,,,,,NOT_IN_RESTORED_237,FALSE
NODE_5932,126.9776336,37.56481318,__ë¡2ê°,_³µ,4,104,50,0.097727273,0,41.752,1,2,2,3,0,4,0,10.438,12.19473383,NODE_5932,5932,FALSE,NOT_IN_FINAL_237,,,,,,,,,,,,NOT_IN_RESTORED_237,FALSE
NODE_9658,126.9759762,37.56038454,¨ëë¬¸ë_4ê°,_³µ,4,104,50,0.097727273,0,41.752,1,0,0,0,0,4,0,10.438,12.19473383,NODE_9658,9658,FALSE,NOT_IN_FINAL_237,,,,,,,,,,,,NOT_IN_RESTORED_237,FALSE
NODE_5935,126.9769579,37.56525245,__,_³µ,4,104,50,0.097727273,0,41.752,1,1,1,12,0,4,0,10.438,12.19473383,NODE_5935,5935,FALSE,NOT_IN_FINAL_237,,,,,,,,,,,,NOT_IN_RESTORED_237,FALSE
NODE_5760,126.975312,37.56073226,¨ëë¬¸ë_4ê°,_³µ,4,104,50,0.097727273,0,41.752,1,0,0,0,0,4,0,10.438,12.19473383,NODE_5760,5760,FALSE,NOT_IN_FINAL_237,,,,,,,,,,,,NOT_IN_RESTORED_237,FALSE
LINK_187451,127.0021428,37.56686471,_ë¡5ê°,_ë¡__,3,104,50,0.155859607,0,25.146,1,0,0,0,0,0,0,6.2865,12.18996058,LINK_187451,187451,FALSE,NOT_IN_FINAL_237,,,,,,,,,,,,NOT_IN_RESTORED_237,FALSE
LINK_168397,126.9955302,37.56653509,_ë¡4ê°,_ë¡__,3,104,50,0.155859607,0,25.446,1,0,0,0,0,0,0,6.3615,12.17931108,LINK_168397,168397,FALSE,NOT_IN_FINAL_237,,,,,,,,,,,,NOT_IN_RESTORED_237,FALSE
LINK_67096,126.9990291,37.56671711,_ë¡4ê°,_ë¡__,3,104,50,0.155859607,0,25.527,1,0,0,0,0,0,0,6.38175,12.17643731,LINK_67096,67096,FALSE,NOT_IN_FINAL_237,,,,,,,,,,,,NOT_IN_RESTORED_237,FALSE
LINK_12641,127.0067058,37.5642791,ê´__1ê°,ê´__,2,104,50,0.180155918,0,12.202,1,0,0,0,0,0,0,3.0505,12.16396212,LINK_12641,12641,FALSE,NOT_IN_FINAL_237,,,,,,,,,,,,NOT_IN_RESTORED_237,FALSE
LINK_278254,127.0080996,37.56594472,_ë¡7ê°,ê´__,3,104,50,0.180155918,0,39.026,1,0,0,0,0,0,0,9.7565,12.15939967,LINK_278254,278254,FALSE,NOT_IN_FINAL_237,,,,,,,,,,,,NOT_IN_RESTORED_237,FALSE
LINK_264638,126.9901582,37.56624412,_ë¡3ê°,_ë¡__,3,104,50,0.155859607,0,26.222,1,0,0,0,0,0,0,6.5555,12.15180752,LINK_264638,264638,FALSE,NOT_IN_FINAL_237,,,,,,,,,,,,NOT_IN_RESTORED_237,FALSE
LINK_239875,126.9826932,37.56620088,_ë¡1ê°,ëª__,2,104,50,0.235762762,0,42.467,1,0,0,0,0,0,0,10.61675,12.14732154,LINK_239875,239875,FALSE,NOT_IN_FINAL_237,,,,,,,,,,,,NOT_IN_RESTORED_237,FALSE
LINK_218464,126.9974406,37.56662783,_ë¡4ê°,_ë¡__,3,104,50,0.155859607,0,26.681,1,0,0,0,0,0,0,6.67025,12.13556854,LINK_218464,218464,FALSE,NOT_IN_FINAL_237,,,,,,,,,,,,NOT_IN_RESTORED_237,FALSE
LINK_108305,127.0002625,37.56677776,_ë¡5ê°,_ë¡__,3,104,50,0.155859607,0,26.714,1,0,0,0,0,0,0,6.6785,12.13440187,LINK_108305,108305,FALSE,NOT_IN_FINAL_237,,,,,,,,,,,,NOT_IN_RESTORED_237,FALSE
LINK_266757,127.0179251,37.55996339,__,ì²µ¬,2,104,40,0.247846802,0,18.605,1,0,0,0,0,0,0,4.65125,12.10763795,LINK_266757,266757,FALSE,NOT_IN_FINAL_237,,,,,,,,,,,,NOT_IN_RESTORED_237,FALSE
LINK_20004,127.002364,37.56315499,¤ì_,ê´__,3,104,50,0.180155918,0,40.521,1,0,0,0,0,0,0,10.13025,12.10655475,LINK_20004,20004,FALSE,NOT_IN_FINAL_237,,,,,,,,,,,,NOT_IN_RESTORED_237,FALSE
NODE_6531,126.9893152,37.56111374,ì£¼ì_,__,1,104,50,0.183827697,0,10.438,1,0,0,0,0,4,0,2.6095,12.10138514,NODE_6531,6531,FALSE,NOT_IN_FINAL_237,,,,,,,,,,,,NOT_IN_RESTORED_237,FALSE
NODE_7507,127.0023827,37.56297306,¥ì¶©2ê°,__,1,104,50,0.183827697,0,10.438,1,0,0,0,0,4,0,2.6095,12.10138514,NODE_7507,7507,FALSE,NOT_IN_FINAL_237,,,,,,,,,,,,NOT_IN_RESTORED_237,FALSE
NODE_7828,127.005644,37.55895886,¥ì¶©2ê°,__,1,104,50,0.183827697,0,10.438,1,0,0,0,0,4,0,2.6095,12.10138514,NODE_7828,7828,FALSE,NOT_IN_FINAL_237,,,,,,,,,,,,NOT_IN_RESTORED_237,FALSE
NODE_6201,126.9772152,37.5559416,¨ì°½,__,4,104,40,0.294659686,0,41.752,1,0,0,4,0,3,1,10.438,12.09428369,NODE_6201,6201,FALSE,NOT_IN_FINAL_237,,,,,,,,,,,,NOT_IN_RESTORED_237,FALSE
LINK_240200,127.0061226,37.55931241,¥ì¶©2ê°,__,2,104,50,0.183827697,0,16.228,1,0,0,0,0,0,0,4.057,12.09122768,LINK_240200,240200,FALSE,NOT_IN_FINAL_237,,,,,,,,,,,,NOT_IN_RESTORED_237,FALSE
NODE_127536,127.0233398,37.56951821,©í_,©í_,2,104,50,0.17178133,0,20.876,1,6,9,18,0.555555556,2,0,5.219,12.0734191,NODE_127536,127536,FALSE,NOT_IN_FINAL_237,,,,,,,,,,,,NOT_IN_RESTORED_237,FALSE
LINK_241309,127.0028211,37.56325453,_¦¼,ê´__,3,104,50,0.180155918,0,41.663,1,0,0,0,0,0,0,10.41575,12.06634237,LINK_241309,241309,FALSE,NOT_IN_FINAL_237,,,,,,,,,,,,NOT_IN_RESTORED_237,FALSE
LINK_163017,127.005825,37.55928538,¥ì¶©1ê°,¥ì¶©,3,104,50,0.178183158,0,40.827,1,0,0,0,0,0,0,10.20675,12.05857454,LINK_163017,163017,FALSE,NOT_IN_FINAL_237,,,,,,,,,,,,NOT_IN_RESTORED_237,FALSE
LINK_196143,126.9926423,37.56621913,_ë¡3ê°,_ë¡__,3,104,50,0.155859607,0,28.954,1,0,0,0,0,0,0,7.2385,12.05547127,LINK_196143,196143,FALSE,NOT_IN_FINAL_237,,,,,,,,,,,,NOT_IN_RESTORED_237,FALSE
LINK_277412,127.0161083,37.56710959,¥ì_,__,2,104,50,0.199819779,0,25.909,1,0,0,0,0,0,0,6.47725,12.05211374,LINK_277412,277412,FALSE,NOT_IN_FINAL_237,,,,,,,,,,,,NOT_IN_RESTORED_237,FALSE
LINK_154018,127.016028,37.56784079,¥ì_,__,2,104,50,0.199819779,0,25.928,1,0,0,0,0,0,0,6.482,12.05144662,LINK_154018,154018,FALSE,NOT_IN_FINAL_237,,,,,,,,,,,,NOT_IN_RESTORED_237,FALSE
LINK_8035,126.9875363,37.56595953,_ë¡2ê°,ëª__,2,104,50,0.235762762,0,45.625,1,0,0,0,0,0,0,11.40625,12.03607367,LINK_8035,8035,FALSE,NOT_IN_FINAL_237,,,,,,,,,,,,NOT_IN_RESTORED_237,FALSE
LINK_23736,126.9790734,37.56703904,ë¬´ê_,ëª__,3,104,30,0.235762762,0,9.412,1,0,9,9,0.333333333,0,0,2.353,12.03566043,LINK_23736,23736,FALSE,NOT_IN_FINAL_237,,,,,,,,,,,,NOT_IN_RESTORED_237,FALSE
NODE_14921,126.9685088,37.55717884,ë§_¦¬1ê°,ì¤_¦¼,1,104,50,0.190199131,0,10.438,1,0,1,3,0,3,0,2.6095,12.03512976,NODE_14921,14921,FALSE,NOT_IN_FINAL_237,,,,,,,,,,,,NOT_IN_RESTORED_237,FALSE
NODE_8166,127.0075607,37.56589987,_ë¡6ê°,ê´__,1,104,50,0.180155918,0,10.438,1,0,0,0,0,4,0,2.6095,12.03222121,NODE_8166,8166,FALSE,NOT_IN_FINAL_237,,,,,,,,,,,,NOT_IN_RESTORED_237,FALSE
NODE_8167,127.0080121,37.56580372,_ë¡7ê°,ê´__,1,104,50,0.180155918,0,10.438,1,0,0,0,0,4,0,2.6095,12.03222121,NODE_8167,8167,FALSE,NOT_IN_FINAL_237,,,,,,,,,,,,NOT_IN_RESTORED_237,FALSE
NODE_7661,127.0069064,37.56400272,ê´__2ê°,ê´__,1,104,50,0.180155918,0,10.438,1,0,0,0,0,4,0,2.6095,12.03222121,NODE_7661,7661,FALSE,NOT_IN_FINAL_237,,,,,,,,,,,,NOT_IN_RESTORED_237,FALSE
NODE_9899,127.0072946,37.56404617,ê´__2ê°,ê´__,1,104,50,0.180155918,0,10.438,1,0,0,0,0,4,0,2.6095,12.03222121,NODE_9899,9899,FALSE,NOT_IN_FINAL_237,,,,,,,,,,,,NOT_IN_RESTORED_237,FALSE
NODE_125786,127.0076671,37.56621797,_ë¡6ê°,ê´__,1,104,50,0.180155918,0,10.438,1,0,0,0,0,4,0,2.6095,12.03222121,NODE_125786,125786,FALSE,NOT_IN_FINAL_237,,,,,,,,,,,,NOT_IN_RESTORED_237,FALSE
NODE_9900,127.0074567,37.56435667,ê´__2ê°,ê´__,1,104,50,0.180155918,0,10.438,1,0,0,0,0,4,0,2.6095,12.03222121,NODE_9900,9900,FALSE,NOT_IN_FINAL_237,,,,,,,,,,,,NOT_IN_RESTORED_237,FALSE
LINK_281011,126.9924221,37.56817004,__,_ë¡__,3,104,50,0.155859607,0,29.831,1,9,10,33,0.6,0,0,7.45775,12.02470857,LINK_281011,281011,FALSE,NOT_IN_FINAL_237,,,,,,,,,,,,NOT_IN_RESTORED_237,FALSE
LINK_98240,126.9924194,37.56638046,_ë¡3ê°,_ë¡__,3,104,50,0.155859607,0,30.011,1,0,0,0,0,0,0,7.50275,12.01840439,LINK_98240,98240,FALSE,NOT_IN_FINAL_237,,,,,,,,,,,,NOT_IN_RESTORED_237,FALSE
NODE_9366,127.0189997,37.55787036,__,ì²µ¬,1,104,40,0.247846802,0,10.438,1,0,1,12,0,3,0,2.6095,12.01511203,NODE_9366,9366,FALSE,NOT_IN_FINAL_237,,,,,,,,,,,,NOT_IN_RESTORED_237,FALSE
NODE_9678,126.9790762,37.56708138,ë¬´ê_,ëª__,3,104,30,0.235762762,0,31.314,1,0,9,9,0.333333333,4,0,7.8285,12.0108416,NODE_9678,9678,FALSE,NOT_IN_FINAL_237,,,,,,,,,,,,NOT_IN_RESTORED_237,FALSE
NODE_9661,126.9760704,37.5624328,__ë¡2ê°,_³µ,4,104,50,0.097727273,0,41.752,1,0,0,1,0,3,0,10.438,12.00794024,NODE_9661,9661,FALSE,NOT_IN_FINAL_237,,,,,,,,,,,,NOT_IN_RESTORED_237,FALSE
NODE_119583,126.9686081,37.56373323,_£¼ë¡1ê°,_³µ,4,104,50,0.097727273,0,41.752,1,5,7,32,0.428571429,3,0,10.438,12.00794024,NODE_119583,119583,FALSE,NOT_IN_FINAL_237,,,,,,,,,,,,NOT_IN_RESTORED_237,FALSE
LINK_254978,126.9823685,37.56580377,_ë¡1ê°,ëª__,1,104,50,0.235762762,0,19.77,1,0,0,0,0,0,0,4.9425,12.00664655,LINK_254978,254978,FALSE,NOT_IN_FINAL_237,,,,,,,,,,,,NOT_IN_RESTORED_237,FALSE
LINK_87853,127.0172969,37.55960533,__,ì²µ¬,2,104,40,0.247846802,0,21.916,1,0,0,0,0,0,0,5.479,11.9914072,LINK_87853,87853,FALSE,NOT_IN_FINAL_237,,,,,,,,,,,,NOT_IN_RESTORED_237,FALSE
LINK_224872,126.9641233,37.55291218,ë§_¦¬2ê°,ì¤_¦¼,2,104,50,0.190199131,0,22.837,1,1,3,13,0.666666667,0,0,5.70925,11.97919955,LINK_224872,224872,FALSE,NOT_IN_FINAL_237,,,,,,,,,,,,NOT_IN_RESTORED_237,FALSE
NODE_57526,126.9787248,37.55370757,¨ëë¬¸ë_5ê°,__,1,104,30,0.294659686,0,10.438,1,0,0,4,0,4,0,2.6095,11.97741938,NODE_57526,57526,FALSE,NOT_IN_FINAL_237,,,,,,,,,,,,NOT_IN_RESTORED_237,FALSE
LINK_142707,126.9924077,37.56816317,__,_ë¡__,3,104,50,0.155859607,0,31.456,1,9,10,33,0.6,0,0,7.864,11.96791545,LINK_142707,142707,FALSE,NOT_IN_FINAL_237,,,,,,,,,,,,NOT_IN_RESTORED_237,FALSE
LINK_134401,126.963054,37.55201588,ë§_¦¬2ê°,ì¤_¦¼,2,104,50,0.190199131,0,23.365,1,3,23,50,0.434782609,0,0,5.84125,11.96078661,LINK_134401,134401,TRUE,phase6_ready_candidates_total_FINAL_237.csv,TRUE,TRUE,TRUE,[5],TRUE,TRUE,,,,,LINK_134401,RESTORED_SIGNAL_STRUCTURE_OK,FALSE
LINK_277588,126.9658768,37.5541895,ë§_¦¬2ê°,ì¤_¦¼,2,104,50,0.190199131,0,23.692,1,0,2,9,0,0,0,5.923,11.94939734,LINK_277588,277588,FALSE,NOT_IN_FINAL_237,,,,,,,,,,,,NOT_IN_RESTORED_237,FALSE
LINK_244479,126.9678349,37.55496366,__,ì²_,2,104,50,0.184818145,0,21.59,1,3,7,35,0.285714286,0,0,5.3975,11.92223145,LINK_244479,244479,FALSE,NOT_IN_FINAL_237,,,,,,,,,,,,NOT_IN_RESTORED_237,FALSE
NODE_7504,127.0023137,37.56284261,¥ì¶©2ê°,__,1,104,50,0.183827697,0,10.438,1,0,0,0,0,3,0,2.6095,11.91602143,NODE_7504,7504,FALSE,NOT_IN_FINAL_237,,,,,,,,,,,,NOT_IN_RESTORED_237,FALSE
NODE_7829,127.0055462,37.55887648,¥ì¶©2ê°,__,1,104,50,0.183827697,0,10.438,1,0,0,0,0,3,0,2.6095,11.91602143,NODE_7829,7829,FALSE,NOT_IN_FINAL_237,,,,,,,,,,,,NOT_IN_RESTORED_237,FALSE
LINK_89832,126.9928004,37.56638506,_ë¡3ê°,_ë¡__,3,104,50,0.155859607,0,33.029,1,0,0,0,0,0,0,8.25725,11.91319523,LINK_89832,89832,FALSE,NOT_IN_FINAL_237,,,,,,,,,,,,NOT_IN_RESTORED_237,FALSE
LINK_32847,126.9684696,37.56366388,_£¼ë¡1ê°,_³µ,4,104,50,0.097727273,0,28.916,1,5,9,33,0.444444444,0,0,7.229,11.90139771,LINK_32847,32847,FALSE,NOT_IN_FINAL_237,,,,,,,,,,,,NOT_IN_RESTORED_237,FALSE
LINK_102621,127.0022534,37.56338957,¤ì_,ê´__,2,104,50,0.180155918,0,20.019,1,0,0,0,0,0,0,5.00475,11.89007308,LINK_102621,102621,FALSE,NOT_IN_FINAL_237,,,,,,,,,,,,NOT_IN_RESTORED_237,FALSE
LINK_193845,126.9823597,37.56626834,_ë¡1ê°,ëª__,1,104,50,0.235762762,0,23.711,1,0,0,0,0,0,0,5.92775,11.86957961,LINK_193845,193845,FALSE,NOT_IN_FINAL_237,,,,,,,,,,,,NOT_IN_RESTORED_237,FALSE
NODE_115695,126.9633464,37.55908599,ì¤_¦¼,ì¤_¦¼,1,104,50,0.190199131,0,10.438,1,6,19,52,0.736842105,2,0,2.6095,11.85078092,NODE_115695,115695,FALSE,NOT_IN_FINAL_237,,,,,,,,,,,,NOT_IN_RESTORED_237,FALSE
LINK_164901,127.0188505,37.55904784,__,ì²µ¬,2,104,40,0.247846802,0,26.009,1,0,0,0,0,0,0,6.50225,11.84926584,LINK_164901,164901,FALSE,NOT_IN_FINAL_237,,,,,,,,,,,,NOT_IN_RESTORED_237,FALSE
NODE_125787,127.007555,37.56633469,_ë¡6ê°,ê´__,1,104,50,0.180155918,0,10.438,1,0,0,0,0,3,0,2.6095,11.84791691,NODE_125787,125787,FALSE,NOT_IN_FINAL_237,,,,,,,,,,,,NOT_IN_RESTORED_237,FALSE
NODE_8163,127.0080897,37.56572819,_ë¡7ê°,ê´__,1,104,50,0.180155918,0,10.438,1,0,0,0,0,3,0,2.6095,11.84791691,NODE_8163,8163,FALSE,NOT_IN_FINAL_237,,,,,,,,,,,,NOT_IN_RESTORED_237,FALSE
NODE_9901,127.0075462,37.56441004,ê´__2ê°,ê´__,1,104,50,0.180155918,0,10.438,1,0,0,0,0,3,0,2.6095,11.84791691,NODE_9901,9901,FALSE,NOT_IN_FINAL_237,,,,,,,,,,,,NOT_IN_RESTORED_237,FALSE
NODE_74154,127.0074315,37.56590413,_ë¡6ê°,ê´__,1,104,50,0.180155918,0,10.438,1,0,0,0,0,3,0,2.6095,11.84791691,NODE_74154,74154,FALSE,NOT_IN_FINAL_237,,,,,,,,,,,,NOT_IN_RESTORED_237,FALSE
LINK_220455,127.0007554,37.55135529,¥ì¶©2ê°,__,2,104,50,0.183827697,0,23.708,1,0,0,1,0,0,0,5.927,11.83058599,LINK_220455,220455,FALSE,NOT_IN_FINAL_237,,,,,,,,,,,,NOT_IN_RESTORED_237,FALSE
LINK_279472,126.977635,37.56495278,__ë¡2ê°,_³µ,4,104,50,0.097727273,0,30.989,1,2,2,12,0,0,0,7.74725,11.82973687,LINK_279472,279472,TRUE,phase6_ready_candidates_total_FINAL_237.csv,TRUE,TRUE,TRUE,[4],TRUE,TRUE,,,,,LINK_279472,RESTORED_SIGNAL_STRUCTURE_OK,FALSE
LINK_224778,126.989019,37.56132769,ì¶©ë¬´ë¡2ê°,ëª__,2,104,50,0.235762762,0,51.699,1,0,0,0,0,0,0,12.92475,11.82495917,LINK_224778,224778,FALSE,NOT_IN_FINAL_237,,,,,,,,,,,,NOT_IN_RESTORED_237,FALSE
LINK_213230,127.002368,37.55294008,¥ì¶©2ê°,__,2,104,50,0.183827697,0,24.461,1,0,0,0,0,0,0,6.11525,11.8046609,LINK_213230,213230,FALSE,NOT_IN_FINAL_237,,,,,,,,,,,,NOT_IN_RESTORED_237,FALSE
LINK_86001,126.9677721,37.56160234,ì¤_¦¼,ì¤_¦¼,2,104,50,0.190199131,0,29.098,1,11,17,43,0.411764706,0,0,7.2745,11.76267259,LINK_86001,86001,FALSE,NOT_IN_FINAL_237,,,,,,,,,,,,NOT_IN_RESTORED_237,FALSE
LINK_220627,126.9924437,37.56108652,__1ê°,__,2,104,50,0.183827697,0,25.911,1,0,0,0,0,0,0,6.47775,11.75489867,LINK_220627,220627,TRUE,phase6_ready_candidates_total_FINAL_237.csv,TRUE,TRUE,TRUE,[5],TRUE,TRUE,,,,,LINK_220627,RESTORED_SIGNAL_STRUCTURE_OK,FALSE
NODE_7855,127.0053882,37.55940285,¥ì¶©2ê°,__,1,104,50,0.183827697,0,10.438,1,0,0,0,0,2,0,2.6095,11.73349703,NODE_7855,7855,FALSE,NOT_IN_FINAL_237,,,,,,,,,,,,NOT_IN_RESTORED_237,FALSE
LINK_209579,126.9983076,37.56221327,ì¶©ë¬´ë¡5ê°,__,2,104,50,0.183827697,0,26.806,1,0,0,0,0,0,0,6.7015,11.72428811,LINK_209579,209579,FALSE,NOT_IN_FINAL_237,,,,,,,,,,,,NOT_IN_RESTORED_237,FALSE
LINK_4458,126.9791811,37.56706658,ë¬´ê_,ëª__,3,104,30,0.235762762,0,18.819,1,0,9,9,0.333333333,0,0,4.70475,11.71028941,LINK_4458,4458,FALSE,NOT_IN_FINAL_237,,,,,,,,,,,,NOT_IN_RESTORED_237,FALSE
LINK_232532,126.9927402,37.56437229,ì´__,_ë¡__,3,104,50,0.155859607,0,39.101,1,0,0,0,0,0,0,9.77525,11.70430424,LINK_232532,232532,TRUE,phase6_ready_candidates_total_FINAL_237.csv,TRUE,TRUE,TRUE,[9],TRUE,TRUE,,,,,LINK_232532,RESTORED_SIGNAL_STRUCTURE_OK,FALSE
LINK_237598,126.9957159,37.56161647,ì¶©ë¬´ë¡4ê°,ê´__,2,104,50,0.180155918,0,25.766,1,0,0,0,0,0,0,6.4415,11.69265341,LINK_237598,237598,FALSE,NOT_IN_FINAL_237,,,,,,,,,,,,NOT_IN_RESTORED_237,FALSE
NODE_24602,127.0126325,37.56774279,__,ì²µ¬,2,104,30,0.247846802,0,20.876,1,0,0,0,0,4,0,5.219,11.67336786,NODE_24602,24602,FALSE,NOT_IN_FINAL_237,,,,,,,,,,,,NOT_IN_RESTORED_237,FALSE
NODE_9477,127.0238473,37.56501886,__,ì²µ¬,2,104,30,0.247846802,0,20.876,1,3,13,25,0.461538462,4,0,5.219,11.67336786,NODE_9477,9477,FALSE,NOT_IN_FINAL_237,,,,,,,,,,,,NOT_IN_RESTORED_237,FALSE
NODE_8903,127.0139493,37.56010124,__,ì²µ¬,2,104,30,0.247846802,0,20.876,1,0,0,0,0,4,0,5.219,11.67336786,NODE_8903,8903,FALSE,NOT_IN_FINAL_237,,,,,,,,,,,,NOT_IN_RESTORED_237,FALSE
NODE_8898,127.0140816,37.56028202,__,ì²µ¬,2,104,30,0.247846802,0,20.876,1,0,0,0,0,4,0,5.219,11.67336786,NODE_8898,8898,FALSE,NOT_IN_FINAL_237,,,,,,,,,,,,NOT_IN_RESTORED_237,FALSE
NODE_24603,127.0126385,37.56782649,__,ì²µ¬,2,104,30,0.247846802,0,20.876,1,0,0,0,0,4,0,5.219,11.67336786,NODE_24603,24603,FALSE,NOT_IN_FINAL_237,,,,,,,,,,,,NOT_IN_RESTORED_237,FALSE
NODE_125905,127.0116873,37.5540724,__,ì²µ¬,2,104,30,0.247846802,0,20.876,1,0,0,0,0,4,0,5.219,11.67336786,NODE_125905,125905,TRUE,phase6_ready_candidates_total_FINAL_237.csv,TRUE,TRUE,TRUE,[10],TRUE,TRUE,,,,,NODE_125905,RESTORED_SIGNAL_STRUCTURE_OK,FALSE
NODE_24601,127.0123766,37.56793735,__,ì²µ¬,2,104,30,0.247846802,0,20.876,1,0,0,0,0,4,0,5.219,11.67336786,NODE_24601,24601,TRUE,phase6_ready_candidates_total_FINAL_237.csv,TRUE,TRUE,TRUE,[16],TRUE,TRUE,,,,,NODE_24601,RESTORED_SIGNAL_STRUCTURE_OK,FALSE
NODE_8593,127.012759,37.5677199,__,ì²µ¬,2,104,30,0.247846802,0,20.876,1,0,0,0,0,4,0,5.219,11.67336786,NODE_8593,8593,FALSE,NOT_IN_FINAL_237,,,,,,,,,,,,NOT_IN_RESTORED_237,FALSE
NODE_8594,127.0124629,37.56771993,__,ì²µ¬,2,104,30,0.247846802,0,20.876,1,0,0,0,0,4,0,5.219,11.67336786,NODE_8594,8594,FALSE,NOT_IN_FINAL_237,,,,,,,,,,,,NOT_IN_RESTORED_237,FALSE
NODE_8051,127.0100308,37.56955442,__,ì²µ¬,2,104,30,0.247846802,0,20.876,1,0,13,45,0.461538462,4,0,5.219,11.67336786,NODE_8051,8051,FALSE,NOT_IN_FINAL_237,,,,,,,,,,,,NOT_IN_RESTORED_237,FALSE
NODE_8052,127.0099992,37.56968944,__,ì²µ¬,2,104,30,0.247846802,0,20.876,1,3,13,54,0.461538462,4,0,5.219,11.67336786,NODE_8052,8052,FALSE,NOT_IN_FINAL_237,,,,,,,,,,,,NOT_IN_RESTORED_237,FALSE
NODE_8895,127.0148232,37.55994323,__,ì²µ¬,2,104,30,0.247846802,0,20.876,1,0,0,0,0,4,0,5.219,11.67336786,NODE_8895,8895,TRUE,phase6_ready_candidates_total_FINAL_237.csv,TRUE,TRUE,TRUE,[16],TRUE,TRUE,,,,,NODE_8895,RESTORED_SIGNAL_STRUCTURE_OK,FALSE
LINK_274982,126.9690242,37.55543299,__,ì²_,3,104,50,0.184818145,0,55.739,1,0,6,33,0.333333333,0,0,13.93475,11.66612421,LINK_274982,274982,FALSE,NOT_IN_FINAL_237,,,,,,,,,,,,NOT_IN_RESTORED_237,FALSE
LINK_206435,126.9791927,37.56688916,_ë¡1ê°,ëª__,3,104,30,0.235762762,0,21.076,1,0,9,9,0.333333333,0,0,5.269,11.63354134,LINK_206435,206435,FALSE,NOT_IN_FINAL_237,,,,,,,,,,,,NOT_IN_RESTORED_237,FALSE
NODE_5934,126.9774409,37.56525254,__,_³µ,3,104,50,0.097727273,0,31.314,1,1,2,12,0,4,0,7.8285,11.6306157,NODE_5934,5934,FALSE,NOT_IN_FINAL_237,,,,,,,,,,,,NOT_IN_RESTORED_237,FALSE
NODE_9663,126.9766363,37.56390673,__ë¡2ê°,_³µ,3,104,50,0.097727273,0,31.314,1,1,1,3,1,4,0,7.8285,11.6306157,NODE_9663,9663,FALSE,NOT_IN_FINAL_237,,,,,,,,,,,,NOT_IN_RESTORED_237,FALSE
NODE_6276,126.9829305,37.56589654,¨ëë¬¸ë_2ê°,_³µ,3,104,50,0.097727273,0,31.314,1,0,0,0,0,4,0,7.8285,11.6306157,NODE_6276,6276,FALSE,NOT_IN_FINAL_237,,,,,,,,,,,,NOT_IN_RESTORED_237,FALSE
NODE_119054,126.9694131,37.56231818,_£¼ë¡1ê°,_³µ,3,104,50,0.097727273,1,31.314,1,13,18,37,0.555555556,4,0,7.8285,11.6306157,NODE_119054,119054,FALSE,NOT_IN_FINAL_237,,,,,,,,,,,,NOT_IN_RESTORED_237,FALSE
NODE_23043,126.9710583,37.55945943,__,_³µ,3,104,50,0.097727273,0,31.314,1,0,0,0,0,4,0,7.8285,11.6306157,NODE_23043,23043,FALSE,NOT_IN_FINAL_237,,,,,,,,,,,,NOT_IN_RESTORED_237,FALSE
LINK_127039,126.9791804,37.56696474,ë¬´ê_,ëª__,3,104,30,0.235762762,0,22.081,1,0,9,9,0.333333333,0,0,5.52025,11.5995289,LINK_127039,127039,FALSE,NOT_IN_FINAL_237,,,,,,,,,,,,NOT_IN_RESTORED_237,FALSE
LINK_112802,126.9716457,37.5594327,__,_³µ,4,104,40,0.097727273,0,6.975,1,0,0,0,0,0,0,1.74375,11.57587826,LINK_112802,112802,FALSE,NOT_IN_FINAL_237,,,,,,,,,,,,NOT_IN_RESTORED_237,FALSE
NODE_8901,127.0147484,37.55981279,__,ì²µ¬,2,104,30,0.247846802,0,20.876,1,0,0,0,0,3,0,5.219,11.49456033,NODE_8901,8901,TRUE,phase6_ready_candidates_total_FINAL_237.csv,TRUE,TRUE,TRUE,[16],TRUE,TRUE,,,,,NODE_8901,RESTORED_SIGNAL_STRUCTURE_OK,FALSE
LINK_59016,127.0162257,37.56557535,¥ì_,__,2,104,50,0.199819779,0,42.839,1,0,0,0,0,0,0,10.70975,11.4720855,LINK_59016,59016,FALSE,NOT_IN_FINAL_237,,,,,,,,,,,,NOT_IN_RESTORED_237,FALSE
LINK_31837,126.9693415,37.56228087,_£¼ë¡1ê°,_³µ,3,104,50,0.097727273,0,15.114,1,14,18,38,0.555555556,0,0,3.7785,11.46264077,LINK_31837,31837,FALSE,NOT_IN_FINAL_237,,,,,,,,,,,,NOT_IN_RESTORED_237,FALSE
NODE_5906,126.9793762,37.56884588,ë¬´ê_,ëª__,2,104,30,0.235762762,0,20.876,1,0,4,48,0.25,4,0,5.219,11.45523017,NODE_5906,5906,FALSE,NOT_IN_FINAL_237,,,,,,,,,,,,NOT_IN_RESTORED_237,FALSE
NODE_9698,126.9873965,37.56786066,¥ê_,ëª__,2,104,30,0.235762762,0,20.876,1,3,22,69,0.772727273,4,0,5.219,11.45523017,NODE_9698,9698,FALSE,NOT_IN_FINAL_237,,,,,,,,,,,,NOT_IN_RESTORED_237,FALSE
NODE_5957,126.9790705,37.5669967,ë¬´ê_,ëª__,2,104,30,0.235762762,0,20.876,1,0,9,9,0.333333333,4,0,5.219,11.45523017,NODE_5957,5957,FALSE,NOT_IN_FINAL_237,,,,,,,,,,,,NOT_IN_RESTORED_237,FALSE
NODE_5958,126.979226,37.5662438,_ë¡1ê°,ëª__,2,104,30,0.235762762,0,20.876,1,0,9,9,0.333333333,4,0,5.219,11.45523017,NODE_5958,5958,FALSE,NOT_IN_FINAL_237,,,,,,,,,,,,NOT_IN_RESTORED_237,FALSE
NODE_89746,126.9825615,37.56899744,¤ë_,ëª__,2,104,30,0.235762762,0,20.876,1,14,29,131,0.724137931,4,0,5.219,11.45523017,NODE_89746,89746,FALSE,NOT_IN_FINAL_237,,,,,,,,,,,,NOT_IN_RESTORED_237,FALSE
NODE_5905,126.979425,37.56889166,ë¬´ê_,ëª__,2,104,30,0.235762762,0,20.876,1,1,4,51,0.25,4,0,5.219,11.45523017,NODE_5905,5905,FALSE,NOT_IN_FINAL_237,,,,,,,,,,,,NOT_IN_RESTORED_237,FALSE
NODE_6495,126.9874741,37.56790644,¥ê_,ëª__,2,104,30,0.235762762,0,20.876,1,6,24,74,0.708333333,4,0,5.219,11.45523017,NODE_6495,6495,FALSE,NOT_IN_FINAL_237,,,,,,,,,,,,NOT_IN_RESTORED_237,FALSE
NODE_10342,126.9794164,37.56901295,ë¬´ê_,ëª__,2,104,30,0.235762762,0,20.876,1,2,4,58,0.25,4,0,5.219,11.45523017,NODE_10342,10342,FALSE,NOT_IN_FINAL_237,,,,,,,,,,,,NOT_IN_RESTORED_237,FALSE
NODE_10346,126.9874223,37.56802315,¥ê_,ëª__,2,104,30,0.235762762,0,20.876,1,14,29,83,0.655172414,4,0,5.219,11.45523017,NODE_10346,10346,FALSE,NOT_IN_FINAL_237,,,,,,,,,,,,NOT_IN_RESTORED_237,FALSE
NODE_5963,126.9784788,37.56520925,__ë¡2ê°,_³µ,3,104,50,0.097727273,0,31.314,1,0,1,11,0,3,0,7.8285,11.45246302,NODE_5963,5963,FALSE,NOT_IN_FINAL_237,,,,,,,,,,,,NOT_IN_RESTORED_237,FALSE
LINK_89767,126.9771994,37.56525249,__,_³µ,4,104,50,0.097727273,0,42.672,1,1,2,12,0,0,0,10.668,11.43386489,LINK_89767,89767,FALSE,NOT_IN_FINAL_237,,,,,,,,,,,,NOT_IN_RESTORED_237,FALSE
LINK_245779,127.0126355,37.56778464,__,ì²µ¬,2,104,30,0.247846802,0,9.304,1,0,0,0,0,0,0,2.326,11.35069688,LINK_245779,245779,FALSE,NOT_IN_FINAL_237,,,,,,,,,,,,NOT_IN_RESTORED_237,FALSE
LINK_216688,126.9786813,37.55371303,¨ëë¬¸ë_5ê°,__,1,104,30,0.294659686,0,7.775,1,0,0,5,0,0,0,1.94375,11.34794996,LINK_216688,216688,FALSE,NOT_IN_FINAL_237,,,,,,,,,,,,NOT_IN_RESTORED_237,FALSE
LINK_177912,127.0075014,37.56438335,ê´__2ê°,ê´__,1,104,50,0.180155918,0,9.879,1,0,0,0,0,0,0,2.46975,11.33020733,LINK_177912,177912,FALSE,NOT_IN_FINAL_237,,,,,,,,,,,,NOT_IN_RESTORED_237,FALSE
NODE_10212,127.0241315,37.56359762,__,ì²µ¬,2,104,30,0.247846802,0,20.876,1,0,1,11,0,2,0,5.219,11.31849169,NODE_10212,10212,TRUE,phase6_ready_candidates_total_FINAL_237.csv,TRUE,TRUE,TRUE,[11],TRUE,TRUE,,,,,NODE_10212,RESTORED_SIGNAL_STRUCTURE_OK,FALSE
NODE_8864,127.0160248,37.5595174,__,ì²µ¬,2,104,30,0.247846802,0,20.876,1,0,0,0,0,2,0,5.219,11.31849169,NODE_8864,8864,FALSE,NOT_IN_FINAL_237,,,,,,,,,,,,NOT_IN_RESTORED_237,FALSE
NODE_165595,127.0243729,37.56354951,__,ì²µ¬,2,104,30,0.247846802,0,20.876,1,0,0,11,0,2,0,5.219,11.31849169,NODE_165595,165595,TRUE,phase6_ready_candidates_total_FINAL_237.csv,TRUE,TRUE,TRUE,[2],TRUE,TRUE,,,,,NODE_165595,RESTORED_SIGNAL_STRUCTURE_OK,FALSE
LINK_38216,127.0055951,37.55891767,¥ì¶©2ê°,__,1,104,50,0.183827697,0,12.577,1,0,0,0,0,0,0,3.14425,11.30611665,LINK_38216,38216,FALSE,NOT_IN_FINAL_237,,,,,,,,,,,,NOT_IN_RESTORED_237,FALSE
LINK_11329,127.0080509,37.56576596,_ë¡7ê°,ê´__,1,104,50,0.180155918,0,10.83,1,0,0,0,0,0,0,2.7075,11.29885915,LINK_11329,11329,FALSE,NOT_IN_FINAL_237,,,,,,,,,,,,NOT_IN_RESTORED_237,FALSE
LINK_242267,126.9791927,37.56697498,ë¬´ê_,ëª__,3,104,30,0.235762762,0,31.326,1,0,9,9,0.333333333,0,0,7.8315,11.29127606,LINK_242267,242267,FALSE,NOT_IN_FINAL_237,,,,,,,,,,,,NOT_IN_RESTORED_237,FALSE
NODE_15413,126.9789155,37.56604007,_ë¡1ê°,ëª__,2,104,30,0.235762762,0,20.876,1,0,9,11,0.333333333,3,0,5.219,11.27976397,NODE_15413,15413,TRUE,phase6_ready_candidates_total_FINAL_237.csv,TRUE,TRUE,TRUE,[6],TRUE,TRUE,,,,,NODE_15413,RESTORED_SIGNAL_STRUCTURE_OK,FALSE
NODE_15406,126.9792845,37.56701974,ë¬´ê_,ëª__,2,104,30,0.235762762,0,20.876,1,0,9,9,0.333333333,3,0,5.219,11.27976397,NODE_15406,15406,FALSE,NOT_IN_FINAL_237,,,,,,,,,,,,NOT_IN_RESTORED_237,FALSE
NODE_15405,126.9793092,37.56686858,_ë¡1ê°,ëª__,2,104,30,0.235762762,0,20.876,1,0,9,9,0.333333333,3,0,5.219,11.27976397,NODE_15405,15405,FALSE,NOT_IN_FINAL_237,,,,,,,,,,,,NOT_IN_RESTORED_237,FALSE
NODE_15414,126.979286,37.56705178,ë¬´ê_,ëª__,2,104,30,0.235762762,0,20.876,1,0,9,9,0.333333333,3,0,5.219,11.27976397,NODE_15414,15414,FALSE,NOT_IN_FINAL_237,,,,,,,,,,,,NOT_IN_RESTORED_237,FALSE
NODE_15407,126.9793047,37.56696253,ë¬´ê_,ëª__,2,104,30,0.235762762,0,20.876,1,0,9,9,0.333333333,3,0,5.219,11.27976397,NODE_15407,15407,FALSE,NOT_IN_FINAL_237,,,,,,,,,,,,NOT_IN_RESTORED_237,FALSE
LINK_264633,127.0126957,37.56773135,__,ì²µ¬,2,104,30,0.247846802,0,11.461,1,0,0,0,0,0,0,2.86525,11.27959122,LINK_264633,264633,FALSE,NOT_IN_FINAL_237,,,,,,,,,,,,NOT_IN_RESTORED_237,FALSE
LINK_272952,127.0074961,37.565902,_ë¡6ê°,ê´__,1,104,50,0.180155918,0,11.42,1,0,0,0,0,0,0,2.855,11.27945437,LINK_272952,272952,FALSE,NOT_IN_FINAL_237,,,,,,,,,,,,NOT_IN_RESTORED_237,FALSE
NODE_5782,126.9735979,37.56283505,__ë¬¸ë_,_³µ,3,104,50,0.097727273,0,31.314,1,0,0,0,0,2,0,7.8285,11.27703921,NODE_5782,5782,FALSE,NOT_IN_FINAL_237,,,,,,,,,,,,NOT_IN_RESTORED_237,FALSE
NODE_5781,126.9735144,37.5630616,__ë¬¸ë_,_³µ,3,104,50,0.097727273,0,31.314,1,0,0,0,0,2,0,7.8285,11.27703921,NODE_5781,5781,FALSE,NOT_IN_FINAL_237,,,,,,,,,,,,NOT_IN_RESTORED_237,FALSE
NODE_5811,126.9750352,37.56335257,__ë¬¸ë_,_³µ,3,104,50,0.097727273,0,31.314,1,0,0,1,0,2,0,7.8285,11.27703921,NODE_5811,5811,FALSE,NOT_IN_FINAL_237,,,,,,,,,,,,NOT_IN_RESTORED_237,FALSE
NODE_5975,126.9787548,37.56510632,_³µ,_³µ,3,104,50,0.097727273,0,31.314,1,0,1,11,0,2,0,7.8285,11.27703921,NODE_5975,5975,FALSE,NOT_IN_FINAL_237,,,,,,,,,,,,NOT_IN_RESTORED_237,FALSE
NODE_9834,126.9984685,37.56415665,_,ê´__,4,104,50,0.180155918,0,41.752,1,1,1,1,0,4,1,10.438,11.25800482,NODE_9834,9834,FALSE,NOT_IN_FINAL_237,,,,,,,,,,,,NOT_IN_RESTORED_237,FALSE
LINK_157547,127.0054658,37.55938911,¥ì¶©2ê°,__,1,104,50,0.183827697,0,14.051,1,0,0,0,0,0,0,3.51275,11.25766884,LINK_157547,157547,FALSE,NOT_IN_FINAL_237,,,,,,,,,,,,NOT_IN_RESTORED_237,FALSE
LINK_81094,126.9792946,37.56699113,ë¬´ê_,ëª__,2,104,30,0.235762762,0,6.594,1,0,9,9,0.333333333,0,0,1.6485,11.22687863,LINK_81094,81094,FALSE,NOT_IN_FINAL_237,,,,,,,,,,,,NOT_IN_RESTORED_237,FALSE
LINK_72320,127.0023482,37.56290783,¥ì¶©2ê°,__,1,104,50,0.183827697,0,15.709,1,0,0,0,0,0,0,3.92725,11.20342132,LINK_72320,72320,FALSE,NOT_IN_FINAL_237,,,,,,,,,,,,NOT_IN_RESTORED_237,FALSE
LINK_211251,127.0124514,37.56796251,__,ì²µ¬,2,104,30,0.247846802,0,14.341,1,0,0,0,0,0,0,3.58525,11.18534574,LINK_211251,211251,TRUE,phase6_ready_candidates_total_FINAL_237.csv,TRUE,TRUE,TRUE,[16],TRUE,TRUE,,,,,LINK_211251,RESTORED_SIGNAL_STRUCTURE_OK,FALSE
LINK_86812,126.9874353,37.56788355,¥ê_,ëª__,2,104,30,0.235762762,0,8.535,1,3,24,71,0.708333333,0,0,2.13375,11.16357151,LINK_86812,86812,FALSE,NOT_IN_FINAL_237,,,,,,,,,,,,NOT_IN_RESTORED_237,FALSE
LINK_187115,127.0125477,37.56773136,__,ì²µ¬,2,104,30,0.247846802,0,15.2,1,0,0,0,0,0,0,3.8,11.15738848,LINK_187115,187115,FALSE,NOT_IN_FINAL_237,,,,,,,,,,,,NOT_IN_RESTORED_237,FALSE
LINK_70940,127.010015,37.56962193,__,ì²µ¬,2,104,30,0.247846802,0,15.244,1,2,13,48,0.461538462,0,0,3.811,11.15595833,LINK_70940,70940,FALSE,NOT_IN_FINAL_237,,,,,,,,,,,,NOT_IN_RESTORED_237,FALSE
LINK_148824,126.9749819,37.5634544,__ë¬¸ë_,_³µ,3,104,50,0.097727273,0,24.482,1,0,0,1,0,0,0,6.1205,11.15402797,LINK_148824,148824,FALSE,NOT_IN_FINAL_237,,,,,,,,,,,,NOT_IN_RESTORED_237,FALSE
NODE_8239,127.0102167,37.56204807,__,ì²µ¬,1,104,30,0.247846802,0,10.438,1,0,0,0,0,4,0,2.6095,11.13336768,NODE_8239,8239,TRUE,phase6_ready_candidates_total_FINAL_237.csv,TRUE,TRUE,TRUE,[16],TRUE,TRUE,,,,,NODE_8239,RESTORED_SIGNAL_STRUCTURE_OK,FALSE
NODE_10413,127.0244127,37.56199295,__,ì²µ¬,1,104,30,0.247846802,0,10.438,1,1,4,6,0.5,4,0,2.6095,11.13336768,NODE_10413,10413,TRUE,phase6_ready_candidates_total_FINAL_237.csv,TRUE,TRUE,TRUE,[2],TRUE,TRUE,,,,,NODE_10413,RESTORED_SIGNAL_STRUCTURE_OK,FALSE
NODE_8231,127.0103316,37.56193363,__,ì²µ¬,1,104,30,0.247846802,0,10.438,1,0,0,0,0,4,0,2.6095,11.13336768,NODE_8231,8231,TRUE,phase6_ready_candidates_total_FINAL_237.csv,TRUE,TRUE,TRUE,[16],TRUE,TRUE,,,,,NODE_8231,RESTORED_SIGNAL_STRUCTURE_OK,FALSE
NODE_24600,127.0125262,37.56798768,__,ì²µ¬,1,104,30,0.247846802,0,10.438,1,0,0,0,0,4,0,2.6095,11.13336768,NODE_24600,24600,FALSE,NOT_IN_FINAL_237,,,,,,,,,,,,NOT_IN_RESTORED_237,FALSE
NODE_165598,127.0244127,37.56205052,__,ì²µ¬,1,104,30,0.247846802,0,10.438,1,1,4,6,0.5,4,0,2.6095,11.13336768,NODE_165598,165598,TRUE,phase6_ready_candidates_total_FINAL_237.csv,TRUE,TRUE,TRUE,[2],TRUE,TRUE,,,,,NODE_165598,RESTORED_SIGNAL_STRUCTURE_OK,FALSE
NODE_165599,127.0244127,37.56193609,__,ì²µ¬,1,104,30,0.247846802,1,10.438,1,1,4,6,0.5,4,0,2.6095,11.13336768,NODE_165599,165599,TRUE,phase6_ready_candidates_total_FINAL_237.csv,TRUE,TRUE,TRUE,[2],TRUE,TRUE,,,,,NODE_165599,RESTORED_SIGNAL_STRUCTURE_OK,FALSE
NODE_8729,127.0155796,37.56306742,__,ì²µ¬,1,104,30,0.247846802,0,10.438,1,0,0,0,0,4,0,2.6095,11.13336768,NODE_8729,8729,TRUE,phase6_ready_candidates_total_FINAL_237.csv,TRUE,TRUE,TRUE,[2],TRUE,TRUE,,,,,NODE_8729,RESTORED_SIGNAL_STRUCTURE_OK,FALSE
NODE_10174,127.0135095,37.5602798,__,ì²µ¬,1,104,30,0.247846802,0,10.438,1,0,0,0,0,4,0,2.6095,11.13336768,NODE_10174,10174,TRUE,phase6_ready_candidates_total_FINAL_237.csv,TRUE,TRUE,TRUE,[2],TRUE,TRUE,,,,,NODE_10174,RESTORED_SIGNAL_STRUCTURE_OK,FALSE
NODE_8237,127.010231,37.56196797,__,ì²µ¬,1,104,30,0.247846802,0,10.438,1,0,0,0,0,4,0,2.6095,11.13336768,NODE_8237,8237,TRUE,phase6_ready_candidates_total_FINAL_237.csv,TRUE,TRUE,TRUE,[16],TRUE,TRUE,,,,,NODE_8237,RESTORED_SIGNAL_STRUCTURE_OK,FALSE
NODE_8240,127.0102742,37.56211672,__,ì²µ¬,1,104,30,0.247846802,0,10.438,1,0,0,0,0,4,0,2.6095,11.13336768,NODE_8240,8240,TRUE,phase6_ready_candidates_total_FINAL_237.csv,TRUE,TRUE,TRUE,[16],TRUE,TRUE,,,,,NODE_8240,RESTORED_SIGNAL_STRUCTURE_OK,FALSE
NODE_8708,127.0124739,37.56504921,__,ì²µ¬,1,104,30,0.247846802,0,10.438,1,0,0,0,0,4,0,2.6095,11.13336768,NODE_8708,8708,FALSE,NOT_IN_FINAL_237,,,,,,,,,,,,NOT_IN_RESTORED_237,FALSE
NODE_8238,127.0102253,37.56200459,__,ì²µ¬,1,104,30,0.247846802,0,10.438,1,0,0,0,0,4,0,2.6095,11.13336768,NODE_8238,8238,TRUE,phase6_ready_candidates_total_FINAL_237.csv,TRUE,TRUE,TRUE,[16],TRUE,TRUE,,,,,NODE_8238,RESTORED_SIGNAL_STRUCTURE_OK,FALSE
NODE_10175,127.0136418,37.56047431,__,ì²µ¬,1,104,30,0.247846802,0,10.438,1,0,0,0,0,4,0,2.6095,11.13336768,NODE_10175,10175,FALSE,NOT_IN_FINAL_237,,,,,,,,,,,,NOT_IN_RESTORED_237,FALSE
NODE_15257,126.9710548,37.55973121,__,_³µ,4,104,40,0.097727273,0,41.752,1,0,0,0,0,4,0,10.438,11.12672221,NODE_15257,15257,FALSE,NOT_IN_FINAL_237,,,,,,,,,,,,NOT_IN_RESTORED_237,FALSE
NODE_5825,126.9716788,37.55941554,__,_³µ,4,104,40,0.097727273,0,41.752,1,0,0,0,0,4,0,10.438,11.12672221,NODE_5825,5825,FALSE,NOT_IN_FINAL_237,,,,,,,,,,,,NOT_IN_RESTORED_237,FALSE
NODE_5823,126.9716126,37.55944985,__,_³µ,4,104,40,0.097727273,0,41.752,1,0,0,0,0,4,0,10.438,11.12672221,NODE_5823,5823,FALSE,NOT_IN_FINAL_237,,,,,,,,,,,,NOT_IN_RESTORED_237,FALSE
NODE_9633,126.9712188,37.55940399,__,_³µ,4,104,40,0.097727273,0,41.752,1,0,0,0,0,4,0,10.438,11.12672221,NODE_9633,9633,FALSE,NOT_IN_FINAL_237,,,,,,,,,,,,NOT_IN_RESTORED_237,FALSE
LINK_262891,127.0191147,37.55789323,__,ì²µ¬,1,104,40,0.247846802,0,20.945,1,0,1,12,0,0,0,5.23625,11.12557121,LINK_262891,262891,FALSE,NOT_IN_FINAL_237,,,,,,,,,,,,NOT_IN_RESTORED_237,FALSE
LINK_88614,127.007611,37.56627633,_ë¡6ê°,ê´__,1,104,50,0.180155918,0,16.308,1,0,0,0,0,0,0,4.077,11.1199671,LINK_88614,88614,FALSE,NOT_IN_FINAL_237,,,,,,,,,,,,NOT_IN_RESTORED_237,FALSE
LINK_37320,126.9793069,37.56691555,ë¬´ê_,ëª__,2,104,30,0.235762762,0,10.434,1,0,9,9,0.333333333,0,0,2.6085,11.10197974,LINK_37320,37320,FALSE,NOT_IN_FINAL_237,,,,,,,,,,,,NOT_IN_RESTORED_237,FALSE
LINK_173604,126.9735562,37.56294833,__ë¬¸ë_,_³µ,3,104,50,0.097727273,0,26.203,1,0,0,0,0,0,0,6.55075,11.09824269,LINK_173604,173604,FALSE,NOT_IN_FINAL_237,,,,,,,,,,,,NOT_IN_RESTORED_237,FALSE
NODE_5759,126.9759474,37.56068205,¨ëë¬¸ë_4ê°,_³µ,2,104,50,0.097727273,0,20.876,1,0,0,0,0,4,0,5.219,11.0925932,NODE_5759,5759,TRUE,phase6_ready_candidates_total_FINAL_237.csv,TRUE,TRUE,TRUE,[4],TRUE,TRUE,,,,,NODE_5759,RESTORED_SIGNAL_STRUCTURE_OK,FALSE
NODE_6019,126.9796407,37.56362122,_³µ,_³µ,2,104,50,0.097727273,0,20.876,1,0,0,1,0,4,0,5.219,11.0925932,NODE_6019,6019,FALSE,NOT_IN_FINAL_237,,,,,,,,,,,,NOT_IN_RESTORED_237,FALSE
NODE_9660,126.9760092,37.56071871,¨ëë¬¸ë_4ê°,_³µ,2,104,50,0.097727273,0,20.876,1,0,0,0,0,4,0,5.219,11.0925932,NODE_9660,9660,FALSE,NOT_IN_FINAL_237,,,,,,,,,,,,NOT_IN_RESTORED_237,FALSE
NODE_10261,126.97977,37.56368303,_³µ,_³µ,2,104,50,0.097727273,0,20.876,1,0,0,1,0,4,0,5.219,11.0925932,NODE_10261,10261,FALSE,NOT_IN_FINAL_237,,,,,,,,,,,,NOT_IN_RESTORED_237,FALSE
NODE_6343,126.9810483,37.56228495,¨ëë¬¸ë_2ê°,_³µ,2,104,50,0.097727273,0,20.876,1,0,0,1,0,4,0,5.219,11.0925932,NODE_6343,6343,FALSE,NOT_IN_FINAL_237,,,,,,,,,,,,NOT_IN_RESTORED_237,FALSE
LINK_171758,126.9786168,37.56515778,__ë¡2ê°,_³µ,3,104,50,0.097727273,0,26.93,1,0,1,11,0,0,0,6.7325,11.07476128,LINK_171758,171758,FALSE,NOT_IN_FINAL_237,,,,,,,,,,,,NOT_IN_RESTORED_237,FALSE
LINK_257363,127.0159716,37.55944532,__,ì²µ¬,2,104,30,0.247846802,0,18.558,1,0,0,0,0,0,0,4.6395,11.04876694,LINK_257363,257363,FALSE,NOT_IN_FINAL_237,,,,,,,,,,,,NOT_IN_RESTORED_237,FALSE
NODE_73941,127.0037177,37.5555536,¥ì¶©2ê°,__,1,104,40,0.183827697,0,10.438,1,0,0,0,0,4,0,2.6095,11.04154897,NODE_73941,73941,FALSE,NOT_IN_FINAL_237,,,,,,,,,,,,NOT_IN_RESTORED_237,FALSE
LINK_209761,127.0115867,37.55410788,__,ì²µ¬,2,104,30,0.247846802,0,19.446,1,0,0,0,0,0,0,4.8615,11.02021994,LINK_209761,209761,TRUE,phase6_ready_candidates_total_FINAL_237.csv,TRUE,TRUE,TRUE,[9],TRUE,TRUE,,,,,LINK_209761,RESTORED_SIGNAL_STRUCTURE_OK,FALSE
LINK_215498,126.9794207,37.56895231,ë¬´ê_,ëª__,2,104,30,0.235762762,0,13.484,1,2,4,53,0.25,0,0,3.371,11.00376707,LINK_215498,215498,FALSE,NOT_IN_FINAL_237,,,,,,,,,,,,NOT_IN_RESTORED_237,FALSE
LINK_237014,127.0125823,37.56790708,__,ì²µ¬,2,104,30,0.247846802,0,20.458,1,0,0,0,0,0,0,5.1145,10.98777656,LINK_237014,237014,FALSE,NOT_IN_FINAL_237,,,,,,,,,,,,NOT_IN_RESTORED_237,FALSE
LINK_185781,126.9756297,37.56070716,¨ëë¬¸ë_4ê°,_³µ,4,104,50,0.097727273,0,56.411,1,0,0,0,0,0,0,14.10275,10.98524262,LINK_185781,185781,FALSE,NOT_IN_FINAL_237,,,,,,,,,,,,NOT_IN_RESTORED_237,FALSE
LINK_28280,126.9874394,37.56795946,¥ê_,ëª__,2,104,30,0.235762762,0,14.333,1,10,27,79,0.666666667,0,0,3.58325,10.97658344,LINK_28280,28280,FALSE,NOT_IN_FINAL_237,,,,,,,,,,,,NOT_IN_RESTORED_237,FALSE
LINK_68010,126.9710578,37.55959534,__,_³µ,3,104,50,0.097727273,0,30.17,1,0,0,0,0,0,0,7.5425,10.97071498,LINK_68010,68010,FALSE,NOT_IN_FINAL_237,,,,,,,,,,,,NOT_IN_RESTORED_237,FALSE
NODE_8232,127.0104869,37.56197253,__,ì²µ¬,1,104,30,0.247846802,0,10.438,1,0,0,0,0,3,0,2.6095,10.96283163,NODE_8232,8232,TRUE,phase6_ready_candidates_total_FINAL_237.csv,TRUE,TRUE,TRUE,[2],TRUE,TRUE,,,,,NODE_8232,RESTORED_SIGNAL_STRUCTURE_OK,FALSE
NODE_8234,127.0105013,37.56208123,__,ì²µ¬,1,104,30,0.247846802,0,10.438,1,0,0,0,0,3,0,2.6095,10.96283163,NODE_8234,8234,TRUE,phase6_ready_candidates_total_FINAL_237.csv,TRUE,TRUE,TRUE,[2],TRUE,TRUE,,,,,NODE_8234,RESTORED_SIGNAL_STRUCTURE_OK,FALSE
NODE_8241,127.0104467,37.56213044,__,ì²µ¬,1,104,30,0.247846802,0,10.438,1,0,0,0,0,3,0,2.6095,10.96283163,NODE_8241,8241,TRUE,phase6_ready_candidates_total_FINAL_237.csv,TRUE,TRUE,TRUE,[2],TRUE,TRUE,,,,,NODE_8241,RESTORED_SIGNAL_STRUCTURE_OK,FALSE
NODE_8236,127.0105113,37.56204919,__,ì²µ¬,1,104,30,0.247846802,0,10.438,1,0,0,0,0,3,0,2.6095,10.96283163,NODE_8236,8236,TRUE,phase6_ready_candidates_total_FINAL_237.csv,TRUE,TRUE,TRUE,[2],TRUE,TRUE,,,,,NODE_8236,RESTORED_SIGNAL_STRUCTURE_OK,FALSE
NODE_8233,127.0105156,37.56202516,__,ì²µ¬,1,104,30,0.247846802,0,10.438,1,0,0,0,0,3,0,2.6095,10.96283163,NODE_8233,8233,TRUE,phase6_ready_candidates_total_FINAL_237.csv,TRUE,TRUE,TRUE,[2],TRUE,TRUE,,,,,NODE_8233,RESTORED_SIGNAL_STRUCTURE_OK,FALSE
LINK_239902,126.9729795,37.5597248,ë´__1ê°,_³µ,3,104,50,0.097727273,0,30.498,1,0,0,0,0,0,0,7.6245,10.96023654,LINK_239902,239902,FALSE,NOT_IN_FINAL_237,,,,,,,,,,,,NOT_IN_RESTORED_237,FALSE
LINK_194896,126.9792899,37.5688493,ë¬´ê_,ëª__,2,104,30,0.235762762,0,15.259,1,1,4,49,0.25,0,0,3.81475,10.94701095,LINK_194896,194896,FALSE,NOT_IN_FINAL_237,,,,,,,,,,,,NOT_IN_RESTORED_237,FALSE
LINK_146267,127.0242522,37.56357357,__,ì²µ¬,2,104,30,0.247846802,0,21.993,1,0,1,11,0,0,0,5.49825,10.93874871,LINK_146267,146267,TRUE,phase6_ready_candidates_total_FINAL_237.csv,TRUE,TRUE,TRUE,[11],TRUE,TRUE,,,,,LINK_146267,RESTORED_SIGNAL_STRUCTURE_OK,FALSE
NODE_6444,126.988067,37.56442512,1ê°,ëª__,1,104,30,0.235762762,0,10.438,1,0,0,0,0,4,0,2.6095,10.92532085,NODE_6444,6444,FALSE,NOT_IN_FINAL_237,,,,,,,,,,,,NOT_IN_RESTORED_237,FALSE
NODE_6451,126.988018,37.56465626,1ê°,ëª__,1,104,30,0.235762762,0,10.438,1,0,0,0,0,4,0,2.6095,10.92532085,NODE_6451,6451,FALSE,NOT_IN_FINAL_237,,,,,,,,,,,,NOT_IN_RESTORED_237,FALSE
NODE_6445,126.9880123,37.56451666,1ê°,ëª__,1,104,30,0.235762762,0,10.438,1,0,0,0,0,4,0,2.6095,10.92532085,NODE_6445,6445,FALSE,NOT_IN_FINAL_237,,,,,,,,,,,,NOT_IN_RESTORED_237,FALSE
LINK_33134,126.979134,37.56625179,_ë¡1ê°,ëª__,2,104,30,0.235762762,0,16.353,1,0,9,9,0.333333333,0,0,4.08825,10.91217591,LINK_33134,33134,FALSE,NOT_IN_FINAL_237,,,,,,,,,,,,NOT_IN_RESTORED_237,FALSE
LINK_173252,127.0140154,37.56019163,__,ì²µ¬,2,104,30,0.247846802,0,23.22,1,0,0,0,0,0,0,5.805,10.89971575,LINK_173252,173252,FALSE,NOT_IN_FINAL_237,,,,,,,,,,,,NOT_IN_RESTORED_237,FALSE
LINK_164651,126.973345,37.55440636,ë´__2ê°,__,4,104,50,0.294659686,0,5.105,0,0,2,29,0.5,0,0,1.27625,10.89300484,LINK_164651,164651,TRUE,phase6_ready_candidates_total_FINAL_237.csv,TRUE,TRUE,TRUE,[2],TRUE,TRUE,UNAVAILABLE,PASS,PHASE6_READY_CONFIRMED,PASS,LINK_164651,RESTORED_PHASE6_READY,TRUE
LINK_138942,126.9759618,37.5605333,¨ëë¬¸ë_4ê°,_³µ,3,104,50,0.097727273,0,33.118,1,0,0,0,0,0,0,8.2795,10.87689526,LINK_138942,138942,TRUE,phase6_ready_candidates_total_FINAL_237.csv,TRUE,TRUE,TRUE,[9],TRUE,TRUE,UNAVAILABLE,PASS,PHASE6_READY_CONFIRMED,PASS,LINK_138942,RESTORED_PHASE6_READY,TRUE
LINK_90747,126.9735613,37.55430717,¨ëë¬¸ë_5ê°,__,4,104,50,0.294659686,0,5.729,0,0,3,34,0.666666667,0,0,1.43225,10.87321998,LINK_90747,90747,TRUE,phase6_ready_candidates_total_FINAL_237.csv,TRUE,TRUE,TRUE,[2],TRUE,TRUE,UNAVAILABLE,PASS,PHASE6_READY_CONFIRMED,PASS,LINK_90747,RESTORED_PHASE6_READY,TRUE
LINK_177162,126.9759783,37.56070038,__ë¡2ê°,_³µ,2,104,50,0.097727273,0,6.81,1,0,0,0,0,0,0,1.7025,10.86463143,LINK_177162,177162,TRUE,phase6_ready_candidates_total_FINAL_237.csv,TRUE,TRUE,TRUE,[4],TRUE,TRUE,,,,,LINK_177162,RESTORED_SIGNAL_STRUCTURE_OK,FALSE
NODE_89,126.9980519,37.56880235,ì£¼ê_,_ë¡__,4,104,50,0.155859607,0,41.752,1,4,9,21,0,4,1,10.438,10.83901441,NODE_89,89,FALSE,NOT_IN_FINAL_237,,,,,,,,,,,,NOT_IN_RESTORED_237,FALSE
NODE_137174,127.0161348,37.56975856,¥ì_,__,2,104,30,0.199819779,0,20.876,1,4,13,37,0.153846154,4,0,5.219,10.83019669,NODE_137174,137174,FALSE,NOT_IN_FINAL_237,,,,,,,,,,,,NOT_IN_RESTORED_237,FALSE
NODE_8583,127.0157951,37.56793236,¥ì_,__,2,104,30,0.199819779,0,20.876,1,0,0,0,0,4,0,5.219,10.83019669,NODE_8583,8583,FALSE,NOT_IN_FINAL_237,,,,,,,,,,,,NOT_IN_RESTORED_237,FALSE
NODE_8577,127.015798,37.56807883,¥ì_,__,2,104,30,0.199819779,0,20.876,1,0,0,1,0,4,0,5.219,10.83019669,NODE_8577,8577,FALSE,NOT_IN_FINAL_237,,,,,,,,,,,,NOT_IN_RESTORED_237,FALSE
NODE_8568,127.0156632,37.5695847,¥ì_,__,2,104,30,0.199819779,0,20.876,1,5,9,38,0.111111111,4,0,5.219,10.83019669,NODE_8568,8568,FALSE,NOT_IN_FINAL_237,,,,,,,,,,,,NOT_IN_RESTORED_237,FALSE
NODE_8567,127.0161405,37.56963498,¥ì_,__,2,104,30,0.199819779,0,20.876,1,2,10,35,0.2,4,0,5.219,10.83019669,NODE_8567,8567,FALSE,NOT_IN_FINAL_237,,,,,,,,,,,,NOT_IN_RESTORED_237,FALSE
LINK_256669,126.9829319,37.5660533,¨ëë¬¸ë_2ê°,_³µ,3,104,50,0.097727273,0,34.799,1,0,0,0,0,0,0,8.69975,10.82375729,LINK_256669,256669,FALSE,NOT_IN_FINAL_237,,,,,,,,,,,,NOT_IN_RESTORED_237,FALSE
NODE_8783,127.0125206,37.56063005,__,ì²µ¬,1,104,30,0.247846802,0,10.438,1,0,0,0,0,2,0,2.6095,10.79490778,NODE_8783,8783,FALSE,NOT_IN_FINAL_237,,,,,,,,,,,,NOT_IN_RESTORED_237,FALSE
NODE_10173,127.0119186,37.56094451,__,ì²µ¬,1,104,30,0.247846802,0,10.438,1,0,0,0,0,2,0,2.6095,10.79490778,NODE_10173,10173,TRUE,phase6_ready_candidates_total_FINAL_237.csv,TRUE,TRUE,TRUE,[2],TRUE,TRUE,,,,,NODE_10173,RESTORED_SIGNAL_STRUCTURE_OK,FALSE
NODE_8176,127.0118695,37.56081669,__,ì²µ¬,1,104,30,0.247846802,0,10.438,1,0,0,0,0,2,0,2.6095,10.79490778,NODE_8176,8176,TRUE,phase6_ready_candidates_total_FINAL_237.csv,TRUE,TRUE,TRUE,[16],TRUE,TRUE,,,,,NODE_8176,RESTORED_SIGNAL_STRUCTURE_OK,FALSE
NODE_8786,127.0125896,37.56074218,__,ì²µ¬,1,104,30,0.247846802,0,10.438,1,0,0,0,0,2,0,2.6095,10.79490778,NODE_8786,8786,TRUE,phase6_ready_candidates_total_FINAL_237.csv,TRUE,TRUE,TRUE,[2],TRUE,TRUE,,,,,NODE_8786,RESTORED_SIGNAL_STRUCTURE_OK,FALSE
NODE_15411,126.9858098,37.56623281,_ë¡2ê°,ëª__,1,104,30,0.235762762,0,10.438,1,0,0,0,0,3,0,2.6095,10.75797157,NODE_15411,15411,TRUE,phase6_ready_candidates_total_FINAL_237.csv,TRUE,TRUE,TRUE,[6],TRUE,TRUE,,,,,NODE_15411,RESTORED_SIGNAL_STRUCTURE_OK,FALSE
NODE_10114,126.9883121,37.55964211,__,ëª__,1,104,30,0.235762762,0,10.438,1,0,0,0,0,3,0,2.6095,10.75797157,NODE_10114,10114,FALSE,NOT_IN_FINAL_237,,,,,,,,,,,,NOT_IN_RESTORED_237,FALSE
NODE_10113,126.988108,37.55970846,¨ì_3ê°,ëª__,1,104,30,0.235762762,0,10.438,1,0,0,0,0,3,0,2.6095,10.75797157,NODE_10113,10113,FALSE,NOT_IN_FINAL_237,,,,,,,,,,,,NOT_IN_RESTORED_237,FALSE
NODE_6481,126.985666,37.56622822,_ë¡2ê°,ëª__,1,104,30,0.235762762,0,10.438,1,0,0,0,0,3,0,2.6095,10.75797157,NODE_6481,6481,TRUE,phase6_ready_candidates_total_FINAL_237.csv,TRUE,TRUE,TRUE,[6],TRUE,TRUE,,,,,NODE_6481,RESTORED_SIGNAL_STRUCTURE_OK,FALSE
NODE_6494,126.9857462,37.5679543,__,ëª__,1,104,30,0.235762762,0,10.438,1,1,6,80,0.666666667,3,0,2.6095,10.75797157,NODE_6494,6494,TRUE,phase6_ready_candidates_total_FINAL_237.csv,TRUE,TRUE,TRUE,[11],TRUE,TRUE,,,,,LINK_6494,RESTORED_SIGNAL_STRUCTURE_OK,FALSE
NODE_9831,126.9984455,37.56455486,_,ê´__,3,104,50,0.180155918,0,31.314,1,1,1,1,0,4,1,7.8285,10.73721899,NODE_9831,9831,FALSE,NOT_IN_FINAL_237,,,,,,,,,,,,NOT_IN_RESTORED_237,FALSE
LINK_229146,126.9733838,37.55434458,¨ëë¬¸ë_5ê°,__,4,104,50,0.294659686,0,10.23,0,0,5,31,0.8,0,0,2.5575,10.73156946,LINK_229146,229146,TRUE,phase6_ready_candidates_total_FINAL_237.csv,TRUE,TRUE,TRUE,[2],TRUE,TRUE,UNAVAILABLE,PASS,PHASE6_READY_CONFIRMED,PASS,LINK_229146,RESTORED_PHASE6_READY,TRUE
LINK_83050,126.9734693,37.55430486,¨ëë¬¸ë_5ê°,__,4,104,50,0.294659686,0,10.535,0,0,4,34,0.75,0,0,2.63375,10.72203786,LINK_83050,83050,TRUE,phase6_ready_candidates_total_FINAL_237.csv,TRUE,TRUE,TRUE,[2],TRUE,TRUE,UNAVAILABLE,PASS,PHASE6_READY_CONFIRMED,PASS,LINK_83050,RESTORED_PHASE6_READY,TRUE
LINK_216150,127.0105135,37.56203717,__,ì²µ¬,1,104,30,0.247846802,0,2.694,1,0,0,0,0,0,0,0.6735,10.70556252,LINK_216150,216150,TRUE,phase6_ready_candidates_total_FINAL_237.csv,TRUE,TRUE,TRUE,[2],TRUE,TRUE,,,,,LINK_216150,RESTORED_SIGNAL_STRUCTURE_OK,FALSE
LINK_168284,127.0105063,37.56206521,__,ì²µ¬,1,104,30,0.247846802,0,3.665,1,0,0,0,0,0,0,0.91625,10.67532056,LINK_168284,168284,TRUE,phase6_ready_candidates_total_FINAL_237.csv,TRUE,TRUE,TRUE,[2],TRUE,TRUE,,,,,LINK_168284,RESTORED_SIGNAL_STRUCTURE_OK,FALSE
LINK_170408,127.0102282,37.56198628,__,ì²µ¬,1,104,30,0.247846802,0,4.096,1,0,0,0,0,0,0,1.024,10.66192438,LINK_170408,170408,TRUE,phase6_ready_candidates_total_FINAL_237.csv,TRUE,TRUE,TRUE,[16],TRUE,TRUE,,,,,LINK_170408,RESTORED_SIGNAL_STRUCTURE_OK,FALSE
LINK_179767,126.9797054,37.56365212,_³µ,_³µ,2,104,50,0.097727273,0,13.33,1,0,0,1,0,0,0,3.3325,10.66020374,LINK_179767,179767,FALSE,NOT_IN_FINAL_237,,,,,,,,,,,,NOT_IN_RESTORED_237,FALSE
LINK_211900,127.010221,37.56202633,__,ì²µ¬,1,104,30,0.247846802,0,4.886,1,0,0,0,0,0,0,1.2215,10.63741353,LINK_211900,211900,TRUE,phase6_ready_candidates_total_FINAL_237.csv,TRUE,TRUE,TRUE,[16],TRUE,TRUE,,,,,LINK_211900,RESTORED_SIGNAL_STRUCTURE_OK,FALSE
LINK_99304,126.9809807,37.56225061,¨ëë¬¸ë_2ê°,_³µ,2,104,50,0.097727273,0,14.163,1,0,0,1,0,0,0,3.54075,10.63436454,LINK_99304,99304,FALSE,NOT_IN_FINAL_237,,,,,,,,,,,,NOT_IN_RESTORED_237,FALSE
NODE_6795,126.9929459,37.56280523,ì¶©ë¬´ë¡3ê°,__,3,104,50,0.183827697,0,31.314,1,0,0,0,0,3,1,7.8285,10.63352554,NODE_6795,6795,FALSE,NOT_IN_FINAL_237,,,,,,,,,,,,NOT_IN_RESTORED_237,FALSE
LINK_103088,127.0244127,37.56196452,__,ì²µ¬,1,104,30,0.247846802,0,6.31,1,1,4,6,0.5,0,0,1.5775,10.59337419,LINK_103088,103088,TRUE,phase6_ready_candidates_total_FINAL_237.csv,TRUE,TRUE,TRUE,[2],TRUE,TRUE,,,,,LINK_103088,RESTORED_SIGNAL_STRUCTURE_OK,FALSE
NODE_10098,126.9856592,37.55679489,__,ëª__,1,104,30,0.235762762,0,10.438,1,0,0,0,0,2,0,2.6095,10.59318568,NODE_10098,10098,FALSE,NOT_IN_FINAL_237,,,,,,,,,,,,NOT_IN_RESTORED_237,FALSE
NODE_6583,126.9875016,37.55838105,__,ëª__,1,104,30,0.235762762,0,10.438,1,0,0,0,0,2,0,2.6095,10.59318568,NODE_6583,6583,FALSE,NOT_IN_FINAL_237,,,,,,,,,,,,NOT_IN_RESTORED_237,FALSE
NODE_6592,126.9872975,37.55840391,¨ì_2ê°,ëª__,1,104,30,0.235762762,0,10.438,1,0,0,0,0,2,0,2.6095,10.59318568,NODE_6592,6592,FALSE,NOT_IN_FINAL_237,,,,,,,,,,,,NOT_IN_RESTORED_237,FALSE
NODE_10104,126.9857311,37.55663865,__,ëª__,1,104,30,0.235762762,0,10.438,1,0,0,0,0,2,0,2.6095,10.59318568,NODE_10104,10104,FALSE,NOT_IN_FINAL_237,,,,,,,,,,,,NOT_IN_RESTORED_237,FALSE
LINK_117788,127.0244127,37.56202173,__,ì²µ¬,1,104,30,0.247846802,0,6.39,1,1,4,6,0.5,0,0,1.5975,10.59090548,LINK_117788,117788,TRUE,phase6_ready_candidates_total_FINAL_237.csv,TRUE,TRUE,TRUE,[2],TRUE,TRUE,,,,,LINK_117788,RESTORED_SIGNAL_STRUCTURE_OK,FALSE
NODE_5933,126.9776364,37.56509238,__ë¡2ê°,_³µ,1,104,50,0.097727273,0,10.438,1,1,2,12,0,4,0,2.6095,10.57945916,NODE_5933,5933,FALSE,NOT_IN_FINAL_237,,,,,,,,,,,,NOT_IN_RESTORED_237,FALSE
NODE_5666,126.9699255,37.56223458,__,_³µ,1,104,50,0.097727273,0,10.438,1,9,17,28,0.588235294,4,0,2.6095,10.57945916,NODE_5666,5666,FALSE,NOT_IN_FINAL_237,,,,,,,,,,,,NOT_IN_RESTORED_237,FALSE
LINK_101007,126.9826876,37.56588277,¨ëë¬¸ë_2ê°,_³µ,3,104,50,0.097727273,0,43.034,1,0,0,0,0,0,0,10.7585,10.56716848,LINK_101007,101007,FALSE,NOT_IN_FINAL_237,,,,,,,,,,,,NOT_IN_RESTORED_237,FALSE
NODE_9896,127.0094012,37.56971924,_ë¡6ê°,ê´__,2,104,30,0.180155918,0,20.876,1,5,11,66,0.454545455,4,0,5.219,10.50280415,NODE_9896,9896,FALSE,NOT_IN_FINAL_237,,,,,,,,,,,,NOT_IN_RESTORED_237,FALSE
NODE_8077,127.009427,37.5695476,_ë¡6ê°,ê´__,2,104,30,0.180155918,0,20.876,1,4,9,54,0.444444444,4,0,5.219,10.50280415,NODE_8077,8077,FALSE,NOT_IN_FINAL_237,,,,,,,,,,,,NOT_IN_RESTORED_237,FALSE
NODE_15436,127.0097457,37.56559648,_ë¡7ê°,ê´__,2,104,30,0.180155918,0,20.876,1,0,0,0,0,4,0,5.219,10.50280415,NODE_15436,15436,TRUE,phase6_ready_candidates_total_FINAL_237.csv,TRUE,TRUE,TRUE,[1],TRUE,TRUE,,,,,NODE_15436,RESTORED_SIGNAL_STRUCTURE_OK,FALSE
NODE_119045,126.9700521,37.56196914,__,_³µ,1,104,50,0.097727273,0,10.438,1,1,13,25,0.538461538,3,0,2.6095,10.41740764,NODE_119045,119045,FALSE,NOT_IN_FINAL_237,,,,,,,,,,,,NOT_IN_RESTORED_237,FALSE
NODE_23039,126.9733579,37.55438579,ë´__2ê°,__,4,104,50,0.294659686,0,41.752,0,0,4,29,0.75,4,0,10.438,10.41345766,NODE_23039,23039,TRUE,phase6_ready_candidates_total_FINAL_237.csv,TRUE,TRUE,TRUE,[2],TRUE,TRUE,UNAVAILABLE,PASS,PHASE6_READY_CONFIRMED,PASS,NODE_23039,RESTORED_PHASE6_READY,TRUE
NODE_23041,126.9734097,37.55430336,¨ëë¬¸ë_5ê°,__,4,104,50,0.294659686,0,41.752,0,0,5,34,0.8,4,0,10.438,10.41345766,NODE_23041,23041,TRUE,phase6_ready_candidates_total_FINAL_237.csv,TRUE,TRUE,TRUE,[2],TRUE,TRUE,UNAVAILABLE,PASS,PHASE6_READY_CONFIRMED,PASS,NODE_23041,RESTORED_PHASE6_READY,TRUE
LINK_148352,127.0161376,37.56969677,¥ì_,__,2,104,30,0.199819779,0,13.725,1,3,12,36,0.166666667,0,0,3.43125,10.39606497,LINK_148352,148352,FALSE,NOT_IN_FINAL_237,,,,,,,,,,,,NOT_IN_RESTORED_237,FALSE
LINK_160658,127.0124042,37.56787951,__,ì²µ¬,1,104,30,0.247846802,0,13.734,1,0,0,0,0,0,0,3.4335,10.3667118,LINK_160658,160658,TRUE,phase6_ready_candidates_total_FINAL_237.csv,TRUE,TRUE,TRUE,[16],TRUE,TRUE,,,,,LINK_160658,RESTORED_SIGNAL_STRUCTURE_OK,FALSE
LINK_159003,127.0125551,37.56068612,__,ì²µ¬,1,104,30,0.247846802,0,13.859,1,0,0,0,0,0,0,3.46475,10.36293723,LINK_159003,159003,FALSE,NOT_IN_FINAL_237,,,,,,,,,,,,NOT_IN_RESTORED_237,FALSE
LINK_70067,127.0104093,37.56195308,__,ì²µ¬,1,104,30,0.247846802,0,14.38,1,0,0,0,0,0,0,3.595,10.34721963,LINK_70067,70067,TRUE,phase6_ready_candidates_total_FINAL_237.csv,TRUE,TRUE,TRUE,[16],TRUE,TRUE,,,,,LINK_70067,RESTORED_SIGNAL_STRUCTURE_OK,FALSE
NODE_6745,126.9924798,37.56620196,_ë¡3ê°,_ë¡__,3,104,50,0.155859607,0,31.314,1,0,0,0,0,4,1,7.8285,10.33761072,NODE_6745,6745,FALSE,NOT_IN_FINAL_237,,,,,,,,,,,,NOT_IN_RESTORED_237,FALSE
NODE_22106,126.9927157,37.56454736,ì´__,_ë¡__,3,104,50,0.155859607,0,31.314,1,0,0,0,0,4,1,7.8285,10.33761072,NODE_22106,22106,TRUE,phase6_ready_candidates_total_FINAL_237.csv,TRUE,TRUE,TRUE,[9],TRUE,TRUE,,,,,NODE_22106,RESTORED_SIGNAL_STRUCTURE_OK,FALSE
NODE_6683,126.9927646,37.56419722,ì´__,_ë¡__,3,104,50,0.155859607,0,31.314,1,0,0,0,0,4,1,7.8285,10.33761072,NODE_6683,6683,TRUE,phase6_ready_candidates_total_FINAL_237.csv,TRUE,TRUE,TRUE,[9],TRUE,TRUE,,,,,NODE_6683,RESTORED_SIGNAL_STRUCTURE_OK,FALSE
NODE_10328,126.9981306,37.56867603,ì£¼ê_,_ë¡__,3,104,50,0.155859607,0,31.314,1,2,6,20,0,4,1,7.8285,10.33761072,NODE_10328,10328,FALSE,NOT_IN_FINAL_237,,,,,,,,,,,,NOT_IN_RESTORED_237,FALSE
NODE_6755,126.9924683,37.56655897,_ë¡3ê°,_ë¡__,3,104,50,0.155859607,0,31.314,1,0,0,0,0,4,1,7.8285,10.33761072,NODE_6755,6755,FALSE,NOT_IN_FINAL_237,,,,,,,,,,,,NOT_IN_RESTORED_237,FALSE
NODE_6655,126.992287,37.56805904,__,_ë¡__,3,104,50,0.155859607,0,31.314,1,5,10,32,0.6,4,1,7.8285,10.33761072,NODE_6655,6655,FALSE,NOT_IN_FINAL_237,,,,,,,,,,,,NOT_IN_RESTORED_237,FALSE
NODE_6735,126.992428,37.56651548,_ë¡3ê°,_ë¡__,3,104,50,0.155859607,0,31.314,1,0,0,0,0,4,1,7.8285,10.33761072,NODE_6735,6735,FALSE,NOT_IN_FINAL_237,,,,,,,,,,,,NOT_IN_RESTORED_237,FALSE
LINK_239783,127.0118941,37.5608806,__,ì²µ¬,1,104,30,0.247846802,0,14.836,1,0,0,0,0,0,0,3.709,10.33348252,LINK_239783,239783,TRUE,phase6_ready_candidates_total_FINAL_237.csv,TRUE,TRUE,TRUE,[16],TRUE,TRUE,,,,,LINK_239783,RESTORED_SIGNAL_STRUCTURE_OK,FALSE
NODE_8579,127.0162379,37.56787509,¥ì_,__,1,104,30,0.199819779,0,10.438,1,0,0,0,0,4,0,2.6095,10.32920089,NODE_8579,8579,FALSE,NOT_IN_FINAL_237,,,,,,,,,,,,NOT_IN_RESTORED_237,FALSE
NODE_8580,127.0162092,37.56814743,¥ì_,__,1,104,30,0.199819779,0,10.438,1,0,0,1,0,4,0,2.6095,10.32920089,NODE_8580,8580,FALSE,NOT_IN_FINAL_237,,,,,,,,,,,,NOT_IN_RESTORED_237,FALSE
LINK_180758,127.0157966,37.56800559,¥ì_,__,2,104,30,0.199819779,0,16.258,1,0,0,1,0,0,0,4.0645,10.31962895,LINK_180758,180758,FALSE,NOT_IN_FINAL_237,,,,,,,,,,,,NOT_IN_RESTORED_237,FALSE
LINK_244326,127.0103604,37.56212358,__,ì²µ¬,1,104,30,0.247846802,0,15.316,1,0,0,0,0,0,0,3.829,10.3190421,LINK_244326,244326,TRUE,phase6_ready_candidates_total_FINAL_237.csv,TRUE,TRUE,TRUE,[16],TRUE,TRUE,,,,,LINK_244326,RESTORED_SIGNAL_STRUCTURE_OK,FALSE
LINK_262750,127.0147858,37.55987801,__,ì²µ¬,1,104,30,0.247846802,0,15.913,1,0,0,0,0,0,0,3.97825,10.30110999,LINK_262750,262750,TRUE,phase6_ready_candidates_total_FINAL_237.csv,TRUE,TRUE,TRUE,[16],TRUE,TRUE,,,,,LINK_262750,RESTORED_SIGNAL_STRUCTURE_OK,FALSE
LINK_261333,126.9691919,37.56192593,_£¼ë¡1ê°,_³µ,2,104,50,0.097727273,0,25.527,1,11,22,38,0.454545455,0,0,6.38175,10.28805157,LINK_261333,261333,FALSE,NOT_IN_FINAL_237,,,,,,,,,,,,NOT_IN_RESTORED_237,FALSE
LINK_54426,127.0099613,37.56548979,_ë¡7ê°,ê´__,2,104,30,0.180155918,0,7.436,1,0,0,0,0,0,0,1.859,10.26821909,LINK_54426,54426,FALSE,NOT_IN_FINAL_237,,,,,,,,,,,,NOT_IN_RESTORED_237,FALSE
LINK_203084,126.9740255,37.55376468,¨ëë¬¸ë_5ê°,__,1,104,30,0.294659686,0,42.149,1,5,7,35,0.285714286,0,0,10.53725,10.26657007,LINK_203084,203084,FALSE,NOT_IN_FINAL_237,,,,,,,,,,,,NOT_IN_RESTORED_237,FALSE
NODE_5826,126.9739353,37.55966094,ë´__1ê°,_³µ,1,104,50,0.097727273,0,10.438,1,0,0,0,0,2,0,2.6095,10.25783835,NODE_5826,5826,FALSE,NOT_IN_FINAL_237,,,,,,,,,,,,NOT_IN_RESTORED_237,FALSE
NODE_179107,126.9730241,37.55959207,ë´__1ê°,_³µ,1,104,50,0.097727273,0,10.438,1,0,0,0,0,2,0,2.6095,10.25783835,NODE_179107,179107,FALSE,NOT_IN_FINAL_237,,,,,,,,,,,,NOT_IN_RESTORED_237,FALSE
LINK_273449,126.9880396,37.56447089,1ê°,ëª__,1,104,30,0.235762762,0,11.248,1,0,0,0,0,0,0,2.812,10.24693801,LINK_273449,273449,FALSE,NOT_IN_FINAL_237,,,,,,,,,,,,NOT_IN_RESTORED_237,FALSE
NODE_6527,126.9889357,37.5610748,ì£¼ì_,__,1,104,30,0.183827697,0,10.438,1,0,0,0,0,5,0,2.6095,10.2312508,NODE_6527,6527,FALSE,NOT_IN_FINAL_237,,,,,,,,,,,,NOT_IN_RESTORED_237,FALSE
LINK_16345,126.9857379,37.56623051,_ë¡2ê°,ëª__,1,104,30,0.235762762,0,12.71,1,0,0,0,0,0,0,3.1775,10.20338559,LINK_16345,16345,TRUE,phase6_ready_candidates_total_FINAL_237.csv,TRUE,TRUE,TRUE,[6],TRUE,TRUE,,,,,LINK_16345,RESTORED_SIGNAL_STRUCTURE_OK,FALSE
LINK_229603,126.9772134,37.56396292,__ë¡2ê°,_³µ,4,104,30,0.097727273,0,18.915,1,1,2,3,0.5,0,0,4.72875,10.20097469,LINK_229603,229603,TRUE,phase6_ready_candidates_total_FINAL_237.csv,TRUE,TRUE,TRUE,[9],TRUE,TRUE,,,,,LINK_229603,RESTORED_SIGNAL_STRUCTURE_OK,FALSE
LINK_144405,126.9858209,37.56794973,__,ëª__,1,104,30,0.235762762,0,13.247,1,1,7,81,0.571428571,0,0,3.31175,10.18743509,LINK_144405,144405,TRUE,phase6_ready_candidates_total_FINAL_237.csv,TRUE,TRUE,TRUE,[9],TRUE,TRUE,,,,,LINK_144405,RESTORED_SIGNAL_STRUCTURE_OK,FALSE
NODE_7020,126.9983247,37.56602482,_ë¡4ê°,_ë¡__,3,104,50,0.155859607,0,31.314,1,0,0,1,0,3,1,7.8285,10.17926372,NODE_7020,7020,FALSE,NOT_IN_FINAL_237,,,,,,,,,,,,NOT_IN_RESTORED_237,FALSE
NODE_7012,126.9981953,37.56736132,ì£¼ê_,_ë¡__,3,104,50,0.155859607,0,31.314,1,0,0,4,0,3,1,7.8285,10.17926372,NODE_7012,7012,FALSE,NOT_IN_FINAL_237,,,,,,,,,,,,NOT_IN_RESTORED_237,FALSE
NODE_15244,126.9655651,37.55419721,ë§_¦¬2ê°,ì¤_¦¼,1,104,30,0.190199131,0,10.438,1,1,2,5,0,4,0,2.6095,10.17523445,NODE_15244,15244,FALSE,NOT_IN_FINAL_237,,,,,,,,,,,,NOT_IN_RESTORED_237,FALSE
NODE_8682,127.0162549,37.56711072,¥ì_,__,1,104,30,0.199819779,0,10.438,1,0,0,0,0,3,0,2.6095,10.17098272,NODE_8682,8682,FALSE,NOT_IN_FINAL_237,,,,,,,,,,,,NOT_IN_RESTORED_237,FALSE
NODE_9666,126.9771811,37.56388169,__ë¡2ê°,_³µ,4,104,30,0.097727273,0,41.752,1,1,1,3,1,4,0,10.438,10.15224676,NODE_9666,9666,TRUE,phase6_ready_candidates_total_FINAL_237.csv,TRUE,TRUE,TRUE,[9],TRUE,TRUE,,,,,NODE_9666,RESTORED_SIGNAL_STRUCTURE_OK,FALSE
NODE_9665,126.9771093,37.5638359,__ë¡2ê°,_³µ,4,104,30,0.097727273,0,41.752,1,1,1,3,1,4,0,10.438,10.15224676,NODE_9665,9665,FALSE,NOT_IN_FINAL_237,,,,,,,,,,,,NOT_IN_RESTORED_237,FALSE
LINK_87392,126.9791398,37.56609491,_ë¡1ê°,ëª__,2,104,30,0.235762762,0,41.666,1,0,9,11,0.333333333,0,0,10.4165,10.13640233,LINK_87392,87392,FALSE,NOT_IN_FINAL_237,,,,,,,,,,,,NOT_IN_RESTORED_237,FALSE
NODE_9632,126.9715622,37.55981146,__,_³µ,2,104,40,0.097727273,0,20.876,1,0,0,0,0,4,0,5.219,10.12110676,NODE_9632,9632,FALSE,NOT_IN_FINAL_237,,,,,,,,,,,,NOT_IN_RESTORED_237,FALSE
LINK_78053,126.9880152,37.56458646,1ê°,ëª__,1,104,30,0.235762762,0,15.502,1,0,0,0,0,0,0,3.8755,10.12072663,LINK_78053,78053,FALSE,NOT_IN_FINAL_237,,,,,,,,,,,,NOT_IN_RESTORED_237,FALSE
NODE_10357,127.0018611,37.56954338,ë°©ì_,_ë¡__,2,104,30,0.155859607,1,20.876,1,3,8,63,0.375,4,0,5.219,10.11192012,NODE_10357,10357,FALSE,NOT_IN_FINAL_237,,,,,,,,,,,,NOT_IN_RESTORED_237,FALSE
NODE_10359,127.0023254,37.56943467,ë°©ì_,_ë¡__,2,104,30,0.155859607,0,20.876,1,3,8,44,0.25,4,0,5.219,10.11192012,NODE_10359,10359,TRUE,phase6_ready_candidates_total_FINAL_237.csv,TRUE,TRUE,TRUE,[2],TRUE,TRUE,,,,,NODE_10359,RESTORED_SIGNAL_STRUCTURE_OK,FALSE
NODE_10360,127.0022535,37.56956512,ë°©ì_,_ë¡__,2,104,30,0.155859607,1,20.876,1,4,9,59,0.333333333,4,0,5.219,10.11192012,NODE_10360,10360,FALSE,NOT_IN_FINAL_237,,,,,,,,,,,,NOT_IN_RESTORED_237,FALSE
NODE_10350,126.9925285,37.56826731,__,_ë¡__,2,104,30,0.155859607,0,20.876,1,10,11,33,0.636363636,4,0,5.219,10.11192012,NODE_10350,10350,TRUE,phase6_ready_candidates_total_FINAL_237.csv,TRUE,TRUE,TRUE,[2],TRUE,TRUE,,,,,NODE_10350,RESTORED_SIGNAL_STRUCTURE_OK,FALSE
NODE_6897,126.9980932,37.56880419,ì£¼ê_,_ë¡__,2,104,30,0.155859607,0,20.876,1,4,9,21,0,4,0,5.219,10.11192012,NODE_6897,6897,FALSE,NOT_IN_FINAL_237,,,,,,,,,,,,NOT_IN_RESTORED_237,FALSE
NODE_7320,127.0017921,37.56934886,ë°©ì_,_ë¡__,2,104,30,0.155859607,0,20.876,1,2,5,41,0.2,4,0,5.219,10.11192012,NODE_7320,7320,FALSE,NOT_IN_FINAL_237,,,,,,,,,,,,NOT_IN_RESTORED_237,FALSE
LINK_13014,126.9699888,37.56210186,__,_³µ,2,104,50,0.097727273,0,31.512,1,7,16,26,0.5625,0,0,7.878,10.11021877,LINK_13014,13014,FALSE,NOT_IN_FINAL_237,,,,,,,,,,,,NOT_IN_RESTORED_237,FALSE
LINK_95381,126.9778423,37.5639493,__ë¡2ê°,_³µ,4,104,30,0.097727273,0,22.857,1,0,2,3,0.5,0,0,5.71425,10.08449178,LINK_95381,95381,FALSE,NOT_IN_FINAL_237,,,,,,,,,,,,NOT_IN_RESTORED_237,FALSE
NODE_20729,126.9986741,37.56216751,ì¶©ë¬´ë¡5ê°,__,1,104,30,0.183827697,0,10.438,1,0,0,0,0,4,0,2.6095,10.07453298,NODE_20729,20729,FALSE,NOT_IN_FINAL_237,,,,,,,,,,,,NOT_IN_RESTORED_237,FALSE
LINK_104700,126.9980846,37.56735217,ì£¼ê_,_ë¡__,3,104,50,0.155859607,0,19.663,1,0,0,4,0,0,1,4.91575,10.05417601,LINK_104700,104700,FALSE,NOT_IN_FINAL_237,,,,,,,,,,,,NOT_IN_RESTORED_237,FALSE
LINK_41734,127.0135756,37.56037705,__,ì²µ¬,1,104,30,0.247846802,0,24.549,1,0,0,0,0,0,0,6.13725,10.04516886,LINK_41734,41734,FALSE,NOT_IN_FINAL_237,,,,,,,,,,,,NOT_IN_RESTORED_237,FALSE
LINK_142385,126.9873995,37.55839248,__,ëª__,1,104,30,0.235762762,0,18.212,1,0,0,0,0,0,0,4.553,10.04113579,LINK_142385,142385,FALSE,NOT_IN_FINAL_237,,,,,,,,,,,,NOT_IN_RESTORED_237,FALSE
LINK_100398,126.9856951,37.55671677,__,ëª__,1,104,30,0.235762762,0,18.467,1,0,0,0,0,0,0,4.61675,10.03367892,LINK_100398,100398,FALSE,NOT_IN_FINAL_237,,,,,,,,,,,,NOT_IN_RESTORED_237,FALSE
NODE_6896,126.9980731,37.56860737,ì£¼ê_,_ë¡__,3,104,50,0.155859607,0,31.314,1,1,5,19,0,2,1,7.8285,10.02334222,NODE_6896,6896,FALSE,NOT_IN_FINAL_237,,,,,,,,,,,,NOT_IN_RESTORED_237,FALSE
NODE_9833,126.9985576,37.5642276,_,ê´__,1,104,30,0.180155918,0,10.438,1,1,1,1,0,4,0,2.6095,10.01695326,NODE_9833,9833,FALSE,NOT_IN_FINAL_237,,,,,,,,,,,,NOT_IN_RESTORED_237,FALSE
NODE_6939,126.9980703,37.56426379,_,ê´__,1,104,30,0.180155918,0,10.438,1,1,1,1,0,4,0,2.6095,10.01695326,NODE_6939,6939,FALSE,NOT_IN_FINAL_237,,,,,,,,,,,,NOT_IN_RESTORED_237,FALSE
NODE_7358,126.9986468,37.56429127,_,ê´__,1,104,30,0.180155918,0,10.438,1,1,1,1,0,4,0,2.6095,10.01695326,NODE_7358,7358,FALSE,NOT_IN_FINAL_237,,,,,,,,,,,,NOT_IN_RESTORED_237,FALSE
NODE_7341,127.0026861,37.56450179,_¦¼,ê´__,1,104,30,0.180155918,0,10.438,1,0,0,0,0,4,0,2.6095,10.01695326,NODE_7341,7341,FALSE,NOT_IN_FINAL_237,,,,,,,,,,,,NOT_IN_RESTORED_237,FALSE
NODE_7346,127.0022519,37.56449035,¤ì_,ê´__,1,104,30,0.180155918,0,10.438,1,0,0,0,0,4,0,2.6095,10.01695326,NODE_7346,7346,FALSE,NOT_IN_FINAL_237,,,,,,,,,,,,NOT_IN_RESTORED_237,FALSE
NODE_7347,127.0021283,37.5647009,¤ì_,ê´__,1,104,30,0.180155918,0,10.438,1,0,0,0,0,4,0,2.6095,10.01695326,NODE_7347,7347,FALSE,NOT_IN_FINAL_237,,,,,,,,,,,,NOT_IN_RESTORED_237,FALSE
NODE_7365,126.9986295,37.56445146,¤ì_,ê´__,1,104,30,0.180155918,0,10.438,1,1,1,1,0,4,0,2.6095,10.01695326,NODE_7365,7365,FALSE,NOT_IN_FINAL_237,,,,,,,,,,,,NOT_IN_RESTORED_237,FALSE
NODE_7350,127.0021571,37.5645407,¤ì_,ê´__,1,104,30,0.180155918,0,10.438,1,0,0,0,0,4,0,2.6095,10.01695326,NODE_7350,7350,FALSE,NOT_IN_FINAL_237,,,,,,,,,,,,NOT_IN_RESTORED_237,FALSE
NODE_9832,126.9981853,37.56445832,_,ê´__,1,104,30,0.180155918,0,10.438,1,1,1,1,0,4,0,2.6095,10.01695326,NODE_9832,9832,FALSE,NOT_IN_FINAL_237,,,,,,,,,,,,NOT_IN_RESTORED_237,FALSE
NODE_9830,126.9985289,37.56451137,_,ê´__,1,104,30,0.180155918,0,10.438,1,1,1,1,0,4,0,2.6095,10.01695326,NODE_9830,9830,FALSE,NOT_IN_FINAL_237,,,,,,,,,,,,NOT_IN_RESTORED_237,FALSE
NODE_7530,126.9985692,37.56311954,_,ê´__,1,104,30,0.180155918,0,10.438,1,0,0,1,0,4,0,2.6095,10.01695326,NODE_7530,7530,FALSE,NOT_IN_FINAL_237,,,,,,,,,,,,NOT_IN_RESTORED_237,FALSE
NODE_67359,127.0066364,37.56611276,_ë¡6ê°,ê´__,1,104,30,0.180155918,0,10.438,1,0,0,0,0,4,0,2.6095,10.01695326,NODE_67359,67359,FALSE,NOT_IN_FINAL_237,,,,,,,,,,,,NOT_IN_RESTORED_237,FALSE
LINK_148018,126.98821,37.55967529,¨ì_3ê°,ëª__,1,104,30,0.235762762,0,19.48,1,0,0,0,0,0,0,4.87,10.00411076,LINK_148018,148018,FALSE,NOT_IN_FINAL_237,,,,,,,,,,,,NOT_IN_RESTORED_237,FALSE
LINK_64385,126.9714157,37.55942692,__,_³µ,2,104,50,0.097727273,0,35.167,1,0,0,0,0,0,0,8.79175,10.00313268,LINK_64385,64385,FALSE,NOT_IN_FINAL_237,,,,,,,,,,,,NOT_IN_RESTORED_237,FALSE
NODE_6022,126.9779042,37.56375135,ë¶_°½,_³µ,4,104,30,0.097727273,0,41.752,1,0,1,3,1,3,0,10.438,9.996739094,NODE_6022,6022,FALSE,NOT_IN_FINAL_237,,,,,,,,,,,,NOT_IN_RESTORED_237,FALSE
LINK_59819,127.0124854,37.56493135,__,ì²µ¬,1,104,30,0.247846802,0,26.241,1,0,0,0,0,0,0,6.56025,9.995773861,LINK_59819,59819,FALSE,NOT_IN_FINAL_237,,,,,,,,,,,,NOT_IN_RESTORED_237,FALSE
LINK_214362,126.9928379,37.56453364,ì´__,_ë¡__,3,104,50,0.155859607,0,21.804,1,0,0,0,0,0,1,5.451,9.991658054,LINK_214362,214362,TRUE,phase6_ready_candidates_total_FINAL_237.csv,TRUE,TRUE,TRUE,[16],TRUE,TRUE,,,,,LINK_214362,RESTORED_SIGNAL_STRUCTURE_OK,FALSE
LINK_23970,126.9981925,37.56602596,_ë¡4ê°,_ë¡__,3,104,50,0.155859607,0,23.369,1,0,0,1,0,0,1,5.84225,9.946205575,LINK_23970,23970,FALSE,NOT_IN_FINAL_237,,,,,,,,,,,,NOT_IN_RESTORED_237,FALSE
LINK_100038,127.0098364,37.56555304,_ë¡7ê°,ê´__,2,104,30,0.180155918,0,18.721,1,0,0,0,0,0,0,4.68025,9.936116404,LINK_100038,100038,FALSE,NOT_IN_FINAL_237,,,,,,,,,,,,NOT_IN_RESTORED_237,FALSE
LINK_25583,127.0094141,37.56963342,_ë¡6ê°,ê´__,2,104,30,0.180155918,0,19.187,1,5,10,58,0.4,0,0,4.79675,9.922635992,LINK_25583,25583,FALSE,NOT_IN_FINAL_237,,,,,,,,,,,,NOT_IN_RESTORED_237,FALSE
NODE_7066,126.9960868,37.56155298,__2ê°,__,1,104,30,0.183827697,0,10.438,1,0,0,0,0,3,0,2.6095,9.920215695,NODE_7066,7066,FALSE,NOT_IN_FINAL_237,,,,,,,,,,,,NOT_IN_RESTORED_237,FALSE
NODE_9098,127.0193164,37.57088747,©í_,©í_,1,104,30,0.17178133,0,10.438,1,2,25,70,0.44,4,0,2.6095,9.886853791,NODE_9098,9098,FALSE,NOT_IN_FINAL_237,,,,,,,,,,,,NOT_IN_RESTORED_237,FALSE
NODE_9097,127.0189829,37.57093101,©í_,©í_,1,104,30,0.17178133,0,10.438,1,15,30,75,0.366666667,4,0,2.6095,9.886853791,NODE_9097,9097,FALSE,NOT_IN_FINAL_237,,,,,,,,,,,,NOT_IN_RESTORED_237,FALSE
NODE_9096,127.0190576,37.57077538,©í_,©í_,1,104,30,0.17178133,0,10.438,1,6,26,63,0.423076923,4,0,2.6095,9.886853791,NODE_9096,9096,FALSE,NOT_IN_FINAL_237,,,,,,,,,,,,NOT_IN_RESTORED_237,FALSE
NODE_9068,127.0197413,37.56843868,©í_,©í_,1,104,30,0.17178133,0,10.438,1,0,0,0,0,4,0,2.6095,9.886853791,NODE_9068,9068,FALSE,NOT_IN_FINAL_237,,,,,,,,,,,,NOT_IN_RESTORED_237,FALSE
NODE_9105,127.0197952,37.56579542,©í_,©í_,1,104,30,0.17178133,0,10.438,1,0,0,0,0,4,0,2.6095,9.886853791,NODE_9105,9105,TRUE,phase6_ready_candidates_total_FINAL_237.csv,TRUE,TRUE,TRUE,[2],TRUE,TRUE,,,,,NODE_9105,RESTORED_SIGNAL_STRUCTURE_OK,FALSE
NODE_164569,127.0220183,37.56560336,©í_,©í_,1,104,30,0.17178133,0,10.438,1,0,0,11,0,4,0,2.6095,9.886853791,NODE_164569,164569,FALSE,NOT_IN_FINAL_237,,,,,,,,,,,,NOT_IN_RESTORED_237,FALSE
NODE_151,127.0191846,37.57083488,©í_,©í_,1,104,30,0.17178133,0,10.438,1,3,25,66,0.44,4,0,2.6095,9.886853791,NODE_151,151,TRUE,phase6_ready_candidates_total_FINAL_237.csv,TRUE,TRUE,TRUE,[2],TRUE,TRUE,,,,,NODE_151,RESTORED_SIGNAL_STRUCTURE_OK,FALSE
NODE_10368,127.01916,37.57104284,©í_,©í_,1,104,30,0.17178133,0,10.438,1,14,31,82,0.35483871,4,0,2.6095,9.886853791,NODE_10368,10368,FALSE,NOT_IN_FINAL_237,,,,,,,,,,,,NOT_IN_RESTORED_237,FALSE
NODE_9443,127.0232502,37.56786133,©í_,©í_,1,104,30,0.17178133,0,10.438,1,2,4,11,0.5,4,0,2.6095,9.886853791,NODE_9443,9443,FALSE,NOT_IN_FINAL_237,,,,,,,,,,,,NOT_IN_RESTORED_237,FALSE
NODE_137963,127.0197528,37.5682945,©í_,©í_,1,104,30,0.17178133,0,10.438,1,0,0,0,0,4,0,2.6095,9.886853791,NODE_137963,137963,FALSE,NOT_IN_FINAL_237,,,,,,,,,,,,NOT_IN_RESTORED_237,FALSE
NODE_15197,126.9651547,37.55890117,ì¤_¦¼,ì¤_¦¼,1,104,30,0.190199131,0,10.438,1,0,1,38,1,2,0,2.6095,9.86590227,NODE_15197,15197,TRUE,phase6_ready_candidates_total_FINAL_237.csv,TRUE,TRUE,TRUE,[4],TRUE,TRUE,,,,,NODE_15197,RESTORED_SIGNAL_STRUCTURE_OK,FALSE
NODE_15152,126.9651863,37.55904535,ì¤_¦¼,ì¤_¦¼,1,104,30,0.190199131,0,10.438,1,0,3,40,0.666666667,2,0,2.6095,9.86590227,NODE_15152,15152,TRUE,phase6_ready_candidates_total_FINAL_237.csv,TRUE,TRUE,TRUE,[7],TRUE,TRUE,,,,,NODE_15152,RESTORED_SIGNAL_STRUCTURE_OK,FALSE
NODE_9820,126.9958913,37.5615072,ì¶©ë¬´ë¡4ê°,ê´__,1,104,30,0.180155918,0,10.438,1,0,0,0,0,3,0,2.6095,9.863517956,NODE_9820,9820,FALSE,NOT_IN_FINAL_237,,,,,,,,,,,,NOT_IN_RESTORED_237,FALSE
LINK_202359,126.9715857,37.55963042,__,_³µ,2,104,50,0.097727273,0,40.385,1,0,0,0,0,0,0,10.09625,9.852215533,LINK_202359,202359,FALSE,NOT_IN_FINAL_237,,,,,,,,,,,,NOT_IN_RESTORED_237,FALSE
LINK_6494,126.9897191,37.56635164,_ë¡2ê°,ëª__,1,104,30,0.235762762,0,25.539,1,0,0,0,0,0,0,6.38475,9.829066711,LINK_6494,6494,TRUE,phase6_ready_candidates_total_FINAL_237.csv,TRUE,TRUE,TRUE,[11],TRUE,TRUE,,,,,LINK_6494,RESTORED_SIGNAL_STRUCTURE_OK,FALSE
LINK_101145,127.0190203,37.57085319,©í_,©í_,2,104,30,0.17178133,0,18.491,1,14,27,68,0.407407407,0,0,4.62275,9.81364051,LINK_101145,101145,FALSE,NOT_IN_FINAL_237,,,,,,,,,,,,NOT_IN_RESTORED_237,FALSE
LINK_220151,126.9878643,37.56448117,1ê°,ëª__,1,104,30,0.235762762,0,27.321,1,0,0,0,0,0,0,6.83025,9.778170145,LINK_220151,220151,FALSE,NOT_IN_FINAL_237,,,,,,,,,,,,NOT_IN_RESTORED_237,FALSE
LINK_150972,126.9790734,37.56695322,ë¬´ê_,ëª__,3,104,30,0.235762762,0,9.665,1,0,9,9,0.333333333,0,1,2.41625,9.762399574,LINK_150972,150972,FALSE,NOT_IN_FINAL_237,,,,,,,,,,,,NOT_IN_RESTORED_237,FALSE
NODE_5959,126.9790763,37.56690974,__ë¡1ê°,ëª__,3,104,30,0.235762762,0,31.314,1,0,9,9,0.333333333,4,1,7.8285,9.749451949,NODE_5959,5959,FALSE,NOT_IN_FINAL_237,,,,,,,,,,,,NOT_IN_RESTORED_237,FALSE
LINK_255224,126.9753872,37.55694178,¨ëë¬¸ë_5ê°,__,3,104,50,0.294659686,0,17.039,0,0,0,0,0,0,0,4.25975,9.733559482,LINK_255224,255224,FALSE,NOT_IN_FINAL_237,,,,,,,,,,,,NOT_IN_RESTORED_237,FALSE
LINK_43316,126.9755608,37.55701083,¨ëë¬¸ë_5ê°,__,3,104,50,0.294659686,0,17.256,0,0,0,0,0,0,0,4.314,9.727407862,LINK_43316,43316,FALSE,NOT_IN_FINAL_237,,,,,,,,,,,,NOT_IN_RESTORED_237,FALSE
LINK_189134,126.9897752,37.56611135,_ë¡2ê°,ëª__,1,104,30,0.235762762,0,29.392,1,0,0,0,0,0,0,7.348,9.719350347,LINK_189134,189134,FALSE,NOT_IN_FINAL_237,,,,,,,,,,,,NOT_IN_RESTORED_237,FALSE
NODE_6942,126.9970267,37.56437591,¸í_2ê°,ê´__,1,104,30,0.180155918,0,10.438,1,0,0,1,0,2,0,2.6095,9.712432909,NODE_6942,6942,FALSE,NOT_IN_FINAL_237,,,,,,,,,,,,NOT_IN_RESTORED_237,FALSE
NODE_7342,127.0027579,37.56456586,_¦¼,ê´__,1,104,30,0.180155918,0,10.438,1,0,0,0,0,2,0,2.6095,9.712432909,NODE_7342,7342,FALSE,NOT_IN_FINAL_237,,,,,,,,,,,,NOT_IN_RESTORED_237,FALSE
NODE_7349,127.0026372,37.56481532,_¦¼,ê´__,1,104,30,0.180155918,0,10.438,1,0,0,0,0,2,0,2.6095,9.712432909,NODE_7349,7349,FALSE,NOT_IN_FINAL_237,,,,,,,,,,,,NOT_IN_RESTORED_237,FALSE
NODE_6941,126.9970382,37.56422258,¸í_2ê°,ê´__,1,104,30,0.180155918,0,10.438,1,0,0,1,0,2,0,2.6095,9.712432909,NODE_6941,6941,FALSE,NOT_IN_FINAL_237,,,,,,,,,,,,NOT_IN_RESTORED_237,FALSE
NODE_7343,127.0027407,37.56474208,_¦¼,ê´__,1,104,30,0.180155918,0,10.438,1,0,0,0,0,2,0,2.6095,9.712432909,NODE_7343,7343,FALSE,NOT_IN_FINAL_237,,,,,,,,,,,,NOT_IN_RESTORED_237,FALSE
LINK_211702,127.0192382,37.57096516,©í_,©í_,2,104,30,0.17178133,0,22.097,1,12,27,76,0.407407407,0,0,5.52425,9.711081939,LINK_211702,211702,FALSE,NOT_IN_FINAL_237,,,,,,,,,,,,NOT_IN_RESTORED_237,FALSE
LINK_150250,126.9713085,37.55977133,__,_³µ,2,104,50,0.097727273,0,45.705,1,0,0,0,0,0,0,11.42625,9.700692152,LINK_150250,150250,FALSE,NOT_IN_FINAL_237,,,,,,,,,,,,NOT_IN_RESTORED_237,FALSE
LINK_187335,127.0043289,37.56665549,_ë¡6ê°,ê´__,2,104,30,0.180155918,0,27.057,1,0,0,0,0,0,0,6.76425,9.697716099,LINK_187335,187335,FALSE,NOT_IN_FINAL_237,,,,,,,,,,,,NOT_IN_RESTORED_237,FALSE
LINK_250282,126.9981119,37.56874011,ì£¼ê_,_ë¡__,2,104,30,0.155859607,0,14.602,1,4,6,20,0,0,0,3.6505,9.681811849,LINK_250282,250282,FALSE,NOT_IN_FINAL_237,,,,,,,,,,,,NOT_IN_RESTORED_237,FALSE
LINK_104438,127.0022895,37.56949989,ë°©ì_,_ë¡__,2,104,30,0.155859607,0,15.809,1,4,9,51,0.333333333,0,0,3.95225,9.647826174,LINK_104438,104438,FALSE,NOT_IN_FINAL_237,,,,,,,,,,,,NOT_IN_RESTORED_237,FALSE
NODE_6704,126.9900851,37.56493851,2ê°,_ë¡__,1,104,30,0.155859607,0,10.438,1,0,0,0,0,4,0,2.6095,9.644151196,NODE_6704,6704,FALSE,NOT_IN_FINAL_237,,,,,,,,,,,,NOT_IN_RESTORED_237,FALSE
NODE_6686,126.9930205,37.56445584,ì´__,_ë¡__,1,104,30,0.155859607,0,10.438,1,0,0,0,0,4,0,2.6095,9.644151196,NODE_6686,6686,TRUE,phase6_ready_candidates_total_FINAL_237.csv,TRUE,TRUE,TRUE,[16],TRUE,TRUE,,,,,NODE_6686,RESTORED_SIGNAL_STRUCTURE_OK,FALSE
NODE_6701,126.9898407,37.56496595,2ê°,_ë¡__,1,104,30,0.155859607,0,10.438,1,0,0,0,0,4,0,2.6095,9.644151196,NODE_6701,6701,FALSE,NOT_IN_FINAL_237,,,,,,,,,,,,NOT_IN_RESTORED_237,FALSE
NODE_6703,126.9897861,37.56492475,2ê°,_ë¡__,1,104,30,0.155859607,0,10.438,1,0,0,0,0,4,0,2.6095,9.644151196,NODE_6703,6703,FALSE,NOT_IN_FINAL_237,,,,,,,,,,,,NOT_IN_RESTORED_237,FALSE
NODE_6685,126.9931326,37.56445356,¸í_1ê°,_ë¡__,1,104,30,0.155859607,0,10.438,1,0,0,0,0,4,0,2.6095,9.644151196,NODE_6685,6685,TRUE,phase6_ready_candidates_total_FINAL_237.csv,TRUE,TRUE,TRUE,[16],TRUE,TRUE,,,,,NODE_6685,RESTORED_SIGNAL_STRUCTURE_OK,FALSE
NODE_6684,126.993147,37.56431396,¸í_1ê°,_ë¡__,1,104,30,0.155859607,0,10.438,1,0,0,0,0,4,0,2.6095,9.644151196,NODE_6684,6684,TRUE,phase6_ready_candidates_total_FINAL_237.csv,TRUE,TRUE,TRUE,[16],TRUE,TRUE,,,,,NODE_6684,RESTORED_SIGNAL_STRUCTURE_OK,FALSE
NODE_6705,126.99018,37.56466618,2ê°,_ë¡__,1,104,30,0.155859607,0,10.438,1,0,0,0,0,4,0,2.6095,9.644151196,NODE_6705,6705,FALSE,NOT_IN_FINAL_237,,,,,,,,,,,,NOT_IN_RESTORED_237,FALSE
NODE_6710,126.9902001,37.56487673,2ê°,_ë¡__,1,104,30,0.155859607,0,10.438,1,0,0,0,0,4,0,2.6095,9.644151196,NODE_6710,6710,FALSE,NOT_IN_FINAL_237,,,,,,,,,,,,NOT_IN_RESTORED_237,FALSE
NODE_23053,126.9898635,37.56635509,_ë¡3ê°,_ë¡__,1,104,30,0.155859607,0,10.438,1,0,0,0,0,4,0,2.6095,9.644151196,NODE_23053,23053,TRUE,phase6_ready_candidates_total_FINAL_237.csv,TRUE,TRUE,TRUE,[11],TRUE,TRUE,,,,,NODE_23053,RESTORED_SIGNAL_STRUCTURE_OK,FALSE
NODE_6702,126.9898551,37.56500257,2ê°,_ë¡__,1,104,30,0.155859607,0,10.438,1,0,0,0,0,4,0,2.6095,9.644151196,NODE_6702,6702,FALSE,NOT_IN_FINAL_237,,,,,,,,,,,,NOT_IN_RESTORED_237,FALSE
NODE_6706,126.9900333,37.5650186,2ê°,_ë¡__,1,104,30,0.155859607,0,10.438,1,0,0,0,0,4,0,2.6095,9.644151196,NODE_6706,6706,FALSE,NOT_IN_FINAL_237,,,,,,,,,,,,NOT_IN_RESTORED_237,FALSE
NODE_6682,126.9930866,37.56430022,¸í_1ê°,_ë¡__,1,104,30,0.155859607,0,10.438,1,0,0,0,0,4,0,2.6095,9.644151196,NODE_6682,6682,TRUE,phase6_ready_candidates_total_FINAL_237.csv,TRUE,TRUE,TRUE,[16],TRUE,TRUE,,,,,NODE_6682,RESTORED_SIGNAL_STRUCTURE_OK,FALSE
NODE_9714,126.9898293,37.56472337,2ê°,_ë¡__,1,104,30,0.155859607,0,10.438,1,0,0,0,0,4,0,2.6095,9.644151196,NODE_9714,9714,FALSE,NOT_IN_FINAL_237,,,,,,,,,,,,NOT_IN_RESTORED_237,FALSE
NODE_21874,126.9756481,37.55704554,¨ëë¬¸ë_5ê°,__,3,104,50,0.294659686,0,31.314,0,0,0,0,0,2,0,7.8285,9.629810048,NODE_21874,21874,FALSE,NOT_IN_FINAL_237,,,,,,,,,,,,NOT_IN_RESTORED_237,FALSE
NODE_5863,126.9754734,37.55697612,¨ëë¬¸ë_5ê°,__,3,104,50,0.294659686,0,31.314,0,0,0,0,0,2,0,7.8285,9.629810048,NODE_5863,5863,FALSE,NOT_IN_FINAL_237,,,,,,,,,,,,NOT_IN_RESTORED_237,FALSE
NODE_9444,127.023233,37.56803297,©í_,©í_,1,104,30,0.17178133,0,10.438,1,2,5,14,0.6,2,0,2.6095,9.586288531,NODE_9444,9444,FALSE,NOT_IN_FINAL_237,,,,,,,,,,,,NOT_IN_RESTORED_237,FALSE
NODE_9076,127.0179558,37.56832682,©í_,©í_,1,104,30,0.17178133,0,10.438,1,0,0,0,0,2,0,2.6095,9.586288531,NODE_9076,9076,FALSE,NOT_IN_FINAL_237,,,,,,,,,,,,NOT_IN_RESTORED_237,FALSE
NODE_72235,127.017996,37.56817349,©í_,©í_,1,104,30,0.17178133,0,10.438,1,0,0,0,0,2,0,2.6095,9.586288531,NODE_72235,72235,FALSE,NOT_IN_FINAL_237,,,,,,,,,,,,NOT_IN_RESTORED_237,FALSE
LINK_89744,126.9932135,37.56121906,__1ê°,__,3,104,50,0.183827697,0,52.555,1,0,0,0,0,0,1,13.13875,9.54312197,LINK_89744,89744,FALSE,NOT_IN_FINAL_237,,,,,,,,,,,,NOT_IN_RESTORED_237,FALSE
LINK_188293,126.9925398,37.56817662,__,_ë¡__,2,104,30,0.155859607,0,20.209,1,9,10,30,0.6,0,0,5.05225,9.52494173,LINK_188293,188293,TRUE,phase6_ready_candidates_total_FINAL_237.csv,TRUE,TRUE,TRUE,[2],TRUE,TRUE,,,,,LINK_188293,RESTORED_SIGNAL_STRUCTURE_OK,FALSE
LINK_14818,126.9830182,37.56580615,¨ëë¬¸ë_2ê°,_³µ,1,104,50,0.097727273,0,25.352,1,0,0,0,0,0,0,6.338,9.523095788,LINK_14818,14818,FALSE,NOT_IN_FINAL_237,,,,,,,,,,,,NOT_IN_RESTORED_237,FALSE
LINK_110765,126.9978265,37.56869412,ì£¼ê_,_ë¡__,2,104,30,0.155859607,0,20.47,1,4,6,18,0,0,0,5.1175,9.517701821,LINK_110765,110765,FALSE,NOT_IN_FINAL_237,,,,,,,,,,,,NOT_IN_RESTORED_237,FALSE
LINK_137452,127.0018266,37.56944612,ë°©ì_,_ë¡__,2,104,30,0.155859607,0,22.434,1,2,8,50,0.375,0,0,5.6085,9.463398418,LINK_137452,137452,FALSE,NOT_IN_FINAL_237,,,,,,,,,,,,NOT_IN_RESTORED_237,FALSE
LINK_116154,126.9651705,37.55897326,ì¤_¦¼,ì¤_¦¼,1,104,30,0.190199131,0,16.244,1,0,1,39,1,0,0,4.061,9.405526166,LINK_116154,116154,TRUE,phase6_ready_candidates_total_FINAL_237.csv,TRUE,TRUE,TRUE,[7],TRUE,TRUE,,,,,LINK_116154,RESTORED_SIGNAL_STRUCTURE_OK,FALSE
LINK_16484,126.973908,37.55980053,ë´__1ê°,_³µ,1,104,50,0.097727273,0,31.362,1,0,0,0,0,0,0,7.8405,9.357803944,LINK_16484,16484,FALSE,NOT_IN_FINAL_237,,,,,,,,,,,,NOT_IN_RESTORED_237,FALSE
NODE_9697,126.9874398,37.56697219,¥ê_,ëª__,4,104,50,0.235762762,0,41.752,0,0,0,25,0,3,0,10.438,9.353240292,NODE_9697,9697,TRUE,phase6_ready_candidates_total_FINAL_237.csv,TRUE,TRUE,TRUE,[6],TRUE,TRUE,,,,,NODE_9697,RESTORED_SIGNAL_STRUCTURE_OK,FALSE
NODE_5907,126.9792037,37.56885272,ë¬´ê_,ëª__,2,104,30,0.235762762,0,20.876,1,1,3,50,0.333333333,4,1,5.219,9.2984505,NODE_5907,5907,FALSE,NOT_IN_FINAL_237,,,,,,,,,,,,NOT_IN_RESTORED_237,FALSE
NODE_31145,126.9792258,37.56904369,ë¬´ê_,ëª__,2,104,30,0.235762762,0,20.876,1,2,4,61,0.25,4,1,5.219,9.2984505,NODE_31145,31145,FALSE,NOT_IN_FINAL_237,,,,,,,,,,,,NOT_IN_RESTORED_237,FALSE
LINK_138395,126.9979461,37.56870257,ì£¼ê_,_ë¡__,2,104,30,0.155859607,0,28.989,1,4,7,18,0,0,0,7.24725,9.284389408,LINK_138395,138395,FALSE,NOT_IN_FINAL_237,,,,,,,,,,,,NOT_IN_RESTORED_237,FALSE
LINK_73341,126.997948,37.56869663,ì£¼ê_,_ë¡__,2,104,30,0.155859607,0,29.679,1,4,7,18,0,0,0,7.41975,9.265744453,LINK_73341,73341,FALSE,NOT_IN_FINAL_237,,,,,,,,,,,,NOT_IN_RESTORED_237,FALSE
LINK_209032,126.9970325,37.56429925,¸í_2ê°,ê´__,1,104,30,0.180155918,0,17.048,1,0,0,1,0,0,0,4.262,9.23755527,LINK_209032,209032,FALSE,NOT_IN_FINAL_237,,,,,,,,,,,,NOT_IN_RESTORED_237,FALSE
NODE_5966,126.97751,37.56468271,__ë¡2ê°,_³µ,2,104,30,0.097727273,0,20.876,1,1,2,3,0,4,0,5.219,9.234702857,NODE_5966,5966,FALSE,NOT_IN_FINAL_237,,,,,,,,,,,,NOT_IN_RESTORED_237,FALSE
NODE_5925,126.9777173,37.56397559,__ë¡2ê°,_³µ,2,104,30,0.097727273,0,20.876,1,0,2,3,0.5,4,0,5.219,9.234702857,NODE_5925,5925,FALSE,NOT_IN_FINAL_237,,,,,,,,,,,,NOT_IN_RESTORED_237,FALSE
LINK_130177,127.0191211,37.57080513,©í_,©í_,1,104,30,0.17178133,0,13.014,1,4,25,66,0.44,0,0,3.2535,9.225365298,LINK_130177,130177,FALSE,NOT_IN_FINAL_237,,,,,,,,,,,,NOT_IN_RESTORED_237,FALSE
LINK_196213,127.0192505,37.57086118,©í_,©í_,1,104,30,0.17178133,0,13.03,1,2,25,68,0.44,0,0,3.2575,9.224935278,LINK_196213,196213,FALSE,NOT_IN_FINAL_237,,,,,,,,,,,,NOT_IN_RESTORED_237,FALSE
LINK_155216,126.9986381,37.56437136,_,ê´__,1,104,30,0.180155918,0,17.845,1,1,1,1,0,0,0,4.46125,9.216130971,LINK_155216,155216,FALSE,NOT_IN_FINAL_237,,,,,,,,,,,,NOT_IN_RESTORED_237,FALSE
LINK_1149,127.0021427,37.5646208,¤ì_,ê´__,1,104,30,0.180155918,0,17.961,1,0,0,0,0,0,0,4.49025,9.2130169,LINK_1149,1149,FALSE,NOT_IN_FINAL_237,,,,,,,,,,,,NOT_IN_RESTORED_237,FALSE
LINK_28118,126.995989,37.56153009,ì¶©ë¬´ë¡4ê°,ê´__,1,104,30,0.180155918,0,18.004,1,0,0,0,0,0,0,4.501,9.211862813,LINK_28118,28118,FALSE,NOT_IN_FINAL_237,,,,,,,,,,,,NOT_IN_RESTORED_237,FALSE
LINK_135150,126.9984621,37.56310809,ì¶©ë¬´ë¡4ê°,ê´__,1,104,30,0.180155918,0,19.093,1,0,0,1,0,0,0,4.77325,9.182683037,LINK_135150,135150,FALSE,NOT_IN_FINAL_237,,,,,,,,,,,,NOT_IN_RESTORED_237,FALSE
LINK_243810,127.0027493,37.56465397,_¦¼,ê´__,1,104,30,0.180155918,0,19.617,1,0,0,0,0,0,0,4.90425,9.168675403,LINK_243810,243810,FALSE,NOT_IN_FINAL_237,,,,,,,,,,,,NOT_IN_RESTORED_237,FALSE
LINK_257409,127.0162235,37.56801126,¥ì_,__,1,104,30,0.199819779,0,30.333,1,0,0,1,0,0,0,7.58325,9.163874902,LINK_257409,257409,TRUE,phase6_ready_candidates_total_FINAL_237.csv,TRUE,TRUE,TRUE,[2],TRUE,TRUE,,,,,LINK_257409,RESTORED_SIGNAL_STRUCTURE_OK,FALSE
NODE_5962,126.979042,37.56625979,_ë¡1ê°,ëª__,2,104,30,0.235762762,0,20.876,1,0,9,10,0.333333333,3,1,5.219,9.156020909,NODE_5962,5962,FALSE,NOT_IN_FINAL_237,,,,,,,,,,,,NOT_IN_RESTORED_237,FALSE
LINK_207236,127.019747,37.56836659,©í_,©í_,1,104,30,0.17178133,0,16.034,1,0,0,0,0,0,0,4.0085,9.144553135,LINK_207236,207236,TRUE,phase6_ready_candidates_total_FINAL_237.csv,TRUE,TRUE,TRUE,[2],TRUE,TRUE,,,,,LINK_207236,RESTORED_SIGNAL_STRUCTURE_OK,FALSE
LINK_110719,126.9656493,37.55409609,ë§_¦¬2ê°,ì¤_¦¼,1,104,30,0.190199131,0,26.924,1,1,2,6,0,0,0,6.731,9.117381397,LINK_110719,110719,FALSE,NOT_IN_FINAL_237,,,,,,,,,,,,NOT_IN_RESTORED_237,FALSE
LINK_125027,127.0179759,37.56825016,©í_,©í_,1,104,30,0.17178133,0,17.386,1,0,0,0,0,0,0,4.3465,9.10860474,LINK_125027,125027,TRUE,phase6_ready_candidates_total_FINAL_237.csv,TRUE,TRUE,TRUE,[2],TRUE,TRUE,,,,,LINK_125027,RESTORED_SIGNAL_STRUCTURE_OK,FALSE
LINK_208146,127.0232581,37.57152565,©í_,©í_,1,104,30,0.17178133,0,18.128,1,8,23,97,0.565217391,0,0,4.532,9.088935762,LINK_208146,208146,FALSE,NOT_IN_FINAL_237,,,,,,,,,,,,NOT_IN_RESTORED_237,FALSE
LINK_258928,127.0232416,37.56794715,©í_,©í_,1,104,30,0.17178133,0,19.111,1,2,4,14,0.5,0,0,4.77775,9.062943733,LINK_258928,258928,TRUE,phase6_ready_candidates_total_FINAL_237.csv,TRUE,TRUE,TRUE,[2],TRUE,TRUE,,,,,LINK_258928,RESTORED_SIGNAL_STRUCTURE_OK,FALSE
LINK_181021,126.9981278,37.56436106,_,ê´__,1,104,30,0.180155918,0,23.861,1,1,1,1,0,0,0,5.96525,9.056008796,LINK_181021,181021,FALSE,NOT_IN_FINAL_237,,,,,,,,,,,,NOT_IN_RESTORED_237,FALSE
LINK_92227,127.0036237,37.55532321,¥ì¶©2ê°,__,1,104,40,0.183827697,0,59.536,1,0,0,0,0,0,0,14.884,8.996903289,LINK_92227,92227,FALSE,NOT_IN_FINAL_237,,,,,,,,,,,,NOT_IN_RESTORED_237,FALSE
LINK_231550,126.9985074,37.56213146,ì¶©ë¬´ë¡5ê°,__,1,104,30,0.183827697,0,30.531,1,0,0,0,0,0,0,7.63275,8.932783929,LINK_231550,231550,TRUE,phase6_ready_candidates_total_FINAL_237.csv,TRUE,TRUE,TRUE,[9],TRUE,TRUE,,,,,LINK_231550,RESTORED_SIGNAL_STRUCTURE_OK,FALSE
LINK_64757,126.9931398,37.56438376,¸í_1ê°,_ë¡__,1,104,30,0.155859607,0,15.546,1,0,0,0,0,0,0,3.8865,8.932763442,LINK_64757,64757,TRUE,phase6_ready_candidates_total_FINAL_237.csv,TRUE,TRUE,TRUE,[16],TRUE,TRUE,,,,,LINK_64757,RESTORED_SIGNAL_STRUCTURE_OK,FALSE
LINK_41337,126.9899442,37.56501059,2ê°,_ë¡__,1,104,30,0.155859607,0,15.848,1,0,0,0,0,0,0,3.962,8.924907521,LINK_41337,41337,FALSE,NOT_IN_FINAL_237,,,,,,,,,,,,NOT_IN_RESTORED_237,FALSE
LINK_141309,127.0195796,37.56567645,©í_,©í_,1,104,30,0.17178133,0,24.574,1,0,0,0,0,0,0,6.1435,8.919842172,LINK_141309,141309,FALSE,NOT_IN_FINAL_237,,,,,,,,,,,,NOT_IN_RESTORED_237,FALSE
LINK_43356,127.0197866,37.56568099,©í_,©í_,1,104,30,0.17178133,0,25.446,1,0,0,0,0,0,0,6.3615,8.897210457,LINK_43356,43356,FALSE,NOT_IN_FINAL_237,,,,,,,,,,,,NOT_IN_RESTORED_237,FALSE
NODE_119056,126.9687002,37.5636234,_£¼ë¡1ê°,_³µ,1,104,30,0.097727273,0,10.438,1,5,7,30,0.428571429,4,0,2.6095,8.807513269,NODE_119056,119056,FALSE,NOT_IN_FINAL_237,,,,,,,,,,,,NOT_IN_RESTORED_237,FALSE
LINK_246134,126.9898077,37.56482406,2ê°,_ë¡__,1,104,30,0.155859607,0,22.674,1,0,0,0,0,0,0,5.6685,8.749174169,LINK_246134,246134,FALSE,NOT_IN_FINAL_237,,,,,,,,,,,,NOT_IN_RESTORED_237,FALSE
LINK_41242,126.9901901,37.56477146,2ê°,_ë¡__,1,104,30,0.155859607,0,23.436,1,0,0,0,0,0,0,5.859,8.729772664,LINK_41242,41242,FALSE,NOT_IN_FINAL_237,,,,,,,,,,,,NOT_IN_RESTORED_237,FALSE
LINK_64827,127.0045463,37.5667319,_ë¡6ê°,ê´__,1,104,30,0.180155918,0,37.147,1,0,0,0,0,0,0,9.28675,8.712175101,LINK_64827,64827,TRUE,phase6_ready_candidates_total_FINAL_237.csv,TRUE,TRUE,TRUE,[5],TRUE,TRUE,,,,,LINK_64827,RESTORED_SIGNAL_STRUCTURE_OK,FALSE
NODE_23046,126.9738806,37.55994012,ë´__1ê°,_³µ,1,104,30,0.097727273,0,10.438,1,0,0,0,0,3,0,2.6095,8.672603639,NODE_23046,23046,TRUE,phase6_ready_candidates_total_FINAL_237.csv,TRUE,TRUE,TRUE,[9],TRUE,TRUE,,,,,NODE_23046,RESTORED_SIGNAL_STRUCTURE_OK,FALSE
NODE_179104,126.9729349,37.55985752,ë´__1ê°,_³µ,1,104,30,0.097727273,0,10.438,1,0,0,0,0,3,0,2.6095,8.672603639,NODE_179104,179104,FALSE,NOT_IN_FINAL_237,,,,,,,,,,,,NOT_IN_RESTORED_237,FALSE
NODE_6651,126.9922898,37.56825356,__,_ë¡__,3,104,30,0.155859607,0,31.314,1,10,11,35,0.636363636,4,1,7.8285,8.606171842,NODE_6651,6651,FALSE,NOT_IN_FINAL_237,,,,,,,,,,,,NOT_IN_RESTORED_237,FALSE
LINK_137776,126.9900046,37.56469478,2ê°,_ë¡__,1,104,30,0.155859607,0,31.632,1,0,0,0,0,0,0,7.908,8.52379244,LINK_137776,137776,FALSE,NOT_IN_FINAL_237,,,,,,,,,,,,NOT_IN_RESTORED_237,FALSE
LINK_41280,126.9899572,37.56483094,2ê°,_ë¡__,1,104,30,0.155859607,0,32.88,1,0,0,0,0,0,0,8.22,8.492857197,LINK_41280,41280,FALSE,NOT_IN_FINAL_237,,,,,,,,,,,,NOT_IN_RESTORED_237,FALSE
LINK_119141,126.9983499,37.56434754,_,ê´__,1,104,30,0.180155918,0,48.193,1,1,1,1,0,0,0,12.04825,8.436271286,LINK_119141,119141,FALSE,NOT_IN_FINAL_237,,,,,,,,,,,,NOT_IN_RESTORED_237,FALSE
LINK_39038,126.9928856,37.56433399,ì´__,_ë¡__,1,104,30,0.155859607,0,36.779,1,0,0,0,0,0,0,9.19475,8.396930801,LINK_39038,39038,TRUE,phase6_ready_candidates_total_FINAL_237.csv,TRUE,TRUE,TRUE,[16],TRUE,TRUE,,,,,LINK_39038,RESTORED_SIGNAL_STRUCTURE_OK,FALSE
LINK_214921,126.980944,37.56886111,¤ë_,ëª__,2,104,50,0.235762762,0,10.433,0,2,5,89,0.6,0,0,2.60825,8.373837642,LINK_214921,214921,FALSE,NOT_IN_FINAL_237,,,,,,,,,,,,NOT_IN_RESTORED_237,FALSE
LINK_62982,126.975837,37.55978721,¨ì°½,__,1,104,50,0.294659686,0,16.518,0,0,0,0,0,0,0,4.1295,8.344072845,LINK_62982,62982,FALSE,NOT_IN_FINAL_237,,,,,,,,,,,,NOT_IN_RESTORED_237,FALSE
LINK_165081,126.9779358,37.56383718,ë¶_°½,_³µ,4,104,30,0.097727273,0,19.853,1,0,2,3,0.5,0,1,4.96325,8.257747897,LINK_165081,165081,FALSE,NOT_IN_FINAL_237,,,,,,,,,,,,NOT_IN_RESTORED_237,FALSE
LINK_262775,126.9928938,37.56441223,¸í_1ê°,_ë¡__,1,104,30,0.155859607,0,43.114,1,0,0,0,0,0,0,10.7785,8.243376846,LINK_262775,262775,TRUE,phase6_ready_candidates_total_FINAL_237.csv,TRUE,TRUE,TRUE,[16],TRUE,TRUE,,,,,LINK_262775,RESTORED_SIGNAL_STRUCTURE_OK,FALSE
NODE_5928,126.9772457,37.56404416,__ë¡2ê°,_³µ,4,104,30,0.097727273,0,41.752,1,1,2,3,0.5,4,1,10.438,8.240791552,NODE_5928,5928,FALSE,NOT_IN_FINAL_237,,,,,,,,,,,,NOT_IN_RESTORED_237,FALSE
LINK_60054,126.9900104,37.56481607,2ê°,_ë¡__,1,104,30,0.155859607,0,44.783,1,0,0,0,0,0,0,11.19575,8.203391449,LINK_60054,60054,FALSE,NOT_IN_FINAL_237,,,,,,,,,,,,NOT_IN_RESTORED_237,FALSE
LINK_25908,126.9687409,37.56356782,_£¼ë¡1ê°,_³µ,1,104,30,0.097727273,0,14.286,1,6,7,31,0.428571429,0,0,3.5715,8.187840162,LINK_25908,25908,FALSE,NOT_IN_FINAL_237,,,,,,,,,,,,NOT_IN_RESTORED_237,FALSE
NODE_21803,127.0100258,37.56452657,ê´__2ê°,ê´__,3,104,50,0.180155918,0,31.314,0,0,0,0,0,3,0,7.8285,8.178881564,NODE_21803,21803,FALSE,NOT_IN_FINAL_237,,,,,,,,,,,,NOT_IN_RESTORED_237,FALSE
LINK_280415,126.9902223,37.55994895,__,ëª__,2,104,50,0.235762762,0,20.585,0,0,0,0,0,0,0,5.14625,8.129795474,LINK_280415,280415,FALSE,NOT_IN_FINAL_237,,,,,,,,,,,,NOT_IN_RESTORED_237,FALSE
NODE_6829,126.9902539,37.56003821,¨í_,__,2,104,50,0.183827697,0,20.876,0,0,0,0,0,4,0,5.219,7.967413973,NODE_6829,6829,FALSE,NOT_IN_FINAL_237,,,,,,,,,,,,NOT_IN_RESTORED_237,FALSE
LINK_133399,126.9787449,37.56453304,_³µ,_³µ,4,104,50,0.097727273,0,12.756,0,0,1,3,0,0,0,3.189,7.833525197,LINK_133399,133399,FALSE,NOT_IN_FINAL_237,,,,,,,,,,,,NOT_IN_RESTORED_237,FALSE
NODE_8062,127.011425,37.56789968,__,ì²µ¬,2,104,40,0.247846802,0,20.876,0,0,0,0,0,2,0,5.219,7.789441436,NODE_8062,8062,TRUE,phase6_ready_candidates_total_FINAL_237.csv,TRUE,TRUE,TRUE,[4],TRUE,TRUE,,,,,NODE_8062,RESTORED_SIGNAL_STRUCTURE_OK,FALSE
NODE_6822,126.9930723,37.56354215,ì´__,_ë¡__,3,104,50,0.155859607,0,31.314,0,0,0,0,0,2,0,7.8285,7.753869275,NODE_6822,6822,FALSE,NOT_IN_FINAL_237,,,,,,,,,,,,NOT_IN_RESTORED_237,FALSE
NODE_5590,126.964065,37.55924412,ì¤_¦¼,ì¤_¦¼,1,104,50,0.190199131,1,10.438,0,11,20,53,0.7,4,0,2.6095,7.6748035,NODE_5590,5590,FALSE,NOT_IN_FINAL_237,,,,,,,,,,,,NOT_IN_RESTORED_237,FALSE
NODE_214526,126.9900814,37.56024242,ì£¼ì_,__,1,104,50,0.183827697,0,10.438,0,0,0,0,0,4,0,2.6095,7.598848102,NODE_214526,214526,FALSE,NOT_IN_FINAL_237,,,,,,,,,,,,NOT_IN_RESTORED_237,FALSE
NODE_6831,126.9903143,37.56013891,¨í_,__,1,104,50,0.183827697,0,10.438,0,0,0,0,0,4,0,2.6095,7.598848102,NODE_6831,6831,FALSE,NOT_IN_FINAL_237,,,,,,,,,,,,NOT_IN_RESTORED_237,FALSE
LINK_260247,127.0114807,37.56797534,__,ì²µ¬,2,104,40,0.247846802,0,19.368,0,0,0,0,0,0,0,4.842,7.585893001,LINK_260247,260247,TRUE,phase6_ready_candidates_total_FINAL_237.csv,TRUE,TRUE,TRUE,[4],TRUE,TRUE,,,,,LINK_260247,RESTORED_SIGNAL_STRUCTURE_OK,FALSE
NODE_14951,126.9684599,37.5573253,ì¤_¦¼,ì¤_¦¼,1,104,50,0.190199131,0,10.438,0,0,1,2,0,3,0,2.6095,7.557244222,NODE_14951,14951,TRUE,phase6_ready_candidates_total_FINAL_237.csv,TRUE,TRUE,TRUE,[16],TRUE,TRUE,,,,,NODE_14951,RESTORED_SIGNAL_STRUCTURE_OK,FALSE
NODE_15151,126.9683852,37.55724975,ë§_¦¬1ê°,ì¤_¦¼,1,104,50,0.190199131,0,10.438,0,0,1,2,0,3,0,2.6095,7.557244222,NODE_15151,15151,TRUE,phase6_ready_candidates_total_FINAL_237.csv,TRUE,TRUE,TRUE,[16],TRUE,TRUE,,,,,NODE_15151,RESTORED_SIGNAL_STRUCTURE_OK,FALSE
NODE_8609,127.0121469,37.56949128,__,ì²µ¬,1,104,40,0.247846802,0,10.438,0,3,18,40,0.333333333,3,0,2.6095,7.544674443,NODE_8609,8609,FALSE,NOT_IN_FINAL_237,,,,,,,,,,,,NOT_IN_RESTORED_237,FALSE
NODE_8612,127.012259,37.56949356,__,ì²µ¬,1,104,40,0.247846802,0,10.438,0,3,19,35,0.315789474,3,0,2.6095,7.544674443,NODE_8612,8612,FALSE,NOT_IN_FINAL_237,,,,,,,,,,,,NOT_IN_RESTORED_237,FALSE
NODE_6830,126.9901907,37.5598597,__,ëª__,3,104,30,0.235762762,0,31.314,0,0,0,0,0,4,0,7.8285,7.541992905,NODE_6830,6830,FALSE,NOT_IN_FINAL_237,,,,,,,,,,,,NOT_IN_RESTORED_237,FALSE
NODE_5926,126.9779674,37.563923,_³µ,_³µ,2,104,30,0.097727273,0,20.876,1,0,2,3,0.5,4,1,5.219,7.496001928,NODE_5926,5926,FALSE,NOT_IN_FINAL_237,,,,,,,,,,,,NOT_IN_RESTORED_237,FALSE
NODE_5930,126.9774439,37.56459802,__ë¡2ê°,_³µ,2,104,30,0.097727273,0,20.876,1,1,2,3,0,4,1,5.219,7.496001928,NODE_5930,5930,FALSE,NOT_IN_FINAL_237,,,,,,,,,,,,NOT_IN_RESTORED_237,FALSE
LINK_239353,127.0066666,37.56622947,_ë¡6ê°,ê´__,1,104,10,0.180155918,0,26.451,1,0,0,0,0,0,0,6.61275,7.482550433,LINK_239353,239353,FALSE,NOT_IN_FINAL_237,,,,,,,,,,,,NOT_IN_RESTORED_237,FALSE
NODE_214528,126.99056,37.56098797,¨í_,__,1,104,50,0.183827697,0,10.438,0,0,0,0,0,3,0,2.6095,7.482452276,NODE_214528,214528,FALSE,NOT_IN_FINAL_237,,,,,,,,,,,,NOT_IN_RESTORED_237,FALSE
NODE_214527,126.9903573,37.56102512,ì£¼ì_,__,1,104,50,0.183827697,0,10.438,0,0,0,0,0,3,0,2.6095,7.482452276,NODE_214527,214527,FALSE,NOT_IN_FINAL_237,,,,,,,,,,,,NOT_IN_RESTORED_237,FALSE
NODE_8606,127.0122934,37.56897406,__,ì²µ¬,1,104,40,0.247846802,0,10.438,0,0,1,28,1,2,0,2.6095,7.429108425,NODE_8606,8606,TRUE,phase6_ready_candidates_total_FINAL_237.csv,TRUE,TRUE,TRUE,[16],TRUE,TRUE,,,,,NODE_8606,RESTORED_SIGNAL_STRUCTURE_OK,FALSE
NODE_8607,127.0121698,37.56896263,__,ì²µ¬,1,104,40,0.247846802,0,10.438,0,0,0,28,0,2,0,2.6095,7.429108425,NODE_8607,8607,TRUE,phase6_ready_candidates_total_FINAL_237.csv,TRUE,TRUE,TRUE,[16],TRUE,TRUE,,,,,NODE_8607,RESTORED_SIGNAL_STRUCTURE_OK,FALSE
LINK_74874,127.0209298,37.56578334,©í_,©í_,3,104,50,0.17178133,0,44.266,0,0,0,0,0,0,0,11.0665,7.421937918,LINK_74874,74874,FALSE,NOT_IN_FINAL_237,,,,,,,,,,,,NOT_IN_RESTORED_237,FALSE
NODE_8438,127.0114861,37.55414336,__,ì²µ¬,2,104,30,0.247846802,0,20.876,0,0,0,0,0,4,0,5.219,7.330082315,NODE_8438,8438,TRUE,phase6_ready_candidates_total_FINAL_237.csv,TRUE,TRUE,TRUE,[9],TRUE,TRUE,,,,,NODE_8438,RESTORED_SIGNAL_STRUCTURE_OK,FALSE
LINK_114760,127.0124934,37.56970179,__,ì²µ¬,2,104,30,0.247846802,0,3.302,0,13,22,38,0.318181818,0,0,0.8255,7.253194016,LINK_114760,114760,TRUE,phase6_ready_candidates_total_FINAL_237.csv,TRUE,TRUE,TRUE,[1],TRUE,TRUE,,,,,LINK_114760,RESTORED_SIGNAL_STRUCTURE_OK,FALSE
LINK_93982,126.977477,37.56464036,__ë¡2ê°,_³µ,2,104,30,0.097727273,0,11.066,1,1,2,3,0,0,1,2.7665,7.251480046,LINK_93982,93982,FALSE,NOT_IN_FINAL_237,,,,,,,,,,,,NOT_IN_RESTORED_237,FALSE
LINK_265448,127.0124517,37.56970294,__,ì²µ¬,2,104,30,0.247846802,0,4.072,0,12,22,38,0.318181818,0,0,1.018,7.236941211,LINK_265448,265448,TRUE,phase6_ready_candidates_total_FINAL_237.csv,TRUE,TRUE,TRUE,[1],TRUE,TRUE,,,,,LINK_265448,RESTORED_SIGNAL_STRUCTURE_OK,FALSE
NODE_8614,127.0124718,37.56957135,__,ì²µ¬,2,104,30,0.247846802,0,20.876,0,9,21,38,0.333333333,3,0,5.219,7.217803325,NODE_8614,8614,TRUE,phase6_ready_candidates_total_FINAL_237.csv,TRUE,TRUE,TRUE,[1],TRUE,TRUE,,,,,NODE_8614,RESTORED_SIGNAL_STRUCTURE_OK,FALSE
NODE_10363,127.0124287,37.56970409,__,ì²µ¬,2,104,30,0.247846802,0,20.876,0,12,22,38,0.318181818,3,0,5.219,7.217803325,NODE_10363,10363,TRUE,phase6_ready_candidates_total_FINAL_237.csv,TRUE,TRUE,TRUE,[1],TRUE,TRUE,,,,,NODE_10363,RESTORED_SIGNAL_STRUCTURE_OK,FALSE
NODE_10366,127.0125121,37.56970179,__,ì²µ¬,2,104,30,0.247846802,0,20.876,0,13,22,39,0.318181818,3,0,5.219,7.217803325,NODE_10366,10366,TRUE,phase6_ready_candidates_total_FINAL_237.csv,TRUE,TRUE,TRUE,[1],TRUE,TRUE,,,,,NODE_10366,RESTORED_SIGNAL_STRUCTURE_OK,FALSE
NODE_8613,127.0124747,37.56970179,__,ì²µ¬,2,104,30,0.247846802,0,20.876,0,12,22,38,0.318181818,3,0,5.219,7.217803325,NODE_8613,8613,TRUE,phase6_ready_candidates_total_FINAL_237.csv,TRUE,TRUE,TRUE,[1],TRUE,TRUE,,,,,NODE_8613,RESTORED_SIGNAL_STRUCTURE_OK,FALSE
LINK_44500,127.012203,37.56949242,__,ì²µ¬,1,104,40,0.247846802,0,9.909,0,2,18,37,0.333333333,0,0,2.47725,7.214369862,LINK_44500,44500,FALSE,NOT_IN_FINAL_237,,,,,,,,,,,,NOT_IN_RESTORED_237,FALSE
LINK_133416,126.9684226,37.55728753,ì¤_¦¼,ì¤_¦¼,1,104,50,0.190199131,0,10.671,0,0,1,2,0,0,0,2.66775,7.210364646,LINK_133416,133416,TRUE,phase6_ready_candidates_total_FINAL_237.csv,TRUE,TRUE,TRUE,[16],TRUE,TRUE,,,,,LINK_133416,RESTORED_SIGNAL_STRUCTURE_OK,FALSE
LINK_66665,127.0122316,37.56896834,__,ì²µ¬,1,104,40,0.247846802,0,10.996,0,0,1,28,1,0,0,2.749,7.191559309,LINK_66665,66665,TRUE,phase6_ready_candidates_total_FINAL_237.csv,TRUE,TRUE,TRUE,[16],TRUE,TRUE,,,,,LINK_66665,RESTORED_SIGNAL_STRUCTURE_OK,FALSE
LINK_91564,127.0138152,37.56797926,__,ì²µ¬,2,104,30,0.247846802,0,6.808,0,0,0,0,0,0,0,1.702,7.179485028,LINK_91564,91564,FALSE,NOT_IN_FINAL_237,,,,,,,,,,,,NOT_IN_RESTORED_237,FALSE
LINK_232849,126.968447,37.5572143,ë§_¦¬1ê°,ì¤_¦¼,1,104,50,0.190199131,0,13.464,0,0,1,3,0,0,0,3.366,7.151931699,LINK_232849,232849,TRUE,phase6_ready_candidates_total_FINAL_237.csv,TRUE,TRUE,TRUE,[16],TRUE,TRUE,,,,,LINK_232849,RESTORED_SIGNAL_STRUCTURE_OK,FALSE
NODE_8064,127.0099738,37.56879365,_ë¡6ê°,ê´__,2,104,40,0.180155918,0,20.876,0,0,0,15,0,3,0,5.219,7.117364691,NODE_8064,8064,FALSE,NOT_IN_FINAL_237,,,,,,,,,,,,NOT_IN_RESTORED_237,FALSE
LINK_104659,126.9639874,37.55921435,ì¤_¦¼,ì¤_¦¼,1,104,50,0.190199131,0,15.223,0,12,20,53,0.7,0,0,3.80575,7.115374557,LINK_104659,104659,FALSE,NOT_IN_FINAL_237,,,,,,,,,,,,NOT_IN_RESTORED_237,FALSE
NODE_8596,127.0138171,37.56794863,__,ì²µ¬,2,104,30,0.247846802,0,20.876,0,0,0,0,0,2,0,5.219,7.107244176,NODE_8596,8596,FALSE,NOT_IN_FINAL_237,,,,,,,,,,,,NOT_IN_RESTORED_237,FALSE
NODE_8587,127.0138085,37.56809281,__,ì²µ¬,2,104,30,0.247846802,0,20.876,0,0,0,0,0,2,0,5.219,7.107244176,NODE_8587,8587,FALSE,NOT_IN_FINAL_237,,,,,,,,,,,,NOT_IN_RESTORED_237,FALSE
NODE_8061,127.0115429,37.56804614,__,ì²µ¬,2,104,30,0.247846802,0,20.876,0,0,0,0,0,2,0,5.219,7.107244176,NODE_8061,8061,TRUE,phase6_ready_candidates_total_FINAL_237.csv,TRUE,TRUE,TRUE,[9],TRUE,TRUE,,,,,NODE_8061,RESTORED_SIGNAL_STRUCTURE_OK,FALSE
NODE_137,127.0138134,37.5680099,__,ì²µ¬,2,104,30,0.247846802,0,20.876,0,0,0,0,0,2,0,5.219,7.107244176,NODE_137,137,FALSE,NOT_IN_FINAL_237,,,,,,,,,,,,NOT_IN_RESTORED_237,FALSE
LINK_81974,126.9902841,37.56008856,¨í_,__,1,104,50,0.183827697,0,12.384,0,0,0,0,0,0,0,3.096,7.103466507,LINK_81974,81974,FALSE,NOT_IN_FINAL_237,,,,,,,,,,,,NOT_IN_RESTORED_237,FALSE
NODE_5814,126.9749287,37.56355623,__ë¬¸ë_,_³µ,3,104,50,0.097727273,0,31.314,0,0,0,1,0,2,0,7.8285,7.081214835,NODE_5814,5814,FALSE,NOT_IN_FINAL_237,,,,,,,,,,,,NOT_IN_RESTORED_237,FALSE
LINK_147477,126.9786769,37.55330149,¨ëë¬¸ë_5ê°,__,1,104,30,0.294659686,0,10.305,0,0,0,10,0,0,0,2.57625,7.07341249,LINK_147477,147477,FALSE,NOT_IN_FINAL_237,,,,,,,,,,,,NOT_IN_RESTORED_237,FALSE
LINK_84414,126.98575,37.56670996,_ë¡2ê°,ëª__,1,104,40,0.235762762,0,11.306,0,0,0,5,0,0,0,2.8265,7.050801432,LINK_84414,84414,TRUE,phase6_ready_candidates_total_FINAL_237.csv,TRUE,TRUE,TRUE,[18],TRUE,TRUE,,,,,LINK_84414,RESTORED_SIGNAL_STRUCTURE_OK,FALSE
LINK_254465,127.0124732,37.56963657,__,ì²µ¬,2,104,30,0.247846802,0,14.48,0,10,22,38,0.318181818,0,0,3.62,7.020793861,LINK_254465,254465,TRUE,phase6_ready_candidates_total_FINAL_237.csv,TRUE,TRUE,TRUE,[1],TRUE,TRUE,,,,,LINK_254465,RESTORED_SIGNAL_STRUCTURE_OK,FALSE
LINK_153649,127.0138128,37.56802072,__,ì²µ¬,2,104,30,0.247846802,0,16.02,0,0,0,0,0,0,0,4.005,6.989365017,LINK_153649,153649,FALSE,NOT_IN_FINAL_237,,,,,,,,,,,,NOT_IN_RESTORED_237,FALSE
LINK_161197,126.9904586,37.56100655,ì£¼ì_,__,1,104,50,0.183827697,0,18.377,0,0,0,0,0,0,0,4.59425,6.980517751,LINK_161197,161197,TRUE,phase6_ready_candidates_total_FINAL_237.csv,TRUE,TRUE,TRUE,[2],TRUE,TRUE,,,,,LINK_161197,RESTORED_SIGNAL_STRUCTURE_OK,FALSE
NODE_5912,126.9793304,37.56804031,ë¬´ê_,ëª__,2,104,30,0.235762762,0,20.876,0,0,0,17,0,2,0,5.219,6.974432644,NODE_5912,5912,FALSE,NOT_IN_FINAL_237,,,,,,,,,,,,NOT_IN_RESTORED_237,FALSE
LINK_275096,127.0099232,37.56874952,_ë¡6ê°,ê´__,2,104,40,0.180155918,0,13.264,0,0,0,13,0,0,0,3.316,6.947666335,LINK_275096,275096,FALSE,NOT_IN_FINAL_237,,,,,,,,,,,,NOT_IN_RESTORED_237,FALSE
LINK_280907,126.979247,37.56803916,ë¬´ê_,ëª__,2,104,30,0.235762762,0,14.734,0,0,0,18,0,0,0,3.6835,6.884501422,LINK_280907,280907,FALSE,NOT_IN_FINAL_237,,,,,,,,,,,,NOT_IN_RESTORED_237,FALSE
NODE_20739,127.0102201,37.5645569,__,ì²µ¬,1,104,30,0.247846802,0,10.438,0,0,0,0,0,3,0,2.6095,6.883913813,NODE_20739,20739,TRUE,phase6_ready_candidates_total_FINAL_237.csv,TRUE,TRUE,TRUE,[6],TRUE,TRUE,,,,,NODE_20739,RESTORED_SIGNAL_STRUCTURE_OK,FALSE
NODE_21805,127.0103334,37.5645746,__,ì²µ¬,1,104,30,0.247846802,0,10.438,0,0,0,0,0,3,0,2.6095,6.883913813,NODE_21805,21805,FALSE,NOT_IN_FINAL_237,,,,,,,,,,,,NOT_IN_RESTORED_237,FALSE
LINK_53935,126.9901978,37.56019067,ì£¼ì_,__,1,104,50,0.183827697,0,23.566,0,0,0,0,0,0,0,5.8915,6.875783655,LINK_53935,53935,TRUE,phase6_ready_candidates_total_FINAL_237.csv,TRUE,TRUE,TRUE,[9],TRUE,TRUE,,,,,LINK_53935,RESTORED_SIGNAL_STRUCTURE_OK,FALSE
NODE_6484,126.9858197,37.566853,¥ê_,ëª__,1,104,30,0.235762762,0,10.438,0,0,0,8,0,4,0,2.6095,6.860359589,NODE_6484,6484,TRUE,phase6_ready_candidates_total_FINAL_237.csv,TRUE,TRUE,TRUE,[16],TRUE,TRUE,,,,,NODE_6484,RESTORED_SIGNAL_STRUCTURE_OK,FALSE
NODE_6486,126.9856861,37.56670881,_ë¡2ê°,ëª__,1,104,30,0.235762762,0,10.438,0,0,0,5,0,4,0,2.6095,6.860359589,NODE_6486,6486,TRUE,phase6_ready_candidates_total_FINAL_237.csv,TRUE,TRUE,TRUE,[18],TRUE,TRUE,,,,,NODE_6486,RESTORED_SIGNAL_STRUCTURE_OK,FALSE
NODE_9694,126.9856832,37.56686443,_ë¡2ê°,ëª__,1,104,30,0.235762762,0,10.438,0,0,0,8,0,4,0,2.6095,6.860359589,NODE_9694,9694,TRUE,phase6_ready_candidates_total_FINAL_237.csv,TRUE,TRUE,TRUE,[19],TRUE,TRUE,,,,,NODE_9694,RESTORED_SIGNAL_STRUCTURE_OK,FALSE
NODE_6775,126.9903846,37.5613198,ì¶©ë¬´ë¡2ê°,ëª__,1,104,30,0.235762762,0,10.438,0,0,0,0,0,4,0,2.6095,6.860359589,NODE_6775,6775,FALSE,NOT_IN_FINAL_237,,,,,,,,,,,,NOT_IN_RESTORED_237,FALSE
NODE_6485,126.985814,37.56671111,_ë¡2ê°,ëª__,1,104,30,0.235762762,0,10.438,0,0,0,4,0,4,0,2.6095,6.860359589,NODE_6485,6485,TRUE,phase6_ready_candidates_total_FINAL_237.csv,TRUE,TRUE,TRUE,[18],TRUE,TRUE,,,,,NODE_6485,RESTORED_SIGNAL_STRUCTURE_OK,FALSE
NODE_73940,127.0034044,37.55514396,¥ì¶©2ê°,__,1,104,40,0.183827697,0,10.438,0,0,0,0,0,3,0,2.6095,6.827141047,NODE_73940,73940,FALSE,NOT_IN_FINAL_237,,,,,,,,,,,,NOT_IN_RESTORED_237,FALSE
LINK_131124,126.9931184,37.56317599,ì¶©ë¬´ë¡3ê°,__,3,104,50,0.183827697,0,81.685,0,0,0,0,0,0,0,20.42125,6.781712525,LINK_131124,131124,FALSE,NOT_IN_FINAL_237,,,,,,,,,,,,NOT_IN_RESTORED_237,FALSE
NODE_8191,127.0109094,37.56118065,__,ì²µ¬,1,104,30,0.247846802,0,10.438,0,0,0,0,0,2,0,2.6095,6.778469037,NODE_8191,8191,FALSE,NOT_IN_FINAL_237,,,,,,,,,,,,NOT_IN_RESTORED_237,FALSE
NODE_8184,127.011033,37.56127905,__,ì²µ¬,1,104,30,0.247846802,0,10.438,0,0,0,0,0,2,0,2.6095,6.778469037,NODE_8184,8184,TRUE,phase6_ready_candidates_total_FINAL_237.csv,TRUE,TRUE,TRUE,[16],TRUE,TRUE,,,,,NODE_8184,RESTORED_SIGNAL_STRUCTURE_OK,FALSE
NODE_67360,127.0066968,37.56634618,_ë¡6ê°,ê´__,1,104,10,0.180155918,0,10.438,1,0,0,0,0,4,1,2.6095,6.769120584,NODE_67360,67360,FALSE,NOT_IN_FINAL_237,,,,,,,,,,,,NOT_IN_RESTORED_237,FALSE
NODE_15410,126.9874546,37.56688557,¥ê_,ëª__,1,104,30,0.235762762,0,10.438,0,0,0,23,0,3,0,2.6095,6.755275607,NODE_15410,15410,TRUE,phase6_ready_candidates_total_FINAL_237.csv,TRUE,TRUE,TRUE,[6],TRUE,TRUE,,,,,NODE_15410,RESTORED_SIGNAL_STRUCTURE_OK,FALSE
NODE_6645,126.989685,37.56792496,__,ëª__,1,104,30,0.235762762,0,10.438,0,0,2,43,0,3,0,2.6095,6.755275607,NODE_6645,6645,FALSE,NOT_IN_FINAL_237,,,,,,,,,,,,NOT_IN_RESTORED_237,FALSE
NODE_9705,126.9894249,37.56791581,__,ëª__,1,104,30,0.235762762,0,10.438,0,0,5,51,0.2,3,0,2.6095,6.755275607,NODE_9705,9705,FALSE,NOT_IN_FINAL_237,,,,,,,,,,,,NOT_IN_RESTORED_237,FALSE
NODE_6496,126.9858957,37.56794516,¥ê_,ëª__,1,104,30,0.235762762,0,10.438,0,1,8,81,0.625,3,0,2.6095,6.755275607,NODE_6496,6496,TRUE,phase6_ready_candidates_total_FINAL_237.csv,TRUE,TRUE,TRUE,[9],TRUE,TRUE,,,,,NODE_6496,RESTORED_SIGNAL_STRUCTURE_OK,FALSE
NODE_6474,126.9874312,37.56679368,_ë¡2ê°,ëª__,1,104,30,0.235762762,0,10.438,0,0,0,21,0,3,0,2.6095,6.755275607,NODE_6474,6474,FALSE,NOT_IN_FINAL_237,,,,,,,,,,,,NOT_IN_RESTORED_237,FALSE
NODE_6827,126.9900786,37.5598574,__,ëª__,1,104,30,0.235762762,0,10.438,0,0,0,0,0,3,0,2.6095,6.755275607,NODE_6827,6827,FALSE,NOT_IN_FINAL_237,,,,,,,,,,,,NOT_IN_RESTORED_237,FALSE
NODE_6807,126.9902665,37.56268375,ì¶©ë¬´ë¡2ê°,ëª__,1,104,30,0.235762762,0,10.438,0,0,0,0,0,2,0,2.6095,6.651801254,NODE_6807,6807,TRUE,phase6_ready_candidates_total_FINAL_237.csv,TRUE,TRUE,TRUE,[16],TRUE,TRUE,,,,,NODE_6807,RESTORED_SIGNAL_STRUCTURE_OK,FALSE
NODE_6597,126.9872945,37.55883873,¨ì_2ê°,ëª__,1,104,30,0.235762762,0,10.438,0,0,0,0,0,2,0,2.6095,6.651801254,NODE_6597,6597,FALSE,NOT_IN_FINAL_237,,,,,,,,,,,,NOT_IN_RESTORED_237,FALSE
NODE_122035,126.9902435,37.5628737,ì¶©ë¬´ë¡2ê°,ëª__,1,104,30,0.235762762,0,10.438,0,0,0,0,0,2,0,2.6095,6.651801254,NODE_122035,122035,TRUE,phase6_ready_candidates_total_FINAL_237.csv,TRUE,TRUE,TRUE,[16],TRUE,TRUE,,,,,NODE_122035,RESTORED_SIGNAL_STRUCTURE_OK,FALSE
NODE_6632,126.9874986,37.55884333,__,ëª__,1,104,30,0.235762762,0,10.438,0,0,0,0,0,2,0,2.6095,6.651801254,NODE_6632,6632,FALSE,NOT_IN_FINAL_237,,,,,,,,,,,,NOT_IN_RESTORED_237,FALSE
LINK_241836,127.0102768,37.56456575,__,ì²µ¬,1,104,30,0.247846802,0,10.208,0,0,0,0,0,0,0,2.552,6.57680569,LINK_241836,241836,FALSE,NOT_IN_FINAL_237,,,,,,,,,,,,NOT_IN_RESTORED_237,FALSE
NODE_5693,126.9732371,37.56527255,__,_³µ,1,104,50,0.097727273,0,10.438,0,0,0,0,0,3,0,2.6095,6.541424585,NODE_5693,5693,FALSE,NOT_IN_FINAL_237,,,,,,,,,,,,NOT_IN_RESTORED_237,FALSE
NODE_8065,127.0098555,37.56858709,_ë¡6ê°,ê´__,2,104,30,0.180155918,0,20.876,0,0,0,12,0,3,0,5.219,6.494027738,NODE_8065,8065,FALSE,NOT_IN_FINAL_237,,,,,,,,,,,,NOT_IN_RESTORED_237,FALSE
NODE_8066,127.0098725,37.56870538,_ë¡6ê°,ê´__,2,104,30,0.180155918,0,20.876,0,0,0,13,0,3,0,5.219,6.494027738,NODE_8066,8066,FALSE,NOT_IN_FINAL_237,,,,,,,,,,,,NOT_IN_RESTORED_237,FALSE
NODE_7652,127.0067157,37.56946082,_ë¡6ê°,ê´__,2,104,30,0.180155918,0,20.876,0,9,14,70,0.357142857,3,0,5.219,6.494027738,NODE_7652,7652,FALSE,NOT_IN_FINAL_237,,,,,,,,,,,,NOT_IN_RESTORED_237,FALSE
NODE_7650,127.0065059,37.56945854,_ë¡6ê°,ê´__,2,104,30,0.180155918,0,20.876,0,7,14,72,0.357142857,3,0,5.219,6.494027738,NODE_7650,7650,FALSE,NOT_IN_FINAL_237,,,,,,,,,,,,NOT_IN_RESTORED_237,FALSE
NODE_7649,127.0065979,37.56945854,_ë¡6ê°,ê´__,2,104,30,0.180155918,0,20.876,0,7,14,68,0.357142857,3,0,5.219,6.494027738,NODE_7649,7649,FALSE,NOT_IN_FINAL_237,,,,,,,,,,,,NOT_IN_RESTORED_237,FALSE
LINK_265692,127.0109712,37.56122985,__,ì²µ¬,1,104,30,0.247846802,0,15.446,0,0,0,0,0,0,0,3.8615,6.477204078,LINK_265692,265692,TRUE,phase6_ready_candidates_total_FINAL_237.csv,TRUE,TRUE,TRUE,[16],TRUE,TRUE,,,,,LINK_265692,RESTORED_SIGNAL_STRUCTURE_OK,FALSE
LINK_164776,126.9874472,37.56692888,¥ê_,ëª__,1,104,30,0.235762762,0,9.703,0,0,0,25,0,0,0,2.42575,6.46340865,LINK_164776,164776,TRUE,phase6_ready_candidates_total_FINAL_237.csv,TRUE,TRUE,TRUE,[6],TRUE,TRUE,,,,,LINK_164776,RESTORED_SIGNAL_STRUCTURE_OK,FALSE
LINK_118905,126.9901346,37.55985855,__,ëª__,1,104,30,0.235762762,0,9.909,0,0,0,0,0,0,0,2.47725,6.459530775,LINK_118905,118905,FALSE,NOT_IN_FINAL_237,,,,,,,,,,,,NOT_IN_RESTORED_237,FALSE
LINK_133605,126.9874429,37.56683963,_ë¡2ê°,ëª__,1,104,30,0.235762762,0,10.406,0,0,0,22,0,0,0,2.6015,6.450184504,LINK_133605,133605,TRUE,phase6_ready_candidates_total_FINAL_237.csv,TRUE,TRUE,TRUE,[6],TRUE,TRUE,,,,,LINK_133605,RESTORED_SIGNAL_STRUCTURE_OK,FALSE
NODE_5662,126.9701133,37.56706572,__,_³µ,1,104,50,0.097727273,0,10.438,0,0,0,24,0,2,0,2.6095,6.441225909,NODE_5662,5662,FALSE,NOT_IN_FINAL_237,,,,,,,,,,,,NOT_IN_RESTORED_237,FALSE
NODE_5654,126.9705504,37.56671797,__,_³µ,1,104,50,0.097727273,0,10.438,0,0,0,2,0,2,0,2.6095,6.441225909,NODE_5654,5654,FALSE,NOT_IN_FINAL_237,,,,,,,,,,,,NOT_IN_RESTORED_237,FALSE
NODE_5637,126.969676,37.56759197,__,_³µ,1,104,50,0.097727273,0,10.438,0,0,10,34,0.8,2,0,2.6095,6.441225909,NODE_5637,5637,FALSE,NOT_IN_FINAL_237,,,,,,,,,,,,NOT_IN_RESTORED_237,FALSE
NODE_5655,126.9698832,37.56728536,__,_³µ,1,104,50,0.097727273,0,10.438,0,0,1,29,1,2,0,2.6095,6.441225909,NODE_5655,5655,FALSE,NOT_IN_FINAL_237,,,,,,,,,,,,NOT_IN_RESTORED_237,FALSE
NODE_5657,126.9709818,37.5664938,__,_³µ,1,104,50,0.097727273,0,10.438,0,0,0,0,0,2,0,2.6095,6.441225909,NODE_5657,5657,TRUE,phase6_ready_candidates_total_FINAL_237.csv,TRUE,TRUE,TRUE,[10],TRUE,TRUE,,,,,NODE_5657,RESTORED_SIGNAL_STRUCTURE_OK,FALSE
NODE_5704,126.9728236,37.56551246,__,_³µ,1,104,50,0.097727273,0,10.438,0,0,0,0,0,2,0,2.6095,6.441225909,NODE_5704,5704,FALSE,NOT_IN_FINAL_237,,,,,,,,,,,,NOT_IN_RESTORED_237,FALSE
LINK_131058,127.0065519,37.56945854,_ë¡6ê°,ê´__,2,104,30,0.180155918,0,8.128,0,7,14,70,0.357142857,0,0,2.032,6.434758417,LINK_131058,131058,FALSE,NOT_IN_FINAL_237,,,,,,,,,,,,NOT_IN_RESTORED_237,FALSE
LINK_141039,126.9857514,37.56685872,_ë¡2ê°,ëª__,1,104,30,0.235762762,0,12.132,0,0,0,8,0,0,0,3.033,6.417831335,LINK_141039,141039,TRUE,phase6_ready_candidates_total_FINAL_237.csv,TRUE,TRUE,TRUE,[16],TRUE,TRUE,,,,,LINK_141039,RESTORED_SIGNAL_STRUCTURE_OK,FALSE
LINK_236544,127.0066568,37.56945968,_ë¡6ê°,ê´__,2,104,30,0.180155918,0,10.417,0,9,14,69,0.357142857,0,0,2.60425,6.391989711,LINK_236544,236544,FALSE,NOT_IN_FINAL_237,,,,,,,,,,,,NOT_IN_RESTORED_237,FALSE
NODE_176196,126.9639098,37.55918457,ì¤_¦¼,ì¤_¦¼,1,104,30,0.190199131,0,10.438,0,13,19,53,0.736842105,4,0,2.6095,6.389356263,NODE_176196,176196,TRUE,phase6_ready_candidates_total_FINAL_237.csv,TRUE,TRUE,TRUE,[9],TRUE,TRUE,,,,,NODE_176196,RESTORED_SIGNAL_STRUCTURE_OK,FALSE
LINK_117990,127.009864,37.56864624,_ë¡6ê°,ê´__,2,104,30,0.180155918,0,13.216,0,0,0,13,0,0,0,3.304,6.340078065,LINK_117990,117990,FALSE,NOT_IN_FINAL_237,,,,,,,,,,,,NOT_IN_RESTORED_237,FALSE
LINK_227486,126.9873966,37.55884103,__,ëª__,1,104,30,0.235762762,0,18.041,0,0,0,0,0,0,0,4.51025,6.308293336,LINK_227486,227486,FALSE,NOT_IN_FINAL_237,,,,,,,,,,,,NOT_IN_RESTORED_237,FALSE
LINK_164865,127.0065245,37.56952605,_ë¡6ê°,ê´__,2,104,30,0.180155918,0,15.345,0,9,15,81,0.333333333,0,0,3.83625,6.300875052,LINK_164865,164865,FALSE,NOT_IN_FINAL_237,,,,,,,,,,,,NOT_IN_RESTORED_237,FALSE
NODE_10369,126.9639116,37.55905868,ì¤_¦¼,ì¤_¦¼,1,104,30,0.190199131,0,10.438,0,6,18,48,0.722222222,3,0,2.6095,6.291486903,NODE_10369,10369,TRUE,phase6_ready_candidates_total_FINAL_237.csv,TRUE,TRUE,TRUE,[9],TRUE,TRUE,,,,,NODE_10369,RESTORED_SIGNAL_STRUCTURE_OK,FALSE
LINK_190777,127.0067416,37.56953176,_ë¡6ê°,ê´__,2,104,30,0.180155918,0,16.398,0,9,15,79,0.333333333,0,0,4.0995,6.281574994,LINK_190777,190777,FALSE,NOT_IN_FINAL_237,,,,,,,,,,,,NOT_IN_RESTORED_237,FALSE
NODE_20517,126.9905398,37.56126031,ì¶©ë¬´ë¡3ê°,__,1,104,30,0.183827697,0,10.438,0,0,0,0,0,3,0,2.6095,6.229221805,NODE_20517,20517,FALSE,NOT_IN_FINAL_237,,,,,,,,,,,,NOT_IN_RESTORED_237,FALSE
NODE_20516,126.9906692,37.56129007,ì¶©ë¬´ë¡3ê°,__,1,104,30,0.183827697,0,10.438,0,0,0,0,0,3,0,2.6095,6.229221805,NODE_20516,20516,TRUE,phase6_ready_candidates_total_FINAL_237.csv,TRUE,TRUE,TRUE,[3],TRUE,TRUE,,,,,NODE_20516,RESTORED_SIGNAL_STRUCTURE_OK,FALSE
LINK_97674,126.989555,37.56792038,__,ëª__,1,104,30,0.235762762,0,23.009,0,0,4,49,0,0,0,5.75225,6.217647114,LINK_97674,97674,FALSE,NOT_IN_FINAL_237,,,,,,,,,,,,NOT_IN_RESTORED_237,FALSE
NODE_14611,126.9648692,37.55484923,ë§_¦¬2ê°,ì¤_¦¼,1,104,30,0.190199131,0,10.438,0,0,0,3,0,2,0,2.6095,6.195116663,NODE_14611,14611,TRUE,phase6_ready_candidates_total_FINAL_237.csv,TRUE,TRUE,TRUE,[14],TRUE,TRUE,,,,,NODE_14611,RESTORED_SIGNAL_STRUCTURE_OK,FALSE
NODE_15194,126.9680113,37.55759065,ì¤_¦¼,ì¤_¦¼,1,104,30,0.190199131,0,10.438,0,0,1,2,0,2,0,2.6095,6.195116663,NODE_15194,15194,TRUE,phase6_ready_candidates_total_FINAL_237.csv,TRUE,TRUE,TRUE,[16],TRUE,TRUE,,,,,NODE_15194,RESTORED_SIGNAL_STRUCTURE_OK,FALSE
NODE_14614,126.9648059,37.55493389,ë§_¦¬2ê°,ì¤_¦¼,1,104,30,0.190199131,0,10.438,0,0,0,3,0,2,0,2.6095,6.195116663,NODE_14614,14614,TRUE,phase6_ready_candidates_total_FINAL_237.csv,TRUE,TRUE,TRUE,[14],TRUE,TRUE,,,,,NODE_14614,RESTORED_SIGNAL_STRUCTURE_OK,FALSE
NODE_15199,126.9679424,37.55752426,ì¤_¦¼,ì¤_¦¼,1,104,30,0.190199131,0,10.438,0,0,1,2,0,2,0,2.6095,6.195116663,NODE_15199,15199,TRUE,phase6_ready_candidates_total_FINAL_237.csv,TRUE,TRUE,TRUE,[16],TRUE,TRUE,,,,,NODE_15199,RESTORED_SIGNAL_STRUCTURE_OK,FALSE
NODE_14613,126.9650445,37.55496371,ë§_¦¬2ê°,ì¤_¦¼,1,104,30,0.190199131,0,10.438,0,0,0,3,0,2,0,2.6095,6.195116663,NODE_14613,14613,TRUE,phase6_ready_candidates_total_FINAL_237.csv,TRUE,TRUE,TRUE,[14],TRUE,TRUE,,,,,NODE_14613,RESTORED_SIGNAL_STRUCTURE_OK,FALSE
NODE_14609,126.9650732,37.55493168,ë§_¦¬2ê°,ì¤_¦¼,1,104,30,0.190199131,0,10.438,0,0,0,3,0,2,0,2.6095,6.195116663,NODE_14609,14609,TRUE,phase6_ready_candidates_total_FINAL_237.csv,TRUE,TRUE,TRUE,[14],TRUE,TRUE,,,,,NODE_14609,RESTORED_SIGNAL_STRUCTURE_OK,FALSE
NODE_14954,126.967991,37.55746832,ì¤_¦¼,ì¤_¦¼,1,104,30,0.190199131,0,10.438,0,0,1,2,0,2,0,2.6095,6.195116663,NODE_14954,14954,TRUE,phase6_ready_candidates_total_FINAL_237.csv,TRUE,TRUE,TRUE,[16],TRUE,TRUE,,,,,NODE_14954,RESTORED_SIGNAL_STRUCTURE_OK,FALSE
NODE_15198,126.9680373,37.55745105,ì¤_¦¼,ì¤_¦¼,1,104,30,0.190199131,0,10.438,0,0,1,2,0,2,0,2.6095,6.195116663,NODE_15198,15198,TRUE,phase6_ready_candidates_total_FINAL_237.csv,TRUE,TRUE,TRUE,[16],TRUE,TRUE,,,,,NODE_15198,RESTORED_SIGNAL_STRUCTURE_OK,FALSE
NODE_15186,126.967166,37.55799091,ì¤_¦¼,ì¤_¦¼,1,104,30,0.190199131,0,10.438,0,0,0,2,0,2,0,2.6095,6.195116663,NODE_15186,15186,TRUE,phase6_ready_candidates_total_FINAL_237.csv,TRUE,TRUE,TRUE,[16],TRUE,TRUE,,,,,NODE_15186,RESTORED_SIGNAL_STRUCTURE_OK,FALSE
NODE_14949,126.9681091,37.55751973,ì¤_¦¼,ì¤_¦¼,1,104,30,0.190199131,0,10.438,0,0,1,2,0,2,0,2.6095,6.195116663,NODE_14949,14949,TRUE,phase6_ready_candidates_total_FINAL_237.csv,TRUE,TRUE,TRUE,[16],TRUE,TRUE,,,,,NODE_14949,RESTORED_SIGNAL_STRUCTURE_OK,FALSE
NODE_14942,126.967212,37.55807331,ì¤_¦¼,ì¤_¦¼,1,104,30,0.190199131,0,10.438,0,0,0,2,0,2,0,2.6095,6.195116663,NODE_14942,14942,TRUE,phase6_ready_candidates_total_FINAL_237.csv,TRUE,TRUE,TRUE,[16],TRUE,TRUE,,,,,NODE_14942,RESTORED_SIGNAL_STRUCTURE_OK,FALSE
NODE_14615,126.9648174,37.55490185,ë§_¦¬2ê°,ì¤_¦¼,1,104,30,0.190199131,0,10.438,0,0,0,3,0,2,0,2.6095,6.195116663,NODE_14615,14615,TRUE,phase6_ready_candidates_total_FINAL_237.csv,TRUE,TRUE,TRUE,[14],TRUE,TRUE,,,,,NODE_14615,RESTORED_SIGNAL_STRUCTURE_OK,FALSE
NODE_8105,127.0101165,37.56454073,ê´__2ê°,ê´__,1,104,30,0.180155918,0,10.438,0,0,0,0,0,3,0,2.6095,6.193619475,NODE_8105,8105,FALSE,NOT_IN_FINAL_237,,,,,,,,,,,,NOT_IN_RESTORED_237,FALSE
NODE_7651,127.0065432,37.56959356,_ë¡6ê°,ê´__,1,104,30,0.180155918,0,10.438,0,9,15,84,0.333333333,3,0,2.6095,6.193619475,NODE_7651,7651,FALSE,NOT_IN_FINAL_237,,,,,,,,,,,,NOT_IN_RESTORED_237,FALSE
LINK_165046,126.9945094,37.5683807,__,_ë¡__,2,104,30,0.155859607,0,8.64,0,0,9,24,0.111111111,0,0,2.16,6.186041039,LINK_165046,165046,FALSE,NOT_IN_FINAL_237,,,,,,,,,,,,NOT_IN_RESTORED_237,FALSE
LINK_79766,126.9961065,37.56851464,°ë¦¼,_ë¡__,2,104,30,0.155859607,0,9.906,0,0,6,21,0.166666667,0,0,2.4765,6.163266941,LINK_79766,79766,TRUE,phase6_ready_candidates_total_FINAL_237.csv,TRUE,TRUE,TRUE,[5],TRUE,TRUE,,,,,LINK_79766,RESTORED_SIGNAL_STRUCTURE_OK,FALSE
NODE_10352,126.995313,37.56849058,°ë¦¼,_ë¡__,2,104,30,0.155859607,0,20.876,0,5,8,18,0.125,2,0,5.219,6.1565682,NODE_10352,10352,FALSE,NOT_IN_FINAL_237,,,,,,,,,,,,NOT_IN_RESTORED_237,FALSE
NODE_6926,126.995313,37.56838989,°ë¦¼,_ë¡__,2,104,30,0.155859607,0,20.876,0,5,8,18,0.125,2,0,5.219,6.1565682,NODE_6926,6926,FALSE,NOT_IN_FINAL_237,,,,,,,,,,,,NOT_IN_RESTORED_237,FALSE
LINK_184061,126.995313,37.56844023,°ë¦¼,_ë¡__,2,104,30,0.155859607,0,11.176,0,5,8,18,0.125,0,0,2.794,6.140505127,LINK_184061,184061,FALSE,NOT_IN_FINAL_237,,,,,,,,,,,,NOT_IN_RESTORED_237,FALSE
NODE_7268,126.9955193,37.55639804,__3ê°,__,1,104,30,0.183827697,0,10.438,0,0,0,0,0,2,0,2.6095,6.133805315,NODE_7268,7268,FALSE,NOT_IN_FINAL_237,,,,,,,,,,,,NOT_IN_RESTORED_237,FALSE
NODE_9814,126.9971275,37.56023253,__3ê°,__,1,104,30,0.183827697,0,10.438,0,0,0,0,0,2,0,2.6095,6.133805315,NODE_9814,9814,TRUE,phase6_ready_candidates_total_FINAL_237.csv,TRUE,TRUE,TRUE,[4],TRUE,TRUE,,,,,NODE_9814,RESTORED_SIGNAL_STRUCTURE_OK,FALSE
NODE_122040,126.9903901,37.56288057,ì¶©ë¬´ë¡3ê°,__,1,104,30,0.183827697,0,10.438,0,0,0,0,0,2,0,2.6095,6.133805315,NODE_122040,122040,TRUE,phase6_ready_candidates_total_FINAL_237.csv,TRUE,TRUE,TRUE,[16],TRUE,TRUE,,,,,NODE_122040,RESTORED_SIGNAL_STRUCTURE_OK,FALSE
NODE_122031,126.9904131,37.56270436,ì¶©ë¬´ë¡3ê°,__,1,104,30,0.183827697,0,10.438,0,0,0,0,0,2,0,2.6095,6.133805315,NODE_122031,122031,TRUE,phase6_ready_candidates_total_FINAL_237.csv,TRUE,TRUE,TRUE,[16],TRUE,TRUE,,,,,NODE_122031,RESTORED_SIGNAL_STRUCTURE_OK,FALSE
NODE_7246,126.9963542,37.55978624,__3ê°,__,1,104,30,0.183827697,0,10.438,0,0,0,0,0,2,0,2.6095,6.133805315,NODE_7246,7246,FALSE,NOT_IN_FINAL_237,,,,,,,,,,,,NOT_IN_RESTORED_237,FALSE
NODE_7267,126.9956055,37.55639118,__3ê°,__,1,104,30,0.183827697,0,10.438,0,0,0,0,0,2,0,2.6095,6.133805315,NODE_7267,7267,FALSE,NOT_IN_FINAL_237,,,,,,,,,,,,NOT_IN_RESTORED_237,FALSE
NODE_9815,126.9969881,37.56031647,__3ê°,__,1,104,30,0.183827697,0,10.438,0,0,0,0,0,2,0,2.6095,6.133805315,NODE_9815,9815,FALSE,NOT_IN_FINAL_237,,,,,,,,,,,,NOT_IN_RESTORED_237,FALSE
NODE_7240,126.9964663,37.55970615,__3ê°,__,1,104,30,0.183827697,0,10.438,0,0,0,0,0,2,0,2.6095,6.133805315,NODE_7240,7240,TRUE,phase6_ready_candidates_total_FINAL_237.csv,TRUE,TRUE,TRUE,[4],TRUE,TRUE,,,,,NODE_7240,RESTORED_SIGNAL_STRUCTURE_OK,FALSE
LINK_72708,126.9648116,37.55491787,ë§_¦¬2ê°,ì¤_¦¼,1,104,30,0.190199131,0,3.698,0,0,0,3,0,0,0,0.9245,6.125897475,LINK_72708,72708,TRUE,phase6_ready_candidates_total_FINAL_237.csv,TRUE,TRUE,TRUE,[14],TRUE,TRUE,,,,,LINK_72708,RESTORED_SIGNAL_STRUCTURE_OK,FALSE
LINK_13780,126.9650588,37.5549477,ë§_¦¬2ê°,ì¤_¦¼,1,104,30,0.190199131,0,4.37,0,0,0,3,0,0,0,1.0925,6.113916027,LINK_13780,13780,TRUE,phase6_ready_candidates_total_FINAL_237.csv,TRUE,TRUE,TRUE,[14],TRUE,TRUE,,,,,LINK_13780,RESTORED_SIGNAL_STRUCTURE_OK,FALSE
NODE_164571,127.0211786,37.56576023,©í_,©í_,1,104,30,0.17178133,0,10.438,0,0,0,0,0,3,0,2.6095,6.113177192,NODE_164571,164571,TRUE,phase6_ready_candidates_total_FINAL_237.csv,TRUE,TRUE,TRUE,[2],TRUE,TRUE,,,,,NODE_164571,RESTORED_SIGNAL_STRUCTURE_OK,FALSE
LINK_159100,126.9680141,37.55745969,ì¤_¦¼,ì¤_¦¼,1,104,30,0.190199131,0,4.519,0,0,1,2,0,0,0,1.12975,6.111262602,LINK_159100,159100,TRUE,phase6_ready_candidates_total_FINAL_237.csv,TRUE,TRUE,TRUE,[16],TRUE,TRUE,,,,,LINK_159100,RESTORED_SIGNAL_STRUCTURE_OK,FALSE
LINK_177144,126.9699651,37.56733574,__,_³µ,1,104,50,0.097727273,0,18.292,0,0,1,29,1,0,0,4.573,6.104127075,LINK_177144,177144,TRUE,phase6_ready_candidates_total_FINAL_237.csv,TRUE,TRUE,TRUE,[7],TRUE,TRUE,,,,,LINK_177144,RESTORED_SIGNAL_STRUCTURE_OK,FALSE
NODE_6951,126.9961154,37.56418594,¸í_2ê°,ê´__,1,104,30,0.180155918,0,10.438,0,0,0,1,0,2,0,2.6095,6.098748325,NODE_6951,6951,FALSE,NOT_IN_FINAL_237,,,,,,,,,,,,NOT_IN_RESTORED_237,FALSE
NODE_7372,127.0003114,37.5645659,¤ì_,ê´__,1,104,30,0.180155918,0,10.438,0,0,0,1,0,2,0,2.6095,6.098748325,NODE_7372,7372,TRUE,phase6_ready_candidates_total_FINAL_237.csv,TRUE,TRUE,TRUE,[16],TRUE,TRUE,,,,,NODE_7372,RESTORED_SIGNAL_STRUCTURE_OK,FALSE
NODE_6964,126.9953823,37.56432093,¸í_2ê°,ê´__,1,104,30,0.180155918,0,10.438,0,0,0,0,0,2,0,2.6095,6.098748325,NODE_6964,6964,TRUE,phase6_ready_candidates_total_FINAL_237.csv,TRUE,TRUE,TRUE,[16],TRUE,TRUE,,,,,NODE_6964,RESTORED_SIGNAL_STRUCTURE_OK,FALSE
NODE_6957,126.9953708,37.56419049,¸í_2ê°,ê´__,1,104,30,0.180155918,0,10.438,0,0,0,0,0,2,0,2.6095,6.098748325,NODE_6957,6957,TRUE,phase6_ready_candidates_total_FINAL_237.csv,TRUE,TRUE,TRUE,[16],TRUE,TRUE,,,,,NODE_6957,RESTORED_SIGNAL_STRUCTURE_OK,FALSE
NODE_7364,127.0003257,37.56441485,¤ì_,ê´__,1,104,30,0.180155918,0,10.438,0,0,0,1,0,2,0,2.6095,6.098748325,NODE_7364,7364,TRUE,phase6_ready_candidates_total_FINAL_237.csv,TRUE,TRUE,TRUE,[16],TRUE,TRUE,,,,,NODE_7364,RESTORED_SIGNAL_STRUCTURE_OK,FALSE
NODE_7692,127.0061763,37.56464583,ê´__1ê°,ê´__,1,104,30,0.180155918,0,10.438,0,0,0,0,0,2,0,2.6095,6.098748325,NODE_7692,7692,TRUE,phase6_ready_candidates_total_FINAL_237.csv,TRUE,TRUE,TRUE,[16],TRUE,TRUE,,,,,NODE_7692,RESTORED_SIGNAL_STRUCTURE_OK,FALSE
NODE_7696,127.0051384,37.56464131,ê´__1ê°,ê´__,1,104,30,0.180155918,0,10.438,0,0,0,0,0,2,0,2.6095,6.098748325,NODE_7696,7696,FALSE,NOT_IN_FINAL_237,,,,,,,,,,,,NOT_IN_RESTORED_237,FALSE
NODE_7695,127.0051758,37.5648015,ê´__1ê°,ê´__,1,104,30,0.180155918,0,10.438,0,0,0,0,0,2,0,2.6095,6.098748325,NODE_7695,7695,FALSE,NOT_IN_FINAL_237,,,,,,,,,,,,NOT_IN_RESTORED_237,FALSE
NODE_7668,127.0061101,37.56449479,ê´__1ê°,ê´__,1,104,30,0.180155918,0,10.438,0,0,0,0,0,2,0,2.6095,6.098748325,NODE_7668,7668,TRUE,phase6_ready_candidates_total_FINAL_237.csv,TRUE,TRUE,TRUE,[16],TRUE,TRUE,,,,,NODE_7668,RESTORED_SIGNAL_STRUCTURE_OK,FALSE
NODE_6952,126.996101,37.5643324,¸í_2ê°,ê´__,1,104,30,0.180155918,0,10.438,0,0,0,1,0,2,0,2.6095,6.098748325,NODE_6952,6952,TRUE,phase6_ready_candidates_total_FINAL_237.csv,TRUE,TRUE,TRUE,[9],TRUE,TRUE,,,,,NODE_6952,RESTORED_SIGNAL_STRUCTURE_OK,FALSE
LINK_89324,126.9648414,37.55487365,ë§_¦¬2ê°,ì¤_¦¼,1,104,30,0.190199131,0,7.492,0,0,0,3,0,0,0,1.873,6.058558822,LINK_89324,89324,TRUE,phase6_ready_candidates_total_FINAL_237.csv,TRUE,TRUE,TRUE,[14],TRUE,TRUE,,,,,LINK_89324,RESTORED_SIGNAL_STRUCTURE_OK,FALSE
LINK_222495,127.0045802,37.56951356,ë°©ì_,_ë¡__,2,104,30,0.155859607,0,16.256,0,3,7,90,0.285714286,0,0,4.064,6.050295399,LINK_222495,222495,FALSE,NOT_IN_FINAL_237,,,,,,,,,,,,NOT_IN_RESTORED_237,FALSE
LINK_118708,126.9679769,37.55755745,ì¤_¦¼,ì¤_¦¼,1,104,30,0.190199131,0,9.561,0,0,1,2,0,0,0,2.39025,6.022149137,LINK_118708,118708,TRUE,phase6_ready_candidates_total_FINAL_237.csv,TRUE,TRUE,TRUE,[16],TRUE,TRUE,,,,,LINK_118708,RESTORED_SIGNAL_STRUCTURE_OK,FALSE
NODE_9440,127.0219593,37.56805381,©í_,©í_,1,104,30,0.17178133,0,10.438,0,0,0,4,0,2,0,2.6095,6.019538222,NODE_9440,9440,FALSE,NOT_IN_FINAL_237,,,,,,,,,,,,NOT_IN_RESTORED_237,FALSE
NODE_9439,127.0220197,37.56820256,©í_,©í_,1,104,30,0.17178133,0,10.438,0,0,0,7,0,2,0,2.6095,6.019538222,NODE_9439,9439,FALSE,NOT_IN_FINAL_237,,,,,,,,,,,,NOT_IN_RESTORED_237,FALSE
LINK_90825,126.9680732,37.55748539,ì¤_¦¼,ì¤_¦¼,1,104,30,0.190199131,0,9.919,0,0,1,2,0,0,0,2.47975,6.015871395,LINK_90825,90825,TRUE,phase6_ready_candidates_total_FINAL_237.csv,TRUE,TRUE,TRUE,[16],TRUE,TRUE,,,,,LINK_90825,RESTORED_SIGNAL_STRUCTURE_OK,FALSE
LINK_214675,126.967189,37.55803211,ì¤_¦¼,ì¤_¦¼,1,104,30,0.190199131,0,10.006,0,0,0,2,0,0,0,2.5015,6.014346788,LINK_214675,214675,TRUE,phase6_ready_candidates_total_FINAL_237.csv,TRUE,TRUE,TRUE,[16],TRUE,TRUE,,,,,LINK_214675,RESTORED_SIGNAL_STRUCTURE_OK,FALSE
LINK_202373,126.9955624,37.55639461,__3ê°,__,1,104,30,0.183827697,0,7.658,0,0,0,0,0,0,0,1.9145,5.995698614,LINK_202373,202373,FALSE,NOT_IN_FINAL_237,,,,,,,,,,,,NOT_IN_RESTORED_237,FALSE
LINK_242039,127.0100712,37.56453365,ê´__2ê°,ê´__,1,104,30,0.180155918,0,8.168,0,0,0,0,0,0,0,2.042,5.952579933,LINK_242039,242039,FALSE,NOT_IN_FINAL_237,,,,,,,,,,,,NOT_IN_RESTORED_237,FALSE
LINK_142629,126.9639107,37.55912162,ì¤_¦¼,ì¤_¦¼,1,104,30,0.190199131,0,13.974,0,10,18,51,0.722222222,0,0,3.4935,5.9452198,LINK_142629,142629,TRUE,phase6_ready_candidates_total_FINAL_237.csv,TRUE,TRUE,TRUE,[9],TRUE,TRUE,,,,,LINK_142629,RESTORED_SIGNAL_STRUCTURE_OK,FALSE
LINK_220091,127.0101683,37.56454881,ê´__2ê°,ê´__,1,104,30,0.180155918,0,9.32,0,0,0,0,0,0,0,2.33,5.932635372,LINK_220091,220091,FALSE,NOT_IN_FINAL_237,,,,,,,,,,,,NOT_IN_RESTORED_237,FALSE
LINK_255158,126.9906045,37.56127519,ì¶©ë¬´ë¡3ê°,__,1,104,30,0.183827697,0,11.897,0,0,0,0,0,0,0,2.97425,5.922108477,LINK_255158,255158,TRUE,phase6_ready_candidates_total_FINAL_237.csv,TRUE,TRUE,TRUE,[3],TRUE,TRUE,,,,,LINK_255158,RESTORED_SIGNAL_STRUCTURE_OK,FALSE
LINK_132131,126.9661725,37.55857992,ì¤_¦¼,ì¤_¦¼,1,104,30,0.190199131,0,15.452,0,1,1,11,1,0,0,3.863,5.91967497,LINK_132131,132131,TRUE,phase6_ready_candidates_total_FINAL_237.csv,TRUE,TRUE,TRUE,[7],TRUE,TRUE,,,,,LINK_132131,RESTORED_SIGNAL_STRUCTURE_OK,FALSE
LINK_28733,127.0066028,37.5695936,_ë¡6ê°,ê´__,1,104,30,0.180155918,0,10.523,0,9,15,84,0.333333333,0,0,2.63075,5.911879173,LINK_28733,28733,FALSE,NOT_IN_FINAL_237,,,,,,,,,,,,NOT_IN_RESTORED_237,FALSE
LINK_203484,126.9903168,37.56287714,ì¶©ë¬´ë¡3ê°,__,1,104,30,0.183827697,0,12.976,0,0,0,0,0,0,0,3.244,5.903521415,LINK_203484,203484,TRUE,phase6_ready_candidates_total_FINAL_237.csv,TRUE,TRUE,TRUE,[16],TRUE,TRUE,,,,,LINK_203484,RESTORED_SIGNAL_STRUCTURE_OK,FALSE
LINK_110210,126.9903398,37.56269406,ì¶©ë¬´ë¡3ê°,__,1,104,30,0.183827697,0,13.154,0,0,0,0,0,0,0,3.2885,5.900460764,LINK_110210,110210,TRUE,phase6_ready_candidates_total_FINAL_237.csv,TRUE,TRUE,TRUE,[16],TRUE,TRUE,,,,,LINK_110210,RESTORED_SIGNAL_STRUCTURE_OK,FALSE
LINK_52434,126.9964103,37.55974619,__3ê°,__,1,104,30,0.183827697,0,13.31,0,0,0,0,0,0,0,3.3275,5.897779699,LINK_52434,52434,TRUE,phase6_ready_candidates_total_FINAL_237.csv,TRUE,TRUE,TRUE,[4],TRUE,TRUE,,,,,LINK_52434,RESTORED_SIGNAL_STRUCTURE_OK,FALSE
NODE_9851,126.9941432,37.5642568,¸í_1ê°,_ë¡__,1,104,30,0.155859607,0,10.438,0,0,0,0,0,2,0,2.6095,5.871770532,NODE_9851,9851,TRUE,phase6_ready_candidates_total_FINAL_237.csv,TRUE,TRUE,TRUE,[16],TRUE,TRUE,,,,,NODE_9851,RESTORED_SIGNAL_STRUCTURE_OK,FALSE
NODE_6693,126.9917612,37.56454959,ì´__,_ë¡__,1,104,30,0.155859607,0,10.438,0,0,0,0,0,2,0,2.6095,5.871770532,NODE_6693,6693,FALSE,NOT_IN_FINAL_237,,,,,,,,,,,,NOT_IN_RESTORED_237,FALSE
NODE_9852,126.9941604,37.564417,¸í_1ê°,_ë¡__,1,104,30,0.155859607,0,10.438,0,0,0,0,0,2,0,2.6095,5.871770532,NODE_9852,9852,TRUE,phase6_ready_candidates_total_FINAL_237.csv,TRUE,TRUE,TRUE,[16],TRUE,TRUE,,,,,NODE_9852,RESTORED_SIGNAL_STRUCTURE_OK,FALSE
NODE_122039,126.990137,37.56370671,2ê°,_ë¡__,1,104,30,0.155859607,0,10.438,0,0,0,0,0,2,0,2.6095,5.871770532,NODE_122039,122039,FALSE,NOT_IN_FINAL_237,,,,,,,,,,,,NOT_IN_RESTORED_237,FALSE
NODE_9722,126.9902808,37.56372961,2ê°,_ë¡__,1,104,30,0.155859607,0,10.438,0,0,0,0,0,2,0,2.6095,5.871770532,NODE_9722,9722,FALSE,NOT_IN_FINAL_237,,,,,,,,,,,,NOT_IN_RESTORED_237,FALSE
NODE_6692,126.9917325,37.56438252,ì´__,_ë¡__,1,104,30,0.155859607,0,10.438,0,0,0,0,0,2,0,2.6095,5.871770532,NODE_6692,6692,FALSE,NOT_IN_FINAL_237,,,,,,,,,,,,NOT_IN_RESTORED_237,FALSE
LINK_24125,126.9904622,37.56129005,ì¶©ë¬´ë¡3ê°,__,1,104,30,0.183827697,0,15.223,0,0,0,0,0,0,0,3.80575,5.865001189,LINK_24125,24125,FALSE,NOT_IN_FINAL_237,,,,,,,,,,,,NOT_IN_RESTORED_237,FALSE
LINK_43439,126.9970578,37.5602745,__3ê°,__,1,104,30,0.183827697,0,15.446,0,0,0,0,0,0,0,3.8615,5.861192046,LINK_43439,43439,TRUE,phase6_ready_candidates_total_FINAL_237.csv,TRUE,TRUE,TRUE,[4],TRUE,TRUE,,,,,LINK_43439,RESTORED_SIGNAL_STRUCTURE_OK,FALSE
LINK_174730,126.9953765,37.56425571,¸í_2ê°,ê´__,1,104,30,0.180155918,0,14.514,0,0,0,0,0,0,0,3.6285,5.843538342,LINK_174730,174730,TRUE,phase6_ready_candidates_total_FINAL_237.csv,TRUE,TRUE,TRUE,[16],TRUE,TRUE,,,,,LINK_174730,RESTORED_SIGNAL_STRUCTURE_OK,FALSE
LINK_211162,126.9961082,37.56425917,¸í_2ê°,ê´__,1,104,30,0.180155918,0,16.306,0,0,0,1,0,0,0,4.0765,5.813110155,LINK_211162,211162,TRUE,phase6_ready_candidates_total_FINAL_237.csv,TRUE,TRUE,TRUE,[9],TRUE,TRUE,,,,,LINK_211162,RESTORED_SIGNAL_STRUCTURE_OK,FALSE
LINK_232413,127.0003185,37.56449037,¤ì_,ê´__,1,104,30,0.180155918,0,16.812,0,0,0,1,0,0,0,4.203,5.804546989,LINK_232413,232413,TRUE,phase6_ready_candidates_total_FINAL_237.csv,TRUE,TRUE,TRUE,[16],TRUE,TRUE,,,,,LINK_232413,RESTORED_SIGNAL_STRUCTURE_OK,FALSE
NODE_5969,126.9787032,37.56457995,_³µ,_³µ,2,104,30,0.097727273,0,20.876,0,0,1,3,0,4,0,5.219,5.798766294,NODE_5969,5969,FALSE,NOT_IN_FINAL_237,,,,,,,,,,,,NOT_IN_RESTORED_237,FALSE
LINK_19804,127.0061432,37.56457031,ê´__1ê°,ê´__,1,104,30,0.180155918,0,17.753,0,0,0,0,0,0,0,4.43825,5.788655736,LINK_19804,19804,TRUE,phase6_ready_candidates_total_FINAL_237.csv,TRUE,TRUE,TRUE,[16],TRUE,TRUE,,,,,LINK_19804,RESTORED_SIGNAL_STRUCTURE_OK,FALSE
LINK_228468,127.0051571,37.5647214,ê´__1ê°,ê´__,1,104,30,0.180155918,0,18.084,0,0,0,0,0,0,0,4.521,5.783076282,LINK_228468,228468,FALSE,NOT_IN_FINAL_237,,,,,,,,,,,,NOT_IN_RESTORED_237,FALSE
LINK_19202,127.0219895,37.56812818,©í_,©í_,1,104,30,0.17178133,0,17.35,0,0,0,5,0,0,0,4.3375,5.720185148,LINK_19202,19202,TRUE,phase6_ready_candidates_total_FINAL_237.csv,TRUE,TRUE,TRUE,[2],TRUE,TRUE,,,,,LINK_19202,RESTORED_SIGNAL_STRUCTURE_OK,FALSE
NODE_5965,126.9782231,37.5645112,__ë¡2ê°,_³µ,2,104,30,0.097727273,0,20.876,0,1,1,3,0,3,0,5.219,5.709943332,NODE_5965,5965,FALSE,NOT_IN_FINAL_237,,,,,,,,,,,,NOT_IN_RESTORED_237,FALSE
NODE_5899,126.9791637,37.568038,ë¬´ê_,ëª__,2,104,30,0.235762762,0,20.876,0,0,0,18,0,2,1,5.219,5.661293205,NODE_5899,5899,FALSE,NOT_IN_FINAL_237,,,,,,,,,,,,NOT_IN_RESTORED_237,FALSE
LINK_68503,126.9902089,37.56371816,2ê°,_ë¡__,1,104,30,0.155859607,0,12.952,0,0,0,0,0,0,0,3.238,5.651719468,LINK_68503,68503,FALSE,NOT_IN_FINAL_237,,,,,,,,,,,,NOT_IN_RESTORED_237,FALSE
LINK_181677,126.988767,37.56463802,2ê°,_ë¡__,1,104,30,0.155859607,0,13.414,0,0,0,0,0,0,0,3.3535,5.644117506,LINK_181677,181677,FALSE,NOT_IN_FINAL_237,,,,,,,,,,,,NOT_IN_RESTORED_237,FALSE
LINK_219774,126.9941518,37.5643369,¸í_1ê°,_ë¡__,1,104,30,0.155859607,0,17.845,0,0,0,0,0,0,0,4.46125,5.571725103,LINK_219774,219774,TRUE,phase6_ready_candidates_total_FINAL_237.csv,TRUE,TRUE,TRUE,[16],TRUE,TRUE,,,,,LINK_219774,RESTORED_SIGNAL_STRUCTURE_OK,FALSE
LINK_258548,126.9917469,37.56446606,ì´__,_ë¡__,1,104,30,0.155859607,0,18.715,0,0,0,0,0,0,0,4.67875,5.557620723,LINK_258548,258548,FALSE,NOT_IN_FINAL_237,,,,,,,,,,,,NOT_IN_RESTORED_237,FALSE
NODE_5765,126.9746308,37.56051471,¨ëë¬¸ë_4ê°,_³µ,1,104,30,0.097727273,0,10.438,0,0,0,0,0,4,0,2.6095,5.530520242,NODE_5765,5765,FALSE,NOT_IN_FINAL_237,,,,,,,,,,,,NOT_IN_RESTORED_237,FALSE
NODE_119055,126.9688613,37.56340374,__,_³µ,1,104,30,0.097727273,0,10.438,0,5,11,37,0.545454545,4,0,2.6095,5.530520242,NODE_119055,119055,FALSE,NOT_IN_FINAL_237,,,,,,,,,,,,NOT_IN_RESTORED_237,FALSE
NODE_119573,126.9687817,37.56351224,_£¼ë¡1ê°,_³µ,1,104,30,0.097727273,0,10.438,0,5,7,36,0.428571429,4,0,2.6095,5.530520242,NODE_119573,119573,FALSE,NOT_IN_FINAL_237,,,,,,,,,,,,NOT_IN_RESTORED_237,FALSE
LINK_159011,126.9780506,37.56439217,__ë¡2ê°,_³µ,2,104,30,0.097727273,0,21.215,0,1,1,3,0,0,0,5.30375,5.446173242,LINK_159011,159011,FALSE,NOT_IN_FINAL_237,,,,,,,,,,,,NOT_IN_RESTORED_237,FALSE
NODE_5762,126.9748291,37.56068639,¨ëë¬¸ë_4ê°,_³µ,1,104,30,0.097727273,0,10.438,0,0,0,0,0,3,0,2.6095,5.445806155,NODE_5762,5762,FALSE,NOT_IN_FINAL_237,,,,,,,,,,,,NOT_IN_RESTORED_237,FALSE
NODE_5694,126.9733239,37.56537068,__,_³µ,1,104,30,0.097727273,0,10.438,0,0,0,0,0,3,0,2.6095,5.445806155,NODE_5694,5694,FALSE,NOT_IN_FINAL_237,,,,,,,,,,,,NOT_IN_RESTORED_237,FALSE
NODE_5660,126.9706769,37.56684158,__,_³µ,1,104,30,0.097727273,0,10.438,0,0,0,2,0,2,0,2.6095,5.362389682,NODE_5660,5660,FALSE,NOT_IN_FINAL_237,,,,,,,,,,,,NOT_IN_RESTORED_237,FALSE
NODE_5705,126.9729299,37.56562233,__,_³µ,1,104,30,0.097727273,0,10.438,0,0,0,0,0,2,0,2.6095,5.362389682,NODE_5705,5705,FALSE,NOT_IN_FINAL_237,,,,,,,,,,,,NOT_IN_RESTORED_237,FALSE
NODE_5658,126.9710565,37.56661282,__,_³µ,1,104,30,0.097727273,0,10.438,0,0,0,0,0,2,0,2.6095,5.362389682,NODE_5658,5658,TRUE,phase6_ready_candidates_total_FINAL_237.csv,TRUE,TRUE,TRUE,[9],TRUE,TRUE,,,,,NODE_5658,RESTORED_SIGNAL_STRUCTURE_OK,FALSE
NODE_9637,126.9698658,37.56765838,__,_³µ,1,104,30,0.097727273,0,10.438,0,0,6,35,1,2,0,2.6095,5.362389682,NODE_9637,9637,FALSE,NOT_IN_FINAL_237,,,,,,,,,,,,NOT_IN_RESTORED_237,FALSE
NODE_9636,126.970047,37.56738612,__,_³µ,1,104,30,0.097727273,0,10.438,0,0,0,30,0,2,0,2.6095,5.362389682,NODE_9636,9636,TRUE,phase6_ready_candidates_total_FINAL_237.csv,TRUE,TRUE,TRUE,[7],TRUE,TRUE,,,,,NODE_9636,RESTORED_SIGNAL_STRUCTURE_OK,FALSE
NODE_5661,126.9702627,37.56715272,__,_³µ,1,104,30,0.097727273,0,10.438,0,0,0,24,0,2,0,2.6095,5.362389682,NODE_5661,5661,FALSE,NOT_IN_FINAL_237,,,,,,,,,,,,NOT_IN_RESTORED_237,FALSE
LINK_200000,126.9732805,37.56532162,__,_³µ,1,104,30,0.097727273,0,13.319,0,0,0,0,0,0,0,3.32975,5.155912545,LINK_200000,200000,FALSE,NOT_IN_FINAL_237,,,,,,,,,,,,NOT_IN_RESTORED_237,FALSE
LINK_197211,126.9688215,37.56345799,_£¼ë¡1ê°,_³µ,1,104,30,0.097727273,0,13.944,0,5,10,36,0.5,0,0,3.486,5.146532918,LINK_197211,197211,FALSE,NOT_IN_FINAL_237,,,,,,,,,,,,NOT_IN_RESTORED_237,FALSE
LINK_12182,126.9720514,37.56607411,__,_³µ,1,104,30,0.097727273,0,14.48,0,0,0,0,0,0,0,3.62,5.138502542,LINK_12182,12182,FALSE,NOT_IN_FINAL_237,,,,,,,,,,,,NOT_IN_RESTORED_237,FALSE
LINK_256461,126.9710191,37.56655331,__,_³µ,1,104,30,0.097727273,0,14.767,0,0,0,0,0,0,0,3.69175,5.134207848,LINK_256461,256461,TRUE,phase6_ready_candidates_total_FINAL_237.csv,TRUE,TRUE,TRUE,[10],TRUE,TRUE,,,,,LINK_256461,RESTORED_SIGNAL_STRUCTURE_OK,FALSE
LINK_198792,126.9728767,37.5655674,__,_³µ,1,104,30,0.097727273,0,15.394,0,0,0,0,0,0,0,3.8485,5.124837844,LINK_198792,198792,FALSE,NOT_IN_FINAL_237,,,,,,,,,,,,NOT_IN_RESTORED_237,FALSE
LINK_191788,126.970188,37.56710922,__,_³µ,1,104,30,0.097727273,0,16.359,0,0,0,24,0,0,0,4.08975,5.110450108,LINK_191788,191788,FALSE,NOT_IN_FINAL_237,,,,,,,,,,,,NOT_IN_RESTORED_237,FALSE
LINK_112565,126.9715266,37.5663372,__,_³µ,1,104,30,0.097727273,0,16.729,0,0,0,0,0,0,0,4.18225,5.104944286,LINK_112565,112565,FALSE,NOT_IN_FINAL_237,,,,,,,,,,,,NOT_IN_RESTORED_237,FALSE
LINK_164302,126.9706136,37.56677978,__,_³µ,1,104,30,0.097727273,0,17.693,0,0,0,2,0,0,0,4.42325,5.090627231,LINK_164302,164302,FALSE,NOT_IN_FINAL_237,,,,,,,,,,,,NOT_IN_RESTORED_237,FALSE
LINK_281203,126.9697709,37.56762517,__,_³µ,1,104,30,0.097727273,0,18.311,0,0,7,33,1,0,0,4.57775,5.081469999,LINK_281203,281203,FALSE,NOT_IN_FINAL_237,,,,,,,,,,,,NOT_IN_RESTORED_237,FALSE
NODE_74237,127.0067675,37.56960271,_ë¡6ê°,ê´__,1,104,30,0.180155918,0,10.438,0,10,16,81,0.375,3,1,2.6095,5.027490786,NODE_74237,74237,FALSE,NOT_IN_FINAL_237,,,,,,,,,,,,NOT_IN_RESTORED_237,FALSE
NODE_74238,127.0066624,37.56959363,_ë¡6ê°,ê´__,1,104,30,0.180155918,0,10.438,0,9,15,83,0.333333333,3,1,2.6095,5.027490786,NODE_74238,74238,FALSE,NOT_IN_FINAL_237,,,,,,,,,,,,NOT_IN_RESTORED_237,FALSE
LINK_63383,126.9747535,37.56057709,¨ëë¬¸ë_4ê°,_³µ,1,104,30,0.097727273,0,28.84,0,0,0,0,0,0,0,7.21,4.927963093,LINK_63383,63383,FALSE,NOT_IN_FINAL_237,,,,,,,,,,,,NOT_IN_RESTORED_237,FALSE
LINK_200788,127.0067149,37.56959817,_ë¡6ê°,ê´__,1,104,30,0.180155918,0,9.343,0,10,15,82,0.333333333,0,1,2.33575,4.815321844,LINK_200788,200788,FALSE,NOT_IN_FINAL_237,,,,,,,,,,,,NOT_IN_RESTORED_237,FALSE
NODE_5967,126.9782317,37.56440822,_³µ,_³µ,2,104,30,0.097727273,0,20.876,0,1,1,3,0,4,1,5.219,4.70698018,NODE_5967,5967,FALSE,NOT_IN_FINAL_237,,,,,,,,,,,,NOT_IN_RESTORED_237,FALSE
NODE_5968,126.9787866,37.56448613,_³µ,_³µ,2,104,30,0.097727273,0,20.876,0,0,1,3,0,4,1,5.219,4.70698018,NODE_5968,5968,FALSE,NOT_IN_FINAL_237,,,,,,,,,,,,NOT_IN_RESTORED_237,FALSE
NODE_5927,126.9779356,37.56441961,__ë¡2ê°,_³µ,2,104,30,0.097727273,1,20.876,0,1,2,3,0,4,1,5.219,4.70698018,NODE_5927,5927,FALSE,NOT_IN_FINAL_237,,,,,,,,,,,,NOT_IN_RESTORED_237,FALSE
NODE_5964,126.9781656,37.56436473,_³µ,_³µ,2,104,30,0.097727273,0,20.876,0,1,1,3,0,4,1,5.219,4.70698018,NODE_5964,5964,FALSE,NOT_IN_FINAL_237,,,,,,,,,,,,NOT_IN_RESTORED_237,FALSE
LINK_173857,126.9782274,37.56445971,__ë¡2ê°,_³µ,2,104,30,0.097727273,0,11.455,0,1,1,3,0,0,1,2.86375,4.548279555,LINK_173857,173857,FALSE,NOT_IN_FINAL_237,,,,,,,,,,,,NOT_IN_RESTORED_237,FALSE
NODE_10353,126.9961065,37.56855927,°ë¦¼,_ë¡__,2,104,30,0.155859607,0,20.876,0,0,7,21,0.142857143,,0,5.219,,NODE_10353,10353,TRUE,phase6_ready_candidates_total_FINAL_237.csv,TRUE,TRUE,TRUE,[5],TRUE,TRUE,,,,,NODE_10353,RESTORED_SIGNAL_STRUCTURE_OK,FALSE
NODE_10358,127.0002539,37.56912689,ì£¼ê_,_ë¡__,2,104,30,0.155859607,0,20.876,0,1,3,40,0,,0,5.219,,NODE_10358,10358,TRUE,phase6_ready_candidates_total_FINAL_237.csv,TRUE,TRUE,TRUE,[2],TRUE,TRUE,,,,,NODE_10358,RESTORED_SIGNAL_STRUCTURE_OK,FALSE
NODE_9639,126.9715741,37.56640243,__,_³µ,1,104,30,0.097727273,0,10.438,0,0,0,0,0,,0,2.6095,,NODE_9639,9639,FALSE,NOT_IN_FINAL_237,,,,,,,,,,,,NOT_IN_RESTORED_237,FALSE
NODE_15219,126.9662099,37.55864287,ì¤_¦¼,ì¤_¦¼,1,104,30,0.190199131,0,10.438,0,1,1,14,1,,0,2.6095,,NODE_15219,15219,TRUE,phase6_ready_candidates_total_FINAL_237.csv,TRUE,TRUE,TRUE,[7],TRUE,TRUE,,,,,NODE_15219,RESTORED_SIGNAL_STRUCTURE_OK,FALSE
NODE_8028,127.0072929,37.54723913,__,ì²µ¬,,,,0.247846802,0,,0,0,0,0,0,,,,,NODE_8028,8028,FALSE,NOT_IN_FINAL_237,,,,,,,,,,,,NOT_IN_RESTORED_237,FALSE
NODE_8029,127.00729,37.54718192,__,ì²µ¬,,,,0.247846802,0,,0,0,0,0,0,,,,,NODE_8029,8029,FALSE,NOT_IN_FINAL_237,,,,,,,,,,,,NOT_IN_RESTORED_237,FALSE
NODE_8030,127.0069969,37.54730323,__,ì²µ¬,,,,0.247846802,0,,0,0,0,0,0,,,,,NODE_8030,8030,FALSE,NOT_IN_FINAL_237,,,,,,,,,,,,NOT_IN_RESTORED_237,FALSE
NODE_8031,127.0070802,37.54737188,__,ì²µ¬,,,,0.247846802,0,,0,0,0,0,0,,,,,NODE_8031,8031,FALSE,NOT_IN_FINAL_237,,,,,,,,,,,,NOT_IN_RESTORED_237,FALSE
NODE_14423,126.9661352,37.55851698,ì¤_¦¼,ì¤_¦¼,1,104,30,0.190199131,0,10.438,0,1,1,8,1,,0,2.6095,,NODE_14423,14423,TRUE,phase6_ready_candidates_total_FINAL_237.csv,TRUE,TRUE,TRUE,[7],TRUE,TRUE,,,,,NODE_14423,RESTORED_SIGNAL_STRUCTURE_OK,FALSE
NODE_23040,126.9733321,37.55442693,ë´__2ê°,__,,,,0.294659686,0,,0,0,2,29,0.5,4,,,,NODE_23040,23040,TRUE,phase6_ready_candidates_total_FINAL_237.csv,TRUE,TRUE,TRUE,[2],TRUE,TRUE,UNAVAILABLE,PASS,PHASE6_READY_CONFIRMED,PASS,NODE_23040,RESTORED_PHASE6_READY,TRUE
NODE_57739,126.9787295,37.55332153,¨ëë¬¸ë_5ê°,__,1,104,30,0.294659686,0,10.438,0,0,0,7,0,,0,2.6095,,NODE_57739,57739,FALSE,NOT_IN_FINAL_237,,,,,,,,,,,,NOT_IN_RESTORED_237,FALSE
NODE_5844,126.9757435,37.55978948,¨ëë¬¸ë_4ê°,_³µ,1,104,50,0.097727273,0,10.438,0,0,0,0,0,,0,2.6095,,NODE_5844,5844,FALSE,NOT_IN_FINAL_237,,,,,,,,,,,,NOT_IN_RESTORED_237,FALSE
NODE_5845,126.9759304,37.55978494,¨ì°½,__,3,104,50,0.294659686,0,31.314,0,0,0,0,0,,0,7.8285,,NODE_5845,5845,FALSE,NOT_IN_FINAL_237,,,,,,,,,,,,NOT_IN_RESTORED_237,FALSE
NODE_5909,126.9735289,37.55430635,¨ëë¬¸ë_5ê°,__,4,104,50,0.294659686,0,41.752,0,0,3,34,0.666666667,,0,10.438,,NODE_5909,5909,TRUE,phase6_ready_candidates_total_FINAL_237.csv,TRUE,TRUE,TRUE,[2],TRUE,TRUE,UNAVAILABLE,PASS,PHASE6_READY_CONFIRMED,PASS,NODE_5909,RESTORED_PHASE6_READY,TRUE
NODE_5862,126.9753009,37.55690743,¨ëë¬¸ë_5ê°,__,3,104,50,0.294659686,0,31.314,0,0,0,0,0,,0,7.8285,,NODE_5862,5862,FALSE,NOT_IN_FINAL_237,,,,,,,,,,,,NOT_IN_RESTORED_237,FALSE
NODE_5634,126.9640278,37.55298154,ë§_¦¬2ê°,ì¤_¦¼,2,104,50,0.190199131,0,20.876,1,1,3,13,0.666666667,,0,5.219,,NODE_5634,5634,FALSE,NOT_IN_FINAL_237,,,,,,,,,,,,NOT_IN_RESTORED_237,FALSE
NODE_5701,126.9720011,37.56602261,__,_³µ,1,104,50,0.097727273,0,10.438,0,0,0,0,0,,0,2.6095,,NODE_5701,5701,FALSE,NOT_IN_FINAL_237,,,,,,,,,,,,NOT_IN_RESTORED_237,FALSE
NODE_5702,126.9721017,37.56612562,__,_³µ,1,104,30,0.097727273,0,10.438,0,0,0,0,0,,0,2.6095,,NODE_5702,5702,FALSE,NOT_IN_FINAL_237,,,,,,,,,,,,NOT_IN_RESTORED_237,FALSE
NODE_119590,126.9714792,37.56627196,__,_³µ,1,104,50,0.097727273,0,10.438,0,0,0,0,0,,0,2.6095,,NODE_119590,119590,FALSE,NOT_IN_FINAL_237,,,,,,,,,,,,NOT_IN_RESTORED_237,FALSE
NODE_6167,126.979547,37.5540128,¨ëë¬¸ë_5ê°,__,3,104,50,0.294659686,0,31.314,1,0,0,0,0,,1,7.8285,,NODE_6167,6167,FALSE,NOT_IN_FINAL_237,,,,,,,,,,,,NOT_IN_RESTORED_237,FALSE
NODE_6886,126.994508,37.56834179,__,_ë¡__,2,104,30,0.155859607,0,20.876,0,0,9,23,0.111111111,,0,5.219,,NODE_6886,6886,FALSE,NOT_IN_FINAL_237,,,,,,,,,,,,NOT_IN_RESTORED_237,FALSE
NODE_6888,126.9961065,37.56847001,°ë¦¼,_ë¡__,2,104,30,0.155859607,0,20.876,0,0,6,21,0.166666667,,0,5.219,,NODE_6888,6888,TRUE,phase6_ready_candidates_total_FINAL_237.csv,TRUE,TRUE,TRUE,[5],TRUE,TRUE,,,,,NODE_6888,RESTORED_SIGNAL_STRUCTURE_OK,FALSE
NODE_123602,127.0045795,37.56944033,ë°©ì_,_ë¡__,2,104,30,0.155859607,0,20.876,0,1,7,79,0.285714286,,0,5.219,,NODE_123602,123602,FALSE,NOT_IN_FINAL_237,,,,,,,,,,,,NOT_IN_RESTORED_237,FALSE
NODE_6428,126.9806103,37.5552259,__1ê°,__,4,104,40,0.294659686,0,41.752,1,0,0,0,0,,1,10.438,,NODE_6428,6428,FALSE,NOT_IN_FINAL_237,,,,,,,,,,,,NOT_IN_RESTORED_237,FALSE
NODE_6429,126.9819068,37.55487825,__1ê°,__,1,104,50,0.294659686,0,10.438,1,0,0,0,0,,0,2.6095,,NODE_6429,6429,FALSE,NOT_IN_FINAL_237,,,,,,,,,,,,NOT_IN_RESTORED_237,FALSE
NODE_6459,126.9887425,37.56469523,2ê°,_ë¡__,1,104,30,0.155859607,0,10.438,0,0,0,0,0,,0,2.6095,,NODE_6459,6459,FALSE,NOT_IN_FINAL_237,,,,,,,,,,,,NOT_IN_RESTORED_237,FALSE
NODE_7640,127.004581,37.56958679,ë°©ì_,_ë¡__,2,104,30,0.155859607,0,20.876,0,4,7,92,0.285714286,,0,5.219,,NODE_7640,7640,FALSE,NOT_IN_FINAL_237,,,,,,,,,,,,NOT_IN_RESTORED_237,FALSE
NODE_77086,127.0072872,37.5472849,__,ì²µ¬,,,,0.247846802,0,,0,0,0,0,0,,,,,NODE_77086,77086,FALSE,NOT_IN_FINAL_237,,,,,,,,,,,,NOT_IN_RESTORED_237,FALSE
NODE_9874,126.9945108,37.5684196,__,_ë¡__,2,104,30,0.155859607,0,20.876,0,0,9,25,0.111111111,,0,5.219,,NODE_9874,9874,FALSE,NOT_IN_FINAL_237,,,,,,,,,,,,NOT_IN_RESTORED_237,FALSE
NODE_177916,126.9735937,37.55430798,¨ëë¬¸ë_5ê°,__,4,104,50,0.294659686,0,41.752,0,0,3,34,0.666666667,,0,10.438,,NODE_177916,177916,TRUE,phase6_ready_candidates_total_FINAL_237.csv,TRUE,TRUE,TRUE,[2],TRUE,TRUE,UNAVAILABLE,PASS,PHASE6_READY_CONFIRMED,PASS,NODE_177916,RESTORED_PHASE6_READY,TRUE
NODE_10090,126.9807597,37.55538154,__1ê°,__,4,104,40,0.294659686,0,41.752,1,0,0,0,0,,0,10.438,,NODE_10090,10090,FALSE,NOT_IN_FINAL_237,,,,,,,,,,,,NOT_IN_RESTORED_237,FALSE
NODE_9362,127.0179337,37.56004692,__,ì²µ¬,2,104,40,0.247846802,0,20.876,1,0,0,0,0,,0,5.219,,NODE_9362,9362,FALSE,NOT_IN_FINAL_237,,,,,,,,,,,,NOT_IN_RESTORED_237,FALSE
NODE_9363,127.0179164,37.55987986,__,ì²µ¬,2,104,40,0.247846802,0,20.876,1,0,0,0,0,,0,5.219,,NODE_9363,9363,FALSE,NOT_IN_FINAL_237,,,,,,,,,,,,NOT_IN_RESTORED_237,FALSE
NODE_9715,126.9887914,37.56458081,2ê°,_ë¡__,1,104,30,0.155859607,0,10.438,0,0,0,0,0,,0,2.6095,,NODE_9715,9715,FALSE,NOT_IN_FINAL_237,,,,,,,,,,,,NOT_IN_RESTORED_237,FALSE
NODE_74430,126.9797339,37.55393731,¨ëë¬¸ë_5ê°,__,3,104,50,0.294659686,0,31.314,1,0,0,0,0,,0,7.8285,,NODE_74430,74430,FALSE,NOT_IN_FINAL_237,,,,,,,,,,,,NOT_IN_RESTORED_237,FALSE
NODE_10343,126.9809449,37.5689081,¤ë_,ëª__,2,104,50,0.235762762,0,20.876,0,2,5,94,0.6,,0,5.219,,NODE_10343,10343,FALSE,NOT_IN_FINAL_237,,,,,,,,,,,,NOT_IN_RESTORED_237,FALSE
NODE_10344,126.9809431,37.56881411,¤ë_,ëª__,2,104,50,0.235762762,0,20.876,0,2,5,84,0.6,,0,5.219,,NODE_10344,10344,FALSE,NOT_IN_FINAL_237,,,,,,,,,,,,NOT_IN_RESTORED_237,FALSE
LINK_120283,127.0070385,37.54733755,__,ì²µ¬,,,,0.247846802,0,10.598,0,0,0,0,0,0,,2.6495,,LINK_120283,120283,FALSE,NOT_IN_FINAL_237,,,,,,,,,,,,NOT_IN_RESTORED_237,FALSE
LINK_242837,127.0072915,37.54721053,__,ì²µ¬,,,,0.247846802,0,6.355,0,0,0,0,0,0,,1.58875,,LINK_242837,242837,FALSE,NOT_IN_FINAL_237,,,,,,,,,,,,NOT_IN_RESTORED_237,FALSE
LINK_133510,127.00729,37.54726202,__,ì²µ¬,,,,0.247846802,0,5.105,0,0,0,0,0,0,,1.27625,,LINK_133510,133510,FALSE,NOT_IN_FINAL_237,,,,,,,,,,,,NOT_IN_RESTORED_237,FALSE
,,,,,,,,,,,,,,,,,,,,,,1,,,,,,,,,,,,,,