accident_id,crosswalk_id,match_dist_m
2010034712,252909,18.94593588068561
2010050165,155807,97.17743717187373
2010054330,169591,4.006408147211921
2010089070,122055,5.19591415182348
2010091200,134138,15.971368138259733
2010116555,157338,11.572993786336454
2010120072,93317,15.57545415321156
2010126218,52989,4.22230784544932
2010129858,135652,85.50130926864499
2010132483,165578,11.23750915647987
2010142929,157636,7.484468907936693
2010144408,7593,10.698667638593426
2010149721,193404,71.15177665073043
2010152616,131759,19.477050368725813
2010162466,214782,3.584097879135149
2010166723,167412,75.21874886321532
2010168046,138850,19.40628052029656
2010183066,49643,10.212576092554121
2010188026,185901,5.156889958581442
2010188933,161247,9.274331170883457
2010201206,152896,16.460516117410684
2010202250,237251,47.08796553618719
2010217864,195183,39.85328894494505
2010224030,131971,41.04571853554535
2011009011,133599,16.99108547510651
2011019726,56266,51.13744147217928
2011044434,94417,27.968901540890542
2011062311,23143,14.419871739856504
2011063328,267784,3.45672013090661
2011064717,70678,0.8772811815971744
2011067684,159538,20.186806659566564
2011074565,273774,19.237043979060775
2011075821,87925,24.566747134295028
2011077455,162082,35.034212592938864
2011121073,156495,35.437445279595416
2011136818,148124,3.3023929853390284
2011140409,150740,67.01069684828778
2011165879,153989,6.698892836443118
2011168397,125608,1.5264852664460264
2011173863,31895,6.891847220519361
2011177995,24141,24.835305421229293
2011183023,147537,21.43955009306141
2011183771,168927,4.718855540639532
2011183973,135957,73.812582474582
2011187143,80008,6.997350114058367
2011198232,131759,29.578496996207758
2011214849,137719,12.530479314789819
2011216288,127555,6.196225821884544
2011216778,160470,28.74314213133166
2012000549,85634,4.096261959889578
2012000559,137387,61.305971883573015
2012002160,14253,99.51692868613755
2012050478,125854,4.662513531557861
2012050946,154042,18.1691539048011
2012065922,184046,20.785915456507997
2012068192,137724,84.08338578522886
2012082385,184046,4.939233231577654
2012084424,134163,6.679231915859558
2012099522,220265,3.8173520969206938
2012116245,193122,10.818190917135476
2012117339,168944,5.99059072453774
2012151441,164708,4.702139005246669
2012178439,167300,8.666999731120603
2012193161,216273,15.870831286826604
2012204973,136704,10.405431454141048
2012205417,152889,24.394287839695682
2012206675,98145,8.366497938217837
2012207653,10345,11.772461759104226
2013004903,167299,12.355794363989782
2013008182,100347,42.53046441434517
2013014978,87925,6.83533308998802
2013018015,129419,4.715592368690297
2013032213,216266,13.930880393452753
2013036013,132275,21.600817948094612
2013037371,66737,5.410082629953325
2013070440,138171,11.781728894667244
2013089208,10780,54.7012014807033
2013100947,71724,82.64951125442637
2013108718,10422,9.615362743644445
2013123178,135986,81.81231290079596
2013137963,129194,18.533252911976426
2013200048,14175,44.406183812208404
2013204302,93330,5.695910957669779
2013204329,90582,47.36636898647096
2013212908,77628,21.73812300007036
2014015954,131944,92.25813089890359
2014035596,136740,37.449913177774356
2014041700,51805,5.45956469398725
2014043162,256722,45.66964993104495
2014076635,132973,16.331551299474693
2014090099,148151,37.338512222161455
2014101588,137724,77.21066761527659
2014130941,154032,24.852997317718405
2014135889,130200,6.277958030105375
2014139088,162641,10.23435925589611
2014156832,46625,28.319056823284818
2014162414,47922,29.232326505799165
2014166608,133599,18.523703833252327
2014167414,136375,4.40685320348649
2014169144,239563,1.5978043633477994
2014171899,128244,9.5004327318049
2014178396,127748,26.081276344953373
2014178429,135348,67.51749237467243
2014191751,263491,31.490225483935575
2014195877,252909,12.41106489667755
2014221033,250228,10.846273173767011
2015002204,127891,21.601408091832916
2015008973,157355,23.769361838395106
2015011849,136949,14.750830953159724
2015013010,130296,35.10053750325493
2015017867,158263,9.543810987848758
2015037048,238424,5.0514505455200025
2015041293,129193,16.818327897705057
2015049379,164206,3.54519432178787
2015070370,135708,14.393190810998295
2015077042,193404,28.14822516087934
2015085406,133506,10.311083642352962
2015101413,129475,39.26748127822166
2015101608,200631,6.784311351257252
2015108235,270468,13.216091275078808
2015114466,10357,19.355653599322313
2015115786,83851,46.67308108464068
2015119697,136508,9.399487726295632
2015121845,83851,15.34098470831734
2015127152,209085,63.050702683772776
2015149247,130127,28.002792630758503
2015152027,133590,19.1530045224908
2015159060,41617,19.33280148986523
2015159322,152889,13.792557324792924
2015166119,10365,7.07193916752734
2015171885,135569,29.49803882326275
2015185330,214782,9.675364338277827
2015188943,170330,1.9253282238304579
2015189573,214782,8.768377144507962
2015212219,160675,40.753460328101575
2015212971,134883,7.294903100350782
2015223808,1052,1.5034355170001028
2016000505,67035,20.966927571536907
2016026350,145501,80.9928256746737
2016037433,147577,60.04978620685555
2016040367,160470,15.668512497053374
2016052315,134276,41.88911345265656
2016074222,239276,12.878615889510318
2016075414,167300,16.179827166809446
2016083483,152896,38.40940187917312
2016114855,240928,31.285859966141707
2016128075,73936,29.067683344059855
2016133002,215419,6.33653333239906
2016146818,35982,92.53371867649881
2016155608,207788,12.172814329481785
2016156320,70678,9.80406546197823
2016157412,126044,11.408657618506188
2016164863,134276,23.9766888211326
2016172156,154032,17.892028983538847
2016174875,215449,7.689410731824331
2016180100,147529,3.5941370983686474
2016203175,148149,13.742143509517543
2016210640,165577,27.032467498365893
2016212187,135665,9.502674098288146
2017008840,133546,9.31956886484788
2017027972,141603,57.053926453715995
2017040136,94417,36.20264534301251
2017046019,131893,52.97370817102779
2017056250,167190,86.37366305044677
2017061321,168944,21.518444411738752
2017070657,153189,17.244909309323354
2017070805,133546,56.14676334878317
2017079108,133599,67.49976327505524
2017084044,209721,76.85108468136488
2017089065,24141,50.84535048888257
2017104463,258819,10.702966602432879
2017114435,93307,11.755061366384107
2017121961,38854,9.272948948282812
2017134514,195179,33.566049193307535
2017140727,259170,8.067267296819365
2017155711,135352,6.63807090138725
2017156228,160466,25.303597885054458
2017165596,226728,15.615274333224638
2017180950,136703,65.4598333299754
2017181162,130200,1.3587964933595107
2017203249,270468,8.774791743558064
2017209083,134872,6.593832169105187
2017209707,250228,2.4106170261361672
2018007423,127553,15.719935495146903
2018007832,136552,72.96349250042724
2018009518,209085,14.703562440537295
2018011186,53993,16.847531580464228
2018019217,214782,23.136202211208285
2018029380,139560,5.840326563319769
2018039585,147577,94.48086972552476
2018050117,60633,8.240126547734672
2018057673,128426,74.32493368529563
2018083713,138850,19.443070585534667
2018089690,135658,4.067267457219127
2018093823,70678,10.599885788967303
2018099028,132926,7.041462231844666
2018112797,73936,91.4584419295678
2018115283,132649,5.707154192573761
2018124508,134317,11.84651146370965
2018131049,215418,7.819046287515397
2018136940,127555,47.01597099324642
2018148523,152889,3.1920294271507434
2018158781,10780,60.545229243978945
2018170992,129193,41.997443401636836
2018173445,159538,36.03014106055344
2018177542,215448,18.31137831196987
2018183723,137969,1.5790360747328156
2018199004,259170,21.981075900863836
2018213021,130127,31.055417991407282
2018215101,245910,5.066817171384197
2018217069,166997,95.90639773628423
2019000233,133994,90.64706360885029
2019003548,70971,4.968806587824305
2019007168,127557,15.781942990514677
2019009157,147572,10.755544399843169
2019037089,99959,60.327371995971326
2019046253,238424,5.696598511427472
2019046793,167186,77.23694782117042
2019048768,157338,75.99301361517296
2019061090,169591,9.279607215434488
2019102801,137068,7.333240781183623
2019132230,14182,12.053618454868438
2019143543,127553,20.390152658010333
2019144949,193404,71.44953475361555
2019145176,135393,55.00478626763279
2019174082,130954,26.413967622955536
2019183043,160675,7.448863824228297
2019208041,215418,16.36448311716726
2019221843,130954,20.153670317693173
2020027815,87925,14.094704295408324
2020030265,160470,27.901034365074423
2020037023,237251,74.84238779654693
2020070376,41617,17.158697982373237
2020089348,173914,11.380879480169346
2020094210,152915,43.02674440059394
2020113715,154033,59.27387893212329
2020117720,281409,10.190285536939752
2020134369,138171,4.98270368886739
2020168452,167289,7.520008065449815
2020201928,129193,34.220894598656024
2021000739,113583,2.8715774529247184
2021002738,136740,2.0758036202271057
2021005054,90138,9.72577498186373
2021031718,17315,3.2794287714093704
2021037282,10360,26.80290262436643
2021062400,136998,66.0037940882489
2021077998,135652,99.35177004159836
2021081241,239276,30.95143511326751
2021092767,168944,13.824911935017393
2021106157,178087,4.798115001435762
2021119588,187749,8.965010372602435
2021119939,153185,4.363799081081922
2021128011,130296,12.422548060084482
2021131507,167412,8.854146895819026
2021154969,137021,0.2054432493921151
2021164755,193404,98.85857040712551
2021165770,181665,23.237662869438456
2021169953,127555,4.604261729580602
2021185028,93326,49.80275591161491
2021201986,133523,12.819142449445776
2022009086,135395,11.655274833479476
2022016073,213901,8.06809230440156
2022029021,18015,12.2677574275229
2022029681,175475,22.829249543662698
2022030877,136429,4.569861807410153
2022066450,256181,1.1137850825711144
2022096741,210748,0.4751702004465572
2022100391,134100,7.964071254704064
2022117554,162082,6.818774813938282
2022121309,270562,7.6362161476999795
2022131542,134871,2.069006693679983
2022142109,136431,60.33760754269621
2022147407,154032,4.936588275830022
2022179091,154033,57.300059433378486
2022185205,87313,3.1641591066761534
2023005468,136431,47.26796555230875
2023009318,134276,50.33014645387496
2023010214,168830,6.274643652024177
2023024010,135708,5.863283327130318
2023027378,14182,11.656285457194567
2023030295,72212,19.379360320147608
2023047809,133001,28.1096783626239
2023051114,147577,26.37123146765763
2023058435,136659,4.88850646147196
2023063369,185901,33.01071386906584
2023102421,190378,0.8644691606166786
2023119805,128244,15.300284635935494
2023125994,167341,12.472106988212438
2023129530,85634,6.289477823682377
2023157658,221070,4.159916637982493
2023177115,238424,4.346199566201596
2023182632,135665,1.2374124598709428
2023196290,219156,1.8585780962298746
2024001735,133704,4.028841937674887
2024020036,127553,19.8796771684133
2024022567,46625,39.5340716259907
2024048732,137387,80.68875995897614
2024052246,220265,3.537319507665189
2024062573,167001,49.17251340233965
2024067488,134586,15.522131427793772
2024068797,93717,1.3431380663990289
2024087206,148059,12.048752827010434
2024091845,127555,24.479490200178994
2024098053,109550,5.4555536910784985
2024098997,80080,2.244538936521044
2024100208,136998,26.315603888245448
2024113139,134275,91.33160901362578
2024114278,228877,21.20350749833885
2024115462,137069,43.81281018116887
2024125312,159697,31.827327407213797
2024136101,134276,42.41958609811522
2024149155,159704,71.92506650519809
2024161206,97837,16.46682950968537
2024167450,138186,2.180231709858578
2024169344,136634,2.885058167263966
2024170339,134884,9.292513046983865
2024178260,238424,5.36446175280005
2024179982,29878,6.201472523415245
2010011484,195961,45.397678588282744
2010022392,247304,10.658003864356942
2010025799,139905,5.966763560296616
2010031583,2480,9.129176057980246
2010038461,239561,4.576705455737279
2010044156,137621,41.809658419777065
2010049425,191412,26.146798444477085
2010071260,162847,62.55279528487194
2010072436,63834,17.559311264468807
2010094964,179098,13.943491002105358
2010103096,19529,43.255830727148684
2010122861,56792,5.153844641532009
2010135052,3919,22.70206473612786
2010141841,75580,97.19427681006806
2010150636,162879,28.76060960807738
2010178499,218980,17.431522418759368
2010185300,142907,0.7463764207619994
2010190591,183539,22.67464110018113
2010200603,63330,28.300149081379033
2010213219,65931,85.42062297299161
2010217584,125782,21.550232714202842
2010217900,157842,11.712972610319603
2010222028,162937,67.47139825515238
2011023215,63692,38.33508029947497
2011048591,66653,43.25672591642102
2011052155,152749,86.5761675159607
2011075748,67004,15.16614190812602
2011105506,120491,1.6488615317911524
2011151136,152806,1.9765837993213873
2011154059,253216,16.943300370006053
2011165962,165612,71.89676425290634
2012006913,247304,10.414811038356207
2012022665,165612,31.674644209554035
2012039869,165612,67.93535578107307
2012056957,137616,7.8572458081773835
2012058760,82761,37.42654515112729
2012117965,66660,30.471795205035804
2012181793,64459,20.933715421361754
2012194667,143325,89.07208657663303
2013012244,29835,17.53141308725441
2013052950,148688,38.99595225547434
2013055019,90067,4.806076574916961
2013088173,129496,53.18428493499007
2013090284,192808,6.171164925215704
2013122423,142907,18.579068214188432
2013159556,63562,43.255017224111825
2013162607,63658,50.21861202209145
2013191854,157741,10.936031147332427
2013200179,164262,14.000626630618658
2014004954,143188,73.6527890920365
2014006031,152061,12.073720699587442
2014013291,74387,24.935700209050687
2014018545,90067,1.2951895428492777
2014024568,120491,17.52682638911163
2014034434,228801,13.841073534171347
2014034887,157303,49.184250280203166
2014054596,162794,9.915876297516972
2014075881,82761,37.12243754629017
2014109424,94301,6.626266449855714
2014115706,204463,13.67579326021296
2014141221,164307,20.307775004552262
2014148670,178841,8.941558197108005
2014152462,84186,25.019222123463123
2014158765,151933,7.754865431685182
2014176763,57788,8.815118861793318
2014188403,169584,11.348355152715898
2014210945,156447,3.0822036014019996
2014215455,125783,49.5660280676993
2015005106,164263,1.1533570831870448
2015018873,64738,9.745917431200958
2015081730,119849,8.74645343186772
2015084321,63923,9.21025068130675
2015090789,65407,59.45754185638239
2015105218,212267,1.0446537420764619
2015123795,57546,31.820554416921095
2015145523,137614,9.29971819212121
2015149831,245749,8.028353826477066
2015151990,3919,3.837906329653092
2015182265,111796,29.041924281601712
2015197271,60122,60.38785528815558
2015203542,57668,10.744940900514784
2015218501,161209,12.495846899118819
2015227627,137538,2.431253028187354
2015227861,163099,27.23347183401767
2016022942,245749,4.228975852195882
2016028982,165612,81.51089325255828
2016033859,157906,6.5904620060130545
2016034497,143919,28.81371734259864
2016048464,152820,5.259625257952203
2016063181,150695,50.49845145203751
2016067506,152773,21.218940640253805
2016092974,63923,6.433649469985897
2016097340,64974,14.623681842571557
2016107292,63658,48.020882313565366
2016114672,177805,93.87190249736025
2016118950,157281,45.515630014068
2016141074,152912,10.300585000189265
2016141651,158098,18.157184763716142
2016150174,151944,33.35049389135261
2016160672,150725,19.924038620572624
2016167606,248598,15.32404832060742
2016173950,262787,99.33027126391852
2016180620,194056,8.24453875512206
2016184173,125783,9.11385018820605
2016184978,111796,81.15764268580493
2016197641,204089,16.31640381118089
2016198075,57659,52.75776466377872
2016202946,143311,21.710460681700248
2017007946,65420,10.683321848242423
2017019624,146896,3.976990970084313
2017030900,157728,18.812441268850563
2017033233,42258,37.401369867105345
2017038880,169580,64.18900708988573
2017042349,151094,48.09740874389954
2017048311,94301,21.192807211218074
2017052749,90067,38.73106693615373
2017074586,157828,40.80488493752175
2017084778,64459,14.923716404099293
2017110383,67023,28.04431734736424
2017124671,214416,92.53055472066069
2017128076,164266,26.305961786094763
2017131703,82761,39.10737289301605
2017147512,62894,15.683964204841605
2017147585,187519,15.285960245178149
2017150301,177857,73.78823616734802
2017157780,66014,43.20956868639842
2017165559,152807,14.460607281745244
2017169482,66526,54.554191349070045
2017172598,179098,36.485729171866254
2017176305,65407,80.40983275553842
2017202881,64923,34.53152877173792
2018000955,158099,6.364962819667573
2018001442,258651,3.161822830631159
2018002441,145356,6.983578750970896
2018012170,64717,3.66638345903578
2018027392,67004,14.92457693966999
2018030636,19955,65.1896045289526
2018035543,204089,54.52562607768057
2018049275,66655,9.814865235604463
2018050878,64495,21.82248773613149
2018065993,130089,17.438939672324512
2018077476,66652,44.46886456271377
2018078011,94161,6.765568279263523
2018084539,162927,5.239314496147861
2018086269,123667,5.54963540585513
2018103537,157949,75.88468017634533
2018112841,258180,23.971450658615087
2018129525,176604,6.554276411248247
2018132600,162793,8.024105070300278
2018140613,228801,4.775243470350104
2018162479,82761,11.846644272173215
2018187860,168418,6.879458802865172
2018199032,95393,5.481295205236748
2018213552,57918,71.87748893232742
2018216610,153959,2.196550531535698
2019037988,180645,51.96777330501649
2019071697,152806,12.68492136812315
2019074302,178492,38.972149226804774
2019082605,66652,33.25338126621685
2019100889,146896,17.373234293655067
2019135392,152777,9.91186597913336
2019162383,66653,13.744400541946835
2019171716,82761,53.831952666074415
2019185156,148688,59.40170864382038
2019201128,83835,0.7993513828898683
2019223052,57659,96.64865661097362
2020004363,180553,4.132737069400028
2020011910,174295,10.996779417794238
2020013992,84734,11.355321007038437
2020017530,137056,2.3771287410540345
2020023002,22528,2.3419535841459593
2020034094,62955,4.43698710209963
2020053212,157787,10.974836454937439
2020072561,66526,4.799353045150457
2020072943,66788,38.0859126960823
2020125165,150442,7.491053997122895
2020130896,157787,9.707013368507608
2020194724,157811,44.47771405205192
2020197642,157787,25.816904742975872
2021002104,19947,97.07634663669549
2021039696,143938,18.397062243514565
2021056092,227712,8.717543303977966
2021092768,204463,10.094155756248556
2021096852,177804,1.1535907866914958
2021116893,62701,28.670658616743264
2021138281,60479,16.23708331953007
2022028303,150442,12.638668763929378
2022029702,182848,14.339346243431823
2022030870,125242,8.944613961674287
2022036595,176646,40.619113468384626
2022050165,32007,3.309058409185614
2022080878,123667,39.819437817229144
2022088585,60460,16.641769785955518
2022088615,66652,32.49461340685582
2022103975,125784,31.471385825046262
2022116421,245637,2.328580400496765
2022142309,82761,3.187145428226926
2022169343,47163,60.231741525433826
2022171553,150704,4.6838399759744
2022184197,19533,7.3198495573191655
2023011424,156447,79.83574845092576
2023012058,66653,48.647182499814384
2023086069,182604,1.864131033804377
2023128189,103783,3.564829027552501
2023167646,63692,9.351991723342294
2023186719,157813,50.45482180840134
2023188042,257650,36.38061347347938
2024005090,145964,83.88149005949559
2024032165,57518,0.968070520428033
2024048078,172143,26.58452156520184
2024091995,212267,6.060398205359501
2024130860,169550,38.1394475715407
2024153561,259968,9.841189505965046
2024190000,39763,5.2747595498125825
2010011219,26865,31.352126773512293
2010022879,276602,93.94634939540029
2010025986,51383,77.96039066712194
2010026048,174661,20.288743349533306
2010033585,148675,1.4582974548556935
2010053526,31724,20.773487067787702
2010065140,34447,18.087939769720606
2010099903,54173,5.7782676934718555
2010100492,148049,9.75850889187816
2010125223,50983,69.11945033125978
2010153982,239542,7.345310842585442
2010209759,62908,60.095002170238295
2010220087,148049,9.75850889187816
2010222629,55866,26.616044979552786
2010226041,147954,13.99586054926391
2011022693,124406,40.96006293865899
2011031918,271765,5.759285833221285
2011048385,202059,22.820709498041204
2011063440,106400,78.76579810197849
2011070913,186231,20.6251612377496
2011080781,153137,53.87116769982999
2011095972,185934,66.19683871108609
2011096868,165530,7.6435319115013405
2011118752,152340,21.354278063824626
2011134372,137835,26.197729239001518
2011148652,186874,18.99540608194335
2011153031,132451,8.767496282130022
2011198868,66212,4.238274660202279
2011201938,50932,75.50466985991989
2011205597,42858,6.741135792097688
2011207102,54856,33.3927633880033
2011210241,166684,0.9679136628184065
2011211199,247612,3.999362728755392
2011214887,186685,53.45630635948925
2011219434,281538,2.6962148218954964
2011220042,160955,18.394029503688625
2012011361,31700,41.53177493907781
2012053683,147957,76.48297787834781
2012063065,134350,1.138510052221576
2012088632,129136,2.143848614280098
2012107522,187692,75.74516096859446
2012108119,272010,21.000450421429218
2012141946,256127,67.77443763091024
2012175677,175175,53.76344244766608
2013008476,12471,10.968333492277706
2013022923,106352,64.51288750267116
2013041436,21177,6.2196639819812685
2013076866,137845,10.669694594185254
2013089091,153140,3.214056280794233
2013145794,12471,12.028108704082307
2013149080,51383,4.719449949526111
2013153839,169522,25.567022710674753
2013155416,26115,7.5633193860987005
2013158920,80723,20.164263761537732
2013162712,187327,24.69944285532452
2013176120,34265,49.73535170387177
2013206299,26851,43.56730222396679
2014029009,156231,4.438903395166696
2014048325,91898,94.15885524559222
2014055639,67674,41.60527247222697
2014058446,31148,89.41939087364422
2014059629,153135,6.331662037107798
2014112238,160642,49.532054836577096
2014114236,186920,11.65350264552263
2014138229,272010,8.241963395480674
2014147441,26115,13.409688110621296
2014171928,187950,82.68990985122632
2014191646,54173,40.91902446268039
2014193256,166684,13.56874803498957
2014207946,187574,48.55876377236849
2014208219,174282,12.132551553892311
2014213305,186398,88.30662856226084
2014213972,63905,9.30013633668502
2014220673,55529,58.24138579208962
2015009759,206600,4.468983970798807
2015017351,129526,14.267672994466528
2015025536,137835,65.31906834444082
2015025892,78981,6.5186131359104085
2015029190,129136,30.235426108621887
2015030560,63062,8.949669744896788
2015057430,21297,53.31650492592725
2015064969,101866,19.440402406064745
2015068885,48922,8.737843540570374
2015086240,106400,22.58523534082365
2015093250,165804,7.529635529011909
2015094190,187554,3.8298420719234114
2015111144,10289,3.0154388209112017
2015116278,42858,38.49857181587784
2015119918,186908,50.10936125260603
2015126123,50939,14.04336943579772
2015126282,263700,93.35834650518693
2015130833,112279,3.3763510737741695
2015135665,202059,16.648810732149613
2015140861,145029,9.196418697429701
2015142934,225455,38.2404895303692
2015144262,130838,47.18581809670378
2015145108,132451,9.57000310257681
2015154171,276602,27.803726755318
2015162226,60057,34.5346534354983
2015169195,265286,2.469299248146118
2015183027,26115,22.09136700098607
2015196505,92081,3.425553836187717
2015212949,132451,10.173967687131023
2015218780,148675,6.45452640291169
2016029984,173438,16.949080553773065
2016036413,61607,6.322764975999854
2016036958,132451,6.164829087772791
2016042059,174920,10.733841810484293
2016043845,21297,42.799090310558334
2016082845,101870,49.54415387972811
2016104996,256127,4.239180259733512
2016105951,239542,20.3839712259327
2016118798,129136,35.19259428499346
2016119347,185457,1.1143338794747422
2016164764,265290,3.7694700020672585
2016177520,186321,21.132103445342796
2016191410,173869,58.040922967858805
2016198021,54418,37.41716399269509
2016213491,50939,66.18180550403704
2017004135,187760,17.054025323856557
2017004379,97466,97.74428111989906
2017006372,186321,9.235039366928286
2017013154,153135,5.497068726920354
2017021495,187574,30.357176300459056
2017022109,54173,35.72890931906499
2017047258,74865,31.87205599724822
2017056019,187468,50.25891749747097
2017060128,173869,61.808690336641476
2017062310,238422,5.688017744061572
2017070013,55866,37.36210941800532
2017076658,188429,4.899348222315104
2017085631,34492,27.82885347636331
2017098222,147134,15.656080796131508
2017128600,186340,48.78354633255855
2017128802,187327,37.094367218621564
2017143212,225692,26.85808383342091
2017163553,186923,25.767076372734557
2017184849,64793,45.48995504770346
2017197191,106402,2.723489105869767
2017200582,186231,8.95308938755778
2017211072,137845,3.67458334924209
2018005578,54418,3.0025731543966914
2018006003,63906,85.96043867909549
2018024248,63905,82.60022859386085
2018047927,55226,88.13290923934625
2018056734,160642,15.450224366334568
2018057724,106430,19.571331342365635
2018077005,188429,15.800872111024528
2018106928,187050,34.79559290117047
2018108143,41450,14.98703868780556
2018112603,187692,60.81599286116891
2018114410,67640,57.10633648990646
2018125327,137840,17.6037622093431
2018130851,202059,11.837838765894638
2018143655,186231,13.196984008355729
2018149528,51381,1.1342502307835394
2018180158,139176,9.435037966107595
2018204134,106430,42.265577409514776
2019001161,26865,5.084697370296632
2019014178,187692,72.71307520252088
2019047096,147957,47.83499783061172
2019049697,185943,22.588804408308473
2019055442,34474,6.9442569439516975
2019058376,50939,52.62501565573208
2019068773,186725,8.74575233115703
2019068881,174920,53.66605422343453
2019072447,11460,55.07581715512152
2019078490,248289,4.017868783444178
2019082811,7851,8.701893640181652
2019096874,186314,23.223222836642112
2019128317,187094,3.48521481863992
2019131363,186920,54.1047250868579
2019142539,187692,59.818179530723086
2019164328,22857,20.566178175564662
2019166307,10289,2.8760632040760252
2019180773,111163,15.534961489614874
2019197134,52082,11.574439235501712
2019203899,273051,16.98340053196001
2019224480,225455,75.8501466458645
2020004592,25911,3.9578222152519866
2020018479,98589,95.90721633422524
2020020000,186324,32.29318105071435
2020020042,53004,54.71488507404221
2020025292,106442,6.722389616768497
2020057943,188435,60.355955430482965
2020059905,165488,2.4216256017302
2020068637,186487,20.545259652689424
2020091841,165457,90.3694598330689
2020096997,188434,31.309715744618924
2020101618,146147,8.097329395792896
2020131988,43194,31.104827057233543
2020132849,129526,6.7894114566991535
2020150944,273493,34.52699715697236
2020158807,106400,71.73400920828098
2020164284,106442,19.662367885989394
2020180080,61288,44.67125948793906
2020182959,11301,99.5480583779301
2020186077,188721,19.258686232042397
2020204939,51092,18.257322444685325
2021007627,21297,5.8390218415291075
2021021007,49110,12.532626256802889
2021030625,160955,28.11163610219894
2021030766,280007,2.68275663486831
2021035138,230502,6.773637498081435
2021038910,174920,10.692775081108
2021105624,78391,11.742205767987706
2021107337,112279,52.75022576300108
2021107711,187692,67.75104894649762
2021130713,187692,57.003271294531565
2021142399,186324,5.378388013286875
2021161220,188901,19.6985048391562
2021177218,175177,4.65192664528245
2022017421,21297,24.05734441833175
2022071900,106430,46.62351526870355
2022076311,92081,5.178052223587327
2022100371,97813,93.59530633776778
2022110036,155350,2.9320259386696756
2022122259,185457,1.1261000111877806
2022135242,32666,39.57756007235864
2022138743,51383,75.06345075692207
2022145565,51383,7.173626373191731
2022146144,187692,55.827708725020806
2022147260,64050,44.90356938957332
2022157538,187692,67.16495134272994
2022170441,158731,2.9015013568685584
2022174923,186621,39.06251490721743
2022196047,188435,56.0122269884118
2023022578,159410,15.113784686861374
2023030700,53479,50.94124183913163
2023037377,51383,5.021615746230383
2023039528,159406,62.5395215513916
2023041121,124395,37.37624305316524
2023052588,169522,17.406265930755477
2023052693,165599,67.60073021935833
2023080457,97813,48.894155497131166
2023094514,11322,20.21713728381732
2023142990,187692,49.774870158701866
2023184792,101866,15.297002031260158
2024043523,35043,99.0392083874709
2024102116,187096,3.144416501803463
2024136658,74643,4.690711300821447
2024143223,186920,90.79289924788465
2010005210,55940,8.48512747569409
2010052312,17709,63.37322088226382
2010071905,71196,36.08074207644298
2010083451,224781,2.4808544381260598
2010101797,12436,29.439973952304292
2010109213,6124,4.225568170850868
2010119919,92747,47.54068097770242
2010128211,117755,21.204687377533368
2010153315,88064,53.206126282122675
2010157997,70841,7.421918689789521
2010158462,88106,7.724648986978017
2010160724,76783,32.20242142981364
2010190842,116853,4.103998305277787
2010207006,55870,6.2341841269758085
2010216055,70847,63.02296217130436
2011029043,208242,6.761718910413284
2011048518,129140,19.597450860956172
2011049496,67640,14.81519063523152
2011051303,36977,42.15956940964023
2011068819,170844,42.137127063362485
2011070294,88641,5.356544937201782
2011070714,37069,3.71061032752283
2011079850,12547,6.0371232474372
2011083616,75072,37.15338102406314
2011084367,88071,19.152623675989393
2011085480,75208,37.77027790703412
2011096979,98825,30.752193164254233
2011116318,71225,7.279884451080207
2011143078,163372,20.124834078380335
2011197447,220719,20.511968102018
2011198527,123343,4.079924889976152
2012015044,4186,5.756241301213061
2012018320,12322,51.4722028775757
2012029271,89078,39.722130880193035
2012071249,118138,2.5881853092000084
2012076572,36761,55.371043037204686
2012081936,273364,6.043302153982658
2012092353,258503,46.96475854230751
2012131073,52556,39.49893573582892
2012148957,70524,28.62672135875781
2012149382,36654,7.555828185959012
2012155726,88641,9.89911071431486
2012216902,247480,12.213617497051285
2012217552,161988,20.568403455617627
2012220188,118253,49.0638679892866
2013041881,216042,12.920105796155294
2013047885,31876,5.623497997305196
2013049299,72931,90.30934485267849
2013051385,190845,4.379024371197312
2013054657,227395,36.71238983677905
2013060447,35154,40.08025748131527
2013080407,50732,86.8936859350195
2013090542,118280,25.658177237199244
2013120082,92747,5.628678761935873
2013137061,74932,3.418606190857037
2013143245,119680,4.736806583039127
2013168175,117755,42.112037943829854
2013174086,229147,3.8918732545985257
2014000979,86371,52.14664568995709
2014009917,142257,21.64198391464793
2014020328,70846,99.42939418569631
2014022842,36317,44.650356507923526
2014024370,88004,14.777702039796125
2014042174,88641,13.317022946432532
2014050636,147856,81.1477939197481
2014050760,53838,12.72006189558299
2014054164,162882,34.50870656852625
2014063429,72928,37.76674604252988
2014065664,88070,8.252363908979826
2014068304,12826,2.915246639464199
2014074082,71225,49.08529777351716
2014082121,245665,6.74000278942728
2014090754,74932,8.44855670893087
2014120002,36654,13.610120424505807
2014148389,12790,80.20105394623833
2014161202,86345,10.87028857854402
2014204853,84804,3.63597664747408
2014213915,236981,15.423952548321816
2014213945,228185,2.6404215494568164
2014218388,36855,5.836564208695807
2015002123,72367,5.9571061745682155
2015010956,87787,6.29972457443257
2015014527,71165,31.34028180261471
2015017479,104562,15.341707210389833
2015034288,210592,8.711833788946606
2015040692,94446,61.949692403636284
2015040815,77067,9.0685461427592
2015060273,88393,83.47055395876562
2015061572,88393,51.988543494837174
2015069198,247480,9.29347584234394
2015084232,88615,4.135546031401856
2015086015,161988,13.746801910802514
2015086368,123343,6.8372118061486535
2015091991,71228,17.001343715084076
2015095626,118053,97.2121322221184
2015102985,87828,52.85707842972263
2015124014,56678,96.63605731212168
2015124900,72758,56.0779494653309
2015148340,170844,9.976024427871277
2015148878,71198,61.52591238142273
2015164153,67665,65.60695754597592
2015174446,247480,27.04857458048491
2015176499,88121,28.092709043589494
2015185208,72634,4.3581042499209826
2015195208,70528,66.4955036964156
2015199845,86218,23.604336230558385
2015214076,252911,54.359151499824975
2015214414,12814,33.46712179966033
2016048507,4186,12.789409227049847
2016078197,52237,8.810989181115788
2016087242,14100,40.77682293206284
2016090488,19002,26.0668705074798
2016109163,229147,2.231917557702715
2016132039,17285,58.66283348663762
2016140564,36317,41.232326083745455
2016143774,170844,40.84279213912622
2016159976,92791,3.058461821967128
2016196103,230387,2.081658011591835
2016211536,227395,83.8981736169186
2017001218,72928,47.604522694959286
2017011895,19001,12.79914445780614
2017041525,73119,35.49821554122559
2017046183,52552,10.73736061279811
2017047341,87972,37.15927817649509
2017048252,85823,11.270913322553044
2017060507,69169,34.68113501730782
2017079282,72759,84.65875715823125
2017079656,157614,4.4519303549639035
2017083538,6124,6.929444390050236
2017085142,30965,6.39793399020052
2017088857,30156,43.722215855167065
2017107882,86165,57.491288855684765
2017123493,30966,33.32255520083541
2017136183,11989,73.55805518497553
2017138468,88122,6.281099276031375
2017146000,31629,12.297714418133182
2017156488,88085,15.922080355729662
2017174118,88393,90.8736084608187
2017181050,89026,3.029223642279893
2017181753,205916,40.17894413124597
2017184279,31677,20.496898812147343
2018000625,88427,17.45292388443497
2018004742,163372,26.11392570208988
2018015868,17284,40.9874861426086
2018023953,85457,9.249773122235023
2018048179,88244,8.314092333283575
2018055133,68067,55.733880389196166
2018088096,88392,13.878535852273675
2018127613,36734,15.270165537352138
2018135903,30966,96.50697112499117
2018145444,147856,34.749137144471284
2018153645,88921,67.07964877506164
2018160062,88945,30.05256846016375
2018180497,180018,2.6449139189513255
2018185887,72570,3.695114889517199
2018192664,36751,13.551037496543566
2018194237,33205,53.300781033394514
2018202204,88072,21.382734352509797
2018206069,71483,3.2458521963539178
2019006783,70564,1.5446109056332709
2019021227,76808,14.95713355568296
2019023103,88393,89.8739167375321
2019069858,86374,10.86190790564602
2019078631,118138,25.174914851706685
2019107318,54611,1.4319118132905195
2019173181,30965,10.77856616673342
2019178137,137912,4.188709607399072
2020045789,18800,2.0165343856545994
2020046863,57362,11.498697310566957
2020074618,1675,2.850963193783837
2021005076,209725,4.252177673577444
2021069257,70652,8.101957860869323
2021197300,87789,3.3031278432413185
2022007083,72635,10.39351114007991
2022024139,118053,94.46470312839465
2022029804,51178,3.9451546623831577
2022104636,86309,62.910170671897234
2022114630,12329,10.945847375960307
2022128140,102351,11.614383345997732
2022175310,16608,6.400168722062781
2022190380,12790,22.86696710620547
2023018977,265835,10.341488020446862
2024024627,123343,7.83316051106289
2024034432,88909,1.9823436673089765
2024036677,231313,5.648650852591441
2024050217,209725,5.7545096189878535
2024061299,71483,2.6792851240165034
2024082164,137003,2.552322063984003
2024118204,85966,2.589088021089136
2024162312,92669,2.346679265417782
2024181288,100596,2.2363102587334787
2024185621,72758,7.519934913524732
2010018419,2312,79.49788082802004
2010019548,3807,10.757293127985063
2010020566,180090,2.7567994427124063
2010035740,126747,13.481094759596385
2010043572,208295,20.629838109838722
2010058368,230458,2.7708128286621934
2010062227,115025,3.6189202927758872
2010073948,453,59.02305105457381
2010093466,155206,8.801157329669547
2010104640,161518,2.8365028300980377
2010115198,53002,32.08234201072014
2010117096,68632,10.444011581365364
2010117601,153570,4.73348763017763
2010143756,260932,51.20102102086802
2010148380,182721,12.444686172377985
2010150637,3481,52.374969222257484
2010157654,209815,9.653432237144958
2010165925,113917,3.902293271379774
2010176706,48260,9.019788250571162
2010177232,143925,98.80508055582348
2010177233,100653,25.24669233919129
2010180182,185928,10.81691157010488
2010181878,131079,14.101106554800323
2010188836,140346,11.809662941949052
2010190885,211026,17.42257922620286
2010192792,17298,10.728977944167212
2010193567,5414,87.11639440001646
2010195738,54712,6.1432942654539096
2010202226,147638,7.348614571369282
2010206923,81747,2.533299366895467
2010208482,2463,3.356321090161842
2010221473,128680,16.862211092793054
2011006271,48260,95.36948313044482
2011017446,242386,27.556339645976184
2011019991,97655,13.038230786117758
2011023153,259391,12.771494085184871
2011029604,140346,4.956064911899656
2011030154,1998,48.40408564008961
2011031555,73327,0.9362623945864282
2011048915,256754,14.970782705828574
2011051178,81259,60.087758728362374
2011057229,127557,12.188081164540803
2011061060,210805,2.633328653932758
2011064408,4200,24.770429287706115
2011076596,5294,48.12036676194739
2011086905,129320,9.770908507004998
2011138099,303,22.275873247128573
2011145168,104961,34.13299296464488
2011148051,160671,79.34230852722544
2011149960,125817,16.22005626779773
2011157484,59079,4.866078727687323
2011160921,30989,3.214209109086021
2011172998,140346,11.630481823050388
2011173241,3283,35.464300206250066
2011175464,211166,68.36638725605825
2011175540,475,15.161588304878984
2011178012,5445,6.038767685002963
2011178852,210584,8.618605322786696
2011183555,5299,45.96846211522377
2011184196,28037,75.87598319621668
2011185400,161518,3.5587621371084164
2011205825,111008,53.26180754620019
2011213633,210904,35.15464882490702
2012005218,259391,9.778060081268771
2012018949,59015,2.049448073493236
2012025523,131362,7.241162185360589
2012049014,174661,35.89436643165942
2012053253,21291,8.203144100695182
2012059084,161518,2.2656736954536294
2012074039,944,20.396689994948726
2012088948,138565,13.432339052663716
2012103017,106513,12.783275799082293
2012106424,164927,8.235533143222277
2012110072,46445,9.052061498485088
2012111614,48874,71.60651593938053
2012112288,4077,46.87998636070516
2012114988,140529,6.1768615099468835
2012116756,55544,32.90371532184471
2012125312,588,7.1509727611879645
2012138756,259391,28.748333854148452
2012139059,210744,22.91392583970003
2012145890,242386,25.535656549123043
2012149488,26551,46.974987060893305
2012171113,4997,12.382813506175314
2012172720,202478,45.05728170189161
2012173160,211016,95.01816466256798
2012179546,155798,1.8448559732893488
2012181980,33759,63.39291042087694
2012182243,73327,8.988913575776497
2012187018,38496,20.886668331951356
2012187139,221715,5.764589983268131
2012188912,52470,9.226458678172307
2012189371,209759,25.52276275826556
2012204459,67540,10.765402743423682
2012205548,73810,23.504755753971054
2012211895,210221,74.48686346680569
2012212729,30815,39.99311825001484
2013000981,5240,6.6303288241576
2013003754,272053,5.355850726315807
2013005747,104961,8.402434172284636
2013008522,177885,16.33320817061584
2013010418,1250,7.190480420849153
2013013233,195032,29.652786618274995
2013024583,48852,37.06024550816277
2013030905,84781,6.235042335079109
2013033513,160613,45.00196504645571
2013036860,257393,18.81179042825141
2013046355,72240,5.830110005142425
2013048116,54705,3.4648301637501007
2013056850,54412,28.193022391045385
2013059373,635,88.8464031344465
2013066359,138951,3.526445719265396
2013073838,3671,49.943978138720134
2013083167,83767,18.186439036307053
2013084309,455,35.94547696733061
2013108088,2338,10.5027886753926
2013120129,231012,15.292368363206922
2013122352,278348,17.41849542995189
2013133506,113282,4.5159994449038345
2013155123,6133,54.16525587737237
2013174831,210387,10.073400658033695
2013175225,73327,2.6996808215394674
2013180461,1247,92.26993587980216
2013183866,177286,7.368590230715251
2013192364,15557,62.704466141623435
2013192943,553,59.724333913800216
2013194667,231131,19.345200436799857
2013194948,2348,9.652617845351191
2013198767,273067,11.991086178828944
2013200317,106580,7.3839566870325335
2013205291,3668,7.102641120332897
2013207431,43338,9.112676020998471
2013210053,40680,47.675780420348474
2014002599,171707,6.149799594995937
2014006114,124192,3.324628098320904
2014015068,124387,5.305824601607673
2014022704,8615,10.676036607523033
2014031712,210810,8.677973492098994
2014043701,4891,14.896557722227561
2014044919,211166,71.23885589416963
2014052885,46968,44.9443045045091
2014055359,240731,2.005596891168779
2014057017,148199,4.2594336683996685
2014057243,3807,40.19390962601316
2014057354,133512,11.701701491567748
2014071415,210315,16.67728776886574
2014073931,378,10.226043750399588
2014077226,209866,4.087230861549088
2014095395,128838,26.994246483278403
2014111535,52470,0.824341586670473
2014120908,278348,23.777796563477718
2014125544,155798,4.709921577138276
2014134529,68632,2.7113672269218276
2014136827,4852,24.610576059295735
2014137146,64960,33.25230968797229
2014137241,665,6.071214164804541
2014137952,147619,12.2163764426538
2014142595,2462,13.302321205918092
2014147184,187477,2.9715714040704904
2014152638,17298,4.879132934501494
2014154064,302,87.8664075387088
2014157658,55544,14.543967175519144
2014173399,124387,15.466518262043408
2014179107,279166,29.995136297990225
2014182195,97655,7.932502805515692
2014187255,59017,41.24846802001646
2014195901,240731,85.67359736931154
2014197210,4450,54.70379521407583
2015003905,245352,10.953279894874782
2015005140,1050,33.39680952520832
2015013344,4937,76.55796628320198
2015017458,128984,14.473174790989518
2015020860,127547,6.944824363300179
2015023107,73326,0.843131248255317
2015024026,5081,6.294002993318577
2015026217,413,89.21046934990056
2015032773,116003,15.055789052585576
2015033746,2542,56.07432424384004
2015035180,42559,87.37174241190147
2015038272,40680,51.69930079346695
2015040391,148671,73.87001589437693
2015044916,5294,46.13942464747213
2015049592,1015,85.15084039307219
2015086117,91457,8.296861674672801
2015095175,134970,11.247099524507892
2015100603,3523,7.880605065836036
2015108108,54712,5.280503733453872
2015117419,21581,12.368206853090655
2015117797,2722,58.93488491211763
2015121465,3471,55.5313106149552
2015122028,269089,77.15421090087163
2015131317,101234,3.783822026104963
2015148911,5510,61.52894795906928
2015157491,5510,4.03010392618276
2015170391,156346,20.341095844921263
2015179803,52740,64.40198296506044
2015196362,1281,82.4357564511826
2015203394,53129,18.42191379341537
2015203709,109433,6.716562170667685
2015204889,51697,46.58685824876551
2015205968,48401,82.6731796833596
2015208900,3280,41.316844072943276
2015209710,210571,12.872859336748013
2015217165,5107,9.796020641817528
2015220573,210121,63.24702007252836
2015221520,73301,27.823531881237464
2015226851,221715,7.167605614531801
2015227366,195032,45.25109458339872
2015229438,210913,12.594651506452108
2015229550,147619,4.370260375259716
2015229885,28037,41.82859832403788
2016004790,40680,40.87089190221925
2016009405,97655,8.734645553504025
2016011620,106989,54.34084939007922
2016014331,211149,96.57926724131764
2016014864,1291,67.68566685594696
2016017538,73301,47.5705345107765
2016019985,195032,5.48599221113132
2016023507,240731,64.66968045151792
2016028036,2974,15.48161804967776
2016030742,262666,8.754583995374116
2016032347,8615,8.841947115759568
2016032863,73327,7.007216929252739
2016049689,1216,17.57117655503628
2016056191,2312,58.20269415194537
2016067740,3988,70.06302384031612
2016069563,45776,60.90863507171895
2016072357,18025,12.495402983649882
2016075613,3812,81.6143648616763
2016076738,1271,17.59392309509371
2016086302,57573,36.4018733878429
2016086334,73326,3.7217865276622364
2016088642,42559,66.77406698076585
2016092703,10421,31.134271072946223
2016093517,211166,53.93759425683777
2016094499,4671,32.383043012876925
2016095270,153315,46.03252477483095
2016097629,241441,4.713246921055597
2016106071,210727,31.336172754891845
2016108707,210062,31.025690572996403
2016110357,6133,91.84926159757538
2016113899,211162,88.28522884138498
2016114857,116003,69.04794174873177
2016116243,100653,3.3540256156091015
2016117408,66783,15.538733270440627
2016125015,94786,36.73787909085064
2016128661,278348,16.60339119649199
2016133818,211149,93.76871394079198
2016134612,42559,30.091978883766732
2016140013,3959,72.9944098606591
2016152834,210556,20.199724032535034
2016157202,21581,40.03600140849225
2016166082,268208,3.327210811973725
2016171116,211167,5.115037491404747
2016174084,4207,93.11394282306443
2016182148,4168,96.53808306572121
2016185296,51524,4.935051628240351
2016190273,96489,8.895425420117203
2016191128,160671,81.41954559414425
2016193349,16261,4.018243277990383
2016194861,2312,83.59968756085844
2016196212,1065,20.33135075983616
2016198410,3524,70.49860013479518
2016202298,2174,25.33210623128777
2016202808,4616,32.72019494158119
2016206492,30813,69.93253940974773
2016206588,1591,78.52904863624974
2016208252,2462,33.416488773327764
2016209701,73299,84.36024255948966
2016212877,73327,2.9950260413652603
2016219279,18772,51.7693264282641
2016220518,211162,91.91826580061179
2017006464,259391,12.881340419724513
2017014200,210480,92.47311806469865
2017016433,208041,51.715118115612945
2017019264,48852,39.10919041272978
2017024553,3522,51.689757831826924
2017026299,378,66.55211344811484
2017031507,155208,1.902537443191464
2017033646,849,39.921802455154996
2017034050,210307,45.091303761986204
2017034564,4206,17.112219658720893
2017034905,52470,15.704055692349483
2017036782,87643,8.96367389938932
2017040110,210436,9.87304873387838
2017048066,210574,34.88258000443474
2017053535,4749,17.35102360540368
2017062630,40680,28.2320380111427
2017063988,5434,21.961360421866488
2017063989,106513,10.169112137146382
2017071882,210319,65.24679489870155
2017072149,106513,2.4693353113127823
2017083354,269089,86.0573793021628
2017100598,4068,11.095442538937046
2017102524,67539,4.291841133823249
2017102902,214955,2.7938148887609526
2017103864,4361,4.936944899578485
2017104109,211166,69.80039574108628
2017109057,1216,65.0661913284304
2017109213,194234,6.023791812839485
2017110310,276561,3.515912928482052
2017117732,1249,9.486736219945696
2017118221,3812,85.09880333770275
2017122308,140529,2.7906282047457864
2017130944,210480,68.89764534825156
2017138968,453,63.37720190448791
2017151478,56666,1.700357946473825
2017165597,2542,81.8914970135386
2017166101,4141,10.876529265165813
2017172599,43623,53.45026801344031
2017173172,1869,27.238929967492428
2017182237,210536,61.557554968442695
2017199962,1842,98.60311232750612
2017202523,3233,11.416917425001708
2018000577,211162,81.09661222811215
2018001176,140346,2.4972310087202265
2018001177,851,1.0385292132518418
2018002495,125813,9.029172834481802
2018004656,212582,12.003928884245958
2018010685,5431,12.817744901710988
2018013524,5308,62.964621121775366
2018018444,210556,8.779042121486642
2018023892,73075,42.52397202731222
2018026496,2285,9.566648931476541
2018028384,46743,18.953451987244
2018030302,221715,8.071929725077291
2018036306,73301,83.33822081002427
2018037035,145189,23.307755830242865
2018038202,4960,3.450600705435346
2018046563,2061,10.679160897894015
2018047991,1414,20.648637750545102
2018050118,453,89.92685428469652
2018055285,71379,9.104355328614107
2018061730,56666,2.684813380934672
2018068567,227165,4.442171834963295
2018080372,111008,72.61307383513689
2018098676,242386,8.237431178222133
2018099965,48401,86.48224521041284
2018100541,24624,38.32305842398944
2018100583,34475,35.99690379936401
2018106297,211146,16.405601076434706
2018109724,161518,39.219442551536424
2018125711,109433,4.844375187245093
2018140614,155211,5.723986216880985
2018143260,160613,5.754022047551744
2018177648,1249,5.49410044735452
2018180638,202478,25.179898367045897
2018192663,1065,13.107444899566678
2018193095,106513,5.650816974049789
2018197905,214196,38.38536212536464
2018200868,21581,5.080317842935546
2018203012,148671,98.91986244319824
2018212464,209814,9.72899985761352
2018213602,190,3.8669037124227224
2019004779,195032,70.53877614846463
2019012624,276240,29.042642312796048
2019012980,57765,4.143181083355864
2019029008,210536,8.538633470634311
2019029119,242542,5.82098794676717
2019044338,5203,22.718646177660013
2019046917,211165,8.445656671772952
2019047123,127557,9.735952472098381
2019048620,2411,6.814848093381225
2019050637,53026,6.866426398643244
2019053114,209723,20.806811624400613
2019070910,201308,1.4082546900249073
2019070957,59079,58.20973804035486
2019082990,211149,98.5377207465912
2019094733,73327,3.703719685172473
2019096969,38508,2.54076229661421
2019108693,165873,11.200288984041169
2019111013,210556,8.14934897415607
2019129262,1246,2.6697531885081385
2019130614,453,16.429529852501776
2019141073,5294,28.78862365384365
2019151743,75389,12.089752714518458
2019166374,211166,52.7130081156127
2019173019,648,5.155382925013055
2019175657,665,46.227061614845795
2019190735,38510,3.5506353761403675
2019191828,186,48.29899360599641
2019198886,113709,7.435628400248689
2019205574,276561,14.587171499990834
2019208061,174661,62.27366771787157
2019212847,242386,20.58636160750938
2019215346,210727,21.328722107457075
2019215546,198613,11.184043417105224
2019216084,96489,2.9132777148348965
2019220277,97330,17.18921467827011
2019224645,4961,5.019545199149765
2019228009,4079,17.531772715859812
2019228329,16595,15.297955736635643
2020000276,83795,57.492904251851634
2020003938,186843,9.331854657973498
2020003965,245352,44.71831570929702
2020006245,82544,35.79632833008657
2020011047,204196,0.3973891393942899
2020018100,48401,9.328772744278778
2020021141,1308,11.96150658380488
2020023913,1791,36.73709056371299
2020027401,1456,10.582245945817775
2020029432,210307,23.59287164685704
2020030971,16597,25.861297521592814
2020033083,210713,25.358969479886838
2020033968,56666,2.9930113935115785
2020047305,16239,4.691263042553247
2020060553,281619,31.033039868217536
2020068826,131079,1.7445805337215132
2020076093,210418,11.88376616804361
2020084126,4415,3.433505808644703
2020098704,1948,76.90598552515596
2020113745,108491,3.960506397676967
2020119324,4081,3.7628849795758796
2020129377,43663,7.404973828171043
2020134392,147382,49.460020734763276
2020137709,210335,30.420501708744055
2020154171,185942,3.267350486558616
2020155251,210442,18.099242152223233
2020155751,59017,80.61924923104124
2020157112,42559,19.098417880662783
2020167525,145969,43.01696345788925
2020170206,202707,11.989579246981027
2020172957,211026,63.39386315936801
2020177716,850,4.660976242822423
2020192632,279166,4.311511911792045
2020193570,1217,6.936256801822891
2020196721,191031,10.365170427230032
2021002982,5510,53.46734290730102
2021004054,25147,1.706040262574491
2021008787,105725,6.648043461462185
2021014026,455,82.59298475203174
2021018754,210479,10.348677520025845
2021020288,211146,10.613137098455896
2021032161,16262,25.820469745285536
2021037829,203113,43.71595224392692
2021039412,413,61.921646986565605
2021040590,194514,6.961890430846584
2021064431,276561,16.367875192213855
2021074318,1773,3.452521693666559
2021075663,3807,13.110131046771533
2021079818,5364,20.54652419594238
2021101736,123984,29.50774584239033
2021112771,3673,95.12174538974982
2021118569,1046,51.2808378221488
2021118646,128984,1.4994679660385464
2021127227,149250,71.20709320024888
2021136400,97330,5.898195489942716
2021140820,3669,5.740853309231692
2021142435,80829,41.96967197906087
2021146597,54705,0.3025527067423989
2021162344,27165,3.364980864042006
2021167210,5346,20.95408655187191
2021187728,108050,48.59240596636524
2021191682,211016,92.09845241475787
2021192023,4683,63.14208308725318
2022002485,259391,25.046441655839075
2022013095,3988,72.36771727082677
2022018701,190801,11.609877425898311
2022042797,147619,18.51017190903761
2022044152,74186,56.04232807587604
2022049496,3988,83.56992280588099
2022056742,378,15.103474716553505
2022058553,210552,31.589421938252855
2022063766,4206,10.025045059417204
2022087249,211166,54.58344997933249
2022096517,161907,7.973150242388501
2022096659,209866,30.324857939404353
2022112049,5346,3.6994093219623623
2022112868,73325,20.183574310905378
2022127946,211162,5.095862639829835
2022132922,169844,9.644230369503642
2022135876,210480,30.493000776528945
2022139060,413,92.17960305014498
2022139914,48852,41.795571649090554
2022146581,82544,2.9427158779689697
2022147006,59079,58.68865776862626
2022159506,665,7.080922765259705
2022161223,129865,38.44980811199203
2022171160,3673,84.37057041858074
2022172639,41572,42.90795716811655
2022182157,96168,43.81631097644769
2022183990,51675,57.82420023355132
2022185919,109886,36.28684611627356
2022187081,2176,8.767565790746593
2022193375,127546,7.83889777095297
2023003672,45421,6.441088408019384
2023008407,848,10.376239999162662
2023018700,83795,74.38914896067725
2023022983,60228,11.231085236093826
2023025401,202478,25.913767906665907
2023028040,30923,9.327768485653333
2023029514,102276,1.5657152154687
2023033052,210536,61.88206751950385
2023038219,42739,58.19121236146079
2023040812,3611,5.496669387268015
2023043193,57573,13.164211862400096
2023049601,4206,11.791299316059343
2023058875,2462,13.43771262550515
2023076077,4183,93.10660979570352
2023077264,1869,15.974401119348872
2023081060,73301,14.372820005314658
2023090153,3974,12.220753169892065
2023095310,161518,4.644857643531041
2023103066,181352,6.061681804879926
2023105234,96489,4.003727718007846
2023107826,211146,12.91853001958497
2023117050,210307,16.549772048729924
2023125059,53002,8.968139846685771
2023129319,30806,26.613355482309043
2023135031,169844,7.90744719673703
2023135949,56225,64.6793036525011
2023140883,210440,35.409126813159396
2023143884,69049,90.08352065641027
2023144141,5075,3.3722140341401645
2023152876,38508,0.6403919673137014
2023168468,216344,21.825385515560058
2023174203,187749,2.2265053069887557
2023174336,124192,10.722647656772644
2023180309,54705,3.2885246099933245
2023185124,1791,33.51834688297936
2023185436,128984,17.32254955955616
2023189585,64498,70.4189409683361
2023191063,41572,23.377788282171966
2023193116,3162,11.125769110763716
2023195004,1407,61.33347249426094
2023196522,190518,3.6246986440514695
2024001234,4217,5.606270080004299
2024008488,74356,34.652342937758796
2024017241,155647,8.028136413358867
2024020903,195032,4.642103156016357
2024024957,48401,7.583196368111535
2024031355,4183,20.36719690559652
2024032303,1045,1.2732202076169485
2024047426,210378,1.5825591974557038
2024048706,210480,1.0826815929657119
2024074308,55150,9.212615876639768
2024090180,3814,60.57966950096727
2024092748,169844,20.27842550278998
2024094887,94200,55.20235876680969
2024095671,89717,11.241267032109903
2024101270,33759,3.660930458920556
2024108289,120566,2.6636426520322307
2024112709,4803,10.66466036165652
2024122601,6133,78.44605081895332
2024126885,274587,3.1990415962806673
2024140817,21581,1.5481132525190568
2024142201,113709,5.403414191461637
2024148078,10421,3.5201493369786667
2024153183,210489,51.003463551565694
2024160802,210489,6.72109859157302
2024163201,210480,6.851488542784498
2024167741,38496,13.857528289775697
2024189605,1790,13.856706855387579
2024195863,4258,26.239644042852905
2024196186,225924,6.756310400428655
2024196241,30811,25.71784916427103
2010021933,183575,8.906896295042126
2010027907,192649,7.256211164861966
2010028068,78562,86.61135789565495
2010049779,269003,6.283275231008497
2010053415,13001,87.52986765625795
2010061265,241991,15.966252756964906
2010067427,171530,15.21348473224107
2010075760,45263,10.007063525315415
2010076664,48285,25.931355258637556
2010077620,175637,6.392250955069383
2010079509,99755,21.801488629750846
2010088190,176188,6.192477261265547
2010097962,230611,47.487113666425216
2010102525,120556,10.065678399237852
2010104217,36265,1.8177918724012123
2010105998,42692,79.40875390115207
2010106558,72104,62.17398891490745
2010111508,172163,43.36910241448048
2010112220,175793,14.137821959557343
2010123949,180009,6.109341591279628
2010126520,170590,66.59552303847566
2010133945,45203,54.618357603207
2010136739,175596,18.879675306450466
2010154066,45147,14.395887097025456
2010175965,229333,3.083663664185436
2010184357,260452,75.1477623952395
2010187549,171440,98.19784056995387
2010196534,33897,5.2322529793798305
2010215459,160325,6.100369815063398
2010221684,78816,16.682197678084208
2010224416,266013,13.964930901732613
2011003697,211863,14.895734283601328
2011013336,71933,11.12370843477035
2011016712,44378,10.848947641331907
2011026412,171530,8.601831913749129
2011046579,17084,12.094126073919366
2011083242,137984,15.905494601412574
2011114899,234782,30.596254586647696
2011141866,175824,9.437511046143817
2011148886,43626,10.432320561550272
2011163329,176433,5.208050041772465
2011163429,253566,3.862730871926336
2011171951,266735,33.60236797387951
2011172816,193603,53.99057232644238
2011201090,268952,1.5504782737306402
2011211739,145573,7.460511474133438
2011216047,43948,13.208005770581197
2011216394,52828,86.45045784659264
2011218013,175546,6.7213042250327915
2012000725,6281,5.7245959859417335
2012000823,158666,4.266873065953969
2012001235,45867,17.14473754188205
2012005884,175916,11.896165163791357
2012011755,97476,6.340886484438114
2012019555,149082,19.68177945086533
2012038121,176152,69.46439176759841
2012046819,137984,12.849844996833681
2012048253,177519,9.369901238725816
2012064172,156568,5.378271721415836
2012071917,45192,12.966836571615328
2012079233,203349,6.967091455093895
2012081753,175824,11.564245035462223
2012083725,170671,16.56019674438776
2012095140,175624,4.826441339071924
2012102885,185275,34.46203175293727
2012104848,68827,61.937526937377626
2012105401,748,10.99610487822042
2012137379,17084,7.8774564992190355
2012144827,44552,35.14467848272126
2012149565,45189,14.327528728423701
2012151478,103904,37.11487721432947
2012154690,122667,46.05059857867493
2012159036,15572,3.3578600964795355
2012168223,189322,9.381773069928245
2012171821,13225,36.70822729574895
2012172465,156568,10.20598624520152
2012187744,44435,24.76834657508586
2012187867,82002,35.25084865971546
2012192574,266735,90.76968436284605
2012211407,250329,4.065187001077272
2012216149,86054,13.971905531190101
2012217607,87377,50.309986676252606
2012220841,45199,32.317487242061496
2013010273,13225,37.199688048533915
2013027236,47902,12.18873204530203
2013033013,183869,15.261707769036054
2013050341,172064,9.679614157488377
2013052231,171208,48.1374527444432
2013063037,272974,69.7796367156472
2013067725,10010,6.858220748657139
2013069073,185185,12.888860722972023
2013070361,43932,3.1415782575055906
2013085613,65670,5.351408641349801
2013090097,78573,39.73505526786016
2013091680,244583,8.812670039678217
2013095258,44509,57.67876223013121
2013098581,14139,33.14162521553841
2013103618,149530,29.081759024811202
2013107842,69202,44.17422359624397
2013117096,45409,18.260024517335623
2013133008,175798,17.81537563117702
2013134197,171017,0.9021960563619323
2013145833,176168,78.80096195903957
2013153061,175824,10.321769620173486
2013154071,175916,74.26724594884217
2013154308,177582,16.619325353322886
2013156961,174905,5.189567214728554
2013157981,171012,24.71905074951857
2013185250,261079,2.1202000316756036
2013196291,145573,20.155900757820095
2013201097,82447,7.50193622309716
2013211600,81789,5.007140730939177
2013214415,176111,72.23716600217163
2014011870,216785,7.606919986999222
2014018294,220891,4.223275377746969
2014028527,45197,75.47696800402987
2014028920,11784,6.020414520941879
2014041702,176168,2.397999774763777
2014052977,86054,14.80786474865875
2014078620,17383,12.242737217404802
2014094287,43255,48.92775187320233
2014116510,48285,29.318800240067485
2014121873,266735,68.93830894103401
2014137342,256203,11.598490972284646
2014137892,200231,24.868402017547616
2014138708,45420,11.489722422840673
2014145522,224104,48.46206870772557
2014148136,18133,3.795854487905827
2014159197,76681,81.40703849255291
2014163405,170971,7.421316694965002
2014169230,109678,33.53354416442242
2014198295,79254,5.242192084407397
2014201116,174063,45.38919656253587
2015003429,170671,14.492265665642291
2015008757,45198,6.948535564806485
2015012963,207509,30.08810608404197
2015013672,247954,4.660967528516607
2015017434,14139,9.704922547291657
2015034317,189370,10.73896975702079
2015049593,174061,51.71083982070396
2015056438,171993,4.564874105034575
2015058996,82474,72.36456960313
2015062360,78354,8.431905694365035
2015065889,78738,6.3458723679878855
2015066293,175793,17.2948431571053
2015068717,82007,40.70482218653186
2015071107,43395,35.597680929166664
2015073937,136499,2.000651087869473
2015077187,175826,10.303150288158184
2015080408,78576,76.68256587787201
2015083343,127860,63.33516026123424
2015091127,175610,12.331912372932786
2015098197,174309,98.34837079520427
2015100572,43206,6.9058445246284705
2015107372,141724,2.4402904885947843
2015132149,171187,16.838283699423947
2015133399,223597,7.410813366646997
2015134793,98130,40.08005156205095
2015146204,216785,11.631752230574692
2015153941,238971,34.97647511918168
2015160102,203349,16.16374213118933
2015162658,76681,85.79390397429182
2015174447,101783,32.85201867888455
2015180753,175596,7.188046308470769
2015187260,125803,7.918338225227313
2015192557,160077,75.2619428755325
2015198759,175911,15.171089032162705
2015205646,179415,16.713636992220238
2015206057,170671,8.935005747596213
2015208630,44552,22.250608987622854
2015211313,9075,30.1164654356247
2015212469,195342,12.718934211487122
2015217284,82067,5.178951433054055
2015219493,183869,12.985896586971329
2015219613,170740,22.091483298851728
2015223066,176504,71.33968549729907
2015223326,46099,84.0486698221158
2015225059,185204,15.930949932541138
2015230206,160313,77.59814908072559
2016013792,43206,3.1903443842746357
2016014684,185025,4.611670956366269
2016028945,176504,9.323508014690802
2016028963,82002,6.8202454995151784
2016041963,80066,24.433903763393907
2016142139,82402,9.49026587281559
2016144477,256203,6.338848413086522
2016184187,133394,4.477942886383942
2016189418,176111,3.9035385826531406
2016192225,82497,20.754144678249997
2016193632,41380,2.3467969488329876
2017000024,109678,13.836556163655438
2017001220,43185,21.576485096435647
2017004903,48309,22.394380987576373
2017030094,45566,59.833863808260034
2017030644,176152,35.640123629771324
2017031072,168142,6.14342055293599
2017032463,45566,6.516863528783357
2017034066,45420,16.08062906967842
2017034906,44076,57.23944302199423
2017038359,43206,4.189750025154106
2017038548,137120,7.540129346197058
2017038837,79831,73.41231693988253
2017041257,185401,20.14583185392328
2017042484,177582,14.314182760511757
2017044762,42692,84.14037013845403
2017046833,43693,53.36366726395837
2017049789,216785,18.637204173793883
2017056781,175673,36.53565422664587
2017059583,80105,4.076392574675473
2017071830,175916,72.65097312998043
2017074799,27620,46.056328243704705
2017081843,44521,9.330741922542678
2017085994,171530,14.983550441550179
2017089666,86048,22.28121355002972
2017092972,174534,52.377147143557806
2017113855,77659,50.29012388955352
2017115123,170293,5.653247450612454
2017116125,44739,20.000535051962437
2017118846,71960,42.18103160498138
2017120949,170304,4.591491049771582
2017127408,208864,23.249734935261245
2017130090,177125,69.7447874234634
2017131049,81895,49.58253534203503
2017132602,175992,15.583653455730223
2017138118,82387,5.702306798413491
2017141716,175919,5.450688888464284
2017167847,160381,46.85001096130326
2017168382,160060,12.575796878406074
2017168512,80020,47.83445076597412
2017185778,185508,78.73620729813632
2017188107,43205,9.54317210013569
2017194367,176502,24.55723458234082
2017205389,146477,36.66870347056751
2018002796,43256,31.93661767834956
2018003683,175742,97.10759329476045
2018004431,176152,0.5796579474419808
2018008416,76289,1.0651642617349808
2018009246,113414,6.465619021906491
2018010087,123793,9.968083700350435
2018048109,43367,37.84327143842475
2018051883,200231,28.000287847885765
2018061008,204061,13.548323429100687
2018061565,175824,60.75391842023956
2018068377,82336,57.26683921842637
2018075753,76655,1.6251123643007077
2018091747,160010,34.559192612659345
2018091960,268845,6.409447549144605
2018099233,229073,4.600059117141226
2018100127,78794,58.56474502780971
2018105360,221224,4.954100411149987
2018106691,241729,8.047738147884116
2018108089,106924,20.010898969038983
2018113936,45197,75.49012175511811
2018115565,98130,4.7566379446430815
2018116815,174233,78.97049679947519
2018126899,78208,11.38625272059079
2018130893,176433,31.462421508677647
2018139285,44933,33.53036697693695
2018158267,165185,17.83636239085957
2018172931,171750,67.30853009983446
2018178271,175824,11.396117863313405
2018179738,174533,16.73182711535663
2018181172,152211,11.512382064738468
2018182026,170292,34.51484473587242
2018186423,145886,9.961139329629944
2019000072,242633,6.545626190686912
2019002124,114045,3.231018607710027
2019012841,43370,6.506376408604251
2019014494,20682,52.339119636122014
2019015531,45409,11.876535872894292
2019015984,78791,53.936685807428745
2019016819,44737,11.65913153132953
2019022189,185204,9.093395605974438
2019022362,175824,63.45274615868729
2019023973,58946,26.66424345724314
2019028116,89019,3.9354063999652884
2019028297,79257,16.828672311971278
2019037308,151295,10.099744630939504
2019038399,13001,44.827695159967845
2019038755,191906,70.43856009796441
2019041173,44672,26.478810919671396
2019042212,99755,7.122061311413973
2019044424,180593,74.38635603098167
2019051699,175568,26.30491708311785
2019054088,212316,22.38189169051428
2019055342,141271,18.257144898511978
2019058592,192649,8.080964185634416
2019059167,171441,8.58668873130925
2019066379,193603,12.492821706337288
2019082609,175742,64.16347523642438
2019086589,260418,19.15823229503998
2019089382,263486,6.8596645656158515
2019093144,180593,92.04434849969248
2019093334,172076,89.97040357307358
2019121847,70181,32.84020386985661
2019132301,48353,70.95483973707297
2019136444,276210,21.426458045390493
2019149898,129139,9.366059033053977
2019150832,44264,7.151686472700965
2019151933,82125,5.1417412469383335
2019154918,144495,18.223776548169024
2019159408,202659,34.30530153859492
2019161165,281936,96.53206635707241
2019164048,170952,83.32288199821942
2019166339,213232,32.12379210010746
2019168713,45566,2.515077939754475
2019170927,174233,97.9410296810883
2019176233,229073,14.091831896045765
2019178797,180507,6.235939976920643
2019179850,175816,6.113327806014449
2019183535,172064,14.324394069110326
2019187199,87051,20.263254952951804
2019188869,254244,3.7547843301306747
2019195595,45571,12.263610964452667
2019200659,171816,18.89240204520119
2019205157,173516,3.659943303313607
2019213310,202015,12.711891581558017
2019220911,43915,52.55427684245996
2019223874,43232,4.451225087626044
2020006019,122667,13.211130957299924
2020007085,82496,6.583816872522972
2020007744,77659,34.289500992157365
2020015132,177560,66.32800421980903
2020016657,82003,36.986736606319155
2020024064,176149,8.412481786611437
2020027714,45875,16.71276207725458
2020029107,43934,8.05703008457935
2020037160,244758,64.56845785099982
2020049974,199504,2.947424745236816
2020051689,26277,6.126004507776241
2020058138,43693,28.768148841684365
2020058666,184247,8.051552512710604
2020059410,170756,73.96960454851967
2020072136,98964,2.8314927191241
2020075510,175916,93.20300867336168
2020080935,43950,7.9161557575474815
2020085895,106924,9.544602368062097
2020088776,269789,19.90665696148655
2020096713,81773,14.136922175177066
2020098319,76655,62.99547348422631
2020117792,141271,8.847089141381163
2020134578,173374,8.819626991352258
2020137196,124842,6.722907453432061
2020152143,176079,22.655454003523445
2020153656,273326,8.174473426334217
2020166505,204240,9.55613521448018
2020172386,258941,3.152734031975625
2020174597,170786,83.50221846143657
2020207197,133810,8.183980772092728
2021002697,98130,7.991690722243255
2021022927,176504,72.29278104845926
2021023775,49850,3.906721076590601
2021024289,184432,39.34536972725015
2021027138,175634,12.933111503268213
2021028873,175634,20.285530329155918
2021029197,175634,6.255146937018154
2021050174,175824,45.50993569006906
2021059503,191906,33.206032936746446
2021066143,177519,9.981052246575514
2021068232,160060,52.0503723988169
2021092929,43408,53.276516123081954
2021103193,160123,69.96513210011153
2021113771,125964,11.319913202657945
2021113899,82809,1.1238151393669882
2021116950,57398,39.19709675043565
2021117806,222862,24.153515146629033
2021118157,175582,13.23828708039837
2021121980,43796,12.661474123153258
2021124594,80104,48.90341898714513
2021126434,76382,4.680997978071827
2021127560,280628,10.906702658617942
2021139561,112110,4.215436268786217
2021158228,44264,71.27336196289166
2021158603,109678,77.34586354122243
2021179139,171017,11.066550146372062
2021183403,113414,5.9176552060925
2021184572,43300,48.80858005226643
2021200084,171500,4.814569981977558
2022000795,180506,3.708031445151429
2022004169,268845,63.26177561217834
2022016335,171824,72.10488601172182
2022037873,13836,60.49797662365631
2022049921,78794,25.05453196002653
2022052828,160381,2.511506477302126
2022066354,172433,13.515537259226678
2022070743,170938,9.82737926143726
2022091394,172433,12.01041525390294
2022093692,45409,14.56010605482404
2022093762,185186,1.047359984112163
2022094823,175816,87.56617343457974
2022097781,253871,11.434492199395875
2022110032,70181,7.87268750882152
2022119855,13106,4.150114716220243
2022127038,133126,18.830841039868115
2022148529,43187,11.882162135193253
2022151515,149530,4.935834591760479
2022155239,276169,2.4741280150487555
2022157161,170292,2.0931752234223966
2022164274,202659,32.38782955986457
2022182213,175916,71.12456658767047
2022193512,170302,3.757905224087207
2022193590,43302,4.728836922110747
2023000844,180507,4.327873274459145
2023001873,82447,5.086037515764877
2023005504,2092,9.589712923291152
2023008498,45419,10.170156106680942
2023014603,79831,97.1539909146552
2023017308,177131,9.049766068496792
2023020224,185204,27.39491482000959
2023020604,149530,3.8157889645725387
2023023326,184008,91.63051320577847
2023027495,125964,11.150323954533517
2023028982,175671,2.1017310412760257
2023037724,185508,0.4857740735936109
2023046940,76690,25.765097664488096
2023059189,231005,1.5064352062171977
2023060710,170671,66.98136589902155
2023071642,174234,59.54879206462109
2023074456,26748,1.712430336913341
2023074754,175916,66.82042191941734
2023086469,82007,37.71091918101718
2023086790,76472,12.254800469597305
2023089915,185043,8.382056470537437
2023090088,280142,2.456790538451978
2023099266,160123,69.67139070963687
2023099319,180593,85.04856808083204
2023100053,175525,5.362192556022399
2023120619,171852,2.5477446089480353
2023135750,43205,11.811512633544146
2023135903,44579,41.1840823379858
2023149652,176079,21.813307883039883
2023158854,82335,42.03028328335674
2023162898,185274,6.669756138416811
2023167562,170836,5.8024797831520285
2023187507,76926,2.1368605307533293
2023189953,89019,2.5929389687884683
2024010244,45147,55.081107369992594
2024019769,76653,7.089296217963227
2024022957,175637,4.2852676402140775
2024023414,43851,26.413322143506733
2024037172,276210,5.726577582081677
2024038426,125803,23.581664408574976
2024038920,160441,45.26162695569363
2024040133,82003,37.439245618708846
2024041155,43256,43.27631534548878
2024054331,145886,5.896907376708906
2024065572,94180,3.203207392920776
2024075124,219491,53.117799657831426
2024097578,141271,16.18078542561238
2024103573,78809,14.04800910292176
2024121025,20783,1.3134531860876983
2024136405,64047,5.49530311020768
2024136747,170997,7.576709780266891
2024156225,38353,31.078053049506874
2024175312,185365,93.13849342700038
2024179337,185207,4.298045158065858
2024179816,118330,2.7777930402825297
2010007515,208156,4.6683992153950635
2010011035,157524,28.06019014857423
2010017963,134823,74.19159851296892
2010018762,208425,37.478377828062975
2010033810,61396,4.427176120050518
2010039918,192604,3.3594453048480775
2010040175,104848,52.71224503320452
2010049225,10974,11.029328642834077
2010049350,10699,31.466588679274448
2010057975,209999,26.931195953167613
2010064320,261962,14.324410765670425
2010071209,120831,6.426593010616156
2010081352,198868,10.116345797275207
2010083642,69923,32.384664984813824
2010089072,36817,20.199034902350128
2010090428,197588,33.631232494853435
2010104995,198534,17.37623622699334
2010115173,80263,58.570676873638924
2010129835,207760,24.41613770250524
2010149933,18285,3.832994190709514
2010150253,208260,18.5830230358309
2010152307,69372,18.30524531126775
2010156727,67383,3.6185377320065992
2010157735,200414,22.562757957767147
2010158193,10657,5.599963790486959
2010158256,104621,90.9601114998394
2010160151,207470,18.133912061127276
2010170161,193034,13.999848783149954
2010171591,198985,11.533518004912226
2010172590,14928,6.624101122866831
2010176303,18033,4.931971661736952
2010183157,198919,48.25731395642241
2010197795,126607,21.214050209164636
2010200377,208156,13.704508438496058
2010200408,208156,1.9472125077444236
2010212442,50830,10.750655109369491
2010212676,126789,18.535710841037346
2010218309,116995,2.463083474094224
2011001843,253476,1.810808914613046
2011011320,263643,6.820227946499853
2011015280,253476,5.6405751440647265
2011020179,204290,5.123075975876366
2011021105,104848,44.901751170262244
2011033778,191518,5.022797925920087
2011047795,203483,32.07508524849759
2011049959,205964,31.708442561190328
2011051886,197792,67.12754792931882
2011060799,10845,15.365737298243328
2011065470,207163,4.560726788731805
2011067396,121478,4.326034495623025
2011082717,158649,42.50162852970647
2011083353,199802,55.053732144355884
2011092503,30558,3.735783114021469
2011098972,282101,8.85551861291783
2011100466,142807,6.944958690264814
2011101261,207668,31.660411584916414
2011111488,10975,6.755579256984271
2011123959,10750,10.716492445236952
2011136896,199787,19.15241480199254
2011145138,172165,33.714937414080545
2011169073,207032,14.464092493179129
2011178017,199111,32.16850299138015
2011186428,206775,6.775497135334404
2011191456,160620,3.6958825264590014
2011216887,7185,19.594454581773512
2011219068,67905,1.7379787546282994
2012004014,195742,14.24244791513585
2012013993,198055,28.57097551940786
2012014288,136104,1.160136749318129
2012020494,207043,20.772113577235455
2012021661,194739,14.173598958125062
2012042003,197161,10.135001077703693
2012045550,18289,4.538795717727472
2012050679,214529,6.482526704139834
2012054436,98978,6.567114053116517
2012069676,206998,9.116315773395241
2012072910,196980,42.70154619515797
2012077144,192847,6.555150672141197
2012077378,134823,25.140447010708062
2012077584,208528,34.72507555149794
2012082481,202587,45.479064423992945
2012099563,199075,38.4641501161878
2012109052,104848,41.768105756805824
2012114216,206138,36.957433398024286
2012116042,10657,69.54990846293872
2012121146,86448,16.04068271426146
2012124452,160957,9.692681360444961
2012136602,10597,19.656296852447024
2012142351,193687,7.915466799956926
2012142700,254034,45.91719150697828
2012146891,10657,75.0241025077479
2012149462,209169,9.312142565440746
2012152542,214529,4.696847722940023
2012167505,105389,59.56888120552587
2012167767,200200,69.89747366387205
2012180440,109248,4.281415474834825
2012180572,10685,92.65718631781327
2012199394,249912,4.678313907149723
2012201268,198338,44.32341830033173
2012202097,208330,11.465488763190658
2012215128,208260,28.602453881651794
2013003562,115542,13.806234002472873
2013004124,155633,22.14899010959101
2013004385,273336,5.357067995568462
2013009729,207794,67.7295684745074
2013012773,254034,6.874400177744028
2013013338,130007,91.62522980010787
2013019550,200293,16.10189913141033
2013022893,198985,13.967378669213211
2013024637,200422,46.684190054953326
2013026616,69444,34.39812272679583
2013027328,197557,46.03285090306906
2013036906,248083,43.160542521207674
2013044467,18289,2.4099443095202164
2013045290,170465,37.853472572647426
2013061949,18179,1.3841888714542945
2013062839,197947,80.1525517616166
2013069409,216481,4.380314364029908
2013078151,160983,87.38226443461824
2013096277,199805,56.57454596000465
2013099900,209192,28.18393405845043
2013100227,134755,10.886941486922343
2013109407,207936,14.175137917919402
2013126019,207663,97.94568503660184
2013129087,51610,10.087894771441901
2013129738,207317,92.26686908950776
2013132974,200093,44.83282143622695
2013133052,10657,80.6236435230661
2013137658,198056,41.52647523350097
2013141706,143606,19.263170057977295
2013152931,207671,38.13202517887788
2013154959,10657,2.9274310365280956
2013156648,73966,3.0233697574435268
2013157278,199786,8.201772120701946
2013162739,199797,2.203327923048265
2013164520,203812,50.92276582645849
2013171554,18280,40.68147789463977
2013173564,206700,13.30894665078879
2013174211,10657,2.9274310365280956
2013178622,197173,50.643617377556716
2013180411,115542,16.505314941528862
2013183277,200775,93.02780419202173
2013183666,18278,20.80090368986737
2013194976,198282,97.19535715105425
2013196197,18763,49.497089770863866
2013199089,197947,84.48517443083965
2013203048,19742,67.7596318313243
2013204074,202595,15.505687122945293
2013210210,175739,2.220578813261916
2014000257,109630,12.562232881515463
2014003399,122345,11.786088545417856
2014003906,13107,64.37617721230153
2014003990,36920,50.17046106652675
2014009955,132358,6.584212450847407
2014020711,93422,8.146815343006432
2014031344,113895,1.1045548022073262
2014034337,207163,9.762388161691723
2014042953,259712,12.316180591484919
2014047848,200290,26.398790279045315
2014059737,207797,7.211432137147023
2014061436,10686,70.37537363993724
2014065112,200422,70.79237017442911
2014073908,18035,57.06385416329584
2014077585,208931,77.73425314692429
2014079128,250673,35.929696739565294
2014083113,75084,62.8815826352711
2014084638,207452,59.48985441472867
2014097395,89588,17.483278995071018
2014099307,36494,5.9593178146800625
2014105815,198919,11.861136074191373
2014119065,67905,30.166028363916002
2014123220,193034,72.3902470450435
2014125613,158071,11.022409800708633
2014130049,193034,32.09408462211181
2014139510,200750,41.87224269440197
2014139538,112085,18.53135495549091
2014142014,198452,24.204368012735692
2014153827,208339,9.475475592450962
2014158278,10657,5.628719940129058
2014161493,9007,12.773525363473286
2014162814,167366,51.62374318853917
2014166699,122712,1.7821720322591832
2014169589,198270,63.68004387569504
2014170281,193700,21.97754165441429
2014172295,30992,37.00665975729668
2014193629,206108,19.629941928437702
2014195544,112990,66.00304785213847
2014203131,199796,15.803612107607329
2014208504,181567,51.950987955052234
2014210905,198985,11.749674557375405
2014212754,11076,94.61036948842577
2014213038,206108,18.34051477789561
2014219204,222678,3.904243044939539
2015003490,209484,34.952562351817974
2015004246,20667,29.120009194412006
2015013245,206533,11.347950035667338
2015021202,3760,9.719798156947226
2015023168,146814,4.092048622646599
2015024475,51610,2.9588923038927923
2015026145,253476,6.8798566719949665
2015028075,65987,2.2271294985146532
2015030265,142172,66.78916249693388
2015034102,199796,48.6160326441008
2015038875,67905,2.8196053956834226
2015046345,195404,41.84921530079718
2015049741,81213,13.346037686560456
2015052015,276623,10.085577972981984
2015058897,161544,21.413482818772767
2015063181,193156,17.69975415124775
2015070710,121735,5.338275288123233
2015075168,207385,43.35652400032835
2015080003,18763,60.06385215744467
2015085476,18278,9.124719781231452
2015087866,42949,45.43875412466799
2015101406,10597,17.327861469499226
2015103954,36494,7.665880594046489
2015109502,207892,19.798106437041287
2015114474,203813,3.895291376040884
2015117840,208202,32.15049971828821
2015118513,196490,8.677561104988396
2015123445,207668,12.642060529564688
2015134074,3760,3.764662615694091
2015141158,206529,51.87826243685022
2015143812,206775,12.87669992334764
2015144044,199796,12.51101820149345
2015149751,67529,33.13555418881483
2015151431,197173,50.50164645802534
2015157057,9256,33.177265520523385
2015166904,207797,10.082849051337625
2015172367,193156,75.87602762262345
2015175858,194453,4.154383036216597
2015176298,261464,11.826345424532546
2015184544,10657,69.40009998721519
2015195389,170465,11.35341141501493
2015196507,47313,12.55853808971374
2015197570,206897,2.8267310370542837
2015202800,192836,14.672283151491996
2015204917,10989,79.38917678799743
2015206597,206108,17.785807333003834
2015207435,126433,3.379132910832149
2015207516,209191,18.13351728317588
2015207607,203483,33.999630432280476
2015208009,193772,9.382882976608196
2015214290,111462,4.349226993439648
2015219267,203483,38.59112262815399
2015224471,265353,3.312887544418154
2015224538,259959,10.247549554583742
2015225045,146814,3.351937484934026
2015226381,206515,6.556207774707024
2016008129,160957,12.834825030374184
2016009480,130224,46.63355427267353
2016009709,129869,4.782450936546968
2016009792,10657,66.63828316562537
2016014704,214529,26.86887056794539
2016016405,211697,4.6581036315168705
2016017947,131692,12.112446065140531
2016022762,175739,3.7533576865802836
2016023039,208412,1.851850838974867
2016029129,206998,11.93698189119542
2016029190,18275,8.85038781939069
2016040412,206897,39.935322784367784
2016047097,207655,81.80023717895948
2016047756,193600,3.6458625527740782
2016052701,209196,26.971979446229035
2016062248,207673,71.02097820905955
2016068273,192604,48.918214920040185
2016072296,184289,41.71745991280827
2016078742,207668,32.64845916269239
2016081188,122713,52.94674679200305
2016083921,203490,46.08239279135829
2016089741,175739,1.7574837490766007
2016090485,18399,57.742904096550376
2016090589,163807,22.753151396180016
2016097787,109389,14.307977856268948
2016102625,265918,7.83266074741595
2016108983,200538,28.23034702291928
2016115472,14928,34.02853078253937
2016121876,206533,35.41068599684569
2016122612,206081,7.482555638874784
2016129017,86454,7.416924223789051
2016134218,109248,8.466978552622905
2016135995,273336,44.462639838104955
2016139728,239732,6.017053776639134
2016140470,207933,6.017045521787369
2016145972,197947,79.72626147133408
2016149997,209759,30.634586438937944
2016150925,200363,12.5674340622602
2016154741,141952,72.40333154831039
2016154926,209484,11.967472775320438
2016160080,75084,55.165325865211884
2016160577,104621,94.9116901854828
2016164014,185908,24.347507387425516
2016179379,201596,31.111919567838445
2016182044,19675,7.286981041911868
2016182396,208339,4.47372024966616
2016183779,160957,40.75223172914096
2016197987,206819,28.452274864803623
2016200192,206108,20.055315462138495
2016205310,198462,17.776126976964548
2016206246,193600,11.300244767149241
2016210641,181092,2.860824425079722
2016214312,197315,23.216064328413164
2016217048,30992,26.15593254360431
2017000707,193040,4.507717173041568
2017002665,18289,5.366972103723684
2017005075,10597,16.620031795095095
2017006890,206688,12.878072675855407
2017007687,8475,5.336709116755097
2017007762,209192,45.52936219065346
2017007837,22759,20.270204061198612
2017008531,208458,13.9980663656173
2017011611,208156,34.43221183762148
2017014319,10686,3.197244046861807
2017016457,199796,10.747962806591978
2017019167,199294,6.173605878959287
2017020608,202595,0.9819007801574088
2017022501,198462,5.931544172162726
2017024874,197173,51.22139804994469
2017034625,58352,10.891918504657696
2017041961,207933,6.952638533410965
2017042792,207632,2.1727489637435493
2017043421,207668,17.970810342570772
2017049925,10845,12.546812387909924
2017050334,209452,18.43197186323526
2017052412,198870,66.09886489324927
2017056626,179039,22.36902592220844
2017057574,10657,77.93559411411046
2017059074,207317,89.19763912187648
2017062510,10744,7.34750022030933
2017069564,69923,24.738317835521748
2017072239,36976,57.112462874709905
2017081600,130224,55.33395773464737
2017083509,198270,41.685095019017254
2017084189,197316,9.442194732206563
2017086474,18289,8.762552857410101
2017088168,197163,4.057058117382712
2017088479,206108,27.788484801526696
2017089457,55572,8.16076646183863
2017091108,198270,17.366673747093678
2017101770,136781,85.27001182597485
2017102554,191359,64.25440479958704
2017107043,207668,61.397690655735836
2017109212,195404,15.594018207864242
2017113182,208930,62.318477497476565
2017119132,193324,61.73131268724742
2017125785,9326,18.523818196731593
2017129136,197142,54.101335805942234
2017133235,10690,2.469420229364988
2017134632,193156,25.823537692929236
2017136864,193600,22.856248849518614
2017150304,152508,2.7269306622972405
2017152297,13101,4.105571868047907
2017167308,200357,6.9953082440253205
2017171332,8581,16.876985857223108
2017179188,198462,5.700738850878763
2017180872,200363,4.176036828742958
2017182209,207760,14.45019722404115
2017187473,249912,11.582902909564988
2017189542,51610,22.56879812724498
2017191807,10529,53.489604352161514
2017196628,175739,0.7676436231273182
2017199323,208250,38.109098771500776
2017205016,27759,6.915970181326681
2017211335,208338,93.74491259804897
2017213631,36976,0.407552818319299
2018003302,207633,97.77647241134304
2018018100,193034,57.17739466203009
2018019166,207163,17.040082985432097
2018032449,208438,47.6166433691666
2018032526,265918,3.281588049675431
2018033082,68105,7.395285941809557
2018035347,10657,4.881182301524654
2018039425,193762,1.8235934698942726
2018039991,198476,43.05014069576276
2018047990,248083,25.585829499543824
2018050750,249912,6.114880113664744
2018055655,200314,22.526736965045373
2018072058,181574,33.56300577725454
2018084297,193156,71.71546465637577
2018086990,199796,15.512962153315177
2018087455,249912,8.848079518834686
2018088918,211697,5.121938630195461
2018108931,10657,73.01517935643791
2018109830,193605,35.825412550488394
2018110683,200678,28.00884518354689
2018111598,196611,17.814876908714883
2018124300,122345,10.874714948583009
2018131597,18035,33.52213437406032
2018143784,200363,6.125077321624554
2018147156,206897,65.09198376820657
2018154221,10597,48.31812619112939
2018154351,206768,7.43602105581117
2018155697,273336,2.613657930563461
2018165028,204290,8.084387619676324
2018165107,197792,21.010276482691037
2018165152,200757,71.16589499870535
2018170765,193177,13.171868946660258
2018171693,73142,18.21026164906021
2018179004,199080,47.75476315123785
2018187168,10657,7.278328304353163
2018193154,10396,1.0088356551168425
2018206820,196490,5.411430739286753
2019000248,40152,5.426985671247018
2019000474,206108,17.549746017220208
2019000606,229815,15.047206262501795
2019005075,109389,14.902255918114172
2019008825,82461,0.13780316272257725
2019011332,69444,43.29347150256749
2019014218,112085,4.35292809272524
2019016018,36052,7.915348937051056
2019016110,19776,0.5552477750369045
2019019442,208335,18.5254236261211
2019023968,13236,84.53668845396116
2019035282,15259,72.7890513437579
2019042259,200776,6.269165597872277
2019054087,279112,8.686506717496346
2019062886,10657,7.106878125237646
2019063153,129841,5.538580927964571
2019072280,112085,5.586435794076867
2019077558,69373,19.028472574865006
2019088879,86448,23.1956872418326
2019104654,134823,21.619324298768984
2019107099,242212,28.770789043860326
2019114141,160983,29.761525654451773
2019118555,69444,43.00035221291785
2019118975,203664,20.691293228126483
2019129377,10657,81.58759184239099
2019135847,195742,20.838718499767236
2019138555,254034,25.89622299117992
2019139613,197142,29.585245702213793
2019140312,200414,20.541939600639818
2019142747,196980,44.93074905534677
2019162306,41784,5.785203189469085
2019162487,200220,44.14635056849468
2019164682,11076,96.12150835493577
2019166373,9326,14.057631732936809
2019169452,18285,3.9810218248515095
2019171663,109248,4.371476659817488
2019171786,196165,8.482959976400052
2019175214,215567,6.547631649917796
2019182939,198343,6.295088325469834
2019194337,207716,6.524947935823981
2019196211,206108,14.864533892149236
2019196364,18763,41.306788584908915
2019200871,36911,14.026076267348643
2019203174,251209,23.951692561456923
2019208730,214428,43.45632513899812
2019212264,10657,6.795941657254555
2019213227,10874,13.625223786303335
2019215513,211697,6.149368494834581
2019216267,197321,50.58388830306768
2019216765,67383,2.8447636936487357
2020000527,36976,55.43512571372269
2020001225,129841,94.2646054736817
2020004403,196980,43.011844795491626
2020006677,197604,30.741348438365552
2020008255,199290,27.703644331854992
2020025868,18289,0.8595211296436855
2020026033,207452,12.055901097030567
2020030582,10657,16.341486132118433
2020030759,10982,31.603670078133717
2020031098,18278,4.230697857560683
2020045829,198885,8.726331659305004
2020046907,193156,57.45322973762737
2020051081,205926,6.135042602775792
2020058457,62380,1.2487482207309049
2020062597,15259,52.16368181136386
2020064560,44969,94.94687361355852
2020075754,211697,1.0070648640394213
2020078410,10597,18.073245967738025
2020079713,58352,15.74463055590001
2020084387,206080,17.021663428439915
2020092255,86454,3.1450804072253224
2020094240,197392,4.325081475891635
2020094920,198386,25.588860098896173
2020098739,265353,6.7689674293843485
2020101453,198386,97.82316122742925
2020112966,200775,4.661623468810064
2020114475,202596,3.2982324841053354
2020130140,199796,2.009300498833054
2020136423,130224,80.5574705190106
2020145876,18763,44.87392409712225
2020156466,201744,28.100752871738077
2020160019,160957,1.3055912328580392
2020176298,199254,15.392240372878772
2020184668,153037,18.470107162868104
2020185706,192847,38.130364545574764
2020196515,18285,90.5798675159554
2020196961,10690,3.5650873766333424
2020203173,200091,48.9193218404671
2021004583,197389,81.18424381659672
2021005737,32813,24.12380515218231
2021008221,200750,42.35982221625321
2021015531,248083,2.0173728647702935
2021019523,11076,96.83020651157707
2021033612,200538,20.04986266794238
2021049503,282101,2.2637898809523898
2021053090,207933,2.480726634889942
2021054413,195404,96.65533967245855
2021066816,142654,14.748680245829135
2021077222,138220,74.49695167583653
2021110062,18280,19.892449527366203
2021116361,207407,7.756196710131087
2021139176,86457,1.7676403623447088
2021149439,192836,11.66446107063261
2021154524,198456,2.9631439417118473
2021158148,13101,8.033278096805384
2021158191,207933,61.2684068358932
2021168302,122154,4.381150069011704
2021172988,13273,17.51647363836895
2021178813,208440,15.467776343415917
2021179014,10780,43.15633606428025
2021193300,146814,3.1423679194839376
2021201062,10734,27.938024858195668
2022005936,209191,19.70678684696254
2022008230,181582,7.858680523707612
2022018029,216481,2.6758459077374868
2022044182,200290,2.0605300227827503
2022076935,10982,4.076749159343997
2022089973,203855,15.983135264860401
2022092287,208412,2.2329718970327592
2022095848,13106,0.9826616164077956
2022114724,200891,7.2745569459635835
2022118153,129841,12.082348855115313
2022126050,199294,27.56796636027315
2022131817,199080,11.46789587571949
2022136150,18280,59.91473656973782
2022150227,104621,90.8094937769109
2022152691,123809,4.306914116473146
2022157576,10657,70.7829811873
2022165846,193605,9.744058944023488
2022179423,200421,7.5774705652168
2022179551,199111,7.388561662223868
2022179847,138709,0.9866669115733261
2022186206,263643,2.630048270279071
2023004767,144318,2.3825025422902795
2023004824,142172,32.78207236459595
2023006698,209693,4.490361729993816
2023013650,250673,4.355728660962466
2023037261,195400,3.928209588027596
2023062471,207452,9.99009497550544
2023064240,200091,42.10098129903403
2023067433,170465,3.6055108710611004
2023070724,18775,5.062554707286065
2023073502,197303,3.8383248428350965
2023083513,198050,9.729897954912218
2023084796,232696,12.485244270652828
2023093775,199564,4.145809255420599
2023119216,13273,1.4058534703135819
2023121359,18763,31.818455439201813
2023138953,208412,0.9472701869483193
2023145465,265353,6.502888736843663
2023151132,19776,11.441673674377746
2023164144,130224,72.0144939993745
2023187305,196611,28.11682681765078
2023191061,136920,2.665071504909255
2023193750,200538,13.65923550705538
2023197687,203855,12.921056180538214
2024014109,201144,15.539374436494377
2024015353,193156,63.53539271419716
2024023159,10983,21.76829725084812
2024032261,193039,5.688812180213743
2024041248,10657,93.65807594420569
2024043322,197173,55.467533588089374
2024057370,99501,11.729634163476957
2024061186,207663,97.56391558360332
2024062318,130224,94.30015735447817
2024065281,200750,72.88762125280675
2024065703,198452,17.129748644881662
2024072803,222752,25.763560433735062
2024085924,207876,27.35927338332311
2024087843,32813,3.1819033510902752
2024110819,269870,0.10463546418653326
2024111551,10658,3.6117191335046828
2024114466,52742,1.791982058054471
2024115422,193039,10.663112597044137
2024121730,104124,2.7281322726200252
2024149385,197142,6.330415196576826
2024151014,200290,37.15788318102711
2024173703,104848,21.2963983063052
2024177667,193034,44.88463132812292
2024185081,134177,6.536197945026707
2024187698,131348,7.103551923488975
2024189550,199143,60.568467264824875
2010009159,148993,71.57568527100882
2010027542,99648,28.30117276157619
2010032060,76472,60.76384049443106
2010038462,67514,43.68843755867929
2010039454,177342,52.62513176071215
2010049054,178119,19.83896564629069
2010056306,178726,2.4523896389029103
2010071615,49011,32.633421574796635
2010076947,241077,15.41398090328753
2010077237,166449,10.845829911744456
2010080287,25935,8.580933387657765
2010081155,29341,58.366330172654266
2010083263,163384,42.69942154293205
2010094557,49128,6.161768623195979
2010100810,24684,15.603635054655344
2010102775,26899,9.16087200034986
2010107316,119,3.743795828248264
2010134940,75777,75.37620976322489
2010140152,67204,7.113439566930068
2010141864,44548,15.670263337398808
2010143068,281727,74.22645480715039
2010145715,51919,55.26028497107386
2010146606,2459,29.85188897150716
2010147138,121822,6.733425842396535
2010147597,178817,9.810815431161995
2010177077,32409,7.032906422497821
2010179709,24775,3.9715176678030373
2010182377,32938,69.04086677335266
2010183327,25935,8.580933387657765
2010185725,22166,12.26651807274255
2010192045,163224,68.76909308919245
2010201155,21652,69.8974116895176
2010215937,76450,3.399681602979563
2010224686,241077,14.302677815967387
2011003790,167712,92.72279385020714
2011003981,24805,35.512851810269545
2011011127,178817,10.882913611852649
2011016266,73320,6.762168068883593
2011021192,145412,10.700916562823078
2011050714,29045,38.42111168262106
2011065792,68709,8.420033287034618
2011069589,38690,13.953091940187916
2011080837,62594,37.48908772945814
2011081898,63472,7.972599782278767
2011087630,98248,5.4305712648914835
2011094679,163384,37.4787268758845
2011098726,43498,28.895419352317106
2011099029,29040,24.927092114853632
2011104070,76472,26.8167746441503
2011107335,209665,11.431166971709258
2011108356,10305,11.213953219521917
2011160824,21166,64.81211999234218
2011188517,178925,28.022515635031933
2011201970,178899,1.9402331982606071
2011214364,67364,10.05720084847773
2012000120,28769,25.73276715905199
2012003788,26200,34.988934641721656
2012005341,152613,43.43562602689852
2012031318,179920,13.91679921908991
2012052752,169963,18.710091473449218
2012064919,39962,1.5566917062409766
2012083136,282140,12.411115883484056
2012102104,12116,9.156497372029564
2012116088,183582,19.505867158812933
2012118632,53673,5.104164208063156
2012124954,31597,58.219420745138855
2012160973,175080,4.342768376019857
2012162270,247427,10.964076279026013
2012169660,147115,7.550343489312049
2012178469,200776,11.903545475902419
2012180477,29196,32.46971251485863
2012189754,104788,6.061941331582359
2012201708,49029,82.31005808567082
2012206125,24799,82.40828817351442
2013002375,13033,11.551744079197396
2013007888,183543,5.775474515328225
2013023171,177342,6.613494325138524
2013030659,25217,7.754481776251244
2013048458,177611,7.028519481454794
2013057007,169808,43.65008225315712
2013071808,26785,8.55497825275287
2013074450,28268,20.675900308530736
2013095903,177240,6.416033066397456
2013096615,2459,23.88000479175326
2013100228,48337,78.38850088912257
2013102353,155305,44.67798924356636
2013109880,53990,19.950048197383055
2013126449,183543,1.7967062513931717
2013134228,48193,20.520017934799096
2013141669,129713,35.62492717771406
2013142648,41841,32.567248941347415
2013145520,27958,83.85047104125232
2013151289,177246,75.13638923377353
2013156343,146840,15.513293764939842
2013158722,43496,7.307134987393378
2013159037,84130,40.939679106303295
2013173268,69244,12.338429657979178
2013177457,27679,34.5888633077683
2013178024,53631,5.423029846837328
2013180308,53669,9.290196905031559
2013184705,49011,35.423027876080205
2013193747,100813,10.69399233626155
2013196584,28766,2.124782218151115
2013200083,186497,95.18412941959332
2013209887,39962,3.2281378802458427
2013210207,200091,26.64628678538171
2014015268,48331,2.0032815797383225
2014021122,98951,5.078868211269263
2014034759,25217,8.230205436856725
2014052581,28271,29.387342312522616
2014062565,49125,13.528967656960114
2014076638,24805,46.493400940255384
2014080705,190644,14.843491728327468
2014094335,177611,6.9360238394955624
2014097505,27685,51.60712600338663
2014116821,77854,62.285159512484356
2014133273,237785,24.537266676687562
2014135071,29316,11.296192187818441
2014150494,178928,32.02623657756337
2014151343,4526,10.421536917091036
2014154373,177311,2.749817247399315
2014172174,100813,17.746502665292695
2014183244,180367,10.669301356658305
2014192089,60805,7.258751321575586
2014192534,12116,18.078207228599187
2014193605,173452,57.54546101358876
2014196006,177242,83.32024625544486
2014197675,53631,5.330044110402678
2014201855,179909,13.000753260794042
2014202590,23178,5.431041440058944
2014209281,21725,2.166903787336358
2014210993,75777,68.3419830166212
2014212783,241077,26.342625434690152
2014213289,21865,11.033118339049198
2015001874,186061,5.608807684830248
2015031544,23359,4.806920964684314
2015042466,29040,24.927092114853632
2015042513,41740,95.73350245981814
2015048989,239717,38.04552095681783
2015058269,173695,73.27824883413452
2015061789,12341,61.4854023247429
2015064347,217002,30.381381359259077
2015064422,101726,10.475458658007236
2015065200,28269,68.67246364149227
2015073122,41626,74.78940916226811
2015075165,41642,90.89562810083204
2015080402,76451,53.059633483636894
2015083372,175080,8.377108125216836
2015103011,28771,32.92444040638931
2015126868,184329,14.495780048426358
2015127601,41605,91.91447765780569
2015128158,42982,29.63596721831384
2015134154,41743,12.411160335385524
2015141023,29341,72.35672882363603
2015148124,163226,36.15814232212524
2015149234,53994,20.911251758247744
2015149248,56110,45.46525595631404
2015176430,41624,69.92388297537555
2015177520,186061,66.77049876975379
2015178240,197694,44.751206051920065
2015185050,98996,15.680244648812682
2015186977,29040,73.26192193738972
2015187426,27901,25.286715963227003
2015193223,53994,25.21330552666157
2015200128,21725,84.54221590729654
2015211259,48193,69.238632245534
2015216623,163226,52.90810756596395
2015218560,183668,82.20720869162972
2015224423,274202,10.89322561293004
2015226229,163519,78.99408449000315
2015230230,38690,4.169629235469748
2016003472,21166,71.34511803351539
2016005194,238102,4.87920022110775
2016009283,173694,3.359219677924611
2016011820,43013,40.04402985674828
2016014817,224122,2.8873572460484485
2016017843,75645,70.23688662026017
2016019403,269782,15.462148916247575
2016023793,26773,9.859500937151815
2016026209,76450,9.244371591446965
2016034567,41624,65.10598944151496
2016037404,75777,28.470456143935902
2016044345,171140,14.864280132030578
2016046779,28771,19.158510622686986
2016047371,26785,1.595718886809061
2016048505,29045,10.755728040160207
2016049170,15617,26.15435999235029
2016054506,41620,54.15877195913872
2016056189,41743,72.13848706262473
2016060100,281727,5.045940979885392
2016061369,75843,5.939529569258968
2016068988,178925,49.090475614226904
2016086434,98464,73.4641390518891
2016091340,9297,6.258272890296423
2016102626,165504,1.5107508262919427
2016104418,26899,96.82870689459098
2016105436,99016,21.608176901293554
2016107218,48073,7.790526073785969
2016111374,177342,4.724598573746317
2016118191,178567,14.379638100943309
2016121786,31680,28.25646485476898
2016129472,224106,8.247987416413736
2016132215,77776,8.429216566575775
2016132292,8291,3.8618727767017322
2016148912,82704,7.5977293142179185
2016151991,29146,5.365824097236799
2016167565,266119,4.700742481970387
2016170266,22443,9.929030206770168
2016177999,173452,14.580948378699484
2016178896,127169,28.764471478756924
2016180589,139778,16.6406257981734
2016180785,179436,67.56465040824357
2016182861,177611,7.933586142382637
2016182868,151967,73.6050212881298
2016183490,99648,5.956027750409204
2016184369,20083,74.88872134509639
2016185526,177342,49.642557982342325
2016185673,53357,4.738573307140121
2016186565,127169,37.849977713038335
2016188069,75815,73.73783171237021
2016204749,28897,53.16016185620002
2016207052,238102,14.397998219062387
2016214026,105970,20.38115012684995
2017005484,26785,9.956516457559566
2017007451,77776,27.153266009310897
2017007878,27903,92.49165871709054
2017014664,43013,11.691174885116027
2017018304,22283,15.868750964234854
2017036754,174140,89.34348330559763
2017041256,241077,29.61055818507109
2017042579,26347,13.87595209491101
2017046065,98952,20.636730126434195
2017046161,147396,11.74891361344831
2017048360,179950,92.73028203024901
2017054045,88971,18.717726323942404
2017055422,27685,31.973347915087984
2017057809,173506,5.814646872669055
2017061600,60805,1.5219662951803534
2017080287,179453,2.1528435174149725
2017085119,127169,5.98565631374778
2017096529,26549,6.551459721146406
2017103893,26550,60.36443557576852
2017105342,49160,9.82035722077437
2017109556,178925,16.39953279774593
2017109648,26347,21.446746822617698
2017112575,48646,5.428338822420904
2017121687,76472,87.38537848960286
2017124213,28897,25.13523319985191
2017124672,32409,2.9523112387710158
2017146616,27685,27.566957405192156
2017153325,49157,5.006803331351231
2017171333,121674,70.94677398319236
2017173852,9297,37.695485796153136
2017175491,47840,15.561362695816653
2017177464,39962,8.445955979206758
2017185344,160360,4.743019615805011
2017193159,22166,75.04430293188308
2018010217,48332,90.86529486392433
2018012696,198935,9.857598349138643
2018013594,49126,44.35721417078444
2018019318,163192,7.528880791677202
2018019757,180469,10.09866758082927
2018022173,177240,47.60915870637552
2018034047,75571,49.0799945865626
2018036406,178565,10.825693694902839
2018038884,32938,14.99171584675445
2018047022,75777,49.04733948288661
2018061263,111547,10.113251863408289
2018065640,41621,52.0424223628553
2018071410,53673,12.229024495564511
2018071709,281727,42.16731612119387
2018078687,127169,8.621250265146088
2018079286,167707,29.70131353469384
2018082897,10651,22.52078858887878
2018088913,253039,8.447659659901612
2018088954,179922,24.806328710411258
2018099730,188489,13.122942349239834
2018109565,2141,3.6263681988194727
2018113783,41612,39.21653779242909
2018123172,269782,46.97524116111721
2018126403,95278,9.209641320470835
2018130542,29341,2.763689790734963
2018153198,24583,33.23433885526613
2018154842,180061,0.964684375056505
2018160626,261090,6.488038378940889
2018168133,54128,6.865563453275994
2018168674,27773,64.95558911132362
2018172075,98278,4.591675401362605
2018178810,43005,54.41725774840212
2018179884,24117,68.49300770706097
2018180212,29147,59.95777844150813
2018185147,24117,72.44886999504837
2018191339,27678,2.3818995937174567
2018193622,53994,18.358299627558377
2018200448,105970,58.42207821241161
2018209660,180367,10.956503782848918
2018211550,48617,41.693965983674396
2018211860,28462,14.789370533319401
2018212026,43013,8.673439361693728
2018214532,24428,16.883552930591062
2019001001,163226,55.4083745155052
2019008376,187186,21.788071574127425
2019009285,90029,7.965109187168274
2019015683,4167,6.646344791682517
2019030002,24775,9.752000687340049
2019032812,25937,7.602421907230188
2019034505,75653,3.6502159552747657
2019035904,177311,15.578724506753977
2019045509,226408,5.628718768498249
2019057793,28302,37.73216874489847
2019064290,186497,99.23425572237892
2019070741,98249,43.045110725388234
2019077367,163224,7.813677762938123
2019086717,206477,3.794146190604314
2019086852,28269,10.288595598218965
2019101939,29045,42.91013197473031
2019102884,99619,12.430378188045985
2019103201,28464,23.37204935810735
2019105680,147390,5.675111994258616
2019127622,75777,14.442730105242054
2019132570,179927,13.434741890188834
2019132666,24492,19.319145366129817
2019137884,28775,77.53190351656905
2019140684,27958,33.49869414383694
2019147416,67364,52.146036153021726
2019153552,98265,64.08913652476842
2019154756,75556,84.38213425269454
2019171172,32409,26.485657461823717
2019174124,82704,27.513535731227698
2019175813,26551,11.769184109834526
2019180516,28771,10.615776834484915
2019186550,53994,1.0957913510742574
2020002934,178730,83.49109173719303
2020008392,177674,67.33667237942473
2020060211,4712,43.40624231276327
2020062960,177321,55.84562614838664
2020066960,27773,70.79721307758703
2020093624,28270,96.25591606303372
2020108560,75637,63.898336455141845
2020111501,217002,1.8969804426217494
2020127985,84130,40.11845556247574
2020131816,190644,12.40907054796164
2020145001,27903,86.82365586836144
2020179859,48368,8.173118700804624
2020190853,25935,29.26522856099249
2021000348,82023,4.229301076381523
2021005765,179949,82.41777844560936
2021014461,178928,19.729300567856242
2021023168,27685,54.30261934508786
2021028074,183026,7.507612539065029
2021029722,164482,38.444384925358094
2021031231,28772,32.49823398302038
2021057077,24774,8.50418262362605
2021063282,159451,0.7130217312855411
2021070387,75571,8.000694513206325
2021071303,177674,7.088321238063395
2021074281,163519,9.03906782484716
2021077861,24962,5.4262764097474845
2021083036,266119,2.684044759113283
2021095562,35599,35.532613908167534
2021097408,75948,24.2485561610785
2021105068,170089,10.876106385101547
2021107664,28302,89.48902005222216
2021112431,30323,40.57414373452504
2021112917,98249,65.53093415596419
2021128320,148993,2.128842475610284
2021132893,43498,14.073854941175453
2021136216,2459,12.183841460130783
2021142711,62671,8.605998428237502
2021155903,98900,5.348403605539557
2021193653,183075,81.62400030473367
2021198847,266119,63.75636610355664
2022001818,28266,7.559195764872061
2022003761,187043,10.770747521233186
2022005061,31597,4.188722738359564
2022013189,186497,94.30838837739232
2022014309,75552,58.0543762922435
2022014509,184321,7.26048625440311
2022014802,173665,25.181956120713217
2022016674,227945,9.564184086132402
2022023103,76472,3.522132352849478
2022024627,121822,15.86027345785508
2022045956,183077,3.7618534442699163
2022056200,49155,2.109564050698662
2022063132,76057,2.0246831080993966
2022068679,183582,4.9672480145109965
2022069355,25568,2.705323281258986
2022077498,179908,3.289570515090883
2022090473,43498,10.22152104186613
2022094243,178726,3.777505530598194
2022095759,42994,14.960858902365374
2022102388,48646,2.3704764942876473
2022115125,54128,79.68147446889925
2022127518,121873,11.827287567276029
2022136609,27131,5.054450760776539
2022139029,179927,64.9128010170905
2022139128,127169,50.67994306278733
2022139329,26898,8.23326892970088
2022143796,65926,4.147831218150207
2022144969,53758,85.36719843144968
2022148443,169912,18.265514789429552
2022148943,37073,13.722518112743929
2022149649,189889,22.870294180947976
2022151690,152609,16.095893231279163
2022159216,127169,74.59622554817035
2022170093,28462,12.603407023010691
2022192504,174145,22.07471201024211
2022195119,27905,34.2075740977818
2022195287,174140,67.14954729211532
2023000175,28269,45.670333456781535
2023004396,178925,32.17038211688702
2023007159,27906,4.400332174051045
2023012845,111547,5.033109185661665
2023015069,41605,20.850555515645667
2023015709,241077,15.764766789705375
2023037124,29315,29.818995766369845
2023048099,103618,23.483582889887312
2023060340,53994,11.646149909398604
2023071728,139774,6.036439077649961
2023072337,49123,11.670778652576178
2023073443,49121,13.966490816325672
2023074682,53643,3.1186574035456043
2023105318,178925,30.86337167795721
2023106222,26785,13.61162088375427
2023116725,266119,57.34690148045579
2023116801,236421,1.8779493519698134
2023124369,177240,73.12741723015972
2023135453,31334,1.271498522552473
2023143416,27677,1.1934503208910163
2023143641,178726,3.4155053622021563
2023143934,8291,3.3102181041360423
2023157059,31597,10.933257835533395
2023179101,110635,1.9904422820900132
2023181475,54128,23.466759831571295
2023189104,75552,3.1955117516408067
2024006382,28270,95.64222188724484
2024021834,25575,42.731062006474644
2024027324,152276,5.195556578857804
2024032354,208543,9.446421988483051
2024044054,169963,15.900676571884084
2024045466,48617,14.72624201871782
2024053105,179454,2.5717747836027205
2024057107,60162,49.39477331757395
2024058716,69279,36.6183255578804
2024068426,179922,26.81920693069131
2024069207,26859,92.72919461228638
2024069513,41740,82.70226876331047
2024073446,198259,89.61471592961529
2024084025,163224,8.894281813007566
2024085326,28269,97.92822950638778
2024099457,122874,49.628409617132796
2024114423,173665,3.9276452608665733
2024114424,53758,56.02289996973668
2024122190,28464,75.43274111472711
2024123226,105970,14.116104949053243
2024131805,178928,2.7645714908915027
2024135672,179454,8.050948775697687
2024145242,222339,63.70857773084022
2024145418,28266,23.466035310177105
2024147215,139718,99.35422364362614
2024149651,214057,86.1791616924114
2024159322,23076,8.057539939346132
2024163356,24916,1.6665356453745925
2024168519,28771,15.810361955586146
2024170719,48651,3.049208478848532
2024178387,51919,73.48852689397455
2024180832,30323,1.2740293047393936
2024194582,108611,4.026291252685785
2010012366,225790,12.505043017385772
2010029582,23255,82.16581615184958
2010059794,214631,14.369649730441582
2010069408,184099,6.626297274216523
2010078322,177338,75.8696896339349
2010085709,144644,64.89113910792585
2010087279,23191,5.49014638854592
2010089683,28053,9.599846864167354
2010093105,63132,31.51547327263651
2010120134,132882,15.86536214699136
2010142112,150793,13.541235138021277
2010170311,20016,2.4247694010752894
2010183789,134581,3.680462957933218
2010190725,164598,26.773000395363486
2010193652,157502,27.572838569223585
2010194693,105911,6.384706082937647
2010197739,75730,13.57054618512703
2010203001,23625,86.71590618184636
2010217118,19806,36.151486750472706
2010219708,20936,6.699091744672193
2011004788,275701,15.63244068563892
2011013779,144224,4.693978608502083
2011016833,180433,45.83883842877868
2011019355,66558,62.33660211267533
2011022709,122034,48.615629422154
2011029095,159014,2.7886844437725937
2011054284,22356,41.08272346098159
2011067469,23434,45.46771136811048
2011090917,158998,10.392945382832377
2011097794,152209,9.190239645999126
2011099294,20531,75.61467337049874
2011107056,21977,17.314437931705037
2011138447,158369,5.682030393764762
2011140476,21350,13.07676467850072
2011165337,20082,16.260249124643195
2011172720,157977,24.804201628674146
2011191170,155624,30.4493247888022
2011205275,218249,15.422301362351472
2011213221,22471,37.33993974355296
2011214824,134581,12.249435420278404
2012000409,146007,5.966679791284888
2012001381,158479,35.53765691844348
2012013866,162091,3.9534129452009306
2012033042,161926,94.81753589638133
2012049973,21737,12.263779180826086
2012072066,277769,8.909277749867833
2012082552,162067,16.99365628529151
2012092443,121891,3.841435684566908
2012097374,41348,79.9524811625779
2012118323,21737,5.36168643622953
2012124896,259061,11.266068433337175
2012131576,79305,19.71706728974815
2012141956,22470,8.285077389756536
2012155007,41355,4.474770190852431
2012162922,74321,4.403717374328985
2012176172,158593,38.1625890519517
2012176235,83652,8.335331353615729
2012179580,225790,2.8357465139901983
2012197516,271538,87.5811481323484
2012198948,252005,0.6089652202011594
2012208524,23255,79.37871668401293
2013002362,143610,28.585611934475384
2013004891,158999,11.965025672112318
2013012888,158593,53.08557091693101
2013018432,161877,25.998265662985872
2013028164,271538,52.653432574593644
2013030109,20447,49.374732494291095
2013037982,46903,4.711834747374184
2013056479,163287,66.87882552515154
2013060501,46755,19.952536619652502
2013066852,139002,37.751802292276324
2013143673,242974,36.62721933489576
2013151645,225790,10.208064341030028
2013156152,154288,34.11261854159935
2013168276,22308,17.266925141030217
2013181751,164595,8.286128317298438
2013184067,63461,49.755095668673526
2013202453,33945,35.17941170324507
2014007300,21359,8.307030881670057
2014013790,118209,14.08169454377675
2014014769,20447,51.08647913060334
2014039630,158941,5.311367427299232
2014048566,157993,11.211694319223243
2014052411,161934,11.729311296496984
2014075147,20083,14.983580258768457
2014107994,154250,38.97164310476116
2014111006,163834,67.80771555210079
2014115835,209020,8.696377947259082
2014119967,41228,39.50365450617804
2014125614,22468,20.136406641603806
2014126726,161003,6.560691052088908
2014134978,153725,7.931449953477347
2014142360,154315,4.4554905594936
2014152907,21313,87.5011926935065
2014163272,162117,50.657802751137964
2014168765,23009,66.20340167685008
2014178870,162541,26.150396811134268
2014179712,66558,42.27575422425161
2014185135,155624,54.563872619912125
2014185478,21359,5.10444856194188
2014185781,156753,12.812042612438814
2014206999,153725,18.512370627019514
2014210629,21359,6.793112751529212
2014215830,121891,10.349883792572513
2014218969,104979,6.583654325696352
2014220789,50030,1.9423577368424008
2015003016,154340,27.02090647140108
2015004583,156691,7.7948060630158515
2015010558,154250,52.855229617108215
2015011297,262963,12.45023293989527
2015017159,48547,7.291189653600031
2015020548,271538,11.63349986659679
2015035395,214631,37.104403870673416
2015037188,74321,26.6359531996397
2015041891,158477,20.268520478653027
2015062873,21359,65.3231474529556
2015064535,21880,6.245183318906259
2015072686,22188,11.115223435259681
2015097261,20442,10.785267927807812
2015104370,184304,18.910448689508332
2015106819,83205,27.739952354586844
2015113775,45328,5.483483590243213
2015118846,161220,59.42796046672447
2015124908,161958,14.07175918401203
2015161292,22559,89.75836949685423
2015164036,30672,54.81104777717625
2015165049,158408,8.112872846155497
2015173538,161829,47.635601172221584
2015175135,46755,30.630821918383827
2015179609,157575,64.11332938556494
2015189221,83652,7.081956548534961
2015195469,2984,7.081976928200605
2015198030,21514,12.463736711598424
2015217500,159001,94.06206093481123
2015223249,156753,13.963398644081876
2015230701,150141,14.634765107012443
2016001224,229097,31.226270608678195
2016002435,155575,27.915680040136017
2016010269,214631,10.246609415890855
2016030103,115130,23.938093906251982
2016030629,116474,4.716344421934766
2016032880,41132,18.50872379320984
2016044917,194997,10.486571622353322
2016048634,150793,16.702635155323097
2016059307,155435,12.916909186373113
2016061592,21704,97.63472200349008
2016084500,233582,4.633702600711121
2016090693,196813,8.678280313362578
2016097635,119405,5.781726216977525
2016099045,106539,10.65881405177
2016102747,217291,4.0677641381800616
2016104625,83652,16.61549250184894
2016119453,57087,99.09824186376689
2016122541,277551,16.92315700810436
2016128795,162091,19.301734754338856
2016138681,19372,37.00260582053085
2016162107,158369,26.785361413937924
2016170216,158375,28.631497038194514
2016179405,156316,41.40310408121272
2016194335,41355,93.8371269720506
2016196139,161442,10.597565644531418
2016196903,156316,45.94906820322203
2016207683,21701,12.885016377872436
2016212528,143599,13.514864050737682
2016213047,41132,72.15983147022543
2016213932,115130,82.62958077245901
2016215062,270398,5.154657173141542
2016218384,110485,39.7043731737876
2016220423,156549,14.040945692486513
2017008163,197298,10.436805601547167
2017008731,22057,34.83837257586427
2017017312,247136,3.1781951692534216
2017022224,41348,67.88095902763355
2017022353,59365,48.47102852255569
2017029365,281252,5.6308864131271745
2017037436,164691,57.235884671185765
2017048432,134581,4.418139824981255
2017056600,161003,48.325666506789176
2017074804,22559,91.21916753592251
2017075491,22057,65.34740211079242
2017077094,166364,8.5219413030314
2017081133,155435,14.055646409672109
2017085378,157533,56.0589470840928
2017091845,164590,5.278603570169286
2017099330,41111,28.483983910797704
2017105449,115130,1.6166017606015728
2017107897,59408,58.51059414356644
2017114396,97388,20.965734770368083
2017116773,267667,11.031846818054067
2017121490,20144,50.77896534209085
2017129177,22188,6.739050744369875
2017140247,157977,67.56684804028602
2017177307,12167,8.393697858689107
2017183473,20531,68.50764924303145
2017184063,19372,26.389454592992763
2017188552,20082,8.29495576484822
2017188748,19372,32.28858209795937
2017199675,164491,56.019198173034574
2017212667,179988,46.394383421497224
2018005177,158591,37.84679824402045
2018012952,23008,5.8115144864028405
2018013499,164687,8.004793239305084
2018016745,97215,45.19329163359706
2018017900,209020,73.69760212253955
2018019442,21732,2.93987644176722
2018042973,22254,3.3285326557740746
2018048699,196813,17.188178119342265
2018066959,158940,15.870400157091291
2018067481,22025,11.841287256215196
2018097950,83652,13.117198744024064
2018102536,166364,8.704019430923026
2018110954,124698,9.341554016789171
2018121003,158999,91.40750124750264
2018122870,20960,95.89601361388686
2018123246,159615,22.82513801184425
2018128660,269411,4.624652683057215
2018143773,20144,5.895676387692087
2018151357,23625,58.53317717771109
2018160591,162541,4.707968350674725
2018163229,155579,9.488421133113773
2018167544,158593,59.200001937144926
2018170463,158942,68.8361573794816
2018172766,22559,14.52371900679999
2018179891,155435,5.7259395217863425
2018182366,266382,11.384012901247736
2018183607,164595,23.21200503736813
2018185214,150757,56.49112212729927
2018211440,157977,16.203755870584466
2018214812,19592,18.43383794391037
2019001500,70922,4.600679128249356
2019003357,163287,7.616504197170869
2019003553,20447,47.50781817470264
2019012810,152188,7.908723742247792
2019028117,161930,30.779049759645527
2019035909,22354,10.495125302685146
2019037061,167752,7.243531870506705
2019047869,161281,3.4164160852204994
2019069292,23437,21.46550153735693
2019070829,166364,8.739317554063623
2019074267,182051,38.03564222422458
2019075079,20808,25.518114915779982
2019076913,97215,18.197389974367024
2019082849,158941,2.4089696573774413
2019083810,196384,3.221782007930243
2019090300,20302,34.48177106627004
2019097080,252005,23.628878543005793
2019108901,20447,59.16036858086672
2019113399,137752,16.29163888728148
2019124416,68374,6.106751482551472
2019156622,161615,8.7437978786044
2019164877,22705,43.94186702942585
2019165596,46889,5.471911531413946
2019168153,22558,10.65041835838901
2019183004,20531,82.32112504939839
2019203358,63132,48.242833478853335
2019207379,164590,3.9192946191102247
2019211314,154288,35.10940081102248
2019223123,22354,9.132057250940019
2019227692,60762,32.64776817539068
2019228711,22187,8.962953139413
2020004199,146003,8.354302453619496
2020009678,99020,43.18710465746363
2020016596,270398,12.22069352591442
2020023163,137752,42.68883527769918
2020027046,63461,23.618145483887524
2020027538,30672,9.923551890969987
2020029467,20061,16.21404917229873
2020043179,20158,7.5459704744485405
2020055266,20531,87.30192240971544
2020057830,281252,17.4506990496735
2020066324,266721,4.84669631055977
2020070067,71418,5.008602241560224
2020092221,43935,7.035251365806104
2020094882,21425,32.760232656994496
2020095879,20962,1.3312001720530289
2020097851,252005,3.5698999864254746
2020099885,229097,8.879479586202656
2020101726,155454,46.143100934217046
2020104847,20144,3.164658595380655
2020117701,179988,12.06196471660949
2020118489,57399,15.96694238824604
2020119230,196384,55.219705606135655
2020119414,20659,8.417902096230543
2020131858,42791,86.39608181436046
2020158503,21704,3.039904677955129
2020164139,23647,30.979004517761883
2020169979,23593,20.449454694681688
2020170734,160406,21.478519104530047
2020174323,196813,19.773963862628356
2020184414,139225,30.88017962007428
2020189713,144286,18.756693993379287
2020190530,97215,59.38553185617529
2020198485,161958,3.3611073134893736
2020200343,244025,5.148264043347063
2020202582,157977,18.450365112671008
2021001203,155491,8.281603057568972
2021015005,152188,7.200420848864942
2021020778,52710,12.602158826601466
2021023444,162093,23.640141923004215
2021024081,156316,5.288835573941906
2021039831,55279,5.226491817711715
2021043537,244025,7.602344191623115
2021048259,21704,99.81789721908059
2021050446,20534,8.448876903967532
2021051393,21978,8.232663651702623
2021061140,110485,50.882773546832674
2021066453,198581,3.1051533074358297
2021068470,20780,7.350589237504966
2021083045,46472,19.798412394241684
2021084934,57087,97.41654505499284
2021098260,21704,95.84103423585425
2021104291,160935,60.04822282323248
2021133023,155624,20.960492524834116
2021156406,21704,95.55875113172002
2021171876,183090,5.498415597151124
2021180964,22468,58.982939057683815
2021181451,161933,60.10842932279587
2022008565,154288,11.78350659968758
2022020461,273406,18.214833636747155
2022025041,158592,90.55476988565884
2022033558,189640,13.369307490215204
2022068264,157575,8.974830022804106
2022069544,21312,53.688300306287246
2022074878,22915,80.25428770086737
2022080621,156753,13.771670043350008
2022092068,21732,10.911784247416257
2022096221,187916,92.92103128094743
2022115917,158378,1.839028588791388
2022116955,127821,7.243881444552356
2022121729,46755,27.74106576420422
2022133941,158462,6.319523985385545
2022138449,22602,8.12923783585409
2022183894,57768,6.4797346127222415
2022184779,41132,31.56325868205831
2023001490,277551,1.635198483493217
2023049787,20960,2.0678350933693643
2023051120,164598,1.9080830586302795
2023059250,21312,53.124916271968495
2023076079,144644,2.7470663998228693
2023076130,20083,14.405640361917206
2023084272,20610,20.92447989126862
2023116606,164664,20.337532714874197
2023127031,152731,5.480241415174634
2023139989,153868,2.0035138824915175
2023146306,99018,3.791558165410944
2023157471,194997,4.341451145051085
2023180206,22245,72.95942720113861
2023186434,158940,11.609136777057335
2023192257,99020,11.977817759745097
2023194585,52710,15.456222665217476
2024003069,162093,6.241756454681335
2024005325,177338,4.802414189150861
2024008559,234030,4.799634122753752
2024009654,161930,11.564703767780308
2024038560,97215,1.2695545594300144
2024040005,79305,5.9363577591729495
2024045216,159014,30.08231954765492
2024047575,22358,11.952361743610057
2024069209,164590,79.29736678028668
2024083258,20144,61.51596358760511
2024097711,161933,11.678391833024278
2024111488,154289,51.38620176401383
2024125663,123191,1.8717018616877983
2024143420,99444,15.939809029399363
2024145820,20667,9.795771152336892
2024147349,156306,54.40213032562602
2024151206,27092,45.531324426427965
2024163608,21704,94.54362839613847
2024166224,156316,69.24193790809773
2024168876,21514,13.272506724264169
2024176847,20610,10.197061052187337
2024186493,201075,7.492916586023271
2010009576,32857,23.90203786976344
2010025930,33055,5.45328582281548
2010028936,78379,8.930031018694686
2010034795,190593,37.652908996384085
2010039073,80580,7.6405219545260366
2010042884,192653,12.189362860438433
2010057886,16023,14.144510943568815
2010066114,226146,58.9415053063976
2010068622,127683,29.649579173303533
2010070041,15350,22.183477327887605
2010074460,199002,9.86567310267813
2010077101,33834,25.541179597437676
2010080571,186714,14.161517382803892
2010087849,29517,21.381528817998383
2010092900,189654,8.671951084474316
2010093502,190631,61.34876542489714
2010128045,50105,81.5235597305155
2010130200,93679,13.018791053474066
2010140708,189458,12.797555522779117
2010145097,44498,13.987524860908431
2010147636,35774,33.700591533492144
2010148282,135720,46.827708820211356
2010150641,216649,7.2969515516545185
2010157409,63016,15.682246148820328
2010162126,230849,4.174057507632797
2010171018,40242,32.02101882714532
2010172491,63831,10.260436886569007
2010174705,166872,19.496175223282705
2010179685,190534,11.99483284560395
2010191677,226537,16.805790532678127
2010214023,249025,25.988051452171767
2010214024,50435,17.015230182381952
2010221994,26377,9.034635366720648
2011004524,36512,82.83278272683546
2011004596,190665,93.60112095905741
2011006759,52983,37.73431063895946
2011008879,26168,27.95794646950251
2011009690,127675,17.644182997610496
2011013794,67715,3.864758833839662
2011015228,21758,40.2941212673183
2011017401,192054,18.546450277669102
2011020667,91830,8.953255376139603
2011021012,32960,21.127133971878028
2011021699,190304,30.693661018161002
2011055546,216649,6.80777551666599
2011062197,127778,8.439934122263839
2011066019,162568,86.95315827831578
2011068794,219871,24.045701964979195
2011077668,2469,23.586827628947503
2011099465,28210,19.7651430569758
2011116240,64633,8.521550418267852
2011119701,40546,72.46395086844403
2011129205,208853,18.968362054870003
2011149316,189458,6.8642593720901885
2011149697,214907,5.438546393205738
2011150247,40506,7.339054846446288
2011161452,40075,56.22632650463317
2011164838,22817,9.002346955917535
2011169211,132536,24.23328077786568
2011171916,279016,15.549452000034771
2011173389,151748,45.34469343501681
2011181103,111815,6.247539450686892
2011184197,132062,3.9779049228369927
2011187754,100614,25.38275498509838
2011202510,90854,8.541297112293208
2011204766,133258,30.073868846535984
2011210730,50411,79.06996420370565
2011213635,93506,13.43098825739488
2011214717,216649,9.668712109029952
2011214872,278615,59.2377727577831
2011218619,190220,47.02549349489357
2012009492,189316,52.02356770833239
2012011289,11839,4.625593659363152
2012015756,226689,8.117386148228492
2012027089,183895,11.13771905977043
2012048061,226537,2.9242210581578854
2012051003,188028,39.50217385647524
2012052547,57470,20.087115749454654
2012053103,229317,4.3062302868100035
2012055839,69373,26.813395748916765
2012056993,28489,10.123173926970454
2012058982,190665,88.91100034664798
2012065900,130078,26.25273412976058
2012072146,63846,7.2679260061135045
2012077222,50413,5.262074043865129
2012110616,162743,8.66620206288724
2012117281,40075,89.82532855271711
2012118795,28210,28.56025121159429
2012120579,40459,39.45612990829873
2012150727,74870,48.1179294883474
2012155919,40295,23.928934397382545
2012158326,22384,95.25456435191805
2012160140,61127,12.996049869582224
2012160542,190587,94.86298095693363
2012164055,190167,20.72686434171534
2012168816,5165,12.85445342031723
2012174633,36756,5.987111509845947
2012180545,40295,2.403975289450825
2012181773,244472,17.969956561566363
2012182250,188542,6.689218328421442
2012183386,208853,18.364159496946098
2012184649,35970,8.138895686393221
2012187045,40155,8.451904559713157
2012191126,32857,23.849038127774
2012194059,21758,67.66890428198376
2012199469,36265,4.5904553725972
2012204560,280931,13.313361346155936
2012204977,279016,15.774209494180667
2012206240,130489,38.39336618600779
2012211925,22817,6.765916063569393
2012213593,98995,73.71932425495528
2012214846,34125,23.701357322449994
2012220557,93506,65.02962351820018
2012223157,36368,11.140852012249937
2013006806,128116,6.665882683708836
2013020742,33348,8.651115249721846
2013032918,40520,41.645316666818054
2013047592,32859,37.46606582926069
2013056232,63831,32.78321448158686
2013064584,146134,60.13628994570234
2013070084,28797,4.313892216838914
2013070644,225517,28.423456517319945
2013073719,231729,95.11437629581737
2013084914,36354,2.653262620028996
2013092096,50282,6.642108251559813
2013095511,82509,10.878310751619413
2013120990,33819,91.34407634258886
2013140304,231729,73.25035418658837
2013173618,82509,26.68835366066117
2013176211,32960,16.58012548232094
2013177320,32960,72.12365323902017
2013181895,67715,40.50916876420941
2013182510,44070,17.829702299747844
2013183321,190442,18.377342834030774
2013189955,50236,16.958841512598845
2013196933,48271,13.205927886751327
2013198873,231729,37.31496785030201
2013210634,50091,81.43516810509357
2013212260,280931,16.255171181675422
2013214633,50091,86.4179999371468
2013215159,32938,24.425586339691968
2014005312,50823,8.93131472527325
2014020360,25869,52.18454728216308
2014020466,32857,23.849038127774
2014029096,26618,32.66595929575614
2014056458,189738,40.47658368363449
2014060291,90762,12.582319795746168
2014063763,55946,96.9940515392259
2014070011,190536,97.78950233368855
2014073812,26003,22.318113300154746
2014074636,34018,52.03371695839689
2014079996,189876,59.636262111805756
2014108424,36374,85.71929007106638
2014136778,172964,7.7543021437232635
2014141875,138778,5.826364718613504
2014143785,69373,91.37673641804984
2014146240,16461,4.71529216922851
2014147307,28805,28.267644669008813
2014161418,50435,19.422148188353535
2014165606,50413,5.115401205344187
2014176444,190158,54.749872915139306
2014187772,36828,21.0539386869052
2014189739,63543,56.951868811663715
2014190707,36520,40.78947249061361
2014195725,21754,62.00899023741593
2014195754,40056,39.832218475786014
2014198453,265325,59.68982993923572
2014206099,43354,14.920614366489115
2014208403,260569,9.577729312999132
2015011520,189710,17.751988525806524
2015017014,203966,71.60524102131221
2015022531,64633,17.955374520739
2015023303,49621,67.04618710578323
2015027096,40056,15.019552246366072
2015027242,55008,55.52423563016003
2015028596,208932,34.16357235161399
2015061027,127600,65.08295527507939
2015065312,63802,11.416635305937525
2015083378,23534,7.578989535830781
2015122391,192653,8.068512927316611
2015134042,168359,11.72192155528049
2015189655,20316,61.13439317378673
2015203123,49976,9.148778557101659
2015204785,50037,83.00818858349571
2015224653,78379,1.3145381051944038
2016002713,93560,53.03762690728786
2016003490,59139,12.0503238272285
2016007592,229016,9.198204050180497
2016009538,152544,25.106776705544142
2016009711,40232,2.9318614940904206
2016015005,36349,99.59474025900747
2016019551,73544,99.98677379780109
2016020607,64054,20.06504818555854
2016021135,190158,3.7371288172505133
2016042255,32961,38.10335396350329
2016049886,37574,41.274519319785085
2016054764,190625,14.50242187858358
2016055081,84949,11.761670054464732
2016058661,109741,8.925623837766501
2016068964,188028,40.17946908042828
2016077324,62997,41.28981221980357
2016096643,28293,19.456174277592254
2016098477,50623,64.36220435168472
2016098817,50858,15.149393936347774
2016099043,82509,24.55342536647972
2016130704,21758,6.181516476578744
2016132322,36349,23.889279182985096
2016141363,29184,48.118245076112444
2016146123,28805,48.675911837479326
2016148973,21758,12.366119853594764
2016150125,226537,19.239089991333678
2016154899,133121,8.085663215281881
2016164417,50091,26.791520279557112
2016176593,226689,17.64776635283537
2016178487,189627,7.249171045262456
2016178905,62038,46.72528956053816
2016190533,49975,17.341266674434525
2016196265,190196,16.64790544736428
2016201101,33819,26.9629942807536
2016217536,36015,57.70388370685052
2017004080,189377,14.264947498404009
2017004424,50658,92.78109382363152
2017005419,71171,14.104829121658096
2017021621,270615,8.724645169845779
2017032771,34019,5.552737926027212
2017033689,32998,79.02134494885641
2017046328,61512,86.55094968448655
2017049114,63830,21.632452656892422
2017051810,33281,20.9097821804825
2017058772,230849,76.17812870680419
2017064249,63095,53.55711856930844
2017072295,84949,6.371784433491505
2017074422,118123,27.81015391140267
2017075828,225115,42.511312376007524
2017077415,36513,90.64350456065084
2017079177,40295,80.70882439462889
2017084079,46942,27.00133604512088
2017089379,56661,90.14253084522649
2017097703,133121,6.930019024616069
2017109003,189734,11.148646028156607
2017110760,21753,37.08218644316249
2017129511,50282,97.00539392583046
2017138286,190682,17.836466774680357
2017141482,62997,27.70267480663061
2017151480,78285,5.094663645804743
2017160285,49972,5.365392342539541
2017162892,167058,14.124633290536467
2017166106,34018,9.882035304511007
2017166996,269002,21.294384091705677
2017167405,56577,5.082207083593725
2017170520,52983,13.444607449320282
2017174088,120777,8.318366355516922
2017182784,166681,6.560992287768626
2017191403,50407,72.03908335605819
2017199538,50105,42.0176338248694
2017209597,40295,74.82316449790842
2018002956,166872,2.5983060831149047
2018003047,50420,6.311596924355977
2018005260,146531,50.90505751621433
2018006109,104993,7.762953337639282
2018006453,50435,25.57534324747316
2018013928,208972,72.03408767341634
2018014480,90762,49.9448966387765
2018021324,203362,4.99954352806091
2018025275,189813,23.30878868536031
2018032173,109360,3.7419631137079445
2018052711,11849,20.549308475854573
2018055176,40414,15.788772839881785
2018057841,63808,64.96585296012232
2018064666,32996,11.210625174783969
2018064992,32857,5.157421971129838
2018065967,50657,60.07649344452259
2018072496,40295,9.456692590022929
2018081607,21753,11.675055613706625
2018087994,190639,12.346257160629047
2018089478,64633,3.600733360662527
2018092178,63012,69.14432212428883
2018095509,28388,3.156703384217627
2018098300,190361,3.8568521491860346
2018108898,37474,5.827137084552286
2018117063,16023,26.496970197613013
2018120715,59034,38.24807064267394
2018120751,49620,78.52215441552771
2018124513,40548,90.13372576359552
2018127175,50105,90.63458679627783
2018133341,214639,22.36026045647201
2018138865,189077,11.58756512096817
2018154192,49938,53.1850941086512
2018162061,33932,35.518548903035644
2018169672,203966,10.835904759589656
2018177133,280931,7.576967680917531
2018194345,191824,2.722250002468307
2018204267,28962,20.633804601967658
2018215114,42455,1.6548878770397595
2019000250,11849,55.478347643607606
2019009992,40232,41.002191405491985
2019012987,130078,0.5227780610766536
2019014605,67715,2.243239978183727
2019015404,182836,4.361720290134794
2019025736,219871,8.032334737598141
2019034913,280931,13.977495279164454
2019035676,52983,12.06647170537999
2019054955,191797,86.24793009258406
2019063028,56662,8.820671703531302
2019071039,61512,85.1723767860917
2019093126,226146,2.1741760929084855
2019093406,180433,2.6277653692055067
2019102149,189880,51.19698045772452
2019103589,55930,3.361890175811627
2019118317,40653,56.46686248840905
2019122178,60758,16.526701412320573
2019128784,249025,13.767576485760479
2019137162,22094,12.787326695181006
2019143199,50369,53.34797322265799
2019148173,60099,35.43546990153323
2019148861,171546,66.751238024843
2019169264,50711,91.33240622459194
2019171979,90784,17.869669215957465
2019175558,90776,80.77273385971695
2019191887,161856,12.96675537214709
2019200604,28293,20.454671094591102
2019215680,105840,12.685142443035488
2019217866,214812,2.1675699464268092
2019219798,93488,10.72470520127424
2019226857,190587,58.575307038536224
2020002062,127786,9.81017097334596
2020002429,26376,7.924871836369447
2020004691,61511,78.53553511640062
2020010788,191834,7.261432726866543
2020021843,226689,9.047729671273158
2020024822,36374,95.90931968969716
2020026530,94980,66.64136564397083
2020030312,39911,59.36620008534566
2020030629,32960,64.62950467037382
2020041090,121597,36.438376846096475
2020046031,214639,6.845346901711948
2020046625,11839,26.754956699508792
2020059561,26376,9.214200991728722
2020068563,32026,82.08396505187267
2020075601,190162,15.401494269262576
2020089738,146134,4.2092310318775406
2020089813,127600,21.366897298629464
2020094678,109360,3.4834280436931397
2020095946,93487,6.295095149668446
2020098150,28388,63.904515015515486
2020106560,47880,38.3103942043428
2020123408,62576,66.32985339804145
2020143272,190483,11.66717325651414
2020150732,93678,36.38575244388142
2020156914,28505,49.1360907017789
2020171427,50823,13.19939993292243
2020175432,249025,12.960573860543578
2020176396,90762,5.624240872592234
2020179881,188028,35.90853278085934
2020185374,197658,27.344771885248814
2020185375,50336,11.696889576216476
2020186397,28505,60.0465959124575
2020186408,60778,17.181496330522375
2020205038,28805,50.98170433533369
2020205395,32960,55.00565833272276
2021005367,40295,81.75722494303798
2021018458,83205,12.66710527627624
2021032022,32998,26.500370330350467
2021043673,93678,17.032331305671942
2021045513,28487,38.131497708533416
2021066207,40056,24.279472503321536
2021068988,33001,16.335959669734052
2021088272,190665,94.5463547692551
2021097709,40546,98.30521433029162
2021098053,215917,70.81043748932666
2021102430,61512,93.49684096030055
2021103926,36868,3.9389684797298705
2021104511,63845,60.603651895603726
2021105669,40520,88.70469809227568
2021109572,183484,3.3109831800281206
2021125372,127600,57.31565532553103
2021137785,22094,2.3992971415819806
2021137932,57262,6.173461669626535
2021140143,269002,3.2192416602271945
2021144291,266082,10.382822401337048
2021154673,190361,39.56962693650586
2021168591,189335,81.4803175088042
2021181861,90776,96.97875926736081
2021185033,146134,1.1790885397481758
2021187636,40548,72.8740081293872
2021188192,95446,23.335670844449144
2021190100,33046,27.949904288540797
2022000753,61173,81.87162858943252
2022001952,33865,16.548081338447673
2022002098,189967,15.013700117860488
2022008192,49883,79.24822958167353
2022014432,136467,5.63267409232541
2022047879,32960,67.30518548614944
2022106135,44498,60.81549519449971
2022119355,61137,53.38300571809806
2022122585,32960,58.297234963506426
2022126630,28490,10.044765957502838
2022127005,230849,41.71081888053573
2022135308,192332,26.74041659998235
2022141882,61512,3.3654424266891048
2022150471,127796,5.5000403354739635
2022161246,50236,6.610110879664383
2022165603,215906,24.493163568155392
2022187146,34170,9.781622158960376
2023003676,40190,29.08150182945898
2023006394,191846,3.047432924387624
2023008364,29184,13.201478839438128
2023035479,191860,5.105606280282588
2023047477,189633,72.98662564867696
2023056467,61173,14.251413706059484
2023060238,209928,5.422800263472895
2023072071,49739,21.0117840032617
2023076516,118444,5.887130471599691
2023102181,189967,51.02691158349938
2023105788,11827,23.48325839206848
2023127216,55182,40.472474496729085
2023136545,29249,14.318364008396431
2023150881,189633,5.454594383979535
2023153604,50510,3.6397639984133785
2023158709,50857,12.858821849018403
2023161153,190216,9.636752296631654
2023163577,91830,21.65664686105711
2023165834,185881,3.8035580376280125
2023165846,61698,9.6688128868511
2023183816,146939,12.162341712379419
2023197566,182836,3.2605411784849725
2024005077,28529,85.98369245408443
2024014736,50090,3.4201908210114795
2024027047,40653,63.23640641316541
2024038530,36349,10.466692996351682
2024040596,191839,7.41838571359203
2024046970,28293,22.74454993952419
2024056814,28800,3.0511613885546347
2024057867,36015,38.87100277342289
2024065370,140946,8.331855318277066
2024069626,22094,19.088273659657833
2024081139,50153,10.632250075908354
2024091388,162568,13.86238723295664
2024093403,273917,3.498558546562903
2024110452,2469,4.326895825782446
2024113591,63831,30.790203149995516
2024123421,62997,57.42943129149989
2024134952,63808,6.159284025535216
2024163668,40459,63.21102474415673
2024179205,55119,10.426899343335297
2024183775,127683,65.32118026188925
2024189412,55825,84.92575017587802
2010000138,147736,23.933773717264874
2010006787,159651,84.87792540391204
2010007484,142583,2.119044190294352
2010023796,23539,56.85387496541801
2010027711,148530,16.848544657942238
2010028929,142127,8.616181266516802
2010030913,159382,11.681854864700506
2010038825,142510,17.83994190354926
2010050482,31824,60.88309620347788
2010070402,78507,53.99535365302612
2010073298,107507,52.457224625238275
2010085030,141939,4.416593367193142
2010088622,153317,4.060764910201177
2010091852,197303,67.88001455827863
2010092406,122297,8.49933819688797
2010102602,143862,31.475200601061555
2010105041,146657,20.344749247254875
2010114009,140698,51.08998945868616
2010116881,132100,41.677660204531236
2010142309,184004,6.486286301835816
2010145543,118909,44.17950050249331
2010147390,107314,19.633285161539963
2010152220,62209,72.30353994642438
2010153791,82804,12.170592543238108
2010188106,146684,43.05234498879003
2010197591,141939,9.346739686858758
2010203384,195808,7.375206961675877
2010212680,142365,28.462325369706708
2010222884,101981,43.28494566226107
2010225609,159241,8.587279306935505
2011003253,184897,60.72245872832269
2011009587,272708,23.476442796323063
2011010679,78881,35.11424248819774
2011026967,282,7.574150970377035
2011029715,96914,39.759991553157164
2011029803,77430,94.14927488222321
2011031476,77430,56.148234942369974
2011036311,107734,27.663033292140817
2011070653,142114,9.941961706091023
2011072665,154887,20.172150614673264
2011074737,22952,23.907437578321726
2011075785,107885,11.335506255226225
2011076953,214856,74.44106486470162
2011079303,152379,6.42670773033332
2011081995,76959,10.308559524055399
2011085352,127647,97.18474099987915
2011091599,246061,6.370543997338576
2011096675,74517,7.5990718855182005
2011099829,142127,48.97910009682789
2011107054,142633,8.56283135326268
2011130554,146763,64.88860382500937
2011137338,153323,26.39515819196405
2011143025,139159,2.399163857312337
2011146059,125766,14.183923445502856
2011147015,22952,96.68437724688569
2011152671,79218,8.314327498852332
2011160120,77430,61.0174012156211
2011160611,135204,21.783063511169793
2011168926,127622,19.837728222185337
2011169074,160799,5.833297532122191
2011169777,273197,9.584428552686868
2011170381,154549,89.70375891051012
2011173390,214290,2.98846874267427
2011173689,97241,7.5168107957108985
2011177430,140111,52.75420617389212
2011180419,142292,12.811930874872504
2011181746,27531,14.419168441653664
2011186513,30965,9.454910830189846
2011190386,191443,17.47905224924502
2011194892,168630,29.5072961266353
2011197181,142814,3.453752979050913
2011197510,127630,33.13379323547338
2011197852,144984,6.028445123262215
2011207772,23539,6.794965326581786
2012002417,101981,74.55463655777004
2012012650,132522,14.39513018038247
2012019500,153227,7.313300085904565
2012041458,126404,34.16809018967139
2012045212,147738,10.205177609686334
2012045373,132187,42.06959425411909
2012046299,142882,3.5658333032104097
2012053974,75705,2.338514175938775
2012062272,140001,13.196850900257328
2012067539,258929,7.62641433275133
2012070604,123093,23.54229775504823
2012072816,102526,57.2810220578997
2012076418,144747,10.031044515528015
2012078913,69284,36.058744562325174
2012084084,140698,53.61141083834594
2012085673,96733,14.705379659167589
2012118654,152379,10.279987465317136
2012137333,976,15.221832595445225
2012138421,151634,50.04226230540009
2012142603,143435,1.5217675322111954
2012142732,142657,3.9851387333978154
2012143238,97241,40.44689908817117
2012157827,213608,18.35886217220892
2012159824,214856,59.941205790328766
2012160262,244024,25.766143257119715
2012163328,252401,3.624010838806762
2012163638,214290,2.8443359478486188
2012166368,214856,38.83798531341359
2012167306,132187,81.79832585577964
2012171692,132349,55.72275853196066
2012174488,67946,11.165030067423796
2012175312,7502,68.53906690205189
2012186443,100302,11.138939548295259
2012200595,134996,32.043274846326725
2012207880,159382,49.62060867109507
2012217149,127629,26.00820375304306
2012222051,143632,1.9535948313086908
2013005609,147233,14.42129856733956
2013040387,53951,65.69446611749575
2013046585,84513,4.87562573831696
2013049616,107722,64.10214148014217
2013050113,97241,10.033074311593676
2013071461,62345,70.5184757197078
2013085432,128050,6.113855866276123
2013094577,141938,16.06034061237044
2013098934,241722,6.606881149594278
2013116258,96828,68.77454168743371
2013128211,84513,27.5633349046134
2013140333,44604,32.71681174544855
2013140397,78238,16.185751422954553
2013151988,107361,65.96631359770922
2013152216,159382,10.60335769075338
2013170394,260908,71.88882036506511
2013174144,75705,2.8505299594387674
2013175524,107507,66.56736004671987
2013176947,142772,11.626253924814609
2013189400,277780,38.68854812753309
2013191002,132349,72.83149189196676
2013196086,99130,13.204513269671937
2013199245,42234,26.218695101604943
2013200321,135168,59.498226057561645
2013201439,165966,58.064544076257995
2013213821,132462,17.71585336503182
2013214588,214856,86.79734888722214
2014003096,74868,9.55077093788113
2014005437,86332,56.922492455243265
2014011990,85519,27.619486040813793
2014014982,186257,14.238056866776626
2014017372,144636,74.02963775095432
2014019392,144754,5.474050022883361
2014022339,127647,9.60902939085867
2014024714,79218,13.413232249978051
2014045544,135205,19.57433317159523
2014057732,77430,48.57344788915439
2014057805,222593,3.4447910119185012
2014060142,67946,10.950210515626079
2014061403,140111,43.64160258785784
2014064645,152331,10.361055579392168
2014070085,75705,8.795904385340895
2014080238,166467,4.763629953888102
2014090345,141566,5.5012698993651075
2014111107,147721,7.241190462717105
2014112268,147190,46.44837555193849
2014141148,111420,19.677935102078344
2014159791,96786,15.006815045668208
2014171023,148530,44.46400380071979
2014171931,127629,22.009445810694533
2014183260,132098,5.461124593050699
2014186418,144978,6.750010511577004
2014187113,85843,23.58059700658419
2014195053,214904,5.556285492023793
2014197743,141569,76.03259708359526
2014207912,111436,8.362100320895122
2014221006,144570,17.406052580950487
2014222403,134997,63.38931568931191
2015003409,135168,49.433754641183505
2015007116,43106,22.901774170031654
2015009925,115856,19.741333611320464
2015015227,249461,11.786365413989026
2015020035,197303,1.6360284551033673
2015021135,225531,12.244473909293317
2015024325,132522,14.07499569111179
2015025453,96828,43.82901127024782
2015026140,132522,17.473994396592516
2015028980,249461,43.573881845520475
2015028984,269432,30.987221704714827
2015030061,31824,3.332611355178891
2015049668,85843,23.780974699566762
2015051275,260349,32.584232567740514
2015056871,143116,36.33521610109674
2015057665,26617,10.782018410918285
2015072755,182308,9.96333777566006
2015076344,34287,3.244346083901397
2015081331,151353,77.83693310381584
2015083055,128050,72.19426167020117
2015086662,184394,3.9999636373895937
2015087856,157816,14.698836847429318
2015089666,37649,29.704372868534616
2015092388,135205,20.178959556080763
2015101787,143502,9.804632469556527
2015105397,246061,10.489952159447062
2015115524,127640,15.706623494647086
2015123552,97062,8.411985526483528
2015130615,111502,5.925707734883616
2015133908,146971,27.82889230316801
2015137242,96702,6.079054418175302
2015142897,141498,97.15931800486791
2015143228,151634,48.00641266716165
2015151433,62378,69.77177305229867
2015154208,87118,15.230134246265697
2015169486,159382,13.770853941153026
2015173995,74526,77.61691414212564
2015176906,101892,10.389018187958412
2015177414,24810,6.294448499731426
2015178837,976,10.253309965180184
2015181022,135849,50.82980258838298
2015187858,88464,2.671507399966012
2015192680,111261,41.96478010137254
2015200701,282026,61.0336575512182
2015204286,144843,14.486551234083455
2015217785,142720,8.426932286911113
2015225061,159382,47.338832287192695
2015225657,77879,2.419294821228425
2016001056,182308,9.050506032120792
2016003168,77876,57.02411901976504
2016004813,101981,20.963395735259223
2016005229,143622,19.328648365582477
2016005619,100598,8.973858938955528
2016007538,111437,58.61422511257164
2016009924,213498,6.811387788101485
2016018181,101892,13.259184252955116
2016019839,62090,75.83912561476362
2016023081,147721,46.1359953397769
2016025280,38586,27.31885765085646
2016034546,172908,21.196734232087483
2016036437,79475,13.912198344031486
2016038585,147379,9.395873453570823
2016039105,74517,9.991291954348872
2016046402,43106,47.88892877038816
2016052702,127628,3.0497649698270184
2016059382,131693,6.14914109907483
2016070690,142127,45.409137734026636
2016075354,2428,4.852576323230668
2016077990,37057,44.504111181345344
2016079031,126516,2.826989210980101
2016089173,141938,13.996238876108084
2016104261,142050,19.803540479833
2016119713,111502,14.309107166474273
2016147934,153357,19.957553844463817
2016151995,135920,3.4557733936022945
2016160730,117355,10.570623854271348
2016167784,78184,15.07962259675875
2016172353,101981,62.07184369986376
2016176384,252509,72.96264870338688
2016195629,184394,5.84257116210235
2016196266,168630,29.934415624590837
2016200565,112296,25.887077909737428
2016202348,154512,61.8743844830941
2016202509,144785,12.701222114730157
2016202817,142512,4.1140535558681695
2016204141,123427,5.042089504453027
2016209620,142190,6.892975384430164
2016216140,144980,9.768594092566472
2016217291,143862,53.813623790994974
2017000458,59042,6.403420604671431
2017006122,77848,5.430212638326783
2017017088,228891,5.565231605088512
2017020215,111214,5.238667105919924
2017024845,84513,96.40351236027423
2017027460,132326,2.5335829509171472
2017042196,154688,11.586600635644167
2017046235,127629,40.98771637931922
2017046828,141569,60.77490077536679
2017046953,142118,10.271047174031763
2017057199,123427,8.64385410929827
2017062442,143437,10.577208529694165
2017063192,142353,74.32926385700699
2017065281,107492,31.231125589157944
2017081167,141499,3.4505406952726587
2017084783,143626,7.183583507539819
2017086473,37655,8.668663835685162
2017094108,135205,17.973504105086842
2017098643,159382,14.498082866573043
2017106268,119267,9.640274796906466
2017109119,107311,17.84626985513387
2017110289,132354,3.261848931215542
2017121127,96974,5.0363329839101905
2017122852,111502,9.619815924000852
2017131456,132403,12.346261075194013
2017145972,96744,26.27468697350404
2017147978,141556,59.49891248677317
2017148153,154549,11.870672769390962
2017157979,64086,7.863247546453521
2017163437,74781,26.70935333536189
2017174116,74781,13.519231867755543
2017177610,128742,9.749461212567489
2017183806,111436,21.320383755283626
2017188445,95602,6.12314743632969
2017188567,273219,9.057120901791658
2017194608,66963,10.13453994709001
2017194909,150026,17.054339545718484
2017195056,54461,3.6205041551897885
2017209498,85714,49.08714587999298
2017210871,53951,13.389770517898159
2017214031,184394,10.593850431315724
2018020440,144637,8.367073530857501
2018031522,132326,14.149189249496873
2018032601,144636,75.90647075071483
2018033392,151637,18.07093195887542
2018034097,77688,50.997313775220675
2018036083,111235,18.02875534205894
2018048178,227614,4.96886249871359
2018051443,145005,64.98499486015216
2018059926,97726,58.88792803476191
2018063452,97009,11.382577205292575
2018064018,147721,13.737258218379298
2018071377,37655,7.702511596020691
2018078551,159025,35.55027385742201
2018080382,78518,53.529403079112015
2018081560,146971,82.37342352324903
2018084600,145005,66.5709059919999
2018088102,142507,9.057162512613111
2018093921,142329,81.53808754057454
2018103169,53951,71.70541514599394
2018114546,132403,16.407109352468208
2018117838,141499,25.471556950106148
2018126219,154783,13.498408531541067
2018136284,187843,8.850527524689365
2018142197,141936,20.24503721583626
2018143851,97241,5.382258387353154
2018148158,143632,18.886679159679968
2018148168,144636,2.875087148490739
2018148941,160799,2.492947302382349
2018176227,147732,2.4156434044889625
2018176701,142615,6.791201741644913
2018178523,17985,2.439426229311268
2018179892,146683,73.69089595798526
2018188106,146763,11.097524517559863
2018190161,135169,5.088274316625232
2018197921,95602,59.40952523871093
2018210758,62233,16.886122235956883
2018211171,132100,84.15126039070415
2019012674,184897,5.80132961931622
2019013970,142231,33.49967197022498
2019015533,142772,13.020108992929702
2019018595,43106,6.997664821233375
2019020061,146799,49.03810637884459
2019020482,125766,32.543927668037284
2019022104,142516,11.357088454602195
2019046757,142771,1.838800158341117
2019059959,22078,89.18575611324852
2019061059,132393,12.260090793410352
2019062514,127630,8.21034913807081
2019064129,142619,61.743707944565635
2019066454,135057,16.74147924548471
2019070744,124830,16.74268299650721
2019082703,143862,38.58020702168226
2019083359,154636,12.583573288345246
2019085903,141708,11.223758580890404
2019087562,42234,13.63070065683729
2019097543,96741,62.24809557555015
2019107088,111506,3.878938042165494
2019117125,141518,89.92310583539619
2019128121,69284,97.37914770979229
2019153987,141518,81.08496304185257
2019155349,214889,16.901951120967148
2019159561,246061,20.198039038133363
2019166310,127640,58.86031852642848
2019171722,100883,9.375544027031763
2019208806,144823,38.703963586782294
2019210700,154633,71.07579014811486
2019213518,58307,7.003442491284815
2019213953,37286,8.426224204802761
2019218843,154510,75.35009392711686
2019228979,126515,6.101619639292161
2020003623,118909,15.6378081722279
2020014966,142114,94.23127844117778
2020019304,142114,24.80662378821593
2020020612,36720,31.30324575358555
2020023164,84537,8.000806262537866
2020041954,67946,14.616933739718228
2020071446,96812,27.758169092131073
2020093038,168630,5.114236174168976
2020093067,154887,33.52277794681756
2020094116,214287,89.29455171787025
2020098129,77430,48.29385283361562
2020101047,246061,8.12983710116264
2020111862,135920,8.033660179449475
2020123853,97233,12.62340588468707
2020148756,141498,22.368269788228012
2020149210,195921,16.000640604810474
2020150947,214890,4.51330094092229
2020154410,146740,11.356689382862903
2020157642,141558,1.587177332317198
2020173886,142091,72.2303136107933
2020190964,84631,20.698914305035455
2020193018,144742,51.04736583359315
2020194514,75580,10.577746703758041
2021001726,132361,8.570434669410893
2021003717,100302,8.990755250920298
2021004587,149534,84.28714086102002
2021018225,97061,14.855927571704347
2021019268,144755,14.100994981731553
2021023877,77101,1.6780291467589468
2021027389,68159,6.566603122535556
2021028632,146950,3.989694815326057
2021029723,107493,13.154022569067182
2021035789,82339,6.619763982658161
2021037319,62378,94.37257324313929
2021040918,69284,49.212769704337305
2021046264,132354,68.23117863304097
2021057215,77355,2.554341777961855
2021062860,159382,13.230994937066816
2021066332,75598,2.280749574024391
2021079005,96918,6.11767511430838
2021093062,144637,75.00332509714848
2021103370,144761,17.754719298089373
2021109567,143086,51.723494841945275
2021115950,182308,9.96333777566006
2021135791,203413,58.90084058988248
2021141993,147219,83.3370049171278
2021145633,77430,49.528209490493076
2021148802,228891,5.718209716513838
2021155545,132187,12.625548935255864
2021155902,74781,9.267798038288548
2021156450,135204,36.68975180069483
2021163026,96828,49.76208495663002
2021172297,134996,72.07089644151155
2021173256,135205,18.46842547884902
2022010396,141794,25.99862255112893
2022010399,135205,18.390513305887907
2022017112,68159,6.625026994443891
2022017683,135011,89.01650671546835
2022023562,102526,52.81496380151877
2022028637,154638,39.73942581023924
2022034007,151632,0.444333873462075
2022040648,132099,35.91666400222132
2022047482,96720,1.174144246108123
2022047529,241722,7.248552094011403
2022053057,159382,11.295292979918008
2022067912,141552,10.289123441304362
2022073762,169986,8.125921168936783
2022104873,260349,36.16449662983112
2022106249,141519,11.374976333755432
2022109718,101892,23.50074419516269
2022130969,146971,28.43976600714572
2022131000,151017,25.843183500169623
2022147850,128612,2.1670175319783436
2022151302,142127,5.377385681220072
2022171850,262686,3.8354949937963507
2022179554,142292,4.4432924887386225
2022184780,77430,56.55934649705473
2022188201,277468,1.5233301052254051
2022191184,15358,8.50932072358177
2023002722,193525,3.7624524499910716
2023002767,128612,1.0732591390822304
2023007546,260349,4.942185289310126
2023011922,146740,71.60396555749175
2023042079,241722,5.233069148361267
2023044505,85519,8.298500841808105
2023046520,123325,42.31410400257189
2023086877,135205,40.636418443830216
2023088389,151353,2.45707566467765
2023099246,260349,16.934193659911106
2023120918,159460,36.802262558667536
2023130619,195921,34.26786241187765
2023148398,64654,0.8700634743621658
2023150832,75684,13.462991089786527
2023152724,22952,33.72920856431612
2023162656,141566,5.511385831572701
2023167227,144843,12.110953761961891
2023170272,107311,11.507990913560306
2023174018,153317,7.500432536209121
2023174538,142882,57.67809828291165
2023179410,151637,4.821360390159756
2023180075,144761,45.9242002861451
2023184905,109437,9.774367986987704
2023185397,146540,60.47857712680147
2023190554,141712,40.15784287897551
2023196520,154783,13.422789524144276
2024002036,102526,2.717507024635327
2024006785,84528,16.80371760954253
2024020150,85843,2.963340663872472
2024029123,22080,3.674754057058854
2024033926,96707,69.17200307886885
2024034130,173513,7.048893607224633
2024047466,20752,48.34231675943575
2024050036,112298,57.01301577958037
2024050733,154497,7.542650926827986
2024068603,260349,5.501651111189861
2024071866,84528,7.063986484475047
2024079166,184897,41.7767069264358
2024086979,141519,6.592797170132467
2024113080,151353,93.78734736418488
2024113588,167230,2.7190483299955988
2024115994,26013,2.646080849115797
2024116827,111293,14.72529073763476
2024120595,144755,60.279383348776584
2024122184,30965,15.309890938050794
2024129642,151630,7.445651478817568
2024131708,107493,6.675045419737244
2024135459,146657,7.9221419970541795
2024149166,151630,8.865228987974822
2024152019,159307,15.428617848004746
2024152317,96922,18.45432541761975
2024152476,146526,23.471872204386745
2024155909,62137,17.96237264517345
2024157499,126820,11.662336720578747
2024162856,132393,15.627590940383353
2024180955,148530,42.700084637458446
2024186429,148530,39.56208113966306
2024188387,62090,87.75044491204581
2024188416,112298,94.86789887849014
2010007074,141213,14.388007410496892
2010027452,82305,26.005691340321725
2010029204,172673,17.634113209617915
2010031544,40863,61.40636776355512
2010038673,237301,9.240160264086972
2010040907,119054,12.881682641705426
2010056688,255353,6.3775617792576575
2010064275,199206,6.4817439097438445
2010084853,235513,5.5816769353520606
2010105629,56288,26.602824923233605
2010112957,81983,20.047374551353368
2010131460,132720,5.200639419702205
2010138612,72409,8.531986293836898
2010147611,213890,12.57098461875997
2010150902,84426,89.7949645277993
2010156500,40863,55.82610575328406
2010159070,56288,44.70849808153275
2010161983,84400,25.802882905594913
2010163359,237301,97.86847706901975
2010170353,156079,20.589912782887374
2010173555,170185,6.496529614319223
2010179497,81996,10.688023469523147
2010183787,122062,14.520481124578712
2010188245,63452,12.03885209086418
2010200193,191655,78.34108439782013
2010205065,275995,39.42729555292236
2010219211,184927,66.59732751639055
2011015459,47582,28.588450735340935
2011021887,170220,4.377549743639695
2011023505,215540,43.325009839616875
2011030927,77988,19.099169172292154
2011098258,36368,15.948280365836492
2011101926,107220,21.477043347713465
2011103560,155517,14.296805147282257
2011108526,117774,5.166836556750505
2011129744,204364,1.996431068593065
2011139003,79848,8.304300837272411
2011144318,84900,9.063930924421733
2011156232,150634,20.41052966498966
2011160641,256389,13.000293974409134
2011166202,28156,30.614661620179557
2011183460,237301,64.75067994633787
2011205060,275995,7.748401237070628
2011208098,201486,16.450999344373596
2011214711,266699,29.18618570423532
2012002324,191655,1.6843376529495855
2012015587,213889,13.472066017223964
2012038237,150342,78.80913191908897
2012044629,215476,12.129835253473487
2012053541,213759,28.142115420983902
2012058785,101966,6.599109839703214
2012072407,129944,7.578343050010971
2012075782,150201,19.697955947888847
2012097261,132720,11.529212514899543
2012105702,144857,15.307607477284527
2012113021,184550,5.8574628262297
2012115933,205727,8.381791027493149
2012117340,170185,4.57832022005106
2012119267,128222,21.41088385028621
2012148209,127748,17.019225350510357
2012153344,129944,4.75238607934624
2012160258,213888,3.4946655817432424
2012174499,173639,22.865593798770202
2012179741,77473,97.67488042611502
2012199122,149596,11.106897579079204
2013007662,201486,17.837686669816208
2013008357,149725,9.258751594733068
2013008974,78003,22.044458399945828
2013010636,213809,26.064658199948596
2013057291,149722,60.87370707599383
2013073482,170220,24.57915071378224
2013074304,81996,85.50135675153012
2013082014,150994,8.522886734085866
2013083957,19692,5.8396501788886575
2013088066,84189,62.75446243825578
2013100830,82305,20.482002245216414
2013108004,256389,13.000293974409134
2013108565,199206,4.860336585702297
2013110317,84900,11.842164274794703
2013113289,258948,4.929671529166108
2013115769,151597,5.851354761853852
2013116860,77473,89.71911141294933
2013122422,84077,56.08122603282812
2013130123,109891,17.58402279246522
2013132033,149694,11.66117359682321
2013137935,155786,2.818062614562014
2013148188,84426,6.179202567870999
2013154572,149930,12.09059382998172
2013158424,82305,22.82002298181581
2013159468,80402,99.2017326943775
2013160492,77989,3.2745614780248093
2013169796,36368,33.94766315665946
2013178117,169481,10.672231739387456
2013180768,183989,20.735664172195193
2013181719,80898,83.17997542264857
2013183127,152901,26.472101651262207
2013183812,56280,22.991791903778527
2013185424,193041,16.485567305698165
2013186251,183930,18.086000735475974
2013190949,117774,11.620025688639187
2013193646,201486,18.538550854739682
2013201287,129944,42.00705586027652
2013212936,41790,12.154151891108187
2014001199,184000,68.1125622488782
2014006430,150203,12.246847153783266
2014008978,148768,59.8337160004895
2014029779,36368,13.843801488290502
2014037153,170207,64.33162837189799
2014042276,19692,8.021333239307939
2014046128,72172,66.55502824648897
2014055695,205727,26.088400213061007
2014093984,88816,14.389830149948917
2014095290,81979,5.732853487196818
2014101460,129944,0.686568896155871
2014106289,55147,10.996888284573556
2014119458,63030,14.523020601263491
2014122935,23989,17.143690091536918
2014124850,72136,7.9820736662804155
2014130701,213759,17.254957494021237
2014156098,57994,13.850403347397213
2014174149,245872,5.208370551310109
2014178978,72165,20.843414188399045
2014179741,56278,82.04542771702968
2014190361,213775,6.865441388989804
2014198261,149596,19.495221778485654
2014201191,150335,17.20908804559284
2014202239,149907,26.280275489934525
2014203163,215550,4.937087182984132
2014203657,231780,4.037987648883767
2014204339,149204,6.135979312691418
2014214903,251936,10.691862689438583
2014220368,56289,4.299514384283557
2015000195,170220,18.15931084143969
2015001026,104175,78.27916288701373
2015006458,168196,6.104213128928897
2015010421,67036,12.042022970784009
2015019015,170207,9.031849614234105
2015039792,213806,98.75236924756078
2015043085,166997,5.934540205815663
2015051297,114850,9.806011728867778
2015052993,170207,70.9952726954237
2015055233,148725,20.714447362150413
2015062774,129944,44.83536720847507
2015113108,109891,18.97944277749642
2015164031,84434,25.40692978296914
2015180557,148418,15.186144103818767
2015198914,172673,20.47969037308462
2015225534,148090,12.278196861406762
2015228869,40863,15.492303957255377
2015231413,170207,25.054333565699057
2016015742,204596,10.407993142255624
2016017358,150201,5.619007887853117
2016017682,193041,2.129069505438762
2016020138,80579,14.771753326892279
2016039219,149694,11.850129929100817
2016040275,132720,19.23138945458892
2016058996,72172,62.31958257791251
2016082427,233069,6.90855612835509
2016093721,40955,6.805754698661601
2016099232,150101,77.64556152300416
2016106987,84301,22.41395641704148
2016116383,150362,56.296839371209686
2016118920,205488,7.202063871245655
2016131199,266699,4.756187782134825
2016137594,127293,17.790389637172876
2016164354,127293,45.22617434621525
2016165487,127292,55.132588547880545
2016168452,167298,60.93524477307382
2016171959,86954,4.39594115004723
2016178159,144858,9.160085561936107
2016181132,46549,37.744169983809805
2016190129,84526,44.44285572212116
2016193525,184925,19.796411749368826
2016201709,262355,74.55432158582317
2016215399,151558,38.605875796123414
2016215569,172708,27.32546899629709
2016217029,78275,2.4404183437523703
2016218200,14396,16.061292426837262
2017006219,158629,10.521849536158737
2017007685,215540,45.4794499708603
2017008631,255353,25.73541661059239
2017009552,184779,6.840263457841388
2017013148,172655,9.351203308840676
2017019523,149603,13.271640102658063
2017019600,67086,20.98427299186336
2017030567,213809,30.149432349512637
2017032841,19614,66.82032791090987
2017035177,213582,37.9657822294513
2017035982,275523,41.20742313626933
2017037488,58549,22.57816200232795
2017041564,150324,6.142781400094349
2017044689,161013,88.42376520559353
2017057135,82578,22.62478528343036
2017064596,82304,74.45921583327709
2017076509,40947,34.71988515666781
2017076510,81942,15.752818337993201
2017086499,149930,71.58317451079375
2017086823,184925,21.84063944862016
2017102159,92631,14.000699250796377
2017125625,111851,12.517765221492338
2017138637,40947,41.82242567237609
2017155356,170186,5.335304213424719
2017172951,104650,9.086307375556794
2017173286,170220,54.46028211792458
2017174735,25150,38.94795416921983
2017177653,183760,55.81373257705418
2017192466,184016,10.626443598110331
2017201180,5590,84.74906051085082
2017210454,71640,6.810719249216683
2017212843,215534,35.250562831095635
2018000575,82304,34.874404753784304
2018012879,167482,12.093046371762819
2018019439,150097,26.240569107289048
2018023129,275713,80.0325548518704
2018028014,184925,27.845141172251985
2018029114,150994,53.257340000927606
2018035453,82306,27.23078255398757
2018046777,229669,3.932209222167679
2018051096,172708,22.01892653643558
2018057833,141178,79.74411812887033
2018060737,129944,55.957895303762655
2018070214,71586,61.11302946191979
2018089471,58549,1.6401272087280483
2018092142,167570,7.053602863212904
2018097532,183744,4.984243066331284
2018101877,75293,4.547191840019217
2018101916,111868,40.54875806707303
2018102180,72172,67.8860962741422
2018105201,204596,70.04825357085934
2018142794,213775,3.9467981237680894
2018143415,149603,16.85384429758102
2018150320,149993,31.8185016211578
2018155466,251936,2.666094863985923
2018161000,170224,28.983571687376017
2018162417,51848,55.55914447834173
2018164982,215495,9.395510614384893
2018165949,84509,8.011648798801128
2018166111,83937,11.467660297992847
2018168411,83839,2.9210284635168096
2018172073,183800,10.550264675495692
2018174120,170100,28.554648427039336
2018177188,58699,17.31038310190441
2018178672,80898,15.995533263338059
2018184567,172673,9.250163270547606
2018186664,150362,4.1757207443698805
2018202628,82304,20.99498373705178
2018209419,126073,23.766844446157812
2018215279,107078,2.3067169708160633
2019009905,40947,13.324986166199578
2019010866,172656,73.20656489122976
2019011811,84467,8.264948199042047
2019015457,110466,18.51855540214722
2019019570,205927,10.483970585943393
2019023225,2198,92.62219494563784
2019024868,137791,82.68761579074977
2019025538,215487,39.59451402663918
2019027497,71654,7.0244468553461905
2019036850,102097,49.341136465599476
2019061091,84077,56.95578317253614
2019071940,82578,94.54949868168396
2019094801,269683,6.8888824997371865
2019113583,141178,78.7944712329128
2019114796,75373,57.132309168833864
2019123772,123844,7.76509034600761
2019124690,212661,8.907639978728449
2019126508,281773,13.417590122468555
2019148828,231911,2.4934765627740783
2019149059,157523,3.2582617218659315
2019151900,156091,11.454947764552715
2019152554,84426,4.2525516960259395
2019155421,101966,33.11790165580153
2019183712,72165,9.103454919136004
2019187250,141198,5.7760656004658255
2019189536,170220,86.94287761137653
2019191787,150097,25.08311721044831
2019193615,150994,68.37533197548021
2019200654,262355,92.83923370745225
2019200820,215534,13.079508087533057
2019202109,83937,14.905855385404465
2019208196,55148,14.364896287871469
2019218350,56278,82.56982023278151
2019220683,83506,13.669325185141462
2020001465,172655,5.4396778564310395
2020004498,47582,4.81881149557101
2020005226,109891,10.607002289762782
2020021098,150994,11.13161621591826
2020081912,163331,26.005330510970058
2020086061,161013,7.422027253594414
2020096759,104186,0.6900387769311411
2020098448,84900,13.619987839445514
2020101144,84324,5.820432972339999
2020109527,98365,77.49378459462845
2020113023,144858,71.27313431115282
2020170529,84511,82.18175224010268
2020182390,213582,18.13726310821434
2020202503,84292,12.86191818910848
2021002461,82304,34.723062737500165
2021013744,84189,65.29345135607244
2021016638,146868,19.900498320639652
2021020019,184550,58.26870259622581
2021022174,109891,9.570329411522184
2021023096,146868,4.492144548203931
2021043014,204364,9.649482287692793
2021069348,203863,1.7892714372348593
2021074115,151596,5.302787765224711
2021078104,71583,21.94598623532578
2021082658,213890,64.34615351120246
2021085022,151604,61.17332061875187
2021087374,71586,48.03945117675027
2021114844,170220,20.848564139831858
2021116398,123844,16.530291215567
2021116986,72136,9.837450704753463
2021117488,110466,38.80063489406223
2021156505,82578,15.414878811224327
2021164232,25150,63.545777251295355
2021164421,149902,47.699084109539356
2021180092,170100,21.12801401174104
2021180983,82305,16.434549641370104
2021195305,40863,71.02402848611331
2021196911,72158,28.442446386904802
2022000408,9544,69.28449709718694
2022008350,183755,71.92723992255556
2022010012,184783,10.209946042848326
2022027315,102055,6.3852351902140505
2022032688,102097,32.11153443226218
2022049680,183815,11.222524811545046
2022052895,198687,15.347206038985744
2022059159,71583,6.463565264149854
2022074232,144858,10.056453668460357
2022075375,56278,88.84886627766488
2022095412,121236,2.7343847169132736
2022097648,203863,10.925461894527617
2022102613,146868,1.05909903412523
2022127942,19349,63.16544319473851
2022159407,81989,8.849827770293846
2022186142,98816,90.82672326605697
2022189877,149608,4.435949695566935
2023000938,150333,84.50154152111408
2023006933,82305,11.996265175473614
2023035423,158697,2.3190187138937595
2023035795,17034,90.05642734202176
2023047580,183760,13.214341591032555
2023061195,121236,1.9776744078409354
2023082706,82304,4.049192007175281
2023101137,204596,30.86495690980399
2023108486,79822,5.975599239893713
2023126574,81989,6.5826448069429055
2023126769,81977,2.7554981704755384
2023142874,213809,99.87241959049238
2023151408,119026,4.920610146094417
2023151409,150260,97.6839076582797
2023151637,150333,80.87359638424519
2023162028,79848,14.937558113250343
2023165109,71583,38.23357224993778
2023166083,52938,35.56824241267335
2023167032,170220,43.87055096379478
2023174729,27141,9.927115103129625
2023188370,281773,2.656070449716741
2024015835,149642,7.139687981309436
2024018667,67086,13.91403994914913
2024023827,281773,1.191175267511321
2024026778,150235,5.597284830254897
2024048331,40863,63.61321867000469
2024068115,19692,6.535442657481301
2024078168,102052,19.551828921831323
2024078912,126073,43.06691077038264
2024084411,184843,21.820162144134876
2024084514,170224,23.258159776462996
2024093364,127292,20.93567727556653
2024103621,259531,26.30838049812639
2024104535,88816,20.664942933321928
2024129882,72165,2.5372440103077736
2024135419,84077,55.57141537664653
2024141707,82304,70.65028145697134
2024155075,172455,11.906972974074261
2024162182,14396,57.3218590098369
2024183423,69939,4.652613080606466
2010002778,173038,4.711710161716644
2010013838,141220,16.13209192414304
2010023225,49114,15.871724124159437
2010033347,159576,14.274259871634827
2010079763,201558,27.74502748010723
2010104997,139129,27.05937013673682
2010108013,14597,16.095437072512915
2010124975,181673,47.415795014229474
2010136983,98558,3.304227706779226
2010152939,211912,21.58923277983393
2010170859,66411,7.831800304304594
2010171052,211670,10.737451944319501
2010171224,27058,17.439441708182223
2010188249,60015,25.5682641223066
2010194912,173141,5.757809466690434
2010204943,182200,31.64741932147503
2010221621,196382,7.84147163997684
2011008333,209081,3.2197317238969716
2011011434,137477,9.451235096464277
2011045418,141220,37.7588598635566
2011056277,182319,3.361202406758516
2011056997,74925,16.386675980887105
2011065412,161451,4.098488619542454
2011095365,13696,75.83685712432843
2011100613,243114,12.311062855295537
2011112110,86983,11.142248570482916
2011124201,119123,24.949232580844484
2011133598,125481,5.342886791254087
2011159931,220403,6.553077949793861
2011167320,27310,63.62586059357078
2011183320,37386,17.162109133562254
2011194012,212106,32.046719632214575
2011197131,75374,47.29557761728706
2011197614,27107,9.377470826283238
2011198528,59934,85.20039591159386
2011203547,52658,4.217484884317238
2011206907,69138,8.603501194841881
2011208430,175352,35.80240258546633
2011213675,77625,5.762791326232335
2011217497,139546,60.79581392391897
2012006617,171325,6.934939911417338
2012026209,260261,8.728953495871217
2012035454,171325,25.24222422243974
2012037680,56279,11.527748688517127
2012058824,29745,73.04181982775951
2012114639,165830,4.679619286106363
2012124105,75378,38.38838572865889
2012151591,139491,4.282163212202743
2012198283,14599,17.61768578673826
2012211041,37386,12.165773952668115
2012221589,257098,76.61706528453641
2012221727,27294,10.652176532089447
2013003776,173136,9.854112515487111
2013016752,163578,57.03068338180576
2013018479,175142,45.87259025697154
2013026117,81511,73.55151875598173
2013028233,201439,23.509550668976622
2013028831,105965,19.631267024975937
2013031191,105305,59.610229189110406
2013032304,180820,9.496746601970699
2013032592,173323,7.168395701549567
2013033044,75427,50.962805874218375
2013041367,40798,10.33388350737409
2013044464,141200,23.652465376809065
2013065630,139788,31.24672622572544
2013093360,151531,10.618376874555778
2013096931,63781,19.034291559133475
2013119411,201165,27.422264624030106
2013136259,180901,12.471222392315426
2013136330,105223,9.671892568253583
2013155892,69073,67.87647171113927
2013173339,215015,11.135252320084264
2013213478,203741,8.847687385007628
2014035109,181779,93.93980578430622
2014042126,123465,12.518850050016686
2014053102,156818,3.745313605691876
2014058513,44333,3.6973111528032696
2014076364,139491,4.471770794765612
2014112843,263575,82.01218520754432
2014143877,181779,41.586985880193296
2014155657,139788,54.82222794607569
2014170320,74884,15.430245199196648
2014180294,251105,6.4208470276283895
2014194526,71459,20.14037743766379
2014201145,169293,26.75261604129545
2014202860,56279,21.653832800054335
2014203229,105760,13.188024925726053
2014208550,140631,78.52381210089654
2014212953,11613,6.129715442852995
2015035716,181696,22.934119256670915
2015037988,220486,12.032319720078956
2015040599,82014,14.055348925588518
2015130966,24317,4.105819732310627
2015141961,254212,13.486629823592292
2015150276,13852,6.597473986071439
2015153735,251480,39.071627710753575
2015156676,181993,71.99302056511596
2015187881,24569,16.701464964219984
2015196619,181794,96.71942148500958
2015215704,180901,42.445725164319356
2015231569,46682,16.978554398049518
2016005887,105189,14.081446540277582
2016006144,211914,68.64615250768634
2016018584,243114,11.234361449056495
2016025527,181077,40.880833651628194
2016025568,24370,78.71161560933453
2016026542,239140,3.953191197797844
2016033145,33953,6.468663211844629
2016040036,105760,7.406754187793602
2016045218,196810,9.339783197800266
2016079470,235777,6.078158315345517
2016116057,264919,40.27073317044179
2016117238,19306,6.323269305344373
2016135338,257098,76.02857256760554
2016142035,254212,8.386390190102478
2016145855,52304,4.161201931288952
2016148043,123486,3.0904657071185295
2016165126,172193,63.05992031551854
2016167566,227335,16.74908456017272
2016180874,61712,91.03095393295891
2016207186,47881,9.028516604835989
2016214576,13661,44.544756679809744
2016214803,182126,30.135759391954807
2017006182,139601,3.329853792268399
2017006390,27928,14.276370449730958
2017013759,181293,55.155249080510195
2017025528,52299,9.010866471577831
2017026979,187721,32.96238333762748
2017034286,9777,13.784530223782573
2017035156,156449,8.171625957441673
2017036709,77467,11.626654039036403
2017036897,14598,7.357828978714371
2017037881,139560,47.786869531127145
2017042986,182079,24.481380022063906
2017047156,181672,27.3363661920141
2017047806,80142,80.8407510443933
2017055241,105926,13.89642968568333
2017064869,68850,22.722666671876183
2017074587,155255,10.609469395535573
2017076485,37178,6.342678979765044
2017079250,27243,86.13401416018398
2017080941,181776,54.08813903725025
2017085443,40144,19.882952169362326
2017088549,160885,38.75415922428602
2017104570,40405,9.832751228650265
2017126642,24317,4.55607455528235
2017133831,173316,73.40248129577918
2017154692,9777,3.1987297306705322
2017161450,21043,52.98849386653743
2017195202,260261,15.906399558354067
2017202840,148107,38.95682101913716
2017204328,24401,5.372040990897058
2017209684,87716,5.256034433015116
2018014535,105760,7.530510106139489
2018014767,40693,15.048637947285187
2018019219,88611,23.4790952863667
2018020375,25414,9.317565294061946
2018022949,190617,29.232471772322146
2018024465,139556,11.378429650506273
2018027554,180947,29.72626588691649
2018033851,69135,31.714636512618966
2018046767,105337,17.17432379397871
2018057700,139637,22.369713145631103
2018067539,244739,13.628683244308228
2018074177,175349,17.16460036782068
2018074338,123483,27.24876649876879
2018084045,59934,4.48939164839299
2018125472,105136,49.001298684636005
2018140615,13657,57.05025562060419
2018145601,136927,9.92506291198555
2018165758,71640,4.148711770730898
2018187142,182321,35.09170230873983
2019019932,143374,9.555908667249891
2019026296,29834,11.671195400013268
2019027448,41120,5.559694914149548
2019028294,136566,99.36730389567589
2019072662,254212,22.630672494997242
2019073147,186695,10.294213843708311
2019090551,105575,81.10241300233024
2019119134,136566,13.76236398787824
2019148212,95609,59.85165180305672
2019152428,181258,85.52257861232452
2019190223,87716,4.583390968090404
2019219747,106201,67.58943615201285
2019226314,263575,68.36167029056769
2020021100,181697,8.977423777414486
2020033127,106165,17.95151946207728
2020039294,155517,45.37341493720915
2020055866,181995,36.878571736733875
2020077391,59981,15.21084634198815
2020122276,180302,4.038476713674253
2020126061,182068,19.626395739046824
2020127750,29835,4.577714413405347
2020128797,176907,3.556809563758696
2020186685,75217,5.762979814857757
2021029123,33953,5.856139651416601
2021032187,13869,88.73558861413805
2021056846,12193,1.4858587611158205
2021082467,14594,17.991869152415845
2021084097,40682,7.344488916206442
2021096223,105926,60.73127184488918
2021108949,181801,85.27874518890215
2021119766,24316,3.2049765625706117
2021128565,123493,80.21014152161187
2021131772,156449,4.308842802590512
2021141900,182321,50.40491042551227
2021142570,36584,57.5960295989789
2021158389,105584,4.617430759838432
2021168367,69149,15.414474801599617
2021175258,181795,7.253031262244715
2021176651,136446,11.457332367864138
2022018529,243330,4.70567363088158
2022022009,195730,13.351263338772487
2022025980,182075,53.93892745079363
2022027509,243330,2.211873260595673
2022037537,27498,47.90300439437651
2022049111,106078,17.835733963272467
2022069866,175131,60.660029904213104
2022075137,254535,40.56577888556602
2022104792,52333,72.07129660404463
2022134328,181021,40.8494637231359
2022134816,105136,10.344318096899475
2022137575,267429,1.0972209825886774
2022151280,30916,96.02684066737432
2022183685,13869,94.2098313783175
2022196388,182430,3.735921520368814
2023008186,140260,8.18360046649667
2023008982,24284,52.249652660127815
2023033528,235777,2.9823568963904004
2023039258,156449,24.923988673069708
2023041689,30916,96.19104411754928
2023052804,81871,1.5207704159845374
2023167648,181076,17.50604493676872
2023168034,181076,50.29163988518042
2023189150,181076,13.692701910430063
2024013701,106078,22.886152413196204
2024049380,71459,24.382990544548818
2024075939,74884,29.58281199482507
2024081637,105924,7.998384251593015
2024085823,14582,2.3274212769848925
2024100063,181351,4.57460788777129
2024107792,132088,2.7380538826385425
2024116741,139784,15.185157244585401
2024119161,175131,5.947369736924898
2024123768,38475,15.344067451550082
2024159427,27440,8.363902908651966
2024191904,152323,1.6680561283113016
2010017554,102257,19.1483012342862
2010039942,103734,41.483001546892844
2010044958,34220,10.786844315086217
2010046737,198527,3.64578505284617
2010064363,64743,44.424766135534085
2010094023,145741,73.47537516657324
2010152184,104408,9.914747270821573
2010154995,260284,7.979964729135557
2010160682,51865,34.572507834793164
2010162397,103241,7.073739214614586
2010182594,138475,3.6068005890822823
2010199732,25511,21.778568627838656
2010210857,45368,65.64057600405795
2011001127,42846,65.55340079096933
2011002154,57017,30.639995981938938
2011025304,148621,13.118998499442702
2011029094,14291,10.87610020394449
2011057756,106290,7.811523988370715
2011085673,211009,3.889275166609183
2011116557,105176,17.536474034001046
2011168700,232940,9.348400763048145
2011186366,103734,59.177566003305756
2011200698,140374,7.292392315153603
2012002129,209299,8.800863135227555
2012004717,4390,15.408404145023699
2012012925,163033,6.200005780557228
2012028152,89762,8.942651218255731
2012036528,184065,12.900570744932534
2012041376,267732,7.023792653026028
2012050684,92105,30.25892245974426
2012051853,106322,57.56479591231465
2012064992,153393,13.699748349595612
2012069717,145243,11.17427943574761
2012075245,103251,81.3753363626306
2012105377,40382,32.97172392892392
2012125998,47357,8.340234526648123
2012127523,89762,30.032356624530724
2012142282,103286,11.318025311445908
2012146443,144031,6.522284403297048
2012150627,104480,18.838625820049756
2012151413,61461,8.102661751082351
2012159427,102005,83.13468460328887
2012162614,103920,5.095951777961199
2012201237,214581,23.171210221960717
2012214234,158153,6.517277391263753
2012215564,48412,52.92388850598648
2013002723,113127,64.41374332637812
2013003234,106722,26.385780464784673
2013004066,48442,27.168777545829922
2013006606,153393,10.397671371240483
2013011673,61465,6.474918404265719
2013015671,21142,8.16605915652603
2013022102,11673,5.8431218812410375
2013035913,104843,2.0411915042415782
2013042780,160841,2.295809584023952
2013043907,142430,3.0004319386438763
2013057447,229489,5.295186581795357
2013066024,70855,4.554511669662061
2013066449,98840,32.342155053088895
2013074575,228807,8.69657715700448
2013077587,219817,31.32577025831444
2013092324,113153,84.36505689695582
2013097274,270171,69.81769055360658
2013108028,105140,13.567388868239998
2013128705,141637,41.23424572401336
2013129285,146895,48.65157143946468
2013131507,169573,3.4701597869167964
2013144164,267732,9.057233538192186
2013147792,1007,2.8089148884976987
2013150344,163418,10.79435665214991
2013189846,233407,25.444901034550092
2014003513,232210,10.234399721774786
2014006659,111643,92.18534442739607
2014023946,31530,9.338200473788083
2014024484,104806,33.266357942988805
2014025904,122985,41.44879556754679
2014031184,103734,71.39027049810409
2014037595,105483,23.53341633663672
2014038632,103281,2.6906010520630557
2014045608,65935,14.20323994946527
2014058171,162962,3.8839817557319445
2014060741,105176,55.98520864234275
2014065756,103157,58.67980199014186
2014066412,11673,19.358642260360742
2014072635,256392,30.050710496142997
2014086114,105152,29.781562839526302
2014087719,165190,4.3923686044339645
2014095765,107017,61.058570663558775
2014105511,48860,16.433401879255285
2014112846,86150,36.266225816205306
2014119689,136304,4.89321903093241
2014120921,99580,59.64832856224385
2014127619,77477,23.374617794994546
2014130216,103523,73.03214911339094
2014138307,23022,2.5488105636151817
2014144983,153393,49.9619845653339
2014147046,127272,20.910627849980095
2014147411,11673,2.9408853268849047
2014154846,103284,34.727813116284814
2014159933,104441,4.995377941374088
2014165529,211977,2.4859534103987153
2014172769,92718,5.209848427032689
2014178296,229489,6.134567104245594
2014201630,105134,13.100868059969534
2014203372,78952,11.778893076992095
2014216480,58434,22.007459164078725
2015017437,104806,36.276434970950376
2015022480,104557,50.39859166972282
2015024880,144923,33.2438842853335
2015032776,103284,79.36647247096963
2015036443,103117,96.16865812807566
2015039608,103778,4.565415059518542
2015047148,104096,4.7479523417423755
2015049346,160739,6.77043915150955
2015052781,202248,2.935742250706528
2015071633,24756,6.181267312888215
2015080956,145755,13.30297622615642
2015082835,87811,8.896965738800152
2015083609,106091,11.40899617721774
2015090608,115672,46.01812754460656
2015090894,105152,40.92376281471881
2015092876,105402,7.451640171875277
2015094521,7659,40.704980466890746
2015102895,213314,10.493751993400092
2015108269,229489,9.972925686976602
2015116621,111567,61.04103045535943
2015117081,270171,19.28125924978793
2015119438,4390,90.92548730836644
2015120840,179818,37.03241515550576
2015155186,147900,15.847794437776429
2015162696,103826,2.172932149462123
2015163231,50593,26.016570899595198
2015167022,160739,12.962627204720036
2015176304,103732,13.929658947457822
2015190051,21214,3.809731768057193
2015196305,141635,6.524258325238677
2015207611,160837,8.784479299454796
2015207841,4390,10.712428976395527
2015212801,102398,88.6788046886905
2015219177,58425,13.32407205576372
2015220178,22161,10.807141961168622
2015222594,106620,37.5026450513967
2015223328,104651,53.72486502634056
2016000519,165282,28.215623245230965
2016006760,104248,10.77556871567669
2016014069,9942,13.000695623689937
2016022568,104776,14.518938284590147
2016025887,64743,32.969968251173725
2016029191,160809,45.75917179280332
2016034282,141635,33.16408121584342
2016042749,46288,7.054745563684893
2016043798,4911,6.321664525191739
2016045324,114656,17.562699023412097
2016046641,102072,53.290130007702366
2016066458,145236,5.196065132220657
2016071596,108262,10.327375889259551
2016076687,165163,9.268387564683172
2016110886,105825,77.75537937530392
2016125943,198527,36.99053676899654
2016127860,179818,10.484835488721112
2016148338,58425,93.80836628396303
2016152519,34915,27.493761028666505
2016180922,270474,9.752072041208661
2016184566,102507,7.477420955721981
2016188748,87400,3.9969244374431763
2016198455,104646,7.704727439480187
2016201256,87400,5.28681349109824
2017002488,11673,2.014018865279258
2017004328,105826,74.1504951320012
2017007602,102071,42.40797901997454
2017008264,22209,29.88074550171555
2017032676,21262,21.48773759397872
2017034451,57017,66.70598790701277
2017045095,103777,21.916285096543007
2017046856,160834,55.348492486906615
2017063349,279286,30.743278097106955
2017076170,64299,87.1243226852781
2017078901,130820,5.444512433378096
2017081452,57619,27.331828642300128
2017084286,216100,5.062294707314037
2017087165,59623,4.169412772458536
2017091648,213413,8.257228656003269
2017115167,44907,3.13105614599505
2017121156,105299,29.714541911217946
2017126894,104504,84.77295613291842
2017135787,267732,49.00043417343143
2017137662,169841,23.301657715350654
2017140345,105481,17.559617178915133
2017148428,145755,33.88855494550588
2017157833,147842,55.539405085949745
2017159315,145161,12.089445651346045
2017166346,105956,66.95538559885472
2017167357,104406,38.34804916521441
2017184404,52918,2.628881789134418
2018013927,22161,96.70554888188622
2018017357,178399,53.396881494075785
2018023714,104408,4.9031644812923485
2018043181,103117,22.16917080425469
2018046773,103734,96.07258104885662
2018069108,160806,46.46491221419897
2018070792,104467,7.560025665031282
2018078299,103156,14.664464585090373
2018095460,22156,9.339313853794616
2018101760,46390,19.931267673358004
2018148809,147900,10.222709029695496
2018166914,208927,4.749582671849868
2018192967,10472,24.56377311086561
2018194973,53098,25.583366387668764
2018196681,103284,23.085779329239983
2018199655,106287,2.8153955877820995
2018202468,103365,54.927382667279666
2019002567,7508,59.49026345318829
2019005666,209299,27.513451196480357
2019006116,140309,5.237121191559224
2019007117,104689,16.994771134234696
2019008544,122985,41.14972548128517
2019014650,75720,4.127781267050216
2019016542,83850,7.042949026770937
2019018637,173309,6.095613312206782
2019035629,137581,98.06256213009712
2019036852,130272,4.922158748138919
2019040252,211976,7.351553084168719
2019043263,54789,2.7872067649404886
2019047162,102031,40.78840625691001
2019050914,144009,6.279758386408326
2019083364,35965,9.065979526662549
2019108654,103287,54.198833190056774
2019109233,202248,6.769226216649951
2019120794,46286,24.97542763259619
2019129970,86436,11.249057538080857
2019134490,146895,76.98532239714513
2019137682,22887,86.0186626563571
2019191702,102397,5.4240393551363635
2019196213,131195,94.91796560530663
2019222021,140565,6.620574569468591
2020000388,128097,3.902888485439821
2020007204,42846,6.839745297693742
2020017883,102398,43.11807578342612
2020034310,194407,8.14457321438078
2020036769,57619,36.50732732942201
2020051977,87400,2.847435389125186
2020064947,144304,9.279391058474038
2020078851,105080,6.178956139829471
2020080396,160837,10.1850961036564
2020084705,144923,53.793469341044414
2020112444,51865,5.3154769863896085
2020112699,106655,6.2059223795754095
2020113367,103174,1.9056305799780617
2020127908,102005,32.889778843519494
2020133830,206546,10.894274130868949
2020139243,58423,11.170097878584595
2020147358,58456,42.4687381447467
2020147948,106088,16.132455842520045
2020159528,277013,6.600283894144509
2020164813,103493,32.2558423991623
2020182963,57282,13.91242918672685
2020185408,108095,92.30101791709662
2020188947,145311,6.0268605441232825
2020195338,103284,15.267238241099596
2021003547,58423,20.890597933846454
2021004716,68200,4.592121592412966
2021017846,103480,21.791274000137737
2021068333,106863,17.342920145115734
2021080542,11678,24.352179771089542
2021080543,160837,6.496831518364478
2021091946,106091,11.182073240742275
2021104126,105179,37.59314212303799
2021129212,50593,55.508932620810256
2021129782,104439,10.00550260636853
2021136163,105198,25.3682854701155
2021162615,102972,25.11258980695732
2021165931,122282,2.136859691576945
2021169521,44752,8.640893632221914
2021173715,35725,2.265613264954953
2021192045,183699,1.449776796158307
2022005722,12251,22.399198565661898
2022016927,167779,13.054360292441087
2022023683,153393,29.164852041821913
2022027746,103174,83.67328415148447
2022028793,132085,22.63740031872186
2022041931,160834,26.495022112366453
2022059520,140180,6.129648299883514
2022109641,61510,19.97382264877068
2022109891,53055,11.288074036904854
2022137734,102031,79.11467035157443
2022138248,57007,5.860179281971959
2022150802,160843,11.337346030224289
2022155210,103240,56.32574883812862
2022155471,163033,3.8696142821494095
2022156504,104062,9.30055530505582
2022171484,11729,7.321650511447748
2022172642,8023,17.505418424628864
2022176094,102302,29.507614202925456
2022195225,46608,8.623791578789987
2023004547,128097,7.558553401710532
2023006320,102397,7.004873006460848
2023027646,58457,22.55737702147748
2023039302,102880,3.5443334386982044
2023047476,155868,5.916543703600641
2023085845,111584,4.724604585689931
2023086305,229489,7.8940954864369495
2023106326,33768,50.82772801474706
2023116085,122067,3.3180586342576923
2023142646,236734,24.706224349485126
2023144480,184065,15.583783319732609
2023149720,77477,0.9397583530405724
2023155236,89762,16.818408003711777
2023160707,103920,9.168074104378043
2023162067,40382,4.650564550812085
2023166122,93681,1.9305647405220332
2023167040,38510,3.071614123553645
2023169809,64748,54.45180123816872
2023171705,163033,12.905691550293646
2023173234,105392,34.74167283244303
2023190161,57645,27.88612476199803
2024002484,105140,31.234955081055567
2024006731,57645,9.70345413477163
2024007570,38549,6.221305075028833
2024017718,106643,4.060426156528686
2024019132,160843,40.99115176340584
2024023779,64301,25.20278495084241
2024033015,194037,6.693327400422496
2024037199,102302,34.252141152848615
2024078434,144713,1.3381430133085708
2024082503,160837,13.778140944749167
2024092789,106743,20.521018493539202
2024093202,107017,72.82484093446878
2024104272,34486,2.6516720190770906
2024106184,42980,41.34586731705585
2024146984,103156,49.104712011025256
2024149555,106622,9.434316999922272
2024162756,54789,5.590624798871542
2024177079,102257,17.182581659688424
2024181034,105896,71.87721791699941
2010005258,72312,51.42427377287748
2010007358,97933,25.856135271740403
2010013784,79929,61.76425753823602
2010018761,165192,70.44730004762056
2010022162,9929,71.31439565458476
2010027007,145400,73.59998235693459
2010027985,25997,8.826943999051577
2010046663,142667,36.60953304801801
2010075362,119105,45.575539212884934
2010085845,118560,1.9902945009325388
2010101766,118681,37.664147043365034
2010105363,235031,6.010881935569899
2010107904,34800,24.773910531565246
2010115429,223013,48.45483325180271
2010116057,154169,46.54066589706946
2010119525,50227,8.537830328986425
2010134157,108312,57.02943961927604
2010151044,119241,91.9089881272427
2010151818,33314,9.222407214053932
2010155503,109477,44.14400515193764
2010181135,138352,91.02398699800547
2010186594,156055,89.74607754338639
2010195869,257154,7.364412450260759
2010199146,111606,20.31381268633119
2010209537,25629,6.30196137975768
2010221813,217315,22.94386875215763
2011004523,184667,59.661788667935205
2011005001,188774,62.62911108245947
2011005836,169404,1.5654039144432645
2011027336,174679,42.1097307152796
2011028619,155897,8.392701098664412
2011029698,60358,36.122335892427245
2011047321,94716,8.676657993018619
2011047798,44296,6.3077002461986975
2011051378,118560,41.478047602506415
2011065854,156055,84.39791577850376
2011073723,52697,28.076215456988344
2011099991,148337,3.389356891393705
2011113581,3971,4.104074879446384
2011129123,42269,28.54580328851957
2011182612,59289,41.91820026483195
2011188414,40903,6.911445049899668
2011197231,231841,7.3136907590912905
2011200483,73999,30.119934853486154
2011206481,178347,18.79512731056395
2011211391,26695,66.30741490687097
2012010310,52703,8.655489936329433
2012026458,27977,8.028108329361316
2012032006,113459,66.75047387795722
2012119701,25647,11.92460482717539
2012120650,138353,51.87353378693085
2012137962,94716,10.75851507483473
2012143523,182035,10.63871538441928
2012161095,131257,6.7648304482540995
2012169784,276387,9.694532044022196
2012196889,4224,22.11299579758937
2013002329,214068,33.492039927122335
2013022744,214965,17.004309114836413
2013027492,92677,27.822650374095538
2013033238,125571,15.067555014467104
2013034667,85087,11.127922124653239
2013039532,28170,11.761168445071315
2013053398,146257,55.38265207638888
2013055680,86525,87.39835586620227
2013084445,189141,16.633030973331717
2013095183,43913,4.793170245270808
2013101473,53750,28.72045586826968
2013102790,262715,13.697484258329059
2013108388,188327,1.6040659662994445
2013109210,72654,11.088738759961899
2013151145,243768,66.43323173750842
2013165777,189136,15.352346213454203
2013174250,188579,82.42445988837858
2013178965,60401,36.33858708596186
2013180599,2450,77.16848892227091
2013185094,73975,18.771104058541596
2013188784,138345,7.614668173788249
2013196196,264713,61.23484737392316
2013197760,182963,97.04833704989451
2013199244,60378,36.82436251386913
2014019620,21446,73.5271173554154
2014047763,72312,18.216855856160898
2014049281,68417,5.9317629094715185
2014051643,130945,25.978528371073214
2014052406,195263,16.334217385027355
2014065753,54729,42.445449313727444
2014079817,138384,23.464568035212675
2014098658,188774,57.62015393553827
2014099013,205363,7.354117556778484
2014123700,52757,27.237836833576857
2014139303,101818,32.03111792640454
2014141904,112601,64.01415938061994
2014158136,49631,79.01767677752147
2014158246,76880,14.860336249900712
2014163946,15996,23.541382139778598
2014171265,155882,96.74362049189632
2014172178,165717,7.17888608987331
2014196761,132587,7.476563807288321
2014204344,59289,12.843341081236128
2015011807,213367,14.08304797889205
2015025416,182991,15.250129612297128
2015034436,146257,56.78432391299181
2015040365,155823,9.545295215310706
2015053595,132587,9.71217632027142
2015059673,107064,11.069494146479325
2015078157,107146,18.68343740757604
2015081290,52785,28.52220729183844
2015157736,34800,9.20898600435759
2015162200,74279,5.89706172311182
2015162828,274700,14.471491467856797
2015184258,184252,94.55433633175588
2015216579,138384,54.909860873179184
2015219040,74351,29.464940311203836
2015223284,74177,68.09019813084831
2015230328,137581,99.36431593198984
2016001943,117503,8.591223210245316
2016008479,108955,78.15680789395402
2016011707,12519,69.69705608582449
2016014731,25275,1.6019658275745783
2016016404,171698,3.9760080388417167
2016018051,94195,7.879886420942865
2016020704,2450,93.83695716477467
2016031872,72691,88.65527876061688
2016033759,138306,17.27080161976571
2016041611,127318,81.97834525116131
2016042784,97946,13.36742233438335
2016045600,118719,33.77877088861625
2016049989,49631,80.24321697985945
2016059906,107257,13.746237950652104
2016060690,11515,16.090954996493696
2016070296,118469,14.838940723048077
2016073880,95353,7.451249439965278
2016074473,182984,4.557679786563379
2016074687,85513,76.98802181558301
2016081836,145152,61.06914921349362
2016089317,138353,90.08406300148462
2016089476,270622,65.49564903009613
2016114861,184659,5.067559729286222
2016116122,183270,40.262787681681786
2016116168,136806,6.616648553798692
2016117409,236165,3.4619406317063355
2016122057,109199,29.78579297582886
2016122497,86473,7.001873041850776
2016124954,34834,3.4413093048067296
2016129137,124368,89.27411161098244
2016131200,120778,73.1907146281879
2016134905,154169,15.117307483360621
2016135067,60358,9.830699881878937
2016147644,85583,96.86939642819385
2016151487,53650,20.310098879673887
2016151992,76501,9.867888461540598
2016157228,110645,49.4631316650582
2016174807,26685,12.283066149292553
2016177908,107146,61.67906613499931
2016185586,165720,10.807288120698011
2016190750,118847,99.95483425024798
2016192405,92687,52.90077024446402
2016201071,165696,46.900542167769984
2016209917,108638,84.95868207993536
2016215637,118560,34.68984047235191
2016217007,60358,14.653183834108333
2016218805,174679,94.8534904977673
2017008530,252890,67.06575795584861
2017013583,94195,70.22746748639946
2017017042,165696,51.44594912943235
2017025531,145236,53.89692053791874
2017029948,73960,15.27989806905831
2017038491,188765,25.919411044975625
2017042747,136806,3.2382473767102034
2017045691,108955,90.25929873257293
2017045917,109199,59.26259101077009
2017050076,94051,51.24332146392397
2017056056,205363,7.354117556778484
2017093788,182996,70.8321670955036
2017097386,109477,9.482206623685311
2017101881,155897,4.278010477200424
2017103946,200470,4.610257162098527
2017114911,52727,3.2197197588460185
2017142890,74012,25.02071893031038
2017145489,52733,24.161677515790576
2017159610,179951,6.131189466569778
2017178266,145388,10.355693648942022
2017187099,188042,59.94027459175309
2017198152,189141,10.563381427260149
2017198971,118797,24.995029321092364
2017200175,136806,5.04143710099959
2017206323,183284,63.71490851351645
2017210868,12519,17.33146959727367
2017214396,119249,51.40594587593337
2018005527,150788,58.560843412085646
2018019220,85027,3.3572973838377798
2018039634,94195,75.3373642337281
2018051821,120834,3.1253968207133265
2018056593,154169,47.10407345466229
2018091519,118674,62.12485783786368
2018094821,3971,50.12715022071343
2018096203,75027,8.502688235203019
2018118263,162886,41.78478030289597
2018131010,72300,13.554224957721928
2018138333,109107,58.528373848821424
2018138551,95462,10.921432223959144
2018142856,180081,21.03639171053671
2018176503,74149,58.98259817139662
2018197012,145462,54.50987874965499
2018200920,138345,47.20920493806965
2018206678,118490,12.531753049286838
2019000974,76877,10.017698843932871
2019002318,68410,9.638205356508395
2019003326,251160,17.74276150928595
2019021989,155897,93.46165754240413
2019029967,159733,7.141055830816449
2019041753,138481,17.79235969205186
2019042099,159744,6.8643143582125985
2019047098,73700,62.3705839349174
2019067317,158257,4.100561401637316
2019088613,182983,43.3793850837295
2019113501,265358,3.585653488564202
2019127914,214068,32.436543075100346
2019134460,182983,38.56723801195866
2019151018,113458,46.522535888227
2019153621,3131,16.167611275736746
2019160603,48216,6.749104271830688
2019182140,108312,18.727101855334446
2019185440,68467,6.652064380790211
2019188909,208934,24.255263705126346
2019190109,40912,6.278403805948952
2019209038,85583,99.92078526817666
2019217480,60374,60.07639646875743
2019219010,52732,17.377137515262234
2019219340,124346,5.748467165649488
2019223585,56535,7.542147772774934
2020002545,231851,6.841315265501602
2020007046,162886,53.735270489319646
2020009598,85061,1.5013393243592945
2020062186,60358,56.93132597214704
2020066195,276913,44.05303187566182
2020068083,34834,26.7444393348686
2020072683,138345,6.508288837127406
2020075511,95306,22.139660093622634
2020083785,138481,38.80098350623223
2020091084,180081,7.775308495958194
2020137229,108955,82.85238569768734
2020137711,156055,60.438014869682576
2020139008,118829,93.47160146436993
2020142936,67960,28.291988967221773
2020172420,183270,4.290143026717251
2020183435,281947,52.19433621503204
2020184862,235031,86.4663332240078
2020207464,165002,6.838965853097765
2020207952,111278,54.46821533199899
2021000452,188774,64.62694206648463
2021005480,238266,19.392211528743758
2021011509,275134,8.557849740786724
2021019105,148618,35.93388716214557
2021029762,104705,5.781288119944828
2021039400,176717,9.55388955697826
2021049617,94061,92.6571601207316
2021052651,157334,9.351015588197695
2021054960,52701,13.9418232877242
2021066783,154169,1.2836461097397942
2021067178,21897,48.448173388205475
2021077161,68467,8.469709935729165
2021080970,182601,1.780770680110637
2021097915,180306,31.24974124220404
2021099836,279542,62.949086873834524
2021105628,118147,13.657263429668161
2021108304,76269,18.735667503726145
2021118328,188150,78.42864127483377
2021125271,111854,6.433517394237849
2021137020,139042,4.843800779173826
2021139580,52785,32.738246712803
2021142574,138352,57.73364271871919
2021157467,86529,3.721906921070924
2021159488,72691,3.9838458438463067
2021177400,125313,3.466504940300528
2021179148,208934,8.77549043373557
2021195596,159289,50.029384695384195
2021197038,109542,85.05547874881955
2022000482,138431,19.56794027611091
2022005601,224725,22.699829010733897
2022008791,85583,92.86900274142947
2022018048,116692,13.949178177943404
2022021572,108207,10.854141686959938
2022023552,66581,18.345144463608662
2022033148,46586,8.814974245328502
2022037168,162536,57.56320149777334
2022038397,40903,2.611682253350844
2022045021,68420,21.43584959895896
2022058620,214965,9.452269321767748
2022059199,231841,11.948135577821924
2022083151,118909,3.6135282552859227
2022084733,42074,3.186773410224446
2022088012,108312,81.66884621490811
2022089341,111854,3.4537333553124046
2022096335,146257,5.238989800976139
2022124973,68331,4.315803568285135
2022142082,182035,42.248455180273226
2022157539,60374,80.69810020255541
2022164122,213451,9.161757262438787
2022166569,263445,10.782972761266599
2022167925,217315,9.677807381006005
2022196392,148789,8.477382796822171
2023019979,160570,1.8731456721766304
2023028176,183248,48.30642323662407
2023043600,68317,37.07887631101833
2023047146,176291,18.083787825943606
2023053777,76875,10.005675023310017
2023074576,162886,57.808079961280896
2023087806,172416,6.532893515999159
2023088426,153794,5.444526247912991
2023093910,180472,17.46205578021076
2023097071,145152,22.690189576315603
2023100275,118674,3.7899962818532984
2023104513,223013,52.015156874590225
2023111325,280097,31.580349242159613
2023117310,11561,6.987227795171613
2023127315,98841,89.59817605053408
2023130654,109710,8.70001806613453
2023135647,107139,39.68168420272032
2023139803,60358,11.307304696016264
2023146329,147052,3.437255949015817
2023161769,73960,7.809467317373222
2023176728,145400,11.052752579733571
2023184664,231841,4.096556528636935
2023192827,25616,65.24693359661896
2024017526,21899,41.29470478378927
2024017682,148618,31.8432711035779
2024031703,214068,34.787254072724224
2024037815,262715,19.350046669123653
2024038720,49689,79.44881715377352
2024056627,138319,74.22733632414524
2024069409,92687,20.869343257616066
2024079770,155344,3.368179966794363
2024098665,280750,6.890916428673901
2024110340,162390,60.75689210742916
2024122964,27977,21.90165195835224
2024129922,60403,10.350425470056416
2024138794,73960,2.571611277219783
2024162470,86049,6.691645820393088
2024162753,94195,64.56621172217052
2024165574,107183,78.01425364695272
2024195508,148348,70.96808660206973
2010017909,207995,46.74105074053488
2010023189,167850,66.42397810198511
2010035824,258290,18.436977136261653
2010036348,57938,46.96868197640094
2010040401,78893,27.7425379435478
2010041448,141152,6.745743155241486
2010059324,169668,43.38802980180088
2010074614,224067,14.23673622460326
2010096013,98761,6.15647069792171
2010103862,140221,12.096828196089529
2010107916,113050,16.65119121833781
2010109615,236027,13.006657963475691
2010119127,97292,21.808944442382778
2010125548,18674,2.285624854751201
2010127436,97423,7.5415952534791275
2010141702,161142,3.9588418497345876
2010177241,53381,26.28167326936421
2010177855,98636,84.3836890756948
2010185872,225832,20.740925012827688
2010220296,112129,6.522146259617505
2011001435,89631,9.468221313663864
2011004819,23531,1.727974667579004
2011009399,53552,6.518649618967327
2011017960,98488,8.367666085898424
2011022652,105547,8.663578814890522
2011027624,150689,68.78525117741687
2011030427,163163,29.857997534055375
2011034131,98761,6.361930796814939
2011041122,98638,11.041843645969998
2011042627,33234,3.1081508473740858
2011045089,98761,18.473236021057687
2011055544,140141,21.157048821882782
2011063004,100456,89.98652339972799
2011075580,258391,4.444643347257157
2011089008,20852,24.567464972645695
2011121139,220333,6.495181469002283
2011132386,97441,14.656789114631575
2011163810,130268,17.295344864457395
2011170365,142599,6.7417333624608515
2011177373,35337,68.45342924754466
2011186364,98479,12.983207852573836
2011190045,99214,76.30098242438231
2011200566,268295,21.780621220516267
2011208483,14785,34.805554499928235
2011218810,156954,23.75655813139403
2012008060,161134,13.484683274930065
2012009491,84107,12.68352632592374
2012016423,58166,6.6817429176613965
2012020123,150649,29.170982112081113
2012024246,264621,8.834703503384961
2012024349,29772,9.0884282925414
2012030991,97461,14.780890329445777
2012036396,86238,10.4180745932724
2012038338,48176,10.92880468037272
2012057683,165468,65.91511610635924
2012059693,69395,73.99798583081275
2012066023,169869,9.217612951042565
2012066427,272158,8.250384466586416
2012070040,97485,48.80853127000346
2012072236,145710,26.205336733459454
2012098800,98476,13.01454233979539
2012100622,189382,28.72828808095942
2012101717,130907,43.9809536524537
2012103131,167567,16.309662185800562
2012109450,98681,5.374468736833111
2012114727,249841,9.040797588879114
2012119460,33220,8.883549860458437
2012132067,98476,7.507935768529436
2012132300,99885,47.35629885351743
2012146755,40915,10.261039463216958
2012150059,113887,5.080540262212427
2012167729,97484,15.696009735602326
2012173321,151681,56.89858328711463
2012181187,144134,27.09072769201566
2012185900,30107,47.61381625175129
2012194013,169869,5.920902344746087
2012198361,205211,22.101091541881985
2012213259,165468,53.1799068308466
2012219184,186037,59.57049526445343
2013000846,260835,20.973424694117558
2013001931,150688,5.75735679683993
2013010246,259475,19.964774797813945
2013032940,107597,1.9309154831528577
2013040818,12214,28.97544354339902
2013040958,208868,4.49581281716414
2013048369,29361,18.729456904664765
2013055227,276113,17.776820021938228
2013067879,101579,73.06198861027298
2013092193,160786,71.61933472352993
2013099158,188620,9.137379942654228
2013101934,33295,73.89241993587666
2013105661,20004,90.52019479929795
2013125326,15530,13.526794968599683
2013137937,35815,11.479321077572019
2013138348,225833,53.54538751456993
2013144127,57939,6.499449030313891
2013148894,238849,4.109902660741728
2013150464,84124,4.865985896501812
2013156469,213129,17.82317959779488
2013164402,20674,43.726903661727576
2013164468,57778,8.952440820814866
2013167353,168478,6.5914928384864275
2013183245,48176,7.295345734297272
2013187948,144105,71.53594435018225
2013189114,215819,15.4230748891154
2013192245,90545,30.648956464651295
2013206629,35337,80.93278734568348
2014014089,101568,10.52455446176803
2014015419,97352,15.887846487973775
2014023435,159346,7.636074612743393
2014037623,56557,11.0396950779319
2014048621,18694,3.1732353997892155
2014056137,31991,1.0948566827000805
2014073586,99757,8.45751421595065
2014074523,130,20.080618654684624
2014076202,258501,7.315984892067595
2014078474,169502,44.41232787623257
2014079899,33312,73.20494135064614
2014080521,98638,51.89951107046947
2014084072,57938,31.488229769189132
2014086508,84142,2.826264385958944
2014129315,31761,11.451887954885002
2014146819,238264,4.609909619414977
2014148304,98317,27.169437816055343
2014156304,14755,8.375056390112821
2014167191,510,8.035100426220728
2014175872,35834,16.85036346790486
2014183391,14684,29.347480623861202
2014192216,183207,9.338863034341948
2014192329,101399,15.801638017684756
2014199536,90545,3.8551279144546147
2014200845,33234,8.818577452010663
2014202524,29365,5.619321803412798
2014217415,124260,9.06723433374745
2014222724,174248,18.661720148663843
2015004876,153546,41.651653964699605
2015004929,97425,4.566871734469184
2015006748,99801,3.444999336411863
2015014747,98636,77.38484449813795
2015015053,188453,4.999711614569197
2015021759,98638,61.086570447763464
2015024282,101785,82.8036578127917
2015037699,160747,7.237140112901385
2015038928,260835,24.87744846712279
2015046279,35834,16.337859976559734
2015049904,123285,43.679915070605695
2015050997,48176,33.42261328138718
2015058191,57939,6.379860494908269
2015087392,97461,49.04953886345207
2015091320,42382,6.576583979467603
2015097954,96942,34.86624301797571
2015098942,70945,12.013758779533964
2015099597,97710,8.83483859440325
2015103417,262561,5.100762716449736
2015105168,123250,3.0661708500948226
2015116900,225832,34.84632591852193
2015122652,14770,21.337593578101522
2015135653,35815,8.049825615278117
2015148918,168427,75.331035317922
2015149549,175135,1.6197890515952118
2015149839,144157,47.65069656115621
2015158719,47039,11.31523339733965
2015169911,251779,22.089940669928726
2015172869,29365,3.489201413240457
2015178126,99757,23.28540592801239
2015191008,130890,8.7996553205356
2015216627,98581,14.519290799791632
2015223069,188689,8.737837020245355
2015228732,101579,10.46751021205676
2016003747,246186,21.44527699753592
2016005199,48568,1.9659560683821706
2016015524,271300,52.28165077637763
2016023834,97352,14.772798726832532
2016028374,84107,8.946189634882217
2016033668,156127,76.77290657263163
2016034572,101571,7.771703906028596
2016041770,167850,34.24081015286906
2016043340,98474,2.9545718660296916
2016052899,58200,4.2823655037718416
2016069324,198056,3.1188224192452463
2016079736,101389,13.758226213404063
2016085773,142599,75.40364701749473
2016096212,238264,7.5153230950956775
2016135015,48301,8.769171236528255
2016135715,98317,26.37698532498394
2016140677,14676,87.5767175123404
2016149007,33295,29.460463558107108
2016150124,66359,23.68121158971915
2016151793,259475,6.236692797524025
2016154206,29772,73.76718161358123
2016154927,29363,3.022910566870486
2016157889,238264,5.444489079985668
2016168657,98159,70.11713551252059
2016178903,17076,13.099546441627608
2016181381,143959,63.17571964599346
2016191130,143561,2.133082060830706
2016192616,29365,15.393129692803715
2016198538,98487,18.13961939417827
2016200193,104001,68.10371456523008
2016202121,48176,8.066022668671895
2016217364,219029,13.321897365072877
2017009248,188704,32.143015457866504
2017020078,188690,80.57298608908609
2017024223,146124,22.70747728711774
2017028249,145647,54.58654099239075
2017035028,99760,73.458839165577
2017039014,35814,61.48966114386676
2017056915,160766,94.70607636099099
2017064033,52798,63.33525682873931
2017080591,101239,38.94485801784298
2017088826,145710,26.644974876430325
2017118713,130907,71.9940176292292
2017119542,32254,5.60281067737524
2017119543,141082,5.107547438642475
2017126644,150688,12.965307374189342
2017128403,20028,7.181737538852511
2017146005,98638,36.46587506577508
2017153983,225453,3.713265219263875
2017156362,156937,4.268139111974894
2017166105,83928,16.568962248740483
2017167932,179131,4.295018792155018
2017170518,101296,17.83719573837984
2017172708,258501,12.445024115124173
2017179970,20852,7.348066135276888
2017182930,35814,69.02435171751618
2017186737,191652,53.07977595655489
2017187101,190554,0.8635323766399068
2017199753,190554,18.253173152063763
2017203876,163228,6.058854657882153
2017207519,87087,4.612573647604742
2018005043,111965,2.225552495305442
2018005174,35171,16.388137945315144
2018005906,162763,29.52077658712894
2018008312,56557,13.612224531536993
2018013893,30312,55.982813883144175
2018017411,233980,3.2124523956800033
2018018189,66360,27.595452893252943
2018020816,14754,84.64426597862186
2018025957,210188,6.98795365773377
2018033244,143777,4.642905336468138
2018034742,247626,13.183777189057542
2018041079,97280,55.8194935999182
2018041388,188688,74.79502207525677
2018055443,144078,8.692078187245277
2018058380,99800,17.487263840764054
2018060196,279769,42.14413726945708
2018062971,74086,12.837180188581138
2018065272,189218,8.1998985154676
2018070436,100892,58.159665997816326
2018073146,20766,56.24851016703988
2018080026,30103,21.54477828423098
2018080207,57937,48.3019379853403
2018080549,33814,3.153504545990748
2018081493,156937,16.238457180307996
2018093263,84273,11.911420924367105
2018094654,143777,88.59084471519557
2018098095,280643,6.159868940327704
2018099034,155440,1.8020165094835359
2018100394,101579,15.268477066150254
2018106229,87441,24.26800078419095
2018109780,113887,4.012309851489976
2018116382,98581,53.398368356125836
2018123086,210188,4.202950201828533
2018128138,101420,93.22291451886353
2018135974,99801,8.374905304638263
2018139180,99825,18.708593303796896
2018141564,99552,82.32549337685943
2018145643,139956,8.452751733193024
2018162286,191666,10.410667698451963
2018164111,269984,8.86064856013736
2018165419,158008,15.720262034675898
2018166962,156127,0.7514811947036328
2018180709,98316,5.061903236309513
2018181989,48176,8.74314112007758
2018197014,66150,41.13704336952385
2018201999,55490,65.53924145790782
2018214329,97710,6.150608644377724
2019001164,57937,64.63418173097668
2019007680,98764,66.38317644265837
2019014059,145710,30.25866616855866
2019019027,90545,4.809593573075143
2019019216,1439,1.4303948214161417
2019019407,101835,65.16451817507105
2019023765,158008,10.790505137233357
2019035057,142599,48.26220436368847
2019037641,54495,31.631945502979715
2019038701,51230,10.395190573660633
2019051576,14720,17.222272289518685
2019065973,51499,3.3086809926814262
2019070222,14720,85.58422512910627
2019086113,176334,8.005021841607137
2019096729,29329,10.388474180793274
2019097001,178686,27.766373737240134
2019100701,167733,25.141437935972757
2019134378,29625,9.82154436615256
2019154272,57962,11.556672037345407
2019157100,99800,3.7409618735998498
2019158396,162379,4.802965736023606
2019175759,191663,66.62084171558854
2019177673,53226,15.794335557683928
2019188591,65798,12.03651290947229
2019193617,194853,3.4569038356708996
2019197699,134201,1.8274720307702021
2019207244,126252,6.56300448447432
2019212883,146112,7.678441549535534
2019217829,143870,49.458883035528764
2019217830,185571,18.430792548227025
2019220144,99681,23.01049326530693
2019220991,97499,85.22164430899464
2019222832,99119,11.145176806291676
2019225686,33228,6.2258553373139
2019227447,101568,16.537831331294928
2020003249,189382,45.27479276514319
2020005027,275895,9.460173089133313
2020016201,12214,11.092178483707347
2020017911,135185,5.799026367843509
2020018546,229134,4.093898987528555
2020036705,132315,5.49465331084013
2020080829,81820,36.68163490010733
2020086963,126098,9.869569178599411
2020157401,98473,28.259820813486897
2020157859,36025,8.314458772068988
2020166327,210188,1.119438462571229
2020168122,98760,12.225727620625713
2020189270,176334,3.7402619939511754
2020194263,162775,2.4891134016021312
2020194670,123250,5.423406943831979
2020209133,98580,51.732265631910394
2021001285,98159,13.174584278402667
2021009009,31991,6.763255816736232
2021017747,188009,14.872702620225073
2021049851,101296,57.46660054144588
2021051384,224067,5.99246904942017
2021056815,18694,15.402052001146044
2021058147,101365,11.020228611400118
2021096712,87441,15.62501547845167
2021121097,154377,92.62905738699645
2021154091,64850,4.02402618030861
2021154166,269040,1.650160958406581
2021167679,123250,8.742426269208433
2021197158,57939,22.932790358971484
2022006335,58166,6.596615818648325
2022009437,261578,39.375896908180636
2022013404,101296,19.234612614518287
2022025383,97120,71.17101906069153
2022026305,19807,2.5296482222146914
2022032671,100456,49.86263191811474
2022045024,102205,18.08835252654334
2022050768,162754,1.5656448370909486
2022058827,66182,14.349547654399965
2022061751,20766,10.006920765448548
2022081273,102287,35.55041226271124
2022098291,258501,7.697250188584355
2022114129,143964,5.2076572511061245
2022114571,102287,49.932376416195545
2022117613,97421,9.433702762155677
2022122022,98581,6.140160455145575
2022127171,167567,7.848937448444399
2022127910,141234,2.220009068229889
2022164842,98315,69.49741870790528
2022165985,102287,46.03274026299116
2022171163,208671,4.0129377078633155
2022183686,97485,21.95270266020305
2022186750,191666,1.5504955716679596
2022187291,101661,96.12993574213637
2022189707,242200,3.886435294415099
2023004232,58248,2.696195924211137
2023005413,99639,85.5547789952901
2023008463,97708,14.421914302601808
2023018628,158008,6.470005953687661
2023021136,12214,71.91417134574685
2023032782,35826,24.769128599374017
2023045730,101755,1.849696990480301
2023047289,276114,8.001793112998747
2023056407,97461,13.27878206342948
2023070303,58198,12.729430678976017
2023076822,43537,70.52030067496888
2023087002,97708,13.692060165459155
2023089757,173370,3.848299402944991
2023092084,14785,10.509464625419657
2023104299,14755,5.876330598027769
2023128964,96829,73.51724692965524
2023132062,66684,7.420980995117106
2023135530,250513,17.580151204915474
2023144009,175135,1.6197890515952118
2023147387,218075,7.24052915026027
2023156696,156952,3.349363775733515
2023156978,101579,66.55935080664568
2023158676,99639,7.665308121854147
2023169991,20852,62.6478267127766
2023172428,145586,68.15073607667382
2023179037,12214,67.97296950579809
2023185028,144078,10.486481544946631
2023193950,156937,12.0275050802119
2023197020,251969,6.768681019396442
2024002794,99682,41.778038683617474
2024009915,64826,7.537631301113334
2024018220,20028,17.964914269803604
2024019557,101218,64.40438729920164
2024022991,101389,21.552404669313972
2024031620,97280,3.4736040033741946
2024038787,188685,26.30039527352522
2024050510,150649,16.744544190490746
2024075965,99752,44.572096957712084
2024085234,14684,37.537191262540176
2024092067,99801,16.813210873391277
2024099636,66359,84.93858573631728
2024115638,220333,8.063582672741013
2024135143,48544,4.991227909153615
2024156101,16214,3.4647808697212557
2024160276,130268,13.500364178405565
2024169846,101296,18.23531438817596
2024170672,99635,22.668216167985566
2024175571,160786,4.890106019134454
2024195697,90592,12.88029659778316
2010009199,263723,4.247114929347652
2010025618,2112,16.67659344979724
2010042749,34824,4.945170004190009
2010097577,130028,66.35688838837005
2010100233,15383,52.490480374132126
2010115905,34705,17.316400430200144
2010202767,143797,75.55747850253988
2010218597,38741,7.742531224257641
2010222717,243591,0.655777103889265
2011006095,155680,5.035811912255217
2011012966,101859,10.464096807791703
2011015141,119952,36.217771385809975
2011015593,32632,48.59643655204025
2011038721,15465,81.56796351381936
2011039317,101138,33.7461983240139
2011052887,107923,16.00226761130753
2011106601,134489,3.1284794138571876
2011152491,203942,21.00638786165138
2011154674,85127,4.716338783524459
2011155902,238521,4.5154134991761525
2011191101,257747,5.741196226010481
2011204304,11544,34.157457486876154
2011205270,69614,17.773475273299628
2011211737,4049,1.2952040124164557
2011218441,130032,8.902251757221775
2012000648,32390,35.0838406125403
2012006773,60862,31.06272681101957
2012007318,38741,13.174268600813626
2012041457,125901,31.67485819251407
2012057169,100277,63.8527620759275
2012093001,18986,21.817662168068413
2012120920,50454,15.742542837940347
2012126174,101225,61.27223574010611
2012127302,32648,14.189493780383883
2012136666,105356,18.878832385516017
2012147206,33157,46.11196719802722
2012147712,210471,11.344988339586395
2012185092,130028,12.79817208771297
2012186024,89903,47.47768354410759
2012208132,107899,2.639329569555743
2012212970,16377,3.3220508194331075
2012219922,125901,12.467350639194475
2013008222,192982,51.58118487938155
2013018341,139817,39.43145528225628
2013043701,174519,73.20739320795796
2013046990,11701,58.589308092968665
2013061236,51550,7.008968201946774
2013141794,137642,11.861685426895752
2013151093,134002,26.50054436610821
2013153721,38220,62.50639534713155
2013154316,75080,16.157309525646987
2013198521,163483,15.34918687233741
2014001030,100277,45.04758551215816
2014033917,51593,5.682558799103995
2014041079,143806,75.86345519974475
2014045803,29559,11.459278362888348
2014049412,107830,57.60156851956163
2014060464,81536,11.609797130872817
2014062994,125901,13.296316661498302
2014071857,248439,4.260897989612317
2014084116,66200,11.293942856725748
2014085325,126226,13.959297432863936
2014115587,15383,26.5068479112215
2014131137,155181,18.564969097062733
2014141689,51159,18.16849530918331
2014170323,210471,0.4441521024966906
2014179047,108062,9.238837791692786
2014184210,15384,29.746620084662716
2014209551,108950,77.66060364576106
2014215461,29593,5.905627928668145
2014221912,130032,10.314266880290043
2015006156,107312,10.871175615892602
2015010383,11544,2.9550607232902606
2015042753,13341,94.96578842716268
2015047828,107925,7.991251618794929
2015077157,177344,7.832498537054893
2015077748,108080,30.261093150171753
2015113528,100021,5.6894913129990865
2015117385,53854,60.09577257705464
2015143488,30126,10.283523764711974
2015163383,58854,7.5794395653084665
2015164482,141467,18.76158609254196
2015193333,30257,45.12949349996057
2015203710,100532,7.330194444338239
2016008844,202775,43.62092046618246
2016011510,1178,4.947060812671467
2016014798,13396,9.139763848476782
2016024160,27827,60.91766857984159
2016026210,32681,76.62241183612092
2016032456,16777,7.551342760569978
2016032878,99894,20.705720830409323
2016033577,100280,5.448032317968419
2016056921,32647,11.556456839374295
2016069900,107312,7.175236965715035
2016075879,235540,77.08860803605533
2016082597,28829,4.890422105751511
2016091072,130306,20.05517156489866
2016092022,239719,8.767440023217041
2016124477,30108,46.57719720248021
2016138219,188225,53.59747632373363
2016140771,34538,34.31645893706979
2016142036,69947,77.84161566120298
2016147517,105356,51.85953608607599
2016148358,105356,10.95724505280864
2016179846,143796,82.19381002169227
2016179920,27781,48.291552014522466
2016198698,69984,13.09070156223003
2016199150,130069,5.349264848094039
2016216812,32681,64.12359635075127
2017022722,235540,11.222152514839475
2017040853,102543,27.056470390547524
2017042201,70249,16.97368587911261
2017042304,134956,45.374822523236794
2017051790,30164,5.414920844352954
2017052568,157648,4.532712379736616
2017071307,13368,8.209282401950524
2017088388,52896,48.39588627377909
2017102077,100280,48.73295696880686
2017109305,130028,9.73967401127104
2017124967,108763,44.59154214278372
2017148366,63304,32.35881752918164
2017165524,32647,21.1504962228615
2017204218,39610,12.66907689160774
2018008004,49933,26.643810719832498
2018022472,134002,12.464735302928421
2018025788,30126,6.880582072164244
2018054340,33066,65.49284924819958
2018054910,85152,4.461900731594766
2018064319,30543,9.558168969955423
2018065405,15479,31.36971111776048
2018071232,100280,7.43361384999066
2018077811,33733,67.01320626317111
2018090812,107171,9.902812314551214
2018109802,107171,3.8885774733063476
2018117869,28969,8.266059900422196
2018142686,100481,8.060179946941917
2018143144,134863,18.98280024063424
2018152157,100486,42.442240062198
2018156217,60862,6.221047350284847
2018185208,141149,17.418118929795106
2018187511,135823,16.85879449006349
2018188081,243722,10.37442804703252
2018200689,95423,4.1118481801810765
2018202966,55933,5.224337716939395
2018203619,141467,11.008650517337843
2019001835,137653,38.03655859705458
2019009528,39465,11.920091868153262
2019050027,34824,67.48029508576445
2019061798,101094,9.68151417945298
2019067165,211269,7.319148318490046
2019111634,13899,84.7680068928945
2019166798,1268,5.030603663939575
2019167019,164886,5.018778135222841
2019170453,101886,6.174197359251566
2019173288,100769,82.28848244227078
2019176413,267819,21.613067065070798
2019189215,85290,14.072570609467803
2019191082,33186,47.28722458677746
2019197629,29808,6.046306268703029
2019222014,107171,13.372522784511428
2020004195,32627,26.595757076091626
2020007825,49033,6.261146824243181
2020008453,13899,21.07939979316449
2020011319,141149,18.57447073015888
2020017826,39527,6.117938934091778
2020086395,177344,8.773780040336279
2020148908,68647,13.929282332049313
2020165299,203942,34.32826951066663
2020178359,100331,2.7438044457035766
2020183376,202626,11.371617349278687
2020187397,30606,5.413526188185784
2020204071,69642,19.867730382848755
2021003636,271523,5.009475541534549
2021018905,80071,2.901542861402753
2021025577,30543,37.857369993759825
2021041667,13627,19.457235102059936
2021046192,107184,31.88955950744585
2021058158,30215,9.551170411836289
2021096855,100647,3.709484874864864
2021100858,38967,16.788202352895446
2021149374,126174,3.885729181612285
2021156473,218217,3.832873655828503
2021202063,134486,55.8657589067554
2022025929,13396,8.05912791340673
2022027924,211269,43.330387438926664
2022041836,29554,5.755977867329412
2022100878,32390,4.967960590292889
2022118382,141149,20.54049717951741
2022121490,15365,8.881490064841131
2022151937,134900,6.475878344001242
2022192023,39471,69.06927893523289
2022195220,70249,16.42420217674697
2023003876,203353,12.76297568912833
2023019532,27782,7.468470513701108
2023022021,32627,77.99324704724002
2023033944,134954,98.53189486003495
2023037940,263723,15.640958998683962
2023044342,173735,26.191183308390933
2023059274,100395,13.930152481473945
2023065331,13366,10.158258789006883
2023084306,13368,30.957642098243937
2023084539,141624,62.78182365046498
2023104342,107925,24.877859429410663
2023110493,32081,14.3394306584008
2023123042,143797,55.94729330477517
2023149592,38207,18.974785583634198
2023160557,39492,3.9276730676499962
2023192774,2112,3.1228293565984826
2023196722,124669,10.309164063984428
2023197017,134905,5.454256646896416
2024006402,85372,7.530309985283463
2024008802,125901,16.19588526098756
2024013625,33143,9.8798808058632
2024023305,30597,8.400715096790476
2024082688,39890,21.064611947512745
2024083144,107171,7.989782242123703
2024174192,69614,3.5598951964397667
2010001150,166564,76.04001624558589
2010009233,45539,35.46377204252088
2010010713,43678,22.440604387557112
2010029124,166770,12.074989347528238
2010034297,115737,18.162391465947188
2010038868,20533,17.670249253360932
2010047983,262125,11.745090820073404
2010051164,111722,93.8013546584577
2010056785,111759,25.424312646377935
2010064278,226371,12.154712135945562
2010075403,42692,5.78083324724908
2010080750,93983,6.696204738876031
2010084714,93825,16.950258765561347
2010108050,176278,11.233753439007545
2010115328,165242,40.88442922161932
2010115936,191281,64.20587876191806
2010126409,115631,84.96000120214795
2010132715,127587,5.947364237663042
2010137834,168750,8.852260607579895
2010143658,215284,7.813793557373985
2010159893,148982,10.943198982335309
2010161175,136140,2.068370148757203
2010170198,281120,28.445727884961297
2010174422,79962,41.308293671103634
2010183822,18908,30.085041837960272
2010197389,166743,48.254857875335205
2010204649,47019,7.9930884459936244
2010209354,215293,17.47349492801564
2010222598,112803,34.23126907267778
2010223101,167078,14.819946871430432
2010224985,176310,20.11306735477206
2011000229,61569,3.9490901913058343
2011009908,18982,13.109395529099384
2011010730,238000,5.563779313758384
2011022207,81288,19.008192624333958
2011023570,273090,11.147865910760716
2011030389,166392,30.894175491771936
2011037403,146322,8.324389810595115
2011037758,75983,6.47318391434266
2011050743,176308,48.56230104518856
2011058566,41036,12.013158894741803
2011061749,60257,38.192800134616675
2011080196,140311,44.36262350546139
2011080935,196506,8.1005954786101
2011088599,213673,54.43684237420889
2011093476,111080,7.863533114155058
2011103597,111388,9.066233701254706
2011119338,247470,7.174542969062914
2011129920,179994,37.83987186021178
2011138616,149104,8.094195250717409
2011139237,169403,61.240241375030074
2011142511,79252,36.115338298589826
2011146400,179611,4.287562050534811
2011162663,81288,63.95331306072644
2011171531,112305,72.41809185134417
2011181682,114451,9.825863163748195
2011193675,166398,77.90297211864892
2011201041,83022,92.7221435482711
2011201643,251859,9.35337349518757
2011204425,60257,14.63242722758852
2011212833,47091,42.2296884319358
2011213246,83026,7.077337085341687
2011216850,109747,14.565905141019488
2012000361,60257,27.044798878204812
2012005343,65434,41.311404696740546
2012014109,45424,40.705551022576024
2012024733,169397,3.8575016160079456
2012042760,115631,4.818226098246213
2012046603,168733,83.69714528797684
2012055049,132998,5.26299910434564
2012061350,81556,4.987546102479766
2012065641,43674,85.25868475220729
2012074830,166489,24.177549275808403
2012085042,246748,9.587216844567013
2012086130,75832,11.387912941759488
2012092933,106655,12.66672552944254
2012097974,43224,38.97742816061992
2012108265,166454,34.70801523320738
2012121873,176277,30.77114503554156
2012130796,114885,23.717167763420303
2012134725,44449,14.826072308706465
2012136919,260016,5.157457841679093
2012141248,81523,8.79039169913185
2012145892,211999,12.320733125112783
2012148427,194325,4.75038697006449
2012160514,83055,20.623865959258445
2012171702,225574,19.89418734855328
2012175964,275351,14.668187634479962
2012177130,151823,1.3075256723322959
2012181722,211372,17.34020128624052
2012192359,140935,43.99745968652289
2012199115,164211,15.680144715448796
2012203010,244368,35.03069097548143
2013002719,169165,42.42958869899271
2013004890,112306,11.277247998270344
2013004998,166748,60.67582525252825
2013007875,49468,17.19274073834168
2013027561,47065,17.210824529291262
2013030906,245399,23.81099640853569
2013031856,74104,26.460104790119175
2013034719,60171,54.08008723758862
2013037977,169320,38.94412023425829
2013039850,129382,18.13674950506744
2013040258,203832,60.363412069421855
2013050185,41974,1.5505148838788765
2013056685,108603,10.776932634676331
2013057381,194535,37.40791814952701
2013057968,43817,23.076143399656377
2013059416,33404,31.845763875663636
2013064632,140053,4.14213050106918
2013069525,7168,26.097644348196063
2013070238,115798,8.310530501673933
2013081617,169321,40.56839333912003
2013084442,42353,37.6410425636218
2013101939,59043,26.209602231160524
2013110362,42724,17.73441611085869
2013125795,265409,25.625221791539662
2013134862,82775,47.469620461505215
2013135551,44055,14.83561680924069
2013138214,250255,8.546793873831671
2013150592,45667,30.616549368925508
2013154553,164118,64.86742959987785
2013157062,49434,16.788335617658657
2013159165,211368,75.92502874885284
2013169610,211751,7.240492345111794
2013174365,43713,16.350904469439993
2013181793,58344,5.675898116948214
2013181951,197177,5.134262951957011
2013191722,58415,26.99338635412513
2013196387,140493,33.56385824628907
2013200628,50182,21.637170975204366
2013211244,251093,29.75898087188763
2014003161,81096,17.383900840938193
2014010025,211365,79.217328482301
2014011139,56242,22.068565445023044
2014020268,359,10.651488477771082
2014021269,199331,6.854451602902711
2014022311,245914,19.42201704837253
2014022465,84139,67.26015597267796
2014025560,166541,72.40167660488002
2014039905,140538,45.71822335713557
2014040613,112308,65.59797909272318
2014041763,49350,73.6769362798971
2014068232,90736,2.190404721658767
2014068973,82987,76.57430507063627
2014083111,6888,16.463786094168288
2014093388,43815,2.5495078567515814
2014094089,130933,41.0552881069116
2014098975,65258,47.720415007713804
2014109077,124705,1.2087488334570358
2014113954,168756,34.96836163814464
2014127137,234486,16.392384363830075
2014128887,7830,38.133543574140496
2014130024,62852,15.032239447618448
2014131482,121273,3.6367230023793717
2014131679,119427,47.518442254498666
2014132099,43378,64.7974100140728
2014133274,213673,71.74480769975216
2014133961,49459,41.1960950121953
2014142753,47301,3.599538578391843
2014145973,274256,84.99224349125029
2014154392,156596,32.76281484416297
2014158855,166590,13.34755057100693
2014159591,158131,47.47301146572904
2014163314,244685,8.11284839403606
2014164835,81288,42.76726980843854
2014169351,107173,3.945284538647797
2014174175,114524,7.876134603482994
2014182211,64432,4.685194230594633
2014190135,10793,46.054101689072006
2014199141,166767,5.824748649973671
2014199857,136140,68.18529212942468
2014203541,115094,10.122528109854505
2014223295,58513,47.328226462386496
2015003053,48999,16.047286113777993
2015007182,65434,1.7440528375318138
2015010016,255084,38.63876458610798
2015016773,59043,89.58906719307892
2015019035,278431,18.52994540001107
2015020219,50168,9.399527031918844
2015026721,31461,3.928533255130871
2015027800,4963,48.331241875059995
2015032061,164894,11.748913135440734
2015032408,156632,12.218672203733377
2015040393,140838,48.41387709710754
2015051378,176310,30.06581716622126
2015052876,49342,26.043540943668948
2015059530,132303,2.769893687289705
2015074729,13328,1.8581165188271995
2015075134,136140,4.291102566270307
2015093128,156203,6.083173882000807
2015101244,26233,1.1169451185819863
2015112488,8424,15.46033442497015
2015113959,176308,16.477360355436577
2015124574,7830,4.974943940662139
2015127986,49207,68.61537521206427
2015130617,169321,52.90827942111596
2015131916,169411,9.462863360122993
2015140476,112803,23.758185612081935
2015142182,114880,7.469971762459607
2015143321,59038,54.46280385765373
2015149487,113911,3.3274947653965987
2015150277,7830,54.84701184366451
2015157907,111752,72.35917110308618
2015160531,83076,10.525974058419706
2015162104,43225,1.277013294947017
2015166638,169325,66.6170287338355
2015184513,49207,44.05511989082041
2015187538,140703,2.1093118383813225
2015188179,82784,17.710586153559568
2015190038,115631,3.5679136710947588
2015192854,169397,5.5869653965777095
2015194738,165353,86.36894252028219
2015198917,166133,86.86893488711016
2015203029,250677,1.572474574862467
2015204707,45424,30.421018952768645
2015210298,140755,38.78017009995464
2015216678,156646,50.51790890720212
2015224370,19025,3.0235188582699317
2015230714,19021,89.44593743318845
2015230992,168733,30.924554392332556
2016002114,104005,50.593499668933624
2016003685,136140,9.093939653090619
2016010447,56242,10.185699354273035
2016018492,166748,6.330743539986941
2016023921,169321,66.72070200643036
2016024698,177037,5.17617384826521
2016038645,281120,29.478812848629328
2016042710,241030,6.034735290921407
2016042711,140734,14.271275716966931
2016047163,112212,28.395143386545243
2016067812,83047,8.495529845374652
2016070869,245399,13.096258739800296
2016079148,207019,18.262359704223673
2016079929,31478,78.149906987846
2016082269,161218,12.962081312939112
2016086836,194435,10.492934553901275
2016090296,175581,13.595896136578109
2016090378,19021,36.41973476140757
2016093752,18908,3.3419515386113203
2016095333,76525,80.93117669301337
2016103743,169397,5.5869653965777095
2016116283,20418,1.7814028237085504
2016119989,26711,25.548292792074506
2016124730,166748,24.420143712673465
2016136388,169017,26.196662422564497
2016145159,169390,26.364111075465395
2016147121,43678,17.998168467317132
2016157454,192567,4.901243997028867
2016160675,21787,6.502689165927636
2016163519,44054,7.188914091177395
2016171057,262753,5.553418543699557
2016176139,58513,30.92911258228315
2016180915,140790,56.933922618136634
2016183008,18928,33.240222619961024
2016195988,112748,34.928718590453414
2016203573,213506,14.523192256293665
2016203876,43225,2.880318273902615
2016214636,146322,28.775338762266475
2016214915,105158,76.46581701403754
2016218331,19021,34.065219258287854
2016220735,35197,69.64127589602101
2017005247,79962,27.066188513875595
2017006116,215227,10.434305794400103
2017008262,112309,96.4385378015928
2017010653,177531,14.47305076318395
2017019434,165242,38.46431395945078
2017021953,45671,3.9768713138394673
2017024619,82779,35.21338114744432
2017026055,65538,12.388704395346982
2017028224,42005,86.83637787169852
2017029975,140707,3.072212103681484
2017030537,45424,57.789258052037454
2017036756,169321,41.21202925288509
2017040080,221850,5.146386307129174
2017041908,5927,26.786979352679783
2017044663,169411,2.563515631840659
2017047807,169324,21.1205818913372
2017050516,62247,58.5950990854353
2017050647,168736,6.528532777645617
2017059519,194325,25.532093555040188
2017078912,82716,18.31547264039118
2017083539,169154,20.667334694475816
2017099003,31434,13.708663910642285
2017104572,46598,56.20042203695754
2017107970,42051,21.347636948092532
2017108585,140702,64.06733032491896
2017109595,51344,62.46252801124616
2017114392,55804,56.02653470370993
2017122276,44757,4.8637745705337245
2017124163,166507,6.103926457681128
2017126223,46560,66.61217808527978
2017126501,19021,69.21281556448714
2017137438,43674,30.57088413281254
2017142536,51655,52.010915487844635
2017144653,65437,10.540453864046654
2017156232,19021,49.54141853087197
2017165696,79962,5.5577129824525935
2017181200,75988,3.7885209029857823
2017181372,169455,83.79693702596319
2017182111,81288,8.043357332840774
2017182494,181323,23.83929469764992
2017183031,103884,12.919160507870444
2017194939,60168,3.40756244945022
2018006068,213673,6.777925669286531
2018011159,82775,22.895668303365884
2018011757,140555,5.596203613650253
2018015103,176278,1.7914997424306538
2018019961,22923,4.736176315643712
2018020813,130899,3.119211260495933
2018024875,112158,8.046530429119688
2018031048,83358,34.30529985826522
2018041102,45425,23.219986834913293
2018041248,19474,19.659769894578748
2018055914,115798,5.312612945321281
2018063525,42013,5.988920879374122
2018086499,58415,1.4479700245769274
2018094523,166443,56.832733302872924
2018102991,242994,36.448506880065345
2018105871,31472,5.10927234595678
2018126732,113911,4.4550502192008965
2018127367,166770,25.73739252114501
2018133981,113911,4.4550502192008965
2018140309,103830,8.042516668574857
2018154567,140902,39.39499801897226
2018155147,48995,2.79221331681372
2018156500,18982,5.842867149006515
2018156567,169330,35.651567269380884
2018180449,245914,29.514890905668164
2018182417,103887,39.24442261470005
2018208388,82716,19.180136046152004
2018209207,185043,6.3680553581064245
2018210903,43147,33.465624400729276
2019001543,10793,72.00329064828092
2019003213,42750,86.2696537338849
2019006852,60171,87.4612256942218
2019022993,176278,1.875940986162644
2019024744,169455,33.13040322278212
2019029710,151813,22.39629079081069
2019045407,213506,18.140946926680087
2019054155,168754,6.650430754221137
2019058844,111574,2.5681494623072973
2019130029,102004,34.47274265223297
2019130202,169394,6.99985790005434
2019132971,176278,15.764366148770796
2019136201,4903,6.383465370078933
2019141134,83055,23.396302725584068
2019141203,128987,4.282339651107889
2019141551,166770,86.1325843858638
2019161520,49207,82.34519213868005
2019163090,136140,4.096645427308477
2019163131,75935,43.08709782864927
2019163770,166436,81.22745630101528
2019170320,82779,63.54863146516509
2019178574,166748,29.016318435519395
2019183644,124705,2.0887054985034617
2019187887,46560,50.55147168894995
2019189272,169398,80.97802922492527
2019190108,81288,15.741202012615947
2019195307,108700,8.14971162642971
2019216794,169330,33.585025999633366
2019216862,26906,8.719632998853912
2019216917,58556,19.785413396911675
2019226350,45656,22.460059006516
2020014371,111385,28.626335391164915
2020019357,8424,16.496524136731278
2020022927,58983,6.699751012404582
2020024542,166507,21.562502973977956
2020034482,176268,4.8651811136018965
2020040952,52854,12.426906199470698
2020048094,146596,1.6110426914663933
2020049398,168747,23.21815605557554
2020056230,273090,74.94548959342647
2020071298,44757,83.4733007423774
2020079634,176278,6.779875021226087
2020082986,247470,3.0920649806129155
2020091279,28626,9.356901106382074
2020091402,60168,11.985673786814873
2020101038,90736,3.8978977507911052
2020123860,54668,63.176392727488206
2020150447,66316,38.700791977451836
2020168169,18982,16.06456787225954
2020172666,169459,81.32000559588545
2020179091,83104,97.31565790512848
2020206911,49350,81.18051687321248
2021002418,170727,2.466002275688033
2021006213,152460,6.027844283275797
2021015613,45965,14.888501413446003
2021027193,149104,6.72614341670009
2021027457,129595,98.0218171663555
2021044627,112470,97.09386229258592
2021045761,75990,20.789217080345644
2021049352,112803,3.9675167495478294
2021065210,188095,4.040281131371862
2021067177,266922,16.800884121876724
2021069849,169397,5.72860234693017
2021071305,79252,0.9418008457774341
2021088875,51344,28.340406063465334
2021110750,151813,67.6061697359503
2021131604,166767,11.428456076672186
2021142176,60220,27.198090018835025
2021150411,148935,45.425654904903155
2021153443,18982,12.11311584586336
2021158390,166564,23.767311667175548
2021169117,169389,30.002479499210793
2021170717,359,82.74581420707695
2021172186,136140,25.93558763013313
2021192086,166598,47.19250907865259
2021202785,83430,24.777321721877428
2022000597,42868,9.063720716081294
2022011434,81103,39.73847687108896
2022020153,19407,75.7686457147088
2022030431,49341,14.876130699093324
2022037280,176277,2.9970244059262785
2022046521,176114,5.804135727823483
2022048671,59183,72.41679997130582
2022074607,176269,10.198389662275213
2022080717,79962,5.4406358143774085
2022082539,18982,9.129159239346746
2022086359,169459,99.3206090710609
2022092539,51344,4.900434580568801
2022096366,166142,72.4525863774586
2022099478,169390,82.64993936102829
2022100634,46588,5.23125677488622
2022104869,111675,47.88079825209644
2022109944,136140,2.797578815755378
2022131089,275380,5.605655244652423
2022145115,111722,3.3012924462929734
2022146102,104115,58.017598496138966
2022146806,75935,6.204343793863001
2022148690,26906,4.5015713504212815
2022149516,166398,18.918721481325946
2022158248,168747,1.2706113942085582
2022161318,176277,2.203693756896946
2022162462,168756,50.676114419674136
2022178777,176269,92.0924751255644
2022192022,140324,49.77846707963478
2023002415,156203,38.718922548471056
2023007055,140498,1.3031831860133556
2023008357,140053,8.859393366316942
2023009014,168787,44.47716501739702
2023012273,2484,93.32367354388641
2023020374,103830,11.712320015238946
2023031636,140679,1.7421168366074757
2023033054,169407,64.3246462033545
2023045123,56242,8.141185549787005
2023061412,140311,17.639115555988838
2023064568,215243,8.996454360925572
2023068005,250520,3.554106703557439
2023068071,281953,42.35147498237216
2023075080,111381,1.5982313554462537
2023092304,169309,64.54615153371337
2023096050,13328,2.398435791653756
2023131866,151838,80.00554784584368
2023143032,58274,10.966189310497525
2023148540,140311,67.78707367020154
2023160586,277789,4.841333194888124
2023169621,169325,50.45560785148631
2024001075,104113,16.887726767067186
2024001695,113911,4.30555731850019
2024017302,169363,11.630308563991141
2024031207,62247,13.517326771047143
2024031435,23107,5.849496286992116
2024043484,166544,41.08013098044446
2024044338,169321,17.260851659328534
2024051939,49508,10.16191025694164
2024062574,41706,12.131053275340378
2024074143,166473,18.23131624862371
2024084477,45424,28.251258431598778
2024087104,112333,72.15851010374041
2024096379,13328,0.44415281534822637
2024100655,84006,7.026303046249832
2024104642,56242,14.907942388008369
2024104738,104004,98.57244104281301
2024112720,59043,42.63503594372858
2024124791,81403,85.82871720910121
2024136626,49432,69.73995717068209
2024154999,42655,53.49974725228476
2024156109,201521,6.4654420465186355
2024161101,54681,3.731354486524136
2024170905,65436,36.12260702655526
2024172033,13328,3.3178034183832996
2024175234,166598,57.50313831916118
2024175715,103840,45.26988469205997
2024177938,31473,97.34486848147525
2024193565,45657,4.134553792881877
2010012362,137159,53.37004372186136
2010017878,145769,47.3763428382314
2010020509,90000,15.827548174500436
2010034191,276393,6.0893902317347965
2010040683,148271,21.02760006897557
2010067558,17576,5.182230415845067
2010080751,135789,43.809779676625915
2010091248,82892,33.29151422692202
2010094159,261461,3.052152165058141
2010124442,218629,62.755077142593485
2010143846,31039,1.018678166175271
2010145947,126308,91.85138607570552
2010166555,187768,8.143847652443089
2010184760,126308,62.37566406625067
2011001776,188002,78.07861032606164
2011002186,8613,13.418432273933211
2011002749,38404,5.989216973930292
2011008465,145769,15.513801240126481
2011009231,69366,3.961194240295634
2011013246,214829,1.3308180380848016
2011016831,218629,73.23432853855478
2011033460,83345,2.217957147654204
2011049961,133292,10.725423190393212
2011064037,115820,7.594716301677177
2011076709,266812,2.492121787729112
2011098616,90009,14.670253245110802
2011098815,124051,93.9629664931751
2011129735,83076,10.628692433377774
2011174580,117769,15.482176213570959
2011191011,70257,28.84300931048983
2011196722,135790,8.962471523502204
2012056175,147282,6.951054623026299
2012072760,138045,26.79821829068878
2012102145,182785,30.936637625428954
2012107127,85991,10.942603396285168
2012140178,137011,3.665457361143302
2012146294,114182,24.59759016512658
2012167191,127015,9.534956909899199
2012173386,138802,36.7659886459832
2012175310,162939,5.68981723242104
2012184564,89996,73.06971457448266
2012204325,266812,3.9714634232736445
2012216048,90003,10.703528781240777
2012218808,138785,19.048757448778286
2013011311,138982,78.52934004866351
2013011932,138046,11.584836563771253
2013012732,114196,39.9531815027714
2013043795,119693,7.904281541395328
2013082673,119516,22.002067633091695
2013091068,216305,13.720982563491557
2013091435,136923,8.255050657674461
2013094616,17044,19.357303040693957
2013107645,16828,7.964459349346339
2013120148,136934,7.066613490785903
2013180279,188002,77.95372608223077
2013185827,135964,32.13288011835614
2013210101,117771,78.66419353514047
2013210139,235465,8.547114356489729
2014007298,136905,11.167173273858321
2014011723,139399,12.53774087353019
2014026002,66795,13.398237781396547
2014031628,115717,7.668394699298419
2014051949,152498,9.094445312789478
2014076639,126308,33.440920551203675
2014083808,138712,43.87616023439347
2014097117,228593,26.191278586158997
2014124046,17689,16.1352738422563
2014154741,89498,80.83221471344088
2014179609,87299,30.40714190584828
2014187932,17613,54.13032194621021
2014209117,180193,56.57889686758082
2014209443,73134,14.211484845497436
2014214500,90003,11.844066883171962
2014217817,126995,26.426375223489664
2015009108,31000,79.77497245781299
2015015286,70261,24.78290550764611
2015022981,90018,14.068228114015563
2015023842,182440,21.39903321539185
2015023986,110741,10.082721044488656
2015026075,17689,15.46845222094002
2015040564,90018,17.62999127513258
2015041158,185443,1.5970616347727788
2015055022,83345,17.796151139176555
2015058135,127012,15.878975607371467
2015059565,95254,87.23375573012783
2015084615,54169,4.036698276787194
2015093771,276393,8.145026656727033
2015107865,138982,46.353283435827244
2015111123,242682,4.329842761335276
2015119556,13848,37.72005412803792
2015138340,114197,22.9382752350747
2015139730,55552,11.133999725323264
2015146782,58198,4.3214983992190925
2015163407,33685,6.52280939956947
2015173997,69366,9.42175206165314
2015188568,60416,3.3170090125965137
2015193266,136923,5.115834775880358
2015198584,33685,80.61752453793275
2015202771,58198,2.5722818672191843
2015212195,187768,14.391858588143396
2015215478,138041,5.573682650889195
2016013202,95118,40.377001183312565
2016024949,190752,9.354965028027646
2016039519,136923,1.201306561536497
2016046329,129987,6.052130961400208
2016050398,92710,82.28837489779282
2016068153,58198,9.999932276206446
2016068567,17576,11.175754467692414
2016069319,266350,70.01593488940901
2016079372,170827,5.20111069134694
2016084222,63631,6.048555350769121
2016100752,136378,36.933550787348175
2016126266,136934,14.15784164111364
2016130630,218629,42.09883474603457
2016134727,21809,16.47221700173982
2016141747,135917,40.59360352615843
2016146526,8335,6.802489066711226
2016152592,69366,4.753749273314749
2016162899,266350,83.30852059806034
2016170338,137056,30.803414204609634
2016190630,54166,3.8326354982988815
2016194054,138986,5.879959047434733
2016196051,138359,0.46323023489114146
2016196477,127015,3.4621649261560026
2016196626,38958,44.78175950891963
2016206025,91147,9.100567667567587
2016208306,126361,13.908673553098208
2016211031,87300,31.389798150612858
2017000850,211379,4.907565699628192
2017001591,93847,15.811750845118624
2017017026,139017,12.11224452001914
2017017098,133815,19.73880800403072
2017025394,116148,9.502275511689264
2017026148,133329,4.467145125565895
2017028657,54154,8.402390156250565
2017040219,276393,13.15321878866368
2017052752,205981,16.43327035630173
2017071828,161769,18.796789833648283
2017076386,30677,78.5144053259424
2017077409,263239,32.18177387206271
2017083021,127015,5.606553680306913
2017112062,126364,12.234185425191082
2017124810,89498,41.9538758525276
2017167623,138991,50.9144031711416
2017173256,66002,8.950091643448618
2017173703,258831,52.17171577298008
2017175493,125135,18.17413611698596
2017177398,117771,99.1132137811896
2017177989,83136,18.8023427784485
2017178931,85561,4.567406460776587
2017181615,133383,4.331414681771002
2017193821,266350,19.18431283302878
2017202696,90003,4.281487390798554
2017203251,254430,3.5706155030700257
2017211760,70260,6.403488192804885
2017213964,115750,10.729380317950524
2018003926,44093,12.534235615489846
2018012981,83820,9.15540151641816
2018023375,117771,61.3892577569931
2018024876,137476,14.48227538527564
2018025685,98204,12.502575251043293
2018031220,95219,10.084320683291589
2018044483,17689,8.28079269118729
2018048872,87300,23.129834684142395
2018052888,31044,89.7942621351313
2018057778,276393,13.240071584522415
2018074264,245792,37.79633570681481
2018078689,132531,7.538398603993057
2018089545,174212,9.752592912184525
2018098603,116148,4.406352228644579
2018105816,196956,13.403297179142152
2018110517,39041,33.503754239993356
2018115068,71451,7.5838353801604095
2018126617,85991,5.486526454217542
2018128545,135879,20.50476482012938
2018130711,133745,33.8604167902707
2018134976,138986,7.511083707589472
2018136381,91111,23.11088561833548
2018140391,39039,13.37239853340697
2018146444,66795,14.9514252250961
2018162226,133657,63.606755060267076
2018188274,161769,11.616869676628886
2018198571,98204,22.21902197811025
2019008797,162939,2.5351517669565613
2019012385,115759,19.13019074745086
2019020930,54154,12.801851991569203
2019044341,95255,8.168598649370637
2019056949,65529,41.120730577710184
2019060681,89996,4.096299050601903
2019063599,11244,71.82291464026254
2019065469,115828,16.950520471905033
2019073394,135737,61.8005430762217
2019083169,30792,10.55516913536347
2019094175,126296,14.431721591235112
2019095546,90009,1.6762876762899792
2019100293,115820,15.77382605727087
2019113981,92716,81.21085850812365
2019119696,187768,83.30609536064959
2019153100,135917,95.506476834201
2019153395,136222,45.9615603646059
2019159483,182785,6.618598983991105
2019167155,254430,4.915853722966215
2019168240,31000,70.73464610742667
2019196608,187017,2.935854175279049
2020008518,125874,9.997866986795065
2020011432,138046,10.812632732331881
2020014923,54166,4.079877987351026
2020037950,138991,10.055636940409633
2020047990,125874,10.313200208530453
2020079043,138032,17.75240704149763
2020097042,137159,19.87211901992149
2020114630,17613,8.895047974759308
2020122585,127445,99.5207721170824
2020125402,135995,40.52253809619307
2020166989,54167,61.23953817722644
2020189480,138785,86.81169812046895
2020208848,133815,19.69140048249983
2020209003,265157,47.426744537401476
2021011475,162939,2.9291043207386194
2021052591,85561,16.175744556627034
2021082041,121430,7.121053233989161
2021092506,157626,7.3073581074968175
2021124943,72271,21.694746691022043
2021126321,22614,8.474612528287317
2021170055,222341,37.05252901111734
2021170634,30792,6.680113630502833
2021185747,266812,18.356167265323776
2022003204,113958,6.592382793802241
2022006841,117577,6.685274440231169
2022079571,129768,4.129252248498563
2022099555,161769,6.957194942974937
2022103977,90011,7.158183241725666
2022114210,68121,14.14736233556574
2022141880,161769,2.802957836363069
2022149171,125961,37.25913745114763
2022151695,72880,4.415184027748643
2022166268,163256,6.069582305396292
2022189793,98200,11.773682044131064
2022193376,137137,27.58801049774045
2022194665,131012,1.020606478208624
2023002588,5145,47.17283479992356
2023009330,117965,2.352100306797474
2023012210,92710,3.5498290897153013
2023015634,114182,1.0405939957818489
2023020330,165877,9.438855512099716
2023026381,135743,53.04620551747902
2023041804,278657,1.8570386164387311
2023046068,138982,1.1332666148447137
2023074683,126995,47.671203834542816
2023086047,85561,15.432632230306162
2023114957,274467,10.795604684855746
2023180615,133953,2.2808221101393684
2024005708,69753,2.0478587974778275
2024021012,92716,2.6568659817703257
2024024582,133745,42.10804110024732
2024034833,274467,7.351338128831554
2024037592,92716,3.721674485507731
2024053575,137159,58.951001100493094
2024056920,46385,2.7780846130335024
2024057756,254430,2.7193820336152594
2024081551,139398,66.98063729105003
2024083220,126361,58.326605132262394
2024103738,5145,2.281551848147798
2024104133,90011,3.9390852028465164
2024123947,136142,7.6996437732637055
2024126807,94668,96.15048910197525
2024142090,138785,83.9976291547861
2024145563,138785,91.65620991090789
2024148576,112883,4.431769997642683
2024195829,137159,56.32148161115812
2010004308,62659,9.660482360262822
2010036721,39171,8.060049552600951
2010062924,114122,12.194231179341278
2010064241,112067,14.540864522656069
2010095557,72336,6.375525200856394
2010107206,197284,46.535112166486456
2010109106,164112,19.1138425966401
2010116877,167796,68.9032017994171
2010119092,109845,57.20848978748975
2010119633,38629,10.242670045161692
2010133848,67819,6.473569233772238
2010135559,57529,32.66960124109255
2010146302,235540,7.260077380489803
2010160922,118322,2.88897603443245
2010162988,96058,70.21770332320958
2010177160,39878,77.69087648444781
2010204171,164695,48.20763720130504
2010204813,38051,70.96442080688698
2010216090,280564,18.346895363255694
2010216296,120952,7.800709595194748
2010222129,120958,83.30140847231031
2011010199,115410,11.649164594730802
2011014042,147675,15.246005638199042
2011030334,116551,79.46990768180635
2011057396,281704,34.104056120229096
2011064162,53028,3.866165366591618
2011070658,118487,5.9681568200264605
2011071897,224237,68.23683327845428
2011072766,112546,39.21529580282342
2011073384,115208,11.445355526797348
2011079304,67311,28.15706974008806
2011086398,120948,46.736290255512024
2011089794,175378,7.509676265606308
2011094652,149123,15.636603267502446
2011097816,82960,23.66206662907213
2011100723,139486,65.31456052870625
2011101828,114300,5.443578477028025
2011107271,57529,17.764903256794874
2011107372,253722,10.191666629043503
2011108107,226184,9.653782369306361
2011110429,68036,3.14757508831438
2011115373,195527,18.490769214488317
2011119765,280564,39.718113985670534
2011119862,89273,52.92736210395429
2011122444,119709,73.39826015460443
2011128048,181322,10.27809071970423
2011131647,22012,5.7060460530317005
2011143199,118487,4.312940106873017
2011162188,95610,53.816939626492946
2011167009,87107,23.04762709492558
2011189875,35223,34.268080127092354
2011198385,17741,44.06551894105887
2011207012,39194,1.6951018669539721
2011209558,40995,44.27108400460564
2011211068,120866,5.06669088765094
2011217983,39128,69.83787178609114
2011220254,41483,11.703035430638643
2011221394,188322,3.4822146324793826
2012009115,120380,37.97650042004192
2012009591,27649,3.941033046307854
2012021835,148846,5.7729311903961555
2012045626,115411,9.98632790798504
2012048299,120064,52.201895805640184
2012060083,136376,28.865490915916805
2012063282,96580,12.373641538208386
2012080739,120239,75.26711532153855
2012083860,116295,67.48746689005645
2012100813,53029,63.92300218560635
2012109866,92129,11.38832528604827
2012117280,67833,41.773014543664495
2012122935,167456,10.777514261305196
2012132609,33779,23.83353535691883
2012141579,120958,56.63646467322429
2012141987,75267,2.2454272966896167
2012157868,63437,14.761394695761766
2012165347,59815,16.1410417337905
2012168913,119709,21.857256580086922
2012180221,112067,19.936511966718857
2012185824,115207,49.717633087059184
2012198510,90036,25.356142830033942
2012222173,37644,38.95796399264179
2013001339,138766,8.118141827201665
2013005337,188225,23.872897539792568
2013006743,19168,19.70223641106399
2013008223,121096,16.362611870744086
2013023145,91958,49.81858335708944
2013027212,114116,32.80630245879687
2013030431,90505,5.135226068001659
2013034456,190106,3.9668096556877566
2013035596,188322,5.0272756078241105
2013036772,89273,17.148922204681494
2013045842,16162,63.734750846334954
2013055694,64368,51.78464919906483
2013068550,120949,7.636611138229261
2013069752,239586,8.981101949548496
2013075463,136376,61.58394264224048
2013080372,123428,23.86453427993633
2013081923,120380,88.00036093690807
2013094313,265741,9.528440177252675
2013097651,54493,1.722328847379009
2013100907,116032,10.189732137318927
2013111096,123670,23.818903380513525
2013114183,116318,25.504402613530345
2013126388,42631,52.61463662449052
2013127885,89655,75.7095092494403
2013128050,95611,16.616496664378374
2013143506,67825,11.416211690199068
2013153809,191761,22.99578494477841
2013159038,119709,28.557326930721178
2013169799,63437,12.056106768343968
2013176329,143335,9.247878136436974
2013177995,120064,23.10851960502754
2013178063,167894,68.072217037872
2013194082,96075,17.14491824206493
2013195334,148343,12.542929528972001
2013204941,214015,86.05774244721454
2014012983,109845,50.096505641473065
2014013214,89683,9.795058456587334
2014021683,112151,7.1659252186853415
2014022185,91958,65.5308847832036
2014031942,235540,17.43617872292523
2014050135,86250,5.512540625835926
2014050838,37898,4.045986833188652
2014067543,188092,39.423450385039764
2014068680,100631,16.462523239518084
2014075681,95611,19.751853380148333
2014084177,39120,9.046711813400336
2014112556,109845,53.29501211063498
2014117955,67406,7.2101926422394
2014122971,110870,23.565607374026875
2014128330,214010,24.501308880016737
2014129483,95971,13.853842877432369
2014145204,119934,41.321454687451954
2014149455,282272,6.4230031040963995
2014153648,67849,25.710385179635665
2014178592,115939,4.915162025487049
2014180469,68008,14.477460003665731
2014182450,112067,18.61043657511
2014184672,139310,11.791895773568655
2014193364,27649,9.13696944709121
2014194529,109908,17.280526590590338
2014200532,67257,5.109216210440966
2014202469,35456,5.748539186568301
2014207039,152876,38.092747494893445
2014214205,109908,4.932648159912693
2014222722,33803,93.16248922911187
2015002733,176421,25.585851428960922
2015003406,167894,4.10521089821154
2015004261,228364,2.786137487440353
2015006676,53854,57.113965307309805
2015012433,43289,3.053680326176804
2015012887,35223,22.48118231614156
2015013234,190106,15.573697511055094
2015015374,164112,10.51395605537718
2015018743,38651,24.99851523375977
2015018813,92080,13.460754557693958
2015029853,139486,12.004183352029184
2015044574,72336,40.64633068017322
2015049381,39194,25.06321549971666
2015067812,188228,5.212915621993127
2015070984,89683,60.76030094836665
2015073524,214015,60.53835422019778
2015078206,17741,40.235720504890836
2015083346,95822,5.305629144216052
2015084159,107209,20.12519293897276
2015087310,67402,16.33100784746427
2015091412,112014,10.700832984472894
2015110197,112067,17.312126378647843
2015116232,23712,39.497667238999924
2015153942,164112,16.352768096968674
2015154004,120887,46.74836039931937
2015155608,226184,25.721798260798657
2015160698,48289,20.362394871178722
2015163849,114017,57.309007436767324
2015178475,152909,9.948102339591873
2015179908,115940,85.87126089892274
2015185464,119649,8.966127656702078
2015187327,120958,86.06819298120547
2015187742,171103,7.57741642252673
2015187856,247936,6.395477112386359
2015210717,35456,25.2193635113733
2015223991,112067,16.46120153990017
2015224507,116295,96.37662928510446
2015226410,110137,68.64460143896034
2015227368,119649,6.882168305623029
2016005167,38817,7.055158624034107
2016009109,277163,4.9577859349142575
2016025121,83284,74.18306229942036
2016025164,38410,42.11354319384814
2016034065,120380,80.97522784641706
2016049749,119506,6.919932360050871
2016057542,16299,39.79798124960428
2016063244,92122,81.69908017763352
2016077957,167894,7.800559211922595
2016078670,181524,8.977776515849376
2016080563,53854,51.776478642663726
2016081152,116318,10.101420029027317
2016084906,173623,25.55397287868175
2016085390,189028,56.051871385214156
2016085958,271627,10.447041717413477
2016090493,239586,6.7954594294219195
2016099578,129595,73.19708489506208
2016105553,92762,77.49848140363146
2016108608,35223,96.35168469478741
2016110931,191761,33.428217158749256
2016114967,64211,4.75160071508341
2016118722,73181,35.641246941064246
2016135452,96058,6.78327219937855
2016141826,63437,13.257087086444349
2016143996,83907,26.07899113749468
2016146957,43344,15.21522712414437
2016152610,121804,23.31355234894592
2016167151,112014,21.471099517607122
2016168486,164695,3.8314111310843684
2016169455,112067,18.246712365875037
2016187115,89651,24.918422128101327
2016191496,39194,38.774334221331536
2016199286,208725,3.926518343541422
2016208726,48289,18.261535660463124
2017008573,82960,39.09086553898136
2017022040,119977,38.514012554284385
2017025226,121266,54.81812039327875
2017026462,83759,16.469975850309904
2017031041,38635,14.19325606287411
2017055351,39171,59.77856020583419
2017058259,38051,57.301430823893476
2017060717,38811,8.530567296947437
2017060754,139486,65.83456201837728
2017069538,53855,9.865577009091316
2017072462,35223,73.39964022053182
2017082441,34580,23.109661527456794
2017083344,130826,12.710814414983854
2017103878,35223,40.82750225967344
2017113713,54492,20.411801025501084
2017123366,181322,6.958944559771234
2017125788,116295,97.45839661136083
2017130945,120082,19.079271985719902
2017132075,87135,56.95264308662377
2017133607,188248,22.278536981595334
2017153826,38629,16.708715241486946
2017154735,188120,11.299732418087812
2017162115,152909,57.47926981807692
2017165969,95971,17.978349874794894
2017170162,120956,57.82855199016594
2017178966,112546,62.79757058113394
2017180062,38822,16.80188717131699
2017192645,120380,19.199139463170013
2017192800,68239,63.97936135878416
2017199535,88060,7.885491421194497
2017212783,118487,12.93008402737098
2018016562,39129,77.37953484234046
2018019841,280564,12.016572189893964
2018020935,245962,4.016415304726041
2018021889,120380,32.202426218762525
2018025366,68016,0.6128953028972881
2018028512,109845,12.197417943322687
2018036667,16307,8.89565387663178
2018039557,38046,10.014607215614316
2018046792,115207,66.13609571610235
2018066702,116323,9.169631016551367
2018073215,143335,14.273606542584442
2018077232,34580,95.61003599517193
2018086947,95611,10.15551568431067
2018091995,120115,7.793522064584921
2018100020,67311,27.126730408173316
2018117079,110011,54.33799708045461
2018136886,109937,55.17001897927645
2018137509,114300,10.670551795048247
2018143546,83284,85.9273808910933
2018150585,120381,10.777718258371797
2018163418,265444,21.77522491200227
2018173799,109984,94.81075236653459
2018184424,127942,2.3269650954543013
2018190916,16299,3.0009768443805056
2018200870,120064,6.384634676767356
2018209624,120866,10.10575760185167
2018212030,35223,89.69159003237131
2018216403,220758,7.2281685554118775
2019004135,39194,51.30610880619596
2019008415,72995,29.978260829516763
2019011973,49262,8.138754260861175
2019015392,115410,9.70420045008864
2019030511,109984,89.72165485545443
2019035658,150912,8.857497486388397
2019040441,121096,15.549786085556843
2019044824,66365,1.6808996871508015
2019046130,53064,3.4494964943064743
2019057191,39878,2.6514010049276804
2019064905,109984,97.92076986818904
2019075040,119034,7.641859129153071
2019076174,83030,16.43561910558231
2019089451,120868,3.679744834611611
2019093940,92131,44.112863849140204
2019094438,92739,12.154874705334048
2019107208,164695,8.411187963912958
2019112248,120378,12.101050071069587
2019112925,107209,3.7792935543547923
2019124635,109984,98.78107964931549
2019127578,33771,13.9097147329225
2019136043,92129,55.21283965213891
2019139615,109984,99.86359485241925
2019156118,38640,27.309560885473374
2019179026,63631,37.26698238556127
2019187590,164695,0.2646787580510209
2019190426,242054,51.23944993330403
2019194566,112546,38.24627808747121
2019208005,38817,9.076132334070348
2019224647,215569,5.524702169051541
2020001264,253722,7.250207408552055
2020006467,65954,34.41461573878077
2020006649,120070,11.18486993513404
2020012311,39194,45.82483343318994
2020015019,89498,41.590870440458815
2020025723,25322,27.6815211480897
2020027295,116299,71.62909072564247
2020028187,96161,2.251722046453892
2020032506,132002,68.21859758957324
2020032823,171103,4.329644123419514
2020056446,253722,7.259343194318689
2020065111,120952,12.727175002180935
2020076096,87134,22.93016043153127
2020098887,16306,18.69470908750244
2020100875,235540,7.434970536492773
2020107650,53028,71.93599616017262
2020108191,214015,75.67242670769939
2020112337,110011,2.337014475359315
2020116153,145710,27.135082303468064
2020133020,72336,8.30565269687786
2020161560,209618,13.793359882846937
2020168458,116295,81.12393744271127
2020172924,25322,79.1222398128786
2020173207,41483,20.449953257393503
2020174950,152909,11.778088346722292
2021000422,90499,2.1547599110536004
2021003017,158185,7.100274936958063
2021013641,35223,97.4657257661556
2021016191,39171,9.952018281171396
2021019290,116299,66.40636115549778
2021040136,120952,36.697151835509544
2021046943,96661,43.06708392300585
2021047678,57529,26.046831603330126
2021055769,116354,8.456298719957474
2021069910,37569,6.807638155970503
2021076650,91346,0.737203522328276
2021086730,145710,19.390739408165114
2021096711,139872,1.8498436402405047
2021130916,147675,14.290913094667417
2021150413,37187,11.17259279509408
2021174361,120380,6.317258387108137
2021185347,145710,23.319881451476068
2021196037,188119,4.240621084752022
2021202248,120342,0.3459493983929735
2022016860,121068,45.67913647374223
2022020365,188237,23.651733934867977
2022026016,16301,97.43927961184943
2022056143,109984,89.9467558914178
2022057366,121068,12.348529489417992
2022061893,67400,5.745680234548243
2022081935,79866,3.1959400392157713
2022091607,121132,2.0766139336765086
2022100638,116323,21.7435925833487
2022111310,43289,33.63819162111968
2022112706,120787,15.599394745100517
2022118312,37905,6.101233153514335
2022118522,120958,9.843108260461563
2022127135,38050,20.14482005086886
2022129732,79203,38.79140763447348
2022148872,152909,16.176575798751998
2022151235,14811,8.013745359190656
2022174898,39129,47.04558852507138
2022176217,92953,61.07554677325672
2022186941,36239,1.574113619828105
2023015269,110833,5.943033529847108
2023015504,92121,4.680530021570125
2023024173,118487,13.515284994555667
2023036564,53854,57.78016697093264
2023048022,139452,21.221246335672284
2023052623,38788,10.976320872877375
2023054090,120792,51.720593017095226
2023061275,109984,96.17556029166111
2023067434,38046,7.855155152761487
2023077714,109984,28.14947095150537
2023089026,39120,2.6780575798187427
2023091160,18448,6.101923917447875
2023093517,121072,4.24154222988738
2023117382,31296,7.461360067027642
2023123966,54495,6.6414882552489365
2023125307,31296,8.043513983058642
2023126576,31296,2.519672841808992
2023140927,33768,14.54554925964935
2023148833,87106,7.3003092154630895
2023154616,258240,4.4150209215995675
2023157187,119527,6.384098749052155
2023176949,39194,49.98708074216854
2023196667,91346,11.92284821484744
2024008539,123592,7.921341115979897
2024018932,110870,11.674550902528061
2024023486,112015,34.80033179284989
2024047241,35223,21.3596330234196
2024051124,110709,8.667040897080676
2024056108,19194,10.727974203670593
2024057108,203366,2.0775154415315376
2024081911,119647,7.308478198763194
2024122494,123428,10.875911664220542
2024136700,83284,78.66210645973372
2024141150,259306,6.126701793915403
2024154829,35375,35.82678661890963
2024172429,92131,58.978617987567276
2024187773,33803,54.251631255921154
2010047470,119998,19.170354424510762
2010053885,43301,4.181381040741165
2010073151,55062,15.438760086073549
2010077740,265970,8.601387259701717
2010092214,101256,11.286047996587463
2010096084,56727,40.160752998479694
2010114545,241789,25.346248550802162
2010122073,198660,16.10492460479177
2010142362,36330,24.185034167997397
2010151658,36145,6.51028414168716
2010216719,110435,13.98341492033155
2011005886,130553,51.80500960093017
2011011371,174571,41.427382342250404
2011014186,24437,41.97751626350605
2011020509,91749,24.747394388722537
2011041915,77920,9.353179896186269
2011051073,94769,12.157540306702739
2011083593,120290,19.111161695751267
2011086327,189278,53.12600074061354
2011089203,204276,9.015355987019339
2011102730,194117,70.825559974915
2011126784,214386,83.50608213617565
2011133759,193645,97.92262492885747
2011147810,92179,17.217454256469235
2011158710,253481,0.9527330509407517
2011181629,32124,14.183207756480936
2011184018,193631,1.0994656803300118
2011188637,143480,52.95066654890485
2011193558,132964,27.335946191745325
2011203982,60597,16.97461306425693
2011220800,79520,46.72895997986735
2012007596,120728,59.269109594263355
2012033881,10151,4.141990992320173
2012038623,16946,29.27150513635002
2012044048,176059,25.217960130189027
2012052445,79520,36.00532173507513
2012073454,192505,6.169429828591674
2012080345,90836,34.77292360648199
2012090079,230570,8.750942006108051
2012097873,189289,11.125815078634622
2012102648,195094,51.425265420501525
2012169524,93819,51.941200530958014
2012197443,116159,71.28792258184976
2013002578,55478,22.35136957048885
2013010695,94381,6.3909956733435545
2013030929,120365,23.27625156123638
2013062767,275737,6.585859553847335
2013068624,79505,74.23306229568848
2013077963,112688,90.53141773428605
2013081418,108467,12.135222304990709
2013092264,194086,10.457015186005249
2013122356,114500,76.11159827738855
2013128054,267214,37.5119544578858
2013158293,138785,11.161440688207856
2013171712,61344,15.762668531003358
2013173658,79505,27.966713485718163
2013190064,194133,8.85923773722563
2013194066,93796,7.270757759444912
2013202991,103242,3.525726116971467
2014004049,36145,7.698480159530823
2014014123,150041,8.926912629839876
2014014804,194043,19.382479814586386
2014028328,193743,38.886463713032946
2014039672,191210,29.118849759922327
2014061346,42460,8.343556601309931
2014102202,96473,13.976469982986739
2014102531,181019,42.92204608757955
2014109079,95852,6.355025625616351
2014144712,123702,16.972049252137314
2014146409,191149,28.263532315361196
2014160922,30900,96.12560021157606
2014173922,114630,4.1753794486871465
2014214064,29935,66.47866820292013
2014219858,239407,37.24172074108562
2015003181,120365,45.779206955014175
2015008402,12832,22.18181562241064
2015024166,120029,26.115145904092078
2015030371,93085,59.528440004131944
2015049707,195595,97.31446195768365
2015058192,94379,47.94744207120678
2015065310,73171,46.83756226527673
2015067953,193388,97.950380487382
2015073750,15954,5.365151222468281
2015076865,30507,74.06484790487842
2015079227,163423,94.05978282796127
2015102836,33548,10.917989453348204
2015114749,279373,11.331977506847787
2015115671,80704,56.10931347886275
2015131584,108468,67.50890417094448
2015140547,120509,9.218029142130373
2015144742,39078,39.96758166459222
2015156768,114228,63.06386863157777
2015174886,101001,81.61733577035581
2015179126,79414,24.44725822002354
2015180395,94379,56.91919884123401
2015195300,108253,23.70825309297593
2015219390,80704,47.62021665000169
2015222944,119956,64.5311561072922
2016001546,273137,2.8669244252941537
2016008438,95852,6.078535745909093
2016014918,108468,86.7015553760938
2016017953,79520,46.35834047695642
2016024529,108341,8.37499694878096
2016028755,96061,6.686906018078022
2016028839,256695,77.77434806217059
2016060751,91953,44.63260413463668
2016061863,137623,60.09270259746132
2016064909,266530,7.855546637179155
2016072363,15974,79.45635175077068
2016075801,176059,17.92511241231758
2016077731,80704,56.95982611382685
2016111052,108073,6.774107006747844
2016115625,93060,11.497985072385363
2016116531,74934,48.76946013269355
2016155674,253481,8.989220153161536
2016164649,30507,67.38655278654699
2016169457,119923,78.42098405052992
2016181481,80704,49.008679636898414
2016190562,139398,28.06308245956234
2016200218,92900,24.298530164630424
2016213434,186176,5.2963682494308255
2017004355,195037,69.87938770151727
2017006728,58263,1.3713575296880594
2017013903,101012,15.99749244428677
2017018166,16766,16.708606969961956
2017020440,100990,13.970880803062942
2017025025,15893,17.26749790536018
2017025383,192536,2.0125396798545014
2017028703,115262,89.06997654774733
2017029753,7351,93.85683440321891
2017030095,174864,3.98561365402737
2017031141,194716,61.218283397924615
2017032897,69396,68.230046254919
2017043479,80704,59.66259025373594
2017049491,142872,11.792588537083038
2017052444,91757,16.31497723691709
2017053783,74934,10.261704715248163
2017074997,69014,20.89181568715398
2017085411,120074,40.09859458552541
2017094365,119930,16.1508013973126
2017101213,209808,5.768290123985193
2017102644,195094,59.62720828852351
2017103948,91267,3.6787465274988227
2017107515,57868,2.181433137894531
2017108527,80323,9.905255145876627
2017110904,73312,58.48695577591958
2017113184,90964,78.2924210210844
2017115926,260141,35.28991376392166
2017117826,244492,1.8269393393899236
2017120017,31324,29.856535707543497
2017120730,60597,25.363737476143058
2017124276,77920,28.910130748577412
2017138308,73589,12.021421750249463
2017170785,131219,37.27748944354912
2017180130,120520,1.5554145067242862
2017183383,91674,4.268851236535439
2017191337,114146,57.559628798013044
2017205752,91775,31.963967893666304
2017206101,91775,39.4391220866062
2017209625,31905,30.991960891555568
2017210167,163393,10.705260175775484
2018001405,17024,3.138507601847809
2018012431,195855,6.523738718251994
2018012686,43301,3.4528364112065706
2018014030,120074,36.89162317084809
2018025695,115179,58.459947248870925
2018039656,195094,49.909273093144066
2018041561,119930,12.698483747651373
2018061735,97482,32.317606100058605
2018063701,168487,15.468528531083061
2018073083,190783,17.184288289314868
2018078216,19019,5.870101829076128
2018085005,93059,9.773012790527163
2018110923,112688,2.1914452496536705
2018111705,80704,70.57333093915624
2018128425,188815,5.989967104051001
2018143105,181019,61.915579197287954
2018150931,174343,80.47680280992762
2018154992,116160,84.20868481439915
2018158152,12931,19.002593719224805
2018159124,111683,47.44450702012815
2018159789,221626,7.994659908930586
2018197477,99733,11.940982468522302
2018198662,94379,57.107633513343735
2018205211,193901,10.134997516464683
2019001302,15871,5.388131601965026
2019003607,115800,20.608200744456514
2019009167,169518,11.63179112222911
2019010747,192481,6.49863586530862
2019011562,20011,17.240405686082724
2019012007,114152,73.14550810697456
2019058474,79520,36.00532173507513
2019058648,102424,47.54990016243711
2019059804,115139,53.72248787698481
2019079105,183657,11.09146670429211
2019081740,94362,3.1956771390470418
2019097579,189306,94.35140618135247
2019109376,195094,27.097334535316907
2019114549,161535,6.597273964040759
2019122834,93796,56.59802672900452
2019125896,80704,18.41856282529166
2019126864,91775,44.49713276421975
2019127917,153303,29.568234207203513
2019129000,185998,5.779380042933415
2019168413,30900,21.696332613606803
2019176141,19019,16.988616098939513
2019189714,60597,34.75694312515527
2020003425,185980,81.47518344923
2020016476,96472,11.1156999632781
2020043696,94379,52.180361286421615
2020047175,194382,81.44919127125037
2020076699,188091,8.437343633516932
2020094719,195284,10.421934018953493
2020099918,282244,3.647040505039715
2020143066,256695,8.654742570994078
2020146874,16769,19.129820145499366
2020153782,93796,27.10679826546957
2020155501,69900,31.599157081526883
2020159118,62804,2.4547619296301577
2020166095,144181,62.062076173409466
2020169907,191093,9.329878918083107
2020188116,29935,70.20733058548527
2020198958,91757,15.592502807436924
2021046132,195341,8.522592807395485
2021056875,16767,9.87504345135254
2021087015,108414,20.04990540263121
2021129972,31412,11.947092030889582
2021136164,183505,5.90089623767204
2021148803,163291,7.397337211646102
2021154626,195394,13.913286618964861
2021156700,271196,24.94134332087884
2021186570,19019,7.062345306186702
2021200805,264746,7.877932581420186
2022012178,195030,41.982314730428975
2022018613,28889,4.573266816934263
2022029705,191210,6.282889061802967
2022038103,79414,54.03925498297937
2022049113,195155,1.9502941897875536
2022084035,227398,19.65288644974182
2022130499,191831,6.572832104167566
2022150265,189289,23.366433644161337
2022150801,5205,3.4053779823665256
2022170097,91730,6.568801360964272
2022188433,1543,2.7574889103605935
2022189948,91267,7.114906396700273
2022190684,37516,28.750714609804675
2022191567,174405,5.937004724478049
2022192212,178004,4.449206552912426
2023023397,112573,3.9042457173089957
2023031906,90964,87.30812873481685
2023036106,111382,17.507742731473407
2023104211,15893,18.35377351686597
2023109645,192657,28.69687408975854
2023116150,89007,5.505725547697467
2023127890,94762,11.171603632454104
2023140036,229823,1.2349223231533861
2023166121,193994,4.290184168249838
2023166832,120005,17.720953197724814
2024026266,114148,55.97344810193643
2024041678,89449,3.6561005225236385
2024093281,195037,6.869804493168992
2024095725,31925,57.43376382485739
2024125599,260927,34.167239219554375
2024129618,176059,8.688411292289931
2024129850,190780,9.557157268436592
2024140417,119956,49.861511511780584
2024160905,70032,18.14980897601039
2024161374,99845,4.15949875109068
2024192086,37516,80.1472093084199
2024192946,194540,12.119714193294685
2010010852,199529,9.561460827228707
2010013738,23835,7.664707365881302
2010018863,275276,11.827891063131116
2010026542,132859,82.34604660695032
2010028011,7571,5.988378439519313
2010031728,202224,9.617382112978081
2010032041,205348,58.3544079416825
2010039398,92684,6.254059043540764
2010046688,57597,11.580499434136758
2010070652,205082,8.63631276569461
2010097981,205314,54.05296480260329
2010116484,166355,11.322016230657672
2010119480,34399,65.62864480160853
2010178124,111494,9.072494947237699
2010192015,131916,9.0842759819048
2010193938,122336,20.3465575157832
2010213911,183411,60.20619742395412
2011004673,131111,20.50469821312843
2011008261,96321,3.3341015064744326
2011029345,232298,14.675399778171672
2011049420,74417,90.92050372976047
2011115996,164471,17.602006993057095
2011119266,220892,45.78674012601257
2011122008,204817,19.950727956722996
2011127962,34406,33.89392448471675
2011131648,131205,44.071992470275895
2011132874,47238,73.79783512570633
2011152415,87667,83.94348875230358
2011172358,33414,14.743215883910077
2011180220,85700,14.623715973488489
2011180417,132794,54.646885033581384
2011199299,21393,15.493576270530596
2011203596,92684,16.729237719085933
2011205666,142533,43.96981247372292
2011212423,56770,11.636761683334825
2011213203,52934,20.14014350975845
2012002473,159206,60.754979982309386
2012018442,192484,3.9763208340465934
2012035635,195629,3.2007305197314966
2012051424,23816,18.620882937862227
2012065276,268443,1.809370981561439
2012085944,115952,15.511310905553167
2012087357,171680,6.1643700274661954
2012109271,57597,8.427227514142633
2012113025,180018,19.753977579667808
2012120327,202484,58.82360334565041
2012123988,193444,77.11651479580861
2012136327,111914,23.321978805397784
2012146162,117373,11.156207726841512
2012157872,214017,8.654970293720044
2012158505,204045,38.01572820772581
2012179555,43910,21.384061981499272
2012188836,204139,51.092204116534575
2012201090,132251,9.89026542706682
2012203151,203709,5.129536593326281
2012204286,217501,58.60461025200662
2013028415,270023,18.165753316317012
2013054165,203760,17.113036708224165
2013068912,164471,17.602006993057095
2013070668,130868,61.18214638913888
2013110270,18342,8.832821130474741
2013116630,203193,46.73204820501728
2013173016,17732,6.959592485834845
2013187090,66095,16.410720566536693
2013187183,132709,76.69500820420585
2013190409,146055,59.65560399449489
2013193812,47047,13.964939648192711
2014010539,180018,20.003366785528844
2014037075,204911,10.656125538725787
2014038322,131727,57.846631287369604
2014043776,204408,54.87353337172086
2014062399,122332,4.11080627366688
2014083681,130107,20.920142269697475
2014103568,132445,67.3714132931065
2014115273,131561,11.309407119682673
2014127695,84560,17.537808372013057
2014137524,177006,11.198199309170361
2014142505,279323,37.41193055859056
2014146411,202967,13.389957896838725
2014172729,201861,16.450155462956708
2014187635,87607,28.895391421549448
2014191557,124993,25.52946438183666
2014193093,130331,56.70701180064905
2014195565,11009,14.192763751818417
2014196228,193747,13.16703894494212
2014197123,239300,9.536348723319573
2014207407,146056,20.014543063846165
2014213858,130194,16.21663871083556
2015013187,67599,16.658197556441838
2015023344,204242,85.58214368668723
2015032906,202314,93.42236718114962
2015051354,42876,5.514848680317849
2015054788,233023,3.55334943708698
2015063717,187971,85.49247802345135
2015066979,85700,6.178196150937408
2015101507,90677,6.102628897903706
2015103075,51291,96.72996348631199
2015126756,8928,7.364609904652964
2015168559,202276,10.016040422093107
2015174699,139508,14.239529619930357
2015177394,76750,11.963070974108147
2015177875,175008,9.885501388974067
2015191752,91454,51.15726100423506
2015194290,130524,62.066730530266845
2015213456,241605,10.39370223996863
2015225097,130328,5.498570888493789
2015229542,134761,14.784629240517928
2016014694,143161,10.09818566905543
2016016246,21178,96.21619113506154
2016018295,59821,63.54683234037273
2016030716,202531,7.420879624338927
2016042322,219108,16.083981150438547
2016065157,203082,44.86905800065839
2016082631,21390,64.3798873631259
2016084437,223138,10.625108143918194
2016091347,121588,42.500318143005416
2016099234,21392,60.50755387187694
2016115230,241731,37.41475620502192
2016117627,131767,12.215872891163372
2016120144,202312,20.43640899011203
2016125278,21389,93.33787297847489
2016136563,205418,16.01235787229318
2016137649,119221,19.526550796860892
2016141273,16740,3.8566012818015434
2016148885,204911,6.043495945600233
2016157031,129880,58.70337102625041
2016182346,134529,8.184933081565074
2016191497,59672,0.7774302587447437
2016191802,96307,7.998927898235223
2016206223,117752,17.743311360430006
2016208971,203628,14.458616254218345
2016210411,131138,12.643898472192204
2016220264,120969,9.136061886071142
2017000682,205076,16.538592377139313
2017010440,219108,12.708445523491909
2017014708,203276,37.30807549263713
2017022110,189101,4.907823682769226
2017027391,121497,15.60330995341022
2017029739,132845,58.070751224575126
2017032142,130563,8.200794187433871
2017035703,84253,7.299784761270822
2017038493,204688,8.891177425367275
2017039776,202709,3.2590974851567607
2017042830,133169,70.87159819220219
2017052960,124990,99.27871373708537
2017059076,201416,40.92717713142975
2017060809,183414,28.985619082848242
2017062602,91920,11.413711208080253
2017072433,37412,9.301543869274305
2017079113,219776,44.68793338192267
2017083781,202873,21.90745440700194
2017091076,129773,77.6270433130089
2017101292,246263,7.776083987614942
2017103211,90057,16.705345133551404
2017113687,21393,39.10503945006567
2017118427,204431,1.1601845904543693
2017123750,84560,6.7705871788015966
2017149537,134667,83.60983028961253
2017188831,117752,18.25744919918411
2017189366,52586,65.43360097858509
2017195539,91920,19.99028948837169
2017198706,59676,5.136724504283654
2017201703,131982,56.29165454214883
2018005803,130287,6.4873930098814565
2018021831,238082,25.493353620863857
2018024840,90534,7.205748519036396
2018025513,1200,4.659249051292421
2018030553,20160,11.289803433167776
2018031395,269748,9.684489604023183
2018031407,196834,19.866331078587617
2018043492,156401,37.281338946375904
2018051703,41037,80.26511362665602
2018054775,144851,39.48367404309854
2018062456,29174,4.142414296594522
2018073613,25735,14.729105556406438
2018075828,202232,74.42039525113975
2018080028,30454,16.572219075146045
2018109015,131230,15.376011885139366
2018114330,121585,23.2566818485599
2018116385,203477,73.04625113227367
2018122443,129773,7.939654547992203
2018131055,232370,11.74865409749026
2018135806,202921,9.685659785075512
2018138121,156378,63.36489746193986
2018140420,121589,15.574679151246368
2018144799,203379,54.03669635263957
2018159527,221274,9.567630812032025
2018163922,204834,1.471308848960497
2018190877,180039,27.39360694306564
2018206722,228960,5.651842351684362
2018211168,147887,13.304818034785631
2019007048,223710,57.68826648153021
2019008050,205314,34.79257247979454
2019017623,161220,8.1987248839197
2019032870,37979,47.53639621893191
2019041949,16824,55.12027836714461
2019050032,96510,61.06750867214844
2019069466,187075,17.750399281177135
2019070278,223710,14.619697686809754
2019082312,131230,18.127332858921825
2019091776,280061,1.0152638893847585
2019093114,156944,6.75394968502229
2019095047,203931,7.43371254890117
2019099538,235862,12.402962189837913
2019100857,204247,92.32550640289764
2019117042,185333,59.3591170124527
2019118860,204784,71.99194235493778
2019140176,31280,58.33476076338387
2019147125,93832,5.815966726173212
2019148862,132031,38.32408231738952
2019168154,204133,5.095784730334158
2019178803,31059,7.760569588358059
2019194338,202132,53.84335400947285
2019195601,202243,91.68558887823679
2019196265,134761,3.980392267293926
2019211953,21392,27.756108661949867
2020000323,205317,38.22423442837926
2020001793,204404,8.300779717870741
2020004941,160934,5.65064018955101
2020032704,180033,12.021757281684222
2020040416,43910,13.217639948693781
2020044869,273684,4.8088033901328116
2020047808,205391,26.944025800863127
2020050910,91416,6.652293217132662
2020081804,132526,15.727889201877515
2020087168,199770,14.294198352208818
2020088780,131982,71.7851426855109
2020107285,203276,33.09544394303565
2020108681,112835,11.26648691609101
2020122037,187075,10.705838104066267
2020133122,15497,84.4869994510748
2020145963,125368,4.704202169500984
2020146688,95466,11.638372729830873
2020159991,203303,57.496472539087605
2020164070,189077,3.491006997753989
2020205182,204910,10.054764001413089
2021031408,205756,3.991624188619931
2021038617,236063,5.295509550383202
2021046713,228473,12.057620752796723
2021052030,203563,3.070051054185057
2021067352,204886,46.47293052988518
2021072525,204909,61.2030412395481
2021085956,156378,87.04582880656866
2021094601,180018,11.024366459946503
2021101274,41037,82.7468926695287
2021102742,202225,7.681037924158932
2021121283,202891,26.20645371008957
2021135982,137278,7.339925996376456
2021152746,121488,14.636067308363687
2021169212,31537,7.102668846050291
2021189501,273026,2.8934508726732107
2021190273,204763,11.370165780831854
2021200891,32530,4.18814003091189
2021202129,204604,76.03772053795701
2022014113,164471,15.284155465047407
2022034757,90677,5.024291686365735
2022035965,247442,85.77094135968457
2022040272,132199,56.82131153382596
2022040346,233289,6.570057642216216
2022051344,203573,42.6184857632077
2022053819,41032,74.74607973220397
2022097414,132689,3.897204772082535
2022108620,132526,2.4950719829996397
2022146151,42876,12.445994634401863
2022163177,202243,96.87797116002635
2022170691,202225,9.091535535164104
2022178730,203218,6.134994561281129
2022186421,130821,98.93061769692638
2022187087,202869,24.20673803619767
2023020241,57597,8.159557934230408
2023020313,133167,77.47205105277897
2023038223,202531,99.694863368243
2023042218,125717,5.242033924738148
2023051550,8928,4.199360455163474
2023055116,91920,11.048310460287535
2023055822,179557,9.066603991677272
2023082489,56622,63.70295484639501
2023095899,217501,5.092456540693727
2023098012,37278,11.505512339835601
2023103564,202893,4.1151558941353255
2023113962,91454,66.40658826862254
2023127713,153549,6.06329362569944
2023154164,121584,5.926686301418148
2023161136,203759,14.03842237626737
2023164757,214130,9.589616423295897
2023177701,156430,17.65802688322342
2023180999,90936,50.98472624314981
2023181285,202263,79.0049954751354
2023190487,191001,0.9298187878823067
2023192597,204839,18.80575886793451
2024034366,205101,59.80162135608673
2024041472,203929,5.340661809705101
2024044398,201451,7.749005519917583
2024054173,2478,67.07477200773015
2024060022,96510,55.4708141496222
2024073801,156427,13.401179881200624
2024076427,204206,8.452175983246585
2024089081,84418,7.443787423189941
2024090935,205789,2.6952303318346527
2024093053,85679,0.994209079329493
2024120676,54325,19.87272654864399
2024122887,85353,4.849501605267931
2024124140,204404,51.57198057306708
2024149419,130376,77.57367290183261
2024153794,129862,47.264085260544114
2024154069,278418,14.706089518197158
2024157512,34461,2.778703771572223
2024168087,34453,6.305169692418224
2024174146,134466,71.79147745140146
2024188533,236063,5.182869434642686
2010005553,161657,87.22689871503395
2010006148,16707,35.685449435252835
2010006275,141527,20.012080413724256
2010008756,195631,36.62999034452429
2010009310,84893,5.970223596273884
2010026365,11150,19.334322863759212
2010070690,72631,12.187979688254895
2010122716,96415,96.25458183635634
2010129233,123001,12.048810433876104
2010171521,204281,9.420897785048137
2010184595,123182,44.81843686793573
2010192124,60657,58.3861467036824
2010194104,230158,0.6437564080363525
2010214367,145308,21.770361879832368
2010220844,121620,11.96870764986171
2011010203,195704,34.19919573135666
2011023029,151181,11.272361371685914
2011053732,218020,4.8148612459879185
2011060614,117496,90.34169789736654
2011084426,162782,53.12078814894888
2011090489,197002,9.482056377278546
2011120946,17473,2.4057668145584463
2011124542,100669,46.40724858432148
2011145075,59558,13.967007471401827
2011160610,195994,39.59864815097624
2011167166,39345,68.52012428198414
2011167625,119423,10.994198936603736
2011172611,92724,16.417329933348437
2011187249,27202,24.521182202981244
2011200935,123541,47.29268944562733
2011211070,32838,18.00314902189826
2011217941,100366,4.624511811171506
2012002778,196095,34.66762590640775
2012005854,57990,36.657809911357745
2012018801,200170,81.4040251862627
2012040976,123400,18.455946693367395
2012047121,36179,5.559759711950476
2012053255,108653,5.961651143752158
2012063653,150072,1.6744913697742656
2012068108,167090,5.946109185977183
2012070477,72631,3.9677590112881136
2012079271,148166,18.611679120270757
2012112842,181660,67.53987011591353
2012115309,115321,51.109281646234386
2012129133,68342,43.38522825956816
2012129190,83585,3.2364883851046726
2012131895,195997,22.769123765704094
2012139177,264365,9.640540156841704
2012143706,56770,35.972146633688304
2012149385,111679,9.260781862301869
2012170680,203498,13.783091079105537
2012180045,72631,22.48208295705675
2012193714,17433,76.8001372228365
2012211851,90391,99.64844521330096
2012217148,90728,65.8185940374835
2013000719,86867,69.30596215691028
2013008203,122252,8.356512218639807
2013013467,17433,68.52550654219905
2013015138,177617,19.91394058623961
2013037543,197209,10.202717866493888
2013044992,196024,39.265989756549985
2013099965,221067,7.984303276236795
2013143109,197527,65.96222211216309
2013151868,279921,12.320878304159118
2013155283,200608,28.959649380775
2013159421,108756,5.581326527912938
2013177717,205622,2.437449700707455
2013187088,120745,99.30400599241203
2013189952,212347,11.636569923163009
2014011304,200025,67.57813058261357
2014013894,197633,23.33118596280776
2014029233,196955,10.952428425848574
2014041437,95743,12.143356687663838
2014044894,116256,63.01151879510878
2014065755,164998,9.662036420714866
2014068233,122092,63.63366306904091
2014078934,86591,16.997869514584448
2014108604,145400,9.22032887914509
2014111034,115179,6.499897893155992
2014125681,17473,55.006815621093
2014135779,211715,14.623305023213486
2014136552,167219,20.798742664904573
2014154987,90565,34.8114932807709
2014156270,196748,5.471880087939104
2014173401,199178,30.459649075997742
2014177449,35409,9.199737138862787
2014180040,102836,24.92860343598138
2014206156,47957,53.18886847835653
2014220905,27202,17.1324652202903
2015013085,123098,3.932230544566249
2015028110,196367,19.90636584249797
2015033624,118578,14.012196281044984
2015041295,49195,70.74321531834141
2015047404,114034,28.70621700618562
2015051691,200027,13.095393983769283
2015051937,168143,59.42502398477396
2015070822,97895,18.4162431087876
2015071729,123190,87.78563044624876
2015071822,114660,12.234516104812464
2015076215,203498,44.156292722517684
2015081292,97502,21.910986203033822
2015087507,195834,26.83393190105589
2015091874,87058,37.20398850816951
2015102287,116258,37.44330615432207
2015109672,198009,38.77159733302517
2015117704,11150,3.318987799061738
2015122460,92526,17.78713160498517
2015129432,73591,8.345341543057643
2015138148,213058,8.459642718657369
2015146130,108756,2.9744467189764805
2015147011,197528,10.991968951504445
2015182667,23012,87.23637495622246
2015188622,49195,18.93486150058305
2015194954,272340,15.179184985622253
2015208902,11150,36.95725874033776
2015212223,93050,1.669510399774132
2015212470,196046,98.37499071008756
2015213433,177617,19.399643044017058
2015213830,196054,58.89571013377601
2015227009,177617,18.712977247027094
2016006402,86439,5.889155333084155
2016006628,153230,19.868834397092368
2016011710,195902,16.927006132867483
2016020481,83600,8.23478009234067
2016024439,108515,9.418980524590037
2016050402,196547,7.8322540094062045
2016057512,200608,16.241422551507025
2016078774,86439,88.55498576251826
2016078862,118935,31.71031032299544
2016085685,33618,81.23924123852005
2016100509,203498,75.49911883688529
2016104458,196955,25.06295811358972
2016111566,94397,15.941417414720405
2016143045,115473,91.49761750600435
2016143046,65343,5.920848264987048
2016149130,238187,47.5330299923812
2016151027,199228,62.94763214392389
2016152731,189690,95.96454507917228
2016155339,200239,6.843541107781096
2016165325,93229,5.204611608193307
2016166173,100443,78.49076432769924
2016167412,115628,14.35523561942387
2016175310,90702,25.845940531144777
2016178039,196207,75.63222891125228
2016180466,32838,25.003687517523097
2016188074,85722,12.196780285791078
2016189845,136183,8.880969538971016
2016197541,33595,18.705210757758202
2016198536,195784,68.11351576993643
2016205443,186048,22.574021676952643
2016212116,257614,33.88775257520848
2016215393,83571,17.043667441906784
2017002275,62732,83.02617962310521
2017005270,195784,57.97627289365966
2017006153,87061,75.75277501327929
2017008468,90704,8.264835707671237
2017008973,195760,49.502577986390946
2017009318,11149,39.45963316145566
2017018552,169976,18.43321538952059
2017018585,101777,15.816232499791168
2017020583,93364,18.615218450259412
2017025227,116414,12.716669329932895
2017027389,125362,23.919920570323832
2017033622,67449,17.568767255934265
2017047810,196912,1.7681547949208638
2017052087,65897,88.42006581795049
2017056687,114682,56.80410178170481
2017067982,114682,46.87777392518762
2017074098,17431,3.133312873909071
2017075238,116245,14.852911210177524
2017077146,17434,15.419090308854823
2017078929,276794,5.461622157304017
2017081366,83570,59.94834974863596
2017083861,116261,17.233999585250164
2017098069,96091,20.30571866581852
2017102512,201826,28.736170575581916
2017112638,196177,71.3231428376293
2017113022,75271,58.388491413921294
2017114704,243071,17.473384019744913
2017116970,195659,64.17440341744444
2017126324,249141,8.213368502382469
2017129026,195784,8.97913319596651
2017133924,120653,88.88032941080483
2017135756,65899,4.108264664946364
2017139550,221067,72.23734756808713
2017156138,90415,8.50566265881496
2017165409,38998,18.35468411492688
2017172623,16998,64.92184732116485
2017176526,78505,4.873459683710099
2017180257,110640,10.197587870310638
2017180674,198728,38.16232169756971
2017182929,196177,90.74732043437896
2017183382,123532,22.31633827137135
2017183933,196228,17.917095730541572
2017184327,92630,22.920302744765756
2017184328,110577,8.651681648399466
2017189368,62729,89.40677571055598
2017190289,112082,12.355698265295786
2017195982,124810,6.281529980531013
2017197103,195878,40.30790813324655
2017198168,265237,33.32208690761933
2017202215,196177,39.62261913729416
2018006279,123328,45.0687878808128
2018010025,97469,5.677309600638697
2018014438,87547,12.093173649209309
2018018447,105603,8.618682884127416
2018022632,195902,98.63963723151619
2018024899,199628,69.48401536966328
2018032961,95743,4.545305091917666
2018034947,92585,67.90090272005946
2018036669,90407,27.365410463723467
2018038009,56770,22.292459956933953
2018038960,117496,77.49412463335253
2018045064,162782,35.755628783563296
2018053566,199228,71.07178243036518
2018053604,200239,42.0693288899206
2018053998,196334,60.07533616677455
2018055526,67452,36.01071546714657
2018057145,195831,91.87737983514897
2018063393,87583,18.408668913818865
2018063945,133565,19.51768717631184
2018065451,196431,26.69797018666918
2018082466,87602,17.75524853104217
2018094082,96089,55.75069418640783
2018102835,125362,33.16450791053094
2018104756,137630,25.63034451289568
2018107549,52493,2.4169854353881135
2018116645,225761,57.01230277794768
2018120289,73417,4.094234738429078
2018124049,33618,5.921502392346412
2018135465,124075,2.428627653249695
2018140126,236628,88.78671472585236
2018143196,197006,5.386971847627458
2018156829,238003,75.74862855471467
2018165834,115179,19.593958103019954
2018168413,33595,39.91681357108799
2018177240,201154,12.179717166250743
2018192575,100443,23.48486330928632
2018196484,116256,73.85926948710164
2018209666,211029,44.222985709245606
2019007897,164998,56.578262758342916
2019034452,115473,31.43433967334476
2019034635,47120,72.88551481976559
2019035098,96089,9.15291661960483
2019038988,18954,69.910485390038
2019039605,198320,79.72437539924799
2019041362,197209,9.886019813867438
2019041914,262905,0.9244729015070332
2019062565,196969,16.910854040358696
2019064448,191001,5.687289297955083
2019074370,108529,97.46501622264962
2019077726,153143,8.591779696856753
2019086628,195826,2.8576222073243254
2019094665,100366,26.589157146032033
2019095329,74100,3.6179968663404605
2019098771,122785,29.68816093259292
2019099590,69904,51.06291253231927
2019108874,197821,72.8385311371931
2019124754,196139,35.62399753552749
2019132096,116492,7.442617236061962
2019135766,199180,26.623135548044626
2019144096,198728,3.620639440819012
2019145743,178883,26.528637564627466
2019148561,65897,32.9051336736432
2019153943,118578,11.560320131356882
2019164905,40011,12.258524419432105
2019172992,90723,70.8599378435869
2019176904,177617,22.19747578664485
2019178689,80274,0.809525734001429
2019178904,16708,8.42827292040792
2019196091,87089,4.087117430493333
2019211560,68717,16.58967103555891
2020010877,83585,5.70693359998155
2020011892,11150,45.50026427487054
2020024298,96089,54.299087661805856
2020048308,12176,6.547020510013325
2020062803,195845,3.7294944717622354
2020072400,122258,7.181754211708313
2020082200,196982,44.33454318251134
2020100210,16707,53.67407381240003
2020109111,273332,7.990499893973133
2020115923,69790,9.09912617384805
2020120520,100443,20.760734788417576
2020123317,196974,4.5589602781751015
2020139342,84878,15.82223478782792
2020145449,108636,79.6371348062447
2020153249,186523,10.341832026333098
2020156071,59558,14.029802888139415
2020157562,151277,17.82853500510512
2020172241,167122,12.347563010330877
2020175666,69867,39.87042189277149
2020200194,89195,12.294633079936078
2020206046,16042,39.26974298053716
2021006522,158949,32.16326856454384
2021006942,17473,4.397304491447717
2021014950,92570,4.046539450227693
2021015842,198285,8.616206749593989
2021027068,272547,11.339446187043622
2021044867,92349,2.1406513061404358
2021046094,117149,15.41692294823274
2021059656,96089,12.031515458036624
2021079812,92608,9.46450061399252
2021084743,123069,48.28929094420508
2021101546,133829,12.64212908467176
2021113623,181367,22.621878000326173
2021121205,195435,5.208132482031976
2021135362,200027,12.715318925474756
2021152484,196005,12.634066331922973
2021156107,123070,25.545475732703775
2021160760,91604,26.52165470290038
2021177884,199326,32.15851533905014
2021189211,33595,22.373053425364002
2021199086,199368,2.658379067830168
2022003046,201359,17.651301573585837
2022012176,87044,56.748819737953696
2022012282,96089,9.979306702845358
2022019540,43410,88.71521682613938
2022021183,196982,94.9980800916207
2022026388,198933,63.722410279492145
2022026574,281454,21.217747304007812
2022028626,272619,7.286224161220729
2022035419,199733,73.19718903360985
2022037169,140125,12.870296501768228
2022040901,96091,14.996377601773503
2022044958,162844,7.60443870192794
2022046982,96091,14.063816918930213
2022061290,121755,9.021448251232687
2022064143,197209,2.4644289064441884
2022080880,17984,0.2780001045295681
2022086609,87397,69.82897386797615
2022090978,256460,15.076118525472529
2022098714,117739,59.92841241793562
2022129193,17367,12.660050764530077
2022135606,177389,37.62471132001813
2022137681,123400,2.803149522263076
2022138859,86867,39.61638811156052
2022148399,168143,2.213859752857633
2022166854,122467,5.405457999518698
2022177937,96089,51.994892615484744
2022195223,96091,18.2108776758977
2023013723,116256,76.1228129973925
2023059300,109049,66.43966254812473
2023066029,131845,48.65444815066466
2023068140,123541,61.49245993863837
2023070655,108515,56.51166968216038
2023093653,96089,12.330333311751366
2023097125,7990,7.82716617036035
2023105239,121756,8.863953206153969
2023112756,118578,22.900013639781665
2023116129,110577,1.5506400271504917
2023148058,86936,8.41260660753753
2023148358,196982,92.31410884765278
2023157190,218020,6.8351540549291
2023166200,16055,3.483376155701564
2023175177,66320,31.93799984297033
2023179968,197403,37.545769230956616
2024008305,140149,24.471836988034763
2024010343,90728,58.57500452578767
2024011518,259667,6.8456296547507645
2024013739,248256,14.658812762770747
2024018390,73564,3.5742319072211077
2024027250,37695,1.7571679991167837
2024043525,243071,3.1955128620055064
2024052195,80274,6.718927256985684
2024059190,11150,25.97635655064041
2024101485,89914,26.54274932740062
2024105625,272619,29.181395931875464
2024112745,69436,11.871094179298371
2024113244,197707,2.193983956159226
2024124301,246795,57.251867286332846
2024125158,39369,28.909118362470807
2024130335,125543,4.671574793664476
2024131705,83601,11.948244859149161
2024134316,200629,10.176440635254137
2024137498,84929,47.468534025087315
2024144696,197528,51.844876910762494
2024158424,83601,15.105783922675794
2024178209,83962,18.5823626358208
2024188849,30732,3.849742274227972
2024190379,33038,59.658751166728216
2010004835,74709,11.300832178189202
2010009368,47294,53.420860023804366
2010021087,24862,10.091465212020829
2010027495,69329,83.96222373213061
2010027755,267611,25.94853534328075
2010040891,184112,7.490878403721387
2010061718,184637,1.8955440981293834
2010092703,73865,16.662954227665473
2010115136,125259,18.21270728738944
2010121407,140470,56.56233067031124
2010130976,178999,93.015534312497
2010151073,191199,27.930631618350443
2010161594,119926,1.1587378510355253
2010179874,80956,12.560149241875248
2010180521,82645,7.163700535281312
2010190145,223985,48.021096089382645
2010192901,179268,5.141826460397814
2010199902,270798,16.872560513402842
2010221686,63722,58.638342171940785
2011002097,123400,15.185100593196212
2011006831,54565,10.380976567952786
2011011692,125421,72.11438632299775
2011019598,124223,12.4482722322822
2011045570,125420,15.663525821025091
2011052526,179171,36.92504387353932
2011058199,155508,6.079525747155934
2011069296,227707,5.449548459530566
2011075368,279098,6.227706273793879
2011096064,126866,10.864308307576115
2011099100,152291,40.39490925042451
2011107671,126620,38.327444352150245
2011111466,10550,5.256620711525328
2011135627,149758,46.12805627082394
2011144651,211200,22.899751572761744
2011178160,123599,46.06290079306247
2011181847,254343,11.124033060100551
2011191272,147451,21.568307833967005
2011198354,153173,71.88197283247824
2011200534,143766,16.710919359741226
2012000891,179282,38.03468443522522
2012013995,173497,64.63675797755576
2012021450,124726,45.8005616603687
2012040571,263592,12.874120560811354
2012046437,47464,8.820037091380842
2012054974,123474,44.877560949752336
2012063241,126743,65.93666828883916
2012075325,10550,4.3401593978579776
2012094659,124528,11.077867744895597
2012106266,213663,4.732758524439031
2012109706,257924,93.11830776508386
2012110347,147456,55.80639560035148
2012139207,184567,46.6797502539499
2012163635,171858,11.37689710005931
2012172469,131337,73.60912119205416
2012187021,177490,10.249874902235566
2012189908,124727,8.318048016701676
2012196685,57842,11.666971264129858
2012198008,211200,57.922508779472864
2012209883,51709,3.002506510819833
2012216092,125129,14.937583296927505
2013003246,154517,5.387461761390286
2013003972,214939,41.54111756000197
2013005910,53190,4.767770481568162
2013026067,56801,4.637449011349429
2013029679,40738,11.82189426838219
2013063910,201061,3.7069657555989086
2013073189,123663,7.093243618796644
2013126339,157407,65.7839750879686
2013145795,15034,16.659047201066922
2013147412,124727,24.305224596619162
2013168968,53190,10.729343972935794
2013172135,125414,6.372456262641296
2013174285,47506,18.9051269720325
2013186192,179282,21.36882537393404
2013195009,33478,3.911765539845546
2013208507,223985,9.67198000713544
2014001817,59277,3.3062069346883103
2014030495,255466,11.868610090179157
2014031884,35323,8.74170182440094
2014051003,179268,10.45234552968027
2014059313,172181,4.618781838639281
2014069745,20946,6.611605542220513
2014070623,176716,3.669984855673107
2014082981,125438,7.17290389387237
2014101749,16269,50.76834668597193
2014106473,279098,8.74379913869307
2014115591,24922,78.80015263452995
2014119169,54401,8.050629495964792
2014119401,218292,35.35437301239516
2014139467,167859,18.147328759026944
2014139509,261673,1.7182700775133235
2014141753,73865,16.162151409705668
2014157550,125196,10.308702782383628
2014164329,34931,13.946427718680638
2014171114,168053,15.368787831730662
2014171686,54172,8.900952850385202
2014201301,229911,3.0291748256515048
2014202520,145395,34.618868863393104
2014202521,54435,4.26122889908923
2014216231,174980,7.371448724413999
2015004965,152287,7.476905583518789
2015009746,86763,6.296532635584152
2015010364,137969,5.560792149730726
2015034318,62998,5.776182584764023
2015045565,124736,46.172962291576354
2015045812,168456,71.70419423893581
2015048414,153019,34.34457419998174
2015060205,23902,5.461115325857017
2015065639,54401,4.421813239913034
2015089946,58069,2.661590252637021
2015094244,261852,54.66598019888692
2015111966,211715,34.99820634151655
2015118688,90811,13.986284327029631
2015119919,90811,1.906970927789547
2015121344,35553,15.509846541649491
2015143196,24862,13.750159940830441
2015159254,171836,16.380943309410974
2015182311,47466,24.977684312707815
2015193095,131348,4.050655973883652
2015198346,201144,6.746709934042925
2015230717,104108,23.46325567817749
2016002076,3722,6.688816845906619
2016007620,25248,6.399653102043061
2016012554,178825,25.824416054581835
2016016494,30919,9.988560104011558
2016019290,23902,88.53003653532626
2016022881,147448,34.039854327184116
2016024970,120615,81.29732432344194
2016025167,24855,57.11012833609275
2016026227,174926,59.63000877093666
2016027959,124156,56.52346254357931
2016029495,102027,4.131887868186315
2016030565,279103,58.38986082851282
2016042614,52134,31.15698450672434
2016049720,179815,11.734255462195
2016060691,73821,4.260474887446745
2016073945,168048,8.77491711679207
2016074257,184556,12.91856613415657
2016077523,52178,81.33665392773501
2016079662,125144,22.359329225973674
2016084858,179171,58.71343299136895
2016094093,125427,3.4881668582905947
2016101416,148166,23.327333743723965
2016103855,52159,86.62491054911388
2016111399,33479,13.025740652427993
2016118340,58966,17.722837407381288
2016119026,113653,10.381502211791004
2016122373,174915,74.21193468341733
2016146633,167859,4.695392613221531
2016169528,126743,65.55541498021334
2016190751,211715,5.51066236998245
2016191459,49792,16.96079207696912
2016205624,73821,15.035911860766776
2016209891,167860,73.80794121951898
2017002004,128974,21.27476800982455
2017004711,184574,20.486362047092218
2017017593,184556,37.02644124353443
2017017660,156701,2.422563966821561
2017022922,156701,11.510186386981786
2017023439,24546,19.86638641527243
2017028247,33542,11.14061932262849
2017030968,69004,32.512146677491415
2017032143,166692,58.114660816423175
2017033901,69047,14.201383400459454
2017035181,168032,8.684103566529123
2017041638,175269,11.19131150814566
2017041810,184556,34.414780179278296
2017047427,179282,64.52843813343407
2017050785,25249,25.79574147389551
2017062385,15034,48.35917910072368
2017065190,53187,55.65488045290475
2017066751,153019,22.948136211220305
2017068467,54373,4.349096309287583
2017080372,52248,49.19513804931179
2017082259,123420,47.480758686454486
2017089303,104408,31.260574816551674
2017092914,228821,14.292227896815536
2017093758,40739,6.935028225358883
2017097761,125305,14.511789864724028
2017100822,25802,48.17165640546422
2017110227,124742,44.183668520948856
2017119540,52249,49.128773373076804
2017133260,53164,22.99007403050921
2017141096,131337,8.205873739853194
2017149273,25248,20.6515450736792
2017163600,126746,16.441207217749007
2017165954,99285,97.30501792858816
2017171120,270342,3.109067526098381
2017191442,16269,35.38324482186593
2018002499,52674,24.228112260579703
2018003633,90717,47.954936513685915
2018007710,24548,1.8842354001792807
2018025223,201181,3.879510646828544
2018025719,54370,12.156318322420232
2018028841,40474,10.024246822769292
2018031700,124223,11.288283059307144
2018043710,164772,9.292224353855769
2018048331,172251,15.430231771999457
2018063271,143764,17.32641520590478
2018063863,132109,2.4435809981191055
2018066567,123582,2.7410271254739076
2018086654,53164,11.145631805684857
2018092395,54369,55.8197764207153
2018097150,21425,37.56229886574756
2018107308,10550,14.185080608121059
2018108610,24862,39.44122697498395
2018113851,21524,2.390048149594436
2018123668,168456,3.8026729435618414
2018124728,222053,24.053590643355935
2018148563,144119,17.294278522045303
2018151287,231705,36.19551854433916
2018154423,124114,5.4111018322388595
2018161145,125049,3.4007449784835777
2018162766,177985,20.867473706412685
2018163117,25228,31.72542903485415
2018174214,21425,41.94448090868055
2018176618,184574,27.957339331961855
2018177634,49848,56.727838409436664
2019008132,16182,11.152760171177581
2019021258,49848,37.87597636028489
2019026231,172307,37.11351225302194
2019034398,124221,56.53710307122389
2019035746,147438,8.032752540764374
2019058754,125147,13.756658168853757
2019060307,70184,18.42633617009795
2019066284,33094,6.629371164974441
2019069196,36221,63.62589264421449
2019074691,123639,9.856998398695968
2019075284,124292,20.883083288101272
2019083975,11099,4.501561693607184
2019085081,153173,58.003223749424684
2019085188,21425,83.42359288143355
2019086044,63722,75.94930887943579
2019090506,172301,32.87586723894801
2019091273,138434,2.658123035984407
2019092624,82761,7.9457548966183165
2019102632,172251,15.914979620533476
2019102974,178673,11.826720073750222
2019113266,104408,22.934866293707035
2019122336,47233,6.841399080595158
2019124589,16182,6.434073536787203
2019127600,49682,1.764717940618078
2019131292,31170,18.265248076772878
2019131549,125148,10.139207168765715
2019139992,151162,3.3247723096177246
2019156085,24864,90.39637732635505
2019163773,82645,13.871303009234525
2019164686,184106,11.262801274084392
2019171665,128942,32.16937957065647
2019180711,247720,10.293507711415115
2019182465,24922,20.138469530037153
2019184594,184821,33.38078647043946
2019185057,82762,37.758565106212025
2019198365,165519,2.1536697854300586
2019202499,23936,20.70766675239112
2019206268,177982,83.85610418641784
2019206906,74233,24.036873659882826
2019210573,146508,37.96803854466274
2019212263,73821,52.89192532490365
2019212312,170245,35.58586090661232
2019216539,178698,4.91259247900893
2019222932,125285,6.989559532498219
2019223252,23902,9.934152230118393
2020000278,52249,48.765728656498666
2020012450,172307,35.915046073449645
2020018065,225405,6.6036907528684345
2020034596,123333,41.944509296868986
2020037059,52249,86.22515073879498
2020084704,125427,12.92629300363771
2020089847,200789,7.555197772959268
2020100209,54405,11.097470731912026
2020126810,144140,7.445441702726007
2020149098,125065,84.19522961826384
2020175700,273136,2.5912191319915867
2020181293,103688,10.362022606508734
2020181510,125180,3.8947341770734285
2020197006,197868,14.633516860579373
2020197844,58947,80.57756190378959
2020198934,123399,69.58249905085093
2021015281,172215,56.07894677558158
2021025094,164500,57.05308946709254
2021035443,47300,15.604509211023016
2021057367,40772,59.244437859290926
2021059463,166186,14.331498559225214
2021062859,43606,4.277636840339035
2021091062,67508,61.64240731167448
2021122628,7609,11.509666804564398
2021129821,119218,6.994815838605908
2021137777,149573,4.297037780783544
2021143285,155383,55.4857450927312
2021147658,40738,7.670444529199857
2021152988,125129,7.535861520455734
2021155542,168044,4.728034259473701
2021163959,166695,3.489764394028707
2021166086,196220,15.160243185863541
2021172499,214557,28.03791906510044
2021175107,33478,11.281858200386448
2021177367,123582,4.691019029733662
2021202928,20946,4.812118840051898
2022005750,23936,39.60393993449578
2022011130,23936,24.698801186157507
2022013133,183611,31.458925165159208
2022031775,143649,2.8610264757537958
2022039347,80901,28.57862481876193
2022071902,159229,31.506066967277015
2022099590,126620,4.488715707039194
2022100319,125285,2.1377699939131443
2022106330,168478,5.912439973626132
2022107759,144170,4.657574091996915
2022110078,43606,2.3459474379786633
2022124813,45564,8.70115409493107
2022139622,24943,18.862146098610108
2022170926,149843,68.99124933422092
2022180749,201217,2.274343795228473
2022181458,53164,25.602222242836234
2023014521,24862,21.288838495022752
2023016194,124123,13.658478861198832
2023017397,40735,58.034210269057056
2023023511,24943,62.333799041492874
2023027152,125421,6.2347863324606045
2023028882,174926,17.516098451416546
2023061715,80918,1.9048670587258698
2023066500,147452,2.6602383740235984
2023091956,73821,60.33802443741269
2023092167,126620,2.6094257874677997
2023093006,214557,26.10141393507675
2023093652,27852,3.5439274611432716
2023103071,184567,5.69178895639455
2023131386,281755,10.798728885965774
2023132421,184574,9.21726239545532
2023135035,52249,81.84681164373634
2023138080,125004,13.044414419539821
2023140507,184106,33.71539501738815
2023150834,178010,19.281761973389788
2023156381,137350,8.73859984635629
2023170310,125144,4.085982320687145
2023171494,24862,20.661112517350638
2023175279,58947,7.5249356031151855
2023175454,108512,24.29901722766322
2023187916,124221,8.296901423236863
2023189066,145310,5.112754305234213
2023191590,177988,2.459428618442192
2024000193,25251,12.715481418337967
2024003954,137969,4.758824944752323
2024020444,149422,23.3696188294355
2024026127,123635,89.36970199297956
2024037303,33568,5.768678804842555
2024044347,58095,10.591538887236227
2024062431,49250,24.372457700168003
2024062462,165519,70.1434171608258
2024063886,250415,3.373825646490027
2024077694,54211,19.164868931020465
2024095111,123696,23.338557612938253
2024147786,103690,2.11127321198912
2024159195,277431,64.9819541931516
2024165544,24850,12.095111833644568
2024181570,17361,51.427867226480444
2024184830,103690,10.655264833295789
2024188075,174965,7.834043146717109
2024192570,80895,22.384985394214734
2024193413,202241,3.7055993369629925
