run_id,run_group,net_group,scenario,manifest_row_role,execution_unit,network_input_mode,seed,crosswalk_id,candidate_csv,net_file,output_dir,log_file,expected_summary_csv,validation_manifest,skip_if_exists,command
current_main_12_baseline_seed01,current_main_12,current_main,baseline,baseline_placeholder,paired_group_net,group_net_file,1,BASELINE_CURRENT_MAIN_12,result/active/real_30seed_runs_sampled10/manifests/current_main_12_candidates.csv,result/active/nets/current_main_12.net.xml,result/active/real_30seed_runs_sampled10/runs/current_main_12/baseline/seed01,result/active/real_30seed_runs_sampled10/logs/current_main_12/baseline/seed01.log,result/active/real_30seed_runs_sampled10/runs/current_main_12/baseline/seed01/simulation_results_seed.csv,result/active/real_30seed_runs_sampled10/manifests/run_validation_manifest.csv,True,"python3 -m smart_crosswalk_sumo.run_sampled10_group --candidate-csv ""$BASELINE_CSV"" --net-file ""$NET_FILE"" --seed ""$seed"" --output-dir ""$out_dir"" --sim-duration 600 --warmup 0 --traci_step_length 0.1 --traffic_measure_radius_m 500.0 --extension_increment 5.0 --max_extensions 1 --metric-sample-interval 10 --vehicle-sample-interval 10 --progress-interval 60 --phase-aligned-ped-depart --ped-repeat-count 5 --ped-repeat-spacing-sec 2 --include-vehicles --manifest-row-role ""baseline_placeholder"" --manifest-crosswalk-id ""BASELINE_CURRENT_MAIN_12"" && python3 -m smart_crosswalk_sumo.generate_reports --output_dir ""$out_dir"" --figures_dir ""$FIGURES_DIR"" --candidates ""$BASELINE_CSV"" --nets_dir ""$NETS_DIR"""
current_main_12_baseline_seed02,current_main_12,current_main,baseline,baseline_placeholder,paired_group_net,group_net_file,2,BASELINE_CURRENT_MAIN_12,result/active/real_30seed_runs_sampled10/manifests/current_main_12_candidates.csv,result/active/nets/current_main_12.net.xml,result/active/real_30seed_runs_sampled10/runs/current_main_12/baseline/seed02,result/active/real_30seed_runs_sampled10/logs/current_main_12/baseline/seed02.log,result/active/real_30seed_runs_sampled10/runs/current_main_12/baseline/seed02/simulation_results_seed.csv,result/active/real_30seed_runs_sampled10/manifests/run_validation_manifest.csv,True,"python3 -m smart_crosswalk_sumo.run_sampled10_group --candidate-csv ""$BASELINE_CSV"" --net-file ""$NET_FILE"" --seed ""$seed"" --output-dir ""$out_dir"" --sim-duration 600 --warmup 0 --traci_step_length 0.1 --traffic_measure_radius_m 500.0 --extension_increment 5.0 --max_extensions 1 --metric-sample-interval 10 --vehicle-sample-interval 10 --progress-interval 60 --phase-aligned-ped-depart --ped-repeat-count 5 --ped-repeat-spacing-sec 2 --include-vehicles --manifest-row-role ""baseline_placeholder"" --manifest-crosswalk-id ""BASELINE_CURRENT_MAIN_12"" && python3 -m smart_crosswalk_sumo.generate_reports --output_dir ""$out_dir"" --figures_dir ""$FIGURES_DIR"" --candidates ""$BASELINE_CSV"" --nets_dir ""$NETS_DIR"""
current_main_12_baseline_seed03,current_main_12,current_main,baseline,baseline_placeholder,paired_group_net,group_net_file,3,BASELINE_CURRENT_MAIN_12,result/active/real_30seed_runs_sampled10/manifests/current_main_12_candidates.csv,result/active/nets/current_main_12.net.xml,result/active/real_30seed_runs_sampled10/runs/current_main_12/baseline/seed03,result/active/real_30seed_runs_sampled10/logs/current_main_12/baseline/seed03.log,result/active/real_30seed_runs_sampled10/runs/current_main_12/baseline/seed03/simulation_results_seed.csv,result/active/real_30seed_runs_sampled10/manifests/run_validation_manifest.csv,True,"python3 -m smart_crosswalk_sumo.run_sampled10_group --candidate-csv ""$BASELINE_CSV"" --net-file ""$NET_FILE"" --seed ""$seed"" --output-dir ""$out_dir"" --sim-duration 600 --warmup 0 --traci_step_length 0.1 --traffic_measure_radius_m 500.0 --extension_increment 5.0 --max_extensions 1 --metric-sample-interval 10 --vehicle-sample-interval 10 --progress-interval 60 --phase-aligned-ped-depart --ped-repeat-count 5 --ped-repeat-spacing-sec 2 --include-vehicles --manifest-row-role ""baseline_placeholder"" --manifest-crosswalk-id ""BASELINE_CURRENT_MAIN_12"" && python3 -m smart_crosswalk_sumo.generate_reports --output_dir ""$out_dir"" --figures_dir ""$FIGURES_DIR"" --candidates ""$BASELINE_CSV"" --nets_dir ""$NETS_DIR"""
current_main_12_baseline_seed04,current_main_12,current_main,baseline,baseline_placeholder,paired_group_net,group_net_file,4,BASELINE_CURRENT_MAIN_12,result/active/real_30seed_runs_sampled10/manifests/current_main_12_candidates.csv,result/active/nets/current_main_12.net.xml,result/active/real_30seed_runs_sampled10/runs/current_main_12/baseline/seed04,result/active/real_30seed_runs_sampled10/logs/current_main_12/baseline/seed04.log,result/active/real_30seed_runs_sampled10/runs/current_main_12/baseline/seed04/simulation_results_seed.csv,result/active/real_30seed_runs_sampled10/manifests/run_validation_manifest.csv,True,"python3 -m smart_crosswalk_sumo.run_sampled10_group --candidate-csv ""$BASELINE_CSV"" --net-file ""$NET_FILE"" --seed ""$seed"" --output-dir ""$out_dir"" --sim-duration 600 --warmup 0 --traci_step_length 0.1 --traffic_measure_radius_m 500.0 --extension_increment 5.0 --max_extensions 1 --metric-sample-interval 10 --vehicle-sample-interval 10 --progress-interval 60 --phase-aligned-ped-depart --ped-repeat-count 5 --ped-repeat-spacing-sec 2 --include-vehicles --manifest-row-role ""baseline_placeholder"" --manifest-crosswalk-id ""BASELINE_CURRENT_MAIN_12"" && python3 -m smart_crosswalk_sumo.generate_reports --output_dir ""$out_dir"" --figures_dir ""$FIGURES_DIR"" --candidates ""$BASELINE_CSV"" --nets_dir ""$NETS_DIR"""
current_main_12_baseline_seed05,current_main_12,current_main,baseline,baseline_placeholder,paired_group_net,group_net_file,5,BASELINE_CURRENT_MAIN_12,result/active/real_30seed_runs_sampled10/manifests/current_main_12_candidates.csv,result/active/nets/current_main_12.net.xml,result/active/real_30seed_runs_sampled10/runs/current_main_12/baseline/seed05,result/active/real_30seed_runs_sampled10/logs/current_main_12/baseline/seed05.log,result/active/real_30seed_runs_sampled10/runs/current_main_12/baseline/seed05/simulation_results_seed.csv,result/active/real_30seed_runs_sampled10/manifests/run_validation_manifest.csv,True,"python3 -m smart_crosswalk_sumo.run_sampled10_group --candidate-csv ""$BASELINE_CSV"" --net-file ""$NET_FILE"" --seed ""$seed"" --output-dir ""$out_dir"" --sim-duration 600 --warmup 0 --traci_step_length 0.1 --traffic_measure_radius_m 500.0 --extension_increment 5.0 --max_extensions 1 --metric-sample-interval 10 --vehicle-sample-interval 10 --progress-interval 60 --phase-aligned-ped-depart --ped-repeat-count 5 --ped-repeat-spacing-sec 2 --include-vehicles --manifest-row-role ""baseline_placeholder"" --manifest-crosswalk-id ""BASELINE_CURRENT_MAIN_12"" && python3 -m smart_crosswalk_sumo.generate_reports --output_dir ""$out_dir"" --figures_dir ""$FIGURES_DIR"" --candidates ""$BASELINE_CSV"" --nets_dir ""$NETS_DIR"""
current_main_12_baseline_seed06,current_main_12,current_main,baseline,baseline_placeholder,paired_group_net,group_net_file,6,BASELINE_CURRENT_MAIN_12,result/active/real_30seed_runs_sampled10/manifests/current_main_12_candidates.csv,result/active/nets/current_main_12.net.xml,result/active/real_30seed_runs_sampled10/runs/current_main_12/baseline/seed06,result/active/real_30seed_runs_sampled10/logs/current_main_12/baseline/seed06.log,result/active/real_30seed_runs_sampled10/runs/current_main_12/baseline/seed06/simulation_results_seed.csv,result/active/real_30seed_runs_sampled10/manifests/run_validation_manifest.csv,True,"python3 -m smart_crosswalk_sumo.run_sampled10_group --candidate-csv ""$BASELINE_CSV"" --net-file ""$NET_FILE"" --seed ""$seed"" --output-dir ""$out_dir"" --sim-duration 600 --warmup 0 --traci_step_length 0.1 --traffic_measure_radius_m 500.0 --extension_increment 5.0 --max_extensions 1 --metric-sample-interval 10 --vehicle-sample-interval 10 --progress-interval 60 --phase-aligned-ped-depart --ped-repeat-count 5 --ped-repeat-spacing-sec 2 --include-vehicles --manifest-row-role ""baseline_placeholder"" --manifest-crosswalk-id ""BASELINE_CURRENT_MAIN_12"" && python3 -m smart_crosswalk_sumo.generate_reports --output_dir ""$out_dir"" --figures_dir ""$FIGURES_DIR"" --candidates ""$BASELINE_CSV"" --nets_dir ""$NETS_DIR"""
current_main_12_baseline_seed07,current_main_12,current_main,baseline,baseline_placeholder,paired_group_net,group_net_file,7,BASELINE_CURRENT_MAIN_12,result/active/real_30seed_runs_sampled10/manifests/current_main_12_candidates.csv,result/active/nets/current_main_12.net.xml,result/active/real_30seed_runs_sampled10/runs/current_main_12/baseline/seed07,result/active/real_30seed_runs_sampled10/logs/current_main_12/baseline/seed07.log,result/active/real_30seed_runs_sampled10/runs/current_main_12/baseline/seed07/simulation_results_seed.csv,result/active/real_30seed_runs_sampled10/manifests/run_validation_manifest.csv,True,"python3 -m smart_crosswalk_sumo.run_sampled10_group --candidate-csv ""$BASELINE_CSV"" --net-file ""$NET_FILE"" --seed ""$seed"" --output-dir ""$out_dir"" --sim-duration 600 --warmup 0 --traci_step_length 0.1 --traffic_measure_radius_m 500.0 --extension_increment 5.0 --max_extensions 1 --metric-sample-interval 10 --vehicle-sample-interval 10 --progress-interval 60 --phase-aligned-ped-depart --ped-repeat-count 5 --ped-repeat-spacing-sec 2 --include-vehicles --manifest-row-role ""baseline_placeholder"" --manifest-crosswalk-id ""BASELINE_CURRENT_MAIN_12"" && python3 -m smart_crosswalk_sumo.generate_reports --output_dir ""$out_dir"" --figures_dir ""$FIGURES_DIR"" --candidates ""$BASELINE_CSV"" --nets_dir ""$NETS_DIR"""
current_main_12_baseline_seed08,current_main_12,current_main,baseline,baseline_placeholder,paired_group_net,group_net_file,8,BASELINE_CURRENT_MAIN_12,result/active/real_30seed_runs_sampled10/manifests/current_main_12_candidates.csv,result/active/nets/current_main_12.net.xml,result/active/real_30seed_runs_sampled10/runs/current_main_12/baseline/seed08,result/active/real_30seed_runs_sampled10/logs/current_main_12/baseline/seed08.log,result/active/real_30seed_runs_sampled10/runs/current_main_12/baseline/seed08/simulation_results_seed.csv,result/active/real_30seed_runs_sampled10/manifests/run_validation_manifest.csv,True,"python3 -m smart_crosswalk_sumo.run_sampled10_group --candidate-csv ""$BASELINE_CSV"" --net-file ""$NET_FILE"" --seed ""$seed"" --output-dir ""$out_dir"" --sim-duration 600 --warmup 0 --traci_step_length 0.1 --traffic_measure_radius_m 500.0 --extension_increment 5.0 --max_extensions 1 --metric-sample-interval 10 --vehicle-sample-interval 10 --progress-interval 60 --phase-aligned-ped-depart --ped-repeat-count 5 --ped-repeat-spacing-sec 2 --include-vehicles --manifest-row-role ""baseline_placeholder"" --manifest-crosswalk-id ""BASELINE_CURRENT_MAIN_12"" && python3 -m smart_crosswalk_sumo.generate_reports --output_dir ""$out_dir"" --figures_dir ""$FIGURES_DIR"" --candidates ""$BASELINE_CSV"" --nets_dir ""$NETS_DIR"""
current_main_12_baseline_seed09,current_main_12,current_main,baseline,baseline_placeholder,paired_group_net,group_net_file,9,BASELINE_CURRENT_MAIN_12,result/active/real_30seed_runs_sampled10/manifests/current_main_12_candidates.csv,result/active/nets/current_main_12.net.xml,result/active/real_30seed_runs_sampled10/runs/current_main_12/baseline/seed09,result/active/real_30seed_runs_sampled10/logs/current_main_12/baseline/seed09.log,result/active/real_30seed_runs_sampled10/runs/current_main_12/baseline/seed09/simulation_results_seed.csv,result/active/real_30seed_runs_sampled10/manifests/run_validation_manifest.csv,True,"python3 -m smart_crosswalk_sumo.run_sampled10_group --candidate-csv ""$BASELINE_CSV"" --net-file ""$NET_FILE"" --seed ""$seed"" --output-dir ""$out_dir"" --sim-duration 600 --warmup 0 --traci_step_length 0.1 --traffic_measure_radius_m 500.0 --extension_increment 5.0 --max_extensions 1 --metric-sample-interval 10 --vehicle-sample-interval 10 --progress-interval 60 --phase-aligned-ped-depart --ped-repeat-count 5 --ped-repeat-spacing-sec 2 --include-vehicles --manifest-row-role ""baseline_placeholder"" --manifest-crosswalk-id ""BASELINE_CURRENT_MAIN_12"" && python3 -m smart_crosswalk_sumo.generate_reports --output_dir ""$out_dir"" --figures_dir ""$FIGURES_DIR"" --candidates ""$BASELINE_CSV"" --nets_dir ""$NETS_DIR"""
current_main_12_baseline_seed10,current_main_12,current_main,baseline,baseline_placeholder,paired_group_net,group_net_file,10,BASELINE_CURRENT_MAIN_12,result/active/real_30seed_runs_sampled10/manifests/current_main_12_candidates.csv,result/active/nets/current_main_12.net.xml,result/active/real_30seed_runs_sampled10/runs/current_main_12/baseline/seed10,result/active/real_30seed_runs_sampled10/logs/current_main_12/baseline/seed10.log,result/active/real_30seed_runs_sampled10/runs/current_main_12/baseline/seed10/simulation_results_seed.csv,result/active/real_30seed_runs_sampled10/manifests/run_validation_manifest.csv,True,"python3 -m smart_crosswalk_sumo.run_sampled10_group --candidate-csv ""$BASELINE_CSV"" --net-file ""$NET_FILE"" --seed ""$seed"" --output-dir ""$out_dir"" --sim-duration 600 --warmup 0 --traci_step_length 0.1 --traffic_measure_radius_m 500.0 --extension_increment 5.0 --max_extensions 1 --metric-sample-interval 10 --vehicle-sample-interval 10 --progress-interval 60 --phase-aligned-ped-depart --ped-repeat-count 5 --ped-repeat-spacing-sec 2 --include-vehicles --manifest-row-role ""baseline_placeholder"" --manifest-crosswalk-id ""BASELINE_CURRENT_MAIN_12"" && python3 -m smart_crosswalk_sumo.generate_reports --output_dir ""$out_dir"" --figures_dir ""$FIGURES_DIR"" --candidates ""$BASELINE_CSV"" --nets_dir ""$NETS_DIR"""
current_main_12_baseline_seed11,current_main_12,current_main,baseline,baseline_placeholder,paired_group_net,group_net_file,11,BASELINE_CURRENT_MAIN_12,result/active/real_30seed_runs_sampled10/manifests/current_main_12_candidates.csv,result/active/nets/current_main_12.net.xml,result/active/real_30seed_runs_sampled10/runs/current_main_12/baseline/seed11,result/active/real_30seed_runs_sampled10/logs/current_main_12/baseline/seed11.log,result/active/real_30seed_runs_sampled10/runs/current_main_12/baseline/seed11/simulation_results_seed.csv,result/active/real_30seed_runs_sampled10/manifests/run_validation_manifest.csv,True,"python3 -m smart_crosswalk_sumo.run_sampled10_group --candidate-csv ""$BASELINE_CSV"" --net-file ""$NET_FILE"" --seed ""$seed"" --output-dir ""$out_dir"" --sim-duration 600 --warmup 0 --traci_step_length 0.1 --traffic_measure_radius_m 500.0 --extension_increment 5.0 --max_extensions 1 --metric-sample-interval 10 --vehicle-sample-interval 10 --progress-interval 60 --phase-aligned-ped-depart --ped-repeat-count 5 --ped-repeat-spacing-sec 2 --include-vehicles --manifest-row-role ""baseline_placeholder"" --manifest-crosswalk-id ""BASELINE_CURRENT_MAIN_12"" && python3 -m smart_crosswalk_sumo.generate_reports --output_dir ""$out_dir"" --figures_dir ""$FIGURES_DIR"" --candidates ""$BASELINE_CSV"" --nets_dir ""$NETS_DIR"""
current_main_12_baseline_seed12,current_main_12,current_main,baseline,baseline_placeholder,paired_group_net,group_net_file,12,BASELINE_CURRENT_MAIN_12,result/active/real_30seed_runs_sampled10/manifests/current_main_12_candidates.csv,result/active/nets/current_main_12.net.xml,result/active/real_30seed_runs_sampled10/runs/current_main_12/baseline/seed12,result/active/real_30seed_runs_sampled10/logs/current_main_12/baseline/seed12.log,result/active/real_30seed_runs_sampled10/runs/current_main_12/baseline/seed12/simulation_results_seed.csv,result/active/real_30seed_runs_sampled10/manifests/run_validation_manifest.csv,True,"python3 -m smart_crosswalk_sumo.run_sampled10_group --candidate-csv ""$BASELINE_CSV"" --net-file ""$NET_FILE"" --seed ""$seed"" --output-dir ""$out_dir"" --sim-duration 600 --warmup 0 --traci_step_length 0.1 --traffic_measure_radius_m 500.0 --extension_increment 5.0 --max_extensions 1 --metric-sample-interval 10 --vehicle-sample-interval 10 --progress-interval 60 --phase-aligned-ped-depart --ped-repeat-count 5 --ped-repeat-spacing-sec 2 --include-vehicles --manifest-row-role ""baseline_placeholder"" --manifest-crosswalk-id ""BASELINE_CURRENT_MAIN_12"" && python3 -m smart_crosswalk_sumo.generate_reports --output_dir ""$out_dir"" --figures_dir ""$FIGURES_DIR"" --candidates ""$BASELINE_CSV"" --nets_dir ""$NETS_DIR"""
current_main_12_baseline_seed13,current_main_12,current_main,baseline,baseline_placeholder,paired_group_net,group_net_file,13,BASELINE_CURRENT_MAIN_12,result/active/real_30seed_runs_sampled10/manifests/current_main_12_candidates.csv,result/active/nets/current_main_12.net.xml,result/active/real_30seed_runs_sampled10/runs/current_main_12/baseline/seed13,result/active/real_30seed_runs_sampled10/logs/current_main_12/baseline/seed13.log,result/active/real_30seed_runs_sampled10/runs/current_main_12/baseline/seed13/simulation_results_seed.csv,result/active/real_30seed_runs_sampled10/manifests/run_validation_manifest.csv,True,"python3 -m smart_crosswalk_sumo.run_sampled10_group --candidate-csv ""$BASELINE_CSV"" --net-file ""$NET_FILE"" --seed ""$seed"" --output-dir ""$out_dir"" --sim-duration 600 --warmup 0 --traci_step_length 0.1 --traffic_measure_radius_m 500.0 --extension_increment 5.0 --max_extensions 1 --metric-sample-interval 10 --vehicle-sample-interval 10 --progress-interval 60 --phase-aligned-ped-depart --ped-repeat-count 5 --ped-repeat-spacing-sec 2 --include-vehicles --manifest-row-role ""baseline_placeholder"" --manifest-crosswalk-id ""BASELINE_CURRENT_MAIN_12"" && python3 -m smart_crosswalk_sumo.generate_reports --output_dir ""$out_dir"" --figures_dir ""$FIGURES_DIR"" --candidates ""$BASELINE_CSV"" --nets_dir ""$NETS_DIR"""
current_main_12_baseline_seed14,current_main_12,current_main,baseline,baseline_placeholder,paired_group_net,group_net_file,14,BASELINE_CURRENT_MAIN_12,result/active/real_30seed_runs_sampled10/manifests/current_main_12_candidates.csv,result/active/nets/current_main_12.net.xml,result/active/real_30seed_runs_sampled10/runs/current_main_12/baseline/seed14,result/active/real_30seed_runs_sampled10/logs/current_main_12/baseline/seed14.log,result/active/real_30seed_runs_sampled10/runs/current_main_12/baseline/seed14/simulation_results_seed.csv,result/active/real_30seed_runs_sampled10/manifests/run_validation_manifest.csv,True,"python3 -m smart_crosswalk_sumo.run_sampled10_group --candidate-csv ""$BASELINE_CSV"" --net-file ""$NET_FILE"" --seed ""$seed"" --output-dir ""$out_dir"" --sim-duration 600 --warmup 0 --traci_step_length 0.1 --traffic_measure_radius_m 500.0 --extension_increment 5.0 --max_extensions 1 --metric-sample-interval 10 --vehicle-sample-interval 10 --progress-interval 60 --phase-aligned-ped-depart --ped-repeat-count 5 --ped-repeat-spacing-sec 2 --include-vehicles --manifest-row-role ""baseline_placeholder"" --manifest-crosswalk-id ""BASELINE_CURRENT_MAIN_12"" && python3 -m smart_crosswalk_sumo.generate_reports --output_dir ""$out_dir"" --figures_dir ""$FIGURES_DIR"" --candidates ""$BASELINE_CSV"" --nets_dir ""$NETS_DIR"""
current_main_12_baseline_seed15,current_main_12,current_main,baseline,baseline_placeholder,paired_group_net,group_net_file,15,BASELINE_CURRENT_MAIN_12,result/active/real_30seed_runs_sampled10/manifests/current_main_12_candidates.csv,result/active/nets/current_main_12.net.xml,result/active/real_30seed_runs_sampled10/runs/current_main_12/baseline/seed15,result/active/real_30seed_runs_sampled10/logs/current_main_12/baseline/seed15.log,result/active/real_30seed_runs_sampled10/runs/current_main_12/baseline/seed15/simulation_results_seed.csv,result/active/real_30seed_runs_sampled10/manifests/run_validation_manifest.csv,True,"python3 -m smart_crosswalk_sumo.run_sampled10_group --candidate-csv ""$BASELINE_CSV"" --net-file ""$NET_FILE"" --seed ""$seed"" --output-dir ""$out_dir"" --sim-duration 600 --warmup 0 --traci_step_length 0.1 --traffic_measure_radius_m 500.0 --extension_increment 5.0 --max_extensions 1 --metric-sample-interval 10 --vehicle-sample-interval 10 --progress-interval 60 --phase-aligned-ped-depart --ped-repeat-count 5 --ped-repeat-spacing-sec 2 --include-vehicles --manifest-row-role ""baseline_placeholder"" --manifest-crosswalk-id ""BASELINE_CURRENT_MAIN_12"" && python3 -m smart_crosswalk_sumo.generate_reports --output_dir ""$out_dir"" --figures_dir ""$FIGURES_DIR"" --candidates ""$BASELINE_CSV"" --nets_dir ""$NETS_DIR"""
current_main_12_baseline_seed16,current_main_12,current_main,baseline,baseline_placeholder,paired_group_net,group_net_file,16,BASELINE_CURRENT_MAIN_12,result/active/real_30seed_runs_sampled10/manifests/current_main_12_candidates.csv,result/active/nets/current_main_12.net.xml,result/active/real_30seed_runs_sampled10/runs/current_main_12/baseline/seed16,result/active/real_30seed_runs_sampled10/logs/current_main_12/baseline/seed16.log,result/active/real_30seed_runs_sampled10/runs/current_main_12/baseline/seed16/simulation_results_seed.csv,result/active/real_30seed_runs_sampled10/manifests/run_validation_manifest.csv,True,"python3 -m smart_crosswalk_sumo.run_sampled10_group --candidate-csv ""$BASELINE_CSV"" --net-file ""$NET_FILE"" --seed ""$seed"" --output-dir ""$out_dir"" --sim-duration 600 --warmup 0 --traci_step_length 0.1 --traffic_measure_radius_m 500.0 --extension_increment 5.0 --max_extensions 1 --metric-sample-interval 10 --vehicle-sample-interval 10 --progress-interval 60 --phase-aligned-ped-depart --ped-repeat-count 5 --ped-repeat-spacing-sec 2 --include-vehicles --manifest-row-role ""baseline_placeholder"" --manifest-crosswalk-id ""BASELINE_CURRENT_MAIN_12"" && python3 -m smart_crosswalk_sumo.generate_reports --output_dir ""$out_dir"" --figures_dir ""$FIGURES_DIR"" --candidates ""$BASELINE_CSV"" --nets_dir ""$NETS_DIR"""
current_main_12_baseline_seed17,current_main_12,current_main,baseline,baseline_placeholder,paired_group_net,group_net_file,17,BASELINE_CURRENT_MAIN_12,result/active/real_30seed_runs_sampled10/manifests/current_main_12_candidates.csv,result/active/nets/current_main_12.net.xml,result/active/real_30seed_runs_sampled10/runs/current_main_12/baseline/seed17,result/active/real_30seed_runs_sampled10/logs/current_main_12/baseline/seed17.log,result/active/real_30seed_runs_sampled10/runs/current_main_12/baseline/seed17/simulation_results_seed.csv,result/active/real_30seed_runs_sampled10/manifests/run_validation_manifest.csv,True,"python3 -m smart_crosswalk_sumo.run_sampled10_group --candidate-csv ""$BASELINE_CSV"" --net-file ""$NET_FILE"" --seed ""$seed"" --output-dir ""$out_dir"" --sim-duration 600 --warmup 0 --traci_step_length 0.1 --traffic_measure_radius_m 500.0 --extension_increment 5.0 --max_extensions 1 --metric-sample-interval 10 --vehicle-sample-interval 10 --progress-interval 60 --phase-aligned-ped-depart --ped-repeat-count 5 --ped-repeat-spacing-sec 2 --include-vehicles --manifest-row-role ""baseline_placeholder"" --manifest-crosswalk-id ""BASELINE_CURRENT_MAIN_12"" && python3 -m smart_crosswalk_sumo.generate_reports --output_dir ""$out_dir"" --figures_dir ""$FIGURES_DIR"" --candidates ""$BASELINE_CSV"" --nets_dir ""$NETS_DIR"""
current_main_12_baseline_seed18,current_main_12,current_main,baseline,baseline_placeholder,paired_group_net,group_net_file,18,BASELINE_CURRENT_MAIN_12,result/active/real_30seed_runs_sampled10/manifests/current_main_12_candidates.csv,result/active/nets/current_main_12.net.xml,result/active/real_30seed_runs_sampled10/runs/current_main_12/baseline/seed18,result/active/real_30seed_runs_sampled10/logs/current_main_12/baseline/seed18.log,result/active/real_30seed_runs_sampled10/runs/current_main_12/baseline/seed18/simulation_results_seed.csv,result/active/real_30seed_runs_sampled10/manifests/run_validation_manifest.csv,True,"python3 -m smart_crosswalk_sumo.run_sampled10_group --candidate-csv ""$BASELINE_CSV"" --net-file ""$NET_FILE"" --seed ""$seed"" --output-dir ""$out_dir"" --sim-duration 600 --warmup 0 --traci_step_length 0.1 --traffic_measure_radius_m 500.0 --extension_increment 5.0 --max_extensions 1 --metric-sample-interval 10 --vehicle-sample-interval 10 --progress-interval 60 --phase-aligned-ped-depart --ped-repeat-count 5 --ped-repeat-spacing-sec 2 --include-vehicles --manifest-row-role ""baseline_placeholder"" --manifest-crosswalk-id ""BASELINE_CURRENT_MAIN_12"" && python3 -m smart_crosswalk_sumo.generate_reports --output_dir ""$out_dir"" --figures_dir ""$FIGURES_DIR"" --candidates ""$BASELINE_CSV"" --nets_dir ""$NETS_DIR"""
current_main_12_baseline_seed19,current_main_12,current_main,baseline,baseline_placeholder,paired_group_net,group_net_file,19,BASELINE_CURRENT_MAIN_12,result/active/real_30seed_runs_sampled10/manifests/current_main_12_candidates.csv,result/active/nets/current_main_12.net.xml,result/active/real_30seed_runs_sampled10/runs/current_main_12/baseline/seed19,result/active/real_30seed_runs_sampled10/logs/current_main_12/baseline/seed19.log,result/active/real_30seed_runs_sampled10/runs/current_main_12/baseline/seed19/simulation_results_seed.csv,result/active/real_30seed_runs_sampled10/manifests/run_validation_manifest.csv,True,"python3 -m smart_crosswalk_sumo.run_sampled10_group --candidate-csv ""$BASELINE_CSV"" --net-file ""$NET_FILE"" --seed ""$seed"" --output-dir ""$out_dir"" --sim-duration 600 --warmup 0 --traci_step_length 0.1 --traffic_measure_radius_m 500.0 --extension_increment 5.0 --max_extensions 1 --metric-sample-interval 10 --vehicle-sample-interval 10 --progress-interval 60 --phase-aligned-ped-depart --ped-repeat-count 5 --ped-repeat-spacing-sec 2 --include-vehicles --manifest-row-role ""baseline_placeholder"" --manifest-crosswalk-id ""BASELINE_CURRENT_MAIN_12"" && python3 -m smart_crosswalk_sumo.generate_reports --output_dir ""$out_dir"" --figures_dir ""$FIGURES_DIR"" --candidates ""$BASELINE_CSV"" --nets_dir ""$NETS_DIR"""
current_main_12_baseline_seed20,current_main_12,current_main,baseline,baseline_placeholder,paired_group_net,group_net_file,20,BASELINE_CURRENT_MAIN_12,result/active/real_30seed_runs_sampled10/manifests/current_main_12_candidates.csv,result/active/nets/current_main_12.net.xml,result/active/real_30seed_runs_sampled10/runs/current_main_12/baseline/seed20,result/active/real_30seed_runs_sampled10/logs/current_main_12/baseline/seed20.log,result/active/real_30seed_runs_sampled10/runs/current_main_12/baseline/seed20/simulation_results_seed.csv,result/active/real_30seed_runs_sampled10/manifests/run_validation_manifest.csv,True,"python3 -m smart_crosswalk_sumo.run_sampled10_group --candidate-csv ""$BASELINE_CSV"" --net-file ""$NET_FILE"" --seed ""$seed"" --output-dir ""$out_dir"" --sim-duration 600 --warmup 0 --traci_step_length 0.1 --traffic_measure_radius_m 500.0 --extension_increment 5.0 --max_extensions 1 --metric-sample-interval 10 --vehicle-sample-interval 10 --progress-interval 60 --phase-aligned-ped-depart --ped-repeat-count 5 --ped-repeat-spacing-sec 2 --include-vehicles --manifest-row-role ""baseline_placeholder"" --manifest-crosswalk-id ""BASELINE_CURRENT_MAIN_12"" && python3 -m smart_crosswalk_sumo.generate_reports --output_dir ""$out_dir"" --figures_dir ""$FIGURES_DIR"" --candidates ""$BASELINE_CSV"" --nets_dir ""$NETS_DIR"""
current_main_12_baseline_seed21,current_main_12,current_main,baseline,baseline_placeholder,paired_group_net,group_net_file,21,BASELINE_CURRENT_MAIN_12,result/active/real_30seed_runs_sampled10/manifests/current_main_12_candidates.csv,result/active/nets/current_main_12.net.xml,result/active/real_30seed_runs_sampled10/runs/current_main_12/baseline/seed21,result/active/real_30seed_runs_sampled10/logs/current_main_12/baseline/seed21.log,result/active/real_30seed_runs_sampled10/runs/current_main_12/baseline/seed21/simulation_results_seed.csv,result/active/real_30seed_runs_sampled10/manifests/run_validation_manifest.csv,True,"python3 -m smart_crosswalk_sumo.run_sampled10_group --candidate-csv ""$BASELINE_CSV"" --net-file ""$NET_FILE"" --seed ""$seed"" --output-dir ""$out_dir"" --sim-duration 600 --warmup 0 --traci_step_length 0.1 --traffic_measure_radius_m 500.0 --extension_increment 5.0 --max_extensions 1 --metric-sample-interval 10 --vehicle-sample-interval 10 --progress-interval 60 --phase-aligned-ped-depart --ped-repeat-count 5 --ped-repeat-spacing-sec 2 --include-vehicles --manifest-row-role ""baseline_placeholder"" --manifest-crosswalk-id ""BASELINE_CURRENT_MAIN_12"" && python3 -m smart_crosswalk_sumo.generate_reports --output_dir ""$out_dir"" --figures_dir ""$FIGURES_DIR"" --candidates ""$BASELINE_CSV"" --nets_dir ""$NETS_DIR"""
current_main_12_baseline_seed22,current_main_12,current_main,baseline,baseline_placeholder,paired_group_net,group_net_file,22,BASELINE_CURRENT_MAIN_12,result/active/real_30seed_runs_sampled10/manifests/current_main_12_candidates.csv,result/active/nets/current_main_12.net.xml,result/active/real_30seed_runs_sampled10/runs/current_main_12/baseline/seed22,result/active/real_30seed_runs_sampled10/logs/current_main_12/baseline/seed22.log,result/active/real_30seed_runs_sampled10/runs/current_main_12/baseline/seed22/simulation_results_seed.csv,result/active/real_30seed_runs_sampled10/manifests/run_validation_manifest.csv,True,"python3 -m smart_crosswalk_sumo.run_sampled10_group --candidate-csv ""$BASELINE_CSV"" --net-file ""$NET_FILE"" --seed ""$seed"" --output-dir ""$out_dir"" --sim-duration 600 --warmup 0 --traci_step_length 0.1 --traffic_measure_radius_m 500.0 --extension_increment 5.0 --max_extensions 1 --metric-sample-interval 10 --vehicle-sample-interval 10 --progress-interval 60 --phase-aligned-ped-depart --ped-repeat-count 5 --ped-repeat-spacing-sec 2 --include-vehicles --manifest-row-role ""baseline_placeholder"" --manifest-crosswalk-id ""BASELINE_CURRENT_MAIN_12"" && python3 -m smart_crosswalk_sumo.generate_reports --output_dir ""$out_dir"" --figures_dir ""$FIGURES_DIR"" --candidates ""$BASELINE_CSV"" --nets_dir ""$NETS_DIR"""
current_main_12_baseline_seed23,current_main_12,current_main,baseline,baseline_placeholder,paired_group_net,group_net_file,23,BASELINE_CURRENT_MAIN_12,result/active/real_30seed_runs_sampled10/manifests/current_main_12_candidates.csv,result/active/nets/current_main_12.net.xml,result/active/real_30seed_runs_sampled10/runs/current_main_12/baseline/seed23,result/active/real_30seed_runs_sampled10/logs/current_main_12/baseline/seed23.log,result/active/real_30seed_runs_sampled10/runs/current_main_12/baseline/seed23/simulation_results_seed.csv,result/active/real_30seed_runs_sampled10/manifests/run_validation_manifest.csv,True,"python3 -m smart_crosswalk_sumo.run_sampled10_group --candidate-csv ""$BASELINE_CSV"" --net-file ""$NET_FILE"" --seed ""$seed"" --output-dir ""$out_dir"" --sim-duration 600 --warmup 0 --traci_step_length 0.1 --traffic_measure_radius_m 500.0 --extension_increment 5.0 --max_extensions 1 --metric-sample-interval 10 --vehicle-sample-interval 10 --progress-interval 60 --phase-aligned-ped-depart --ped-repeat-count 5 --ped-repeat-spacing-sec 2 --include-vehicles --manifest-row-role ""baseline_placeholder"" --manifest-crosswalk-id ""BASELINE_CURRENT_MAIN_12"" && python3 -m smart_crosswalk_sumo.generate_reports --output_dir ""$out_dir"" --figures_dir ""$FIGURES_DIR"" --candidates ""$BASELINE_CSV"" --nets_dir ""$NETS_DIR"""
current_main_12_baseline_seed24,current_main_12,current_main,baseline,baseline_placeholder,paired_group_net,group_net_file,24,BASELINE_CURRENT_MAIN_12,result/active/real_30seed_runs_sampled10/manifests/current_main_12_candidates.csv,result/active/nets/current_main_12.net.xml,result/active/real_30seed_runs_sampled10/runs/current_main_12/baseline/seed24,result/active/real_30seed_runs_sampled10/logs/current_main_12/baseline/seed24.log,result/active/real_30seed_runs_sampled10/runs/current_main_12/baseline/seed24/simulation_results_seed.csv,result/active/real_30seed_runs_sampled10/manifests/run_validation_manifest.csv,True,"python3 -m smart_crosswalk_sumo.run_sampled10_group --candidate-csv ""$BASELINE_CSV"" --net-file ""$NET_FILE"" --seed ""$seed"" --output-dir ""$out_dir"" --sim-duration 600 --warmup 0 --traci_step_length 0.1 --traffic_measure_radius_m 500.0 --extension_increment 5.0 --max_extensions 1 --metric-sample-interval 10 --vehicle-sample-interval 10 --progress-interval 60 --phase-aligned-ped-depart --ped-repeat-count 5 --ped-repeat-spacing-sec 2 --include-vehicles --manifest-row-role ""baseline_placeholder"" --manifest-crosswalk-id ""BASELINE_CURRENT_MAIN_12"" && python3 -m smart_crosswalk_sumo.generate_reports --output_dir ""$out_dir"" --figures_dir ""$FIGURES_DIR"" --candidates ""$BASELINE_CSV"" --nets_dir ""$NETS_DIR"""
current_main_12_baseline_seed25,current_main_12,current_main,baseline,baseline_placeholder,paired_group_net,group_net_file,25,BASELINE_CURRENT_MAIN_12,result/active/real_30seed_runs_sampled10/manifests/current_main_12_candidates.csv,result/active/nets/current_main_12.net.xml,result/active/real_30seed_runs_sampled10/runs/current_main_12/baseline/seed25,result/active/real_30seed_runs_sampled10/logs/current_main_12/baseline/seed25.log,result/active/real_30seed_runs_sampled10/runs/current_main_12/baseline/seed25/simulation_results_seed.csv,result/active/real_30seed_runs_sampled10/manifests/run_validation_manifest.csv,True,"python3 -m smart_crosswalk_sumo.run_sampled10_group --candidate-csv ""$BASELINE_CSV"" --net-file ""$NET_FILE"" --seed ""$seed"" --output-dir ""$out_dir"" --sim-duration 600 --warmup 0 --traci_step_length 0.1 --traffic_measure_radius_m 500.0 --extension_increment 5.0 --max_extensions 1 --metric-sample-interval 10 --vehicle-sample-interval 10 --progress-interval 60 --phase-aligned-ped-depart --ped-repeat-count 5 --ped-repeat-spacing-sec 2 --include-vehicles --manifest-row-role ""baseline_placeholder"" --manifest-crosswalk-id ""BASELINE_CURRENT_MAIN_12"" && python3 -m smart_crosswalk_sumo.generate_reports --output_dir ""$out_dir"" --figures_dir ""$FIGURES_DIR"" --candidates ""$BASELINE_CSV"" --nets_dir ""$NETS_DIR"""
current_main_12_baseline_seed26,current_main_12,current_main,baseline,baseline_placeholder,paired_group_net,group_net_file,26,BASELINE_CURRENT_MAIN_12,result/active/real_30seed_runs_sampled10/manifests/current_main_12_candidates.csv,result/active/nets/current_main_12.net.xml,result/active/real_30seed_runs_sampled10/runs/current_main_12/baseline/seed26,result/active/real_30seed_runs_sampled10/logs/current_main_12/baseline/seed26.log,result/active/real_30seed_runs_sampled10/runs/current_main_12/baseline/seed26/simulation_results_seed.csv,result/active/real_30seed_runs_sampled10/manifests/run_validation_manifest.csv,True,"python3 -m smart_crosswalk_sumo.run_sampled10_group --candidate-csv ""$BASELINE_CSV"" --net-file ""$NET_FILE"" --seed ""$seed"" --output-dir ""$out_dir"" --sim-duration 600 --warmup 0 --traci_step_length 0.1 --traffic_measure_radius_m 500.0 --extension_increment 5.0 --max_extensions 1 --metric-sample-interval 10 --vehicle-sample-interval 10 --progress-interval 60 --phase-aligned-ped-depart --ped-repeat-count 5 --ped-repeat-spacing-sec 2 --include-vehicles --manifest-row-role ""baseline_placeholder"" --manifest-crosswalk-id ""BASELINE_CURRENT_MAIN_12"" && python3 -m smart_crosswalk_sumo.generate_reports --output_dir ""$out_dir"" --figures_dir ""$FIGURES_DIR"" --candidates ""$BASELINE_CSV"" --nets_dir ""$NETS_DIR"""
current_main_12_baseline_seed27,current_main_12,current_main,baseline,baseline_placeholder,paired_group_net,group_net_file,27,BASELINE_CURRENT_MAIN_12,result/active/real_30seed_runs_sampled10/manifests/current_main_12_candidates.csv,result/active/nets/current_main_12.net.xml,result/active/real_30seed_runs_sampled10/runs/current_main_12/baseline/seed27,result/active/real_30seed_runs_sampled10/logs/current_main_12/baseline/seed27.log,result/active/real_30seed_runs_sampled10/runs/current_main_12/baseline/seed27/simulation_results_seed.csv,result/active/real_30seed_runs_sampled10/manifests/run_validation_manifest.csv,True,"python3 -m smart_crosswalk_sumo.run_sampled10_group --candidate-csv ""$BASELINE_CSV"" --net-file ""$NET_FILE"" --seed ""$seed"" --output-dir ""$out_dir"" --sim-duration 600 --warmup 0 --traci_step_length 0.1 --traffic_measure_radius_m 500.0 --extension_increment 5.0 --max_extensions 1 --metric-sample-interval 10 --vehicle-sample-interval 10 --progress-interval 60 --phase-aligned-ped-depart --ped-repeat-count 5 --ped-repeat-spacing-sec 2 --include-vehicles --manifest-row-role ""baseline_placeholder"" --manifest-crosswalk-id ""BASELINE_CURRENT_MAIN_12"" && python3 -m smart_crosswalk_sumo.generate_reports --output_dir ""$out_dir"" --figures_dir ""$FIGURES_DIR"" --candidates ""$BASELINE_CSV"" --nets_dir ""$NETS_DIR"""
current_main_12_baseline_seed28,current_main_12,current_main,baseline,baseline_placeholder,paired_group_net,group_net_file,28,BASELINE_CURRENT_MAIN_12,result/active/real_30seed_runs_sampled10/manifests/current_main_12_candidates.csv,result/active/nets/current_main_12.net.xml,result/active/real_30seed_runs_sampled10/runs/current_main_12/baseline/seed28,result/active/real_30seed_runs_sampled10/logs/current_main_12/baseline/seed28.log,result/active/real_30seed_runs_sampled10/runs/current_main_12/baseline/seed28/simulation_results_seed.csv,result/active/real_30seed_runs_sampled10/manifests/run_validation_manifest.csv,True,"python3 -m smart_crosswalk_sumo.run_sampled10_group --candidate-csv ""$BASELINE_CSV"" --net-file ""$NET_FILE"" --seed ""$seed"" --output-dir ""$out_dir"" --sim-duration 600 --warmup 0 --traci_step_length 0.1 --traffic_measure_radius_m 500.0 --extension_increment 5.0 --max_extensions 1 --metric-sample-interval 10 --vehicle-sample-interval 10 --progress-interval 60 --phase-aligned-ped-depart --ped-repeat-count 5 --ped-repeat-spacing-sec 2 --include-vehicles --manifest-row-role ""baseline_placeholder"" --manifest-crosswalk-id ""BASELINE_CURRENT_MAIN_12"" && python3 -m smart_crosswalk_sumo.generate_reports --output_dir ""$out_dir"" --figures_dir ""$FIGURES_DIR"" --candidates ""$BASELINE_CSV"" --nets_dir ""$NETS_DIR"""
current_main_12_baseline_seed29,current_main_12,current_main,baseline,baseline_placeholder,paired_group_net,group_net_file,29,BASELINE_CURRENT_MAIN_12,result/active/real_30seed_runs_sampled10/manifests/current_main_12_candidates.csv,result/active/nets/current_main_12.net.xml,result/active/real_30seed_runs_sampled10/runs/current_main_12/baseline/seed29,result/active/real_30seed_runs_sampled10/logs/current_main_12/baseline/seed29.log,result/active/real_30seed_runs_sampled10/runs/current_main_12/baseline/seed29/simulation_results_seed.csv,result/active/real_30seed_runs_sampled10/manifests/run_validation_manifest.csv,True,"python3 -m smart_crosswalk_sumo.run_sampled10_group --candidate-csv ""$BASELINE_CSV"" --net-file ""$NET_FILE"" --seed ""$seed"" --output-dir ""$out_dir"" --sim-duration 600 --warmup 0 --traci_step_length 0.1 --traffic_measure_radius_m 500.0 --extension_increment 5.0 --max_extensions 1 --metric-sample-interval 10 --vehicle-sample-interval 10 --progress-interval 60 --phase-aligned-ped-depart --ped-repeat-count 5 --ped-repeat-spacing-sec 2 --include-vehicles --manifest-row-role ""baseline_placeholder"" --manifest-crosswalk-id ""BASELINE_CURRENT_MAIN_12"" && python3 -m smart_crosswalk_sumo.generate_reports --output_dir ""$out_dir"" --figures_dir ""$FIGURES_DIR"" --candidates ""$BASELINE_CSV"" --nets_dir ""$NETS_DIR"""
current_main_12_baseline_seed30,current_main_12,current_main,baseline,baseline_placeholder,paired_group_net,group_net_file,30,BASELINE_CURRENT_MAIN_12,result/active/real_30seed_runs_sampled10/manifests/current_main_12_candidates.csv,result/active/nets/current_main_12.net.xml,result/active/real_30seed_runs_sampled10/runs/current_main_12/baseline/seed30,result/active/real_30seed_runs_sampled10/logs/current_main_12/baseline/seed30.log,result/active/real_30seed_runs_sampled10/runs/current_main_12/baseline/seed30/simulation_results_seed.csv,result/active/real_30seed_runs_sampled10/manifests/run_validation_manifest.csv,True,"python3 -m smart_crosswalk_sumo.run_sampled10_group --candidate-csv ""$BASELINE_CSV"" --net-file ""$NET_FILE"" --seed ""$seed"" --output-dir ""$out_dir"" --sim-duration 600 --warmup 0 --traci_step_length 0.1 --traffic_measure_radius_m 500.0 --extension_increment 5.0 --max_extensions 1 --metric-sample-interval 10 --vehicle-sample-interval 10 --progress-interval 60 --phase-aligned-ped-depart --ped-repeat-count 5 --ped-repeat-spacing-sec 2 --include-vehicles --manifest-row-role ""baseline_placeholder"" --manifest-crosswalk-id ""BASELINE_CURRENT_MAIN_12"" && python3 -m smart_crosswalk_sumo.generate_reports --output_dir ""$out_dir"" --figures_dir ""$FIGURES_DIR"" --candidates ""$BASELINE_CSV"" --nets_dir ""$NETS_DIR"""
signal_fix_9_baseline_seed01,signal_fix_9,signal_fix,baseline,baseline_placeholder,paired_group_net,group_net_file,1,BASELINE_SIGNAL_FIX_9,result/active/real_30seed_runs_sampled10/manifests/signal_fix_9_candidates.csv,result/active/nets/signal_fix_9.net.xml,result/active/real_30seed_runs_sampled10/runs/signal_fix_9/baseline/seed01,result/active/real_30seed_runs_sampled10/logs/signal_fix_9/baseline/seed01.log,result/active/real_30seed_runs_sampled10/runs/signal_fix_9/baseline/seed01/simulation_results_seed.csv,result/active/real_30seed_runs_sampled10/manifests/run_validation_manifest.csv,True,"python3 -m smart_crosswalk_sumo.run_sampled10_group --candidate-csv ""$BASELINE_CSV"" --net-file ""$NET_FILE"" --seed ""$seed"" --output-dir ""$out_dir"" --sim-duration 600 --warmup 0 --traci_step_length 0.1 --traffic_measure_radius_m 500.0 --extension_increment 5.0 --max_extensions 1 --metric-sample-interval 10 --vehicle-sample-interval 10 --progress-interval 60 --phase-aligned-ped-depart --ped-repeat-count 5 --ped-repeat-spacing-sec 2 --include-vehicles --manifest-row-role ""baseline_placeholder"" --manifest-crosswalk-id ""BASELINE_SIGNAL_FIX_9"" && python3 -m smart_crosswalk_sumo.generate_reports --output_dir ""$out_dir"" --figures_dir ""$FIGURES_DIR"" --candidates ""$BASELINE_CSV"" --nets_dir ""$NETS_DIR"""
signal_fix_9_baseline_seed02,signal_fix_9,signal_fix,baseline,baseline_placeholder,paired_group_net,group_net_file,2,BASELINE_SIGNAL_FIX_9,result/active/real_30seed_runs_sampled10/manifests/signal_fix_9_candidates.csv,result/active/nets/signal_fix_9.net.xml,result/active/real_30seed_runs_sampled10/runs/signal_fix_9/baseline/seed02,result/active/real_30seed_runs_sampled10/logs/signal_fix_9/baseline/seed02.log,result/active/real_30seed_runs_sampled10/runs/signal_fix_9/baseline/seed02/simulation_results_seed.csv,result/active/real_30seed_runs_sampled10/manifests/run_validation_manifest.csv,True,"python3 -m smart_crosswalk_sumo.run_sampled10_group --candidate-csv ""$BASELINE_CSV"" --net-file ""$NET_FILE"" --seed ""$seed"" --output-dir ""$out_dir"" --sim-duration 600 --warmup 0 --traci_step_length 0.1 --traffic_measure_radius_m 500.0 --extension_increment 5.0 --max_extensions 1 --metric-sample-interval 10 --vehicle-sample-interval 10 --progress-interval 60 --phase-aligned-ped-depart --ped-repeat-count 5 --ped-repeat-spacing-sec 2 --include-vehicles --manifest-row-role ""baseline_placeholder"" --manifest-crosswalk-id ""BASELINE_SIGNAL_FIX_9"" && python3 -m smart_crosswalk_sumo.generate_reports --output_dir ""$out_dir"" --figures_dir ""$FIGURES_DIR"" --candidates ""$BASELINE_CSV"" --nets_dir ""$NETS_DIR"""
signal_fix_9_baseline_seed03,signal_fix_9,signal_fix,baseline,baseline_placeholder,paired_group_net,group_net_file,3,BASELINE_SIGNAL_FIX_9,result/active/real_30seed_runs_sampled10/manifests/signal_fix_9_candidates.csv,result/active/nets/signal_fix_9.net.xml,result/active/real_30seed_runs_sampled10/runs/signal_fix_9/baseline/seed03,result/active/real_30seed_runs_sampled10/logs/signal_fix_9/baseline/seed03.log,result/active/real_30seed_runs_sampled10/runs/signal_fix_9/baseline/seed03/simulation_results_seed.csv,result/active/real_30seed_runs_sampled10/manifests/run_validation_manifest.csv,True,"python3 -m smart_crosswalk_sumo.run_sampled10_group --candidate-csv ""$BASELINE_CSV"" --net-file ""$NET_FILE"" --seed ""$seed"" --output-dir ""$out_dir"" --sim-duration 600 --warmup 0 --traci_step_length 0.1 --traffic_measure_radius_m 500.0 --extension_increment 5.0 --max_extensions 1 --metric-sample-interval 10 --vehicle-sample-interval 10 --progress-interval 60 --phase-aligned-ped-depart --ped-repeat-count 5 --ped-repeat-spacing-sec 2 --include-vehicles --manifest-row-role ""baseline_placeholder"" --manifest-crosswalk-id ""BASELINE_SIGNAL_FIX_9"" && python3 -m smart_crosswalk_sumo.generate_reports --output_dir ""$out_dir"" --figures_dir ""$FIGURES_DIR"" --candidates ""$BASELINE_CSV"" --nets_dir ""$NETS_DIR"""
signal_fix_9_baseline_seed04,signal_fix_9,signal_fix,baseline,baseline_placeholder,paired_group_net,group_net_file,4,BASELINE_SIGNAL_FIX_9,result/active/real_30seed_runs_sampled10/manifests/signal_fix_9_candidates.csv,result/active/nets/signal_fix_9.net.xml,result/active/real_30seed_runs_sampled10/runs/signal_fix_9/baseline/seed04,result/active/real_30seed_runs_sampled10/logs/signal_fix_9/baseline/seed04.log,result/active/real_30seed_runs_sampled10/runs/signal_fix_9/baseline/seed04/simulation_results_seed.csv,result/active/real_30seed_runs_sampled10/manifests/run_validation_manifest.csv,True,"python3 -m smart_crosswalk_sumo.run_sampled10_group --candidate-csv ""$BASELINE_CSV"" --net-file ""$NET_FILE"" --seed ""$seed"" --output-dir ""$out_dir"" --sim-duration 600 --warmup 0 --traci_step_length 0.1 --traffic_measure_radius_m 500.0 --extension_increment 5.0 --max_extensions 1 --metric-sample-interval 10 --vehicle-sample-interval 10 --progress-interval 60 --phase-aligned-ped-depart --ped-repeat-count 5 --ped-repeat-spacing-sec 2 --include-vehicles --manifest-row-role ""baseline_placeholder"" --manifest-crosswalk-id ""BASELINE_SIGNAL_FIX_9"" && python3 -m smart_crosswalk_sumo.generate_reports --output_dir ""$out_dir"" --figures_dir ""$FIGURES_DIR"" --candidates ""$BASELINE_CSV"" --nets_dir ""$NETS_DIR"""
signal_fix_9_baseline_seed05,signal_fix_9,signal_fix,baseline,baseline_placeholder,paired_group_net,group_net_file,5,BASELINE_SIGNAL_FIX_9,result/active/real_30seed_runs_sampled10/manifests/signal_fix_9_candidates.csv,result/active/nets/signal_fix_9.net.xml,result/active/real_30seed_runs_sampled10/runs/signal_fix_9/baseline/seed05,result/active/real_30seed_runs_sampled10/logs/signal_fix_9/baseline/seed05.log,result/active/real_30seed_runs_sampled10/runs/signal_fix_9/baseline/seed05/simulation_results_seed.csv,result/active/real_30seed_runs_sampled10/manifests/run_validation_manifest.csv,True,"python3 -m smart_crosswalk_sumo.run_sampled10_group --candidate-csv ""$BASELINE_CSV"" --net-file ""$NET_FILE"" --seed ""$seed"" --output-dir ""$out_dir"" --sim-duration 600 --warmup 0 --traci_step_length 0.1 --traffic_measure_radius_m 500.0 --extension_increment 5.0 --max_extensions 1 --metric-sample-interval 10 --vehicle-sample-interval 10 --progress-interval 60 --phase-aligned-ped-depart --ped-repeat-count 5 --ped-repeat-spacing-sec 2 --include-vehicles --manifest-row-role ""baseline_placeholder"" --manifest-crosswalk-id ""BASELINE_SIGNAL_FIX_9"" && python3 -m smart_crosswalk_sumo.generate_reports --output_dir ""$out_dir"" --figures_dir ""$FIGURES_DIR"" --candidates ""$BASELINE_CSV"" --nets_dir ""$NETS_DIR"""
signal_fix_9_baseline_seed06,signal_fix_9,signal_fix,baseline,baseline_placeholder,paired_group_net,group_net_file,6,BASELINE_SIGNAL_FIX_9,result/active/real_30seed_runs_sampled10/manifests/signal_fix_9_candidates.csv,result/active/nets/signal_fix_9.net.xml,result/active/real_30seed_runs_sampled10/runs/signal_fix_9/baseline/seed06,result/active/real_30seed_runs_sampled10/logs/signal_fix_9/baseline/seed06.log,result/active/real_30seed_runs_sampled10/runs/signal_fix_9/baseline/seed06/simulation_results_seed.csv,result/active/real_30seed_runs_sampled10/manifests/run_validation_manifest.csv,True,"python3 -m smart_crosswalk_sumo.run_sampled10_group --candidate-csv ""$BASELINE_CSV"" --net-file ""$NET_FILE"" --seed ""$seed"" --output-dir ""$out_dir"" --sim-duration 600 --warmup 0 --traci_step_length 0.1 --traffic_measure_radius_m 500.0 --extension_increment 5.0 --max_extensions 1 --metric-sample-interval 10 --vehicle-sample-interval 10 --progress-interval 60 --phase-aligned-ped-depart --ped-repeat-count 5 --ped-repeat-spacing-sec 2 --include-vehicles --manifest-row-role ""baseline_placeholder"" --manifest-crosswalk-id ""BASELINE_SIGNAL_FIX_9"" && python3 -m smart_crosswalk_sumo.generate_reports --output_dir ""$out_dir"" --figures_dir ""$FIGURES_DIR"" --candidates ""$BASELINE_CSV"" --nets_dir ""$NETS_DIR"""
signal_fix_9_baseline_seed07,signal_fix_9,signal_fix,baseline,baseline_placeholder,paired_group_net,group_net_file,7,BASELINE_SIGNAL_FIX_9,result/active/real_30seed_runs_sampled10/manifests/signal_fix_9_candidates.csv,result/active/nets/signal_fix_9.net.xml,result/active/real_30seed_runs_sampled10/runs/signal_fix_9/baseline/seed07,result/active/real_30seed_runs_sampled10/logs/signal_fix_9/baseline/seed07.log,result/active/real_30seed_runs_sampled10/runs/signal_fix_9/baseline/seed07/simulation_results_seed.csv,result/active/real_30seed_runs_sampled10/manifests/run_validation_manifest.csv,True,"python3 -m smart_crosswalk_sumo.run_sampled10_group --candidate-csv ""$BASELINE_CSV"" --net-file ""$NET_FILE"" --seed ""$seed"" --output-dir ""$out_dir"" --sim-duration 600 --warmup 0 --traci_step_length 0.1 --traffic_measure_radius_m 500.0 --extension_increment 5.0 --max_extensions 1 --metric-sample-interval 10 --vehicle-sample-interval 10 --progress-interval 60 --phase-aligned-ped-depart --ped-repeat-count 5 --ped-repeat-spacing-sec 2 --include-vehicles --manifest-row-role ""baseline_placeholder"" --manifest-crosswalk-id ""BASELINE_SIGNAL_FIX_9"" && python3 -m smart_crosswalk_sumo.generate_reports --output_dir ""$out_dir"" --figures_dir ""$FIGURES_DIR"" --candidates ""$BASELINE_CSV"" --nets_dir ""$NETS_DIR"""
signal_fix_9_baseline_seed08,signal_fix_9,signal_fix,baseline,baseline_placeholder,paired_group_net,group_net_file,8,BASELINE_SIGNAL_FIX_9,result/active/real_30seed_runs_sampled10/manifests/signal_fix_9_candidates.csv,result/active/nets/signal_fix_9.net.xml,result/active/real_30seed_runs_sampled10/runs/signal_fix_9/baseline/seed08,result/active/real_30seed_runs_sampled10/logs/signal_fix_9/baseline/seed08.log,result/active/real_30seed_runs_sampled10/runs/signal_fix_9/baseline/seed08/simulation_results_seed.csv,result/active/real_30seed_runs_sampled10/manifests/run_validation_manifest.csv,True,"python3 -m smart_crosswalk_sumo.run_sampled10_group --candidate-csv ""$BASELINE_CSV"" --net-file ""$NET_FILE"" --seed ""$seed"" --output-dir ""$out_dir"" --sim-duration 600 --warmup 0 --traci_step_length 0.1 --traffic_measure_radius_m 500.0 --extension_increment 5.0 --max_extensions 1 --metric-sample-interval 10 --vehicle-sample-interval 10 --progress-interval 60 --phase-aligned-ped-depart --ped-repeat-count 5 --ped-repeat-spacing-sec 2 --include-vehicles --manifest-row-role ""baseline_placeholder"" --manifest-crosswalk-id ""BASELINE_SIGNAL_FIX_9"" && python3 -m smart_crosswalk_sumo.generate_reports --output_dir ""$out_dir"" --figures_dir ""$FIGURES_DIR"" --candidates ""$BASELINE_CSV"" --nets_dir ""$NETS_DIR"""
signal_fix_9_baseline_seed09,signal_fix_9,signal_fix,baseline,baseline_placeholder,paired_group_net,group_net_file,9,BASELINE_SIGNAL_FIX_9,result/active/real_30seed_runs_sampled10/manifests/signal_fix_9_candidates.csv,result/active/nets/signal_fix_9.net.xml,result/active/real_30seed_runs_sampled10/runs/signal_fix_9/baseline/seed09,result/active/real_30seed_runs_sampled10/logs/signal_fix_9/baseline/seed09.log,result/active/real_30seed_runs_sampled10/runs/signal_fix_9/baseline/seed09/simulation_results_seed.csv,result/active/real_30seed_runs_sampled10/manifests/run_validation_manifest.csv,True,"python3 -m smart_crosswalk_sumo.run_sampled10_group --candidate-csv ""$BASELINE_CSV"" --net-file ""$NET_FILE"" --seed ""$seed"" --output-dir ""$out_dir"" --sim-duration 600 --warmup 0 --traci_step_length 0.1 --traffic_measure_radius_m 500.0 --extension_increment 5.0 --max_extensions 1 --metric-sample-interval 10 --vehicle-sample-interval 10 --progress-interval 60 --phase-aligned-ped-depart --ped-repeat-count 5 --ped-repeat-spacing-sec 2 --include-vehicles --manifest-row-role ""baseline_placeholder"" --manifest-crosswalk-id ""BASELINE_SIGNAL_FIX_9"" && python3 -m smart_crosswalk_sumo.generate_reports --output_dir ""$out_dir"" --figures_dir ""$FIGURES_DIR"" --candidates ""$BASELINE_CSV"" --nets_dir ""$NETS_DIR"""
signal_fix_9_baseline_seed10,signal_fix_9,signal_fix,baseline,baseline_placeholder,paired_group_net,group_net_file,10,BASELINE_SIGNAL_FIX_9,result/active/real_30seed_runs_sampled10/manifests/signal_fix_9_candidates.csv,result/active/nets/signal_fix_9.net.xml,result/active/real_30seed_runs_sampled10/runs/signal_fix_9/baseline/seed10,result/active/real_30seed_runs_sampled10/logs/signal_fix_9/baseline/seed10.log,result/active/real_30seed_runs_sampled10/runs/signal_fix_9/baseline/seed10/simulation_results_seed.csv,result/active/real_30seed_runs_sampled10/manifests/run_validation_manifest.csv,True,"python3 -m smart_crosswalk_sumo.run_sampled10_group --candidate-csv ""$BASELINE_CSV"" --net-file ""$NET_FILE"" --seed ""$seed"" --output-dir ""$out_dir"" --sim-duration 600 --warmup 0 --traci_step_length 0.1 --traffic_measure_radius_m 500.0 --extension_increment 5.0 --max_extensions 1 --metric-sample-interval 10 --vehicle-sample-interval 10 --progress-interval 60 --phase-aligned-ped-depart --ped-repeat-count 5 --ped-repeat-spacing-sec 2 --include-vehicles --manifest-row-role ""baseline_placeholder"" --manifest-crosswalk-id ""BASELINE_SIGNAL_FIX_9"" && python3 -m smart_crosswalk_sumo.generate_reports --output_dir ""$out_dir"" --figures_dir ""$FIGURES_DIR"" --candidates ""$BASELINE_CSV"" --nets_dir ""$NETS_DIR"""
signal_fix_9_baseline_seed11,signal_fix_9,signal_fix,baseline,baseline_placeholder,paired_group_net,group_net_file,11,BASELINE_SIGNAL_FIX_9,result/active/real_30seed_runs_sampled10/manifests/signal_fix_9_candidates.csv,result/active/nets/signal_fix_9.net.xml,result/active/real_30seed_runs_sampled10/runs/signal_fix_9/baseline/seed11,result/active/real_30seed_runs_sampled10/logs/signal_fix_9/baseline/seed11.log,result/active/real_30seed_runs_sampled10/runs/signal_fix_9/baseline/seed11/simulation_results_seed.csv,result/active/real_30seed_runs_sampled10/manifests/run_validation_manifest.csv,True,"python3 -m smart_crosswalk_sumo.run_sampled10_group --candidate-csv ""$BASELINE_CSV"" --net-file ""$NET_FILE"" --seed ""$seed"" --output-dir ""$out_dir"" --sim-duration 600 --warmup 0 --traci_step_length 0.1 --traffic_measure_radius_m 500.0 --extension_increment 5.0 --max_extensions 1 --metric-sample-interval 10 --vehicle-sample-interval 10 --progress-interval 60 --phase-aligned-ped-depart --ped-repeat-count 5 --ped-repeat-spacing-sec 2 --include-vehicles --manifest-row-role ""baseline_placeholder"" --manifest-crosswalk-id ""BASELINE_SIGNAL_FIX_9"" && python3 -m smart_crosswalk_sumo.generate_reports --output_dir ""$out_dir"" --figures_dir ""$FIGURES_DIR"" --candidates ""$BASELINE_CSV"" --nets_dir ""$NETS_DIR"""
signal_fix_9_baseline_seed12,signal_fix_9,signal_fix,baseline,baseline_placeholder,paired_group_net,group_net_file,12,BASELINE_SIGNAL_FIX_9,result/active/real_30seed_runs_sampled10/manifests/signal_fix_9_candidates.csv,result/active/nets/signal_fix_9.net.xml,result/active/real_30seed_runs_sampled10/runs/signal_fix_9/baseline/seed12,result/active/real_30seed_runs_sampled10/logs/signal_fix_9/baseline/seed12.log,result/active/real_30seed_runs_sampled10/runs/signal_fix_9/baseline/seed12/simulation_results_seed.csv,result/active/real_30seed_runs_sampled10/manifests/run_validation_manifest.csv,True,"python3 -m smart_crosswalk_sumo.run_sampled10_group --candidate-csv ""$BASELINE_CSV"" --net-file ""$NET_FILE"" --seed ""$seed"" --output-dir ""$out_dir"" --sim-duration 600 --warmup 0 --traci_step_length 0.1 --traffic_measure_radius_m 500.0 --extension_increment 5.0 --max_extensions 1 --metric-sample-interval 10 --vehicle-sample-interval 10 --progress-interval 60 --phase-aligned-ped-depart --ped-repeat-count 5 --ped-repeat-spacing-sec 2 --include-vehicles --manifest-row-role ""baseline_placeholder"" --manifest-crosswalk-id ""BASELINE_SIGNAL_FIX_9"" && python3 -m smart_crosswalk_sumo.generate_reports --output_dir ""$out_dir"" --figures_dir ""$FIGURES_DIR"" --candidates ""$BASELINE_CSV"" --nets_dir ""$NETS_DIR"""
signal_fix_9_baseline_seed13,signal_fix_9,signal_fix,baseline,baseline_placeholder,paired_group_net,group_net_file,13,BASELINE_SIGNAL_FIX_9,result/active/real_30seed_runs_sampled10/manifests/signal_fix_9_candidates.csv,result/active/nets/signal_fix_9.net.xml,result/active/real_30seed_runs_sampled10/runs/signal_fix_9/baseline/seed13,result/active/real_30seed_runs_sampled10/logs/signal_fix_9/baseline/seed13.log,result/active/real_30seed_runs_sampled10/runs/signal_fix_9/baseline/seed13/simulation_results_seed.csv,result/active/real_30seed_runs_sampled10/manifests/run_validation_manifest.csv,True,"python3 -m smart_crosswalk_sumo.run_sampled10_group --candidate-csv ""$BASELINE_CSV"" --net-file ""$NET_FILE"" --seed ""$seed"" --output-dir ""$out_dir"" --sim-duration 600 --warmup 0 --traci_step_length 0.1 --traffic_measure_radius_m 500.0 --extension_increment 5.0 --max_extensions 1 --metric-sample-interval 10 --vehicle-sample-interval 10 --progress-interval 60 --phase-aligned-ped-depart --ped-repeat-count 5 --ped-repeat-spacing-sec 2 --include-vehicles --manifest-row-role ""baseline_placeholder"" --manifest-crosswalk-id ""BASELINE_SIGNAL_FIX_9"" && python3 -m smart_crosswalk_sumo.generate_reports --output_dir ""$out_dir"" --figures_dir ""$FIGURES_DIR"" --candidates ""$BASELINE_CSV"" --nets_dir ""$NETS_DIR"""
signal_fix_9_baseline_seed14,signal_fix_9,signal_fix,baseline,baseline_placeholder,paired_group_net,group_net_file,14,BASELINE_SIGNAL_FIX_9,result/active/real_30seed_runs_sampled10/manifests/signal_fix_9_candidates.csv,result/active/nets/signal_fix_9.net.xml,result/active/real_30seed_runs_sampled10/runs/signal_fix_9/baseline/seed14,result/active/real_30seed_runs_sampled10/logs/signal_fix_9/baseline/seed14.log,result/active/real_30seed_runs_sampled10/runs/signal_fix_9/baseline/seed14/simulation_results_seed.csv,result/active/real_30seed_runs_sampled10/manifests/run_validation_manifest.csv,True,"python3 -m smart_crosswalk_sumo.run_sampled10_group --candidate-csv ""$BASELINE_CSV"" --net-file ""$NET_FILE"" --seed ""$seed"" --output-dir ""$out_dir"" --sim-duration 600 --warmup 0 --traci_step_length 0.1 --traffic_measure_radius_m 500.0 --extension_increment 5.0 --max_extensions 1 --metric-sample-interval 10 --vehicle-sample-interval 10 --progress-interval 60 --phase-aligned-ped-depart --ped-repeat-count 5 --ped-repeat-spacing-sec 2 --include-vehicles --manifest-row-role ""baseline_placeholder"" --manifest-crosswalk-id ""BASELINE_SIGNAL_FIX_9"" && python3 -m smart_crosswalk_sumo.generate_reports --output_dir ""$out_dir"" --figures_dir ""$FIGURES_DIR"" --candidates ""$BASELINE_CSV"" --nets_dir ""$NETS_DIR"""
signal_fix_9_baseline_seed15,signal_fix_9,signal_fix,baseline,baseline_placeholder,paired_group_net,group_net_file,15,BASELINE_SIGNAL_FIX_9,result/active/real_30seed_runs_sampled10/manifests/signal_fix_9_candidates.csv,result/active/nets/signal_fix_9.net.xml,result/active/real_30seed_runs_sampled10/runs/signal_fix_9/baseline/seed15,result/active/real_30seed_runs_sampled10/logs/signal_fix_9/baseline/seed15.log,result/active/real_30seed_runs_sampled10/runs/signal_fix_9/baseline/seed15/simulation_results_seed.csv,result/active/real_30seed_runs_sampled10/manifests/run_validation_manifest.csv,True,"python3 -m smart_crosswalk_sumo.run_sampled10_group --candidate-csv ""$BASELINE_CSV"" --net-file ""$NET_FILE"" --seed ""$seed"" --output-dir ""$out_dir"" --sim-duration 600 --warmup 0 --traci_step_length 0.1 --traffic_measure_radius_m 500.0 --extension_increment 5.0 --max_extensions 1 --metric-sample-interval 10 --vehicle-sample-interval 10 --progress-interval 60 --phase-aligned-ped-depart --ped-repeat-count 5 --ped-repeat-spacing-sec 2 --include-vehicles --manifest-row-role ""baseline_placeholder"" --manifest-crosswalk-id ""BASELINE_SIGNAL_FIX_9"" && python3 -m smart_crosswalk_sumo.generate_reports --output_dir ""$out_dir"" --figures_dir ""$FIGURES_DIR"" --candidates ""$BASELINE_CSV"" --nets_dir ""$NETS_DIR"""
signal_fix_9_baseline_seed16,signal_fix_9,signal_fix,baseline,baseline_placeholder,paired_group_net,group_net_file,16,BASELINE_SIGNAL_FIX_9,result/active/real_30seed_runs_sampled10/manifests/signal_fix_9_candidates.csv,result/active/nets/signal_fix_9.net.xml,result/active/real_30seed_runs_sampled10/runs/signal_fix_9/baseline/seed16,result/active/real_30seed_runs_sampled10/logs/signal_fix_9/baseline/seed16.log,result/active/real_30seed_runs_sampled10/runs/signal_fix_9/baseline/seed16/simulation_results_seed.csv,result/active/real_30seed_runs_sampled10/manifests/run_validation_manifest.csv,True,"python3 -m smart_crosswalk_sumo.run_sampled10_group --candidate-csv ""$BASELINE_CSV"" --net-file ""$NET_FILE"" --seed ""$seed"" --output-dir ""$out_dir"" --sim-duration 600 --warmup 0 --traci_step_length 0.1 --traffic_measure_radius_m 500.0 --extension_increment 5.0 --max_extensions 1 --metric-sample-interval 10 --vehicle-sample-interval 10 --progress-interval 60 --phase-aligned-ped-depart --ped-repeat-count 5 --ped-repeat-spacing-sec 2 --include-vehicles --manifest-row-role ""baseline_placeholder"" --manifest-crosswalk-id ""BASELINE_SIGNAL_FIX_9"" && python3 -m smart_crosswalk_sumo.generate_reports --output_dir ""$out_dir"" --figures_dir ""$FIGURES_DIR"" --candidates ""$BASELINE_CSV"" --nets_dir ""$NETS_DIR"""
signal_fix_9_baseline_seed17,signal_fix_9,signal_fix,baseline,baseline_placeholder,paired_group_net,group_net_file,17,BASELINE_SIGNAL_FIX_9,result/active/real_30seed_runs_sampled10/manifests/signal_fix_9_candidates.csv,result/active/nets/signal_fix_9.net.xml,result/active/real_30seed_runs_sampled10/runs/signal_fix_9/baseline/seed17,result/active/real_30seed_runs_sampled10/logs/signal_fix_9/baseline/seed17.log,result/active/real_30seed_runs_sampled10/runs/signal_fix_9/baseline/seed17/simulation_results_seed.csv,result/active/real_30seed_runs_sampled10/manifests/run_validation_manifest.csv,True,"python3 -m smart_crosswalk_sumo.run_sampled10_group --candidate-csv ""$BASELINE_CSV"" --net-file ""$NET_FILE"" --seed ""$seed"" --output-dir ""$out_dir"" --sim-duration 600 --warmup 0 --traci_step_length 0.1 --traffic_measure_radius_m 500.0 --extension_increment 5.0 --max_extensions 1 --metric-sample-interval 10 --vehicle-sample-interval 10 --progress-interval 60 --phase-aligned-ped-depart --ped-repeat-count 5 --ped-repeat-spacing-sec 2 --include-vehicles --manifest-row-role ""baseline_placeholder"" --manifest-crosswalk-id ""BASELINE_SIGNAL_FIX_9"" && python3 -m smart_crosswalk_sumo.generate_reports --output_dir ""$out_dir"" --figures_dir ""$FIGURES_DIR"" --candidates ""$BASELINE_CSV"" --nets_dir ""$NETS_DIR"""
signal_fix_9_baseline_seed18,signal_fix_9,signal_fix,baseline,baseline_placeholder,paired_group_net,group_net_file,18,BASELINE_SIGNAL_FIX_9,result/active/real_30seed_runs_sampled10/manifests/signal_fix_9_candidates.csv,result/active/nets/signal_fix_9.net.xml,result/active/real_30seed_runs_sampled10/runs/signal_fix_9/baseline/seed18,result/active/real_30seed_runs_sampled10/logs/signal_fix_9/baseline/seed18.log,result/active/real_30seed_runs_sampled10/runs/signal_fix_9/baseline/seed18/simulation_results_seed.csv,result/active/real_30seed_runs_sampled10/manifests/run_validation_manifest.csv,True,"python3 -m smart_crosswalk_sumo.run_sampled10_group --candidate-csv ""$BASELINE_CSV"" --net-file ""$NET_FILE"" --seed ""$seed"" --output-dir ""$out_dir"" --sim-duration 600 --warmup 0 --traci_step_length 0.1 --traffic_measure_radius_m 500.0 --extension_increment 5.0 --max_extensions 1 --metric-sample-interval 10 --vehicle-sample-interval 10 --progress-interval 60 --phase-aligned-ped-depart --ped-repeat-count 5 --ped-repeat-spacing-sec 2 --include-vehicles --manifest-row-role ""baseline_placeholder"" --manifest-crosswalk-id ""BASELINE_SIGNAL_FIX_9"" && python3 -m smart_crosswalk_sumo.generate_reports --output_dir ""$out_dir"" --figures_dir ""$FIGURES_DIR"" --candidates ""$BASELINE_CSV"" --nets_dir ""$NETS_DIR"""
signal_fix_9_baseline_seed19,signal_fix_9,signal_fix,baseline,baseline_placeholder,paired_group_net,group_net_file,19,BASELINE_SIGNAL_FIX_9,result/active/real_30seed_runs_sampled10/manifests/signal_fix_9_candidates.csv,result/active/nets/signal_fix_9.net.xml,result/active/real_30seed_runs_sampled10/runs/signal_fix_9/baseline/seed19,result/active/real_30seed_runs_sampled10/logs/signal_fix_9/baseline/seed19.log,result/active/real_30seed_runs_sampled10/runs/signal_fix_9/baseline/seed19/simulation_results_seed.csv,result/active/real_30seed_runs_sampled10/manifests/run_validation_manifest.csv,True,"python3 -m smart_crosswalk_sumo.run_sampled10_group --candidate-csv ""$BASELINE_CSV"" --net-file ""$NET_FILE"" --seed ""$seed"" --output-dir ""$out_dir"" --sim-duration 600 --warmup 0 --traci_step_length 0.1 --traffic_measure_radius_m 500.0 --extension_increment 5.0 --max_extensions 1 --metric-sample-interval 10 --vehicle-sample-interval 10 --progress-interval 60 --phase-aligned-ped-depart --ped-repeat-count 5 --ped-repeat-spacing-sec 2 --include-vehicles --manifest-row-role ""baseline_placeholder"" --manifest-crosswalk-id ""BASELINE_SIGNAL_FIX_9"" && python3 -m smart_crosswalk_sumo.generate_reports --output_dir ""$out_dir"" --figures_dir ""$FIGURES_DIR"" --candidates ""$BASELINE_CSV"" --nets_dir ""$NETS_DIR"""
signal_fix_9_baseline_seed20,signal_fix_9,signal_fix,baseline,baseline_placeholder,paired_group_net,group_net_file,20,BASELINE_SIGNAL_FIX_9,result/active/real_30seed_runs_sampled10/manifests/signal_fix_9_candidates.csv,result/active/nets/signal_fix_9.net.xml,result/active/real_30seed_runs_sampled10/runs/signal_fix_9/baseline/seed20,result/active/real_30seed_runs_sampled10/logs/signal_fix_9/baseline/seed20.log,result/active/real_30seed_runs_sampled10/runs/signal_fix_9/baseline/seed20/simulation_results_seed.csv,result/active/real_30seed_runs_sampled10/manifests/run_validation_manifest.csv,True,"python3 -m smart_crosswalk_sumo.run_sampled10_group --candidate-csv ""$BASELINE_CSV"" --net-file ""$NET_FILE"" --seed ""$seed"" --output-dir ""$out_dir"" --sim-duration 600 --warmup 0 --traci_step_length 0.1 --traffic_measure_radius_m 500.0 --extension_increment 5.0 --max_extensions 1 --metric-sample-interval 10 --vehicle-sample-interval 10 --progress-interval 60 --phase-aligned-ped-depart --ped-repeat-count 5 --ped-repeat-spacing-sec 2 --include-vehicles --manifest-row-role ""baseline_placeholder"" --manifest-crosswalk-id ""BASELINE_SIGNAL_FIX_9"" && python3 -m smart_crosswalk_sumo.generate_reports --output_dir ""$out_dir"" --figures_dir ""$FIGURES_DIR"" --candidates ""$BASELINE_CSV"" --nets_dir ""$NETS_DIR"""
signal_fix_9_baseline_seed21,signal_fix_9,signal_fix,baseline,baseline_placeholder,paired_group_net,group_net_file,21,BASELINE_SIGNAL_FIX_9,result/active/real_30seed_runs_sampled10/manifests/signal_fix_9_candidates.csv,result/active/nets/signal_fix_9.net.xml,result/active/real_30seed_runs_sampled10/runs/signal_fix_9/baseline/seed21,result/active/real_30seed_runs_sampled10/logs/signal_fix_9/baseline/seed21.log,result/active/real_30seed_runs_sampled10/runs/signal_fix_9/baseline/seed21/simulation_results_seed.csv,result/active/real_30seed_runs_sampled10/manifests/run_validation_manifest.csv,True,"python3 -m smart_crosswalk_sumo.run_sampled10_group --candidate-csv ""$BASELINE_CSV"" --net-file ""$NET_FILE"" --seed ""$seed"" --output-dir ""$out_dir"" --sim-duration 600 --warmup 0 --traci_step_length 0.1 --traffic_measure_radius_m 500.0 --extension_increment 5.0 --max_extensions 1 --metric-sample-interval 10 --vehicle-sample-interval 10 --progress-interval 60 --phase-aligned-ped-depart --ped-repeat-count 5 --ped-repeat-spacing-sec 2 --include-vehicles --manifest-row-role ""baseline_placeholder"" --manifest-crosswalk-id ""BASELINE_SIGNAL_FIX_9"" && python3 -m smart_crosswalk_sumo.generate_reports --output_dir ""$out_dir"" --figures_dir ""$FIGURES_DIR"" --candidates ""$BASELINE_CSV"" --nets_dir ""$NETS_DIR"""
signal_fix_9_baseline_seed22,signal_fix_9,signal_fix,baseline,baseline_placeholder,paired_group_net,group_net_file,22,BASELINE_SIGNAL_FIX_9,result/active/real_30seed_runs_sampled10/manifests/signal_fix_9_candidates.csv,result/active/nets/signal_fix_9.net.xml,result/active/real_30seed_runs_sampled10/runs/signal_fix_9/baseline/seed22,result/active/real_30seed_runs_sampled10/logs/signal_fix_9/baseline/seed22.log,result/active/real_30seed_runs_sampled10/runs/signal_fix_9/baseline/seed22/simulation_results_seed.csv,result/active/real_30seed_runs_sampled10/manifests/run_validation_manifest.csv,True,"python3 -m smart_crosswalk_sumo.run_sampled10_group --candidate-csv ""$BASELINE_CSV"" --net-file ""$NET_FILE"" --seed ""$seed"" --output-dir ""$out_dir"" --sim-duration 600 --warmup 0 --traci_step_length 0.1 --traffic_measure_radius_m 500.0 --extension_increment 5.0 --max_extensions 1 --metric-sample-interval 10 --vehicle-sample-interval 10 --progress-interval 60 --phase-aligned-ped-depart --ped-repeat-count 5 --ped-repeat-spacing-sec 2 --include-vehicles --manifest-row-role ""baseline_placeholder"" --manifest-crosswalk-id ""BASELINE_SIGNAL_FIX_9"" && python3 -m smart_crosswalk_sumo.generate_reports --output_dir ""$out_dir"" --figures_dir ""$FIGURES_DIR"" --candidates ""$BASELINE_CSV"" --nets_dir ""$NETS_DIR"""
signal_fix_9_baseline_seed23,signal_fix_9,signal_fix,baseline,baseline_placeholder,paired_group_net,group_net_file,23,BASELINE_SIGNAL_FIX_9,result/active/real_30seed_runs_sampled10/manifests/signal_fix_9_candidates.csv,result/active/nets/signal_fix_9.net.xml,result/active/real_30seed_runs_sampled10/runs/signal_fix_9/baseline/seed23,result/active/real_30seed_runs_sampled10/logs/signal_fix_9/baseline/seed23.log,result/active/real_30seed_runs_sampled10/runs/signal_fix_9/baseline/seed23/simulation_results_seed.csv,result/active/real_30seed_runs_sampled10/manifests/run_validation_manifest.csv,True,"python3 -m smart_crosswalk_sumo.run_sampled10_group --candidate-csv ""$BASELINE_CSV"" --net-file ""$NET_FILE"" --seed ""$seed"" --output-dir ""$out_dir"" --sim-duration 600 --warmup 0 --traci_step_length 0.1 --traffic_measure_radius_m 500.0 --extension_increment 5.0 --max_extensions 1 --metric-sample-interval 10 --vehicle-sample-interval 10 --progress-interval 60 --phase-aligned-ped-depart --ped-repeat-count 5 --ped-repeat-spacing-sec 2 --include-vehicles --manifest-row-role ""baseline_placeholder"" --manifest-crosswalk-id ""BASELINE_SIGNAL_FIX_9"" && python3 -m smart_crosswalk_sumo.generate_reports --output_dir ""$out_dir"" --figures_dir ""$FIGURES_DIR"" --candidates ""$BASELINE_CSV"" --nets_dir ""$NETS_DIR"""
signal_fix_9_baseline_seed24,signal_fix_9,signal_fix,baseline,baseline_placeholder,paired_group_net,group_net_file,24,BASELINE_SIGNAL_FIX_9,result/active/real_30seed_runs_sampled10/manifests/signal_fix_9_candidates.csv,result/active/nets/signal_fix_9.net.xml,result/active/real_30seed_runs_sampled10/runs/signal_fix_9/baseline/seed24,result/active/real_30seed_runs_sampled10/logs/signal_fix_9/baseline/seed24.log,result/active/real_30seed_runs_sampled10/runs/signal_fix_9/baseline/seed24/simulation_results_seed.csv,result/active/real_30seed_runs_sampled10/manifests/run_validation_manifest.csv,True,"python3 -m smart_crosswalk_sumo.run_sampled10_group --candidate-csv ""$BASELINE_CSV"" --net-file ""$NET_FILE"" --seed ""$seed"" --output-dir ""$out_dir"" --sim-duration 600 --warmup 0 --traci_step_length 0.1 --traffic_measure_radius_m 500.0 --extension_increment 5.0 --max_extensions 1 --metric-sample-interval 10 --vehicle-sample-interval 10 --progress-interval 60 --phase-aligned-ped-depart --ped-repeat-count 5 --ped-repeat-spacing-sec 2 --include-vehicles --manifest-row-role ""baseline_placeholder"" --manifest-crosswalk-id ""BASELINE_SIGNAL_FIX_9"" && python3 -m smart_crosswalk_sumo.generate_reports --output_dir ""$out_dir"" --figures_dir ""$FIGURES_DIR"" --candidates ""$BASELINE_CSV"" --nets_dir ""$NETS_DIR"""
signal_fix_9_baseline_seed25,signal_fix_9,signal_fix,baseline,baseline_placeholder,paired_group_net,group_net_file,25,BASELINE_SIGNAL_FIX_9,result/active/real_30seed_runs_sampled10/manifests/signal_fix_9_candidates.csv,result/active/nets/signal_fix_9.net.xml,result/active/real_30seed_runs_sampled10/runs/signal_fix_9/baseline/seed25,result/active/real_30seed_runs_sampled10/logs/signal_fix_9/baseline/seed25.log,result/active/real_30seed_runs_sampled10/runs/signal_fix_9/baseline/seed25/simulation_results_seed.csv,result/active/real_30seed_runs_sampled10/manifests/run_validation_manifest.csv,True,"python3 -m smart_crosswalk_sumo.run_sampled10_group --candidate-csv ""$BASELINE_CSV"" --net-file ""$NET_FILE"" --seed ""$seed"" --output-dir ""$out_dir"" --sim-duration 600 --warmup 0 --traci_step_length 0.1 --traffic_measure_radius_m 500.0 --extension_increment 5.0 --max_extensions 1 --metric-sample-interval 10 --vehicle-sample-interval 10 --progress-interval 60 --phase-aligned-ped-depart --ped-repeat-count 5 --ped-repeat-spacing-sec 2 --include-vehicles --manifest-row-role ""baseline_placeholder"" --manifest-crosswalk-id ""BASELINE_SIGNAL_FIX_9"" && python3 -m smart_crosswalk_sumo.generate_reports --output_dir ""$out_dir"" --figures_dir ""$FIGURES_DIR"" --candidates ""$BASELINE_CSV"" --nets_dir ""$NETS_DIR"""
signal_fix_9_baseline_seed26,signal_fix_9,signal_fix,baseline,baseline_placeholder,paired_group_net,group_net_file,26,BASELINE_SIGNAL_FIX_9,result/active/real_30seed_runs_sampled10/manifests/signal_fix_9_candidates.csv,result/active/nets/signal_fix_9.net.xml,result/active/real_30seed_runs_sampled10/runs/signal_fix_9/baseline/seed26,result/active/real_30seed_runs_sampled10/logs/signal_fix_9/baseline/seed26.log,result/active/real_30seed_runs_sampled10/runs/signal_fix_9/baseline/seed26/simulation_results_seed.csv,result/active/real_30seed_runs_sampled10/manifests/run_validation_manifest.csv,True,"python3 -m smart_crosswalk_sumo.run_sampled10_group --candidate-csv ""$BASELINE_CSV"" --net-file ""$NET_FILE"" --seed ""$seed"" --output-dir ""$out_dir"" --sim-duration 600 --warmup 0 --traci_step_length 0.1 --traffic_measure_radius_m 500.0 --extension_increment 5.0 --max_extensions 1 --metric-sample-interval 10 --vehicle-sample-interval 10 --progress-interval 60 --phase-aligned-ped-depart --ped-repeat-count 5 --ped-repeat-spacing-sec 2 --include-vehicles --manifest-row-role ""baseline_placeholder"" --manifest-crosswalk-id ""BASELINE_SIGNAL_FIX_9"" && python3 -m smart_crosswalk_sumo.generate_reports --output_dir ""$out_dir"" --figures_dir ""$FIGURES_DIR"" --candidates ""$BASELINE_CSV"" --nets_dir ""$NETS_DIR"""
signal_fix_9_baseline_seed27,signal_fix_9,signal_fix,baseline,baseline_placeholder,paired_group_net,group_net_file,27,BASELINE_SIGNAL_FIX_9,result/active/real_30seed_runs_sampled10/manifests/signal_fix_9_candidates.csv,result/active/nets/signal_fix_9.net.xml,result/active/real_30seed_runs_sampled10/runs/signal_fix_9/baseline/seed27,result/active/real_30seed_runs_sampled10/logs/signal_fix_9/baseline/seed27.log,result/active/real_30seed_runs_sampled10/runs/signal_fix_9/baseline/seed27/simulation_results_seed.csv,result/active/real_30seed_runs_sampled10/manifests/run_validation_manifest.csv,True,"python3 -m smart_crosswalk_sumo.run_sampled10_group --candidate-csv ""$BASELINE_CSV"" --net-file ""$NET_FILE"" --seed ""$seed"" --output-dir ""$out_dir"" --sim-duration 600 --warmup 0 --traci_step_length 0.1 --traffic_measure_radius_m 500.0 --extension_increment 5.0 --max_extensions 1 --metric-sample-interval 10 --vehicle-sample-interval 10 --progress-interval 60 --phase-aligned-ped-depart --ped-repeat-count 5 --ped-repeat-spacing-sec 2 --include-vehicles --manifest-row-role ""baseline_placeholder"" --manifest-crosswalk-id ""BASELINE_SIGNAL_FIX_9"" && python3 -m smart_crosswalk_sumo.generate_reports --output_dir ""$out_dir"" --figures_dir ""$FIGURES_DIR"" --candidates ""$BASELINE_CSV"" --nets_dir ""$NETS_DIR"""
signal_fix_9_baseline_seed28,signal_fix_9,signal_fix,baseline,baseline_placeholder,paired_group_net,group_net_file,28,BASELINE_SIGNAL_FIX_9,result/active/real_30seed_runs_sampled10/manifests/signal_fix_9_candidates.csv,result/active/nets/signal_fix_9.net.xml,result/active/real_30seed_runs_sampled10/runs/signal_fix_9/baseline/seed28,result/active/real_30seed_runs_sampled10/logs/signal_fix_9/baseline/seed28.log,result/active/real_30seed_runs_sampled10/runs/signal_fix_9/baseline/seed28/simulation_results_seed.csv,result/active/real_30seed_runs_sampled10/manifests/run_validation_manifest.csv,True,"python3 -m smart_crosswalk_sumo.run_sampled10_group --candidate-csv ""$BASELINE_CSV"" --net-file ""$NET_FILE"" --seed ""$seed"" --output-dir ""$out_dir"" --sim-duration 600 --warmup 0 --traci_step_length 0.1 --traffic_measure_radius_m 500.0 --extension_increment 5.0 --max_extensions 1 --metric-sample-interval 10 --vehicle-sample-interval 10 --progress-interval 60 --phase-aligned-ped-depart --ped-repeat-count 5 --ped-repeat-spacing-sec 2 --include-vehicles --manifest-row-role ""baseline_placeholder"" --manifest-crosswalk-id ""BASELINE_SIGNAL_FIX_9"" && python3 -m smart_crosswalk_sumo.generate_reports --output_dir ""$out_dir"" --figures_dir ""$FIGURES_DIR"" --candidates ""$BASELINE_CSV"" --nets_dir ""$NETS_DIR"""
signal_fix_9_baseline_seed29,signal_fix_9,signal_fix,baseline,baseline_placeholder,paired_group_net,group_net_file,29,BASELINE_SIGNAL_FIX_9,result/active/real_30seed_runs_sampled10/manifests/signal_fix_9_candidates.csv,result/active/nets/signal_fix_9.net.xml,result/active/real_30seed_runs_sampled10/runs/signal_fix_9/baseline/seed29,result/active/real_30seed_runs_sampled10/logs/signal_fix_9/baseline/seed29.log,result/active/real_30seed_runs_sampled10/runs/signal_fix_9/baseline/seed29/simulation_results_seed.csv,result/active/real_30seed_runs_sampled10/manifests/run_validation_manifest.csv,True,"python3 -m smart_crosswalk_sumo.run_sampled10_group --candidate-csv ""$BASELINE_CSV"" --net-file ""$NET_FILE"" --seed ""$seed"" --output-dir ""$out_dir"" --sim-duration 600 --warmup 0 --traci_step_length 0.1 --traffic_measure_radius_m 500.0 --extension_increment 5.0 --max_extensions 1 --metric-sample-interval 10 --vehicle-sample-interval 10 --progress-interval 60 --phase-aligned-ped-depart --ped-repeat-count 5 --ped-repeat-spacing-sec 2 --include-vehicles --manifest-row-role ""baseline_placeholder"" --manifest-crosswalk-id ""BASELINE_SIGNAL_FIX_9"" && python3 -m smart_crosswalk_sumo.generate_reports --output_dir ""$out_dir"" --figures_dir ""$FIGURES_DIR"" --candidates ""$BASELINE_CSV"" --nets_dir ""$NETS_DIR"""
signal_fix_9_baseline_seed30,signal_fix_9,signal_fix,baseline,baseline_placeholder,paired_group_net,group_net_file,30,BASELINE_SIGNAL_FIX_9,result/active/real_30seed_runs_sampled10/manifests/signal_fix_9_candidates.csv,result/active/nets/signal_fix_9.net.xml,result/active/real_30seed_runs_sampled10/runs/signal_fix_9/baseline/seed30,result/active/real_30seed_runs_sampled10/logs/signal_fix_9/baseline/seed30.log,result/active/real_30seed_runs_sampled10/runs/signal_fix_9/baseline/seed30/simulation_results_seed.csv,result/active/real_30seed_runs_sampled10/manifests/run_validation_manifest.csv,True,"python3 -m smart_crosswalk_sumo.run_sampled10_group --candidate-csv ""$BASELINE_CSV"" --net-file ""$NET_FILE"" --seed ""$seed"" --output-dir ""$out_dir"" --sim-duration 600 --warmup 0 --traci_step_length 0.1 --traffic_measure_radius_m 500.0 --extension_increment 5.0 --max_extensions 1 --metric-sample-interval 10 --vehicle-sample-interval 10 --progress-interval 60 --phase-aligned-ped-depart --ped-repeat-count 5 --ped-repeat-spacing-sec 2 --include-vehicles --manifest-row-role ""baseline_placeholder"" --manifest-crosswalk-id ""BASELINE_SIGNAL_FIX_9"" && python3 -m smart_crosswalk_sumo.generate_reports --output_dir ""$out_dir"" --figures_dir ""$FIGURES_DIR"" --candidates ""$BASELINE_CSV"" --nets_dir ""$NETS_DIR"""
generated_signal_7_baseline_seed01,generated_signal_7,generated_signal,baseline,baseline_placeholder,paired_group_net,group_net_file,1,BASELINE_GENERATED_SIGNAL_7,result/active/real_30seed_runs_sampled10/manifests/generated_signal_7_candidates.csv,result/active/nets/generated_signal_7.net.xml,result/active/real_30seed_runs_sampled10/runs/generated_signal_7/baseline/seed01,result/active/real_30seed_runs_sampled10/logs/generated_signal_7/baseline/seed01.log,result/active/real_30seed_runs_sampled10/runs/generated_signal_7/baseline/seed01/simulation_results_seed.csv,result/active/real_30seed_runs_sampled10/manifests/run_validation_manifest.csv,True,"python3 -m smart_crosswalk_sumo.run_sampled10_group --candidate-csv ""$BASELINE_CSV"" --net-file ""$NET_FILE"" --seed ""$seed"" --output-dir ""$out_dir"" --sim-duration 600 --warmup 0 --traci_step_length 0.1 --traffic_measure_radius_m 500.0 --extension_increment 5.0 --max_extensions 1 --metric-sample-interval 10 --vehicle-sample-interval 10 --progress-interval 60 --phase-aligned-ped-depart --ped-repeat-count 5 --ped-repeat-spacing-sec 2 --include-vehicles --manifest-row-role ""baseline_placeholder"" --manifest-crosswalk-id ""BASELINE_GENERATED_SIGNAL_7"" && python3 -m smart_crosswalk_sumo.generate_reports --output_dir ""$out_dir"" --figures_dir ""$FIGURES_DIR"" --candidates ""$BASELINE_CSV"" --nets_dir ""$NETS_DIR"""
generated_signal_7_baseline_seed02,generated_signal_7,generated_signal,baseline,baseline_placeholder,paired_group_net,group_net_file,2,BASELINE_GENERATED_SIGNAL_7,result/active/real_30seed_runs_sampled10/manifests/generated_signal_7_candidates.csv,result/active/nets/generated_signal_7.net.xml,result/active/real_30seed_runs_sampled10/runs/generated_signal_7/baseline/seed02,result/active/real_30seed_runs_sampled10/logs/generated_signal_7/baseline/seed02.log,result/active/real_30seed_runs_sampled10/runs/generated_signal_7/baseline/seed02/simulation_results_seed.csv,result/active/real_30seed_runs_sampled10/manifests/run_validation_manifest.csv,True,"python3 -m smart_crosswalk_sumo.run_sampled10_group --candidate-csv ""$BASELINE_CSV"" --net-file ""$NET_FILE"" --seed ""$seed"" --output-dir ""$out_dir"" --sim-duration 600 --warmup 0 --traci_step_length 0.1 --traffic_measure_radius_m 500.0 --extension_increment 5.0 --max_extensions 1 --metric-sample-interval 10 --vehicle-sample-interval 10 --progress-interval 60 --phase-aligned-ped-depart --ped-repeat-count 5 --ped-repeat-spacing-sec 2 --include-vehicles --manifest-row-role ""baseline_placeholder"" --manifest-crosswalk-id ""BASELINE_GENERATED_SIGNAL_7"" && python3 -m smart_crosswalk_sumo.generate_reports --output_dir ""$out_dir"" --figures_dir ""$FIGURES_DIR"" --candidates ""$BASELINE_CSV"" --nets_dir ""$NETS_DIR"""
generated_signal_7_baseline_seed03,generated_signal_7,generated_signal,baseline,baseline_placeholder,paired_group_net,group_net_file,3,BASELINE_GENERATED_SIGNAL_7,result/active/real_30seed_runs_sampled10/manifests/generated_signal_7_candidates.csv,result/active/nets/generated_signal_7.net.xml,result/active/real_30seed_runs_sampled10/runs/generated_signal_7/baseline/seed03,result/active/real_30seed_runs_sampled10/logs/generated_signal_7/baseline/seed03.log,result/active/real_30seed_runs_sampled10/runs/generated_signal_7/baseline/seed03/simulation_results_seed.csv,result/active/real_30seed_runs_sampled10/manifests/run_validation_manifest.csv,True,"python3 -m smart_crosswalk_sumo.run_sampled10_group --candidate-csv ""$BASELINE_CSV"" --net-file ""$NET_FILE"" --seed ""$seed"" --output-dir ""$out_dir"" --sim-duration 600 --warmup 0 --traci_step_length 0.1 --traffic_measure_radius_m 500.0 --extension_increment 5.0 --max_extensions 1 --metric-sample-interval 10 --vehicle-sample-interval 10 --progress-interval 60 --phase-aligned-ped-depart --ped-repeat-count 5 --ped-repeat-spacing-sec 2 --include-vehicles --manifest-row-role ""baseline_placeholder"" --manifest-crosswalk-id ""BASELINE_GENERATED_SIGNAL_7"" && python3 -m smart_crosswalk_sumo.generate_reports --output_dir ""$out_dir"" --figures_dir ""$FIGURES_DIR"" --candidates ""$BASELINE_CSV"" --nets_dir ""$NETS_DIR"""
generated_signal_7_baseline_seed04,generated_signal_7,generated_signal,baseline,baseline_placeholder,paired_group_net,group_net_file,4,BASELINE_GENERATED_SIGNAL_7,result/active/real_30seed_runs_sampled10/manifests/generated_signal_7_candidates.csv,result/active/nets/generated_signal_7.net.xml,result/active/real_30seed_runs_sampled10/runs/generated_signal_7/baseline/seed04,result/active/real_30seed_runs_sampled10/logs/generated_signal_7/baseline/seed04.log,result/active/real_30seed_runs_sampled10/runs/generated_signal_7/baseline/seed04/simulation_results_seed.csv,result/active/real_30seed_runs_sampled10/manifests/run_validation_manifest.csv,True,"python3 -m smart_crosswalk_sumo.run_sampled10_group --candidate-csv ""$BASELINE_CSV"" --net-file ""$NET_FILE"" --seed ""$seed"" --output-dir ""$out_dir"" --sim-duration 600 --warmup 0 --traci_step_length 0.1 --traffic_measure_radius_m 500.0 --extension_increment 5.0 --max_extensions 1 --metric-sample-interval 10 --vehicle-sample-interval 10 --progress-interval 60 --phase-aligned-ped-depart --ped-repeat-count 5 --ped-repeat-spacing-sec 2 --include-vehicles --manifest-row-role ""baseline_placeholder"" --manifest-crosswalk-id ""BASELINE_GENERATED_SIGNAL_7"" && python3 -m smart_crosswalk_sumo.generate_reports --output_dir ""$out_dir"" --figures_dir ""$FIGURES_DIR"" --candidates ""$BASELINE_CSV"" --nets_dir ""$NETS_DIR"""
generated_signal_7_baseline_seed05,generated_signal_7,generated_signal,baseline,baseline_placeholder,paired_group_net,group_net_file,5,BASELINE_GENERATED_SIGNAL_7,result/active/real_30seed_runs_sampled10/manifests/generated_signal_7_candidates.csv,result/active/nets/generated_signal_7.net.xml,result/active/real_30seed_runs_sampled10/runs/generated_signal_7/baseline/seed05,result/active/real_30seed_runs_sampled10/logs/generated_signal_7/baseline/seed05.log,result/active/real_30seed_runs_sampled10/runs/generated_signal_7/baseline/seed05/simulation_results_seed.csv,result/active/real_30seed_runs_sampled10/manifests/run_validation_manifest.csv,True,"python3 -m smart_crosswalk_sumo.run_sampled10_group --candidate-csv ""$BASELINE_CSV"" --net-file ""$NET_FILE"" --seed ""$seed"" --output-dir ""$out_dir"" --sim-duration 600 --warmup 0 --traci_step_length 0.1 --traffic_measure_radius_m 500.0 --extension_increment 5.0 --max_extensions 1 --metric-sample-interval 10 --vehicle-sample-interval 10 --progress-interval 60 --phase-aligned-ped-depart --ped-repeat-count 5 --ped-repeat-spacing-sec 2 --include-vehicles --manifest-row-role ""baseline_placeholder"" --manifest-crosswalk-id ""BASELINE_GENERATED_SIGNAL_7"" && python3 -m smart_crosswalk_sumo.generate_reports --output_dir ""$out_dir"" --figures_dir ""$FIGURES_DIR"" --candidates ""$BASELINE_CSV"" --nets_dir ""$NETS_DIR"""
generated_signal_7_baseline_seed06,generated_signal_7,generated_signal,baseline,baseline_placeholder,paired_group_net,group_net_file,6,BASELINE_GENERATED_SIGNAL_7,result/active/real_30seed_runs_sampled10/manifests/generated_signal_7_candidates.csv,result/active/nets/generated_signal_7.net.xml,result/active/real_30seed_runs_sampled10/runs/generated_signal_7/baseline/seed06,result/active/real_30seed_runs_sampled10/logs/generated_signal_7/baseline/seed06.log,result/active/real_30seed_runs_sampled10/runs/generated_signal_7/baseline/seed06/simulation_results_seed.csv,result/active/real_30seed_runs_sampled10/manifests/run_validation_manifest.csv,True,"python3 -m smart_crosswalk_sumo.run_sampled10_group --candidate-csv ""$BASELINE_CSV"" --net-file ""$NET_FILE"" --seed ""$seed"" --output-dir ""$out_dir"" --sim-duration 600 --warmup 0 --traci_step_length 0.1 --traffic_measure_radius_m 500.0 --extension_increment 5.0 --max_extensions 1 --metric-sample-interval 10 --vehicle-sample-interval 10 --progress-interval 60 --phase-aligned-ped-depart --ped-repeat-count 5 --ped-repeat-spacing-sec 2 --include-vehicles --manifest-row-role ""baseline_placeholder"" --manifest-crosswalk-id ""BASELINE_GENERATED_SIGNAL_7"" && python3 -m smart_crosswalk_sumo.generate_reports --output_dir ""$out_dir"" --figures_dir ""$FIGURES_DIR"" --candidates ""$BASELINE_CSV"" --nets_dir ""$NETS_DIR"""
generated_signal_7_baseline_seed07,generated_signal_7,generated_signal,baseline,baseline_placeholder,paired_group_net,group_net_file,7,BASELINE_GENERATED_SIGNAL_7,result/active/real_30seed_runs_sampled10/manifests/generated_signal_7_candidates.csv,result/active/nets/generated_signal_7.net.xml,result/active/real_30seed_runs_sampled10/runs/generated_signal_7/baseline/seed07,result/active/real_30seed_runs_sampled10/logs/generated_signal_7/baseline/seed07.log,result/active/real_30seed_runs_sampled10/runs/generated_signal_7/baseline/seed07/simulation_results_seed.csv,result/active/real_30seed_runs_sampled10/manifests/run_validation_manifest.csv,True,"python3 -m smart_crosswalk_sumo.run_sampled10_group --candidate-csv ""$BASELINE_CSV"" --net-file ""$NET_FILE"" --seed ""$seed"" --output-dir ""$out_dir"" --sim-duration 600 --warmup 0 --traci_step_length 0.1 --traffic_measure_radius_m 500.0 --extension_increment 5.0 --max_extensions 1 --metric-sample-interval 10 --vehicle-sample-interval 10 --progress-interval 60 --phase-aligned-ped-depart --ped-repeat-count 5 --ped-repeat-spacing-sec 2 --include-vehicles --manifest-row-role ""baseline_placeholder"" --manifest-crosswalk-id ""BASELINE_GENERATED_SIGNAL_7"" && python3 -m smart_crosswalk_sumo.generate_reports --output_dir ""$out_dir"" --figures_dir ""$FIGURES_DIR"" --candidates ""$BASELINE_CSV"" --nets_dir ""$NETS_DIR"""
generated_signal_7_baseline_seed08,generated_signal_7,generated_signal,baseline,baseline_placeholder,paired_group_net,group_net_file,8,BASELINE_GENERATED_SIGNAL_7,result/active/real_30seed_runs_sampled10/manifests/generated_signal_7_candidates.csv,result/active/nets/generated_signal_7.net.xml,result/active/real_30seed_runs_sampled10/runs/generated_signal_7/baseline/seed08,result/active/real_30seed_runs_sampled10/logs/generated_signal_7/baseline/seed08.log,result/active/real_30seed_runs_sampled10/runs/generated_signal_7/baseline/seed08/simulation_results_seed.csv,result/active/real_30seed_runs_sampled10/manifests/run_validation_manifest.csv,True,"python3 -m smart_crosswalk_sumo.run_sampled10_group --candidate-csv ""$BASELINE_CSV"" --net-file ""$NET_FILE"" --seed ""$seed"" --output-dir ""$out_dir"" --sim-duration 600 --warmup 0 --traci_step_length 0.1 --traffic_measure_radius_m 500.0 --extension_increment 5.0 --max_extensions 1 --metric-sample-interval 10 --vehicle-sample-interval 10 --progress-interval 60 --phase-aligned-ped-depart --ped-repeat-count 5 --ped-repeat-spacing-sec 2 --include-vehicles --manifest-row-role ""baseline_placeholder"" --manifest-crosswalk-id ""BASELINE_GENERATED_SIGNAL_7"" && python3 -m smart_crosswalk_sumo.generate_reports --output_dir ""$out_dir"" --figures_dir ""$FIGURES_DIR"" --candidates ""$BASELINE_CSV"" --nets_dir ""$NETS_DIR"""
generated_signal_7_baseline_seed09,generated_signal_7,generated_signal,baseline,baseline_placeholder,paired_group_net,group_net_file,9,BASELINE_GENERATED_SIGNAL_7,result/active/real_30seed_runs_sampled10/manifests/generated_signal_7_candidates.csv,result/active/nets/generated_signal_7.net.xml,result/active/real_30seed_runs_sampled10/runs/generated_signal_7/baseline/seed09,result/active/real_30seed_runs_sampled10/logs/generated_signal_7/baseline/seed09.log,result/active/real_30seed_runs_sampled10/runs/generated_signal_7/baseline/seed09/simulation_results_seed.csv,result/active/real_30seed_runs_sampled10/manifests/run_validation_manifest.csv,True,"python3 -m smart_crosswalk_sumo.run_sampled10_group --candidate-csv ""$BASELINE_CSV"" --net-file ""$NET_FILE"" --seed ""$seed"" --output-dir ""$out_dir"" --sim-duration 600 --warmup 0 --traci_step_length 0.1 --traffic_measure_radius_m 500.0 --extension_increment 5.0 --max_extensions 1 --metric-sample-interval 10 --vehicle-sample-interval 10 --progress-interval 60 --phase-aligned-ped-depart --ped-repeat-count 5 --ped-repeat-spacing-sec 2 --include-vehicles --manifest-row-role ""baseline_placeholder"" --manifest-crosswalk-id ""BASELINE_GENERATED_SIGNAL_7"" && python3 -m smart_crosswalk_sumo.generate_reports --output_dir ""$out_dir"" --figures_dir ""$FIGURES_DIR"" --candidates ""$BASELINE_CSV"" --nets_dir ""$NETS_DIR"""
generated_signal_7_baseline_seed10,generated_signal_7,generated_signal,baseline,baseline_placeholder,paired_group_net,group_net_file,10,BASELINE_GENERATED_SIGNAL_7,result/active/real_30seed_runs_sampled10/manifests/generated_signal_7_candidates.csv,result/active/nets/generated_signal_7.net.xml,result/active/real_30seed_runs_sampled10/runs/generated_signal_7/baseline/seed10,result/active/real_30seed_runs_sampled10/logs/generated_signal_7/baseline/seed10.log,result/active/real_30seed_runs_sampled10/runs/generated_signal_7/baseline/seed10/simulation_results_seed.csv,result/active/real_30seed_runs_sampled10/manifests/run_validation_manifest.csv,True,"python3 -m smart_crosswalk_sumo.run_sampled10_group --candidate-csv ""$BASELINE_CSV"" --net-file ""$NET_FILE"" --seed ""$seed"" --output-dir ""$out_dir"" --sim-duration 600 --warmup 0 --traci_step_length 0.1 --traffic_measure_radius_m 500.0 --extension_increment 5.0 --max_extensions 1 --metric-sample-interval 10 --vehicle-sample-interval 10 --progress-interval 60 --phase-aligned-ped-depart --ped-repeat-count 5 --ped-repeat-spacing-sec 2 --include-vehicles --manifest-row-role ""baseline_placeholder"" --manifest-crosswalk-id ""BASELINE_GENERATED_SIGNAL_7"" && python3 -m smart_crosswalk_sumo.generate_reports --output_dir ""$out_dir"" --figures_dir ""$FIGURES_DIR"" --candidates ""$BASELINE_CSV"" --nets_dir ""$NETS_DIR"""
generated_signal_7_baseline_seed11,generated_signal_7,generated_signal,baseline,baseline_placeholder,paired_group_net,group_net_file,11,BASELINE_GENERATED_SIGNAL_7,result/active/real_30seed_runs_sampled10/manifests/generated_signal_7_candidates.csv,result/active/nets/generated_signal_7.net.xml,result/active/real_30seed_runs_sampled10/runs/generated_signal_7/baseline/seed11,result/active/real_30seed_runs_sampled10/logs/generated_signal_7/baseline/seed11.log,result/active/real_30seed_runs_sampled10/runs/generated_signal_7/baseline/seed11/simulation_results_seed.csv,result/active/real_30seed_runs_sampled10/manifests/run_validation_manifest.csv,True,"python3 -m smart_crosswalk_sumo.run_sampled10_group --candidate-csv ""$BASELINE_CSV"" --net-file ""$NET_FILE"" --seed ""$seed"" --output-dir ""$out_dir"" --sim-duration 600 --warmup 0 --traci_step_length 0.1 --traffic_measure_radius_m 500.0 --extension_increment 5.0 --max_extensions 1 --metric-sample-interval 10 --vehicle-sample-interval 10 --progress-interval 60 --phase-aligned-ped-depart --ped-repeat-count 5 --ped-repeat-spacing-sec 2 --include-vehicles --manifest-row-role ""baseline_placeholder"" --manifest-crosswalk-id ""BASELINE_GENERATED_SIGNAL_7"" && python3 -m smart_crosswalk_sumo.generate_reports --output_dir ""$out_dir"" --figures_dir ""$FIGURES_DIR"" --candidates ""$BASELINE_CSV"" --nets_dir ""$NETS_DIR"""
generated_signal_7_baseline_seed12,generated_signal_7,generated_signal,baseline,baseline_placeholder,paired_group_net,group_net_file,12,BASELINE_GENERATED_SIGNAL_7,result/active/real_30seed_runs_sampled10/manifests/generated_signal_7_candidates.csv,result/active/nets/generated_signal_7.net.xml,result/active/real_30seed_runs_sampled10/runs/generated_signal_7/baseline/seed12,result/active/real_30seed_runs_sampled10/logs/generated_signal_7/baseline/seed12.log,result/active/real_30seed_runs_sampled10/runs/generated_signal_7/baseline/seed12/simulation_results_seed.csv,result/active/real_30seed_runs_sampled10/manifests/run_validation_manifest.csv,True,"python3 -m smart_crosswalk_sumo.run_sampled10_group --candidate-csv ""$BASELINE_CSV"" --net-file ""$NET_FILE"" --seed ""$seed"" --output-dir ""$out_dir"" --sim-duration 600 --warmup 0 --traci_step_length 0.1 --traffic_measure_radius_m 500.0 --extension_increment 5.0 --max_extensions 1 --metric-sample-interval 10 --vehicle-sample-interval 10 --progress-interval 60 --phase-aligned-ped-depart --ped-repeat-count 5 --ped-repeat-spacing-sec 2 --include-vehicles --manifest-row-role ""baseline_placeholder"" --manifest-crosswalk-id ""BASELINE_GENERATED_SIGNAL_7"" && python3 -m smart_crosswalk_sumo.generate_reports --output_dir ""$out_dir"" --figures_dir ""$FIGURES_DIR"" --candidates ""$BASELINE_CSV"" --nets_dir ""$NETS_DIR"""
generated_signal_7_baseline_seed13,generated_signal_7,generated_signal,baseline,baseline_placeholder,paired_group_net,group_net_file,13,BASELINE_GENERATED_SIGNAL_7,result/active/real_30seed_runs_sampled10/manifests/generated_signal_7_candidates.csv,result/active/nets/generated_signal_7.net.xml,result/active/real_30seed_runs_sampled10/runs/generated_signal_7/baseline/seed13,result/active/real_30seed_runs_sampled10/logs/generated_signal_7/baseline/seed13.log,result/active/real_30seed_runs_sampled10/runs/generated_signal_7/baseline/seed13/simulation_results_seed.csv,result/active/real_30seed_runs_sampled10/manifests/run_validation_manifest.csv,True,"python3 -m smart_crosswalk_sumo.run_sampled10_group --candidate-csv ""$BASELINE_CSV"" --net-file ""$NET_FILE"" --seed ""$seed"" --output-dir ""$out_dir"" --sim-duration 600 --warmup 0 --traci_step_length 0.1 --traffic_measure_radius_m 500.0 --extension_increment 5.0 --max_extensions 1 --metric-sample-interval 10 --vehicle-sample-interval 10 --progress-interval 60 --phase-aligned-ped-depart --ped-repeat-count 5 --ped-repeat-spacing-sec 2 --include-vehicles --manifest-row-role ""baseline_placeholder"" --manifest-crosswalk-id ""BASELINE_GENERATED_SIGNAL_7"" && python3 -m smart_crosswalk_sumo.generate_reports --output_dir ""$out_dir"" --figures_dir ""$FIGURES_DIR"" --candidates ""$BASELINE_CSV"" --nets_dir ""$NETS_DIR"""
generated_signal_7_baseline_seed14,generated_signal_7,generated_signal,baseline,baseline_placeholder,paired_group_net,group_net_file,14,BASELINE_GENERATED_SIGNAL_7,result/active/real_30seed_runs_sampled10/manifests/generated_signal_7_candidates.csv,result/active/nets/generated_signal_7.net.xml,result/active/real_30seed_runs_sampled10/runs/generated_signal_7/baseline/seed14,result/active/real_30seed_runs_sampled10/logs/generated_signal_7/baseline/seed14.log,result/active/real_30seed_runs_sampled10/runs/generated_signal_7/baseline/seed14/simulation_results_seed.csv,result/active/real_30seed_runs_sampled10/manifests/run_validation_manifest.csv,True,"python3 -m smart_crosswalk_sumo.run_sampled10_group --candidate-csv ""$BASELINE_CSV"" --net-file ""$NET_FILE"" --seed ""$seed"" --output-dir ""$out_dir"" --sim-duration 600 --warmup 0 --traci_step_length 0.1 --traffic_measure_radius_m 500.0 --extension_increment 5.0 --max_extensions 1 --metric-sample-interval 10 --vehicle-sample-interval 10 --progress-interval 60 --phase-aligned-ped-depart --ped-repeat-count 5 --ped-repeat-spacing-sec 2 --include-vehicles --manifest-row-role ""baseline_placeholder"" --manifest-crosswalk-id ""BASELINE_GENERATED_SIGNAL_7"" && python3 -m smart_crosswalk_sumo.generate_reports --output_dir ""$out_dir"" --figures_dir ""$FIGURES_DIR"" --candidates ""$BASELINE_CSV"" --nets_dir ""$NETS_DIR"""
generated_signal_7_baseline_seed15,generated_signal_7,generated_signal,baseline,baseline_placeholder,paired_group_net,group_net_file,15,BASELINE_GENERATED_SIGNAL_7,result/active/real_30seed_runs_sampled10/manifests/generated_signal_7_candidates.csv,result/active/nets/generated_signal_7.net.xml,result/active/real_30seed_runs_sampled10/runs/generated_signal_7/baseline/seed15,result/active/real_30seed_runs_sampled10/logs/generated_signal_7/baseline/seed15.log,result/active/real_30seed_runs_sampled10/runs/generated_signal_7/baseline/seed15/simulation_results_seed.csv,result/active/real_30seed_runs_sampled10/manifests/run_validation_manifest.csv,True,"python3 -m smart_crosswalk_sumo.run_sampled10_group --candidate-csv ""$BASELINE_CSV"" --net-file ""$NET_FILE"" --seed ""$seed"" --output-dir ""$out_dir"" --sim-duration 600 --warmup 0 --traci_step_length 0.1 --traffic_measure_radius_m 500.0 --extension_increment 5.0 --max_extensions 1 --metric-sample-interval 10 --vehicle-sample-interval 10 --progress-interval 60 --phase-aligned-ped-depart --ped-repeat-count 5 --ped-repeat-spacing-sec 2 --include-vehicles --manifest-row-role ""baseline_placeholder"" --manifest-crosswalk-id ""BASELINE_GENERATED_SIGNAL_7"" && python3 -m smart_crosswalk_sumo.generate_reports --output_dir ""$out_dir"" --figures_dir ""$FIGURES_DIR"" --candidates ""$BASELINE_CSV"" --nets_dir ""$NETS_DIR"""
generated_signal_7_baseline_seed16,generated_signal_7,generated_signal,baseline,baseline_placeholder,paired_group_net,group_net_file,16,BASELINE_GENERATED_SIGNAL_7,result/active/real_30seed_runs_sampled10/manifests/generated_signal_7_candidates.csv,result/active/nets/generated_signal_7.net.xml,result/active/real_30seed_runs_sampled10/runs/generated_signal_7/baseline/seed16,result/active/real_30seed_runs_sampled10/logs/generated_signal_7/baseline/seed16.log,result/active/real_30seed_runs_sampled10/runs/generated_signal_7/baseline/seed16/simulation_results_seed.csv,result/active/real_30seed_runs_sampled10/manifests/run_validation_manifest.csv,True,"python3 -m smart_crosswalk_sumo.run_sampled10_group --candidate-csv ""$BASELINE_CSV"" --net-file ""$NET_FILE"" --seed ""$seed"" --output-dir ""$out_dir"" --sim-duration 600 --warmup 0 --traci_step_length 0.1 --traffic_measure_radius_m 500.0 --extension_increment 5.0 --max_extensions 1 --metric-sample-interval 10 --vehicle-sample-interval 10 --progress-interval 60 --phase-aligned-ped-depart --ped-repeat-count 5 --ped-repeat-spacing-sec 2 --include-vehicles --manifest-row-role ""baseline_placeholder"" --manifest-crosswalk-id ""BASELINE_GENERATED_SIGNAL_7"" && python3 -m smart_crosswalk_sumo.generate_reports --output_dir ""$out_dir"" --figures_dir ""$FIGURES_DIR"" --candidates ""$BASELINE_CSV"" --nets_dir ""$NETS_DIR"""
generated_signal_7_baseline_seed17,generated_signal_7,generated_signal,baseline,baseline_placeholder,paired_group_net,group_net_file,17,BASELINE_GENERATED_SIGNAL_7,result/active/real_30seed_runs_sampled10/manifests/generated_signal_7_candidates.csv,result/active/nets/generated_signal_7.net.xml,result/active/real_30seed_runs_sampled10/runs/generated_signal_7/baseline/seed17,result/active/real_30seed_runs_sampled10/logs/generated_signal_7/baseline/seed17.log,result/active/real_30seed_runs_sampled10/runs/generated_signal_7/baseline/seed17/simulation_results_seed.csv,result/active/real_30seed_runs_sampled10/manifests/run_validation_manifest.csv,True,"python3 -m smart_crosswalk_sumo.run_sampled10_group --candidate-csv ""$BASELINE_CSV"" --net-file ""$NET_FILE"" --seed ""$seed"" --output-dir ""$out_dir"" --sim-duration 600 --warmup 0 --traci_step_length 0.1 --traffic_measure_radius_m 500.0 --extension_increment 5.0 --max_extensions 1 --metric-sample-interval 10 --vehicle-sample-interval 10 --progress-interval 60 --phase-aligned-ped-depart --ped-repeat-count 5 --ped-repeat-spacing-sec 2 --include-vehicles --manifest-row-role ""baseline_placeholder"" --manifest-crosswalk-id ""BASELINE_GENERATED_SIGNAL_7"" && python3 -m smart_crosswalk_sumo.generate_reports --output_dir ""$out_dir"" --figures_dir ""$FIGURES_DIR"" --candidates ""$BASELINE_CSV"" --nets_dir ""$NETS_DIR"""
generated_signal_7_baseline_seed18,generated_signal_7,generated_signal,baseline,baseline_placeholder,paired_group_net,group_net_file,18,BASELINE_GENERATED_SIGNAL_7,result/active/real_30seed_runs_sampled10/manifests/generated_signal_7_candidates.csv,result/active/nets/generated_signal_7.net.xml,result/active/real_30seed_runs_sampled10/runs/generated_signal_7/baseline/seed18,result/active/real_30seed_runs_sampled10/logs/generated_signal_7/baseline/seed18.log,result/active/real_30seed_runs_sampled10/runs/generated_signal_7/baseline/seed18/simulation_results_seed.csv,result/active/real_30seed_runs_sampled10/manifests/run_validation_manifest.csv,True,"python3 -m smart_crosswalk_sumo.run_sampled10_group --candidate-csv ""$BASELINE_CSV"" --net-file ""$NET_FILE"" --seed ""$seed"" --output-dir ""$out_dir"" --sim-duration 600 --warmup 0 --traci_step_length 0.1 --traffic_measure_radius_m 500.0 --extension_increment 5.0 --max_extensions 1 --metric-sample-interval 10 --vehicle-sample-interval 10 --progress-interval 60 --phase-aligned-ped-depart --ped-repeat-count 5 --ped-repeat-spacing-sec 2 --include-vehicles --manifest-row-role ""baseline_placeholder"" --manifest-crosswalk-id ""BASELINE_GENERATED_SIGNAL_7"" && python3 -m smart_crosswalk_sumo.generate_reports --output_dir ""$out_dir"" --figures_dir ""$FIGURES_DIR"" --candidates ""$BASELINE_CSV"" --nets_dir ""$NETS_DIR"""
generated_signal_7_baseline_seed19,generated_signal_7,generated_signal,baseline,baseline_placeholder,paired_group_net,group_net_file,19,BASELINE_GENERATED_SIGNAL_7,result/active/real_30seed_runs_sampled10/manifests/generated_signal_7_candidates.csv,result/active/nets/generated_signal_7.net.xml,result/active/real_30seed_runs_sampled10/runs/generated_signal_7/baseline/seed19,result/active/real_30seed_runs_sampled10/logs/generated_signal_7/baseline/seed19.log,result/active/real_30seed_runs_sampled10/runs/generated_signal_7/baseline/seed19/simulation_results_seed.csv,result/active/real_30seed_runs_sampled10/manifests/run_validation_manifest.csv,True,"python3 -m smart_crosswalk_sumo.run_sampled10_group --candidate-csv ""$BASELINE_CSV"" --net-file ""$NET_FILE"" --seed ""$seed"" --output-dir ""$out_dir"" --sim-duration 600 --warmup 0 --traci_step_length 0.1 --traffic_measure_radius_m 500.0 --extension_increment 5.0 --max_extensions 1 --metric-sample-interval 10 --vehicle-sample-interval 10 --progress-interval 60 --phase-aligned-ped-depart --ped-repeat-count 5 --ped-repeat-spacing-sec 2 --include-vehicles --manifest-row-role ""baseline_placeholder"" --manifest-crosswalk-id ""BASELINE_GENERATED_SIGNAL_7"" && python3 -m smart_crosswalk_sumo.generate_reports --output_dir ""$out_dir"" --figures_dir ""$FIGURES_DIR"" --candidates ""$BASELINE_CSV"" --nets_dir ""$NETS_DIR"""
generated_signal_7_baseline_seed20,generated_signal_7,generated_signal,baseline,baseline_placeholder,paired_group_net,group_net_file,20,BASELINE_GENERATED_SIGNAL_7,result/active/real_30seed_runs_sampled10/manifests/generated_signal_7_candidates.csv,result/active/nets/generated_signal_7.net.xml,result/active/real_30seed_runs_sampled10/runs/generated_signal_7/baseline/seed20,result/active/real_30seed_runs_sampled10/logs/generated_signal_7/baseline/seed20.log,result/active/real_30seed_runs_sampled10/runs/generated_signal_7/baseline/seed20/simulation_results_seed.csv,result/active/real_30seed_runs_sampled10/manifests/run_validation_manifest.csv,True,"python3 -m smart_crosswalk_sumo.run_sampled10_group --candidate-csv ""$BASELINE_CSV"" --net-file ""$NET_FILE"" --seed ""$seed"" --output-dir ""$out_dir"" --sim-duration 600 --warmup 0 --traci_step_length 0.1 --traffic_measure_radius_m 500.0 --extension_increment 5.0 --max_extensions 1 --metric-sample-interval 10 --vehicle-sample-interval 10 --progress-interval 60 --phase-aligned-ped-depart --ped-repeat-count 5 --ped-repeat-spacing-sec 2 --include-vehicles --manifest-row-role ""baseline_placeholder"" --manifest-crosswalk-id ""BASELINE_GENERATED_SIGNAL_7"" && python3 -m smart_crosswalk_sumo.generate_reports --output_dir ""$out_dir"" --figures_dir ""$FIGURES_DIR"" --candidates ""$BASELINE_CSV"" --nets_dir ""$NETS_DIR"""
generated_signal_7_baseline_seed21,generated_signal_7,generated_signal,baseline,baseline_placeholder,paired_group_net,group_net_file,21,BASELINE_GENERATED_SIGNAL_7,result/active/real_30seed_runs_sampled10/manifests/generated_signal_7_candidates.csv,result/active/nets/generated_signal_7.net.xml,result/active/real_30seed_runs_sampled10/runs/generated_signal_7/baseline/seed21,result/active/real_30seed_runs_sampled10/logs/generated_signal_7/baseline/seed21.log,result/active/real_30seed_runs_sampled10/runs/generated_signal_7/baseline/seed21/simulation_results_seed.csv,result/active/real_30seed_runs_sampled10/manifests/run_validation_manifest.csv,True,"python3 -m smart_crosswalk_sumo.run_sampled10_group --candidate-csv ""$BASELINE_CSV"" --net-file ""$NET_FILE"" --seed ""$seed"" --output-dir ""$out_dir"" --sim-duration 600 --warmup 0 --traci_step_length 0.1 --traffic_measure_radius_m 500.0 --extension_increment 5.0 --max_extensions 1 --metric-sample-interval 10 --vehicle-sample-interval 10 --progress-interval 60 --phase-aligned-ped-depart --ped-repeat-count 5 --ped-repeat-spacing-sec 2 --include-vehicles --manifest-row-role ""baseline_placeholder"" --manifest-crosswalk-id ""BASELINE_GENERATED_SIGNAL_7"" && python3 -m smart_crosswalk_sumo.generate_reports --output_dir ""$out_dir"" --figures_dir ""$FIGURES_DIR"" --candidates ""$BASELINE_CSV"" --nets_dir ""$NETS_DIR"""
generated_signal_7_baseline_seed22,generated_signal_7,generated_signal,baseline,baseline_placeholder,paired_group_net,group_net_file,22,BASELINE_GENERATED_SIGNAL_7,result/active/real_30seed_runs_sampled10/manifests/generated_signal_7_candidates.csv,result/active/nets/generated_signal_7.net.xml,result/active/real_30seed_runs_sampled10/runs/generated_signal_7/baseline/seed22,result/active/real_30seed_runs_sampled10/logs/generated_signal_7/baseline/seed22.log,result/active/real_30seed_runs_sampled10/runs/generated_signal_7/baseline/seed22/simulation_results_seed.csv,result/active/real_30seed_runs_sampled10/manifests/run_validation_manifest.csv,True,"python3 -m smart_crosswalk_sumo.run_sampled10_group --candidate-csv ""$BASELINE_CSV"" --net-file ""$NET_FILE"" --seed ""$seed"" --output-dir ""$out_dir"" --sim-duration 600 --warmup 0 --traci_step_length 0.1 --traffic_measure_radius_m 500.0 --extension_increment 5.0 --max_extensions 1 --metric-sample-interval 10 --vehicle-sample-interval 10 --progress-interval 60 --phase-aligned-ped-depart --ped-repeat-count 5 --ped-repeat-spacing-sec 2 --include-vehicles --manifest-row-role ""baseline_placeholder"" --manifest-crosswalk-id ""BASELINE_GENERATED_SIGNAL_7"" && python3 -m smart_crosswalk_sumo.generate_reports --output_dir ""$out_dir"" --figures_dir ""$FIGURES_DIR"" --candidates ""$BASELINE_CSV"" --nets_dir ""$NETS_DIR"""
generated_signal_7_baseline_seed23,generated_signal_7,generated_signal,baseline,baseline_placeholder,paired_group_net,group_net_file,23,BASELINE_GENERATED_SIGNAL_7,result/active/real_30seed_runs_sampled10/manifests/generated_signal_7_candidates.csv,result/active/nets/generated_signal_7.net.xml,result/active/real_30seed_runs_sampled10/runs/generated_signal_7/baseline/seed23,result/active/real_30seed_runs_sampled10/logs/generated_signal_7/baseline/seed23.log,result/active/real_30seed_runs_sampled10/runs/generated_signal_7/baseline/seed23/simulation_results_seed.csv,result/active/real_30seed_runs_sampled10/manifests/run_validation_manifest.csv,True,"python3 -m smart_crosswalk_sumo.run_sampled10_group --candidate-csv ""$BASELINE_CSV"" --net-file ""$NET_FILE"" --seed ""$seed"" --output-dir ""$out_dir"" --sim-duration 600 --warmup 0 --traci_step_length 0.1 --traffic_measure_radius_m 500.0 --extension_increment 5.0 --max_extensions 1 --metric-sample-interval 10 --vehicle-sample-interval 10 --progress-interval 60 --phase-aligned-ped-depart --ped-repeat-count 5 --ped-repeat-spacing-sec 2 --include-vehicles --manifest-row-role ""baseline_placeholder"" --manifest-crosswalk-id ""BASELINE_GENERATED_SIGNAL_7"" && python3 -m smart_crosswalk_sumo.generate_reports --output_dir ""$out_dir"" --figures_dir ""$FIGURES_DIR"" --candidates ""$BASELINE_CSV"" --nets_dir ""$NETS_DIR"""
generated_signal_7_baseline_seed24,generated_signal_7,generated_signal,baseline,baseline_placeholder,paired_group_net,group_net_file,24,BASELINE_GENERATED_SIGNAL_7,result/active/real_30seed_runs_sampled10/manifests/generated_signal_7_candidates.csv,result/active/nets/generated_signal_7.net.xml,result/active/real_30seed_runs_sampled10/runs/generated_signal_7/baseline/seed24,result/active/real_30seed_runs_sampled10/logs/generated_signal_7/baseline/seed24.log,result/active/real_30seed_runs_sampled10/runs/generated_signal_7/baseline/seed24/simulation_results_seed.csv,result/active/real_30seed_runs_sampled10/manifests/run_validation_manifest.csv,True,"python3 -m smart_crosswalk_sumo.run_sampled10_group --candidate-csv ""$BASELINE_CSV"" --net-file ""$NET_FILE"" --seed ""$seed"" --output-dir ""$out_dir"" --sim-duration 600 --warmup 0 --traci_step_length 0.1 --traffic_measure_radius_m 500.0 --extension_increment 5.0 --max_extensions 1 --metric-sample-interval 10 --vehicle-sample-interval 10 --progress-interval 60 --phase-aligned-ped-depart --ped-repeat-count 5 --ped-repeat-spacing-sec 2 --include-vehicles --manifest-row-role ""baseline_placeholder"" --manifest-crosswalk-id ""BASELINE_GENERATED_SIGNAL_7"" && python3 -m smart_crosswalk_sumo.generate_reports --output_dir ""$out_dir"" --figures_dir ""$FIGURES_DIR"" --candidates ""$BASELINE_CSV"" --nets_dir ""$NETS_DIR"""
generated_signal_7_baseline_seed25,generated_signal_7,generated_signal,baseline,baseline_placeholder,paired_group_net,group_net_file,25,BASELINE_GENERATED_SIGNAL_7,result/active/real_30seed_runs_sampled10/manifests/generated_signal_7_candidates.csv,result/active/nets/generated_signal_7.net.xml,result/active/real_30seed_runs_sampled10/runs/generated_signal_7/baseline/seed25,result/active/real_30seed_runs_sampled10/logs/generated_signal_7/baseline/seed25.log,result/active/real_30seed_runs_sampled10/runs/generated_signal_7/baseline/seed25/simulation_results_seed.csv,result/active/real_30seed_runs_sampled10/manifests/run_validation_manifest.csv,True,"python3 -m smart_crosswalk_sumo.run_sampled10_group --candidate-csv ""$BASELINE_CSV"" --net-file ""$NET_FILE"" --seed ""$seed"" --output-dir ""$out_dir"" --sim-duration 600 --warmup 0 --traci_step_length 0.1 --traffic_measure_radius_m 500.0 --extension_increment 5.0 --max_extensions 1 --metric-sample-interval 10 --vehicle-sample-interval 10 --progress-interval 60 --phase-aligned-ped-depart --ped-repeat-count 5 --ped-repeat-spacing-sec 2 --include-vehicles --manifest-row-role ""baseline_placeholder"" --manifest-crosswalk-id ""BASELINE_GENERATED_SIGNAL_7"" && python3 -m smart_crosswalk_sumo.generate_reports --output_dir ""$out_dir"" --figures_dir ""$FIGURES_DIR"" --candidates ""$BASELINE_CSV"" --nets_dir ""$NETS_DIR"""
generated_signal_7_baseline_seed26,generated_signal_7,generated_signal,baseline,baseline_placeholder,paired_group_net,group_net_file,26,BASELINE_GENERATED_SIGNAL_7,result/active/real_30seed_runs_sampled10/manifests/generated_signal_7_candidates.csv,result/active/nets/generated_signal_7.net.xml,result/active/real_30seed_runs_sampled10/runs/generated_signal_7/baseline/seed26,result/active/real_30seed_runs_sampled10/logs/generated_signal_7/baseline/seed26.log,result/active/real_30seed_runs_sampled10/runs/generated_signal_7/baseline/seed26/simulation_results_seed.csv,result/active/real_30seed_runs_sampled10/manifests/run_validation_manifest.csv,True,"python3 -m smart_crosswalk_sumo.run_sampled10_group --candidate-csv ""$BASELINE_CSV"" --net-file ""$NET_FILE"" --seed ""$seed"" --output-dir ""$out_dir"" --sim-duration 600 --warmup 0 --traci_step_length 0.1 --traffic_measure_radius_m 500.0 --extension_increment 5.0 --max_extensions 1 --metric-sample-interval 10 --vehicle-sample-interval 10 --progress-interval 60 --phase-aligned-ped-depart --ped-repeat-count 5 --ped-repeat-spacing-sec 2 --include-vehicles --manifest-row-role ""baseline_placeholder"" --manifest-crosswalk-id ""BASELINE_GENERATED_SIGNAL_7"" && python3 -m smart_crosswalk_sumo.generate_reports --output_dir ""$out_dir"" --figures_dir ""$FIGURES_DIR"" --candidates ""$BASELINE_CSV"" --nets_dir ""$NETS_DIR"""
generated_signal_7_baseline_seed27,generated_signal_7,generated_signal,baseline,baseline_placeholder,paired_group_net,group_net_file,27,BASELINE_GENERATED_SIGNAL_7,result/active/real_30seed_runs_sampled10/manifests/generated_signal_7_candidates.csv,result/active/nets/generated_signal_7.net.xml,result/active/real_30seed_runs_sampled10/runs/generated_signal_7/baseline/seed27,result/active/real_30seed_runs_sampled10/logs/generated_signal_7/baseline/seed27.log,result/active/real_30seed_runs_sampled10/runs/generated_signal_7/baseline/seed27/simulation_results_seed.csv,result/active/real_30seed_runs_sampled10/manifests/run_validation_manifest.csv,True,"python3 -m smart_crosswalk_sumo.run_sampled10_group --candidate-csv ""$BASELINE_CSV"" --net-file ""$NET_FILE"" --seed ""$seed"" --output-dir ""$out_dir"" --sim-duration 600 --warmup 0 --traci_step_length 0.1 --traffic_measure_radius_m 500.0 --extension_increment 5.0 --max_extensions 1 --metric-sample-interval 10 --vehicle-sample-interval 10 --progress-interval 60 --phase-aligned-ped-depart --ped-repeat-count 5 --ped-repeat-spacing-sec 2 --include-vehicles --manifest-row-role ""baseline_placeholder"" --manifest-crosswalk-id ""BASELINE_GENERATED_SIGNAL_7"" && python3 -m smart_crosswalk_sumo.generate_reports --output_dir ""$out_dir"" --figures_dir ""$FIGURES_DIR"" --candidates ""$BASELINE_CSV"" --nets_dir ""$NETS_DIR"""
generated_signal_7_baseline_seed28,generated_signal_7,generated_signal,baseline,baseline_placeholder,paired_group_net,group_net_file,28,BASELINE_GENERATED_SIGNAL_7,result/active/real_30seed_runs_sampled10/manifests/generated_signal_7_candidates.csv,result/active/nets/generated_signal_7.net.xml,result/active/real_30seed_runs_sampled10/runs/generated_signal_7/baseline/seed28,result/active/real_30seed_runs_sampled10/logs/generated_signal_7/baseline/seed28.log,result/active/real_30seed_runs_sampled10/runs/generated_signal_7/baseline/seed28/simulation_results_seed.csv,result/active/real_30seed_runs_sampled10/manifests/run_validation_manifest.csv,True,"python3 -m smart_crosswalk_sumo.run_sampled10_group --candidate-csv ""$BASELINE_CSV"" --net-file ""$NET_FILE"" --seed ""$seed"" --output-dir ""$out_dir"" --sim-duration 600 --warmup 0 --traci_step_length 0.1 --traffic_measure_radius_m 500.0 --extension_increment 5.0 --max_extensions 1 --metric-sample-interval 10 --vehicle-sample-interval 10 --progress-interval 60 --phase-aligned-ped-depart --ped-repeat-count 5 --ped-repeat-spacing-sec 2 --include-vehicles --manifest-row-role ""baseline_placeholder"" --manifest-crosswalk-id ""BASELINE_GENERATED_SIGNAL_7"" && python3 -m smart_crosswalk_sumo.generate_reports --output_dir ""$out_dir"" --figures_dir ""$FIGURES_DIR"" --candidates ""$BASELINE_CSV"" --nets_dir ""$NETS_DIR"""
generated_signal_7_baseline_seed29,generated_signal_7,generated_signal,baseline,baseline_placeholder,paired_group_net,group_net_file,29,BASELINE_GENERATED_SIGNAL_7,result/active/real_30seed_runs_sampled10/manifests/generated_signal_7_candidates.csv,result/active/nets/generated_signal_7.net.xml,result/active/real_30seed_runs_sampled10/runs/generated_signal_7/baseline/seed29,result/active/real_30seed_runs_sampled10/logs/generated_signal_7/baseline/seed29.log,result/active/real_30seed_runs_sampled10/runs/generated_signal_7/baseline/seed29/simulation_results_seed.csv,result/active/real_30seed_runs_sampled10/manifests/run_validation_manifest.csv,True,"python3 -m smart_crosswalk_sumo.run_sampled10_group --candidate-csv ""$BASELINE_CSV"" --net-file ""$NET_FILE"" --seed ""$seed"" --output-dir ""$out_dir"" --sim-duration 600 --warmup 0 --traci_step_length 0.1 --traffic_measure_radius_m 500.0 --extension_increment 5.0 --max_extensions 1 --metric-sample-interval 10 --vehicle-sample-interval 10 --progress-interval 60 --phase-aligned-ped-depart --ped-repeat-count 5 --ped-repeat-spacing-sec 2 --include-vehicles --manifest-row-role ""baseline_placeholder"" --manifest-crosswalk-id ""BASELINE_GENERATED_SIGNAL_7"" && python3 -m smart_crosswalk_sumo.generate_reports --output_dir ""$out_dir"" --figures_dir ""$FIGURES_DIR"" --candidates ""$BASELINE_CSV"" --nets_dir ""$NETS_DIR"""
generated_signal_7_baseline_seed30,generated_signal_7,generated_signal,baseline,baseline_placeholder,paired_group_net,group_net_file,30,BASELINE_GENERATED_SIGNAL_7,result/active/real_30seed_runs_sampled10/manifests/generated_signal_7_candidates.csv,result/active/nets/generated_signal_7.net.xml,result/active/real_30seed_runs_sampled10/runs/generated_signal_7/baseline/seed30,result/active/real_30seed_runs_sampled10/logs/generated_signal_7/baseline/seed30.log,result/active/real_30seed_runs_sampled10/runs/generated_signal_7/baseline/seed30/simulation_results_seed.csv,result/active/real_30seed_runs_sampled10/manifests/run_validation_manifest.csv,True,"python3 -m smart_crosswalk_sumo.run_sampled10_group --candidate-csv ""$BASELINE_CSV"" --net-file ""$NET_FILE"" --seed ""$seed"" --output-dir ""$out_dir"" --sim-duration 600 --warmup 0 --traci_step_length 0.1 --traffic_measure_radius_m 500.0 --extension_increment 5.0 --max_extensions 1 --metric-sample-interval 10 --vehicle-sample-interval 10 --progress-interval 60 --phase-aligned-ped-depart --ped-repeat-count 5 --ped-repeat-spacing-sec 2 --include-vehicles --manifest-row-role ""baseline_placeholder"" --manifest-crosswalk-id ""BASELINE_GENERATED_SIGNAL_7"" && python3 -m smart_crosswalk_sumo.generate_reports --output_dir ""$out_dir"" --figures_dir ""$FIGURES_DIR"" --candidates ""$BASELINE_CSV"" --nets_dir ""$NETS_DIR"""
p1_p4_recovery_6_baseline_seed01,p1_p4_recovery_6,p1_p4_recovery,baseline,baseline_placeholder,paired_group_net,group_net_file,1,BASELINE_P1_P4_RECOVERY_6,result/active/real_30seed_runs_sampled10/manifests/p1_p4_recovery_6_candidates.csv,result/active/nets/p1_p4_recovery_6.net.xml,result/active/real_30seed_runs_sampled10/runs/p1_p4_recovery_6/baseline/seed01,result/active/real_30seed_runs_sampled10/logs/p1_p4_recovery_6/baseline/seed01.log,result/active/real_30seed_runs_sampled10/runs/p1_p4_recovery_6/baseline/seed01/simulation_results_seed.csv,result/active/real_30seed_runs_sampled10/manifests/run_validation_manifest.csv,True,"python3 -m smart_crosswalk_sumo.run_sampled10_group --candidate-csv ""$BASELINE_CSV"" --net-file ""$NET_FILE"" --seed ""$seed"" --output-dir ""$out_dir"" --sim-duration 600 --warmup 0 --traci_step_length 0.1 --traffic_measure_radius_m 500.0 --extension_increment 5.0 --max_extensions 1 --metric-sample-interval 10 --vehicle-sample-interval 10 --progress-interval 60 --phase-aligned-ped-depart --ped-repeat-count 5 --ped-repeat-spacing-sec 2 --include-vehicles --manifest-row-role ""baseline_placeholder"" --manifest-crosswalk-id ""BASELINE_P1_P4_RECOVERY_6"" && python3 -m smart_crosswalk_sumo.generate_reports --output_dir ""$out_dir"" --figures_dir ""$FIGURES_DIR"" --candidates ""$BASELINE_CSV"" --nets_dir ""$NETS_DIR"""
p1_p4_recovery_6_baseline_seed02,p1_p4_recovery_6,p1_p4_recovery,baseline,baseline_placeholder,paired_group_net,group_net_file,2,BASELINE_P1_P4_RECOVERY_6,result/active/real_30seed_runs_sampled10/manifests/p1_p4_recovery_6_candidates.csv,result/active/nets/p1_p4_recovery_6.net.xml,result/active/real_30seed_runs_sampled10/runs/p1_p4_recovery_6/baseline/seed02,result/active/real_30seed_runs_sampled10/logs/p1_p4_recovery_6/baseline/seed02.log,result/active/real_30seed_runs_sampled10/runs/p1_p4_recovery_6/baseline/seed02/simulation_results_seed.csv,result/active/real_30seed_runs_sampled10/manifests/run_validation_manifest.csv,True,"python3 -m smart_crosswalk_sumo.run_sampled10_group --candidate-csv ""$BASELINE_CSV"" --net-file ""$NET_FILE"" --seed ""$seed"" --output-dir ""$out_dir"" --sim-duration 600 --warmup 0 --traci_step_length 0.1 --traffic_measure_radius_m 500.0 --extension_increment 5.0 --max_extensions 1 --metric-sample-interval 10 --vehicle-sample-interval 10 --progress-interval 60 --phase-aligned-ped-depart --ped-repeat-count 5 --ped-repeat-spacing-sec 2 --include-vehicles --manifest-row-role ""baseline_placeholder"" --manifest-crosswalk-id ""BASELINE_P1_P4_RECOVERY_6"" && python3 -m smart_crosswalk_sumo.generate_reports --output_dir ""$out_dir"" --figures_dir ""$FIGURES_DIR"" --candidates ""$BASELINE_CSV"" --nets_dir ""$NETS_DIR"""
p1_p4_recovery_6_baseline_seed03,p1_p4_recovery_6,p1_p4_recovery,baseline,baseline_placeholder,paired_group_net,group_net_file,3,BASELINE_P1_P4_RECOVERY_6,result/active/real_30seed_runs_sampled10/manifests/p1_p4_recovery_6_candidates.csv,result/active/nets/p1_p4_recovery_6.net.xml,result/active/real_30seed_runs_sampled10/runs/p1_p4_recovery_6/baseline/seed03,result/active/real_30seed_runs_sampled10/logs/p1_p4_recovery_6/baseline/seed03.log,result/active/real_30seed_runs_sampled10/runs/p1_p4_recovery_6/baseline/seed03/simulation_results_seed.csv,result/active/real_30seed_runs_sampled10/manifests/run_validation_manifest.csv,True,"python3 -m smart_crosswalk_sumo.run_sampled10_group --candidate-csv ""$BASELINE_CSV"" --net-file ""$NET_FILE"" --seed ""$seed"" --output-dir ""$out_dir"" --sim-duration 600 --warmup 0 --traci_step_length 0.1 --traffic_measure_radius_m 500.0 --extension_increment 5.0 --max_extensions 1 --metric-sample-interval 10 --vehicle-sample-interval 10 --progress-interval 60 --phase-aligned-ped-depart --ped-repeat-count 5 --ped-repeat-spacing-sec 2 --include-vehicles --manifest-row-role ""baseline_placeholder"" --manifest-crosswalk-id ""BASELINE_P1_P4_RECOVERY_6"" && python3 -m smart_crosswalk_sumo.generate_reports --output_dir ""$out_dir"" --figures_dir ""$FIGURES_DIR"" --candidates ""$BASELINE_CSV"" --nets_dir ""$NETS_DIR"""
p1_p4_recovery_6_baseline_seed04,p1_p4_recovery_6,p1_p4_recovery,baseline,baseline_placeholder,paired_group_net,group_net_file,4,BASELINE_P1_P4_RECOVERY_6,result/active/real_30seed_runs_sampled10/manifests/p1_p4_recovery_6_candidates.csv,result/active/nets/p1_p4_recovery_6.net.xml,result/active/real_30seed_runs_sampled10/runs/p1_p4_recovery_6/baseline/seed04,result/active/real_30seed_runs_sampled10/logs/p1_p4_recovery_6/baseline/seed04.log,result/active/real_30seed_runs_sampled10/runs/p1_p4_recovery_6/baseline/seed04/simulation_results_seed.csv,result/active/real_30seed_runs_sampled10/manifests/run_validation_manifest.csv,True,"python3 -m smart_crosswalk_sumo.run_sampled10_group --candidate-csv ""$BASELINE_CSV"" --net-file ""$NET_FILE"" --seed ""$seed"" --output-dir ""$out_dir"" --sim-duration 600 --warmup 0 --traci_step_length 0.1 --traffic_measure_radius_m 500.0 --extension_increment 5.0 --max_extensions 1 --metric-sample-interval 10 --vehicle-sample-interval 10 --progress-interval 60 --phase-aligned-ped-depart --ped-repeat-count 5 --ped-repeat-spacing-sec 2 --include-vehicles --manifest-row-role ""baseline_placeholder"" --manifest-crosswalk-id ""BASELINE_P1_P4_RECOVERY_6"" && python3 -m smart_crosswalk_sumo.generate_reports --output_dir ""$out_dir"" --figures_dir ""$FIGURES_DIR"" --candidates ""$BASELINE_CSV"" --nets_dir ""$NETS_DIR"""
p1_p4_recovery_6_baseline_seed05,p1_p4_recovery_6,p1_p4_recovery,baseline,baseline_placeholder,paired_group_net,group_net_file,5,BASELINE_P1_P4_RECOVERY_6,result/active/real_30seed_runs_sampled10/manifests/p1_p4_recovery_6_candidates.csv,result/active/nets/p1_p4_recovery_6.net.xml,result/active/real_30seed_runs_sampled10/runs/p1_p4_recovery_6/baseline/seed05,result/active/real_30seed_runs_sampled10/logs/p1_p4_recovery_6/baseline/seed05.log,result/active/real_30seed_runs_sampled10/runs/p1_p4_recovery_6/baseline/seed05/simulation_results_seed.csv,result/active/real_30seed_runs_sampled10/manifests/run_validation_manifest.csv,True,"python3 -m smart_crosswalk_sumo.run_sampled10_group --candidate-csv ""$BASELINE_CSV"" --net-file ""$NET_FILE"" --seed ""$seed"" --output-dir ""$out_dir"" --sim-duration 600 --warmup 0 --traci_step_length 0.1 --traffic_measure_radius_m 500.0 --extension_increment 5.0 --max_extensions 1 --metric-sample-interval 10 --vehicle-sample-interval 10 --progress-interval 60 --phase-aligned-ped-depart --ped-repeat-count 5 --ped-repeat-spacing-sec 2 --include-vehicles --manifest-row-role ""baseline_placeholder"" --manifest-crosswalk-id ""BASELINE_P1_P4_RECOVERY_6"" && python3 -m smart_crosswalk_sumo.generate_reports --output_dir ""$out_dir"" --figures_dir ""$FIGURES_DIR"" --candidates ""$BASELINE_CSV"" --nets_dir ""$NETS_DIR"""
p1_p4_recovery_6_baseline_seed06,p1_p4_recovery_6,p1_p4_recovery,baseline,baseline_placeholder,paired_group_net,group_net_file,6,BASELINE_P1_P4_RECOVERY_6,result/active/real_30seed_runs_sampled10/manifests/p1_p4_recovery_6_candidates.csv,result/active/nets/p1_p4_recovery_6.net.xml,result/active/real_30seed_runs_sampled10/runs/p1_p4_recovery_6/baseline/seed06,result/active/real_30seed_runs_sampled10/logs/p1_p4_recovery_6/baseline/seed06.log,result/active/real_30seed_runs_sampled10/runs/p1_p4_recovery_6/baseline/seed06/simulation_results_seed.csv,result/active/real_30seed_runs_sampled10/manifests/run_validation_manifest.csv,True,"python3 -m smart_crosswalk_sumo.run_sampled10_group --candidate-csv ""$BASELINE_CSV"" --net-file ""$NET_FILE"" --seed ""$seed"" --output-dir ""$out_dir"" --sim-duration 600 --warmup 0 --traci_step_length 0.1 --traffic_measure_radius_m 500.0 --extension_increment 5.0 --max_extensions 1 --metric-sample-interval 10 --vehicle-sample-interval 10 --progress-interval 60 --phase-aligned-ped-depart --ped-repeat-count 5 --ped-repeat-spacing-sec 2 --include-vehicles --manifest-row-role ""baseline_placeholder"" --manifest-crosswalk-id ""BASELINE_P1_P4_RECOVERY_6"" && python3 -m smart_crosswalk_sumo.generate_reports --output_dir ""$out_dir"" --figures_dir ""$FIGURES_DIR"" --candidates ""$BASELINE_CSV"" --nets_dir ""$NETS_DIR"""
p1_p4_recovery_6_baseline_seed07,p1_p4_recovery_6,p1_p4_recovery,baseline,baseline_placeholder,paired_group_net,group_net_file,7,BASELINE_P1_P4_RECOVERY_6,result/active/real_30seed_runs_sampled10/manifests/p1_p4_recovery_6_candidates.csv,result/active/nets/p1_p4_recovery_6.net.xml,result/active/real_30seed_runs_sampled10/runs/p1_p4_recovery_6/baseline/seed07,result/active/real_30seed_runs_sampled10/logs/p1_p4_recovery_6/baseline/seed07.log,result/active/real_30seed_runs_sampled10/runs/p1_p4_recovery_6/baseline/seed07/simulation_results_seed.csv,result/active/real_30seed_runs_sampled10/manifests/run_validation_manifest.csv,True,"python3 -m smart_crosswalk_sumo.run_sampled10_group --candidate-csv ""$BASELINE_CSV"" --net-file ""$NET_FILE"" --seed ""$seed"" --output-dir ""$out_dir"" --sim-duration 600 --warmup 0 --traci_step_length 0.1 --traffic_measure_radius_m 500.0 --extension_increment 5.0 --max_extensions 1 --metric-sample-interval 10 --vehicle-sample-interval 10 --progress-interval 60 --phase-aligned-ped-depart --ped-repeat-count 5 --ped-repeat-spacing-sec 2 --include-vehicles --manifest-row-role ""baseline_placeholder"" --manifest-crosswalk-id ""BASELINE_P1_P4_RECOVERY_6"" && python3 -m smart_crosswalk_sumo.generate_reports --output_dir ""$out_dir"" --figures_dir ""$FIGURES_DIR"" --candidates ""$BASELINE_CSV"" --nets_dir ""$NETS_DIR"""
p1_p4_recovery_6_baseline_seed08,p1_p4_recovery_6,p1_p4_recovery,baseline,baseline_placeholder,paired_group_net,group_net_file,8,BASELINE_P1_P4_RECOVERY_6,result/active/real_30seed_runs_sampled10/manifests/p1_p4_recovery_6_candidates.csv,result/active/nets/p1_p4_recovery_6.net.xml,result/active/real_30seed_runs_sampled10/runs/p1_p4_recovery_6/baseline/seed08,result/active/real_30seed_runs_sampled10/logs/p1_p4_recovery_6/baseline/seed08.log,result/active/real_30seed_runs_sampled10/runs/p1_p4_recovery_6/baseline/seed08/simulation_results_seed.csv,result/active/real_30seed_runs_sampled10/manifests/run_validation_manifest.csv,True,"python3 -m smart_crosswalk_sumo.run_sampled10_group --candidate-csv ""$BASELINE_CSV"" --net-file ""$NET_FILE"" --seed ""$seed"" --output-dir ""$out_dir"" --sim-duration 600 --warmup 0 --traci_step_length 0.1 --traffic_measure_radius_m 500.0 --extension_increment 5.0 --max_extensions 1 --metric-sample-interval 10 --vehicle-sample-interval 10 --progress-interval 60 --phase-aligned-ped-depart --ped-repeat-count 5 --ped-repeat-spacing-sec 2 --include-vehicles --manifest-row-role ""baseline_placeholder"" --manifest-crosswalk-id ""BASELINE_P1_P4_RECOVERY_6"" && python3 -m smart_crosswalk_sumo.generate_reports --output_dir ""$out_dir"" --figures_dir ""$FIGURES_DIR"" --candidates ""$BASELINE_CSV"" --nets_dir ""$NETS_DIR"""
p1_p4_recovery_6_baseline_seed09,p1_p4_recovery_6,p1_p4_recovery,baseline,baseline_placeholder,paired_group_net,group_net_file,9,BASELINE_P1_P4_RECOVERY_6,result/active/real_30seed_runs_sampled10/manifests/p1_p4_recovery_6_candidates.csv,result/active/nets/p1_p4_recovery_6.net.xml,result/active/real_30seed_runs_sampled10/runs/p1_p4_recovery_6/baseline/seed09,result/active/real_30seed_runs_sampled10/logs/p1_p4_recovery_6/baseline/seed09.log,result/active/real_30seed_runs_sampled10/runs/p1_p4_recovery_6/baseline/seed09/simulation_results_seed.csv,result/active/real_30seed_runs_sampled10/manifests/run_validation_manifest.csv,True,"python3 -m smart_crosswalk_sumo.run_sampled10_group --candidate-csv ""$BASELINE_CSV"" --net-file ""$NET_FILE"" --seed ""$seed"" --output-dir ""$out_dir"" --sim-duration 600 --warmup 0 --traci_step_length 0.1 --traffic_measure_radius_m 500.0 --extension_increment 5.0 --max_extensions 1 --metric-sample-interval 10 --vehicle-sample-interval 10 --progress-interval 60 --phase-aligned-ped-depart --ped-repeat-count 5 --ped-repeat-spacing-sec 2 --include-vehicles --manifest-row-role ""baseline_placeholder"" --manifest-crosswalk-id ""BASELINE_P1_P4_RECOVERY_6"" && python3 -m smart_crosswalk_sumo.generate_reports --output_dir ""$out_dir"" --figures_dir ""$FIGURES_DIR"" --candidates ""$BASELINE_CSV"" --nets_dir ""$NETS_DIR"""
p1_p4_recovery_6_baseline_seed10,p1_p4_recovery_6,p1_p4_recovery,baseline,baseline_placeholder,paired_group_net,group_net_file,10,BASELINE_P1_P4_RECOVERY_6,result/active/real_30seed_runs_sampled10/manifests/p1_p4_recovery_6_candidates.csv,result/active/nets/p1_p4_recovery_6.net.xml,result/active/real_30seed_runs_sampled10/runs/p1_p4_recovery_6/baseline/seed10,result/active/real_30seed_runs_sampled10/logs/p1_p4_recovery_6/baseline/seed10.log,result/active/real_30seed_runs_sampled10/runs/p1_p4_recovery_6/baseline/seed10/simulation_results_seed.csv,result/active/real_30seed_runs_sampled10/manifests/run_validation_manifest.csv,True,"python3 -m smart_crosswalk_sumo.run_sampled10_group --candidate-csv ""$BASELINE_CSV"" --net-file ""$NET_FILE"" --seed ""$seed"" --output-dir ""$out_dir"" --sim-duration 600 --warmup 0 --traci_step_length 0.1 --traffic_measure_radius_m 500.0 --extension_increment 5.0 --max_extensions 1 --metric-sample-interval 10 --vehicle-sample-interval 10 --progress-interval 60 --phase-aligned-ped-depart --ped-repeat-count 5 --ped-repeat-spacing-sec 2 --include-vehicles --manifest-row-role ""baseline_placeholder"" --manifest-crosswalk-id ""BASELINE_P1_P4_RECOVERY_6"" && python3 -m smart_crosswalk_sumo.generate_reports --output_dir ""$out_dir"" --figures_dir ""$FIGURES_DIR"" --candidates ""$BASELINE_CSV"" --nets_dir ""$NETS_DIR"""
p1_p4_recovery_6_baseline_seed11,p1_p4_recovery_6,p1_p4_recovery,baseline,baseline_placeholder,paired_group_net,group_net_file,11,BASELINE_P1_P4_RECOVERY_6,result/active/real_30seed_runs_sampled10/manifests/p1_p4_recovery_6_candidates.csv,result/active/nets/p1_p4_recovery_6.net.xml,result/active/real_30seed_runs_sampled10/runs/p1_p4_recovery_6/baseline/seed11,result/active/real_30seed_runs_sampled10/logs/p1_p4_recovery_6/baseline/seed11.log,result/active/real_30seed_runs_sampled10/runs/p1_p4_recovery_6/baseline/seed11/simulation_results_seed.csv,result/active/real_30seed_runs_sampled10/manifests/run_validation_manifest.csv,True,"python3 -m smart_crosswalk_sumo.run_sampled10_group --candidate-csv ""$BASELINE_CSV"" --net-file ""$NET_FILE"" --seed ""$seed"" --output-dir ""$out_dir"" --sim-duration 600 --warmup 0 --traci_step_length 0.1 --traffic_measure_radius_m 500.0 --extension_increment 5.0 --max_extensions 1 --metric-sample-interval 10 --vehicle-sample-interval 10 --progress-interval 60 --phase-aligned-ped-depart --ped-repeat-count 5 --ped-repeat-spacing-sec 2 --include-vehicles --manifest-row-role ""baseline_placeholder"" --manifest-crosswalk-id ""BASELINE_P1_P4_RECOVERY_6"" && python3 -m smart_crosswalk_sumo.generate_reports --output_dir ""$out_dir"" --figures_dir ""$FIGURES_DIR"" --candidates ""$BASELINE_CSV"" --nets_dir ""$NETS_DIR"""
p1_p4_recovery_6_baseline_seed12,p1_p4_recovery_6,p1_p4_recovery,baseline,baseline_placeholder,paired_group_net,group_net_file,12,BASELINE_P1_P4_RECOVERY_6,result/active/real_30seed_runs_sampled10/manifests/p1_p4_recovery_6_candidates.csv,result/active/nets/p1_p4_recovery_6.net.xml,result/active/real_30seed_runs_sampled10/runs/p1_p4_recovery_6/baseline/seed12,result/active/real_30seed_runs_sampled10/logs/p1_p4_recovery_6/baseline/seed12.log,result/active/real_30seed_runs_sampled10/runs/p1_p4_recovery_6/baseline/seed12/simulation_results_seed.csv,result/active/real_30seed_runs_sampled10/manifests/run_validation_manifest.csv,True,"python3 -m smart_crosswalk_sumo.run_sampled10_group --candidate-csv ""$BASELINE_CSV"" --net-file ""$NET_FILE"" --seed ""$seed"" --output-dir ""$out_dir"" --sim-duration 600 --warmup 0 --traci_step_length 0.1 --traffic_measure_radius_m 500.0 --extension_increment 5.0 --max_extensions 1 --metric-sample-interval 10 --vehicle-sample-interval 10 --progress-interval 60 --phase-aligned-ped-depart --ped-repeat-count 5 --ped-repeat-spacing-sec 2 --include-vehicles --manifest-row-role ""baseline_placeholder"" --manifest-crosswalk-id ""BASELINE_P1_P4_RECOVERY_6"" && python3 -m smart_crosswalk_sumo.generate_reports --output_dir ""$out_dir"" --figures_dir ""$FIGURES_DIR"" --candidates ""$BASELINE_CSV"" --nets_dir ""$NETS_DIR"""
p1_p4_recovery_6_baseline_seed13,p1_p4_recovery_6,p1_p4_recovery,baseline,baseline_placeholder,paired_group_net,group_net_file,13,BASELINE_P1_P4_RECOVERY_6,result/active/real_30seed_runs_sampled10/manifests/p1_p4_recovery_6_candidates.csv,result/active/nets/p1_p4_recovery_6.net.xml,result/active/real_30seed_runs_sampled10/runs/p1_p4_recovery_6/baseline/seed13,result/active/real_30seed_runs_sampled10/logs/p1_p4_recovery_6/baseline/seed13.log,result/active/real_30seed_runs_sampled10/runs/p1_p4_recovery_6/baseline/seed13/simulation_results_seed.csv,result/active/real_30seed_runs_sampled10/manifests/run_validation_manifest.csv,True,"python3 -m smart_crosswalk_sumo.run_sampled10_group --candidate-csv ""$BASELINE_CSV"" --net-file ""$NET_FILE"" --seed ""$seed"" --output-dir ""$out_dir"" --sim-duration 600 --warmup 0 --traci_step_length 0.1 --traffic_measure_radius_m 500.0 --extension_increment 5.0 --max_extensions 1 --metric-sample-interval 10 --vehicle-sample-interval 10 --progress-interval 60 --phase-aligned-ped-depart --ped-repeat-count 5 --ped-repeat-spacing-sec 2 --include-vehicles --manifest-row-role ""baseline_placeholder"" --manifest-crosswalk-id ""BASELINE_P1_P4_RECOVERY_6"" && python3 -m smart_crosswalk_sumo.generate_reports --output_dir ""$out_dir"" --figures_dir ""$FIGURES_DIR"" --candidates ""$BASELINE_CSV"" --nets_dir ""$NETS_DIR"""
p1_p4_recovery_6_baseline_seed14,p1_p4_recovery_6,p1_p4_recovery,baseline,baseline_placeholder,paired_group_net,group_net_file,14,BASELINE_P1_P4_RECOVERY_6,result/active/real_30seed_runs_sampled10/manifests/p1_p4_recovery_6_candidates.csv,result/active/nets/p1_p4_recovery_6.net.xml,result/active/real_30seed_runs_sampled10/runs/p1_p4_recovery_6/baseline/seed14,result/active/real_30seed_runs_sampled10/logs/p1_p4_recovery_6/baseline/seed14.log,result/active/real_30seed_runs_sampled10/runs/p1_p4_recovery_6/baseline/seed14/simulation_results_seed.csv,result/active/real_30seed_runs_sampled10/manifests/run_validation_manifest.csv,True,"python3 -m smart_crosswalk_sumo.run_sampled10_group --candidate-csv ""$BASELINE_CSV"" --net-file ""$NET_FILE"" --seed ""$seed"" --output-dir ""$out_dir"" --sim-duration 600 --warmup 0 --traci_step_length 0.1 --traffic_measure_radius_m 500.0 --extension_increment 5.0 --max_extensions 1 --metric-sample-interval 10 --vehicle-sample-interval 10 --progress-interval 60 --phase-aligned-ped-depart --ped-repeat-count 5 --ped-repeat-spacing-sec 2 --include-vehicles --manifest-row-role ""baseline_placeholder"" --manifest-crosswalk-id ""BASELINE_P1_P4_RECOVERY_6"" && python3 -m smart_crosswalk_sumo.generate_reports --output_dir ""$out_dir"" --figures_dir ""$FIGURES_DIR"" --candidates ""$BASELINE_CSV"" --nets_dir ""$NETS_DIR"""
p1_p4_recovery_6_baseline_seed15,p1_p4_recovery_6,p1_p4_recovery,baseline,baseline_placeholder,paired_group_net,group_net_file,15,BASELINE_P1_P4_RECOVERY_6,result/active/real_30seed_runs_sampled10/manifests/p1_p4_recovery_6_candidates.csv,result/active/nets/p1_p4_recovery_6.net.xml,result/active/real_30seed_runs_sampled10/runs/p1_p4_recovery_6/baseline/seed15,result/active/real_30seed_runs_sampled10/logs/p1_p4_recovery_6/baseline/seed15.log,result/active/real_30seed_runs_sampled10/runs/p1_p4_recovery_6/baseline/seed15/simulation_results_seed.csv,result/active/real_30seed_runs_sampled10/manifests/run_validation_manifest.csv,True,"python3 -m smart_crosswalk_sumo.run_sampled10_group --candidate-csv ""$BASELINE_CSV"" --net-file ""$NET_FILE"" --seed ""$seed"" --output-dir ""$out_dir"" --sim-duration 600 --warmup 0 --traci_step_length 0.1 --traffic_measure_radius_m 500.0 --extension_increment 5.0 --max_extensions 1 --metric-sample-interval 10 --vehicle-sample-interval 10 --progress-interval 60 --phase-aligned-ped-depart --ped-repeat-count 5 --ped-repeat-spacing-sec 2 --include-vehicles --manifest-row-role ""baseline_placeholder"" --manifest-crosswalk-id ""BASELINE_P1_P4_RECOVERY_6"" && python3 -m smart_crosswalk_sumo.generate_reports --output_dir ""$out_dir"" --figures_dir ""$FIGURES_DIR"" --candidates ""$BASELINE_CSV"" --nets_dir ""$NETS_DIR"""
p1_p4_recovery_6_baseline_seed16,p1_p4_recovery_6,p1_p4_recovery,baseline,baseline_placeholder,paired_group_net,group_net_file,16,BASELINE_P1_P4_RECOVERY_6,result/active/real_30seed_runs_sampled10/manifests/p1_p4_recovery_6_candidates.csv,result/active/nets/p1_p4_recovery_6.net.xml,result/active/real_30seed_runs_sampled10/runs/p1_p4_recovery_6/baseline/seed16,result/active/real_30seed_runs_sampled10/logs/p1_p4_recovery_6/baseline/seed16.log,result/active/real_30seed_runs_sampled10/runs/p1_p4_recovery_6/baseline/seed16/simulation_results_seed.csv,result/active/real_30seed_runs_sampled10/manifests/run_validation_manifest.csv,True,"python3 -m smart_crosswalk_sumo.run_sampled10_group --candidate-csv ""$BASELINE_CSV"" --net-file ""$NET_FILE"" --seed ""$seed"" --output-dir ""$out_dir"" --sim-duration 600 --warmup 0 --traci_step_length 0.1 --traffic_measure_radius_m 500.0 --extension_increment 5.0 --max_extensions 1 --metric-sample-interval 10 --vehicle-sample-interval 10 --progress-interval 60 --phase-aligned-ped-depart --ped-repeat-count 5 --ped-repeat-spacing-sec 2 --include-vehicles --manifest-row-role ""baseline_placeholder"" --manifest-crosswalk-id ""BASELINE_P1_P4_RECOVERY_6"" && python3 -m smart_crosswalk_sumo.generate_reports --output_dir ""$out_dir"" --figures_dir ""$FIGURES_DIR"" --candidates ""$BASELINE_CSV"" --nets_dir ""$NETS_DIR"""
p1_p4_recovery_6_baseline_seed17,p1_p4_recovery_6,p1_p4_recovery,baseline,baseline_placeholder,paired_group_net,group_net_file,17,BASELINE_P1_P4_RECOVERY_6,result/active/real_30seed_runs_sampled10/manifests/p1_p4_recovery_6_candidates.csv,result/active/nets/p1_p4_recovery_6.net.xml,result/active/real_30seed_runs_sampled10/runs/p1_p4_recovery_6/baseline/seed17,result/active/real_30seed_runs_sampled10/logs/p1_p4_recovery_6/baseline/seed17.log,result/active/real_30seed_runs_sampled10/runs/p1_p4_recovery_6/baseline/seed17/simulation_results_seed.csv,result/active/real_30seed_runs_sampled10/manifests/run_validation_manifest.csv,True,"python3 -m smart_crosswalk_sumo.run_sampled10_group --candidate-csv ""$BASELINE_CSV"" --net-file ""$NET_FILE"" --seed ""$seed"" --output-dir ""$out_dir"" --sim-duration 600 --warmup 0 --traci_step_length 0.1 --traffic_measure_radius_m 500.0 --extension_increment 5.0 --max_extensions 1 --metric-sample-interval 10 --vehicle-sample-interval 10 --progress-interval 60 --phase-aligned-ped-depart --ped-repeat-count 5 --ped-repeat-spacing-sec 2 --include-vehicles --manifest-row-role ""baseline_placeholder"" --manifest-crosswalk-id ""BASELINE_P1_P4_RECOVERY_6"" && python3 -m smart_crosswalk_sumo.generate_reports --output_dir ""$out_dir"" --figures_dir ""$FIGURES_DIR"" --candidates ""$BASELINE_CSV"" --nets_dir ""$NETS_DIR"""
p1_p4_recovery_6_baseline_seed18,p1_p4_recovery_6,p1_p4_recovery,baseline,baseline_placeholder,paired_group_net,group_net_file,18,BASELINE_P1_P4_RECOVERY_6,result/active/real_30seed_runs_sampled10/manifests/p1_p4_recovery_6_candidates.csv,result/active/nets/p1_p4_recovery_6.net.xml,result/active/real_30seed_runs_sampled10/runs/p1_p4_recovery_6/baseline/seed18,result/active/real_30seed_runs_sampled10/logs/p1_p4_recovery_6/baseline/seed18.log,result/active/real_30seed_runs_sampled10/runs/p1_p4_recovery_6/baseline/seed18/simulation_results_seed.csv,result/active/real_30seed_runs_sampled10/manifests/run_validation_manifest.csv,True,"python3 -m smart_crosswalk_sumo.run_sampled10_group --candidate-csv ""$BASELINE_CSV"" --net-file ""$NET_FILE"" --seed ""$seed"" --output-dir ""$out_dir"" --sim-duration 600 --warmup 0 --traci_step_length 0.1 --traffic_measure_radius_m 500.0 --extension_increment 5.0 --max_extensions 1 --metric-sample-interval 10 --vehicle-sample-interval 10 --progress-interval 60 --phase-aligned-ped-depart --ped-repeat-count 5 --ped-repeat-spacing-sec 2 --include-vehicles --manifest-row-role ""baseline_placeholder"" --manifest-crosswalk-id ""BASELINE_P1_P4_RECOVERY_6"" && python3 -m smart_crosswalk_sumo.generate_reports --output_dir ""$out_dir"" --figures_dir ""$FIGURES_DIR"" --candidates ""$BASELINE_CSV"" --nets_dir ""$NETS_DIR"""
p1_p4_recovery_6_baseline_seed19,p1_p4_recovery_6,p1_p4_recovery,baseline,baseline_placeholder,paired_group_net,group_net_file,19,BASELINE_P1_P4_RECOVERY_6,result/active/real_30seed_runs_sampled10/manifests/p1_p4_recovery_6_candidates.csv,result/active/nets/p1_p4_recovery_6.net.xml,result/active/real_30seed_runs_sampled10/runs/p1_p4_recovery_6/baseline/seed19,result/active/real_30seed_runs_sampled10/logs/p1_p4_recovery_6/baseline/seed19.log,result/active/real_30seed_runs_sampled10/runs/p1_p4_recovery_6/baseline/seed19/simulation_results_seed.csv,result/active/real_30seed_runs_sampled10/manifests/run_validation_manifest.csv,True,"python3 -m smart_crosswalk_sumo.run_sampled10_group --candidate-csv ""$BASELINE_CSV"" --net-file ""$NET_FILE"" --seed ""$seed"" --output-dir ""$out_dir"" --sim-duration 600 --warmup 0 --traci_step_length 0.1 --traffic_measure_radius_m 500.0 --extension_increment 5.0 --max_extensions 1 --metric-sample-interval 10 --vehicle-sample-interval 10 --progress-interval 60 --phase-aligned-ped-depart --ped-repeat-count 5 --ped-repeat-spacing-sec 2 --include-vehicles --manifest-row-role ""baseline_placeholder"" --manifest-crosswalk-id ""BASELINE_P1_P4_RECOVERY_6"" && python3 -m smart_crosswalk_sumo.generate_reports --output_dir ""$out_dir"" --figures_dir ""$FIGURES_DIR"" --candidates ""$BASELINE_CSV"" --nets_dir ""$NETS_DIR"""
p1_p4_recovery_6_baseline_seed20,p1_p4_recovery_6,p1_p4_recovery,baseline,baseline_placeholder,paired_group_net,group_net_file,20,BASELINE_P1_P4_RECOVERY_6,result/active/real_30seed_runs_sampled10/manifests/p1_p4_recovery_6_candidates.csv,result/active/nets/p1_p4_recovery_6.net.xml,result/active/real_30seed_runs_sampled10/runs/p1_p4_recovery_6/baseline/seed20,result/active/real_30seed_runs_sampled10/logs/p1_p4_recovery_6/baseline/seed20.log,result/active/real_30seed_runs_sampled10/runs/p1_p4_recovery_6/baseline/seed20/simulation_results_seed.csv,result/active/real_30seed_runs_sampled10/manifests/run_validation_manifest.csv,True,"python3 -m smart_crosswalk_sumo.run_sampled10_group --candidate-csv ""$BASELINE_CSV"" --net-file ""$NET_FILE"" --seed ""$seed"" --output-dir ""$out_dir"" --sim-duration 600 --warmup 0 --traci_step_length 0.1 --traffic_measure_radius_m 500.0 --extension_increment 5.0 --max_extensions 1 --metric-sample-interval 10 --vehicle-sample-interval 10 --progress-interval 60 --phase-aligned-ped-depart --ped-repeat-count 5 --ped-repeat-spacing-sec 2 --include-vehicles --manifest-row-role ""baseline_placeholder"" --manifest-crosswalk-id ""BASELINE_P1_P4_RECOVERY_6"" && python3 -m smart_crosswalk_sumo.generate_reports --output_dir ""$out_dir"" --figures_dir ""$FIGURES_DIR"" --candidates ""$BASELINE_CSV"" --nets_dir ""$NETS_DIR"""
p1_p4_recovery_6_baseline_seed21,p1_p4_recovery_6,p1_p4_recovery,baseline,baseline_placeholder,paired_group_net,group_net_file,21,BASELINE_P1_P4_RECOVERY_6,result/active/real_30seed_runs_sampled10/manifests/p1_p4_recovery_6_candidates.csv,result/active/nets/p1_p4_recovery_6.net.xml,result/active/real_30seed_runs_sampled10/runs/p1_p4_recovery_6/baseline/seed21,result/active/real_30seed_runs_sampled10/logs/p1_p4_recovery_6/baseline/seed21.log,result/active/real_30seed_runs_sampled10/runs/p1_p4_recovery_6/baseline/seed21/simulation_results_seed.csv,result/active/real_30seed_runs_sampled10/manifests/run_validation_manifest.csv,True,"python3 -m smart_crosswalk_sumo.run_sampled10_group --candidate-csv ""$BASELINE_CSV"" --net-file ""$NET_FILE"" --seed ""$seed"" --output-dir ""$out_dir"" --sim-duration 600 --warmup 0 --traci_step_length 0.1 --traffic_measure_radius_m 500.0 --extension_increment 5.0 --max_extensions 1 --metric-sample-interval 10 --vehicle-sample-interval 10 --progress-interval 60 --phase-aligned-ped-depart --ped-repeat-count 5 --ped-repeat-spacing-sec 2 --include-vehicles --manifest-row-role ""baseline_placeholder"" --manifest-crosswalk-id ""BASELINE_P1_P4_RECOVERY_6"" && python3 -m smart_crosswalk_sumo.generate_reports --output_dir ""$out_dir"" --figures_dir ""$FIGURES_DIR"" --candidates ""$BASELINE_CSV"" --nets_dir ""$NETS_DIR"""
p1_p4_recovery_6_baseline_seed22,p1_p4_recovery_6,p1_p4_recovery,baseline,baseline_placeholder,paired_group_net,group_net_file,22,BASELINE_P1_P4_RECOVERY_6,result/active/real_30seed_runs_sampled10/manifests/p1_p4_recovery_6_candidates.csv,result/active/nets/p1_p4_recovery_6.net.xml,result/active/real_30seed_runs_sampled10/runs/p1_p4_recovery_6/baseline/seed22,result/active/real_30seed_runs_sampled10/logs/p1_p4_recovery_6/baseline/seed22.log,result/active/real_30seed_runs_sampled10/runs/p1_p4_recovery_6/baseline/seed22/simulation_results_seed.csv,result/active/real_30seed_runs_sampled10/manifests/run_validation_manifest.csv,True,"python3 -m smart_crosswalk_sumo.run_sampled10_group --candidate-csv ""$BASELINE_CSV"" --net-file ""$NET_FILE"" --seed ""$seed"" --output-dir ""$out_dir"" --sim-duration 600 --warmup 0 --traci_step_length 0.1 --traffic_measure_radius_m 500.0 --extension_increment 5.0 --max_extensions 1 --metric-sample-interval 10 --vehicle-sample-interval 10 --progress-interval 60 --phase-aligned-ped-depart --ped-repeat-count 5 --ped-repeat-spacing-sec 2 --include-vehicles --manifest-row-role ""baseline_placeholder"" --manifest-crosswalk-id ""BASELINE_P1_P4_RECOVERY_6"" && python3 -m smart_crosswalk_sumo.generate_reports --output_dir ""$out_dir"" --figures_dir ""$FIGURES_DIR"" --candidates ""$BASELINE_CSV"" --nets_dir ""$NETS_DIR"""
p1_p4_recovery_6_baseline_seed23,p1_p4_recovery_6,p1_p4_recovery,baseline,baseline_placeholder,paired_group_net,group_net_file,23,BASELINE_P1_P4_RECOVERY_6,result/active/real_30seed_runs_sampled10/manifests/p1_p4_recovery_6_candidates.csv,result/active/nets/p1_p4_recovery_6.net.xml,result/active/real_30seed_runs_sampled10/runs/p1_p4_recovery_6/baseline/seed23,result/active/real_30seed_runs_sampled10/logs/p1_p4_recovery_6/baseline/seed23.log,result/active/real_30seed_runs_sampled10/runs/p1_p4_recovery_6/baseline/seed23/simulation_results_seed.csv,result/active/real_30seed_runs_sampled10/manifests/run_validation_manifest.csv,True,"python3 -m smart_crosswalk_sumo.run_sampled10_group --candidate-csv ""$BASELINE_CSV"" --net-file ""$NET_FILE"" --seed ""$seed"" --output-dir ""$out_dir"" --sim-duration 600 --warmup 0 --traci_step_length 0.1 --traffic_measure_radius_m 500.0 --extension_increment 5.0 --max_extensions 1 --metric-sample-interval 10 --vehicle-sample-interval 10 --progress-interval 60 --phase-aligned-ped-depart --ped-repeat-count 5 --ped-repeat-spacing-sec 2 --include-vehicles --manifest-row-role ""baseline_placeholder"" --manifest-crosswalk-id ""BASELINE_P1_P4_RECOVERY_6"" && python3 -m smart_crosswalk_sumo.generate_reports --output_dir ""$out_dir"" --figures_dir ""$FIGURES_DIR"" --candidates ""$BASELINE_CSV"" --nets_dir ""$NETS_DIR"""
p1_p4_recovery_6_baseline_seed24,p1_p4_recovery_6,p1_p4_recovery,baseline,baseline_placeholder,paired_group_net,group_net_file,24,BASELINE_P1_P4_RECOVERY_6,result/active/real_30seed_runs_sampled10/manifests/p1_p4_recovery_6_candidates.csv,result/active/nets/p1_p4_recovery_6.net.xml,result/active/real_30seed_runs_sampled10/runs/p1_p4_recovery_6/baseline/seed24,result/active/real_30seed_runs_sampled10/logs/p1_p4_recovery_6/baseline/seed24.log,result/active/real_30seed_runs_sampled10/runs/p1_p4_recovery_6/baseline/seed24/simulation_results_seed.csv,result/active/real_30seed_runs_sampled10/manifests/run_validation_manifest.csv,True,"python3 -m smart_crosswalk_sumo.run_sampled10_group --candidate-csv ""$BASELINE_CSV"" --net-file ""$NET_FILE"" --seed ""$seed"" --output-dir ""$out_dir"" --sim-duration 600 --warmup 0 --traci_step_length 0.1 --traffic_measure_radius_m 500.0 --extension_increment 5.0 --max_extensions 1 --metric-sample-interval 10 --vehicle-sample-interval 10 --progress-interval 60 --phase-aligned-ped-depart --ped-repeat-count 5 --ped-repeat-spacing-sec 2 --include-vehicles --manifest-row-role ""baseline_placeholder"" --manifest-crosswalk-id ""BASELINE_P1_P4_RECOVERY_6"" && python3 -m smart_crosswalk_sumo.generate_reports --output_dir ""$out_dir"" --figures_dir ""$FIGURES_DIR"" --candidates ""$BASELINE_CSV"" --nets_dir ""$NETS_DIR"""
p1_p4_recovery_6_baseline_seed25,p1_p4_recovery_6,p1_p4_recovery,baseline,baseline_placeholder,paired_group_net,group_net_file,25,BASELINE_P1_P4_RECOVERY_6,result/active/real_30seed_runs_sampled10/manifests/p1_p4_recovery_6_candidates.csv,result/active/nets/p1_p4_recovery_6.net.xml,result/active/real_30seed_runs_sampled10/runs/p1_p4_recovery_6/baseline/seed25,result/active/real_30seed_runs_sampled10/logs/p1_p4_recovery_6/baseline/seed25.log,result/active/real_30seed_runs_sampled10/runs/p1_p4_recovery_6/baseline/seed25/simulation_results_seed.csv,result/active/real_30seed_runs_sampled10/manifests/run_validation_manifest.csv,True,"python3 -m smart_crosswalk_sumo.run_sampled10_group --candidate-csv ""$BASELINE_CSV"" --net-file ""$NET_FILE"" --seed ""$seed"" --output-dir ""$out_dir"" --sim-duration 600 --warmup 0 --traci_step_length 0.1 --traffic_measure_radius_m 500.0 --extension_increment 5.0 --max_extensions 1 --metric-sample-interval 10 --vehicle-sample-interval 10 --progress-interval 60 --phase-aligned-ped-depart --ped-repeat-count 5 --ped-repeat-spacing-sec 2 --include-vehicles --manifest-row-role ""baseline_placeholder"" --manifest-crosswalk-id ""BASELINE_P1_P4_RECOVERY_6"" && python3 -m smart_crosswalk_sumo.generate_reports --output_dir ""$out_dir"" --figures_dir ""$FIGURES_DIR"" --candidates ""$BASELINE_CSV"" --nets_dir ""$NETS_DIR"""
p1_p4_recovery_6_baseline_seed26,p1_p4_recovery_6,p1_p4_recovery,baseline,baseline_placeholder,paired_group_net,group_net_file,26,BASELINE_P1_P4_RECOVERY_6,result/active/real_30seed_runs_sampled10/manifests/p1_p4_recovery_6_candidates.csv,result/active/nets/p1_p4_recovery_6.net.xml,result/active/real_30seed_runs_sampled10/runs/p1_p4_recovery_6/baseline/seed26,result/active/real_30seed_runs_sampled10/logs/p1_p4_recovery_6/baseline/seed26.log,result/active/real_30seed_runs_sampled10/runs/p1_p4_recovery_6/baseline/seed26/simulation_results_seed.csv,result/active/real_30seed_runs_sampled10/manifests/run_validation_manifest.csv,True,"python3 -m smart_crosswalk_sumo.run_sampled10_group --candidate-csv ""$BASELINE_CSV"" --net-file ""$NET_FILE"" --seed ""$seed"" --output-dir ""$out_dir"" --sim-duration 600 --warmup 0 --traci_step_length 0.1 --traffic_measure_radius_m 500.0 --extension_increment 5.0 --max_extensions 1 --metric-sample-interval 10 --vehicle-sample-interval 10 --progress-interval 60 --phase-aligned-ped-depart --ped-repeat-count 5 --ped-repeat-spacing-sec 2 --include-vehicles --manifest-row-role ""baseline_placeholder"" --manifest-crosswalk-id ""BASELINE_P1_P4_RECOVERY_6"" && python3 -m smart_crosswalk_sumo.generate_reports --output_dir ""$out_dir"" --figures_dir ""$FIGURES_DIR"" --candidates ""$BASELINE_CSV"" --nets_dir ""$NETS_DIR"""
p1_p4_recovery_6_baseline_seed27,p1_p4_recovery_6,p1_p4_recovery,baseline,baseline_placeholder,paired_group_net,group_net_file,27,BASELINE_P1_P4_RECOVERY_6,result/active/real_30seed_runs_sampled10/manifests/p1_p4_recovery_6_candidates.csv,result/active/nets/p1_p4_recovery_6.net.xml,result/active/real_30seed_runs_sampled10/runs/p1_p4_recovery_6/baseline/seed27,result/active/real_30seed_runs_sampled10/logs/p1_p4_recovery_6/baseline/seed27.log,result/active/real_30seed_runs_sampled10/runs/p1_p4_recovery_6/baseline/seed27/simulation_results_seed.csv,result/active/real_30seed_runs_sampled10/manifests/run_validation_manifest.csv,True,"python3 -m smart_crosswalk_sumo.run_sampled10_group --candidate-csv ""$BASELINE_CSV"" --net-file ""$NET_FILE"" --seed ""$seed"" --output-dir ""$out_dir"" --sim-duration 600 --warmup 0 --traci_step_length 0.1 --traffic_measure_radius_m 500.0 --extension_increment 5.0 --max_extensions 1 --metric-sample-interval 10 --vehicle-sample-interval 10 --progress-interval 60 --phase-aligned-ped-depart --ped-repeat-count 5 --ped-repeat-spacing-sec 2 --include-vehicles --manifest-row-role ""baseline_placeholder"" --manifest-crosswalk-id ""BASELINE_P1_P4_RECOVERY_6"" && python3 -m smart_crosswalk_sumo.generate_reports --output_dir ""$out_dir"" --figures_dir ""$FIGURES_DIR"" --candidates ""$BASELINE_CSV"" --nets_dir ""$NETS_DIR"""
p1_p4_recovery_6_baseline_seed28,p1_p4_recovery_6,p1_p4_recovery,baseline,baseline_placeholder,paired_group_net,group_net_file,28,BASELINE_P1_P4_RECOVERY_6,result/active/real_30seed_runs_sampled10/manifests/p1_p4_recovery_6_candidates.csv,result/active/nets/p1_p4_recovery_6.net.xml,result/active/real_30seed_runs_sampled10/runs/p1_p4_recovery_6/baseline/seed28,result/active/real_30seed_runs_sampled10/logs/p1_p4_recovery_6/baseline/seed28.log,result/active/real_30seed_runs_sampled10/runs/p1_p4_recovery_6/baseline/seed28/simulation_results_seed.csv,result/active/real_30seed_runs_sampled10/manifests/run_validation_manifest.csv,True,"python3 -m smart_crosswalk_sumo.run_sampled10_group --candidate-csv ""$BASELINE_CSV"" --net-file ""$NET_FILE"" --seed ""$seed"" --output-dir ""$out_dir"" --sim-duration 600 --warmup 0 --traci_step_length 0.1 --traffic_measure_radius_m 500.0 --extension_increment 5.0 --max_extensions 1 --metric-sample-interval 10 --vehicle-sample-interval 10 --progress-interval 60 --phase-aligned-ped-depart --ped-repeat-count 5 --ped-repeat-spacing-sec 2 --include-vehicles --manifest-row-role ""baseline_placeholder"" --manifest-crosswalk-id ""BASELINE_P1_P4_RECOVERY_6"" && python3 -m smart_crosswalk_sumo.generate_reports --output_dir ""$out_dir"" --figures_dir ""$FIGURES_DIR"" --candidates ""$BASELINE_CSV"" --nets_dir ""$NETS_DIR"""
p1_p4_recovery_6_baseline_seed29,p1_p4_recovery_6,p1_p4_recovery,baseline,baseline_placeholder,paired_group_net,group_net_file,29,BASELINE_P1_P4_RECOVERY_6,result/active/real_30seed_runs_sampled10/manifests/p1_p4_recovery_6_candidates.csv,result/active/nets/p1_p4_recovery_6.net.xml,result/active/real_30seed_runs_sampled10/runs/p1_p4_recovery_6/baseline/seed29,result/active/real_30seed_runs_sampled10/logs/p1_p4_recovery_6/baseline/seed29.log,result/active/real_30seed_runs_sampled10/runs/p1_p4_recovery_6/baseline/seed29/simulation_results_seed.csv,result/active/real_30seed_runs_sampled10/manifests/run_validation_manifest.csv,True,"python3 -m smart_crosswalk_sumo.run_sampled10_group --candidate-csv ""$BASELINE_CSV"" --net-file ""$NET_FILE"" --seed ""$seed"" --output-dir ""$out_dir"" --sim-duration 600 --warmup 0 --traci_step_length 0.1 --traffic_measure_radius_m 500.0 --extension_increment 5.0 --max_extensions 1 --metric-sample-interval 10 --vehicle-sample-interval 10 --progress-interval 60 --phase-aligned-ped-depart --ped-repeat-count 5 --ped-repeat-spacing-sec 2 --include-vehicles --manifest-row-role ""baseline_placeholder"" --manifest-crosswalk-id ""BASELINE_P1_P4_RECOVERY_6"" && python3 -m smart_crosswalk_sumo.generate_reports --output_dir ""$out_dir"" --figures_dir ""$FIGURES_DIR"" --candidates ""$BASELINE_CSV"" --nets_dir ""$NETS_DIR"""
p1_p4_recovery_6_baseline_seed30,p1_p4_recovery_6,p1_p4_recovery,baseline,baseline_placeholder,paired_group_net,group_net_file,30,BASELINE_P1_P4_RECOVERY_6,result/active/real_30seed_runs_sampled10/manifests/p1_p4_recovery_6_candidates.csv,result/active/nets/p1_p4_recovery_6.net.xml,result/active/real_30seed_runs_sampled10/runs/p1_p4_recovery_6/baseline/seed30,result/active/real_30seed_runs_sampled10/logs/p1_p4_recovery_6/baseline/seed30.log,result/active/real_30seed_runs_sampled10/runs/p1_p4_recovery_6/baseline/seed30/simulation_results_seed.csv,result/active/real_30seed_runs_sampled10/manifests/run_validation_manifest.csv,True,"python3 -m smart_crosswalk_sumo.run_sampled10_group --candidate-csv ""$BASELINE_CSV"" --net-file ""$NET_FILE"" --seed ""$seed"" --output-dir ""$out_dir"" --sim-duration 600 --warmup 0 --traci_step_length 0.1 --traffic_measure_radius_m 500.0 --extension_increment 5.0 --max_extensions 1 --metric-sample-interval 10 --vehicle-sample-interval 10 --progress-interval 60 --phase-aligned-ped-depart --ped-repeat-count 5 --ped-repeat-spacing-sec 2 --include-vehicles --manifest-row-role ""baseline_placeholder"" --manifest-crosswalk-id ""BASELINE_P1_P4_RECOVERY_6"" && python3 -m smart_crosswalk_sumo.generate_reports --output_dir ""$out_dir"" --figures_dir ""$FIGURES_DIR"" --candidates ""$BASELINE_CSV"" --nets_dir ""$NETS_DIR"""
