source_crosswalk_id,canonical_crosswalk_id,registry_crosswalk_id,id_mapping_method,id_mapping_confidence,crossing_edge,tls_id,from_edge,to_edge,match_distance_m,registry_status,implementation_status,runnable_for_signal_extension,crossing_lon,crossing_lat,original_csv_lon,original_csv_lat
LINK_33923,LINK_33923,,unmatched,none,,,,,,,,,,,,
LINK_117132,LINK_117132,,unmatched,none,,,,,,,,,,,,
LINK_196945,LINK_196945,,unmatched,none,,,,,,,,,,,,
LINK_188245,LINK_188245,,unmatched,none,,,,,,,,,,,,
LINK_190856,LINK_190856,,unmatched,none,,,,,,,,,,,,
LINK_118120,LINK_118120,,unmatched,none,,,,,,,,,,,,
LINK_279566,LINK_279566,,unmatched,none,,,,,,,,,,,,
NODE_5837,5837,5837,exact_strip_NODE,high,:5161705573_c0,5161705573,585341916#3,218926711#4,8.183344478451346,A,ready_for_simulation,True,126.9741195020757,37.55871519281736,,
LINK_203084,LINK_203084,,unmatched,none,,,,,,,,,,,,
LINK_148203,LINK_148203,,unmatched,none,,,,,,,,,,,,
NODE_74388,74388,74388,exact_strip_NODE,high,:436879516_c0,GS_436879516,585352852#1,218962181,86.78493996007555,recovered,auto_recovered_distance_rematch,True,126.97310129677584,37.55407521475319,,
NODE_5846,5846,5846,exact_strip_NODE,high,:5161705573_c0,5161705573,585341916#3,218926711#4,13.58116711027742,A,ready_for_simulation,True,126.9741195020757,37.55871519281736,,
NODE_5830,5830,5830,exact_strip_NODE,high,:5161705573_c0,5161705573,585341916#3,218926711#4,32.266088031882035,A,ready_for_simulation,True,126.9741195020757,37.55871519281736,,
NODE_5831,5831,5831,exact_strip_NODE,high,:5161705573_c0,5161705573,585341916#3,218926711#4,17.34753411295779,A,ready_for_simulation,True,126.9741195020757,37.55871519281736,,
NODE_10376,10376,10376,exact_strip_NODE,high,:11139418706_c0,11139418706,1201492607#3,1113247892#1,16.822228153402982,A,ready_for_simulation,True,126.96899038244528,37.55528052428236,,
NODE_6342,6342,6342,exact_strip_NODE,high,:11203052964_c0,11203052964,1209133881#0,-781985788#0,150.58394719272076,patched_unsignalized,ready_for_simulation,True,126.98196437711906,37.560495163579986,126.9809478,37.56158464
NODE_21869,21869,21869,exact_strip_NODE,high,:11203052964_c0,11203052964,1209133881#0,-781985788#0,155.96021814080012,patched_unsignalized,ready_for_simulation,True,126.98196437711906,37.560495163579986,126.9802482,37.5597398
NODE_150723,150723,150723,exact_strip_NODE,high,:11139418719_c0,11139418719,1201492609#1,630630646#15,12.709338389597931,A,ready_for_simulation,True,126.96910528913064,37.55505296307376,,
NODE_10060,10060,10060,exact_strip_NODE,high,:11203052964_c0,11203052964,1209133881#0,-781985788#0,5.319217465808337,A,ready_for_simulation,True,126.98196437711906,37.560495163579986,,
NODE_10067,10067,10067,exact_strip_NODE,high,:11203052960_c0,11203052960,1209133880#1,1467498055#1,178.8324144278127,patched_unsignalized,ready_for_simulation,True,126.9819293115092,37.56022347924575,126.9801622,37.55942872
NODE_10333,10333,10333,exact_strip_NODE,high,:5161705573_c0,5161705573,585341916#3,218926711#4,271.7851401230443,patched_unsignalized,ready_for_simulation,True,126.9741195020757,37.55871519281736,126.9769396,37.55766756
NODE_6122,6122,6122,exact_strip_NODE,high,:11203001810_c0,joinedS_11203001806_11203001809_11203001810_11203001813_#3more,1209130501#2,619147730#3,270.35657261761446,patched_unsignalized,ready_for_simulation,True,126.97601284004529,37.5604499318798,126.9783167,37.5588288
NODE_6123,6123,6123,exact_strip_NODE,high,:11203001810_c0,joinedS_11203001806_11203001809_11203001810_11203001813_#3more,1209130501#2,619147730#3,296.8790890490921,patched_unsignalized,ready_for_simulation,True,126.97601284004529,37.5604499318798,126.9785496,37.5586778
NODE_14937,14937,14937,exact_strip_NODE,high,:11139418723_c0,11139418723,1201492610#1,183272312#3,20.34302236895583,A,ready_for_simulation,True,126.96911539906598,37.55542484166939,,
NODE_10378,10378,10378,exact_strip_NODE,high,:11139418723_c0,11139418723,1201492610#1,183272312#3,15.882006928374658,A,ready_for_simulation,True,126.96911539906598,37.55542484166939,,
NODE_10377,10377,10377,exact_strip_NODE,high,:11139418719_c0,11139418719,1201492609#1,630630646#15,19.06788351329884,A,ready_for_simulation,True,126.96910528913064,37.55505296307376,,
NODE_6153,6153,6153,exact_strip_NODE,high,:5161705573_c0,5161705573,585341916#3,218926711#4,262.91424427602743,patched_unsignalized,ready_for_simulation,True,126.9741195020757,37.55871519281736,126.9768998,37.55779411
NODE_121262,121262,121262,exact_strip_NODE,high,:436856276_c0,436856276,1454603285#2,1454603281#0,312.74904184310196,represented_by_patched_crossing,ready_for_simulation,True,126.98210529430315,37.5522630088992,126.980915,37.55494675
NODE_6199,6199,6199,exact_strip_NODE,high,:2457731125_c0,2457731125,1339697075#0,237901345#0,14.462018886702657,A,ready_for_simulation,True,126.97705108541774,37.55497448437383,,
NODE_6082,6082,6082,exact_strip_NODE,high,:5161705573_c0,5161705573,585341916#3,218926711#4,279.98062888128817,patched_unsignalized,ready_for_simulation,True,126.9741195020757,37.55871519281736,126.9769746,37.55755612
NODE_6425,6425,6425,exact_strip_NODE,high,:436856276_c0,436856276,1454603285#2,1454603281#0,294.41029706415446,patched_unsignalized,ready_for_simulation,True,126.98210529430315,37.5522630088992,126.9809525,37.55478198
NODE_5681,5681,5681,exact_strip_NODE,high,:11139418723_c0,11139418723,1201492610#1,183272312#3,9.338269852698202,A,ready_for_simulation,True,126.96911539906598,37.55542484166939,,
LINK_194891,LINK_194891,,unmatched,none,,,,,,,,,,,,
LINK_22103,LINK_22103,,unmatched,none,,,,,,,,,,,,
NODE_6127,6127,6127,exact_strip_NODE,high,:11203052964_c0,11203052964,1209133881#0,-781985788#0,175.6536419091805,patched_unsignalized,ready_for_simulation,True,126.98196437711906,37.560495163579986,126.9800356,37.55968043
NODE_6137,6137,6137,exact_strip_NODE,high,:5161705573_c0,5161705573,585341916#3,218926711#4,173.10101407052255,patched_unsignalized,ready_for_simulation,True,126.9741195020757,37.55871519281736,126.9761004,37.55854917
NODE_6210,6210,6210,exact_strip_NODE,high,:2457731125_c0,2457731125,1339697075#0,237901345#0,129.6367611152189,patched_unsignalized,ready_for_simulation,True,126.97705108541774,37.55497448437383,126.9769664,37.55617727
NODE_73917,73917,73917,exact_strip_NODE,high,:436883143_c0,436883143,920889919,37403486#3,152.73381531830177,patched_unsignalized,ready_for_simulation,True,126.97651309447856,37.55486603837609,126.9763248,37.5534927
NODE_73919,73919,73919,exact_strip_NODE,high,:436883143_c0,436883143,920889919,37403486#3,181.46317272312115,patched_unsignalized,ready_for_simulation,True,126.97651309447856,37.55486603837609,126.9763335,37.55323298
NODE_6155,6155,6155,exact_strip_NODE,high,:11203052964_c0,11203052964,1209133881#0,-781985788#0,185.5380167307677,patched_unsignalized,ready_for_simulation,True,126.98196437711906,37.560495163579986,126.9799377,37.55963725
NODE_10262,10262,10262,exact_strip_NODE,high,:436849185_c0,436849185,708672701#3,708672701#4,185.46471631769296,patched_unsignalized,ready_for_simulation,True,126.98194779711196,37.56370238475083,126.9809132,37.56221627
NODE_10381,10381,,unmatched,none,,,,,,,,,,,,
NODE_10382,10382,,unmatched,none,,,,,,,,,,,,
NODE_10383,10383,10383,exact_strip_NODE,high,:436883143_c2,436883143,37403486#2,-920889919,9.555912611765107,A,ready_for_simulation,True,126.9765097373875,37.55492528060069,,
NODE_6084,6084,6084,exact_strip_NODE,high,:2457731125_c0,2457731125,1339697075#0,237901345#0,229.3290199168218,patched_unsignalized,ready_for_simulation,True,126.97705108541774,37.55497448437383,126.9765407,37.55703425
NODE_122781,122781,122781,exact_strip_NODE,high,:11203052964_c0,11203052964,1209133881#0,-781985788#0,183.1129829856916,patched_unsignalized,ready_for_simulation,True,126.98196437711906,37.560495163579986,126.9807695,37.56184322
LINK_224750,LINK_224750,,unmatched,none,,,,,,,,,,,,
NODE_9650,9650,9650,exact_strip_NODE,high,:5161705573_c0,5161705573,585341916#3,218926711#4,160.01743434588408,patched_unsignalized,ready_for_simulation,True,126.9741195020757,37.55871519281736,126.9759337,37.55844844
NODE_6419,6419,6419,exact_strip_NODE,high,:11203052960_c0,11203052960,1209133880#1,1467498055#1,21.900115935647374,A,ready_for_simulation,True,126.9819293115092,37.56022347924575,,
NODE_6213,6213,6213,exact_strip_NODE,high,:2457731125_c0,2457731125,1339697075#0,237901345#0,121.4918080103449,patched_unsignalized,ready_for_simulation,True,126.97705108541774,37.55497448437383,126.9767537,37.55607654
NODE_6068,6068,6068,exact_strip_NODE,high,:436883143_c1,436883143,-37403486#3,-37403486#2,232.1444985252977,patched_unsignalized,ready_for_simulation,True,126.9764087992004,37.55490931083638,126.976299,37.55702756
NODE_6424,6424,6424,exact_strip_NODE,high,:436856276_c0,436856276,1454603285#2,1454603281#0,272.58033429327713,patched_unsignalized,ready_for_simulation,True,126.98210529430315,37.5522630088992,126.9817832,37.55473176
NODE_10061,10061,10061,exact_strip_NODE,high,:11203052957_c0,11203052957,1209133879#2,913392928#1,9.643555807232747,A,ready_for_simulation,True,126.98237421110484,37.56036640311212,,
LINK_86949,LINK_86949,,unmatched,none,,,,,,,,,,,,
LINK_19394,LINK_19394,,unmatched,none,,,,,,,,,,,,
LINK_230879,LINK_230879,,unmatched,none,,,,,,,,,,,,
LINK_446,LINK_446,,unmatched,none,,,,,,,,,,,,
LINK_20482,LINK_20482,,unmatched,none,,,,,,,,,,,,
LINK_83815,LINK_83815,,unmatched,none,,,,,,,,,,,,
LINK_124840,LINK_124840,,unmatched,none,,,,,,,,,,,,
LINK_224778,LINK_224778,,unmatched,none,,,,,,,,,,,,
LINK_256826,LINK_256826,,unmatched,none,,,,,,,,,,,,
NODE_6201,6201,6201,exact_strip_NODE,high,:2457731125_c0,2457731125,1339697075#0,237901345#0,103.83498908036756,patched_unsignalized,ready_for_simulation,True,126.97705108541774,37.55497448437383,126.9772152,37.5559416
NODE_6212,6212,6212,exact_strip_NODE,high,:2457731125_c0,2457731125,1339697075#0,237901345#0,125.63390502448831,patched_unsignalized,ready_for_simulation,True,126.97705108541774,37.55497448437383,126.9771935,37.5561407
LINK_130571,LINK_130571,,unmatched,none,,,,,,,,,,,,
LINK_107613,LINK_107613,,unmatched,none,,,,,,,,,,,,
LINK_266939,LINK_266939,,unmatched,none,,,,,,,,,,,,
LINK_8035,LINK_8035,,unmatched,none,,,,,,,,,,,,
NODE_8426,8426,8426,exact_strip_NODE,high,:3846533327_c3,3846533327,381452140#0,381452099,511.52228096887194,patched_unsignalized,ready_for_simulation,True,127.0121594963602,37.55924434172914,127.0109559,37.55473271
NODE_8369,8369,8369,exact_strip_NODE,high,:3846533327_c2,3846533327,420317538#1,381452140#1,598.16061106127,patched_unsignalized,ready_for_simulation,True,127.01227232844946,37.55923713983198,127.0116327,37.55385957
LINK_153517,LINK_153517,,unmatched,none,,,,,,,,,,,,
LINK_212169,LINK_212169,,unmatched,none,,,,,,,,,,,,
LINK_239875,LINK_239875,,unmatched,none,,,,,,,,,,,,
NODE_125895,125895,125895,exact_strip_NODE,high,:3846533327_c2,3846533327,420317538#1,381452140#1,618.6005338885083,patched_unsignalized,ready_for_simulation,True,127.01227232844946,37.55923713983198,127.0113222,37.55370169
LINK_239754,LINK_239754,,unmatched,none,,,,,,,,,,,,
LINK_140740,LINK_140740,,unmatched,none,,,,,,,,,,,,
LINK_249048,LINK_249048,,unmatched,none,,,,,,,,,,,,
LINK_10218,LINK_10218,,unmatched,none,,,,,,,,,,,,
LINK_188162,LINK_188162,,unmatched,none,,,,,,,,,,,,
LINK_274692,LINK_274692,,unmatched,none,,,,,,,,,,,,
LINK_106979,LINK_106979,,unmatched,none,,,,,,,,,,,,
LINK_80550,LINK_80550,,unmatched,none,,,,,,,,,,,,
LINK_84563,LINK_84563,,unmatched,none,,,,,,,,,,,,
LINK_165020,LINK_165020,,unmatched,none,,,,,,,,,,,,
LINK_281061,LINK_281061,,unmatched,none,,,,,,,,,,,,
LINK_118297,LINK_118297,,unmatched,none,,,,,,,,,,,,
LINK_274222,LINK_274222,,unmatched,none,,,,,,,,,,,,
LINK_193845,LINK_193845,,unmatched,none,,,,,,,,,,,,
LINK_110312,LINK_110312,,unmatched,none,,,,,,,,,,,,
NODE_57526,57526,,unmatched,none,,,,,,,,,,,,
LINK_211844,LINK_211844,,unmatched,none,,,,,,,,,,,,
NODE_8452,8452,8452,exact_strip_NODE,high,:3846533327_c3,3846533327,381452140#0,381452099,396.7339569407702,patched_unsignalized,ready_for_simulation,True,127.0121594963602,37.55924434172914,127.0090416,37.55665524
NODE_8382,8382,8382,exact_strip_NODE,high,:3846533327_c3,3846533327,381452140#0,381452099,544.4312635693957,patched_unsignalized,ready_for_simulation,True,127.0121594963602,37.55924434172914,127.0106468,37.55448672
NODE_8431,8431,8431,exact_strip_NODE,high,:3846533327_c3,3846533327,381452140#0,381452099,513.621827127751,patched_unsignalized,ready_for_simulation,True,127.0121594963602,37.55924434172914,127.0103896,37.55483574
NODE_10273,10273,10273,exact_strip_NODE,high,:3846533327_c3,3846533327,381452140#0,381452099,365.0034429586413,patched_unsignalized,ready_for_simulation,True,127.0121594963602,37.55924434172914,127.0093969,37.55678419
LINK_261783,LINK_261783,,unmatched,none,,,,,,,,,,,,
LINK_168987,LINK_168987,,unmatched,none,,,,,,,,,,,,
LINK_148587,LINK_148587,,unmatched,none,,,,,,,,,,,,
LINK_190747,LINK_190747,,unmatched,none,,,,,,,,,,,,
LINK_19944,LINK_19944,,unmatched,none,,,,,,,,,,,,
LINK_122032,LINK_122032,,unmatched,none,,,,,,,,,,,,
NODE_8086,8086,8086,exact_strip_NODE,high,:8209566040_c0,8209566040,1283637490#2,770890589#3,406.44686917540463,patched_unsignalized,ready_for_simulation,True,127.00910465279112,37.56807545875095,127.0108438,37.56466037
NODE_9103,9103,9103,exact_strip_NODE,high,:8111813384_c0,GS_8111813384,899499301#0,-899499301#1,334.7193893918095,patched_unsignalized,ready_for_simulation,True,127.02355303262917,37.566207447439425,127.0197779,37.56556657
NODE_9115,9115,9115,exact_strip_NODE,high,:8111813384_c0,GS_8111813384,899499301#0,-899499301#1,350.37122382301055,patched_unsignalized,ready_for_simulation,True,127.02355303262917,37.566207447439425,127.0195968,37.5655666
NODE_126178,126178,126178,exact_strip_NODE,high,:8453967389_c2,GS_8453967389,-910455717,911522751#3,404.27985391343617,patched_unsignalized,ready_for_simulation,True,127.01476978193293,37.56803314495191,127.0124969,37.56481349
NODE_9494,9494,9494,exact_strip_NODE,high,:8111813384_c0,GS_8111813384,899499301#0,-899499301#1,164.08886249566558,patched_unsignalized,ready_for_simulation,True,127.02355303262917,37.566207447439425,127.0219406,37.5653791
NODE_10008,10008,10008,exact_strip_NODE,high,:8453967389_c1,GS_8453967389,911522751#1,910455717,333.99286337884934,patched_unsignalized,ready_for_simulation,True,127.01487623664644,37.56803209689397,127.0164847,37.56525141
NODE_8668,8668,8668,exact_strip_NODE,high,:8453967389_c2,GS_8453967389,-910455717,911522751#3,333.8296536487867,patched_unsignalized,ready_for_simulation,True,127.01476978193293,37.56803314495191,127.0141529,37.56500783
NODE_8669,8669,8669,exact_strip_NODE,high,:8453967389_c2,GS_8453967389,-910455717,911522751#3,309.49064002703136,patched_unsignalized,ready_for_simulation,True,127.01476978193293,37.56803314495191,127.0141098,37.56523669
NODE_10007,10007,10007,exact_strip_NODE,high,:8453967389_c1,GS_8453967389,911522751#1,910455717,337.15350777813495,patched_unsignalized,ready_for_simulation,True,127.01487623664644,37.56803209689397,127.0164238,37.56519794
NODE_8083,8083,8083,exact_strip_NODE,high,:8209566040_c0,8209566040,1283637490#2,770890589#3,354.1839566824362,patched_unsignalized,ready_for_simulation,True,127.00910465279112,37.56807545875095,127.0108783,37.56518673
LINK_214213,LINK_214213,,unmatched,none,,,,,,,,,,,,
LINK_178464,LINK_178464,,unmatched,none,,,,,,,,,,,,
LINK_18211,LINK_18211,,unmatched,none,,,,,,,,,,,,
LINK_251889,LINK_251889,,unmatched,none,,,,,,,,,,,,
LINK_127869,LINK_127869,,unmatched,none,,,,,,,,,,,,
LINK_216688,LINK_216688,,unmatched,none,,,,,,,,,,,,
LINK_50898,LINK_50898,,unmatched,none,,,,,,,,,,,,
NODE_8024,8024,8024,exact_strip_NODE,high,,,,,,route_patch_required,route_patch_required,False,,,,
NODE_8022,8022,8022,exact_strip_NODE,high,:12857535999_c0,12857535999,1389001689#0,218910324#10,10.714708650187172,A,ready_for_simulation,True,127.00670566185693,37.547788054739314,,
NODE_8909,8909,8909,exact_strip_NODE,high,:3846533327_c2,3846533327,420317538#1,381452140#1,93.20792075703712,recovered,auto_recovered_distance_rematch,True,127.01230716743837,37.55924673876201,,
NODE_8912,8912,8912,exact_strip_NODE,high,:3846533327_c2,3846533327,420317538#1,381452140#1,71.51499007917957,recovered,auto_recovered_distance_rematch,True,127.01230716743837,37.55924673876201,,
NODE_8423,8423,8423,exact_strip_NODE,high,:3846533327_c3,3846533327,381452140#0,381452099,539.9445172814413,patched_unsignalized,ready_for_simulation,True,127.0121594963602,37.55924434172914,127.0103967,37.55458515
NODE_10279,10279,10279,exact_strip_NODE,high,:3846533327_c1,3846533327,-381452099,420317538#2,141.73338443626588,patched_unsignalized,ready_for_simulation,True,127.01235068584036,37.55930460884475,127.013567,37.56017681
NODE_8021,8021,8021,exact_strip_NODE,high,:12857535999_c0,12857535999,1389001689#0,218910324#10,5.393753246094854,A,ready_for_simulation,True,127.00670566185693,37.547788054739314,,
NODE_8026,8026,8026,exact_strip_NODE,high,,,,,,route_patch_required,route_patch_required,False,,,,
NODE_8378,8378,8378,exact_strip_NODE,high,:3846533327_c3,3846533327,381452140#0,381452099,555.3198024734718,patched_unsignalized,ready_for_simulation,True,127.0121594963602,37.55924434172914,127.0106439,37.55438602
NODE_126003,126003,126003,exact_strip_NODE,high,:3846533327_c2,3846533327,420317538#1,381452140#1,337.0295707581699,patched_unsignalized,ready_for_simulation,True,127.01227232844946,37.55923713983198,127.0116144,37.55623164
NODE_8371,8371,8371,exact_strip_NODE,high,:12857535999_c0,12857535999,1389001689#0,218910324#10,654.5020353958805,patched_unsignalized,ready_for_simulation,True,127.00670566185693,37.547788054739314,127.0094796,37.55327847
NODE_10266,10266,10266,exact_strip_NODE,high,:3846533327_c2,3846533327,420317538#1,381452140#1,199.56624330478436,patched_unsignalized,ready_for_simulation,True,127.01227232844946,37.55923713983198,127.0119842,37.55744076
NODE_8734,8734,8734,exact_strip_NODE,high,:3846533327_c0,3846533327,-381452140#1,-381452140#0,486.1128137764352,patched_unsignalized,ready_for_simulation,True,127.01222898274492,37.55939853872191,127.0152665,37.56305786
NODE_8725,8725,8725,exact_strip_NODE,high,:3846533327_c1,3846533327,-381452099,420317538#2,175.0575577365461,patched_unsignalized,ready_for_simulation,True,127.01235068584036,37.55930460884475,127.0137539,37.56045599
NODE_126002,126002,126002,exact_strip_NODE,high,:3846533327_c3,3846533327,381452140#0,381452099,330.44192114636684,patched_unsignalized,ready_for_simulation,True,127.0121594963602,37.55924434172914,127.0113614,37.55633236
NODE_8469,8469,8469,exact_strip_NODE,high,:12857535999_c0,12857535999,1389001689#0,218910324#10,650.7510005558754,patched_unsignalized,ready_for_simulation,True,127.00670566185693,37.547788054739314,127.0096822,37.55317318
NODE_8459,8459,8459,exact_strip_NODE,high,:12857535999_c0,12857535999,1389001689#0,218910324#10,224.7663416118139,patched_unsignalized,ready_for_simulation,True,127.00670566185693,37.547788054739314,127.0076381,37.54969476
NODE_125994,125994,125994,exact_strip_NODE,high,:3846533327_c3,3846533327,381452140#0,381452099,480.65567930744874,patched_unsignalized,ready_for_simulation,True,127.0121594963602,37.55924434172914,127.0109387,37.55502107
NODE_10419,10419,10419,exact_strip_NODE,high,:11125407497_c0,11125407497,896413219#1,1199502738#3,35.234256254097,A,ready_for_simulation,True,127.02385076174616,37.56517621313539,,
NODE_8834,8834,8834,exact_strip_NODE,high,:3846533327_c2,3846533327,420317538#1,381452140#1,209.8369223413552,patched_unsignalized,ready_for_simulation,True,127.01227232844946,37.55923713983198,127.0122412,37.55733688
NODE_8721,8721,8721,exact_strip_NODE,high,:3846533327_c1,3846533327,-381452099,420317538#2,300.0413566917575,patched_unsignalized,ready_for_simulation,True,127.01235068584036,37.55930460884475,127.0145964,37.56136901
NODE_8733,8733,8733,exact_strip_NODE,high,:3846533327_c1,3846533327,-381452099,420317538#2,489.94108036066893,patched_unsignalized,ready_for_simulation,True,127.01235068584036,37.55930460884475,127.0155195,37.56296171
NODE_8429,8429,8429,exact_strip_NODE,high,:3846533327_c3,3846533327,381452140#0,381452099,476.0598284706263,patched_unsignalized,ready_for_simulation,True,127.0121594963602,37.55924434172914,127.0106656,37.55512179
NODE_10303,10303,10303,exact_strip_NODE,high,:12857535999_c0,12857535999,1389001689#0,218910324#10,219.90863466773368,patched_unsignalized,ready_for_simulation,True,127.00670566185693,37.547788054739314,127.0073825,37.54971848
NODE_8430,8430,8430,exact_strip_NODE,high,:3846533327_c3,3846533327,381452140#0,381452099,463.07093487577936,patched_unsignalized,ready_for_simulation,True,127.0121594963602,37.55924434172914,127.0106599,37.55524537
NODE_8717,8717,8717,exact_strip_NODE,high,:3846533327_c1,3846533327,-381452099,420317538#2,182.82292354239416,patched_unsignalized,ready_for_simulation,True,127.01235068584036,37.55930460884475,127.0139925,37.5603484
NODE_8902,8902,8902,exact_strip_NODE,high,:3846533327_c1,3846533327,-381452099,420317538#2,152.56511790689703,patched_unsignalized,ready_for_simulation,True,127.01235068584036,37.55930460884475,127.0138199,37.56007151
NODE_8722,8722,8722,exact_strip_NODE,high,:3846533327_c1,3846533327,-381452099,420317538#2,294.0777460562619,patched_unsignalized,ready_for_simulation,True,127.01235068584036,37.55930460884475,127.0143261,37.56147203
LINK_254978,LINK_254978,,unmatched,none,,,,,,,,,,,,
LINK_3009,LINK_3009,,unmatched,none,,,,,,,,,,,,
NODE_8113,8113,8113,exact_strip_NODE,high,:8209566040_c0,8209566040,1283637490#2,770890589#3,375.1204296686796,patched_unsignalized,ready_for_simulation,True,127.00910465279112,37.56807545875095,127.0105477,37.56487323
NODE_8082,8082,8082,exact_strip_NODE,high,:8209566040_c0,8209566040,1283637490#2,770890589#3,374.8984969073558,patched_unsignalized,ready_for_simulation,True,127.00910465279112,37.56807545875095,127.0107374,37.56493272
LINK_182621,LINK_182621,,unmatched,none,,,,,,,,,,,,
LINK_92843,LINK_92843,,unmatched,none,,,,,,,,,,,,
LINK_262891,LINK_262891,,unmatched,none,,,,,,,,,,,,
LINK_42623,LINK_42623,,unmatched,none,,,,,,,,,,,,
LINK_106866,LINK_106866,,unmatched,none,,,,,,,,,,,,
LINK_259721,LINK_259721,,unmatched,none,,,,,,,,,,,,
LINK_63043,LINK_63043,,unmatched,none,,,,,,,,,,,,
NODE_5938,5938,5938,exact_strip_NODE,high,:5194567167_c0,joinedS_5194567167_5851251266,1230789306#3,1084408283#1,7.36587008634872,A,ready_for_simulation,True,126.97711385933532,37.566875791220326,,
LINK_120139,LINK_120139,,unmatched,none,,,,,,,,,,,,
NODE_9699,9699,9699,exact_strip_NODE,high,:2374692796_c0,2374692796,184083187#3,184083187#4,181.59577373940684,patched_unsignalized,ready_for_simulation,True,126.98841480445546,37.566301312605944,126.9878163,37.56787443
NODE_23050,23050,23050,exact_strip_NODE,high,:2374692796_c0,2374692796,184083187#3,184083187#4,104.66137114088518,patched_unsignalized,ready_for_simulation,True,126.98841480445546,37.566301312605944,126.9896091,37.56610331
NODE_10331,10331,10331,exact_strip_NODE,high,:11203083983_c0,11203083983,1209137355#1,198564925#6,156.79033538487965,represented_by_patched_crossing,ready_for_simulation,True,126.987345162238,37.566070884559224,126.985574,37.56622134
NODE_23068,23068,23068,exact_strip_NODE,high,:2374692796_c0,2374692796,184083187#3,184083187#4,99.3967019004319,recovered,auto_recovered_distance_rematch,True,126.98837859283408,37.56630065029044,,
NODE_6465,6465,6465,exact_strip_NODE,high,:11203083980_c0,11203083980,1209137354#1,913565824#4,4.280027709774625,A,ready_for_simulation,True,126.98770896076238,37.56597498106772,,
NODE_6237,6237,6237,exact_strip_NODE,high,:1945254893_c0,joinedS_10911257064_11198015009_11198015018_11198015019_#3more,1207481552#2,218919060#0,170.3488881504427,patched_unsignalized,ready_for_simulation,True,126.98320774512972,37.57007219452772,126.9826021,37.56860611
NODE_6284,6284,6284,exact_strip_NODE,high,:13732389937_c0,13732389937,1499619443#8,1499619443#9,137.4704844320386,patched_unsignalized,ready_for_simulation,True,126.98264063937012,37.56497894634611,126.9829333,37.56621007
NODE_6281,6281,6281,exact_strip_NODE,high,:13732389937_c0,13732389937,1499619443#8,1499619443#9,98.76561833785738,recovered,auto_recovered_distance_rematch,True,126.98264285814888,37.56499322342445,,
NODE_6453,6453,6453,exact_strip_NODE,high,:7311080426_c0,7311080426,782892489#7,782892489#8,63.23042221000102,recovered,auto_recovered_distance_rematch,True,126.98797182003952,37.56430140479245,,
NODE_6312,6312,6312,exact_strip_NODE,high,:11203052956_c0,11203052956,1209133879#1,781985786#1,132.79306435736956,patched_unsignalized,ready_for_simulation,True,126.98238785154204,37.56042309727564,126.9837998,37.56084358
NODE_6337,6337,6337,exact_strip_NODE,high,:11203052964_c0,11203052964,1209133881#0,-781985788#0,0.3489575060736823,A,ready_for_simulation,True,126.98196437711906,37.560495163579986,,
NODE_6452,6452,6452,exact_strip_NODE,high,:7311080426_c0,7311080426,782892489#7,782892489#8,58.56089778437568,recovered,auto_recovered_distance_rematch,True,126.98797182003952,37.56430140479245,,
NODE_122543,122543,122543,exact_strip_NODE,high,:2374692796_c0,2374692796,184083187#3,184083187#4,91.05512775900486,recovered,auto_recovered_distance_rematch,True,126.98837859283408,37.56630065029044,,
NODE_6283,6283,6283,exact_strip_NODE,high,:13732389937_c0,13732389937,1499619443#8,1499619443#9,134.0657493821922,patched_unsignalized,ready_for_simulation,True,126.98264063937012,37.56497894634611,126.9824532,37.56619169
NODE_6473,6473,6473,exact_strip_NODE,high,:11203083983_c0,11203083983,1209137355#1,198564925#6,26.953648867936565,A,ready_for_simulation,True,126.987345162238,37.566070884559224,,
NODE_6477,6477,6477,exact_strip_NODE,high,:11203083983_c0,11203083983,1209137355#1,198564925#6,11.20145621544862,A,ready_for_simulation,True,126.987345162238,37.566070884559224,,
NODE_6480,6480,6480,exact_strip_NODE,high,:11203083983_c0,11203083983,1209137355#1,198564925#6,155.6152155555419,patched_unsignalized,ready_for_simulation,True,126.987345162238,37.566070884559224,126.9855856,37.56599935
NODE_6467,6467,6467,exact_strip_NODE,high,:2374692796_c0,2374692796,184083187#3,184083187#4,87.29022299202518,recovered,auto_recovered_distance_rematch,True,126.98837859283408,37.56630065029044,,
NODE_6471,6471,6471,exact_strip_NODE,high,:11203083987_c0,11203083987,1209137356#1,782892488#1,24.34958453457405,A,ready_for_simulation,True,126.9878844826597,37.56608512803767,,
NODE_5949,5949,5949,exact_strip_NODE,high,:5194567167_c0,joinedS_5194567167_5851251266,1230789306#3,1084408283#1,10.739756201199736,A,ready_for_simulation,True,126.97711385933532,37.566875791220326,,
NODE_5960,5960,5960,exact_strip_NODE,high,:1945254547_c0,1945254547,710255389#3,198564932,106.63676061472914,patched_unsignalized,ready_for_simulation,True,126.97857023720144,37.56515442463101,126.9793986,37.56587309
NODE_6310,6310,6310,exact_strip_NODE,high,:11203052956_c0,11203052956,1209133879#1,781985786#1,128.4051748840345,patched_unsignalized,ready_for_simulation,True,126.98238785154204,37.56042309727564,126.9838373,37.56061016
NODE_6511,6511,6511,exact_strip_NODE,high,:11203052956_c0,11203052956,1209133879#1,781985786#1,332.86674063512856,patched_unsignalized,ready_for_simulation,True,126.98238785154204,37.56042309727564,126.9861385,37.56082505
NODE_5976,5976,5976,exact_strip_NODE,high,:1945254547_c0,1945254547,710255389#3,198564932,127.79274548368068,patched_unsignalized,ready_for_simulation,True,126.97857023720144,37.56515442463101,126.9793669,37.56612482
NODE_6512,6512,6512,exact_strip_NODE,high,:2087933376_c1,2087933376,198691077#6,198691077#7,316.85916986264516,patched_unsignalized,ready_for_simulation,True,126.98512764242632,37.56380412118986,126.9860925,37.5610539
LINK_4392,LINK_4392,,unmatched,none,,,,,,,,,,,,
LINK_243373,LINK_243373,,unmatched,none,,,,,,,,,,,,
NODE_120933,120933,120933,exact_strip_NODE,high,:1945254893_c0,joinedS_10911257064_11198015009_11198015018_11198015019_#3more,1207481552#2,218919060#0,152.43482653057958,patched_unsignalized,ready_for_simulation,True,126.98320774512972,37.57007219452772,126.9825446,37.56879605
NODE_6446,6446,6446,exact_strip_NODE,high,:7311080426_c0,7311080426,782892489#7,782892489#8,27.684418221704345,A,ready_for_simulation,True,126.98798908013802,37.56430579957816,,
NODE_6240,6240,6240,exact_strip_NODE,high,:1945254893_c0,joinedS_10911257064_11198015009_11198015018_11198015019_#3more,1207481552#2,218919060#0,147.33612749886993,patched_unsignalized,ready_for_simulation,True,126.98320774512972,37.57007219452772,126.9829874,37.56874576
NODE_6498,6498,6498,exact_strip_NODE,high,:2374692796_c0,2374692796,184083187#3,184083187#4,185.69551987774548,represented_by_patched_crossing,ready_for_simulation,True,126.98841480445546,37.566301312605944,126.9878622,37.5679225
NODE_6497,6497,6497,exact_strip_NODE,high,:2374692796_c0,2374692796,184083187#3,184083187#4,196.73547240722496,patched_unsignalized,ready_for_simulation,True,126.98841480445546,37.566301312605944,126.9878651,37.56802548
NODE_6456,6456,6456,exact_strip_NODE,high,:7311080426_c0,7311080426,782892489#7,782892489#8,69.29712107329966,recovered,auto_recovered_distance_rematch,True,126.98797182003952,37.56430140479245,,
NODE_6493,6493,6493,exact_strip_NODE,high,:436718743_c0,436718743,218919060#3,218919060#4,207.82621908855057,represented_by_patched_crossing,ready_for_simulation,True,126.98575021254588,37.57005131735827,126.9856053,37.56818085
NODE_6239,6239,6239,exact_strip_NODE,high,:1945254893_c0,joinedS_10911257064_11198015009_11198015018_11198015019_#3more,1207481552#2,218919060#0,163.45027423267533,patched_unsignalized,ready_for_simulation,True,126.98320774512972,37.57007219452772,126.9829874,37.5685993
NODE_6238,6238,6238,exact_strip_NODE,high,:1945254893_c0,joinedS_10911257064_11198015009_11198015018_11198015019_#3more,1207481552#2,218919060#0,166.7335468691729,patched_unsignalized,ready_for_simulation,True,126.98320774512972,37.57007219452772,126.9829443,37.56857412
NODE_5914,5914,5914,exact_strip_NODE,high,:436877020_c0,436877020,620634303#0,620634303#1,60.653848462939614,recovered,auto_recovered_distance_rematch,True,126.97688000375436,37.56902671250759,,
NODE_5916,5916,5916,exact_strip_NODE,high,:436877020_c0,436877020,620634303#0,620634303#1,61.79351963958741,recovered,auto_recovered_distance_rematch,True,126.97688000375436,37.56902671250759,,
NODE_10341,10341,10341,exact_strip_NODE,high,:2420018399_c0,2420018399,474532059#3,474532059#4,141.6450091900536,patched_unsignalized,ready_for_simulation,True,126.9799394534048,37.57005783877547,126.9791318,37.56893967
NODE_10337,10337,10337,exact_strip_NODE,high,:436877020_c0,436877020,620634303#0,620634303#1,49.41622391941944,A,ready_for_simulation,True,126.97688120543904,37.56905552678897,,
NODE_5908,5908,5908,exact_strip_NODE,high,:2420018399_c0,2420018399,474532059#3,474532059#4,131.19650704834442,represented_by_patched_crossing,ready_for_simulation,True,126.9799394534048,37.57005783877547,126.9791634,37.56903351
NODE_10553,10553,10553,exact_strip_NODE,high,:436718743_c0,436718743,218919060#3,218919060#4,199.07659301779097,patched_unsignalized,ready_for_simulation,True,126.98575021254588,37.57005131735827,126.9856397,37.56825866
NODE_21867,21867,21867,exact_strip_NODE,high,:11346754526_c0,11346754526,-772527390#3,772527390#3,345.7519892276023,patched_unsignalized,ready_for_simulation,True,126.99321305096846,37.56088447397851,126.9893094,37.56135632
NODE_31146,31146,31146,exact_strip_NODE,high,:2420018399_c0,2420018399,474532059#3,474532059#4,122.26350207549233,patched_unsignalized,ready_for_simulation,True,126.9799394534048,37.57005783877547,126.9793576,37.5690461
NODE_6447,6447,6447,exact_strip_NODE,high,:7311080426_c0,7311080426,782892489#7,782892489#8,37.16664476596245,A,ready_for_simulation,True,126.98798908013802,37.56430579957816,,
NODE_6285,6285,6285,exact_strip_NODE,high,:13732389937_c0,13732389937,1499619443#8,1499619443#9,158.48034552820977,patched_unsignalized,ready_for_simulation,True,126.98264063937012,37.56497894634611,126.9831173,37.56637029
NODE_6246,6246,6246,exact_strip_NODE,high,:1945254893_c0,joinedS_10911257064_11198015009_11198015018_11198015019_#3more,1207481552#2,218919060#0,162.31001170360173,patched_unsignalized,ready_for_simulation,True,126.98320774512972,37.57007219452772,126.9825302,37.5687045
LINK_164901,LINK_164901,,unmatched,none,,,,,,,,,,,,
LINK_92227,LINK_92227,,unmatched,none,,,,,,,,,,,,
LINK_68494,LINK_68494,,unmatched,none,,,,,,,,,,,,
NODE_6275,6275,6275,exact_strip_NODE,high,:13732389937_c0,13732389937,1499619443#8,1499619443#9,90.02502603971166,recovered,auto_recovered_distance_rematch,True,126.98264285814888,37.56499322342445,,
NODE_21865,21865,21865,exact_strip_NODE,high,:7311080426_c0,7311080426,782892489#7,782892489#8,339.8658197535352,patched_unsignalized,ready_for_simulation,True,126.98798908013802,37.56430579957816,126.9887287,37.56129905
NODE_6338,6338,6338,exact_strip_NODE,high,:11203052964_c0,11203052964,1209133881#0,-781985788#0,12.325918414212834,A,ready_for_simulation,True,126.98196437711906,37.560495163579986,,
NODE_6336,6336,6336,exact_strip_NODE,high,:11203052964_c0,11203052964,1209133881#0,-781985788#0,19.561355884029243,A,ready_for_simulation,True,126.98196437711906,37.560495163579986,,
NODE_6286,6286,6286,exact_strip_NODE,high,:13732389937_c0,13732389937,1499619443#8,1499619443#9,88.32736287047332,recovered,auto_recovered_distance_rematch,True,126.98264285814888,37.56499322342445,,
NODE_6282,6282,6282,exact_strip_NODE,high,:13732389937_c0,13732389937,1499619443#8,1499619443#9,153.673097331657,patched_unsignalized,ready_for_simulation,True,126.98264063937012,37.56497894634611,126.9822663,37.56634499
LINK_214150,LINK_214150,,unmatched,none,,,,,,,,,,,,
LINK_67578,LINK_67578,,unmatched,none,,,,,,,,,,,,
LINK_59016,LINK_59016,,unmatched,none,,,,,,,,,,,,
LINK_74276,LINK_74276,,unmatched,none,,,,,,,,,,,,
LINK_174074,LINK_174074,,unmatched,none,,,,,,,,,,,,
LINK_59819,LINK_59819,,unmatched,none,,,,,,,,,,,,
LINK_87853,LINK_87853,,unmatched,none,,,,,,,,,,,,
LINK_50304,LINK_50304,,unmatched,none,,,,,,,,,,,,
LINK_142978,LINK_142978,,unmatched,none,,,,,,,,,,,,
NODE_9355,9355,9355,exact_strip_NODE,high,:3846533327_c1,3846533327,-381452099,420317538#2,560.880226346375,patched_unsignalized,ready_for_simulation,True,127.01235068584036,37.55930460884475,127.0187039,37.55905816
NODE_9396,9396,9396,exact_strip_NODE,high,:3846533327_c1,3846533327,-381452099,420317538#2,445.6941781345112,patched_unsignalized,ready_for_simulation,True,127.01235068584036,37.55930460884475,127.0174018,37.55955268
NODE_8597,8597,8597,exact_strip_NODE,high,:8453967389_c2,GS_8453967389,-910455717,911522751#3,207.16995655326787,patched_unsignalized,ready_for_simulation,True,127.01476978193293,37.56803314495191,127.0124318,37.56782167
NODE_8865,8865,8865,exact_strip_NODE,high,:3846533327_c1,3846533327,-381452099,420317538#2,313.98692684374015,patched_unsignalized,ready_for_simulation,True,127.01235068584036,37.55930460884475,127.0159184,37.55937324
NODE_9354,9354,9354,exact_strip_NODE,high,:3846533327_c1,3846533327,-381452099,420317538#2,586.8722159096761,patched_unsignalized,ready_for_simulation,True,127.01235068584036,37.55930460884475,127.0189971,37.55903751
NODE_9989,9989,9989,exact_strip_NODE,high,:3846533327_c1,3846533327,-381452099,420317538#2,428.00992360232567,patched_unsignalized,ready_for_simulation,True,127.01235068584036,37.55930460884475,127.0171919,37.55965798
LINK_27194,LINK_27194,,unmatched,none,,,,,,,,,,,,
LINK_41734,LINK_41734,,unmatched,none,,,,,,,,,,,,
LINK_87392,LINK_87392,,unmatched,none,,,,,,,,,,,,
NODE_9336,9336,9336,exact_strip_NODE,high,:3846533327_c1,3846533327,-381452099,420317538#2,626.5237459010094,patched_unsignalized,ready_for_simulation,True,127.01235068584036,37.55930460884475,127.0192297,37.5579161
NODE_9366,9366,9366,exact_strip_NODE,high,:3846533327_c1,3846533327,-381452099,420317538#2,608.2059872068506,patched_unsignalized,ready_for_simulation,True,127.01235068584036,37.55930460884475,127.0189997,37.55787036
LINK_184901,LINK_184901,,unmatched,none,,,,,,,,,,,,
LINK_266757,LINK_266757,,unmatched,none,,,,,,,,,,,,
LINK_52248,LINK_52248,,unmatched,none,,,,,,,,,,,,
LINK_62982,LINK_62982,,unmatched,none,,,,,,,,,,,,
LINK_274982,LINK_274982,,unmatched,none,,,,,,,,,,,,
LINK_171099,LINK_171099,,unmatched,none,,,,,,,,,,,,
LINK_189134,LINK_189134,,unmatched,none,,,,,,,,,,,,
LINK_174542,LINK_174542,,unmatched,none,,,,,,,,,,,,
LINK_83307,LINK_83307,,unmatched,none,,,,,,,,,,,,
LINK_138894,LINK_138894,,unmatched,none,,,,,,,,,,,,
NODE_23041,23041,23041,exact_strip_NODE,high,:436879516_c0,GS_436879516,585352852#1,218962181,37.19911633012427,A,ready_for_simulation,True,126.97309361368052,37.554062150413216,,
NODE_23039,23039,23039,exact_strip_NODE,high,:436879516_c0,GS_436879516,585352852#1,218962181,41.258645594968094,A,ready_for_simulation,True,126.97309361368052,37.554062150413216,,
LINK_201684,LINK_201684,,unmatched,none,,,,,,,,,,,,
LINK_210882,LINK_210882,,unmatched,none,,,,,,,,,,,,
LINK_220151,LINK_220151,,unmatched,none,,,,,,,,,,,,
NODE_21874,21874,21874,exact_strip_NODE,high,:5161705573_c0,5161705573,585341916#3,218926711#4,226.3558970490059,patched_unsignalized,ready_for_simulation,True,126.9741195020757,37.55871519281736,126.9756481,37.55704554
NODE_5863,5863,5863,exact_strip_NODE,high,:11177413160_c0,11177413160,553799176#1,585341906#2,222.2972290569709,patched_unsignalized,ready_for_simulation,True,126.97312299745676,37.5561904164742,126.9754734,37.55697612
LINK_165332,LINK_165332,,unmatched,none,,,,,,,,,,,,
LINK_89744,LINK_89744,,unmatched,none,,,,,,,,,,,,
LINK_6494,LINK_6494,,unmatched,none,,,,,,,,,,,,
LINK_262750,LINK_262750,,unmatched,none,,,,,,,,,,,,
LINK_108149,LINK_108149,,unmatched,none,,,,,,,,,,,,
LINK_244326,LINK_244326,,unmatched,none,,,,,,,,,,,,
LINK_239783,LINK_239783,,unmatched,none,,,,,,,,,,,,
LINK_70067,LINK_70067,,unmatched,none,,,,,,,,,,,,
LINK_127532,LINK_127532,,unmatched,none,,,,,,,,,,,,
LINK_173252,LINK_173252,,unmatched,none,,,,,,,,,,,,
LINK_159003,LINK_159003,,unmatched,none,,,,,,,,,,,,
LINK_160658,LINK_160658,,unmatched,none,,,,,,,,,,,,
LINK_9791,LINK_9791,,unmatched,none,,,,,,,,,,,,
LINK_146267,LINK_146267,,unmatched,none,,,,,,,,,,,,
NODE_24603,24603,24603,exact_strip_NODE,high,:8453967389_c2,GS_8453967389,-910455717,911522751#3,188.92984831264988,patched_unsignalized,ready_for_simulation,True,127.01476978193293,37.56803314495191,127.0126385,37.56782649
NODE_8898,8898,8898,exact_strip_NODE,high,:3846533327_c1,3846533327,-381452099,420317538#2,184.77218022426595,represented_by_patched_crossing,ready_for_simulation,True,127.01235068584036,37.55930460884475,127.0140816,37.56028202
NODE_8901,8901,8901,exact_strip_NODE,high,:3846533327_c1,3846533327,-381452099,420317538#2,217.2587432577248,patched_unsignalized,ready_for_simulation,True,127.01235068584036,37.55930460884475,127.0147484,37.55981279
NODE_8903,8903,8903,exact_strip_NODE,high,:3846533327_c1,3846533327,-381452099,420317538#2,164.00981607984937,patched_unsignalized,ready_for_simulation,True,127.01235068584036,37.55930460884475,127.0139493,37.56010124
NODE_8594,8594,8594,exact_strip_NODE,high,:8453967389_c2,GS_8453967389,-910455717,911522751#3,205.6828206647373,patched_unsignalized,ready_for_simulation,True,127.01476978193293,37.56803314495191,127.0124629,37.56771993
NODE_8895,8895,8895,exact_strip_NODE,high,:3846533327_c1,3846533327,-381452099,420317538#2,227.5650734531,patched_unsignalized,ready_for_simulation,True,127.01235068584036,37.55930460884475,127.0148232,37.55994323
NODE_8864,8864,8864,exact_strip_NODE,high,:3846533327_c1,3846533327,-381452099,420317538#2,324.01312837680774,patched_unsignalized,ready_for_simulation,True,127.01235068584036,37.55930460884475,127.0160248,37.5595174
NODE_8052,8052,8052,exact_strip_NODE,high,:8209566040_c0,8209566040,1283637490#2,770890589#3,195.43644918403857,patched_unsignalized,ready_for_simulation,True,127.00910465279112,37.56807545875095,127.0099992,37.56968944
NODE_125905,125905,125905,exact_strip_NODE,high,:3846533327_c2,3846533327,420317538#1,381452140#1,574.2092758201807,patched_unsignalized,ready_for_simulation,True,127.01227232844946,37.55923713983198,127.0116873,37.5540724
NODE_165595,165595,165595,exact_strip_NODE,high,:436864128_c0,436864128,896413219#0,896413219#1,173.97919639869428,patched_unsignalized,ready_for_simulation,True,127.02383132510924,37.56508486466774,127.0243729,37.56354951
NODE_24601,24601,24601,exact_strip_NODE,high,:8453967389_c2,GS_8453967389,-910455717,911522751#3,211.38440402465628,patched_unsignalized,ready_for_simulation,True,127.01476978193293,37.56803314495191,127.0123766,37.56793735
NODE_24602,24602,24602,exact_strip_NODE,high,:8453967389_c2,GS_8453967389,-910455717,911522751#3,190.4935322123221,patched_unsignalized,ready_for_simulation,True,127.01476978193293,37.56803314495191,127.0126325,37.56774279
NODE_8051,8051,8051,exact_strip_NODE,high,:8209566040_c0,8209566040,1283637490#2,770890589#3,183.2061621732173,patched_unsignalized,ready_for_simulation,True,127.00910465279112,37.56807545875095,127.0100308,37.56955442
NODE_10212,10212,10212,exact_strip_NODE,high,:436864128_c0,436864128,896413219#0,896413219#1,164.0614158629878,patched_unsignalized,ready_for_simulation,True,127.02383132510924,37.56508486466774,127.0241315,37.56359762
NODE_9477,9477,9477,exact_strip_NODE,high,:436864128_c0,436864128,896413219#0,896413219#1,4.441712111826686,A,ready_for_simulation,True,127.02383132510924,37.56508486466774,,
NODE_8593,8593,8593,exact_strip_NODE,high,:8453967389_c2,GS_8453967389,-910455717,911522751#3,179.81083199247593,patched_unsignalized,ready_for_simulation,True,127.01476978193293,37.56803314495191,127.012759,37.5677199
LINK_74259,LINK_74259,,unmatched,none,,,,,,,,,,,,
LINK_237014,LINK_237014,,unmatched,none,,,,,,,,,,,,
LINK_148018,LINK_148018,,unmatched,none,,,,,,,,,,,,
LINK_154018,LINK_154018,,unmatched,none,,,,,,,,,,,,
LINK_277412,LINK_277412,,unmatched,none,,,,,,,,,,,,
NODE_165598,165598,165598,exact_strip_NODE,high,:436864128_c0,436864128,896413219#0,896413219#1,337.5380715450985,patched_unsignalized,ready_for_simulation,True,127.02383132510924,37.56508486466774,127.0244127,37.56205052
NODE_10413,10413,10413,exact_strip_NODE,high,:436864128_c0,436864128,896413219#0,896413219#1,343.85383226485374,represented_by_patched_crossing,ready_for_simulation,True,127.02383132510924,37.56508486466774,127.0244127,37.56199295
NODE_8729,8729,8729,exact_strip_NODE,high,:3846533327_c0,3846533327,-381452140#1,-381452140#0,502.6119570060986,patched_unsignalized,ready_for_simulation,True,127.01222898274492,37.55939853872191,127.0155796,37.56306742
NODE_165599,165599,165599,exact_strip_NODE,high,:436864128_c0,436864128,896413219#0,896413219#1,350.0943261820346,patched_unsignalized,ready_for_simulation,True,127.02383132510924,37.56508486466774,127.0244127,37.56193609
NODE_8232,8232,8232,exact_strip_NODE,high,:3846533327_c4,3846533327,-420317538#2,-420317538#1,321.8684026147216,patched_unsignalized,ready_for_simulation,True,127.01215174618156,37.55937195869707,127.0104869,37.56197253
NODE_8708,8708,8708,exact_strip_NODE,high,:8453967389_c2,GS_8453967389,-910455717,911522751#3,382.8633752829368,patched_unsignalized,ready_for_simulation,True,127.01476978193293,37.56803314495191,127.0124739,37.56504921
NODE_24600,24600,24600,exact_strip_NODE,high,:8453967389_c2,GS_8453967389,-910455717,911522751#3,198.13050433068085,patched_unsignalized,ready_for_simulation,True,127.01476978193293,37.56803314495191,127.0125262,37.56798768
NODE_10174,10174,10174,exact_strip_NODE,high,:3846533327_c1,3846533327,-381452099,420317538#2,145.98493775820765,represented_by_patched_crossing,ready_for_simulation,True,127.01235068584036,37.55930460884475,127.0135095,37.5602798
NODE_8786,8786,8786,exact_strip_NODE,high,:3846533327_c0,3846533327,-381452140#1,-381452140#0,152.025656111255,patched_unsignalized,ready_for_simulation,True,127.01222898274492,37.55939853872191,127.0125896,37.56074218
NODE_8783,8783,8783,exact_strip_NODE,high,:3846533327_c0,3846533327,-381452140#1,-381452140#0,138.54904783120392,patched_unsignalized,ready_for_simulation,True,127.01222898274492,37.55939853872191,127.0125206,37.56063005
NODE_8176,8176,8176,exact_strip_NODE,high,:3846533327_c0,3846533327,-381452140#1,-381452140#0,158.87550671056195,patched_unsignalized,ready_for_simulation,True,127.01222898274492,37.55939853872191,127.0118695,37.56081669
NODE_8234,8234,8234,exact_strip_NODE,high,:3846533327_c4,3846533327,-420317538#2,-420317538#1,332.0567294963879,represented_by_patched_crossing,ready_for_simulation,True,127.01215174618156,37.55937195869707,127.0105013,37.56208123
NODE_8239,8239,8239,exact_strip_NODE,high,:436870729_c1,436870729,913009312#4,913009312#5,323.5916934858941,patched_unsignalized,ready_for_simulation,True,127.00653307688304,37.56207487814516,127.0102167,37.56204807
NODE_8237,8237,8237,exact_strip_NODE,high,:436870729_c1,436870729,913009312#4,913009312#5,325.12840220469633,represented_by_patched_crossing,ready_for_simulation,True,127.00653307688304,37.56207487814516,127.010231,37.56196797
NODE_8238,8238,8238,exact_strip_NODE,high,:436870729_c1,436870729,913009312#4,913009312#5,324.469884845881,represented_by_patched_crossing,ready_for_simulation,True,127.00653307688304,37.56207487814516,127.0102253,37.56200459
NODE_8231,8231,8231,exact_strip_NODE,high,:3846533327_c4,3846533327,-420317538#2,-420317538#1,324.6680931692941,patched_unsignalized,ready_for_simulation,True,127.01215174618156,37.55937195869707,127.0103316,37.56193363
NODE_10175,10175,10175,exact_strip_NODE,high,:3846533327_c1,3846533327,-381452099,420317538#2,169.77736114275518,patched_unsignalized,ready_for_simulation,True,127.01235068584036,37.55930460884475,127.0136418,37.56047431
NODE_8241,8241,8241,exact_strip_NODE,high,:3846533327_c4,3846533327,-420317538#2,-420317538#1,339.0951368025386,patched_unsignalized,ready_for_simulation,True,127.01215174618156,37.55937195869707,127.0104467,37.56213044
NODE_8233,8233,8233,exact_strip_NODE,high,:3846533327_c4,3846533327,-420317538#2,-420317538#1,325.9216791055738,patched_unsignalized,ready_for_simulation,True,127.01215174618156,37.55937195869707,127.0105156,37.56202516
NODE_10173,10173,10173,exact_strip_NODE,high,:3846533327_c0,3846533327,-381452140#1,-381452140#0,172.1770952179666,patched_unsignalized,ready_for_simulation,True,127.01222898274492,37.55939853872191,127.0119186,37.56094451
NODE_8236,8236,8236,exact_strip_NODE,high,:3846533327_c4,3846533327,-420317538#2,-420317538#1,328.47807281480993,patched_unsignalized,ready_for_simulation,True,127.01215174618156,37.55937195869707,127.0105113,37.56204919
NODE_8240,8240,8240,exact_strip_NODE,high,:436870729_c1,436870729,913009312#4,913009312#5,328.63069625398964,represented_by_patched_crossing,ready_for_simulation,True,127.00653307688304,37.56207487814516,127.0102742,37.56211672
LINK_209761,LINK_209761,,unmatched,none,,,,,,,,,,,,
LINK_100398,LINK_100398,,unmatched,none,,,,,,,,,,,,
LINK_142385,LINK_142385,,unmatched,none,,,,,,,,,,,,
LINK_257363,LINK_257363,,unmatched,none,,,,,,,,,,,,
LINK_86001,LINK_86001,,unmatched,none,,,,,,,,,,,,
LINK_38073,LINK_38073,,unmatched,none,,,,,,,,,,,,
NODE_10009,10009,10009,exact_strip_NODE,high,:8453967389_c1,GS_8453967389,911522751#1,910455717,299.3010689760252,patched_unsignalized,ready_for_simulation,True,127.01487623664644,37.56803209689397,127.016467,37.56559385
NODE_8581,8581,8581,exact_strip_NODE,high,:8453967389_c1,GS_8453967389,911522751#1,910455717,112.80932836826324,patched_unsignalized,ready_for_simulation,True,127.01487623664644,37.56803209689397,127.0161459,37.56820465
NODE_8620,8620,8620,exact_strip_NODE,high,:8453967389_c1,GS_8453967389,911522751#1,910455717,324.507909185958,patched_unsignalized,ready_for_simulation,True,127.01487623664644,37.56803209689397,127.0159196,37.56517123
NODE_8676,8676,8676,exact_strip_NODE,high,:8453967389_c1,GS_8453967389,911522751#1,910455717,290.99514730029017,patched_unsignalized,ready_for_simulation,True,127.01487623664644,37.56803209689397,127.0159254,37.56548934
NODE_8574,8574,8574,exact_strip_NODE,high,:1936511565_c0,joinedS_13204036887_1636410225_1936511565_8508478937,896413226#0,896413226#1,5.308767550837489,A,ready_for_simulation,True,127.01609066040388,37.569614236666176,,
NODE_8576,8576,8576,exact_strip_NODE,high,:8453967389_c1,GS_8453967389,911522751#1,910455717,86.83266629809768,recovered,auto_recovered_distance_rematch,True,127.0148771403648,37.56808974487035,,
NODE_8572,8572,8572,exact_strip_NODE,high,:8508478937_c0,joinedS_13204036887_1636410225_1936511565_8508478937,-218684408#10,218684408#10,7.769688467246783,A,ready_for_simulation,True,127.01587386629792,37.56953642176488,,
LINK_78053,LINK_78053,,unmatched,none,,,,,,,,,,,,
LINK_45889,LINK_45889,,unmatched,none,,,,,,,,,,,,
LINK_117788,LINK_117788,,unmatched,none,,,,,,,,,,,,
LINK_103088,LINK_103088,,unmatched,none,,,,,,,,,,,,
NODE_8578,8578,8578,exact_strip_NODE,high,:8453967389_c1,GS_8453967389,911522751#1,910455717,115.6724881707546,patched_unsignalized,ready_for_simulation,True,127.01487623664644,37.56803209689397,127.0161746,37.56784535
NODE_10250,10250,10250,exact_strip_NODE,high,:8453967389_c1,GS_8453967389,911522751#1,910455717,90.18481606949555,recovered,auto_recovered_distance_rematch,True,127.0148771403648,37.56808974487035,,
NODE_8678,8678,8678,exact_strip_NODE,high,:8453967389_c1,GS_8453967389,911522751#1,910455717,135.8248415688713,patched_unsignalized,ready_for_simulation,True,127.01487623664644,37.56803209689397,127.0159617,37.56710847
NODE_8675,8675,8675,exact_strip_NODE,high,:8453967389_c1,GS_8453967389,911522751#1,910455717,285.65016377157514,patched_unsignalized,ready_for_simulation,True,127.01487623664644,37.56803209689397,127.0159844,37.56555684
LINK_70940,LINK_70940,,unmatched,none,,,,,,,,,,,,
LINK_187115,LINK_187115,,unmatched,none,,,,,,,,,,,,
LINK_211251,LINK_211251,,unmatched,none,,,,,,,,,,,,
LINK_89083,LINK_89083,,unmatched,none,,,,,,,,,,,,
LINK_144405,LINK_144405,,unmatched,none,,,,,,,,,,,,
LINK_242267,LINK_242267,,unmatched,none,,,,,,,,,,,,
NODE_5959,5959,5959,exact_strip_NODE,high,:5194567167_c0,joinedS_5194567167_5851251266,1230789306#3,1084408283#1,160.61949479835667,patched_unsignalized,ready_for_simulation,True,126.97711385933532,37.566875791220326,126.9790763,37.56690974
NODE_9678,9678,9678,exact_strip_NODE,high,:5194567167_c0,joinedS_5194567167_5851251266,1230789306#3,1084408283#1,162.15709234358297,patched_unsignalized,ready_for_simulation,True,126.97711385933532,37.566875791220326,126.9790762,37.56708138
LINK_211900,LINK_211900,,unmatched,none,,,,,,,,,,,,
LINK_43316,LINK_43316,,unmatched,none,,,,,,,,,,,,
LINK_241309,LINK_241309,,unmatched,none,,,,,,,,,,,,
LINK_16345,LINK_16345,,unmatched,none,,,,,,,,,,,,
LINK_255224,LINK_255224,,unmatched,none,,,,,,,,,,,,
LINK_161242,LINK_161242,,unmatched,none,,,,,,,,,,,,
LINK_170408,LINK_170408,,unmatched,none,,,,,,,,,,,,
LINK_109871,LINK_109871,,unmatched,none,,,,,,,,,,,,
NODE_5962,5962,5962,exact_strip_NODE,high,:1945254547_c0,1945254547,710255389#3,198564932,129.4112679613701,patched_unsignalized,ready_for_simulation,True,126.97857023720144,37.56515442463101,126.979042,37.56625979
NODE_9698,9698,9698,exact_strip_NODE,high,:2374692796_c0,2374692796,184083187#3,184083187#4,193.6637443001203,patched_unsignalized,ready_for_simulation,True,126.98841480445546,37.566301312605944,126.9873965,37.56786066
NODE_5957,5957,5957,exact_strip_NODE,high,:5194567167_c0,joinedS_5194567167_5851251266,1230789306#3,1084408283#1,160.6128774469918,patched_unsignalized,ready_for_simulation,True,126.97711385933532,37.566875791220326,126.9790705,37.5669967
NODE_5958,5958,5958,exact_strip_NODE,high,:1945254547_c0,1945254547,710255389#3,198564932,133.8296974640893,patched_unsignalized,ready_for_simulation,True,126.97857023720144,37.56515442463101,126.979226,37.5662438
NODE_10342,10342,10342,exact_strip_NODE,high,:2420018399_c0,2420018399,474532059#3,474532059#4,123.75353177451431,patched_unsignalized,ready_for_simulation,True,126.9799394534048,37.57005783877547,126.9794164,37.56901295
NODE_5906,5906,5906,exact_strip_NODE,high,:2420018399_c0,2420018399,474532059#3,474532059#4,142.40875841647474,patched_unsignalized,ready_for_simulation,True,126.9799394534048,37.57005783877547,126.9793762,37.56884588
NODE_89746,89746,89746,exact_strip_NODE,high,:1945254893_c0,joinedS_10911257064_11198015009_11198015018_11198015019_#3more,1207481552#2,218919060#0,131.4799976838617,patched_unsignalized,ready_for_simulation,True,126.98320774512972,37.57007219452772,126.9825615,37.56899744
NODE_5905,5905,5905,exact_strip_NODE,high,:2420018399_c0,2420018399,474532059#3,474532059#4,136.21890562760257,patched_unsignalized,ready_for_simulation,True,126.9799394534048,37.57005783877547,126.979425,37.56889166
NODE_5907,5907,5907,exact_strip_NODE,high,:2420018399_c0,2420018399,474532059#3,474532059#4,147.40319744939313,represented_by_patched_crossing,ready_for_simulation,True,126.9799394534048,37.57005783877547,126.9792037,37.56885272
NODE_10346,10346,10346,exact_strip_NODE,high,:2374692796_c0,2374692796,184083187#3,184083187#4,209.0107367083953,patched_unsignalized,ready_for_simulation,True,126.98841480445546,37.566301312605944,126.9874223,37.56802315
NODE_15414,15414,15414,exact_strip_NODE,high,:5194567167_c0,joinedS_5194567167_5851251266,1230789306#3,1084408283#1,180.1469724949186,represented_by_patched_crossing,ready_for_simulation,True,126.97711385933532,37.566875791220326,126.979286,37.56705178
NODE_31145,31145,31145,exact_strip_NODE,high,:2420018399_c0,2420018399,474532059#3,474532059#4,127.5404319714916,patched_unsignalized,ready_for_simulation,True,126.9799394534048,37.57005783877547,126.9792258,37.56904369
NODE_15413,15413,15413,exact_strip_NODE,high,:1945254547_c0,1945254547,710255389#3,198564932,102.6580204499428,patched_unsignalized,ready_for_simulation,True,126.97857023720144,37.56515442463101,126.9789155,37.56604007
NODE_15406,15406,15406,exact_strip_NODE,high,:5194567167_c0,joinedS_5194567167_5851251266,1230789306#3,1084408283#1,179.66796162055496,represented_by_patched_crossing,ready_for_simulation,True,126.97711385933532,37.566875791220326,126.9792845,37.56701974
NODE_15407,15407,15407,exact_strip_NODE,high,:5194567167_c0,joinedS_5194567167_5851251266,1230789306#3,1084408283#1,181.00391975035177,represented_by_patched_crossing,ready_for_simulation,True,126.97711385933532,37.566875791220326,126.9793047,37.56696253
NODE_15405,15405,15405,exact_strip_NODE,high,:5194567167_c0,joinedS_5194567167_5851251266,1230789306#3,1084408283#1,181.158152904266,patched_unsignalized,ready_for_simulation,True,126.97711385933532,37.566875791220326,126.9793092,37.56686858
NODE_6495,6495,6495,exact_strip_NODE,high,:2374692796_c0,2374692796,184083187#3,184083187#4,195.31585325284536,patched_unsignalized,ready_for_simulation,True,126.98841480445546,37.566301312605944,126.9874741,37.56790644
LINK_168284,LINK_168284,,unmatched,none,,,,,,,,,,,,
LINK_20004,LINK_20004,,unmatched,none,,,,,,,,,,,,
LINK_273449,LINK_273449,,unmatched,none,,,,,,,,,,,,
LINK_119141,LINK_119141,,unmatched,none,,,,,,,,,,,,
LINK_216150,LINK_216150,,unmatched,none,,,,,,,,,,,,
LINK_277588,LINK_277588,,unmatched,none,,,,,,,,,,,,
LINK_163017,LINK_163017,,unmatched,none,,,,,,,,,,,,
NODE_5665,5665,5665,exact_strip_NODE,high,:11462447644_c0,11462447644,218923167#0,-218923167#0,216.72625959578255,patched_unsignalized,ready_for_simulation,True,126.9675794402761,37.56133661420134,126.9700234,37.56184098
NODE_119044,119044,119044,exact_strip_NODE,high,:11462447644_c0,11462447644,218923167#0,-218923167#0,183.77801466317413,patched_unsignalized,ready_for_simulation,True,126.9675794402761,37.56133661420134,126.9696784,37.56171273
LINK_275637,LINK_275637,,unmatched,none,,,,,,,,,,,,
LINK_264633,LINK_264633,,unmatched,none,,,,,,,,,,,,
NODE_10114,10114,10114,exact_strip_NODE,high,:11346754526_c0,11346754526,-772527390#3,772527390#3,451.30602348744213,patched_unsignalized,ready_for_simulation,True,126.99321305096846,37.56088447397851,126.9883121,37.55964211
NODE_6583,6583,6583,exact_strip_NODE,high,:11203052956_c0,11203052956,1209133879#1,781985786#1,501.65803238955993,patched_unsignalized,ready_for_simulation,True,126.98238785154204,37.56042309727564,126.9875016,37.55838105
NODE_10104,10104,10104,exact_strip_NODE,high,:11203052957_c0,11203052957,1209133879#2,913392928#1,507.5973159951216,patched_unsignalized,ready_for_simulation,True,126.98237421110484,37.56036640311212,126.9857311,37.55663865
NODE_10098,10098,10098,exact_strip_NODE,high,:11203052957_c0,11203052957,1209133879#2,913392928#1,489.8210055179618,patched_unsignalized,ready_for_simulation,True,126.98237421110484,37.56036640311212,126.9856592,37.55679489
NODE_6592,6592,6592,exact_strip_NODE,high,:11203052956_c0,11203052956,1209133879#1,781985786#1,484.4020154432423,patched_unsignalized,ready_for_simulation,True,126.98238785154204,37.56042309727564,126.9872975,37.55840391
NODE_10113,10113,10113,exact_strip_NODE,high,:11346754526_c0,11346754526,-772527390#3,772527390#3,466.4039482812576,patched_unsignalized,ready_for_simulation,True,126.99321305096846,37.56088447397851,126.988108,37.55970846
NODE_6451,6451,6451,exact_strip_NODE,high,:7311080426_c0,7311080426,782892489#7,782892489#8,38.42260712817192,A,ready_for_simulation,True,126.98798908013802,37.56430579957816,,
NODE_6494,6494,6494,exact_strip_NODE,high,:436718743_c0,436718743,218919060#3,218919060#4,232.742333952851,patched_unsignalized,ready_for_simulation,True,126.98575021254588,37.57005131735827,126.9857462,37.5679543
NODE_6444,6444,6444,exact_strip_NODE,high,:7311080426_c0,7311080426,782892489#7,782892489#8,13.835372497570672,A,ready_for_simulation,True,126.98798908013802,37.56430579957816,,
NODE_6445,6445,6445,exact_strip_NODE,high,:7311080426_c0,7311080426,782892489#7,782892489#8,22.9210553008606,A,ready_for_simulation,True,126.98798908013802,37.56430579957816,,
NODE_15411,15411,15411,exact_strip_NODE,high,:11203083983_c0,11203083983,1209137355#1,198564925#6,136.14478960541962,patched_unsignalized,ready_for_simulation,True,126.987345162238,37.566070884559224,126.9858098,37.56623281
NODE_6481,6481,6481,exact_strip_NODE,high,:11203083983_c0,11203083983,1209137355#1,198564925#6,148.7502424117893,patched_unsignalized,ready_for_simulation,True,126.987345162238,37.566070884559224,126.985666,37.56622822
LINK_134401,LINK_134401,,unmatched,none,,,,,,,,,,,,
LINK_278254,LINK_278254,,unmatched,none,,,,,,,,,,,,
LINK_224872,LINK_224872,,unmatched,none,,,,,,,,,,,,
LINK_209579,LINK_209579,,unmatched,none,,,,,,,,,,,,
NODE_14616,14616,14616,exact_strip_NODE,high,:11139418723_c0,11139418723,1201492610#1,183272312#3,31.18811168099088,A,ready_for_simulation,True,126.96911539906598,37.55542484166939,,
NODE_15225,15225,15225,exact_strip_NODE,high,:11225407064_c0,11225407064,1211634469#1,183272314#2,5.260928565044861,A,ready_for_simulation,True,126.96919590301398,37.557300475910814,,
NODE_119039,119039,119039,exact_strip_NODE,high,:11462447644_c0,11462447644,218923167#0,-218923167#0,59.641403609871695,recovered,auto_recovered_distance_rematch,True,126.96764661222925,37.56135809327933,,
NODE_15242,15242,15242,exact_strip_NODE,high,:11209914862_c0,11209914862,-218923177,333554715#1,155.92008488635838,patched_unsignalized,ready_for_simulation,True,126.97112007344283,37.55958114551576,126.9693991,37.55925249
NODE_15201,15201,15201,exact_strip_NODE,high,:11225407064_c0,11225407064,1211634469#1,183272314#2,188.64508369943664,patched_unsignalized,ready_for_simulation,True,126.96919590301398,37.557300475910814,126.9688559,37.55898459
NODE_15205,15205,15205,exact_strip_NODE,high,:11209914862_c0,11209914862,-218923177,333554715#1,177.10791651736344,patched_unsignalized,ready_for_simulation,True,126.97112007344283,37.55958114551576,126.9691749,37.55917691
NODE_119023,119023,119023,exact_strip_NODE,high,:11462447644_c0,11462447644,218923167#0,-218923167#0,59.05504848802739,recovered,auto_recovered_distance_rematch,True,126.96764661222925,37.56135809327933,,
NODE_15226,15226,15226,exact_strip_NODE,high,:11225407064_c0,11225407064,1211634469#1,183272314#2,6.692637789651766,A,ready_for_simulation,True,126.96919590301398,37.557300475910814,,
NODE_15227,15227,15227,exact_strip_NODE,high,:11225407064_c0,11225407064,1211634469#1,183272314#2,18.15195616630642,A,ready_for_simulation,True,126.96919590301398,37.557300475910814,,
LINK_220627,LINK_220627,,unmatched,none,,,,,,,,,,,,
LINK_160197,LINK_160197,,unmatched,none,,,,,,,,,,,,
LINK_109531,LINK_109531,,unmatched,none,,,,,,,,,,,,
LINK_245779,LINK_245779,,unmatched,none,,,,,,,,,,,,
NODE_119026,119026,119026,exact_strip_NODE,high,:11462447644_c0,11462447644,218923167#0,-218923167#0,22.684967902582848,A,ready_for_simulation,True,126.9675794402761,37.56133661420134,,
NODE_9628,9628,9628,exact_strip_NODE,high,:3807475570_c3,3807475570,331951646,-377373686#0,427.6766645800338,patched_unsignalized,ready_for_simulation,True,126.96780934203731,37.55211037038769,126.9629676,37.55209555
NODE_98363,98363,98363,exact_strip_NODE,high,:11462447644_c0,11462447644,218923167#0,-218923167#0,149.86001771920317,patched_unsignalized,ready_for_simulation,True,126.9675794402761,37.56133661420134,126.9692414,37.56181789
NODE_15246,15246,15246,exact_strip_NODE,high,:11209914862_c0,11209914862,-218923177,333554715#1,197.1502526833046,patched_unsignalized,ready_for_simulation,True,126.97112007344283,37.55958114551576,126.968896,37.55943773
NODE_14914,14914,14914,exact_strip_NODE,high,:10185125540_c0,10185125540,1201492606#1,1110186416#10,84.97389507387737,recovered,auto_recovered_distance_rematch,True,126.9687579980656,37.55517157898283,,
NODE_5672,5672,5672,exact_strip_NODE,high,:11209914862_c0,11209914862,-218923177,333554715#1,194.60427748348363,patched_unsignalized,ready_for_simulation,True,126.97112007344283,37.55958114551576,126.9689161,37.55954301
NODE_141676,141676,141676,exact_strip_NODE,high,:10185125540_c0,10185125540,1201492606#1,1110186416#10,277.4917006142386,patched_unsignalized,ready_for_simulation,True,126.96875727191802,37.555200405247746,126.9658209,37.55428653
LINK_142586,LINK_142586,,unmatched,none,,,,,,,,,,,,
LINK_66156,LINK_66156,,unmatched,none,,,,,,,,,,,,
LINK_72320,LINK_72320,,unmatched,none,,,,,,,,,,,,
NODE_127438,127438,127438,exact_strip_NODE,high,:13345282183_c0,joinedS_13202101917_13345282177_13345282183_414685910,1436350790#0,1436350790#1,12.678420525033031,A,ready_for_simulation,True,127.02333422211822,37.571430887880865,,
LINK_206382,LINK_206382,,unmatched,none,,,,,,,,,,,,
LINK_33134,LINK_33134,,unmatched,none,,,,,,,,,,,,
LINK_213230,LINK_213230,,unmatched,none,,,,,,,,,,,,
LINK_171326,LINK_171326,,unmatched,none,,,,,,,,,,,,
NODE_115695,115695,115695,exact_strip_NODE,high,:13381864824_c0,13381864824,-333580690#1,333580690#1,133.5263339443452,patched_unsignalized,ready_for_simulation,True,126.96194829096646,37.55957375192577,126.9633464,37.55908599
NODE_14921,14921,14921,exact_strip_NODE,high,:11225407068_c0,11225407068,-516388934#2,516388934#2,24.38829588806713,A,ready_for_simulation,True,126.9687425506972,37.55706191903073,,
LINK_122941,LINK_122941,,unmatched,none,,,,,,,,,,,,
LINK_220455,LINK_220455,,unmatched,none,,,,,,,,,,,,
NODE_7854,7854,7854,exact_strip_NODE,high,:1327210689_c0,1327210689,-913006754#0,913006754#0,74.84288974495898,recovered,auto_recovered_distance_rematch,True,127.00524976775176,37.55911874555966,,
NODE_8339,8339,8339,exact_strip_NODE,high,:1327210689_c0,1327210689,-913006754#0,913006754#0,267.75667969575085,patched_unsignalized,ready_for_simulation,True,127.00524666232552,37.5590611504295,127.007994,37.55799067
LINK_92706,LINK_92706,,unmatched,none,,,,,,,,,,,,
LINK_194896,LINK_194896,,unmatched,none,,,,,,,,,,,,
LINK_257409,LINK_257409,,unmatched,none,,,,,,,,,,,,
LINK_237598,LINK_237598,,unmatched,none,,,,,,,,,,,,
LINK_157547,LINK_157547,,unmatched,none,,,,,,,,,,,,
LINK_168966,LINK_168966,,unmatched,none,,,,,,,,,,,,
LINK_88614,LINK_88614,,unmatched,none,,,,,,,,,,,,
LINK_158240,LINK_158240,,unmatched,none,,,,,,,,,,,,
LINK_254657,LINK_254657,,unmatched,none,,,,,,,,,,,,
LINK_28280,LINK_28280,,unmatched,none,,,,,,,,,,,,
LINK_164557,LINK_164557,,unmatched,none,,,,,,,,,,,,
LINK_127611,LINK_127611,,unmatched,none,,,,,,,,,,,,
LINK_244479,LINK_244479,,unmatched,none,,,,,,,,,,,,
NODE_15409,15409,15409,exact_strip_NODE,high,:11346754526_c0,11346754526,-772527390#3,772527390#3,45.604291943553626,A,ready_for_simulation,True,126.99321305096846,37.56088447397851,,
NODE_7490,7490,7490,exact_strip_NODE,high,:4276255151_c0,4276255151,428537726#2,428537726#3,219.6493547769112,patched_unsignalized,ready_for_simulation,True,126.99831822823045,37.56415750657485,126.9989041,37.5622293
NODE_20732,20732,20732,exact_strip_NODE,high,:4276255151_c0,4276255151,428537726#2,428537726#3,202.49622165362365,represented_by_patched_crossing,ready_for_simulation,True,126.99831822823045,37.56415750657485,126.9982745,37.56233113
NODE_9795,9795,9795,exact_strip_NODE,high,:436883154_c2,joinedS_3846493837_436883154,913006754#2,-244217578#3,12.662481963581111,A,ready_for_simulation,True,127.00298702421084,37.5591750171018,,
NODE_72082,72082,72082,exact_strip_NODE,high,:1327210689_c0,1327210689,-913006754#0,913006754#0,70.2769060854267,recovered,auto_recovered_distance_rematch,True,127.00524976775176,37.55911874555966,,
NODE_9796,9796,9796,exact_strip_NODE,high,:3846493837_c0,joinedS_3846493837_436883154,913006754#3,913006754#4,12.55339407967642,A,ready_for_simulation,True,127.00301756924036,37.55940899386976,,
NODE_6770,6770,6770,exact_strip_NODE,high,:11346754526_c0,11346754526,-772527390#3,772527390#3,51.053055805126746,recovered,auto_recovered_distance_rematch,True,126.99324908528764,37.56088742985998,,
NODE_7856,7856,7856,exact_strip_NODE,high,:1327210689_c0,1327210689,-913006754#0,913006754#0,38.52717770268384,A,ready_for_simulation,True,127.00524666232552,37.5590611504295,,
NODE_20512,20512,20512,exact_strip_NODE,high,:11346754526_c0,11346754526,-772527390#3,772527390#3,65.71917989851192,recovered,auto_recovered_distance_rematch,True,126.99324908528764,37.56088742985998,,
NODE_20733,20733,20733,exact_strip_NODE,high,:4276255151_c0,4276255151,428537726#2,428537726#3,201.58208525294864,patched_unsignalized,ready_for_simulation,True,126.99831822823045,37.56415750657485,126.9983162,37.56233956
NODE_6795,6795,6795,exact_strip_NODE,high,:11346754526_c0,11346754526,-772527390#3,772527390#3,214.47500727243147,patched_unsignalized,ready_for_simulation,True,126.99321305096846,37.56088447397851,126.9929459,37.56280523
NODE_6794,6794,6794,exact_strip_NODE,high,:11346754526_c0,11346754526,-772527390#3,772527390#3,213.4909944003584,patched_unsignalized,ready_for_simulation,True,126.99321305096846,37.56088447397851,126.9931644,37.56280982
LINK_215498,LINK_215498,,unmatched,none,,,,,,,,,,,,
LINK_38216,LINK_38216,,unmatched,none,,,,,,,,,,,,
LINK_127039,LINK_127039,,unmatched,none,,,,,,,,,,,,
NODE_9834,9834,9834,exact_strip_NODE,high,:4276255151_c0,4276255151,428537726#2,428537726#3,10.084538300131236,A,ready_for_simulation,True,126.99831822823045,37.56415750657485,,
NODE_9824,9824,9824,exact_strip_NODE,high,:4276255151_c0,4276255151,428537726#2,428537726#3,117.70927339032116,patched_unsignalized,ready_for_simulation,True,126.99831822823045,37.56415750657485,126.998355,37.56309665
NODE_8068,8068,8068,exact_strip_NODE,high,:8209566040_c0,8209566040,1283637490#2,770890589#3,23.75240891198058,A,ready_for_simulation,True,127.00910465279112,37.56807545875095,,
NODE_8069,8069,8069,exact_strip_NODE,high,:8209566040_c0,8209566040,1283637490#2,770890589#3,20.1829645292945,A,ready_for_simulation,True,127.00910465279112,37.56807545875095,,
NODE_9826,9826,9826,exact_strip_NODE,high,:4276255151_c0,4276255151,428537726#2,428537726#3,4.474121234980537,A,ready_for_simulation,True,126.99831822823045,37.56415750657485,,
NODE_9902,9902,9902,exact_strip_NODE,high,:436870729_c0,436870729,381452132,-420331825#4,245.22861475485757,patched_unsignalized,ready_for_simulation,True,127.00646653200272,37.56219717559836,127.0070387,37.5643643
NODE_9829,9829,9829,exact_strip_NODE,high,:4276255151_c0,4276255151,428537726#2,428537726#3,10.29379626972921,A,ready_for_simulation,True,126.99831822823045,37.56415750657485,,
NODE_7509,7509,7509,exact_strip_NODE,high,:13348213190_c0,joinedS_13348213189_13348213190_4273893706_4273893707_#1more,1455512073,-1455512073,16.7014235453892,A,ready_for_simulation,True,127.0027759484614,37.56324484874409,,
NODE_9920,9920,9920,exact_strip_NODE,high,:13348213190_c0,joinedS_13348213189_13348213190_4273893706_4273893707_#1more,1455512073,-1455512073,31.559615925781543,A,ready_for_simulation,True,127.0027759484614,37.56324484874409,,
LINK_192754,LINK_192754,,unmatched,none,,,,,,,,,,,,
NODE_20735,20735,20735,exact_strip_NODE,high,:4276255151_c0,4276255151,428537726#2,428537726#3,193.66092550907163,patched_unsignalized,ready_for_simulation,True,126.99831822823045,37.56415750657485,126.9987431,37.56244213
NODE_7863,7863,7863,exact_strip_NODE,high,:1327210689_c0,1327210689,-913006754#0,913006754#0,72.74498492419194,recovered,auto_recovered_distance_rematch,True,127.00524976775176,37.55911874555966,,
NODE_20728,20728,20728,exact_strip_NODE,high,:4276255151_c0,4276255151,428537726#2,428537726#3,193.89353062356017,patched_unsignalized,ready_for_simulation,True,126.99831822823045,37.56415750657485,126.998815,37.56245129
NODE_20727,20727,20727,exact_strip_NODE,high,:4276255151_c0,4276255151,428537726#2,428537726#3,228.7142641462432,patched_unsignalized,ready_for_simulation,True,126.99831822823045,37.56415750657485,126.9983406,37.56209542
NODE_9774,9774,9774,exact_strip_NODE,high,:287521281_c1,287521281,218910330#1,1209313356,618.7687357296063,patched_unsignalized,ready_for_simulation,True,127.00296491946617,37.54740453054887,127.0022343,37.55296869
NODE_7609,7609,7609,exact_strip_NODE,high,:287521281_c1,287521281,218910330#1,1209313356,489.7986232465136,patched_unsignalized,ready_for_simulation,True,127.00296491946617,37.54740453054887,127.0006605,37.55143081
NODE_6769,6769,6769,exact_strip_NODE,high,:11346754526_c0,11346754526,-772527390#3,772527390#3,41.20064988693576,A,ready_for_simulation,True,126.99321305096846,37.56088447397851,,
NODE_7611,7611,7611,exact_strip_NODE,high,:287521281_c1,287521281,218910330#1,1209313356,467.615518120703,patched_unsignalized,ready_for_simulation,True,127.00296491946617,37.54740453054887,127.0008502,37.55127977
NODE_20545,20545,20545,exact_strip_NODE,high,:11346754526_c0,11346754526,-772527390#3,772527390#3,42.232646109432274,A,ready_for_simulation,True,126.99321305096846,37.56088447397851,,
NODE_20513,20513,20513,exact_strip_NODE,high,:11346754526_c0,11346754526,-772527390#3,772527390#3,73.81505814818951,recovered,auto_recovered_distance_rematch,True,126.99324908528764,37.56088742985998,,
NODE_7862,7862,7862,exact_strip_NODE,high,:1327210689_c0,1327210689,-913006754#0,913006754#0,87.51948391934746,recovered,auto_recovered_distance_rematch,True,127.00524976775176,37.55911874555966,,
NODE_7636,7636,7636,exact_strip_NODE,high,:287521281_c1,287521281,218910330#1,1209313356,610.3344395696844,patched_unsignalized,ready_for_simulation,True,127.00296491946617,37.54740453054887,127.0025017,37.55291147
LINK_206435,LINK_206435,,unmatched,none,,,,,,,,,,,,
LINK_131124,LINK_131124,,unmatched,none,,,,,,,,,,,,
LINK_219756,LINK_219756,,unmatched,none,,,,,,,,,,,,
NODE_8340,8340,8340,exact_strip_NODE,high,:1327210689_c0,1327210689,-913006754#0,913006754#0,276.4662886454444,patched_unsignalized,ready_for_simulation,True,127.00524666232552,37.5590611504295,127.0082211,37.55823782
NODE_15554,15554,15554,exact_strip_NODE,high,:8209566040_c0,8209566040,1283637490#2,770890589#3,297.3468657191208,patched_unsignalized,ready_for_simulation,True,127.00910465279112,37.56807545875095,127.0099958,37.56547059
NODE_7097,7097,7097,exact_strip_NODE,high,:11346754526_c0,11346754526,-772527390#3,772527390#3,281.68842494423194,patched_unsignalized,ready_for_simulation,True,126.99321305096846,37.56088447397851,126.9961989,37.56185049
NODE_7096,7096,7096,exact_strip_NODE,high,:11346754526_c0,11346754526,-772527390#3,772527390#3,285.7902215961838,patched_unsignalized,ready_for_simulation,True,126.99321305096846,37.56088447397851,126.996242,37.56186423
NODE_7100,7100,7100,exact_strip_NODE,high,:11346754526_c0,11346754526,-772527390#3,772527390#3,248.6297628086651,represented_by_patched_crossing,ready_for_simulation,True,126.99321305096846,37.56088447397851,126.9958366,37.56176809
NODE_7099,7099,7099,exact_strip_NODE,high,:11346754526_c0,11346754526,-772527390#3,772527390#3,245.32791715926632,represented_by_patched_crossing,ready_for_simulation,True,126.99321305096846,37.56088447397851,126.9958021,37.56175665
NODE_7101,7101,7101,exact_strip_NODE,high,:11346754526_c0,11346754526,-772527390#3,772527390#3,278.8166460717891,patched_unsignalized,ready_for_simulation,True,126.99321305096846,37.56088447397851,126.9961673,37.56184363
NODE_67361,67361,67361,exact_strip_NODE,high,:1945254735_c2,1945254735,420334155#3,-773066536#3,8.949855285978789,A,ready_for_simulation,True,127.00441946309188,37.566695826548624,,
NODE_24599,24599,24599,exact_strip_NODE,high,:1945254735_c1,1945254735,-773066536#4,-420334155#3,8.19333541437377,A,ready_for_simulation,True,127.00464690229433,37.56665398071748,,
NODE_9914,9914,9914,exact_strip_NODE,high,:13348213190_c0,joinedS_13348213189_13348213190_4273893706_4273893707_#1more,1455512073,-1455512073,196.22108648856303,patched_unsignalized,ready_for_simulation,True,127.0027759484614,37.56324484874409,127.0049428,37.5636458
NODE_9831,9831,9831,exact_strip_NODE,high,:4276255150_c0,4276255150,428537726#4,-198564928#23,19.67570426560641,A,ready_for_simulation,True,126.99851790489608,37.564357538156315,,
NODE_7725,7725,7725,exact_strip_NODE,high,:1945254735_c2,1945254735,420334155#3,-773066536#3,16.241528674124062,A,ready_for_simulation,True,127.00441946309188,37.566695826548624,,
NODE_7348,7348,7348,exact_strip_NODE,high,:414685829_c3,414685829,-1455518726,-1455518731,17.185247624219983,A,ready_for_simulation,True,127.0023906394572,37.56466003906254,,
NODE_8165,8165,8165,exact_strip_NODE,high,:1945254687_c0,1945254687,773066536#1,773066536#2,195.26124992989196,patched_unsignalized,ready_for_simulation,True,127.00595976201863,37.56649106167155,127.0081386,37.56611953
NODE_7508,7508,7508,exact_strip_NODE,high,:13348213190_c0,joinedS_13348213189_13348213190_4273893706_4273893707_#1more,1455512073,-1455512073,13.859171335824348,A,ready_for_simulation,True,127.0027759484614,37.56324484874409,,
NODE_8168,8168,8168,exact_strip_NODE,high,:1945254687_c0,1945254687,773066536#1,773066536#2,206.21212842104188,patched_unsignalized,ready_for_simulation,True,127.00595976201863,37.56649106167155,127.0082708,37.5661424
NODE_8139,8139,8139,exact_strip_NODE,high,:436870729_c0,436870729,381452132,-420331825#4,337.556003866926,patched_unsignalized,ready_for_simulation,True,127.00646653200272,37.56219717559836,127.0091763,37.56437788
NODE_8132,8132,8132,exact_strip_NODE,high,:1945254687_c0,1945254687,773066536#1,773066536#2,347.5988288317771,patched_unsignalized,ready_for_simulation,True,127.00595976201863,37.56649106167155,127.0091217,37.56460445
NODE_7102,7102,7102,exact_strip_NODE,high,:11346754526_c0,11346754526,-772527390#3,772527390#3,241.71342769645537,patched_unsignalized,ready_for_simulation,True,126.99321305096846,37.56088447397851,126.9957619,37.56174864
NODE_7103,7103,7103,exact_strip_NODE,high,:11346754526_c0,11346754526,-772527390#3,772527390#3,233.81595796759404,patched_unsignalized,ready_for_simulation,True,126.99321305096846,37.56088447397851,126.9956757,37.56172804
NODE_10570,10570,10570,exact_strip_NODE,high,:4273893707_c0,joinedS_13348213189_13348213190_4273893706_4273893707_#1more,1455512074,-1455512074,22.854320006556925,A,ready_for_simulation,True,127.00260292806256,37.562985344591894,,
LINK_164054,LINK_164054,,unmatched,none,,,,,,,,,,,,
NODE_7855,7855,7855,exact_strip_NODE,high,:1327210689_c0,1327210689,-913006754#0,913006754#0,33.82077002989622,A,ready_for_simulation,True,127.00524666232552,37.5590611504295,,
NODE_6531,6531,6531,exact_strip_NODE,high,:11346754526_c0,11346754526,-772527390#3,772527390#3,342.17274945951505,patched_unsignalized,ready_for_simulation,True,126.99321305096846,37.56088447397851,126.9893152,37.56111374
NODE_7504,7504,7504,exact_strip_NODE,high,:7335400058_c0,joinedS_13348213189_13348213190_4273893706_4273893707_#1more,1455497343#4,1455512066,17.054775618863943,A,ready_for_simulation,True,127.00221597519106,37.56298933908299,,
NODE_7828,7828,7828,exact_strip_NODE,high,:1327210689_c0,1327210689,-913006754#0,913006754#0,35.72691626961625,A,ready_for_simulation,True,127.00524666232552,37.5590611504295,,
NODE_7507,7507,7507,exact_strip_NODE,high,:4273893707_c0,joinedS_13348213189_13348213190_4273893706_4273893707_#1more,1455512074,-1455512074,13.11045327479254,A,ready_for_simulation,True,127.00260292806256,37.562985344591894,,
NODE_7829,7829,7829,exact_strip_NODE,high,:1327210689_c0,1327210689,-913006754#0,913006754#0,30.23127566927581,A,ready_for_simulation,True,127.00524666232552,37.5590611504295,,
LINK_135350,LINK_135350,,unmatched,none,,,,,,,,,,,,
LINK_140981,LINK_140981,,unmatched,none,,,,,,,,,,,,
LINK_37320,LINK_37320,,unmatched,none,,,,,,,,,,,,
NODE_7853,7853,7853,exact_strip_NODE,high,:1327210689_c0,1327210689,-913006754#0,913006754#0,35.721537861515365,A,ready_for_simulation,True,127.00524666232552,37.5590611504295,,
NODE_7747,7747,7747,exact_strip_NODE,high,:436870729_c2,436870729,-381447829#0,-381452132,40.1602226768237,A,ready_for_simulation,True,127.00636841644172,37.561977018434845,,
NODE_71666,71666,71666,exact_strip_NODE,high,:436870729_c2,436870729,-381447829#0,-381452132,37.468111764777795,A,ready_for_simulation,True,127.00636841644172,37.561977018434845,,
NODE_10148,10148,10148,exact_strip_NODE,high,:1327210689_c0,1327210689,-913006754#0,913006754#0,123.35918439805262,patched_unsignalized,ready_for_simulation,True,127.00524666232552,37.5590611504295,127.0057447,37.56015805
NODE_72038,72038,72038,exact_strip_NODE,high,:1327210689_c0,1327210689,-913006754#0,913006754#0,119.34018254870116,patched_unsignalized,ready_for_simulation,True,127.00524666232552,37.5590611504295,127.0054773,37.56017865
NODE_9915,9915,9915,exact_strip_NODE,high,:13348213190_c0,joinedS_13348213189_13348213190_4273893706_4273893707_#1more,1455512073,-1455512073,196.54730822968637,patched_unsignalized,ready_for_simulation,True,127.0027759484614,37.56324484874409,127.0048634,37.56386477
NODE_7067,7067,7067,exact_strip_NODE,high,:11346754526_c0,11346754526,-772527390#3,772527390#3,231.86794406312012,patched_unsignalized,ready_for_simulation,True,126.99321305096846,37.56088447397851,126.9957562,37.56150491
NODE_7511,7511,7511,exact_strip_NODE,high,:13348213189_c0,joinedS_13348213189_13348213190_4273893706_4273893707_#1more,1455512072#0,1455512071,29.6337040598854,A,ready_for_simulation,True,127.00254866219268,37.56335761931092,,
NODE_7660,7660,7660,exact_strip_NODE,high,:436870729_c0,436870729,381452132,-420331825#4,232.577881989989,represented_by_patched_crossing,ready_for_simulation,True,127.00646653200272,37.56219717559836,127.0069352,37.5642659
NODE_7510,7510,7510,exact_strip_NODE,high,:13348213189_c0,joinedS_13348213189_13348213190_4273893706_4273893707_#1more,1455512072#0,1455512071,11.717800255472223,A,ready_for_simulation,True,127.00254866219268,37.56335761931092,,
NODE_7664,7664,7664,exact_strip_NODE,high,:436870729_c0,436870729,381452132,-420331825#4,229.2995971769994,patched_unsignalized,ready_for_simulation,True,127.00646653200272,37.56219717559836,127.0066374,37.5642717
NODE_7663,7663,7663,exact_strip_NODE,high,:436870729_c0,436870729,381452132,-420331825#4,232.3565222398932,patched_unsignalized,ready_for_simulation,True,127.00646653200272,37.56219717559836,127.0067742,37.5642865
LINK_30202,LINK_30202,,unmatched,none,,,,,,,,,,,,
LINK_272952,LINK_272952,,unmatched,none,,,,,,,,,,,,
LINK_4458,LINK_4458,,unmatched,none,,,,,,,,,,,,
LINK_7929,LINK_7929,,unmatched,none,,,,,,,,,,,,
LINK_95249,LINK_95249,,unmatched,none,,,,,,,,,,,,
LINK_78915,LINK_78915,,unmatched,none,,,,,,,,,,,,
LINK_102621,LINK_102621,,unmatched,none,,,,,,,,,,,,
LINK_11329,LINK_11329,,unmatched,none,,,,,,,,,,,,
NODE_74154,74154,74154,exact_strip_NODE,high,:1945254658_c1,1945254658,-773066536#1,348657481#0,64.1642970338651,distance_mapped,ready_for_simulation,True,127.00685315265254,37.56631302334509,,
NODE_9899,9899,9899,exact_strip_NODE,high,:436870729_c0,436870729,381452132,-420331825#4,217.72264525840652,patched_unsignalized,ready_for_simulation,True,127.00646653200272,37.56219717559836,127.0072946,37.56404617
NODE_125786,125786,125786,exact_strip_NODE,high,:1945254658_c1,1945254658,-773066536#1,348657481#0,72.678414383308,distance_mapped,ready_for_simulation,True,127.00685315265254,37.56631302334509,,
NODE_125787,125787,125787,exact_strip_NODE,high,:1945254658_c1,1945254658,-773066536#1,348657481#0,62.05169770286058,distance_mapped,ready_for_simulation,True,127.00685315265254,37.56631302334509,,
NODE_9901,9901,9901,exact_strip_NODE,high,:436870729_c0,436870729,381452132,-420331825#4,263.13444142092055,patched_unsignalized,ready_for_simulation,True,127.00646653200272,37.56219717559836,127.0075462,37.56441004
NODE_9900,9900,9900,exact_strip_NODE,high,:436870729_c0,436870729,381452132,-420331825#4,254.9372826424876,patched_unsignalized,ready_for_simulation,True,127.00646653200272,37.56219717559836,127.0074567,37.56435667
NODE_8167,8167,8167,exact_strip_NODE,high,:1945254687_c0,1945254687,773066536#1,773066536#2,195.11389037180956,patched_unsignalized,ready_for_simulation,True,127.00595976201863,37.56649106167155,127.0080121,37.56580372
NODE_8166,8166,8166,exact_strip_NODE,high,:1945254658_c1,1945254658,-773066536#1,348657481#0,74.1226433057345,distance_mapped,ready_for_simulation,True,127.00685315265254,37.56631302334509,,
NODE_8163,8163,8163,exact_strip_NODE,high,:1945254687_c0,1945254687,773066536#1,773066536#2,204.75051919090615,patched_unsignalized,ready_for_simulation,True,127.00595976201863,37.56649106167155,127.0080897,37.56572819
NODE_7661,7661,7661,exact_strip_NODE,high,:436870729_c0,436870729,381452132,-420331825#4,203.49436645987373,patched_unsignalized,ready_for_simulation,True,127.00646653200272,37.56219717559836,127.0069064,37.56400272
LINK_231834,LINK_231834,,unmatched,none,,,,,,,,,,,,
LINK_64827,LINK_64827,,unmatched,none,,,,,,,,,,,,
LINK_86812,LINK_86812,,unmatched,none,,,,,,,,,,,,
LINK_177912,LINK_177912,,unmatched,none,,,,,,,,,,,,
LINK_202556,LINK_202556,,unmatched,none,,,,,,,,,,,,
LINK_240200,LINK_240200,,unmatched,none,,,,,,,,,,,,
LINK_271404,LINK_271404,,unmatched,none,,,,,,,,,,,,
LINK_89578,LINK_89578,,unmatched,none,,,,,,,,,,,,
LINK_81094,LINK_81094,,unmatched,none,,,,,,,,,,,,
LINK_147477,LINK_147477,,unmatched,none,,,,,,,,,,,,
LINK_83050,LINK_83050,,unmatched,none,,,,,,,,,,,,
NODE_9117,9117,9117,exact_strip_NODE,high,:8111813384_c0,GS_8111813384,899499301#0,-899499301#1,349.2799948419051,patched_unsignalized,ready_for_simulation,True,127.02355303262917,37.566207447439425,127.0195623,37.5657863
LINK_150851,LINK_150851,,unmatched,none,,,,,,,,,,,,
LINK_229146,LINK_229146,,unmatched,none,,,,,,,,,,,,
LINK_251602,LINK_251602,,unmatched,none,,,,,,,,,,,,
LINK_211088,LINK_211088,,unmatched,none,,,,,,,,,,,,
LINK_65652,LINK_65652,,unmatched,none,,,,,,,,,,,,
LINK_110719,LINK_110719,,unmatched,none,,,,,,,,,,,,
LINK_131956,LINK_131956,,unmatched,none,,,,,,,,,,,,
LINK_231550,LINK_231550,,unmatched,none,,,,,,,,,,,,
NODE_9403,9403,9403,exact_strip_NODE,high,:13345282177_c1,joinedS_13202101917_13345282177_13345282183_414685910,1455210370,1455210361#0,12.55580626727902,A,ready_for_simulation,True,127.02330201301277,37.57148856697745,,
NODE_163164,163164,163164,exact_strip_NODE,high,:8111813375_c0,joinedS_11125409419_8111813374_8111813375,871052116#0,-218781562#0,9.462281322823026,A,ready_for_simulation,True,127.02350459194416,37.56774451883018,,
NODE_9404,9404,9404,exact_strip_NODE,high,:13345282177_c1,joinedS_13202101917_13345282177_13345282183_414685910,1455210370,1455210361#0,4.673001481945628,A,ready_for_simulation,True,127.02330201301277,37.57148856697745,,
NODE_127536,127536,127536,exact_strip_NODE,high,:8111813374_c0,joinedS_11125409419_8111813374_8111813375,-870977314#1,218781560,183.17249514987688,patched_unsignalized,ready_for_simulation,True,127.0237203708496,37.567882278770846,127.0233398,37.56951821
NODE_9445,9445,9445,exact_strip_NODE,high,:8111813374_c0,joinedS_11125409419_8111813374_8111813375,-870977314#1,218781560,40.557730209055016,A,ready_for_simulation,True,127.0237203708496,37.567882278770846,,
LINK_119210,LINK_119210,,unmatched,none,,,,,,,,,,,,
LINK_232532,LINK_232532,,unmatched,none,,,,,,,,,,,,
LINK_20293,LINK_20293,,unmatched,none,,,,,,,,,,,,
LINK_208949,LINK_208949,,unmatched,none,,,,,,,,,,,,
LINK_71260,LINK_71260,,unmatched,none,,,,,,,,,,,,
LINK_17905,LINK_17905,,unmatched,none,,,,,,,,,,,,
LINK_12641,LINK_12641,,unmatched,none,,,,,,,,,,,,
LINK_90747,LINK_90747,,unmatched,none,,,,,,,,,,,,
LINK_164651,LINK_164651,,unmatched,none,,,,,,,,,,,,
LINK_150972,LINK_150972,,unmatched,none,,,,,,,,,,,,
LINK_266315,LINK_266315,,unmatched,none,,,,,,,,,,,,
LINK_23736,LINK_23736,,unmatched,none,,,,,,,,,,,,
LINK_60054,LINK_60054,,unmatched,none,,,,,,,,,,,,
LINK_262775,LINK_262775,,unmatched,none,,,,,,,,,,,,
NODE_73941,73941,73941,exact_strip_NODE,high,:3846493836_c2,3846493836,-381447823#0,-913006754#1,370.5888484946052,patched_unsignalized,ready_for_simulation,True,127.00388859699945,37.55897577973662,127.0037177,37.5555536
NODE_9697,9697,9697,exact_strip_NODE,high,:11203083983_c0,11203083983,1209137355#1,198564925#6,95.61357114020456,recovered,auto_recovered_distance_rematch,True,126.9873467221118,37.56602765296048,,
LINK_9732,LINK_9732,,unmatched,none,,,,,,,,,,,,
LINK_89832,LINK_89832,,unmatched,none,,,,,,,,,,,,
NODE_8583,8583,8583,exact_strip_NODE,high,:8453967389_c1,GS_8453967389,911522751#1,910455717,81.38946036955384,recovered,auto_recovered_distance_rematch,True,127.0148771403648,37.56808974487035,,
NODE_137174,137174,137174,exact_strip_NODE,high,:1936511565_c0,joinedS_13204036887_1636410225_1936511565_8508478937,896413226#0,896413226#1,15.157848327798192,A,ready_for_simulation,True,127.01609066040388,37.569614236666176,,
NODE_8577,8577,8577,exact_strip_NODE,high,:8453967389_c1,GS_8453967389,911522751#1,910455717,81.36045909404102,recovered,auto_recovered_distance_rematch,True,127.0148771403648,37.56808974487035,,
NODE_8568,8568,8568,exact_strip_NODE,high,:13204036887_c0,joinedS_13204036887_1636410225_1936511565_8508478937,1436596477#4,732213459#3,1.772587842676133,A,ready_for_simulation,True,127.01567055755032,37.56961388745401,,
NODE_8567,8567,8567,exact_strip_NODE,high,:1936511565_c0,joinedS_13204036887_1636410225_1936511565_8508478937,896413226#0,896413226#1,4.9060190658554,A,ready_for_simulation,True,127.01609066040388,37.569614236666176,,
NODE_9886,9886,9886,exact_strip_NODE,high,:1945254735_c2,1945254735,420334155#3,-773066536#3,214.09073730085328,patched_unsignalized,ready_for_simulation,True,127.00441946309188,37.566695826548624,127.0023857,37.56776862
NODE_6891,6891,6891,exact_strip_NODE,high,:5973693860_c0,5973693860,599328597#0,1207199731#2,210.4272204962149,patched_unsignalized,ready_for_simulation,True,126.99713845036054,37.57066160178285,126.9978229,37.56878588
NODE_7408,7408,7408,exact_strip_NODE,high,:1945254735_c2,1945254735,420334155#3,-773066536#3,166.6159701593811,patched_unsignalized,ready_for_simulation,True,127.00441946309188,37.566695826548624,127.0025194,37.56667818
NODE_89,89,89,exact_strip_NODE,high,:5973693860_c0,5973693860,599328597#0,1207199731#2,215.309091829303,represented_by_patched_crossing,ready_for_simulation,True,126.99713845036054,37.57066160178285,126.9980519,37.56880235
NODE_7400,7400,7400,exact_strip_NODE,high,:414685829_c3,414685829,-1455518726,-1455518731,107.76527318889688,patched_unsignalized,ready_for_simulation,True,127.0023906394572,37.56466003906254,127.0025625,37.56563004
LINK_181021,LINK_181021,,unmatched,none,,,,,,,,,,,,
LINK_142707,LINK_142707,,unmatched,none,,,,,,,,,,,,
NODE_8579,8579,8579,exact_strip_NODE,high,:8453967389_c1,GS_8453967389,911522751#1,910455717,120.87782252597115,patched_unsignalized,ready_for_simulation,True,127.01487623664644,37.56803209689397,127.0162379,37.56787509
NODE_8580,8580,8580,exact_strip_NODE,high,:8453967389_c1,GS_8453967389,911522751#1,910455717,117.85235840488843,patched_unsignalized,ready_for_simulation,True,127.01487623664644,37.56803209689397,127.0162092,37.56814743
NODE_8682,8682,8682,exact_strip_NODE,high,:8453967389_c1,GS_8453967389,911522751#1,910455717,155.05897846691215,patched_unsignalized,ready_for_simulation,True,127.01487623664644,37.56803209689397,127.0162549,37.56711072
LINK_51413,LINK_51413,,unmatched,none,,,,,,,,,,,,
NODE_7001,7001,7001,exact_strip_NODE,high,:2374692777_c0,2374692777,184083187#0,184083187#1,308.84367427575046,patched_unsignalized,ready_for_simulation,True,126.9919979389216,37.56645574565273,126.9955216,37.56664952
NODE_7002,7002,7002,exact_strip_NODE,high,:1813641425_c0,1813641425,782892488#4,782892488#5,307.5406104138242,patched_unsignalized,ready_for_simulation,True,126.99203186908078,37.566206191262744,126.9955388,37.56642067
NODE_7008,7008,7008,exact_strip_NODE,high,:4202879197_c0,4202879197,-117784411#0,420348555#0,175.9324160645252,patched_unsignalized,ready_for_simulation,True,126.9989779548207,37.56545531323163,126.997445,37.56650769
NODE_6734,6734,6734,exact_strip_NODE,high,:1813641425_c0,1813641425,782892488#4,782892488#5,30.56206800382725,A,ready_for_simulation,True,126.99203186908078,37.566206191262744,,
NODE_6652,6652,6652,exact_strip_NODE,high,:2374692777_c0,2374692777,184083187#0,184083187#1,186.4248895528392,patched_unsignalized,ready_for_simulation,True,126.9919979389216,37.56645574565273,126.9925544,37.56808652
NODE_6745,6745,6745,exact_strip_NODE,high,:1813641425_c0,1813641425,782892488#4,782892488#5,36.40410364102121,A,ready_for_simulation,True,126.99203186908078,37.566206191262744,,
NODE_7020,7020,7020,exact_strip_NODE,high,:4202879197_c0,4202879197,-117784411#0,420348555#0,82.87407050644022,recovered,auto_recovered_distance_rematch,True,126.9989432070118,37.565463420763855,,
NODE_7018,7018,7018,exact_strip_NODE,high,:4202879197_c0,4202879197,-117784411#0,420348555#0,99.9982560331234,recovered,auto_recovered_distance_rematch,True,126.9989432070118,37.565463420763855,,
NODE_7012,7012,7012,exact_strip_NODE,high,:4202879197_c0,4202879197,-117784411#0,420348555#0,220.7614630377196,patched_unsignalized,ready_for_simulation,True,126.9989779548207,37.56545531323163,126.9981953,37.56736132
NODE_6755,6755,6755,exact_strip_NODE,high,:2374692777_c0,2374692777,184083187#0,184083187#1,39.95190694192008,A,ready_for_simulation,True,126.9919979389216,37.56645574565273,,
NODE_6725,6725,6725,exact_strip_NODE,high,:2374692785_c0,2374692785,184083187#1,184083187#2,67.12885769753268,recovered,auto_recovered_distance_rematch,True,126.9908471663756,37.566397947925005,,
NODE_6683,6683,6683,exact_strip_NODE,high,:1813641425_c0,1813641425,782892488#4,782892488#5,231.65083160540377,patched_unsignalized,ready_for_simulation,True,126.99203186908078,37.566206191262744,126.9927646,37.56419722
NODE_6738,6738,6738,exact_strip_NODE,high,:1813641425_c0,1813641425,782892488#4,782892488#5,65.16703544038857,recovered,auto_recovered_distance_rematch,True,126.99206784326267,37.566209371812825,,
NODE_6739,6739,6739,exact_strip_NODE,high,:2374692777_c0,2374692777,184083187#0,184083187#1,67.835798373943,recovered,auto_recovered_distance_rematch,True,126.99196190199513,37.56645278931571,,
NODE_6680,6680,6680,exact_strip_NODE,high,:1813641425_c0,1813641425,782892488#4,782892488#5,233.74962595655697,patched_unsignalized,ready_for_simulation,True,126.99203186908078,37.566206191262744,126.9930004,37.56423843
NODE_6655,6655,6655,exact_strip_NODE,high,:2374692777_c0,2374692777,184083187#0,184083187#1,179.01763492400576,patched_unsignalized,ready_for_simulation,True,126.9919979389216,37.56645574565273,126.992287,37.56805904
NODE_7407,7407,7407,exact_strip_NODE,high,:1945254735_c2,1945254735,420334155#3,-773066536#3,179.5824506835881,patched_unsignalized,ready_for_simulation,True,127.00441946309188,37.566695826548624,127.0024159,37.56698714
NODE_7409,7409,7409,exact_strip_NODE,high,:1945254735_c2,1945254735,420334155#3,-773066536#3,200.15680811290085,patched_unsignalized,ready_for_simulation,True,127.00441946309188,37.566695826548624,127.0021428,37.56675142
NODE_7406,7406,7406,exact_strip_NODE,high,:1945254735_c2,1945254735,420334155#3,-773066536#3,203.07146172537904,patched_unsignalized,ready_for_simulation,True,127.00441946309188,37.566695826548624,127.0021428,37.56697799
NODE_7405,7405,7405,exact_strip_NODE,high,:1945254735_c2,1945254735,420334155#3,-773066536#3,174.00180872290574,patched_unsignalized,ready_for_simulation,True,127.00441946309188,37.566695826548624,127.0024418,37.56677888
NODE_7396,7396,7396,exact_strip_NODE,high,:414685829_c3,414685829,-1455518726,-1455518731,106.29688135030784,patched_unsignalized,ready_for_simulation,True,127.0023906394572,37.56466003906254,127.002183,37.56560945
NODE_22045,22045,22045,exact_strip_NODE,high,:1813641425_c0,1813641425,782892488#4,782892488#5,203.40294988222425,patched_unsignalized,ready_for_simulation,True,126.99203186908078,37.566206191262744,126.9929601,37.56451992
NODE_22106,22106,22106,exact_strip_NODE,high,:1813641425_c0,1813641425,782892488#4,782892488#5,193.13732234129665,patched_unsignalized,ready_for_simulation,True,126.99203186908078,37.566206191262744,126.9927157,37.56454736
NODE_23051,23051,23051,exact_strip_NODE,high,:2374692785_c0,2374692785,184083187#1,184083187#2,85.80254139301908,recovered,auto_recovered_distance_rematch,True,126.9908471663756,37.566397947925005,,
NODE_9878,9878,9878,exact_strip_NODE,high,:4202879197_c0,4202879197,-117784411#0,420348555#0,225.50171471581285,patched_unsignalized,ready_for_simulation,True,126.9989779548207,37.56545531323163,126.9979739,37.56734301
NODE_9887,9887,9887,exact_strip_NODE,high,:1945254735_c2,1945254735,420334155#3,-773066536#3,172.44368457747476,patched_unsignalized,ready_for_simulation,True,127.00441946309188,37.566695826548624,127.0025165,37.56704664
NODE_6740,6740,6740,exact_strip_NODE,high,:2374692777_c0,2374692777,184083187#0,184083187#1,63.32384916539864,recovered,auto_recovered_distance_rematch,True,126.99196190199513,37.56645278931571,,
NODE_6735,6735,6735,exact_strip_NODE,high,:2374692777_c0,2374692777,184083187#0,184083187#1,35.37618458124717,A,ready_for_simulation,True,126.9919979389216,37.56645574565273,,
NODE_7410,7410,7410,exact_strip_NODE,high,:1945254735_c2,1945254735,420334155#3,-773066536#3,210.54866046280517,patched_unsignalized,ready_for_simulation,True,127.00441946309188,37.566695826548624,127.002022,37.56667362
NODE_7411,7411,7411,exact_strip_NODE,high,:1945254735_c2,1945254735,420334155#3,-773066536#3,216.8500048939977,patched_unsignalized,ready_for_simulation,True,127.00441946309188,37.566695826548624,127.0020048,37.56706267
NODE_6727,6727,6727,exact_strip_NODE,high,:2374692785_c0,2374692785,184083187#1,184083187#2,61.87981328755357,recovered,auto_recovered_distance_rematch,True,126.9908471663756,37.566397947925005,,
NODE_6896,6896,6896,exact_strip_NODE,high,:5973693860_c0,5973693860,599328597#0,1207199731#2,236.190323545878,patched_unsignalized,ready_for_simulation,True,126.99713845036054,37.57066160178285,126.9980731,37.56860737
NODE_7419,7419,7419,exact_strip_NODE,high,:4202879197_c0,4202879197,-117784411#0,420348555#0,195.6617738202613,patched_unsignalized,ready_for_simulation,True,126.9989779548207,37.56545531323163,127.0002711,37.56689791
NODE_7425,7425,7425,exact_strip_NODE,high,:4202879197_c0,4202879197,-117784411#0,420348555#0,126.75256038896718,patched_unsignalized,ready_for_simulation,True,126.9989779548207,37.56545531323163,126.9990435,37.56660268
NODE_7434,7434,7434,exact_strip_NODE,high,:4202879197_c0,4202879197,-117784411#0,420348555#0,151.9741894255417,patched_unsignalized,ready_for_simulation,True,126.9989779548207,37.56545531323163,126.9990147,37.56683154
NODE_7332,7332,7332,exact_strip_NODE,high,:1945254735_c2,1945254735,420334155#3,-773066536#3,243.85467970680116,patched_unsignalized,ready_for_simulation,True,127.00441946309188,37.566695826548624,127.0019918,37.56776176
NODE_122275,122275,122275,exact_strip_NODE,high,:4202879197_c0,4202879197,-117784411#0,420348555#0,173.41013266369114,patched_unsignalized,ready_for_simulation,True,126.9989779548207,37.56545531323163,127.0002539,37.56665761
NODE_10328,10328,10328,exact_strip_NODE,high,:5973693860_c0,5973693860,599328597#0,1207199731#2,230.90978170131092,patched_unsignalized,ready_for_simulation,True,126.99713845036054,37.57066160178285,126.9981306,37.56867603
NODE_6902,6902,6902,exact_strip_NODE,high,:5973693860_c0,5973693860,599328597#0,1207199731#2,230.39216333792717,patched_unsignalized,ready_for_simulation,True,126.99713845036054,37.57066160178285,126.9978402,37.56860279
NODE_7007,7007,7007,exact_strip_NODE,high,:4202879197_c0,4202879197,-117784411#0,420348555#0,195.0623380342555,patched_unsignalized,ready_for_simulation,True,126.9989779548207,37.56545531323163,126.9974363,37.56674798
LINK_280415,LINK_280415,,unmatched,none,,,,,,,,,,,,
LINK_116154,LINK_116154,,unmatched,none,,,,,,,,,,,,
LINK_98240,LINK_98240,,unmatched,none,,,,,,,,,,,,
LINK_281011,LINK_281011,,unmatched,none,,,,,,,,,,,,
LINK_196143,LINK_196143,,unmatched,none,,,,,,,,,,,,
LINK_228582,LINK_228582,,unmatched,none,,,,,,,,,,,,
LINK_39038,LINK_39038,,unmatched,none,,,,,,,,,,,,
LINK_180758,LINK_180758,,unmatched,none,,,,,,,,,,,,
LINK_43356,LINK_43356,,unmatched,none,,,,,,,,,,,,
LINK_243810,LINK_243810,,unmatched,none,,,,,,,,,,,,
LINK_135150,LINK_135150,,unmatched,none,,,,,,,,,,,,
LINK_108305,LINK_108305,,unmatched,none,,,,,,,,,,,,
LINK_141309,LINK_141309,,unmatched,none,,,,,,,,,,,,
LINK_218464,LINK_218464,,unmatched,none,,,,,,,,,,,,
LINK_167180,LINK_167180,,unmatched,none,,,,,,,,,,,,
LINK_264638,LINK_264638,,unmatched,none,,,,,,,,,,,,
LINK_130715,LINK_130715,,unmatched,none,,,,,,,,,,,,
NODE_8062,8062,8062,exact_strip_NODE,high,:8209566040_c0,8209566040,1283637490#2,770890589#3,203.02150796624352,patched_unsignalized,ready_for_simulation,True,127.00910465279112,37.56807545875095,127.011425,37.56789968
LINK_28118,LINK_28118,,unmatched,none,,,,,,,,,,,,
LINK_242148,LINK_242148,,unmatched,none,,,,,,,,,,,,
LINK_187335,LINK_187335,,unmatched,none,,,,,,,,,,,,
LINK_1149,LINK_1149,,unmatched,none,,,,,,,,,,,,
LINK_148352,LINK_148352,,unmatched,none,,,,,,,,,,,,
LINK_155216,LINK_155216,,unmatched,none,,,,,,,,,,,,
LINK_67096,LINK_67096,,unmatched,none,,,,,,,,,,,,
LINK_168397,LINK_168397,,unmatched,none,,,,,,,,,,,,
LINK_187451,LINK_187451,,unmatched,none,,,,,,,,,,,,
LINK_66665,LINK_66665,,unmatched,none,,,,,,,,,,,,
NODE_15244,15244,15244,exact_strip_NODE,high,:10185125540_c0,10185125540,1201492606#1,1110186416#10,302.14290349486566,patched_unsignalized,ready_for_simulation,True,126.96875727191802,37.555200405247746,126.9655651,37.55419721
NODE_15152,15152,15152,exact_strip_NODE,high,:13381886428_c0,13381886428,1459110256#0,620604512#1,266.096502083756,patched_unsignalized,ready_for_simulation,True,126.96357279374466,37.56109784775759,126.9651863,37.55904535
NODE_15197,15197,15197,exact_strip_NODE,high,:13381886428_c0,13381886428,1459110256#0,620604512#1,278.46231058568225,patched_unsignalized,ready_for_simulation,True,126.96357279374466,37.56109784775759,126.9651547,37.55890117
LINK_209032,LINK_209032,,unmatched,none,,,,,,,,,,,,
LINK_156498,LINK_156498,,unmatched,none,,,,,,,,,,,,
NODE_8609,8609,8609,exact_strip_NODE,high,:2376668250_c2,joinedS_2376668250_3274291454,180192153#1,770891519#0,256.7885411552239,patched_unsignalized,ready_for_simulation,True,127.01076685189096,37.57155590990129,127.0121469,37.56949128
NODE_8606,8606,8606,exact_strip_NODE,high,:8453967389_c2,GS_8453967389,-910455717,911522751#3,239.80053414224716,patched_unsignalized,ready_for_simulation,True,127.01476978193293,37.56803314495191,127.0122934,37.56897406
NODE_8607,8607,8607,exact_strip_NODE,high,:8453967389_c2,GS_8453967389,-910455717,911522751#3,249.31056495955428,patched_unsignalized,ready_for_simulation,True,127.01476978193293,37.56803314495191,127.0121698,37.56896263
NODE_8612,8612,8612,exact_strip_NODE,high,:3830591792_c0,3830591792,180192153#3,180192153#4,259.61558783405064,patched_unsignalized,ready_for_simulation,True,127.01160843059404,37.57177611107909,127.012259,37.56949356
LINK_260247,LINK_260247,,unmatched,none,,,,,,,,,,,,
LINK_41280,LINK_41280,,unmatched,none,,,,,,,,,,,,
LINK_44500,LINK_44500,,unmatched,none,,,,,,,,,,,,
LINK_24931,LINK_24931,,unmatched,none,,,,,,,,,,,,
LINK_23970,LINK_23970,,unmatched,none,,,,,,,,,,,,
LINK_186738,LINK_186738,,unmatched,none,,,,,,,,,,,,
LINK_137776,LINK_137776,,unmatched,none,,,,,,,,,,,,
LINK_273448,LINK_273448,,unmatched,none,,,,,,,,,,,,
LINK_214362,LINK_214362,,unmatched,none,,,,,,,,,,,,
LINK_100063,LINK_100063,,unmatched,none,,,,,,,,,,,,
LINK_258928,LINK_258928,,unmatched,none,,,,,,,,,,,,
LINK_214921,LINK_214921,,unmatched,none,,,,,,,,,,,,
NODE_20729,20729,20729,exact_strip_NODE,high,:4276255151_c0,4276255151,428537726#2,428537726#3,222.86801595614912,patched_unsignalized,ready_for_simulation,True,126.99831822823045,37.56415750657485,126.9986741,37.56216751
NODE_7066,7066,7066,exact_strip_NODE,high,:11346754526_c0,11346754526,-772527390#3,772527390#3,261.37284635680396,patched_unsignalized,ready_for_simulation,True,126.99321305096846,37.56088447397851,126.9960868,37.56155298
NODE_6527,6527,6527,exact_strip_NODE,high,:7311080426_c0,7311080426,782892489#7,782892489#8,368.0973529728519,patched_unsignalized,ready_for_simulation,True,126.98798908013802,37.56430579957816,126.9889357,37.5610748
LINK_913,LINK_913,,unmatched,none,,,,,,,,,,,,
LINK_239893,LINK_239893,,unmatched,none,,,,,,,,,,,,
LINK_208146,LINK_208146,,unmatched,none,,,,,,,,,,,,
LINK_33399,LINK_33399,,unmatched,none,,,,,,,,,,,,
LINK_104700,LINK_104700,,unmatched,none,,,,,,,,,,,,
LINK_93053,LINK_93053,,unmatched,none,,,,,,,,,,,,
NODE_8077,8077,8077,exact_strip_NODE,high,:8209566040_c0,8209566040,1283637490#2,770890589#3,164.74785998910392,patched_unsignalized,ready_for_simulation,True,127.00910465279112,37.56807545875095,127.009427,37.5695476
NODE_9896,9896,9896,exact_strip_NODE,high,:8209566040_c0,8209566040,1283637490#2,770890589#3,183.11344749219185,patched_unsignalized,ready_for_simulation,True,127.00910465279112,37.56807545875095,127.0094012,37.56971924
NODE_15436,15436,15436,exact_strip_NODE,high,:8209566040_c0,8209566040,1283637490#2,770890589#3,278.76156935830596,patched_unsignalized,ready_for_simulation,True,127.00910465279112,37.56807545875095,127.0097457,37.56559648
LINK_125027,LINK_125027,,unmatched,none,,,,,,,,,,,,
LINK_75603,LINK_75603,,unmatched,none,,,,,,,,,,,,
LINK_268226,LINK_268226,,unmatched,none,,,,,,,,,,,,
NODE_9830,9830,9830,exact_strip_NODE,high,:4276255150_c0,4276255150,428537726#4,-198564928#23,13.950169245942265,A,ready_for_simulation,True,126.99851790489608,37.564357538156315,,
NODE_67359,67359,67359,exact_strip_NODE,high,:1945254687_c0,1945254687,773066536#1,773066536#2,71.52441020952669,recovered,auto_recovered_distance_rematch,True,127.0059424381811,37.566495365149144,,
NODE_9832,9832,9832,exact_strip_NODE,high,:4276255152_c0,4276255152,198564928#21,-198564928#21,12.33138693002274,A,ready_for_simulation,True,126.9980884073744,37.56434980264768,,
NODE_9833,9833,9833,exact_strip_NODE,high,:4276255150_c0,4276255150,428537726#4,-198564928#23,11.67867831916538,A,ready_for_simulation,True,126.99851790489608,37.564357538156315,,
NODE_7349,7349,7349,exact_strip_NODE,high,:414685829_c3,414685829,-1455518726,-1455518731,22.92026603816303,A,ready_for_simulation,True,127.0023906394572,37.56466003906254,,
NODE_7346,7346,7346,exact_strip_NODE,high,:414685829_c2,414685829,-1455518727#0,-1455518732,15.09735428456008,A,ready_for_simulation,True,127.0023750089023,37.56461155949015,,
NODE_7347,7347,7347,exact_strip_NODE,high,:414685829_c3,414685829,-1455518726,-1455518731,17.454911467905557,A,ready_for_simulation,True,127.0023906394572,37.56466003906254,,
NODE_7358,7358,7358,exact_strip_NODE,high,:4276255150_c0,4276255150,428537726#4,-198564928#23,11.820183429510111,A,ready_for_simulation,True,126.99851790489608,37.564357538156315,,
NODE_6939,6939,6939,exact_strip_NODE,high,:4276255152_c0,4276255152,198564928#21,-198564928#21,6.552949022389261,A,ready_for_simulation,True,126.9980884073744,37.56434980264768,,
NODE_7365,7365,7365,exact_strip_NODE,high,:4276255150_c0,4276255150,428537726#4,-198564928#23,12.497975553183364,A,ready_for_simulation,True,126.99851790489608,37.564357538156315,,
NODE_6942,6942,6942,exact_strip_NODE,high,:4276255152_c0,4276255152,198564928#21,-198564928#21,93.7672083837323,recovered,auto_recovered_distance_rematch,True,126.99808803176565,37.56437863513363,,
NODE_6941,6941,6941,exact_strip_NODE,high,:4276255152_c0,4276255152,198564928#21,-198564928#21,93.45737952266148,recovered,auto_recovered_distance_rematch,True,126.99808803176565,37.56437863513363,,
NODE_7341,7341,7341,exact_strip_NODE,high,:414685829_c0,414685829,1455518732,1455518727#0,19.630412263936773,A,ready_for_simulation,True,127.00248990965102,37.564616253060024,,
NODE_9820,9820,9820,exact_strip_NODE,high,:11346754526_c0,11346754526,-772527390#3,772527390#3,243.368303128708,patched_unsignalized,ready_for_simulation,True,126.99321305096846,37.56088447397851,126.9958913,37.5615072
NODE_7530,7530,7530,exact_strip_NODE,high,:4276255151_c0,4276255151,428537726#2,428537726#3,116.95826437840964,patched_unsignalized,ready_for_simulation,True,126.99831822823045,37.56415750657485,126.9985692,37.56311954
NODE_7343,7343,7343,exact_strip_NODE,high,:414685829_c0,414685829,1455518732,1455518727#0,24.776829027978927,A,ready_for_simulation,True,127.00248990965102,37.564616253060024,,
NODE_7342,7342,7342,exact_strip_NODE,high,:414685829_c0,414685829,1455518732,1455518727#0,23.640033731370455,A,ready_for_simulation,True,127.00248990965102,37.564616253060024,,
NODE_7350,7350,7350,exact_strip_NODE,high,:414685829_c1,414685829,1455518731,1455518726,17.826577546455525,A,ready_for_simulation,True,127.0023899156634,37.564642633364016,,
LINK_207236,LINK_207236,,unmatched,none,,,,,,,,,,,,
LINK_25583,LINK_25583,,unmatched,none,,,,,,,,,,,,
LINK_122540,LINK_122540,,unmatched,none,,,,,,,,,,,,
LINK_100038,LINK_100038,,unmatched,none,,,,,,,,,,,,
LINK_84414,LINK_84414,,unmatched,none,,,,,,,,,,,,
LINK_265692,LINK_265692,,unmatched,none,,,,,,,,,,,,
LINK_150250,LINK_150250,,unmatched,none,,,,,,,,,,,,
LINK_97674,LINK_97674,,unmatched,none,,,,,,,,,,,,
LINK_148830,LINK_148830,,unmatched,none,,,,,,,,,,,,
LINK_196213,LINK_196213,,unmatched,none,,,,,,,,,,,,
LINK_211702,LINK_211702,,unmatched,none,,,,,,,,,,,,
LINK_130177,LINK_130177,,unmatched,none,,,,,,,,,,,,
LINK_222242,LINK_222242,,unmatched,none,,,,,,,,,,,,
LINK_41242,LINK_41242,,unmatched,none,,,,,,,,,,,,
NODE_10335,10335,10335,exact_strip_NODE,high,:12234253870_c0,12234253870,671981404#18,773066533#2,16.20131586293797,A,ready_for_simulation,True,126.96897984769896,37.56798267957353,,
NODE_167173,167173,167173,exact_strip_NODE,high,:12234253870_c0,12234253870,671981404#18,773066533#2,2.662214750345924,A,ready_for_simulation,True,126.96897984769896,37.56798267957353,,
LINK_246134,LINK_246134,,unmatched,none,,,,,,,,,,,,
LINK_263058,LINK_263058,,unmatched,none,,,,,,,,,,,,
LINK_196815,LINK_196815,,unmatched,none,,,,,,,,,,,,
NODE_72235,72235,72235,exact_strip_NODE,high,:1936511565_c0,joinedS_13204036887_1636410225_1936511565_8508478937,896413226#0,896413226#1,230.75639808279897,patched_unsignalized,ready_for_simulation,True,127.01609066040388,37.569614236666176,127.017996,37.56817349
NODE_9097,9097,9097,exact_strip_NODE,high,:8482825445_c0,joinedS_436875645_8482825441_8482825443_8482825445,-913173363#4,732213456#1,30.01307902690639,A,ready_for_simulation,True,127.01876059905308,37.57117232436534,,
NODE_9096,9096,9096,exact_strip_NODE,high,:8482825445_c0,joinedS_436875645_8482825441_8482825443_8482825445,-913173363#4,732213456#1,48.0838937938673,A,ready_for_simulation,True,127.01876059905308,37.57117232436534,,
NODE_9443,9443,9443,exact_strip_NODE,high,:8111813375_c0,joinedS_11125409419_8111813374_8111813375,871052116#0,-218781562#0,23.275199612723767,A,ready_for_simulation,True,127.02350459194416,37.56774451883018,,
NODE_151,151,151,exact_strip_NODE,high,:436875645_c0,joinedS_436875645_8482825441_8482825443_8482825445,732213458,229028014#0,49.024338429511054,A,ready_for_simulation,True,127.01889080066204,37.571243092811685,,
NODE_9444,9444,9444,exact_strip_NODE,high,:8111813375_c0,joinedS_11125409419_8111813374_8111813375,871052116#0,-218781562#0,38.24358612463417,A,ready_for_simulation,True,127.02350459194416,37.56774451883018,,
NODE_10368,10368,10368,exact_strip_NODE,high,:8482825441_c0,joinedS_436875645_8482825441_8482825443_8482825445,913173363#0,183521246#6,28.54124030314618,A,ready_for_simulation,True,127.0189433344533,37.57127096616178,,
NODE_137963,137963,137963,exact_strip_NODE,high,:8482825445_c0,joinedS_436875645_8482825441_8482825443_8482825445,-913173363#4,732213456#1,328.18549877554307,patched_unsignalized,ready_for_simulation,True,127.01876059905308,37.57117232436534,127.0197528,37.5682945
NODE_9068,9068,9068,exact_strip_NODE,high,:8482825445_c0,joinedS_436875645_8482825441_8482825443_8482825445,-913173363#4,732213456#1,312.4913413965963,patched_unsignalized,ready_for_simulation,True,127.01876059905308,37.57117232436534,127.0197413,37.56843868
NODE_9105,9105,9105,exact_strip_NODE,high,:8111813384_c0,GS_8111813384,899499301#0,-899499301#1,328.75748683964406,patched_unsignalized,ready_for_simulation,True,127.02355303262917,37.566207447439425,127.0197952,37.56579542
NODE_9076,9076,9076,exact_strip_NODE,high,:1936511565_c0,joinedS_13204036887_1636410225_1936511565_8508478937,896413226#0,896413226#1,216.72103618167895,patched_unsignalized,ready_for_simulation,True,127.01609066040388,37.569614236666176,127.0179558,37.56832682
NODE_164569,164569,164569,exact_strip_NODE,high,:8111813384_c0,GS_8111813384,899499301#0,-899499301#1,145.45649025053734,patched_unsignalized,ready_for_simulation,True,127.02355303262917,37.566207447439425,127.0220183,37.56560336
NODE_9098,9098,9098,exact_strip_NODE,high,:8482825441_c0,joinedS_436875645_8482825441_8482825443_8482825445,913173363#0,183521246#6,50.63449526776626,recovered,auto_recovered_distance_rematch,True,127.01892316732136,37.57129496044522,,
NODE_137,137,137,exact_strip_NODE,high,:8453967389_c2,GS_8453967389,-910455717,911522751#3,84.45128471016747,recovered,auto_recovered_distance_rematch,True,127.01476887949195,37.567975451935865,,
NODE_8596,8596,8596,exact_strip_NODE,high,:8453967389_c2,GS_8453967389,-910455717,911522751#3,84.13608501261025,recovered,auto_recovered_distance_rematch,True,127.01476887949195,37.567975451935865,,
NODE_8438,8438,8438,exact_strip_NODE,high,:3846533327_c2,3846533327,420317538#1,381452140#1,568.1644447496747,patched_unsignalized,ready_for_simulation,True,127.01227232844946,37.55923713983198,127.0114861,37.55414336
NODE_8587,8587,8587,exact_strip_NODE,high,:8453967389_c2,GS_8453967389,-910455717,911522751#3,84.99860169706304,recovered,auto_recovered_distance_rematch,True,127.01476887949195,37.567975451935865,,
NODE_8061,8061,8061,exact_strip_NODE,high,:8209566040_c0,8209566040,1283637490#2,770890589#3,212.65416299245987,patched_unsignalized,ready_for_simulation,True,127.00910465279112,37.56807545875095,127.0115429,37.56804614
NODE_10363,10363,10363,exact_strip_NODE,high,:3830591792_c0,3830591792,180192153#3,180192153#4,241.04328331571995,patched_unsignalized,ready_for_simulation,True,127.01160843059404,37.57177611107909,127.0124287,37.56970409
NODE_10366,10366,10366,exact_strip_NODE,high,:3830591792_c0,3830591792,180192153#3,180192153#4,243.5086585234528,patched_unsignalized,ready_for_simulation,True,127.01160843059404,37.57177611107909,127.0125121,37.56970179
NODE_8613,8613,8613,exact_strip_NODE,high,:3830591792_c0,3830591792,180192153#3,180192153#4,242.4875483310998,patched_unsignalized,ready_for_simulation,True,127.01160843059404,37.57177611107909,127.0124747,37.56970179
NODE_8614,8614,8614,exact_strip_NODE,high,:3830591792_c0,3830591792,180192153#3,180192153#4,256.2487206717818,patched_unsignalized,ready_for_simulation,True,127.01160843059404,37.57177611107909,127.0124718,37.56957135
LINK_73341,LINK_73341,,unmatched,none,,,,,,,,,,,,
NODE_9634,9634,9634,exact_strip_NODE,high,:10974501473_c0,joinedS_10974491704_10974501405_10974501472_10974501473_#7more,1461316096#0,333969025#1,9.163595723744413,A,ready_for_simulation,True,126.96694104268424,37.56596563278379,,
NODE_5647,5647,5647,exact_strip_NODE,high,:10974501473_c0,joinedS_10974491704_10974501405_10974501472_10974501473_#7more,1461316096#0,333969025#1,24.428831990078265,A,ready_for_simulation,True,126.96694104268424,37.56596563278379,,
LINK_101145,LINK_101145,,unmatched,none,,,,,,,,,,,,
LINK_138395,LINK_138395,,unmatched,none,,,,,,,,,,,,
LINK_159607,LINK_159607,,unmatched,none,,,,,,,,,,,,
NODE_8191,8191,8191,exact_strip_NODE,high,:3846533327_c4,3846533327,-420317538#2,-420317538#1,226.7863364271476,patched_unsignalized,ready_for_simulation,True,127.01215174618156,37.55937195869707,127.0109094,37.56118065
NODE_8184,8184,8184,exact_strip_NODE,high,:3846533327_c4,3846533327,-420317538#2,-420317538#1,231.44460065430633,patched_unsignalized,ready_for_simulation,True,127.01215174618156,37.55937195869707,127.011033,37.56127905
NODE_20739,20739,20739,exact_strip_NODE,high,:8209566040_c0,8209566040,1283637490#2,770890589#3,400.5079195260139,represented_by_patched_crossing,ready_for_simulation,True,127.00910465279112,37.56807545875095,127.0102201,37.5645569
NODE_21805,21805,21805,exact_strip_NODE,high,:8209566040_c0,8209566040,1283637490#2,770890589#3,401.1238747818941,patched_unsignalized,ready_for_simulation,True,127.00910465279112,37.56807545875095,127.0103334,37.5645746
LINK_53546,LINK_53546,,unmatched,none,,,,,,,,,,,,
LINK_241836,LINK_241836,,unmatched,none,,,,,,,,,,,,
LINK_227486,LINK_227486,,unmatched,none,,,,,,,,,,,,
LINK_16484,LINK_16484,,unmatched,none,,,,,,,,,,,,
LINK_202359,LINK_202359,,unmatched,none,,,,,,,,,,,,
LINK_185781,LINK_185781,,unmatched,none,,,,,,,,,,,,
LINK_53935,LINK_53935,,unmatched,none,,,,,,,,,,,,
LINK_153649,LINK_153649,,unmatched,none,,,,,,,,,,,,
LINK_239353,LINK_239353,,unmatched,none,,,,,,,,,,,,
LINK_41337,LINK_41337,,unmatched,none,,,,,,,,,,,,
LINK_64757,LINK_64757,,unmatched,none,,,,,,,,,,,,
LINK_54426,LINK_54426,,unmatched,none,,,,,,,,,,,,
LINK_254465,LINK_254465,,unmatched,none,,,,,,,,,,,,
NODE_6830,6830,6830,exact_strip_NODE,high,:11346754526_c0,11346754526,-772527390#3,772527390#3,287.19062406610954,patched_unsignalized,ready_for_simulation,True,126.99321305096846,37.56088447397851,126.9901907,37.5598597
LINK_64385,LINK_64385,,unmatched,none,,,,,,,,,,,,
LINK_137452,LINK_137452,,unmatched,none,,,,,,,,,,,,
LINK_141039,LINK_141039,,unmatched,none,,,,,,,,,,,,
NODE_6651,6651,6651,exact_strip_NODE,high,:2374692777_c0,2374692777,184083187#0,184083187#1,200.4837002902375,patched_unsignalized,ready_for_simulation,True,126.9919979389216,37.56645574565273,126.9922898,37.56825356
LINK_14818,LINK_14818,,unmatched,none,,,,,,,,,,,,
NODE_5912,5912,5912,exact_strip_NODE,high,:1936511551_c0,1936511551,620634303#1,620634303#2,221.93064294456508,patched_unsignalized,ready_for_simulation,True,126.97688260008827,37.56851860938045,126.9793304,37.56804031
NODE_5899,5899,5899,exact_strip_NODE,high,:1936511551_c0,1936511551,620634303#1,620634303#2,207.749403447027,patched_unsignalized,ready_for_simulation,True,126.97688260008827,37.56851860938045,126.9791637,37.568038
LINK_101007,LINK_101007,,unmatched,none,,,,,,,,,,,,
LINK_104659,LINK_104659,,unmatched,none,,,,,,,,,,,,
NODE_10360,10360,10360,exact_strip_NODE,high,:9357313748_c0,joinedS_9357313748_9357313765,1207199732#1,1207199732#2,172.40952667058363,patched_unsignalized,ready_for_simulation,True,127.00103257090092,37.570796572575205,127.0022535,37.56956512
NODE_6897,6897,6897,exact_strip_NODE,high,:5973693860_c0,5973693860,599328597#0,1207199731#2,216.49664922206296,patched_unsignalized,ready_for_simulation,True,126.99713845036054,37.57066160178285,126.9980932,37.56880419
NODE_7320,7320,7320,exact_strip_NODE,high,:9357313748_c0,joinedS_9357313748_9357313765,1207199732#1,1207199732#2,173.221844179326,patched_unsignalized,ready_for_simulation,True,127.00103257090092,37.570796572575205,127.0017921,37.56934886
NODE_10350,10350,10350,exact_strip_NODE,high,:2374692777_c0,2374692777,184083187#0,184083187#1,205.43112583705272,patched_unsignalized,ready_for_simulation,True,126.9919979389216,37.56645574565273,126.9925285,37.56826731
NODE_10357,10357,10357,exact_strip_NODE,high,:9357313748_c0,joinedS_9357313748_9357313765,1207199732#1,1207199732#2,156.0017735097289,patched_unsignalized,ready_for_simulation,True,127.00103257090092,37.570796572575205,127.0018611,37.56954338
NODE_10359,10359,10359,exact_strip_NODE,high,:9357313748_c0,joinedS_9357313748_9357313765,1207199732#1,1207199732#2,187.80763358774075,patched_unsignalized,ready_for_simulation,True,127.00103257090092,37.570796572575205,127.0023254,37.56943467
NODE_6485,6485,6485,exact_strip_NODE,high,:11203083983_c0,11203083983,1209137355#1,198564925#6,150.50424975961388,patched_unsignalized,ready_for_simulation,True,126.987345162238,37.566070884559224,126.985814,37.56671111
NODE_6486,6486,6486,exact_strip_NODE,high,:11203083983_c0,11203083983,1209137355#1,198564925#6,160.62173769481282,patched_unsignalized,ready_for_simulation,True,126.987345162238,37.566070884559224,126.9856861,37.56670881
NODE_6496,6496,6496,exact_strip_NODE,high,:436718743_c0,436718743,218919060#3,218919060#4,233.94931219229673,patched_unsignalized,ready_for_simulation,True,126.98575021254588,37.57005131735827,126.9858957,37.56794516
NODE_15410,15410,15410,exact_strip_NODE,high,:11203083983_c0,11203083983,1209137355#1,198564925#6,86.18113598276932,recovered,auto_recovered_distance_rematch,True,126.9873467221118,37.56602765296048,,
NODE_6484,6484,6484,exact_strip_NODE,high,:11203083983_c0,11203083983,1209137355#1,198564925#6,157.64048794409356,patched_unsignalized,ready_for_simulation,True,126.987345162238,37.566070884559224,126.9858197,37.566853
NODE_6474,6474,6474,exact_strip_NODE,high,:11203083983_c0,11203083983,1209137355#1,198564925#6,75.81880451142231,recovered,auto_recovered_distance_rematch,True,126.9873467221118,37.56602765296048,,
NODE_6827,6827,6827,exact_strip_NODE,high,:11346754526_c0,11346754526,-772527390#3,772527390#3,296.41368396848367,patched_unsignalized,ready_for_simulation,True,126.99321305096846,37.56088447397851,126.9900786,37.5598574
NODE_6645,6645,6645,exact_strip_NODE,high,:2374692785_c0,2374692785,184083187#1,184083187#2,198.15254634913776,patched_unsignalized,ready_for_simulation,True,126.99088334421558,37.56639987060606,126.989685,37.56792496
NODE_6775,6775,6775,exact_strip_NODE,high,:11346754526_c0,11346754526,-772527390#3,772527390#3,251.4659171224404,patched_unsignalized,ready_for_simulation,True,126.99321305096846,37.56088447397851,126.9903846,37.5613198
NODE_6807,6807,6807,exact_strip_NODE,high,:7311080426_c0,7311080426,782892489#7,782892489#8,269.1821651100015,patched_unsignalized,ready_for_simulation,True,126.98798908013802,37.56430579957816,126.9902665,37.56268375
NODE_9705,9705,9705,exact_strip_NODE,high,:2374692796_c0,2374692796,184083187#3,184083187#4,198.70741790972707,patched_unsignalized,ready_for_simulation,True,126.98841480445546,37.566301312605944,126.9894249,37.56791581
NODE_122035,122035,122035,exact_strip_NODE,high,:7311080426_c0,7311080426,782892489#7,782892489#8,253.93857611147655,patched_unsignalized,ready_for_simulation,True,126.98798908013802,37.56430579957816,126.9902435,37.5628737
NODE_6632,6632,6632,exact_strip_NODE,high,:11203052956_c0,11203052956,1209133879#1,781985786#1,480.8724695453579,patched_unsignalized,ready_for_simulation,True,126.98238785154204,37.56042309727564,126.9874986,37.55884333
NODE_9694,9694,9694,exact_strip_NODE,high,:11203083983_c0,11203083983,1209137355#1,198564925#6,168.67930795027743,patched_unsignalized,ready_for_simulation,True,126.987345162238,37.566070884559224,126.9856832,37.56686443
NODE_6597,6597,6597,exact_strip_NODE,high,:11203052956_c0,11203052956,1209133879#1,781985786#1,464.2513104327804,patched_unsignalized,ready_for_simulation,True,126.98238785154204,37.56042309727564,126.9872945,37.55883873
LINK_133605,LINK_133605,,unmatched,none,,,,,,,,,,,,
LINK_110765,LINK_110765,,unmatched,none,,,,,,,,,,,,
LINK_161197,LINK_161197,,unmatched,none,,,,,,,,,,,,
LINK_188293,LINK_188293,,unmatched,none,,,,,,,,,,,,
LINK_118905,LINK_118905,,unmatched,none,,,,,,,,,,,,
LINK_74874,LINK_74874,,unmatched,none,,,,,,,,,,,,
LINK_164776,LINK_164776,,unmatched,none,,,,,,,,,,,,
LINK_232849,LINK_232849,,unmatched,none,,,,,,,,,,,,
NODE_6701,6701,6701,exact_strip_NODE,high,:7311080426_c0,7311080426,782892489#7,782892489#8,177.6546340569617,represented_by_patched_crossing,ready_for_simulation,True,126.98798908013802,37.56430579957816,126.9898407,37.56496595
NODE_6702,6702,6702,exact_strip_NODE,high,:2374692785_c0,2374692785,184083187#1,184083187#2,177.94981385071242,represented_by_patched_crossing,ready_for_simulation,True,126.99088334421558,37.56639987060606,126.9898551,37.56500257
NODE_6704,6704,6704,exact_strip_NODE,high,:2374692785_c0,2374692785,184083187#1,184083187#2,175.4134173676553,represented_by_patched_crossing,ready_for_simulation,True,126.99088334421558,37.56639987060606,126.9900851,37.56493851
NODE_6685,6685,6685,exact_strip_NODE,high,:1813641425_c0,1813641425,782892488#4,782892488#5,216.3884092927048,patched_unsignalized,ready_for_simulation,True,126.99203186908078,37.566206191262744,126.9931326,37.56445356
NODE_23053,23053,23053,exact_strip_NODE,high,:2374692785_c0,2374692785,184083187#1,184083187#2,87.03312413404652,recovered,auto_recovered_distance_rematch,True,126.9908471663756,37.566397947925005,,
NODE_6705,6705,6705,exact_strip_NODE,high,:7311080426_c0,7311080426,782892489#7,782892489#8,196.0614161997767,patched_unsignalized,ready_for_simulation,True,126.98798908013802,37.56430579957816,126.99018,37.56466618
NODE_6706,6706,6706,exact_strip_NODE,high,:2374692785_c0,2374692785,184083187#1,184083187#2,169.13426974799725,patched_unsignalized,ready_for_simulation,True,126.99088334421558,37.56639987060606,126.9900333,37.5650186
NODE_6703,6703,6703,exact_strip_NODE,high,:7311080426_c0,7311080426,782892489#7,782892489#8,171.39500043238758,patched_unsignalized,ready_for_simulation,True,126.98798908013802,37.56430579957816,126.9897861,37.56492475
NODE_6684,6684,6684,exact_strip_NODE,high,:1813641425_c0,1813641425,782892488#4,782892488#5,230.96229893714505,patched_unsignalized,ready_for_simulation,True,126.99203186908078,37.566206191262744,126.993147,37.56431396
NODE_6686,6686,6686,exact_strip_NODE,high,:1813641425_c0,1813641425,782892488#4,782892488#5,212.03824178030476,patched_unsignalized,ready_for_simulation,True,126.99203186908078,37.566206191262744,126.9930205,37.56445584
NODE_9714,9714,9714,exact_strip_NODE,high,:7311080426_c0,7311080426,782892489#7,782892489#8,167.4566104246012,patched_unsignalized,ready_for_simulation,True,126.98798908013802,37.56430579957816,126.9898293,37.56472337
NODE_6710,6710,6710,exact_strip_NODE,high,:436867766_c0,436867766,782892488#3,782892488#4,176.8133999520963,represented_by_patched_crossing,ready_for_simulation,True,126.99138480967196,37.56616917982336,126.9902001,37.56487673
NODE_6682,6682,6682,exact_strip_NODE,high,:1813641425_c0,1813641425,782892488#4,782892488#5,230.21397992972095,represented_by_patched_crossing,ready_for_simulation,True,126.99203186908078,37.566206191262744,126.9930866,37.56430022
LINK_13014,LINK_13014,,unmatched,none,,,,,,,,,,,,
LINK_133416,LINK_133416,,unmatched,none,,,,,,,,,,,,
NODE_14951,14951,14951,exact_strip_NODE,high,:11225407068_c0,11225407068,-516388934#2,516388934#2,37.67154147487764,A,ready_for_simulation,True,126.9687425506972,37.55706191903073,,
NODE_15151,15151,15151,exact_strip_NODE,high,:11225407068_c0,11225407068,-516388934#2,516388934#2,37.83542005566453,A,ready_for_simulation,True,126.9687425506972,37.55706191903073,,
NODE_5590,5590,5590,exact_strip_NODE,high,:13381864824_c0,13381864824,-333580690#1,333580690#1,188.60272250148853,patched_unsignalized,ready_for_simulation,True,126.96194829096646,37.55957375192577,126.964065,37.55924412
LINK_91564,LINK_91564,,unmatched,none,,,,,,,,,,,,
LINK_280907,LINK_280907,,unmatched,none,,,,,,,,,,,,
LINK_104438,LINK_104438,,unmatched,none,,,,,,,,,,,,
LINK_250282,LINK_250282,,unmatched,none,,,,,,,,,,,,
LINK_81974,LINK_81974,,unmatched,none,,,,,,,,,,,,
NODE_6829,6829,6829,exact_strip_NODE,high,:11346754526_c0,11346754526,-772527390#3,772527390#3,274.70277430771114,patched_unsignalized,ready_for_simulation,True,126.99321305096846,37.56088447397851,126.9902539,37.56003821
LINK_256669,LINK_256669,,unmatched,none,,,,,,,,,,,,
LINK_265448,LINK_265448,,unmatched,none,,,,,,,,,,,,
LINK_261333,LINK_261333,,unmatched,none,,,,,,,,,,,,
NODE_21803,21803,21803,exact_strip_NODE,high,:8209566040_c0,8209566040,1283637490#2,770890589#3,400.05270795399537,patched_unsignalized,ready_for_simulation,True,127.00910465279112,37.56807545875095,127.0100258,37.56452657
NODE_6026,6026,6026,exact_strip_NODE,high,:7666741014_c0,joinedS_11414286323_7666741014,899373686#3,899373686#4,38.55447706038216,A,ready_for_simulation,True,126.97616537766072,37.56257760460031,,
LINK_114760,LINK_114760,,unmatched,none,,,,,,,,,,,,
NODE_214528,214528,214528,exact_strip_NODE,high,:11346754526_c0,11346754526,-772527390#3,772527390#3,231.52144520040233,represented_by_patched_crossing,ready_for_simulation,True,126.99321305096846,37.56088447397851,126.99056,37.56098797
NODE_214527,214527,214527,exact_strip_NODE,high,:11346754526_c0,11346754526,-772527390#3,772527390#3,249.63806619284497,patched_unsignalized,ready_for_simulation,True,126.99321305096846,37.56088447397851,126.9903573,37.56102512
NODE_6831,6831,6831,exact_strip_NODE,high,:11346754526_c0,11346754526,-772527390#3,772527390#3,266.0193647636851,patched_unsignalized,ready_for_simulation,True,126.99321305096846,37.56088447397851,126.9903143,37.56013891
NODE_214526,214526,214526,exact_strip_NODE,high,:11346754526_c0,11346754526,-772527390#3,772527390#3,282.55470309260863,patched_unsignalized,ready_for_simulation,True,126.99321305096846,37.56088447397851,126.9900814,37.56024242
LINK_89767,LINK_89767,,unmatched,none,,,,,,,,,,,,
LINK_138942,LINK_138942,,unmatched,none,,,,,,,,,,,,
NODE_119583,119583,119583,exact_strip_NODE,high,:11252413259_c0,joinedS_11252413259_11252413260,-1214479814,1214479816#0,12.1666555261929,A,ready_for_simulation,True,126.96846212549994,37.56378733290431,,
NODE_5760,5760,5760,exact_strip_NODE,high,:5851251250_c1,joinedS_11203001806_11203001809_11203001810_11203001813_#3more,919984684,619147729#0,40.27285045391971,A,ready_for_simulation,True,126.97576050089404,37.560617194717025,,
NODE_119046,119046,119046,exact_strip_NODE,high,:11252413259_c0,joinedS_11252413259_11252413260,-1214479814,1214479816#0,182.292811688814,patched_unsignalized,ready_for_simulation,True,126.96846212549994,37.56378733290431,126.9695861,37.56240842
NODE_5935,5935,5935,exact_strip_NODE,high,:5851251281_c0,5851251281,908622900#0,908622900#1,72.16914110486655,recovered,auto_recovered_distance_rematch,True,126.977339693655,37.56467759779211,,
NODE_5932,5932,5932,exact_strip_NODE,high,:5851251281_c0,5851251281,908622900#0,908622900#1,30.011359430065948,A,ready_for_simulation,True,126.97733292384274,37.56466418889568,,
NODE_9661,9661,9661,exact_strip_NODE,high,:7666741014_c0,joinedS_11414286323_7666741014,899373686#3,899373686#4,14.999650766370731,A,ready_for_simulation,True,126.97616537766072,37.56257760460031,,
NODE_9658,9658,9658,exact_strip_NODE,high,:11203001810_c0,joinedS_11203001806_11203001809_11203001810_11203001813_#3more,1209130501#2,619147730#3,6.742243880103606,A,ready_for_simulation,True,126.97601284004529,37.5604499318798,,
NODE_5782,5782,5782,exact_strip_NODE,high,:7666741014_c0,joinedS_11414286323_7666741014,899373686#3,899373686#4,228.1245243813769,patched_unsignalized,ready_for_simulation,True,126.97616537766072,37.56257760460031,126.9735979,37.56283505
NODE_23043,23043,23043,exact_strip_NODE,high,:11209914862_c0,11209914862,-218923177,333554715#1,11.801651901738415,A,ready_for_simulation,True,126.97112007344283,37.55958114551576,,
NODE_5811,5811,5811,exact_strip_NODE,high,:7666741014_c0,joinedS_11414286323_7666741014,899373686#3,899373686#4,130.51757586540228,patched_unsignalized,ready_for_simulation,True,126.97616537766072,37.56257760460031,126.9750352,37.56335257
NODE_5934,5934,5934,exact_strip_NODE,high,:5851251281_c0,5851251281,908622900#0,908622900#1,64.43479196635096,recovered,auto_recovered_distance_rematch,True,126.977339693655,37.56467759779211,,
NODE_119054,119054,119054,exact_strip_NODE,high,:11252413260_c1,joinedS_11252413259_11252413260,-1214479817,-1214479814,182.60934672382191,patched_unsignalized,ready_for_simulation,True,126.96830249625197,37.56370604440801,126.9694131,37.56231818
NODE_9663,9663,9663,exact_strip_NODE,high,:5851251281_c0,5851251281,908622900#0,908622900#1,102.63598081344524,patched_unsignalized,ready_for_simulation,True,126.97733292384274,37.56466418889568,126.9766363,37.56390673
NODE_5975,5975,5975,exact_strip_NODE,high,:1945254547_c1,1945254547,198564933,198564930,10.913274827051012,A,ready_for_simulation,True,126.97861939640754,37.56509281271422,,
NODE_6276,6276,6276,exact_strip_NODE,high,:13732389937_c0,13732389937,1499619443#8,1499619443#9,103.4271925654065,patched_unsignalized,ready_for_simulation,True,126.98264063937012,37.56497894634611,126.9829305,37.56589654
NODE_5781,5781,5781,exact_strip_NODE,high,:7666741014_c0,joinedS_11414286323_7666741014,899373686#3,899373686#4,240.10771628609163,patched_unsignalized,ready_for_simulation,True,126.97616537766072,37.56257760460031,126.9735144,37.5630616
NODE_5963,5963,5963,exact_strip_NODE,high,:1945254547_c0,1945254547,710255389#3,198564932,5.628293733292111,A,ready_for_simulation,True,126.97857023720144,37.56515442463101,,
NODE_67360,67360,67360,exact_strip_NODE,high,:1945254687_c0,1945254687,773066536#1,773066536#2,65.46975705973364,recovered,auto_recovered_distance_rematch,True,127.0059424381811,37.566495365149144,,
LINK_239902,LINK_239902,,unmatched,none,,,,,,,,,,,,
LINK_68010,LINK_68010,,unmatched,none,,,,,,,,,,,,
NODE_10261,10261,10261,exact_strip_NODE,high,:1945254547_c1,1945254547,198564933,198564930,184.73197036184996,patched_unsignalized,ready_for_simulation,True,126.97861939640754,37.56509281271422,126.97977,37.56368303
NODE_9660,9660,9660,exact_strip_NODE,high,:11203001806_c0,joinedS_11203001806_11203001809_11203001810_11203001813_#3more,762174871#2,913270580#3,11.35955160008766,A,ready_for_simulation,True,126.97588011712725,37.56075897917934,,
NODE_6343,6343,6343,exact_strip_NODE,high,:436849185_c0,436849185,708672701#3,708672701#4,173.1141076595954,patched_unsignalized,ready_for_simulation,True,126.98194779711196,37.56370238475083,126.9810483,37.56228495
NODE_5759,5759,5759,exact_strip_NODE,high,:11203001806_c0,joinedS_11203001806_11203001809_11203001810_11203001813_#3more,762174871#2,913270580#3,10.387574580053109,A,ready_for_simulation,True,126.97588011712725,37.56075897917934,,
NODE_6019,6019,6019,exact_strip_NODE,high,:1945254547_c1,1945254547,198564933,198564930,184.55484891474669,patched_unsignalized,ready_for_simulation,True,126.97861939640754,37.56509281271422,126.9796407,37.56362122
NODE_179107,179107,179107,exact_strip_NODE,high,:11209914851_c0,11209914851,516948900#0,-516948900#1,119.7111941318397,patched_unsignalized,ready_for_simulation,True,126.9716677704142,37.55961439686377,126.9730241,37.55959207
NODE_119045,119045,119045,exact_strip_NODE,high,:11462447644_c0,11462447644,218923167#0,-218923167#0,223.08878194931853,patched_unsignalized,ready_for_simulation,True,126.9675794402761,37.56133661420134,126.9700521,37.56196914
NODE_5933,5933,5933,exact_strip_NODE,high,:5851251281_c0,5851251281,908622900#0,908622900#1,52.97571692570661,recovered,auto_recovered_distance_rematch,True,126.977339693655,37.56467759779211,,
NODE_5666,5666,5666,exact_strip_NODE,high,:11252413259_c0,joinedS_11252413259_11252413260,-1214479814,1214479816#0,214.96358534727935,patched_unsignalized,ready_for_simulation,True,126.96846212549994,37.56378733290431,126.9699255,37.56223458
NODE_5826,5826,5826,exact_strip_NODE,high,:5161705573_c0,5161705573,585341916#3,218926711#4,104.18814755824556,patched_unsignalized,ready_for_simulation,True,126.9741195020757,37.55871519281736,126.9739353,37.55966094
LINK_171758,LINK_171758,,unmatched,none,,,,,,,,,,,,
LINK_173604,LINK_173604,,unmatched,none,,,,,,,,,,,,
LINK_148824,LINK_148824,,unmatched,none,,,,,,,,,,,,
LINK_121248,LINK_121248,,unmatched,none,,,,,,,,,,,,
LINK_99304,LINK_99304,,unmatched,none,,,,,,,,,,,,
LINK_179767,LINK_179767,,unmatched,none,,,,,,,,,,,,
LINK_279472,LINK_279472,,unmatched,none,,,,,,,,,,,,
LINK_281698,LINK_281698,,unmatched,none,,,,,,,,,,,,
NODE_73940,73940,73940,exact_strip_NODE,high,:3846493836_c2,3846493836,-381447823#0,-913006754#1,417.9883296632053,patched_unsignalized,ready_for_simulation,True,127.00388859699945,37.55897577973662,127.0034044,37.55514396
LINK_32847,LINK_32847,,unmatched,none,,,,,,,,,,,,
NODE_8064,8064,8064,exact_strip_NODE,high,:8209566040_c0,8209566040,1283637490#2,770890589#3,109.98059915939156,patched_unsignalized,ready_for_simulation,True,127.00910465279112,37.56807545875095,127.0099738,37.56879365
NODE_5825,5825,5825,exact_strip_NODE,high,:11209914851_c0,11209914851,516948900#0,-516948900#1,18.891622899171455,A,ready_for_simulation,True,126.9716677704142,37.55961439686377,,
NODE_5823,5823,5823,exact_strip_NODE,high,:11209914851_c0,11209914851,516948900#0,-516948900#1,15.87393256063637,A,ready_for_simulation,True,126.9716677704142,37.55961439686377,,
NODE_15257,15257,15257,exact_strip_NODE,high,:11209914865_c0,11209914865,1210007190#0,1210007190#1,10.886702929704706,A,ready_for_simulation,True,126.97120575207616,37.55971955742906,,
NODE_9633,9633,9633,exact_strip_NODE,high,:11209914862_c0,11209914862,-218923177,333554715#1,18.514916654308305,A,ready_for_simulation,True,126.97112007344283,37.55958114551576,,
NODE_6822,6822,6822,exact_strip_NODE,high,:11346754526_c0,11346754526,-772527390#3,772527390#3,295.05250207126477,patched_unsignalized,ready_for_simulation,True,126.99321305096846,37.56088447397851,126.9930723,37.56354215
NODE_9632,9632,9632,exact_strip_NODE,high,:11209914866_c0,11209914866,1210007190#1,516948898#2,7.823080104400189,A,ready_for_simulation,True,126.97144541677142,37.55974855057397,,
LINK_132131,LINK_132131,,unmatched,none,,,,,,,,,,,,
LINK_177162,LINK_177162,,unmatched,none,,,,,,,,,,,,
LINK_31837,LINK_31837,,unmatched,none,,,,,,,,,,,,
LINK_142629,LINK_142629,,unmatched,none,,,,,,,,,,,,
LINK_228468,LINK_228468,,unmatched,none,,,,,,,,,,,,
LINK_43439,LINK_43439,,unmatched,none,,,,,,,,,,,,
LINK_19804,LINK_19804,,unmatched,none,,,,,,,,,,,,
LINK_24125,LINK_24125,,unmatched,none,,,,,,,,,,,,
LINK_275096,LINK_275096,,unmatched,none,,,,,,,,,,,,
NODE_10369,10369,10369,exact_strip_NODE,high,:13381864824_c0,13381864824,-333580690#1,333580690#1,181.01945478455963,patched_unsignalized,ready_for_simulation,True,126.96194829096646,37.55957375192577,126.9639116,37.55905868
NODE_14954,14954,14954,exact_strip_NODE,high,:11225407068_c0,11225407068,-516388934#2,516388934#2,80.26227739585646,recovered,auto_recovered_distance_rematch,True,126.9687623837929,37.55708609740918,,
NODE_14949,14949,14949,exact_strip_NODE,high,:11225407068_c0,11225407068,-516388934#2,516388934#2,75.15441983755771,recovered,auto_recovered_distance_rematch,True,126.9687623837929,37.55708609740918,,
NODE_15199,15199,15199,exact_strip_NODE,high,:11225407068_c0,11225407068,-516388934#2,516388934#2,87.25937095754661,recovered,auto_recovered_distance_rematch,True,126.9687623837929,37.55708609740918,,
NODE_15198,15198,15198,exact_strip_NODE,high,:11225407068_c0,11225407068,-516388934#2,516388934#2,75.78896799791077,recovered,auto_recovered_distance_rematch,True,126.9687623837929,37.55708609740918,,
NODE_15194,15194,15194,exact_strip_NODE,high,:11225407068_c0,11225407068,-516388934#2,516388934#2,86.83357415456301,recovered,auto_recovered_distance_rematch,True,126.9687623837929,37.55708609740918,,
NODE_15186,15186,15186,exact_strip_NODE,high,:11225407068_c0,11225407068,-516388934#2,516388934#2,173.14878682047535,patched_unsignalized,ready_for_simulation,True,126.9687425506972,37.55706191903073,126.967166,37.55799091
NODE_14609,14609,14609,exact_strip_NODE,high,:10185125540_c0,10185125540,1201492606#1,1110186416#10,326.6765302934432,patched_unsignalized,ready_for_simulation,True,126.96875727191802,37.555200405247746,126.9650732,37.55493168
NODE_14942,14942,14942,exact_strip_NODE,high,:11225407068_c0,11225407068,-516388934#2,516388934#2,175.41625590003093,patched_unsignalized,ready_for_simulation,True,126.9687425506972,37.55706191903073,126.967212,37.55807331
NODE_14611,14611,14611,exact_strip_NODE,high,:10185125540_c0,10185125540,1201492606#1,1110186416#10,345.4728381261876,patched_unsignalized,ready_for_simulation,True,126.96875727191802,37.555200405247746,126.9648692,37.55484923
NODE_14615,14615,14615,exact_strip_NODE,high,:10185125540_c0,10185125540,1201492606#1,1110186416#10,349.4768503182111,represented_by_patched_crossing,ready_for_simulation,True,126.96875727191802,37.555200405247746,126.9648174,37.55490185
NODE_14614,14614,14614,exact_strip_NODE,high,:10185125540_c0,10185125540,1201492606#1,1110186416#10,350.20338296728534,patched_unsignalized,ready_for_simulation,True,126.96875727191802,37.555200405247746,126.9648059,37.55493389
NODE_14613,14613,14613,exact_strip_NODE,high,:10185125540_c0,10185125540,1201492606#1,1110186416#10,328.93559176998855,patched_unsignalized,ready_for_simulation,True,126.96875727191802,37.555200405247746,126.9650445,37.55496371
NODE_176196,176196,176196,exact_strip_NODE,high,:13381864824_c0,13381864824,-333580690#1,333580690#1,176.78236689370053,patched_unsignalized,ready_for_simulation,True,126.96194829096646,37.55957375192577,126.9639098,37.55918457
LINK_232413,LINK_232413,,unmatched,none,,,,,,,,,,,,
LINK_214675,LINK_214675,,unmatched,none,,,,,,,,,,,,
LINK_90825,LINK_90825,,unmatched,none,,,,,,,,,,,,
LINK_118708,LINK_118708,,unmatched,none,,,,,,,,,,,,
LINK_211162,LINK_211162,,unmatched,none,,,,,,,,,,,,
LINK_52434,LINK_52434,,unmatched,none,,,,,,,,,,,,
LINK_110210,LINK_110210,,unmatched,none,,,,,,,,,,,,
LINK_203484,LINK_203484,,unmatched,none,,,,,,,,,,,,
LINK_64807,LINK_64807,,unmatched,none,,,,,,,,,,,,
LINK_174730,LINK_174730,,unmatched,none,,,,,,,,,,,,
LINK_255158,LINK_255158,,unmatched,none,,,,,,,,,,,,
LINK_89324,LINK_89324,,unmatched,none,,,,,,,,,,,,
NODE_7268,7268,7268,exact_strip_NODE,high,:11346754526_c0,11346754526,-772527390#3,772527390#3,537.1216590795756,patched_unsignalized,ready_for_simulation,True,126.99321305096846,37.56088447397851,126.9955193,37.55639804
NODE_7240,7240,7240,exact_strip_NODE,high,:11346754526_c0,11346754526,-772527390#3,772527390#3,313.02940207874695,patched_unsignalized,ready_for_simulation,True,126.99321305096846,37.56088447397851,126.9964663,37.55970615
NODE_7267,7267,7267,exact_strip_NODE,high,:11346754526_c0,11346754526,-772527390#3,772527390#3,540.7146861650051,patched_unsignalized,ready_for_simulation,True,126.99321305096846,37.56088447397851,126.9956055,37.55639118
NODE_9815,9815,9815,exact_strip_NODE,high,:11346754526_c0,11346754526,-772527390#3,772527390#3,336.3749896429113,patched_unsignalized,ready_for_simulation,True,126.99321305096846,37.56088447397851,126.9969881,37.56031647
NODE_122040,122040,122040,exact_strip_NODE,high,:7311080426_c0,7311080426,782892489#7,782892489#8,263.6853774268687,patched_unsignalized,ready_for_simulation,True,126.98798908013802,37.56430579957816,126.9903901,37.56288057
NODE_7246,7246,7246,exact_strip_NODE,high,:11346754526_c0,11346754526,-772527390#3,772527390#3,300.3381346925481,patched_unsignalized,ready_for_simulation,True,126.99321305096846,37.56088447397851,126.9963542,37.55978624
NODE_122031,122031,122031,exact_strip_NODE,high,:7311080426_c0,7311080426,782892489#7,782892489#8,277.45054785289034,patched_unsignalized,ready_for_simulation,True,126.98798908013802,37.56430579957816,126.9904131,37.56270436
NODE_20516,20516,20516,exact_strip_NODE,high,:11346754526_c0,11346754526,-772527390#3,772527390#3,226.16340534389855,patched_unsignalized,ready_for_simulation,True,126.99321305096846,37.56088447397851,126.9906692,37.56129007
NODE_20517,20517,20517,exact_strip_NODE,high,:11346754526_c0,11346754526,-772527390#3,772527390#3,236.76642757665024,patched_unsignalized,ready_for_simulation,True,126.99321305096846,37.56088447397851,126.9905398,37.56126031
NODE_9814,9814,9814,exact_strip_NODE,high,:11346754526_c0,11346754526,-772527390#3,772527390#3,350.2926460936872,patched_unsignalized,ready_for_simulation,True,126.99321305096846,37.56088447397851,126.9971275,37.56023253
NODE_8066,8066,8066,exact_strip_NODE,high,:8209566040_c0,8209566040,1283637490#2,770890589#3,96.71176020332764,recovered,auto_recovered_distance_rematch,True,127.00907346660104,37.56809011810127,,
NODE_8065,8065,8065,exact_strip_NODE,high,:8209566040_c0,8209566040,1283637490#2,770890589#3,86.33590748173741,recovered,auto_recovered_distance_rematch,True,127.00907346660104,37.56809011810127,,
NODE_7649,7649,7649,exact_strip_NODE,high,:2323328015_c0,2323328015,1455546617#0,1455546617#1,197.25336406425657,patched_unsignalized,ready_for_simulation,True,127.00636595775096,37.571228806781605,127.0065979,37.56945854
NODE_7650,7650,7650,exact_strip_NODE,high,:2323328015_c0,2323328015,1455546617#0,1455546617#1,196.4458565744368,patched_unsignalized,ready_for_simulation,True,127.00636595775096,37.571228806781605,127.0065059,37.56945854
NODE_7652,7652,7652,exact_strip_NODE,high,:2323328015_c0,2323328015,1455546617#0,1455546617#1,198.51898158263947,patched_unsignalized,ready_for_simulation,True,127.00636595775096,37.571228806781605,127.0067157,37.56946082
LINK_19202,LINK_19202,,unmatched,none,,,,,,,,,,,,
NODE_6022,6022,6022,exact_strip_NODE,high,:5851251281_c0,5851251281,908622900#0,908622900#1,112.13049708001375,patched_unsignalized,ready_for_simulation,True,126.97733292384274,37.56466418889568,126.9779042,37.56375135
NODE_9665,9665,9665,exact_strip_NODE,high,:5851251281_c0,5851251281,908622900#0,908622900#1,92.44848784050704,recovered,auto_recovered_distance_rematch,True,126.977339693655,37.56467759779211,,
NODE_5928,5928,5928,exact_strip_NODE,high,:5851251281_c0,5851251281,908622900#0,908622900#1,67.7014002903697,recovered,auto_recovered_distance_rematch,True,126.977339693655,37.56467759779211,,
NODE_9666,9666,9666,exact_strip_NODE,high,:5851251281_c0,5851251281,908622900#0,908622900#1,86.31601803068011,recovered,auto_recovered_distance_rematch,True,126.977339693655,37.56467759779211,,
LINK_25908,LINK_25908,,unmatched,none,,,,,,,,,,,,
LINK_159100,LINK_159100,,unmatched,none,,,,,,,,,,,,
LINK_13780,LINK_13780,,unmatched,none,,,,,,,,,,,,
LINK_28733,LINK_28733,,unmatched,none,,,,,,,,,,,,
LINK_72708,LINK_72708,,unmatched,none,,,,,,,,,,,,
NODE_74237,74237,74237,exact_strip_NODE,high,:2323328015_c0,2323328015,1455546617#0,1455546617#1,183.9217335218023,represented_by_patched_crossing,ready_for_simulation,True,127.00636595775096,37.571228806781605,127.0067675,37.56960271
NODE_6951,6951,6951,exact_strip_NODE,high,:4276255152_c0,4276255152,198564928#21,-198564928#21,174.98802621572327,patched_unsignalized,ready_for_simulation,True,126.9980884073744,37.56434980264768,126.9961154,37.56418594
NODE_7651,7651,7651,exact_strip_NODE,high,:2323328015_c0,2323328015,1455546617#0,1455546617#1,181.8219464719264,patched_unsignalized,ready_for_simulation,True,127.00636595775096,37.571228806781605,127.0065432,37.56959356
NODE_6964,6964,6964,exact_strip_NODE,high,:4276255152_c0,4276255152,198564928#21,-198564928#21,239.10023261911616,patched_unsignalized,ready_for_simulation,True,126.9980884073744,37.56434980264768,126.9953823,37.56432093
NODE_74238,74238,74238,exact_strip_NODE,high,:2323328015_c0,2323328015,1455546617#0,1455546617#1,183.20211855093063,patched_unsignalized,ready_for_simulation,True,127.00636595775096,37.571228806781605,127.0066624,37.56959363
NODE_7372,7372,7372,exact_strip_NODE,high,:4202879197_c2,4202879197,381453800,117784411#0,127.22570961884142,patched_unsignalized,ready_for_simulation,True,126.99898506693336,37.56507318377694,127.0003114,37.5645659
NODE_7696,7696,7696,exact_strip_NODE,high,:1945254726_c1,1945254726,-773066536#3,1283637480,205.48416201297024,patched_unsignalized,ready_for_simulation,True,127.00550085034804,37.56651381274664,127.0051384,37.56464131
NODE_7695,7695,7695,exact_strip_NODE,high,:1945254726_c1,1945254726,-773066536#3,1283637480,187.4114034577212,patched_unsignalized,ready_for_simulation,True,127.00550085034804,37.56651381274664,127.0051758,37.5648015
NODE_7668,7668,7668,exact_strip_NODE,high,:1945254687_c2,1945254687,1283637485#1,-773066536#1,211.9567182899305,patched_unsignalized,ready_for_simulation,True,127.00590596018792,37.566438873437235,127.0061101,37.56449479
NODE_7692,7692,7692,exact_strip_NODE,high,:1945254687_c2,1945254687,1283637485#1,-773066536#1,195.92673491527205,patched_unsignalized,ready_for_simulation,True,127.00590596018792,37.566438873437235,127.0061763,37.56464583
NODE_8105,8105,8105,exact_strip_NODE,high,:8209566040_c0,8209566040,1283637490#2,770890589#3,400.16992064463426,patched_unsignalized,ready_for_simulation,True,127.00910465279112,37.56807545875095,127.0101165,37.56454073
NODE_7364,7364,7364,exact_strip_NODE,high,:4202879197_c2,4202879197,381453800,117784411#0,136.57153135058823,patched_unsignalized,ready_for_simulation,True,126.99898506693336,37.56507318377694,127.0003257,37.56441485
NODE_6952,6952,6952,exact_strip_NODE,high,:4276255152_c0,4276255152,198564928#21,-198564928#21,175.59451253021453,patched_unsignalized,ready_for_simulation,True,126.9980884073744,37.56434980264768,126.996101,37.5643324
NODE_6957,6957,6957,exact_strip_NODE,high,:4276255152_c0,4276255152,198564928#21,-198564928#21,240.56556856878657,patched_unsignalized,ready_for_simulation,True,126.9980884073744,37.56434980264768,126.9953708,37.56419049
LINK_202373,LINK_202373,,unmatched,none,,,,,,,,,,,,
LINK_200788,LINK_200788,,unmatched,none,,,,,,,,,,,,
LINK_220091,LINK_220091,,unmatched,none,,,,,,,,,,,,
NODE_5930,5930,5930,exact_strip_NODE,high,:5851251281_c0,5851251281,908622900#0,908622900#1,11.937551174040928,A,ready_for_simulation,True,126.97733292384274,37.56466418889568,,
NODE_5926,5926,5926,exact_strip_NODE,high,:5851251281_c0,5851251281,908622900#0,908622900#1,98.66165660473824,recovered,auto_recovered_distance_rematch,True,126.977339693655,37.56467759779211,,
NODE_5966,5966,5966,exact_strip_NODE,high,:5851251281_c0,5851251281,908622900#0,908622900#1,15.057004596481232,A,ready_for_simulation,True,126.97733292384274,37.56466418889568,,
NODE_5925,5925,5925,exact_strip_NODE,high,:5851251281_c0,5851251281,908622900#0,908622900#1,82.52186165757924,recovered,auto_recovered_distance_rematch,True,126.977339693655,37.56467759779211,,
LINK_242039,LINK_242039,,unmatched,none,,,,,,,,,,,,
NODE_23046,23046,23046,exact_strip_NODE,high,:5161705573_c0,5161705573,585341916#3,218926711#4,135.54111741514618,patched_unsignalized,ready_for_simulation,True,126.9741195020757,37.55871519281736,126.9738806,37.55994012
NODE_119056,119056,119056,exact_strip_NODE,high,:11252413259_c0,joinedS_11252413259_11252413260,-1214479814,1214479816#0,26.668412730313683,A,ready_for_simulation,True,126.96846212549994,37.56378733290431,,
NODE_179104,179104,179104,exact_strip_NODE,high,:11209914851_c0,11209914851,516948900#0,-516948900#1,114.58165120696296,patched_unsignalized,ready_for_simulation,True,126.9716677704142,37.55961439686377,126.9729349,37.55985752
LINK_190777,LINK_190777,,unmatched,none,,,,,,,,,,,,
LINK_164865,LINK_164865,,unmatched,none,,,,,,,,,,,,
NODE_9440,9440,9440,exact_strip_NODE,high,:8111813375_c0,joinedS_11125409419_8111813374_8111813375,871052116#0,-218781562#0,137.68592784829914,patched_unsignalized,ready_for_simulation,True,127.02350459194416,37.56774451883018,127.0219593,37.56805381
NODE_164571,164571,164571,exact_strip_NODE,high,:8111813384_c0,GS_8111813384,899499301#0,-899499301#1,209.29398604623415,patched_unsignalized,ready_for_simulation,True,127.02355303262917,37.566207447439425,127.0211786,37.56576023
NODE_9439,9439,9439,exact_strip_NODE,high,:8111813375_c0,joinedS_11125409419_8111813374_8111813375,871052116#0,-218781562#0,137.7381389809771,patched_unsignalized,ready_for_simulation,True,127.02350459194416,37.56774451883018,127.0220197,37.56820256
LINK_117990,LINK_117990,,unmatched,none,,,,,,,,,,,,
LINK_258548,LINK_258548,,unmatched,none,,,,,,,,,,,,
LINK_219774,LINK_219774,,unmatched,none,,,,,,,,,,,,
LINK_236544,LINK_236544,,unmatched,none,,,,,,,,,,,,
LINK_93982,LINK_93982,,unmatched,none,,,,,,,,,,,,
LINK_131058,LINK_131058,,unmatched,none,,,,,,,,,,,,
LINK_181677,LINK_181677,,unmatched,none,,,,,,,,,,,,
LINK_68503,LINK_68503,,unmatched,none,,,,,,,,,,,,
NODE_6926,6926,6926,exact_strip_NODE,high,:871804265_c0,871804265,1207199730#1,1207199730#2,225.91160850193097,patched_unsignalized,ready_for_simulation,True,126.99530797364162,37.570431036649246,126.995313,37.56838989
NODE_10352,10352,10352,exact_strip_NODE,high,:871804265_c0,871804265,1207199730#1,1207199730#2,214.7378303271608,patched_unsignalized,ready_for_simulation,True,126.99530797364162,37.570431036649246,126.995313,37.56849058
NODE_122039,122039,122039,exact_strip_NODE,high,:7311080426_c0,7311080426,782892489#7,782892489#8,199.8024332650299,patched_unsignalized,ready_for_simulation,True,126.98798908013802,37.56430579957816,126.990137,37.56370671
NODE_9852,9852,9852,exact_strip_NODE,high,:1813641425_c0,1813641425,782892488#4,782892488#5,271.57043339545413,patched_unsignalized,ready_for_simulation,True,126.99203186908078,37.566206191262744,126.9941604,37.564417
NODE_6693,6693,6693,exact_strip_NODE,high,:436867766_c0,436867766,782892488#3,782892488#4,181.10604494558032,patched_unsignalized,ready_for_simulation,True,126.99138480967196,37.56616917982336,126.9917612,37.56454959
NODE_6692,6692,6692,exact_strip_NODE,high,:436867766_c0,436867766,782892488#3,782892488#4,199.04243150409903,patched_unsignalized,ready_for_simulation,True,126.99138480967196,37.56616917982336,126.9917325,37.56438252
NODE_9722,9722,9722,exact_strip_NODE,high,:7311080426_c0,7311080426,782892489#7,782892489#8,211.0247605179671,patched_unsignalized,ready_for_simulation,True,126.98798908013802,37.56430579957816,126.9902808,37.56372961
NODE_9851,9851,9851,exact_strip_NODE,high,:1813641425_c0,1813641425,782892488#4,782892488#5,283.8681641889751,patched_unsignalized,ready_for_simulation,True,126.99203186908078,37.566206191262744,126.9941432,37.5642568
LINK_95381,LINK_95381,,unmatched,none,,,,,,,,,,,,
LINK_222495,LINK_222495,,unmatched,none,,,,,,,,,,,,
LINK_112802,LINK_112802,,unmatched,none,,,,,,,,,,,,
LINK_165081,LINK_165081,,unmatched,none,,,,,,,,,,,,
LINK_177144,LINK_177144,,unmatched,none,,,,,,,,,,,,
LINK_229603,LINK_229603,,unmatched,none,,,,,,,,,,,,
LINK_184061,LINK_184061,,unmatched,none,,,,,,,,,,,,
LINK_79766,LINK_79766,,unmatched,none,,,,,,,,,,,,
NODE_5814,5814,5814,exact_strip_NODE,high,:7666741014_c0,joinedS_11414286323_7666741014,899373686#3,899373686#4,152.57923392727486,patched_unsignalized,ready_for_simulation,True,126.97616537766072,37.56257760460031,126.9749287,37.56355623
LINK_165046,LINK_165046,,unmatched,none,,,,,,,,,,,,
NODE_5655,5655,5655,exact_strip_NODE,high,:12234253870_c0,12234253870,671981404#18,773066533#2,104.7722026543864,patched_unsignalized,ready_for_simulation,True,126.96897984769896,37.56798267957353,126.9698832,37.56728536
NODE_5654,5654,5654,exact_strip_NODE,high,:12234253870_c0,12234253870,671981404#18,773066533#2,190.97509072303455,patched_unsignalized,ready_for_simulation,True,126.96897984769896,37.56798267957353,126.9705504,37.56671797
NODE_5662,5662,5662,exact_strip_NODE,high,:12234253870_c0,12234253870,671981404#18,773066533#2,136.3799220738465,pedestrian_topology_repair_required,netconvert_discarded_unclassified,False,126.96897984769896,37.56798267957353,126.9701133,37.56706572
NODE_5657,5657,5657,exact_strip_NODE,high,:12234253870_c0,12234253870,671981404#18,773066533#2,235.64915395212924,patched_unsignalized,ready_for_simulation,True,126.96897984769896,37.56798267957353,126.9709818,37.5664938
NODE_5637,5637,5637,exact_strip_NODE,high,:12234253870_c0,12234253870,671981404#18,773066533#2,68.92067158591402,recovered,auto_recovered_distance_rematch,True,126.96903266086116,37.56794321432099,,
NODE_5704,5704,5704,exact_strip_NODE,high,:5851251266_c0,joinedS_5194567167_5851251266,1084408283#1,1084408283#2,385.931074377727,patched_unsignalized,ready_for_simulation,True,126.97696933156324,37.56663746679511,126.9728236,37.56551246
NODE_5693,5693,5693,exact_strip_NODE,high,:5851251266_c0,joinedS_5194567167_5851251266,1084408283#1,1084408283#2,361.5334787486477,patched_unsignalized,ready_for_simulation,True,126.97696933156324,37.56663746679511,126.9732371,37.56527255
LINK_63383,LINK_63383,,unmatched,none,,,,,,,,,,,,
LINK_281203,LINK_281203,,unmatched,none,,,,,,,,,,,,
LINK_164302,LINK_164302,,unmatched,none,,,,,,,,,,,,
LINK_112565,LINK_112565,,unmatched,none,,,,,,,,,,,,
LINK_191788,LINK_191788,,unmatched,none,,,,,,,,,,,,
LINK_198792,LINK_198792,,unmatched,none,,,,,,,,,,,,
LINK_256461,LINK_256461,,unmatched,none,,,,,,,,,,,,
LINK_12182,LINK_12182,,unmatched,none,,,,,,,,,,,,
LINK_197211,LINK_197211,,unmatched,none,,,,,,,,,,,,
LINK_200000,LINK_200000,,unmatched,none,,,,,,,,,,,,
LINK_133399,LINK_133399,,unmatched,none,,,,,,,,,,,,
LINK_159011,LINK_159011,,unmatched,none,,,,,,,,,,,,
NODE_5967,5967,5967,exact_strip_NODE,high,:1945254547_c1,1945254547,198564933,198564930,80.15032772858213,recovered,auto_recovered_distance_rematch,True,126.97863242490644,37.565119711730034,,
NODE_5969,5969,5969,exact_strip_NODE,high,:1945254547_c1,1945254547,198564933,198564930,54.610113841429936,recovered,auto_recovered_distance_rematch,True,126.97863242490644,37.565119711730034,,
NODE_5927,5927,5927,exact_strip_NODE,high,:5851251281_c0,5851251281,908622900#0,908622900#1,59.64418182040845,recovered,auto_recovered_distance_rematch,True,126.977339693655,37.56467759779211,,
NODE_5965,5965,5965,exact_strip_NODE,high,:1945254547_c1,1945254547,198564933,198564930,70.26362339204412,recovered,auto_recovered_distance_rematch,True,126.97863242490644,37.565119711730034,,
NODE_5968,5968,5968,exact_strip_NODE,high,:1945254547_c1,1945254547,198564933,198564930,66.2895473152626,recovered,auto_recovered_distance_rematch,True,126.97863242490644,37.565119711730034,,
NODE_5964,5964,5964,exact_strip_NODE,high,:5851251281_c0,5851251281,908622900#0,908622900#1,80.67357362135085,recovered,auto_recovered_distance_rematch,True,126.977339693655,37.56467759779211,,
NODE_9636,9636,9636,exact_strip_NODE,high,:12234253870_c0,12234253870,671981404#18,773066533#2,108.87311498483176,patched_unsignalized,ready_for_simulation,True,126.96897984769896,37.56798267957353,126.970047,37.56738612
NODE_5660,5660,5660,exact_strip_NODE,high,:12234253870_c0,12234253870,671981404#18,773066533#2,189.86915153500013,represented_by_patched_crossing,ready_for_simulation,True,126.96897984769896,37.56798267957353,126.9706769,37.56684158
NODE_5661,5661,5661,exact_strip_NODE,high,:12234253870_c0,12234253870,671981404#18,773066533#2,139.66486133736726,patched_unsignalized,ready_for_simulation,True,126.96897984769896,37.56798267957353,126.9702627,37.56715272
NODE_5694,5694,5694,exact_strip_NODE,high,:5851251266_c0,joinedS_5194567167_5851251266,1084408283#1,1084408283#2,350.1380003802662,patched_unsignalized,ready_for_simulation,True,126.97696933156324,37.56663746679511,126.9733239,37.56537068
NODE_5658,5658,5658,exact_strip_NODE,high,:12234253870_c0,12234253870,671981404#18,773066533#2,231.8863897457871,represented_by_patched_crossing,ready_for_simulation,True,126.96897984769896,37.56798267957353,126.9710565,37.56661282
NODE_9637,9637,9637,exact_strip_NODE,high,:445343545_c1,joinedS_445343545_5863307383_7068953107,773066533#2,773066533#3,78.44523386407371,recovered,auto_recovered_distance_rematch,True,126.96940081010526,37.56826983960913,,
NODE_119573,119573,119573,exact_strip_NODE,high,:11252413259_c0,joinedS_11252413259_11252413260,-1214479814,1214479816#0,40.83722011030087,A,ready_for_simulation,True,126.96846212549994,37.56378733290431,,
NODE_119055,119055,119055,exact_strip_NODE,high,:11252413259_c0,joinedS_11252413259_11252413260,-1214479814,1214479816#0,54.72776695745264,recovered,auto_recovered_distance_rematch,True,126.96850890908608,37.563809271625615,,
NODE_5762,5762,5762,exact_strip_NODE,high,:5851251250_c1,joinedS_11203001806_11203001809_11203001810_11203001813_#3more,919984684,619147729#0,81.13513942492796,recovered,auto_recovered_distance_rematch,True,126.9757781280754,37.56062051611672,,
NODE_5705,5705,5705,exact_strip_NODE,high,:5851251266_c0,joinedS_5194567167_5851251266,1084408283#1,1084408283#2,373.2735130347765,patched_unsignalized,ready_for_simulation,True,126.97696933156324,37.56663746679511,126.9729299,37.56562233
NODE_5765,5765,5765,exact_strip_NODE,high,:5851251250_c1,joinedS_11203001806_11203001809_11203001810_11203001813_#3more,919984684,619147729#0,98.87002038918132,recovered,auto_recovered_distance_rematch,True,126.9757781280754,37.56062051611672,,
LINK_173857,LINK_173857,,unmatched,none,,,,,,,,,,,,
NODE_10353,10353,10353,exact_strip_NODE,high,:871804265_c0,871804265,1207199730#1,1207199730#2,219.0273043883425,patched_unsignalized,ready_for_simulation,True,126.99530797364162,37.570431036649246,126.9961065,37.56855927
NODE_10358,10358,10358,exact_strip_NODE,high,:9357313748_c0,joinedS_9357313748_9357313765,1207199732#1,1207199732#2,196.27825643734184,patched_unsignalized,ready_for_simulation,True,127.00103257090092,37.570796572575205,127.0002539,37.56912689
NODE_9639,9639,9639,exact_strip_NODE,high,:12234253870_c0,12234253870,671981404#18,773066533#2,282.23311852970585,patched_unsignalized,ready_for_simulation,True,126.96897984769896,37.56798267957353,126.9715741,37.56640243
NODE_15219,15219,15219,exact_strip_NODE,high,:11225407068_c0,11225407068,-516388934#2,516388934#2,284.1081816526692,patched_unsignalized,ready_for_simulation,True,126.9687425506972,37.55706191903073,126.9662099,37.55864287
NODE_8028,8028,8028,exact_strip_NODE,high,,,,,,route_patch_required,route_patch_required,False,,,,
NODE_8029,8029,8029,exact_strip_NODE,high,,,,,,route_patch_required,route_patch_required,False,,,,
NODE_8030,8030,8030,exact_strip_NODE,high,,,,,,route_patch_required,route_patch_required,False,,,,
NODE_8031,8031,8031,exact_strip_NODE,high,,,,,,route_patch_required,route_patch_required,False,,,,
NODE_14423,14423,14423,exact_strip_NODE,high,:11225407068_c0,11225407068,-516388934#2,516388934#2,281.2563196468884,patched_unsignalized,ready_for_simulation,True,126.9687425506972,37.55706191903073,126.9661352,37.55851698
NODE_23040,23040,23040,exact_strip_NODE,high,:436879516_c0,GS_436879516,585352852#1,218962181,44.042293185159565,A,ready_for_simulation,True,126.97309361368052,37.554062150413216,,
NODE_57739,57739,,unmatched,none,,,,,,,,,,,,
NODE_5844,5844,5844,exact_strip_NODE,high,:11203001810_c0,joinedS_11203001806_11203001809_11203001810_11203001813_#3more,1209130501#2,619147730#3,75.69906289934258,recovered,auto_recovered_distance_rematch,True,126.9760171278483,37.56043581133127,,
NODE_5845,5845,5845,exact_strip_NODE,high,:11203001810_c0,joinedS_11203001806_11203001809_11203001810_11203001813_#3more,1209130501#2,619147730#3,72.64383822841299,recovered,auto_recovered_distance_rematch,True,126.9760171278483,37.56043581133127,,
NODE_5909,5909,5909,exact_strip_NODE,high,:436879516_c0,GS_436879516,585352852#1,218962181,45.66916547840786,A,ready_for_simulation,True,126.97309361368052,37.554062150413216,,
NODE_5862,5862,5862,exact_strip_NODE,high,:11177413160_c0,11177413160,553799176#1,585341906#2,205.2891526434143,patched_unsignalized,ready_for_simulation,True,126.97312299745676,37.5561904164742,126.9753009,37.55690743
NODE_5634,5634,5634,exact_strip_NODE,high,:3807475570_c3,3807475570,331951646,-377373686#0,347.13629859906973,patched_unsignalized,ready_for_simulation,True,126.96780934203731,37.55211037038769,126.9640278,37.55298154
NODE_5701,5701,5701,exact_strip_NODE,high,:12234253870_c0,12234253870,671981404#18,773066533#2,337.9551815232568,patched_unsignalized,ready_for_simulation,True,126.96897984769896,37.56798267957353,126.9720011,37.56602261
NODE_5702,5702,5702,exact_strip_NODE,high,:445343545_c1,joinedS_445343545_5863307383_7068953107,773066533#2,773066533#3,337.00343440488973,patched_unsignalized,ready_for_simulation,True,126.96937364601888,37.56825076220919,126.9721017,37.56612562
NODE_119590,119590,119590,exact_strip_NODE,high,:12234253870_c0,12234253870,671981404#18,773066533#2,284.8216034254529,patched_unsignalized,ready_for_simulation,True,126.96897984769896,37.56798267957353,126.9714792,37.56627196
NODE_6167,6167,6167,exact_strip_NODE,high,:2457731125_c0,2457731125,1339697075#0,237901345#0,244.850828427866,patched_unsignalized,ready_for_simulation,True,126.97705108541774,37.55497448437383,126.979547,37.5540128
NODE_6886,6886,6886,exact_strip_NODE,high,:1815458113_c0,joinedS_1815458113_7121587897,220027347#9,1207199730#0,230.90494683933807,patched_unsignalized,ready_for_simulation,True,126.99483587113468,37.5704126968337,126.994508,37.56834179
NODE_6888,6888,6888,exact_strip_NODE,high,:871804265_c0,871804265,1207199730#1,1207199730#2,228.47359288664703,patched_unsignalized,ready_for_simulation,True,126.99530797364162,37.570431036649246,126.9961065,37.56847001
NODE_123602,123602,123602,exact_strip_NODE,high,:2376659673_c0,2376659673,1455546618#0,1455546619,201.07283776697167,patched_unsignalized,ready_for_simulation,True,127.00393414894435,37.57118729285152,127.0045795,37.56944033
NODE_6428,6428,6428,exact_strip_NODE,high,:2457731125_c0,2457731125,1339697075#0,237901345#0,313.1133713451709,patched_unsignalized,ready_for_simulation,True,126.97705108541774,37.55497448437383,126.9806103,37.5552259
NODE_6429,6429,6429,exact_strip_NODE,high,:436856276_c0,436856276,1454603285#2,1454603281#0,287.9561987352189,patched_unsignalized,ready_for_simulation,True,126.98210529430315,37.5522630088992,126.9819068,37.55487825
NODE_6459,6459,6459,exact_strip_NODE,high,:7311080426_c0,7311080426,782892489#7,782892489#8,77.82156523449635,recovered,auto_recovered_distance_rematch,True,126.98797182003952,37.56430140479245,,
NODE_7640,7640,7640,exact_strip_NODE,high,:2376659673_c0,2376659673,1455546618#0,1455546619,185.50032508042753,patched_unsignalized,ready_for_simulation,True,127.00393414894435,37.57118729285152,127.004581,37.56958679
NODE_77086,77086,77086,exact_strip_NODE,high,,,,,,route_patch_required,route_patch_required,False,,,,
NODE_9874,9874,9874,exact_strip_NODE,high,:1815458113_c0,joinedS_1815458113_7121587897,220027347#9,1207199730#0,222.29662185107676,patched_unsignalized,ready_for_simulation,True,126.99483587113468,37.5704126968337,126.9945108,37.5684196
NODE_177916,177916,177916,exact_strip_NODE,high,:436879516_c0,GS_436879516,585352852#1,218962181,50.60091493056603,recovered,auto_recovered_distance_rematch,True,126.97310129677584,37.55407521475319,,
NODE_10090,10090,10090,exact_strip_NODE,high,:2457731125_c0,2457731125,1339697075#0,237901345#0,327.9841342239603,patched_unsignalized,ready_for_simulation,True,126.97705108541774,37.55497448437383,126.9807597,37.55538154
NODE_9362,9362,9362,exact_strip_NODE,high,:3846533327_c1,3846533327,-381452099,420317538#2,498.38186323282326,patched_unsignalized,ready_for_simulation,True,127.01235068584036,37.55930460884475,127.0179337,37.56004692
NODE_9363,9363,9363,exact_strip_NODE,high,:3846533327_c1,3846533327,-381452099,420317538#2,494.2478148165497,patched_unsignalized,ready_for_simulation,True,127.01235068584036,37.55930460884475,127.0179164,37.55987986
NODE_9715,9715,9715,exact_strip_NODE,high,:7311080426_c0,7311080426,782892489#7,782892489#8,75.58260525446369,recovered,auto_recovered_distance_rematch,True,126.98797182003952,37.56430140479245,,
NODE_74430,74430,74430,exact_strip_NODE,high,:2457731125_c0,2457731125,1339697075#0,237901345#0,263.3692674261823,represented_by_patched_crossing,ready_for_simulation,True,126.97705108541774,37.55497448437383,126.9797339,37.55393731
NODE_10343,10343,10343,exact_strip_NODE,high,:2420018399_c0,2420018399,474532059#3,474532059#4,153.61098481413438,patched_unsignalized,ready_for_simulation,True,126.9799394534048,37.57005783877547,126.9809449,37.5689081
NODE_10344,10344,10344,exact_strip_NODE,high,:2420018399_c0,2420018399,474532059#3,474532059#4,162.29227717661678,represented_by_patched_crossing,ready_for_simulation,True,126.9799394534048,37.57005783877547,126.9809431,37.56881411
LINK_120283,LINK_120283,,unmatched,none,,,,,,,,,,,,
LINK_242837,LINK_242837,,unmatched,none,,,,,,,,,,,,
LINK_133510,LINK_133510,,unmatched,none,,,,,,,,,,,,
