sim_time,crosswalk_id,tls_id,ped_link_index,phase_index,phase_state,ped_link_state,ped_has_green,ped_has_red,pedestrian_only_phase,non_ped_green_count
0.5,NODE_10060,11203052964,11,0,GGGGGGGGGGGr,r,False,True,False,11
0.5,NODE_122781,11203041635,4,0,GGGGr,r,False,True,False,4
0.5,NODE_14937,11139418723,2,0,GGr,r,False,True,False,2
0.5,NODE_5647,10974501473,4,0,GGGGr,r,False,True,False,4
0.5,NODE_6342,11203041633,9,0,GGGGGGGGGr,r,False,True,False,9
0.5,NODE_5938,5851251266,16,0,gGGGGGGGGrrrrrrrG,G,True,False,False,9
1.0,NODE_10060,11203052964,11,0,GGGGGGGGGGGr,r,False,True,False,11
1.0,NODE_122781,11203041635,4,0,GGGGr,r,False,True,False,4
1.0,NODE_14937,11139418723,2,0,GGr,r,False,True,False,2
1.0,NODE_5647,10974501473,4,0,GGGGr,r,False,True,False,4
1.0,NODE_6342,11203041633,9,0,GGGGGGGGGr,r,False,True,False,9
1.0,NODE_5938,5851251266,16,0,gGGGGGGGGrrrrrrrG,G,True,False,False,9
1.5,NODE_10060,11203052964,11,0,GGGGGGGGGGGr,r,False,True,False,11
1.5,NODE_122781,11203041635,4,0,GGGGr,r,False,True,False,4
1.5,NODE_14937,11139418723,2,0,GGr,r,False,True,False,2
1.5,NODE_5647,10974501473,4,0,GGGGr,r,False,True,False,4
1.5,NODE_6342,11203041633,9,0,GGGGGGGGGr,r,False,True,False,9
1.5,NODE_5938,5851251266,16,0,gGGGGGGGGrrrrrrrG,G,True,False,False,9
2.0,NODE_10060,11203052964,11,0,GGGGGGGGGGGr,r,False,True,False,11
2.0,NODE_122781,11203041635,4,0,GGGGr,r,False,True,False,4
2.0,NODE_14937,11139418723,2,0,GGr,r,False,True,False,2
2.0,NODE_5647,10974501473,4,0,GGGGr,r,False,True,False,4
2.0,NODE_6342,11203041633,9,0,GGGGGGGGGr,r,False,True,False,9
2.0,NODE_5938,5851251266,16,0,gGGGGGGGGrrrrrrrG,G,True,False,False,9
2.5,NODE_10060,11203052964,11,0,GGGGGGGGGGGr,r,False,True,False,11
2.5,NODE_122781,11203041635,4,0,GGGGr,r,False,True,False,4
2.5,NODE_14937,11139418723,2,0,GGr,r,False,True,False,2
2.5,NODE_5647,10974501473,4,0,GGGGr,r,False,True,False,4
2.5,NODE_6342,11203041633,9,0,GGGGGGGGGr,r,False,True,False,9
2.5,NODE_5938,5851251266,16,0,gGGGGGGGGrrrrrrrG,G,True,False,False,9
3.0,NODE_10060,11203052964,11,0,GGGGGGGGGGGr,r,False,True,False,11
3.0,NODE_122781,11203041635,4,0,GGGGr,r,False,True,False,4
3.0,NODE_14937,11139418723,2,0,GGr,r,False,True,False,2
3.0,NODE_5647,10974501473,4,0,GGGGr,r,False,True,False,4
3.0,NODE_6342,11203041633,9,0,GGGGGGGGGr,r,False,True,False,9
3.0,NODE_5938,5851251266,16,0,gGGGGGGGGrrrrrrrG,G,True,False,False,9
3.5,NODE_10060,11203052964,11,0,GGGGGGGGGGGr,r,False,True,False,11
3.5,NODE_122781,11203041635,4,0,GGGGr,r,False,True,False,4
3.5,NODE_14937,11139418723,2,0,GGr,r,False,True,False,2
3.5,NODE_5647,10974501473,4,0,GGGGr,r,False,True,False,4
3.5,NODE_6342,11203041633,9,0,GGGGGGGGGr,r,False,True,False,9
3.5,NODE_5938,5851251266,16,0,gGGGGGGGGrrrrrrrG,G,True,False,False,9
4.0,NODE_10060,11203052964,11,0,GGGGGGGGGGGr,r,False,True,False,11
4.0,NODE_122781,11203041635,4,0,GGGGr,r,False,True,False,4
4.0,NODE_14937,11139418723,2,0,GGr,r,False,True,False,2
4.0,NODE_5647,10974501473,4,0,GGGGr,r,False,True,False,4
4.0,NODE_6342,11203041633,9,0,GGGGGGGGGr,r,False,True,False,9
4.0,NODE_5938,5851251266,16,0,gGGGGGGGGrrrrrrrG,G,True,False,False,9
4.5,NODE_10060,11203052964,11,0,GGGGGGGGGGGr,r,False,True,False,11
4.5,NODE_122781,11203041635,4,0,GGGGr,r,False,True,False,4
4.5,NODE_14937,11139418723,2,0,GGr,r,False,True,False,2
4.5,NODE_5647,10974501473,4,0,GGGGr,r,False,True,False,4
4.5,NODE_6342,11203041633,9,0,GGGGGGGGGr,r,False,True,False,9
4.5,NODE_5938,5851251266,16,0,gGGGGGGGGrrrrrrrG,G,True,False,False,9
5.0,NODE_10060,11203052964,11,0,GGGGGGGGGGGr,r,False,True,False,11
5.0,NODE_122781,11203041635,4,0,GGGGr,r,False,True,False,4
5.0,NODE_14937,11139418723,2,0,GGr,r,False,True,False,2
5.0,NODE_5647,10974501473,4,0,GGGGr,r,False,True,False,4
5.0,NODE_6342,11203041633,9,0,GGGGGGGGGr,r,False,True,False,9
5.0,NODE_5938,5851251266,16,0,gGGGGGGGGrrrrrrrG,G,True,False,False,9
5.5,NODE_10060,11203052964,11,0,GGGGGGGGGGGr,r,False,True,False,11
5.5,NODE_122781,11203041635,4,0,GGGGr,r,False,True,False,4
5.5,NODE_14937,11139418723,2,0,GGr,r,False,True,False,2
5.5,NODE_5647,10974501473,4,0,GGGGr,r,False,True,False,4
5.5,NODE_6342,11203041633,9,0,GGGGGGGGGr,r,False,True,False,9
5.5,NODE_5938,5851251266,16,0,gGGGGGGGGrrrrrrrG,G,True,False,False,9
6.0,NODE_10060,11203052964,11,0,GGGGGGGGGGGr,r,False,True,False,11
6.0,NODE_122781,11203041635,4,0,GGGGr,r,False,True,False,4
6.0,NODE_14937,11139418723,2,0,GGr,r,False,True,False,2
6.0,NODE_5647,10974501473,4,0,GGGGr,r,False,True,False,4
6.0,NODE_6342,11203041633,9,0,GGGGGGGGGr,r,False,True,False,9
6.0,NODE_5938,5851251266,16,0,gGGGGGGGGrrrrrrrG,G,True,False,False,9
6.5,NODE_10060,11203052964,11,0,GGGGGGGGGGGr,r,False,True,False,11
6.5,NODE_122781,11203041635,4,0,GGGGr,r,False,True,False,4
6.5,NODE_14937,11139418723,2,0,GGr,r,False,True,False,2
6.5,NODE_5647,10974501473,4,0,GGGGr,r,False,True,False,4
6.5,NODE_6342,11203041633,9,0,GGGGGGGGGr,r,False,True,False,9
6.5,NODE_5938,5851251266,16,0,gGGGGGGGGrrrrrrrG,G,True,False,False,9
7.0,NODE_10060,11203052964,11,0,GGGGGGGGGGGr,r,False,True,False,11
7.0,NODE_122781,11203041635,4,0,GGGGr,r,False,True,False,4
7.0,NODE_14937,11139418723,2,0,GGr,r,False,True,False,2
7.0,NODE_5647,10974501473,4,0,GGGGr,r,False,True,False,4
7.0,NODE_6342,11203041633,9,0,GGGGGGGGGr,r,False,True,False,9
7.0,NODE_5938,5851251266,16,0,gGGGGGGGGrrrrrrrG,G,True,False,False,9
7.5,NODE_10060,11203052964,11,0,GGGGGGGGGGGr,r,False,True,False,11
7.5,NODE_122781,11203041635,4,0,GGGGr,r,False,True,False,4
7.5,NODE_14937,11139418723,2,0,GGr,r,False,True,False,2
7.5,NODE_5647,10974501473,4,0,GGGGr,r,False,True,False,4
7.5,NODE_6342,11203041633,9,0,GGGGGGGGGr,r,False,True,False,9
7.5,NODE_5938,5851251266,16,0,gGGGGGGGGrrrrrrrG,G,True,False,False,9
8.0,NODE_10060,11203052964,11,0,GGGGGGGGGGGr,r,False,True,False,11
8.0,NODE_122781,11203041635,4,0,GGGGr,r,False,True,False,4
8.0,NODE_14937,11139418723,2,0,GGr,r,False,True,False,2
8.0,NODE_5647,10974501473,4,0,GGGGr,r,False,True,False,4
8.0,NODE_6342,11203041633,9,0,GGGGGGGGGr,r,False,True,False,9
8.0,NODE_5938,5851251266,16,0,gGGGGGGGGrrrrrrrG,G,True,False,False,9
8.5,NODE_10060,11203052964,11,0,GGGGGGGGGGGr,r,False,True,False,11
8.5,NODE_122781,11203041635,4,0,GGGGr,r,False,True,False,4
8.5,NODE_14937,11139418723,2,0,GGr,r,False,True,False,2
8.5,NODE_5647,10974501473,4,0,GGGGr,r,False,True,False,4
8.5,NODE_6342,11203041633,9,0,GGGGGGGGGr,r,False,True,False,9
8.5,NODE_5938,5851251266,16,0,gGGGGGGGGrrrrrrrG,G,True,False,False,9
9.0,NODE_10060,11203052964,11,0,GGGGGGGGGGGr,r,False,True,False,11
9.0,NODE_122781,11203041635,4,0,GGGGr,r,False,True,False,4
9.0,NODE_14937,11139418723,2,0,GGr,r,False,True,False,2
9.0,NODE_5647,10974501473,4,0,GGGGr,r,False,True,False,4
9.0,NODE_6342,11203041633,9,0,GGGGGGGGGr,r,False,True,False,9
9.0,NODE_5938,5851251266,16,0,gGGGGGGGGrrrrrrrG,G,True,False,False,9
9.5,NODE_10060,11203052964,11,0,GGGGGGGGGGGr,r,False,True,False,11
9.5,NODE_122781,11203041635,4,0,GGGGr,r,False,True,False,4
9.5,NODE_14937,11139418723,2,0,GGr,r,False,True,False,2
9.5,NODE_5647,10974501473,4,0,GGGGr,r,False,True,False,4
9.5,NODE_6342,11203041633,9,0,GGGGGGGGGr,r,False,True,False,9
9.5,NODE_5938,5851251266,16,0,gGGGGGGGGrrrrrrrG,G,True,False,False,9
10.0,NODE_10060,11203052964,11,0,GGGGGGGGGGGr,r,False,True,False,11
10.0,NODE_122781,11203041635,4,0,GGGGr,r,False,True,False,4
10.0,NODE_14937,11139418723,2,0,GGr,r,False,True,False,2
10.0,NODE_5647,10974501473,4,0,GGGGr,r,False,True,False,4
10.0,NODE_6342,11203041633,9,0,GGGGGGGGGr,r,False,True,False,9
10.0,NODE_5938,5851251266,16,0,gGGGGGGGGrrrrrrrG,G,True,False,False,9
10.5,NODE_10060,11203052964,11,0,GGGGGGGGGGGr,r,False,True,False,11
10.5,NODE_122781,11203041635,4,0,GGGGr,r,False,True,False,4
10.5,NODE_14937,11139418723,2,0,GGr,r,False,True,False,2
10.5,NODE_5647,10974501473,4,0,GGGGr,r,False,True,False,4
10.5,NODE_6342,11203041633,9,0,GGGGGGGGGr,r,False,True,False,9
10.5,NODE_5938,5851251266,16,0,gGGGGGGGGrrrrrrrG,G,True,False,False,9
11.0,NODE_10060,11203052964,11,0,GGGGGGGGGGGr,r,False,True,False,11
11.0,NODE_122781,11203041635,4,0,GGGGr,r,False,True,False,4
11.0,NODE_14937,11139418723,2,0,GGr,r,False,True,False,2
11.0,NODE_5647,10974501473,4,0,GGGGr,r,False,True,False,4
11.0,NODE_6342,11203041633,9,0,GGGGGGGGGr,r,False,True,False,9
11.0,NODE_5938,5851251266,16,0,gGGGGGGGGrrrrrrrG,G,True,False,False,9
11.5,NODE_10060,11203052964,11,0,GGGGGGGGGGGr,r,False,True,False,11
11.5,NODE_122781,11203041635,4,0,GGGGr,r,False,True,False,4
11.5,NODE_14937,11139418723,2,0,GGr,r,False,True,False,2
11.5,NODE_5647,10974501473,4,0,GGGGr,r,False,True,False,4
11.5,NODE_6342,11203041633,9,0,GGGGGGGGGr,r,False,True,False,9
11.5,NODE_5938,5851251266,16,0,gGGGGGGGGrrrrrrrG,G,True,False,False,9
12.0,NODE_10060,11203052964,11,0,GGGGGGGGGGGr,r,False,True,False,11
12.0,NODE_122781,11203041635,4,0,GGGGr,r,False,True,False,4
12.0,NODE_14937,11139418723,2,0,GGr,r,False,True,False,2
12.0,NODE_5647,10974501473,4,0,GGGGr,r,False,True,False,4
12.0,NODE_6342,11203041633,9,0,GGGGGGGGGr,r,False,True,False,9
12.0,NODE_5938,5851251266,16,0,gGGGGGGGGrrrrrrrG,G,True,False,False,9
12.5,NODE_10060,11203052964,11,0,GGGGGGGGGGGr,r,False,True,False,11
12.5,NODE_122781,11203041635,4,0,GGGGr,r,False,True,False,4
12.5,NODE_14937,11139418723,2,0,GGr,r,False,True,False,2
12.5,NODE_5647,10974501473,4,0,GGGGr,r,False,True,False,4
12.5,NODE_6342,11203041633,9,0,GGGGGGGGGr,r,False,True,False,9
12.5,NODE_5938,5851251266,16,0,gGGGGGGGGrrrrrrrG,G,True,False,False,9
13.0,NODE_10060,11203052964,11,0,GGGGGGGGGGGr,r,False,True,False,11
13.0,NODE_122781,11203041635,4,0,GGGGr,r,False,True,False,4
13.0,NODE_14937,11139418723,2,0,GGr,r,False,True,False,2
13.0,NODE_5647,10974501473,4,0,GGGGr,r,False,True,False,4
13.0,NODE_6342,11203041633,9,0,GGGGGGGGGr,r,False,True,False,9
13.0,NODE_5938,5851251266,16,0,gGGGGGGGGrrrrrrrG,G,True,False,False,9
13.5,NODE_10060,11203052964,11,0,GGGGGGGGGGGr,r,False,True,False,11
13.5,NODE_122781,11203041635,4,0,GGGGr,r,False,True,False,4
13.5,NODE_14937,11139418723,2,0,GGr,r,False,True,False,2
13.5,NODE_5647,10974501473,4,0,GGGGr,r,False,True,False,4
13.5,NODE_6342,11203041633,9,0,GGGGGGGGGr,r,False,True,False,9
13.5,NODE_5938,5851251266,16,0,gGGGGGGGGrrrrrrrG,G,True,False,False,9
14.0,NODE_10060,11203052964,11,0,GGGGGGGGGGGr,r,False,True,False,11
14.0,NODE_122781,11203041635,4,0,GGGGr,r,False,True,False,4
14.0,NODE_14937,11139418723,2,0,GGr,r,False,True,False,2
14.0,NODE_5647,10974501473,4,0,GGGGr,r,False,True,False,4
14.0,NODE_6342,11203041633,9,0,GGGGGGGGGr,r,False,True,False,9
14.0,NODE_5938,5851251266,16,0,gGGGGGGGGrrrrrrrG,G,True,False,False,9
14.5,NODE_10060,11203052964,11,0,GGGGGGGGGGGr,r,False,True,False,11
14.5,NODE_122781,11203041635,4,0,GGGGr,r,False,True,False,4
14.5,NODE_14937,11139418723,2,0,GGr,r,False,True,False,2
14.5,NODE_5647,10974501473,4,0,GGGGr,r,False,True,False,4
14.5,NODE_6342,11203041633,9,0,GGGGGGGGGr,r,False,True,False,9
14.5,NODE_5938,5851251266,16,0,gGGGGGGGGrrrrrrrG,G,True,False,False,9
15.0,NODE_10060,11203052964,11,0,GGGGGGGGGGGr,r,False,True,False,11
15.0,NODE_122781,11203041635,4,0,GGGGr,r,False,True,False,4
15.0,NODE_14937,11139418723,2,0,GGr,r,False,True,False,2
15.0,NODE_5647,10974501473,4,0,GGGGr,r,False,True,False,4
15.0,NODE_6342,11203041633,9,0,GGGGGGGGGr,r,False,True,False,9
15.0,NODE_5938,5851251266,16,0,gGGGGGGGGrrrrrrrG,G,True,False,False,9
15.5,NODE_10060,11203052964,11,0,GGGGGGGGGGGr,r,False,True,False,11
15.5,NODE_122781,11203041635,4,0,GGGGr,r,False,True,False,4
15.5,NODE_14937,11139418723,2,0,GGr,r,False,True,False,2
15.5,NODE_5647,10974501473,4,0,GGGGr,r,False,True,False,4
15.5,NODE_6342,11203041633,9,0,GGGGGGGGGr,r,False,True,False,9
15.5,NODE_5938,5851251266,16,0,gGGGGGGGGrrrrrrrG,G,True,False,False,9
16.0,NODE_10060,11203052964,11,0,GGGGGGGGGGGr,r,False,True,False,11
16.0,NODE_122781,11203041635,4,0,GGGGr,r,False,True,False,4
16.0,NODE_14937,11139418723,2,0,GGr,r,False,True,False,2
16.0,NODE_5647,10974501473,4,0,GGGGr,r,False,True,False,4
16.0,NODE_6342,11203041633,9,0,GGGGGGGGGr,r,False,True,False,9
16.0,NODE_5938,5851251266,16,0,gGGGGGGGGrrrrrrrG,G,True,False,False,9
16.5,NODE_10060,11203052964,11,0,GGGGGGGGGGGr,r,False,True,False,11
16.5,NODE_122781,11203041635,4,0,GGGGr,r,False,True,False,4
16.5,NODE_14937,11139418723,2,0,GGr,r,False,True,False,2
16.5,NODE_5647,10974501473,4,0,GGGGr,r,False,True,False,4
16.5,NODE_6342,11203041633,9,0,GGGGGGGGGr,r,False,True,False,9
16.5,NODE_5938,5851251266,16,0,gGGGGGGGGrrrrrrrG,G,True,False,False,9
17.0,NODE_10060,11203052964,11,0,GGGGGGGGGGGr,r,False,True,False,11
17.0,NODE_122781,11203041635,4,0,GGGGr,r,False,True,False,4
17.0,NODE_14937,11139418723,2,0,GGr,r,False,True,False,2
17.0,NODE_5647,10974501473,4,0,GGGGr,r,False,True,False,4
17.0,NODE_6342,11203041633,9,0,GGGGGGGGGr,r,False,True,False,9
17.0,NODE_5938,5851251266,16,0,gGGGGGGGGrrrrrrrG,G,True,False,False,9
17.5,NODE_10060,11203052964,11,0,GGGGGGGGGGGr,r,False,True,False,11
17.5,NODE_122781,11203041635,4,0,GGGGr,r,False,True,False,4
17.5,NODE_14937,11139418723,2,0,GGr,r,False,True,False,2
17.5,NODE_5647,10974501473,4,0,GGGGr,r,False,True,False,4
17.5,NODE_6342,11203041633,9,0,GGGGGGGGGr,r,False,True,False,9
17.5,NODE_5938,5851251266,16,0,gGGGGGGGGrrrrrrrG,G,True,False,False,9
18.0,NODE_10060,11203052964,11,0,GGGGGGGGGGGr,r,False,True,False,11
18.0,NODE_122781,11203041635,4,0,GGGGr,r,False,True,False,4
18.0,NODE_14937,11139418723,2,0,GGr,r,False,True,False,2
18.0,NODE_5647,10974501473,4,0,GGGGr,r,False,True,False,4
18.0,NODE_6342,11203041633,9,0,GGGGGGGGGr,r,False,True,False,9
18.0,NODE_5938,5851251266,16,0,gGGGGGGGGrrrrrrrG,G,True,False,False,9
18.5,NODE_10060,11203052964,11,0,GGGGGGGGGGGr,r,False,True,False,11
18.5,NODE_122781,11203041635,4,0,GGGGr,r,False,True,False,4
18.5,NODE_14937,11139418723,2,0,GGr,r,False,True,False,2
18.5,NODE_5647,10974501473,4,0,GGGGr,r,False,True,False,4
18.5,NODE_6342,11203041633,9,0,GGGGGGGGGr,r,False,True,False,9
18.5,NODE_5938,5851251266,16,0,gGGGGGGGGrrrrrrrG,G,True,False,False,9
19.0,NODE_10060,11203052964,11,0,GGGGGGGGGGGr,r,False,True,False,11
19.0,NODE_122781,11203041635,4,0,GGGGr,r,False,True,False,4
19.0,NODE_14937,11139418723,2,0,GGr,r,False,True,False,2
19.0,NODE_5647,10974501473,4,0,GGGGr,r,False,True,False,4
19.0,NODE_6342,11203041633,9,0,GGGGGGGGGr,r,False,True,False,9
19.0,NODE_5938,5851251266,16,0,gGGGGGGGGrrrrrrrG,G,True,False,False,9
19.5,NODE_10060,11203052964,11,0,GGGGGGGGGGGr,r,False,True,False,11
19.5,NODE_122781,11203041635,4,0,GGGGr,r,False,True,False,4
19.5,NODE_14937,11139418723,2,0,GGr,r,False,True,False,2
19.5,NODE_5647,10974501473,4,0,GGGGr,r,False,True,False,4
19.5,NODE_6342,11203041633,9,0,GGGGGGGGGr,r,False,True,False,9
19.5,NODE_5938,5851251266,16,0,gGGGGGGGGrrrrrrrG,G,True,False,False,9
20.0,NODE_10060,11203052964,11,0,GGGGGGGGGGGr,r,False,True,False,11
20.0,NODE_122781,11203041635,4,0,GGGGr,r,False,True,False,4
20.0,NODE_14937,11139418723,2,0,GGr,r,False,True,False,2
20.0,NODE_5647,10974501473,4,0,GGGGr,r,False,True,False,4
20.0,NODE_6342,11203041633,9,0,GGGGGGGGGr,r,False,True,False,9
20.0,NODE_5938,5851251266,16,0,gGGGGGGGGrrrrrrrG,G,True,False,False,9
20.5,NODE_10060,11203052964,11,0,GGGGGGGGGGGr,r,False,True,False,11
20.5,NODE_122781,11203041635,4,0,GGGGr,r,False,True,False,4
20.5,NODE_14937,11139418723,2,0,GGr,r,False,True,False,2
20.5,NODE_5647,10974501473,4,0,GGGGr,r,False,True,False,4
20.5,NODE_6342,11203041633,9,0,GGGGGGGGGr,r,False,True,False,9
20.5,NODE_5938,5851251266,16,0,gGGGGGGGGrrrrrrrG,G,True,False,False,9
21.0,NODE_10060,11203052964,11,0,GGGGGGGGGGGr,r,False,True,False,11
21.0,NODE_122781,11203041635,4,0,GGGGr,r,False,True,False,4
21.0,NODE_14937,11139418723,2,0,GGr,r,False,True,False,2
21.0,NODE_5647,10974501473,4,0,GGGGr,r,False,True,False,4
21.0,NODE_6342,11203041633,9,0,GGGGGGGGGr,r,False,True,False,9
21.0,NODE_5938,5851251266,16,0,gGGGGGGGGrrrrrrrG,G,True,False,False,9
21.5,NODE_10060,11203052964,11,0,GGGGGGGGGGGr,r,False,True,False,11
21.5,NODE_122781,11203041635,4,0,GGGGr,r,False,True,False,4
21.5,NODE_14937,11139418723,2,0,GGr,r,False,True,False,2
21.5,NODE_5647,10974501473,4,0,GGGGr,r,False,True,False,4
21.5,NODE_6342,11203041633,9,0,GGGGGGGGGr,r,False,True,False,9
21.5,NODE_5938,5851251266,16,0,gGGGGGGGGrrrrrrrG,G,True,False,False,9
22.0,NODE_10060,11203052964,11,0,GGGGGGGGGGGr,r,False,True,False,11
22.0,NODE_122781,11203041635,4,0,GGGGr,r,False,True,False,4
22.0,NODE_14937,11139418723,2,0,GGr,r,False,True,False,2
22.0,NODE_5647,10974501473,4,0,GGGGr,r,False,True,False,4
22.0,NODE_6342,11203041633,9,0,GGGGGGGGGr,r,False,True,False,9
22.0,NODE_5938,5851251266,16,0,gGGGGGGGGrrrrrrrG,G,True,False,False,9
22.5,NODE_10060,11203052964,11,0,GGGGGGGGGGGr,r,False,True,False,11
22.5,NODE_122781,11203041635,4,0,GGGGr,r,False,True,False,4
22.5,NODE_14937,11139418723,2,0,GGr,r,False,True,False,2
22.5,NODE_5647,10974501473,4,0,GGGGr,r,False,True,False,4
22.5,NODE_6342,11203041633,9,0,GGGGGGGGGr,r,False,True,False,9
22.5,NODE_5938,5851251266,16,0,gGGGGGGGGrrrrrrrG,G,True,False,False,9
23.0,NODE_10060,11203052964,11,0,GGGGGGGGGGGr,r,False,True,False,11
23.0,NODE_122781,11203041635,4,0,GGGGr,r,False,True,False,4
23.0,NODE_14937,11139418723,2,0,GGr,r,False,True,False,2
23.0,NODE_5647,10974501473,4,0,GGGGr,r,False,True,False,4
23.0,NODE_6342,11203041633,9,0,GGGGGGGGGr,r,False,True,False,9
23.0,NODE_5938,5851251266,16,0,gGGGGGGGGrrrrrrrG,G,True,False,False,9
23.5,NODE_10060,11203052964,11,0,GGGGGGGGGGGr,r,False,True,False,11
23.5,NODE_122781,11203041635,4,0,GGGGr,r,False,True,False,4
23.5,NODE_14937,11139418723,2,0,GGr,r,False,True,False,2
23.5,NODE_5647,10974501473,4,0,GGGGr,r,False,True,False,4
23.5,NODE_6342,11203041633,9,0,GGGGGGGGGr,r,False,True,False,9
23.5,NODE_5938,5851251266,16,0,gGGGGGGGGrrrrrrrG,G,True,False,False,9
24.0,NODE_10060,11203052964,11,0,GGGGGGGGGGGr,r,False,True,False,11
24.0,NODE_122781,11203041635,4,0,GGGGr,r,False,True,False,4
24.0,NODE_14937,11139418723,2,0,GGr,r,False,True,False,2
24.0,NODE_5647,10974501473,4,0,GGGGr,r,False,True,False,4
24.0,NODE_6342,11203041633,9,0,GGGGGGGGGr,r,False,True,False,9
24.0,NODE_5938,5851251266,16,0,gGGGGGGGGrrrrrrrG,G,True,False,False,9
24.5,NODE_10060,11203052964,11,0,GGGGGGGGGGGr,r,False,True,False,11
24.5,NODE_122781,11203041635,4,0,GGGGr,r,False,True,False,4
24.5,NODE_14937,11139418723,2,0,GGr,r,False,True,False,2
24.5,NODE_5647,10974501473,4,0,GGGGr,r,False,True,False,4
24.5,NODE_6342,11203041633,9,0,GGGGGGGGGr,r,False,True,False,9
24.5,NODE_5938,5851251266,16,0,gGGGGGGGGrrrrrrrG,G,True,False,False,9
25.0,NODE_10060,11203052964,11,0,GGGGGGGGGGGr,r,False,True,False,11
25.0,NODE_122781,11203041635,4,0,GGGGr,r,False,True,False,4
25.0,NODE_14937,11139418723,2,0,GGr,r,False,True,False,2
25.0,NODE_5647,10974501473,4,0,GGGGr,r,False,True,False,4
25.0,NODE_6342,11203041633,9,0,GGGGGGGGGr,r,False,True,False,9
25.0,NODE_5938,5851251266,16,0,gGGGGGGGGrrrrrrrG,G,True,False,False,9
25.5,NODE_10060,11203052964,11,0,GGGGGGGGGGGr,r,False,True,False,11
25.5,NODE_122781,11203041635,4,0,GGGGr,r,False,True,False,4
25.5,NODE_14937,11139418723,2,0,GGr,r,False,True,False,2
25.5,NODE_5647,10974501473,4,0,GGGGr,r,False,True,False,4
25.5,NODE_6342,11203041633,9,0,GGGGGGGGGr,r,False,True,False,9
25.5,NODE_5938,5851251266,16,0,gGGGGGGGGrrrrrrrG,G,True,False,False,9
26.0,NODE_10060,11203052964,11,0,GGGGGGGGGGGr,r,False,True,False,11
26.0,NODE_122781,11203041635,4,0,GGGGr,r,False,True,False,4
26.0,NODE_14937,11139418723,2,0,GGr,r,False,True,False,2
26.0,NODE_5647,10974501473,4,0,GGGGr,r,False,True,False,4
26.0,NODE_6342,11203041633,9,0,GGGGGGGGGr,r,False,True,False,9
26.0,NODE_5938,5851251266,16,0,gGGGGGGGGrrrrrrrG,G,True,False,False,9
26.5,NODE_10060,11203052964,11,0,GGGGGGGGGGGr,r,False,True,False,11
26.5,NODE_122781,11203041635,4,0,GGGGr,r,False,True,False,4
26.5,NODE_14937,11139418723,2,0,GGr,r,False,True,False,2
26.5,NODE_5647,10974501473,4,0,GGGGr,r,False,True,False,4
26.5,NODE_6342,11203041633,9,0,GGGGGGGGGr,r,False,True,False,9
26.5,NODE_5938,5851251266,16,0,gGGGGGGGGrrrrrrrG,G,True,False,False,9
27.0,NODE_10060,11203052964,11,0,GGGGGGGGGGGr,r,False,True,False,11
27.0,NODE_122781,11203041635,4,0,GGGGr,r,False,True,False,4
27.0,NODE_14937,11139418723,2,0,GGr,r,False,True,False,2
27.0,NODE_5647,10974501473,4,0,GGGGr,r,False,True,False,4
27.0,NODE_6342,11203041633,9,0,GGGGGGGGGr,r,False,True,False,9
27.0,NODE_5938,5851251266,16,0,gGGGGGGGGrrrrrrrG,G,True,False,False,9
27.5,NODE_10060,11203052964,11,0,GGGGGGGGGGGr,r,False,True,False,11
27.5,NODE_122781,11203041635,4,0,GGGGr,r,False,True,False,4
27.5,NODE_14937,11139418723,2,0,GGr,r,False,True,False,2
27.5,NODE_5647,10974501473,4,0,GGGGr,r,False,True,False,4
27.5,NODE_6342,11203041633,9,0,GGGGGGGGGr,r,False,True,False,9
27.5,NODE_5938,5851251266,16,0,gGGGGGGGGrrrrrrrG,G,True,False,False,9
28.0,NODE_10060,11203052964,11,0,GGGGGGGGGGGr,r,False,True,False,11
28.0,NODE_122781,11203041635,4,0,GGGGr,r,False,True,False,4
28.0,NODE_14937,11139418723,2,0,GGr,r,False,True,False,2
28.0,NODE_5647,10974501473,4,0,GGGGr,r,False,True,False,4
28.0,NODE_6342,11203041633,9,0,GGGGGGGGGr,r,False,True,False,9
28.0,NODE_5938,5851251266,16,0,gGGGGGGGGrrrrrrrG,G,True,False,False,9
28.5,NODE_10060,11203052964,11,0,GGGGGGGGGGGr,r,False,True,False,11
28.5,NODE_122781,11203041635,4,0,GGGGr,r,False,True,False,4
28.5,NODE_14937,11139418723,2,0,GGr,r,False,True,False,2
28.5,NODE_5647,10974501473,4,0,GGGGr,r,False,True,False,4
28.5,NODE_6342,11203041633,9,0,GGGGGGGGGr,r,False,True,False,9
28.5,NODE_5938,5851251266,16,0,gGGGGGGGGrrrrrrrG,G,True,False,False,9
29.0,NODE_10060,11203052964,11,0,GGGGGGGGGGGr,r,False,True,False,11
29.0,NODE_122781,11203041635,4,0,GGGGr,r,False,True,False,4
29.0,NODE_14937,11139418723,2,0,GGr,r,False,True,False,2
29.0,NODE_5647,10974501473,4,0,GGGGr,r,False,True,False,4
29.0,NODE_6342,11203041633,9,0,GGGGGGGGGr,r,False,True,False,9
29.0,NODE_5938,5851251266,16,0,gGGGGGGGGrrrrrrrG,G,True,False,False,9
29.5,NODE_10060,11203052964,11,0,GGGGGGGGGGGr,r,False,True,False,11
29.5,NODE_122781,11203041635,4,0,GGGGr,r,False,True,False,4
29.5,NODE_14937,11139418723,2,0,GGr,r,False,True,False,2
29.5,NODE_5647,10974501473,4,0,GGGGr,r,False,True,False,4
29.5,NODE_6342,11203041633,9,0,GGGGGGGGGr,r,False,True,False,9
29.5,NODE_5938,5851251266,16,0,gGGGGGGGGrrrrrrrG,G,True,False,False,9
30.0,NODE_10060,11203052964,11,0,GGGGGGGGGGGr,r,False,True,False,11
30.0,NODE_122781,11203041635,4,0,GGGGr,r,False,True,False,4
30.0,NODE_14937,11139418723,2,0,GGr,r,False,True,False,2
30.0,NODE_5647,10974501473,4,0,GGGGr,r,False,True,False,4
30.0,NODE_6342,11203041633,9,0,GGGGGGGGGr,r,False,True,False,9
30.0,NODE_5938,5851251266,16,0,gGGGGGGGGrrrrrrrG,G,True,False,False,9
30.5,NODE_10060,11203052964,11,0,GGGGGGGGGGGr,r,False,True,False,11
30.5,NODE_122781,11203041635,4,0,GGGGr,r,False,True,False,4
30.5,NODE_14937,11139418723,2,0,GGr,r,False,True,False,2
30.5,NODE_5647,10974501473,4,0,GGGGr,r,False,True,False,4
30.5,NODE_6342,11203041633,9,0,GGGGGGGGGr,r,False,True,False,9
30.5,NODE_5938,5851251266,16,0,gGGGGGGGGrrrrrrrG,G,True,False,False,9
31.0,NODE_10060,11203052964,11,0,GGGGGGGGGGGr,r,False,True,False,11
31.0,NODE_122781,11203041635,4,0,GGGGr,r,False,True,False,4
31.0,NODE_14937,11139418723,2,0,GGr,r,False,True,False,2
31.0,NODE_5647,10974501473,4,0,GGGGr,r,False,True,False,4
31.0,NODE_6342,11203041633,9,0,GGGGGGGGGr,r,False,True,False,9
31.0,NODE_5938,5851251266,16,0,gGGGGGGGGrrrrrrrG,G,True,False,False,9
31.5,NODE_10060,11203052964,11,0,GGGGGGGGGGGr,r,False,True,False,11
31.5,NODE_122781,11203041635,4,0,GGGGr,r,False,True,False,4
31.5,NODE_14937,11139418723,2,0,GGr,r,False,True,False,2
31.5,NODE_5647,10974501473,4,0,GGGGr,r,False,True,False,4
31.5,NODE_6342,11203041633,9,0,GGGGGGGGGr,r,False,True,False,9
31.5,NODE_5938,5851251266,16,0,gGGGGGGGGrrrrrrrG,G,True,False,False,9
32.0,NODE_10060,11203052964,11,0,GGGGGGGGGGGr,r,False,True,False,11
32.0,NODE_122781,11203041635,4,0,GGGGr,r,False,True,False,4
32.0,NODE_14937,11139418723,2,0,GGr,r,False,True,False,2
32.0,NODE_5647,10974501473,4,0,GGGGr,r,False,True,False,4
32.0,NODE_6342,11203041633,9,0,GGGGGGGGGr,r,False,True,False,9
32.0,NODE_5938,5851251266,16,0,gGGGGGGGGrrrrrrrG,G,True,False,False,9
32.5,NODE_10060,11203052964,11,0,GGGGGGGGGGGr,r,False,True,False,11
32.5,NODE_122781,11203041635,4,0,GGGGr,r,False,True,False,4
32.5,NODE_14937,11139418723,2,0,GGr,r,False,True,False,2
32.5,NODE_5647,10974501473,4,0,GGGGr,r,False,True,False,4
32.5,NODE_6342,11203041633,9,0,GGGGGGGGGr,r,False,True,False,9
32.5,NODE_5938,5851251266,16,0,gGGGGGGGGrrrrrrrG,G,True,False,False,9
33.0,NODE_10060,11203052964,11,0,GGGGGGGGGGGr,r,False,True,False,11
33.0,NODE_122781,11203041635,4,0,GGGGr,r,False,True,False,4
33.0,NODE_14937,11139418723,2,0,GGr,r,False,True,False,2
33.0,NODE_5647,10974501473,4,0,GGGGr,r,False,True,False,4
33.0,NODE_6342,11203041633,9,0,GGGGGGGGGr,r,False,True,False,9
33.0,NODE_5938,5851251266,16,0,gGGGGGGGGrrrrrrrG,G,True,False,False,9
33.5,NODE_10060,11203052964,11,0,GGGGGGGGGGGr,r,False,True,False,11
33.5,NODE_122781,11203041635,4,0,GGGGr,r,False,True,False,4
33.5,NODE_14937,11139418723,2,0,GGr,r,False,True,False,2
33.5,NODE_5647,10974501473,4,0,GGGGr,r,False,True,False,4
33.5,NODE_6342,11203041633,9,0,GGGGGGGGGr,r,False,True,False,9
33.5,NODE_5938,5851251266,16,0,gGGGGGGGGrrrrrrrG,G,True,False,False,9
34.0,NODE_10060,11203052964,11,0,GGGGGGGGGGGr,r,False,True,False,11
34.0,NODE_122781,11203041635,4,0,GGGGr,r,False,True,False,4
34.0,NODE_14937,11139418723,2,0,GGr,r,False,True,False,2
34.0,NODE_5647,10974501473,4,0,GGGGr,r,False,True,False,4
34.0,NODE_6342,11203041633,9,0,GGGGGGGGGr,r,False,True,False,9
34.0,NODE_5938,5851251266,16,0,gGGGGGGGGrrrrrrrG,G,True,False,False,9
34.5,NODE_10060,11203052964,11,0,GGGGGGGGGGGr,r,False,True,False,11
34.5,NODE_122781,11203041635,4,0,GGGGr,r,False,True,False,4
34.5,NODE_14937,11139418723,2,0,GGr,r,False,True,False,2
34.5,NODE_5647,10974501473,4,0,GGGGr,r,False,True,False,4
34.5,NODE_6342,11203041633,9,0,GGGGGGGGGr,r,False,True,False,9
34.5,NODE_5938,5851251266,16,0,gGGGGGGGGrrrrrrrG,G,True,False,False,9
35.0,NODE_10060,11203052964,11,0,GGGGGGGGGGGr,r,False,True,False,11
35.0,NODE_122781,11203041635,4,0,GGGGr,r,False,True,False,4
35.0,NODE_14937,11139418723,2,0,GGr,r,False,True,False,2
35.0,NODE_5647,10974501473,4,0,GGGGr,r,False,True,False,4
35.0,NODE_6342,11203041633,9,0,GGGGGGGGGr,r,False,True,False,9
35.0,NODE_5938,5851251266,16,0,gGGGGGGGGrrrrrrrG,G,True,False,False,9
35.5,NODE_10060,11203052964,11,0,GGGGGGGGGGGr,r,False,True,False,11
35.5,NODE_122781,11203041635,4,0,GGGGr,r,False,True,False,4
35.5,NODE_14937,11139418723,2,0,GGr,r,False,True,False,2
35.5,NODE_5647,10974501473,4,0,GGGGr,r,False,True,False,4
35.5,NODE_6342,11203041633,9,0,GGGGGGGGGr,r,False,True,False,9
35.5,NODE_5938,5851251266,16,0,gGGGGGGGGrrrrrrrG,G,True,False,False,9
36.0,NODE_10060,11203052964,11,0,GGGGGGGGGGGr,r,False,True,False,11
36.0,NODE_122781,11203041635,4,0,GGGGr,r,False,True,False,4
36.0,NODE_14937,11139418723,2,0,GGr,r,False,True,False,2
36.0,NODE_5647,10974501473,4,0,GGGGr,r,False,True,False,4
36.0,NODE_6342,11203041633,9,0,GGGGGGGGGr,r,False,True,False,9
36.0,NODE_5938,5851251266,16,0,gGGGGGGGGrrrrrrrG,G,True,False,False,9
36.5,NODE_10060,11203052964,11,0,GGGGGGGGGGGr,r,False,True,False,11
36.5,NODE_122781,11203041635,4,0,GGGGr,r,False,True,False,4
36.5,NODE_14937,11139418723,2,0,GGr,r,False,True,False,2
36.5,NODE_5647,10974501473,4,0,GGGGr,r,False,True,False,4
36.5,NODE_6342,11203041633,9,0,GGGGGGGGGr,r,False,True,False,9
36.5,NODE_5938,5851251266,16,0,gGGGGGGGGrrrrrrrG,G,True,False,False,9
37.0,NODE_10060,11203052964,11,0,GGGGGGGGGGGr,r,False,True,False,11
37.0,NODE_122781,11203041635,4,0,GGGGr,r,False,True,False,4
37.0,NODE_14937,11139418723,2,0,GGr,r,False,True,False,2
37.0,NODE_5647,10974501473,4,0,GGGGr,r,False,True,False,4
37.0,NODE_6342,11203041633,9,0,GGGGGGGGGr,r,False,True,False,9
37.0,NODE_5938,5851251266,16,0,gGGGGGGGGrrrrrrrG,G,True,False,False,9
37.5,NODE_10060,11203052964,11,0,GGGGGGGGGGGr,r,False,True,False,11
37.5,NODE_122781,11203041635,4,0,GGGGr,r,False,True,False,4
37.5,NODE_14937,11139418723,2,0,GGr,r,False,True,False,2
37.5,NODE_5647,10974501473,4,0,GGGGr,r,False,True,False,4
37.5,NODE_6342,11203041633,9,0,GGGGGGGGGr,r,False,True,False,9
37.5,NODE_5938,5851251266,16,0,gGGGGGGGGrrrrrrrG,G,True,False,False,9
38.0,NODE_10060,11203052964,11,0,GGGGGGGGGGGr,r,False,True,False,11
38.0,NODE_122781,11203041635,4,0,GGGGr,r,False,True,False,4
38.0,NODE_14937,11139418723,2,0,GGr,r,False,True,False,2
38.0,NODE_5647,10974501473,4,0,GGGGr,r,False,True,False,4
38.0,NODE_6342,11203041633,9,0,GGGGGGGGGr,r,False,True,False,9
38.0,NODE_5938,5851251266,16,0,gGGGGGGGGrrrrrrrG,G,True,False,False,9
38.5,NODE_10060,11203052964,11,0,GGGGGGGGGGGr,r,False,True,False,11
38.5,NODE_122781,11203041635,4,0,GGGGr,r,False,True,False,4
38.5,NODE_14937,11139418723,2,0,GGr,r,False,True,False,2
38.5,NODE_5647,10974501473,4,0,GGGGr,r,False,True,False,4
38.5,NODE_6342,11203041633,9,0,GGGGGGGGGr,r,False,True,False,9
38.5,NODE_5938,5851251266,16,1,gGGGGGGGGrrrrrrrr,r,False,True,False,9
39.0,NODE_10060,11203052964,11,0,GGGGGGGGGGGr,r,False,True,False,11
39.0,NODE_122781,11203041635,4,0,GGGGr,r,False,True,False,4
39.0,NODE_14937,11139418723,2,0,GGr,r,False,True,False,2
39.0,NODE_5647,10974501473,4,0,GGGGr,r,False,True,False,4
39.0,NODE_6342,11203041633,9,0,GGGGGGGGGr,r,False,True,False,9
39.0,NODE_5938,5851251266,16,1,gGGGGGGGGrrrrrrrr,r,False,True,False,9
39.5,NODE_10060,11203052964,11,0,GGGGGGGGGGGr,r,False,True,False,11
39.5,NODE_122781,11203041635,4,0,GGGGr,r,False,True,False,4
39.5,NODE_14937,11139418723,2,0,GGr,r,False,True,False,2
39.5,NODE_5647,10974501473,4,0,GGGGr,r,False,True,False,4
39.5,NODE_6342,11203041633,9,0,GGGGGGGGGr,r,False,True,False,9
39.5,NODE_5938,5851251266,16,1,gGGGGGGGGrrrrrrrr,r,False,True,False,9
40.0,NODE_10060,11203052964,11,0,GGGGGGGGGGGr,r,False,True,False,11
40.0,NODE_122781,11203041635,4,0,GGGGr,r,False,True,False,4
40.0,NODE_14937,11139418723,2,0,GGr,r,False,True,False,2
40.0,NODE_5647,10974501473,4,0,GGGGr,r,False,True,False,4
40.0,NODE_6342,11203041633,9,0,GGGGGGGGGr,r,False,True,False,9
40.0,NODE_5938,5851251266,16,1,gGGGGGGGGrrrrrrrr,r,False,True,False,9
40.5,NODE_10060,11203052964,11,0,GGGGGGGGGGGr,r,False,True,False,11
40.5,NODE_122781,11203041635,4,0,GGGGr,r,False,True,False,4
40.5,NODE_14937,11139418723,2,0,GGr,r,False,True,False,2
40.5,NODE_5647,10974501473,4,0,GGGGr,r,False,True,False,4
40.5,NODE_6342,11203041633,9,0,GGGGGGGGGr,r,False,True,False,9
40.5,NODE_5938,5851251266,16,1,gGGGGGGGGrrrrrrrr,r,False,True,False,9
41.0,NODE_10060,11203052964,11,0,GGGGGGGGGGGr,r,False,True,False,11
41.0,NODE_122781,11203041635,4,0,GGGGr,r,False,True,False,4
41.0,NODE_14937,11139418723,2,0,GGr,r,False,True,False,2
41.0,NODE_5647,10974501473,4,0,GGGGr,r,False,True,False,4
41.0,NODE_6342,11203041633,9,0,GGGGGGGGGr,r,False,True,False,9
41.0,NODE_5938,5851251266,16,1,gGGGGGGGGrrrrrrrr,r,False,True,False,9
41.5,NODE_10060,11203052964,11,0,GGGGGGGGGGGr,r,False,True,False,11
41.5,NODE_122781,11203041635,4,0,GGGGr,r,False,True,False,4
41.5,NODE_14937,11139418723,2,0,GGr,r,False,True,False,2
41.5,NODE_5647,10974501473,4,0,GGGGr,r,False,True,False,4
41.5,NODE_6342,11203041633,9,0,GGGGGGGGGr,r,False,True,False,9
41.5,NODE_5938,5851251266,16,2,Gyyyyyyyyrrrrrrrr,r,False,True,False,1
42.0,NODE_10060,11203052964,11,0,GGGGGGGGGGGr,r,False,True,False,11
42.0,NODE_122781,11203041635,4,0,GGGGr,r,False,True,False,4
42.0,NODE_14937,11139418723,2,0,GGr,r,False,True,False,2
42.0,NODE_5647,10974501473,4,0,GGGGr,r,False,True,False,4
42.0,NODE_6342,11203041633,9,0,GGGGGGGGGr,r,False,True,False,9
42.0,NODE_5938,5851251266,16,2,Gyyyyyyyyrrrrrrrr,r,False,True,False,1
42.5,NODE_10060,11203052964,11,0,GGGGGGGGGGGr,r,False,True,False,11
42.5,NODE_122781,11203041635,4,0,GGGGr,r,False,True,False,4
42.5,NODE_14937,11139418723,2,0,GGr,r,False,True,False,2
42.5,NODE_5647,10974501473,4,0,GGGGr,r,False,True,False,4
42.5,NODE_6342,11203041633,9,0,GGGGGGGGGr,r,False,True,False,9
42.5,NODE_5938,5851251266,16,2,Gyyyyyyyyrrrrrrrr,r,False,True,False,1
43.0,NODE_10060,11203052964,11,0,GGGGGGGGGGGr,r,False,True,False,11
43.0,NODE_122781,11203041635,4,0,GGGGr,r,False,True,False,4
43.0,NODE_14937,11139418723,2,0,GGr,r,False,True,False,2
43.0,NODE_5647,10974501473,4,0,GGGGr,r,False,True,False,4
43.0,NODE_6342,11203041633,9,0,GGGGGGGGGr,r,False,True,False,9
43.0,NODE_5938,5851251266,16,2,Gyyyyyyyyrrrrrrrr,r,False,True,False,1
43.5,NODE_10060,11203052964,11,0,GGGGGGGGGGGr,r,False,True,False,11
43.5,NODE_122781,11203041635,4,0,GGGGr,r,False,True,False,4
43.5,NODE_14937,11139418723,2,0,GGr,r,False,True,False,2
43.5,NODE_5647,10974501473,4,0,GGGGr,r,False,True,False,4
43.5,NODE_6342,11203041633,9,0,GGGGGGGGGr,r,False,True,False,9
43.5,NODE_5938,5851251266,16,2,Gyyyyyyyyrrrrrrrr,r,False,True,False,1
44.0,NODE_10060,11203052964,11,0,GGGGGGGGGGGr,r,False,True,False,11
44.0,NODE_122781,11203041635,4,0,GGGGr,r,False,True,False,4
44.0,NODE_14937,11139418723,2,0,GGr,r,False,True,False,2
44.0,NODE_5647,10974501473,4,0,GGGGr,r,False,True,False,4
44.0,NODE_6342,11203041633,9,0,GGGGGGGGGr,r,False,True,False,9
44.0,NODE_5938,5851251266,16,2,Gyyyyyyyyrrrrrrrr,r,False,True,False,1
44.5,NODE_10060,11203052964,11,0,GGGGGGGGGGGr,r,False,True,False,11
44.5,NODE_122781,11203041635,4,0,GGGGr,r,False,True,False,4
44.5,NODE_14937,11139418723,2,0,GGr,r,False,True,False,2
44.5,NODE_5647,10974501473,4,0,GGGGr,r,False,True,False,4
44.5,NODE_6342,11203041633,9,0,GGGGGGGGGr,r,False,True,False,9
44.5,NODE_5938,5851251266,16,2,Gyyyyyyyyrrrrrrrr,r,False,True,False,1
45.0,NODE_10060,11203052964,11,0,GGGGGGGGGGGr,r,False,True,False,11
45.0,NODE_122781,11203041635,4,0,GGGGr,r,False,True,False,4
45.0,NODE_14937,11139418723,2,0,GGr,r,False,True,False,2
45.0,NODE_5647,10974501473,4,0,GGGGr,r,False,True,False,4
45.0,NODE_6342,11203041633,9,0,GGGGGGGGGr,r,False,True,False,9
45.0,NODE_5938,5851251266,16,2,Gyyyyyyyyrrrrrrrr,r,False,True,False,1
45.5,NODE_10060,11203052964,11,0,GGGGGGGGGGGr,r,False,True,False,11
45.5,NODE_122781,11203041635,4,0,GGGGr,r,False,True,False,4
45.5,NODE_14937,11139418723,2,0,GGr,r,False,True,False,2
45.5,NODE_5647,10974501473,4,0,GGGGr,r,False,True,False,4
45.5,NODE_6342,11203041633,9,0,GGGGGGGGGr,r,False,True,False,9
45.5,NODE_5938,5851251266,16,3,GrrrrrrrrGGGGGGgr,r,False,True,False,8
46.0,NODE_10060,11203052964,11,0,GGGGGGGGGGGr,r,False,True,False,11
46.0,NODE_122781,11203041635,4,0,GGGGr,r,False,True,False,4
46.0,NODE_14937,11139418723,2,0,GGr,r,False,True,False,2
46.0,NODE_5647,10974501473,4,0,GGGGr,r,False,True,False,4
46.0,NODE_6342,11203041633,9,0,GGGGGGGGGr,r,False,True,False,9
46.0,NODE_5938,5851251266,16,3,GrrrrrrrrGGGGGGgr,r,False,True,False,8
46.5,NODE_10060,11203052964,11,0,GGGGGGGGGGGr,r,False,True,False,11
46.5,NODE_122781,11203041635,4,0,GGGGr,r,False,True,False,4
46.5,NODE_14937,11139418723,2,0,GGr,r,False,True,False,2
46.5,NODE_5647,10974501473,4,0,GGGGr,r,False,True,False,4
46.5,NODE_6342,11203041633,9,0,GGGGGGGGGr,r,False,True,False,9
46.5,NODE_5938,5851251266,16,3,GrrrrrrrrGGGGGGgr,r,False,True,False,8
47.0,NODE_10060,11203052964,11,0,GGGGGGGGGGGr,r,False,True,False,11
47.0,NODE_122781,11203041635,4,0,GGGGr,r,False,True,False,4
47.0,NODE_14937,11139418723,2,0,GGr,r,False,True,False,2
47.0,NODE_5647,10974501473,4,0,GGGGr,r,False,True,False,4
47.0,NODE_6342,11203041633,9,0,GGGGGGGGGr,r,False,True,False,9
47.0,NODE_5938,5851251266,16,3,GrrrrrrrrGGGGGGgr,r,False,True,False,8
47.5,NODE_10060,11203052964,11,0,GGGGGGGGGGGr,r,False,True,False,11
47.5,NODE_122781,11203041635,4,0,GGGGr,r,False,True,False,4
47.5,NODE_14937,11139418723,2,0,GGr,r,False,True,False,2
47.5,NODE_5647,10974501473,4,0,GGGGr,r,False,True,False,4
47.5,NODE_6342,11203041633,9,0,GGGGGGGGGr,r,False,True,False,9
47.5,NODE_5938,5851251266,16,3,GrrrrrrrrGGGGGGgr,r,False,True,False,8
48.0,NODE_10060,11203052964,11,0,GGGGGGGGGGGr,r,False,True,False,11
48.0,NODE_122781,11203041635,4,0,GGGGr,r,False,True,False,4
48.0,NODE_14937,11139418723,2,0,GGr,r,False,True,False,2
48.0,NODE_5647,10974501473,4,0,GGGGr,r,False,True,False,4
48.0,NODE_6342,11203041633,9,0,GGGGGGGGGr,r,False,True,False,9
48.0,NODE_5938,5851251266,16,3,GrrrrrrrrGGGGGGgr,r,False,True,False,8
48.5,NODE_10060,11203052964,11,0,GGGGGGGGGGGr,r,False,True,False,11
48.5,NODE_122781,11203041635,4,0,GGGGr,r,False,True,False,4
48.5,NODE_14937,11139418723,2,0,GGr,r,False,True,False,2
48.5,NODE_5647,10974501473,4,0,GGGGr,r,False,True,False,4
48.5,NODE_6342,11203041633,9,0,GGGGGGGGGr,r,False,True,False,9
48.5,NODE_5938,5851251266,16,3,GrrrrrrrrGGGGGGgr,r,False,True,False,8
49.0,NODE_10060,11203052964,11,0,GGGGGGGGGGGr,r,False,True,False,11
49.0,NODE_122781,11203041635,4,0,GGGGr,r,False,True,False,4
49.0,NODE_14937,11139418723,2,0,GGr,r,False,True,False,2
49.0,NODE_5647,10974501473,4,0,GGGGr,r,False,True,False,4
49.0,NODE_6342,11203041633,9,0,GGGGGGGGGr,r,False,True,False,9
49.0,NODE_5938,5851251266,16,3,GrrrrrrrrGGGGGGgr,r,False,True,False,8
49.5,NODE_10060,11203052964,11,0,GGGGGGGGGGGr,r,False,True,False,11
49.5,NODE_122781,11203041635,4,0,GGGGr,r,False,True,False,4
49.5,NODE_14937,11139418723,2,0,GGr,r,False,True,False,2
49.5,NODE_5647,10974501473,4,0,GGGGr,r,False,True,False,4
49.5,NODE_6342,11203041633,9,0,GGGGGGGGGr,r,False,True,False,9
49.5,NODE_5938,5851251266,16,3,GrrrrrrrrGGGGGGgr,r,False,True,False,8
50.0,NODE_10060,11203052964,11,0,GGGGGGGGGGGr,r,False,True,False,11
50.0,NODE_122781,11203041635,4,0,GGGGr,r,False,True,False,4
50.0,NODE_14937,11139418723,2,0,GGr,r,False,True,False,2
50.0,NODE_5647,10974501473,4,0,GGGGr,r,False,True,False,4
50.0,NODE_6342,11203041633,9,0,GGGGGGGGGr,r,False,True,False,9
50.0,NODE_5938,5851251266,16,3,GrrrrrrrrGGGGGGgr,r,False,True,False,8
50.5,NODE_10060,11203052964,11,0,GGGGGGGGGGGr,r,False,True,False,11
50.5,NODE_122781,11203041635,4,0,GGGGr,r,False,True,False,4
50.5,NODE_14937,11139418723,2,0,GGr,r,False,True,False,2
50.5,NODE_5647,10974501473,4,0,GGGGr,r,False,True,False,4
50.5,NODE_6342,11203041633,9,0,GGGGGGGGGr,r,False,True,False,9
50.5,NODE_5938,5851251266,16,3,GrrrrrrrrGGGGGGgr,r,False,True,False,8
51.0,NODE_10060,11203052964,11,0,GGGGGGGGGGGr,r,False,True,False,11
51.0,NODE_122781,11203041635,4,0,GGGGr,r,False,True,False,4
51.0,NODE_14937,11139418723,2,0,GGr,r,False,True,False,2
51.0,NODE_5647,10974501473,4,0,GGGGr,r,False,True,False,4
51.0,NODE_6342,11203041633,9,0,GGGGGGGGGr,r,False,True,False,9
51.0,NODE_5938,5851251266,16,3,GrrrrrrrrGGGGGGgr,r,False,True,False,8
51.5,NODE_10060,11203052964,11,0,GGGGGGGGGGGr,r,False,True,False,11
51.5,NODE_122781,11203041635,4,0,GGGGr,r,False,True,False,4
51.5,NODE_14937,11139418723,2,0,GGr,r,False,True,False,2
51.5,NODE_5647,10974501473,4,0,GGGGr,r,False,True,False,4
51.5,NODE_6342,11203041633,9,0,GGGGGGGGGr,r,False,True,False,9
51.5,NODE_5938,5851251266,16,3,GrrrrrrrrGGGGGGgr,r,False,True,False,8
52.0,NODE_10060,11203052964,11,0,GGGGGGGGGGGr,r,False,True,False,11
52.0,NODE_122781,11203041635,4,0,GGGGr,r,False,True,False,4
52.0,NODE_14937,11139418723,2,0,GGr,r,False,True,False,2
52.0,NODE_5647,10974501473,4,0,GGGGr,r,False,True,False,4
52.0,NODE_6342,11203041633,9,0,GGGGGGGGGr,r,False,True,False,9
52.0,NODE_5938,5851251266,16,3,GrrrrrrrrGGGGGGgr,r,False,True,False,8
52.5,NODE_10060,11203052964,11,0,GGGGGGGGGGGr,r,False,True,False,11
52.5,NODE_122781,11203041635,4,0,GGGGr,r,False,True,False,4
52.5,NODE_14937,11139418723,2,0,GGr,r,False,True,False,2
52.5,NODE_5647,10974501473,4,0,GGGGr,r,False,True,False,4
52.5,NODE_6342,11203041633,9,0,GGGGGGGGGr,r,False,True,False,9
52.5,NODE_5938,5851251266,16,3,GrrrrrrrrGGGGGGgr,r,False,True,False,8
53.0,NODE_10060,11203052964,11,0,GGGGGGGGGGGr,r,False,True,False,11
53.0,NODE_122781,11203041635,4,0,GGGGr,r,False,True,False,4
53.0,NODE_14937,11139418723,2,0,GGr,r,False,True,False,2
53.0,NODE_5647,10974501473,4,0,GGGGr,r,False,True,False,4
53.0,NODE_6342,11203041633,9,0,GGGGGGGGGr,r,False,True,False,9
53.0,NODE_5938,5851251266,16,3,GrrrrrrrrGGGGGGgr,r,False,True,False,8
53.5,NODE_10060,11203052964,11,0,GGGGGGGGGGGr,r,False,True,False,11
53.5,NODE_122781,11203041635,4,0,GGGGr,r,False,True,False,4
53.5,NODE_14937,11139418723,2,0,GGr,r,False,True,False,2
53.5,NODE_5647,10974501473,4,0,GGGGr,r,False,True,False,4
53.5,NODE_6342,11203041633,9,0,GGGGGGGGGr,r,False,True,False,9
53.5,NODE_5938,5851251266,16,3,GrrrrrrrrGGGGGGgr,r,False,True,False,8
54.0,NODE_10060,11203052964,11,0,GGGGGGGGGGGr,r,False,True,False,11
54.0,NODE_122781,11203041635,4,0,GGGGr,r,False,True,False,4
54.0,NODE_14937,11139418723,2,0,GGr,r,False,True,False,2
54.0,NODE_5647,10974501473,4,0,GGGGr,r,False,True,False,4
54.0,NODE_6342,11203041633,9,0,GGGGGGGGGr,r,False,True,False,9
54.0,NODE_5938,5851251266,16,3,GrrrrrrrrGGGGGGgr,r,False,True,False,8
54.5,NODE_10060,11203052964,11,0,GGGGGGGGGGGr,r,False,True,False,11
54.5,NODE_122781,11203041635,4,0,GGGGr,r,False,True,False,4
54.5,NODE_14937,11139418723,2,0,GGr,r,False,True,False,2
54.5,NODE_5647,10974501473,4,0,GGGGr,r,False,True,False,4
54.5,NODE_6342,11203041633,9,0,GGGGGGGGGr,r,False,True,False,9
54.5,NODE_5938,5851251266,16,3,GrrrrrrrrGGGGGGgr,r,False,True,False,8
55.0,NODE_10060,11203052964,11,0,GGGGGGGGGGGr,r,False,True,False,11
55.0,NODE_122781,11203041635,4,0,GGGGr,r,False,True,False,4
55.0,NODE_14937,11139418723,2,0,GGr,r,False,True,False,2
55.0,NODE_5647,10974501473,4,0,GGGGr,r,False,True,False,4
55.0,NODE_6342,11203041633,9,0,GGGGGGGGGr,r,False,True,False,9
55.0,NODE_5938,5851251266,16,3,GrrrrrrrrGGGGGGgr,r,False,True,False,8
55.5,NODE_10060,11203052964,11,0,GGGGGGGGGGGr,r,False,True,False,11
55.5,NODE_122781,11203041635,4,0,GGGGr,r,False,True,False,4
55.5,NODE_14937,11139418723,2,0,GGr,r,False,True,False,2
55.5,NODE_5647,10974501473,4,0,GGGGr,r,False,True,False,4
55.5,NODE_6342,11203041633,9,0,GGGGGGGGGr,r,False,True,False,9
55.5,NODE_5938,5851251266,16,3,GrrrrrrrrGGGGGGgr,r,False,True,False,8
56.0,NODE_10060,11203052964,11,0,GGGGGGGGGGGr,r,False,True,False,11
56.0,NODE_122781,11203041635,4,0,GGGGr,r,False,True,False,4
56.0,NODE_14937,11139418723,2,0,GGr,r,False,True,False,2
56.0,NODE_5647,10974501473,4,0,GGGGr,r,False,True,False,4
56.0,NODE_6342,11203041633,9,0,GGGGGGGGGr,r,False,True,False,9
56.0,NODE_5938,5851251266,16,3,GrrrrrrrrGGGGGGgr,r,False,True,False,8
56.5,NODE_10060,11203052964,11,0,GGGGGGGGGGGr,r,False,True,False,11
56.5,NODE_122781,11203041635,4,0,GGGGr,r,False,True,False,4
56.5,NODE_14937,11139418723,2,0,GGr,r,False,True,False,2
56.5,NODE_5647,10974501473,4,0,GGGGr,r,False,True,False,4
56.5,NODE_6342,11203041633,9,0,GGGGGGGGGr,r,False,True,False,9
56.5,NODE_5938,5851251266,16,3,GrrrrrrrrGGGGGGgr,r,False,True,False,8
57.0,NODE_10060,11203052964,11,0,GGGGGGGGGGGr,r,False,True,False,11
57.0,NODE_122781,11203041635,4,0,GGGGr,r,False,True,False,4
57.0,NODE_14937,11139418723,2,0,GGr,r,False,True,False,2
57.0,NODE_5647,10974501473,4,0,GGGGr,r,False,True,False,4
57.0,NODE_6342,11203041633,9,0,GGGGGGGGGr,r,False,True,False,9
57.0,NODE_5938,5851251266,16,3,GrrrrrrrrGGGGGGgr,r,False,True,False,8
57.5,NODE_10060,11203052964,11,0,GGGGGGGGGGGr,r,False,True,False,11
57.5,NODE_122781,11203041635,4,0,GGGGr,r,False,True,False,4
57.5,NODE_14937,11139418723,2,0,GGr,r,False,True,False,2
57.5,NODE_5647,10974501473,4,0,GGGGr,r,False,True,False,4
57.5,NODE_6342,11203041633,9,0,GGGGGGGGGr,r,False,True,False,9
57.5,NODE_5938,5851251266,16,3,GrrrrrrrrGGGGGGgr,r,False,True,False,8
58.0,NODE_10060,11203052964,11,0,GGGGGGGGGGGr,r,False,True,False,11
58.0,NODE_122781,11203041635,4,0,GGGGr,r,False,True,False,4
58.0,NODE_14937,11139418723,2,0,GGr,r,False,True,False,2
58.0,NODE_5647,10974501473,4,0,GGGGr,r,False,True,False,4
58.0,NODE_6342,11203041633,9,0,GGGGGGGGGr,r,False,True,False,9
58.0,NODE_5938,5851251266,16,3,GrrrrrrrrGGGGGGgr,r,False,True,False,8
58.5,NODE_10060,11203052964,11,0,GGGGGGGGGGGr,r,False,True,False,11
58.5,NODE_122781,11203041635,4,0,GGGGr,r,False,True,False,4
58.5,NODE_14937,11139418723,2,0,GGr,r,False,True,False,2
58.5,NODE_5647,10974501473,4,0,GGGGr,r,False,True,False,4
58.5,NODE_6342,11203041633,9,0,GGGGGGGGGr,r,False,True,False,9
58.5,NODE_5938,5851251266,16,3,GrrrrrrrrGGGGGGgr,r,False,True,False,8
59.0,NODE_10060,11203052964,11,0,GGGGGGGGGGGr,r,False,True,False,11
59.0,NODE_122781,11203041635,4,0,GGGGr,r,False,True,False,4
59.0,NODE_14937,11139418723,2,0,GGr,r,False,True,False,2
59.0,NODE_5647,10974501473,4,0,GGGGr,r,False,True,False,4
59.0,NODE_6342,11203041633,9,0,GGGGGGGGGr,r,False,True,False,9
59.0,NODE_5938,5851251266,16,3,GrrrrrrrrGGGGGGgr,r,False,True,False,8
59.5,NODE_10060,11203052964,11,0,GGGGGGGGGGGr,r,False,True,False,11
59.5,NODE_122781,11203041635,4,0,GGGGr,r,False,True,False,4
59.5,NODE_14937,11139418723,2,0,GGr,r,False,True,False,2
59.5,NODE_5647,10974501473,4,0,GGGGr,r,False,True,False,4
59.5,NODE_6342,11203041633,9,0,GGGGGGGGGr,r,False,True,False,9
59.5,NODE_5938,5851251266,16,3,GrrrrrrrrGGGGGGgr,r,False,True,False,8
60.0,NODE_10060,11203052964,11,0,GGGGGGGGGGGr,r,False,True,False,11
60.0,NODE_122781,11203041635,4,0,GGGGr,r,False,True,False,4
60.0,NODE_14937,11139418723,2,0,GGr,r,False,True,False,2
60.0,NODE_5647,10974501473,4,0,GGGGr,r,False,True,False,4
60.0,NODE_6342,11203041633,9,0,GGGGGGGGGr,r,False,True,False,9
60.0,NODE_5938,5851251266,16,3,GrrrrrrrrGGGGGGgr,r,False,True,False,8
60.5,NODE_10060,11203052964,11,0,GGGGGGGGGGGr,r,False,True,False,11
60.5,NODE_122781,11203041635,4,0,GGGGr,r,False,True,False,4
60.5,NODE_14937,11139418723,2,0,GGr,r,False,True,False,2
60.5,NODE_5647,10974501473,4,0,GGGGr,r,False,True,False,4
60.5,NODE_6342,11203041633,9,0,GGGGGGGGGr,r,False,True,False,9
60.5,NODE_5938,5851251266,16,3,GrrrrrrrrGGGGGGgr,r,False,True,False,8
61.0,NODE_10060,11203052964,11,0,GGGGGGGGGGGr,r,False,True,False,11
61.0,NODE_122781,11203041635,4,0,GGGGr,r,False,True,False,4
61.0,NODE_14937,11139418723,2,0,GGr,r,False,True,False,2
61.0,NODE_5647,10974501473,4,0,GGGGr,r,False,True,False,4
61.0,NODE_6342,11203041633,9,0,GGGGGGGGGr,r,False,True,False,9
61.0,NODE_5938,5851251266,16,3,GrrrrrrrrGGGGGGgr,r,False,True,False,8
61.5,NODE_10060,11203052964,11,0,GGGGGGGGGGGr,r,False,True,False,11
61.5,NODE_122781,11203041635,4,0,GGGGr,r,False,True,False,4
61.5,NODE_14937,11139418723,2,0,GGr,r,False,True,False,2
61.5,NODE_5647,10974501473,4,0,GGGGr,r,False,True,False,4
61.5,NODE_6342,11203041633,9,0,GGGGGGGGGr,r,False,True,False,9
61.5,NODE_5938,5851251266,16,3,GrrrrrrrrGGGGGGgr,r,False,True,False,8
62.0,NODE_10060,11203052964,11,0,GGGGGGGGGGGr,r,False,True,False,11
62.0,NODE_122781,11203041635,4,0,GGGGr,r,False,True,False,4
62.0,NODE_14937,11139418723,2,0,GGr,r,False,True,False,2
62.0,NODE_5647,10974501473,4,0,GGGGr,r,False,True,False,4
62.0,NODE_6342,11203041633,9,0,GGGGGGGGGr,r,False,True,False,9
62.0,NODE_5938,5851251266,16,3,GrrrrrrrrGGGGGGgr,r,False,True,False,8
62.5,NODE_10060,11203052964,11,0,GGGGGGGGGGGr,r,False,True,False,11
62.5,NODE_122781,11203041635,4,0,GGGGr,r,False,True,False,4
62.5,NODE_14937,11139418723,2,0,GGr,r,False,True,False,2
62.5,NODE_5647,10974501473,4,0,GGGGr,r,False,True,False,4
62.5,NODE_6342,11203041633,9,0,GGGGGGGGGr,r,False,True,False,9
62.5,NODE_5938,5851251266,16,3,GrrrrrrrrGGGGGGgr,r,False,True,False,8
63.0,NODE_10060,11203052964,11,0,GGGGGGGGGGGr,r,False,True,False,11
63.0,NODE_122781,11203041635,4,0,GGGGr,r,False,True,False,4
63.0,NODE_14937,11139418723,2,0,GGr,r,False,True,False,2
63.0,NODE_5647,10974501473,4,0,GGGGr,r,False,True,False,4
63.0,NODE_6342,11203041633,9,0,GGGGGGGGGr,r,False,True,False,9
63.0,NODE_5938,5851251266,16,3,GrrrrrrrrGGGGGGgr,r,False,True,False,8
63.5,NODE_10060,11203052964,11,0,GGGGGGGGGGGr,r,False,True,False,11
63.5,NODE_122781,11203041635,4,0,GGGGr,r,False,True,False,4
63.5,NODE_14937,11139418723,2,0,GGr,r,False,True,False,2
63.5,NODE_5647,10974501473,4,0,GGGGr,r,False,True,False,4
63.5,NODE_6342,11203041633,9,0,GGGGGGGGGr,r,False,True,False,9
63.5,NODE_5938,5851251266,16,3,GrrrrrrrrGGGGGGgr,r,False,True,False,8
64.0,NODE_10060,11203052964,11,0,GGGGGGGGGGGr,r,False,True,False,11
64.0,NODE_122781,11203041635,4,0,GGGGr,r,False,True,False,4
64.0,NODE_14937,11139418723,2,0,GGr,r,False,True,False,2
64.0,NODE_5647,10974501473,4,0,GGGGr,r,False,True,False,4
64.0,NODE_6342,11203041633,9,0,GGGGGGGGGr,r,False,True,False,9
64.0,NODE_5938,5851251266,16,3,GrrrrrrrrGGGGGGgr,r,False,True,False,8
64.5,NODE_10060,11203052964,11,0,GGGGGGGGGGGr,r,False,True,False,11
64.5,NODE_122781,11203041635,4,0,GGGGr,r,False,True,False,4
64.5,NODE_14937,11139418723,2,0,GGr,r,False,True,False,2
64.5,NODE_5647,10974501473,4,0,GGGGr,r,False,True,False,4
64.5,NODE_6342,11203041633,9,0,GGGGGGGGGr,r,False,True,False,9
64.5,NODE_5938,5851251266,16,3,GrrrrrrrrGGGGGGgr,r,False,True,False,8
65.0,NODE_10060,11203052964,11,0,GGGGGGGGGGGr,r,False,True,False,11
65.0,NODE_122781,11203041635,4,0,GGGGr,r,False,True,False,4
65.0,NODE_14937,11139418723,2,0,GGr,r,False,True,False,2
65.0,NODE_5647,10974501473,4,0,GGGGr,r,False,True,False,4
65.0,NODE_6342,11203041633,9,0,GGGGGGGGGr,r,False,True,False,9
65.0,NODE_5938,5851251266,16,3,GrrrrrrrrGGGGGGgr,r,False,True,False,8
65.5,NODE_10060,11203052964,11,0,GGGGGGGGGGGr,r,False,True,False,11
65.5,NODE_122781,11203041635,4,0,GGGGr,r,False,True,False,4
65.5,NODE_14937,11139418723,2,0,GGr,r,False,True,False,2
65.5,NODE_5647,10974501473,4,0,GGGGr,r,False,True,False,4
65.5,NODE_6342,11203041633,9,0,GGGGGGGGGr,r,False,True,False,9
65.5,NODE_5938,5851251266,16,3,GrrrrrrrrGGGGGGgr,r,False,True,False,8
66.0,NODE_10060,11203052964,11,0,GGGGGGGGGGGr,r,False,True,False,11
66.0,NODE_122781,11203041635,4,0,GGGGr,r,False,True,False,4
66.0,NODE_14937,11139418723,2,0,GGr,r,False,True,False,2
66.0,NODE_5647,10974501473,4,0,GGGGr,r,False,True,False,4
66.0,NODE_6342,11203041633,9,0,GGGGGGGGGr,r,False,True,False,9
66.0,NODE_5938,5851251266,16,3,GrrrrrrrrGGGGGGgr,r,False,True,False,8
66.5,NODE_10060,11203052964,11,0,GGGGGGGGGGGr,r,False,True,False,11
66.5,NODE_122781,11203041635,4,0,GGGGr,r,False,True,False,4
66.5,NODE_14937,11139418723,2,0,GGr,r,False,True,False,2
66.5,NODE_5647,10974501473,4,0,GGGGr,r,False,True,False,4
66.5,NODE_6342,11203041633,9,0,GGGGGGGGGr,r,False,True,False,9
66.5,NODE_5938,5851251266,16,3,GrrrrrrrrGGGGGGgr,r,False,True,False,8
67.0,NODE_10060,11203052964,11,0,GGGGGGGGGGGr,r,False,True,False,11
67.0,NODE_122781,11203041635,4,0,GGGGr,r,False,True,False,4
67.0,NODE_14937,11139418723,2,0,GGr,r,False,True,False,2
67.0,NODE_5647,10974501473,4,0,GGGGr,r,False,True,False,4
67.0,NODE_6342,11203041633,9,0,GGGGGGGGGr,r,False,True,False,9
67.0,NODE_5938,5851251266,16,3,GrrrrrrrrGGGGGGgr,r,False,True,False,8
67.5,NODE_10060,11203052964,11,0,GGGGGGGGGGGr,r,False,True,False,11
67.5,NODE_122781,11203041635,4,0,GGGGr,r,False,True,False,4
67.5,NODE_14937,11139418723,2,0,GGr,r,False,True,False,2
67.5,NODE_5647,10974501473,4,0,GGGGr,r,False,True,False,4
67.5,NODE_6342,11203041633,9,0,GGGGGGGGGr,r,False,True,False,9
67.5,NODE_5938,5851251266,16,3,GrrrrrrrrGGGGGGgr,r,False,True,False,8
68.0,NODE_10060,11203052964,11,0,GGGGGGGGGGGr,r,False,True,False,11
68.0,NODE_122781,11203041635,4,0,GGGGr,r,False,True,False,4
68.0,NODE_14937,11139418723,2,0,GGr,r,False,True,False,2
68.0,NODE_5647,10974501473,4,0,GGGGr,r,False,True,False,4
68.0,NODE_6342,11203041633,9,0,GGGGGGGGGr,r,False,True,False,9
68.0,NODE_5938,5851251266,16,3,GrrrrrrrrGGGGGGgr,r,False,True,False,8
68.5,NODE_10060,11203052964,11,0,GGGGGGGGGGGr,r,False,True,False,11
68.5,NODE_122781,11203041635,4,0,GGGGr,r,False,True,False,4
68.5,NODE_14937,11139418723,2,0,GGr,r,False,True,False,2
68.5,NODE_5647,10974501473,4,0,GGGGr,r,False,True,False,4
68.5,NODE_6342,11203041633,9,0,GGGGGGGGGr,r,False,True,False,9
68.5,NODE_5938,5851251266,16,3,GrrrrrrrrGGGGGGgr,r,False,True,False,8
69.0,NODE_10060,11203052964,11,0,GGGGGGGGGGGr,r,False,True,False,11
69.0,NODE_122781,11203041635,4,0,GGGGr,r,False,True,False,4
69.0,NODE_14937,11139418723,2,0,GGr,r,False,True,False,2
69.0,NODE_5647,10974501473,4,0,GGGGr,r,False,True,False,4
69.0,NODE_6342,11203041633,9,0,GGGGGGGGGr,r,False,True,False,9
69.0,NODE_5938,5851251266,16,3,GrrrrrrrrGGGGGGgr,r,False,True,False,8
69.5,NODE_10060,11203052964,11,0,GGGGGGGGGGGr,r,False,True,False,11
69.5,NODE_122781,11203041635,4,0,GGGGr,r,False,True,False,4
69.5,NODE_14937,11139418723,2,0,GGr,r,False,True,False,2
69.5,NODE_5647,10974501473,4,0,GGGGr,r,False,True,False,4
69.5,NODE_6342,11203041633,9,0,GGGGGGGGGr,r,False,True,False,9
69.5,NODE_5938,5851251266,16,3,GrrrrrrrrGGGGGGgr,r,False,True,False,8
70.0,NODE_10060,11203052964,11,0,GGGGGGGGGGGr,r,False,True,False,11
70.0,NODE_122781,11203041635,4,0,GGGGr,r,False,True,False,4
70.0,NODE_14937,11139418723,2,0,GGr,r,False,True,False,2
70.0,NODE_5647,10974501473,4,0,GGGGr,r,False,True,False,4
70.0,NODE_6342,11203041633,9,0,GGGGGGGGGr,r,False,True,False,9
70.0,NODE_5938,5851251266,16,3,GrrrrrrrrGGGGGGgr,r,False,True,False,8
70.5,NODE_10060,11203052964,11,0,GGGGGGGGGGGr,r,False,True,False,11
70.5,NODE_122781,11203041635,4,0,GGGGr,r,False,True,False,4
70.5,NODE_14937,11139418723,2,0,GGr,r,False,True,False,2
70.5,NODE_5647,10974501473,4,0,GGGGr,r,False,True,False,4
70.5,NODE_6342,11203041633,9,0,GGGGGGGGGr,r,False,True,False,9
70.5,NODE_5938,5851251266,16,3,GrrrrrrrrGGGGGGgr,r,False,True,False,8
71.0,NODE_10060,11203052964,11,0,GGGGGGGGGGGr,r,False,True,False,11
71.0,NODE_122781,11203041635,4,0,GGGGr,r,False,True,False,4
71.0,NODE_14937,11139418723,2,0,GGr,r,False,True,False,2
71.0,NODE_5647,10974501473,4,0,GGGGr,r,False,True,False,4
71.0,NODE_6342,11203041633,9,0,GGGGGGGGGr,r,False,True,False,9
71.0,NODE_5938,5851251266,16,3,GrrrrrrrrGGGGGGgr,r,False,True,False,8
71.5,NODE_10060,11203052964,11,0,GGGGGGGGGGGr,r,False,True,False,11
71.5,NODE_122781,11203041635,4,0,GGGGr,r,False,True,False,4
71.5,NODE_14937,11139418723,2,0,GGr,r,False,True,False,2
71.5,NODE_5647,10974501473,4,0,GGGGr,r,False,True,False,4
71.5,NODE_6342,11203041633,9,0,GGGGGGGGGr,r,False,True,False,9
71.5,NODE_5938,5851251266,16,3,GrrrrrrrrGGGGGGgr,r,False,True,False,8
72.0,NODE_10060,11203052964,11,0,GGGGGGGGGGGr,r,False,True,False,11
72.0,NODE_122781,11203041635,4,0,GGGGr,r,False,True,False,4
72.0,NODE_14937,11139418723,2,0,GGr,r,False,True,False,2
72.0,NODE_5647,10974501473,4,0,GGGGr,r,False,True,False,4
72.0,NODE_6342,11203041633,9,0,GGGGGGGGGr,r,False,True,False,9
72.0,NODE_5938,5851251266,16,3,GrrrrrrrrGGGGGGgr,r,False,True,False,8
72.5,NODE_10060,11203052964,11,0,GGGGGGGGGGGr,r,False,True,False,11
72.5,NODE_122781,11203041635,4,0,GGGGr,r,False,True,False,4
72.5,NODE_14937,11139418723,2,0,GGr,r,False,True,False,2
72.5,NODE_5647,10974501473,4,0,GGGGr,r,False,True,False,4
72.5,NODE_6342,11203041633,9,0,GGGGGGGGGr,r,False,True,False,9
72.5,NODE_5938,5851251266,16,3,GrrrrrrrrGGGGGGgr,r,False,True,False,8
73.0,NODE_10060,11203052964,11,0,GGGGGGGGGGGr,r,False,True,False,11
73.0,NODE_122781,11203041635,4,0,GGGGr,r,False,True,False,4
73.0,NODE_14937,11139418723,2,0,GGr,r,False,True,False,2
73.0,NODE_5647,10974501473,4,0,GGGGr,r,False,True,False,4
73.0,NODE_6342,11203041633,9,0,GGGGGGGGGr,r,False,True,False,9
73.0,NODE_5938,5851251266,16,3,GrrrrrrrrGGGGGGgr,r,False,True,False,8
73.5,NODE_10060,11203052964,11,0,GGGGGGGGGGGr,r,False,True,False,11
73.5,NODE_122781,11203041635,4,0,GGGGr,r,False,True,False,4
73.5,NODE_14937,11139418723,2,0,GGr,r,False,True,False,2
73.5,NODE_5647,10974501473,4,0,GGGGr,r,False,True,False,4
73.5,NODE_6342,11203041633,9,0,GGGGGGGGGr,r,False,True,False,9
73.5,NODE_5938,5851251266,16,3,GrrrrrrrrGGGGGGgr,r,False,True,False,8
74.0,NODE_10060,11203052964,11,0,GGGGGGGGGGGr,r,False,True,False,11
74.0,NODE_122781,11203041635,4,0,GGGGr,r,False,True,False,4
74.0,NODE_14937,11139418723,2,0,GGr,r,False,True,False,2
74.0,NODE_5647,10974501473,4,0,GGGGr,r,False,True,False,4
74.0,NODE_6342,11203041633,9,0,GGGGGGGGGr,r,False,True,False,9
74.0,NODE_5938,5851251266,16,3,GrrrrrrrrGGGGGGgr,r,False,True,False,8
74.5,NODE_10060,11203052964,11,0,GGGGGGGGGGGr,r,False,True,False,11
74.5,NODE_122781,11203041635,4,0,GGGGr,r,False,True,False,4
74.5,NODE_14937,11139418723,2,0,GGr,r,False,True,False,2
74.5,NODE_5647,10974501473,4,0,GGGGr,r,False,True,False,4
74.5,NODE_6342,11203041633,9,0,GGGGGGGGGr,r,False,True,False,9
74.5,NODE_5938,5851251266,16,3,GrrrrrrrrGGGGGGgr,r,False,True,False,8
75.0,NODE_10060,11203052964,11,0,GGGGGGGGGGGr,r,False,True,False,11
75.0,NODE_122781,11203041635,4,0,GGGGr,r,False,True,False,4
75.0,NODE_14937,11139418723,2,0,GGr,r,False,True,False,2
75.0,NODE_5647,10974501473,4,0,GGGGr,r,False,True,False,4
75.0,NODE_6342,11203041633,9,0,GGGGGGGGGr,r,False,True,False,9
75.0,NODE_5938,5851251266,16,3,GrrrrrrrrGGGGGGgr,r,False,True,False,8
75.5,NODE_10060,11203052964,11,0,GGGGGGGGGGGr,r,False,True,False,11
75.5,NODE_122781,11203041635,4,0,GGGGr,r,False,True,False,4
75.5,NODE_14937,11139418723,2,0,GGr,r,False,True,False,2
75.5,NODE_5647,10974501473,4,0,GGGGr,r,False,True,False,4
75.5,NODE_6342,11203041633,9,0,GGGGGGGGGr,r,False,True,False,9
75.5,NODE_5938,5851251266,16,3,GrrrrrrrrGGGGGGgr,r,False,True,False,8
76.0,NODE_10060,11203052964,11,0,GGGGGGGGGGGr,r,False,True,False,11
76.0,NODE_122781,11203041635,4,0,GGGGr,r,False,True,False,4
76.0,NODE_14937,11139418723,2,0,GGr,r,False,True,False,2
76.0,NODE_5647,10974501473,4,0,GGGGr,r,False,True,False,4
76.0,NODE_6342,11203041633,9,0,GGGGGGGGGr,r,False,True,False,9
76.0,NODE_5938,5851251266,16,3,GrrrrrrrrGGGGGGgr,r,False,True,False,8
76.5,NODE_10060,11203052964,11,0,GGGGGGGGGGGr,r,False,True,False,11
76.5,NODE_122781,11203041635,4,0,GGGGr,r,False,True,False,4
76.5,NODE_14937,11139418723,2,0,GGr,r,False,True,False,2
76.5,NODE_5647,10974501473,4,0,GGGGr,r,False,True,False,4
76.5,NODE_6342,11203041633,9,0,GGGGGGGGGr,r,False,True,False,9
76.5,NODE_5938,5851251266,16,3,GrrrrrrrrGGGGGGgr,r,False,True,False,8
77.0,NODE_10060,11203052964,11,0,GGGGGGGGGGGr,r,False,True,False,11
77.0,NODE_122781,11203041635,4,0,GGGGr,r,False,True,False,4
77.0,NODE_14937,11139418723,2,0,GGr,r,False,True,False,2
77.0,NODE_5647,10974501473,4,0,GGGGr,r,False,True,False,4
77.0,NODE_6342,11203041633,9,0,GGGGGGGGGr,r,False,True,False,9
77.0,NODE_5938,5851251266,16,3,GrrrrrrrrGGGGGGgr,r,False,True,False,8
77.5,NODE_10060,11203052964,11,0,GGGGGGGGGGGr,r,False,True,False,11
77.5,NODE_122781,11203041635,4,0,GGGGr,r,False,True,False,4
77.5,NODE_14937,11139418723,2,0,GGr,r,False,True,False,2
77.5,NODE_5647,10974501473,4,0,GGGGr,r,False,True,False,4
77.5,NODE_6342,11203041633,9,0,GGGGGGGGGr,r,False,True,False,9
77.5,NODE_5938,5851251266,16,3,GrrrrrrrrGGGGGGgr,r,False,True,False,8
78.0,NODE_10060,11203052964,11,0,GGGGGGGGGGGr,r,False,True,False,11
78.0,NODE_122781,11203041635,4,0,GGGGr,r,False,True,False,4
78.0,NODE_14937,11139418723,2,0,GGr,r,False,True,False,2
78.0,NODE_5647,10974501473,4,0,GGGGr,r,False,True,False,4
78.0,NODE_6342,11203041633,9,0,GGGGGGGGGr,r,False,True,False,9
78.0,NODE_5938,5851251266,16,3,GrrrrrrrrGGGGGGgr,r,False,True,False,8
78.5,NODE_10060,11203052964,11,0,GGGGGGGGGGGr,r,False,True,False,11
78.5,NODE_122781,11203041635,4,0,GGGGr,r,False,True,False,4
78.5,NODE_14937,11139418723,2,0,GGr,r,False,True,False,2
78.5,NODE_5647,10974501473,4,0,GGGGr,r,False,True,False,4
78.5,NODE_6342,11203041633,9,0,GGGGGGGGGr,r,False,True,False,9
78.5,NODE_5938,5851251266,16,3,GrrrrrrrrGGGGGGgr,r,False,True,False,8
79.0,NODE_10060,11203052964,11,0,GGGGGGGGGGGr,r,False,True,False,11
79.0,NODE_122781,11203041635,4,0,GGGGr,r,False,True,False,4
79.0,NODE_14937,11139418723,2,0,GGr,r,False,True,False,2
79.0,NODE_5647,10974501473,4,0,GGGGr,r,False,True,False,4
79.0,NODE_6342,11203041633,9,0,GGGGGGGGGr,r,False,True,False,9
79.0,NODE_5938,5851251266,16,3,GrrrrrrrrGGGGGGgr,r,False,True,False,8
79.5,NODE_10060,11203052964,11,1,yyyyyyyyyyyr,r,False,True,False,0
79.5,NODE_122781,11203041635,4,1,yyyyr,r,False,True,False,0
79.5,NODE_14937,11139418723,2,1,yyr,r,False,True,False,0
79.5,NODE_5647,10974501473,4,0,GGGGr,r,False,True,False,4
79.5,NODE_6342,11203041633,9,1,yyyyyyyyyr,r,False,True,False,0
79.5,NODE_5938,5851251266,16,3,GrrrrrrrrGGGGGGgr,r,False,True,False,8
80.0,NODE_10060,11203052964,11,1,yyyyyyyyyyyr,r,False,True,False,0
80.0,NODE_122781,11203041635,4,1,yyyyr,r,False,True,False,0
80.0,NODE_14937,11139418723,2,1,yyr,r,False,True,False,0
80.0,NODE_5647,10974501473,4,0,GGGGr,r,False,True,False,4
80.0,NODE_6342,11203041633,9,1,yyyyyyyyyr,r,False,True,False,0
80.0,NODE_5938,5851251266,16,3,GrrrrrrrrGGGGGGgr,r,False,True,False,8
80.5,NODE_10060,11203052964,11,1,yyyyyyyyyyyr,r,False,True,False,0
80.5,NODE_122781,11203041635,4,1,yyyyr,r,False,True,False,0
80.5,NODE_14937,11139418723,2,1,yyr,r,False,True,False,0
80.5,NODE_5647,10974501473,4,0,GGGGr,r,False,True,False,4
80.5,NODE_6342,11203041633,9,1,yyyyyyyyyr,r,False,True,False,0
80.5,NODE_5938,5851251266,16,3,GrrrrrrrrGGGGGGgr,r,False,True,False,8
81.0,NODE_10060,11203052964,11,1,yyyyyyyyyyyr,r,False,True,False,0
81.0,NODE_122781,11203041635,4,1,yyyyr,r,False,True,False,0
81.0,NODE_14937,11139418723,2,1,yyr,r,False,True,False,0
81.0,NODE_5647,10974501473,4,0,GGGGr,r,False,True,False,4
81.0,NODE_6342,11203041633,9,1,yyyyyyyyyr,r,False,True,False,0
81.0,NODE_5938,5851251266,16,3,GrrrrrrrrGGGGGGgr,r,False,True,False,8
81.5,NODE_10060,11203052964,11,1,yyyyyyyyyyyr,r,False,True,False,0
81.5,NODE_122781,11203041635,4,1,yyyyr,r,False,True,False,0
81.5,NODE_14937,11139418723,2,1,yyr,r,False,True,False,0
81.5,NODE_5647,10974501473,4,1,yyyyr,r,False,True,False,0
81.5,NODE_6342,11203041633,9,1,yyyyyyyyyr,r,False,True,False,0
81.5,NODE_5938,5851251266,16,3,GrrrrrrrrGGGGGGgr,r,False,True,False,8
82.0,NODE_10060,11203052964,11,1,yyyyyyyyyyyr,r,False,True,False,0
82.0,NODE_122781,11203041635,4,1,yyyyr,r,False,True,False,0
82.0,NODE_14937,11139418723,2,1,yyr,r,False,True,False,0
82.0,NODE_5647,10974501473,4,1,yyyyr,r,False,True,False,0
82.0,NODE_6342,11203041633,9,1,yyyyyyyyyr,r,False,True,False,0
82.0,NODE_5938,5851251266,16,3,GrrrrrrrrGGGGGGgr,r,False,True,False,8
82.5,NODE_10060,11203052964,11,1,yyyyyyyyyyyr,r,False,True,False,0
82.5,NODE_122781,11203041635,4,1,yyyyr,r,False,True,False,0
82.5,NODE_14937,11139418723,2,1,yyr,r,False,True,False,0
82.5,NODE_5647,10974501473,4,1,yyyyr,r,False,True,False,0
82.5,NODE_6342,11203041633,9,1,yyyyyyyyyr,r,False,True,False,0
82.5,NODE_5938,5851251266,16,3,GrrrrrrrrGGGGGGgr,r,False,True,False,8
83.0,NODE_10060,11203052964,11,1,yyyyyyyyyyyr,r,False,True,False,0
83.0,NODE_122781,11203041635,4,1,yyyyr,r,False,True,False,0
83.0,NODE_14937,11139418723,2,1,yyr,r,False,True,False,0
83.0,NODE_5647,10974501473,4,1,yyyyr,r,False,True,False,0
83.0,NODE_6342,11203041633,9,1,yyyyyyyyyr,r,False,True,False,0
83.0,NODE_5938,5851251266,16,3,GrrrrrrrrGGGGGGgr,r,False,True,False,8
83.5,NODE_10060,11203052964,11,1,yyyyyyyyyyyr,r,False,True,False,0
83.5,NODE_122781,11203041635,4,1,yyyyr,r,False,True,False,0
83.5,NODE_14937,11139418723,2,1,yyr,r,False,True,False,0
83.5,NODE_5647,10974501473,4,1,yyyyr,r,False,True,False,0
83.5,NODE_6342,11203041633,9,1,yyyyyyyyyr,r,False,True,False,0
83.5,NODE_5938,5851251266,16,3,GrrrrrrrrGGGGGGgr,r,False,True,False,8
84.0,NODE_10060,11203052964,11,1,yyyyyyyyyyyr,r,False,True,False,0
84.0,NODE_122781,11203041635,4,1,yyyyr,r,False,True,False,0
84.0,NODE_14937,11139418723,2,1,yyr,r,False,True,False,0
84.0,NODE_5647,10974501473,4,1,yyyyr,r,False,True,False,0
84.0,NODE_6342,11203041633,9,1,yyyyyyyyyr,r,False,True,False,0
84.0,NODE_5938,5851251266,16,3,GrrrrrrrrGGGGGGgr,r,False,True,False,8
84.5,NODE_10060,11203052964,11,1,yyyyyyyyyyyr,r,False,True,False,0
84.5,NODE_122781,11203041635,4,1,yyyyr,r,False,True,False,0
84.5,NODE_14937,11139418723,2,1,yyr,r,False,True,False,0
84.5,NODE_5647,10974501473,4,1,yyyyr,r,False,True,False,0
84.5,NODE_6342,11203041633,9,1,yyyyyyyyyr,r,False,True,False,0
84.5,NODE_5938,5851251266,16,3,GrrrrrrrrGGGGGGgr,r,False,True,False,8
85.0,NODE_10060,11203052964,11,1,yyyyyyyyyyyr,r,False,True,False,0
85.0,NODE_122781,11203041635,4,1,yyyyr,r,False,True,False,0
85.0,NODE_14937,11139418723,2,1,yyr,r,False,True,False,0
85.0,NODE_5647,10974501473,4,1,yyyyr,r,False,True,False,0
85.0,NODE_6342,11203041633,9,1,yyyyyyyyyr,r,False,True,False,0
85.0,NODE_5938,5851251266,16,3,GrrrrrrrrGGGGGGgr,r,False,True,False,8
85.5,NODE_10060,11203052964,11,2,rrrrrrrrrrrG,G,True,False,True,0
85.5,NODE_122781,11203041635,4,2,rrrrG,G,True,False,True,0
85.5,NODE_14937,11139418723,2,2,rrG,G,True,False,True,0
85.5,NODE_5647,10974501473,4,2,rrrrG,G,True,False,True,0
85.5,NODE_6342,11203041633,9,2,rrrrrrrrrG,G,True,False,True,0
85.5,NODE_5938,5851251266,16,3,GrrrrrrrrGGGGGGgr,r,False,True,False,8
86.0,NODE_10060,11203052964,11,2,rrrrrrrrrrrG,G,True,False,True,0
86.0,NODE_122781,11203041635,4,2,rrrrG,G,True,False,True,0
86.0,NODE_14937,11139418723,2,2,rrG,G,True,False,True,0
86.0,NODE_5647,10974501473,4,2,rrrrG,G,True,False,True,0
86.0,NODE_6342,11203041633,9,2,rrrrrrrrrG,G,True,False,True,0
86.0,NODE_5938,5851251266,16,3,GrrrrrrrrGGGGGGgr,r,False,True,False,8
86.5,NODE_10060,11203052964,11,2,rrrrrrrrrrrG,G,True,False,True,0
86.5,NODE_122781,11203041635,4,2,rrrrG,G,True,False,True,0
86.5,NODE_14937,11139418723,2,2,rrG,G,True,False,True,0
86.5,NODE_5647,10974501473,4,2,rrrrG,G,True,False,True,0
86.5,NODE_6342,11203041633,9,2,rrrrrrrrrG,G,True,False,True,0
86.5,NODE_5938,5851251266,16,4,Grrrrrrrryyyyyyyr,r,False,True,False,1
87.0,NODE_10060,11203052964,11,2,rrrrrrrrrrrG,G,True,False,True,0
87.0,NODE_122781,11203041635,4,2,rrrrG,G,True,False,True,0
87.0,NODE_14937,11139418723,2,2,rrG,G,True,False,True,0
87.0,NODE_5647,10974501473,4,2,rrrrG,G,True,False,True,0
87.0,NODE_6342,11203041633,9,2,rrrrrrrrrG,G,True,False,True,0
87.0,NODE_5938,5851251266,16,4,Grrrrrrrryyyyyyyr,r,False,True,False,1
87.5,NODE_10060,11203052964,11,2,rrrrrrrrrrrG,G,True,False,True,0
87.5,NODE_122781,11203041635,4,2,rrrrG,G,True,False,True,0
87.5,NODE_14937,11139418723,2,2,rrG,G,True,False,True,0
87.5,NODE_5647,10974501473,4,2,rrrrG,G,True,False,True,0
87.5,NODE_6342,11203041633,9,2,rrrrrrrrrG,G,True,False,True,0
87.5,NODE_5938,5851251266,16,4,Grrrrrrrryyyyyyyr,r,False,True,False,1
88.0,NODE_10060,11203052964,11,2,rrrrrrrrrrrG,G,True,False,True,0
88.0,NODE_122781,11203041635,4,2,rrrrG,G,True,False,True,0
88.0,NODE_14937,11139418723,2,2,rrG,G,True,False,True,0
88.0,NODE_5647,10974501473,4,2,rrrrG,G,True,False,True,0
88.0,NODE_6342,11203041633,9,2,rrrrrrrrrG,G,True,False,True,0
88.0,NODE_5938,5851251266,16,4,Grrrrrrrryyyyyyyr,r,False,True,False,1
88.5,NODE_10060,11203052964,11,2,rrrrrrrrrrrG,G,True,False,True,0
88.5,NODE_122781,11203041635,4,2,rrrrG,G,True,False,True,0
88.5,NODE_14937,11139418723,2,2,rrG,G,True,False,True,0
88.5,NODE_5647,10974501473,4,2,rrrrG,G,True,False,True,0
88.5,NODE_6342,11203041633,9,2,rrrrrrrrrG,G,True,False,True,0
88.5,NODE_5938,5851251266,16,4,Grrrrrrrryyyyyyyr,r,False,True,False,1
89.0,NODE_10060,11203052964,11,2,rrrrrrrrrrrG,G,True,False,True,0
89.0,NODE_122781,11203041635,4,2,rrrrG,G,True,False,True,0
89.0,NODE_14937,11139418723,2,2,rrG,G,True,False,True,0
89.0,NODE_5647,10974501473,4,2,rrrrG,G,True,False,True,0
89.0,NODE_6342,11203041633,9,2,rrrrrrrrrG,G,True,False,True,0
89.0,NODE_5938,5851251266,16,4,Grrrrrrrryyyyyyyr,r,False,True,False,1
89.5,NODE_10060,11203052964,11,2,rrrrrrrrrrrG,G,True,False,True,0
89.5,NODE_122781,11203041635,4,2,rrrrG,G,True,False,True,0
89.5,NODE_14937,11139418723,2,2,rrG,G,True,False,True,0
89.5,NODE_5647,10974501473,4,2,rrrrG,G,True,False,True,0
89.5,NODE_6342,11203041633,9,2,rrrrrrrrrG,G,True,False,True,0
89.5,NODE_5938,5851251266,16,4,Grrrrrrrryyyyyyyr,r,False,True,False,1
90.0,NODE_10060,11203052964,11,2,rrrrrrrrrrrG,G,True,False,True,0
90.0,NODE_122781,11203041635,4,2,rrrrG,G,True,False,True,0
90.0,NODE_14937,11139418723,2,2,rrG,G,True,False,True,0
90.0,NODE_5647,10974501473,4,2,rrrrG,G,True,False,True,0
90.0,NODE_6342,11203041633,9,2,rrrrrrrrrG,G,True,False,True,0
90.0,NODE_5938,5851251266,16,4,Grrrrrrrryyyyyyyr,r,False,True,False,1
90.5,NODE_10060,11203052964,11,2,rrrrrrrrrrrG,G,True,False,True,0
90.5,NODE_122781,11203041635,4,2,rrrrG,G,True,False,True,0
90.5,NODE_14937,11139418723,2,2,rrG,G,True,False,True,0
90.5,NODE_5647,10974501473,4,2,rrrrG,G,True,False,True,0
90.5,NODE_6342,11203041633,9,2,rrrrrrrrrG,G,True,False,True,0
90.5,NODE_5938,5851251266,16,5,rrrrrrrrrrrrrrrrG,G,True,False,True,0
91.0,NODE_10060,11203052964,11,2,rrrrrrrrrrrG,G,True,False,True,0
91.0,NODE_122781,11203041635,4,2,rrrrG,G,True,False,True,0
91.0,NODE_14937,11139418723,2,2,rrG,G,True,False,True,0
91.0,NODE_5647,10974501473,4,2,rrrrG,G,True,False,True,0
91.0,NODE_6342,11203041633,9,2,rrrrrrrrrG,G,True,False,True,0
91.0,NODE_5938,5851251266,16,5,rrrrrrrrrrrrrrrrG,G,True,False,True,0
91.5,NODE_10060,11203052964,11,2,rrrrrrrrrrrG,G,True,False,True,0
91.5,NODE_122781,11203041635,4,2,rrrrG,G,True,False,True,0
91.5,NODE_14937,11139418723,2,2,rrG,G,True,False,True,0
91.5,NODE_5647,10974501473,4,2,rrrrG,G,True,False,True,0
91.5,NODE_6342,11203041633,9,2,rrrrrrrrrG,G,True,False,True,0
91.5,NODE_5938,5851251266,16,5,rrrrrrrrrrrrrrrrG,G,True,False,True,0
92.0,NODE_10060,11203052964,11,2,rrrrrrrrrrrG,G,True,False,True,0
92.0,NODE_122781,11203041635,4,2,rrrrG,G,True,False,True,0
92.0,NODE_14937,11139418723,2,2,rrG,G,True,False,True,0
92.0,NODE_5647,10974501473,4,2,rrrrG,G,True,False,True,0
92.0,NODE_6342,11203041633,9,2,rrrrrrrrrG,G,True,False,True,0
92.0,NODE_5938,5851251266,16,5,rrrrrrrrrrrrrrrrG,G,True,False,True,0
92.5,NODE_10060,11203052964,11,2,rrrrrrrrrrrG,G,True,False,True,0
92.5,NODE_122781,11203041635,4,2,rrrrG,G,True,False,True,0
92.5,NODE_14937,11139418723,2,2,rrG,G,True,False,True,0
92.5,NODE_5647,10974501473,4,2,rrrrG,G,True,False,True,0
92.5,NODE_6342,11203041633,9,2,rrrrrrrrrG,G,True,False,True,0
92.5,NODE_5938,5851251266,16,5,rrrrrrrrrrrrrrrrG,G,True,False,True,0
93.0,NODE_10060,11203052964,11,2,rrrrrrrrrrrG,G,True,False,True,0
93.0,NODE_122781,11203041635,4,2,rrrrG,G,True,False,True,0
93.0,NODE_14937,11139418723,2,2,rrG,G,True,False,True,0
93.0,NODE_5647,10974501473,4,2,rrrrG,G,True,False,True,0
93.0,NODE_6342,11203041633,9,2,rrrrrrrrrG,G,True,False,True,0
93.0,NODE_5938,5851251266,16,5,rrrrrrrrrrrrrrrrG,G,True,False,True,0
93.5,NODE_10060,11203052964,11,2,rrrrrrrrrrrG,G,True,False,True,0
93.5,NODE_122781,11203041635,4,2,rrrrG,G,True,False,True,0
93.5,NODE_14937,11139418723,2,2,rrG,G,True,False,True,0
93.5,NODE_5647,10974501473,4,2,rrrrG,G,True,False,True,0
93.5,NODE_6342,11203041633,9,2,rrrrrrrrrG,G,True,False,True,0
93.5,NODE_5938,5851251266,16,5,rrrrrrrrrrrrrrrrG,G,True,False,True,0
94.0,NODE_10060,11203052964,11,2,rrrrrrrrrrrG,G,True,False,True,0
94.0,NODE_122781,11203041635,4,2,rrrrG,G,True,False,True,0
94.0,NODE_14937,11139418723,2,2,rrG,G,True,False,True,0
94.0,NODE_5647,10974501473,4,2,rrrrG,G,True,False,True,0
94.0,NODE_6342,11203041633,9,2,rrrrrrrrrG,G,True,False,True,0
94.0,NODE_5938,5851251266,16,5,rrrrrrrrrrrrrrrrG,G,True,False,True,0
94.5,NODE_10060,11203052964,11,2,rrrrrrrrrrrG,G,True,False,True,0
94.5,NODE_122781,11203041635,4,2,rrrrG,G,True,False,True,0
94.5,NODE_14937,11139418723,2,2,rrG,G,True,False,True,0
94.5,NODE_5647,10974501473,4,2,rrrrG,G,True,False,True,0
94.5,NODE_6342,11203041633,9,2,rrrrrrrrrG,G,True,False,True,0
94.5,NODE_5938,5851251266,16,5,rrrrrrrrrrrrrrrrG,G,True,False,True,0
95.0,NODE_10060,11203052964,11,2,rrrrrrrrrrrG,G,True,False,True,0
95.0,NODE_122781,11203041635,4,2,rrrrG,G,True,False,True,0
95.0,NODE_14937,11139418723,2,2,rrG,G,True,False,True,0
95.0,NODE_5647,10974501473,4,2,rrrrG,G,True,False,True,0
95.0,NODE_6342,11203041633,9,2,rrrrrrrrrG,G,True,False,True,0
95.0,NODE_5938,5851251266,16,5,rrrrrrrrrrrrrrrrG,G,True,False,True,0
95.5,NODE_10060,11203052964,11,2,rrrrrrrrrrrG,G,True,False,True,0
95.5,NODE_122781,11203041635,4,2,rrrrG,G,True,False,True,0
95.5,NODE_14937,11139418723,2,2,rrG,G,True,False,True,0
95.5,NODE_5647,10974501473,4,2,rrrrG,G,True,False,True,0
95.5,NODE_6342,11203041633,9,2,rrrrrrrrrG,G,True,False,True,0
95.5,NODE_5938,5851251266,16,5,rrrrrrrrrrrrrrrrG,G,True,False,True,0
96.0,NODE_10060,11203052964,11,2,rrrrrrrrrrrG,G,True,False,True,0
96.0,NODE_122781,11203041635,4,2,rrrrG,G,True,False,True,0
96.0,NODE_14937,11139418723,2,2,rrG,G,True,False,True,0
96.0,NODE_5647,10974501473,4,2,rrrrG,G,True,False,True,0
96.0,NODE_6342,11203041633,9,2,rrrrrrrrrG,G,True,False,True,0
96.0,NODE_5938,5851251266,16,5,rrrrrrrrrrrrrrrrG,G,True,False,True,0
96.5,NODE_10060,11203052964,11,2,rrrrrrrrrrrG,G,True,False,True,0
96.5,NODE_122781,11203041635,4,2,rrrrG,G,True,False,True,0
96.5,NODE_14937,11139418723,2,2,rrG,G,True,False,True,0
96.5,NODE_5647,10974501473,4,2,rrrrG,G,True,False,True,0
96.5,NODE_6342,11203041633,9,2,rrrrrrrrrG,G,True,False,True,0
96.5,NODE_5938,5851251266,16,0,gGGGGGGGGrrrrrrrG,G,True,False,False,9
97.0,NODE_10060,11203052964,11,2,rrrrrrrrrrrG,G,True,False,True,0
97.0,NODE_122781,11203041635,4,2,rrrrG,G,True,False,True,0
97.0,NODE_14937,11139418723,2,2,rrG,G,True,False,True,0
97.0,NODE_5647,10974501473,4,2,rrrrG,G,True,False,True,0
97.0,NODE_6342,11203041633,9,2,rrrrrrrrrG,G,True,False,True,0
97.0,NODE_5938,5851251266,16,0,gGGGGGGGGrrrrrrrG,G,True,False,False,9
97.5,NODE_10060,11203052964,11,2,rrrrrrrrrrrG,G,True,False,True,0
97.5,NODE_122781,11203041635,4,2,rrrrG,G,True,False,True,0
97.5,NODE_14937,11139418723,2,2,rrG,G,True,False,True,0
97.5,NODE_5647,10974501473,4,2,rrrrG,G,True,False,True,0
97.5,NODE_6342,11203041633,9,2,rrrrrrrrrG,G,True,False,True,0
97.5,NODE_5938,5851251266,16,0,gGGGGGGGGrrrrrrrG,G,True,False,False,9
98.0,NODE_10060,11203052964,11,2,rrrrrrrrrrrG,G,True,False,True,0
98.0,NODE_122781,11203041635,4,2,rrrrG,G,True,False,True,0
98.0,NODE_14937,11139418723,2,2,rrG,G,True,False,True,0
98.0,NODE_5647,10974501473,4,2,rrrrG,G,True,False,True,0
98.0,NODE_6342,11203041633,9,2,rrrrrrrrrG,G,True,False,True,0
98.0,NODE_5938,5851251266,16,0,gGGGGGGGGrrrrrrrG,G,True,False,False,9
98.5,NODE_10060,11203052964,11,0,GGGGGGGGGGGr,r,False,True,False,11
98.5,NODE_122781,11203041635,4,0,GGGGr,r,False,True,False,4
98.5,NODE_14937,11139418723,2,0,GGr,r,False,True,False,2
98.5,NODE_5647,10974501473,4,0,GGGGr,r,False,True,False,4
98.5,NODE_6342,11203041633,9,0,GGGGGGGGGr,r,False,True,False,9
98.5,NODE_5938,5851251266,16,0,gGGGGGGGGrrrrrrrG,G,True,False,False,9
99.0,NODE_10060,11203052964,11,0,GGGGGGGGGGGr,r,False,True,False,11
99.0,NODE_122781,11203041635,4,0,GGGGr,r,False,True,False,4
99.0,NODE_14937,11139418723,2,0,GGr,r,False,True,False,2
99.0,NODE_5647,10974501473,4,0,GGGGr,r,False,True,False,4
99.0,NODE_6342,11203041633,9,0,GGGGGGGGGr,r,False,True,False,9
99.0,NODE_5938,5851251266,16,0,gGGGGGGGGrrrrrrrG,G,True,False,False,9
99.5,NODE_10060,11203052964,11,0,GGGGGGGGGGGr,r,False,True,False,11
99.5,NODE_122781,11203041635,4,0,GGGGr,r,False,True,False,4
99.5,NODE_14937,11139418723,2,0,GGr,r,False,True,False,2
99.5,NODE_5647,10974501473,4,0,GGGGr,r,False,True,False,4
99.5,NODE_6342,11203041633,9,0,GGGGGGGGGr,r,False,True,False,9
99.5,NODE_5938,5851251266,16,0,gGGGGGGGGrrrrrrrG,G,True,False,False,9
100.0,NODE_10060,11203052964,11,0,GGGGGGGGGGGr,r,False,True,False,11
100.0,NODE_122781,11203041635,4,0,GGGGr,r,False,True,False,4
100.0,NODE_14937,11139418723,2,0,GGr,r,False,True,False,2
100.0,NODE_5647,10974501473,4,0,GGGGr,r,False,True,False,4
100.0,NODE_6342,11203041633,9,0,GGGGGGGGGr,r,False,True,False,9
100.0,NODE_5938,5851251266,16,0,gGGGGGGGGrrrrrrrG,G,True,False,False,9
100.5,NODE_10060,11203052964,11,0,GGGGGGGGGGGr,r,False,True,False,11
100.5,NODE_122781,11203041635,4,0,GGGGr,r,False,True,False,4
100.5,NODE_14937,11139418723,2,0,GGr,r,False,True,False,2
100.5,NODE_5647,10974501473,4,0,GGGGr,r,False,True,False,4
100.5,NODE_6342,11203041633,9,0,GGGGGGGGGr,r,False,True,False,9
100.5,NODE_5938,5851251266,16,0,gGGGGGGGGrrrrrrrG,G,True,False,False,9
101.0,NODE_10060,11203052964,11,0,GGGGGGGGGGGr,r,False,True,False,11
101.0,NODE_122781,11203041635,4,0,GGGGr,r,False,True,False,4
101.0,NODE_14937,11139418723,2,0,GGr,r,False,True,False,2
101.0,NODE_5647,10974501473,4,0,GGGGr,r,False,True,False,4
101.0,NODE_6342,11203041633,9,0,GGGGGGGGGr,r,False,True,False,9
101.0,NODE_5938,5851251266,16,0,gGGGGGGGGrrrrrrrG,G,True,False,False,9
101.5,NODE_10060,11203052964,11,0,GGGGGGGGGGGr,r,False,True,False,11
101.5,NODE_122781,11203041635,4,0,GGGGr,r,False,True,False,4
101.5,NODE_14937,11139418723,2,0,GGr,r,False,True,False,2
101.5,NODE_5647,10974501473,4,0,GGGGr,r,False,True,False,4
101.5,NODE_6342,11203041633,9,0,GGGGGGGGGr,r,False,True,False,9
101.5,NODE_5938,5851251266,16,0,gGGGGGGGGrrrrrrrG,G,True,False,False,9
102.0,NODE_10060,11203052964,11,0,GGGGGGGGGGGr,r,False,True,False,11
102.0,NODE_122781,11203041635,4,0,GGGGr,r,False,True,False,4
102.0,NODE_14937,11139418723,2,0,GGr,r,False,True,False,2
102.0,NODE_5647,10974501473,4,0,GGGGr,r,False,True,False,4
102.0,NODE_6342,11203041633,9,0,GGGGGGGGGr,r,False,True,False,9
102.0,NODE_5938,5851251266,16,0,gGGGGGGGGrrrrrrrG,G,True,False,False,9
102.5,NODE_10060,11203052964,11,0,GGGGGGGGGGGr,r,False,True,False,11
102.5,NODE_122781,11203041635,4,0,GGGGr,r,False,True,False,4
102.5,NODE_14937,11139418723,2,0,GGr,r,False,True,False,2
102.5,NODE_5647,10974501473,4,0,GGGGr,r,False,True,False,4
102.5,NODE_6342,11203041633,9,0,GGGGGGGGGr,r,False,True,False,9
102.5,NODE_5938,5851251266,16,0,gGGGGGGGGrrrrrrrG,G,True,False,False,9
103.0,NODE_10060,11203052964,11,0,GGGGGGGGGGGr,r,False,True,False,11
103.0,NODE_122781,11203041635,4,0,GGGGr,r,False,True,False,4
103.0,NODE_14937,11139418723,2,0,GGr,r,False,True,False,2
103.0,NODE_5647,10974501473,4,0,GGGGr,r,False,True,False,4
103.0,NODE_6342,11203041633,9,0,GGGGGGGGGr,r,False,True,False,9
103.0,NODE_5938,5851251266,16,0,gGGGGGGGGrrrrrrrG,G,True,False,False,9
103.5,NODE_10060,11203052964,11,0,GGGGGGGGGGGr,r,False,True,False,11
103.5,NODE_122781,11203041635,4,0,GGGGr,r,False,True,False,4
103.5,NODE_14937,11139418723,2,0,GGr,r,False,True,False,2
103.5,NODE_5647,10974501473,4,0,GGGGr,r,False,True,False,4
103.5,NODE_6342,11203041633,9,0,GGGGGGGGGr,r,False,True,False,9
103.5,NODE_5938,5851251266,16,0,gGGGGGGGGrrrrrrrG,G,True,False,False,9
104.0,NODE_10060,11203052964,11,0,GGGGGGGGGGGr,r,False,True,False,11
104.0,NODE_122781,11203041635,4,0,GGGGr,r,False,True,False,4
104.0,NODE_14937,11139418723,2,0,GGr,r,False,True,False,2
104.0,NODE_5647,10974501473,4,0,GGGGr,r,False,True,False,4
104.0,NODE_6342,11203041633,9,0,GGGGGGGGGr,r,False,True,False,9
104.0,NODE_5938,5851251266,16,0,gGGGGGGGGrrrrrrrG,G,True,False,False,9
104.5,NODE_10060,11203052964,11,0,GGGGGGGGGGGr,r,False,True,False,11
104.5,NODE_122781,11203041635,4,0,GGGGr,r,False,True,False,4
104.5,NODE_14937,11139418723,2,0,GGr,r,False,True,False,2
104.5,NODE_5647,10974501473,4,0,GGGGr,r,False,True,False,4
104.5,NODE_6342,11203041633,9,0,GGGGGGGGGr,r,False,True,False,9
104.5,NODE_5938,5851251266,16,0,gGGGGGGGGrrrrrrrG,G,True,False,False,9
105.0,NODE_10060,11203052964,11,0,GGGGGGGGGGGr,r,False,True,False,11
105.0,NODE_122781,11203041635,4,0,GGGGr,r,False,True,False,4
105.0,NODE_14937,11139418723,2,0,GGr,r,False,True,False,2
105.0,NODE_5647,10974501473,4,0,GGGGr,r,False,True,False,4
105.0,NODE_6342,11203041633,9,0,GGGGGGGGGr,r,False,True,False,9
105.0,NODE_5938,5851251266,16,0,gGGGGGGGGrrrrrrrG,G,True,False,False,9
105.5,NODE_10060,11203052964,11,0,GGGGGGGGGGGr,r,False,True,False,11
105.5,NODE_122781,11203041635,4,0,GGGGr,r,False,True,False,4
105.5,NODE_14937,11139418723,2,0,GGr,r,False,True,False,2
105.5,NODE_5647,10974501473,4,0,GGGGr,r,False,True,False,4
105.5,NODE_6342,11203041633,9,0,GGGGGGGGGr,r,False,True,False,9
105.5,NODE_5938,5851251266,16,0,gGGGGGGGGrrrrrrrG,G,True,False,False,9
106.0,NODE_10060,11203052964,11,0,GGGGGGGGGGGr,r,False,True,False,11
106.0,NODE_122781,11203041635,4,0,GGGGr,r,False,True,False,4
106.0,NODE_14937,11139418723,2,0,GGr,r,False,True,False,2
106.0,NODE_5647,10974501473,4,0,GGGGr,r,False,True,False,4
106.0,NODE_6342,11203041633,9,0,GGGGGGGGGr,r,False,True,False,9
106.0,NODE_5938,5851251266,16,0,gGGGGGGGGrrrrrrrG,G,True,False,False,9
106.5,NODE_10060,11203052964,11,0,GGGGGGGGGGGr,r,False,True,False,11
106.5,NODE_122781,11203041635,4,0,GGGGr,r,False,True,False,4
106.5,NODE_14937,11139418723,2,0,GGr,r,False,True,False,2
106.5,NODE_5647,10974501473,4,0,GGGGr,r,False,True,False,4
106.5,NODE_6342,11203041633,9,0,GGGGGGGGGr,r,False,True,False,9
106.5,NODE_5938,5851251266,16,0,gGGGGGGGGrrrrrrrG,G,True,False,False,9
107.0,NODE_10060,11203052964,11,0,GGGGGGGGGGGr,r,False,True,False,11
107.0,NODE_122781,11203041635,4,0,GGGGr,r,False,True,False,4
107.0,NODE_14937,11139418723,2,0,GGr,r,False,True,False,2
107.0,NODE_5647,10974501473,4,0,GGGGr,r,False,True,False,4
107.0,NODE_6342,11203041633,9,0,GGGGGGGGGr,r,False,True,False,9
107.0,NODE_5938,5851251266,16,0,gGGGGGGGGrrrrrrrG,G,True,False,False,9
107.5,NODE_10060,11203052964,11,0,GGGGGGGGGGGr,r,False,True,False,11
107.5,NODE_122781,11203041635,4,0,GGGGr,r,False,True,False,4
107.5,NODE_14937,11139418723,2,0,GGr,r,False,True,False,2
107.5,NODE_5647,10974501473,4,0,GGGGr,r,False,True,False,4
107.5,NODE_6342,11203041633,9,0,GGGGGGGGGr,r,False,True,False,9
107.5,NODE_5938,5851251266,16,0,gGGGGGGGGrrrrrrrG,G,True,False,False,9
108.0,NODE_10060,11203052964,11,0,GGGGGGGGGGGr,r,False,True,False,11
108.0,NODE_122781,11203041635,4,0,GGGGr,r,False,True,False,4
108.0,NODE_14937,11139418723,2,0,GGr,r,False,True,False,2
108.0,NODE_5647,10974501473,4,0,GGGGr,r,False,True,False,4
108.0,NODE_6342,11203041633,9,0,GGGGGGGGGr,r,False,True,False,9
108.0,NODE_5938,5851251266,16,0,gGGGGGGGGrrrrrrrG,G,True,False,False,9
108.5,NODE_10060,11203052964,11,0,GGGGGGGGGGGr,r,False,True,False,11
108.5,NODE_122781,11203041635,4,0,GGGGr,r,False,True,False,4
108.5,NODE_14937,11139418723,2,0,GGr,r,False,True,False,2
108.5,NODE_5647,10974501473,4,0,GGGGr,r,False,True,False,4
108.5,NODE_6342,11203041633,9,0,GGGGGGGGGr,r,False,True,False,9
108.5,NODE_5938,5851251266,16,0,gGGGGGGGGrrrrrrrG,G,True,False,False,9
109.0,NODE_10060,11203052964,11,0,GGGGGGGGGGGr,r,False,True,False,11
109.0,NODE_122781,11203041635,4,0,GGGGr,r,False,True,False,4
109.0,NODE_14937,11139418723,2,0,GGr,r,False,True,False,2
109.0,NODE_5647,10974501473,4,0,GGGGr,r,False,True,False,4
109.0,NODE_6342,11203041633,9,0,GGGGGGGGGr,r,False,True,False,9
109.0,NODE_5938,5851251266,16,0,gGGGGGGGGrrrrrrrG,G,True,False,False,9
109.5,NODE_10060,11203052964,11,0,GGGGGGGGGGGr,r,False,True,False,11
109.5,NODE_122781,11203041635,4,0,GGGGr,r,False,True,False,4
109.5,NODE_14937,11139418723,2,0,GGr,r,False,True,False,2
109.5,NODE_5647,10974501473,4,0,GGGGr,r,False,True,False,4
109.5,NODE_6342,11203041633,9,0,GGGGGGGGGr,r,False,True,False,9
109.5,NODE_5938,5851251266,16,0,gGGGGGGGGrrrrrrrG,G,True,False,False,9
110.0,NODE_10060,11203052964,11,0,GGGGGGGGGGGr,r,False,True,False,11
110.0,NODE_122781,11203041635,4,0,GGGGr,r,False,True,False,4
110.0,NODE_14937,11139418723,2,0,GGr,r,False,True,False,2
110.0,NODE_5647,10974501473,4,0,GGGGr,r,False,True,False,4
110.0,NODE_6342,11203041633,9,0,GGGGGGGGGr,r,False,True,False,9
110.0,NODE_5938,5851251266,16,0,gGGGGGGGGrrrrrrrG,G,True,False,False,9
110.5,NODE_10060,11203052964,11,0,GGGGGGGGGGGr,r,False,True,False,11
110.5,NODE_122781,11203041635,4,0,GGGGr,r,False,True,False,4
110.5,NODE_14937,11139418723,2,0,GGr,r,False,True,False,2
110.5,NODE_5647,10974501473,4,0,GGGGr,r,False,True,False,4
110.5,NODE_6342,11203041633,9,0,GGGGGGGGGr,r,False,True,False,9
110.5,NODE_5938,5851251266,16,0,gGGGGGGGGrrrrrrrG,G,True,False,False,9
111.0,NODE_10060,11203052964,11,0,GGGGGGGGGGGr,r,False,True,False,11
111.0,NODE_122781,11203041635,4,0,GGGGr,r,False,True,False,4
111.0,NODE_14937,11139418723,2,0,GGr,r,False,True,False,2
111.0,NODE_5647,10974501473,4,0,GGGGr,r,False,True,False,4
111.0,NODE_6342,11203041633,9,0,GGGGGGGGGr,r,False,True,False,9
111.0,NODE_5938,5851251266,16,0,gGGGGGGGGrrrrrrrG,G,True,False,False,9
111.5,NODE_10060,11203052964,11,0,GGGGGGGGGGGr,r,False,True,False,11
111.5,NODE_122781,11203041635,4,0,GGGGr,r,False,True,False,4
111.5,NODE_14937,11139418723,2,0,GGr,r,False,True,False,2
111.5,NODE_5647,10974501473,4,0,GGGGr,r,False,True,False,4
111.5,NODE_6342,11203041633,9,0,GGGGGGGGGr,r,False,True,False,9
111.5,NODE_5938,5851251266,16,0,gGGGGGGGGrrrrrrrG,G,True,False,False,9
112.0,NODE_10060,11203052964,11,0,GGGGGGGGGGGr,r,False,True,False,11
112.0,NODE_122781,11203041635,4,0,GGGGr,r,False,True,False,4
112.0,NODE_14937,11139418723,2,0,GGr,r,False,True,False,2
112.0,NODE_5647,10974501473,4,0,GGGGr,r,False,True,False,4
112.0,NODE_6342,11203041633,9,0,GGGGGGGGGr,r,False,True,False,9
112.0,NODE_5938,5851251266,16,0,gGGGGGGGGrrrrrrrG,G,True,False,False,9
112.5,NODE_10060,11203052964,11,0,GGGGGGGGGGGr,r,False,True,False,11
112.5,NODE_122781,11203041635,4,0,GGGGr,r,False,True,False,4
112.5,NODE_14937,11139418723,2,0,GGr,r,False,True,False,2
112.5,NODE_5647,10974501473,4,0,GGGGr,r,False,True,False,4
112.5,NODE_6342,11203041633,9,0,GGGGGGGGGr,r,False,True,False,9
112.5,NODE_5938,5851251266,16,0,gGGGGGGGGrrrrrrrG,G,True,False,False,9
113.0,NODE_10060,11203052964,11,0,GGGGGGGGGGGr,r,False,True,False,11
113.0,NODE_122781,11203041635,4,0,GGGGr,r,False,True,False,4
113.0,NODE_14937,11139418723,2,0,GGr,r,False,True,False,2
113.0,NODE_5647,10974501473,4,0,GGGGr,r,False,True,False,4
113.0,NODE_6342,11203041633,9,0,GGGGGGGGGr,r,False,True,False,9
113.0,NODE_5938,5851251266,16,0,gGGGGGGGGrrrrrrrG,G,True,False,False,9
113.5,NODE_10060,11203052964,11,0,GGGGGGGGGGGr,r,False,True,False,11
113.5,NODE_122781,11203041635,4,0,GGGGr,r,False,True,False,4
113.5,NODE_14937,11139418723,2,0,GGr,r,False,True,False,2
113.5,NODE_5647,10974501473,4,0,GGGGr,r,False,True,False,4
113.5,NODE_6342,11203041633,9,0,GGGGGGGGGr,r,False,True,False,9
113.5,NODE_5938,5851251266,16,0,gGGGGGGGGrrrrrrrG,G,True,False,False,9
114.0,NODE_10060,11203052964,11,0,GGGGGGGGGGGr,r,False,True,False,11
114.0,NODE_122781,11203041635,4,0,GGGGr,r,False,True,False,4
114.0,NODE_14937,11139418723,2,0,GGr,r,False,True,False,2
114.0,NODE_5647,10974501473,4,0,GGGGr,r,False,True,False,4
114.0,NODE_6342,11203041633,9,0,GGGGGGGGGr,r,False,True,False,9
114.0,NODE_5938,5851251266,16,0,gGGGGGGGGrrrrrrrG,G,True,False,False,9
114.5,NODE_10060,11203052964,11,0,GGGGGGGGGGGr,r,False,True,False,11
114.5,NODE_122781,11203041635,4,0,GGGGr,r,False,True,False,4
114.5,NODE_14937,11139418723,2,0,GGr,r,False,True,False,2
114.5,NODE_5647,10974501473,4,0,GGGGr,r,False,True,False,4
114.5,NODE_6342,11203041633,9,0,GGGGGGGGGr,r,False,True,False,9
114.5,NODE_5938,5851251266,16,0,gGGGGGGGGrrrrrrrG,G,True,False,False,9
115.0,NODE_10060,11203052964,11,0,GGGGGGGGGGGr,r,False,True,False,11
115.0,NODE_122781,11203041635,4,0,GGGGr,r,False,True,False,4
115.0,NODE_14937,11139418723,2,0,GGr,r,False,True,False,2
115.0,NODE_5647,10974501473,4,0,GGGGr,r,False,True,False,4
115.0,NODE_6342,11203041633,9,0,GGGGGGGGGr,r,False,True,False,9
115.0,NODE_5938,5851251266,16,0,gGGGGGGGGrrrrrrrG,G,True,False,False,9
115.5,NODE_10060,11203052964,11,0,GGGGGGGGGGGr,r,False,True,False,11
115.5,NODE_122781,11203041635,4,0,GGGGr,r,False,True,False,4
115.5,NODE_14937,11139418723,2,0,GGr,r,False,True,False,2
115.5,NODE_5647,10974501473,4,0,GGGGr,r,False,True,False,4
115.5,NODE_6342,11203041633,9,0,GGGGGGGGGr,r,False,True,False,9
115.5,NODE_5938,5851251266,16,0,gGGGGGGGGrrrrrrrG,G,True,False,False,9
116.0,NODE_10060,11203052964,11,0,GGGGGGGGGGGr,r,False,True,False,11
116.0,NODE_122781,11203041635,4,0,GGGGr,r,False,True,False,4
116.0,NODE_14937,11139418723,2,0,GGr,r,False,True,False,2
116.0,NODE_5647,10974501473,4,0,GGGGr,r,False,True,False,4
116.0,NODE_6342,11203041633,9,0,GGGGGGGGGr,r,False,True,False,9
116.0,NODE_5938,5851251266,16,0,gGGGGGGGGrrrrrrrG,G,True,False,False,9
116.5,NODE_10060,11203052964,11,0,GGGGGGGGGGGr,r,False,True,False,11
116.5,NODE_122781,11203041635,4,0,GGGGr,r,False,True,False,4
116.5,NODE_14937,11139418723,2,0,GGr,r,False,True,False,2
116.5,NODE_5647,10974501473,4,0,GGGGr,r,False,True,False,4
116.5,NODE_6342,11203041633,9,0,GGGGGGGGGr,r,False,True,False,9
116.5,NODE_5938,5851251266,16,0,gGGGGGGGGrrrrrrrG,G,True,False,False,9
117.0,NODE_10060,11203052964,11,0,GGGGGGGGGGGr,r,False,True,False,11
117.0,NODE_122781,11203041635,4,0,GGGGr,r,False,True,False,4
117.0,NODE_14937,11139418723,2,0,GGr,r,False,True,False,2
117.0,NODE_5647,10974501473,4,0,GGGGr,r,False,True,False,4
117.0,NODE_6342,11203041633,9,0,GGGGGGGGGr,r,False,True,False,9
117.0,NODE_5938,5851251266,16,0,gGGGGGGGGrrrrrrrG,G,True,False,False,9
117.5,NODE_10060,11203052964,11,0,GGGGGGGGGGGr,r,False,True,False,11
117.5,NODE_122781,11203041635,4,0,GGGGr,r,False,True,False,4
117.5,NODE_14937,11139418723,2,0,GGr,r,False,True,False,2
117.5,NODE_5647,10974501473,4,0,GGGGr,r,False,True,False,4
117.5,NODE_6342,11203041633,9,0,GGGGGGGGGr,r,False,True,False,9
117.5,NODE_5938,5851251266,16,0,gGGGGGGGGrrrrrrrG,G,True,False,False,9
118.0,NODE_10060,11203052964,11,0,GGGGGGGGGGGr,r,False,True,False,11
118.0,NODE_122781,11203041635,4,0,GGGGr,r,False,True,False,4
118.0,NODE_14937,11139418723,2,0,GGr,r,False,True,False,2
118.0,NODE_5647,10974501473,4,0,GGGGr,r,False,True,False,4
118.0,NODE_6342,11203041633,9,0,GGGGGGGGGr,r,False,True,False,9
118.0,NODE_5938,5851251266,16,0,gGGGGGGGGrrrrrrrG,G,True,False,False,9
118.5,NODE_10060,11203052964,11,0,GGGGGGGGGGGr,r,False,True,False,11
118.5,NODE_122781,11203041635,4,0,GGGGr,r,False,True,False,4
118.5,NODE_14937,11139418723,2,0,GGr,r,False,True,False,2
118.5,NODE_5647,10974501473,4,0,GGGGr,r,False,True,False,4
118.5,NODE_6342,11203041633,9,0,GGGGGGGGGr,r,False,True,False,9
118.5,NODE_5938,5851251266,16,0,gGGGGGGGGrrrrrrrG,G,True,False,False,9
119.0,NODE_10060,11203052964,11,0,GGGGGGGGGGGr,r,False,True,False,11
119.0,NODE_122781,11203041635,4,0,GGGGr,r,False,True,False,4
119.0,NODE_14937,11139418723,2,0,GGr,r,False,True,False,2
119.0,NODE_5647,10974501473,4,0,GGGGr,r,False,True,False,4
119.0,NODE_6342,11203041633,9,0,GGGGGGGGGr,r,False,True,False,9
119.0,NODE_5938,5851251266,16,0,gGGGGGGGGrrrrrrrG,G,True,False,False,9
119.5,NODE_10060,11203052964,11,0,GGGGGGGGGGGr,r,False,True,False,11
119.5,NODE_122781,11203041635,4,0,GGGGr,r,False,True,False,4
119.5,NODE_14937,11139418723,2,0,GGr,r,False,True,False,2
119.5,NODE_5647,10974501473,4,0,GGGGr,r,False,True,False,4
119.5,NODE_6342,11203041633,9,0,GGGGGGGGGr,r,False,True,False,9
119.5,NODE_5938,5851251266,16,0,gGGGGGGGGrrrrrrrG,G,True,False,False,9
120.0,NODE_10060,11203052964,11,0,GGGGGGGGGGGr,r,False,True,False,11
120.0,NODE_122781,11203041635,4,0,GGGGr,r,False,True,False,4
120.0,NODE_14937,11139418723,2,0,GGr,r,False,True,False,2
120.0,NODE_5647,10974501473,4,0,GGGGr,r,False,True,False,4
120.0,NODE_6342,11203041633,9,0,GGGGGGGGGr,r,False,True,False,9
120.0,NODE_5938,5851251266,16,0,gGGGGGGGGrrrrrrrG,G,True,False,False,9
120.5,NODE_10060,11203052964,11,0,GGGGGGGGGGGr,r,False,True,False,11
120.5,NODE_122781,11203041635,4,0,GGGGr,r,False,True,False,4
120.5,NODE_14937,11139418723,2,0,GGr,r,False,True,False,2
120.5,NODE_5647,10974501473,4,0,GGGGr,r,False,True,False,4
120.5,NODE_6342,11203041633,9,0,GGGGGGGGGr,r,False,True,False,9
120.5,NODE_5938,5851251266,16,0,gGGGGGGGGrrrrrrrG,G,True,False,False,9
121.0,NODE_10060,11203052964,11,0,GGGGGGGGGGGr,r,False,True,False,11
121.0,NODE_122781,11203041635,4,0,GGGGr,r,False,True,False,4
121.0,NODE_14937,11139418723,2,0,GGr,r,False,True,False,2
121.0,NODE_5647,10974501473,4,0,GGGGr,r,False,True,False,4
121.0,NODE_6342,11203041633,9,0,GGGGGGGGGr,r,False,True,False,9
121.0,NODE_5938,5851251266,16,0,gGGGGGGGGrrrrrrrG,G,True,False,False,9
121.5,NODE_10060,11203052964,11,0,GGGGGGGGGGGr,r,False,True,False,11
121.5,NODE_122781,11203041635,4,0,GGGGr,r,False,True,False,4
121.5,NODE_14937,11139418723,2,0,GGr,r,False,True,False,2
121.5,NODE_5647,10974501473,4,0,GGGGr,r,False,True,False,4
121.5,NODE_6342,11203041633,9,0,GGGGGGGGGr,r,False,True,False,9
121.5,NODE_5938,5851251266,16,0,gGGGGGGGGrrrrrrrG,G,True,False,False,9
122.0,NODE_10060,11203052964,11,0,GGGGGGGGGGGr,r,False,True,False,11
122.0,NODE_122781,11203041635,4,0,GGGGr,r,False,True,False,4
122.0,NODE_14937,11139418723,2,0,GGr,r,False,True,False,2
122.0,NODE_5647,10974501473,4,0,GGGGr,r,False,True,False,4
122.0,NODE_6342,11203041633,9,0,GGGGGGGGGr,r,False,True,False,9
122.0,NODE_5938,5851251266,16,0,gGGGGGGGGrrrrrrrG,G,True,False,False,9
122.5,NODE_10060,11203052964,11,0,GGGGGGGGGGGr,r,False,True,False,11
122.5,NODE_122781,11203041635,4,0,GGGGr,r,False,True,False,4
122.5,NODE_14937,11139418723,2,0,GGr,r,False,True,False,2
122.5,NODE_5647,10974501473,4,0,GGGGr,r,False,True,False,4
122.5,NODE_6342,11203041633,9,0,GGGGGGGGGr,r,False,True,False,9
122.5,NODE_5938,5851251266,16,0,gGGGGGGGGrrrrrrrG,G,True,False,False,9
123.0,NODE_10060,11203052964,11,0,GGGGGGGGGGGr,r,False,True,False,11
123.0,NODE_122781,11203041635,4,0,GGGGr,r,False,True,False,4
123.0,NODE_14937,11139418723,2,0,GGr,r,False,True,False,2
123.0,NODE_5647,10974501473,4,0,GGGGr,r,False,True,False,4
123.0,NODE_6342,11203041633,9,0,GGGGGGGGGr,r,False,True,False,9
123.0,NODE_5938,5851251266,16,0,gGGGGGGGGrrrrrrrG,G,True,False,False,9
123.5,NODE_10060,11203052964,11,0,GGGGGGGGGGGr,r,False,True,False,11
123.5,NODE_122781,11203041635,4,0,GGGGr,r,False,True,False,4
123.5,NODE_14937,11139418723,2,0,GGr,r,False,True,False,2
123.5,NODE_5647,10974501473,4,0,GGGGr,r,False,True,False,4
123.5,NODE_6342,11203041633,9,0,GGGGGGGGGr,r,False,True,False,9
123.5,NODE_5938,5851251266,16,0,gGGGGGGGGrrrrrrrG,G,True,False,False,9
124.0,NODE_10060,11203052964,11,0,GGGGGGGGGGGr,r,False,True,False,11
124.0,NODE_122781,11203041635,4,0,GGGGr,r,False,True,False,4
124.0,NODE_14937,11139418723,2,0,GGr,r,False,True,False,2
124.0,NODE_5647,10974501473,4,0,GGGGr,r,False,True,False,4
124.0,NODE_6342,11203041633,9,0,GGGGGGGGGr,r,False,True,False,9
124.0,NODE_5938,5851251266,16,0,gGGGGGGGGrrrrrrrG,G,True,False,False,9
124.5,NODE_10060,11203052964,11,0,GGGGGGGGGGGr,r,False,True,False,11
124.5,NODE_122781,11203041635,4,0,GGGGr,r,False,True,False,4
124.5,NODE_14937,11139418723,2,0,GGr,r,False,True,False,2
124.5,NODE_5647,10974501473,4,0,GGGGr,r,False,True,False,4
124.5,NODE_6342,11203041633,9,0,GGGGGGGGGr,r,False,True,False,9
124.5,NODE_5938,5851251266,16,0,gGGGGGGGGrrrrrrrG,G,True,False,False,9
125.0,NODE_10060,11203052964,11,0,GGGGGGGGGGGr,r,False,True,False,11
125.0,NODE_122781,11203041635,4,0,GGGGr,r,False,True,False,4
125.0,NODE_14937,11139418723,2,0,GGr,r,False,True,False,2
125.0,NODE_5647,10974501473,4,0,GGGGr,r,False,True,False,4
125.0,NODE_6342,11203041633,9,0,GGGGGGGGGr,r,False,True,False,9
125.0,NODE_5938,5851251266,16,0,gGGGGGGGGrrrrrrrG,G,True,False,False,9
125.5,NODE_10060,11203052964,11,0,GGGGGGGGGGGr,r,False,True,False,11
125.5,NODE_122781,11203041635,4,0,GGGGr,r,False,True,False,4
125.5,NODE_14937,11139418723,2,0,GGr,r,False,True,False,2
125.5,NODE_5647,10974501473,4,0,GGGGr,r,False,True,False,4
125.5,NODE_6342,11203041633,9,0,GGGGGGGGGr,r,False,True,False,9
125.5,NODE_5938,5851251266,16,0,gGGGGGGGGrrrrrrrG,G,True,False,False,9
126.0,NODE_10060,11203052964,11,0,GGGGGGGGGGGr,r,False,True,False,11
126.0,NODE_122781,11203041635,4,0,GGGGr,r,False,True,False,4
126.0,NODE_14937,11139418723,2,0,GGr,r,False,True,False,2
126.0,NODE_5647,10974501473,4,0,GGGGr,r,False,True,False,4
126.0,NODE_6342,11203041633,9,0,GGGGGGGGGr,r,False,True,False,9
126.0,NODE_5938,5851251266,16,0,gGGGGGGGGrrrrrrrG,G,True,False,False,9
126.5,NODE_10060,11203052964,11,0,GGGGGGGGGGGr,r,False,True,False,11
126.5,NODE_122781,11203041635,4,0,GGGGr,r,False,True,False,4
126.5,NODE_14937,11139418723,2,0,GGr,r,False,True,False,2
126.5,NODE_5647,10974501473,4,0,GGGGr,r,False,True,False,4
126.5,NODE_6342,11203041633,9,0,GGGGGGGGGr,r,False,True,False,9
126.5,NODE_5938,5851251266,16,0,gGGGGGGGGrrrrrrrG,G,True,False,False,9
127.0,NODE_10060,11203052964,11,0,GGGGGGGGGGGr,r,False,True,False,11
127.0,NODE_122781,11203041635,4,0,GGGGr,r,False,True,False,4
127.0,NODE_14937,11139418723,2,0,GGr,r,False,True,False,2
127.0,NODE_5647,10974501473,4,0,GGGGr,r,False,True,False,4
127.0,NODE_6342,11203041633,9,0,GGGGGGGGGr,r,False,True,False,9
127.0,NODE_5938,5851251266,16,0,gGGGGGGGGrrrrrrrG,G,True,False,False,9
127.5,NODE_10060,11203052964,11,0,GGGGGGGGGGGr,r,False,True,False,11
127.5,NODE_122781,11203041635,4,0,GGGGr,r,False,True,False,4
127.5,NODE_14937,11139418723,2,0,GGr,r,False,True,False,2
127.5,NODE_5647,10974501473,4,0,GGGGr,r,False,True,False,4
127.5,NODE_6342,11203041633,9,0,GGGGGGGGGr,r,False,True,False,9
127.5,NODE_5938,5851251266,16,0,gGGGGGGGGrrrrrrrG,G,True,False,False,9
128.0,NODE_10060,11203052964,11,0,GGGGGGGGGGGr,r,False,True,False,11
128.0,NODE_122781,11203041635,4,0,GGGGr,r,False,True,False,4
128.0,NODE_14937,11139418723,2,0,GGr,r,False,True,False,2
128.0,NODE_5647,10974501473,4,0,GGGGr,r,False,True,False,4
128.0,NODE_6342,11203041633,9,0,GGGGGGGGGr,r,False,True,False,9
128.0,NODE_5938,5851251266,16,0,gGGGGGGGGrrrrrrrG,G,True,False,False,9
128.5,NODE_10060,11203052964,11,0,GGGGGGGGGGGr,r,False,True,False,11
128.5,NODE_122781,11203041635,4,0,GGGGr,r,False,True,False,4
128.5,NODE_14937,11139418723,2,0,GGr,r,False,True,False,2
128.5,NODE_5647,10974501473,4,0,GGGGr,r,False,True,False,4
128.5,NODE_6342,11203041633,9,0,GGGGGGGGGr,r,False,True,False,9
128.5,NODE_5938,5851251266,16,0,gGGGGGGGGrrrrrrrG,G,True,False,False,9
129.0,NODE_10060,11203052964,11,0,GGGGGGGGGGGr,r,False,True,False,11
129.0,NODE_122781,11203041635,4,0,GGGGr,r,False,True,False,4
129.0,NODE_14937,11139418723,2,0,GGr,r,False,True,False,2
129.0,NODE_5647,10974501473,4,0,GGGGr,r,False,True,False,4
129.0,NODE_6342,11203041633,9,0,GGGGGGGGGr,r,False,True,False,9
129.0,NODE_5938,5851251266,16,0,gGGGGGGGGrrrrrrrG,G,True,False,False,9
129.5,NODE_10060,11203052964,11,0,GGGGGGGGGGGr,r,False,True,False,11
129.5,NODE_122781,11203041635,4,0,GGGGr,r,False,True,False,4
129.5,NODE_14937,11139418723,2,0,GGr,r,False,True,False,2
129.5,NODE_5647,10974501473,4,0,GGGGr,r,False,True,False,4
129.5,NODE_6342,11203041633,9,0,GGGGGGGGGr,r,False,True,False,9
129.5,NODE_5938,5851251266,16,0,gGGGGGGGGrrrrrrrG,G,True,False,False,9
130.0,NODE_10060,11203052964,11,0,GGGGGGGGGGGr,r,False,True,False,11
130.0,NODE_122781,11203041635,4,0,GGGGr,r,False,True,False,4
130.0,NODE_14937,11139418723,2,0,GGr,r,False,True,False,2
130.0,NODE_5647,10974501473,4,0,GGGGr,r,False,True,False,4
130.0,NODE_6342,11203041633,9,0,GGGGGGGGGr,r,False,True,False,9
130.0,NODE_5938,5851251266,16,0,gGGGGGGGGrrrrrrrG,G,True,False,False,9
130.5,NODE_10060,11203052964,11,0,GGGGGGGGGGGr,r,False,True,False,11
130.5,NODE_122781,11203041635,4,0,GGGGr,r,False,True,False,4
130.5,NODE_14937,11139418723,2,0,GGr,r,False,True,False,2
130.5,NODE_5647,10974501473,4,0,GGGGr,r,False,True,False,4
130.5,NODE_6342,11203041633,9,0,GGGGGGGGGr,r,False,True,False,9
130.5,NODE_5938,5851251266,16,0,gGGGGGGGGrrrrrrrG,G,True,False,False,9
131.0,NODE_10060,11203052964,11,0,GGGGGGGGGGGr,r,False,True,False,11
131.0,NODE_122781,11203041635,4,0,GGGGr,r,False,True,False,4
131.0,NODE_14937,11139418723,2,0,GGr,r,False,True,False,2
131.0,NODE_5647,10974501473,4,0,GGGGr,r,False,True,False,4
131.0,NODE_6342,11203041633,9,0,GGGGGGGGGr,r,False,True,False,9
131.0,NODE_5938,5851251266,16,0,gGGGGGGGGrrrrrrrG,G,True,False,False,9
131.5,NODE_10060,11203052964,11,0,GGGGGGGGGGGr,r,False,True,False,11
131.5,NODE_122781,11203041635,4,0,GGGGr,r,False,True,False,4
131.5,NODE_14937,11139418723,2,0,GGr,r,False,True,False,2
131.5,NODE_5647,10974501473,4,0,GGGGr,r,False,True,False,4
131.5,NODE_6342,11203041633,9,0,GGGGGGGGGr,r,False,True,False,9
131.5,NODE_5938,5851251266,16,0,gGGGGGGGGrrrrrrrG,G,True,False,False,9
132.0,NODE_10060,11203052964,11,0,GGGGGGGGGGGr,r,False,True,False,11
132.0,NODE_122781,11203041635,4,0,GGGGr,r,False,True,False,4
132.0,NODE_14937,11139418723,2,0,GGr,r,False,True,False,2
132.0,NODE_5647,10974501473,4,0,GGGGr,r,False,True,False,4
132.0,NODE_6342,11203041633,9,0,GGGGGGGGGr,r,False,True,False,9
132.0,NODE_5938,5851251266,16,0,gGGGGGGGGrrrrrrrG,G,True,False,False,9
132.5,NODE_10060,11203052964,11,0,GGGGGGGGGGGr,r,False,True,False,11
132.5,NODE_122781,11203041635,4,0,GGGGr,r,False,True,False,4
132.5,NODE_14937,11139418723,2,0,GGr,r,False,True,False,2
132.5,NODE_5647,10974501473,4,0,GGGGr,r,False,True,False,4
132.5,NODE_6342,11203041633,9,0,GGGGGGGGGr,r,False,True,False,9
132.5,NODE_5938,5851251266,16,0,gGGGGGGGGrrrrrrrG,G,True,False,False,9
133.0,NODE_10060,11203052964,11,0,GGGGGGGGGGGr,r,False,True,False,11
133.0,NODE_122781,11203041635,4,0,GGGGr,r,False,True,False,4
133.0,NODE_14937,11139418723,2,0,GGr,r,False,True,False,2
133.0,NODE_5647,10974501473,4,0,GGGGr,r,False,True,False,4
133.0,NODE_6342,11203041633,9,0,GGGGGGGGGr,r,False,True,False,9
133.0,NODE_5938,5851251266,16,0,gGGGGGGGGrrrrrrrG,G,True,False,False,9
133.5,NODE_10060,11203052964,11,0,GGGGGGGGGGGr,r,False,True,False,11
133.5,NODE_122781,11203041635,4,0,GGGGr,r,False,True,False,4
133.5,NODE_14937,11139418723,2,0,GGr,r,False,True,False,2
133.5,NODE_5647,10974501473,4,0,GGGGr,r,False,True,False,4
133.5,NODE_6342,11203041633,9,0,GGGGGGGGGr,r,False,True,False,9
133.5,NODE_5938,5851251266,16,0,gGGGGGGGGrrrrrrrG,G,True,False,False,9
134.0,NODE_10060,11203052964,11,0,GGGGGGGGGGGr,r,False,True,False,11
134.0,NODE_122781,11203041635,4,0,GGGGr,r,False,True,False,4
134.0,NODE_14937,11139418723,2,0,GGr,r,False,True,False,2
134.0,NODE_5647,10974501473,4,0,GGGGr,r,False,True,False,4
134.0,NODE_6342,11203041633,9,0,GGGGGGGGGr,r,False,True,False,9
134.0,NODE_5938,5851251266,16,0,gGGGGGGGGrrrrrrrG,G,True,False,False,9
134.5,NODE_10060,11203052964,11,0,GGGGGGGGGGGr,r,False,True,False,11
134.5,NODE_122781,11203041635,4,0,GGGGr,r,False,True,False,4
134.5,NODE_14937,11139418723,2,0,GGr,r,False,True,False,2
134.5,NODE_5647,10974501473,4,0,GGGGr,r,False,True,False,4
134.5,NODE_6342,11203041633,9,0,GGGGGGGGGr,r,False,True,False,9
134.5,NODE_5938,5851251266,16,1,gGGGGGGGGrrrrrrrr,r,False,True,False,9
135.0,NODE_10060,11203052964,11,0,GGGGGGGGGGGr,r,False,True,False,11
135.0,NODE_122781,11203041635,4,0,GGGGr,r,False,True,False,4
135.0,NODE_14937,11139418723,2,0,GGr,r,False,True,False,2
135.0,NODE_5647,10974501473,4,0,GGGGr,r,False,True,False,4
135.0,NODE_6342,11203041633,9,0,GGGGGGGGGr,r,False,True,False,9
135.0,NODE_5938,5851251266,16,1,gGGGGGGGGrrrrrrrr,r,False,True,False,9
135.5,NODE_10060,11203052964,11,0,GGGGGGGGGGGr,r,False,True,False,11
135.5,NODE_122781,11203041635,4,0,GGGGr,r,False,True,False,4
135.5,NODE_14937,11139418723,2,0,GGr,r,False,True,False,2
135.5,NODE_5647,10974501473,4,0,GGGGr,r,False,True,False,4
135.5,NODE_6342,11203041633,9,0,GGGGGGGGGr,r,False,True,False,9
135.5,NODE_5938,5851251266,16,1,gGGGGGGGGrrrrrrrr,r,False,True,False,9
136.0,NODE_10060,11203052964,11,0,GGGGGGGGGGGr,r,False,True,False,11
136.0,NODE_122781,11203041635,4,0,GGGGr,r,False,True,False,4
136.0,NODE_14937,11139418723,2,0,GGr,r,False,True,False,2
136.0,NODE_5647,10974501473,4,0,GGGGr,r,False,True,False,4
136.0,NODE_6342,11203041633,9,0,GGGGGGGGGr,r,False,True,False,9
136.0,NODE_5938,5851251266,16,1,gGGGGGGGGrrrrrrrr,r,False,True,False,9
136.5,NODE_10060,11203052964,11,0,GGGGGGGGGGGr,r,False,True,False,11
136.5,NODE_122781,11203041635,4,0,GGGGr,r,False,True,False,4
136.5,NODE_14937,11139418723,2,0,GGr,r,False,True,False,2
136.5,NODE_5647,10974501473,4,0,GGGGr,r,False,True,False,4
136.5,NODE_6342,11203041633,9,0,GGGGGGGGGr,r,False,True,False,9
136.5,NODE_5938,5851251266,16,1,gGGGGGGGGrrrrrrrr,r,False,True,False,9
137.0,NODE_10060,11203052964,11,0,GGGGGGGGGGGr,r,False,True,False,11
137.0,NODE_122781,11203041635,4,0,GGGGr,r,False,True,False,4
137.0,NODE_14937,11139418723,2,0,GGr,r,False,True,False,2
137.0,NODE_5647,10974501473,4,0,GGGGr,r,False,True,False,4
137.0,NODE_6342,11203041633,9,0,GGGGGGGGGr,r,False,True,False,9
137.0,NODE_5938,5851251266,16,1,gGGGGGGGGrrrrrrrr,r,False,True,False,9
137.5,NODE_10060,11203052964,11,0,GGGGGGGGGGGr,r,False,True,False,11
137.5,NODE_122781,11203041635,4,0,GGGGr,r,False,True,False,4
137.5,NODE_14937,11139418723,2,0,GGr,r,False,True,False,2
137.5,NODE_5647,10974501473,4,0,GGGGr,r,False,True,False,4
137.5,NODE_6342,11203041633,9,0,GGGGGGGGGr,r,False,True,False,9
137.5,NODE_5938,5851251266,16,2,Gyyyyyyyyrrrrrrrr,r,False,True,False,1
138.0,NODE_10060,11203052964,11,0,GGGGGGGGGGGr,r,False,True,False,11
138.0,NODE_122781,11203041635,4,0,GGGGr,r,False,True,False,4
138.0,NODE_14937,11139418723,2,0,GGr,r,False,True,False,2
138.0,NODE_5647,10974501473,4,0,GGGGr,r,False,True,False,4
138.0,NODE_6342,11203041633,9,0,GGGGGGGGGr,r,False,True,False,9
138.0,NODE_5938,5851251266,16,2,Gyyyyyyyyrrrrrrrr,r,False,True,False,1
138.5,NODE_10060,11203052964,11,0,GGGGGGGGGGGr,r,False,True,False,11
138.5,NODE_122781,11203041635,4,0,GGGGr,r,False,True,False,4
138.5,NODE_14937,11139418723,2,0,GGr,r,False,True,False,2
138.5,NODE_5647,10974501473,4,0,GGGGr,r,False,True,False,4
138.5,NODE_6342,11203041633,9,0,GGGGGGGGGr,r,False,True,False,9
138.5,NODE_5938,5851251266,16,2,Gyyyyyyyyrrrrrrrr,r,False,True,False,1
139.0,NODE_10060,11203052964,11,0,GGGGGGGGGGGr,r,False,True,False,11
139.0,NODE_122781,11203041635,4,0,GGGGr,r,False,True,False,4
139.0,NODE_14937,11139418723,2,0,GGr,r,False,True,False,2
139.0,NODE_5647,10974501473,4,0,GGGGr,r,False,True,False,4
139.0,NODE_6342,11203041633,9,0,GGGGGGGGGr,r,False,True,False,9
139.0,NODE_5938,5851251266,16,2,Gyyyyyyyyrrrrrrrr,r,False,True,False,1
139.5,NODE_10060,11203052964,11,0,GGGGGGGGGGGr,r,False,True,False,11
139.5,NODE_122781,11203041635,4,0,GGGGr,r,False,True,False,4
139.5,NODE_14937,11139418723,2,0,GGr,r,False,True,False,2
139.5,NODE_5647,10974501473,4,0,GGGGr,r,False,True,False,4
139.5,NODE_6342,11203041633,9,0,GGGGGGGGGr,r,False,True,False,9
139.5,NODE_5938,5851251266,16,2,Gyyyyyyyyrrrrrrrr,r,False,True,False,1
140.0,NODE_10060,11203052964,11,0,GGGGGGGGGGGr,r,False,True,False,11
140.0,NODE_122781,11203041635,4,0,GGGGr,r,False,True,False,4
140.0,NODE_14937,11139418723,2,0,GGr,r,False,True,False,2
140.0,NODE_5647,10974501473,4,0,GGGGr,r,False,True,False,4
140.0,NODE_6342,11203041633,9,0,GGGGGGGGGr,r,False,True,False,9
140.0,NODE_5938,5851251266,16,2,Gyyyyyyyyrrrrrrrr,r,False,True,False,1
140.5,NODE_10060,11203052964,11,0,GGGGGGGGGGGr,r,False,True,False,11
140.5,NODE_122781,11203041635,4,0,GGGGr,r,False,True,False,4
140.5,NODE_14937,11139418723,2,0,GGr,r,False,True,False,2
140.5,NODE_5647,10974501473,4,0,GGGGr,r,False,True,False,4
140.5,NODE_6342,11203041633,9,0,GGGGGGGGGr,r,False,True,False,9
140.5,NODE_5938,5851251266,16,2,Gyyyyyyyyrrrrrrrr,r,False,True,False,1
141.0,NODE_10060,11203052964,11,0,GGGGGGGGGGGr,r,False,True,False,11
141.0,NODE_122781,11203041635,4,0,GGGGr,r,False,True,False,4
141.0,NODE_14937,11139418723,2,0,GGr,r,False,True,False,2
141.0,NODE_5647,10974501473,4,0,GGGGr,r,False,True,False,4
141.0,NODE_6342,11203041633,9,0,GGGGGGGGGr,r,False,True,False,9
141.0,NODE_5938,5851251266,16,2,Gyyyyyyyyrrrrrrrr,r,False,True,False,1
141.5,NODE_10060,11203052964,11,0,GGGGGGGGGGGr,r,False,True,False,11
141.5,NODE_122781,11203041635,4,0,GGGGr,r,False,True,False,4
141.5,NODE_14937,11139418723,2,0,GGr,r,False,True,False,2
141.5,NODE_5647,10974501473,4,0,GGGGr,r,False,True,False,4
141.5,NODE_6342,11203041633,9,0,GGGGGGGGGr,r,False,True,False,9
141.5,NODE_5938,5851251266,16,3,GrrrrrrrrGGGGGGgr,r,False,True,False,8
142.0,NODE_10060,11203052964,11,0,GGGGGGGGGGGr,r,False,True,False,11
142.0,NODE_122781,11203041635,4,0,GGGGr,r,False,True,False,4
142.0,NODE_14937,11139418723,2,0,GGr,r,False,True,False,2
142.0,NODE_5647,10974501473,4,0,GGGGr,r,False,True,False,4
142.0,NODE_6342,11203041633,9,0,GGGGGGGGGr,r,False,True,False,9
142.0,NODE_5938,5851251266,16,3,GrrrrrrrrGGGGGGgr,r,False,True,False,8
142.5,NODE_10060,11203052964,11,0,GGGGGGGGGGGr,r,False,True,False,11
142.5,NODE_122781,11203041635,4,0,GGGGr,r,False,True,False,4
142.5,NODE_14937,11139418723,2,0,GGr,r,False,True,False,2
142.5,NODE_5647,10974501473,4,0,GGGGr,r,False,True,False,4
142.5,NODE_6342,11203041633,9,0,GGGGGGGGGr,r,False,True,False,9
142.5,NODE_5938,5851251266,16,3,GrrrrrrrrGGGGGGgr,r,False,True,False,8
143.0,NODE_10060,11203052964,11,0,GGGGGGGGGGGr,r,False,True,False,11
143.0,NODE_122781,11203041635,4,0,GGGGr,r,False,True,False,4
143.0,NODE_14937,11139418723,2,0,GGr,r,False,True,False,2
143.0,NODE_5647,10974501473,4,0,GGGGr,r,False,True,False,4
143.0,NODE_6342,11203041633,9,0,GGGGGGGGGr,r,False,True,False,9
143.0,NODE_5938,5851251266,16,3,GrrrrrrrrGGGGGGgr,r,False,True,False,8
143.5,NODE_10060,11203052964,11,0,GGGGGGGGGGGr,r,False,True,False,11
143.5,NODE_122781,11203041635,4,0,GGGGr,r,False,True,False,4
143.5,NODE_14937,11139418723,2,0,GGr,r,False,True,False,2
143.5,NODE_5647,10974501473,4,0,GGGGr,r,False,True,False,4
143.5,NODE_6342,11203041633,9,0,GGGGGGGGGr,r,False,True,False,9
143.5,NODE_5938,5851251266,16,3,GrrrrrrrrGGGGGGgr,r,False,True,False,8
144.0,NODE_10060,11203052964,11,0,GGGGGGGGGGGr,r,False,True,False,11
144.0,NODE_122781,11203041635,4,0,GGGGr,r,False,True,False,4
144.0,NODE_14937,11139418723,2,0,GGr,r,False,True,False,2
144.0,NODE_5647,10974501473,4,0,GGGGr,r,False,True,False,4
144.0,NODE_6342,11203041633,9,0,GGGGGGGGGr,r,False,True,False,9
144.0,NODE_5938,5851251266,16,3,GrrrrrrrrGGGGGGgr,r,False,True,False,8
144.5,NODE_10060,11203052964,11,0,GGGGGGGGGGGr,r,False,True,False,11
144.5,NODE_122781,11203041635,4,0,GGGGr,r,False,True,False,4
144.5,NODE_14937,11139418723,2,0,GGr,r,False,True,False,2
144.5,NODE_5647,10974501473,4,0,GGGGr,r,False,True,False,4
144.5,NODE_6342,11203041633,9,0,GGGGGGGGGr,r,False,True,False,9
144.5,NODE_5938,5851251266,16,3,GrrrrrrrrGGGGGGgr,r,False,True,False,8
145.0,NODE_10060,11203052964,11,0,GGGGGGGGGGGr,r,False,True,False,11
145.0,NODE_122781,11203041635,4,0,GGGGr,r,False,True,False,4
145.0,NODE_14937,11139418723,2,0,GGr,r,False,True,False,2
145.0,NODE_5647,10974501473,4,0,GGGGr,r,False,True,False,4
145.0,NODE_6342,11203041633,9,0,GGGGGGGGGr,r,False,True,False,9
145.0,NODE_5938,5851251266,16,3,GrrrrrrrrGGGGGGgr,r,False,True,False,8
145.5,NODE_10060,11203052964,11,0,GGGGGGGGGGGr,r,False,True,False,11
145.5,NODE_122781,11203041635,4,0,GGGGr,r,False,True,False,4
145.5,NODE_14937,11139418723,2,0,GGr,r,False,True,False,2
145.5,NODE_5647,10974501473,4,0,GGGGr,r,False,True,False,4
145.5,NODE_6342,11203041633,9,0,GGGGGGGGGr,r,False,True,False,9
145.5,NODE_5938,5851251266,16,3,GrrrrrrrrGGGGGGgr,r,False,True,False,8
146.0,NODE_10060,11203052964,11,0,GGGGGGGGGGGr,r,False,True,False,11
146.0,NODE_122781,11203041635,4,0,GGGGr,r,False,True,False,4
146.0,NODE_14937,11139418723,2,0,GGr,r,False,True,False,2
146.0,NODE_5647,10974501473,4,0,GGGGr,r,False,True,False,4
146.0,NODE_6342,11203041633,9,0,GGGGGGGGGr,r,False,True,False,9
146.0,NODE_5938,5851251266,16,3,GrrrrrrrrGGGGGGgr,r,False,True,False,8
146.5,NODE_10060,11203052964,11,0,GGGGGGGGGGGr,r,False,True,False,11
146.5,NODE_122781,11203041635,4,0,GGGGr,r,False,True,False,4
146.5,NODE_14937,11139418723,2,0,GGr,r,False,True,False,2
146.5,NODE_5647,10974501473,4,0,GGGGr,r,False,True,False,4
146.5,NODE_6342,11203041633,9,0,GGGGGGGGGr,r,False,True,False,9
146.5,NODE_5938,5851251266,16,3,GrrrrrrrrGGGGGGgr,r,False,True,False,8
147.0,NODE_10060,11203052964,11,0,GGGGGGGGGGGr,r,False,True,False,11
147.0,NODE_122781,11203041635,4,0,GGGGr,r,False,True,False,4
147.0,NODE_14937,11139418723,2,0,GGr,r,False,True,False,2
147.0,NODE_5647,10974501473,4,0,GGGGr,r,False,True,False,4
147.0,NODE_6342,11203041633,9,0,GGGGGGGGGr,r,False,True,False,9
147.0,NODE_5938,5851251266,16,3,GrrrrrrrrGGGGGGgr,r,False,True,False,8
147.5,NODE_10060,11203052964,11,0,GGGGGGGGGGGr,r,False,True,False,11
147.5,NODE_122781,11203041635,4,0,GGGGr,r,False,True,False,4
147.5,NODE_14937,11139418723,2,0,GGr,r,False,True,False,2
147.5,NODE_5647,10974501473,4,0,GGGGr,r,False,True,False,4
147.5,NODE_6342,11203041633,9,0,GGGGGGGGGr,r,False,True,False,9
147.5,NODE_5938,5851251266,16,3,GrrrrrrrrGGGGGGgr,r,False,True,False,8
148.0,NODE_10060,11203052964,11,0,GGGGGGGGGGGr,r,False,True,False,11
148.0,NODE_122781,11203041635,4,0,GGGGr,r,False,True,False,4
148.0,NODE_14937,11139418723,2,0,GGr,r,False,True,False,2
148.0,NODE_5647,10974501473,4,0,GGGGr,r,False,True,False,4
148.0,NODE_6342,11203041633,9,0,GGGGGGGGGr,r,False,True,False,9
148.0,NODE_5938,5851251266,16,3,GrrrrrrrrGGGGGGgr,r,False,True,False,8
148.5,NODE_10060,11203052964,11,0,GGGGGGGGGGGr,r,False,True,False,11
148.5,NODE_122781,11203041635,4,0,GGGGr,r,False,True,False,4
148.5,NODE_14937,11139418723,2,0,GGr,r,False,True,False,2
148.5,NODE_5647,10974501473,4,0,GGGGr,r,False,True,False,4
148.5,NODE_6342,11203041633,9,0,GGGGGGGGGr,r,False,True,False,9
148.5,NODE_5938,5851251266,16,3,GrrrrrrrrGGGGGGgr,r,False,True,False,8
149.0,NODE_10060,11203052964,11,0,GGGGGGGGGGGr,r,False,True,False,11
149.0,NODE_122781,11203041635,4,0,GGGGr,r,False,True,False,4
149.0,NODE_14937,11139418723,2,0,GGr,r,False,True,False,2
149.0,NODE_5647,10974501473,4,0,GGGGr,r,False,True,False,4
149.0,NODE_6342,11203041633,9,0,GGGGGGGGGr,r,False,True,False,9
149.0,NODE_5938,5851251266,16,3,GrrrrrrrrGGGGGGgr,r,False,True,False,8
149.5,NODE_10060,11203052964,11,0,GGGGGGGGGGGr,r,False,True,False,11
149.5,NODE_122781,11203041635,4,0,GGGGr,r,False,True,False,4
149.5,NODE_14937,11139418723,2,0,GGr,r,False,True,False,2
149.5,NODE_5647,10974501473,4,0,GGGGr,r,False,True,False,4
149.5,NODE_6342,11203041633,9,0,GGGGGGGGGr,r,False,True,False,9
149.5,NODE_5938,5851251266,16,3,GrrrrrrrrGGGGGGgr,r,False,True,False,8
150.0,NODE_10060,11203052964,11,0,GGGGGGGGGGGr,r,False,True,False,11
150.0,NODE_122781,11203041635,4,0,GGGGr,r,False,True,False,4
150.0,NODE_14937,11139418723,2,0,GGr,r,False,True,False,2
150.0,NODE_5647,10974501473,4,0,GGGGr,r,False,True,False,4
150.0,NODE_6342,11203041633,9,0,GGGGGGGGGr,r,False,True,False,9
150.0,NODE_5938,5851251266,16,3,GrrrrrrrrGGGGGGgr,r,False,True,False,8
