sim_time,crosswalk_id,tls_id,ped_link_index,current_phase_index,current_tls_state,ped_link_state,is_ped_green,is_pedestrian_only_phase,ped_near,detected_person_ids,remaining_phase_time,next_switch_time,extension_allowed,extension_decision,extension_skip_reason
0.5,LINK_212169,11449716078,5,0,gGrrrGr,G,True,False,0,,35.5,36.0,False,False,scenario_baseline
0.5,NODE_8452,3846603653,2,0,GGr,r,False,False,0,,78.5,79.0,False,False,scenario_baseline
0.5,NODE_6082,11449716078,5,0,gGrrrGr,G,True,False,0,,35.5,36.0,False,False,scenario_baseline
0.5,NODE_6123,7300992884,5,0,GgGrrrr,r,False,False,0,,63.5,64.0,False,False,scenario_baseline
0.5,NODE_8426,3849142980,16,0,gggGrrrrrrrrrrrrrGGG,r,False,False,0,,13.5,14.0,False,False,scenario_baseline
0.5,NODE_74388,436883130,16,0,GGrrrrrrgGrrrrrrG,G,True,False,0,,31.5,32.0,False,False,scenario_baseline
0.5,NODE_10273,3846533030,12,0,rrrgGGgGGrrGr,r,False,False,0,,29.5,30.0,False,False,scenario_baseline
1.0,LINK_212169,11449716078,5,0,gGrrrGr,G,True,False,0,,35.0,36.0,False,False,scenario_baseline
1.0,NODE_8452,3846603653,2,0,GGr,r,False,False,0,,78.0,79.0,False,False,scenario_baseline
1.0,NODE_6082,11449716078,5,0,gGrrrGr,G,True,False,0,,35.0,36.0,False,False,scenario_baseline
1.0,NODE_6123,7300992884,5,0,GgGrrrr,r,False,False,0,,63.0,64.0,False,False,scenario_baseline
1.0,NODE_8426,3849142980,16,0,gggGrrrrrrrrrrrrrGGG,r,False,False,0,,13.0,14.0,False,False,scenario_baseline
1.0,NODE_74388,436883130,16,0,GGrrrrrrgGrrrrrrG,G,True,False,0,,31.0,32.0,False,False,scenario_baseline
1.0,NODE_10273,3846533030,12,0,rrrgGGgGGrrGr,r,False,False,0,,29.0,30.0,False,False,scenario_baseline
1.5,LINK_212169,11449716078,5,0,gGrrrGr,G,True,False,0,,34.5,36.0,False,False,scenario_baseline
1.5,NODE_8452,3846603653,2,0,GGr,r,False,False,0,,77.5,79.0,False,False,scenario_baseline
1.5,NODE_6082,11449716078,5,0,gGrrrGr,G,True,False,0,,34.5,36.0,False,False,scenario_baseline
1.5,NODE_6123,7300992884,5,0,GgGrrrr,r,False,False,0,,62.5,64.0,False,False,scenario_baseline
1.5,NODE_8426,3849142980,16,0,gggGrrrrrrrrrrrrrGGG,r,False,False,0,,12.5,14.0,False,False,scenario_baseline
1.5,NODE_74388,436883130,16,0,GGrrrrrrgGrrrrrrG,G,True,False,0,,30.5,32.0,False,False,scenario_baseline
1.5,NODE_10273,3846533030,12,0,rrrgGGgGGrrGr,r,False,False,0,,28.5,30.0,False,False,scenario_baseline
2.0,LINK_212169,11449716078,5,0,gGrrrGr,G,True,False,0,,34.0,36.0,False,False,scenario_baseline
2.0,NODE_8452,3846603653,2,0,GGr,r,False,False,0,,77.0,79.0,False,False,scenario_baseline
2.0,NODE_6082,11449716078,5,0,gGrrrGr,G,True,False,0,,34.0,36.0,False,False,scenario_baseline
2.0,NODE_6123,7300992884,5,0,GgGrrrr,r,False,False,0,,62.0,64.0,False,False,scenario_baseline
2.0,NODE_8426,3849142980,16,0,gggGrrrrrrrrrrrrrGGG,r,False,False,0,,12.0,14.0,False,False,scenario_baseline
2.0,NODE_74388,436883130,16,0,GGrrrrrrgGrrrrrrG,G,True,False,0,,30.0,32.0,False,False,scenario_baseline
2.0,NODE_10273,3846533030,12,0,rrrgGGgGGrrGr,r,False,False,0,,28.0,30.0,False,False,scenario_baseline
2.5,LINK_212169,11449716078,5,0,gGrrrGr,G,True,False,0,,33.5,36.0,False,False,scenario_baseline
2.5,NODE_8452,3846603653,2,0,GGr,r,False,False,0,,76.5,79.0,False,False,scenario_baseline
2.5,NODE_6082,11449716078,5,0,gGrrrGr,G,True,False,0,,33.5,36.0,False,False,scenario_baseline
2.5,NODE_6123,7300992884,5,0,GgGrrrr,r,False,False,0,,61.5,64.0,False,False,scenario_baseline
2.5,NODE_8426,3849142980,16,0,gggGrrrrrrrrrrrrrGGG,r,False,False,0,,11.5,14.0,False,False,scenario_baseline
2.5,NODE_74388,436883130,16,0,GGrrrrrrgGrrrrrrG,G,True,False,0,,29.5,32.0,False,False,scenario_baseline
2.5,NODE_10273,3846533030,12,0,rrrgGGgGGrrGr,r,False,False,0,,27.5,30.0,False,False,scenario_baseline
3.0,LINK_212169,11449716078,5,0,gGrrrGr,G,True,False,0,,33.0,36.0,False,False,scenario_baseline
3.0,NODE_8452,3846603653,2,0,GGr,r,False,False,0,,76.0,79.0,False,False,scenario_baseline
3.0,NODE_6082,11449716078,5,0,gGrrrGr,G,True,False,0,,33.0,36.0,False,False,scenario_baseline
3.0,NODE_6123,7300992884,5,0,GgGrrrr,r,False,False,0,,61.0,64.0,False,False,scenario_baseline
3.0,NODE_8426,3849142980,16,0,gggGrrrrrrrrrrrrrGGG,r,False,False,0,,11.0,14.0,False,False,scenario_baseline
3.0,NODE_74388,436883130,16,0,GGrrrrrrgGrrrrrrG,G,True,False,0,,29.0,32.0,False,False,scenario_baseline
3.0,NODE_10273,3846533030,12,0,rrrgGGgGGrrGr,r,False,False,0,,27.0,30.0,False,False,scenario_baseline
3.5,LINK_212169,11449716078,5,0,gGrrrGr,G,True,False,0,,32.5,36.0,False,False,scenario_baseline
3.5,NODE_8452,3846603653,2,0,GGr,r,False,False,0,,75.5,79.0,False,False,scenario_baseline
3.5,NODE_6082,11449716078,5,0,gGrrrGr,G,True,False,0,,32.5,36.0,False,False,scenario_baseline
3.5,NODE_6123,7300992884,5,0,GgGrrrr,r,False,False,0,,60.5,64.0,False,False,scenario_baseline
3.5,NODE_8426,3849142980,16,0,gggGrrrrrrrrrrrrrGGG,r,False,False,0,,10.5,14.0,False,False,scenario_baseline
3.5,NODE_74388,436883130,16,0,GGrrrrrrgGrrrrrrG,G,True,False,0,,28.5,32.0,False,False,scenario_baseline
3.5,NODE_10273,3846533030,12,0,rrrgGGgGGrrGr,r,False,False,0,,26.5,30.0,False,False,scenario_baseline
4.0,LINK_212169,11449716078,5,0,gGrrrGr,G,True,False,0,,32.0,36.0,False,False,scenario_baseline
4.0,NODE_8452,3846603653,2,0,GGr,r,False,False,0,,75.0,79.0,False,False,scenario_baseline
4.0,NODE_6082,11449716078,5,0,gGrrrGr,G,True,False,0,,32.0,36.0,False,False,scenario_baseline
4.0,NODE_6123,7300992884,5,0,GgGrrrr,r,False,False,0,,60.0,64.0,False,False,scenario_baseline
4.0,NODE_8426,3849142980,16,0,gggGrrrrrrrrrrrrrGGG,r,False,False,0,,10.0,14.0,False,False,scenario_baseline
4.0,NODE_74388,436883130,16,0,GGrrrrrrgGrrrrrrG,G,True,False,0,,28.0,32.0,False,False,scenario_baseline
4.0,NODE_10273,3846533030,12,0,rrrgGGgGGrrGr,r,False,False,0,,26.0,30.0,False,False,scenario_baseline
4.5,LINK_212169,11449716078,5,0,gGrrrGr,G,True,False,0,,31.5,36.0,False,False,scenario_baseline
4.5,NODE_8452,3846603653,2,0,GGr,r,False,False,0,,74.5,79.0,False,False,scenario_baseline
4.5,NODE_6082,11449716078,5,0,gGrrrGr,G,True,False,0,,31.5,36.0,False,False,scenario_baseline
4.5,NODE_6123,7300992884,5,0,GgGrrrr,r,False,False,0,,59.5,64.0,False,False,scenario_baseline
4.5,NODE_8426,3849142980,16,0,gggGrrrrrrrrrrrrrGGG,r,False,False,0,,9.5,14.0,False,False,scenario_baseline
4.5,NODE_74388,436883130,16,0,GGrrrrrrgGrrrrrrG,G,True,False,0,,27.5,32.0,False,False,scenario_baseline
4.5,NODE_10273,3846533030,12,0,rrrgGGgGGrrGr,r,False,False,0,,25.5,30.0,False,False,scenario_baseline
5.0,LINK_212169,11449716078,5,0,gGrrrGr,G,True,False,0,,31.0,36.0,False,False,scenario_baseline
5.0,NODE_8452,3846603653,2,0,GGr,r,False,False,0,,74.0,79.0,False,False,scenario_baseline
5.0,NODE_6082,11449716078,5,0,gGrrrGr,G,True,False,0,,31.0,36.0,False,False,scenario_baseline
5.0,NODE_6123,7300992884,5,0,GgGrrrr,r,False,False,0,,59.0,64.0,False,False,scenario_baseline
5.0,NODE_8426,3849142980,16,0,gggGrrrrrrrrrrrrrGGG,r,False,False,0,,9.0,14.0,False,False,scenario_baseline
5.0,NODE_74388,436883130,16,0,GGrrrrrrgGrrrrrrG,G,True,False,0,,27.0,32.0,False,False,scenario_baseline
5.0,NODE_10273,3846533030,12,0,rrrgGGgGGrrGr,r,False,False,0,,25.0,30.0,False,False,scenario_baseline
5.5,LINK_212169,11449716078,5,0,gGrrrGr,G,True,False,0,,30.5,36.0,False,False,scenario_baseline
5.5,NODE_8452,3846603653,2,0,GGr,r,False,False,0,,73.5,79.0,False,False,scenario_baseline
5.5,NODE_6082,11449716078,5,0,gGrrrGr,G,True,False,0,,30.5,36.0,False,False,scenario_baseline
5.5,NODE_6123,7300992884,5,0,GgGrrrr,r,False,False,0,,58.5,64.0,False,False,scenario_baseline
5.5,NODE_8426,3849142980,16,0,gggGrrrrrrrrrrrrrGGG,r,False,False,0,,8.5,14.0,False,False,scenario_baseline
5.5,NODE_74388,436883130,16,0,GGrrrrrrgGrrrrrrG,G,True,False,0,,26.5,32.0,False,False,scenario_baseline
5.5,NODE_10273,3846533030,12,0,rrrgGGgGGrrGr,r,False,False,0,,24.5,30.0,False,False,scenario_baseline
6.0,LINK_212169,11449716078,5,0,gGrrrGr,G,True,False,0,,30.0,36.0,False,False,scenario_baseline
6.0,NODE_8452,3846603653,2,0,GGr,r,False,False,0,,73.0,79.0,False,False,scenario_baseline
6.0,NODE_6082,11449716078,5,0,gGrrrGr,G,True,False,0,,30.0,36.0,False,False,scenario_baseline
6.0,NODE_6123,7300992884,5,0,GgGrrrr,r,False,False,0,,58.0,64.0,False,False,scenario_baseline
6.0,NODE_8426,3849142980,16,0,gggGrrrrrrrrrrrrrGGG,r,False,False,0,,8.0,14.0,False,False,scenario_baseline
6.0,NODE_74388,436883130,16,0,GGrrrrrrgGrrrrrrG,G,True,False,0,,26.0,32.0,False,False,scenario_baseline
6.0,NODE_10273,3846533030,12,0,rrrgGGgGGrrGr,r,False,False,0,,24.0,30.0,False,False,scenario_baseline
6.5,LINK_212169,11449716078,5,0,gGrrrGr,G,True,False,0,,29.5,36.0,False,False,scenario_baseline
6.5,NODE_8452,3846603653,2,0,GGr,r,False,False,0,,72.5,79.0,False,False,scenario_baseline
6.5,NODE_6082,11449716078,5,0,gGrrrGr,G,True,False,0,,29.5,36.0,False,False,scenario_baseline
6.5,NODE_6123,7300992884,5,0,GgGrrrr,r,False,False,0,,57.5,64.0,False,False,scenario_baseline
6.5,NODE_8426,3849142980,16,0,gggGrrrrrrrrrrrrrGGG,r,False,False,0,,7.5,14.0,False,False,scenario_baseline
6.5,NODE_74388,436883130,16,0,GGrrrrrrgGrrrrrrG,G,True,False,0,,25.5,32.0,False,False,scenario_baseline
6.5,NODE_10273,3846533030,12,0,rrrgGGgGGrrGr,r,False,False,0,,23.5,30.0,False,False,scenario_baseline
7.0,LINK_212169,11449716078,5,0,gGrrrGr,G,True,False,0,,29.0,36.0,False,False,scenario_baseline
7.0,NODE_8452,3846603653,2,0,GGr,r,False,False,0,,72.0,79.0,False,False,scenario_baseline
7.0,NODE_6082,11449716078,5,0,gGrrrGr,G,True,False,0,,29.0,36.0,False,False,scenario_baseline
7.0,NODE_6123,7300992884,5,0,GgGrrrr,r,False,False,0,,57.0,64.0,False,False,scenario_baseline
7.0,NODE_8426,3849142980,16,0,gggGrrrrrrrrrrrrrGGG,r,False,False,0,,7.0,14.0,False,False,scenario_baseline
7.0,NODE_74388,436883130,16,0,GGrrrrrrgGrrrrrrG,G,True,False,0,,25.0,32.0,False,False,scenario_baseline
7.0,NODE_10273,3846533030,12,0,rrrgGGgGGrrGr,r,False,False,0,,23.0,30.0,False,False,scenario_baseline
7.5,LINK_212169,11449716078,5,0,gGrrrGr,G,True,False,0,,28.5,36.0,False,False,scenario_baseline
7.5,NODE_8452,3846603653,2,0,GGr,r,False,False,0,,71.5,79.0,False,False,scenario_baseline
7.5,NODE_6082,11449716078,5,0,gGrrrGr,G,True,False,0,,28.5,36.0,False,False,scenario_baseline
7.5,NODE_6123,7300992884,5,0,GgGrrrr,r,False,False,0,,56.5,64.0,False,False,scenario_baseline
7.5,NODE_8426,3849142980,16,0,gggGrrrrrrrrrrrrrGGG,r,False,False,0,,6.5,14.0,False,False,scenario_baseline
7.5,NODE_74388,436883130,16,0,GGrrrrrrgGrrrrrrG,G,True,False,0,,24.5,32.0,False,False,scenario_baseline
7.5,NODE_10273,3846533030,12,0,rrrgGGgGGrrGr,r,False,False,0,,22.5,30.0,False,False,scenario_baseline
8.0,LINK_212169,11449716078,5,0,gGrrrGr,G,True,False,0,,28.0,36.0,False,False,scenario_baseline
8.0,NODE_8452,3846603653,2,0,GGr,r,False,False,0,,71.0,79.0,False,False,scenario_baseline
8.0,NODE_6082,11449716078,5,0,gGrrrGr,G,True,False,0,,28.0,36.0,False,False,scenario_baseline
8.0,NODE_6123,7300992884,5,0,GgGrrrr,r,False,False,0,,56.0,64.0,False,False,scenario_baseline
8.0,NODE_8426,3849142980,16,0,gggGrrrrrrrrrrrrrGGG,r,False,False,0,,6.0,14.0,False,False,scenario_baseline
8.0,NODE_74388,436883130,16,0,GGrrrrrrgGrrrrrrG,G,True,False,0,,24.0,32.0,False,False,scenario_baseline
8.0,NODE_10273,3846533030,12,0,rrrgGGgGGrrGr,r,False,False,0,,22.0,30.0,False,False,scenario_baseline
8.5,LINK_212169,11449716078,5,0,gGrrrGr,G,True,False,0,,27.5,36.0,False,False,scenario_baseline
8.5,NODE_8452,3846603653,2,0,GGr,r,False,False,0,,70.5,79.0,False,False,scenario_baseline
8.5,NODE_6082,11449716078,5,0,gGrrrGr,G,True,False,0,,27.5,36.0,False,False,scenario_baseline
8.5,NODE_6123,7300992884,5,0,GgGrrrr,r,False,False,0,,55.5,64.0,False,False,scenario_baseline
8.5,NODE_8426,3849142980,16,0,gggGrrrrrrrrrrrrrGGG,r,False,False,0,,5.5,14.0,False,False,scenario_baseline
8.5,NODE_74388,436883130,16,0,GGrrrrrrgGrrrrrrG,G,True,False,0,,23.5,32.0,False,False,scenario_baseline
8.5,NODE_10273,3846533030,12,0,rrrgGGgGGrrGr,r,False,False,0,,21.5,30.0,False,False,scenario_baseline
9.0,LINK_212169,11449716078,5,0,gGrrrGr,G,True,False,0,,27.0,36.0,False,False,scenario_baseline
9.0,NODE_8452,3846603653,2,0,GGr,r,False,False,0,,70.0,79.0,False,False,scenario_baseline
9.0,NODE_6082,11449716078,5,0,gGrrrGr,G,True,False,0,,27.0,36.0,False,False,scenario_baseline
9.0,NODE_6123,7300992884,5,0,GgGrrrr,r,False,False,0,,55.0,64.0,False,False,scenario_baseline
9.0,NODE_8426,3849142980,16,0,gggGrrrrrrrrrrrrrGGG,r,False,False,0,,5.0,14.0,False,False,scenario_baseline
9.0,NODE_74388,436883130,16,0,GGrrrrrrgGrrrrrrG,G,True,False,0,,23.0,32.0,False,False,scenario_baseline
9.0,NODE_10273,3846533030,12,0,rrrgGGgGGrrGr,r,False,False,0,,21.0,30.0,False,False,scenario_baseline
9.5,LINK_212169,11449716078,5,0,gGrrrGr,G,True,False,0,,26.5,36.0,False,False,scenario_baseline
9.5,NODE_8452,3846603653,2,0,GGr,r,False,False,0,,69.5,79.0,False,False,scenario_baseline
9.5,NODE_6082,11449716078,5,0,gGrrrGr,G,True,False,0,,26.5,36.0,False,False,scenario_baseline
9.5,NODE_6123,7300992884,5,0,GgGrrrr,r,False,False,0,,54.5,64.0,False,False,scenario_baseline
9.5,NODE_8426,3849142980,16,0,gggGrrrrrrrrrrrrrGGG,r,False,False,0,,4.5,14.0,False,False,scenario_baseline
9.5,NODE_74388,436883130,16,0,GGrrrrrrgGrrrrrrG,G,True,False,0,,22.5,32.0,False,False,scenario_baseline
9.5,NODE_10273,3846533030,12,0,rrrgGGgGGrrGr,r,False,False,0,,20.5,30.0,False,False,scenario_baseline
10.0,LINK_212169,11449716078,5,0,gGrrrGr,G,True,False,0,,26.0,36.0,False,False,scenario_baseline
10.0,NODE_8452,3846603653,2,0,GGr,r,False,False,0,,69.0,79.0,False,False,scenario_baseline
10.0,NODE_6082,11449716078,5,0,gGrrrGr,G,True,False,0,,26.0,36.0,False,False,scenario_baseline
10.0,NODE_6123,7300992884,5,0,GgGrrrr,r,False,False,0,,54.0,64.0,False,False,scenario_baseline
10.0,NODE_8426,3849142980,16,0,gggGrrrrrrrrrrrrrGGG,r,False,False,0,,4.0,14.0,False,False,scenario_baseline
10.0,NODE_74388,436883130,16,0,GGrrrrrrgGrrrrrrG,G,True,False,0,,22.0,32.0,False,False,scenario_baseline
10.0,NODE_10273,3846533030,12,0,rrrgGGgGGrrGr,r,False,False,0,,20.0,30.0,False,False,scenario_baseline
10.5,LINK_212169,11449716078,5,0,gGrrrGr,G,True,False,0,,25.5,36.0,False,False,scenario_baseline
10.5,NODE_8452,3846603653,2,0,GGr,r,False,False,0,,68.5,79.0,False,False,scenario_baseline
10.5,NODE_6082,11449716078,5,0,gGrrrGr,G,True,False,0,,25.5,36.0,False,False,scenario_baseline
10.5,NODE_6123,7300992884,5,0,GgGrrrr,r,False,False,0,,53.5,64.0,False,False,scenario_baseline
10.5,NODE_8426,3849142980,16,0,gggGrrrrrrrrrrrrrGGG,r,False,False,0,,3.5,14.0,False,False,scenario_baseline
10.5,NODE_74388,436883130,16,0,GGrrrrrrgGrrrrrrG,G,True,False,0,,21.5,32.0,False,False,scenario_baseline
10.5,NODE_10273,3846533030,12,0,rrrgGGgGGrrGr,r,False,False,0,,19.5,30.0,False,False,scenario_baseline
11.0,LINK_212169,11449716078,5,0,gGrrrGr,G,True,False,0,,25.0,36.0,False,False,scenario_baseline
11.0,NODE_8452,3846603653,2,0,GGr,r,False,False,0,,68.0,79.0,False,False,scenario_baseline
11.0,NODE_6082,11449716078,5,0,gGrrrGr,G,True,False,0,,25.0,36.0,False,False,scenario_baseline
11.0,NODE_6123,7300992884,5,0,GgGrrrr,r,False,False,0,,53.0,64.0,False,False,scenario_baseline
11.0,NODE_8426,3849142980,16,0,gggGrrrrrrrrrrrrrGGG,r,False,False,0,,3.0,14.0,False,False,scenario_baseline
11.0,NODE_74388,436883130,16,0,GGrrrrrrgGrrrrrrG,G,True,False,0,,21.0,32.0,False,False,scenario_baseline
11.0,NODE_10273,3846533030,12,0,rrrgGGgGGrrGr,r,False,False,0,,19.0,30.0,False,False,scenario_baseline
11.5,LINK_212169,11449716078,5,0,gGrrrGr,G,True,False,0,,24.5,36.0,False,False,scenario_baseline
11.5,NODE_8452,3846603653,2,0,GGr,r,False,False,0,,67.5,79.0,False,False,scenario_baseline
11.5,NODE_6082,11449716078,5,0,gGrrrGr,G,True,False,0,,24.5,36.0,False,False,scenario_baseline
11.5,NODE_6123,7300992884,5,0,GgGrrrr,r,False,False,0,,52.5,64.0,False,False,scenario_baseline
11.5,NODE_8426,3849142980,16,0,gggGrrrrrrrrrrrrrGGG,r,False,False,0,,2.5,14.0,False,False,scenario_baseline
11.5,NODE_74388,436883130,16,0,GGrrrrrrgGrrrrrrG,G,True,False,0,,20.5,32.0,False,False,scenario_baseline
11.5,NODE_10273,3846533030,12,0,rrrgGGgGGrrGr,r,False,False,0,,18.5,30.0,False,False,scenario_baseline
12.0,LINK_212169,11449716078,5,0,gGrrrGr,G,True,False,0,,24.0,36.0,False,False,scenario_baseline
12.0,NODE_8452,3846603653,2,0,GGr,r,False,False,0,,67.0,79.0,False,False,scenario_baseline
12.0,NODE_6082,11449716078,5,0,gGrrrGr,G,True,False,0,,24.0,36.0,False,False,scenario_baseline
12.0,NODE_6123,7300992884,5,0,GgGrrrr,r,False,False,0,,52.0,64.0,False,False,scenario_baseline
12.0,NODE_8426,3849142980,16,0,gggGrrrrrrrrrrrrrGGG,r,False,False,0,,2.0,14.0,False,False,scenario_baseline
12.0,NODE_74388,436883130,16,0,GGrrrrrrgGrrrrrrG,G,True,False,0,,20.0,32.0,False,False,scenario_baseline
12.0,NODE_10273,3846533030,12,0,rrrgGGgGGrrGr,r,False,False,0,,18.0,30.0,False,False,scenario_baseline
12.5,LINK_212169,11449716078,5,0,gGrrrGr,G,True,False,0,,23.5,36.0,False,False,scenario_baseline
12.5,NODE_8452,3846603653,2,0,GGr,r,False,False,0,,66.5,79.0,False,False,scenario_baseline
12.5,NODE_6082,11449716078,5,0,gGrrrGr,G,True,False,0,,23.5,36.0,False,False,scenario_baseline
12.5,NODE_6123,7300992884,5,0,GgGrrrr,r,False,False,0,,51.5,64.0,False,False,scenario_baseline
12.5,NODE_8426,3849142980,16,0,gggGrrrrrrrrrrrrrGGG,r,False,False,0,,1.5,14.0,False,False,scenario_baseline
12.5,NODE_74388,436883130,16,0,GGrrrrrrgGrrrrrrG,G,True,False,0,,19.5,32.0,False,False,scenario_baseline
12.5,NODE_10273,3846533030,12,0,rrrgGGgGGrrGr,r,False,False,0,,17.5,30.0,False,False,scenario_baseline
13.0,LINK_212169,11449716078,5,0,gGrrrGr,G,True,False,0,,23.0,36.0,False,False,scenario_baseline
13.0,NODE_8452,3846603653,2,0,GGr,r,False,False,0,,66.0,79.0,False,False,scenario_baseline
13.0,NODE_6082,11449716078,5,0,gGrrrGr,G,True,False,0,,23.0,36.0,False,False,scenario_baseline
13.0,NODE_6123,7300992884,5,0,GgGrrrr,r,False,False,0,,51.0,64.0,False,False,scenario_baseline
13.0,NODE_8426,3849142980,16,0,gggGrrrrrrrrrrrrrGGG,r,False,False,0,,1.0,14.0,False,False,scenario_baseline
13.0,NODE_74388,436883130,16,0,GGrrrrrrgGrrrrrrG,G,True,False,0,,19.0,32.0,False,False,scenario_baseline
13.0,NODE_10273,3846533030,12,0,rrrgGGgGGrrGr,r,False,False,0,,17.0,30.0,False,False,scenario_baseline
13.5,LINK_212169,11449716078,5,0,gGrrrGr,G,True,False,0,,22.5,36.0,False,False,scenario_baseline
13.5,NODE_8452,3846603653,2,0,GGr,r,False,False,0,,65.5,79.0,False,False,scenario_baseline
13.5,NODE_6082,11449716078,5,0,gGrrrGr,G,True,False,0,,22.5,36.0,False,False,scenario_baseline
13.5,NODE_6123,7300992884,5,0,GgGrrrr,r,False,False,0,,50.5,64.0,False,False,scenario_baseline
13.5,NODE_8426,3849142980,16,0,gggGrrrrrrrrrrrrrGGG,r,False,False,0,,0.5,14.0,False,False,scenario_baseline
13.5,NODE_74388,436883130,16,0,GGrrrrrrgGrrrrrrG,G,True,False,0,,18.5,32.0,False,False,scenario_baseline
13.5,NODE_10273,3846533030,12,0,rrrgGGgGGrrGr,r,False,False,0,,16.5,30.0,False,False,scenario_baseline
14.0,LINK_212169,11449716078,5,0,gGrrrGr,G,True,False,0,,22.0,36.0,False,False,scenario_baseline
14.0,NODE_8452,3846603653,2,0,GGr,r,False,False,0,,65.0,79.0,False,False,scenario_baseline
14.0,NODE_6082,11449716078,5,0,gGrrrGr,G,True,False,0,,22.0,36.0,False,False,scenario_baseline
14.0,NODE_6123,7300992884,5,0,GgGrrrr,r,False,False,0,,50.0,64.0,False,False,scenario_baseline
14.0,NODE_8426,3849142980,16,0,gggGrrrrrrrrrrrrrGGG,r,False,False,0,,0.0,14.0,False,False,scenario_baseline
14.0,NODE_74388,436883130,16,0,GGrrrrrrgGrrrrrrG,G,True,False,0,,18.0,32.0,False,False,scenario_baseline
14.0,NODE_10273,3846533030,12,0,rrrgGGgGGrrGr,r,False,False,0,,16.0,30.0,False,False,scenario_baseline
14.5,LINK_212169,11449716078,5,0,gGrrrGr,G,True,False,0,,21.5,36.0,False,False,scenario_baseline
14.5,NODE_8452,3846603653,2,0,GGr,r,False,False,0,,64.5,79.0,False,False,scenario_baseline
14.5,NODE_6082,11449716078,5,0,gGrrrGr,G,True,False,0,,21.5,36.0,False,False,scenario_baseline
14.5,NODE_6123,7300992884,5,0,GgGrrrr,r,False,False,0,,49.5,64.0,False,False,scenario_baseline
14.5,NODE_8426,3849142980,16,1,gggGrrrrrrrrrrrrrrrr,r,False,False,0,,2.5,17.0,False,False,scenario_baseline
14.5,NODE_74388,436883130,16,0,GGrrrrrrgGrrrrrrG,G,True,False,0,,17.5,32.0,False,False,scenario_baseline
14.5,NODE_10273,3846533030,12,0,rrrgGGgGGrrGr,r,False,False,0,,15.5,30.0,False,False,scenario_baseline
15.0,LINK_212169,11449716078,5,0,gGrrrGr,G,True,False,0,,21.0,36.0,False,False,scenario_baseline
15.0,NODE_8452,3846603653,2,0,GGr,r,False,False,0,,64.0,79.0,False,False,scenario_baseline
15.0,NODE_6082,11449716078,5,0,gGrrrGr,G,True,False,0,,21.0,36.0,False,False,scenario_baseline
15.0,NODE_6123,7300992884,5,0,GgGrrrr,r,False,False,0,,49.0,64.0,False,False,scenario_baseline
15.0,NODE_8426,3849142980,16,1,gggGrrrrrrrrrrrrrrrr,r,False,False,0,,2.0,17.0,False,False,scenario_baseline
15.0,NODE_74388,436883130,16,0,GGrrrrrrgGrrrrrrG,G,True,False,0,,17.0,32.0,False,False,scenario_baseline
15.0,NODE_10273,3846533030,12,0,rrrgGGgGGrrGr,r,False,False,0,,15.0,30.0,False,False,scenario_baseline
15.5,LINK_212169,11449716078,5,0,gGrrrGr,G,True,False,0,,20.5,36.0,False,False,scenario_baseline
15.5,NODE_8452,3846603653,2,0,GGr,r,False,False,0,,63.5,79.0,False,False,scenario_baseline
15.5,NODE_6082,11449716078,5,0,gGrrrGr,G,True,False,0,,20.5,36.0,False,False,scenario_baseline
15.5,NODE_6123,7300992884,5,0,GgGrrrr,r,False,False,0,,48.5,64.0,False,False,scenario_baseline
15.5,NODE_8426,3849142980,16,1,gggGrrrrrrrrrrrrrrrr,r,False,False,0,,1.5,17.0,False,False,scenario_baseline
15.5,NODE_74388,436883130,16,0,GGrrrrrrgGrrrrrrG,G,True,False,0,,16.5,32.0,False,False,scenario_baseline
15.5,NODE_10273,3846533030,12,0,rrrgGGgGGrrGr,r,False,False,0,,14.5,30.0,False,False,scenario_baseline
16.0,LINK_212169,11449716078,5,0,gGrrrGr,G,True,False,0,,20.0,36.0,False,False,scenario_baseline
16.0,NODE_8452,3846603653,2,0,GGr,r,False,False,0,,63.0,79.0,False,False,scenario_baseline
16.0,NODE_6082,11449716078,5,0,gGrrrGr,G,True,False,0,,20.0,36.0,False,False,scenario_baseline
16.0,NODE_6123,7300992884,5,0,GgGrrrr,r,False,False,0,,48.0,64.0,False,False,scenario_baseline
16.0,NODE_8426,3849142980,16,1,gggGrrrrrrrrrrrrrrrr,r,False,False,0,,1.0,17.0,False,False,scenario_baseline
16.0,NODE_74388,436883130,16,0,GGrrrrrrgGrrrrrrG,G,True,False,0,,16.0,32.0,False,False,scenario_baseline
16.0,NODE_10273,3846533030,12,0,rrrgGGgGGrrGr,r,False,False,0,,14.0,30.0,False,False,scenario_baseline
16.5,LINK_212169,11449716078,5,0,gGrrrGr,G,True,False,0,,19.5,36.0,False,False,scenario_baseline
16.5,NODE_8452,3846603653,2,0,GGr,r,False,False,0,,62.5,79.0,False,False,scenario_baseline
16.5,NODE_6082,11449716078,5,0,gGrrrGr,G,True,False,0,,19.5,36.0,False,False,scenario_baseline
16.5,NODE_6123,7300992884,5,0,GgGrrrr,r,False,False,0,,47.5,64.0,False,False,scenario_baseline
16.5,NODE_8426,3849142980,16,1,gggGrrrrrrrrrrrrrrrr,r,False,False,0,,0.5,17.0,False,False,scenario_baseline
16.5,NODE_74388,436883130,16,0,GGrrrrrrgGrrrrrrG,G,True,False,0,,15.5,32.0,False,False,scenario_baseline
16.5,NODE_10273,3846533030,12,0,rrrgGGgGGrrGr,r,False,False,0,,13.5,30.0,False,False,scenario_baseline
17.0,LINK_212169,11449716078,5,0,gGrrrGr,G,True,False,0,,19.0,36.0,False,False,scenario_baseline
17.0,NODE_8452,3846603653,2,0,GGr,r,False,False,0,,62.0,79.0,False,False,scenario_baseline
17.0,NODE_6082,11449716078,5,0,gGrrrGr,G,True,False,0,,19.0,36.0,False,False,scenario_baseline
17.0,NODE_6123,7300992884,5,0,GgGrrrr,r,False,False,0,,47.0,64.0,False,False,scenario_baseline
17.0,NODE_8426,3849142980,16,1,gggGrrrrrrrrrrrrrrrr,r,False,False,0,,0.0,17.0,False,False,scenario_baseline
17.0,NODE_74388,436883130,16,0,GGrrrrrrgGrrrrrrG,G,True,False,0,,15.0,32.0,False,False,scenario_baseline
17.0,NODE_10273,3846533030,12,0,rrrgGGgGGrrGr,r,False,False,0,,13.0,30.0,False,False,scenario_baseline
17.5,LINK_212169,11449716078,5,0,gGrrrGr,G,True,False,0,,18.5,36.0,False,False,scenario_baseline
17.5,NODE_8452,3846603653,2,0,GGr,r,False,False,0,,61.5,79.0,False,False,scenario_baseline
17.5,NODE_6082,11449716078,5,0,gGrrrGr,G,True,False,0,,18.5,36.0,False,False,scenario_baseline
17.5,NODE_6123,7300992884,5,0,GgGrrrr,r,False,False,0,,46.5,64.0,False,False,scenario_baseline
17.5,NODE_8426,3849142980,16,2,yyyyrrrrrrrrrrrrrrrr,r,False,False,0,,2.5,20.0,False,False,scenario_baseline
17.5,NODE_74388,436883130,16,0,GGrrrrrrgGrrrrrrG,G,True,False,0,,14.5,32.0,False,False,scenario_baseline
17.5,NODE_10273,3846533030,12,0,rrrgGGgGGrrGr,r,False,False,0,,12.5,30.0,False,False,scenario_baseline
18.0,LINK_212169,11449716078,5,0,gGrrrGr,G,True,False,0,,18.0,36.0,False,False,scenario_baseline
18.0,NODE_8452,3846603653,2,0,GGr,r,False,False,0,,61.0,79.0,False,False,scenario_baseline
18.0,NODE_6082,11449716078,5,0,gGrrrGr,G,True,False,0,,18.0,36.0,False,False,scenario_baseline
18.0,NODE_6123,7300992884,5,0,GgGrrrr,r,False,False,0,,46.0,64.0,False,False,scenario_baseline
18.0,NODE_8426,3849142980,16,2,yyyyrrrrrrrrrrrrrrrr,r,False,False,0,,2.0,20.0,False,False,scenario_baseline
18.0,NODE_74388,436883130,16,0,GGrrrrrrgGrrrrrrG,G,True,False,0,,14.0,32.0,False,False,scenario_baseline
18.0,NODE_10273,3846533030,12,0,rrrgGGgGGrrGr,r,False,False,0,,12.0,30.0,False,False,scenario_baseline
18.5,LINK_212169,11449716078,5,0,gGrrrGr,G,True,False,0,,17.5,36.0,False,False,scenario_baseline
18.5,NODE_8452,3846603653,2,0,GGr,r,False,False,0,,60.5,79.0,False,False,scenario_baseline
18.5,NODE_6082,11449716078,5,0,gGrrrGr,G,True,False,0,,17.5,36.0,False,False,scenario_baseline
18.5,NODE_6123,7300992884,5,0,GgGrrrr,r,False,False,0,,45.5,64.0,False,False,scenario_baseline
18.5,NODE_8426,3849142980,16,2,yyyyrrrrrrrrrrrrrrrr,r,False,False,0,,1.5,20.0,False,False,scenario_baseline
18.5,NODE_74388,436883130,16,0,GGrrrrrrgGrrrrrrG,G,True,False,0,,13.5,32.0,False,False,scenario_baseline
18.5,NODE_10273,3846533030,12,0,rrrgGGgGGrrGr,r,False,False,0,,11.5,30.0,False,False,scenario_baseline
19.0,LINK_212169,11449716078,5,0,gGrrrGr,G,True,False,0,,17.0,36.0,False,False,scenario_baseline
19.0,NODE_8452,3846603653,2,0,GGr,r,False,False,0,,60.0,79.0,False,False,scenario_baseline
19.0,NODE_6082,11449716078,5,0,gGrrrGr,G,True,False,0,,17.0,36.0,False,False,scenario_baseline
19.0,NODE_6123,7300992884,5,0,GgGrrrr,r,False,False,0,,45.0,64.0,False,False,scenario_baseline
19.0,NODE_8426,3849142980,16,2,yyyyrrrrrrrrrrrrrrrr,r,False,False,0,,1.0,20.0,False,False,scenario_baseline
19.0,NODE_74388,436883130,16,0,GGrrrrrrgGrrrrrrG,G,True,False,0,,13.0,32.0,False,False,scenario_baseline
19.0,NODE_10273,3846533030,12,0,rrrgGGgGGrrGr,r,False,False,0,,11.0,30.0,False,False,scenario_baseline
19.5,LINK_212169,11449716078,5,0,gGrrrGr,G,True,False,0,,16.5,36.0,False,False,scenario_baseline
19.5,NODE_8452,3846603653,2,0,GGr,r,False,False,0,,59.5,79.0,False,False,scenario_baseline
19.5,NODE_6082,11449716078,5,0,gGrrrGr,G,True,False,0,,16.5,36.0,False,False,scenario_baseline
19.5,NODE_6123,7300992884,5,0,GgGrrrr,r,False,False,0,,44.5,64.0,False,False,scenario_baseline
19.5,NODE_8426,3849142980,16,2,yyyyrrrrrrrrrrrrrrrr,r,False,False,0,,0.5,20.0,False,False,scenario_baseline
19.5,NODE_74388,436883130,16,0,GGrrrrrrgGrrrrrrG,G,True,False,0,,12.5,32.0,False,False,scenario_baseline
19.5,NODE_10273,3846533030,12,0,rrrgGGgGGrrGr,r,False,False,0,,10.5,30.0,False,False,scenario_baseline
20.0,LINK_212169,11449716078,5,0,gGrrrGr,G,True,False,0,,16.0,36.0,False,False,scenario_baseline
20.0,NODE_8452,3846603653,2,0,GGr,r,False,False,0,,59.0,79.0,False,False,scenario_baseline
20.0,NODE_6082,11449716078,5,0,gGrrrGr,G,True,False,0,,16.0,36.0,False,False,scenario_baseline
20.0,NODE_6123,7300992884,5,0,GgGrrrr,r,False,False,0,,44.0,64.0,False,False,scenario_baseline
20.0,NODE_8426,3849142980,16,2,yyyyrrrrrrrrrrrrrrrr,r,False,False,0,,0.0,20.0,False,False,scenario_baseline
20.0,NODE_74388,436883130,16,0,GGrrrrrrgGrrrrrrG,G,True,False,0,,12.0,32.0,False,False,scenario_baseline
20.0,NODE_10273,3846533030,12,0,rrrgGGgGGrrGr,r,False,False,0,,10.0,30.0,False,False,scenario_baseline
20.5,LINK_212169,11449716078,5,0,gGrrrGr,G,True,False,0,,15.5,36.0,False,False,scenario_baseline
20.5,NODE_8452,3846603653,2,0,GGr,r,False,False,0,,58.5,79.0,False,False,scenario_baseline
20.5,NODE_6082,11449716078,5,0,gGrrrGr,G,True,False,0,,15.5,36.0,False,False,scenario_baseline
20.5,NODE_6123,7300992884,5,0,GgGrrrr,r,False,False,0,,43.5,64.0,False,False,scenario_baseline
20.5,NODE_8426,3849142980,16,3,rrrrgggGrrrrrrrrGrGG,G,True,False,0,,16.5,37.0,False,False,scenario_baseline
20.5,NODE_74388,436883130,16,0,GGrrrrrrgGrrrrrrG,G,True,False,0,,11.5,32.0,False,False,scenario_baseline
20.5,NODE_10273,3846533030,12,0,rrrgGGgGGrrGr,r,False,False,0,,9.5,30.0,False,False,scenario_baseline
21.0,LINK_212169,11449716078,5,0,gGrrrGr,G,True,False,0,,15.0,36.0,False,False,scenario_baseline
21.0,NODE_8452,3846603653,2,0,GGr,r,False,False,0,,58.0,79.0,False,False,scenario_baseline
21.0,NODE_6082,11449716078,5,0,gGrrrGr,G,True,False,0,,15.0,36.0,False,False,scenario_baseline
21.0,NODE_6123,7300992884,5,0,GgGrrrr,r,False,False,0,,43.0,64.0,False,False,scenario_baseline
21.0,NODE_8426,3849142980,16,3,rrrrgggGrrrrrrrrGrGG,G,True,False,0,,16.0,37.0,False,False,scenario_baseline
21.0,NODE_74388,436883130,16,0,GGrrrrrrgGrrrrrrG,G,True,False,0,,11.0,32.0,False,False,scenario_baseline
21.0,NODE_10273,3846533030,12,0,rrrgGGgGGrrGr,r,False,False,0,,9.0,30.0,False,False,scenario_baseline
21.5,LINK_212169,11449716078,5,0,gGrrrGr,G,True,False,0,,14.5,36.0,False,False,scenario_baseline
21.5,NODE_8452,3846603653,2,0,GGr,r,False,False,0,,57.5,79.0,False,False,scenario_baseline
21.5,NODE_6082,11449716078,5,0,gGrrrGr,G,True,False,0,,14.5,36.0,False,False,scenario_baseline
21.5,NODE_6123,7300992884,5,0,GgGrrrr,r,False,False,0,,42.5,64.0,False,False,scenario_baseline
21.5,NODE_8426,3849142980,16,3,rrrrgggGrrrrrrrrGrGG,G,True,False,0,,15.5,37.0,False,False,scenario_baseline
21.5,NODE_74388,436883130,16,0,GGrrrrrrgGrrrrrrG,G,True,False,0,,10.5,32.0,False,False,scenario_baseline
21.5,NODE_10273,3846533030,12,0,rrrgGGgGGrrGr,r,False,False,0,,8.5,30.0,False,False,scenario_baseline
22.0,LINK_212169,11449716078,5,0,gGrrrGr,G,True,False,0,,14.0,36.0,False,False,scenario_baseline
22.0,NODE_8452,3846603653,2,0,GGr,r,False,False,0,,57.0,79.0,False,False,scenario_baseline
22.0,NODE_6082,11449716078,5,0,gGrrrGr,G,True,False,0,,14.0,36.0,False,False,scenario_baseline
22.0,NODE_6123,7300992884,5,0,GgGrrrr,r,False,False,0,,42.0,64.0,False,False,scenario_baseline
22.0,NODE_8426,3849142980,16,3,rrrrgggGrrrrrrrrGrGG,G,True,False,0,,15.0,37.0,False,False,scenario_baseline
22.0,NODE_74388,436883130,16,0,GGrrrrrrgGrrrrrrG,G,True,False,0,,10.0,32.0,False,False,scenario_baseline
22.0,NODE_10273,3846533030,12,0,rrrgGGgGGrrGr,r,False,False,0,,8.0,30.0,False,False,scenario_baseline
22.5,LINK_212169,11449716078,5,0,gGrrrGr,G,True,False,0,,13.5,36.0,False,False,scenario_baseline
22.5,NODE_8452,3846603653,2,0,GGr,r,False,False,0,,56.5,79.0,False,False,scenario_baseline
22.5,NODE_6082,11449716078,5,0,gGrrrGr,G,True,False,0,,13.5,36.0,False,False,scenario_baseline
22.5,NODE_6123,7300992884,5,0,GgGrrrr,r,False,False,0,,41.5,64.0,False,False,scenario_baseline
22.5,NODE_8426,3849142980,16,3,rrrrgggGrrrrrrrrGrGG,G,True,False,0,,14.5,37.0,False,False,scenario_baseline
22.5,NODE_74388,436883130,16,0,GGrrrrrrgGrrrrrrG,G,True,False,0,,9.5,32.0,False,False,scenario_baseline
22.5,NODE_10273,3846533030,12,0,rrrgGGgGGrrGr,r,False,False,0,,7.5,30.0,False,False,scenario_baseline
23.0,LINK_212169,11449716078,5,0,gGrrrGr,G,True,False,0,,13.0,36.0,False,False,scenario_baseline
23.0,NODE_8452,3846603653,2,0,GGr,r,False,False,0,,56.0,79.0,False,False,scenario_baseline
23.0,NODE_6082,11449716078,5,0,gGrrrGr,G,True,False,0,,13.0,36.0,False,False,scenario_baseline
23.0,NODE_6123,7300992884,5,0,GgGrrrr,r,False,False,0,,41.0,64.0,False,False,scenario_baseline
23.0,NODE_8426,3849142980,16,3,rrrrgggGrrrrrrrrGrGG,G,True,False,0,,14.0,37.0,False,False,scenario_baseline
23.0,NODE_74388,436883130,16,0,GGrrrrrrgGrrrrrrG,G,True,False,0,,9.0,32.0,False,False,scenario_baseline
23.0,NODE_10273,3846533030,12,0,rrrgGGgGGrrGr,r,False,False,0,,7.0,30.0,False,False,scenario_baseline
23.5,LINK_212169,11449716078,5,0,gGrrrGr,G,True,False,0,,12.5,36.0,False,False,scenario_baseline
23.5,NODE_8452,3846603653,2,0,GGr,r,False,False,0,,55.5,79.0,False,False,scenario_baseline
23.5,NODE_6082,11449716078,5,0,gGrrrGr,G,True,False,0,,12.5,36.0,False,False,scenario_baseline
23.5,NODE_6123,7300992884,5,0,GgGrrrr,r,False,False,0,,40.5,64.0,False,False,scenario_baseline
23.5,NODE_8426,3849142980,16,3,rrrrgggGrrrrrrrrGrGG,G,True,False,0,,13.5,37.0,False,False,scenario_baseline
23.5,NODE_74388,436883130,16,0,GGrrrrrrgGrrrrrrG,G,True,False,0,,8.5,32.0,False,False,scenario_baseline
23.5,NODE_10273,3846533030,12,0,rrrgGGgGGrrGr,r,False,False,0,,6.5,30.0,False,False,scenario_baseline
24.0,LINK_212169,11449716078,5,0,gGrrrGr,G,True,False,0,,12.0,36.0,False,False,scenario_baseline
24.0,NODE_8452,3846603653,2,0,GGr,r,False,False,0,,55.0,79.0,False,False,scenario_baseline
24.0,NODE_6082,11449716078,5,0,gGrrrGr,G,True,False,0,,12.0,36.0,False,False,scenario_baseline
24.0,NODE_6123,7300992884,5,0,GgGrrrr,r,False,False,0,,40.0,64.0,False,False,scenario_baseline
24.0,NODE_8426,3849142980,16,3,rrrrgggGrrrrrrrrGrGG,G,True,False,0,,13.0,37.0,False,False,scenario_baseline
24.0,NODE_74388,436883130,16,0,GGrrrrrrgGrrrrrrG,G,True,False,0,,8.0,32.0,False,False,scenario_baseline
24.0,NODE_10273,3846533030,12,0,rrrgGGgGGrrGr,r,False,False,0,,6.0,30.0,False,False,scenario_baseline
24.5,LINK_212169,11449716078,5,0,gGrrrGr,G,True,False,0,,11.5,36.0,False,False,scenario_baseline
24.5,NODE_8452,3846603653,2,0,GGr,r,False,False,0,,54.5,79.0,False,False,scenario_baseline
24.5,NODE_6082,11449716078,5,0,gGrrrGr,G,True,False,0,,11.5,36.0,False,False,scenario_baseline
24.5,NODE_6123,7300992884,5,0,GgGrrrr,r,False,False,0,,39.5,64.0,False,False,scenario_baseline
24.5,NODE_8426,3849142980,16,3,rrrrgggGrrrrrrrrGrGG,G,True,False,0,,12.5,37.0,False,False,scenario_baseline
24.5,NODE_74388,436883130,16,0,GGrrrrrrgGrrrrrrG,G,True,False,0,,7.5,32.0,False,False,scenario_baseline
24.5,NODE_10273,3846533030,12,0,rrrgGGgGGrrGr,r,False,False,0,,5.5,30.0,False,False,scenario_baseline
25.0,LINK_212169,11449716078,5,0,gGrrrGr,G,True,False,0,,11.0,36.0,False,False,scenario_baseline
25.0,NODE_8452,3846603653,2,0,GGr,r,False,False,0,,54.0,79.0,False,False,scenario_baseline
25.0,NODE_6082,11449716078,5,0,gGrrrGr,G,True,False,0,,11.0,36.0,False,False,scenario_baseline
25.0,NODE_6123,7300992884,5,0,GgGrrrr,r,False,False,0,,39.0,64.0,False,False,scenario_baseline
25.0,NODE_8426,3849142980,16,3,rrrrgggGrrrrrrrrGrGG,G,True,False,0,,12.0,37.0,False,False,scenario_baseline
25.0,NODE_74388,436883130,16,0,GGrrrrrrgGrrrrrrG,G,True,False,0,,7.0,32.0,False,False,scenario_baseline
25.0,NODE_10273,3846533030,12,0,rrrgGGgGGrrGr,r,False,False,0,,5.0,30.0,False,False,scenario_baseline
25.5,LINK_212169,11449716078,5,0,gGrrrGr,G,True,False,0,,10.5,36.0,False,False,scenario_baseline
25.5,NODE_8452,3846603653,2,0,GGr,r,False,False,0,,53.5,79.0,False,False,scenario_baseline
25.5,NODE_6082,11449716078,5,0,gGrrrGr,G,True,False,0,,10.5,36.0,False,False,scenario_baseline
25.5,NODE_6123,7300992884,5,0,GgGrrrr,r,False,False,0,,38.5,64.0,False,False,scenario_baseline
25.5,NODE_8426,3849142980,16,3,rrrrgggGrrrrrrrrGrGG,G,True,False,0,,11.5,37.0,False,False,scenario_baseline
25.5,NODE_74388,436883130,16,0,GGrrrrrrgGrrrrrrG,G,True,False,0,,6.5,32.0,False,False,scenario_baseline
25.5,NODE_10273,3846533030,12,0,rrrgGGgGGrrGr,r,False,False,0,,4.5,30.0,False,False,scenario_baseline
26.0,LINK_212169,11449716078,5,0,gGrrrGr,G,True,False,0,,10.0,36.0,False,False,scenario_baseline
26.0,NODE_8452,3846603653,2,0,GGr,r,False,False,0,,53.0,79.0,False,False,scenario_baseline
26.0,NODE_6082,11449716078,5,0,gGrrrGr,G,True,False,0,,10.0,36.0,False,False,scenario_baseline
26.0,NODE_6123,7300992884,5,0,GgGrrrr,r,False,False,0,,38.0,64.0,False,False,scenario_baseline
26.0,NODE_8426,3849142980,16,3,rrrrgggGrrrrrrrrGrGG,G,True,False,0,,11.0,37.0,False,False,scenario_baseline
26.0,NODE_74388,436883130,16,0,GGrrrrrrgGrrrrrrG,G,True,False,0,,6.0,32.0,False,False,scenario_baseline
26.0,NODE_10273,3846533030,12,0,rrrgGGgGGrrGr,r,False,False,0,,4.0,30.0,False,False,scenario_baseline
26.5,LINK_212169,11449716078,5,0,gGrrrGr,G,True,False,0,,9.5,36.0,False,False,scenario_baseline
26.5,NODE_8452,3846603653,2,0,GGr,r,False,False,0,,52.5,79.0,False,False,scenario_baseline
26.5,NODE_6082,11449716078,5,0,gGrrrGr,G,True,False,0,,9.5,36.0,False,False,scenario_baseline
26.5,NODE_6123,7300992884,5,0,GgGrrrr,r,False,False,0,,37.5,64.0,False,False,scenario_baseline
26.5,NODE_8426,3849142980,16,3,rrrrgggGrrrrrrrrGrGG,G,True,False,0,,10.5,37.0,False,False,scenario_baseline
26.5,NODE_74388,436883130,16,0,GGrrrrrrgGrrrrrrG,G,True,False,0,,5.5,32.0,False,False,scenario_baseline
26.5,NODE_10273,3846533030,12,0,rrrgGGgGGrrGr,r,False,False,0,,3.5,30.0,False,False,scenario_baseline
27.0,LINK_212169,11449716078,5,0,gGrrrGr,G,True,False,0,,9.0,36.0,False,False,scenario_baseline
27.0,NODE_8452,3846603653,2,0,GGr,r,False,False,0,,52.0,79.0,False,False,scenario_baseline
27.0,NODE_6082,11449716078,5,0,gGrrrGr,G,True,False,0,,9.0,36.0,False,False,scenario_baseline
27.0,NODE_6123,7300992884,5,0,GgGrrrr,r,False,False,0,,37.0,64.0,False,False,scenario_baseline
27.0,NODE_8426,3849142980,16,3,rrrrgggGrrrrrrrrGrGG,G,True,False,0,,10.0,37.0,False,False,scenario_baseline
27.0,NODE_74388,436883130,16,0,GGrrrrrrgGrrrrrrG,G,True,False,0,,5.0,32.0,False,False,scenario_baseline
27.0,NODE_10273,3846533030,12,0,rrrgGGgGGrrGr,r,False,False,0,,3.0,30.0,False,False,scenario_baseline
27.5,LINK_212169,11449716078,5,0,gGrrrGr,G,True,False,0,,8.5,36.0,False,False,scenario_baseline
27.5,NODE_8452,3846603653,2,0,GGr,r,False,False,0,,51.5,79.0,False,False,scenario_baseline
27.5,NODE_6082,11449716078,5,0,gGrrrGr,G,True,False,0,,8.5,36.0,False,False,scenario_baseline
27.5,NODE_6123,7300992884,5,0,GgGrrrr,r,False,False,0,,36.5,64.0,False,False,scenario_baseline
27.5,NODE_8426,3849142980,16,3,rrrrgggGrrrrrrrrGrGG,G,True,False,0,,9.5,37.0,False,False,scenario_baseline
27.5,NODE_74388,436883130,16,0,GGrrrrrrgGrrrrrrG,G,True,False,0,,4.5,32.0,False,False,scenario_baseline
27.5,NODE_10273,3846533030,12,0,rrrgGGgGGrrGr,r,False,False,0,,2.5,30.0,False,False,scenario_baseline
28.0,LINK_212169,11449716078,5,0,gGrrrGr,G,True,False,0,,8.0,36.0,False,False,scenario_baseline
28.0,NODE_8452,3846603653,2,0,GGr,r,False,False,0,,51.0,79.0,False,False,scenario_baseline
28.0,NODE_6082,11449716078,5,0,gGrrrGr,G,True,False,0,,8.0,36.0,False,False,scenario_baseline
28.0,NODE_6123,7300992884,5,0,GgGrrrr,r,False,False,0,,36.0,64.0,False,False,scenario_baseline
28.0,NODE_8426,3849142980,16,3,rrrrgggGrrrrrrrrGrGG,G,True,False,0,,9.0,37.0,False,False,scenario_baseline
28.0,NODE_74388,436883130,16,0,GGrrrrrrgGrrrrrrG,G,True,False,0,,4.0,32.0,False,False,scenario_baseline
28.0,NODE_10273,3846533030,12,0,rrrgGGgGGrrGr,r,False,False,0,,2.0,30.0,False,False,scenario_baseline
28.5,LINK_212169,11449716078,5,0,gGrrrGr,G,True,False,0,,7.5,36.0,False,False,scenario_baseline
28.5,NODE_8452,3846603653,2,0,GGr,r,False,False,0,,50.5,79.0,False,False,scenario_baseline
28.5,NODE_6082,11449716078,5,0,gGrrrGr,G,True,False,0,,7.5,36.0,False,False,scenario_baseline
28.5,NODE_6123,7300992884,5,0,GgGrrrr,r,False,False,0,,35.5,64.0,False,False,scenario_baseline
28.5,NODE_8426,3849142980,16,3,rrrrgggGrrrrrrrrGrGG,G,True,False,0,,8.5,37.0,False,False,scenario_baseline
28.5,NODE_74388,436883130,16,0,GGrrrrrrgGrrrrrrG,G,True,False,0,,3.5,32.0,False,False,scenario_baseline
28.5,NODE_10273,3846533030,12,0,rrrgGGgGGrrGr,r,False,False,0,,1.5,30.0,False,False,scenario_baseline
29.0,LINK_212169,11449716078,5,0,gGrrrGr,G,True,False,0,,7.0,36.0,False,False,scenario_baseline
29.0,NODE_8452,3846603653,2,0,GGr,r,False,False,0,,50.0,79.0,False,False,scenario_baseline
29.0,NODE_6082,11449716078,5,0,gGrrrGr,G,True,False,0,,7.0,36.0,False,False,scenario_baseline
29.0,NODE_6123,7300992884,5,0,GgGrrrr,r,False,False,0,,35.0,64.0,False,False,scenario_baseline
29.0,NODE_8426,3849142980,16,3,rrrrgggGrrrrrrrrGrGG,G,True,False,0,,8.0,37.0,False,False,scenario_baseline
29.0,NODE_74388,436883130,16,0,GGrrrrrrgGrrrrrrG,G,True,False,0,,3.0,32.0,False,False,scenario_baseline
29.0,NODE_10273,3846533030,12,0,rrrgGGgGGrrGr,r,False,False,0,,1.0,30.0,False,False,scenario_baseline
29.5,LINK_212169,11449716078,5,0,gGrrrGr,G,True,False,0,,6.5,36.0,False,False,scenario_baseline
29.5,NODE_8452,3846603653,2,0,GGr,r,False,False,0,,49.5,79.0,False,False,scenario_baseline
29.5,NODE_6082,11449716078,5,0,gGrrrGr,G,True,False,0,,6.5,36.0,False,False,scenario_baseline
29.5,NODE_6123,7300992884,5,0,GgGrrrr,r,False,False,0,,34.5,64.0,False,False,scenario_baseline
29.5,NODE_8426,3849142980,16,3,rrrrgggGrrrrrrrrGrGG,G,True,False,0,,7.5,37.0,False,False,scenario_baseline
29.5,NODE_74388,436883130,16,0,GGrrrrrrgGrrrrrrG,G,True,False,0,,2.5,32.0,False,False,scenario_baseline
29.5,NODE_10273,3846533030,12,0,rrrgGGgGGrrGr,r,False,False,0,,0.5,30.0,False,False,scenario_baseline
30.0,LINK_212169,11449716078,5,0,gGrrrGr,G,True,False,0,,6.0,36.0,False,False,scenario_baseline
30.0,NODE_8452,3846603653,2,0,GGr,r,False,False,0,,49.0,79.0,False,False,scenario_baseline
30.0,NODE_6082,11449716078,5,0,gGrrrGr,G,True,False,0,,6.0,36.0,False,False,scenario_baseline
30.0,NODE_6123,7300992884,5,0,GgGrrrr,r,False,False,0,,34.0,64.0,False,False,scenario_baseline
30.0,NODE_8426,3849142980,16,3,rrrrgggGrrrrrrrrGrGG,G,True,False,0,,7.0,37.0,False,False,scenario_baseline
30.0,NODE_74388,436883130,16,0,GGrrrrrrgGrrrrrrG,G,True,False,0,,2.0,32.0,False,False,scenario_baseline
30.0,NODE_10273,3846533030,12,0,rrrgGGgGGrrGr,r,False,False,0,,0.0,30.0,False,False,scenario_baseline
30.5,LINK_212169,11449716078,5,0,gGrrrGr,G,True,False,0,,5.5,36.0,False,False,scenario_baseline
30.5,NODE_8452,3846603653,2,0,GGr,r,False,False,0,,48.5,79.0,False,False,scenario_baseline
30.5,NODE_6082,11449716078,5,0,gGrrrGr,G,True,False,0,,5.5,36.0,False,False,scenario_baseline
30.5,NODE_6123,7300992884,5,0,GgGrrrr,r,False,False,0,,33.5,64.0,False,False,scenario_baseline
30.5,NODE_8426,3849142980,16,3,rrrrgggGrrrrrrrrGrGG,G,True,False,0,,6.5,37.0,False,False,scenario_baseline
30.5,NODE_74388,436883130,16,0,GGrrrrrrgGrrrrrrG,G,True,False,0,,1.5,32.0,False,False,scenario_baseline
30.5,NODE_10273,3846533030,12,1,rrrgGGgGGrrrr,r,False,False,0,,2.5,33.0,False,False,scenario_baseline
31.0,LINK_212169,11449716078,5,0,gGrrrGr,G,True,False,0,,5.0,36.0,False,False,scenario_baseline
31.0,NODE_8452,3846603653,2,0,GGr,r,False,False,0,,48.0,79.0,False,False,scenario_baseline
31.0,NODE_6082,11449716078,5,0,gGrrrGr,G,True,False,0,,5.0,36.0,False,False,scenario_baseline
31.0,NODE_6123,7300992884,5,0,GgGrrrr,r,False,False,0,,33.0,64.0,False,False,scenario_baseline
31.0,NODE_8426,3849142980,16,3,rrrrgggGrrrrrrrrGrGG,G,True,False,0,,6.0,37.0,False,False,scenario_baseline
31.0,NODE_74388,436883130,16,0,GGrrrrrrgGrrrrrrG,G,True,False,0,,1.0,32.0,False,False,scenario_baseline
31.0,NODE_10273,3846533030,12,1,rrrgGGgGGrrrr,r,False,False,0,,2.0,33.0,False,False,scenario_baseline
31.5,LINK_212169,11449716078,5,0,gGrrrGr,G,True,False,0,,4.5,36.0,False,False,scenario_baseline
31.5,NODE_8452,3846603653,2,0,GGr,r,False,False,0,,47.5,79.0,False,False,scenario_baseline
31.5,NODE_6082,11449716078,5,0,gGrrrGr,G,True,False,0,,4.5,36.0,False,False,scenario_baseline
31.5,NODE_6123,7300992884,5,0,GgGrrrr,r,False,False,0,,32.5,64.0,False,False,scenario_baseline
31.5,NODE_8426,3849142980,16,3,rrrrgggGrrrrrrrrGrGG,G,True,False,0,,5.5,37.0,False,False,scenario_baseline
31.5,NODE_74388,436883130,16,0,GGrrrrrrgGrrrrrrG,G,True,False,0,,0.5,32.0,False,False,scenario_baseline
31.5,NODE_10273,3846533030,12,1,rrrgGGgGGrrrr,r,False,False,0,,1.5,33.0,False,False,scenario_baseline
32.0,LINK_212169,11449716078,5,0,gGrrrGr,G,True,False,0,,4.0,36.0,False,False,scenario_baseline
32.0,NODE_8452,3846603653,2,0,GGr,r,False,False,0,,47.0,79.0,False,False,scenario_baseline
32.0,NODE_6082,11449716078,5,0,gGrrrGr,G,True,False,0,,4.0,36.0,False,False,scenario_baseline
32.0,NODE_6123,7300992884,5,0,GgGrrrr,r,False,False,0,,32.0,64.0,False,False,scenario_baseline
32.0,NODE_8426,3849142980,16,3,rrrrgggGrrrrrrrrGrGG,G,True,False,0,,5.0,37.0,False,False,scenario_baseline
32.0,NODE_74388,436883130,16,0,GGrrrrrrgGrrrrrrG,G,True,False,0,,0.0,32.0,False,False,scenario_baseline
32.0,NODE_10273,3846533030,12,1,rrrgGGgGGrrrr,r,False,False,0,,1.0,33.0,False,False,scenario_baseline
32.5,LINK_212169,11449716078,5,0,gGrrrGr,G,True,False,0,,3.5,36.0,False,False,scenario_baseline
32.5,NODE_8452,3846603653,2,0,GGr,r,False,False,0,,46.5,79.0,False,False,scenario_baseline
32.5,NODE_6082,11449716078,5,0,gGrrrGr,G,True,False,0,,3.5,36.0,False,False,scenario_baseline
32.5,NODE_6123,7300992884,5,0,GgGrrrr,r,False,False,0,,31.5,64.0,False,False,scenario_baseline
32.5,NODE_8426,3849142980,16,3,rrrrgggGrrrrrrrrGrGG,G,True,False,0,,4.5,37.0,False,False,scenario_baseline
32.5,NODE_74388,436883130,16,1,GGrrrrrrgGrrrrrrr,r,False,False,0,,2.5,35.0,False,False,scenario_baseline
32.5,NODE_10273,3846533030,12,1,rrrgGGgGGrrrr,r,False,False,0,,0.5,33.0,False,False,scenario_baseline
33.0,LINK_212169,11449716078,5,0,gGrrrGr,G,True,False,0,,3.0,36.0,False,False,scenario_baseline
33.0,NODE_8452,3846603653,2,0,GGr,r,False,False,0,,46.0,79.0,False,False,scenario_baseline
33.0,NODE_6082,11449716078,5,0,gGrrrGr,G,True,False,0,,3.0,36.0,False,False,scenario_baseline
33.0,NODE_6123,7300992884,5,0,GgGrrrr,r,False,False,0,,31.0,64.0,False,False,scenario_baseline
33.0,NODE_8426,3849142980,16,3,rrrrgggGrrrrrrrrGrGG,G,True,False,0,,4.0,37.0,False,False,scenario_baseline
33.0,NODE_74388,436883130,16,1,GGrrrrrrgGrrrrrrr,r,False,False,0,,2.0,35.0,False,False,scenario_baseline
33.0,NODE_10273,3846533030,12,1,rrrgGGgGGrrrr,r,False,False,0,,0.0,33.0,False,False,scenario_baseline
33.5,LINK_212169,11449716078,5,0,gGrrrGr,G,True,False,0,,2.5,36.0,False,False,scenario_baseline
33.5,NODE_8452,3846603653,2,0,GGr,r,False,False,0,,45.5,79.0,False,False,scenario_baseline
33.5,NODE_6082,11449716078,5,0,gGrrrGr,G,True,False,0,,2.5,36.0,False,False,scenario_baseline
33.5,NODE_6123,7300992884,5,0,GgGrrrr,r,False,False,0,,30.5,64.0,False,False,scenario_baseline
33.5,NODE_8426,3849142980,16,3,rrrrgggGrrrrrrrrGrGG,G,True,False,0,,3.5,37.0,False,False,scenario_baseline
33.5,NODE_74388,436883130,16,1,GGrrrrrrgGrrrrrrr,r,False,False,0,,1.5,35.0,False,False,scenario_baseline
33.5,NODE_10273,3846533030,12,2,rrryyyyGGrrrr,r,False,False,0,,5.5,39.0,False,False,scenario_baseline
34.0,LINK_212169,11449716078,5,0,gGrrrGr,G,True,False,0,,2.0,36.0,False,False,scenario_baseline
34.0,NODE_8452,3846603653,2,0,GGr,r,False,False,0,,45.0,79.0,False,False,scenario_baseline
34.0,NODE_6082,11449716078,5,0,gGrrrGr,G,True,False,0,,2.0,36.0,False,False,scenario_baseline
34.0,NODE_6123,7300992884,5,0,GgGrrrr,r,False,False,0,,30.0,64.0,False,False,scenario_baseline
34.0,NODE_8426,3849142980,16,3,rrrrgggGrrrrrrrrGrGG,G,True,False,0,,3.0,37.0,False,False,scenario_baseline
34.0,NODE_74388,436883130,16,1,GGrrrrrrgGrrrrrrr,r,False,False,0,,1.0,35.0,False,False,scenario_baseline
34.0,NODE_10273,3846533030,12,2,rrryyyyGGrrrr,r,False,False,0,,5.0,39.0,False,False,scenario_baseline
34.5,LINK_212169,11449716078,5,0,gGrrrGr,G,True,False,0,,1.5,36.0,False,False,scenario_baseline
34.5,NODE_8452,3846603653,2,0,GGr,r,False,False,0,,44.5,79.0,False,False,scenario_baseline
34.5,NODE_6082,11449716078,5,0,gGrrrGr,G,True,False,0,,1.5,36.0,False,False,scenario_baseline
34.5,NODE_6123,7300992884,5,0,GgGrrrr,r,False,False,0,,29.5,64.0,False,False,scenario_baseline
34.5,NODE_8426,3849142980,16,3,rrrrgggGrrrrrrrrGrGG,G,True,False,0,,2.5,37.0,False,False,scenario_baseline
34.5,NODE_74388,436883130,16,1,GGrrrrrrgGrrrrrrr,r,False,False,0,,0.5,35.0,False,False,scenario_baseline
34.5,NODE_10273,3846533030,12,2,rrryyyyGGrrrr,r,False,False,0,,4.5,39.0,False,False,scenario_baseline
35.0,LINK_212169,11449716078,5,0,gGrrrGr,G,True,False,0,,1.0,36.0,False,False,scenario_baseline
35.0,NODE_8452,3846603653,2,0,GGr,r,False,False,0,,44.0,79.0,False,False,scenario_baseline
35.0,NODE_6082,11449716078,5,0,gGrrrGr,G,True,False,0,,1.0,36.0,False,False,scenario_baseline
35.0,NODE_6123,7300992884,5,0,GgGrrrr,r,False,False,0,,29.0,64.0,False,False,scenario_baseline
35.0,NODE_8426,3849142980,16,3,rrrrgggGrrrrrrrrGrGG,G,True,False,0,,2.0,37.0,False,False,scenario_baseline
35.0,NODE_74388,436883130,16,1,GGrrrrrrgGrrrrrrr,r,False,False,0,,0.0,35.0,False,False,scenario_baseline
35.0,NODE_10273,3846533030,12,2,rrryyyyGGrrrr,r,False,False,0,,4.0,39.0,False,False,scenario_baseline
35.5,LINK_212169,11449716078,5,0,gGrrrGr,G,True,False,0,,0.5,36.0,False,False,scenario_baseline
35.5,NODE_8452,3846603653,2,0,GGr,r,False,False,0,,43.5,79.0,False,False,scenario_baseline
35.5,NODE_6082,11449716078,5,0,gGrrrGr,G,True,False,0,,0.5,36.0,False,False,scenario_baseline
35.5,NODE_6123,7300992884,5,0,GgGrrrr,r,False,False,0,,28.5,64.0,False,False,scenario_baseline
35.5,NODE_8426,3849142980,16,3,rrrrgggGrrrrrrrrGrGG,G,True,False,0,,1.5,37.0,False,False,scenario_baseline
35.5,NODE_74388,436883130,16,2,yyrrrrrryyrrrrrrr,r,False,False,0,,4.5,40.0,False,False,scenario_baseline
35.5,NODE_10273,3846533030,12,2,rrryyyyGGrrrr,r,False,False,0,,3.5,39.0,False,False,scenario_baseline
36.0,LINK_212169,11449716078,5,0,gGrrrGr,G,True,False,0,,0.0,36.0,False,False,scenario_baseline
36.0,NODE_8452,3846603653,2,0,GGr,r,False,False,0,,43.0,79.0,False,False,scenario_baseline
36.0,NODE_6082,11449716078,5,0,gGrrrGr,G,True,False,0,,0.0,36.0,False,False,scenario_baseline
36.0,NODE_6123,7300992884,5,0,GgGrrrr,r,False,False,0,,28.0,64.0,False,False,scenario_baseline
36.0,NODE_8426,3849142980,16,3,rrrrgggGrrrrrrrrGrGG,G,True,False,0,,1.0,37.0,False,False,scenario_baseline
36.0,NODE_74388,436883130,16,2,yyrrrrrryyrrrrrrr,r,False,False,0,,4.0,40.0,False,False,scenario_baseline
36.0,NODE_10273,3846533030,12,2,rrryyyyGGrrrr,r,False,False,0,,3.0,39.0,False,False,scenario_baseline
36.5,LINK_212169,11449716078,5,1,gGrrrrr,r,False,False,0,,2.5,39.0,False,False,scenario_baseline
36.5,NODE_8452,3846603653,2,0,GGr,r,False,False,0,,42.5,79.0,False,False,scenario_baseline
36.5,NODE_6082,11449716078,5,1,gGrrrrr,r,False,False,0,,2.5,39.0,False,False,scenario_baseline
36.5,NODE_6123,7300992884,5,0,GgGrrrr,r,False,False,0,,27.5,64.0,False,False,scenario_baseline
36.5,NODE_8426,3849142980,16,3,rrrrgggGrrrrrrrrGrGG,G,True,False,0,,0.5,37.0,False,False,scenario_baseline
36.5,NODE_74388,436883130,16,2,yyrrrrrryyrrrrrrr,r,False,False,0,,3.5,40.0,False,False,scenario_baseline
36.5,NODE_10273,3846533030,12,2,rrryyyyGGrrrr,r,False,False,0,,2.5,39.0,False,False,scenario_baseline
37.0,LINK_212169,11449716078,5,1,gGrrrrr,r,False,False,0,,2.0,39.0,False,False,scenario_baseline
37.0,NODE_8452,3846603653,2,0,GGr,r,False,False,0,,42.0,79.0,False,False,scenario_baseline
37.0,NODE_6082,11449716078,5,1,gGrrrrr,r,False,False,0,,2.0,39.0,False,False,scenario_baseline
37.0,NODE_6123,7300992884,5,0,GgGrrrr,r,False,False,0,,27.0,64.0,False,False,scenario_baseline
37.0,NODE_8426,3849142980,16,3,rrrrgggGrrrrrrrrGrGG,G,True,False,0,,0.0,37.0,False,False,scenario_baseline
37.0,NODE_74388,436883130,16,2,yyrrrrrryyrrrrrrr,r,False,False,0,,3.0,40.0,False,False,scenario_baseline
37.0,NODE_10273,3846533030,12,2,rrryyyyGGrrrr,r,False,False,0,,2.0,39.0,False,False,scenario_baseline
37.5,LINK_212169,11449716078,5,1,gGrrrrr,r,False,False,0,,1.5,39.0,False,False,scenario_baseline
37.5,NODE_8452,3846603653,2,0,GGr,r,False,False,0,,41.5,79.0,False,False,scenario_baseline
37.5,NODE_6082,11449716078,5,1,gGrrrrr,r,False,False,0,,1.5,39.0,False,False,scenario_baseline
37.5,NODE_6123,7300992884,5,0,GgGrrrr,r,False,False,0,,26.5,64.0,False,False,scenario_baseline
37.5,NODE_8426,3849142980,16,4,rrrrgggGrrrrrrrrrrrr,r,False,False,0,,2.5,40.0,False,False,scenario_baseline
37.5,NODE_74388,436883130,16,2,yyrrrrrryyrrrrrrr,r,False,False,0,,2.5,40.0,False,False,scenario_baseline
37.5,NODE_10273,3846533030,12,2,rrryyyyGGrrrr,r,False,False,0,,1.5,39.0,False,False,scenario_baseline
38.0,LINK_212169,11449716078,5,1,gGrrrrr,r,False,False,0,,1.0,39.0,False,False,scenario_baseline
38.0,NODE_8452,3846603653,2,0,GGr,r,False,False,0,,41.0,79.0,False,False,scenario_baseline
38.0,NODE_6082,11449716078,5,1,gGrrrrr,r,False,False,0,,1.0,39.0,False,False,scenario_baseline
38.0,NODE_6123,7300992884,5,0,GgGrrrr,r,False,False,0,,26.0,64.0,False,False,scenario_baseline
38.0,NODE_8426,3849142980,16,4,rrrrgggGrrrrrrrrrrrr,r,False,False,0,,2.0,40.0,False,False,scenario_baseline
38.0,NODE_74388,436883130,16,2,yyrrrrrryyrrrrrrr,r,False,False,0,,2.0,40.0,False,False,scenario_baseline
38.0,NODE_10273,3846533030,12,2,rrryyyyGGrrrr,r,False,False,0,,1.0,39.0,False,False,scenario_baseline
38.5,LINK_212169,11449716078,5,1,gGrrrrr,r,False,False,0,,0.5,39.0,False,False,scenario_baseline
38.5,NODE_8452,3846603653,2,0,GGr,r,False,False,0,,40.5,79.0,False,False,scenario_baseline
38.5,NODE_6082,11449716078,5,1,gGrrrrr,r,False,False,0,,0.5,39.0,False,False,scenario_baseline
38.5,NODE_6123,7300992884,5,0,GgGrrrr,r,False,False,0,,25.5,64.0,False,False,scenario_baseline
38.5,NODE_8426,3849142980,16,4,rrrrgggGrrrrrrrrrrrr,r,False,False,0,,1.5,40.0,False,False,scenario_baseline
38.5,NODE_74388,436883130,16,2,yyrrrrrryyrrrrrrr,r,False,False,0,,1.5,40.0,False,False,scenario_baseline
38.5,NODE_10273,3846533030,12,2,rrryyyyGGrrrr,r,False,False,0,,0.5,39.0,False,False,scenario_baseline
39.0,LINK_212169,11449716078,5,1,gGrrrrr,r,False,False,0,,0.0,39.0,False,False,scenario_baseline
39.0,NODE_8452,3846603653,2,0,GGr,r,False,False,0,,40.0,79.0,False,False,scenario_baseline
39.0,NODE_6082,11449716078,5,1,gGrrrrr,r,False,False,0,,0.0,39.0,False,False,scenario_baseline
39.0,NODE_6123,7300992884,5,0,GgGrrrr,r,False,False,0,,25.0,64.0,False,False,scenario_baseline
39.0,NODE_8426,3849142980,16,4,rrrrgggGrrrrrrrrrrrr,r,False,False,0,,1.0,40.0,False,False,scenario_baseline
39.0,NODE_74388,436883130,16,2,yyrrrrrryyrrrrrrr,r,False,False,0,,1.0,40.0,False,False,scenario_baseline
39.0,NODE_10273,3846533030,12,2,rrryyyyGGrrrr,r,False,False,0,,0.0,39.0,False,False,scenario_baseline
39.5,LINK_212169,11449716078,5,2,yyrrrrr,r,False,False,0,,5.5,45.0,False,False,scenario_baseline
39.5,NODE_8452,3846603653,2,0,GGr,r,False,False,0,,39.5,79.0,False,False,scenario_baseline
39.5,NODE_6082,11449716078,5,2,yyrrrrr,r,False,False,0,,5.5,45.0,False,False,scenario_baseline
39.5,NODE_6123,7300992884,5,0,GgGrrrr,r,False,False,0,,24.5,64.0,False,False,scenario_baseline
39.5,NODE_8426,3849142980,16,4,rrrrgggGrrrrrrrrrrrr,r,False,False,0,,0.5,40.0,False,False,scenario_baseline
39.5,NODE_74388,436883130,16,2,yyrrrrrryyrrrrrrr,r,False,False,0,,0.5,40.0,False,False,scenario_baseline
39.5,NODE_10273,3846533030,12,3,rrrrrrrGGGGrr,r,False,False,0,,5.5,45.0,False,False,scenario_baseline
40.0,LINK_212169,11449716078,5,2,yyrrrrr,r,False,False,0,,5.0,45.0,False,False,scenario_baseline
40.0,NODE_8452,3846603653,2,0,GGr,r,False,False,0,,39.0,79.0,False,False,scenario_baseline
40.0,NODE_6082,11449716078,5,2,yyrrrrr,r,False,False,0,,5.0,45.0,False,False,scenario_baseline
40.0,NODE_6123,7300992884,5,0,GgGrrrr,r,False,False,0,,24.0,64.0,False,False,scenario_baseline
40.0,NODE_8426,3849142980,16,4,rrrrgggGrrrrrrrrrrrr,r,False,False,0,,0.0,40.0,False,False,scenario_baseline
40.0,NODE_74388,436883130,16,2,yyrrrrrryyrrrrrrr,r,False,False,0,,0.0,40.0,False,False,scenario_baseline
40.0,NODE_10273,3846533030,12,3,rrrrrrrGGGGrr,r,False,False,0,,5.0,45.0,False,False,scenario_baseline
40.5,LINK_212169,11449716078,5,2,yyrrrrr,r,False,False,0,,4.5,45.0,False,False,scenario_baseline
40.5,NODE_8452,3846603653,2,0,GGr,r,False,False,0,,38.5,79.0,False,False,scenario_baseline
40.5,NODE_6082,11449716078,5,2,yyrrrrr,r,False,False,0,,4.5,45.0,False,False,scenario_baseline
40.5,NODE_6123,7300992884,5,0,GgGrrrr,r,False,False,0,,23.5,64.0,False,False,scenario_baseline
40.5,NODE_8426,3849142980,16,5,rrrryyyyrrrrrrrrrrrr,r,False,False,0,,2.5,43.0,False,False,scenario_baseline
40.5,NODE_74388,436883130,16,3,rrGGrrrrrrGGrrrrr,r,False,False,0,,5.5,46.0,False,False,scenario_baseline
40.5,NODE_10273,3846533030,12,3,rrrrrrrGGGGrr,r,False,False,0,,4.5,45.0,False,False,scenario_baseline
41.0,LINK_212169,11449716078,5,2,yyrrrrr,r,False,False,0,,4.0,45.0,False,False,scenario_baseline
41.0,NODE_8452,3846603653,2,0,GGr,r,False,False,0,,38.0,79.0,False,False,scenario_baseline
41.0,NODE_6082,11449716078,5,2,yyrrrrr,r,False,False,0,,4.0,45.0,False,False,scenario_baseline
41.0,NODE_6123,7300992884,5,0,GgGrrrr,r,False,False,0,,23.0,64.0,False,False,scenario_baseline
41.0,NODE_8426,3849142980,16,5,rrrryyyyrrrrrrrrrrrr,r,False,False,0,,2.0,43.0,False,False,scenario_baseline
41.0,NODE_74388,436883130,16,3,rrGGrrrrrrGGrrrrr,r,False,False,0,,5.0,46.0,False,False,scenario_baseline
41.0,NODE_10273,3846533030,12,3,rrrrrrrGGGGrr,r,False,False,0,,4.0,45.0,False,False,scenario_baseline
41.5,LINK_212169,11449716078,5,2,yyrrrrr,r,False,False,0,,3.5,45.0,False,False,scenario_baseline
41.5,NODE_8452,3846603653,2,0,GGr,r,False,False,0,,37.5,79.0,False,False,scenario_baseline
41.5,NODE_6082,11449716078,5,2,yyrrrrr,r,False,False,0,,3.5,45.0,False,False,scenario_baseline
41.5,NODE_6123,7300992884,5,0,GgGrrrr,r,False,False,0,,22.5,64.0,False,False,scenario_baseline
41.5,NODE_8426,3849142980,16,5,rrrryyyyrrrrrrrrrrrr,r,False,False,0,,1.5,43.0,False,False,scenario_baseline
41.5,NODE_74388,436883130,16,3,rrGGrrrrrrGGrrrrr,r,False,False,0,,4.5,46.0,False,False,scenario_baseline
41.5,NODE_10273,3846533030,12,3,rrrrrrrGGGGrr,r,False,False,0,,3.5,45.0,False,False,scenario_baseline
42.0,LINK_212169,11449716078,5,2,yyrrrrr,r,False,False,0,,3.0,45.0,False,False,scenario_baseline
42.0,NODE_8452,3846603653,2,0,GGr,r,False,False,0,,37.0,79.0,False,False,scenario_baseline
42.0,NODE_6082,11449716078,5,2,yyrrrrr,r,False,False,0,,3.0,45.0,False,False,scenario_baseline
42.0,NODE_6123,7300992884,5,0,GgGrrrr,r,False,False,0,,22.0,64.0,False,False,scenario_baseline
42.0,NODE_8426,3849142980,16,5,rrrryyyyrrrrrrrrrrrr,r,False,False,1,ped_5_0_NODE_8426,1.0,43.0,False,False,scenario_baseline
42.0,NODE_74388,436883130,16,3,rrGGrrrrrrGGrrrrr,r,False,False,0,,4.0,46.0,False,False,scenario_baseline
42.0,NODE_10273,3846533030,12,3,rrrrrrrGGGGrr,r,False,False,0,,3.0,45.0,False,False,scenario_baseline
42.5,LINK_212169,11449716078,5,2,yyrrrrr,r,False,False,0,,2.5,45.0,False,False,scenario_baseline
42.5,NODE_8452,3846603653,2,0,GGr,r,False,False,0,,36.5,79.0,False,False,scenario_baseline
42.5,NODE_6082,11449716078,5,2,yyrrrrr,r,False,False,0,,2.5,45.0,False,False,scenario_baseline
42.5,NODE_6123,7300992884,5,0,GgGrrrr,r,False,False,0,,21.5,64.0,False,False,scenario_baseline
42.5,NODE_8426,3849142980,16,5,rrrryyyyrrrrrrrrrrrr,r,False,False,1,ped_5_0_NODE_8426,0.5,43.0,False,False,scenario_baseline
42.5,NODE_74388,436883130,16,3,rrGGrrrrrrGGrrrrr,r,False,False,0,,3.5,46.0,False,False,scenario_baseline
42.5,NODE_10273,3846533030,12,3,rrrrrrrGGGGrr,r,False,False,0,,2.5,45.0,False,False,scenario_baseline
43.0,LINK_212169,11449716078,5,2,yyrrrrr,r,False,False,0,,2.0,45.0,False,False,scenario_baseline
43.0,NODE_8452,3846603653,2,0,GGr,r,False,False,0,,36.0,79.0,False,False,scenario_baseline
43.0,NODE_6082,11449716078,5,2,yyrrrrr,r,False,False,0,,2.0,45.0,False,False,scenario_baseline
43.0,NODE_6123,7300992884,5,0,GgGrrrr,r,False,False,0,,21.0,64.0,False,False,scenario_baseline
43.0,NODE_8426,3849142980,16,5,rrrryyyyrrrrrrrrrrrr,r,False,False,1,ped_5_0_NODE_8426,0.0,43.0,False,False,scenario_baseline
43.0,NODE_74388,436883130,16,3,rrGGrrrrrrGGrrrrr,r,False,False,0,,3.0,46.0,False,False,scenario_baseline
43.0,NODE_10273,3846533030,12,3,rrrrrrrGGGGrr,r,False,False,0,,2.0,45.0,False,False,scenario_baseline
43.5,LINK_212169,11449716078,5,2,yyrrrrr,r,False,False,0,,1.5,45.0,False,False,scenario_baseline
43.5,NODE_8452,3846603653,2,0,GGr,r,False,False,0,,35.5,79.0,False,False,scenario_baseline
43.5,NODE_6082,11449716078,5,2,yyrrrrr,r,False,False,0,,1.5,45.0,False,False,scenario_baseline
43.5,NODE_6123,7300992884,5,0,GgGrrrr,r,False,False,0,,20.5,64.0,False,False,scenario_baseline
43.5,NODE_8426,3849142980,16,6,rrrrrrrrrrrrrrrrGrrr,G,True,True,2,ped_5_0_NODE_8426|ped_5_1_NODE_8426,0.5,44.0,False,False,scenario_baseline
43.5,NODE_74388,436883130,16,3,rrGGrrrrrrGGrrrrr,r,False,False,0,,2.5,46.0,False,False,scenario_baseline
43.5,NODE_10273,3846533030,12,3,rrrrrrrGGGGrr,r,False,False,0,,1.5,45.0,False,False,scenario_baseline
44.0,LINK_212169,11449716078,5,2,yyrrrrr,r,False,False,0,,1.0,45.0,False,False,scenario_baseline
44.0,NODE_8452,3846603653,2,0,GGr,r,False,False,0,,35.0,79.0,False,False,scenario_baseline
44.0,NODE_6082,11449716078,5,2,yyrrrrr,r,False,False,0,,1.0,45.0,False,False,scenario_baseline
44.0,NODE_6123,7300992884,5,0,GgGrrrr,r,False,False,0,,20.0,64.0,False,False,scenario_baseline
44.0,NODE_8426,3849142980,16,6,rrrrrrrrrrrrrrrrGrrr,G,True,True,2,ped_5_0_NODE_8426|ped_5_1_NODE_8426,0.0,44.0,False,False,scenario_baseline
44.0,NODE_74388,436883130,16,3,rrGGrrrrrrGGrrrrr,r,False,False,0,,2.0,46.0,False,False,scenario_baseline
44.0,NODE_10273,3846533030,12,3,rrrrrrrGGGGrr,r,False,False,0,,1.0,45.0,False,False,scenario_baseline
44.5,LINK_212169,11449716078,5,2,yyrrrrr,r,False,False,0,,0.5,45.0,False,False,scenario_baseline
44.5,NODE_8452,3846603653,2,0,GGr,r,False,False,0,,34.5,79.0,False,False,scenario_baseline
44.5,NODE_6082,11449716078,5,2,yyrrrrr,r,False,False,0,,0.5,45.0,False,False,scenario_baseline
44.5,NODE_6123,7300992884,5,0,GgGrrrr,r,False,False,0,,19.5,64.0,False,False,scenario_baseline
44.5,NODE_8426,3849142980,16,7,rrrrrrrrrrrrgggGGGGr,G,True,False,2,ped_5_0_NODE_8426|ped_5_1_NODE_8426,16.5,61.0,False,False,scenario_baseline
44.5,NODE_74388,436883130,16,3,rrGGrrrrrrGGrrrrr,r,False,False,0,,1.5,46.0,False,False,scenario_baseline
44.5,NODE_10273,3846533030,12,3,rrrrrrrGGGGrr,r,False,False,0,,0.5,45.0,False,False,scenario_baseline
45.0,LINK_212169,11449716078,5,2,yyrrrrr,r,False,False,0,,0.0,45.0,False,False,scenario_baseline
45.0,NODE_8452,3846603653,2,0,GGr,r,False,False,0,,34.0,79.0,False,False,scenario_baseline
45.0,NODE_6082,11449716078,5,2,yyrrrrr,r,False,False,0,,0.0,45.0,False,False,scenario_baseline
45.0,NODE_6123,7300992884,5,0,GgGrrrr,r,False,False,0,,19.0,64.0,False,False,scenario_baseline
45.0,NODE_8426,3849142980,16,7,rrrrrrrrrrrrgggGGGGr,G,True,False,3,ped_5_0_NODE_8426|ped_5_1_NODE_8426|ped_5_2_NODE_8426,16.0,61.0,False,False,scenario_baseline
45.0,NODE_74388,436883130,16,3,rrGGrrrrrrGGrrrrr,r,False,False,0,,1.0,46.0,False,False,scenario_baseline
45.0,NODE_10273,3846533030,12,3,rrrrrrrGGGGrr,r,False,False,0,,0.0,45.0,False,False,scenario_baseline
45.5,LINK_212169,11449716078,5,3,rrgGGrG,r,False,False,0,,35.5,81.0,False,False,scenario_baseline
45.5,NODE_8452,3846603653,2,0,GGr,r,False,False,0,,33.5,79.0,False,False,scenario_baseline
45.5,NODE_6082,11449716078,5,3,rrgGGrG,r,False,False,0,,35.5,81.0,False,False,scenario_baseline
45.5,NODE_6123,7300992884,5,0,GgGrrrr,r,False,False,0,,18.5,64.0,False,False,scenario_baseline
45.5,NODE_8426,3849142980,16,7,rrrrrrrrrrrrgggGGGGr,G,True,False,3,ped_5_0_NODE_8426|ped_5_1_NODE_8426|ped_5_2_NODE_8426,15.5,61.0,False,False,scenario_baseline
45.5,NODE_74388,436883130,16,3,rrGGrrrrrrGGrrrrr,r,False,False,0,,0.5,46.0,False,False,scenario_baseline
45.5,NODE_10273,3846533030,12,4,rrrrrrryyyyrr,r,False,False,0,,5.5,51.0,False,False,scenario_baseline
46.0,LINK_212169,11449716078,5,3,rrgGGrG,r,False,False,0,,35.0,81.0,False,False,scenario_baseline
46.0,NODE_8452,3846603653,2,0,GGr,r,False,False,0,,33.0,79.0,False,False,scenario_baseline
46.0,NODE_6082,11449716078,5,3,rrgGGrG,r,False,False,0,,35.0,81.0,False,False,scenario_baseline
46.0,NODE_6123,7300992884,5,0,GgGrrrr,r,False,False,0,,18.0,64.0,False,False,scenario_baseline
46.0,NODE_8426,3849142980,16,7,rrrrrrrrrrrrgggGGGGr,G,True,False,3,ped_5_0_NODE_8426|ped_5_1_NODE_8426|ped_5_2_NODE_8426,15.0,61.0,False,False,scenario_baseline
46.0,NODE_74388,436883130,16,3,rrGGrrrrrrGGrrrrr,r,False,False,0,,0.0,46.0,False,False,scenario_baseline
46.0,NODE_10273,3846533030,12,4,rrrrrrryyyyrr,r,False,False,0,,5.0,51.0,False,False,scenario_baseline
46.5,LINK_212169,11449716078,5,3,rrgGGrG,r,False,False,0,,34.5,81.0,False,False,scenario_baseline
46.5,NODE_8452,3846603653,2,0,GGr,r,False,False,0,,32.5,79.0,False,False,scenario_baseline
46.5,NODE_6082,11449716078,5,3,rrgGGrG,r,False,False,0,,34.5,81.0,False,False,scenario_baseline
46.5,NODE_6123,7300992884,5,0,GgGrrrr,r,False,False,0,,17.5,64.0,False,False,scenario_baseline
46.5,NODE_8426,3849142980,16,7,rrrrrrrrrrrrgggGGGGr,G,True,False,4,ped_5_0_NODE_8426|ped_5_1_NODE_8426|ped_5_2_NODE_8426|ped_5_3_NODE_8426,14.5,61.0,False,False,scenario_baseline
46.5,NODE_74388,436883130,16,4,rryyrrrrrryyrrrrr,r,False,False,0,,4.5,51.0,False,False,scenario_baseline
46.5,NODE_10273,3846533030,12,4,rrrrrrryyyyrr,r,False,False,0,,4.5,51.0,False,False,scenario_baseline
47.0,LINK_212169,11449716078,5,3,rrgGGrG,r,False,False,0,,34.0,81.0,False,False,scenario_baseline
47.0,NODE_8452,3846603653,2,0,GGr,r,False,False,0,,32.0,79.0,False,False,scenario_baseline
47.0,NODE_6082,11449716078,5,3,rrgGGrG,r,False,False,0,,34.0,81.0,False,False,scenario_baseline
47.0,NODE_6123,7300992884,5,0,GgGrrrr,r,False,False,0,,17.0,64.0,False,False,scenario_baseline
47.0,NODE_8426,3849142980,16,7,rrrrrrrrrrrrgggGGGGr,G,True,False,4,ped_5_0_NODE_8426|ped_5_1_NODE_8426|ped_5_2_NODE_8426|ped_5_3_NODE_8426,14.0,61.0,False,False,scenario_baseline
47.0,NODE_74388,436883130,16,4,rryyrrrrrryyrrrrr,r,False,False,0,,4.0,51.0,False,False,scenario_baseline
47.0,NODE_10273,3846533030,12,4,rrrrrrryyyyrr,r,False,False,0,,4.0,51.0,False,False,scenario_baseline
47.5,LINK_212169,11449716078,5,3,rrgGGrG,r,False,False,0,,33.5,81.0,False,False,scenario_baseline
47.5,NODE_8452,3846603653,2,0,GGr,r,False,False,0,,31.5,79.0,False,False,scenario_baseline
47.5,NODE_6082,11449716078,5,3,rrgGGrG,r,False,False,0,,33.5,81.0,False,False,scenario_baseline
47.5,NODE_6123,7300992884,5,0,GgGrrrr,r,False,False,0,,16.5,64.0,False,False,scenario_baseline
47.5,NODE_8426,3849142980,16,7,rrrrrrrrrrrrgggGGGGr,G,True,False,4,ped_5_0_NODE_8426|ped_5_1_NODE_8426|ped_5_2_NODE_8426|ped_5_3_NODE_8426,13.5,61.0,False,False,scenario_baseline
47.5,NODE_74388,436883130,16,4,rryyrrrrrryyrrrrr,r,False,False,0,,3.5,51.0,False,False,scenario_baseline
47.5,NODE_10273,3846533030,12,4,rrrrrrryyyyrr,r,False,False,0,,3.5,51.0,False,False,scenario_baseline
48.0,LINK_212169,11449716078,5,3,rrgGGrG,r,False,False,0,,33.0,81.0,False,False,scenario_baseline
48.0,NODE_8452,3846603653,2,0,GGr,r,False,False,0,,31.0,79.0,False,False,scenario_baseline
48.0,NODE_6082,11449716078,5,3,rrgGGrG,r,False,False,0,,33.0,81.0,False,False,scenario_baseline
48.0,NODE_6123,7300992884,5,0,GgGrrrr,r,False,False,0,,16.0,64.0,False,False,scenario_baseline
48.0,NODE_8426,3849142980,16,7,rrrrrrrrrrrrgggGGGGr,G,True,False,5,ped_5_0_NODE_8426|ped_5_1_NODE_8426|ped_5_2_NODE_8426|ped_5_3_NODE_8426|ped_5_4_NODE_8426,13.0,61.0,False,False,scenario_baseline
48.0,NODE_74388,436883130,16,4,rryyrrrrrryyrrrrr,r,False,False,0,,3.0,51.0,False,False,scenario_baseline
48.0,NODE_10273,3846533030,12,4,rrrrrrryyyyrr,r,False,False,0,,3.0,51.0,False,False,scenario_baseline
48.5,LINK_212169,11449716078,5,3,rrgGGrG,r,False,False,0,,32.5,81.0,False,False,scenario_baseline
48.5,NODE_8452,3846603653,2,0,GGr,r,False,False,0,,30.5,79.0,False,False,scenario_baseline
48.5,NODE_6082,11449716078,5,3,rrgGGrG,r,False,False,0,,32.5,81.0,False,False,scenario_baseline
48.5,NODE_6123,7300992884,5,0,GgGrrrr,r,False,False,0,,15.5,64.0,False,False,scenario_baseline
48.5,NODE_8426,3849142980,16,7,rrrrrrrrrrrrgggGGGGr,G,True,False,5,ped_5_0_NODE_8426|ped_5_1_NODE_8426|ped_5_2_NODE_8426|ped_5_3_NODE_8426|ped_5_4_NODE_8426,12.5,61.0,False,False,scenario_baseline
48.5,NODE_74388,436883130,16,4,rryyrrrrrryyrrrrr,r,False,False,0,,2.5,51.0,False,False,scenario_baseline
48.5,NODE_10273,3846533030,12,4,rrrrrrryyyyrr,r,False,False,0,,2.5,51.0,False,False,scenario_baseline
49.0,LINK_212169,11449716078,5,3,rrgGGrG,r,False,False,0,,32.0,81.0,False,False,scenario_baseline
49.0,NODE_8452,3846603653,2,0,GGr,r,False,False,0,,30.0,79.0,False,False,scenario_baseline
49.0,NODE_6082,11449716078,5,3,rrgGGrG,r,False,False,0,,32.0,81.0,False,False,scenario_baseline
49.0,NODE_6123,7300992884,5,0,GgGrrrr,r,False,False,0,,15.0,64.0,False,False,scenario_baseline
49.0,NODE_8426,3849142980,16,7,rrrrrrrrrrrrgggGGGGr,G,True,False,5,ped_5_0_NODE_8426|ped_5_1_NODE_8426|ped_5_2_NODE_8426|ped_5_3_NODE_8426|ped_5_4_NODE_8426,12.0,61.0,False,False,scenario_baseline
49.0,NODE_74388,436883130,16,4,rryyrrrrrryyrrrrr,r,False,False,0,,2.0,51.0,False,False,scenario_baseline
49.0,NODE_10273,3846533030,12,4,rrrrrrryyyyrr,r,False,False,0,,2.0,51.0,False,False,scenario_baseline
49.5,LINK_212169,11449716078,5,3,rrgGGrG,r,False,False,0,,31.5,81.0,False,False,scenario_baseline
49.5,NODE_8452,3846603653,2,0,GGr,r,False,False,0,,29.5,79.0,False,False,scenario_baseline
49.5,NODE_6082,11449716078,5,3,rrgGGrG,r,False,False,0,,31.5,81.0,False,False,scenario_baseline
49.5,NODE_6123,7300992884,5,0,GgGrrrr,r,False,False,0,,14.5,64.0,False,False,scenario_baseline
49.5,NODE_8426,3849142980,16,7,rrrrrrrrrrrrgggGGGGr,G,True,False,5,ped_5_0_NODE_8426|ped_5_1_NODE_8426|ped_5_2_NODE_8426|ped_5_3_NODE_8426|ped_5_4_NODE_8426,11.5,61.0,False,False,scenario_baseline
49.5,NODE_74388,436883130,16,4,rryyrrrrrryyrrrrr,r,False,False,0,,1.5,51.0,False,False,scenario_baseline
49.5,NODE_10273,3846533030,12,4,rrrrrrryyyyrr,r,False,False,0,,1.5,51.0,False,False,scenario_baseline
50.0,LINK_212169,11449716078,5,3,rrgGGrG,r,False,False,0,,31.0,81.0,False,False,scenario_baseline
50.0,NODE_8452,3846603653,2,0,GGr,r,False,False,0,,29.0,79.0,False,False,scenario_baseline
50.0,NODE_6082,11449716078,5,3,rrgGGrG,r,False,False,0,,31.0,81.0,False,False,scenario_baseline
50.0,NODE_6123,7300992884,5,0,GgGrrrr,r,False,False,0,,14.0,64.0,False,False,scenario_baseline
50.0,NODE_8426,3849142980,16,7,rrrrrrrrrrrrgggGGGGr,G,True,False,5,ped_5_0_NODE_8426|ped_5_1_NODE_8426|ped_5_2_NODE_8426|ped_5_3_NODE_8426|ped_5_4_NODE_8426,11.0,61.0,False,False,scenario_baseline
50.0,NODE_74388,436883130,16,4,rryyrrrrrryyrrrrr,r,False,False,0,,1.0,51.0,False,False,scenario_baseline
50.0,NODE_10273,3846533030,12,4,rrrrrrryyyyrr,r,False,False,0,,1.0,51.0,False,False,scenario_baseline
50.5,LINK_212169,11449716078,5,3,rrgGGrG,r,False,False,0,,30.5,81.0,False,False,scenario_baseline
50.5,NODE_8452,3846603653,2,0,GGr,r,False,False,0,,28.5,79.0,False,False,scenario_baseline
50.5,NODE_6082,11449716078,5,3,rrgGGrG,r,False,False,0,,30.5,81.0,False,False,scenario_baseline
50.5,NODE_6123,7300992884,5,0,GgGrrrr,r,False,False,0,,13.5,64.0,False,False,scenario_baseline
50.5,NODE_8426,3849142980,16,7,rrrrrrrrrrrrgggGGGGr,G,True,False,5,ped_5_0_NODE_8426|ped_5_1_NODE_8426|ped_5_2_NODE_8426|ped_5_3_NODE_8426|ped_5_4_NODE_8426,10.5,61.0,False,False,scenario_baseline
50.5,NODE_74388,436883130,16,4,rryyrrrrrryyrrrrr,r,False,False,0,,0.5,51.0,False,False,scenario_baseline
50.5,NODE_10273,3846533030,12,4,rrrrrrryyyyrr,r,False,False,0,,0.5,51.0,False,False,scenario_baseline
51.0,LINK_212169,11449716078,5,3,rrgGGrG,r,False,False,0,,30.0,81.0,False,False,scenario_baseline
51.0,NODE_8452,3846603653,2,0,GGr,r,False,False,0,,28.0,79.0,False,False,scenario_baseline
51.0,NODE_6082,11449716078,5,3,rrgGGrG,r,False,False,0,,30.0,81.0,False,False,scenario_baseline
51.0,NODE_6123,7300992884,5,0,GgGrrrr,r,False,False,0,,13.0,64.0,False,False,scenario_baseline
51.0,NODE_8426,3849142980,16,7,rrrrrrrrrrrrgggGGGGr,G,True,False,5,ped_5_0_NODE_8426|ped_5_1_NODE_8426|ped_5_2_NODE_8426|ped_5_3_NODE_8426|ped_5_4_NODE_8426,10.0,61.0,False,False,scenario_baseline
51.0,NODE_74388,436883130,16,4,rryyrrrrrryyrrrrr,r,False,False,0,,0.0,51.0,False,False,scenario_baseline
51.0,NODE_10273,3846533030,12,4,rrrrrrryyyyrr,r,False,False,0,,0.0,51.0,False,False,scenario_baseline
51.5,LINK_212169,11449716078,5,3,rrgGGrG,r,False,False,0,,29.5,81.0,False,False,scenario_baseline
51.5,NODE_8452,3846603653,2,0,GGr,r,False,False,0,,27.5,79.0,False,False,scenario_baseline
51.5,NODE_6082,11449716078,5,3,rrgGGrG,r,False,False,0,,29.5,81.0,False,False,scenario_baseline
51.5,NODE_6123,7300992884,5,0,GgGrrrr,r,False,False,0,,12.5,64.0,False,False,scenario_baseline
51.5,NODE_8426,3849142980,16,7,rrrrrrrrrrrrgggGGGGr,G,True,False,5,ped_5_0_NODE_8426|ped_5_1_NODE_8426|ped_5_2_NODE_8426|ped_5_3_NODE_8426|ped_5_4_NODE_8426,9.5,61.0,False,False,scenario_baseline
51.5,NODE_74388,436883130,16,5,rrrrGGggrrrrGGggr,r,False,False,0,,33.5,85.0,False,False,scenario_baseline
51.5,NODE_10273,3846533030,12,5,gGGrrrrrrrrrG,G,True,False,0,,29.5,81.0,False,False,scenario_baseline
52.0,LINK_212169,11449716078,5,3,rrgGGrG,r,False,False,0,,29.0,81.0,False,False,scenario_baseline
52.0,NODE_8452,3846603653,2,0,GGr,r,False,False,0,,27.0,79.0,False,False,scenario_baseline
52.0,NODE_6082,11449716078,5,3,rrgGGrG,r,False,False,0,,29.0,81.0,False,False,scenario_baseline
52.0,NODE_6123,7300992884,5,0,GgGrrrr,r,False,False,0,,12.0,64.0,False,False,scenario_baseline
52.0,NODE_8426,3849142980,16,7,rrrrrrrrrrrrgggGGGGr,G,True,False,5,ped_5_0_NODE_8426|ped_5_1_NODE_8426|ped_5_2_NODE_8426|ped_5_3_NODE_8426|ped_5_4_NODE_8426,9.0,61.0,False,False,scenario_baseline
52.0,NODE_74388,436883130,16,5,rrrrGGggrrrrGGggr,r,False,False,0,,33.0,85.0,False,False,scenario_baseline
52.0,NODE_10273,3846533030,12,5,gGGrrrrrrrrrG,G,True,False,0,,29.0,81.0,False,False,scenario_baseline
52.5,LINK_212169,11449716078,5,3,rrgGGrG,r,False,False,0,,28.5,81.0,False,False,scenario_baseline
52.5,NODE_8452,3846603653,2,0,GGr,r,False,False,0,,26.5,79.0,False,False,scenario_baseline
52.5,NODE_6082,11449716078,5,3,rrgGGrG,r,False,False,0,,28.5,81.0,False,False,scenario_baseline
52.5,NODE_6123,7300992884,5,0,GgGrrrr,r,False,False,0,,11.5,64.0,False,False,scenario_baseline
52.5,NODE_8426,3849142980,16,7,rrrrrrrrrrrrgggGGGGr,G,True,False,5,ped_5_0_NODE_8426|ped_5_1_NODE_8426|ped_5_2_NODE_8426|ped_5_3_NODE_8426|ped_5_4_NODE_8426,8.5,61.0,False,False,scenario_baseline
52.5,NODE_74388,436883130,16,5,rrrrGGggrrrrGGggr,r,False,False,0,,32.5,85.0,False,False,scenario_baseline
52.5,NODE_10273,3846533030,12,5,gGGrrrrrrrrrG,G,True,False,0,,28.5,81.0,False,False,scenario_baseline
53.0,LINK_212169,11449716078,5,3,rrgGGrG,r,False,False,0,,28.0,81.0,False,False,scenario_baseline
53.0,NODE_8452,3846603653,2,0,GGr,r,False,False,0,,26.0,79.0,False,False,scenario_baseline
53.0,NODE_6082,11449716078,5,3,rrgGGrG,r,False,False,0,,28.0,81.0,False,False,scenario_baseline
53.0,NODE_6123,7300992884,5,0,GgGrrrr,r,False,False,0,,11.0,64.0,False,False,scenario_baseline
53.0,NODE_8426,3849142980,16,7,rrrrrrrrrrrrgggGGGGr,G,True,False,5,ped_5_0_NODE_8426|ped_5_1_NODE_8426|ped_5_2_NODE_8426|ped_5_3_NODE_8426|ped_5_4_NODE_8426,8.0,61.0,False,False,scenario_baseline
53.0,NODE_74388,436883130,16,5,rrrrGGggrrrrGGggr,r,False,False,0,,32.0,85.0,False,False,scenario_baseline
53.0,NODE_10273,3846533030,12,5,gGGrrrrrrrrrG,G,True,False,0,,28.0,81.0,False,False,scenario_baseline
53.5,LINK_212169,11449716078,5,3,rrgGGrG,r,False,False,0,,27.5,81.0,False,False,scenario_baseline
53.5,NODE_8452,3846603653,2,0,GGr,r,False,False,0,,25.5,79.0,False,False,scenario_baseline
53.5,NODE_6082,11449716078,5,3,rrgGGrG,r,False,False,0,,27.5,81.0,False,False,scenario_baseline
53.5,NODE_6123,7300992884,5,0,GgGrrrr,r,False,False,0,,10.5,64.0,False,False,scenario_baseline
53.5,NODE_8426,3849142980,16,7,rrrrrrrrrrrrgggGGGGr,G,True,False,5,ped_5_0_NODE_8426|ped_5_1_NODE_8426|ped_5_2_NODE_8426|ped_5_3_NODE_8426|ped_5_4_NODE_8426,7.5,61.0,False,False,scenario_baseline
53.5,NODE_74388,436883130,16,5,rrrrGGggrrrrGGggr,r,False,False,0,,31.5,85.0,False,False,scenario_baseline
53.5,NODE_10273,3846533030,12,5,gGGrrrrrrrrrG,G,True,False,0,,27.5,81.0,False,False,scenario_baseline
54.0,LINK_212169,11449716078,5,3,rrgGGrG,r,False,False,0,,27.0,81.0,False,False,scenario_baseline
54.0,NODE_8452,3846603653,2,0,GGr,r,False,False,0,,25.0,79.0,False,False,scenario_baseline
54.0,NODE_6082,11449716078,5,3,rrgGGrG,r,False,False,0,,27.0,81.0,False,False,scenario_baseline
54.0,NODE_6123,7300992884,5,0,GgGrrrr,r,False,False,0,,10.0,64.0,False,False,scenario_baseline
54.0,NODE_8426,3849142980,16,7,rrrrrrrrrrrrgggGGGGr,G,True,False,5,ped_5_0_NODE_8426|ped_5_1_NODE_8426|ped_5_2_NODE_8426|ped_5_3_NODE_8426|ped_5_4_NODE_8426,7.0,61.0,False,False,scenario_baseline
54.0,NODE_74388,436883130,16,5,rrrrGGggrrrrGGggr,r,False,False,0,,31.0,85.0,False,False,scenario_baseline
54.0,NODE_10273,3846533030,12,5,gGGrrrrrrrrrG,G,True,False,0,,27.0,81.0,False,False,scenario_baseline
54.5,LINK_212169,11449716078,5,3,rrgGGrG,r,False,False,0,,26.5,81.0,False,False,scenario_baseline
54.5,NODE_8452,3846603653,2,0,GGr,r,False,False,0,,24.5,79.0,False,False,scenario_baseline
54.5,NODE_6082,11449716078,5,3,rrgGGrG,r,False,False,0,,26.5,81.0,False,False,scenario_baseline
54.5,NODE_6123,7300992884,5,0,GgGrrrr,r,False,False,0,,9.5,64.0,False,False,scenario_baseline
54.5,NODE_8426,3849142980,16,7,rrrrrrrrrrrrgggGGGGr,G,True,False,5,ped_5_0_NODE_8426|ped_5_1_NODE_8426|ped_5_2_NODE_8426|ped_5_3_NODE_8426|ped_5_4_NODE_8426,6.5,61.0,False,False,scenario_baseline
54.5,NODE_74388,436883130,16,5,rrrrGGggrrrrGGggr,r,False,False,0,,30.5,85.0,False,False,scenario_baseline
54.5,NODE_10273,3846533030,12,5,gGGrrrrrrrrrG,G,True,False,0,,26.5,81.0,False,False,scenario_baseline
55.0,LINK_212169,11449716078,5,3,rrgGGrG,r,False,False,0,,26.0,81.0,False,False,scenario_baseline
55.0,NODE_8452,3846603653,2,0,GGr,r,False,False,0,,24.0,79.0,False,False,scenario_baseline
55.0,NODE_6082,11449716078,5,3,rrgGGrG,r,False,False,0,,26.0,81.0,False,False,scenario_baseline
55.0,NODE_6123,7300992884,5,0,GgGrrrr,r,False,False,0,,9.0,64.0,False,False,scenario_baseline
55.0,NODE_8426,3849142980,16,7,rrrrrrrrrrrrgggGGGGr,G,True,False,5,ped_5_0_NODE_8426|ped_5_1_NODE_8426|ped_5_2_NODE_8426|ped_5_3_NODE_8426|ped_5_4_NODE_8426,6.0,61.0,False,False,scenario_baseline
55.0,NODE_74388,436883130,16,5,rrrrGGggrrrrGGggr,r,False,False,0,,30.0,85.0,False,False,scenario_baseline
55.0,NODE_10273,3846533030,12,5,gGGrrrrrrrrrG,G,True,False,0,,26.0,81.0,False,False,scenario_baseline
55.5,LINK_212169,11449716078,5,3,rrgGGrG,r,False,False,0,,25.5,81.0,False,False,scenario_baseline
55.5,NODE_8452,3846603653,2,0,GGr,r,False,False,0,,23.5,79.0,False,False,scenario_baseline
55.5,NODE_6082,11449716078,5,3,rrgGGrG,r,False,False,0,,25.5,81.0,False,False,scenario_baseline
55.5,NODE_6123,7300992884,5,0,GgGrrrr,r,False,False,0,,8.5,64.0,False,False,scenario_baseline
55.5,NODE_8426,3849142980,16,7,rrrrrrrrrrrrgggGGGGr,G,True,False,5,ped_5_0_NODE_8426|ped_5_1_NODE_8426|ped_5_2_NODE_8426|ped_5_3_NODE_8426|ped_5_4_NODE_8426,5.5,61.0,False,False,scenario_baseline
55.5,NODE_74388,436883130,16,5,rrrrGGggrrrrGGggr,r,False,False,0,,29.5,85.0,False,False,scenario_baseline
55.5,NODE_10273,3846533030,12,5,gGGrrrrrrrrrG,G,True,False,0,,25.5,81.0,False,False,scenario_baseline
56.0,LINK_212169,11449716078,5,3,rrgGGrG,r,False,False,0,,25.0,81.0,False,False,scenario_baseline
56.0,NODE_8452,3846603653,2,0,GGr,r,False,False,0,,23.0,79.0,False,False,scenario_baseline
56.0,NODE_6082,11449716078,5,3,rrgGGrG,r,False,False,0,,25.0,81.0,False,False,scenario_baseline
56.0,NODE_6123,7300992884,5,0,GgGrrrr,r,False,False,0,,8.0,64.0,False,False,scenario_baseline
56.0,NODE_8426,3849142980,16,7,rrrrrrrrrrrrgggGGGGr,G,True,False,5,ped_5_0_NODE_8426|ped_5_1_NODE_8426|ped_5_2_NODE_8426|ped_5_3_NODE_8426|ped_5_4_NODE_8426,5.0,61.0,False,False,scenario_baseline
56.0,NODE_74388,436883130,16,5,rrrrGGggrrrrGGggr,r,False,False,0,,29.0,85.0,False,False,scenario_baseline
56.0,NODE_10273,3846533030,12,5,gGGrrrrrrrrrG,G,True,False,0,,25.0,81.0,False,False,scenario_baseline
56.5,LINK_212169,11449716078,5,3,rrgGGrG,r,False,False,0,,24.5,81.0,False,False,scenario_baseline
56.5,NODE_8452,3846603653,2,0,GGr,r,False,False,0,,22.5,79.0,False,False,scenario_baseline
56.5,NODE_6082,11449716078,5,3,rrgGGrG,r,False,False,0,,24.5,81.0,False,False,scenario_baseline
56.5,NODE_6123,7300992884,5,0,GgGrrrr,r,False,False,0,,7.5,64.0,False,False,scenario_baseline
56.5,NODE_8426,3849142980,16,7,rrrrrrrrrrrrgggGGGGr,G,True,False,5,ped_5_0_NODE_8426|ped_5_1_NODE_8426|ped_5_2_NODE_8426|ped_5_3_NODE_8426|ped_5_4_NODE_8426,4.5,61.0,False,False,scenario_baseline
56.5,NODE_74388,436883130,16,5,rrrrGGggrrrrGGggr,r,False,False,0,,28.5,85.0,False,False,scenario_baseline
56.5,NODE_10273,3846533030,12,5,gGGrrrrrrrrrG,G,True,False,0,,24.5,81.0,False,False,scenario_baseline
57.0,LINK_212169,11449716078,5,3,rrgGGrG,r,False,False,0,,24.0,81.0,False,False,scenario_baseline
57.0,NODE_8452,3846603653,2,0,GGr,r,False,False,0,,22.0,79.0,False,False,scenario_baseline
57.0,NODE_6082,11449716078,5,3,rrgGGrG,r,False,False,0,,24.0,81.0,False,False,scenario_baseline
57.0,NODE_6123,7300992884,5,0,GgGrrrr,r,False,False,0,,7.0,64.0,False,False,scenario_baseline
57.0,NODE_8426,3849142980,16,7,rrrrrrrrrrrrgggGGGGr,G,True,False,5,ped_5_0_NODE_8426|ped_5_1_NODE_8426|ped_5_2_NODE_8426|ped_5_3_NODE_8426|ped_5_4_NODE_8426,4.0,61.0,False,False,scenario_baseline
57.0,NODE_74388,436883130,16,5,rrrrGGggrrrrGGggr,r,False,False,0,,28.0,85.0,False,False,scenario_baseline
57.0,NODE_10273,3846533030,12,5,gGGrrrrrrrrrG,G,True,False,0,,24.0,81.0,False,False,scenario_baseline
57.5,LINK_212169,11449716078,5,3,rrgGGrG,r,False,False,0,,23.5,81.0,False,False,scenario_baseline
57.5,NODE_8452,3846603653,2,0,GGr,r,False,False,0,,21.5,79.0,False,False,scenario_baseline
57.5,NODE_6082,11449716078,5,3,rrgGGrG,r,False,False,0,,23.5,81.0,False,False,scenario_baseline
57.5,NODE_6123,7300992884,5,0,GgGrrrr,r,False,False,0,,6.5,64.0,False,False,scenario_baseline
57.5,NODE_8426,3849142980,16,7,rrrrrrrrrrrrgggGGGGr,G,True,False,5,ped_5_0_NODE_8426|ped_5_1_NODE_8426|ped_5_2_NODE_8426|ped_5_3_NODE_8426|ped_5_4_NODE_8426,3.5,61.0,False,False,scenario_baseline
57.5,NODE_74388,436883130,16,5,rrrrGGggrrrrGGggr,r,False,False,0,,27.5,85.0,False,False,scenario_baseline
57.5,NODE_10273,3846533030,12,5,gGGrrrrrrrrrG,G,True,False,0,,23.5,81.0,False,False,scenario_baseline
58.0,LINK_212169,11449716078,5,3,rrgGGrG,r,False,False,0,,23.0,81.0,False,False,scenario_baseline
58.0,NODE_8452,3846603653,2,0,GGr,r,False,False,0,,21.0,79.0,False,False,scenario_baseline
58.0,NODE_6082,11449716078,5,3,rrgGGrG,r,False,False,0,,23.0,81.0,False,False,scenario_baseline
58.0,NODE_6123,7300992884,5,0,GgGrrrr,r,False,False,0,,6.0,64.0,False,False,scenario_baseline
58.0,NODE_8426,3849142980,16,7,rrrrrrrrrrrrgggGGGGr,G,True,False,5,ped_5_0_NODE_8426|ped_5_1_NODE_8426|ped_5_2_NODE_8426|ped_5_3_NODE_8426|ped_5_4_NODE_8426,3.0,61.0,False,False,scenario_baseline
58.0,NODE_74388,436883130,16,5,rrrrGGggrrrrGGggr,r,False,False,0,,27.0,85.0,False,False,scenario_baseline
58.0,NODE_10273,3846533030,12,5,gGGrrrrrrrrrG,G,True,False,0,,23.0,81.0,False,False,scenario_baseline
58.5,LINK_212169,11449716078,5,3,rrgGGrG,r,False,False,0,,22.5,81.0,False,False,scenario_baseline
58.5,NODE_8452,3846603653,2,0,GGr,r,False,False,0,,20.5,79.0,False,False,scenario_baseline
58.5,NODE_6082,11449716078,5,3,rrgGGrG,r,False,False,0,,22.5,81.0,False,False,scenario_baseline
58.5,NODE_6123,7300992884,5,0,GgGrrrr,r,False,False,0,,5.5,64.0,False,False,scenario_baseline
58.5,NODE_8426,3849142980,16,7,rrrrrrrrrrrrgggGGGGr,G,True,False,5,ped_5_0_NODE_8426|ped_5_1_NODE_8426|ped_5_2_NODE_8426|ped_5_3_NODE_8426|ped_5_4_NODE_8426,2.5,61.0,False,False,scenario_baseline
58.5,NODE_74388,436883130,16,5,rrrrGGggrrrrGGggr,r,False,False,0,,26.5,85.0,False,False,scenario_baseline
58.5,NODE_10273,3846533030,12,5,gGGrrrrrrrrrG,G,True,False,0,,22.5,81.0,False,False,scenario_baseline
59.0,LINK_212169,11449716078,5,3,rrgGGrG,r,False,False,0,,22.0,81.0,False,False,scenario_baseline
59.0,NODE_8452,3846603653,2,0,GGr,r,False,False,0,,20.0,79.0,False,False,scenario_baseline
59.0,NODE_6082,11449716078,5,3,rrgGGrG,r,False,False,0,,22.0,81.0,False,False,scenario_baseline
59.0,NODE_6123,7300992884,5,0,GgGrrrr,r,False,False,0,,5.0,64.0,False,False,scenario_baseline
59.0,NODE_8426,3849142980,16,7,rrrrrrrrrrrrgggGGGGr,G,True,False,5,ped_5_0_NODE_8426|ped_5_1_NODE_8426|ped_5_2_NODE_8426|ped_5_3_NODE_8426|ped_5_4_NODE_8426,2.0,61.0,False,False,scenario_baseline
59.0,NODE_74388,436883130,16,5,rrrrGGggrrrrGGggr,r,False,False,0,,26.0,85.0,False,False,scenario_baseline
59.0,NODE_10273,3846533030,12,5,gGGrrrrrrrrrG,G,True,False,0,,22.0,81.0,False,False,scenario_baseline
59.5,LINK_212169,11449716078,5,3,rrgGGrG,r,False,False,0,,21.5,81.0,False,False,scenario_baseline
59.5,NODE_8452,3846603653,2,0,GGr,r,False,False,0,,19.5,79.0,False,False,scenario_baseline
59.5,NODE_6082,11449716078,5,3,rrgGGrG,r,False,False,0,,21.5,81.0,False,False,scenario_baseline
59.5,NODE_6123,7300992884,5,0,GgGrrrr,r,False,False,0,,4.5,64.0,False,False,scenario_baseline
59.5,NODE_8426,3849142980,16,7,rrrrrrrrrrrrgggGGGGr,G,True,False,5,ped_5_0_NODE_8426|ped_5_1_NODE_8426|ped_5_2_NODE_8426|ped_5_3_NODE_8426|ped_5_4_NODE_8426,1.5,61.0,False,False,scenario_baseline
59.5,NODE_74388,436883130,16,5,rrrrGGggrrrrGGggr,r,False,False,0,,25.5,85.0,False,False,scenario_baseline
59.5,NODE_10273,3846533030,12,5,gGGrrrrrrrrrG,G,True,False,0,,21.5,81.0,False,False,scenario_baseline
60.0,LINK_212169,11449716078,5,3,rrgGGrG,r,False,False,0,,21.0,81.0,False,False,scenario_baseline
60.0,NODE_8452,3846603653,2,0,GGr,r,False,False,0,,19.0,79.0,False,False,scenario_baseline
60.0,NODE_6082,11449716078,5,3,rrgGGrG,r,False,False,0,,21.0,81.0,False,False,scenario_baseline
60.0,NODE_6123,7300992884,5,0,GgGrrrr,r,False,False,0,,4.0,64.0,False,False,scenario_baseline
60.0,NODE_8426,3849142980,16,7,rrrrrrrrrrrrgggGGGGr,G,True,False,5,ped_5_0_NODE_8426|ped_5_1_NODE_8426|ped_5_2_NODE_8426|ped_5_3_NODE_8426|ped_5_4_NODE_8426,1.0,61.0,False,False,scenario_baseline
60.0,NODE_74388,436883130,16,5,rrrrGGggrrrrGGggr,r,False,False,0,,25.0,85.0,False,False,scenario_baseline
60.0,NODE_10273,3846533030,12,5,gGGrrrrrrrrrG,G,True,False,0,,21.0,81.0,False,False,scenario_baseline
60.5,LINK_212169,11449716078,5,3,rrgGGrG,r,False,False,0,,20.5,81.0,False,False,scenario_baseline
60.5,NODE_8452,3846603653,2,0,GGr,r,False,False,0,,18.5,79.0,False,False,scenario_baseline
60.5,NODE_6082,11449716078,5,3,rrgGGrG,r,False,False,0,,20.5,81.0,False,False,scenario_baseline
60.5,NODE_6123,7300992884,5,0,GgGrrrr,r,False,False,0,,3.5,64.0,False,False,scenario_baseline
60.5,NODE_8426,3849142980,16,7,rrrrrrrrrrrrgggGGGGr,G,True,False,5,ped_5_0_NODE_8426|ped_5_1_NODE_8426|ped_5_2_NODE_8426|ped_5_3_NODE_8426|ped_5_4_NODE_8426,0.5,61.0,False,False,scenario_baseline
60.5,NODE_74388,436883130,16,5,rrrrGGggrrrrGGggr,r,False,False,0,,24.5,85.0,False,False,scenario_baseline
60.5,NODE_10273,3846533030,12,5,gGGrrrrrrrrrG,G,True,False,0,,20.5,81.0,False,False,scenario_baseline
61.0,LINK_212169,11449716078,5,3,rrgGGrG,r,False,False,0,,20.0,81.0,False,False,scenario_baseline
61.0,NODE_8452,3846603653,2,0,GGr,r,False,False,0,,18.0,79.0,False,False,scenario_baseline
61.0,NODE_6082,11449716078,5,3,rrgGGrG,r,False,False,0,,20.0,81.0,False,False,scenario_baseline
61.0,NODE_6123,7300992884,5,0,GgGrrrr,r,False,False,0,,3.0,64.0,False,False,scenario_baseline
61.0,NODE_8426,3849142980,16,7,rrrrrrrrrrrrgggGGGGr,G,True,False,5,ped_5_0_NODE_8426|ped_5_1_NODE_8426|ped_5_2_NODE_8426|ped_5_3_NODE_8426|ped_5_4_NODE_8426,0.0,61.0,False,False,scenario_baseline
61.0,NODE_74388,436883130,16,5,rrrrGGggrrrrGGggr,r,False,False,0,,24.0,85.0,False,False,scenario_baseline
61.0,NODE_10273,3846533030,12,5,gGGrrrrrrrrrG,G,True,False,0,,20.0,81.0,False,False,scenario_baseline
61.5,LINK_212169,11449716078,5,3,rrgGGrG,r,False,False,0,,19.5,81.0,False,False,scenario_baseline
61.5,NODE_8452,3846603653,2,0,GGr,r,False,False,0,,17.5,79.0,False,False,scenario_baseline
61.5,NODE_6082,11449716078,5,3,rrgGGrG,r,False,False,0,,19.5,81.0,False,False,scenario_baseline
61.5,NODE_6123,7300992884,5,0,GgGrrrr,r,False,False,0,,2.5,64.0,False,False,scenario_baseline
61.5,NODE_8426,3849142980,16,8,rrrrrrrrrrrrgggGrrrr,r,False,False,5,ped_5_0_NODE_8426|ped_5_1_NODE_8426|ped_5_2_NODE_8426|ped_5_3_NODE_8426|ped_5_4_NODE_8426,2.5,64.0,False,False,scenario_baseline
61.5,NODE_74388,436883130,16,5,rrrrGGggrrrrGGggr,r,False,False,0,,23.5,85.0,False,False,scenario_baseline
61.5,NODE_10273,3846533030,12,5,gGGrrrrrrrrrG,G,True,False,0,,19.5,81.0,False,False,scenario_baseline
62.0,LINK_212169,11449716078,5,3,rrgGGrG,r,False,False,0,,19.0,81.0,False,False,scenario_baseline
62.0,NODE_8452,3846603653,2,0,GGr,r,False,False,0,,17.0,79.0,False,False,scenario_baseline
62.0,NODE_6082,11449716078,5,3,rrgGGrG,r,False,False,0,,19.0,81.0,False,False,scenario_baseline
62.0,NODE_6123,7300992884,5,0,GgGrrrr,r,False,False,0,,2.0,64.0,False,False,scenario_baseline
62.0,NODE_8426,3849142980,16,8,rrrrrrrrrrrrgggGrrrr,r,False,False,5,ped_5_0_NODE_8426|ped_5_1_NODE_8426|ped_5_2_NODE_8426|ped_5_3_NODE_8426|ped_5_4_NODE_8426,2.0,64.0,False,False,scenario_baseline
62.0,NODE_74388,436883130,16,5,rrrrGGggrrrrGGggr,r,False,False,0,,23.0,85.0,False,False,scenario_baseline
62.0,NODE_10273,3846533030,12,5,gGGrrrrrrrrrG,G,True,False,0,,19.0,81.0,False,False,scenario_baseline
62.5,LINK_212169,11449716078,5,3,rrgGGrG,r,False,False,0,,18.5,81.0,False,False,scenario_baseline
62.5,NODE_8452,3846603653,2,0,GGr,r,False,False,0,,16.5,79.0,False,False,scenario_baseline
62.5,NODE_6082,11449716078,5,3,rrgGGrG,r,False,False,0,,18.5,81.0,False,False,scenario_baseline
62.5,NODE_6123,7300992884,5,0,GgGrrrr,r,False,False,0,,1.5,64.0,False,False,scenario_baseline
62.5,NODE_8426,3849142980,16,8,rrrrrrrrrrrrgggGrrrr,r,False,False,5,ped_5_0_NODE_8426|ped_5_1_NODE_8426|ped_5_2_NODE_8426|ped_5_3_NODE_8426|ped_5_4_NODE_8426,1.5,64.0,False,False,scenario_baseline
62.5,NODE_74388,436883130,16,5,rrrrGGggrrrrGGggr,r,False,False,0,,22.5,85.0,False,False,scenario_baseline
62.5,NODE_10273,3846533030,12,5,gGGrrrrrrrrrG,G,True,False,0,,18.5,81.0,False,False,scenario_baseline
63.0,LINK_212169,11449716078,5,3,rrgGGrG,r,False,False,0,,18.0,81.0,False,False,scenario_baseline
63.0,NODE_8452,3846603653,2,0,GGr,r,False,False,0,,16.0,79.0,False,False,scenario_baseline
63.0,NODE_6082,11449716078,5,3,rrgGGrG,r,False,False,0,,18.0,81.0,False,False,scenario_baseline
63.0,NODE_6123,7300992884,5,0,GgGrrrr,r,False,False,0,,1.0,64.0,False,False,scenario_baseline
63.0,NODE_8426,3849142980,16,8,rrrrrrrrrrrrgggGrrrr,r,False,False,5,ped_5_0_NODE_8426|ped_5_1_NODE_8426|ped_5_2_NODE_8426|ped_5_3_NODE_8426|ped_5_4_NODE_8426,1.0,64.0,False,False,scenario_baseline
63.0,NODE_74388,436883130,16,5,rrrrGGggrrrrGGggr,r,False,False,0,,22.0,85.0,False,False,scenario_baseline
63.0,NODE_10273,3846533030,12,5,gGGrrrrrrrrrG,G,True,False,0,,18.0,81.0,False,False,scenario_baseline
63.5,LINK_212169,11449716078,5,3,rrgGGrG,r,False,False,0,,17.5,81.0,False,False,scenario_baseline
63.5,NODE_8452,3846603653,2,0,GGr,r,False,False,0,,15.5,79.0,False,False,scenario_baseline
63.5,NODE_6082,11449716078,5,3,rrgGGrG,r,False,False,0,,17.5,81.0,False,False,scenario_baseline
63.5,NODE_6123,7300992884,5,0,GgGrrrr,r,False,False,0,,0.5,64.0,False,False,scenario_baseline
63.5,NODE_8426,3849142980,16,8,rrrrrrrrrrrrgggGrrrr,r,False,False,5,ped_5_0_NODE_8426|ped_5_1_NODE_8426|ped_5_2_NODE_8426|ped_5_3_NODE_8426|ped_5_4_NODE_8426,0.5,64.0,False,False,scenario_baseline
63.5,NODE_74388,436883130,16,5,rrrrGGggrrrrGGggr,r,False,False,0,,21.5,85.0,False,False,scenario_baseline
63.5,NODE_10273,3846533030,12,5,gGGrrrrrrrrrG,G,True,False,0,,17.5,81.0,False,False,scenario_baseline
64.0,LINK_212169,11449716078,5,3,rrgGGrG,r,False,False,0,,17.0,81.0,False,False,scenario_baseline
64.0,NODE_8452,3846603653,2,0,GGr,r,False,False,0,,15.0,79.0,False,False,scenario_baseline
64.0,NODE_6082,11449716078,5,3,rrgGGrG,r,False,False,0,,17.0,81.0,False,False,scenario_baseline
64.0,NODE_6123,7300992884,5,0,GgGrrrr,r,False,False,0,,0.0,64.0,False,False,scenario_baseline
64.0,NODE_8426,3849142980,16,8,rrrrrrrrrrrrgggGrrrr,r,False,False,5,ped_5_0_NODE_8426|ped_5_1_NODE_8426|ped_5_2_NODE_8426|ped_5_3_NODE_8426|ped_5_4_NODE_8426,0.0,64.0,False,False,scenario_baseline
64.0,NODE_74388,436883130,16,5,rrrrGGggrrrrGGggr,r,False,False,0,,21.0,85.0,False,False,scenario_baseline
64.0,NODE_10273,3846533030,12,5,gGGrrrrrrrrrG,G,True,False,0,,17.0,81.0,False,False,scenario_baseline
64.5,LINK_212169,11449716078,5,3,rrgGGrG,r,False,False,0,,16.5,81.0,False,False,scenario_baseline
64.5,NODE_8452,3846603653,2,0,GGr,r,False,False,0,,14.5,79.0,False,False,scenario_baseline
64.5,NODE_6082,11449716078,5,3,rrgGGrG,r,False,False,0,,16.5,81.0,False,False,scenario_baseline
64.5,NODE_6123,7300992884,5,1,yyGrrrr,r,False,False,0,,5.5,70.0,False,False,scenario_baseline
64.5,NODE_8426,3849142980,16,9,rrrrrrrrrrrryyyyrrrr,r,False,False,5,ped_5_0_NODE_8426|ped_5_1_NODE_8426|ped_5_2_NODE_8426|ped_5_3_NODE_8426|ped_5_4_NODE_8426,2.5,67.0,False,False,scenario_baseline
64.5,NODE_74388,436883130,16,5,rrrrGGggrrrrGGggr,r,False,False,0,,20.5,85.0,False,False,scenario_baseline
64.5,NODE_10273,3846533030,12,5,gGGrrrrrrrrrG,G,True,False,0,,16.5,81.0,False,False,scenario_baseline
65.0,LINK_212169,11449716078,5,3,rrgGGrG,r,False,False,0,,16.0,81.0,False,False,scenario_baseline
65.0,NODE_8452,3846603653,2,0,GGr,r,False,False,0,,14.0,79.0,False,False,scenario_baseline
65.0,NODE_6082,11449716078,5,3,rrgGGrG,r,False,False,0,,16.0,81.0,False,False,scenario_baseline
65.0,NODE_6123,7300992884,5,1,yyGrrrr,r,False,False,0,,5.0,70.0,False,False,scenario_baseline
65.0,NODE_8426,3849142980,16,9,rrrrrrrrrrrryyyyrrrr,r,False,False,5,ped_5_0_NODE_8426|ped_5_1_NODE_8426|ped_5_2_NODE_8426|ped_5_3_NODE_8426|ped_5_4_NODE_8426,2.0,67.0,False,False,scenario_baseline
65.0,NODE_74388,436883130,16,5,rrrrGGggrrrrGGggr,r,False,False,0,,20.0,85.0,False,False,scenario_baseline
65.0,NODE_10273,3846533030,12,5,gGGrrrrrrrrrG,G,True,False,0,,16.0,81.0,False,False,scenario_baseline
65.5,LINK_212169,11449716078,5,3,rrgGGrG,r,False,False,0,,15.5,81.0,False,False,scenario_baseline
65.5,NODE_8452,3846603653,2,0,GGr,r,False,False,0,,13.5,79.0,False,False,scenario_baseline
65.5,NODE_6082,11449716078,5,3,rrgGGrG,r,False,False,0,,15.5,81.0,False,False,scenario_baseline
65.5,NODE_6123,7300992884,5,1,yyGrrrr,r,False,False,0,,4.5,70.0,False,False,scenario_baseline
65.5,NODE_8426,3849142980,16,9,rrrrrrrrrrrryyyyrrrr,r,False,False,5,ped_5_0_NODE_8426|ped_5_1_NODE_8426|ped_5_2_NODE_8426|ped_5_3_NODE_8426|ped_5_4_NODE_8426,1.5,67.0,False,False,scenario_baseline
65.5,NODE_74388,436883130,16,5,rrrrGGggrrrrGGggr,r,False,False,0,,19.5,85.0,False,False,scenario_baseline
65.5,NODE_10273,3846533030,12,5,gGGrrrrrrrrrG,G,True,False,0,,15.5,81.0,False,False,scenario_baseline
66.0,LINK_212169,11449716078,5,3,rrgGGrG,r,False,False,0,,15.0,81.0,False,False,scenario_baseline
66.0,NODE_8452,3846603653,2,0,GGr,r,False,False,0,,13.0,79.0,False,False,scenario_baseline
66.0,NODE_6082,11449716078,5,3,rrgGGrG,r,False,False,0,,15.0,81.0,False,False,scenario_baseline
66.0,NODE_6123,7300992884,5,1,yyGrrrr,r,False,False,0,,4.0,70.0,False,False,scenario_baseline
66.0,NODE_8426,3849142980,16,9,rrrrrrrrrrrryyyyrrrr,r,False,False,5,ped_5_0_NODE_8426|ped_5_1_NODE_8426|ped_5_2_NODE_8426|ped_5_3_NODE_8426|ped_5_4_NODE_8426,1.0,67.0,False,False,scenario_baseline
66.0,NODE_74388,436883130,16,5,rrrrGGggrrrrGGggr,r,False,False,0,,19.0,85.0,False,False,scenario_baseline
66.0,NODE_10273,3846533030,12,5,gGGrrrrrrrrrG,G,True,False,0,,15.0,81.0,False,False,scenario_baseline
66.5,LINK_212169,11449716078,5,3,rrgGGrG,r,False,False,0,,14.5,81.0,False,False,scenario_baseline
66.5,NODE_8452,3846603653,2,0,GGr,r,False,False,0,,12.5,79.0,False,False,scenario_baseline
66.5,NODE_6082,11449716078,5,3,rrgGGrG,r,False,False,0,,14.5,81.0,False,False,scenario_baseline
66.5,NODE_6123,7300992884,5,1,yyGrrrr,r,False,False,0,,3.5,70.0,False,False,scenario_baseline
66.5,NODE_8426,3849142980,16,9,rrrrrrrrrrrryyyyrrrr,r,False,False,5,ped_5_0_NODE_8426|ped_5_1_NODE_8426|ped_5_2_NODE_8426|ped_5_3_NODE_8426|ped_5_4_NODE_8426,0.5,67.0,False,False,scenario_baseline
66.5,NODE_74388,436883130,16,5,rrrrGGggrrrrGGggr,r,False,False,0,,18.5,85.0,False,False,scenario_baseline
66.5,NODE_10273,3846533030,12,5,gGGrrrrrrrrrG,G,True,False,0,,14.5,81.0,False,False,scenario_baseline
67.0,LINK_212169,11449716078,5,3,rrgGGrG,r,False,False,0,,14.0,81.0,False,False,scenario_baseline
67.0,NODE_8452,3846603653,2,0,GGr,r,False,False,0,,12.0,79.0,False,False,scenario_baseline
67.0,NODE_6082,11449716078,5,3,rrgGGrG,r,False,False,0,,14.0,81.0,False,False,scenario_baseline
67.0,NODE_6123,7300992884,5,1,yyGrrrr,r,False,False,0,,3.0,70.0,False,False,scenario_baseline
67.0,NODE_8426,3849142980,16,9,rrrrrrrrrrrryyyyrrrr,r,False,False,5,ped_5_0_NODE_8426|ped_5_1_NODE_8426|ped_5_2_NODE_8426|ped_5_3_NODE_8426|ped_5_4_NODE_8426,0.0,67.0,False,False,scenario_baseline
67.0,NODE_74388,436883130,16,5,rrrrGGggrrrrGGggr,r,False,False,0,,18.0,85.0,False,False,scenario_baseline
67.0,NODE_10273,3846533030,12,5,gGGrrrrrrrrrG,G,True,False,0,,14.0,81.0,False,False,scenario_baseline
67.5,LINK_212169,11449716078,5,3,rrgGGrG,r,False,False,0,,13.5,81.0,False,False,scenario_baseline
67.5,NODE_8452,3846603653,2,0,GGr,r,False,False,0,,11.5,79.0,False,False,scenario_baseline
67.5,NODE_6082,11449716078,5,3,rrgGGrG,r,False,False,0,,13.5,81.0,False,False,scenario_baseline
67.5,NODE_6123,7300992884,5,1,yyGrrrr,r,False,False,0,,2.5,70.0,False,False,scenario_baseline
67.5,NODE_8426,3849142980,16,10,rrrrrrrrgggGrrrrGGrG,G,True,False,5,ped_5_0_NODE_8426|ped_5_1_NODE_8426|ped_5_2_NODE_8426|ped_5_3_NODE_8426|ped_5_4_NODE_8426,16.5,84.0,False,False,scenario_baseline
67.5,NODE_74388,436883130,16,5,rrrrGGggrrrrGGggr,r,False,False,0,,17.5,85.0,False,False,scenario_baseline
67.5,NODE_10273,3846533030,12,5,gGGrrrrrrrrrG,G,True,False,0,,13.5,81.0,False,False,scenario_baseline
68.0,LINK_212169,11449716078,5,3,rrgGGrG,r,False,False,0,,13.0,81.0,False,False,scenario_baseline
68.0,NODE_8452,3846603653,2,0,GGr,r,False,False,0,,11.0,79.0,False,False,scenario_baseline
68.0,NODE_6082,11449716078,5,3,rrgGGrG,r,False,False,0,,13.0,81.0,False,False,scenario_baseline
68.0,NODE_6123,7300992884,5,1,yyGrrrr,r,False,False,0,,2.0,70.0,False,False,scenario_baseline
68.0,NODE_8426,3849142980,16,10,rrrrrrrrgggGrrrrGGrG,G,True,False,5,ped_5_0_NODE_8426|ped_5_1_NODE_8426|ped_5_2_NODE_8426|ped_5_3_NODE_8426|ped_5_4_NODE_8426,16.0,84.0,False,False,scenario_baseline
68.0,NODE_74388,436883130,16,5,rrrrGGggrrrrGGggr,r,False,False,0,,17.0,85.0,False,False,scenario_baseline
68.0,NODE_10273,3846533030,12,5,gGGrrrrrrrrrG,G,True,False,0,,13.0,81.0,False,False,scenario_baseline
68.5,LINK_212169,11449716078,5,3,rrgGGrG,r,False,False,0,,12.5,81.0,False,False,scenario_baseline
68.5,NODE_8452,3846603653,2,0,GGr,r,False,False,0,,10.5,79.0,False,False,scenario_baseline
68.5,NODE_6082,11449716078,5,3,rrgGGrG,r,False,False,0,,12.5,81.0,False,False,scenario_baseline
68.5,NODE_6123,7300992884,5,1,yyGrrrr,r,False,False,0,,1.5,70.0,False,False,scenario_baseline
68.5,NODE_8426,3849142980,16,10,rrrrrrrrgggGrrrrGGrG,G,True,False,5,ped_5_0_NODE_8426|ped_5_1_NODE_8426|ped_5_2_NODE_8426|ped_5_3_NODE_8426|ped_5_4_NODE_8426,15.5,84.0,False,False,scenario_baseline
68.5,NODE_74388,436883130,16,5,rrrrGGggrrrrGGggr,r,False,False,0,,16.5,85.0,False,False,scenario_baseline
68.5,NODE_10273,3846533030,12,5,gGGrrrrrrrrrG,G,True,False,0,,12.5,81.0,False,False,scenario_baseline
69.0,LINK_212169,11449716078,5,3,rrgGGrG,r,False,False,0,,12.0,81.0,False,False,scenario_baseline
69.0,NODE_8452,3846603653,2,0,GGr,r,False,False,0,,10.0,79.0,False,False,scenario_baseline
69.0,NODE_6082,11449716078,5,3,rrgGGrG,r,False,False,0,,12.0,81.0,False,False,scenario_baseline
69.0,NODE_6123,7300992884,5,1,yyGrrrr,r,False,False,0,,1.0,70.0,False,False,scenario_baseline
69.0,NODE_8426,3849142980,16,10,rrrrrrrrgggGrrrrGGrG,G,True,False,5,ped_5_0_NODE_8426|ped_5_1_NODE_8426|ped_5_2_NODE_8426|ped_5_3_NODE_8426|ped_5_4_NODE_8426,15.0,84.0,False,False,scenario_baseline
69.0,NODE_74388,436883130,16,5,rrrrGGggrrrrGGggr,r,False,False,0,,16.0,85.0,False,False,scenario_baseline
69.0,NODE_10273,3846533030,12,5,gGGrrrrrrrrrG,G,True,False,0,,12.0,81.0,False,False,scenario_baseline
69.5,LINK_212169,11449716078,5,3,rrgGGrG,r,False,False,0,,11.5,81.0,False,False,scenario_baseline
69.5,NODE_8452,3846603653,2,0,GGr,r,False,False,0,,9.5,79.0,False,False,scenario_baseline
69.5,NODE_6082,11449716078,5,3,rrgGGrG,r,False,False,0,,11.5,81.0,False,False,scenario_baseline
69.5,NODE_6123,7300992884,5,1,yyGrrrr,r,False,False,0,,0.5,70.0,False,False,scenario_baseline
69.5,NODE_8426,3849142980,16,10,rrrrrrrrgggGrrrrGGrG,G,True,False,5,ped_5_0_NODE_8426|ped_5_1_NODE_8426|ped_5_2_NODE_8426|ped_5_3_NODE_8426|ped_5_4_NODE_8426,14.5,84.0,False,False,scenario_baseline
69.5,NODE_74388,436883130,16,5,rrrrGGggrrrrGGggr,r,False,False,0,,15.5,85.0,False,False,scenario_baseline
69.5,NODE_10273,3846533030,12,5,gGGrrrrrrrrrG,G,True,False,0,,11.5,81.0,False,False,scenario_baseline
70.0,LINK_212169,11449716078,5,3,rrgGGrG,r,False,False,0,,11.0,81.0,False,False,scenario_baseline
70.0,NODE_8452,3846603653,2,0,GGr,r,False,False,0,,9.0,79.0,False,False,scenario_baseline
70.0,NODE_6082,11449716078,5,3,rrgGGrG,r,False,False,0,,11.0,81.0,False,False,scenario_baseline
70.0,NODE_6123,7300992884,5,1,yyGrrrr,r,False,False,0,,0.0,70.0,False,False,scenario_baseline
70.0,NODE_8426,3849142980,16,10,rrrrrrrrgggGrrrrGGrG,G,True,False,5,ped_5_0_NODE_8426|ped_5_1_NODE_8426|ped_5_2_NODE_8426|ped_5_3_NODE_8426|ped_5_4_NODE_8426,14.0,84.0,False,False,scenario_baseline
70.0,NODE_74388,436883130,16,5,rrrrGGggrrrrGGggr,r,False,False,0,,15.0,85.0,False,False,scenario_baseline
70.0,NODE_10273,3846533030,12,5,gGGrrrrrrrrrG,G,True,False,0,,11.0,81.0,False,False,scenario_baseline
70.5,LINK_212169,11449716078,5,3,rrgGGrG,r,False,False,0,,10.5,81.0,False,False,scenario_baseline
70.5,NODE_8452,3846603653,2,0,GGr,r,False,False,0,,8.5,79.0,False,False,scenario_baseline
70.5,NODE_6082,11449716078,5,3,rrgGGrG,r,False,False,0,,10.5,81.0,False,False,scenario_baseline
70.5,NODE_6123,7300992884,5,2,rrGGGrr,r,False,False,0,,5.5,76.0,False,False,scenario_baseline
70.5,NODE_8426,3849142980,16,10,rrrrrrrrgggGrrrrGGrG,G,True,False,5,ped_5_0_NODE_8426|ped_5_1_NODE_8426|ped_5_2_NODE_8426|ped_5_3_NODE_8426|ped_5_4_NODE_8426,13.5,84.0,False,False,scenario_baseline
70.5,NODE_74388,436883130,16,5,rrrrGGggrrrrGGggr,r,False,False,0,,14.5,85.0,False,False,scenario_baseline
70.5,NODE_10273,3846533030,12,5,gGGrrrrrrrrrG,G,True,False,0,,10.5,81.0,False,False,scenario_baseline
71.0,LINK_212169,11449716078,5,3,rrgGGrG,r,False,False,0,,10.0,81.0,False,False,scenario_baseline
71.0,NODE_8452,3846603653,2,0,GGr,r,False,False,0,,8.0,79.0,False,False,scenario_baseline
71.0,NODE_6082,11449716078,5,3,rrgGGrG,r,False,False,0,,10.0,81.0,False,False,scenario_baseline
71.0,NODE_6123,7300992884,5,2,rrGGGrr,r,False,False,0,,5.0,76.0,False,False,scenario_baseline
71.0,NODE_8426,3849142980,16,10,rrrrrrrrgggGrrrrGGrG,G,True,False,5,ped_5_0_NODE_8426|ped_5_1_NODE_8426|ped_5_2_NODE_8426|ped_5_3_NODE_8426|ped_5_4_NODE_8426,13.0,84.0,False,False,scenario_baseline
71.0,NODE_74388,436883130,16,5,rrrrGGggrrrrGGggr,r,False,False,0,,14.0,85.0,False,False,scenario_baseline
71.0,NODE_10273,3846533030,12,5,gGGrrrrrrrrrG,G,True,False,0,,10.0,81.0,False,False,scenario_baseline
71.5,LINK_212169,11449716078,5,3,rrgGGrG,r,False,False,0,,9.5,81.0,False,False,scenario_baseline
71.5,NODE_8452,3846603653,2,0,GGr,r,False,False,0,,7.5,79.0,False,False,scenario_baseline
71.5,NODE_6082,11449716078,5,3,rrgGGrG,r,False,False,0,,9.5,81.0,False,False,scenario_baseline
71.5,NODE_6123,7300992884,5,2,rrGGGrr,r,False,False,0,,4.5,76.0,False,False,scenario_baseline
71.5,NODE_8426,3849142980,16,10,rrrrrrrrgggGrrrrGGrG,G,True,False,5,ped_5_0_NODE_8426|ped_5_1_NODE_8426|ped_5_2_NODE_8426|ped_5_3_NODE_8426|ped_5_4_NODE_8426,12.5,84.0,False,False,scenario_baseline
71.5,NODE_74388,436883130,16,5,rrrrGGggrrrrGGggr,r,False,False,0,,13.5,85.0,False,False,scenario_baseline
71.5,NODE_10273,3846533030,12,5,gGGrrrrrrrrrG,G,True,False,0,,9.5,81.0,False,False,scenario_baseline
72.0,LINK_212169,11449716078,5,3,rrgGGrG,r,False,False,0,,9.0,81.0,False,False,scenario_baseline
72.0,NODE_8452,3846603653,2,0,GGr,r,False,False,0,,7.0,79.0,False,False,scenario_baseline
72.0,NODE_6082,11449716078,5,3,rrgGGrG,r,False,False,0,,9.0,81.0,False,False,scenario_baseline
72.0,NODE_6123,7300992884,5,2,rrGGGrr,r,False,False,0,,4.0,76.0,False,False,scenario_baseline
72.0,NODE_8426,3849142980,16,10,rrrrrrrrgggGrrrrGGrG,G,True,False,5,ped_5_0_NODE_8426|ped_5_1_NODE_8426|ped_5_2_NODE_8426|ped_5_3_NODE_8426|ped_5_4_NODE_8426,12.0,84.0,False,False,scenario_baseline
72.0,NODE_74388,436883130,16,5,rrrrGGggrrrrGGggr,r,False,False,0,,13.0,85.0,False,False,scenario_baseline
72.0,NODE_10273,3846533030,12,5,gGGrrrrrrrrrG,G,True,False,0,,9.0,81.0,False,False,scenario_baseline
72.5,LINK_212169,11449716078,5,3,rrgGGrG,r,False,False,0,,8.5,81.0,False,False,scenario_baseline
72.5,NODE_8452,3846603653,2,0,GGr,r,False,False,0,,6.5,79.0,False,False,scenario_baseline
72.5,NODE_6082,11449716078,5,3,rrgGGrG,r,False,False,0,,8.5,81.0,False,False,scenario_baseline
72.5,NODE_6123,7300992884,5,2,rrGGGrr,r,False,False,0,,3.5,76.0,False,False,scenario_baseline
72.5,NODE_8426,3849142980,16,10,rrrrrrrrgggGrrrrGGrG,G,True,False,5,ped_5_0_NODE_8426|ped_5_1_NODE_8426|ped_5_2_NODE_8426|ped_5_3_NODE_8426|ped_5_4_NODE_8426,11.5,84.0,False,False,scenario_baseline
72.5,NODE_74388,436883130,16,5,rrrrGGggrrrrGGggr,r,False,False,0,,12.5,85.0,False,False,scenario_baseline
72.5,NODE_10273,3846533030,12,5,gGGrrrrrrrrrG,G,True,False,0,,8.5,81.0,False,False,scenario_baseline
73.0,LINK_212169,11449716078,5,3,rrgGGrG,r,False,False,0,,8.0,81.0,False,False,scenario_baseline
73.0,NODE_8452,3846603653,2,0,GGr,r,False,False,0,,6.0,79.0,False,False,scenario_baseline
73.0,NODE_6082,11449716078,5,3,rrgGGrG,r,False,False,0,,8.0,81.0,False,False,scenario_baseline
73.0,NODE_6123,7300992884,5,2,rrGGGrr,r,False,False,0,,3.0,76.0,False,False,scenario_baseline
73.0,NODE_8426,3849142980,16,10,rrrrrrrrgggGrrrrGGrG,G,True,False,5,ped_5_0_NODE_8426|ped_5_1_NODE_8426|ped_5_2_NODE_8426|ped_5_3_NODE_8426|ped_5_4_NODE_8426,11.0,84.0,False,False,scenario_baseline
73.0,NODE_74388,436883130,16,5,rrrrGGggrrrrGGggr,r,False,False,0,,12.0,85.0,False,False,scenario_baseline
73.0,NODE_10273,3846533030,12,5,gGGrrrrrrrrrG,G,True,False,0,,8.0,81.0,False,False,scenario_baseline
73.5,LINK_212169,11449716078,5,3,rrgGGrG,r,False,False,0,,7.5,81.0,False,False,scenario_baseline
73.5,NODE_8452,3846603653,2,0,GGr,r,False,False,0,,5.5,79.0,False,False,scenario_baseline
73.5,NODE_6082,11449716078,5,3,rrgGGrG,r,False,False,0,,7.5,81.0,False,False,scenario_baseline
73.5,NODE_6123,7300992884,5,2,rrGGGrr,r,False,False,0,,2.5,76.0,False,False,scenario_baseline
73.5,NODE_8426,3849142980,16,10,rrrrrrrrgggGrrrrGGrG,G,True,False,5,ped_5_0_NODE_8426|ped_5_1_NODE_8426|ped_5_2_NODE_8426|ped_5_3_NODE_8426|ped_5_4_NODE_8426,10.5,84.0,False,False,scenario_baseline
73.5,NODE_74388,436883130,16,5,rrrrGGggrrrrGGggr,r,False,False,0,,11.5,85.0,False,False,scenario_baseline
73.5,NODE_10273,3846533030,12,5,gGGrrrrrrrrrG,G,True,False,0,,7.5,81.0,False,False,scenario_baseline
74.0,LINK_212169,11449716078,5,3,rrgGGrG,r,False,False,0,,7.0,81.0,False,False,scenario_baseline
74.0,NODE_8452,3846603653,2,0,GGr,r,False,False,0,,5.0,79.0,False,False,scenario_baseline
74.0,NODE_6082,11449716078,5,3,rrgGGrG,r,False,False,0,,7.0,81.0,False,False,scenario_baseline
74.0,NODE_6123,7300992884,5,2,rrGGGrr,r,False,False,0,,2.0,76.0,False,False,scenario_baseline
74.0,NODE_8426,3849142980,16,10,rrrrrrrrgggGrrrrGGrG,G,True,False,5,ped_5_0_NODE_8426|ped_5_1_NODE_8426|ped_5_2_NODE_8426|ped_5_3_NODE_8426|ped_5_4_NODE_8426,10.0,84.0,False,False,scenario_baseline
74.0,NODE_74388,436883130,16,5,rrrrGGggrrrrGGggr,r,False,False,0,,11.0,85.0,False,False,scenario_baseline
74.0,NODE_10273,3846533030,12,5,gGGrrrrrrrrrG,G,True,False,0,,7.0,81.0,False,False,scenario_baseline
74.5,LINK_212169,11449716078,5,3,rrgGGrG,r,False,False,0,,6.5,81.0,False,False,scenario_baseline
74.5,NODE_8452,3846603653,2,0,GGr,r,False,False,0,,4.5,79.0,False,False,scenario_baseline
74.5,NODE_6082,11449716078,5,3,rrgGGrG,r,False,False,0,,6.5,81.0,False,False,scenario_baseline
74.5,NODE_6123,7300992884,5,2,rrGGGrr,r,False,False,0,,1.5,76.0,False,False,scenario_baseline
74.5,NODE_8426,3849142980,16,10,rrrrrrrrgggGrrrrGGrG,G,True,False,5,ped_5_0_NODE_8426|ped_5_1_NODE_8426|ped_5_2_NODE_8426|ped_5_3_NODE_8426|ped_5_4_NODE_8426,9.5,84.0,False,False,scenario_baseline
74.5,NODE_74388,436883130,16,5,rrrrGGggrrrrGGggr,r,False,False,0,,10.5,85.0,False,False,scenario_baseline
74.5,NODE_10273,3846533030,12,5,gGGrrrrrrrrrG,G,True,False,0,,6.5,81.0,False,False,scenario_baseline
75.0,LINK_212169,11449716078,5,3,rrgGGrG,r,False,False,0,,6.0,81.0,False,False,scenario_baseline
75.0,NODE_8452,3846603653,2,0,GGr,r,False,False,0,,4.0,79.0,False,False,scenario_baseline
75.0,NODE_6082,11449716078,5,3,rrgGGrG,r,False,False,0,,6.0,81.0,False,False,scenario_baseline
75.0,NODE_6123,7300992884,5,2,rrGGGrr,r,False,False,0,,1.0,76.0,False,False,scenario_baseline
75.0,NODE_8426,3849142980,16,10,rrrrrrrrgggGrrrrGGrG,G,True,False,5,ped_5_0_NODE_8426|ped_5_1_NODE_8426|ped_5_2_NODE_8426|ped_5_3_NODE_8426|ped_5_4_NODE_8426,9.0,84.0,False,False,scenario_baseline
75.0,NODE_74388,436883130,16,5,rrrrGGggrrrrGGggr,r,False,False,0,,10.0,85.0,False,False,scenario_baseline
75.0,NODE_10273,3846533030,12,5,gGGrrrrrrrrrG,G,True,False,0,,6.0,81.0,False,False,scenario_baseline
75.5,LINK_212169,11449716078,5,3,rrgGGrG,r,False,False,0,,5.5,81.0,False,False,scenario_baseline
75.5,NODE_8452,3846603653,2,0,GGr,r,False,False,0,,3.5,79.0,False,False,scenario_baseline
75.5,NODE_6082,11449716078,5,3,rrgGGrG,r,False,False,0,,5.5,81.0,False,False,scenario_baseline
75.5,NODE_6123,7300992884,5,2,rrGGGrr,r,False,False,0,,0.5,76.0,False,False,scenario_baseline
75.5,NODE_8426,3849142980,16,10,rrrrrrrrgggGrrrrGGrG,G,True,False,5,ped_5_0_NODE_8426|ped_5_1_NODE_8426|ped_5_2_NODE_8426|ped_5_3_NODE_8426|ped_5_4_NODE_8426,8.5,84.0,False,False,scenario_baseline
75.5,NODE_74388,436883130,16,5,rrrrGGggrrrrGGggr,r,False,False,0,,9.5,85.0,False,False,scenario_baseline
75.5,NODE_10273,3846533030,12,5,gGGrrrrrrrrrG,G,True,False,0,,5.5,81.0,False,False,scenario_baseline
76.0,LINK_212169,11449716078,5,3,rrgGGrG,r,False,False,0,,5.0,81.0,False,False,scenario_baseline
76.0,NODE_8452,3846603653,2,0,GGr,r,False,False,0,,3.0,79.0,False,False,scenario_baseline
76.0,NODE_6082,11449716078,5,3,rrgGGrG,r,False,False,0,,5.0,81.0,False,False,scenario_baseline
76.0,NODE_6123,7300992884,5,2,rrGGGrr,r,False,False,0,,0.0,76.0,False,False,scenario_baseline
76.0,NODE_8426,3849142980,16,10,rrrrrrrrgggGrrrrGGrG,G,True,False,5,ped_5_0_NODE_8426|ped_5_1_NODE_8426|ped_5_2_NODE_8426|ped_5_3_NODE_8426|ped_5_4_NODE_8426,8.0,84.0,False,False,scenario_baseline
76.0,NODE_74388,436883130,16,5,rrrrGGggrrrrGGggr,r,False,False,0,,9.0,85.0,False,False,scenario_baseline
76.0,NODE_10273,3846533030,12,5,gGGrrrrrrrrrG,G,True,False,0,,5.0,81.0,False,False,scenario_baseline
76.5,LINK_212169,11449716078,5,3,rrgGGrG,r,False,False,0,,4.5,81.0,False,False,scenario_baseline
76.5,NODE_8452,3846603653,2,0,GGr,r,False,False,0,,2.5,79.0,False,False,scenario_baseline
76.5,NODE_6082,11449716078,5,3,rrgGGrG,r,False,False,0,,4.5,81.0,False,False,scenario_baseline
76.5,NODE_6123,7300992884,5,3,rryyyrr,r,False,False,0,,5.5,82.0,False,False,scenario_baseline
76.5,NODE_8426,3849142980,16,10,rrrrrrrrgggGrrrrGGrG,G,True,False,5,ped_5_0_NODE_8426|ped_5_1_NODE_8426|ped_5_2_NODE_8426|ped_5_3_NODE_8426|ped_5_4_NODE_8426,7.5,84.0,False,False,scenario_baseline
76.5,NODE_74388,436883130,16,5,rrrrGGggrrrrGGggr,r,False,False,0,,8.5,85.0,False,False,scenario_baseline
76.5,NODE_10273,3846533030,12,5,gGGrrrrrrrrrG,G,True,False,0,,4.5,81.0,False,False,scenario_baseline
77.0,LINK_212169,11449716078,5,3,rrgGGrG,r,False,False,0,,4.0,81.0,False,False,scenario_baseline
77.0,NODE_8452,3846603653,2,0,GGr,r,False,False,0,,2.0,79.0,False,False,scenario_baseline
77.0,NODE_6082,11449716078,5,3,rrgGGrG,r,False,False,0,,4.0,81.0,False,False,scenario_baseline
77.0,NODE_6123,7300992884,5,3,rryyyrr,r,False,False,0,,5.0,82.0,False,False,scenario_baseline
77.0,NODE_8426,3849142980,16,10,rrrrrrrrgggGrrrrGGrG,G,True,False,5,ped_5_0_NODE_8426|ped_5_1_NODE_8426|ped_5_2_NODE_8426|ped_5_3_NODE_8426|ped_5_4_NODE_8426,7.0,84.0,False,False,scenario_baseline
77.0,NODE_74388,436883130,16,5,rrrrGGggrrrrGGggr,r,False,False,0,,8.0,85.0,False,False,scenario_baseline
77.0,NODE_10273,3846533030,12,5,gGGrrrrrrrrrG,G,True,False,0,,4.0,81.0,False,False,scenario_baseline
77.5,LINK_212169,11449716078,5,3,rrgGGrG,r,False,False,0,,3.5,81.0,False,False,scenario_baseline
77.5,NODE_8452,3846603653,2,0,GGr,r,False,False,0,,1.5,79.0,False,False,scenario_baseline
77.5,NODE_6082,11449716078,5,3,rrgGGrG,r,False,False,0,,3.5,81.0,False,False,scenario_baseline
77.5,NODE_6123,7300992884,5,3,rryyyrr,r,False,False,0,,4.5,82.0,False,False,scenario_baseline
77.5,NODE_8426,3849142980,16,10,rrrrrrrrgggGrrrrGGrG,G,True,False,5,ped_5_0_NODE_8426|ped_5_1_NODE_8426|ped_5_2_NODE_8426|ped_5_3_NODE_8426|ped_5_4_NODE_8426,6.5,84.0,False,False,scenario_baseline
77.5,NODE_74388,436883130,16,5,rrrrGGggrrrrGGggr,r,False,False,0,,7.5,85.0,False,False,scenario_baseline
77.5,NODE_10273,3846533030,12,5,gGGrrrrrrrrrG,G,True,False,0,,3.5,81.0,False,False,scenario_baseline
78.0,LINK_212169,11449716078,5,3,rrgGGrG,r,False,False,0,,3.0,81.0,False,False,scenario_baseline
78.0,NODE_8452,3846603653,2,0,GGr,r,False,False,0,,1.0,79.0,False,False,scenario_baseline
78.0,NODE_6082,11449716078,5,3,rrgGGrG,r,False,False,0,,3.0,81.0,False,False,scenario_baseline
78.0,NODE_6123,7300992884,5,3,rryyyrr,r,False,False,0,,4.0,82.0,False,False,scenario_baseline
78.0,NODE_8426,3849142980,16,10,rrrrrrrrgggGrrrrGGrG,G,True,False,5,ped_5_0_NODE_8426|ped_5_1_NODE_8426|ped_5_2_NODE_8426|ped_5_3_NODE_8426|ped_5_4_NODE_8426,6.0,84.0,False,False,scenario_baseline
78.0,NODE_74388,436883130,16,5,rrrrGGggrrrrGGggr,r,False,False,0,,7.0,85.0,False,False,scenario_baseline
78.0,NODE_10273,3846533030,12,5,gGGrrrrrrrrrG,G,True,False,0,,3.0,81.0,False,False,scenario_baseline
78.5,LINK_212169,11449716078,5,3,rrgGGrG,r,False,False,0,,2.5,81.0,False,False,scenario_baseline
78.5,NODE_8452,3846603653,2,0,GGr,r,False,False,0,,0.5,79.0,False,False,scenario_baseline
78.5,NODE_6082,11449716078,5,3,rrgGGrG,r,False,False,0,,2.5,81.0,False,False,scenario_baseline
78.5,NODE_6123,7300992884,5,3,rryyyrr,r,False,False,0,,3.5,82.0,False,False,scenario_baseline
78.5,NODE_8426,3849142980,16,10,rrrrrrrrgggGrrrrGGrG,G,True,False,5,ped_5_0_NODE_8426|ped_5_1_NODE_8426|ped_5_2_NODE_8426|ped_5_3_NODE_8426|ped_5_4_NODE_8426,5.5,84.0,False,False,scenario_baseline
78.5,NODE_74388,436883130,16,5,rrrrGGggrrrrGGggr,r,False,False,0,,6.5,85.0,False,False,scenario_baseline
78.5,NODE_10273,3846533030,12,5,gGGrrrrrrrrrG,G,True,False,0,,2.5,81.0,False,False,scenario_baseline
79.0,LINK_212169,11449716078,5,3,rrgGGrG,r,False,False,0,,2.0,81.0,False,False,scenario_baseline
79.0,NODE_8452,3846603653,2,0,GGr,r,False,False,0,,0.0,79.0,False,False,scenario_baseline
79.0,NODE_6082,11449716078,5,3,rrgGGrG,r,False,False,0,,2.0,81.0,False,False,scenario_baseline
79.0,NODE_6123,7300992884,5,3,rryyyrr,r,False,False,0,,3.0,82.0,False,False,scenario_baseline
79.0,NODE_8426,3849142980,16,10,rrrrrrrrgggGrrrrGGrG,G,True,False,5,ped_5_0_NODE_8426|ped_5_1_NODE_8426|ped_5_2_NODE_8426|ped_5_3_NODE_8426|ped_5_4_NODE_8426,5.0,84.0,False,False,scenario_baseline
79.0,NODE_74388,436883130,16,5,rrrrGGggrrrrGGggr,r,False,False,0,,6.0,85.0,False,False,scenario_baseline
79.0,NODE_10273,3846533030,12,5,gGGrrrrrrrrrG,G,True,False,0,,2.0,81.0,False,False,scenario_baseline
79.5,LINK_212169,11449716078,5,3,rrgGGrG,r,False,False,0,,1.5,81.0,False,False,scenario_baseline
79.5,NODE_8452,3846603653,2,1,yyr,r,False,False,0,,2.5,82.0,False,False,scenario_baseline
79.5,NODE_6082,11449716078,5,3,rrgGGrG,r,False,False,0,,1.5,81.0,False,False,scenario_baseline
79.5,NODE_6123,7300992884,5,3,rryyyrr,r,False,False,0,,2.5,82.0,False,False,scenario_baseline
79.5,NODE_8426,3849142980,16,10,rrrrrrrrgggGrrrrGGrG,G,True,False,5,ped_5_0_NODE_8426|ped_5_1_NODE_8426|ped_5_2_NODE_8426|ped_5_3_NODE_8426|ped_5_4_NODE_8426,4.5,84.0,False,False,scenario_baseline
79.5,NODE_74388,436883130,16,5,rrrrGGggrrrrGGggr,r,False,False,0,,5.5,85.0,False,False,scenario_baseline
79.5,NODE_10273,3846533030,12,5,gGGrrrrrrrrrG,G,True,False,0,,1.5,81.0,False,False,scenario_baseline
80.0,LINK_212169,11449716078,5,3,rrgGGrG,r,False,False,0,,1.0,81.0,False,False,scenario_baseline
80.0,NODE_8452,3846603653,2,1,yyr,r,False,False,0,,2.0,82.0,False,False,scenario_baseline
80.0,NODE_6082,11449716078,5,3,rrgGGrG,r,False,False,0,,1.0,81.0,False,False,scenario_baseline
80.0,NODE_6123,7300992884,5,3,rryyyrr,r,False,False,0,,2.0,82.0,False,False,scenario_baseline
80.0,NODE_8426,3849142980,16,10,rrrrrrrrgggGrrrrGGrG,G,True,False,5,ped_5_0_NODE_8426|ped_5_1_NODE_8426|ped_5_2_NODE_8426|ped_5_3_NODE_8426|ped_5_4_NODE_8426,4.0,84.0,False,False,scenario_baseline
80.0,NODE_74388,436883130,16,5,rrrrGGggrrrrGGggr,r,False,False,0,,5.0,85.0,False,False,scenario_baseline
80.0,NODE_10273,3846533030,12,5,gGGrrrrrrrrrG,G,True,False,0,,1.0,81.0,False,False,scenario_baseline
80.5,LINK_212169,11449716078,5,3,rrgGGrG,r,False,False,0,,0.5,81.0,False,False,scenario_baseline
80.5,NODE_8452,3846603653,2,1,yyr,r,False,False,0,,1.5,82.0,False,False,scenario_baseline
80.5,NODE_6082,11449716078,5,3,rrgGGrG,r,False,False,0,,0.5,81.0,False,False,scenario_baseline
80.5,NODE_6123,7300992884,5,3,rryyyrr,r,False,False,0,,1.5,82.0,False,False,scenario_baseline
80.5,NODE_8426,3849142980,16,10,rrrrrrrrgggGrrrrGGrG,G,True,False,5,ped_5_0_NODE_8426|ped_5_1_NODE_8426|ped_5_2_NODE_8426|ped_5_3_NODE_8426|ped_5_4_NODE_8426,3.5,84.0,False,False,scenario_baseline
80.5,NODE_74388,436883130,16,5,rrrrGGggrrrrGGggr,r,False,False,0,,4.5,85.0,False,False,scenario_baseline
80.5,NODE_10273,3846533030,12,5,gGGrrrrrrrrrG,G,True,False,0,,0.5,81.0,False,False,scenario_baseline
81.0,LINK_212169,11449716078,5,3,rrgGGrG,r,False,False,0,,0.0,81.0,False,False,scenario_baseline
81.0,NODE_8452,3846603653,2,1,yyr,r,False,False,1,ped_2_0_NODE_8452,1.0,82.0,False,False,scenario_baseline
81.0,NODE_6082,11449716078,5,3,rrgGGrG,r,False,False,0,,0.0,81.0,False,False,scenario_baseline
81.0,NODE_6123,7300992884,5,3,rryyyrr,r,False,False,1,ped_4_0_NODE_6123,1.0,82.0,False,False,scenario_baseline
81.0,NODE_8426,3849142980,16,10,rrrrrrrrgggGrrrrGGrG,G,True,False,5,ped_5_0_NODE_8426|ped_5_1_NODE_8426|ped_5_2_NODE_8426|ped_5_3_NODE_8426|ped_5_4_NODE_8426,3.0,84.0,False,False,scenario_baseline
81.0,NODE_74388,436883130,16,5,rrrrGGggrrrrGGggr,r,False,False,0,,4.0,85.0,False,False,scenario_baseline
81.0,NODE_10273,3846533030,12,5,gGGrrrrrrrrrG,G,True,False,0,,0.0,81.0,False,False,scenario_baseline
81.5,LINK_212169,11449716078,5,4,rrgGGrr,r,False,False,0,,2.5,84.0,False,False,scenario_baseline
81.5,NODE_8452,3846603653,2,1,yyr,r,False,False,0,,0.5,82.0,False,False,scenario_baseline
81.5,NODE_6082,11449716078,5,4,rrgGGrr,r,False,False,0,,2.5,84.0,False,False,scenario_baseline
81.5,NODE_6123,7300992884,5,3,rryyyrr,r,False,False,0,,0.5,82.0,False,False,scenario_baseline
81.5,NODE_8426,3849142980,16,10,rrrrrrrrgggGrrrrGGrG,G,True,False,5,ped_5_0_NODE_8426|ped_5_1_NODE_8426|ped_5_2_NODE_8426|ped_5_3_NODE_8426|ped_5_4_NODE_8426,2.5,84.0,False,False,scenario_baseline
81.5,NODE_74388,436883130,16,5,rrrrGGggrrrrGGggr,r,False,False,0,,3.5,85.0,False,False,scenario_baseline
81.5,NODE_10273,3846533030,12,6,gGGrrrrrrrrrr,r,False,False,0,,2.5,84.0,False,False,scenario_baseline
82.0,LINK_212169,11449716078,5,4,rrgGGrr,r,False,False,0,,2.0,84.0,False,False,scenario_baseline
82.0,NODE_8452,3846603653,2,1,yyr,r,False,False,0,,0.0,82.0,False,False,scenario_baseline
82.0,NODE_6082,11449716078,5,4,rrgGGrr,r,False,False,0,,2.0,84.0,False,False,scenario_baseline
82.0,NODE_6123,7300992884,5,3,rryyyrr,r,False,False,0,,0.0,82.0,False,False,scenario_baseline
82.0,NODE_8426,3849142980,16,10,rrrrrrrrgggGrrrrGGrG,G,True,False,5,ped_5_0_NODE_8426|ped_5_1_NODE_8426|ped_5_2_NODE_8426|ped_5_3_NODE_8426|ped_5_4_NODE_8426,2.0,84.0,False,False,scenario_baseline
82.0,NODE_74388,436883130,16,5,rrrrGGggrrrrGGggr,r,False,False,0,,3.0,85.0,False,False,scenario_baseline
82.0,NODE_10273,3846533030,12,6,gGGrrrrrrrrrr,r,False,False,0,,2.0,84.0,False,False,scenario_baseline
82.5,LINK_212169,11449716078,5,4,rrgGGrr,r,False,False,0,,1.5,84.0,False,False,scenario_baseline
82.5,NODE_8452,3846603653,2,2,rrG,G,True,True,1,ped_2_1_NODE_8452,7.5,90.0,False,False,scenario_baseline
82.5,NODE_6082,11449716078,5,4,rrgGGrr,r,False,False,0,,1.5,84.0,False,False,scenario_baseline
82.5,NODE_6123,7300992884,5,4,rrrrrGr,G,True,True,1,ped_4_1_NODE_6123,7.5,90.0,False,False,scenario_baseline
82.5,NODE_8426,3849142980,16,10,rrrrrrrrgggGrrrrGGrG,G,True,False,5,ped_5_0_NODE_8426|ped_5_1_NODE_8426|ped_5_2_NODE_8426|ped_5_3_NODE_8426|ped_5_4_NODE_8426,1.5,84.0,False,False,scenario_baseline
82.5,NODE_74388,436883130,16,5,rrrrGGggrrrrGGggr,r,False,False,0,,2.5,85.0,False,False,scenario_baseline
82.5,NODE_10273,3846533030,12,6,gGGrrrrrrrrrr,r,False,False,0,,1.5,84.0,False,False,scenario_baseline
83.0,LINK_212169,11449716078,5,4,rrgGGrr,r,False,False,0,,1.0,84.0,False,False,scenario_baseline
83.0,NODE_8452,3846603653,2,2,rrG,G,True,True,0,,7.0,90.0,False,False,scenario_baseline
83.0,NODE_6082,11449716078,5,4,rrgGGrr,r,False,False,0,,1.0,84.0,False,False,scenario_baseline
83.0,NODE_6123,7300992884,5,4,rrrrrGr,G,True,True,0,,7.0,90.0,False,False,scenario_baseline
83.0,NODE_8426,3849142980,16,10,rrrrrrrrgggGrrrrGGrG,G,True,False,5,ped_5_0_NODE_8426|ped_5_1_NODE_8426|ped_5_2_NODE_8426|ped_5_3_NODE_8426|ped_5_4_NODE_8426,1.0,84.0,False,False,scenario_baseline
83.0,NODE_74388,436883130,16,5,rrrrGGggrrrrGGggr,r,False,False,0,,2.0,85.0,False,False,scenario_baseline
83.0,NODE_10273,3846533030,12,6,gGGrrrrrrrrrr,r,False,False,0,,1.0,84.0,False,False,scenario_baseline
83.5,LINK_212169,11449716078,5,4,rrgGGrr,r,False,False,0,,0.5,84.0,False,False,scenario_baseline
83.5,NODE_8452,3846603653,2,2,rrG,G,True,True,0,,6.5,90.0,False,False,scenario_baseline
83.5,NODE_6082,11449716078,5,4,rrgGGrr,r,False,False,0,,0.5,84.0,False,False,scenario_baseline
83.5,NODE_6123,7300992884,5,4,rrrrrGr,G,True,True,0,,6.5,90.0,False,False,scenario_baseline
83.5,NODE_8426,3849142980,16,10,rrrrrrrrgggGrrrrGGrG,G,True,False,5,ped_5_0_NODE_8426|ped_5_1_NODE_8426|ped_5_2_NODE_8426|ped_5_3_NODE_8426|ped_5_4_NODE_8426,0.5,84.0,False,False,scenario_baseline
83.5,NODE_74388,436883130,16,5,rrrrGGggrrrrGGggr,r,False,False,0,,1.5,85.0,False,False,scenario_baseline
83.5,NODE_10273,3846533030,12,6,gGGrrrrrrrrrr,r,False,False,0,,0.5,84.0,False,False,scenario_baseline
84.0,LINK_212169,11449716078,5,4,rrgGGrr,r,False,False,0,,0.0,84.0,False,False,scenario_baseline
84.0,NODE_8452,3846603653,2,2,rrG,G,True,True,1,ped_2_2_NODE_8452,6.0,90.0,False,False,scenario_baseline
84.0,NODE_6082,11449716078,5,4,rrgGGrr,r,False,False,0,,0.0,84.0,False,False,scenario_baseline
84.0,NODE_6123,7300992884,5,4,rrrrrGr,G,True,True,1,ped_4_2_NODE_6123,6.0,90.0,False,False,scenario_baseline
84.0,NODE_8426,3849142980,16,10,rrrrrrrrgggGrrrrGGrG,G,True,False,5,ped_5_0_NODE_8426|ped_5_1_NODE_8426|ped_5_2_NODE_8426|ped_5_3_NODE_8426|ped_5_4_NODE_8426,0.0,84.0,False,False,scenario_baseline
84.0,NODE_74388,436883130,16,5,rrrrGGggrrrrGGggr,r,False,False,0,,1.0,85.0,False,False,scenario_baseline
84.0,NODE_10273,3846533030,12,6,gGGrrrrrrrrrr,r,False,False,0,,0.0,84.0,False,False,scenario_baseline
84.5,LINK_212169,11449716078,5,5,rryyyrr,r,False,False,0,,5.5,90.0,False,False,scenario_baseline
84.5,NODE_8452,3846603653,2,2,rrG,G,True,True,0,,5.5,90.0,False,False,scenario_baseline
84.5,NODE_6082,11449716078,5,5,rryyyrr,r,False,False,0,,5.5,90.0,False,False,scenario_baseline
84.5,NODE_6123,7300992884,5,4,rrrrrGr,G,True,True,0,,5.5,90.0,False,False,scenario_baseline
84.5,NODE_8426,3849142980,16,11,rrrrrrrrgggGrrrrrrrr,r,False,False,5,ped_5_0_NODE_8426|ped_5_1_NODE_8426|ped_5_2_NODE_8426|ped_5_3_NODE_8426|ped_5_4_NODE_8426,2.5,87.0,False,False,scenario_baseline
84.5,NODE_74388,436883130,16,5,rrrrGGggrrrrGGggr,r,False,False,0,,0.5,85.0,False,False,scenario_baseline
84.5,NODE_10273,3846533030,12,7,yyyrrrrrrrrrr,r,False,False,0,,5.5,90.0,False,False,scenario_baseline
85.0,LINK_212169,11449716078,5,5,rryyyrr,r,False,False,0,,5.0,90.0,False,False,scenario_baseline
85.0,NODE_8452,3846603653,2,2,rrG,G,True,True,0,,5.0,90.0,False,False,scenario_baseline
85.0,NODE_6082,11449716078,5,5,rryyyrr,r,False,False,0,,5.0,90.0,False,False,scenario_baseline
85.0,NODE_6123,7300992884,5,4,rrrrrGr,G,True,True,0,,5.0,90.0,False,False,scenario_baseline
85.0,NODE_8426,3849142980,16,11,rrrrrrrrgggGrrrrrrrr,r,False,False,5,ped_5_0_NODE_8426|ped_5_1_NODE_8426|ped_5_2_NODE_8426|ped_5_3_NODE_8426|ped_5_4_NODE_8426,2.0,87.0,False,False,scenario_baseline
85.0,NODE_74388,436883130,16,5,rrrrGGggrrrrGGggr,r,False,False,0,,0.0,85.0,False,False,scenario_baseline
85.0,NODE_10273,3846533030,12,7,yyyrrrrrrrrrr,r,False,False,0,,5.0,90.0,False,False,scenario_baseline
85.5,LINK_212169,11449716078,5,5,rryyyrr,r,False,False,0,,4.5,90.0,False,False,scenario_baseline
85.5,NODE_8452,3846603653,2,2,rrG,G,True,True,1,ped_2_3_NODE_8452,4.5,90.0,False,False,scenario_baseline
85.5,NODE_6082,11449716078,5,5,rryyyrr,r,False,False,0,,4.5,90.0,False,False,scenario_baseline
85.5,NODE_6123,7300992884,5,4,rrrrrGr,G,True,True,1,ped_4_3_NODE_6123,4.5,90.0,False,False,scenario_baseline
85.5,NODE_8426,3849142980,16,11,rrrrrrrrgggGrrrrrrrr,r,False,False,5,ped_5_0_NODE_8426|ped_5_1_NODE_8426|ped_5_2_NODE_8426|ped_5_3_NODE_8426|ped_5_4_NODE_8426,1.5,87.0,False,False,scenario_baseline
85.5,NODE_74388,436883130,16,6,rrrryyyyrrrryyyyr,r,False,False,0,,4.5,90.0,False,False,scenario_baseline
85.5,NODE_10273,3846533030,12,7,yyyrrrrrrrrrr,r,False,False,0,,4.5,90.0,False,False,scenario_baseline
86.0,LINK_212169,11449716078,5,5,rryyyrr,r,False,False,0,,4.0,90.0,False,False,scenario_baseline
86.0,NODE_8452,3846603653,2,2,rrG,G,True,True,0,,4.0,90.0,False,False,scenario_baseline
86.0,NODE_6082,11449716078,5,5,rryyyrr,r,False,False,0,,4.0,90.0,False,False,scenario_baseline
86.0,NODE_6123,7300992884,5,4,rrrrrGr,G,True,True,0,,4.0,90.0,False,False,scenario_baseline
86.0,NODE_8426,3849142980,16,11,rrrrrrrrgggGrrrrrrrr,r,False,False,5,ped_5_0_NODE_8426|ped_5_1_NODE_8426|ped_5_2_NODE_8426|ped_5_3_NODE_8426|ped_5_4_NODE_8426,1.0,87.0,False,False,scenario_baseline
86.0,NODE_74388,436883130,16,6,rrrryyyyrrrryyyyr,r,False,False,0,,4.0,90.0,False,False,scenario_baseline
86.0,NODE_10273,3846533030,12,7,yyyrrrrrrrrrr,r,False,False,0,,4.0,90.0,False,False,scenario_baseline
86.5,LINK_212169,11449716078,5,5,rryyyrr,r,False,False,0,,3.5,90.0,False,False,scenario_baseline
86.5,NODE_8452,3846603653,2,2,rrG,G,True,True,0,,3.5,90.0,False,False,scenario_baseline
86.5,NODE_6082,11449716078,5,5,rryyyrr,r,False,False,0,,3.5,90.0,False,False,scenario_baseline
86.5,NODE_6123,7300992884,5,4,rrrrrGr,G,True,True,0,,3.5,90.0,False,False,scenario_baseline
86.5,NODE_8426,3849142980,16,11,rrrrrrrrgggGrrrrrrrr,r,False,False,5,ped_5_0_NODE_8426|ped_5_1_NODE_8426|ped_5_2_NODE_8426|ped_5_3_NODE_8426|ped_5_4_NODE_8426,0.5,87.0,False,False,scenario_baseline
86.5,NODE_74388,436883130,16,6,rrrryyyyrrrryyyyr,r,False,False,0,,3.5,90.0,False,False,scenario_baseline
86.5,NODE_10273,3846533030,12,7,yyyrrrrrrrrrr,r,False,False,0,,3.5,90.0,False,False,scenario_baseline
87.0,LINK_212169,11449716078,5,5,rryyyrr,r,False,False,0,,3.0,90.0,False,False,scenario_baseline
87.0,NODE_8452,3846603653,2,2,rrG,G,True,True,1,ped_2_4_NODE_8452,3.0,90.0,False,False,scenario_baseline
87.0,NODE_6082,11449716078,5,5,rryyyrr,r,False,False,0,,3.0,90.0,False,False,scenario_baseline
87.0,NODE_6123,7300992884,5,4,rrrrrGr,G,True,True,1,ped_4_4_NODE_6123,3.0,90.0,False,False,scenario_baseline
87.0,NODE_8426,3849142980,16,11,rrrrrrrrgggGrrrrrrrr,r,False,False,5,ped_5_0_NODE_8426|ped_5_1_NODE_8426|ped_5_2_NODE_8426|ped_5_3_NODE_8426|ped_5_4_NODE_8426,0.0,87.0,False,False,scenario_baseline
87.0,NODE_74388,436883130,16,6,rrrryyyyrrrryyyyr,r,False,False,0,,3.0,90.0,False,False,scenario_baseline
87.0,NODE_10273,3846533030,12,7,yyyrrrrrrrrrr,r,False,False,0,,3.0,90.0,False,False,scenario_baseline
87.5,LINK_212169,11449716078,5,5,rryyyrr,r,False,False,0,,2.5,90.0,False,False,scenario_baseline
87.5,NODE_8452,3846603653,2,2,rrG,G,True,True,0,,2.5,90.0,False,False,scenario_baseline
87.5,NODE_6082,11449716078,5,5,rryyyrr,r,False,False,0,,2.5,90.0,False,False,scenario_baseline
87.5,NODE_6123,7300992884,5,4,rrrrrGr,G,True,True,0,,2.5,90.0,False,False,scenario_baseline
87.5,NODE_8426,3849142980,16,12,rrrrrrrryyyyrrrrrrrr,r,False,False,5,ped_5_0_NODE_8426|ped_5_1_NODE_8426|ped_5_2_NODE_8426|ped_5_3_NODE_8426|ped_5_4_NODE_8426,2.5,90.0,False,False,scenario_baseline
87.5,NODE_74388,436883130,16,6,rrrryyyyrrrryyyyr,r,False,False,0,,2.5,90.0,False,False,scenario_baseline
87.5,NODE_10273,3846533030,12,7,yyyrrrrrrrrrr,r,False,False,0,,2.5,90.0,False,False,scenario_baseline
88.0,LINK_212169,11449716078,5,5,rryyyrr,r,False,False,0,,2.0,90.0,False,False,scenario_baseline
88.0,NODE_8452,3846603653,2,2,rrG,G,True,True,0,,2.0,90.0,False,False,scenario_baseline
88.0,NODE_6082,11449716078,5,5,rryyyrr,r,False,False,0,,2.0,90.0,False,False,scenario_baseline
88.0,NODE_6123,7300992884,5,4,rrrrrGr,G,True,True,0,,2.0,90.0,False,False,scenario_baseline
88.0,NODE_8426,3849142980,16,12,rrrrrrrryyyyrrrrrrrr,r,False,False,5,ped_5_0_NODE_8426|ped_5_1_NODE_8426|ped_5_2_NODE_8426|ped_5_3_NODE_8426|ped_5_4_NODE_8426,2.0,90.0,False,False,scenario_baseline
88.0,NODE_74388,436883130,16,6,rrrryyyyrrrryyyyr,r,False,False,0,,2.0,90.0,False,False,scenario_baseline
88.0,NODE_10273,3846533030,12,7,yyyrrrrrrrrrr,r,False,False,0,,2.0,90.0,False,False,scenario_baseline
88.5,LINK_212169,11449716078,5,5,rryyyrr,r,False,False,0,,1.5,90.0,False,False,scenario_baseline
88.5,NODE_8452,3846603653,2,2,rrG,G,True,True,0,,1.5,90.0,False,False,scenario_baseline
88.5,NODE_6082,11449716078,5,5,rryyyrr,r,False,False,0,,1.5,90.0,False,False,scenario_baseline
88.5,NODE_6123,7300992884,5,4,rrrrrGr,G,True,True,0,,1.5,90.0,False,False,scenario_baseline
88.5,NODE_8426,3849142980,16,12,rrrrrrrryyyyrrrrrrrr,r,False,False,5,ped_5_0_NODE_8426|ped_5_1_NODE_8426|ped_5_2_NODE_8426|ped_5_3_NODE_8426|ped_5_4_NODE_8426,1.5,90.0,False,False,scenario_baseline
88.5,NODE_74388,436883130,16,6,rrrryyyyrrrryyyyr,r,False,False,0,,1.5,90.0,False,False,scenario_baseline
88.5,NODE_10273,3846533030,12,7,yyyrrrrrrrrrr,r,False,False,0,,1.5,90.0,False,False,scenario_baseline
89.0,LINK_212169,11449716078,5,5,rryyyrr,r,False,False,2,ped_1_0_LINK_212169|ped_3_0_NODE_6082,1.0,90.0,False,False,scenario_baseline
89.0,NODE_8452,3846603653,2,2,rrG,G,True,True,0,,1.0,90.0,False,False,scenario_baseline
89.0,NODE_6082,11449716078,5,5,rryyyrr,r,False,False,2,ped_1_0_LINK_212169|ped_3_0_NODE_6082,1.0,90.0,False,False,scenario_baseline
89.0,NODE_6123,7300992884,5,4,rrrrrGr,G,True,True,0,,1.0,90.0,False,False,scenario_baseline
89.0,NODE_8426,3849142980,16,12,rrrrrrrryyyyrrrrrrrr,r,False,False,5,ped_5_0_NODE_8426|ped_5_1_NODE_8426|ped_5_2_NODE_8426|ped_5_3_NODE_8426|ped_5_4_NODE_8426,1.0,90.0,False,False,scenario_baseline
89.0,NODE_74388,436883130,16,6,rrrryyyyrrrryyyyr,r,False,False,1,ped_6_0_NODE_74388,1.0,90.0,False,False,scenario_baseline
89.0,NODE_10273,3846533030,12,7,yyyrrrrrrrrrr,r,False,False,1,ped_7_0_NODE_10273,1.0,90.0,False,False,scenario_baseline
89.5,LINK_212169,11449716078,5,5,rryyyrr,r,False,False,1,ped_3_0_NODE_6082,0.5,90.0,False,False,scenario_baseline
89.5,NODE_8452,3846603653,2,2,rrG,G,True,True,0,,0.5,90.0,False,False,scenario_baseline
89.5,NODE_6082,11449716078,5,5,rryyyrr,r,False,False,1,ped_3_0_NODE_6082,0.5,90.0,False,False,scenario_baseline
89.5,NODE_6123,7300992884,5,4,rrrrrGr,G,True,True,0,,0.5,90.0,False,False,scenario_baseline
89.5,NODE_8426,3849142980,16,12,rrrrrrrryyyyrrrrrrrr,r,False,False,5,ped_5_0_NODE_8426|ped_5_1_NODE_8426|ped_5_2_NODE_8426|ped_5_3_NODE_8426|ped_5_4_NODE_8426,0.5,90.0,False,False,scenario_baseline
89.5,NODE_74388,436883130,16,6,rrrryyyyrrrryyyyr,r,False,False,1,ped_6_0_NODE_74388,0.5,90.0,False,False,scenario_baseline
89.5,NODE_10273,3846533030,12,7,yyyrrrrrrrrrr,r,False,False,0,,0.5,90.0,False,False,scenario_baseline
90.0,LINK_212169,11449716078,5,5,rryyyrr,r,False,False,1,ped_3_0_NODE_6082,0.0,90.0,False,False,scenario_baseline
90.0,NODE_8452,3846603653,2,2,rrG,G,True,True,0,,0.0,90.0,False,False,scenario_baseline
90.0,NODE_6082,11449716078,5,5,rryyyrr,r,False,False,1,ped_3_0_NODE_6082,0.0,90.0,False,False,scenario_baseline
90.0,NODE_6123,7300992884,5,4,rrrrrGr,G,True,True,1,ped_4_0_NODE_6123,0.0,90.0,False,False,scenario_baseline
90.0,NODE_8426,3849142980,16,12,rrrrrrrryyyyrrrrrrrr,r,False,False,5,ped_5_0_NODE_8426|ped_5_1_NODE_8426|ped_5_2_NODE_8426|ped_5_3_NODE_8426|ped_5_4_NODE_8426,0.0,90.0,False,False,scenario_baseline
90.0,NODE_74388,436883130,16,6,rrrryyyyrrrryyyyr,r,False,False,1,ped_6_0_NODE_74388,0.0,90.0,False,False,scenario_baseline
90.0,NODE_10273,3846533030,12,7,yyyrrrrrrrrrr,r,False,False,0,,0.0,90.0,False,False,scenario_baseline
90.5,LINK_212169,11449716078,5,6,rrrrrGr,G,True,True,2,ped_1_1_LINK_212169|ped_3_1_NODE_6082,5.5,96.0,False,False,scenario_baseline
90.5,NODE_8452,3846603653,2,0,GGr,r,False,False,0,,78.5,169.0,False,False,scenario_baseline
90.5,NODE_6082,11449716078,5,6,rrrrrGr,G,True,True,2,ped_1_1_LINK_212169|ped_3_1_NODE_6082,5.5,96.0,False,False,scenario_baseline
90.5,NODE_6123,7300992884,5,0,GgGrrrr,r,False,False,1,ped_4_0_NODE_6123,63.5,154.0,False,False,scenario_baseline
90.5,NODE_8426,3849142980,16,0,gggGrrrrrrrrrrrrrGGG,r,False,False,5,ped_5_0_NODE_8426|ped_5_1_NODE_8426|ped_5_2_NODE_8426|ped_5_3_NODE_8426|ped_5_4_NODE_8426,13.5,104.0,False,False,scenario_baseline
90.5,NODE_74388,436883130,16,7,rrrrrrrrrrrrrrrrG,G,True,True,2,ped_6_0_NODE_74388|ped_6_1_NODE_74388,5.5,96.0,False,False,scenario_baseline
90.5,NODE_10273,3846533030,12,8,rrrrrrrrrrrrG,G,True,True,1,ped_7_1_NODE_10273,5.5,96.0,False,False,scenario_baseline
91.0,LINK_212169,11449716078,5,6,rrrrrGr,G,True,True,1,ped_3_1_NODE_6082,5.0,96.0,False,False,scenario_baseline
91.0,NODE_8452,3846603653,2,0,GGr,r,False,False,0,,78.0,169.0,False,False,scenario_baseline
91.0,NODE_6082,11449716078,5,6,rrrrrGr,G,True,True,1,ped_3_1_NODE_6082,5.0,96.0,False,False,scenario_baseline
91.0,NODE_6123,7300992884,5,0,GgGrrrr,r,False,False,0,,63.0,154.0,False,False,scenario_baseline
91.0,NODE_8426,3849142980,16,0,gggGrrrrrrrrrrrrrGGG,r,False,False,5,ped_5_0_NODE_8426|ped_5_1_NODE_8426|ped_5_2_NODE_8426|ped_5_3_NODE_8426|ped_5_4_NODE_8426,13.0,104.0,False,False,scenario_baseline
91.0,NODE_74388,436883130,16,7,rrrrrrrrrrrrrrrrG,G,True,True,2,ped_6_0_NODE_74388|ped_6_1_NODE_74388,5.0,96.0,False,False,scenario_baseline
91.0,NODE_10273,3846533030,12,8,rrrrrrrrrrrrG,G,True,True,0,,5.0,96.0,False,False,scenario_baseline
91.5,LINK_212169,11449716078,5,6,rrrrrGr,G,True,True,1,ped_3_1_NODE_6082,4.5,96.0,False,False,scenario_baseline
91.5,NODE_8452,3846603653,2,0,GGr,r,False,False,0,,77.5,169.0,False,False,scenario_baseline
91.5,NODE_6082,11449716078,5,6,rrrrrGr,G,True,True,1,ped_3_1_NODE_6082,4.5,96.0,False,False,scenario_baseline
91.5,NODE_6123,7300992884,5,0,GgGrrrr,r,False,False,0,,62.5,154.0,False,False,scenario_baseline
91.5,NODE_8426,3849142980,16,0,gggGrrrrrrrrrrrrrGGG,r,False,False,5,ped_5_0_NODE_8426|ped_5_1_NODE_8426|ped_5_2_NODE_8426|ped_5_3_NODE_8426|ped_5_4_NODE_8426,12.5,104.0,False,False,scenario_baseline
91.5,NODE_74388,436883130,16,7,rrrrrrrrrrrrrrrrG,G,True,True,2,ped_6_0_NODE_74388|ped_6_1_NODE_74388,4.5,96.0,False,False,scenario_baseline
91.5,NODE_10273,3846533030,12,8,rrrrrrrrrrrrG,G,True,True,0,,4.5,96.0,False,False,scenario_baseline
92.0,LINK_212169,11449716078,5,6,rrrrrGr,G,True,True,2,ped_1_2_LINK_212169|ped_3_2_NODE_6082,4.0,96.0,False,False,scenario_baseline
92.0,NODE_8452,3846603653,2,0,GGr,r,False,False,0,,77.0,169.0,False,False,scenario_baseline
92.0,NODE_6082,11449716078,5,6,rrrrrGr,G,True,True,2,ped_1_2_LINK_212169|ped_3_2_NODE_6082,4.0,96.0,False,False,scenario_baseline
92.0,NODE_6123,7300992884,5,0,GgGrrrr,r,False,False,0,,62.0,154.0,False,False,scenario_baseline
92.0,NODE_8426,3849142980,16,0,gggGrrrrrrrrrrrrrGGG,r,False,False,5,ped_5_0_NODE_8426|ped_5_1_NODE_8426|ped_5_2_NODE_8426|ped_5_3_NODE_8426|ped_5_4_NODE_8426,12.0,104.0,False,False,scenario_baseline
92.0,NODE_74388,436883130,16,7,rrrrrrrrrrrrrrrrG,G,True,True,3,ped_6_0_NODE_74388|ped_6_1_NODE_74388|ped_6_2_NODE_74388,4.0,96.0,False,False,scenario_baseline
92.0,NODE_10273,3846533030,12,8,rrrrrrrrrrrrG,G,True,True,1,ped_7_2_NODE_10273,4.0,96.0,False,False,scenario_baseline
92.5,LINK_212169,11449716078,5,6,rrrrrGr,G,True,True,1,ped_3_2_NODE_6082,3.5,96.0,False,False,scenario_baseline
92.5,NODE_8452,3846603653,2,0,GGr,r,False,False,1,ped_2_0_NODE_8452,76.5,169.0,False,False,scenario_baseline
92.5,NODE_6082,11449716078,5,6,rrrrrGr,G,True,True,1,ped_3_2_NODE_6082,3.5,96.0,False,False,scenario_baseline
92.5,NODE_6123,7300992884,5,0,GgGrrrr,r,False,False,0,,61.5,154.0,False,False,scenario_baseline
92.5,NODE_8426,3849142980,16,0,gggGrrrrrrrrrrrrrGGG,r,False,False,5,ped_5_0_NODE_8426|ped_5_1_NODE_8426|ped_5_2_NODE_8426|ped_5_3_NODE_8426|ped_5_4_NODE_8426,11.5,104.0,False,False,scenario_baseline
92.5,NODE_74388,436883130,16,7,rrrrrrrrrrrrrrrrG,G,True,True,3,ped_6_0_NODE_74388|ped_6_1_NODE_74388|ped_6_2_NODE_74388,3.5,96.0,False,False,scenario_baseline
92.5,NODE_10273,3846533030,12,8,rrrrrrrrrrrrG,G,True,True,0,,3.5,96.0,False,False,scenario_baseline
93.0,LINK_212169,11449716078,5,6,rrrrrGr,G,True,True,1,ped_3_2_NODE_6082,3.0,96.0,False,False,scenario_baseline
93.0,NODE_8452,3846603653,2,0,GGr,r,False,False,1,ped_2_0_NODE_8452,76.0,169.0,False,False,scenario_baseline
93.0,NODE_6082,11449716078,5,6,rrrrrGr,G,True,True,1,ped_3_2_NODE_6082,3.0,96.0,False,False,scenario_baseline
93.0,NODE_6123,7300992884,5,0,GgGrrrr,r,False,False,0,,61.0,154.0,False,False,scenario_baseline
93.0,NODE_8426,3849142980,16,0,gggGrrrrrrrrrrrrrGGG,r,False,False,5,ped_5_0_NODE_8426|ped_5_1_NODE_8426|ped_5_2_NODE_8426|ped_5_3_NODE_8426|ped_5_4_NODE_8426,11.0,104.0,False,False,scenario_baseline
93.0,NODE_74388,436883130,16,7,rrrrrrrrrrrrrrrrG,G,True,True,3,ped_6_0_NODE_74388|ped_6_1_NODE_74388|ped_6_2_NODE_74388,3.0,96.0,False,False,scenario_baseline
93.0,NODE_10273,3846533030,12,8,rrrrrrrrrrrrG,G,True,True,0,,3.0,96.0,False,False,scenario_baseline
93.5,LINK_212169,11449716078,5,6,rrrrrGr,G,True,True,2,ped_1_3_LINK_212169|ped_3_3_NODE_6082,2.5,96.0,False,False,scenario_baseline
93.5,NODE_8452,3846603653,2,0,GGr,r,False,False,1,ped_2_0_NODE_8452,75.5,169.0,False,False,scenario_baseline
93.5,NODE_6082,11449716078,5,6,rrrrrGr,G,True,True,2,ped_1_3_LINK_212169|ped_3_3_NODE_6082,2.5,96.0,False,False,scenario_baseline
93.5,NODE_6123,7300992884,5,0,GgGrrrr,r,False,False,1,ped_4_2_NODE_6123,60.5,154.0,False,False,scenario_baseline
93.5,NODE_8426,3849142980,16,0,gggGrrrrrrrrrrrrrGGG,r,False,False,5,ped_5_0_NODE_8426|ped_5_1_NODE_8426|ped_5_2_NODE_8426|ped_5_3_NODE_8426|ped_5_4_NODE_8426,10.5,104.0,False,False,scenario_baseline
93.5,NODE_74388,436883130,16,7,rrrrrrrrrrrrrrrrG,G,True,True,4,ped_6_0_NODE_74388|ped_6_1_NODE_74388|ped_6_2_NODE_74388|ped_6_3_NODE_74388,2.5,96.0,False,False,scenario_baseline
93.5,NODE_10273,3846533030,12,8,rrrrrrrrrrrrG,G,True,True,1,ped_7_3_NODE_10273,2.5,96.0,False,False,scenario_baseline
94.0,LINK_212169,11449716078,5,6,rrrrrGr,G,True,True,1,ped_3_3_NODE_6082,2.0,96.0,False,False,scenario_baseline
94.0,NODE_8452,3846603653,2,0,GGr,r,False,False,2,ped_2_0_NODE_8452|ped_2_1_NODE_8452,75.0,169.0,False,False,scenario_baseline
94.0,NODE_6082,11449716078,5,6,rrrrrGr,G,True,True,1,ped_3_3_NODE_6082,2.0,96.0,False,False,scenario_baseline
94.0,NODE_6123,7300992884,5,0,GgGrrrr,r,False,False,1,ped_4_1_NODE_6123,60.0,154.0,False,False,scenario_baseline
94.0,NODE_8426,3849142980,16,0,gggGrrrrrrrrrrrrrGGG,r,False,False,5,ped_5_0_NODE_8426|ped_5_1_NODE_8426|ped_5_2_NODE_8426|ped_5_3_NODE_8426|ped_5_4_NODE_8426,10.0,104.0,False,False,scenario_baseline
94.0,NODE_74388,436883130,16,7,rrrrrrrrrrrrrrrrG,G,True,True,4,ped_6_0_NODE_74388|ped_6_1_NODE_74388|ped_6_2_NODE_74388|ped_6_3_NODE_74388,2.0,96.0,False,False,scenario_baseline
94.0,NODE_10273,3846533030,12,8,rrrrrrrrrrrrG,G,True,True,0,,2.0,96.0,False,False,scenario_baseline
94.5,LINK_212169,11449716078,5,6,rrrrrGr,G,True,True,1,ped_3_3_NODE_6082,1.5,96.0,False,False,scenario_baseline
94.5,NODE_8452,3846603653,2,0,GGr,r,False,False,2,ped_2_0_NODE_8452|ped_2_1_NODE_8452,74.5,169.0,False,False,scenario_baseline
94.5,NODE_6082,11449716078,5,6,rrrrrGr,G,True,True,1,ped_3_3_NODE_6082,1.5,96.0,False,False,scenario_baseline
94.5,NODE_6123,7300992884,5,0,GgGrrrr,r,False,False,1,ped_4_1_NODE_6123,59.5,154.0,False,False,scenario_baseline
94.5,NODE_8426,3849142980,16,0,gggGrrrrrrrrrrrrrGGG,r,False,False,5,ped_5_0_NODE_8426|ped_5_1_NODE_8426|ped_5_2_NODE_8426|ped_5_3_NODE_8426|ped_5_4_NODE_8426,9.5,104.0,False,False,scenario_baseline
94.5,NODE_74388,436883130,16,7,rrrrrrrrrrrrrrrrG,G,True,True,4,ped_6_0_NODE_74388|ped_6_1_NODE_74388|ped_6_2_NODE_74388|ped_6_3_NODE_74388,1.5,96.0,False,False,scenario_baseline
94.5,NODE_10273,3846533030,12,8,rrrrrrrrrrrrG,G,True,True,0,,1.5,96.0,False,False,scenario_baseline
95.0,LINK_212169,11449716078,5,6,rrrrrGr,G,True,True,2,ped_1_4_LINK_212169|ped_3_4_NODE_6082,1.0,96.0,False,False,scenario_baseline
95.0,NODE_8452,3846603653,2,0,GGr,r,False,False,3,ped_2_0_NODE_8452|ped_2_1_NODE_8452|ped_2_2_NODE_8452,74.0,169.0,False,False,scenario_baseline
95.0,NODE_6082,11449716078,5,6,rrrrrGr,G,True,True,2,ped_1_4_LINK_212169|ped_3_4_NODE_6082,1.0,96.0,False,False,scenario_baseline
95.0,NODE_6123,7300992884,5,0,GgGrrrr,r,False,False,1,ped_4_3_NODE_6123,59.0,154.0,False,False,scenario_baseline
95.0,NODE_8426,3849142980,16,0,gggGrrrrrrrrrrrrrGGG,r,False,False,5,ped_5_0_NODE_8426|ped_5_1_NODE_8426|ped_5_2_NODE_8426|ped_5_3_NODE_8426|ped_5_4_NODE_8426,9.0,104.0,False,False,scenario_baseline
95.0,NODE_74388,436883130,16,7,rrrrrrrrrrrrrrrrG,G,True,True,5,ped_6_0_NODE_74388|ped_6_1_NODE_74388|ped_6_2_NODE_74388|ped_6_3_NODE_74388|ped_6_4_NODE_74388,1.0,96.0,False,False,scenario_baseline
95.0,NODE_10273,3846533030,12,8,rrrrrrrrrrrrG,G,True,True,1,ped_7_4_NODE_10273,1.0,96.0,False,False,scenario_baseline
95.5,LINK_212169,11449716078,5,6,rrrrrGr,G,True,True,1,ped_3_4_NODE_6082,0.5,96.0,False,False,scenario_baseline
95.5,NODE_8452,3846603653,2,0,GGr,r,False,False,3,ped_2_0_NODE_8452|ped_2_1_NODE_8452|ped_2_2_NODE_8452,73.5,169.0,False,False,scenario_baseline
95.5,NODE_6082,11449716078,5,6,rrrrrGr,G,True,True,1,ped_3_4_NODE_6082,0.5,96.0,False,False,scenario_baseline
95.5,NODE_6123,7300992884,5,0,GgGrrrr,r,False,False,1,ped_4_3_NODE_6123,58.5,154.0,False,False,scenario_baseline
95.5,NODE_8426,3849142980,16,0,gggGrrrrrrrrrrrrrGGG,r,False,False,5,ped_5_0_NODE_8426|ped_5_1_NODE_8426|ped_5_2_NODE_8426|ped_5_3_NODE_8426|ped_5_4_NODE_8426,8.5,104.0,False,False,scenario_baseline
95.5,NODE_74388,436883130,16,7,rrrrrrrrrrrrrrrrG,G,True,True,5,ped_6_0_NODE_74388|ped_6_1_NODE_74388|ped_6_2_NODE_74388|ped_6_3_NODE_74388|ped_6_4_NODE_74388,0.5,96.0,False,False,scenario_baseline
95.5,NODE_10273,3846533030,12,8,rrrrrrrrrrrrG,G,True,True,0,,0.5,96.0,False,False,scenario_baseline
96.0,LINK_212169,11449716078,5,6,rrrrrGr,G,True,True,0,,0.0,96.0,False,False,scenario_baseline
96.0,NODE_8452,3846603653,2,0,GGr,r,False,False,4,ped_2_0_NODE_8452|ped_2_1_NODE_8452|ped_2_2_NODE_8452|ped_2_3_NODE_8452,73.0,169.0,False,False,scenario_baseline
96.0,NODE_6082,11449716078,5,6,rrrrrGr,G,True,True,0,,0.0,96.0,False,False,scenario_baseline
96.0,NODE_6123,7300992884,5,0,GgGrrrr,r,False,False,0,,58.0,154.0,False,False,scenario_baseline
96.0,NODE_8426,3849142980,16,0,gggGrrrrrrrrrrrrrGGG,r,False,False,5,ped_5_0_NODE_8426|ped_5_1_NODE_8426|ped_5_2_NODE_8426|ped_5_3_NODE_8426|ped_5_4_NODE_8426,8.0,104.0,False,False,scenario_baseline
96.0,NODE_74388,436883130,16,7,rrrrrrrrrrrrrrrrG,G,True,True,5,ped_6_0_NODE_74388|ped_6_1_NODE_74388|ped_6_2_NODE_74388|ped_6_3_NODE_74388|ped_6_4_NODE_74388,0.0,96.0,False,False,scenario_baseline
96.0,NODE_10273,3846533030,12,8,rrrrrrrrrrrrG,G,True,True,0,,0.0,96.0,False,False,scenario_baseline
96.5,LINK_212169,11449716078,5,0,gGrrrGr,G,True,False,0,,35.5,132.0,False,False,scenario_baseline
96.5,NODE_8452,3846603653,2,0,GGr,r,False,False,4,ped_2_0_NODE_8452|ped_2_1_NODE_8452|ped_2_2_NODE_8452|ped_2_3_NODE_8452,72.5,169.0,False,False,scenario_baseline
96.5,NODE_6082,11449716078,5,0,gGrrrGr,G,True,False,0,,35.5,132.0,False,False,scenario_baseline
96.5,NODE_6123,7300992884,5,0,GgGrrrr,r,False,False,1,ped_4_4_NODE_6123,57.5,154.0,False,False,scenario_baseline
96.5,NODE_8426,3849142980,16,0,gggGrrrrrrrrrrrrrGGG,r,False,False,5,ped_5_0_NODE_8426|ped_5_1_NODE_8426|ped_5_2_NODE_8426|ped_5_3_NODE_8426|ped_5_4_NODE_8426,7.5,104.0,False,False,scenario_baseline
96.5,NODE_74388,436883130,16,0,GGrrrrrrgGrrrrrrG,G,True,False,5,ped_6_0_NODE_74388|ped_6_1_NODE_74388|ped_6_2_NODE_74388|ped_6_3_NODE_74388|ped_6_4_NODE_74388,31.5,128.0,False,False,scenario_baseline
96.5,NODE_10273,3846533030,12,0,rrrgGGgGGrrGr,r,False,False,0,,29.5,126.0,False,False,scenario_baseline
97.0,LINK_212169,11449716078,5,0,gGrrrGr,G,True,False,0,,35.0,132.0,False,False,scenario_baseline
97.0,NODE_8452,3846603653,2,0,GGr,r,False,False,4,ped_2_0_NODE_8452|ped_2_1_NODE_8452|ped_2_2_NODE_8452|ped_2_3_NODE_8452,72.0,169.0,False,False,scenario_baseline
97.0,NODE_6082,11449716078,5,0,gGrrrGr,G,True,False,0,,35.0,132.0,False,False,scenario_baseline
97.0,NODE_6123,7300992884,5,0,GgGrrrr,r,False,False,1,ped_4_4_NODE_6123,57.0,154.0,False,False,scenario_baseline
97.0,NODE_8426,3849142980,16,0,gggGrrrrrrrrrrrrrGGG,r,False,False,5,ped_5_0_NODE_8426|ped_5_1_NODE_8426|ped_5_2_NODE_8426|ped_5_3_NODE_8426|ped_5_4_NODE_8426,7.0,104.0,False,False,scenario_baseline
97.0,NODE_74388,436883130,16,0,GGrrrrrrgGrrrrrrG,G,True,False,5,ped_6_0_NODE_74388|ped_6_1_NODE_74388|ped_6_2_NODE_74388|ped_6_3_NODE_74388|ped_6_4_NODE_74388,31.0,128.0,False,False,scenario_baseline
97.0,NODE_10273,3846533030,12,0,rrrgGGgGGrrGr,r,False,False,0,,29.0,126.0,False,False,scenario_baseline
97.5,LINK_212169,11449716078,5,0,gGrrrGr,G,True,False,0,,34.5,132.0,False,False,scenario_baseline
97.5,NODE_8452,3846603653,2,0,GGr,r,False,False,5,ped_2_0_NODE_8452|ped_2_1_NODE_8452|ped_2_2_NODE_8452|ped_2_3_NODE_8452|ped_2_4_NODE_8452,71.5,169.0,False,False,scenario_baseline
97.5,NODE_6082,11449716078,5,0,gGrrrGr,G,True,False,0,,34.5,132.0,False,False,scenario_baseline
97.5,NODE_6123,7300992884,5,0,GgGrrrr,r,False,False,0,,56.5,154.0,False,False,scenario_baseline
97.5,NODE_8426,3849142980,16,0,gggGrrrrrrrrrrrrrGGG,r,False,False,5,ped_5_0_NODE_8426|ped_5_1_NODE_8426|ped_5_2_NODE_8426|ped_5_3_NODE_8426|ped_5_4_NODE_8426,6.5,104.0,False,False,scenario_baseline
97.5,NODE_74388,436883130,16,0,GGrrrrrrgGrrrrrrG,G,True,False,5,ped_6_0_NODE_74388|ped_6_1_NODE_74388|ped_6_2_NODE_74388|ped_6_3_NODE_74388|ped_6_4_NODE_74388,30.5,128.0,False,False,scenario_baseline
97.5,NODE_10273,3846533030,12,0,rrrgGGgGGrrGr,r,False,False,0,,28.5,126.0,False,False,scenario_baseline
98.0,LINK_212169,11449716078,5,0,gGrrrGr,G,True,False,0,,34.0,132.0,False,False,scenario_baseline
98.0,NODE_8452,3846603653,2,0,GGr,r,False,False,5,ped_2_0_NODE_8452|ped_2_1_NODE_8452|ped_2_2_NODE_8452|ped_2_3_NODE_8452|ped_2_4_NODE_8452,71.0,169.0,False,False,scenario_baseline
98.0,NODE_6082,11449716078,5,0,gGrrrGr,G,True,False,0,,34.0,132.0,False,False,scenario_baseline
98.0,NODE_6123,7300992884,5,0,GgGrrrr,r,False,False,0,,56.0,154.0,False,False,scenario_baseline
98.0,NODE_8426,3849142980,16,0,gggGrrrrrrrrrrrrrGGG,r,False,False,5,ped_5_0_NODE_8426|ped_5_1_NODE_8426|ped_5_2_NODE_8426|ped_5_3_NODE_8426|ped_5_4_NODE_8426,6.0,104.0,False,False,scenario_baseline
98.0,NODE_74388,436883130,16,0,GGrrrrrrgGrrrrrrG,G,True,False,5,ped_6_0_NODE_74388|ped_6_1_NODE_74388|ped_6_2_NODE_74388|ped_6_3_NODE_74388|ped_6_4_NODE_74388,30.0,128.0,False,False,scenario_baseline
98.0,NODE_10273,3846533030,12,0,rrrgGGgGGrrGr,r,False,False,0,,28.0,126.0,False,False,scenario_baseline
98.5,LINK_212169,11449716078,5,0,gGrrrGr,G,True,False,0,,33.5,132.0,False,False,scenario_baseline
98.5,NODE_8452,3846603653,2,0,GGr,r,False,False,5,ped_2_0_NODE_8452|ped_2_1_NODE_8452|ped_2_2_NODE_8452|ped_2_3_NODE_8452|ped_2_4_NODE_8452,70.5,169.0,False,False,scenario_baseline
98.5,NODE_6082,11449716078,5,0,gGrrrGr,G,True,False,0,,33.5,132.0,False,False,scenario_baseline
98.5,NODE_6123,7300992884,5,0,GgGrrrr,r,False,False,0,,55.5,154.0,False,False,scenario_baseline
98.5,NODE_8426,3849142980,16,0,gggGrrrrrrrrrrrrrGGG,r,False,False,5,ped_5_0_NODE_8426|ped_5_1_NODE_8426|ped_5_2_NODE_8426|ped_5_3_NODE_8426|ped_5_4_NODE_8426,5.5,104.0,False,False,scenario_baseline
98.5,NODE_74388,436883130,16,0,GGrrrrrrgGrrrrrrG,G,True,False,5,ped_6_0_NODE_74388|ped_6_1_NODE_74388|ped_6_2_NODE_74388|ped_6_3_NODE_74388|ped_6_4_NODE_74388,29.5,128.0,False,False,scenario_baseline
98.5,NODE_10273,3846533030,12,0,rrrgGGgGGrrGr,r,False,False,0,,27.5,126.0,False,False,scenario_baseline
99.0,LINK_212169,11449716078,5,0,gGrrrGr,G,True,False,1,ped_1_0_LINK_212169,33.0,132.0,False,False,scenario_baseline
99.0,NODE_8452,3846603653,2,0,GGr,r,False,False,5,ped_2_0_NODE_8452|ped_2_1_NODE_8452|ped_2_2_NODE_8452|ped_2_3_NODE_8452|ped_2_4_NODE_8452,70.0,169.0,False,False,scenario_baseline
99.0,NODE_6082,11449716078,5,0,gGrrrGr,G,True,False,1,ped_1_0_LINK_212169,33.0,132.0,False,False,scenario_baseline
99.0,NODE_6123,7300992884,5,0,GgGrrrr,r,False,False,0,,55.0,154.0,False,False,scenario_baseline
99.0,NODE_8426,3849142980,16,0,gggGrrrrrrrrrrrrrGGG,r,False,False,5,ped_5_0_NODE_8426|ped_5_1_NODE_8426|ped_5_2_NODE_8426|ped_5_3_NODE_8426|ped_5_4_NODE_8426,5.0,104.0,False,False,scenario_baseline
99.0,NODE_74388,436883130,16,0,GGrrrrrrgGrrrrrrG,G,True,False,5,ped_6_0_NODE_74388|ped_6_1_NODE_74388|ped_6_2_NODE_74388|ped_6_3_NODE_74388|ped_6_4_NODE_74388,29.0,128.0,False,False,scenario_baseline
99.0,NODE_10273,3846533030,12,0,rrrgGGgGGrrGr,r,False,False,0,,27.0,126.0,False,False,scenario_baseline
99.5,LINK_212169,11449716078,5,0,gGrrrGr,G,True,False,1,ped_1_0_LINK_212169,32.5,132.0,False,False,scenario_baseline
99.5,NODE_8452,3846603653,2,0,GGr,r,False,False,5,ped_2_0_NODE_8452|ped_2_1_NODE_8452|ped_2_2_NODE_8452|ped_2_3_NODE_8452|ped_2_4_NODE_8452,69.5,169.0,False,False,scenario_baseline
99.5,NODE_6082,11449716078,5,0,gGrrrGr,G,True,False,1,ped_1_0_LINK_212169,32.5,132.0,False,False,scenario_baseline
99.5,NODE_6123,7300992884,5,0,GgGrrrr,r,False,False,0,,54.5,154.0,False,False,scenario_baseline
99.5,NODE_8426,3849142980,16,0,gggGrrrrrrrrrrrrrGGG,r,False,False,5,ped_5_0_NODE_8426|ped_5_1_NODE_8426|ped_5_2_NODE_8426|ped_5_3_NODE_8426|ped_5_4_NODE_8426,4.5,104.0,False,False,scenario_baseline
99.5,NODE_74388,436883130,16,0,GGrrrrrrgGrrrrrrG,G,True,False,5,ped_6_0_NODE_74388|ped_6_1_NODE_74388|ped_6_2_NODE_74388|ped_6_3_NODE_74388|ped_6_4_NODE_74388,28.5,128.0,False,False,scenario_baseline
99.5,NODE_10273,3846533030,12,0,rrrgGGgGGrrGr,r,False,False,1,ped_7_0_NODE_10273,26.5,126.0,False,False,scenario_baseline
100.0,LINK_212169,11449716078,5,0,gGrrrGr,G,True,False,2,ped_1_0_LINK_212169|ped_1_1_LINK_212169,32.0,132.0,False,False,scenario_baseline
100.0,NODE_8452,3846603653,2,0,GGr,r,False,False,5,ped_2_0_NODE_8452|ped_2_1_NODE_8452|ped_2_2_NODE_8452|ped_2_3_NODE_8452|ped_2_4_NODE_8452,69.0,169.0,False,False,scenario_baseline
100.0,NODE_6082,11449716078,5,0,gGrrrGr,G,True,False,2,ped_1_0_LINK_212169|ped_1_1_LINK_212169,32.0,132.0,False,False,scenario_baseline
100.0,NODE_6123,7300992884,5,0,GgGrrrr,r,False,False,0,,54.0,154.0,False,False,scenario_baseline
100.0,NODE_8426,3849142980,16,0,gggGrrrrrrrrrrrrrGGG,r,False,False,5,ped_5_0_NODE_8426|ped_5_1_NODE_8426|ped_5_2_NODE_8426|ped_5_3_NODE_8426|ped_5_4_NODE_8426,4.0,104.0,False,False,scenario_baseline
100.0,NODE_74388,436883130,16,0,GGrrrrrrgGrrrrrrG,G,True,False,5,ped_6_0_NODE_74388|ped_6_1_NODE_74388|ped_6_2_NODE_74388|ped_6_3_NODE_74388|ped_6_4_NODE_74388,28.0,128.0,False,False,scenario_baseline
100.0,NODE_10273,3846533030,12,0,rrrgGGgGGrrGr,r,False,False,1,ped_7_0_NODE_10273,26.0,126.0,False,False,scenario_baseline
100.5,LINK_212169,11449716078,5,0,gGrrrGr,G,True,False,2,ped_1_0_LINK_212169|ped_1_1_LINK_212169,31.5,132.0,False,False,scenario_baseline
100.5,NODE_8452,3846603653,2,0,GGr,r,False,False,5,ped_2_0_NODE_8452|ped_2_1_NODE_8452|ped_2_2_NODE_8452|ped_2_3_NODE_8452|ped_2_4_NODE_8452,68.5,169.0,False,False,scenario_baseline
100.5,NODE_6082,11449716078,5,0,gGrrrGr,G,True,False,2,ped_1_0_LINK_212169|ped_1_1_LINK_212169,31.5,132.0,False,False,scenario_baseline
100.5,NODE_6123,7300992884,5,0,GgGrrrr,r,False,False,0,,53.5,154.0,False,False,scenario_baseline
100.5,NODE_8426,3849142980,16,0,gggGrrrrrrrrrrrrrGGG,r,False,False,5,ped_5_0_NODE_8426|ped_5_1_NODE_8426|ped_5_2_NODE_8426|ped_5_3_NODE_8426|ped_5_4_NODE_8426,3.5,104.0,False,False,scenario_baseline
100.5,NODE_74388,436883130,16,0,GGrrrrrrgGrrrrrrG,G,True,False,5,ped_6_0_NODE_74388|ped_6_1_NODE_74388|ped_6_2_NODE_74388|ped_6_3_NODE_74388|ped_6_4_NODE_74388,27.5,128.0,False,False,scenario_baseline
100.5,NODE_10273,3846533030,12,0,rrrgGGgGGrrGr,r,False,False,2,ped_7_0_NODE_10273|ped_7_1_NODE_10273,25.5,126.0,False,False,scenario_baseline
101.0,LINK_212169,11449716078,5,0,gGrrrGr,G,True,False,3,ped_1_0_LINK_212169|ped_1_1_LINK_212169|ped_3_0_NODE_6082,31.0,132.0,False,False,scenario_baseline
101.0,NODE_8452,3846603653,2,0,GGr,r,False,False,5,ped_2_0_NODE_8452|ped_2_1_NODE_8452|ped_2_2_NODE_8452|ped_2_3_NODE_8452|ped_2_4_NODE_8452,68.0,169.0,False,False,scenario_baseline
101.0,NODE_6082,11449716078,5,0,gGrrrGr,G,True,False,3,ped_1_0_LINK_212169|ped_1_1_LINK_212169|ped_3_0_NODE_6082,31.0,132.0,False,False,scenario_baseline
101.0,NODE_6123,7300992884,5,0,GgGrrrr,r,False,False,0,,53.0,154.0,False,False,scenario_baseline
101.0,NODE_8426,3849142980,16,0,gggGrrrrrrrrrrrrrGGG,r,False,False,5,ped_5_0_NODE_8426|ped_5_1_NODE_8426|ped_5_2_NODE_8426|ped_5_3_NODE_8426|ped_5_4_NODE_8426,3.0,104.0,False,False,scenario_baseline
101.0,NODE_74388,436883130,16,0,GGrrrrrrgGrrrrrrG,G,True,False,5,ped_6_0_NODE_74388|ped_6_1_NODE_74388|ped_6_2_NODE_74388|ped_6_3_NODE_74388|ped_6_4_NODE_74388,27.0,128.0,False,False,scenario_baseline
101.0,NODE_10273,3846533030,12,0,rrrgGGgGGrrGr,r,False,False,2,ped_7_0_NODE_10273|ped_7_1_NODE_10273,25.0,126.0,False,False,scenario_baseline
101.5,LINK_212169,11449716078,5,0,gGrrrGr,G,True,False,3,ped_1_0_LINK_212169|ped_1_1_LINK_212169|ped_3_0_NODE_6082,30.5,132.0,False,False,scenario_baseline
101.5,NODE_8452,3846603653,2,0,GGr,r,False,False,5,ped_2_0_NODE_8452|ped_2_1_NODE_8452|ped_2_2_NODE_8452|ped_2_3_NODE_8452|ped_2_4_NODE_8452,67.5,169.0,False,False,scenario_baseline
101.5,NODE_6082,11449716078,5,0,gGrrrGr,G,True,False,3,ped_1_0_LINK_212169|ped_1_1_LINK_212169|ped_3_0_NODE_6082,30.5,132.0,False,False,scenario_baseline
101.5,NODE_6123,7300992884,5,0,GgGrrrr,r,False,False,0,,52.5,154.0,False,False,scenario_baseline
101.5,NODE_8426,3849142980,16,0,gggGrrrrrrrrrrrrrGGG,r,False,False,5,ped_5_0_NODE_8426|ped_5_1_NODE_8426|ped_5_2_NODE_8426|ped_5_3_NODE_8426|ped_5_4_NODE_8426,2.5,104.0,False,False,scenario_baseline
101.5,NODE_74388,436883130,16,0,GGrrrrrrgGrrrrrrG,G,True,False,5,ped_6_0_NODE_74388|ped_6_1_NODE_74388|ped_6_2_NODE_74388|ped_6_3_NODE_74388|ped_6_4_NODE_74388,26.5,128.0,False,False,scenario_baseline
101.5,NODE_10273,3846533030,12,0,rrrgGGgGGrrGr,r,False,False,2,ped_7_0_NODE_10273|ped_7_1_NODE_10273,24.5,126.0,False,False,scenario_baseline
102.0,LINK_212169,11449716078,5,0,gGrrrGr,G,True,False,4,ped_1_0_LINK_212169|ped_1_1_LINK_212169|ped_3_0_NODE_6082|ped_3_1_NODE_6082,30.0,132.0,False,False,scenario_baseline
102.0,NODE_8452,3846603653,2,0,GGr,r,False,False,5,ped_2_0_NODE_8452|ped_2_1_NODE_8452|ped_2_2_NODE_8452|ped_2_3_NODE_8452|ped_2_4_NODE_8452,67.0,169.0,False,False,scenario_baseline
102.0,NODE_6082,11449716078,5,0,gGrrrGr,G,True,False,4,ped_1_0_LINK_212169|ped_1_1_LINK_212169|ped_3_0_NODE_6082|ped_3_1_NODE_6082,30.0,132.0,False,False,scenario_baseline
102.0,NODE_6123,7300992884,5,0,GgGrrrr,r,False,False,0,,52.0,154.0,False,False,scenario_baseline
102.0,NODE_8426,3849142980,16,0,gggGrrrrrrrrrrrrrGGG,r,False,False,5,ped_5_0_NODE_8426|ped_5_1_NODE_8426|ped_5_2_NODE_8426|ped_5_3_NODE_8426|ped_5_4_NODE_8426,2.0,104.0,False,False,scenario_baseline
102.0,NODE_74388,436883130,16,0,GGrrrrrrgGrrrrrrG,G,True,False,5,ped_6_0_NODE_74388|ped_6_1_NODE_74388|ped_6_2_NODE_74388|ped_6_3_NODE_74388|ped_6_4_NODE_74388,26.0,128.0,False,False,scenario_baseline
102.0,NODE_10273,3846533030,12,0,rrrgGGgGGrrGr,r,False,False,2,ped_7_0_NODE_10273|ped_7_1_NODE_10273,24.0,126.0,False,False,scenario_baseline
102.5,LINK_212169,11449716078,5,0,gGrrrGr,G,True,False,4,ped_1_0_LINK_212169|ped_1_1_LINK_212169|ped_3_0_NODE_6082|ped_3_1_NODE_6082,29.5,132.0,False,False,scenario_baseline
102.5,NODE_8452,3846603653,2,0,GGr,r,False,False,5,ped_2_0_NODE_8452|ped_2_1_NODE_8452|ped_2_2_NODE_8452|ped_2_3_NODE_8452|ped_2_4_NODE_8452,66.5,169.0,False,False,scenario_baseline
102.5,NODE_6082,11449716078,5,0,gGrrrGr,G,True,False,4,ped_1_0_LINK_212169|ped_1_1_LINK_212169|ped_3_0_NODE_6082|ped_3_1_NODE_6082,29.5,132.0,False,False,scenario_baseline
102.5,NODE_6123,7300992884,5,0,GgGrrrr,r,False,False,0,,51.5,154.0,False,False,scenario_baseline
102.5,NODE_8426,3849142980,16,0,gggGrrrrrrrrrrrrrGGG,r,False,False,5,ped_5_0_NODE_8426|ped_5_1_NODE_8426|ped_5_2_NODE_8426|ped_5_3_NODE_8426|ped_5_4_NODE_8426,1.5,104.0,False,False,scenario_baseline
102.5,NODE_74388,436883130,16,0,GGrrrrrrgGrrrrrrG,G,True,False,5,ped_6_0_NODE_74388|ped_6_1_NODE_74388|ped_6_2_NODE_74388|ped_6_3_NODE_74388|ped_6_4_NODE_74388,25.5,128.0,False,False,scenario_baseline
102.5,NODE_10273,3846533030,12,0,rrrgGGgGGrrGr,r,False,False,3,ped_7_0_NODE_10273|ped_7_1_NODE_10273|ped_7_2_NODE_10273,23.5,126.0,False,False,scenario_baseline
103.0,LINK_212169,11449716078,5,0,gGrrrGr,G,True,False,4,ped_1_0_LINK_212169|ped_1_1_LINK_212169|ped_3_0_NODE_6082|ped_3_1_NODE_6082,29.0,132.0,False,False,scenario_baseline
103.0,NODE_8452,3846603653,2,0,GGr,r,False,False,5,ped_2_0_NODE_8452|ped_2_1_NODE_8452|ped_2_2_NODE_8452|ped_2_3_NODE_8452|ped_2_4_NODE_8452,66.0,169.0,False,False,scenario_baseline
103.0,NODE_6082,11449716078,5,0,gGrrrGr,G,True,False,4,ped_1_0_LINK_212169|ped_1_1_LINK_212169|ped_3_0_NODE_6082|ped_3_1_NODE_6082,29.0,132.0,False,False,scenario_baseline
103.0,NODE_6123,7300992884,5,0,GgGrrrr,r,False,False,0,,51.0,154.0,False,False,scenario_baseline
103.0,NODE_8426,3849142980,16,0,gggGrrrrrrrrrrrrrGGG,r,False,False,5,ped_5_0_NODE_8426|ped_5_1_NODE_8426|ped_5_2_NODE_8426|ped_5_3_NODE_8426|ped_5_4_NODE_8426,1.0,104.0,False,False,scenario_baseline
103.0,NODE_74388,436883130,16,0,GGrrrrrrgGrrrrrrG,G,True,False,5,ped_6_0_NODE_74388|ped_6_1_NODE_74388|ped_6_2_NODE_74388|ped_6_3_NODE_74388|ped_6_4_NODE_74388,25.0,128.0,False,False,scenario_baseline
103.0,NODE_10273,3846533030,12,0,rrrgGGgGGrrGr,r,False,False,3,ped_7_0_NODE_10273|ped_7_1_NODE_10273|ped_7_2_NODE_10273,23.0,126.0,False,False,scenario_baseline
103.5,LINK_212169,11449716078,5,0,gGrrrGr,G,True,False,5,ped_1_0_LINK_212169|ped_1_1_LINK_212169|ped_1_2_LINK_212169|ped_3_0_NODE_6082|ped_3_1_NODE_6082,28.5,132.0,False,False,scenario_baseline
103.5,NODE_8452,3846603653,2,0,GGr,r,False,False,5,ped_2_0_NODE_8452|ped_2_1_NODE_8452|ped_2_2_NODE_8452|ped_2_3_NODE_8452|ped_2_4_NODE_8452,65.5,169.0,False,False,scenario_baseline
103.5,NODE_6082,11449716078,5,0,gGrrrGr,G,True,False,5,ped_1_0_LINK_212169|ped_1_1_LINK_212169|ped_1_2_LINK_212169|ped_3_0_NODE_6082|ped_3_1_NODE_6082,28.5,132.0,False,False,scenario_baseline
103.5,NODE_6123,7300992884,5,0,GgGrrrr,r,False,False,0,,50.5,154.0,False,False,scenario_baseline
103.5,NODE_8426,3849142980,16,0,gggGrrrrrrrrrrrrrGGG,r,False,False,5,ped_5_0_NODE_8426|ped_5_1_NODE_8426|ped_5_2_NODE_8426|ped_5_3_NODE_8426|ped_5_4_NODE_8426,0.5,104.0,False,False,scenario_baseline
103.5,NODE_74388,436883130,16,0,GGrrrrrrgGrrrrrrG,G,True,False,5,ped_6_0_NODE_74388|ped_6_1_NODE_74388|ped_6_2_NODE_74388|ped_6_3_NODE_74388|ped_6_4_NODE_74388,24.5,128.0,False,False,scenario_baseline
103.5,NODE_10273,3846533030,12,0,rrrgGGgGGrrGr,r,False,False,4,ped_7_0_NODE_10273|ped_7_1_NODE_10273|ped_7_2_NODE_10273|ped_7_3_NODE_10273,22.5,126.0,False,False,scenario_baseline
104.0,LINK_212169,11449716078,5,0,gGrrrGr,G,True,False,5,ped_1_0_LINK_212169|ped_1_1_LINK_212169|ped_1_2_LINK_212169|ped_3_0_NODE_6082|ped_3_1_NODE_6082,28.0,132.0,False,False,scenario_baseline
104.0,NODE_8452,3846603653,2,0,GGr,r,False,False,5,ped_2_0_NODE_8452|ped_2_1_NODE_8452|ped_2_2_NODE_8452|ped_2_3_NODE_8452|ped_2_4_NODE_8452,65.0,169.0,False,False,scenario_baseline
104.0,NODE_6082,11449716078,5,0,gGrrrGr,G,True,False,5,ped_1_0_LINK_212169|ped_1_1_LINK_212169|ped_1_2_LINK_212169|ped_3_0_NODE_6082|ped_3_1_NODE_6082,28.0,132.0,False,False,scenario_baseline
104.0,NODE_6123,7300992884,5,0,GgGrrrr,r,False,False,0,,50.0,154.0,False,False,scenario_baseline
104.0,NODE_8426,3849142980,16,0,gggGrrrrrrrrrrrrrGGG,r,False,False,5,ped_5_0_NODE_8426|ped_5_1_NODE_8426|ped_5_2_NODE_8426|ped_5_3_NODE_8426|ped_5_4_NODE_8426,0.0,104.0,False,False,scenario_baseline
104.0,NODE_74388,436883130,16,0,GGrrrrrrgGrrrrrrG,G,True,False,5,ped_6_0_NODE_74388|ped_6_1_NODE_74388|ped_6_2_NODE_74388|ped_6_3_NODE_74388|ped_6_4_NODE_74388,24.0,128.0,False,False,scenario_baseline
104.0,NODE_10273,3846533030,12,0,rrrgGGgGGrrGr,r,False,False,4,ped_7_0_NODE_10273|ped_7_1_NODE_10273|ped_7_2_NODE_10273|ped_7_3_NODE_10273,22.0,126.0,False,False,scenario_baseline
104.5,LINK_212169,11449716078,5,0,gGrrrGr,G,True,False,6,ped_1_0_LINK_212169|ped_1_1_LINK_212169|ped_1_2_LINK_212169|ped_1_3_LINK_212169|ped_3_0_NODE_6082|ped_3_1_NODE_6082,27.5,132.0,False,False,scenario_baseline
104.5,NODE_8452,3846603653,2,0,GGr,r,False,False,5,ped_2_0_NODE_8452|ped_2_1_NODE_8452|ped_2_2_NODE_8452|ped_2_3_NODE_8452|ped_2_4_NODE_8452,64.5,169.0,False,False,scenario_baseline
104.5,NODE_6082,11449716078,5,0,gGrrrGr,G,True,False,6,ped_1_0_LINK_212169|ped_1_1_LINK_212169|ped_1_2_LINK_212169|ped_1_3_LINK_212169|ped_3_0_NODE_6082|ped_3_1_NODE_6082,27.5,132.0,False,False,scenario_baseline
104.5,NODE_6123,7300992884,5,0,GgGrrrr,r,False,False,0,,49.5,154.0,False,False,scenario_baseline
104.5,NODE_8426,3849142980,16,1,gggGrrrrrrrrrrrrrrrr,r,False,False,5,ped_5_0_NODE_8426|ped_5_1_NODE_8426|ped_5_2_NODE_8426|ped_5_3_NODE_8426|ped_5_4_NODE_8426,2.5,107.0,False,False,scenario_baseline
104.5,NODE_74388,436883130,16,0,GGrrrrrrgGrrrrrrG,G,True,False,5,ped_6_0_NODE_74388|ped_6_1_NODE_74388|ped_6_2_NODE_74388|ped_6_3_NODE_74388|ped_6_4_NODE_74388,23.5,128.0,False,False,scenario_baseline
104.5,NODE_10273,3846533030,12,0,rrrgGGgGGrrGr,r,False,False,5,ped_7_0_NODE_10273|ped_7_1_NODE_10273|ped_7_2_NODE_10273|ped_7_3_NODE_10273|ped_7_4_NODE_10273,21.5,126.0,False,False,scenario_baseline
105.0,LINK_212169,11449716078,5,0,gGrrrGr,G,True,False,7,ped_1_0_LINK_212169|ped_1_1_LINK_212169|ped_1_2_LINK_212169|ped_1_3_LINK_212169|ped_3_0_NODE_6082|ped_3_1_NODE_6082|ped_3_2_NODE_6082,27.0,132.0,False,False,scenario_baseline
105.0,NODE_8452,3846603653,2,0,GGr,r,False,False,5,ped_2_0_NODE_8452|ped_2_1_NODE_8452|ped_2_2_NODE_8452|ped_2_3_NODE_8452|ped_2_4_NODE_8452,64.0,169.0,False,False,scenario_baseline
105.0,NODE_6082,11449716078,5,0,gGrrrGr,G,True,False,7,ped_1_0_LINK_212169|ped_1_1_LINK_212169|ped_1_2_LINK_212169|ped_1_3_LINK_212169|ped_3_0_NODE_6082|ped_3_1_NODE_6082|ped_3_2_NODE_6082,27.0,132.0,False,False,scenario_baseline
105.0,NODE_6123,7300992884,5,0,GgGrrrr,r,False,False,0,,49.0,154.0,False,False,scenario_baseline
105.0,NODE_8426,3849142980,16,1,gggGrrrrrrrrrrrrrrrr,r,False,False,4,ped_5_0_NODE_8426|ped_5_1_NODE_8426|ped_5_2_NODE_8426|ped_5_4_NODE_8426,2.0,107.0,False,False,scenario_baseline
105.0,NODE_74388,436883130,16,0,GGrrrrrrgGrrrrrrG,G,True,False,5,ped_6_0_NODE_74388|ped_6_1_NODE_74388|ped_6_2_NODE_74388|ped_6_3_NODE_74388|ped_6_4_NODE_74388,23.0,128.0,False,False,scenario_baseline
105.0,NODE_10273,3846533030,12,0,rrrgGGgGGrrGr,r,False,False,5,ped_7_0_NODE_10273|ped_7_1_NODE_10273|ped_7_2_NODE_10273|ped_7_3_NODE_10273|ped_7_4_NODE_10273,21.0,126.0,False,False,scenario_baseline
105.5,LINK_212169,11449716078,5,0,gGrrrGr,G,True,False,8,ped_1_0_LINK_212169|ped_1_1_LINK_212169|ped_1_2_LINK_212169|ped_1_3_LINK_212169|ped_1_4_LINK_212169|ped_3_0_NODE_6082|ped_3_1_NODE_6082|ped_3_2_NODE_6082,26.5,132.0,False,False,scenario_baseline
105.5,NODE_8452,3846603653,2,0,GGr,r,False,False,5,ped_2_0_NODE_8452|ped_2_1_NODE_8452|ped_2_2_NODE_8452|ped_2_3_NODE_8452|ped_2_4_NODE_8452,63.5,169.0,False,False,scenario_baseline
105.5,NODE_6082,11449716078,5,0,gGrrrGr,G,True,False,8,ped_1_0_LINK_212169|ped_1_1_LINK_212169|ped_1_2_LINK_212169|ped_1_3_LINK_212169|ped_1_4_LINK_212169|ped_3_0_NODE_6082|ped_3_1_NODE_6082|ped_3_2_NODE_6082,26.5,132.0,False,False,scenario_baseline
105.5,NODE_6123,7300992884,5,0,GgGrrrr,r,False,False,0,,48.5,154.0,False,False,scenario_baseline
105.5,NODE_8426,3849142980,16,1,gggGrrrrrrrrrrrrrrrr,r,False,False,4,ped_5_0_NODE_8426|ped_5_1_NODE_8426|ped_5_2_NODE_8426|ped_5_4_NODE_8426,1.5,107.0,False,False,scenario_baseline
105.5,NODE_74388,436883130,16,0,GGrrrrrrgGrrrrrrG,G,True,False,5,ped_6_0_NODE_74388|ped_6_1_NODE_74388|ped_6_2_NODE_74388|ped_6_3_NODE_74388|ped_6_4_NODE_74388,22.5,128.0,False,False,scenario_baseline
105.5,NODE_10273,3846533030,12,0,rrrgGGgGGrrGr,r,False,False,5,ped_7_0_NODE_10273|ped_7_1_NODE_10273|ped_7_2_NODE_10273|ped_7_3_NODE_10273|ped_7_4_NODE_10273,20.5,126.0,False,False,scenario_baseline
106.0,LINK_212169,11449716078,5,0,gGrrrGr,G,True,False,8,ped_1_0_LINK_212169|ped_1_1_LINK_212169|ped_1_2_LINK_212169|ped_1_3_LINK_212169|ped_1_4_LINK_212169|ped_3_0_NODE_6082|ped_3_1_NODE_6082|ped_3_2_NODE_6082,26.0,132.0,False,False,scenario_baseline
106.0,NODE_8452,3846603653,2,0,GGr,r,False,False,5,ped_2_0_NODE_8452|ped_2_1_NODE_8452|ped_2_2_NODE_8452|ped_2_3_NODE_8452|ped_2_4_NODE_8452,63.0,169.0,False,False,scenario_baseline
106.0,NODE_6082,11449716078,5,0,gGrrrGr,G,True,False,8,ped_1_0_LINK_212169|ped_1_1_LINK_212169|ped_1_2_LINK_212169|ped_1_3_LINK_212169|ped_1_4_LINK_212169|ped_3_0_NODE_6082|ped_3_1_NODE_6082|ped_3_2_NODE_6082,26.0,132.0,False,False,scenario_baseline
106.0,NODE_6123,7300992884,5,0,GgGrrrr,r,False,False,0,,48.0,154.0,False,False,scenario_baseline
106.0,NODE_8426,3849142980,16,1,gggGrrrrrrrrrrrrrrrr,r,False,False,4,ped_5_0_NODE_8426|ped_5_1_NODE_8426|ped_5_2_NODE_8426|ped_5_4_NODE_8426,1.0,107.0,False,False,scenario_baseline
106.0,NODE_74388,436883130,16,0,GGrrrrrrgGrrrrrrG,G,True,False,5,ped_6_0_NODE_74388|ped_6_1_NODE_74388|ped_6_2_NODE_74388|ped_6_3_NODE_74388|ped_6_4_NODE_74388,22.0,128.0,False,False,scenario_baseline
106.0,NODE_10273,3846533030,12,0,rrrgGGgGGrrGr,r,False,False,5,ped_7_0_NODE_10273|ped_7_1_NODE_10273|ped_7_2_NODE_10273|ped_7_3_NODE_10273|ped_7_4_NODE_10273,20.0,126.0,False,False,scenario_baseline
106.5,LINK_212169,11449716078,5,0,gGrrrGr,G,True,False,9,ped_1_0_LINK_212169|ped_1_1_LINK_212169|ped_1_2_LINK_212169|ped_1_3_LINK_212169|ped_1_4_LINK_212169|ped_3_0_NODE_6082|ped_3_1_NODE_6082|ped_3_2_NODE_6082|ped_3_4_NODE_6082,25.5,132.0,False,False,scenario_baseline
106.5,NODE_8452,3846603653,2,0,GGr,r,False,False,5,ped_2_0_NODE_8452|ped_2_1_NODE_8452|ped_2_2_NODE_8452|ped_2_3_NODE_8452|ped_2_4_NODE_8452,62.5,169.0,False,False,scenario_baseline
106.5,NODE_6082,11449716078,5,0,gGrrrGr,G,True,False,9,ped_1_0_LINK_212169|ped_1_1_LINK_212169|ped_1_2_LINK_212169|ped_1_3_LINK_212169|ped_1_4_LINK_212169|ped_3_0_NODE_6082|ped_3_1_NODE_6082|ped_3_2_NODE_6082|ped_3_4_NODE_6082,25.5,132.0,False,False,scenario_baseline
106.5,NODE_6123,7300992884,5,0,GgGrrrr,r,False,False,0,,47.5,154.0,False,False,scenario_baseline
106.5,NODE_8426,3849142980,16,1,gggGrrrrrrrrrrrrrrrr,r,False,False,4,ped_5_0_NODE_8426|ped_5_1_NODE_8426|ped_5_2_NODE_8426|ped_5_4_NODE_8426,0.5,107.0,False,False,scenario_baseline
106.5,NODE_74388,436883130,16,0,GGrrrrrrgGrrrrrrG,G,True,False,5,ped_6_0_NODE_74388|ped_6_1_NODE_74388|ped_6_2_NODE_74388|ped_6_3_NODE_74388|ped_6_4_NODE_74388,21.5,128.0,False,False,scenario_baseline
106.5,NODE_10273,3846533030,12,0,rrrgGGgGGrrGr,r,False,False,5,ped_7_0_NODE_10273|ped_7_1_NODE_10273|ped_7_2_NODE_10273|ped_7_3_NODE_10273|ped_7_4_NODE_10273,19.5,126.0,False,False,scenario_baseline
107.0,LINK_212169,11449716078,5,0,gGrrrGr,G,True,False,9,ped_1_0_LINK_212169|ped_1_1_LINK_212169|ped_1_2_LINK_212169|ped_1_3_LINK_212169|ped_1_4_LINK_212169|ped_3_0_NODE_6082|ped_3_1_NODE_6082|ped_3_2_NODE_6082|ped_3_4_NODE_6082,25.0,132.0,False,False,scenario_baseline
107.0,NODE_8452,3846603653,2,0,GGr,r,False,False,5,ped_2_0_NODE_8452|ped_2_1_NODE_8452|ped_2_2_NODE_8452|ped_2_3_NODE_8452|ped_2_4_NODE_8452,62.0,169.0,False,False,scenario_baseline
107.0,NODE_6082,11449716078,5,0,gGrrrGr,G,True,False,9,ped_1_0_LINK_212169|ped_1_1_LINK_212169|ped_1_2_LINK_212169|ped_1_3_LINK_212169|ped_1_4_LINK_212169|ped_3_0_NODE_6082|ped_3_1_NODE_6082|ped_3_2_NODE_6082|ped_3_4_NODE_6082,25.0,132.0,False,False,scenario_baseline
107.0,NODE_6123,7300992884,5,0,GgGrrrr,r,False,False,0,,47.0,154.0,False,False,scenario_baseline
107.0,NODE_8426,3849142980,16,1,gggGrrrrrrrrrrrrrrrr,r,False,False,4,ped_5_0_NODE_8426|ped_5_1_NODE_8426|ped_5_2_NODE_8426|ped_5_4_NODE_8426,0.0,107.0,False,False,scenario_baseline
107.0,NODE_74388,436883130,16,0,GGrrrrrrgGrrrrrrG,G,True,False,5,ped_6_0_NODE_74388|ped_6_1_NODE_74388|ped_6_2_NODE_74388|ped_6_3_NODE_74388|ped_6_4_NODE_74388,21.0,128.0,False,False,scenario_baseline
107.0,NODE_10273,3846533030,12,0,rrrgGGgGGrrGr,r,False,False,5,ped_7_0_NODE_10273|ped_7_1_NODE_10273|ped_7_2_NODE_10273|ped_7_3_NODE_10273|ped_7_4_NODE_10273,19.0,126.0,False,False,scenario_baseline
107.5,LINK_212169,11449716078,5,0,gGrrrGr,G,True,False,9,ped_1_0_LINK_212169|ped_1_1_LINK_212169|ped_1_2_LINK_212169|ped_1_3_LINK_212169|ped_1_4_LINK_212169|ped_3_0_NODE_6082|ped_3_1_NODE_6082|ped_3_2_NODE_6082|ped_3_4_NODE_6082,24.5,132.0,False,False,scenario_baseline
107.5,NODE_8452,3846603653,2,0,GGr,r,False,False,5,ped_2_0_NODE_8452|ped_2_1_NODE_8452|ped_2_2_NODE_8452|ped_2_3_NODE_8452|ped_2_4_NODE_8452,61.5,169.0,False,False,scenario_baseline
107.5,NODE_6082,11449716078,5,0,gGrrrGr,G,True,False,9,ped_1_0_LINK_212169|ped_1_1_LINK_212169|ped_1_2_LINK_212169|ped_1_3_LINK_212169|ped_1_4_LINK_212169|ped_3_0_NODE_6082|ped_3_1_NODE_6082|ped_3_2_NODE_6082|ped_3_4_NODE_6082,24.5,132.0,False,False,scenario_baseline
107.5,NODE_6123,7300992884,5,0,GgGrrrr,r,False,False,0,,46.5,154.0,False,False,scenario_baseline
107.5,NODE_8426,3849142980,16,2,yyyyrrrrrrrrrrrrrrrr,r,False,False,4,ped_5_0_NODE_8426|ped_5_1_NODE_8426|ped_5_2_NODE_8426|ped_5_4_NODE_8426,2.5,110.0,False,False,scenario_baseline
107.5,NODE_74388,436883130,16,0,GGrrrrrrgGrrrrrrG,G,True,False,5,ped_6_0_NODE_74388|ped_6_1_NODE_74388|ped_6_2_NODE_74388|ped_6_3_NODE_74388|ped_6_4_NODE_74388,20.5,128.0,False,False,scenario_baseline
107.5,NODE_10273,3846533030,12,0,rrrgGGgGGrrGr,r,False,False,5,ped_7_0_NODE_10273|ped_7_1_NODE_10273|ped_7_2_NODE_10273|ped_7_3_NODE_10273|ped_7_4_NODE_10273,18.5,126.0,False,False,scenario_baseline
108.0,LINK_212169,11449716078,5,0,gGrrrGr,G,True,False,9,ped_1_0_LINK_212169|ped_1_1_LINK_212169|ped_1_2_LINK_212169|ped_1_3_LINK_212169|ped_1_4_LINK_212169|ped_3_0_NODE_6082|ped_3_1_NODE_6082|ped_3_2_NODE_6082|ped_3_4_NODE_6082,24.0,132.0,False,False,scenario_baseline
108.0,NODE_8452,3846603653,2,0,GGr,r,False,False,5,ped_2_0_NODE_8452|ped_2_1_NODE_8452|ped_2_2_NODE_8452|ped_2_3_NODE_8452|ped_2_4_NODE_8452,61.0,169.0,False,False,scenario_baseline
108.0,NODE_6082,11449716078,5,0,gGrrrGr,G,True,False,9,ped_1_0_LINK_212169|ped_1_1_LINK_212169|ped_1_2_LINK_212169|ped_1_3_LINK_212169|ped_1_4_LINK_212169|ped_3_0_NODE_6082|ped_3_1_NODE_6082|ped_3_2_NODE_6082|ped_3_4_NODE_6082,24.0,132.0,False,False,scenario_baseline
108.0,NODE_6123,7300992884,5,0,GgGrrrr,r,False,False,0,,46.0,154.0,False,False,scenario_baseline
108.0,NODE_8426,3849142980,16,2,yyyyrrrrrrrrrrrrrrrr,r,False,False,4,ped_5_0_NODE_8426|ped_5_1_NODE_8426|ped_5_2_NODE_8426|ped_5_4_NODE_8426,2.0,110.0,False,False,scenario_baseline
108.0,NODE_74388,436883130,16,0,GGrrrrrrgGrrrrrrG,G,True,False,5,ped_6_0_NODE_74388|ped_6_1_NODE_74388|ped_6_2_NODE_74388|ped_6_3_NODE_74388|ped_6_4_NODE_74388,20.0,128.0,False,False,scenario_baseline
108.0,NODE_10273,3846533030,12,0,rrrgGGgGGrrGr,r,False,False,5,ped_7_0_NODE_10273|ped_7_1_NODE_10273|ped_7_2_NODE_10273|ped_7_3_NODE_10273|ped_7_4_NODE_10273,18.0,126.0,False,False,scenario_baseline
108.5,LINK_212169,11449716078,5,0,gGrrrGr,G,True,False,10,ped_1_0_LINK_212169|ped_1_1_LINK_212169|ped_1_2_LINK_212169|ped_1_3_LINK_212169|ped_1_4_LINK_212169|ped_3_0_NODE_6082|ped_3_1_NODE_6082|ped_3_2_NODE_6082|ped_3_3_NODE_6082|ped_3_4_NODE_6082,23.5,132.0,False,False,scenario_baseline
108.5,NODE_8452,3846603653,2,0,GGr,r,False,False,5,ped_2_0_NODE_8452|ped_2_1_NODE_8452|ped_2_2_NODE_8452|ped_2_3_NODE_8452|ped_2_4_NODE_8452,60.5,169.0,False,False,scenario_baseline
108.5,NODE_6082,11449716078,5,0,gGrrrGr,G,True,False,10,ped_1_0_LINK_212169|ped_1_1_LINK_212169|ped_1_2_LINK_212169|ped_1_3_LINK_212169|ped_1_4_LINK_212169|ped_3_0_NODE_6082|ped_3_1_NODE_6082|ped_3_2_NODE_6082|ped_3_3_NODE_6082|ped_3_4_NODE_6082,23.5,132.0,False,False,scenario_baseline
108.5,NODE_6123,7300992884,5,0,GgGrrrr,r,False,False,0,,45.5,154.0,False,False,scenario_baseline
108.5,NODE_8426,3849142980,16,2,yyyyrrrrrrrrrrrrrrrr,r,False,False,4,ped_5_0_NODE_8426|ped_5_1_NODE_8426|ped_5_2_NODE_8426|ped_5_4_NODE_8426,1.5,110.0,False,False,scenario_baseline
108.5,NODE_74388,436883130,16,0,GGrrrrrrgGrrrrrrG,G,True,False,5,ped_6_0_NODE_74388|ped_6_1_NODE_74388|ped_6_2_NODE_74388|ped_6_3_NODE_74388|ped_6_4_NODE_74388,19.5,128.0,False,False,scenario_baseline
108.5,NODE_10273,3846533030,12,0,rrrgGGgGGrrGr,r,False,False,5,ped_7_0_NODE_10273|ped_7_1_NODE_10273|ped_7_2_NODE_10273|ped_7_3_NODE_10273|ped_7_4_NODE_10273,17.5,126.0,False,False,scenario_baseline
109.0,LINK_212169,11449716078,5,0,gGrrrGr,G,True,False,10,ped_1_0_LINK_212169|ped_1_1_LINK_212169|ped_1_2_LINK_212169|ped_1_3_LINK_212169|ped_1_4_LINK_212169|ped_3_0_NODE_6082|ped_3_1_NODE_6082|ped_3_2_NODE_6082|ped_3_3_NODE_6082|ped_3_4_NODE_6082,23.0,132.0,False,False,scenario_baseline
109.0,NODE_8452,3846603653,2,0,GGr,r,False,False,5,ped_2_0_NODE_8452|ped_2_1_NODE_8452|ped_2_2_NODE_8452|ped_2_3_NODE_8452|ped_2_4_NODE_8452,60.0,169.0,False,False,scenario_baseline
109.0,NODE_6082,11449716078,5,0,gGrrrGr,G,True,False,10,ped_1_0_LINK_212169|ped_1_1_LINK_212169|ped_1_2_LINK_212169|ped_1_3_LINK_212169|ped_1_4_LINK_212169|ped_3_0_NODE_6082|ped_3_1_NODE_6082|ped_3_2_NODE_6082|ped_3_3_NODE_6082|ped_3_4_NODE_6082,23.0,132.0,False,False,scenario_baseline
109.0,NODE_6123,7300992884,5,0,GgGrrrr,r,False,False,0,,45.0,154.0,False,False,scenario_baseline
109.0,NODE_8426,3849142980,16,2,yyyyrrrrrrrrrrrrrrrr,r,False,False,4,ped_5_0_NODE_8426|ped_5_1_NODE_8426|ped_5_2_NODE_8426|ped_5_4_NODE_8426,1.0,110.0,False,False,scenario_baseline
109.0,NODE_74388,436883130,16,0,GGrrrrrrgGrrrrrrG,G,True,False,5,ped_6_0_NODE_74388|ped_6_1_NODE_74388|ped_6_2_NODE_74388|ped_6_3_NODE_74388|ped_6_4_NODE_74388,19.0,128.0,False,False,scenario_baseline
109.0,NODE_10273,3846533030,12,0,rrrgGGgGGrrGr,r,False,False,5,ped_7_0_NODE_10273|ped_7_1_NODE_10273|ped_7_2_NODE_10273|ped_7_3_NODE_10273|ped_7_4_NODE_10273,17.0,126.0,False,False,scenario_baseline
109.5,LINK_212169,11449716078,5,0,gGrrrGr,G,True,False,10,ped_1_0_LINK_212169|ped_1_1_LINK_212169|ped_1_2_LINK_212169|ped_1_3_LINK_212169|ped_1_4_LINK_212169|ped_3_0_NODE_6082|ped_3_1_NODE_6082|ped_3_2_NODE_6082|ped_3_3_NODE_6082|ped_3_4_NODE_6082,22.5,132.0,False,False,scenario_baseline
109.5,NODE_8452,3846603653,2,0,GGr,r,False,False,5,ped_2_0_NODE_8452|ped_2_1_NODE_8452|ped_2_2_NODE_8452|ped_2_3_NODE_8452|ped_2_4_NODE_8452,59.5,169.0,False,False,scenario_baseline
109.5,NODE_6082,11449716078,5,0,gGrrrGr,G,True,False,10,ped_1_0_LINK_212169|ped_1_1_LINK_212169|ped_1_2_LINK_212169|ped_1_3_LINK_212169|ped_1_4_LINK_212169|ped_3_0_NODE_6082|ped_3_1_NODE_6082|ped_3_2_NODE_6082|ped_3_3_NODE_6082|ped_3_4_NODE_6082,22.5,132.0,False,False,scenario_baseline
109.5,NODE_6123,7300992884,5,0,GgGrrrr,r,False,False,0,,44.5,154.0,False,False,scenario_baseline
109.5,NODE_8426,3849142980,16,2,yyyyrrrrrrrrrrrrrrrr,r,False,False,3,ped_5_0_NODE_8426|ped_5_1_NODE_8426|ped_5_2_NODE_8426,0.5,110.0,False,False,scenario_baseline
109.5,NODE_74388,436883130,16,0,GGrrrrrrgGrrrrrrG,G,True,False,5,ped_6_0_NODE_74388|ped_6_1_NODE_74388|ped_6_2_NODE_74388|ped_6_3_NODE_74388|ped_6_4_NODE_74388,18.5,128.0,False,False,scenario_baseline
109.5,NODE_10273,3846533030,12,0,rrrgGGgGGrrGr,r,False,False,5,ped_7_0_NODE_10273|ped_7_1_NODE_10273|ped_7_2_NODE_10273|ped_7_3_NODE_10273|ped_7_4_NODE_10273,16.5,126.0,False,False,scenario_baseline
110.0,LINK_212169,11449716078,5,0,gGrrrGr,G,True,False,10,ped_1_0_LINK_212169|ped_1_1_LINK_212169|ped_1_2_LINK_212169|ped_1_3_LINK_212169|ped_1_4_LINK_212169|ped_3_0_NODE_6082|ped_3_1_NODE_6082|ped_3_2_NODE_6082|ped_3_3_NODE_6082|ped_3_4_NODE_6082,22.0,132.0,False,False,scenario_baseline
110.0,NODE_8452,3846603653,2,0,GGr,r,False,False,5,ped_2_0_NODE_8452|ped_2_1_NODE_8452|ped_2_2_NODE_8452|ped_2_3_NODE_8452|ped_2_4_NODE_8452,59.0,169.0,False,False,scenario_baseline
110.0,NODE_6082,11449716078,5,0,gGrrrGr,G,True,False,10,ped_1_0_LINK_212169|ped_1_1_LINK_212169|ped_1_2_LINK_212169|ped_1_3_LINK_212169|ped_1_4_LINK_212169|ped_3_0_NODE_6082|ped_3_1_NODE_6082|ped_3_2_NODE_6082|ped_3_3_NODE_6082|ped_3_4_NODE_6082,22.0,132.0,False,False,scenario_baseline
110.0,NODE_6123,7300992884,5,0,GgGrrrr,r,False,False,0,,44.0,154.0,False,False,scenario_baseline
110.0,NODE_8426,3849142980,16,2,yyyyrrrrrrrrrrrrrrrr,r,False,False,3,ped_5_0_NODE_8426|ped_5_1_NODE_8426|ped_5_2_NODE_8426,0.0,110.0,False,False,scenario_baseline
110.0,NODE_74388,436883130,16,0,GGrrrrrrgGrrrrrrG,G,True,False,5,ped_6_0_NODE_74388|ped_6_1_NODE_74388|ped_6_2_NODE_74388|ped_6_3_NODE_74388|ped_6_4_NODE_74388,18.0,128.0,False,False,scenario_baseline
110.0,NODE_10273,3846533030,12,0,rrrgGGgGGrrGr,r,False,False,5,ped_7_0_NODE_10273|ped_7_1_NODE_10273|ped_7_2_NODE_10273|ped_7_3_NODE_10273|ped_7_4_NODE_10273,16.0,126.0,False,False,scenario_baseline
110.5,LINK_212169,11449716078,5,0,gGrrrGr,G,True,False,10,ped_1_0_LINK_212169|ped_1_1_LINK_212169|ped_1_2_LINK_212169|ped_1_3_LINK_212169|ped_1_4_LINK_212169|ped_3_0_NODE_6082|ped_3_1_NODE_6082|ped_3_2_NODE_6082|ped_3_3_NODE_6082|ped_3_4_NODE_6082,21.5,132.0,False,False,scenario_baseline
110.5,NODE_8452,3846603653,2,0,GGr,r,False,False,5,ped_2_0_NODE_8452|ped_2_1_NODE_8452|ped_2_2_NODE_8452|ped_2_3_NODE_8452|ped_2_4_NODE_8452,58.5,169.0,False,False,scenario_baseline
110.5,NODE_6082,11449716078,5,0,gGrrrGr,G,True,False,10,ped_1_0_LINK_212169|ped_1_1_LINK_212169|ped_1_2_LINK_212169|ped_1_3_LINK_212169|ped_1_4_LINK_212169|ped_3_0_NODE_6082|ped_3_1_NODE_6082|ped_3_2_NODE_6082|ped_3_3_NODE_6082|ped_3_4_NODE_6082,21.5,132.0,False,False,scenario_baseline
110.5,NODE_6123,7300992884,5,0,GgGrrrr,r,False,False,0,,43.5,154.0,False,False,scenario_baseline
110.5,NODE_8426,3849142980,16,3,rrrrgggGrrrrrrrrGrGG,G,True,False,2,ped_5_0_NODE_8426|ped_5_1_NODE_8426,16.5,127.0,False,False,scenario_baseline
110.5,NODE_74388,436883130,16,0,GGrrrrrrgGrrrrrrG,G,True,False,5,ped_6_0_NODE_74388|ped_6_1_NODE_74388|ped_6_2_NODE_74388|ped_6_3_NODE_74388|ped_6_4_NODE_74388,17.5,128.0,False,False,scenario_baseline
110.5,NODE_10273,3846533030,12,0,rrrgGGgGGrrGr,r,False,False,5,ped_7_0_NODE_10273|ped_7_1_NODE_10273|ped_7_2_NODE_10273|ped_7_3_NODE_10273|ped_7_4_NODE_10273,15.5,126.0,False,False,scenario_baseline
111.0,LINK_212169,11449716078,5,0,gGrrrGr,G,True,False,10,ped_1_0_LINK_212169|ped_1_1_LINK_212169|ped_1_2_LINK_212169|ped_1_3_LINK_212169|ped_1_4_LINK_212169|ped_3_0_NODE_6082|ped_3_1_NODE_6082|ped_3_2_NODE_6082|ped_3_3_NODE_6082|ped_3_4_NODE_6082,21.0,132.0,False,False,scenario_baseline
111.0,NODE_8452,3846603653,2,0,GGr,r,False,False,5,ped_2_0_NODE_8452|ped_2_1_NODE_8452|ped_2_2_NODE_8452|ped_2_3_NODE_8452|ped_2_4_NODE_8452,58.0,169.0,False,False,scenario_baseline
111.0,NODE_6082,11449716078,5,0,gGrrrGr,G,True,False,10,ped_1_0_LINK_212169|ped_1_1_LINK_212169|ped_1_2_LINK_212169|ped_1_3_LINK_212169|ped_1_4_LINK_212169|ped_3_0_NODE_6082|ped_3_1_NODE_6082|ped_3_2_NODE_6082|ped_3_3_NODE_6082|ped_3_4_NODE_6082,21.0,132.0,False,False,scenario_baseline
111.0,NODE_6123,7300992884,5,0,GgGrrrr,r,False,False,0,,43.0,154.0,False,False,scenario_baseline
111.0,NODE_8426,3849142980,16,3,rrrrgggGrrrrrrrrGrGG,G,True,False,2,ped_5_0_NODE_8426|ped_5_1_NODE_8426,16.0,127.0,False,False,scenario_baseline
111.0,NODE_74388,436883130,16,0,GGrrrrrrgGrrrrrrG,G,True,False,5,ped_6_0_NODE_74388|ped_6_1_NODE_74388|ped_6_2_NODE_74388|ped_6_3_NODE_74388|ped_6_4_NODE_74388,17.0,128.0,False,False,scenario_baseline
111.0,NODE_10273,3846533030,12,0,rrrgGGgGGrrGr,r,False,False,5,ped_7_0_NODE_10273|ped_7_1_NODE_10273|ped_7_2_NODE_10273|ped_7_3_NODE_10273|ped_7_4_NODE_10273,15.0,126.0,False,False,scenario_baseline
111.5,LINK_212169,11449716078,5,0,gGrrrGr,G,True,False,10,ped_1_0_LINK_212169|ped_1_1_LINK_212169|ped_1_2_LINK_212169|ped_1_3_LINK_212169|ped_1_4_LINK_212169|ped_3_0_NODE_6082|ped_3_1_NODE_6082|ped_3_2_NODE_6082|ped_3_3_NODE_6082|ped_3_4_NODE_6082,20.5,132.0,False,False,scenario_baseline
111.5,NODE_8452,3846603653,2,0,GGr,r,False,False,5,ped_2_0_NODE_8452|ped_2_1_NODE_8452|ped_2_2_NODE_8452|ped_2_3_NODE_8452|ped_2_4_NODE_8452,57.5,169.0,False,False,scenario_baseline
111.5,NODE_6082,11449716078,5,0,gGrrrGr,G,True,False,10,ped_1_0_LINK_212169|ped_1_1_LINK_212169|ped_1_2_LINK_212169|ped_1_3_LINK_212169|ped_1_4_LINK_212169|ped_3_0_NODE_6082|ped_3_1_NODE_6082|ped_3_2_NODE_6082|ped_3_3_NODE_6082|ped_3_4_NODE_6082,20.5,132.0,False,False,scenario_baseline
111.5,NODE_6123,7300992884,5,0,GgGrrrr,r,False,False,0,,42.5,154.0,False,False,scenario_baseline
111.5,NODE_8426,3849142980,16,3,rrrrgggGrrrrrrrrGrGG,G,True,False,1,ped_5_0_NODE_8426,15.5,127.0,False,False,scenario_baseline
111.5,NODE_74388,436883130,16,0,GGrrrrrrgGrrrrrrG,G,True,False,5,ped_6_0_NODE_74388|ped_6_1_NODE_74388|ped_6_2_NODE_74388|ped_6_3_NODE_74388|ped_6_4_NODE_74388,16.5,128.0,False,False,scenario_baseline
111.5,NODE_10273,3846533030,12,0,rrrgGGgGGrrGr,r,False,False,5,ped_7_0_NODE_10273|ped_7_1_NODE_10273|ped_7_2_NODE_10273|ped_7_3_NODE_10273|ped_7_4_NODE_10273,14.5,126.0,False,False,scenario_baseline
112.0,LINK_212169,11449716078,5,0,gGrrrGr,G,True,False,10,ped_1_0_LINK_212169|ped_1_1_LINK_212169|ped_1_2_LINK_212169|ped_1_3_LINK_212169|ped_1_4_LINK_212169|ped_3_0_NODE_6082|ped_3_1_NODE_6082|ped_3_2_NODE_6082|ped_3_3_NODE_6082|ped_3_4_NODE_6082,20.0,132.0,False,False,scenario_baseline
112.0,NODE_8452,3846603653,2,0,GGr,r,False,False,5,ped_2_0_NODE_8452|ped_2_1_NODE_8452|ped_2_2_NODE_8452|ped_2_3_NODE_8452|ped_2_4_NODE_8452,57.0,169.0,False,False,scenario_baseline
112.0,NODE_6082,11449716078,5,0,gGrrrGr,G,True,False,10,ped_1_0_LINK_212169|ped_1_1_LINK_212169|ped_1_2_LINK_212169|ped_1_3_LINK_212169|ped_1_4_LINK_212169|ped_3_0_NODE_6082|ped_3_1_NODE_6082|ped_3_2_NODE_6082|ped_3_3_NODE_6082|ped_3_4_NODE_6082,20.0,132.0,False,False,scenario_baseline
112.0,NODE_6123,7300992884,5,0,GgGrrrr,r,False,False,0,,42.0,154.0,False,False,scenario_baseline
112.0,NODE_8426,3849142980,16,3,rrrrgggGrrrrrrrrGrGG,G,True,False,1,ped_5_0_NODE_8426,15.0,127.0,False,False,scenario_baseline
112.0,NODE_74388,436883130,16,0,GGrrrrrrgGrrrrrrG,G,True,False,5,ped_6_0_NODE_74388|ped_6_1_NODE_74388|ped_6_2_NODE_74388|ped_6_3_NODE_74388|ped_6_4_NODE_74388,16.0,128.0,False,False,scenario_baseline
112.0,NODE_10273,3846533030,12,0,rrrgGGgGGrrGr,r,False,False,5,ped_7_0_NODE_10273|ped_7_1_NODE_10273|ped_7_2_NODE_10273|ped_7_3_NODE_10273|ped_7_4_NODE_10273,14.0,126.0,False,False,scenario_baseline
112.5,LINK_212169,11449716078,5,0,gGrrrGr,G,True,False,10,ped_1_0_LINK_212169|ped_1_1_LINK_212169|ped_1_2_LINK_212169|ped_1_3_LINK_212169|ped_1_4_LINK_212169|ped_3_0_NODE_6082|ped_3_1_NODE_6082|ped_3_2_NODE_6082|ped_3_3_NODE_6082|ped_3_4_NODE_6082,19.5,132.0,False,False,scenario_baseline
112.5,NODE_8452,3846603653,2,0,GGr,r,False,False,5,ped_2_0_NODE_8452|ped_2_1_NODE_8452|ped_2_2_NODE_8452|ped_2_3_NODE_8452|ped_2_4_NODE_8452,56.5,169.0,False,False,scenario_baseline
112.5,NODE_6082,11449716078,5,0,gGrrrGr,G,True,False,10,ped_1_0_LINK_212169|ped_1_1_LINK_212169|ped_1_2_LINK_212169|ped_1_3_LINK_212169|ped_1_4_LINK_212169|ped_3_0_NODE_6082|ped_3_1_NODE_6082|ped_3_2_NODE_6082|ped_3_3_NODE_6082|ped_3_4_NODE_6082,19.5,132.0,False,False,scenario_baseline
112.5,NODE_6123,7300992884,5,0,GgGrrrr,r,False,False,0,,41.5,154.0,False,False,scenario_baseline
112.5,NODE_8426,3849142980,16,3,rrrrgggGrrrrrrrrGrGG,G,True,False,1,ped_5_0_NODE_8426,14.5,127.0,False,False,scenario_baseline
112.5,NODE_74388,436883130,16,0,GGrrrrrrgGrrrrrrG,G,True,False,5,ped_6_0_NODE_74388|ped_6_1_NODE_74388|ped_6_2_NODE_74388|ped_6_3_NODE_74388|ped_6_4_NODE_74388,15.5,128.0,False,False,scenario_baseline
112.5,NODE_10273,3846533030,12,0,rrrgGGgGGrrGr,r,False,False,5,ped_7_0_NODE_10273|ped_7_1_NODE_10273|ped_7_2_NODE_10273|ped_7_3_NODE_10273|ped_7_4_NODE_10273,13.5,126.0,False,False,scenario_baseline
113.0,LINK_212169,11449716078,5,0,gGrrrGr,G,True,False,9,ped_1_0_LINK_212169|ped_1_2_LINK_212169|ped_1_3_LINK_212169|ped_1_4_LINK_212169|ped_3_0_NODE_6082|ped_3_1_NODE_6082|ped_3_2_NODE_6082|ped_3_3_NODE_6082|ped_3_4_NODE_6082,19.0,132.0,False,False,scenario_baseline
113.0,NODE_8452,3846603653,2,0,GGr,r,False,False,5,ped_2_0_NODE_8452|ped_2_1_NODE_8452|ped_2_2_NODE_8452|ped_2_3_NODE_8452|ped_2_4_NODE_8452,56.0,169.0,False,False,scenario_baseline
113.0,NODE_6082,11449716078,5,0,gGrrrGr,G,True,False,9,ped_1_0_LINK_212169|ped_1_2_LINK_212169|ped_1_3_LINK_212169|ped_1_4_LINK_212169|ped_3_0_NODE_6082|ped_3_1_NODE_6082|ped_3_2_NODE_6082|ped_3_3_NODE_6082|ped_3_4_NODE_6082,19.0,132.0,False,False,scenario_baseline
113.0,NODE_6123,7300992884,5,0,GgGrrrr,r,False,False,0,,41.0,154.0,False,False,scenario_baseline
113.0,NODE_8426,3849142980,16,3,rrrrgggGrrrrrrrrGrGG,G,True,False,1,ped_5_0_NODE_8426,14.0,127.0,False,False,scenario_baseline
113.0,NODE_74388,436883130,16,0,GGrrrrrrgGrrrrrrG,G,True,False,5,ped_6_0_NODE_74388|ped_6_1_NODE_74388|ped_6_2_NODE_74388|ped_6_3_NODE_74388|ped_6_4_NODE_74388,15.0,128.0,False,False,scenario_baseline
113.0,NODE_10273,3846533030,12,0,rrrgGGgGGrrGr,r,False,False,4,ped_7_1_NODE_10273|ped_7_2_NODE_10273|ped_7_3_NODE_10273|ped_7_4_NODE_10273,13.0,126.0,False,False,scenario_baseline
113.5,LINK_212169,11449716078,5,0,gGrrrGr,G,True,False,9,ped_1_0_LINK_212169|ped_1_2_LINK_212169|ped_1_3_LINK_212169|ped_1_4_LINK_212169|ped_3_0_NODE_6082|ped_3_1_NODE_6082|ped_3_2_NODE_6082|ped_3_3_NODE_6082|ped_3_4_NODE_6082,18.5,132.0,False,False,scenario_baseline
113.5,NODE_8452,3846603653,2,0,GGr,r,False,False,5,ped_2_0_NODE_8452|ped_2_1_NODE_8452|ped_2_2_NODE_8452|ped_2_3_NODE_8452|ped_2_4_NODE_8452,55.5,169.0,False,False,scenario_baseline
113.5,NODE_6082,11449716078,5,0,gGrrrGr,G,True,False,9,ped_1_0_LINK_212169|ped_1_2_LINK_212169|ped_1_3_LINK_212169|ped_1_4_LINK_212169|ped_3_0_NODE_6082|ped_3_1_NODE_6082|ped_3_2_NODE_6082|ped_3_3_NODE_6082|ped_3_4_NODE_6082,18.5,132.0,False,False,scenario_baseline
113.5,NODE_6123,7300992884,5,0,GgGrrrr,r,False,False,0,,40.5,154.0,False,False,scenario_baseline
113.5,NODE_8426,3849142980,16,3,rrrrgggGrrrrrrrrGrGG,G,True,False,1,ped_5_0_NODE_8426,13.5,127.0,False,False,scenario_baseline
113.5,NODE_74388,436883130,16,0,GGrrrrrrgGrrrrrrG,G,True,False,5,ped_6_0_NODE_74388|ped_6_1_NODE_74388|ped_6_2_NODE_74388|ped_6_3_NODE_74388|ped_6_4_NODE_74388,14.5,128.0,False,False,scenario_baseline
113.5,NODE_10273,3846533030,12,0,rrrgGGgGGrrGr,r,False,False,3,ped_7_2_NODE_10273|ped_7_3_NODE_10273|ped_7_4_NODE_10273,12.5,126.0,False,False,scenario_baseline
114.0,LINK_212169,11449716078,5,0,gGrrrGr,G,True,False,9,ped_1_0_LINK_212169|ped_1_2_LINK_212169|ped_1_3_LINK_212169|ped_1_4_LINK_212169|ped_3_0_NODE_6082|ped_3_1_NODE_6082|ped_3_2_NODE_6082|ped_3_3_NODE_6082|ped_3_4_NODE_6082,18.0,132.0,False,False,scenario_baseline
114.0,NODE_8452,3846603653,2,0,GGr,r,False,False,5,ped_2_0_NODE_8452|ped_2_1_NODE_8452|ped_2_2_NODE_8452|ped_2_3_NODE_8452|ped_2_4_NODE_8452,55.0,169.0,False,False,scenario_baseline
114.0,NODE_6082,11449716078,5,0,gGrrrGr,G,True,False,9,ped_1_0_LINK_212169|ped_1_2_LINK_212169|ped_1_3_LINK_212169|ped_1_4_LINK_212169|ped_3_0_NODE_6082|ped_3_1_NODE_6082|ped_3_2_NODE_6082|ped_3_3_NODE_6082|ped_3_4_NODE_6082,18.0,132.0,False,False,scenario_baseline
114.0,NODE_6123,7300992884,5,0,GgGrrrr,r,False,False,0,,40.0,154.0,False,False,scenario_baseline
114.0,NODE_8426,3849142980,16,3,rrrrgggGrrrrrrrrGrGG,G,True,False,1,ped_5_0_NODE_8426,13.0,127.0,False,False,scenario_baseline
114.0,NODE_74388,436883130,16,0,GGrrrrrrgGrrrrrrG,G,True,False,5,ped_6_0_NODE_74388|ped_6_1_NODE_74388|ped_6_2_NODE_74388|ped_6_3_NODE_74388|ped_6_4_NODE_74388,14.0,128.0,False,False,scenario_baseline
114.0,NODE_10273,3846533030,12,0,rrrgGGgGGrrGr,r,False,False,3,ped_7_2_NODE_10273|ped_7_3_NODE_10273|ped_7_4_NODE_10273,12.0,126.0,False,False,scenario_baseline
114.5,LINK_212169,11449716078,5,0,gGrrrGr,G,True,False,9,ped_1_0_LINK_212169|ped_1_2_LINK_212169|ped_1_3_LINK_212169|ped_1_4_LINK_212169|ped_3_0_NODE_6082|ped_3_1_NODE_6082|ped_3_2_NODE_6082|ped_3_3_NODE_6082|ped_3_4_NODE_6082,17.5,132.0,False,False,scenario_baseline
114.5,NODE_8452,3846603653,2,0,GGr,r,False,False,5,ped_2_0_NODE_8452|ped_2_1_NODE_8452|ped_2_2_NODE_8452|ped_2_3_NODE_8452|ped_2_4_NODE_8452,54.5,169.0,False,False,scenario_baseline
114.5,NODE_6082,11449716078,5,0,gGrrrGr,G,True,False,9,ped_1_0_LINK_212169|ped_1_2_LINK_212169|ped_1_3_LINK_212169|ped_1_4_LINK_212169|ped_3_0_NODE_6082|ped_3_1_NODE_6082|ped_3_2_NODE_6082|ped_3_3_NODE_6082|ped_3_4_NODE_6082,17.5,132.0,False,False,scenario_baseline
114.5,NODE_6123,7300992884,5,0,GgGrrrr,r,False,False,0,,39.5,154.0,False,False,scenario_baseline
114.5,NODE_8426,3849142980,16,3,rrrrgggGrrrrrrrrGrGG,G,True,False,1,ped_5_0_NODE_8426,12.5,127.0,False,False,scenario_baseline
114.5,NODE_74388,436883130,16,0,GGrrrrrrgGrrrrrrG,G,True,False,5,ped_6_0_NODE_74388|ped_6_1_NODE_74388|ped_6_2_NODE_74388|ped_6_3_NODE_74388|ped_6_4_NODE_74388,13.5,128.0,False,False,scenario_baseline
114.5,NODE_10273,3846533030,12,0,rrrgGGgGGrrGr,r,False,False,3,ped_7_2_NODE_10273|ped_7_3_NODE_10273|ped_7_4_NODE_10273,11.5,126.0,False,False,scenario_baseline
115.0,LINK_212169,11449716078,5,0,gGrrrGr,G,True,False,8,ped_1_2_LINK_212169|ped_1_3_LINK_212169|ped_1_4_LINK_212169|ped_3_0_NODE_6082|ped_3_1_NODE_6082|ped_3_2_NODE_6082|ped_3_3_NODE_6082|ped_3_4_NODE_6082,17.0,132.0,False,False,scenario_baseline
115.0,NODE_8452,3846603653,2,0,GGr,r,False,False,5,ped_2_0_NODE_8452|ped_2_1_NODE_8452|ped_2_2_NODE_8452|ped_2_3_NODE_8452|ped_2_4_NODE_8452,54.0,169.0,False,False,scenario_baseline
115.0,NODE_6082,11449716078,5,0,gGrrrGr,G,True,False,8,ped_1_2_LINK_212169|ped_1_3_LINK_212169|ped_1_4_LINK_212169|ped_3_0_NODE_6082|ped_3_1_NODE_6082|ped_3_2_NODE_6082|ped_3_3_NODE_6082|ped_3_4_NODE_6082,17.0,132.0,False,False,scenario_baseline
115.0,NODE_6123,7300992884,5,0,GgGrrrr,r,False,False,0,,39.0,154.0,False,False,scenario_baseline
115.0,NODE_8426,3849142980,16,3,rrrrgggGrrrrrrrrGrGG,G,True,False,1,ped_5_0_NODE_8426,12.0,127.0,False,False,scenario_baseline
115.0,NODE_74388,436883130,16,0,GGrrrrrrgGrrrrrrG,G,True,False,5,ped_6_0_NODE_74388|ped_6_1_NODE_74388|ped_6_2_NODE_74388|ped_6_3_NODE_74388|ped_6_4_NODE_74388,13.0,128.0,False,False,scenario_baseline
115.0,NODE_10273,3846533030,12,0,rrrgGGgGGrrGr,r,False,False,2,ped_7_2_NODE_10273|ped_7_4_NODE_10273,11.0,126.0,False,False,scenario_baseline
115.5,LINK_212169,11449716078,5,0,gGrrrGr,G,True,False,8,ped_1_2_LINK_212169|ped_1_3_LINK_212169|ped_1_4_LINK_212169|ped_3_0_NODE_6082|ped_3_1_NODE_6082|ped_3_2_NODE_6082|ped_3_3_NODE_6082|ped_3_4_NODE_6082,16.5,132.0,False,False,scenario_baseline
115.5,NODE_8452,3846603653,2,0,GGr,r,False,False,5,ped_2_0_NODE_8452|ped_2_1_NODE_8452|ped_2_2_NODE_8452|ped_2_3_NODE_8452|ped_2_4_NODE_8452,53.5,169.0,False,False,scenario_baseline
115.5,NODE_6082,11449716078,5,0,gGrrrGr,G,True,False,8,ped_1_2_LINK_212169|ped_1_3_LINK_212169|ped_1_4_LINK_212169|ped_3_0_NODE_6082|ped_3_1_NODE_6082|ped_3_2_NODE_6082|ped_3_3_NODE_6082|ped_3_4_NODE_6082,16.5,132.0,False,False,scenario_baseline
115.5,NODE_6123,7300992884,5,0,GgGrrrr,r,False,False,0,,38.5,154.0,False,False,scenario_baseline
115.5,NODE_8426,3849142980,16,3,rrrrgggGrrrrrrrrGrGG,G,True,False,1,ped_5_0_NODE_8426,11.5,127.0,False,False,scenario_baseline
115.5,NODE_74388,436883130,16,0,GGrrrrrrgGrrrrrrG,G,True,False,5,ped_6_0_NODE_74388|ped_6_1_NODE_74388|ped_6_2_NODE_74388|ped_6_3_NODE_74388|ped_6_4_NODE_74388,12.5,128.0,False,False,scenario_baseline
115.5,NODE_10273,3846533030,12,0,rrrgGGgGGrrGr,r,False,False,2,ped_7_2_NODE_10273|ped_7_4_NODE_10273,10.5,126.0,False,False,scenario_baseline
116.0,LINK_212169,11449716078,5,0,gGrrrGr,G,True,False,8,ped_1_2_LINK_212169|ped_1_3_LINK_212169|ped_1_4_LINK_212169|ped_3_0_NODE_6082|ped_3_1_NODE_6082|ped_3_2_NODE_6082|ped_3_3_NODE_6082|ped_3_4_NODE_6082,16.0,132.0,False,False,scenario_baseline
116.0,NODE_8452,3846603653,2,0,GGr,r,False,False,5,ped_2_0_NODE_8452|ped_2_1_NODE_8452|ped_2_2_NODE_8452|ped_2_3_NODE_8452|ped_2_4_NODE_8452,53.0,169.0,False,False,scenario_baseline
116.0,NODE_6082,11449716078,5,0,gGrrrGr,G,True,False,8,ped_1_2_LINK_212169|ped_1_3_LINK_212169|ped_1_4_LINK_212169|ped_3_0_NODE_6082|ped_3_1_NODE_6082|ped_3_2_NODE_6082|ped_3_3_NODE_6082|ped_3_4_NODE_6082,16.0,132.0,False,False,scenario_baseline
116.0,NODE_6123,7300992884,5,0,GgGrrrr,r,False,False,0,,38.0,154.0,False,False,scenario_baseline
116.0,NODE_8426,3849142980,16,3,rrrrgggGrrrrrrrrGrGG,G,True,False,1,ped_5_0_NODE_8426,11.0,127.0,False,False,scenario_baseline
116.0,NODE_74388,436883130,16,0,GGrrrrrrgGrrrrrrG,G,True,False,5,ped_6_0_NODE_74388|ped_6_1_NODE_74388|ped_6_2_NODE_74388|ped_6_3_NODE_74388|ped_6_4_NODE_74388,12.0,128.0,False,False,scenario_baseline
116.0,NODE_10273,3846533030,12,0,rrrgGGgGGrrGr,r,False,False,2,ped_7_2_NODE_10273|ped_7_4_NODE_10273,10.0,126.0,False,False,scenario_baseline
116.5,LINK_212169,11449716078,5,0,gGrrrGr,G,True,False,7,ped_1_2_LINK_212169|ped_1_3_LINK_212169|ped_1_4_LINK_212169|ped_3_0_NODE_6082|ped_3_2_NODE_6082|ped_3_3_NODE_6082|ped_3_4_NODE_6082,15.5,132.0,False,False,scenario_baseline
116.5,NODE_8452,3846603653,2,0,GGr,r,False,False,5,ped_2_0_NODE_8452|ped_2_1_NODE_8452|ped_2_2_NODE_8452|ped_2_3_NODE_8452|ped_2_4_NODE_8452,52.5,169.0,False,False,scenario_baseline
116.5,NODE_6082,11449716078,5,0,gGrrrGr,G,True,False,7,ped_1_2_LINK_212169|ped_1_3_LINK_212169|ped_1_4_LINK_212169|ped_3_0_NODE_6082|ped_3_2_NODE_6082|ped_3_3_NODE_6082|ped_3_4_NODE_6082,15.5,132.0,False,False,scenario_baseline
116.5,NODE_6123,7300992884,5,0,GgGrrrr,r,False,False,0,,37.5,154.0,False,False,scenario_baseline
116.5,NODE_8426,3849142980,16,3,rrrrgggGrrrrrrrrGrGG,G,True,False,2,ped_5_0_NODE_8426|ped_5_3_NODE_8426,10.5,127.0,False,False,scenario_baseline
116.5,NODE_74388,436883130,16,0,GGrrrrrrgGrrrrrrG,G,True,False,5,ped_6_0_NODE_74388|ped_6_1_NODE_74388|ped_6_2_NODE_74388|ped_6_3_NODE_74388|ped_6_4_NODE_74388,11.5,128.0,False,False,scenario_baseline
116.5,NODE_10273,3846533030,12,0,rrrgGGgGGrrGr,r,False,False,2,ped_7_2_NODE_10273|ped_7_4_NODE_10273,9.5,126.0,False,False,scenario_baseline
117.0,LINK_212169,11449716078,5,0,gGrrrGr,G,True,False,7,ped_1_2_LINK_212169|ped_1_3_LINK_212169|ped_1_4_LINK_212169|ped_3_0_NODE_6082|ped_3_2_NODE_6082|ped_3_3_NODE_6082|ped_3_4_NODE_6082,15.0,132.0,False,False,scenario_baseline
117.0,NODE_8452,3846603653,2,0,GGr,r,False,False,5,ped_2_0_NODE_8452|ped_2_1_NODE_8452|ped_2_2_NODE_8452|ped_2_3_NODE_8452|ped_2_4_NODE_8452,52.0,169.0,False,False,scenario_baseline
117.0,NODE_6082,11449716078,5,0,gGrrrGr,G,True,False,7,ped_1_2_LINK_212169|ped_1_3_LINK_212169|ped_1_4_LINK_212169|ped_3_0_NODE_6082|ped_3_2_NODE_6082|ped_3_3_NODE_6082|ped_3_4_NODE_6082,15.0,132.0,False,False,scenario_baseline
117.0,NODE_6123,7300992884,5,0,GgGrrrr,r,False,False,0,,37.0,154.0,False,False,scenario_baseline
117.0,NODE_8426,3849142980,16,3,rrrrgggGrrrrrrrrGrGG,G,True,False,2,ped_5_0_NODE_8426|ped_5_3_NODE_8426,10.0,127.0,False,False,scenario_baseline
117.0,NODE_74388,436883130,16,0,GGrrrrrrgGrrrrrrG,G,True,False,5,ped_6_0_NODE_74388|ped_6_1_NODE_74388|ped_6_2_NODE_74388|ped_6_3_NODE_74388|ped_6_4_NODE_74388,11.0,128.0,False,False,scenario_baseline
117.0,NODE_10273,3846533030,12,0,rrrgGGgGGrrGr,r,False,False,1,ped_7_4_NODE_10273,9.0,126.0,False,False,scenario_baseline
117.5,LINK_212169,11449716078,5,0,gGrrrGr,G,True,False,6,ped_1_2_LINK_212169|ped_1_3_LINK_212169|ped_1_4_LINK_212169|ped_3_2_NODE_6082|ped_3_3_NODE_6082|ped_3_4_NODE_6082,14.5,132.0,False,False,scenario_baseline
117.5,NODE_8452,3846603653,2,0,GGr,r,False,False,5,ped_2_0_NODE_8452|ped_2_1_NODE_8452|ped_2_2_NODE_8452|ped_2_3_NODE_8452|ped_2_4_NODE_8452,51.5,169.0,False,False,scenario_baseline
117.5,NODE_6082,11449716078,5,0,gGrrrGr,G,True,False,6,ped_1_2_LINK_212169|ped_1_3_LINK_212169|ped_1_4_LINK_212169|ped_3_2_NODE_6082|ped_3_3_NODE_6082|ped_3_4_NODE_6082,14.5,132.0,False,False,scenario_baseline
117.5,NODE_6123,7300992884,5,0,GgGrrrr,r,False,False,0,,36.5,154.0,False,False,scenario_baseline
117.5,NODE_8426,3849142980,16,3,rrrrgggGrrrrrrrrGrGG,G,True,False,2,ped_5_0_NODE_8426|ped_5_3_NODE_8426,9.5,127.0,False,False,scenario_baseline
117.5,NODE_74388,436883130,16,0,GGrrrrrrgGrrrrrrG,G,True,False,5,ped_6_0_NODE_74388|ped_6_1_NODE_74388|ped_6_2_NODE_74388|ped_6_3_NODE_74388|ped_6_4_NODE_74388,10.5,128.0,False,False,scenario_baseline
117.5,NODE_10273,3846533030,12,0,rrrgGGgGGrrGr,r,False,False,0,,8.5,126.0,False,False,scenario_baseline
118.0,LINK_212169,11449716078,5,0,gGrrrGr,G,True,False,6,ped_1_2_LINK_212169|ped_1_3_LINK_212169|ped_1_4_LINK_212169|ped_3_2_NODE_6082|ped_3_3_NODE_6082|ped_3_4_NODE_6082,14.0,132.0,False,False,scenario_baseline
118.0,NODE_8452,3846603653,2,0,GGr,r,False,False,5,ped_2_0_NODE_8452|ped_2_1_NODE_8452|ped_2_2_NODE_8452|ped_2_3_NODE_8452|ped_2_4_NODE_8452,51.0,169.0,False,False,scenario_baseline
118.0,NODE_6082,11449716078,5,0,gGrrrGr,G,True,False,6,ped_1_2_LINK_212169|ped_1_3_LINK_212169|ped_1_4_LINK_212169|ped_3_2_NODE_6082|ped_3_3_NODE_6082|ped_3_4_NODE_6082,14.0,132.0,False,False,scenario_baseline
118.0,NODE_6123,7300992884,5,0,GgGrrrr,r,False,False,0,,36.0,154.0,False,False,scenario_baseline
118.0,NODE_8426,3849142980,16,3,rrrrgggGrrrrrrrrGrGG,G,True,False,2,ped_5_0_NODE_8426|ped_5_3_NODE_8426,9.0,127.0,False,False,scenario_baseline
118.0,NODE_74388,436883130,16,0,GGrrrrrrgGrrrrrrG,G,True,False,5,ped_6_0_NODE_74388|ped_6_1_NODE_74388|ped_6_2_NODE_74388|ped_6_3_NODE_74388|ped_6_4_NODE_74388,10.0,128.0,False,False,scenario_baseline
118.0,NODE_10273,3846533030,12,0,rrrgGGgGGrrGr,r,False,False,0,,8.0,126.0,False,False,scenario_baseline
118.5,LINK_212169,11449716078,5,0,gGrrrGr,G,True,False,6,ped_1_2_LINK_212169|ped_1_3_LINK_212169|ped_1_4_LINK_212169|ped_3_2_NODE_6082|ped_3_3_NODE_6082|ped_3_4_NODE_6082,13.5,132.0,False,False,scenario_baseline
118.5,NODE_8452,3846603653,2,0,GGr,r,False,False,5,ped_2_0_NODE_8452|ped_2_1_NODE_8452|ped_2_2_NODE_8452|ped_2_3_NODE_8452|ped_2_4_NODE_8452,50.5,169.0,False,False,scenario_baseline
118.5,NODE_6082,11449716078,5,0,gGrrrGr,G,True,False,6,ped_1_2_LINK_212169|ped_1_3_LINK_212169|ped_1_4_LINK_212169|ped_3_2_NODE_6082|ped_3_3_NODE_6082|ped_3_4_NODE_6082,13.5,132.0,False,False,scenario_baseline
118.5,NODE_6123,7300992884,5,0,GgGrrrr,r,False,False,0,,35.5,154.0,False,False,scenario_baseline
118.5,NODE_8426,3849142980,16,3,rrrrgggGrrrrrrrrGrGG,G,True,False,2,ped_5_0_NODE_8426|ped_5_3_NODE_8426,8.5,127.0,False,False,scenario_baseline
118.5,NODE_74388,436883130,16,0,GGrrrrrrgGrrrrrrG,G,True,False,5,ped_6_0_NODE_74388|ped_6_1_NODE_74388|ped_6_2_NODE_74388|ped_6_3_NODE_74388|ped_6_4_NODE_74388,9.5,128.0,False,False,scenario_baseline
118.5,NODE_10273,3846533030,12,0,rrrgGGgGGrrGr,r,False,False,0,,7.5,126.0,False,False,scenario_baseline
119.0,LINK_212169,11449716078,5,0,gGrrrGr,G,True,False,6,ped_1_2_LINK_212169|ped_1_3_LINK_212169|ped_1_4_LINK_212169|ped_3_2_NODE_6082|ped_3_3_NODE_6082|ped_3_4_NODE_6082,13.0,132.0,False,False,scenario_baseline
119.0,NODE_8452,3846603653,2,0,GGr,r,False,False,5,ped_2_0_NODE_8452|ped_2_1_NODE_8452|ped_2_2_NODE_8452|ped_2_3_NODE_8452|ped_2_4_NODE_8452,50.0,169.0,False,False,scenario_baseline
119.0,NODE_6082,11449716078,5,0,gGrrrGr,G,True,False,6,ped_1_2_LINK_212169|ped_1_3_LINK_212169|ped_1_4_LINK_212169|ped_3_2_NODE_6082|ped_3_3_NODE_6082|ped_3_4_NODE_6082,13.0,132.0,False,False,scenario_baseline
119.0,NODE_6123,7300992884,5,0,GgGrrrr,r,False,False,0,,35.0,154.0,False,False,scenario_baseline
119.0,NODE_8426,3849142980,16,3,rrrrgggGrrrrrrrrGrGG,G,True,False,2,ped_5_0_NODE_8426|ped_5_3_NODE_8426,8.0,127.0,False,False,scenario_baseline
119.0,NODE_74388,436883130,16,0,GGrrrrrrgGrrrrrrG,G,True,False,5,ped_6_0_NODE_74388|ped_6_1_NODE_74388|ped_6_2_NODE_74388|ped_6_3_NODE_74388|ped_6_4_NODE_74388,9.0,128.0,False,False,scenario_baseline
119.0,NODE_10273,3846533030,12,0,rrrgGGgGGrrGr,r,False,False,0,,7.0,126.0,False,False,scenario_baseline
119.5,LINK_212169,11449716078,5,0,gGrrrGr,G,True,False,6,ped_1_2_LINK_212169|ped_1_3_LINK_212169|ped_1_4_LINK_212169|ped_3_2_NODE_6082|ped_3_3_NODE_6082|ped_3_4_NODE_6082,12.5,132.0,False,False,scenario_baseline
119.5,NODE_8452,3846603653,2,0,GGr,r,False,False,5,ped_2_0_NODE_8452|ped_2_1_NODE_8452|ped_2_2_NODE_8452|ped_2_3_NODE_8452|ped_2_4_NODE_8452,49.5,169.0,False,False,scenario_baseline
119.5,NODE_6082,11449716078,5,0,gGrrrGr,G,True,False,6,ped_1_2_LINK_212169|ped_1_3_LINK_212169|ped_1_4_LINK_212169|ped_3_2_NODE_6082|ped_3_3_NODE_6082|ped_3_4_NODE_6082,12.5,132.0,False,False,scenario_baseline
119.5,NODE_6123,7300992884,5,0,GgGrrrr,r,False,False,0,,34.5,154.0,False,False,scenario_baseline
119.5,NODE_8426,3849142980,16,3,rrrrgggGrrrrrrrrGrGG,G,True,False,2,ped_5_0_NODE_8426|ped_5_3_NODE_8426,7.5,127.0,False,False,scenario_baseline
119.5,NODE_74388,436883130,16,0,GGrrrrrrgGrrrrrrG,G,True,False,5,ped_6_0_NODE_74388|ped_6_1_NODE_74388|ped_6_2_NODE_74388|ped_6_3_NODE_74388|ped_6_4_NODE_74388,8.5,128.0,False,False,scenario_baseline
119.5,NODE_10273,3846533030,12,0,rrrgGGgGGrrGr,r,False,False,0,,6.5,126.0,False,False,scenario_baseline
120.0,LINK_212169,11449716078,5,0,gGrrrGr,G,True,False,4,ped_1_4_LINK_212169|ped_3_2_NODE_6082|ped_3_3_NODE_6082|ped_3_4_NODE_6082,12.0,132.0,False,False,scenario_baseline
120.0,NODE_8452,3846603653,2,0,GGr,r,False,False,5,ped_2_0_NODE_8452|ped_2_1_NODE_8452|ped_2_2_NODE_8452|ped_2_3_NODE_8452|ped_2_4_NODE_8452,49.0,169.0,False,False,scenario_baseline
120.0,NODE_6082,11449716078,5,0,gGrrrGr,G,True,False,4,ped_1_4_LINK_212169|ped_3_2_NODE_6082|ped_3_3_NODE_6082|ped_3_4_NODE_6082,12.0,132.0,False,False,scenario_baseline
120.0,NODE_6123,7300992884,5,0,GgGrrrr,r,False,False,0,,34.0,154.0,False,False,scenario_baseline
120.0,NODE_8426,3849142980,16,3,rrrrgggGrrrrrrrrGrGG,G,True,False,2,ped_5_0_NODE_8426|ped_5_3_NODE_8426,7.0,127.0,False,False,scenario_baseline
120.0,NODE_74388,436883130,16,0,GGrrrrrrgGrrrrrrG,G,True,False,5,ped_6_0_NODE_74388|ped_6_1_NODE_74388|ped_6_2_NODE_74388|ped_6_3_NODE_74388|ped_6_4_NODE_74388,8.0,128.0,False,False,scenario_baseline
120.0,NODE_10273,3846533030,12,0,rrrgGGgGGrrGr,r,False,False,0,,6.0,126.0,False,False,scenario_baseline
120.5,LINK_212169,11449716078,5,0,gGrrrGr,G,True,False,3,ped_3_2_NODE_6082|ped_3_3_NODE_6082|ped_3_4_NODE_6082,11.5,132.0,False,False,scenario_baseline
120.5,NODE_8452,3846603653,2,0,GGr,r,False,False,5,ped_2_0_NODE_8452|ped_2_1_NODE_8452|ped_2_2_NODE_8452|ped_2_3_NODE_8452|ped_2_4_NODE_8452,48.5,169.0,False,False,scenario_baseline
120.5,NODE_6082,11449716078,5,0,gGrrrGr,G,True,False,3,ped_3_2_NODE_6082|ped_3_3_NODE_6082|ped_3_4_NODE_6082,11.5,132.0,False,False,scenario_baseline
120.5,NODE_6123,7300992884,5,0,GgGrrrr,r,False,False,0,,33.5,154.0,False,False,scenario_baseline
120.5,NODE_8426,3849142980,16,3,rrrrgggGrrrrrrrrGrGG,G,True,False,2,ped_5_0_NODE_8426|ped_5_3_NODE_8426,6.5,127.0,False,False,scenario_baseline
120.5,NODE_74388,436883130,16,0,GGrrrrrrgGrrrrrrG,G,True,False,5,ped_6_0_NODE_74388|ped_6_1_NODE_74388|ped_6_2_NODE_74388|ped_6_3_NODE_74388|ped_6_4_NODE_74388,7.5,128.0,False,False,scenario_baseline
120.5,NODE_10273,3846533030,12,0,rrrgGGgGGrrGr,r,False,False,0,,5.5,126.0,False,False,scenario_baseline
121.0,LINK_212169,11449716078,5,0,gGrrrGr,G,True,False,2,ped_3_2_NODE_6082|ped_3_3_NODE_6082,11.0,132.0,False,False,scenario_baseline
121.0,NODE_8452,3846603653,2,0,GGr,r,False,False,5,ped_2_0_NODE_8452|ped_2_1_NODE_8452|ped_2_2_NODE_8452|ped_2_3_NODE_8452|ped_2_4_NODE_8452,48.0,169.0,False,False,scenario_baseline
121.0,NODE_6082,11449716078,5,0,gGrrrGr,G,True,False,2,ped_3_2_NODE_6082|ped_3_3_NODE_6082,11.0,132.0,False,False,scenario_baseline
121.0,NODE_6123,7300992884,5,0,GgGrrrr,r,False,False,0,,33.0,154.0,False,False,scenario_baseline
121.0,NODE_8426,3849142980,16,3,rrrrgggGrrrrrrrrGrGG,G,True,False,2,ped_5_0_NODE_8426|ped_5_3_NODE_8426,6.0,127.0,False,False,scenario_baseline
121.0,NODE_74388,436883130,16,0,GGrrrrrrgGrrrrrrG,G,True,False,5,ped_6_0_NODE_74388|ped_6_1_NODE_74388|ped_6_2_NODE_74388|ped_6_3_NODE_74388|ped_6_4_NODE_74388,7.0,128.0,False,False,scenario_baseline
121.0,NODE_10273,3846533030,12,0,rrrgGGgGGrrGr,r,False,False,0,,5.0,126.0,False,False,scenario_baseline
121.5,LINK_212169,11449716078,5,0,gGrrrGr,G,True,False,1,ped_3_2_NODE_6082,10.5,132.0,False,False,scenario_baseline
121.5,NODE_8452,3846603653,2,0,GGr,r,False,False,5,ped_2_0_NODE_8452|ped_2_1_NODE_8452|ped_2_2_NODE_8452|ped_2_3_NODE_8452|ped_2_4_NODE_8452,47.5,169.0,False,False,scenario_baseline
121.5,NODE_6082,11449716078,5,0,gGrrrGr,G,True,False,1,ped_3_2_NODE_6082,10.5,132.0,False,False,scenario_baseline
121.5,NODE_6123,7300992884,5,0,GgGrrrr,r,False,False,0,,32.5,154.0,False,False,scenario_baseline
121.5,NODE_8426,3849142980,16,3,rrrrgggGrrrrrrrrGrGG,G,True,False,2,ped_5_0_NODE_8426|ped_5_3_NODE_8426,5.5,127.0,False,False,scenario_baseline
121.5,NODE_74388,436883130,16,0,GGrrrrrrgGrrrrrrG,G,True,False,5,ped_6_0_NODE_74388|ped_6_1_NODE_74388|ped_6_2_NODE_74388|ped_6_3_NODE_74388|ped_6_4_NODE_74388,6.5,128.0,False,False,scenario_baseline
121.5,NODE_10273,3846533030,12,0,rrrgGGgGGrrGr,r,False,False,0,,4.5,126.0,False,False,scenario_baseline
122.0,LINK_212169,11449716078,5,0,gGrrrGr,G,True,False,1,ped_3_2_NODE_6082,10.0,132.0,False,False,scenario_baseline
122.0,NODE_8452,3846603653,2,0,GGr,r,False,False,5,ped_2_0_NODE_8452|ped_2_1_NODE_8452|ped_2_2_NODE_8452|ped_2_3_NODE_8452|ped_2_4_NODE_8452,47.0,169.0,False,False,scenario_baseline
122.0,NODE_6082,11449716078,5,0,gGrrrGr,G,True,False,1,ped_3_2_NODE_6082,10.0,132.0,False,False,scenario_baseline
122.0,NODE_6123,7300992884,5,0,GgGrrrr,r,False,False,0,,32.0,154.0,False,False,scenario_baseline
122.0,NODE_8426,3849142980,16,3,rrrrgggGrrrrrrrrGrGG,G,True,False,3,ped_5_0_NODE_8426|ped_5_3_NODE_8426|ped_5_4_NODE_8426,5.0,127.0,False,False,scenario_baseline
122.0,NODE_74388,436883130,16,0,GGrrrrrrgGrrrrrrG,G,True,False,5,ped_6_0_NODE_74388|ped_6_1_NODE_74388|ped_6_2_NODE_74388|ped_6_3_NODE_74388|ped_6_4_NODE_74388,6.0,128.0,False,False,scenario_baseline
122.0,NODE_10273,3846533030,12,0,rrrgGGgGGrrGr,r,False,False,0,,4.0,126.0,False,False,scenario_baseline
122.5,LINK_212169,11449716078,5,0,gGrrrGr,G,True,False,0,,9.5,132.0,False,False,scenario_baseline
122.5,NODE_8452,3846603653,2,0,GGr,r,False,False,5,ped_2_0_NODE_8452|ped_2_1_NODE_8452|ped_2_2_NODE_8452|ped_2_3_NODE_8452|ped_2_4_NODE_8452,46.5,169.0,False,False,scenario_baseline
122.5,NODE_6082,11449716078,5,0,gGrrrGr,G,True,False,0,,9.5,132.0,False,False,scenario_baseline
122.5,NODE_6123,7300992884,5,0,GgGrrrr,r,False,False,0,,31.5,154.0,False,False,scenario_baseline
122.5,NODE_8426,3849142980,16,3,rrrrgggGrrrrrrrrGrGG,G,True,False,3,ped_5_0_NODE_8426|ped_5_3_NODE_8426|ped_5_4_NODE_8426,4.5,127.0,False,False,scenario_baseline
122.5,NODE_74388,436883130,16,0,GGrrrrrrgGrrrrrrG,G,True,False,5,ped_6_0_NODE_74388|ped_6_1_NODE_74388|ped_6_2_NODE_74388|ped_6_3_NODE_74388|ped_6_4_NODE_74388,5.5,128.0,False,False,scenario_baseline
122.5,NODE_10273,3846533030,12,0,rrrgGGgGGrrGr,r,False,False,0,,3.5,126.0,False,False,scenario_baseline
123.0,LINK_212169,11449716078,5,0,gGrrrGr,G,True,False,0,,9.0,132.0,False,False,scenario_baseline
123.0,NODE_8452,3846603653,2,0,GGr,r,False,False,5,ped_2_0_NODE_8452|ped_2_1_NODE_8452|ped_2_2_NODE_8452|ped_2_3_NODE_8452|ped_2_4_NODE_8452,46.0,169.0,False,False,scenario_baseline
123.0,NODE_6082,11449716078,5,0,gGrrrGr,G,True,False,0,,9.0,132.0,False,False,scenario_baseline
123.0,NODE_6123,7300992884,5,0,GgGrrrr,r,False,False,0,,31.0,154.0,False,False,scenario_baseline
123.0,NODE_8426,3849142980,16,3,rrrrgggGrrrrrrrrGrGG,G,True,False,3,ped_5_0_NODE_8426|ped_5_3_NODE_8426|ped_5_4_NODE_8426,4.0,127.0,False,False,scenario_baseline
123.0,NODE_74388,436883130,16,0,GGrrrrrrgGrrrrrrG,G,True,False,5,ped_6_0_NODE_74388|ped_6_1_NODE_74388|ped_6_2_NODE_74388|ped_6_3_NODE_74388|ped_6_4_NODE_74388,5.0,128.0,False,False,scenario_baseline
123.0,NODE_10273,3846533030,12,0,rrrgGGgGGrrGr,r,False,False,0,,3.0,126.0,False,False,scenario_baseline
123.5,LINK_212169,11449716078,5,0,gGrrrGr,G,True,False,0,,8.5,132.0,False,False,scenario_baseline
123.5,NODE_8452,3846603653,2,0,GGr,r,False,False,5,ped_2_0_NODE_8452|ped_2_1_NODE_8452|ped_2_2_NODE_8452|ped_2_3_NODE_8452|ped_2_4_NODE_8452,45.5,169.0,False,False,scenario_baseline
123.5,NODE_6082,11449716078,5,0,gGrrrGr,G,True,False,0,,8.5,132.0,False,False,scenario_baseline
123.5,NODE_6123,7300992884,5,0,GgGrrrr,r,False,False,0,,30.5,154.0,False,False,scenario_baseline
123.5,NODE_8426,3849142980,16,3,rrrrgggGrrrrrrrrGrGG,G,True,False,4,ped_5_0_NODE_8426|ped_5_2_NODE_8426|ped_5_3_NODE_8426|ped_5_4_NODE_8426,3.5,127.0,False,False,scenario_baseline
123.5,NODE_74388,436883130,16,0,GGrrrrrrgGrrrrrrG,G,True,False,5,ped_6_0_NODE_74388|ped_6_1_NODE_74388|ped_6_2_NODE_74388|ped_6_3_NODE_74388|ped_6_4_NODE_74388,4.5,128.0,False,False,scenario_baseline
123.5,NODE_10273,3846533030,12,0,rrrgGGgGGrrGr,r,False,False,0,,2.5,126.0,False,False,scenario_baseline
124.0,LINK_212169,11449716078,5,0,gGrrrGr,G,True,False,0,,8.0,132.0,False,False,scenario_baseline
124.0,NODE_8452,3846603653,2,0,GGr,r,False,False,5,ped_2_0_NODE_8452|ped_2_1_NODE_8452|ped_2_2_NODE_8452|ped_2_3_NODE_8452|ped_2_4_NODE_8452,45.0,169.0,False,False,scenario_baseline
124.0,NODE_6082,11449716078,5,0,gGrrrGr,G,True,False,0,,8.0,132.0,False,False,scenario_baseline
124.0,NODE_6123,7300992884,5,0,GgGrrrr,r,False,False,0,,30.0,154.0,False,False,scenario_baseline
124.0,NODE_8426,3849142980,16,3,rrrrgggGrrrrrrrrGrGG,G,True,False,4,ped_5_0_NODE_8426|ped_5_2_NODE_8426|ped_5_3_NODE_8426|ped_5_4_NODE_8426,3.0,127.0,False,False,scenario_baseline
124.0,NODE_74388,436883130,16,0,GGrrrrrrgGrrrrrrG,G,True,False,5,ped_6_0_NODE_74388|ped_6_1_NODE_74388|ped_6_2_NODE_74388|ped_6_3_NODE_74388|ped_6_4_NODE_74388,4.0,128.0,False,False,scenario_baseline
124.0,NODE_10273,3846533030,12,0,rrrgGGgGGrrGr,r,False,False,0,,2.0,126.0,False,False,scenario_baseline
124.5,LINK_212169,11449716078,5,0,gGrrrGr,G,True,False,0,,7.5,132.0,False,False,scenario_baseline
124.5,NODE_8452,3846603653,2,0,GGr,r,False,False,5,ped_2_0_NODE_8452|ped_2_1_NODE_8452|ped_2_2_NODE_8452|ped_2_3_NODE_8452|ped_2_4_NODE_8452,44.5,169.0,False,False,scenario_baseline
124.5,NODE_6082,11449716078,5,0,gGrrrGr,G,True,False,0,,7.5,132.0,False,False,scenario_baseline
124.5,NODE_6123,7300992884,5,0,GgGrrrr,r,False,False,0,,29.5,154.0,False,False,scenario_baseline
124.5,NODE_8426,3849142980,16,3,rrrrgggGrrrrrrrrGrGG,G,True,False,4,ped_5_0_NODE_8426|ped_5_2_NODE_8426|ped_5_3_NODE_8426|ped_5_4_NODE_8426,2.5,127.0,False,False,scenario_baseline
124.5,NODE_74388,436883130,16,0,GGrrrrrrgGrrrrrrG,G,True,False,5,ped_6_0_NODE_74388|ped_6_1_NODE_74388|ped_6_2_NODE_74388|ped_6_3_NODE_74388|ped_6_4_NODE_74388,3.5,128.0,False,False,scenario_baseline
124.5,NODE_10273,3846533030,12,0,rrrgGGgGGrrGr,r,False,False,0,,1.5,126.0,False,False,scenario_baseline
125.0,LINK_212169,11449716078,5,0,gGrrrGr,G,True,False,0,,7.0,132.0,False,False,scenario_baseline
125.0,NODE_8452,3846603653,2,0,GGr,r,False,False,5,ped_2_0_NODE_8452|ped_2_1_NODE_8452|ped_2_2_NODE_8452|ped_2_3_NODE_8452|ped_2_4_NODE_8452,44.0,169.0,False,False,scenario_baseline
125.0,NODE_6082,11449716078,5,0,gGrrrGr,G,True,False,0,,7.0,132.0,False,False,scenario_baseline
125.0,NODE_6123,7300992884,5,0,GgGrrrr,r,False,False,0,,29.0,154.0,False,False,scenario_baseline
125.0,NODE_8426,3849142980,16,3,rrrrgggGrrrrrrrrGrGG,G,True,False,5,ped_5_0_NODE_8426|ped_5_1_NODE_8426|ped_5_2_NODE_8426|ped_5_3_NODE_8426|ped_5_4_NODE_8426,2.0,127.0,False,False,scenario_baseline
125.0,NODE_74388,436883130,16,0,GGrrrrrrgGrrrrrrG,G,True,False,5,ped_6_0_NODE_74388|ped_6_1_NODE_74388|ped_6_2_NODE_74388|ped_6_3_NODE_74388|ped_6_4_NODE_74388,3.0,128.0,False,False,scenario_baseline
125.0,NODE_10273,3846533030,12,0,rrrgGGgGGrrGr,r,False,False,0,,1.0,126.0,False,False,scenario_baseline
125.5,LINK_212169,11449716078,5,0,gGrrrGr,G,True,False,0,,6.5,132.0,False,False,scenario_baseline
125.5,NODE_8452,3846603653,2,0,GGr,r,False,False,5,ped_2_0_NODE_8452|ped_2_1_NODE_8452|ped_2_2_NODE_8452|ped_2_3_NODE_8452|ped_2_4_NODE_8452,43.5,169.0,False,False,scenario_baseline
125.5,NODE_6082,11449716078,5,0,gGrrrGr,G,True,False,0,,6.5,132.0,False,False,scenario_baseline
125.5,NODE_6123,7300992884,5,0,GgGrrrr,r,False,False,0,,28.5,154.0,False,False,scenario_baseline
125.5,NODE_8426,3849142980,16,3,rrrrgggGrrrrrrrrGrGG,G,True,False,5,ped_5_0_NODE_8426|ped_5_1_NODE_8426|ped_5_2_NODE_8426|ped_5_3_NODE_8426|ped_5_4_NODE_8426,1.5,127.0,False,False,scenario_baseline
125.5,NODE_74388,436883130,16,0,GGrrrrrrgGrrrrrrG,G,True,False,5,ped_6_0_NODE_74388|ped_6_1_NODE_74388|ped_6_2_NODE_74388|ped_6_3_NODE_74388|ped_6_4_NODE_74388,2.5,128.0,False,False,scenario_baseline
125.5,NODE_10273,3846533030,12,0,rrrgGGgGGrrGr,r,False,False,0,,0.5,126.0,False,False,scenario_baseline
126.0,LINK_212169,11449716078,5,0,gGrrrGr,G,True,False,0,,6.0,132.0,False,False,scenario_baseline
126.0,NODE_8452,3846603653,2,0,GGr,r,False,False,5,ped_2_0_NODE_8452|ped_2_1_NODE_8452|ped_2_2_NODE_8452|ped_2_3_NODE_8452|ped_2_4_NODE_8452,43.0,169.0,False,False,scenario_baseline
126.0,NODE_6082,11449716078,5,0,gGrrrGr,G,True,False,0,,6.0,132.0,False,False,scenario_baseline
126.0,NODE_6123,7300992884,5,0,GgGrrrr,r,False,False,0,,28.0,154.0,False,False,scenario_baseline
126.0,NODE_8426,3849142980,16,3,rrrrgggGrrrrrrrrGrGG,G,True,False,5,ped_5_0_NODE_8426|ped_5_1_NODE_8426|ped_5_2_NODE_8426|ped_5_3_NODE_8426|ped_5_4_NODE_8426,1.0,127.0,False,False,scenario_baseline
126.0,NODE_74388,436883130,16,0,GGrrrrrrgGrrrrrrG,G,True,False,5,ped_6_0_NODE_74388|ped_6_1_NODE_74388|ped_6_2_NODE_74388|ped_6_3_NODE_74388|ped_6_4_NODE_74388,2.0,128.0,False,False,scenario_baseline
126.0,NODE_10273,3846533030,12,0,rrrgGGgGGrrGr,r,False,False,0,,0.0,126.0,False,False,scenario_baseline
126.5,LINK_212169,11449716078,5,0,gGrrrGr,G,True,False,0,,5.5,132.0,False,False,scenario_baseline
126.5,NODE_8452,3846603653,2,0,GGr,r,False,False,5,ped_2_0_NODE_8452|ped_2_1_NODE_8452|ped_2_2_NODE_8452|ped_2_3_NODE_8452|ped_2_4_NODE_8452,42.5,169.0,False,False,scenario_baseline
126.5,NODE_6082,11449716078,5,0,gGrrrGr,G,True,False,0,,5.5,132.0,False,False,scenario_baseline
126.5,NODE_6123,7300992884,5,0,GgGrrrr,r,False,False,0,,27.5,154.0,False,False,scenario_baseline
126.5,NODE_8426,3849142980,16,3,rrrrgggGrrrrrrrrGrGG,G,True,False,5,ped_5_0_NODE_8426|ped_5_1_NODE_8426|ped_5_2_NODE_8426|ped_5_3_NODE_8426|ped_5_4_NODE_8426,0.5,127.0,False,False,scenario_baseline
126.5,NODE_74388,436883130,16,0,GGrrrrrrgGrrrrrrG,G,True,False,5,ped_6_0_NODE_74388|ped_6_1_NODE_74388|ped_6_2_NODE_74388|ped_6_3_NODE_74388|ped_6_4_NODE_74388,1.5,128.0,False,False,scenario_baseline
126.5,NODE_10273,3846533030,12,1,rrrgGGgGGrrrr,r,False,False,0,,2.5,129.0,False,False,scenario_baseline
127.0,LINK_212169,11449716078,5,0,gGrrrGr,G,True,False,0,,5.0,132.0,False,False,scenario_baseline
127.0,NODE_8452,3846603653,2,0,GGr,r,False,False,5,ped_2_0_NODE_8452|ped_2_1_NODE_8452|ped_2_2_NODE_8452|ped_2_3_NODE_8452|ped_2_4_NODE_8452,42.0,169.0,False,False,scenario_baseline
127.0,NODE_6082,11449716078,5,0,gGrrrGr,G,True,False,0,,5.0,132.0,False,False,scenario_baseline
127.0,NODE_6123,7300992884,5,0,GgGrrrr,r,False,False,0,,27.0,154.0,False,False,scenario_baseline
127.0,NODE_8426,3849142980,16,3,rrrrgggGrrrrrrrrGrGG,G,True,False,5,ped_5_0_NODE_8426|ped_5_1_NODE_8426|ped_5_2_NODE_8426|ped_5_3_NODE_8426|ped_5_4_NODE_8426,0.0,127.0,False,False,scenario_baseline
127.0,NODE_74388,436883130,16,0,GGrrrrrrgGrrrrrrG,G,True,False,5,ped_6_0_NODE_74388|ped_6_1_NODE_74388|ped_6_2_NODE_74388|ped_6_3_NODE_74388|ped_6_4_NODE_74388,1.0,128.0,False,False,scenario_baseline
127.0,NODE_10273,3846533030,12,1,rrrgGGgGGrrrr,r,False,False,0,,2.0,129.0,False,False,scenario_baseline
127.5,LINK_212169,11449716078,5,0,gGrrrGr,G,True,False,0,,4.5,132.0,False,False,scenario_baseline
127.5,NODE_8452,3846603653,2,0,GGr,r,False,False,5,ped_2_0_NODE_8452|ped_2_1_NODE_8452|ped_2_2_NODE_8452|ped_2_3_NODE_8452|ped_2_4_NODE_8452,41.5,169.0,False,False,scenario_baseline
127.5,NODE_6082,11449716078,5,0,gGrrrGr,G,True,False,0,,4.5,132.0,False,False,scenario_baseline
127.5,NODE_6123,7300992884,5,0,GgGrrrr,r,False,False,0,,26.5,154.0,False,False,scenario_baseline
127.5,NODE_8426,3849142980,16,4,rrrrgggGrrrrrrrrrrrr,r,False,False,5,ped_5_0_NODE_8426|ped_5_1_NODE_8426|ped_5_2_NODE_8426|ped_5_3_NODE_8426|ped_5_4_NODE_8426,2.5,130.0,False,False,scenario_baseline
127.5,NODE_74388,436883130,16,0,GGrrrrrrgGrrrrrrG,G,True,False,5,ped_6_0_NODE_74388|ped_6_1_NODE_74388|ped_6_2_NODE_74388|ped_6_3_NODE_74388|ped_6_4_NODE_74388,0.5,128.0,False,False,scenario_baseline
127.5,NODE_10273,3846533030,12,1,rrrgGGgGGrrrr,r,False,False,0,,1.5,129.0,False,False,scenario_baseline
128.0,LINK_212169,11449716078,5,0,gGrrrGr,G,True,False,0,,4.0,132.0,False,False,scenario_baseline
128.0,NODE_8452,3846603653,2,0,GGr,r,False,False,5,ped_2_0_NODE_8452|ped_2_1_NODE_8452|ped_2_2_NODE_8452|ped_2_3_NODE_8452|ped_2_4_NODE_8452,41.0,169.0,False,False,scenario_baseline
128.0,NODE_6082,11449716078,5,0,gGrrrGr,G,True,False,0,,4.0,132.0,False,False,scenario_baseline
128.0,NODE_6123,7300992884,5,0,GgGrrrr,r,False,False,0,,26.0,154.0,False,False,scenario_baseline
128.0,NODE_8426,3849142980,16,4,rrrrgggGrrrrrrrrrrrr,r,False,False,5,ped_5_0_NODE_8426|ped_5_1_NODE_8426|ped_5_2_NODE_8426|ped_5_3_NODE_8426|ped_5_4_NODE_8426,2.0,130.0,False,False,scenario_baseline
128.0,NODE_74388,436883130,16,0,GGrrrrrrgGrrrrrrG,G,True,False,5,ped_6_0_NODE_74388|ped_6_1_NODE_74388|ped_6_2_NODE_74388|ped_6_3_NODE_74388|ped_6_4_NODE_74388,0.0,128.0,False,False,scenario_baseline
128.0,NODE_10273,3846533030,12,1,rrrgGGgGGrrrr,r,False,False,0,,1.0,129.0,False,False,scenario_baseline
128.5,LINK_212169,11449716078,5,0,gGrrrGr,G,True,False,0,,3.5,132.0,False,False,scenario_baseline
128.5,NODE_8452,3846603653,2,0,GGr,r,False,False,5,ped_2_0_NODE_8452|ped_2_1_NODE_8452|ped_2_2_NODE_8452|ped_2_3_NODE_8452|ped_2_4_NODE_8452,40.5,169.0,False,False,scenario_baseline
128.5,NODE_6082,11449716078,5,0,gGrrrGr,G,True,False,0,,3.5,132.0,False,False,scenario_baseline
128.5,NODE_6123,7300992884,5,0,GgGrrrr,r,False,False,0,,25.5,154.0,False,False,scenario_baseline
128.5,NODE_8426,3849142980,16,4,rrrrgggGrrrrrrrrrrrr,r,False,False,5,ped_5_0_NODE_8426|ped_5_1_NODE_8426|ped_5_2_NODE_8426|ped_5_3_NODE_8426|ped_5_4_NODE_8426,1.5,130.0,False,False,scenario_baseline
128.5,NODE_74388,436883130,16,1,GGrrrrrrgGrrrrrrr,r,False,False,5,ped_6_0_NODE_74388|ped_6_1_NODE_74388|ped_6_2_NODE_74388|ped_6_3_NODE_74388|ped_6_4_NODE_74388,2.5,131.0,False,False,scenario_baseline
128.5,NODE_10273,3846533030,12,1,rrrgGGgGGrrrr,r,False,False,0,,0.5,129.0,False,False,scenario_baseline
129.0,LINK_212169,11449716078,5,0,gGrrrGr,G,True,False,0,,3.0,132.0,False,False,scenario_baseline
129.0,NODE_8452,3846603653,2,0,GGr,r,False,False,5,ped_2_0_NODE_8452|ped_2_1_NODE_8452|ped_2_2_NODE_8452|ped_2_3_NODE_8452|ped_2_4_NODE_8452,40.0,169.0,False,False,scenario_baseline
129.0,NODE_6082,11449716078,5,0,gGrrrGr,G,True,False,0,,3.0,132.0,False,False,scenario_baseline
129.0,NODE_6123,7300992884,5,0,GgGrrrr,r,False,False,0,,25.0,154.0,False,False,scenario_baseline
129.0,NODE_8426,3849142980,16,4,rrrrgggGrrrrrrrrrrrr,r,False,False,5,ped_5_0_NODE_8426|ped_5_1_NODE_8426|ped_5_2_NODE_8426|ped_5_3_NODE_8426|ped_5_4_NODE_8426,1.0,130.0,False,False,scenario_baseline
129.0,NODE_74388,436883130,16,1,GGrrrrrrgGrrrrrrr,r,False,False,5,ped_6_0_NODE_74388|ped_6_1_NODE_74388|ped_6_2_NODE_74388|ped_6_3_NODE_74388|ped_6_4_NODE_74388,2.0,131.0,False,False,scenario_baseline
129.0,NODE_10273,3846533030,12,1,rrrgGGgGGrrrr,r,False,False,0,,0.0,129.0,False,False,scenario_baseline
129.5,LINK_212169,11449716078,5,0,gGrrrGr,G,True,False,0,,2.5,132.0,False,False,scenario_baseline
129.5,NODE_8452,3846603653,2,0,GGr,r,False,False,5,ped_2_0_NODE_8452|ped_2_1_NODE_8452|ped_2_2_NODE_8452|ped_2_3_NODE_8452|ped_2_4_NODE_8452,39.5,169.0,False,False,scenario_baseline
129.5,NODE_6082,11449716078,5,0,gGrrrGr,G,True,False,0,,2.5,132.0,False,False,scenario_baseline
129.5,NODE_6123,7300992884,5,0,GgGrrrr,r,False,False,0,,24.5,154.0,False,False,scenario_baseline
129.5,NODE_8426,3849142980,16,4,rrrrgggGrrrrrrrrrrrr,r,False,False,5,ped_5_0_NODE_8426|ped_5_1_NODE_8426|ped_5_2_NODE_8426|ped_5_3_NODE_8426|ped_5_4_NODE_8426,0.5,130.0,False,False,scenario_baseline
129.5,NODE_74388,436883130,16,1,GGrrrrrrgGrrrrrrr,r,False,False,5,ped_6_0_NODE_74388|ped_6_1_NODE_74388|ped_6_2_NODE_74388|ped_6_3_NODE_74388|ped_6_4_NODE_74388,1.5,131.0,False,False,scenario_baseline
129.5,NODE_10273,3846533030,12,2,rrryyyyGGrrrr,r,False,False,0,,5.5,135.0,False,False,scenario_baseline
130.0,LINK_212169,11449716078,5,0,gGrrrGr,G,True,False,0,,2.0,132.0,False,False,scenario_baseline
130.0,NODE_8452,3846603653,2,0,GGr,r,False,False,5,ped_2_0_NODE_8452|ped_2_1_NODE_8452|ped_2_2_NODE_8452|ped_2_3_NODE_8452|ped_2_4_NODE_8452,39.0,169.0,False,False,scenario_baseline
130.0,NODE_6082,11449716078,5,0,gGrrrGr,G,True,False,0,,2.0,132.0,False,False,scenario_baseline
130.0,NODE_6123,7300992884,5,0,GgGrrrr,r,False,False,0,,24.0,154.0,False,False,scenario_baseline
130.0,NODE_8426,3849142980,16,4,rrrrgggGrrrrrrrrrrrr,r,False,False,5,ped_5_0_NODE_8426|ped_5_1_NODE_8426|ped_5_2_NODE_8426|ped_5_3_NODE_8426|ped_5_4_NODE_8426,0.0,130.0,False,False,scenario_baseline
130.0,NODE_74388,436883130,16,1,GGrrrrrrgGrrrrrrr,r,False,False,5,ped_6_0_NODE_74388|ped_6_1_NODE_74388|ped_6_2_NODE_74388|ped_6_3_NODE_74388|ped_6_4_NODE_74388,1.0,131.0,False,False,scenario_baseline
130.0,NODE_10273,3846533030,12,2,rrryyyyGGrrrr,r,False,False,0,,5.0,135.0,False,False,scenario_baseline
130.5,LINK_212169,11449716078,5,0,gGrrrGr,G,True,False,0,,1.5,132.0,False,False,scenario_baseline
130.5,NODE_8452,3846603653,2,0,GGr,r,False,False,5,ped_2_0_NODE_8452|ped_2_1_NODE_8452|ped_2_2_NODE_8452|ped_2_3_NODE_8452|ped_2_4_NODE_8452,38.5,169.0,False,False,scenario_baseline
130.5,NODE_6082,11449716078,5,0,gGrrrGr,G,True,False,0,,1.5,132.0,False,False,scenario_baseline
130.5,NODE_6123,7300992884,5,0,GgGrrrr,r,False,False,0,,23.5,154.0,False,False,scenario_baseline
130.5,NODE_8426,3849142980,16,5,rrrryyyyrrrrrrrrrrrr,r,False,False,5,ped_5_0_NODE_8426|ped_5_1_NODE_8426|ped_5_2_NODE_8426|ped_5_3_NODE_8426|ped_5_4_NODE_8426,2.5,133.0,False,False,scenario_baseline
130.5,NODE_74388,436883130,16,1,GGrrrrrrgGrrrrrrr,r,False,False,5,ped_6_0_NODE_74388|ped_6_1_NODE_74388|ped_6_2_NODE_74388|ped_6_3_NODE_74388|ped_6_4_NODE_74388,0.5,131.0,False,False,scenario_baseline
130.5,NODE_10273,3846533030,12,2,rrryyyyGGrrrr,r,False,False,0,,4.5,135.0,False,False,scenario_baseline
131.0,LINK_212169,11449716078,5,0,gGrrrGr,G,True,False,0,,1.0,132.0,False,False,scenario_baseline
131.0,NODE_8452,3846603653,2,0,GGr,r,False,False,5,ped_2_0_NODE_8452|ped_2_1_NODE_8452|ped_2_2_NODE_8452|ped_2_3_NODE_8452|ped_2_4_NODE_8452,38.0,169.0,False,False,scenario_baseline
131.0,NODE_6082,11449716078,5,0,gGrrrGr,G,True,False,0,,1.0,132.0,False,False,scenario_baseline
131.0,NODE_6123,7300992884,5,0,GgGrrrr,r,False,False,0,,23.0,154.0,False,False,scenario_baseline
131.0,NODE_8426,3849142980,16,5,rrrryyyyrrrrrrrrrrrr,r,False,False,5,ped_5_0_NODE_8426|ped_5_1_NODE_8426|ped_5_2_NODE_8426|ped_5_3_NODE_8426|ped_5_4_NODE_8426,2.0,133.0,False,False,scenario_baseline
131.0,NODE_74388,436883130,16,1,GGrrrrrrgGrrrrrrr,r,False,False,5,ped_6_0_NODE_74388|ped_6_1_NODE_74388|ped_6_2_NODE_74388|ped_6_3_NODE_74388|ped_6_4_NODE_74388,0.0,131.0,False,False,scenario_baseline
131.0,NODE_10273,3846533030,12,2,rrryyyyGGrrrr,r,False,False,0,,4.0,135.0,False,False,scenario_baseline
131.5,LINK_212169,11449716078,5,0,gGrrrGr,G,True,False,0,,0.5,132.0,False,False,scenario_baseline
131.5,NODE_8452,3846603653,2,0,GGr,r,False,False,5,ped_2_0_NODE_8452|ped_2_1_NODE_8452|ped_2_2_NODE_8452|ped_2_3_NODE_8452|ped_2_4_NODE_8452,37.5,169.0,False,False,scenario_baseline
131.5,NODE_6082,11449716078,5,0,gGrrrGr,G,True,False,0,,0.5,132.0,False,False,scenario_baseline
131.5,NODE_6123,7300992884,5,0,GgGrrrr,r,False,False,0,,22.5,154.0,False,False,scenario_baseline
131.5,NODE_8426,3849142980,16,5,rrrryyyyrrrrrrrrrrrr,r,False,False,5,ped_5_0_NODE_8426|ped_5_1_NODE_8426|ped_5_2_NODE_8426|ped_5_3_NODE_8426|ped_5_4_NODE_8426,1.5,133.0,False,False,scenario_baseline
131.5,NODE_74388,436883130,16,2,yyrrrrrryyrrrrrrr,r,False,False,5,ped_6_0_NODE_74388|ped_6_1_NODE_74388|ped_6_2_NODE_74388|ped_6_3_NODE_74388|ped_6_4_NODE_74388,4.5,136.0,False,False,scenario_baseline
131.5,NODE_10273,3846533030,12,2,rrryyyyGGrrrr,r,False,False,0,,3.5,135.0,False,False,scenario_baseline
132.0,LINK_212169,11449716078,5,0,gGrrrGr,G,True,False,0,,0.0,132.0,False,False,scenario_baseline
132.0,NODE_8452,3846603653,2,0,GGr,r,False,False,5,ped_2_0_NODE_8452|ped_2_1_NODE_8452|ped_2_2_NODE_8452|ped_2_3_NODE_8452|ped_2_4_NODE_8452,37.0,169.0,False,False,scenario_baseline
132.0,NODE_6082,11449716078,5,0,gGrrrGr,G,True,False,0,,0.0,132.0,False,False,scenario_baseline
132.0,NODE_6123,7300992884,5,0,GgGrrrr,r,False,False,0,,22.0,154.0,False,False,scenario_baseline
132.0,NODE_8426,3849142980,16,5,rrrryyyyrrrrrrrrrrrr,r,False,False,5,ped_5_0_NODE_8426|ped_5_1_NODE_8426|ped_5_2_NODE_8426|ped_5_3_NODE_8426|ped_5_4_NODE_8426,1.0,133.0,False,False,scenario_baseline
132.0,NODE_74388,436883130,16,2,yyrrrrrryyrrrrrrr,r,False,False,5,ped_6_0_NODE_74388|ped_6_1_NODE_74388|ped_6_2_NODE_74388|ped_6_3_NODE_74388|ped_6_4_NODE_74388,4.0,136.0,False,False,scenario_baseline
132.0,NODE_10273,3846533030,12,2,rrryyyyGGrrrr,r,False,False,0,,3.0,135.0,False,False,scenario_baseline
132.5,LINK_212169,11449716078,5,1,gGrrrrr,r,False,False,0,,2.5,135.0,False,False,scenario_baseline
132.5,NODE_8452,3846603653,2,0,GGr,r,False,False,5,ped_2_0_NODE_8452|ped_2_1_NODE_8452|ped_2_2_NODE_8452|ped_2_3_NODE_8452|ped_2_4_NODE_8452,36.5,169.0,False,False,scenario_baseline
132.5,NODE_6082,11449716078,5,1,gGrrrrr,r,False,False,0,,2.5,135.0,False,False,scenario_baseline
132.5,NODE_6123,7300992884,5,0,GgGrrrr,r,False,False,0,,21.5,154.0,False,False,scenario_baseline
132.5,NODE_8426,3849142980,16,5,rrrryyyyrrrrrrrrrrrr,r,False,False,5,ped_5_0_NODE_8426|ped_5_1_NODE_8426|ped_5_2_NODE_8426|ped_5_3_NODE_8426|ped_5_4_NODE_8426,0.5,133.0,False,False,scenario_baseline
132.5,NODE_74388,436883130,16,2,yyrrrrrryyrrrrrrr,r,False,False,5,ped_6_0_NODE_74388|ped_6_1_NODE_74388|ped_6_2_NODE_74388|ped_6_3_NODE_74388|ped_6_4_NODE_74388,3.5,136.0,False,False,scenario_baseline
132.5,NODE_10273,3846533030,12,2,rrryyyyGGrrrr,r,False,False,0,,2.5,135.0,False,False,scenario_baseline
133.0,LINK_212169,11449716078,5,1,gGrrrrr,r,False,False,0,,2.0,135.0,False,False,scenario_baseline
133.0,NODE_8452,3846603653,2,0,GGr,r,False,False,5,ped_2_0_NODE_8452|ped_2_1_NODE_8452|ped_2_2_NODE_8452|ped_2_3_NODE_8452|ped_2_4_NODE_8452,36.0,169.0,False,False,scenario_baseline
133.0,NODE_6082,11449716078,5,1,gGrrrrr,r,False,False,0,,2.0,135.0,False,False,scenario_baseline
133.0,NODE_6123,7300992884,5,0,GgGrrrr,r,False,False,0,,21.0,154.0,False,False,scenario_baseline
133.0,NODE_8426,3849142980,16,5,rrrryyyyrrrrrrrrrrrr,r,False,False,5,ped_5_0_NODE_8426|ped_5_1_NODE_8426|ped_5_2_NODE_8426|ped_5_3_NODE_8426|ped_5_4_NODE_8426,0.0,133.0,False,False,scenario_baseline
133.0,NODE_74388,436883130,16,2,yyrrrrrryyrrrrrrr,r,False,False,5,ped_6_0_NODE_74388|ped_6_1_NODE_74388|ped_6_2_NODE_74388|ped_6_3_NODE_74388|ped_6_4_NODE_74388,3.0,136.0,False,False,scenario_baseline
133.0,NODE_10273,3846533030,12,2,rrryyyyGGrrrr,r,False,False,0,,2.0,135.0,False,False,scenario_baseline
133.5,LINK_212169,11449716078,5,1,gGrrrrr,r,False,False,0,,1.5,135.0,False,False,scenario_baseline
133.5,NODE_8452,3846603653,2,0,GGr,r,False,False,5,ped_2_0_NODE_8452|ped_2_1_NODE_8452|ped_2_2_NODE_8452|ped_2_3_NODE_8452|ped_2_4_NODE_8452,35.5,169.0,False,False,scenario_baseline
133.5,NODE_6082,11449716078,5,1,gGrrrrr,r,False,False,0,,1.5,135.0,False,False,scenario_baseline
133.5,NODE_6123,7300992884,5,0,GgGrrrr,r,False,False,0,,20.5,154.0,False,False,scenario_baseline
133.5,NODE_8426,3849142980,16,6,rrrrrrrrrrrrrrrrGrrr,G,True,True,5,ped_5_0_NODE_8426|ped_5_1_NODE_8426|ped_5_2_NODE_8426|ped_5_3_NODE_8426|ped_5_4_NODE_8426,0.5,134.0,False,False,scenario_baseline
133.5,NODE_74388,436883130,16,2,yyrrrrrryyrrrrrrr,r,False,False,5,ped_6_0_NODE_74388|ped_6_1_NODE_74388|ped_6_2_NODE_74388|ped_6_3_NODE_74388|ped_6_4_NODE_74388,2.5,136.0,False,False,scenario_baseline
133.5,NODE_10273,3846533030,12,2,rrryyyyGGrrrr,r,False,False,0,,1.5,135.0,False,False,scenario_baseline
134.0,LINK_212169,11449716078,5,1,gGrrrrr,r,False,False,0,,1.0,135.0,False,False,scenario_baseline
134.0,NODE_8452,3846603653,2,0,GGr,r,False,False,5,ped_2_0_NODE_8452|ped_2_1_NODE_8452|ped_2_2_NODE_8452|ped_2_3_NODE_8452|ped_2_4_NODE_8452,35.0,169.0,False,False,scenario_baseline
134.0,NODE_6082,11449716078,5,1,gGrrrrr,r,False,False,0,,1.0,135.0,False,False,scenario_baseline
134.0,NODE_6123,7300992884,5,0,GgGrrrr,r,False,False,0,,20.0,154.0,False,False,scenario_baseline
134.0,NODE_8426,3849142980,16,6,rrrrrrrrrrrrrrrrGrrr,G,True,True,5,ped_5_0_NODE_8426|ped_5_1_NODE_8426|ped_5_2_NODE_8426|ped_5_3_NODE_8426|ped_5_4_NODE_8426,0.0,134.0,False,False,scenario_baseline
134.0,NODE_74388,436883130,16,2,yyrrrrrryyrrrrrrr,r,False,False,5,ped_6_0_NODE_74388|ped_6_1_NODE_74388|ped_6_2_NODE_74388|ped_6_3_NODE_74388|ped_6_4_NODE_74388,2.0,136.0,False,False,scenario_baseline
134.0,NODE_10273,3846533030,12,2,rrryyyyGGrrrr,r,False,False,0,,1.0,135.0,False,False,scenario_baseline
134.5,LINK_212169,11449716078,5,1,gGrrrrr,r,False,False,0,,0.5,135.0,False,False,scenario_baseline
134.5,NODE_8452,3846603653,2,0,GGr,r,False,False,5,ped_2_0_NODE_8452|ped_2_1_NODE_8452|ped_2_2_NODE_8452|ped_2_3_NODE_8452|ped_2_4_NODE_8452,34.5,169.0,False,False,scenario_baseline
134.5,NODE_6082,11449716078,5,1,gGrrrrr,r,False,False,0,,0.5,135.0,False,False,scenario_baseline
134.5,NODE_6123,7300992884,5,0,GgGrrrr,r,False,False,0,,19.5,154.0,False,False,scenario_baseline
134.5,NODE_8426,3849142980,16,7,rrrrrrrrrrrrgggGGGGr,G,True,False,5,ped_5_0_NODE_8426|ped_5_1_NODE_8426|ped_5_2_NODE_8426|ped_5_3_NODE_8426|ped_5_4_NODE_8426,16.5,151.0,False,False,scenario_baseline
134.5,NODE_74388,436883130,16,2,yyrrrrrryyrrrrrrr,r,False,False,5,ped_6_0_NODE_74388|ped_6_1_NODE_74388|ped_6_2_NODE_74388|ped_6_3_NODE_74388|ped_6_4_NODE_74388,1.5,136.0,False,False,scenario_baseline
134.5,NODE_10273,3846533030,12,2,rrryyyyGGrrrr,r,False,False,0,,0.5,135.0,False,False,scenario_baseline
135.0,LINK_212169,11449716078,5,1,gGrrrrr,r,False,False,0,,0.0,135.0,False,False,scenario_baseline
135.0,NODE_8452,3846603653,2,0,GGr,r,False,False,5,ped_2_0_NODE_8452|ped_2_1_NODE_8452|ped_2_2_NODE_8452|ped_2_3_NODE_8452|ped_2_4_NODE_8452,34.0,169.0,False,False,scenario_baseline
135.0,NODE_6082,11449716078,5,1,gGrrrrr,r,False,False,0,,0.0,135.0,False,False,scenario_baseline
135.0,NODE_6123,7300992884,5,0,GgGrrrr,r,False,False,0,,19.0,154.0,False,False,scenario_baseline
135.0,NODE_8426,3849142980,16,7,rrrrrrrrrrrrgggGGGGr,G,True,False,5,ped_5_0_NODE_8426|ped_5_1_NODE_8426|ped_5_2_NODE_8426|ped_5_3_NODE_8426|ped_5_4_NODE_8426,16.0,151.0,False,False,scenario_baseline
135.0,NODE_74388,436883130,16,2,yyrrrrrryyrrrrrrr,r,False,False,5,ped_6_0_NODE_74388|ped_6_1_NODE_74388|ped_6_2_NODE_74388|ped_6_3_NODE_74388|ped_6_4_NODE_74388,1.0,136.0,False,False,scenario_baseline
135.0,NODE_10273,3846533030,12,2,rrryyyyGGrrrr,r,False,False,0,,0.0,135.0,False,False,scenario_baseline
135.5,LINK_212169,11449716078,5,2,yyrrrrr,r,False,False,0,,5.5,141.0,False,False,scenario_baseline
135.5,NODE_8452,3846603653,2,0,GGr,r,False,False,5,ped_2_0_NODE_8452|ped_2_1_NODE_8452|ped_2_2_NODE_8452|ped_2_3_NODE_8452|ped_2_4_NODE_8452,33.5,169.0,False,False,scenario_baseline
135.5,NODE_6082,11449716078,5,2,yyrrrrr,r,False,False,0,,5.5,141.0,False,False,scenario_baseline
135.5,NODE_6123,7300992884,5,0,GgGrrrr,r,False,False,0,,18.5,154.0,False,False,scenario_baseline
135.5,NODE_8426,3849142980,16,7,rrrrrrrrrrrrgggGGGGr,G,True,False,5,ped_5_0_NODE_8426|ped_5_1_NODE_8426|ped_5_2_NODE_8426|ped_5_3_NODE_8426|ped_5_4_NODE_8426,15.5,151.0,False,False,scenario_baseline
135.5,NODE_74388,436883130,16,2,yyrrrrrryyrrrrrrr,r,False,False,5,ped_6_0_NODE_74388|ped_6_1_NODE_74388|ped_6_2_NODE_74388|ped_6_3_NODE_74388|ped_6_4_NODE_74388,0.5,136.0,False,False,scenario_baseline
135.5,NODE_10273,3846533030,12,3,rrrrrrrGGGGrr,r,False,False,0,,5.5,141.0,False,False,scenario_baseline
136.0,LINK_212169,11449716078,5,2,yyrrrrr,r,False,False,0,,5.0,141.0,False,False,scenario_baseline
136.0,NODE_8452,3846603653,2,0,GGr,r,False,False,5,ped_2_0_NODE_8452|ped_2_1_NODE_8452|ped_2_2_NODE_8452|ped_2_3_NODE_8452|ped_2_4_NODE_8452,33.0,169.0,False,False,scenario_baseline
136.0,NODE_6082,11449716078,5,2,yyrrrrr,r,False,False,0,,5.0,141.0,False,False,scenario_baseline
136.0,NODE_6123,7300992884,5,0,GgGrrrr,r,False,False,0,,18.0,154.0,False,False,scenario_baseline
136.0,NODE_8426,3849142980,16,7,rrrrrrrrrrrrgggGGGGr,G,True,False,5,ped_5_0_NODE_8426|ped_5_1_NODE_8426|ped_5_2_NODE_8426|ped_5_3_NODE_8426|ped_5_4_NODE_8426,15.0,151.0,False,False,scenario_baseline
136.0,NODE_74388,436883130,16,2,yyrrrrrryyrrrrrrr,r,False,False,5,ped_6_0_NODE_74388|ped_6_1_NODE_74388|ped_6_2_NODE_74388|ped_6_3_NODE_74388|ped_6_4_NODE_74388,0.0,136.0,False,False,scenario_baseline
136.0,NODE_10273,3846533030,12,3,rrrrrrrGGGGrr,r,False,False,0,,5.0,141.0,False,False,scenario_baseline
136.5,LINK_212169,11449716078,5,2,yyrrrrr,r,False,False,0,,4.5,141.0,False,False,scenario_baseline
136.5,NODE_8452,3846603653,2,0,GGr,r,False,False,3,ped_2_0_NODE_8452|ped_2_1_NODE_8452|ped_2_2_NODE_8452,32.5,169.0,False,False,scenario_baseline
136.5,NODE_6082,11449716078,5,2,yyrrrrr,r,False,False,0,,4.5,141.0,False,False,scenario_baseline
136.5,NODE_6123,7300992884,5,0,GgGrrrr,r,False,False,0,,17.5,154.0,False,False,scenario_baseline
136.5,NODE_8426,3849142980,16,7,rrrrrrrrrrrrgggGGGGr,G,True,False,5,ped_5_0_NODE_8426|ped_5_1_NODE_8426|ped_5_2_NODE_8426|ped_5_3_NODE_8426|ped_5_4_NODE_8426,14.5,151.0,False,False,scenario_baseline
136.5,NODE_74388,436883130,16,3,rrGGrrrrrrGGrrrrr,r,False,False,5,ped_6_0_NODE_74388|ped_6_1_NODE_74388|ped_6_2_NODE_74388|ped_6_3_NODE_74388|ped_6_4_NODE_74388,5.5,142.0,False,False,scenario_baseline
136.5,NODE_10273,3846533030,12,3,rrrrrrrGGGGrr,r,False,False,0,,4.5,141.0,False,False,scenario_baseline
137.0,LINK_212169,11449716078,5,2,yyrrrrr,r,False,False,0,,4.0,141.0,False,False,scenario_baseline
137.0,NODE_8452,3846603653,2,0,GGr,r,False,False,3,ped_2_0_NODE_8452|ped_2_1_NODE_8452|ped_2_2_NODE_8452,32.0,169.0,False,False,scenario_baseline
137.0,NODE_6082,11449716078,5,2,yyrrrrr,r,False,False,0,,4.0,141.0,False,False,scenario_baseline
137.0,NODE_6123,7300992884,5,0,GgGrrrr,r,False,False,0,,17.0,154.0,False,False,scenario_baseline
137.0,NODE_8426,3849142980,16,7,rrrrrrrrrrrrgggGGGGr,G,True,False,5,ped_5_0_NODE_8426|ped_5_1_NODE_8426|ped_5_2_NODE_8426|ped_5_3_NODE_8426|ped_5_4_NODE_8426,14.0,151.0,False,False,scenario_baseline
137.0,NODE_74388,436883130,16,3,rrGGrrrrrrGGrrrrr,r,False,False,5,ped_6_0_NODE_74388|ped_6_1_NODE_74388|ped_6_2_NODE_74388|ped_6_3_NODE_74388|ped_6_4_NODE_74388,5.0,142.0,False,False,scenario_baseline
137.0,NODE_10273,3846533030,12,3,rrrrrrrGGGGrr,r,False,False,0,,4.0,141.0,False,False,scenario_baseline
137.5,LINK_212169,11449716078,5,2,yyrrrrr,r,False,False,0,,3.5,141.0,False,False,scenario_baseline
137.5,NODE_8452,3846603653,2,0,GGr,r,False,False,3,ped_2_0_NODE_8452|ped_2_1_NODE_8452|ped_2_2_NODE_8452,31.5,169.0,False,False,scenario_baseline
137.5,NODE_6082,11449716078,5,2,yyrrrrr,r,False,False,0,,3.5,141.0,False,False,scenario_baseline
137.5,NODE_6123,7300992884,5,0,GgGrrrr,r,False,False,0,,16.5,154.0,False,False,scenario_baseline
137.5,NODE_8426,3849142980,16,7,rrrrrrrrrrrrgggGGGGr,G,True,False,5,ped_5_0_NODE_8426|ped_5_1_NODE_8426|ped_5_2_NODE_8426|ped_5_3_NODE_8426|ped_5_4_NODE_8426,13.5,151.0,False,False,scenario_baseline
137.5,NODE_74388,436883130,16,3,rrGGrrrrrrGGrrrrr,r,False,False,5,ped_6_0_NODE_74388|ped_6_1_NODE_74388|ped_6_2_NODE_74388|ped_6_3_NODE_74388|ped_6_4_NODE_74388,4.5,142.0,False,False,scenario_baseline
137.5,NODE_10273,3846533030,12,3,rrrrrrrGGGGrr,r,False,False,0,,3.5,141.0,False,False,scenario_baseline
138.0,LINK_212169,11449716078,5,2,yyrrrrr,r,False,False,0,,3.0,141.0,False,False,scenario_baseline
138.0,NODE_8452,3846603653,2,0,GGr,r,False,False,3,ped_2_0_NODE_8452|ped_2_1_NODE_8452|ped_2_2_NODE_8452,31.0,169.0,False,False,scenario_baseline
138.0,NODE_6082,11449716078,5,2,yyrrrrr,r,False,False,0,,3.0,141.0,False,False,scenario_baseline
138.0,NODE_6123,7300992884,5,0,GgGrrrr,r,False,False,0,,16.0,154.0,False,False,scenario_baseline
138.0,NODE_8426,3849142980,16,7,rrrrrrrrrrrrgggGGGGr,G,True,False,5,ped_5_0_NODE_8426|ped_5_1_NODE_8426|ped_5_2_NODE_8426|ped_5_3_NODE_8426|ped_5_4_NODE_8426,13.0,151.0,False,False,scenario_baseline
138.0,NODE_74388,436883130,16,3,rrGGrrrrrrGGrrrrr,r,False,False,5,ped_6_0_NODE_74388|ped_6_1_NODE_74388|ped_6_2_NODE_74388|ped_6_3_NODE_74388|ped_6_4_NODE_74388,4.0,142.0,False,False,scenario_baseline
138.0,NODE_10273,3846533030,12,3,rrrrrrrGGGGrr,r,False,False,0,,3.0,141.0,False,False,scenario_baseline
138.5,LINK_212169,11449716078,5,2,yyrrrrr,r,False,False,0,,2.5,141.0,False,False,scenario_baseline
138.5,NODE_8452,3846603653,2,0,GGr,r,False,False,3,ped_2_0_NODE_8452|ped_2_1_NODE_8452|ped_2_2_NODE_8452,30.5,169.0,False,False,scenario_baseline
138.5,NODE_6082,11449716078,5,2,yyrrrrr,r,False,False,0,,2.5,141.0,False,False,scenario_baseline
138.5,NODE_6123,7300992884,5,0,GgGrrrr,r,False,False,0,,15.5,154.0,False,False,scenario_baseline
138.5,NODE_8426,3849142980,16,7,rrrrrrrrrrrrgggGGGGr,G,True,False,5,ped_5_0_NODE_8426|ped_5_1_NODE_8426|ped_5_2_NODE_8426|ped_5_3_NODE_8426|ped_5_4_NODE_8426,12.5,151.0,False,False,scenario_baseline
138.5,NODE_74388,436883130,16,3,rrGGrrrrrrGGrrrrr,r,False,False,5,ped_6_0_NODE_74388|ped_6_1_NODE_74388|ped_6_2_NODE_74388|ped_6_3_NODE_74388|ped_6_4_NODE_74388,3.5,142.0,False,False,scenario_baseline
138.5,NODE_10273,3846533030,12,3,rrrrrrrGGGGrr,r,False,False,0,,2.5,141.0,False,False,scenario_baseline
139.0,LINK_212169,11449716078,5,2,yyrrrrr,r,False,False,0,,2.0,141.0,False,False,scenario_baseline
139.0,NODE_8452,3846603653,2,0,GGr,r,False,False,3,ped_2_0_NODE_8452|ped_2_1_NODE_8452|ped_2_2_NODE_8452,30.0,169.0,False,False,scenario_baseline
139.0,NODE_6082,11449716078,5,2,yyrrrrr,r,False,False,0,,2.0,141.0,False,False,scenario_baseline
139.0,NODE_6123,7300992884,5,0,GgGrrrr,r,False,False,0,,15.0,154.0,False,False,scenario_baseline
139.0,NODE_8426,3849142980,16,7,rrrrrrrrrrrrgggGGGGr,G,True,False,5,ped_5_0_NODE_8426|ped_5_1_NODE_8426|ped_5_2_NODE_8426|ped_5_3_NODE_8426|ped_5_4_NODE_8426,12.0,151.0,False,False,scenario_baseline
139.0,NODE_74388,436883130,16,3,rrGGrrrrrrGGrrrrr,r,False,False,5,ped_6_0_NODE_74388|ped_6_1_NODE_74388|ped_6_2_NODE_74388|ped_6_3_NODE_74388|ped_6_4_NODE_74388,3.0,142.0,False,False,scenario_baseline
139.0,NODE_10273,3846533030,12,3,rrrrrrrGGGGrr,r,False,False,0,,2.0,141.0,False,False,scenario_baseline
139.5,LINK_212169,11449716078,5,2,yyrrrrr,r,False,False,0,,1.5,141.0,False,False,scenario_baseline
139.5,NODE_8452,3846603653,2,0,GGr,r,False,False,3,ped_2_0_NODE_8452|ped_2_1_NODE_8452|ped_2_2_NODE_8452,29.5,169.0,False,False,scenario_baseline
139.5,NODE_6082,11449716078,5,2,yyrrrrr,r,False,False,0,,1.5,141.0,False,False,scenario_baseline
139.5,NODE_6123,7300992884,5,0,GgGrrrr,r,False,False,0,,14.5,154.0,False,False,scenario_baseline
139.5,NODE_8426,3849142980,16,7,rrrrrrrrrrrrgggGGGGr,G,True,False,5,ped_5_0_NODE_8426|ped_5_1_NODE_8426|ped_5_2_NODE_8426|ped_5_3_NODE_8426|ped_5_4_NODE_8426,11.5,151.0,False,False,scenario_baseline
139.5,NODE_74388,436883130,16,3,rrGGrrrrrrGGrrrrr,r,False,False,5,ped_6_0_NODE_74388|ped_6_1_NODE_74388|ped_6_2_NODE_74388|ped_6_3_NODE_74388|ped_6_4_NODE_74388,2.5,142.0,False,False,scenario_baseline
139.5,NODE_10273,3846533030,12,3,rrrrrrrGGGGrr,r,False,False,0,,1.5,141.0,False,False,scenario_baseline
140.0,LINK_212169,11449716078,5,2,yyrrrrr,r,False,False,0,,1.0,141.0,False,False,scenario_baseline
140.0,NODE_8452,3846603653,2,0,GGr,r,False,False,3,ped_2_0_NODE_8452|ped_2_1_NODE_8452|ped_2_2_NODE_8452,29.0,169.0,False,False,scenario_baseline
140.0,NODE_6082,11449716078,5,2,yyrrrrr,r,False,False,0,,1.0,141.0,False,False,scenario_baseline
140.0,NODE_6123,7300992884,5,0,GgGrrrr,r,False,False,0,,14.0,154.0,False,False,scenario_baseline
140.0,NODE_8426,3849142980,16,7,rrrrrrrrrrrrgggGGGGr,G,True,False,5,ped_5_0_NODE_8426|ped_5_1_NODE_8426|ped_5_2_NODE_8426|ped_5_3_NODE_8426|ped_5_4_NODE_8426,11.0,151.0,False,False,scenario_baseline
140.0,NODE_74388,436883130,16,3,rrGGrrrrrrGGrrrrr,r,False,False,5,ped_6_0_NODE_74388|ped_6_1_NODE_74388|ped_6_2_NODE_74388|ped_6_3_NODE_74388|ped_6_4_NODE_74388,2.0,142.0,False,False,scenario_baseline
140.0,NODE_10273,3846533030,12,3,rrrrrrrGGGGrr,r,False,False,0,,1.0,141.0,False,False,scenario_baseline
140.5,LINK_212169,11449716078,5,2,yyrrrrr,r,False,False,0,,0.5,141.0,False,False,scenario_baseline
140.5,NODE_8452,3846603653,2,0,GGr,r,False,False,3,ped_2_0_NODE_8452|ped_2_1_NODE_8452|ped_2_2_NODE_8452,28.5,169.0,False,False,scenario_baseline
140.5,NODE_6082,11449716078,5,2,yyrrrrr,r,False,False,0,,0.5,141.0,False,False,scenario_baseline
140.5,NODE_6123,7300992884,5,0,GgGrrrr,r,False,False,0,,13.5,154.0,False,False,scenario_baseline
140.5,NODE_8426,3849142980,16,7,rrrrrrrrrrrrgggGGGGr,G,True,False,5,ped_5_0_NODE_8426|ped_5_1_NODE_8426|ped_5_2_NODE_8426|ped_5_3_NODE_8426|ped_5_4_NODE_8426,10.5,151.0,False,False,scenario_baseline
140.5,NODE_74388,436883130,16,3,rrGGrrrrrrGGrrrrr,r,False,False,5,ped_6_0_NODE_74388|ped_6_1_NODE_74388|ped_6_2_NODE_74388|ped_6_3_NODE_74388|ped_6_4_NODE_74388,1.5,142.0,False,False,scenario_baseline
140.5,NODE_10273,3846533030,12,3,rrrrrrrGGGGrr,r,False,False,0,,0.5,141.0,False,False,scenario_baseline
141.0,LINK_212169,11449716078,5,2,yyrrrrr,r,False,False,0,,0.0,141.0,False,False,scenario_baseline
141.0,NODE_8452,3846603653,2,0,GGr,r,False,False,3,ped_2_0_NODE_8452|ped_2_1_NODE_8452|ped_2_2_NODE_8452,28.0,169.0,False,False,scenario_baseline
141.0,NODE_6082,11449716078,5,2,yyrrrrr,r,False,False,0,,0.0,141.0,False,False,scenario_baseline
141.0,NODE_6123,7300992884,5,0,GgGrrrr,r,False,False,0,,13.0,154.0,False,False,scenario_baseline
141.0,NODE_8426,3849142980,16,7,rrrrrrrrrrrrgggGGGGr,G,True,False,5,ped_5_0_NODE_8426|ped_5_1_NODE_8426|ped_5_2_NODE_8426|ped_5_3_NODE_8426|ped_5_4_NODE_8426,10.0,151.0,False,False,scenario_baseline
141.0,NODE_74388,436883130,16,3,rrGGrrrrrrGGrrrrr,r,False,False,5,ped_6_0_NODE_74388|ped_6_1_NODE_74388|ped_6_2_NODE_74388|ped_6_3_NODE_74388|ped_6_4_NODE_74388,1.0,142.0,False,False,scenario_baseline
141.0,NODE_10273,3846533030,12,3,rrrrrrrGGGGrr,r,False,False,0,,0.0,141.0,False,False,scenario_baseline
141.5,LINK_212169,11449716078,5,3,rrgGGrG,r,False,False,0,,35.5,177.0,False,False,scenario_baseline
141.5,NODE_8452,3846603653,2,0,GGr,r,False,False,3,ped_2_0_NODE_8452|ped_2_1_NODE_8452|ped_2_2_NODE_8452,27.5,169.0,False,False,scenario_baseline
141.5,NODE_6082,11449716078,5,3,rrgGGrG,r,False,False,0,,35.5,177.0,False,False,scenario_baseline
141.5,NODE_6123,7300992884,5,0,GgGrrrr,r,False,False,0,,12.5,154.0,False,False,scenario_baseline
141.5,NODE_8426,3849142980,16,7,rrrrrrrrrrrrgggGGGGr,G,True,False,5,ped_5_0_NODE_8426|ped_5_1_NODE_8426|ped_5_2_NODE_8426|ped_5_3_NODE_8426|ped_5_4_NODE_8426,9.5,151.0,False,False,scenario_baseline
141.5,NODE_74388,436883130,16,3,rrGGrrrrrrGGrrrrr,r,False,False,5,ped_6_0_NODE_74388|ped_6_1_NODE_74388|ped_6_2_NODE_74388|ped_6_3_NODE_74388|ped_6_4_NODE_74388,0.5,142.0,False,False,scenario_baseline
141.5,NODE_10273,3846533030,12,4,rrrrrrryyyyrr,r,False,False,0,,5.5,147.0,False,False,scenario_baseline
142.0,LINK_212169,11449716078,5,3,rrgGGrG,r,False,False,0,,35.0,177.0,False,False,scenario_baseline
142.0,NODE_8452,3846603653,2,0,GGr,r,False,False,2,ped_2_1_NODE_8452|ped_2_2_NODE_8452,27.0,169.0,False,False,scenario_baseline
142.0,NODE_6082,11449716078,5,3,rrgGGrG,r,False,False,0,,35.0,177.0,False,False,scenario_baseline
142.0,NODE_6123,7300992884,5,0,GgGrrrr,r,False,False,0,,12.0,154.0,False,False,scenario_baseline
142.0,NODE_8426,3849142980,16,7,rrrrrrrrrrrrgggGGGGr,G,True,False,5,ped_5_0_NODE_8426|ped_5_1_NODE_8426|ped_5_2_NODE_8426|ped_5_3_NODE_8426|ped_5_4_NODE_8426,9.0,151.0,False,False,scenario_baseline
142.0,NODE_74388,436883130,16,3,rrGGrrrrrrGGrrrrr,r,False,False,5,ped_6_0_NODE_74388|ped_6_1_NODE_74388|ped_6_2_NODE_74388|ped_6_3_NODE_74388|ped_6_4_NODE_74388,0.0,142.0,False,False,scenario_baseline
142.0,NODE_10273,3846533030,12,4,rrrrrrryyyyrr,r,False,False,0,,5.0,147.0,False,False,scenario_baseline
142.5,LINK_212169,11449716078,5,3,rrgGGrG,r,False,False,0,,34.5,177.0,False,False,scenario_baseline
142.5,NODE_8452,3846603653,2,0,GGr,r,False,False,1,ped_2_2_NODE_8452,26.5,169.0,False,False,scenario_baseline
142.5,NODE_6082,11449716078,5,3,rrgGGrG,r,False,False,0,,34.5,177.0,False,False,scenario_baseline
142.5,NODE_6123,7300992884,5,0,GgGrrrr,r,False,False,0,,11.5,154.0,False,False,scenario_baseline
142.5,NODE_8426,3849142980,16,7,rrrrrrrrrrrrgggGGGGr,G,True,False,5,ped_5_0_NODE_8426|ped_5_1_NODE_8426|ped_5_2_NODE_8426|ped_5_3_NODE_8426|ped_5_4_NODE_8426,8.5,151.0,False,False,scenario_baseline
142.5,NODE_74388,436883130,16,4,rryyrrrrrryyrrrrr,r,False,False,5,ped_6_0_NODE_74388|ped_6_1_NODE_74388|ped_6_2_NODE_74388|ped_6_3_NODE_74388|ped_6_4_NODE_74388,4.5,147.0,False,False,scenario_baseline
142.5,NODE_10273,3846533030,12,4,rrrrrrryyyyrr,r,False,False,0,,4.5,147.0,False,False,scenario_baseline
143.0,LINK_212169,11449716078,5,3,rrgGGrG,r,False,False,0,,34.0,177.0,False,False,scenario_baseline
143.0,NODE_8452,3846603653,2,0,GGr,r,False,False,1,ped_2_2_NODE_8452,26.0,169.0,False,False,scenario_baseline
143.0,NODE_6082,11449716078,5,3,rrgGGrG,r,False,False,0,,34.0,177.0,False,False,scenario_baseline
143.0,NODE_6123,7300992884,5,0,GgGrrrr,r,False,False,0,,11.0,154.0,False,False,scenario_baseline
143.0,NODE_8426,3849142980,16,7,rrrrrrrrrrrrgggGGGGr,G,True,False,5,ped_5_0_NODE_8426|ped_5_1_NODE_8426|ped_5_2_NODE_8426|ped_5_3_NODE_8426|ped_5_4_NODE_8426,8.0,151.0,False,False,scenario_baseline
143.0,NODE_74388,436883130,16,4,rryyrrrrrryyrrrrr,r,False,False,5,ped_6_0_NODE_74388|ped_6_1_NODE_74388|ped_6_2_NODE_74388|ped_6_3_NODE_74388|ped_6_4_NODE_74388,4.0,147.0,False,False,scenario_baseline
143.0,NODE_10273,3846533030,12,4,rrrrrrryyyyrr,r,False,False,0,,4.0,147.0,False,False,scenario_baseline
143.5,LINK_212169,11449716078,5,3,rrgGGrG,r,False,False,0,,33.5,177.0,False,False,scenario_baseline
143.5,NODE_8452,3846603653,2,0,GGr,r,False,False,0,,25.5,169.0,False,False,scenario_baseline
143.5,NODE_6082,11449716078,5,3,rrgGGrG,r,False,False,0,,33.5,177.0,False,False,scenario_baseline
143.5,NODE_6123,7300992884,5,0,GgGrrrr,r,False,False,0,,10.5,154.0,False,False,scenario_baseline
143.5,NODE_8426,3849142980,16,7,rrrrrrrrrrrrgggGGGGr,G,True,False,5,ped_5_0_NODE_8426|ped_5_1_NODE_8426|ped_5_2_NODE_8426|ped_5_3_NODE_8426|ped_5_4_NODE_8426,7.5,151.0,False,False,scenario_baseline
143.5,NODE_74388,436883130,16,4,rryyrrrrrryyrrrrr,r,False,False,5,ped_6_0_NODE_74388|ped_6_1_NODE_74388|ped_6_2_NODE_74388|ped_6_3_NODE_74388|ped_6_4_NODE_74388,3.5,147.0,False,False,scenario_baseline
143.5,NODE_10273,3846533030,12,4,rrrrrrryyyyrr,r,False,False,0,,3.5,147.0,False,False,scenario_baseline
144.0,LINK_212169,11449716078,5,3,rrgGGrG,r,False,False,0,,33.0,177.0,False,False,scenario_baseline
144.0,NODE_8452,3846603653,2,0,GGr,r,False,False,0,,25.0,169.0,False,False,scenario_baseline
144.0,NODE_6082,11449716078,5,3,rrgGGrG,r,False,False,0,,33.0,177.0,False,False,scenario_baseline
144.0,NODE_6123,7300992884,5,0,GgGrrrr,r,False,False,0,,10.0,154.0,False,False,scenario_baseline
144.0,NODE_8426,3849142980,16,7,rrrrrrrrrrrrgggGGGGr,G,True,False,5,ped_5_0_NODE_8426|ped_5_1_NODE_8426|ped_5_2_NODE_8426|ped_5_3_NODE_8426|ped_5_4_NODE_8426,7.0,151.0,False,False,scenario_baseline
144.0,NODE_74388,436883130,16,4,rryyrrrrrryyrrrrr,r,False,False,5,ped_6_0_NODE_74388|ped_6_1_NODE_74388|ped_6_2_NODE_74388|ped_6_3_NODE_74388|ped_6_4_NODE_74388,3.0,147.0,False,False,scenario_baseline
144.0,NODE_10273,3846533030,12,4,rrrrrrryyyyrr,r,False,False,0,,3.0,147.0,False,False,scenario_baseline
144.5,LINK_212169,11449716078,5,3,rrgGGrG,r,False,False,0,,32.5,177.0,False,False,scenario_baseline
144.5,NODE_8452,3846603653,2,0,GGr,r,False,False,0,,24.5,169.0,False,False,scenario_baseline
144.5,NODE_6082,11449716078,5,3,rrgGGrG,r,False,False,0,,32.5,177.0,False,False,scenario_baseline
144.5,NODE_6123,7300992884,5,0,GgGrrrr,r,False,False,0,,9.5,154.0,False,False,scenario_baseline
144.5,NODE_8426,3849142980,16,7,rrrrrrrrrrrrgggGGGGr,G,True,False,5,ped_5_0_NODE_8426|ped_5_1_NODE_8426|ped_5_2_NODE_8426|ped_5_3_NODE_8426|ped_5_4_NODE_8426,6.5,151.0,False,False,scenario_baseline
144.5,NODE_74388,436883130,16,4,rryyrrrrrryyrrrrr,r,False,False,5,ped_6_0_NODE_74388|ped_6_1_NODE_74388|ped_6_2_NODE_74388|ped_6_3_NODE_74388|ped_6_4_NODE_74388,2.5,147.0,False,False,scenario_baseline
144.5,NODE_10273,3846533030,12,4,rrrrrrryyyyrr,r,False,False,0,,2.5,147.0,False,False,scenario_baseline
145.0,LINK_212169,11449716078,5,3,rrgGGrG,r,False,False,0,,32.0,177.0,False,False,scenario_baseline
145.0,NODE_8452,3846603653,2,0,GGr,r,False,False,0,,24.0,169.0,False,False,scenario_baseline
145.0,NODE_6082,11449716078,5,3,rrgGGrG,r,False,False,0,,32.0,177.0,False,False,scenario_baseline
145.0,NODE_6123,7300992884,5,0,GgGrrrr,r,False,False,0,,9.0,154.0,False,False,scenario_baseline
145.0,NODE_8426,3849142980,16,7,rrrrrrrrrrrrgggGGGGr,G,True,False,5,ped_5_0_NODE_8426|ped_5_1_NODE_8426|ped_5_2_NODE_8426|ped_5_3_NODE_8426|ped_5_4_NODE_8426,6.0,151.0,False,False,scenario_baseline
145.0,NODE_74388,436883130,16,4,rryyrrrrrryyrrrrr,r,False,False,5,ped_6_0_NODE_74388|ped_6_1_NODE_74388|ped_6_2_NODE_74388|ped_6_3_NODE_74388|ped_6_4_NODE_74388,2.0,147.0,False,False,scenario_baseline
145.0,NODE_10273,3846533030,12,4,rrrrrrryyyyrr,r,False,False,0,,2.0,147.0,False,False,scenario_baseline
145.5,LINK_212169,11449716078,5,3,rrgGGrG,r,False,False,0,,31.5,177.0,False,False,scenario_baseline
145.5,NODE_8452,3846603653,2,0,GGr,r,False,False,0,,23.5,169.0,False,False,scenario_baseline
145.5,NODE_6082,11449716078,5,3,rrgGGrG,r,False,False,0,,31.5,177.0,False,False,scenario_baseline
145.5,NODE_6123,7300992884,5,0,GgGrrrr,r,False,False,0,,8.5,154.0,False,False,scenario_baseline
145.5,NODE_8426,3849142980,16,7,rrrrrrrrrrrrgggGGGGr,G,True,False,5,ped_5_0_NODE_8426|ped_5_1_NODE_8426|ped_5_2_NODE_8426|ped_5_3_NODE_8426|ped_5_4_NODE_8426,5.5,151.0,False,False,scenario_baseline
145.5,NODE_74388,436883130,16,4,rryyrrrrrryyrrrrr,r,False,False,5,ped_6_0_NODE_74388|ped_6_1_NODE_74388|ped_6_2_NODE_74388|ped_6_3_NODE_74388|ped_6_4_NODE_74388,1.5,147.0,False,False,scenario_baseline
145.5,NODE_10273,3846533030,12,4,rrrrrrryyyyrr,r,False,False,0,,1.5,147.0,False,False,scenario_baseline
146.0,LINK_212169,11449716078,5,3,rrgGGrG,r,False,False,0,,31.0,177.0,False,False,scenario_baseline
146.0,NODE_8452,3846603653,2,0,GGr,r,False,False,0,,23.0,169.0,False,False,scenario_baseline
146.0,NODE_6082,11449716078,5,3,rrgGGrG,r,False,False,0,,31.0,177.0,False,False,scenario_baseline
146.0,NODE_6123,7300992884,5,0,GgGrrrr,r,False,False,0,,8.0,154.0,False,False,scenario_baseline
146.0,NODE_8426,3849142980,16,7,rrrrrrrrrrrrgggGGGGr,G,True,False,5,ped_5_0_NODE_8426|ped_5_1_NODE_8426|ped_5_2_NODE_8426|ped_5_3_NODE_8426|ped_5_4_NODE_8426,5.0,151.0,False,False,scenario_baseline
146.0,NODE_74388,436883130,16,4,rryyrrrrrryyrrrrr,r,False,False,5,ped_6_0_NODE_74388|ped_6_1_NODE_74388|ped_6_2_NODE_74388|ped_6_3_NODE_74388|ped_6_4_NODE_74388,1.0,147.0,False,False,scenario_baseline
146.0,NODE_10273,3846533030,12,4,rrrrrrryyyyrr,r,False,False,0,,1.0,147.0,False,False,scenario_baseline
146.5,LINK_212169,11449716078,5,3,rrgGGrG,r,False,False,0,,30.5,177.0,False,False,scenario_baseline
146.5,NODE_8452,3846603653,2,0,GGr,r,False,False,0,,22.5,169.0,False,False,scenario_baseline
146.5,NODE_6082,11449716078,5,3,rrgGGrG,r,False,False,0,,30.5,177.0,False,False,scenario_baseline
146.5,NODE_6123,7300992884,5,0,GgGrrrr,r,False,False,0,,7.5,154.0,False,False,scenario_baseline
146.5,NODE_8426,3849142980,16,7,rrrrrrrrrrrrgggGGGGr,G,True,False,5,ped_5_0_NODE_8426|ped_5_1_NODE_8426|ped_5_2_NODE_8426|ped_5_3_NODE_8426|ped_5_4_NODE_8426,4.5,151.0,False,False,scenario_baseline
146.5,NODE_74388,436883130,16,4,rryyrrrrrryyrrrrr,r,False,False,5,ped_6_0_NODE_74388|ped_6_1_NODE_74388|ped_6_2_NODE_74388|ped_6_3_NODE_74388|ped_6_4_NODE_74388,0.5,147.0,False,False,scenario_baseline
146.5,NODE_10273,3846533030,12,4,rrrrrrryyyyrr,r,False,False,0,,0.5,147.0,False,False,scenario_baseline
147.0,LINK_212169,11449716078,5,3,rrgGGrG,r,False,False,0,,30.0,177.0,False,False,scenario_baseline
147.0,NODE_8452,3846603653,2,0,GGr,r,False,False,0,,22.0,169.0,False,False,scenario_baseline
147.0,NODE_6082,11449716078,5,3,rrgGGrG,r,False,False,0,,30.0,177.0,False,False,scenario_baseline
147.0,NODE_6123,7300992884,5,0,GgGrrrr,r,False,False,0,,7.0,154.0,False,False,scenario_baseline
147.0,NODE_8426,3849142980,16,7,rrrrrrrrrrrrgggGGGGr,G,True,False,5,ped_5_0_NODE_8426|ped_5_1_NODE_8426|ped_5_2_NODE_8426|ped_5_3_NODE_8426|ped_5_4_NODE_8426,4.0,151.0,False,False,scenario_baseline
147.0,NODE_74388,436883130,16,4,rryyrrrrrryyrrrrr,r,False,False,5,ped_6_0_NODE_74388|ped_6_1_NODE_74388|ped_6_2_NODE_74388|ped_6_3_NODE_74388|ped_6_4_NODE_74388,0.0,147.0,False,False,scenario_baseline
147.0,NODE_10273,3846533030,12,4,rrrrrrryyyyrr,r,False,False,0,,0.0,147.0,False,False,scenario_baseline
147.5,LINK_212169,11449716078,5,3,rrgGGrG,r,False,False,0,,29.5,177.0,False,False,scenario_baseline
147.5,NODE_8452,3846603653,2,0,GGr,r,False,False,0,,21.5,169.0,False,False,scenario_baseline
147.5,NODE_6082,11449716078,5,3,rrgGGrG,r,False,False,0,,29.5,177.0,False,False,scenario_baseline
147.5,NODE_6123,7300992884,5,0,GgGrrrr,r,False,False,0,,6.5,154.0,False,False,scenario_baseline
147.5,NODE_8426,3849142980,16,7,rrrrrrrrrrrrgggGGGGr,G,True,False,5,ped_5_0_NODE_8426|ped_5_1_NODE_8426|ped_5_2_NODE_8426|ped_5_3_NODE_8426|ped_5_4_NODE_8426,3.5,151.0,False,False,scenario_baseline
147.5,NODE_74388,436883130,16,5,rrrrGGggrrrrGGggr,r,False,False,5,ped_6_0_NODE_74388|ped_6_1_NODE_74388|ped_6_2_NODE_74388|ped_6_3_NODE_74388|ped_6_4_NODE_74388,33.5,181.0,False,False,scenario_baseline
147.5,NODE_10273,3846533030,12,5,gGGrrrrrrrrrG,G,True,False,0,,29.5,177.0,False,False,scenario_baseline
148.0,LINK_212169,11449716078,5,3,rrgGGrG,r,False,False,0,,29.0,177.0,False,False,scenario_baseline
148.0,NODE_8452,3846603653,2,0,GGr,r,False,False,0,,21.0,169.0,False,False,scenario_baseline
148.0,NODE_6082,11449716078,5,3,rrgGGrG,r,False,False,0,,29.0,177.0,False,False,scenario_baseline
148.0,NODE_6123,7300992884,5,0,GgGrrrr,r,False,False,0,,6.0,154.0,False,False,scenario_baseline
148.0,NODE_8426,3849142980,16,7,rrrrrrrrrrrrgggGGGGr,G,True,False,5,ped_5_0_NODE_8426|ped_5_1_NODE_8426|ped_5_2_NODE_8426|ped_5_3_NODE_8426|ped_5_4_NODE_8426,3.0,151.0,False,False,scenario_baseline
148.0,NODE_74388,436883130,16,5,rrrrGGggrrrrGGggr,r,False,False,4,ped_6_0_NODE_74388|ped_6_1_NODE_74388|ped_6_2_NODE_74388|ped_6_3_NODE_74388,33.0,181.0,False,False,scenario_baseline
148.0,NODE_10273,3846533030,12,5,gGGrrrrrrrrrG,G,True,False,0,,29.0,177.0,False,False,scenario_baseline
148.5,LINK_212169,11449716078,5,3,rrgGGrG,r,False,False,0,,28.5,177.0,False,False,scenario_baseline
148.5,NODE_8452,3846603653,2,0,GGr,r,False,False,0,,20.5,169.0,False,False,scenario_baseline
148.5,NODE_6082,11449716078,5,3,rrgGGrG,r,False,False,0,,28.5,177.0,False,False,scenario_baseline
148.5,NODE_6123,7300992884,5,0,GgGrrrr,r,False,False,0,,5.5,154.0,False,False,scenario_baseline
148.5,NODE_8426,3849142980,16,7,rrrrrrrrrrrrgggGGGGr,G,True,False,5,ped_5_0_NODE_8426|ped_5_1_NODE_8426|ped_5_2_NODE_8426|ped_5_3_NODE_8426|ped_5_4_NODE_8426,2.5,151.0,False,False,scenario_baseline
148.5,NODE_74388,436883130,16,5,rrrrGGggrrrrGGggr,r,False,False,4,ped_6_0_NODE_74388|ped_6_1_NODE_74388|ped_6_2_NODE_74388|ped_6_3_NODE_74388,32.5,181.0,False,False,scenario_baseline
148.5,NODE_10273,3846533030,12,5,gGGrrrrrrrrrG,G,True,False,0,,28.5,177.0,False,False,scenario_baseline
149.0,LINK_212169,11449716078,5,3,rrgGGrG,r,False,False,0,,28.0,177.0,False,False,scenario_baseline
149.0,NODE_8452,3846603653,2,0,GGr,r,False,False,0,,20.0,169.0,False,False,scenario_baseline
149.0,NODE_6082,11449716078,5,3,rrgGGrG,r,False,False,0,,28.0,177.0,False,False,scenario_baseline
149.0,NODE_6123,7300992884,5,0,GgGrrrr,r,False,False,0,,5.0,154.0,False,False,scenario_baseline
149.0,NODE_8426,3849142980,16,7,rrrrrrrrrrrrgggGGGGr,G,True,False,5,ped_5_0_NODE_8426|ped_5_1_NODE_8426|ped_5_2_NODE_8426|ped_5_3_NODE_8426|ped_5_4_NODE_8426,2.0,151.0,False,False,scenario_baseline
149.0,NODE_74388,436883130,16,5,rrrrGGggrrrrGGggr,r,False,False,4,ped_6_0_NODE_74388|ped_6_1_NODE_74388|ped_6_2_NODE_74388|ped_6_3_NODE_74388,32.0,181.0,False,False,scenario_baseline
149.0,NODE_10273,3846533030,12,5,gGGrrrrrrrrrG,G,True,False,0,,28.0,177.0,False,False,scenario_baseline
149.5,LINK_212169,11449716078,5,3,rrgGGrG,r,False,False,0,,27.5,177.0,False,False,scenario_baseline
149.5,NODE_8452,3846603653,2,0,GGr,r,False,False,0,,19.5,169.0,False,False,scenario_baseline
149.5,NODE_6082,11449716078,5,3,rrgGGrG,r,False,False,0,,27.5,177.0,False,False,scenario_baseline
149.5,NODE_6123,7300992884,5,0,GgGrrrr,r,False,False,0,,4.5,154.0,False,False,scenario_baseline
149.5,NODE_8426,3849142980,16,7,rrrrrrrrrrrrgggGGGGr,G,True,False,5,ped_5_0_NODE_8426|ped_5_1_NODE_8426|ped_5_2_NODE_8426|ped_5_3_NODE_8426|ped_5_4_NODE_8426,1.5,151.0,False,False,scenario_baseline
149.5,NODE_74388,436883130,16,5,rrrrGGggrrrrGGggr,r,False,False,4,ped_6_0_NODE_74388|ped_6_1_NODE_74388|ped_6_2_NODE_74388|ped_6_3_NODE_74388,31.5,181.0,False,False,scenario_baseline
149.5,NODE_10273,3846533030,12,5,gGGrrrrrrrrrG,G,True,False,0,,27.5,177.0,False,False,scenario_baseline
150.0,LINK_212169,11449716078,5,3,rrgGGrG,r,False,False,0,,27.0,177.0,False,False,scenario_baseline
150.0,NODE_8452,3846603653,2,0,GGr,r,False,False,0,,19.0,169.0,False,False,scenario_baseline
150.0,NODE_6082,11449716078,5,3,rrgGGrG,r,False,False,0,,27.0,177.0,False,False,scenario_baseline
150.0,NODE_6123,7300992884,5,0,GgGrrrr,r,False,False,0,,4.0,154.0,False,False,scenario_baseline
150.0,NODE_8426,3849142980,16,7,rrrrrrrrrrrrgggGGGGr,G,True,False,4,ped_5_1_NODE_8426|ped_5_2_NODE_8426|ped_5_3_NODE_8426|ped_5_4_NODE_8426,1.0,151.0,False,False,scenario_baseline
150.0,NODE_74388,436883130,16,5,rrrrGGggrrrrGGggr,r,False,False,4,ped_6_0_NODE_74388|ped_6_1_NODE_74388|ped_6_2_NODE_74388|ped_6_3_NODE_74388,31.0,181.0,False,False,scenario_baseline
150.0,NODE_10273,3846533030,12,5,gGGrrrrrrrrrG,G,True,False,0,,27.0,177.0,False,False,scenario_baseline
150.5,LINK_212169,11449716078,5,3,rrgGGrG,r,False,False,0,,26.5,177.0,False,False,scenario_baseline
150.5,NODE_8452,3846603653,2,0,GGr,r,False,False,0,,18.5,169.0,False,False,scenario_baseline
150.5,NODE_6082,11449716078,5,3,rrgGGrG,r,False,False,0,,26.5,177.0,False,False,scenario_baseline
150.5,NODE_6123,7300992884,5,0,GgGrrrr,r,False,False,0,,3.5,154.0,False,False,scenario_baseline
150.5,NODE_8426,3849142980,16,7,rrrrrrrrrrrrgggGGGGr,G,True,False,4,ped_5_1_NODE_8426|ped_5_2_NODE_8426|ped_5_3_NODE_8426|ped_5_4_NODE_8426,0.5,151.0,False,False,scenario_baseline
150.5,NODE_74388,436883130,16,5,rrrrGGggrrrrGGggr,r,False,False,4,ped_6_0_NODE_74388|ped_6_1_NODE_74388|ped_6_2_NODE_74388|ped_6_3_NODE_74388,30.5,181.0,False,False,scenario_baseline
150.5,NODE_10273,3846533030,12,5,gGGrrrrrrrrrG,G,True,False,0,,26.5,177.0,False,False,scenario_baseline
151.0,LINK_212169,11449716078,5,3,rrgGGrG,r,False,False,0,,26.0,177.0,False,False,scenario_baseline
151.0,NODE_8452,3846603653,2,0,GGr,r,False,False,0,,18.0,169.0,False,False,scenario_baseline
151.0,NODE_6082,11449716078,5,3,rrgGGrG,r,False,False,0,,26.0,177.0,False,False,scenario_baseline
151.0,NODE_6123,7300992884,5,0,GgGrrrr,r,False,False,0,,3.0,154.0,False,False,scenario_baseline
151.0,NODE_8426,3849142980,16,7,rrrrrrrrrrrrgggGGGGr,G,True,False,4,ped_5_1_NODE_8426|ped_5_2_NODE_8426|ped_5_3_NODE_8426|ped_5_4_NODE_8426,0.0,151.0,False,False,scenario_baseline
151.0,NODE_74388,436883130,16,5,rrrrGGggrrrrGGggr,r,False,False,4,ped_6_0_NODE_74388|ped_6_1_NODE_74388|ped_6_2_NODE_74388|ped_6_3_NODE_74388,30.0,181.0,False,False,scenario_baseline
151.0,NODE_10273,3846533030,12,5,gGGrrrrrrrrrG,G,True,False,0,,26.0,177.0,False,False,scenario_baseline
151.5,LINK_212169,11449716078,5,3,rrgGGrG,r,False,False,0,,25.5,177.0,False,False,scenario_baseline
151.5,NODE_8452,3846603653,2,0,GGr,r,False,False,0,,17.5,169.0,False,False,scenario_baseline
151.5,NODE_6082,11449716078,5,3,rrgGGrG,r,False,False,0,,25.5,177.0,False,False,scenario_baseline
151.5,NODE_6123,7300992884,5,0,GgGrrrr,r,False,False,0,,2.5,154.0,False,False,scenario_baseline
151.5,NODE_8426,3849142980,16,8,rrrrrrrrrrrrgggGrrrr,r,False,False,3,ped_5_1_NODE_8426|ped_5_2_NODE_8426|ped_5_4_NODE_8426,2.5,154.0,False,False,scenario_baseline
151.5,NODE_74388,436883130,16,5,rrrrGGggrrrrGGggr,r,False,False,4,ped_6_0_NODE_74388|ped_6_1_NODE_74388|ped_6_2_NODE_74388|ped_6_3_NODE_74388,29.5,181.0,False,False,scenario_baseline
151.5,NODE_10273,3846533030,12,5,gGGrrrrrrrrrG,G,True,False,0,,25.5,177.0,False,False,scenario_baseline
152.0,LINK_212169,11449716078,5,3,rrgGGrG,r,False,False,0,,25.0,177.0,False,False,scenario_baseline
152.0,NODE_8452,3846603653,2,0,GGr,r,False,False,0,,17.0,169.0,False,False,scenario_baseline
152.0,NODE_6082,11449716078,5,3,rrgGGrG,r,False,False,0,,25.0,177.0,False,False,scenario_baseline
152.0,NODE_6123,7300992884,5,0,GgGrrrr,r,False,False,0,,2.0,154.0,False,False,scenario_baseline
152.0,NODE_8426,3849142980,16,8,rrrrrrrrrrrrgggGrrrr,r,False,False,3,ped_5_1_NODE_8426|ped_5_2_NODE_8426|ped_5_4_NODE_8426,2.0,154.0,False,False,scenario_baseline
152.0,NODE_74388,436883130,16,5,rrrrGGggrrrrGGggr,r,False,False,4,ped_6_0_NODE_74388|ped_6_1_NODE_74388|ped_6_2_NODE_74388|ped_6_3_NODE_74388,29.0,181.0,False,False,scenario_baseline
152.0,NODE_10273,3846533030,12,5,gGGrrrrrrrrrG,G,True,False,0,,25.0,177.0,False,False,scenario_baseline
152.5,LINK_212169,11449716078,5,3,rrgGGrG,r,False,False,0,,24.5,177.0,False,False,scenario_baseline
152.5,NODE_8452,3846603653,2,0,GGr,r,False,False,0,,16.5,169.0,False,False,scenario_baseline
152.5,NODE_6082,11449716078,5,3,rrgGGrG,r,False,False,0,,24.5,177.0,False,False,scenario_baseline
152.5,NODE_6123,7300992884,5,0,GgGrrrr,r,False,False,0,,1.5,154.0,False,False,scenario_baseline
152.5,NODE_8426,3849142980,16,8,rrrrrrrrrrrrgggGrrrr,r,False,False,3,ped_5_1_NODE_8426|ped_5_2_NODE_8426|ped_5_4_NODE_8426,1.5,154.0,False,False,scenario_baseline
152.5,NODE_74388,436883130,16,5,rrrrGGggrrrrGGggr,r,False,False,4,ped_6_0_NODE_74388|ped_6_1_NODE_74388|ped_6_2_NODE_74388|ped_6_3_NODE_74388,28.5,181.0,False,False,scenario_baseline
152.5,NODE_10273,3846533030,12,5,gGGrrrrrrrrrG,G,True,False,0,,24.5,177.0,False,False,scenario_baseline
153.0,LINK_212169,11449716078,5,3,rrgGGrG,r,False,False,0,,24.0,177.0,False,False,scenario_baseline
153.0,NODE_8452,3846603653,2,0,GGr,r,False,False,0,,16.0,169.0,False,False,scenario_baseline
153.0,NODE_6082,11449716078,5,3,rrgGGrG,r,False,False,0,,24.0,177.0,False,False,scenario_baseline
153.0,NODE_6123,7300992884,5,0,GgGrrrr,r,False,False,0,,1.0,154.0,False,False,scenario_baseline
153.0,NODE_8426,3849142980,16,8,rrrrrrrrrrrrgggGrrrr,r,False,False,3,ped_5_1_NODE_8426|ped_5_2_NODE_8426|ped_5_4_NODE_8426,1.0,154.0,False,False,scenario_baseline
153.0,NODE_74388,436883130,16,5,rrrrGGggrrrrGGggr,r,False,False,3,ped_6_0_NODE_74388|ped_6_2_NODE_74388|ped_6_3_NODE_74388,28.0,181.0,False,False,scenario_baseline
153.0,NODE_10273,3846533030,12,5,gGGrrrrrrrrrG,G,True,False,0,,24.0,177.0,False,False,scenario_baseline
153.5,LINK_212169,11449716078,5,3,rrgGGrG,r,False,False,0,,23.5,177.0,False,False,scenario_baseline
153.5,NODE_8452,3846603653,2,0,GGr,r,False,False,0,,15.5,169.0,False,False,scenario_baseline
153.5,NODE_6082,11449716078,5,3,rrgGGrG,r,False,False,0,,23.5,177.0,False,False,scenario_baseline
153.5,NODE_6123,7300992884,5,0,GgGrrrr,r,False,False,0,,0.5,154.0,False,False,scenario_baseline
153.5,NODE_8426,3849142980,16,8,rrrrrrrrrrrrgggGrrrr,r,False,False,3,ped_5_1_NODE_8426|ped_5_2_NODE_8426|ped_5_4_NODE_8426,0.5,154.0,False,False,scenario_baseline
153.5,NODE_74388,436883130,16,5,rrrrGGggrrrrGGggr,r,False,False,3,ped_6_0_NODE_74388|ped_6_2_NODE_74388|ped_6_3_NODE_74388,27.5,181.0,False,False,scenario_baseline
153.5,NODE_10273,3846533030,12,5,gGGrrrrrrrrrG,G,True,False,0,,23.5,177.0,False,False,scenario_baseline
154.0,LINK_212169,11449716078,5,3,rrgGGrG,r,False,False,0,,23.0,177.0,False,False,scenario_baseline
154.0,NODE_8452,3846603653,2,0,GGr,r,False,False,0,,15.0,169.0,False,False,scenario_baseline
154.0,NODE_6082,11449716078,5,3,rrgGGrG,r,False,False,0,,23.0,177.0,False,False,scenario_baseline
154.0,NODE_6123,7300992884,5,0,GgGrrrr,r,False,False,0,,0.0,154.0,False,False,scenario_baseline
154.0,NODE_8426,3849142980,16,8,rrrrrrrrrrrrgggGrrrr,r,False,False,3,ped_5_1_NODE_8426|ped_5_2_NODE_8426|ped_5_4_NODE_8426,0.0,154.0,False,False,scenario_baseline
154.0,NODE_74388,436883130,16,5,rrrrGGggrrrrGGggr,r,False,False,3,ped_6_0_NODE_74388|ped_6_2_NODE_74388|ped_6_3_NODE_74388,27.0,181.0,False,False,scenario_baseline
154.0,NODE_10273,3846533030,12,5,gGGrrrrrrrrrG,G,True,False,0,,23.0,177.0,False,False,scenario_baseline
154.5,LINK_212169,11449716078,5,3,rrgGGrG,r,False,False,0,,22.5,177.0,False,False,scenario_baseline
154.5,NODE_8452,3846603653,2,0,GGr,r,False,False,0,,14.5,169.0,False,False,scenario_baseline
154.5,NODE_6082,11449716078,5,3,rrgGGrG,r,False,False,0,,22.5,177.0,False,False,scenario_baseline
154.5,NODE_6123,7300992884,5,1,yyGrrrr,r,False,False,0,,5.5,160.0,False,False,scenario_baseline
154.5,NODE_8426,3849142980,16,9,rrrrrrrrrrrryyyyrrrr,r,False,False,3,ped_5_1_NODE_8426|ped_5_2_NODE_8426|ped_5_4_NODE_8426,2.5,157.0,False,False,scenario_baseline
154.5,NODE_74388,436883130,16,5,rrrrGGggrrrrGGggr,r,False,False,3,ped_6_0_NODE_74388|ped_6_2_NODE_74388|ped_6_3_NODE_74388,26.5,181.0,False,False,scenario_baseline
154.5,NODE_10273,3846533030,12,5,gGGrrrrrrrrrG,G,True,False,0,,22.5,177.0,False,False,scenario_baseline
155.0,LINK_212169,11449716078,5,3,rrgGGrG,r,False,False,0,,22.0,177.0,False,False,scenario_baseline
155.0,NODE_8452,3846603653,2,0,GGr,r,False,False,0,,14.0,169.0,False,False,scenario_baseline
155.0,NODE_6082,11449716078,5,3,rrgGGrG,r,False,False,0,,22.0,177.0,False,False,scenario_baseline
155.0,NODE_6123,7300992884,5,1,yyGrrrr,r,False,False,0,,5.0,160.0,False,False,scenario_baseline
155.0,NODE_8426,3849142980,16,9,rrrrrrrrrrrryyyyrrrr,r,False,False,3,ped_5_1_NODE_8426|ped_5_2_NODE_8426|ped_5_4_NODE_8426,2.0,157.0,False,False,scenario_baseline
155.0,NODE_74388,436883130,16,5,rrrrGGggrrrrGGggr,r,False,False,3,ped_6_0_NODE_74388|ped_6_2_NODE_74388|ped_6_3_NODE_74388,26.0,181.0,False,False,scenario_baseline
155.0,NODE_10273,3846533030,12,5,gGGrrrrrrrrrG,G,True,False,0,,22.0,177.0,False,False,scenario_baseline
155.5,LINK_212169,11449716078,5,3,rrgGGrG,r,False,False,0,,21.5,177.0,False,False,scenario_baseline
155.5,NODE_8452,3846603653,2,0,GGr,r,False,False,0,,13.5,169.0,False,False,scenario_baseline
155.5,NODE_6082,11449716078,5,3,rrgGGrG,r,False,False,0,,21.5,177.0,False,False,scenario_baseline
155.5,NODE_6123,7300992884,5,1,yyGrrrr,r,False,False,0,,4.5,160.0,False,False,scenario_baseline
155.5,NODE_8426,3849142980,16,9,rrrrrrrrrrrryyyyrrrr,r,False,False,3,ped_5_1_NODE_8426|ped_5_2_NODE_8426|ped_5_4_NODE_8426,1.5,157.0,False,False,scenario_baseline
155.5,NODE_74388,436883130,16,5,rrrrGGggrrrrGGggr,r,False,False,3,ped_6_0_NODE_74388|ped_6_2_NODE_74388|ped_6_3_NODE_74388,25.5,181.0,False,False,scenario_baseline
155.5,NODE_10273,3846533030,12,5,gGGrrrrrrrrrG,G,True,False,0,,21.5,177.0,False,False,scenario_baseline
156.0,LINK_212169,11449716078,5,3,rrgGGrG,r,False,False,0,,21.0,177.0,False,False,scenario_baseline
156.0,NODE_8452,3846603653,2,0,GGr,r,False,False,0,,13.0,169.0,False,False,scenario_baseline
156.0,NODE_6082,11449716078,5,3,rrgGGrG,r,False,False,0,,21.0,177.0,False,False,scenario_baseline
156.0,NODE_6123,7300992884,5,1,yyGrrrr,r,False,False,0,,4.0,160.0,False,False,scenario_baseline
156.0,NODE_8426,3849142980,16,9,rrrrrrrrrrrryyyyrrrr,r,False,False,3,ped_5_1_NODE_8426|ped_5_2_NODE_8426|ped_5_4_NODE_8426,1.0,157.0,False,False,scenario_baseline
156.0,NODE_74388,436883130,16,5,rrrrGGggrrrrGGggr,r,False,False,3,ped_6_0_NODE_74388|ped_6_2_NODE_74388|ped_6_3_NODE_74388,25.0,181.0,False,False,scenario_baseline
156.0,NODE_10273,3846533030,12,5,gGGrrrrrrrrrG,G,True,False,0,,21.0,177.0,False,False,scenario_baseline
156.5,LINK_212169,11449716078,5,3,rrgGGrG,r,False,False,0,,20.5,177.0,False,False,scenario_baseline
156.5,NODE_8452,3846603653,2,0,GGr,r,False,False,0,,12.5,169.0,False,False,scenario_baseline
156.5,NODE_6082,11449716078,5,3,rrgGGrG,r,False,False,0,,20.5,177.0,False,False,scenario_baseline
156.5,NODE_6123,7300992884,5,1,yyGrrrr,r,False,False,0,,3.5,160.0,False,False,scenario_baseline
156.5,NODE_8426,3849142980,16,9,rrrrrrrrrrrryyyyrrrr,r,False,False,3,ped_5_1_NODE_8426|ped_5_2_NODE_8426|ped_5_4_NODE_8426,0.5,157.0,False,False,scenario_baseline
156.5,NODE_74388,436883130,16,5,rrrrGGggrrrrGGggr,r,False,False,3,ped_6_0_NODE_74388|ped_6_2_NODE_74388|ped_6_3_NODE_74388,24.5,181.0,False,False,scenario_baseline
156.5,NODE_10273,3846533030,12,5,gGGrrrrrrrrrG,G,True,False,0,,20.5,177.0,False,False,scenario_baseline
157.0,LINK_212169,11449716078,5,3,rrgGGrG,r,False,False,0,,20.0,177.0,False,False,scenario_baseline
157.0,NODE_8452,3846603653,2,0,GGr,r,False,False,0,,12.0,169.0,False,False,scenario_baseline
157.0,NODE_6082,11449716078,5,3,rrgGGrG,r,False,False,0,,20.0,177.0,False,False,scenario_baseline
157.0,NODE_6123,7300992884,5,1,yyGrrrr,r,False,False,0,,3.0,160.0,False,False,scenario_baseline
157.0,NODE_8426,3849142980,16,9,rrrrrrrrrrrryyyyrrrr,r,False,False,3,ped_5_1_NODE_8426|ped_5_2_NODE_8426|ped_5_4_NODE_8426,0.0,157.0,False,False,scenario_baseline
157.0,NODE_74388,436883130,16,5,rrrrGGggrrrrGGggr,r,False,False,3,ped_6_0_NODE_74388|ped_6_2_NODE_74388|ped_6_3_NODE_74388,24.0,181.0,False,False,scenario_baseline
157.0,NODE_10273,3846533030,12,5,gGGrrrrrrrrrG,G,True,False,0,,20.0,177.0,False,False,scenario_baseline
157.5,LINK_212169,11449716078,5,3,rrgGGrG,r,False,False,0,,19.5,177.0,False,False,scenario_baseline
157.5,NODE_8452,3846603653,2,0,GGr,r,False,False,0,,11.5,169.0,False,False,scenario_baseline
157.5,NODE_6082,11449716078,5,3,rrgGGrG,r,False,False,0,,19.5,177.0,False,False,scenario_baseline
157.5,NODE_6123,7300992884,5,1,yyGrrrr,r,False,False,0,,2.5,160.0,False,False,scenario_baseline
157.5,NODE_8426,3849142980,16,10,rrrrrrrrgggGrrrrGGrG,G,True,False,3,ped_5_1_NODE_8426|ped_5_2_NODE_8426|ped_5_4_NODE_8426,16.5,174.0,False,False,scenario_baseline
157.5,NODE_74388,436883130,16,5,rrrrGGggrrrrGGggr,r,False,False,3,ped_6_0_NODE_74388|ped_6_2_NODE_74388|ped_6_3_NODE_74388,23.5,181.0,False,False,scenario_baseline
157.5,NODE_10273,3846533030,12,5,gGGrrrrrrrrrG,G,True,False,0,,19.5,177.0,False,False,scenario_baseline
158.0,LINK_212169,11449716078,5,3,rrgGGrG,r,False,False,0,,19.0,177.0,False,False,scenario_baseline
158.0,NODE_8452,3846603653,2,0,GGr,r,False,False,0,,11.0,169.0,False,False,scenario_baseline
158.0,NODE_6082,11449716078,5,3,rrgGGrG,r,False,False,0,,19.0,177.0,False,False,scenario_baseline
158.0,NODE_6123,7300992884,5,1,yyGrrrr,r,False,False,0,,2.0,160.0,False,False,scenario_baseline
158.0,NODE_8426,3849142980,16,10,rrrrrrrrgggGrrrrGGrG,G,True,False,3,ped_5_1_NODE_8426|ped_5_2_NODE_8426|ped_5_4_NODE_8426,16.0,174.0,False,False,scenario_baseline
158.0,NODE_74388,436883130,16,5,rrrrGGggrrrrGGggr,r,False,False,3,ped_6_0_NODE_74388|ped_6_2_NODE_74388|ped_6_3_NODE_74388,23.0,181.0,False,False,scenario_baseline
158.0,NODE_10273,3846533030,12,5,gGGrrrrrrrrrG,G,True,False,0,,19.0,177.0,False,False,scenario_baseline
158.5,LINK_212169,11449716078,5,3,rrgGGrG,r,False,False,0,,18.5,177.0,False,False,scenario_baseline
158.5,NODE_8452,3846603653,2,0,GGr,r,False,False,0,,10.5,169.0,False,False,scenario_baseline
158.5,NODE_6082,11449716078,5,3,rrgGGrG,r,False,False,0,,18.5,177.0,False,False,scenario_baseline
158.5,NODE_6123,7300992884,5,1,yyGrrrr,r,False,False,0,,1.5,160.0,False,False,scenario_baseline
158.5,NODE_8426,3849142980,16,10,rrrrrrrrgggGrrrrGGrG,G,True,False,2,ped_5_1_NODE_8426|ped_5_2_NODE_8426,15.5,174.0,False,False,scenario_baseline
158.5,NODE_74388,436883130,16,5,rrrrGGggrrrrGGggr,r,False,False,3,ped_6_0_NODE_74388|ped_6_2_NODE_74388|ped_6_3_NODE_74388,22.5,181.0,False,False,scenario_baseline
158.5,NODE_10273,3846533030,12,5,gGGrrrrrrrrrG,G,True,False,0,,18.5,177.0,False,False,scenario_baseline
159.0,LINK_212169,11449716078,5,3,rrgGGrG,r,False,False,0,,18.0,177.0,False,False,scenario_baseline
159.0,NODE_8452,3846603653,2,0,GGr,r,False,False,0,,10.0,169.0,False,False,scenario_baseline
159.0,NODE_6082,11449716078,5,3,rrgGGrG,r,False,False,0,,18.0,177.0,False,False,scenario_baseline
159.0,NODE_6123,7300992884,5,1,yyGrrrr,r,False,False,0,,1.0,160.0,False,False,scenario_baseline
159.0,NODE_8426,3849142980,16,10,rrrrrrrrgggGrrrrGGrG,G,True,False,2,ped_5_1_NODE_8426|ped_5_2_NODE_8426,15.0,174.0,False,False,scenario_baseline
159.0,NODE_74388,436883130,16,5,rrrrGGggrrrrGGggr,r,False,False,3,ped_6_0_NODE_74388|ped_6_2_NODE_74388|ped_6_3_NODE_74388,22.0,181.0,False,False,scenario_baseline
159.0,NODE_10273,3846533030,12,5,gGGrrrrrrrrrG,G,True,False,0,,18.0,177.0,False,False,scenario_baseline
159.5,LINK_212169,11449716078,5,3,rrgGGrG,r,False,False,0,,17.5,177.0,False,False,scenario_baseline
159.5,NODE_8452,3846603653,2,0,GGr,r,False,False,0,,9.5,169.0,False,False,scenario_baseline
159.5,NODE_6082,11449716078,5,3,rrgGGrG,r,False,False,0,,17.5,177.0,False,False,scenario_baseline
159.5,NODE_6123,7300992884,5,1,yyGrrrr,r,False,False,0,,0.5,160.0,False,False,scenario_baseline
159.5,NODE_8426,3849142980,16,10,rrrrrrrrgggGrrrrGGrG,G,True,False,1,ped_5_1_NODE_8426,14.5,174.0,False,False,scenario_baseline
159.5,NODE_74388,436883130,16,5,rrrrGGggrrrrGGggr,r,False,False,3,ped_6_0_NODE_74388|ped_6_2_NODE_74388|ped_6_3_NODE_74388,21.5,181.0,False,False,scenario_baseline
159.5,NODE_10273,3846533030,12,5,gGGrrrrrrrrrG,G,True,False,0,,17.5,177.0,False,False,scenario_baseline
160.0,LINK_212169,11449716078,5,3,rrgGGrG,r,False,False,0,,17.0,177.0,False,False,scenario_baseline
160.0,NODE_8452,3846603653,2,0,GGr,r,False,False,0,,9.0,169.0,False,False,scenario_baseline
160.0,NODE_6082,11449716078,5,3,rrgGGrG,r,False,False,0,,17.0,177.0,False,False,scenario_baseline
160.0,NODE_6123,7300992884,5,1,yyGrrrr,r,False,False,0,,0.0,160.0,False,False,scenario_baseline
160.0,NODE_8426,3849142980,16,10,rrrrrrrrgggGrrrrGGrG,G,True,False,1,ped_5_1_NODE_8426,14.0,174.0,False,False,scenario_baseline
160.0,NODE_74388,436883130,16,5,rrrrGGggrrrrGGggr,r,False,False,3,ped_6_0_NODE_74388|ped_6_2_NODE_74388|ped_6_3_NODE_74388,21.0,181.0,False,False,scenario_baseline
160.0,NODE_10273,3846533030,12,5,gGGrrrrrrrrrG,G,True,False,0,,17.0,177.0,False,False,scenario_baseline
160.5,LINK_212169,11449716078,5,3,rrgGGrG,r,False,False,0,,16.5,177.0,False,False,scenario_baseline
160.5,NODE_8452,3846603653,2,0,GGr,r,False,False,0,,8.5,169.0,False,False,scenario_baseline
160.5,NODE_6082,11449716078,5,3,rrgGGrG,r,False,False,0,,16.5,177.0,False,False,scenario_baseline
160.5,NODE_6123,7300992884,5,2,rrGGGrr,r,False,False,0,,5.5,166.0,False,False,scenario_baseline
160.5,NODE_8426,3849142980,16,10,rrrrrrrrgggGrrrrGGrG,G,True,False,1,ped_5_1_NODE_8426,13.5,174.0,False,False,scenario_baseline
160.5,NODE_74388,436883130,16,5,rrrrGGggrrrrGGggr,r,False,False,3,ped_6_0_NODE_74388|ped_6_2_NODE_74388|ped_6_3_NODE_74388,20.5,181.0,False,False,scenario_baseline
160.5,NODE_10273,3846533030,12,5,gGGrrrrrrrrrG,G,True,False,0,,16.5,177.0,False,False,scenario_baseline
161.0,LINK_212169,11449716078,5,3,rrgGGrG,r,False,False,0,,16.0,177.0,False,False,scenario_baseline
161.0,NODE_8452,3846603653,2,0,GGr,r,False,False,0,,8.0,169.0,False,False,scenario_baseline
161.0,NODE_6082,11449716078,5,3,rrgGGrG,r,False,False,0,,16.0,177.0,False,False,scenario_baseline
161.0,NODE_6123,7300992884,5,2,rrGGGrr,r,False,False,0,,5.0,166.0,False,False,scenario_baseline
161.0,NODE_8426,3849142980,16,10,rrrrrrrrgggGrrrrGGrG,G,True,False,1,ped_5_1_NODE_8426,13.0,174.0,False,False,scenario_baseline
161.0,NODE_74388,436883130,16,5,rrrrGGggrrrrGGggr,r,False,False,3,ped_6_0_NODE_74388|ped_6_2_NODE_74388|ped_6_3_NODE_74388,20.0,181.0,False,False,scenario_baseline
161.0,NODE_10273,3846533030,12,5,gGGrrrrrrrrrG,G,True,False,0,,16.0,177.0,False,False,scenario_baseline
161.5,LINK_212169,11449716078,5,3,rrgGGrG,r,False,False,0,,15.5,177.0,False,False,scenario_baseline
161.5,NODE_8452,3846603653,2,0,GGr,r,False,False,0,,7.5,169.0,False,False,scenario_baseline
161.5,NODE_6082,11449716078,5,3,rrgGGrG,r,False,False,0,,15.5,177.0,False,False,scenario_baseline
161.5,NODE_6123,7300992884,5,2,rrGGGrr,r,False,False,0,,4.5,166.0,False,False,scenario_baseline
161.5,NODE_8426,3849142980,16,10,rrrrrrrrgggGrrrrGGrG,G,True,False,1,ped_5_1_NODE_8426,12.5,174.0,False,False,scenario_baseline
161.5,NODE_74388,436883130,16,5,rrrrGGggrrrrGGggr,r,False,False,3,ped_6_0_NODE_74388|ped_6_2_NODE_74388|ped_6_3_NODE_74388,19.5,181.0,False,False,scenario_baseline
161.5,NODE_10273,3846533030,12,5,gGGrrrrrrrrrG,G,True,False,0,,15.5,177.0,False,False,scenario_baseline
162.0,LINK_212169,11449716078,5,3,rrgGGrG,r,False,False,0,,15.0,177.0,False,False,scenario_baseline
162.0,NODE_8452,3846603653,2,0,GGr,r,False,False,0,,7.0,169.0,False,False,scenario_baseline
162.0,NODE_6082,11449716078,5,3,rrgGGrG,r,False,False,0,,15.0,177.0,False,False,scenario_baseline
162.0,NODE_6123,7300992884,5,2,rrGGGrr,r,False,False,0,,4.0,166.0,False,False,scenario_baseline
162.0,NODE_8426,3849142980,16,10,rrrrrrrrgggGrrrrGGrG,G,True,False,1,ped_5_1_NODE_8426,12.0,174.0,False,False,scenario_baseline
162.0,NODE_74388,436883130,16,5,rrrrGGggrrrrGGggr,r,False,False,3,ped_6_0_NODE_74388|ped_6_2_NODE_74388|ped_6_3_NODE_74388,19.0,181.0,False,False,scenario_baseline
162.0,NODE_10273,3846533030,12,5,gGGrrrrrrrrrG,G,True,False,0,,15.0,177.0,False,False,scenario_baseline
162.5,LINK_212169,11449716078,5,3,rrgGGrG,r,False,False,0,,14.5,177.0,False,False,scenario_baseline
162.5,NODE_8452,3846603653,2,0,GGr,r,False,False,0,,6.5,169.0,False,False,scenario_baseline
162.5,NODE_6082,11449716078,5,3,rrgGGrG,r,False,False,0,,14.5,177.0,False,False,scenario_baseline
162.5,NODE_6123,7300992884,5,2,rrGGGrr,r,False,False,0,,3.5,166.0,False,False,scenario_baseline
162.5,NODE_8426,3849142980,16,10,rrrrrrrrgggGrrrrGGrG,G,True,False,1,ped_5_1_NODE_8426,11.5,174.0,False,False,scenario_baseline
162.5,NODE_74388,436883130,16,5,rrrrGGggrrrrGGggr,r,False,False,3,ped_6_0_NODE_74388|ped_6_2_NODE_74388|ped_6_3_NODE_74388,18.5,181.0,False,False,scenario_baseline
162.5,NODE_10273,3846533030,12,5,gGGrrrrrrrrrG,G,True,False,0,,14.5,177.0,False,False,scenario_baseline
163.0,LINK_212169,11449716078,5,3,rrgGGrG,r,False,False,0,,14.0,177.0,False,False,scenario_baseline
163.0,NODE_8452,3846603653,2,0,GGr,r,False,False,0,,6.0,169.0,False,False,scenario_baseline
163.0,NODE_6082,11449716078,5,3,rrgGGrG,r,False,False,0,,14.0,177.0,False,False,scenario_baseline
163.0,NODE_6123,7300992884,5,2,rrGGGrr,r,False,False,0,,3.0,166.0,False,False,scenario_baseline
163.0,NODE_8426,3849142980,16,10,rrrrrrrrgggGrrrrGGrG,G,True,False,1,ped_5_1_NODE_8426,11.0,174.0,False,False,scenario_baseline
163.0,NODE_74388,436883130,16,5,rrrrGGggrrrrGGggr,r,False,False,3,ped_6_0_NODE_74388|ped_6_2_NODE_74388|ped_6_3_NODE_74388,18.0,181.0,False,False,scenario_baseline
163.0,NODE_10273,3846533030,12,5,gGGrrrrrrrrrG,G,True,False,0,,14.0,177.0,False,False,scenario_baseline
163.5,LINK_212169,11449716078,5,3,rrgGGrG,r,False,False,0,,13.5,177.0,False,False,scenario_baseline
163.5,NODE_8452,3846603653,2,0,GGr,r,False,False,0,,5.5,169.0,False,False,scenario_baseline
163.5,NODE_6082,11449716078,5,3,rrgGGrG,r,False,False,0,,13.5,177.0,False,False,scenario_baseline
163.5,NODE_6123,7300992884,5,2,rrGGGrr,r,False,False,0,,2.5,166.0,False,False,scenario_baseline
163.5,NODE_8426,3849142980,16,10,rrrrrrrrgggGrrrrGGrG,G,True,False,1,ped_5_1_NODE_8426,10.5,174.0,False,False,scenario_baseline
163.5,NODE_74388,436883130,16,5,rrrrGGggrrrrGGggr,r,False,False,3,ped_6_0_NODE_74388|ped_6_2_NODE_74388|ped_6_3_NODE_74388,17.5,181.0,False,False,scenario_baseline
163.5,NODE_10273,3846533030,12,5,gGGrrrrrrrrrG,G,True,False,0,,13.5,177.0,False,False,scenario_baseline
164.0,LINK_212169,11449716078,5,3,rrgGGrG,r,False,False,0,,13.0,177.0,False,False,scenario_baseline
164.0,NODE_8452,3846603653,2,0,GGr,r,False,False,0,,5.0,169.0,False,False,scenario_baseline
164.0,NODE_6082,11449716078,5,3,rrgGGrG,r,False,False,0,,13.0,177.0,False,False,scenario_baseline
164.0,NODE_6123,7300992884,5,2,rrGGGrr,r,False,False,0,,2.0,166.0,False,False,scenario_baseline
164.0,NODE_8426,3849142980,16,10,rrrrrrrrgggGrrrrGGrG,G,True,False,1,ped_5_1_NODE_8426,10.0,174.0,False,False,scenario_baseline
164.0,NODE_74388,436883130,16,5,rrrrGGggrrrrGGggr,r,False,False,3,ped_6_0_NODE_74388|ped_6_2_NODE_74388|ped_6_3_NODE_74388,17.0,181.0,False,False,scenario_baseline
164.0,NODE_10273,3846533030,12,5,gGGrrrrrrrrrG,G,True,False,0,,13.0,177.0,False,False,scenario_baseline
164.5,LINK_212169,11449716078,5,3,rrgGGrG,r,False,False,0,,12.5,177.0,False,False,scenario_baseline
164.5,NODE_8452,3846603653,2,0,GGr,r,False,False,0,,4.5,169.0,False,False,scenario_baseline
164.5,NODE_6082,11449716078,5,3,rrgGGrG,r,False,False,0,,12.5,177.0,False,False,scenario_baseline
164.5,NODE_6123,7300992884,5,2,rrGGGrr,r,False,False,0,,1.5,166.0,False,False,scenario_baseline
164.5,NODE_8426,3849142980,16,10,rrrrrrrrgggGrrrrGGrG,G,True,False,1,ped_5_1_NODE_8426,9.5,174.0,False,False,scenario_baseline
164.5,NODE_74388,436883130,16,5,rrrrGGggrrrrGGggr,r,False,False,3,ped_6_0_NODE_74388|ped_6_2_NODE_74388|ped_6_3_NODE_74388,16.5,181.0,False,False,scenario_baseline
164.5,NODE_10273,3846533030,12,5,gGGrrrrrrrrrG,G,True,False,0,,12.5,177.0,False,False,scenario_baseline
165.0,LINK_212169,11449716078,5,3,rrgGGrG,r,False,False,0,,12.0,177.0,False,False,scenario_baseline
165.0,NODE_8452,3846603653,2,0,GGr,r,False,False,0,,4.0,169.0,False,False,scenario_baseline
165.0,NODE_6082,11449716078,5,3,rrgGGrG,r,False,False,0,,12.0,177.0,False,False,scenario_baseline
165.0,NODE_6123,7300992884,5,2,rrGGGrr,r,False,False,0,,1.0,166.0,False,False,scenario_baseline
165.0,NODE_8426,3849142980,16,10,rrrrrrrrgggGrrrrGGrG,G,True,False,1,ped_5_1_NODE_8426,9.0,174.0,False,False,scenario_baseline
165.0,NODE_74388,436883130,16,5,rrrrGGggrrrrGGggr,r,False,False,3,ped_6_0_NODE_74388|ped_6_2_NODE_74388|ped_6_3_NODE_74388,16.0,181.0,False,False,scenario_baseline
165.0,NODE_10273,3846533030,12,5,gGGrrrrrrrrrG,G,True,False,0,,12.0,177.0,False,False,scenario_baseline
165.5,LINK_212169,11449716078,5,3,rrgGGrG,r,False,False,0,,11.5,177.0,False,False,scenario_baseline
165.5,NODE_8452,3846603653,2,0,GGr,r,False,False,0,,3.5,169.0,False,False,scenario_baseline
165.5,NODE_6082,11449716078,5,3,rrgGGrG,r,False,False,0,,11.5,177.0,False,False,scenario_baseline
165.5,NODE_6123,7300992884,5,2,rrGGGrr,r,False,False,0,,0.5,166.0,False,False,scenario_baseline
165.5,NODE_8426,3849142980,16,10,rrrrrrrrgggGrrrrGGrG,G,True,False,0,,8.5,174.0,False,False,scenario_baseline
165.5,NODE_74388,436883130,16,5,rrrrGGggrrrrGGggr,r,False,False,4,ped_6_0_NODE_74388|ped_6_2_NODE_74388|ped_6_3_NODE_74388|ped_6_4_NODE_74388,15.5,181.0,False,False,scenario_baseline
165.5,NODE_10273,3846533030,12,5,gGGrrrrrrrrrG,G,True,False,0,,11.5,177.0,False,False,scenario_baseline
166.0,LINK_212169,11449716078,5,3,rrgGGrG,r,False,False,0,,11.0,177.0,False,False,scenario_baseline
166.0,NODE_8452,3846603653,2,0,GGr,r,False,False,0,,3.0,169.0,False,False,scenario_baseline
166.0,NODE_6082,11449716078,5,3,rrgGGrG,r,False,False,0,,11.0,177.0,False,False,scenario_baseline
166.0,NODE_6123,7300992884,5,2,rrGGGrr,r,False,False,0,,0.0,166.0,False,False,scenario_baseline
166.0,NODE_8426,3849142980,16,10,rrrrrrrrgggGrrrrGGrG,G,True,False,0,,8.0,174.0,False,False,scenario_baseline
166.0,NODE_74388,436883130,16,5,rrrrGGggrrrrGGggr,r,False,False,4,ped_6_0_NODE_74388|ped_6_2_NODE_74388|ped_6_3_NODE_74388|ped_6_4_NODE_74388,15.0,181.0,False,False,scenario_baseline
166.0,NODE_10273,3846533030,12,5,gGGrrrrrrrrrG,G,True,False,0,,11.0,177.0,False,False,scenario_baseline
166.5,LINK_212169,11449716078,5,3,rrgGGrG,r,False,False,0,,10.5,177.0,False,False,scenario_baseline
166.5,NODE_8452,3846603653,2,0,GGr,r,False,False,0,,2.5,169.0,False,False,scenario_baseline
166.5,NODE_6082,11449716078,5,3,rrgGGrG,r,False,False,0,,10.5,177.0,False,False,scenario_baseline
166.5,NODE_6123,7300992884,5,3,rryyyrr,r,False,False,0,,5.5,172.0,False,False,scenario_baseline
166.5,NODE_8426,3849142980,16,10,rrrrrrrrgggGrrrrGGrG,G,True,False,0,,7.5,174.0,False,False,scenario_baseline
166.5,NODE_74388,436883130,16,5,rrrrGGggrrrrGGggr,r,False,False,4,ped_6_0_NODE_74388|ped_6_2_NODE_74388|ped_6_3_NODE_74388|ped_6_4_NODE_74388,14.5,181.0,False,False,scenario_baseline
166.5,NODE_10273,3846533030,12,5,gGGrrrrrrrrrG,G,True,False,0,,10.5,177.0,False,False,scenario_baseline
167.0,LINK_212169,11449716078,5,3,rrgGGrG,r,False,False,0,,10.0,177.0,False,False,scenario_baseline
167.0,NODE_8452,3846603653,2,0,GGr,r,False,False,0,,2.0,169.0,False,False,scenario_baseline
167.0,NODE_6082,11449716078,5,3,rrgGGrG,r,False,False,0,,10.0,177.0,False,False,scenario_baseline
167.0,NODE_6123,7300992884,5,3,rryyyrr,r,False,False,0,,5.0,172.0,False,False,scenario_baseline
167.0,NODE_8426,3849142980,16,10,rrrrrrrrgggGrrrrGGrG,G,True,False,0,,7.0,174.0,False,False,scenario_baseline
167.0,NODE_74388,436883130,16,5,rrrrGGggrrrrGGggr,r,False,False,4,ped_6_0_NODE_74388|ped_6_2_NODE_74388|ped_6_3_NODE_74388|ped_6_4_NODE_74388,14.0,181.0,False,False,scenario_baseline
167.0,NODE_10273,3846533030,12,5,gGGrrrrrrrrrG,G,True,False,0,,10.0,177.0,False,False,scenario_baseline
167.5,LINK_212169,11449716078,5,3,rrgGGrG,r,False,False,0,,9.5,177.0,False,False,scenario_baseline
167.5,NODE_8452,3846603653,2,0,GGr,r,False,False,0,,1.5,169.0,False,False,scenario_baseline
167.5,NODE_6082,11449716078,5,3,rrgGGrG,r,False,False,0,,9.5,177.0,False,False,scenario_baseline
167.5,NODE_6123,7300992884,5,3,rryyyrr,r,False,False,0,,4.5,172.0,False,False,scenario_baseline
167.5,NODE_8426,3849142980,16,10,rrrrrrrrgggGrrrrGGrG,G,True,False,0,,6.5,174.0,False,False,scenario_baseline
167.5,NODE_74388,436883130,16,5,rrrrGGggrrrrGGggr,r,False,False,4,ped_6_0_NODE_74388|ped_6_2_NODE_74388|ped_6_3_NODE_74388|ped_6_4_NODE_74388,13.5,181.0,False,False,scenario_baseline
167.5,NODE_10273,3846533030,12,5,gGGrrrrrrrrrG,G,True,False,0,,9.5,177.0,False,False,scenario_baseline
168.0,LINK_212169,11449716078,5,3,rrgGGrG,r,False,False,0,,9.0,177.0,False,False,scenario_baseline
168.0,NODE_8452,3846603653,2,0,GGr,r,False,False,0,,1.0,169.0,False,False,scenario_baseline
168.0,NODE_6082,11449716078,5,3,rrgGGrG,r,False,False,0,,9.0,177.0,False,False,scenario_baseline
168.0,NODE_6123,7300992884,5,3,rryyyrr,r,False,False,0,,4.0,172.0,False,False,scenario_baseline
168.0,NODE_8426,3849142980,16,10,rrrrrrrrgggGrrrrGGrG,G,True,False,0,,6.0,174.0,False,False,scenario_baseline
168.0,NODE_74388,436883130,16,5,rrrrGGggrrrrGGggr,r,False,False,4,ped_6_0_NODE_74388|ped_6_2_NODE_74388|ped_6_3_NODE_74388|ped_6_4_NODE_74388,13.0,181.0,False,False,scenario_baseline
168.0,NODE_10273,3846533030,12,5,gGGrrrrrrrrrG,G,True,False,0,,9.0,177.0,False,False,scenario_baseline
168.5,LINK_212169,11449716078,5,3,rrgGGrG,r,False,False,0,,8.5,177.0,False,False,scenario_baseline
168.5,NODE_8452,3846603653,2,0,GGr,r,False,False,0,,0.5,169.0,False,False,scenario_baseline
168.5,NODE_6082,11449716078,5,3,rrgGGrG,r,False,False,0,,8.5,177.0,False,False,scenario_baseline
168.5,NODE_6123,7300992884,5,3,rryyyrr,r,False,False,0,,3.5,172.0,False,False,scenario_baseline
168.5,NODE_8426,3849142980,16,10,rrrrrrrrgggGrrrrGGrG,G,True,False,0,,5.5,174.0,False,False,scenario_baseline
168.5,NODE_74388,436883130,16,5,rrrrGGggrrrrGGggr,r,False,False,4,ped_6_0_NODE_74388|ped_6_2_NODE_74388|ped_6_3_NODE_74388|ped_6_4_NODE_74388,12.5,181.0,False,False,scenario_baseline
168.5,NODE_10273,3846533030,12,5,gGGrrrrrrrrrG,G,True,False,0,,8.5,177.0,False,False,scenario_baseline
169.0,LINK_212169,11449716078,5,3,rrgGGrG,r,False,False,0,,8.0,177.0,False,False,scenario_baseline
169.0,NODE_8452,3846603653,2,0,GGr,r,False,False,0,,0.0,169.0,False,False,scenario_baseline
169.0,NODE_6082,11449716078,5,3,rrgGGrG,r,False,False,0,,8.0,177.0,False,False,scenario_baseline
169.0,NODE_6123,7300992884,5,3,rryyyrr,r,False,False,0,,3.0,172.0,False,False,scenario_baseline
169.0,NODE_8426,3849142980,16,10,rrrrrrrrgggGrrrrGGrG,G,True,False,0,,5.0,174.0,False,False,scenario_baseline
169.0,NODE_74388,436883130,16,5,rrrrGGggrrrrGGggr,r,False,False,4,ped_6_0_NODE_74388|ped_6_2_NODE_74388|ped_6_3_NODE_74388|ped_6_4_NODE_74388,12.0,181.0,False,False,scenario_baseline
169.0,NODE_10273,3846533030,12,5,gGGrrrrrrrrrG,G,True,False,0,,8.0,177.0,False,False,scenario_baseline
169.5,LINK_212169,11449716078,5,3,rrgGGrG,r,False,False,0,,7.5,177.0,False,False,scenario_baseline
169.5,NODE_8452,3846603653,2,1,yyr,r,False,False,0,,2.5,172.0,False,False,scenario_baseline
169.5,NODE_6082,11449716078,5,3,rrgGGrG,r,False,False,0,,7.5,177.0,False,False,scenario_baseline
169.5,NODE_6123,7300992884,5,3,rryyyrr,r,False,False,0,,2.5,172.0,False,False,scenario_baseline
169.5,NODE_8426,3849142980,16,10,rrrrrrrrgggGrrrrGGrG,G,True,False,0,,4.5,174.0,False,False,scenario_baseline
169.5,NODE_74388,436883130,16,5,rrrrGGggrrrrGGggr,r,False,False,4,ped_6_0_NODE_74388|ped_6_2_NODE_74388|ped_6_3_NODE_74388|ped_6_4_NODE_74388,11.5,181.0,False,False,scenario_baseline
169.5,NODE_10273,3846533030,12,5,gGGrrrrrrrrrG,G,True,False,0,,7.5,177.0,False,False,scenario_baseline
170.0,LINK_212169,11449716078,5,3,rrgGGrG,r,False,False,0,,7.0,177.0,False,False,scenario_baseline
170.0,NODE_8452,3846603653,2,1,yyr,r,False,False,0,,2.0,172.0,False,False,scenario_baseline
170.0,NODE_6082,11449716078,5,3,rrgGGrG,r,False,False,0,,7.0,177.0,False,False,scenario_baseline
170.0,NODE_6123,7300992884,5,3,rryyyrr,r,False,False,0,,2.0,172.0,False,False,scenario_baseline
170.0,NODE_8426,3849142980,16,10,rrrrrrrrgggGrrrrGGrG,G,True,False,0,,4.0,174.0,False,False,scenario_baseline
170.0,NODE_74388,436883130,16,5,rrrrGGggrrrrGGggr,r,False,False,3,ped_6_0_NODE_74388|ped_6_2_NODE_74388|ped_6_3_NODE_74388,11.0,181.0,False,False,scenario_baseline
170.0,NODE_10273,3846533030,12,5,gGGrrrrrrrrrG,G,True,False,0,,7.0,177.0,False,False,scenario_baseline
170.5,LINK_212169,11449716078,5,3,rrgGGrG,r,False,False,0,,6.5,177.0,False,False,scenario_baseline
170.5,NODE_8452,3846603653,2,1,yyr,r,False,False,0,,1.5,172.0,False,False,scenario_baseline
170.5,NODE_6082,11449716078,5,3,rrgGGrG,r,False,False,0,,6.5,177.0,False,False,scenario_baseline
170.5,NODE_6123,7300992884,5,3,rryyyrr,r,False,False,0,,1.5,172.0,False,False,scenario_baseline
170.5,NODE_8426,3849142980,16,10,rrrrrrrrgggGrrrrGGrG,G,True,False,0,,3.5,174.0,False,False,scenario_baseline
170.5,NODE_74388,436883130,16,5,rrrrGGggrrrrGGggr,r,False,False,3,ped_6_0_NODE_74388|ped_6_2_NODE_74388|ped_6_3_NODE_74388,10.5,181.0,False,False,scenario_baseline
170.5,NODE_10273,3846533030,12,5,gGGrrrrrrrrrG,G,True,False,0,,6.5,177.0,False,False,scenario_baseline
171.0,LINK_212169,11449716078,5,3,rrgGGrG,r,False,False,0,,6.0,177.0,False,False,scenario_baseline
171.0,NODE_8452,3846603653,2,1,yyr,r,False,False,0,,1.0,172.0,False,False,scenario_baseline
171.0,NODE_6082,11449716078,5,3,rrgGGrG,r,False,False,0,,6.0,177.0,False,False,scenario_baseline
171.0,NODE_6123,7300992884,5,3,rryyyrr,r,False,False,0,,1.0,172.0,False,False,scenario_baseline
171.0,NODE_8426,3849142980,16,10,rrrrrrrrgggGrrrrGGrG,G,True,False,0,,3.0,174.0,False,False,scenario_baseline
171.0,NODE_74388,436883130,16,5,rrrrGGggrrrrGGggr,r,False,False,3,ped_6_0_NODE_74388|ped_6_2_NODE_74388|ped_6_3_NODE_74388,10.0,181.0,False,False,scenario_baseline
171.0,NODE_10273,3846533030,12,5,gGGrrrrrrrrrG,G,True,False,0,,6.0,177.0,False,False,scenario_baseline
171.5,LINK_212169,11449716078,5,3,rrgGGrG,r,False,False,0,,5.5,177.0,False,False,scenario_baseline
171.5,NODE_8452,3846603653,2,1,yyr,r,False,False,0,,0.5,172.0,False,False,scenario_baseline
171.5,NODE_6082,11449716078,5,3,rrgGGrG,r,False,False,0,,5.5,177.0,False,False,scenario_baseline
171.5,NODE_6123,7300992884,5,3,rryyyrr,r,False,False,0,,0.5,172.0,False,False,scenario_baseline
171.5,NODE_8426,3849142980,16,10,rrrrrrrrgggGrrrrGGrG,G,True,False,0,,2.5,174.0,False,False,scenario_baseline
171.5,NODE_74388,436883130,16,5,rrrrGGggrrrrGGggr,r,False,False,3,ped_6_0_NODE_74388|ped_6_2_NODE_74388|ped_6_3_NODE_74388,9.5,181.0,False,False,scenario_baseline
171.5,NODE_10273,3846533030,12,5,gGGrrrrrrrrrG,G,True,False,0,,5.5,177.0,False,False,scenario_baseline
172.0,LINK_212169,11449716078,5,3,rrgGGrG,r,False,False,0,,5.0,177.0,False,False,scenario_baseline
172.0,NODE_8452,3846603653,2,1,yyr,r,False,False,0,,0.0,172.0,False,False,scenario_baseline
172.0,NODE_6082,11449716078,5,3,rrgGGrG,r,False,False,0,,5.0,177.0,False,False,scenario_baseline
172.0,NODE_6123,7300992884,5,3,rryyyrr,r,False,False,0,,0.0,172.0,False,False,scenario_baseline
172.0,NODE_8426,3849142980,16,10,rrrrrrrrgggGrrrrGGrG,G,True,False,0,,2.0,174.0,False,False,scenario_baseline
172.0,NODE_74388,436883130,16,5,rrrrGGggrrrrGGggr,r,False,False,3,ped_6_0_NODE_74388|ped_6_2_NODE_74388|ped_6_3_NODE_74388,9.0,181.0,False,False,scenario_baseline
172.0,NODE_10273,3846533030,12,5,gGGrrrrrrrrrG,G,True,False,0,,5.0,177.0,False,False,scenario_baseline
172.5,LINK_212169,11449716078,5,3,rrgGGrG,r,False,False,0,,4.5,177.0,False,False,scenario_baseline
172.5,NODE_8452,3846603653,2,2,rrG,G,True,True,0,,7.5,180.0,False,False,scenario_baseline
172.5,NODE_6082,11449716078,5,3,rrgGGrG,r,False,False,0,,4.5,177.0,False,False,scenario_baseline
172.5,NODE_6123,7300992884,5,4,rrrrrGr,G,True,True,0,,7.5,180.0,False,False,scenario_baseline
172.5,NODE_8426,3849142980,16,10,rrrrrrrrgggGrrrrGGrG,G,True,False,0,,1.5,174.0,False,False,scenario_baseline
172.5,NODE_74388,436883130,16,5,rrrrGGggrrrrGGggr,r,False,False,3,ped_6_0_NODE_74388|ped_6_2_NODE_74388|ped_6_3_NODE_74388,8.5,181.0,False,False,scenario_baseline
172.5,NODE_10273,3846533030,12,5,gGGrrrrrrrrrG,G,True,False,0,,4.5,177.0,False,False,scenario_baseline
173.0,LINK_212169,11449716078,5,3,rrgGGrG,r,False,False,0,,4.0,177.0,False,False,scenario_baseline
173.0,NODE_8452,3846603653,2,2,rrG,G,True,True,0,,7.0,180.0,False,False,scenario_baseline
173.0,NODE_6082,11449716078,5,3,rrgGGrG,r,False,False,0,,4.0,177.0,False,False,scenario_baseline
173.0,NODE_6123,7300992884,5,4,rrrrrGr,G,True,True,0,,7.0,180.0,False,False,scenario_baseline
173.0,NODE_8426,3849142980,16,10,rrrrrrrrgggGrrrrGGrG,G,True,False,0,,1.0,174.0,False,False,scenario_baseline
173.0,NODE_74388,436883130,16,5,rrrrGGggrrrrGGggr,r,False,False,3,ped_6_0_NODE_74388|ped_6_2_NODE_74388|ped_6_3_NODE_74388,8.0,181.0,False,False,scenario_baseline
173.0,NODE_10273,3846533030,12,5,gGGrrrrrrrrrG,G,True,False,0,,4.0,177.0,False,False,scenario_baseline
173.5,LINK_212169,11449716078,5,3,rrgGGrG,r,False,False,0,,3.5,177.0,False,False,scenario_baseline
173.5,NODE_8452,3846603653,2,2,rrG,G,True,True,0,,6.5,180.0,False,False,scenario_baseline
173.5,NODE_6082,11449716078,5,3,rrgGGrG,r,False,False,0,,3.5,177.0,False,False,scenario_baseline
173.5,NODE_6123,7300992884,5,4,rrrrrGr,G,True,True,0,,6.5,180.0,False,False,scenario_baseline
173.5,NODE_8426,3849142980,16,10,rrrrrrrrgggGrrrrGGrG,G,True,False,0,,0.5,174.0,False,False,scenario_baseline
173.5,NODE_74388,436883130,16,5,rrrrGGggrrrrGGggr,r,False,False,4,ped_6_0_NODE_74388|ped_6_1_NODE_74388|ped_6_2_NODE_74388|ped_6_3_NODE_74388,7.5,181.0,False,False,scenario_baseline
173.5,NODE_10273,3846533030,12,5,gGGrrrrrrrrrG,G,True,False,0,,3.5,177.0,False,False,scenario_baseline
174.0,LINK_212169,11449716078,5,3,rrgGGrG,r,False,False,0,,3.0,177.0,False,False,scenario_baseline
174.0,NODE_8452,3846603653,2,2,rrG,G,True,True,0,,6.0,180.0,False,False,scenario_baseline
174.0,NODE_6082,11449716078,5,3,rrgGGrG,r,False,False,0,,3.0,177.0,False,False,scenario_baseline
174.0,NODE_6123,7300992884,5,4,rrrrrGr,G,True,True,0,,6.0,180.0,False,False,scenario_baseline
174.0,NODE_8426,3849142980,16,10,rrrrrrrrgggGrrrrGGrG,G,True,False,0,,0.0,174.0,False,False,scenario_baseline
174.0,NODE_74388,436883130,16,5,rrrrGGggrrrrGGggr,r,False,False,4,ped_6_0_NODE_74388|ped_6_1_NODE_74388|ped_6_2_NODE_74388|ped_6_3_NODE_74388,7.0,181.0,False,False,scenario_baseline
174.0,NODE_10273,3846533030,12,5,gGGrrrrrrrrrG,G,True,False,0,,3.0,177.0,False,False,scenario_baseline
174.5,LINK_212169,11449716078,5,3,rrgGGrG,r,False,False,0,,2.5,177.0,False,False,scenario_baseline
174.5,NODE_8452,3846603653,2,2,rrG,G,True,True,0,,5.5,180.0,False,False,scenario_baseline
174.5,NODE_6082,11449716078,5,3,rrgGGrG,r,False,False,0,,2.5,177.0,False,False,scenario_baseline
174.5,NODE_6123,7300992884,5,4,rrrrrGr,G,True,True,0,,5.5,180.0,False,False,scenario_baseline
174.5,NODE_8426,3849142980,16,11,rrrrrrrrgggGrrrrrrrr,r,False,False,0,,2.5,177.0,False,False,scenario_baseline
174.5,NODE_74388,436883130,16,5,rrrrGGggrrrrGGggr,r,False,False,4,ped_6_0_NODE_74388|ped_6_1_NODE_74388|ped_6_2_NODE_74388|ped_6_3_NODE_74388,6.5,181.0,False,False,scenario_baseline
174.5,NODE_10273,3846533030,12,5,gGGrrrrrrrrrG,G,True,False,0,,2.5,177.0,False,False,scenario_baseline
175.0,LINK_212169,11449716078,5,3,rrgGGrG,r,False,False,0,,2.0,177.0,False,False,scenario_baseline
175.0,NODE_8452,3846603653,2,2,rrG,G,True,True,0,,5.0,180.0,False,False,scenario_baseline
175.0,NODE_6082,11449716078,5,3,rrgGGrG,r,False,False,0,,2.0,177.0,False,False,scenario_baseline
175.0,NODE_6123,7300992884,5,4,rrrrrGr,G,True,True,0,,5.0,180.0,False,False,scenario_baseline
175.0,NODE_8426,3849142980,16,11,rrrrrrrrgggGrrrrrrrr,r,False,False,0,,2.0,177.0,False,False,scenario_baseline
175.0,NODE_74388,436883130,16,5,rrrrGGggrrrrGGggr,r,False,False,4,ped_6_0_NODE_74388|ped_6_1_NODE_74388|ped_6_2_NODE_74388|ped_6_3_NODE_74388,6.0,181.0,False,False,scenario_baseline
175.0,NODE_10273,3846533030,12,5,gGGrrrrrrrrrG,G,True,False,0,,2.0,177.0,False,False,scenario_baseline
175.5,LINK_212169,11449716078,5,3,rrgGGrG,r,False,False,0,,1.5,177.0,False,False,scenario_baseline
175.5,NODE_8452,3846603653,2,2,rrG,G,True,True,0,,4.5,180.0,False,False,scenario_baseline
175.5,NODE_6082,11449716078,5,3,rrgGGrG,r,False,False,0,,1.5,177.0,False,False,scenario_baseline
175.5,NODE_6123,7300992884,5,4,rrrrrGr,G,True,True,0,,4.5,180.0,False,False,scenario_baseline
175.5,NODE_8426,3849142980,16,11,rrrrrrrrgggGrrrrrrrr,r,False,False,0,,1.5,177.0,False,False,scenario_baseline
175.5,NODE_74388,436883130,16,5,rrrrGGggrrrrGGggr,r,False,False,4,ped_6_0_NODE_74388|ped_6_1_NODE_74388|ped_6_2_NODE_74388|ped_6_3_NODE_74388,5.5,181.0,False,False,scenario_baseline
175.5,NODE_10273,3846533030,12,5,gGGrrrrrrrrrG,G,True,False,0,,1.5,177.0,False,False,scenario_baseline
176.0,LINK_212169,11449716078,5,3,rrgGGrG,r,False,False,0,,1.0,177.0,False,False,scenario_baseline
176.0,NODE_8452,3846603653,2,2,rrG,G,True,True,0,,4.0,180.0,False,False,scenario_baseline
176.0,NODE_6082,11449716078,5,3,rrgGGrG,r,False,False,0,,1.0,177.0,False,False,scenario_baseline
176.0,NODE_6123,7300992884,5,4,rrrrrGr,G,True,True,0,,4.0,180.0,False,False,scenario_baseline
176.0,NODE_8426,3849142980,16,11,rrrrrrrrgggGrrrrrrrr,r,False,False,0,,1.0,177.0,False,False,scenario_baseline
176.0,NODE_74388,436883130,16,5,rrrrGGggrrrrGGggr,r,False,False,4,ped_6_0_NODE_74388|ped_6_1_NODE_74388|ped_6_2_NODE_74388|ped_6_3_NODE_74388,5.0,181.0,False,False,scenario_baseline
176.0,NODE_10273,3846533030,12,5,gGGrrrrrrrrrG,G,True,False,0,,1.0,177.0,False,False,scenario_baseline
176.5,LINK_212169,11449716078,5,3,rrgGGrG,r,False,False,0,,0.5,177.0,False,False,scenario_baseline
176.5,NODE_8452,3846603653,2,2,rrG,G,True,True,0,,3.5,180.0,False,False,scenario_baseline
176.5,NODE_6082,11449716078,5,3,rrgGGrG,r,False,False,0,,0.5,177.0,False,False,scenario_baseline
176.5,NODE_6123,7300992884,5,4,rrrrrGr,G,True,True,0,,3.5,180.0,False,False,scenario_baseline
176.5,NODE_8426,3849142980,16,11,rrrrrrrrgggGrrrrrrrr,r,False,False,0,,0.5,177.0,False,False,scenario_baseline
176.5,NODE_74388,436883130,16,5,rrrrGGggrrrrGGggr,r,False,False,4,ped_6_0_NODE_74388|ped_6_1_NODE_74388|ped_6_2_NODE_74388|ped_6_3_NODE_74388,4.5,181.0,False,False,scenario_baseline
176.5,NODE_10273,3846533030,12,5,gGGrrrrrrrrrG,G,True,False,0,,0.5,177.0,False,False,scenario_baseline
177.0,LINK_212169,11449716078,5,3,rrgGGrG,r,False,False,0,,0.0,177.0,False,False,scenario_baseline
177.0,NODE_8452,3846603653,2,2,rrG,G,True,True,0,,3.0,180.0,False,False,scenario_baseline
177.0,NODE_6082,11449716078,5,3,rrgGGrG,r,False,False,0,,0.0,177.0,False,False,scenario_baseline
177.0,NODE_6123,7300992884,5,4,rrrrrGr,G,True,True,0,,3.0,180.0,False,False,scenario_baseline
177.0,NODE_8426,3849142980,16,11,rrrrrrrrgggGrrrrrrrr,r,False,False,0,,0.0,177.0,False,False,scenario_baseline
177.0,NODE_74388,436883130,16,5,rrrrGGggrrrrGGggr,r,False,False,4,ped_6_0_NODE_74388|ped_6_1_NODE_74388|ped_6_2_NODE_74388|ped_6_3_NODE_74388,4.0,181.0,False,False,scenario_baseline
177.0,NODE_10273,3846533030,12,5,gGGrrrrrrrrrG,G,True,False,0,,0.0,177.0,False,False,scenario_baseline
177.5,LINK_212169,11449716078,5,4,rrgGGrr,r,False,False,0,,2.5,180.0,False,False,scenario_baseline
177.5,NODE_8452,3846603653,2,2,rrG,G,True,True,0,,2.5,180.0,False,False,scenario_baseline
177.5,NODE_6082,11449716078,5,4,rrgGGrr,r,False,False,0,,2.5,180.0,False,False,scenario_baseline
177.5,NODE_6123,7300992884,5,4,rrrrrGr,G,True,True,0,,2.5,180.0,False,False,scenario_baseline
177.5,NODE_8426,3849142980,16,12,rrrrrrrryyyyrrrrrrrr,r,False,False,0,,2.5,180.0,False,False,scenario_baseline
177.5,NODE_74388,436883130,16,5,rrrrGGggrrrrGGggr,r,False,False,4,ped_6_0_NODE_74388|ped_6_1_NODE_74388|ped_6_2_NODE_74388|ped_6_3_NODE_74388,3.5,181.0,False,False,scenario_baseline
177.5,NODE_10273,3846533030,12,6,gGGrrrrrrrrrr,r,False,False,0,,2.5,180.0,False,False,scenario_baseline
178.0,LINK_212169,11449716078,5,4,rrgGGrr,r,False,False,0,,2.0,180.0,False,False,scenario_baseline
178.0,NODE_8452,3846603653,2,2,rrG,G,True,True,0,,2.0,180.0,False,False,scenario_baseline
178.0,NODE_6082,11449716078,5,4,rrgGGrr,r,False,False,0,,2.0,180.0,False,False,scenario_baseline
178.0,NODE_6123,7300992884,5,4,rrrrrGr,G,True,True,0,,2.0,180.0,False,False,scenario_baseline
178.0,NODE_8426,3849142980,16,12,rrrrrrrryyyyrrrrrrrr,r,False,False,0,,2.0,180.0,False,False,scenario_baseline
178.0,NODE_74388,436883130,16,5,rrrrGGggrrrrGGggr,r,False,False,4,ped_6_0_NODE_74388|ped_6_1_NODE_74388|ped_6_2_NODE_74388|ped_6_3_NODE_74388,3.0,181.0,False,False,scenario_baseline
178.0,NODE_10273,3846533030,12,6,gGGrrrrrrrrrr,r,False,False,0,,2.0,180.0,False,False,scenario_baseline
178.5,LINK_212169,11449716078,5,4,rrgGGrr,r,False,False,0,,1.5,180.0,False,False,scenario_baseline
178.5,NODE_8452,3846603653,2,2,rrG,G,True,True,0,,1.5,180.0,False,False,scenario_baseline
178.5,NODE_6082,11449716078,5,4,rrgGGrr,r,False,False,0,,1.5,180.0,False,False,scenario_baseline
178.5,NODE_6123,7300992884,5,4,rrrrrGr,G,True,True,0,,1.5,180.0,False,False,scenario_baseline
178.5,NODE_8426,3849142980,16,12,rrrrrrrryyyyrrrrrrrr,r,False,False,0,,1.5,180.0,False,False,scenario_baseline
178.5,NODE_74388,436883130,16,5,rrrrGGggrrrrGGggr,r,False,False,3,ped_6_0_NODE_74388|ped_6_2_NODE_74388|ped_6_3_NODE_74388,2.5,181.0,False,False,scenario_baseline
178.5,NODE_10273,3846533030,12,6,gGGrrrrrrrrrr,r,False,False,0,,1.5,180.0,False,False,scenario_baseline
179.0,LINK_212169,11449716078,5,4,rrgGGrr,r,False,False,0,,1.0,180.0,False,False,scenario_baseline
179.0,NODE_8452,3846603653,2,2,rrG,G,True,True,0,,1.0,180.0,False,False,scenario_baseline
179.0,NODE_6082,11449716078,5,4,rrgGGrr,r,False,False,0,,1.0,180.0,False,False,scenario_baseline
179.0,NODE_6123,7300992884,5,4,rrrrrGr,G,True,True,0,,1.0,180.0,False,False,scenario_baseline
179.0,NODE_8426,3849142980,16,12,rrrrrrrryyyyrrrrrrrr,r,False,False,0,,1.0,180.0,False,False,scenario_baseline
179.0,NODE_74388,436883130,16,5,rrrrGGggrrrrGGggr,r,False,False,3,ped_6_0_NODE_74388|ped_6_2_NODE_74388|ped_6_3_NODE_74388,2.0,181.0,False,False,scenario_baseline
179.0,NODE_10273,3846533030,12,6,gGGrrrrrrrrrr,r,False,False,0,,1.0,180.0,False,False,scenario_baseline
179.5,LINK_212169,11449716078,5,4,rrgGGrr,r,False,False,0,,0.5,180.0,False,False,scenario_baseline
179.5,NODE_8452,3846603653,2,2,rrG,G,True,True,0,,0.5,180.0,False,False,scenario_baseline
179.5,NODE_6082,11449716078,5,4,rrgGGrr,r,False,False,0,,0.5,180.0,False,False,scenario_baseline
179.5,NODE_6123,7300992884,5,4,rrrrrGr,G,True,True,0,,0.5,180.0,False,False,scenario_baseline
179.5,NODE_8426,3849142980,16,12,rrrrrrrryyyyrrrrrrrr,r,False,False,0,,0.5,180.0,False,False,scenario_baseline
179.5,NODE_74388,436883130,16,5,rrrrGGggrrrrGGggr,r,False,False,3,ped_6_0_NODE_74388|ped_6_2_NODE_74388|ped_6_3_NODE_74388,1.5,181.0,False,False,scenario_baseline
179.5,NODE_10273,3846533030,12,6,gGGrrrrrrrrrr,r,False,False,0,,0.5,180.0,False,False,scenario_baseline
180.0,LINK_212169,11449716078,5,4,rrgGGrr,r,False,False,0,,0.0,180.0,False,False,scenario_baseline
180.0,NODE_8452,3846603653,2,2,rrG,G,True,True,0,,0.0,180.0,False,False,scenario_baseline
180.0,NODE_6082,11449716078,5,4,rrgGGrr,r,False,False,0,,0.0,180.0,False,False,scenario_baseline
180.0,NODE_6123,7300992884,5,4,rrrrrGr,G,True,True,0,,0.0,180.0,False,False,scenario_baseline
180.0,NODE_8426,3849142980,16,12,rrrrrrrryyyyrrrrrrrr,r,False,False,0,,0.0,180.0,False,False,scenario_baseline
180.0,NODE_74388,436883130,16,5,rrrrGGggrrrrGGggr,r,False,False,3,ped_6_0_NODE_74388|ped_6_2_NODE_74388|ped_6_3_NODE_74388,1.0,181.0,False,False,scenario_baseline
180.0,NODE_10273,3846533030,12,6,gGGrrrrrrrrrr,r,False,False,0,,0.0,180.0,False,False,scenario_baseline
180.5,LINK_212169,11449716078,5,5,rryyyrr,r,False,False,0,,5.5,186.0,False,False,scenario_baseline
180.5,NODE_8452,3846603653,2,0,GGr,r,False,False,0,,78.5,259.0,False,False,scenario_baseline
180.5,NODE_6082,11449716078,5,5,rryyyrr,r,False,False,0,,5.5,186.0,False,False,scenario_baseline
180.5,NODE_6123,7300992884,5,0,GgGrrrr,r,False,False,0,,63.5,244.0,False,False,scenario_baseline
180.5,NODE_8426,3849142980,16,0,gggGrrrrrrrrrrrrrGGG,r,False,False,0,,13.5,194.0,False,False,scenario_baseline
180.5,NODE_74388,436883130,16,5,rrrrGGggrrrrGGggr,r,False,False,3,ped_6_0_NODE_74388|ped_6_2_NODE_74388|ped_6_3_NODE_74388,0.5,181.0,False,False,scenario_baseline
180.5,NODE_10273,3846533030,12,7,yyyrrrrrrrrrr,r,False,False,0,,5.5,186.0,False,False,scenario_baseline
181.0,LINK_212169,11449716078,5,5,rryyyrr,r,False,False,0,,5.0,186.0,False,False,scenario_baseline
181.0,NODE_8452,3846603653,2,0,GGr,r,False,False,0,,78.0,259.0,False,False,scenario_baseline
181.0,NODE_6082,11449716078,5,5,rryyyrr,r,False,False,0,,5.0,186.0,False,False,scenario_baseline
181.0,NODE_6123,7300992884,5,0,GgGrrrr,r,False,False,0,,63.0,244.0,False,False,scenario_baseline
181.0,NODE_8426,3849142980,16,0,gggGrrrrrrrrrrrrrGGG,r,False,False,0,,13.0,194.0,False,False,scenario_baseline
181.0,NODE_74388,436883130,16,5,rrrrGGggrrrrGGggr,r,False,False,3,ped_6_0_NODE_74388|ped_6_2_NODE_74388|ped_6_3_NODE_74388,0.0,181.0,False,False,scenario_baseline
181.0,NODE_10273,3846533030,12,7,yyyrrrrrrrrrr,r,False,False,0,,5.0,186.0,False,False,scenario_baseline
181.5,LINK_212169,11449716078,5,5,rryyyrr,r,False,False,0,,4.5,186.0,False,False,scenario_baseline
181.5,NODE_8452,3846603653,2,0,GGr,r,False,False,0,,77.5,259.0,False,False,scenario_baseline
181.5,NODE_6082,11449716078,5,5,rryyyrr,r,False,False,0,,4.5,186.0,False,False,scenario_baseline
181.5,NODE_6123,7300992884,5,0,GgGrrrr,r,False,False,0,,62.5,244.0,False,False,scenario_baseline
181.5,NODE_8426,3849142980,16,0,gggGrrrrrrrrrrrrrGGG,r,False,False,0,,12.5,194.0,False,False,scenario_baseline
181.5,NODE_74388,436883130,16,6,rrrryyyyrrrryyyyr,r,False,False,3,ped_6_0_NODE_74388|ped_6_2_NODE_74388|ped_6_3_NODE_74388,4.5,186.0,False,False,scenario_baseline
181.5,NODE_10273,3846533030,12,7,yyyrrrrrrrrrr,r,False,False,0,,4.5,186.0,False,False,scenario_baseline
182.0,LINK_212169,11449716078,5,5,rryyyrr,r,False,False,0,,4.0,186.0,False,False,scenario_baseline
182.0,NODE_8452,3846603653,2,0,GGr,r,False,False,0,,77.0,259.0,False,False,scenario_baseline
182.0,NODE_6082,11449716078,5,5,rryyyrr,r,False,False,0,,4.0,186.0,False,False,scenario_baseline
182.0,NODE_6123,7300992884,5,0,GgGrrrr,r,False,False,0,,62.0,244.0,False,False,scenario_baseline
182.0,NODE_8426,3849142980,16,0,gggGrrrrrrrrrrrrrGGG,r,False,False,0,,12.0,194.0,False,False,scenario_baseline
182.0,NODE_74388,436883130,16,6,rrrryyyyrrrryyyyr,r,False,False,3,ped_6_0_NODE_74388|ped_6_2_NODE_74388|ped_6_3_NODE_74388,4.0,186.0,False,False,scenario_baseline
182.0,NODE_10273,3846533030,12,7,yyyrrrrrrrrrr,r,False,False,0,,4.0,186.0,False,False,scenario_baseline
182.5,LINK_212169,11449716078,5,5,rryyyrr,r,False,False,0,,3.5,186.0,False,False,scenario_baseline
182.5,NODE_8452,3846603653,2,0,GGr,r,False,False,0,,76.5,259.0,False,False,scenario_baseline
182.5,NODE_6082,11449716078,5,5,rryyyrr,r,False,False,0,,3.5,186.0,False,False,scenario_baseline
182.5,NODE_6123,7300992884,5,0,GgGrrrr,r,False,False,0,,61.5,244.0,False,False,scenario_baseline
182.5,NODE_8426,3849142980,16,0,gggGrrrrrrrrrrrrrGGG,r,False,False,0,,11.5,194.0,False,False,scenario_baseline
182.5,NODE_74388,436883130,16,6,rrrryyyyrrrryyyyr,r,False,False,3,ped_6_0_NODE_74388|ped_6_2_NODE_74388|ped_6_3_NODE_74388,3.5,186.0,False,False,scenario_baseline
182.5,NODE_10273,3846533030,12,7,yyyrrrrrrrrrr,r,False,False,0,,3.5,186.0,False,False,scenario_baseline
183.0,LINK_212169,11449716078,5,5,rryyyrr,r,False,False,0,,3.0,186.0,False,False,scenario_baseline
183.0,NODE_8452,3846603653,2,0,GGr,r,False,False,0,,76.0,259.0,False,False,scenario_baseline
183.0,NODE_6082,11449716078,5,5,rryyyrr,r,False,False,0,,3.0,186.0,False,False,scenario_baseline
183.0,NODE_6123,7300992884,5,0,GgGrrrr,r,False,False,0,,61.0,244.0,False,False,scenario_baseline
183.0,NODE_8426,3849142980,16,0,gggGrrrrrrrrrrrrrGGG,r,False,False,0,,11.0,194.0,False,False,scenario_baseline
183.0,NODE_74388,436883130,16,6,rrrryyyyrrrryyyyr,r,False,False,3,ped_6_0_NODE_74388|ped_6_2_NODE_74388|ped_6_3_NODE_74388,3.0,186.0,False,False,scenario_baseline
183.0,NODE_10273,3846533030,12,7,yyyrrrrrrrrrr,r,False,False,0,,3.0,186.0,False,False,scenario_baseline
183.5,LINK_212169,11449716078,5,5,rryyyrr,r,False,False,0,,2.5,186.0,False,False,scenario_baseline
183.5,NODE_8452,3846603653,2,0,GGr,r,False,False,0,,75.5,259.0,False,False,scenario_baseline
183.5,NODE_6082,11449716078,5,5,rryyyrr,r,False,False,0,,2.5,186.0,False,False,scenario_baseline
183.5,NODE_6123,7300992884,5,0,GgGrrrr,r,False,False,0,,60.5,244.0,False,False,scenario_baseline
183.5,NODE_8426,3849142980,16,0,gggGrrrrrrrrrrrrrGGG,r,False,False,0,,10.5,194.0,False,False,scenario_baseline
183.5,NODE_74388,436883130,16,6,rrrryyyyrrrryyyyr,r,False,False,3,ped_6_0_NODE_74388|ped_6_2_NODE_74388|ped_6_3_NODE_74388,2.5,186.0,False,False,scenario_baseline
183.5,NODE_10273,3846533030,12,7,yyyrrrrrrrrrr,r,False,False,0,,2.5,186.0,False,False,scenario_baseline
184.0,LINK_212169,11449716078,5,5,rryyyrr,r,False,False,0,,2.0,186.0,False,False,scenario_baseline
184.0,NODE_8452,3846603653,2,0,GGr,r,False,False,0,,75.0,259.0,False,False,scenario_baseline
184.0,NODE_6082,11449716078,5,5,rryyyrr,r,False,False,0,,2.0,186.0,False,False,scenario_baseline
184.0,NODE_6123,7300992884,5,0,GgGrrrr,r,False,False,0,,60.0,244.0,False,False,scenario_baseline
184.0,NODE_8426,3849142980,16,0,gggGrrrrrrrrrrrrrGGG,r,False,False,0,,10.0,194.0,False,False,scenario_baseline
184.0,NODE_74388,436883130,16,6,rrrryyyyrrrryyyyr,r,False,False,3,ped_6_0_NODE_74388|ped_6_2_NODE_74388|ped_6_3_NODE_74388,2.0,186.0,False,False,scenario_baseline
184.0,NODE_10273,3846533030,12,7,yyyrrrrrrrrrr,r,False,False,0,,2.0,186.0,False,False,scenario_baseline
184.5,LINK_212169,11449716078,5,5,rryyyrr,r,False,False,0,,1.5,186.0,False,False,scenario_baseline
184.5,NODE_8452,3846603653,2,0,GGr,r,False,False,0,,74.5,259.0,False,False,scenario_baseline
184.5,NODE_6082,11449716078,5,5,rryyyrr,r,False,False,0,,1.5,186.0,False,False,scenario_baseline
184.5,NODE_6123,7300992884,5,0,GgGrrrr,r,False,False,0,,59.5,244.0,False,False,scenario_baseline
184.5,NODE_8426,3849142980,16,0,gggGrrrrrrrrrrrrrGGG,r,False,False,0,,9.5,194.0,False,False,scenario_baseline
184.5,NODE_74388,436883130,16,6,rrrryyyyrrrryyyyr,r,False,False,3,ped_6_0_NODE_74388|ped_6_2_NODE_74388|ped_6_3_NODE_74388,1.5,186.0,False,False,scenario_baseline
184.5,NODE_10273,3846533030,12,7,yyyrrrrrrrrrr,r,False,False,0,,1.5,186.0,False,False,scenario_baseline
185.0,LINK_212169,11449716078,5,5,rryyyrr,r,False,False,0,,1.0,186.0,False,False,scenario_baseline
185.0,NODE_8452,3846603653,2,0,GGr,r,False,False,0,,74.0,259.0,False,False,scenario_baseline
185.0,NODE_6082,11449716078,5,5,rryyyrr,r,False,False,0,,1.0,186.0,False,False,scenario_baseline
185.0,NODE_6123,7300992884,5,0,GgGrrrr,r,False,False,0,,59.0,244.0,False,False,scenario_baseline
185.0,NODE_8426,3849142980,16,0,gggGrrrrrrrrrrrrrGGG,r,False,False,0,,9.0,194.0,False,False,scenario_baseline
185.0,NODE_74388,436883130,16,6,rrrryyyyrrrryyyyr,r,False,False,3,ped_6_0_NODE_74388|ped_6_2_NODE_74388|ped_6_3_NODE_74388,1.0,186.0,False,False,scenario_baseline
185.0,NODE_10273,3846533030,12,7,yyyrrrrrrrrrr,r,False,False,0,,1.0,186.0,False,False,scenario_baseline
185.5,LINK_212169,11449716078,5,5,rryyyrr,r,False,False,0,,0.5,186.0,False,False,scenario_baseline
185.5,NODE_8452,3846603653,2,0,GGr,r,False,False,0,,73.5,259.0,False,False,scenario_baseline
185.5,NODE_6082,11449716078,5,5,rryyyrr,r,False,False,0,,0.5,186.0,False,False,scenario_baseline
185.5,NODE_6123,7300992884,5,0,GgGrrrr,r,False,False,0,,58.5,244.0,False,False,scenario_baseline
185.5,NODE_8426,3849142980,16,0,gggGrrrrrrrrrrrrrGGG,r,False,False,0,,8.5,194.0,False,False,scenario_baseline
185.5,NODE_74388,436883130,16,6,rrrryyyyrrrryyyyr,r,False,False,3,ped_6_0_NODE_74388|ped_6_2_NODE_74388|ped_6_3_NODE_74388,0.5,186.0,False,False,scenario_baseline
185.5,NODE_10273,3846533030,12,7,yyyrrrrrrrrrr,r,False,False,0,,0.5,186.0,False,False,scenario_baseline
186.0,LINK_212169,11449716078,5,5,rryyyrr,r,False,False,0,,0.0,186.0,False,False,scenario_baseline
186.0,NODE_8452,3846603653,2,0,GGr,r,False,False,0,,73.0,259.0,False,False,scenario_baseline
186.0,NODE_6082,11449716078,5,5,rryyyrr,r,False,False,0,,0.0,186.0,False,False,scenario_baseline
186.0,NODE_6123,7300992884,5,0,GgGrrrr,r,False,False,0,,58.0,244.0,False,False,scenario_baseline
186.0,NODE_8426,3849142980,16,0,gggGrrrrrrrrrrrrrGGG,r,False,False,0,,8.0,194.0,False,False,scenario_baseline
186.0,NODE_74388,436883130,16,6,rrrryyyyrrrryyyyr,r,False,False,3,ped_6_0_NODE_74388|ped_6_2_NODE_74388|ped_6_3_NODE_74388,0.0,186.0,False,False,scenario_baseline
186.0,NODE_10273,3846533030,12,7,yyyrrrrrrrrrr,r,False,False,0,,0.0,186.0,False,False,scenario_baseline
186.5,LINK_212169,11449716078,5,6,rrrrrGr,G,True,True,0,,5.5,192.0,False,False,scenario_baseline
186.5,NODE_8452,3846603653,2,0,GGr,r,False,False,0,,72.5,259.0,False,False,scenario_baseline
186.5,NODE_6082,11449716078,5,6,rrrrrGr,G,True,True,0,,5.5,192.0,False,False,scenario_baseline
186.5,NODE_6123,7300992884,5,0,GgGrrrr,r,False,False,0,,57.5,244.0,False,False,scenario_baseline
186.5,NODE_8426,3849142980,16,0,gggGrrrrrrrrrrrrrGGG,r,False,False,0,,7.5,194.0,False,False,scenario_baseline
186.5,NODE_74388,436883130,16,7,rrrrrrrrrrrrrrrrG,G,True,True,3,ped_6_0_NODE_74388|ped_6_2_NODE_74388|ped_6_3_NODE_74388,5.5,192.0,False,False,scenario_baseline
186.5,NODE_10273,3846533030,12,8,rrrrrrrrrrrrG,G,True,True,0,,5.5,192.0,False,False,scenario_baseline
187.0,LINK_212169,11449716078,5,6,rrrrrGr,G,True,True,0,,5.0,192.0,False,False,scenario_baseline
187.0,NODE_8452,3846603653,2,0,GGr,r,False,False,0,,72.0,259.0,False,False,scenario_baseline
187.0,NODE_6082,11449716078,5,6,rrrrrGr,G,True,True,0,,5.0,192.0,False,False,scenario_baseline
187.0,NODE_6123,7300992884,5,0,GgGrrrr,r,False,False,0,,57.0,244.0,False,False,scenario_baseline
187.0,NODE_8426,3849142980,16,0,gggGrrrrrrrrrrrrrGGG,r,False,False,0,,7.0,194.0,False,False,scenario_baseline
187.0,NODE_74388,436883130,16,7,rrrrrrrrrrrrrrrrG,G,True,True,3,ped_6_0_NODE_74388|ped_6_2_NODE_74388|ped_6_3_NODE_74388,5.0,192.0,False,False,scenario_baseline
187.0,NODE_10273,3846533030,12,8,rrrrrrrrrrrrG,G,True,True,0,,5.0,192.0,False,False,scenario_baseline
187.5,LINK_212169,11449716078,5,6,rrrrrGr,G,True,True,0,,4.5,192.0,False,False,scenario_baseline
187.5,NODE_8452,3846603653,2,0,GGr,r,False,False,0,,71.5,259.0,False,False,scenario_baseline
187.5,NODE_6082,11449716078,5,6,rrrrrGr,G,True,True,0,,4.5,192.0,False,False,scenario_baseline
187.5,NODE_6123,7300992884,5,0,GgGrrrr,r,False,False,0,,56.5,244.0,False,False,scenario_baseline
187.5,NODE_8426,3849142980,16,0,gggGrrrrrrrrrrrrrGGG,r,False,False,0,,6.5,194.0,False,False,scenario_baseline
187.5,NODE_74388,436883130,16,7,rrrrrrrrrrrrrrrrG,G,True,True,3,ped_6_0_NODE_74388|ped_6_2_NODE_74388|ped_6_3_NODE_74388,4.5,192.0,False,False,scenario_baseline
187.5,NODE_10273,3846533030,12,8,rrrrrrrrrrrrG,G,True,True,0,,4.5,192.0,False,False,scenario_baseline
188.0,LINK_212169,11449716078,5,6,rrrrrGr,G,True,True,0,,4.0,192.0,False,False,scenario_baseline
188.0,NODE_8452,3846603653,2,0,GGr,r,False,False,0,,71.0,259.0,False,False,scenario_baseline
188.0,NODE_6082,11449716078,5,6,rrrrrGr,G,True,True,0,,4.0,192.0,False,False,scenario_baseline
188.0,NODE_6123,7300992884,5,0,GgGrrrr,r,False,False,0,,56.0,244.0,False,False,scenario_baseline
188.0,NODE_8426,3849142980,16,0,gggGrrrrrrrrrrrrrGGG,r,False,False,0,,6.0,194.0,False,False,scenario_baseline
188.0,NODE_74388,436883130,16,7,rrrrrrrrrrrrrrrrG,G,True,True,3,ped_6_0_NODE_74388|ped_6_2_NODE_74388|ped_6_3_NODE_74388,4.0,192.0,False,False,scenario_baseline
188.0,NODE_10273,3846533030,12,8,rrrrrrrrrrrrG,G,True,True,0,,4.0,192.0,False,False,scenario_baseline
188.5,LINK_212169,11449716078,5,6,rrrrrGr,G,True,True,0,,3.5,192.0,False,False,scenario_baseline
188.5,NODE_8452,3846603653,2,0,GGr,r,False,False,0,,70.5,259.0,False,False,scenario_baseline
188.5,NODE_6082,11449716078,5,6,rrrrrGr,G,True,True,0,,3.5,192.0,False,False,scenario_baseline
188.5,NODE_6123,7300992884,5,0,GgGrrrr,r,False,False,0,,55.5,244.0,False,False,scenario_baseline
188.5,NODE_8426,3849142980,16,0,gggGrrrrrrrrrrrrrGGG,r,False,False,0,,5.5,194.0,False,False,scenario_baseline
188.5,NODE_74388,436883130,16,7,rrrrrrrrrrrrrrrrG,G,True,True,3,ped_6_0_NODE_74388|ped_6_2_NODE_74388|ped_6_3_NODE_74388,3.5,192.0,False,False,scenario_baseline
188.5,NODE_10273,3846533030,12,8,rrrrrrrrrrrrG,G,True,True,0,,3.5,192.0,False,False,scenario_baseline
189.0,LINK_212169,11449716078,5,6,rrrrrGr,G,True,True,0,,3.0,192.0,False,False,scenario_baseline
189.0,NODE_8452,3846603653,2,0,GGr,r,False,False,0,,70.0,259.0,False,False,scenario_baseline
189.0,NODE_6082,11449716078,5,6,rrrrrGr,G,True,True,0,,3.0,192.0,False,False,scenario_baseline
189.0,NODE_6123,7300992884,5,0,GgGrrrr,r,False,False,0,,55.0,244.0,False,False,scenario_baseline
189.0,NODE_8426,3849142980,16,0,gggGrrrrrrrrrrrrrGGG,r,False,False,0,,5.0,194.0,False,False,scenario_baseline
189.0,NODE_74388,436883130,16,7,rrrrrrrrrrrrrrrrG,G,True,True,3,ped_6_0_NODE_74388|ped_6_2_NODE_74388|ped_6_3_NODE_74388,3.0,192.0,False,False,scenario_baseline
189.0,NODE_10273,3846533030,12,8,rrrrrrrrrrrrG,G,True,True,0,,3.0,192.0,False,False,scenario_baseline
189.5,LINK_212169,11449716078,5,6,rrrrrGr,G,True,True,0,,2.5,192.0,False,False,scenario_baseline
189.5,NODE_8452,3846603653,2,0,GGr,r,False,False,0,,69.5,259.0,False,False,scenario_baseline
189.5,NODE_6082,11449716078,5,6,rrrrrGr,G,True,True,0,,2.5,192.0,False,False,scenario_baseline
189.5,NODE_6123,7300992884,5,0,GgGrrrr,r,False,False,0,,54.5,244.0,False,False,scenario_baseline
189.5,NODE_8426,3849142980,16,0,gggGrrrrrrrrrrrrrGGG,r,False,False,0,,4.5,194.0,False,False,scenario_baseline
189.5,NODE_74388,436883130,16,7,rrrrrrrrrrrrrrrrG,G,True,True,3,ped_6_0_NODE_74388|ped_6_2_NODE_74388|ped_6_3_NODE_74388,2.5,192.0,False,False,scenario_baseline
189.5,NODE_10273,3846533030,12,8,rrrrrrrrrrrrG,G,True,True,0,,2.5,192.0,False,False,scenario_baseline
190.0,LINK_212169,11449716078,5,6,rrrrrGr,G,True,True,0,,2.0,192.0,False,False,scenario_baseline
190.0,NODE_8452,3846603653,2,0,GGr,r,False,False,0,,69.0,259.0,False,False,scenario_baseline
190.0,NODE_6082,11449716078,5,6,rrrrrGr,G,True,True,0,,2.0,192.0,False,False,scenario_baseline
190.0,NODE_6123,7300992884,5,0,GgGrrrr,r,False,False,0,,54.0,244.0,False,False,scenario_baseline
190.0,NODE_8426,3849142980,16,0,gggGrrrrrrrrrrrrrGGG,r,False,False,0,,4.0,194.0,False,False,scenario_baseline
190.0,NODE_74388,436883130,16,7,rrrrrrrrrrrrrrrrG,G,True,True,3,ped_6_0_NODE_74388|ped_6_2_NODE_74388|ped_6_3_NODE_74388,2.0,192.0,False,False,scenario_baseline
190.0,NODE_10273,3846533030,12,8,rrrrrrrrrrrrG,G,True,True,0,,2.0,192.0,False,False,scenario_baseline
190.5,LINK_212169,11449716078,5,6,rrrrrGr,G,True,True,0,,1.5,192.0,False,False,scenario_baseline
190.5,NODE_8452,3846603653,2,0,GGr,r,False,False,0,,68.5,259.0,False,False,scenario_baseline
190.5,NODE_6082,11449716078,5,6,rrrrrGr,G,True,True,0,,1.5,192.0,False,False,scenario_baseline
190.5,NODE_6123,7300992884,5,0,GgGrrrr,r,False,False,0,,53.5,244.0,False,False,scenario_baseline
190.5,NODE_8426,3849142980,16,0,gggGrrrrrrrrrrrrrGGG,r,False,False,0,,3.5,194.0,False,False,scenario_baseline
190.5,NODE_74388,436883130,16,7,rrrrrrrrrrrrrrrrG,G,True,True,3,ped_6_0_NODE_74388|ped_6_2_NODE_74388|ped_6_3_NODE_74388,1.5,192.0,False,False,scenario_baseline
190.5,NODE_10273,3846533030,12,8,rrrrrrrrrrrrG,G,True,True,0,,1.5,192.0,False,False,scenario_baseline
191.0,LINK_212169,11449716078,5,6,rrrrrGr,G,True,True,0,,1.0,192.0,False,False,scenario_baseline
191.0,NODE_8452,3846603653,2,0,GGr,r,False,False,0,,68.0,259.0,False,False,scenario_baseline
191.0,NODE_6082,11449716078,5,6,rrrrrGr,G,True,True,0,,1.0,192.0,False,False,scenario_baseline
191.0,NODE_6123,7300992884,5,0,GgGrrrr,r,False,False,0,,53.0,244.0,False,False,scenario_baseline
191.0,NODE_8426,3849142980,16,0,gggGrrrrrrrrrrrrrGGG,r,False,False,0,,3.0,194.0,False,False,scenario_baseline
191.0,NODE_74388,436883130,16,7,rrrrrrrrrrrrrrrrG,G,True,True,3,ped_6_0_NODE_74388|ped_6_2_NODE_74388|ped_6_3_NODE_74388,1.0,192.0,False,False,scenario_baseline
191.0,NODE_10273,3846533030,12,8,rrrrrrrrrrrrG,G,True,True,0,,1.0,192.0,False,False,scenario_baseline
191.5,LINK_212169,11449716078,5,6,rrrrrGr,G,True,True,0,,0.5,192.0,False,False,scenario_baseline
191.5,NODE_8452,3846603653,2,0,GGr,r,False,False,0,,67.5,259.0,False,False,scenario_baseline
191.5,NODE_6082,11449716078,5,6,rrrrrGr,G,True,True,0,,0.5,192.0,False,False,scenario_baseline
191.5,NODE_6123,7300992884,5,0,GgGrrrr,r,False,False,0,,52.5,244.0,False,False,scenario_baseline
191.5,NODE_8426,3849142980,16,0,gggGrrrrrrrrrrrrrGGG,r,False,False,0,,2.5,194.0,False,False,scenario_baseline
191.5,NODE_74388,436883130,16,7,rrrrrrrrrrrrrrrrG,G,True,True,3,ped_6_0_NODE_74388|ped_6_2_NODE_74388|ped_6_3_NODE_74388,0.5,192.0,False,False,scenario_baseline
191.5,NODE_10273,3846533030,12,8,rrrrrrrrrrrrG,G,True,True,0,,0.5,192.0,False,False,scenario_baseline
192.0,LINK_212169,11449716078,5,6,rrrrrGr,G,True,True,0,,0.0,192.0,False,False,scenario_baseline
192.0,NODE_8452,3846603653,2,0,GGr,r,False,False,0,,67.0,259.0,False,False,scenario_baseline
192.0,NODE_6082,11449716078,5,6,rrrrrGr,G,True,True,0,,0.0,192.0,False,False,scenario_baseline
192.0,NODE_6123,7300992884,5,0,GgGrrrr,r,False,False,0,,52.0,244.0,False,False,scenario_baseline
192.0,NODE_8426,3849142980,16,0,gggGrrrrrrrrrrrrrGGG,r,False,False,0,,2.0,194.0,False,False,scenario_baseline
192.0,NODE_74388,436883130,16,7,rrrrrrrrrrrrrrrrG,G,True,True,3,ped_6_0_NODE_74388|ped_6_2_NODE_74388|ped_6_3_NODE_74388,0.0,192.0,False,False,scenario_baseline
192.0,NODE_10273,3846533030,12,8,rrrrrrrrrrrrG,G,True,True,0,,0.0,192.0,False,False,scenario_baseline
192.5,LINK_212169,11449716078,5,0,gGrrrGr,G,True,False,0,,35.5,228.0,False,False,scenario_baseline
192.5,NODE_8452,3846603653,2,0,GGr,r,False,False,0,,66.5,259.0,False,False,scenario_baseline
192.5,NODE_6082,11449716078,5,0,gGrrrGr,G,True,False,0,,35.5,228.0,False,False,scenario_baseline
192.5,NODE_6123,7300992884,5,0,GgGrrrr,r,False,False,0,,51.5,244.0,False,False,scenario_baseline
192.5,NODE_8426,3849142980,16,0,gggGrrrrrrrrrrrrrGGG,r,False,False,0,,1.5,194.0,False,False,scenario_baseline
192.5,NODE_74388,436883130,16,0,GGrrrrrrgGrrrrrrG,G,True,False,3,ped_6_0_NODE_74388|ped_6_2_NODE_74388|ped_6_3_NODE_74388,31.5,224.0,False,False,scenario_baseline
192.5,NODE_10273,3846533030,12,0,rrrgGGgGGrrGr,r,False,False,0,,29.5,222.0,False,False,scenario_baseline
193.0,LINK_212169,11449716078,5,0,gGrrrGr,G,True,False,0,,35.0,228.0,False,False,scenario_baseline
193.0,NODE_8452,3846603653,2,0,GGr,r,False,False,0,,66.0,259.0,False,False,scenario_baseline
193.0,NODE_6082,11449716078,5,0,gGrrrGr,G,True,False,0,,35.0,228.0,False,False,scenario_baseline
193.0,NODE_6123,7300992884,5,0,GgGrrrr,r,False,False,0,,51.0,244.0,False,False,scenario_baseline
193.0,NODE_8426,3849142980,16,0,gggGrrrrrrrrrrrrrGGG,r,False,False,0,,1.0,194.0,False,False,scenario_baseline
193.0,NODE_74388,436883130,16,0,GGrrrrrrgGrrrrrrG,G,True,False,3,ped_6_0_NODE_74388|ped_6_2_NODE_74388|ped_6_3_NODE_74388,31.0,224.0,False,False,scenario_baseline
193.0,NODE_10273,3846533030,12,0,rrrgGGgGGrrGr,r,False,False,0,,29.0,222.0,False,False,scenario_baseline
193.5,LINK_212169,11449716078,5,0,gGrrrGr,G,True,False,0,,34.5,228.0,False,False,scenario_baseline
193.5,NODE_8452,3846603653,2,0,GGr,r,False,False,0,,65.5,259.0,False,False,scenario_baseline
193.5,NODE_6082,11449716078,5,0,gGrrrGr,G,True,False,0,,34.5,228.0,False,False,scenario_baseline
193.5,NODE_6123,7300992884,5,0,GgGrrrr,r,False,False,0,,50.5,244.0,False,False,scenario_baseline
193.5,NODE_8426,3849142980,16,0,gggGrrrrrrrrrrrrrGGG,r,False,False,0,,0.5,194.0,False,False,scenario_baseline
193.5,NODE_74388,436883130,16,0,GGrrrrrrgGrrrrrrG,G,True,False,3,ped_6_0_NODE_74388|ped_6_2_NODE_74388|ped_6_3_NODE_74388,30.5,224.0,False,False,scenario_baseline
193.5,NODE_10273,3846533030,12,0,rrrgGGgGGrrGr,r,False,False,0,,28.5,222.0,False,False,scenario_baseline
194.0,LINK_212169,11449716078,5,0,gGrrrGr,G,True,False,0,,34.0,228.0,False,False,scenario_baseline
194.0,NODE_8452,3846603653,2,0,GGr,r,False,False,0,,65.0,259.0,False,False,scenario_baseline
194.0,NODE_6082,11449716078,5,0,gGrrrGr,G,True,False,0,,34.0,228.0,False,False,scenario_baseline
194.0,NODE_6123,7300992884,5,0,GgGrrrr,r,False,False,0,,50.0,244.0,False,False,scenario_baseline
194.0,NODE_8426,3849142980,16,0,gggGrrrrrrrrrrrrrGGG,r,False,False,0,,0.0,194.0,False,False,scenario_baseline
194.0,NODE_74388,436883130,16,0,GGrrrrrrgGrrrrrrG,G,True,False,3,ped_6_0_NODE_74388|ped_6_2_NODE_74388|ped_6_3_NODE_74388,30.0,224.0,False,False,scenario_baseline
194.0,NODE_10273,3846533030,12,0,rrrgGGgGGrrGr,r,False,False,0,,28.0,222.0,False,False,scenario_baseline
194.5,LINK_212169,11449716078,5,0,gGrrrGr,G,True,False,0,,33.5,228.0,False,False,scenario_baseline
194.5,NODE_8452,3846603653,2,0,GGr,r,False,False,0,,64.5,259.0,False,False,scenario_baseline
194.5,NODE_6082,11449716078,5,0,gGrrrGr,G,True,False,0,,33.5,228.0,False,False,scenario_baseline
194.5,NODE_6123,7300992884,5,0,GgGrrrr,r,False,False,0,,49.5,244.0,False,False,scenario_baseline
194.5,NODE_8426,3849142980,16,1,gggGrrrrrrrrrrrrrrrr,r,False,False,0,,2.5,197.0,False,False,scenario_baseline
194.5,NODE_74388,436883130,16,0,GGrrrrrrgGrrrrrrG,G,True,False,3,ped_6_0_NODE_74388|ped_6_2_NODE_74388|ped_6_3_NODE_74388,29.5,224.0,False,False,scenario_baseline
194.5,NODE_10273,3846533030,12,0,rrrgGGgGGrrGr,r,False,False,0,,27.5,222.0,False,False,scenario_baseline
195.0,LINK_212169,11449716078,5,0,gGrrrGr,G,True,False,0,,33.0,228.0,False,False,scenario_baseline
195.0,NODE_8452,3846603653,2,0,GGr,r,False,False,0,,64.0,259.0,False,False,scenario_baseline
195.0,NODE_6082,11449716078,5,0,gGrrrGr,G,True,False,0,,33.0,228.0,False,False,scenario_baseline
195.0,NODE_6123,7300992884,5,0,GgGrrrr,r,False,False,0,,49.0,244.0,False,False,scenario_baseline
195.0,NODE_8426,3849142980,16,1,gggGrrrrrrrrrrrrrrrr,r,False,False,0,,2.0,197.0,False,False,scenario_baseline
195.0,NODE_74388,436883130,16,0,GGrrrrrrgGrrrrrrG,G,True,False,3,ped_6_0_NODE_74388|ped_6_2_NODE_74388|ped_6_3_NODE_74388,29.0,224.0,False,False,scenario_baseline
195.0,NODE_10273,3846533030,12,0,rrrgGGgGGrrGr,r,False,False,0,,27.0,222.0,False,False,scenario_baseline
195.5,LINK_212169,11449716078,5,0,gGrrrGr,G,True,False,0,,32.5,228.0,False,False,scenario_baseline
195.5,NODE_8452,3846603653,2,0,GGr,r,False,False,0,,63.5,259.0,False,False,scenario_baseline
195.5,NODE_6082,11449716078,5,0,gGrrrGr,G,True,False,0,,32.5,228.0,False,False,scenario_baseline
195.5,NODE_6123,7300992884,5,0,GgGrrrr,r,False,False,0,,48.5,244.0,False,False,scenario_baseline
195.5,NODE_8426,3849142980,16,1,gggGrrrrrrrrrrrrrrrr,r,False,False,0,,1.5,197.0,False,False,scenario_baseline
195.5,NODE_74388,436883130,16,0,GGrrrrrrgGrrrrrrG,G,True,False,3,ped_6_0_NODE_74388|ped_6_2_NODE_74388|ped_6_3_NODE_74388,28.5,224.0,False,False,scenario_baseline
195.5,NODE_10273,3846533030,12,0,rrrgGGgGGrrGr,r,False,False,0,,26.5,222.0,False,False,scenario_baseline
196.0,LINK_212169,11449716078,5,0,gGrrrGr,G,True,False,0,,32.0,228.0,False,False,scenario_baseline
196.0,NODE_8452,3846603653,2,0,GGr,r,False,False,0,,63.0,259.0,False,False,scenario_baseline
196.0,NODE_6082,11449716078,5,0,gGrrrGr,G,True,False,0,,32.0,228.0,False,False,scenario_baseline
196.0,NODE_6123,7300992884,5,0,GgGrrrr,r,False,False,0,,48.0,244.0,False,False,scenario_baseline
196.0,NODE_8426,3849142980,16,1,gggGrrrrrrrrrrrrrrrr,r,False,False,0,,1.0,197.0,False,False,scenario_baseline
196.0,NODE_74388,436883130,16,0,GGrrrrrrgGrrrrrrG,G,True,False,3,ped_6_0_NODE_74388|ped_6_2_NODE_74388|ped_6_3_NODE_74388,28.0,224.0,False,False,scenario_baseline
196.0,NODE_10273,3846533030,12,0,rrrgGGgGGrrGr,r,False,False,0,,26.0,222.0,False,False,scenario_baseline
196.5,LINK_212169,11449716078,5,0,gGrrrGr,G,True,False,0,,31.5,228.0,False,False,scenario_baseline
196.5,NODE_8452,3846603653,2,0,GGr,r,False,False,0,,62.5,259.0,False,False,scenario_baseline
196.5,NODE_6082,11449716078,5,0,gGrrrGr,G,True,False,0,,31.5,228.0,False,False,scenario_baseline
196.5,NODE_6123,7300992884,5,0,GgGrrrr,r,False,False,0,,47.5,244.0,False,False,scenario_baseline
196.5,NODE_8426,3849142980,16,1,gggGrrrrrrrrrrrrrrrr,r,False,False,0,,0.5,197.0,False,False,scenario_baseline
196.5,NODE_74388,436883130,16,0,GGrrrrrrgGrrrrrrG,G,True,False,3,ped_6_0_NODE_74388|ped_6_2_NODE_74388|ped_6_3_NODE_74388,27.5,224.0,False,False,scenario_baseline
196.5,NODE_10273,3846533030,12,0,rrrgGGgGGrrGr,r,False,False,0,,25.5,222.0,False,False,scenario_baseline
197.0,LINK_212169,11449716078,5,0,gGrrrGr,G,True,False,0,,31.0,228.0,False,False,scenario_baseline
197.0,NODE_8452,3846603653,2,0,GGr,r,False,False,0,,62.0,259.0,False,False,scenario_baseline
197.0,NODE_6082,11449716078,5,0,gGrrrGr,G,True,False,0,,31.0,228.0,False,False,scenario_baseline
197.0,NODE_6123,7300992884,5,0,GgGrrrr,r,False,False,0,,47.0,244.0,False,False,scenario_baseline
197.0,NODE_8426,3849142980,16,1,gggGrrrrrrrrrrrrrrrr,r,False,False,0,,0.0,197.0,False,False,scenario_baseline
197.0,NODE_74388,436883130,16,0,GGrrrrrrgGrrrrrrG,G,True,False,3,ped_6_0_NODE_74388|ped_6_2_NODE_74388|ped_6_3_NODE_74388,27.0,224.0,False,False,scenario_baseline
197.0,NODE_10273,3846533030,12,0,rrrgGGgGGrrGr,r,False,False,0,,25.0,222.0,False,False,scenario_baseline
197.5,LINK_212169,11449716078,5,0,gGrrrGr,G,True,False,0,,30.5,228.0,False,False,scenario_baseline
197.5,NODE_8452,3846603653,2,0,GGr,r,False,False,0,,61.5,259.0,False,False,scenario_baseline
197.5,NODE_6082,11449716078,5,0,gGrrrGr,G,True,False,0,,30.5,228.0,False,False,scenario_baseline
197.5,NODE_6123,7300992884,5,0,GgGrrrr,r,False,False,0,,46.5,244.0,False,False,scenario_baseline
197.5,NODE_8426,3849142980,16,2,yyyyrrrrrrrrrrrrrrrr,r,False,False,0,,2.5,200.0,False,False,scenario_baseline
197.5,NODE_74388,436883130,16,0,GGrrrrrrgGrrrrrrG,G,True,False,2,ped_6_2_NODE_74388|ped_6_3_NODE_74388,26.5,224.0,False,False,scenario_baseline
197.5,NODE_10273,3846533030,12,0,rrrgGGgGGrrGr,r,False,False,0,,24.5,222.0,False,False,scenario_baseline
198.0,LINK_212169,11449716078,5,0,gGrrrGr,G,True,False,0,,30.0,228.0,False,False,scenario_baseline
198.0,NODE_8452,3846603653,2,0,GGr,r,False,False,0,,61.0,259.0,False,False,scenario_baseline
198.0,NODE_6082,11449716078,5,0,gGrrrGr,G,True,False,0,,30.0,228.0,False,False,scenario_baseline
198.0,NODE_6123,7300992884,5,0,GgGrrrr,r,False,False,0,,46.0,244.0,False,False,scenario_baseline
198.0,NODE_8426,3849142980,16,2,yyyyrrrrrrrrrrrrrrrr,r,False,False,0,,2.0,200.0,False,False,scenario_baseline
198.0,NODE_74388,436883130,16,0,GGrrrrrrgGrrrrrrG,G,True,False,1,ped_6_2_NODE_74388,26.0,224.0,False,False,scenario_baseline
198.0,NODE_10273,3846533030,12,0,rrrgGGgGGrrGr,r,False,False,0,,24.0,222.0,False,False,scenario_baseline
198.5,LINK_212169,11449716078,5,0,gGrrrGr,G,True,False,0,,29.5,228.0,False,False,scenario_baseline
198.5,NODE_8452,3846603653,2,0,GGr,r,False,False,0,,60.5,259.0,False,False,scenario_baseline
198.5,NODE_6082,11449716078,5,0,gGrrrGr,G,True,False,0,,29.5,228.0,False,False,scenario_baseline
198.5,NODE_6123,7300992884,5,0,GgGrrrr,r,False,False,0,,45.5,244.0,False,False,scenario_baseline
198.5,NODE_8426,3849142980,16,2,yyyyrrrrrrrrrrrrrrrr,r,False,False,0,,1.5,200.0,False,False,scenario_baseline
198.5,NODE_74388,436883130,16,0,GGrrrrrrgGrrrrrrG,G,True,False,0,,25.5,224.0,False,False,scenario_baseline
198.5,NODE_10273,3846533030,12,0,rrrgGGgGGrrGr,r,False,False,0,,23.5,222.0,False,False,scenario_baseline
199.0,LINK_212169,11449716078,5,0,gGrrrGr,G,True,False,0,,29.0,228.0,False,False,scenario_baseline
199.0,NODE_8452,3846603653,2,0,GGr,r,False,False,0,,60.0,259.0,False,False,scenario_baseline
199.0,NODE_6082,11449716078,5,0,gGrrrGr,G,True,False,0,,29.0,228.0,False,False,scenario_baseline
199.0,NODE_6123,7300992884,5,0,GgGrrrr,r,False,False,0,,45.0,244.0,False,False,scenario_baseline
199.0,NODE_8426,3849142980,16,2,yyyyrrrrrrrrrrrrrrrr,r,False,False,0,,1.0,200.0,False,False,scenario_baseline
199.0,NODE_74388,436883130,16,0,GGrrrrrrgGrrrrrrG,G,True,False,0,,25.0,224.0,False,False,scenario_baseline
199.0,NODE_10273,3846533030,12,0,rrrgGGgGGrrGr,r,False,False,0,,23.0,222.0,False,False,scenario_baseline
199.5,LINK_212169,11449716078,5,0,gGrrrGr,G,True,False,0,,28.5,228.0,False,False,scenario_baseline
199.5,NODE_8452,3846603653,2,0,GGr,r,False,False,0,,59.5,259.0,False,False,scenario_baseline
199.5,NODE_6082,11449716078,5,0,gGrrrGr,G,True,False,0,,28.5,228.0,False,False,scenario_baseline
199.5,NODE_6123,7300992884,5,0,GgGrrrr,r,False,False,0,,44.5,244.0,False,False,scenario_baseline
199.5,NODE_8426,3849142980,16,2,yyyyrrrrrrrrrrrrrrrr,r,False,False,0,,0.5,200.0,False,False,scenario_baseline
199.5,NODE_74388,436883130,16,0,GGrrrrrrgGrrrrrrG,G,True,False,0,,24.5,224.0,False,False,scenario_baseline
199.5,NODE_10273,3846533030,12,0,rrrgGGgGGrrGr,r,False,False,0,,22.5,222.0,False,False,scenario_baseline
200.0,LINK_212169,11449716078,5,0,gGrrrGr,G,True,False,0,,28.0,228.0,False,False,scenario_baseline
200.0,NODE_8452,3846603653,2,0,GGr,r,False,False,0,,59.0,259.0,False,False,scenario_baseline
200.0,NODE_6082,11449716078,5,0,gGrrrGr,G,True,False,0,,28.0,228.0,False,False,scenario_baseline
200.0,NODE_6123,7300992884,5,0,GgGrrrr,r,False,False,0,,44.0,244.0,False,False,scenario_baseline
200.0,NODE_8426,3849142980,16,2,yyyyrrrrrrrrrrrrrrrr,r,False,False,0,,0.0,200.0,False,False,scenario_baseline
200.0,NODE_74388,436883130,16,0,GGrrrrrrgGrrrrrrG,G,True,False,0,,24.0,224.0,False,False,scenario_baseline
200.0,NODE_10273,3846533030,12,0,rrrgGGgGGrrGr,r,False,False,0,,22.0,222.0,False,False,scenario_baseline
200.5,LINK_212169,11449716078,5,0,gGrrrGr,G,True,False,0,,27.5,228.0,False,False,scenario_baseline
200.5,NODE_8452,3846603653,2,0,GGr,r,False,False,0,,58.5,259.0,False,False,scenario_baseline
200.5,NODE_6082,11449716078,5,0,gGrrrGr,G,True,False,0,,27.5,228.0,False,False,scenario_baseline
200.5,NODE_6123,7300992884,5,0,GgGrrrr,r,False,False,0,,43.5,244.0,False,False,scenario_baseline
200.5,NODE_8426,3849142980,16,3,rrrrgggGrrrrrrrrGrGG,G,True,False,0,,16.5,217.0,False,False,scenario_baseline
200.5,NODE_74388,436883130,16,0,GGrrrrrrgGrrrrrrG,G,True,False,0,,23.5,224.0,False,False,scenario_baseline
200.5,NODE_10273,3846533030,12,0,rrrgGGgGGrrGr,r,False,False,0,,21.5,222.0,False,False,scenario_baseline
201.0,LINK_212169,11449716078,5,0,gGrrrGr,G,True,False,0,,27.0,228.0,False,False,scenario_baseline
201.0,NODE_8452,3846603653,2,0,GGr,r,False,False,0,,58.0,259.0,False,False,scenario_baseline
201.0,NODE_6082,11449716078,5,0,gGrrrGr,G,True,False,0,,27.0,228.0,False,False,scenario_baseline
201.0,NODE_6123,7300992884,5,0,GgGrrrr,r,False,False,0,,43.0,244.0,False,False,scenario_baseline
201.0,NODE_8426,3849142980,16,3,rrrrgggGrrrrrrrrGrGG,G,True,False,0,,16.0,217.0,False,False,scenario_baseline
201.0,NODE_74388,436883130,16,0,GGrrrrrrgGrrrrrrG,G,True,False,0,,23.0,224.0,False,False,scenario_baseline
201.0,NODE_10273,3846533030,12,0,rrrgGGgGGrrGr,r,False,False,0,,21.0,222.0,False,False,scenario_baseline
201.5,LINK_212169,11449716078,5,0,gGrrrGr,G,True,False,0,,26.5,228.0,False,False,scenario_baseline
201.5,NODE_8452,3846603653,2,0,GGr,r,False,False,0,,57.5,259.0,False,False,scenario_baseline
201.5,NODE_6082,11449716078,5,0,gGrrrGr,G,True,False,0,,26.5,228.0,False,False,scenario_baseline
201.5,NODE_6123,7300992884,5,0,GgGrrrr,r,False,False,0,,42.5,244.0,False,False,scenario_baseline
201.5,NODE_8426,3849142980,16,3,rrrrgggGrrrrrrrrGrGG,G,True,False,0,,15.5,217.0,False,False,scenario_baseline
201.5,NODE_74388,436883130,16,0,GGrrrrrrgGrrrrrrG,G,True,False,0,,22.5,224.0,False,False,scenario_baseline
201.5,NODE_10273,3846533030,12,0,rrrgGGgGGrrGr,r,False,False,0,,20.5,222.0,False,False,scenario_baseline
202.0,LINK_212169,11449716078,5,0,gGrrrGr,G,True,False,0,,26.0,228.0,False,False,scenario_baseline
202.0,NODE_8452,3846603653,2,0,GGr,r,False,False,0,,57.0,259.0,False,False,scenario_baseline
202.0,NODE_6082,11449716078,5,0,gGrrrGr,G,True,False,0,,26.0,228.0,False,False,scenario_baseline
202.0,NODE_6123,7300992884,5,0,GgGrrrr,r,False,False,0,,42.0,244.0,False,False,scenario_baseline
202.0,NODE_8426,3849142980,16,3,rrrrgggGrrrrrrrrGrGG,G,True,False,0,,15.0,217.0,False,False,scenario_baseline
202.0,NODE_74388,436883130,16,0,GGrrrrrrgGrrrrrrG,G,True,False,0,,22.0,224.0,False,False,scenario_baseline
202.0,NODE_10273,3846533030,12,0,rrrgGGgGGrrGr,r,False,False,0,,20.0,222.0,False,False,scenario_baseline
202.5,LINK_212169,11449716078,5,0,gGrrrGr,G,True,False,0,,25.5,228.0,False,False,scenario_baseline
202.5,NODE_8452,3846603653,2,0,GGr,r,False,False,0,,56.5,259.0,False,False,scenario_baseline
202.5,NODE_6082,11449716078,5,0,gGrrrGr,G,True,False,0,,25.5,228.0,False,False,scenario_baseline
202.5,NODE_6123,7300992884,5,0,GgGrrrr,r,False,False,0,,41.5,244.0,False,False,scenario_baseline
202.5,NODE_8426,3849142980,16,3,rrrrgggGrrrrrrrrGrGG,G,True,False,0,,14.5,217.0,False,False,scenario_baseline
202.5,NODE_74388,436883130,16,0,GGrrrrrrgGrrrrrrG,G,True,False,0,,21.5,224.0,False,False,scenario_baseline
202.5,NODE_10273,3846533030,12,0,rrrgGGgGGrrGr,r,False,False,0,,19.5,222.0,False,False,scenario_baseline
203.0,LINK_212169,11449716078,5,0,gGrrrGr,G,True,False,0,,25.0,228.0,False,False,scenario_baseline
203.0,NODE_8452,3846603653,2,0,GGr,r,False,False,0,,56.0,259.0,False,False,scenario_baseline
203.0,NODE_6082,11449716078,5,0,gGrrrGr,G,True,False,0,,25.0,228.0,False,False,scenario_baseline
203.0,NODE_6123,7300992884,5,0,GgGrrrr,r,False,False,0,,41.0,244.0,False,False,scenario_baseline
203.0,NODE_8426,3849142980,16,3,rrrrgggGrrrrrrrrGrGG,G,True,False,0,,14.0,217.0,False,False,scenario_baseline
203.0,NODE_74388,436883130,16,0,GGrrrrrrgGrrrrrrG,G,True,False,0,,21.0,224.0,False,False,scenario_baseline
203.0,NODE_10273,3846533030,12,0,rrrgGGgGGrrGr,r,False,False,0,,19.0,222.0,False,False,scenario_baseline
203.5,LINK_212169,11449716078,5,0,gGrrrGr,G,True,False,0,,24.5,228.0,False,False,scenario_baseline
203.5,NODE_8452,3846603653,2,0,GGr,r,False,False,0,,55.5,259.0,False,False,scenario_baseline
203.5,NODE_6082,11449716078,5,0,gGrrrGr,G,True,False,0,,24.5,228.0,False,False,scenario_baseline
203.5,NODE_6123,7300992884,5,0,GgGrrrr,r,False,False,0,,40.5,244.0,False,False,scenario_baseline
203.5,NODE_8426,3849142980,16,3,rrrrgggGrrrrrrrrGrGG,G,True,False,0,,13.5,217.0,False,False,scenario_baseline
203.5,NODE_74388,436883130,16,0,GGrrrrrrgGrrrrrrG,G,True,False,0,,20.5,224.0,False,False,scenario_baseline
203.5,NODE_10273,3846533030,12,0,rrrgGGgGGrrGr,r,False,False,0,,18.5,222.0,False,False,scenario_baseline
204.0,LINK_212169,11449716078,5,0,gGrrrGr,G,True,False,0,,24.0,228.0,False,False,scenario_baseline
204.0,NODE_8452,3846603653,2,0,GGr,r,False,False,0,,55.0,259.0,False,False,scenario_baseline
204.0,NODE_6082,11449716078,5,0,gGrrrGr,G,True,False,0,,24.0,228.0,False,False,scenario_baseline
204.0,NODE_6123,7300992884,5,0,GgGrrrr,r,False,False,0,,40.0,244.0,False,False,scenario_baseline
204.0,NODE_8426,3849142980,16,3,rrrrgggGrrrrrrrrGrGG,G,True,False,0,,13.0,217.0,False,False,scenario_baseline
204.0,NODE_74388,436883130,16,0,GGrrrrrrgGrrrrrrG,G,True,False,0,,20.0,224.0,False,False,scenario_baseline
204.0,NODE_10273,3846533030,12,0,rrrgGGgGGrrGr,r,False,False,0,,18.0,222.0,False,False,scenario_baseline
204.5,LINK_212169,11449716078,5,0,gGrrrGr,G,True,False,0,,23.5,228.0,False,False,scenario_baseline
204.5,NODE_8452,3846603653,2,0,GGr,r,False,False,0,,54.5,259.0,False,False,scenario_baseline
204.5,NODE_6082,11449716078,5,0,gGrrrGr,G,True,False,0,,23.5,228.0,False,False,scenario_baseline
204.5,NODE_6123,7300992884,5,0,GgGrrrr,r,False,False,0,,39.5,244.0,False,False,scenario_baseline
204.5,NODE_8426,3849142980,16,3,rrrrgggGrrrrrrrrGrGG,G,True,False,0,,12.5,217.0,False,False,scenario_baseline
204.5,NODE_74388,436883130,16,0,GGrrrrrrgGrrrrrrG,G,True,False,0,,19.5,224.0,False,False,scenario_baseline
204.5,NODE_10273,3846533030,12,0,rrrgGGgGGrrGr,r,False,False,0,,17.5,222.0,False,False,scenario_baseline
205.0,LINK_212169,11449716078,5,0,gGrrrGr,G,True,False,0,,23.0,228.0,False,False,scenario_baseline
205.0,NODE_8452,3846603653,2,0,GGr,r,False,False,0,,54.0,259.0,False,False,scenario_baseline
205.0,NODE_6082,11449716078,5,0,gGrrrGr,G,True,False,0,,23.0,228.0,False,False,scenario_baseline
205.0,NODE_6123,7300992884,5,0,GgGrrrr,r,False,False,0,,39.0,244.0,False,False,scenario_baseline
205.0,NODE_8426,3849142980,16,3,rrrrgggGrrrrrrrrGrGG,G,True,False,0,,12.0,217.0,False,False,scenario_baseline
205.0,NODE_74388,436883130,16,0,GGrrrrrrgGrrrrrrG,G,True,False,0,,19.0,224.0,False,False,scenario_baseline
205.0,NODE_10273,3846533030,12,0,rrrgGGgGGrrGr,r,False,False,0,,17.0,222.0,False,False,scenario_baseline
205.5,LINK_212169,11449716078,5,0,gGrrrGr,G,True,False,0,,22.5,228.0,False,False,scenario_baseline
205.5,NODE_8452,3846603653,2,0,GGr,r,False,False,0,,53.5,259.0,False,False,scenario_baseline
205.5,NODE_6082,11449716078,5,0,gGrrrGr,G,True,False,0,,22.5,228.0,False,False,scenario_baseline
205.5,NODE_6123,7300992884,5,0,GgGrrrr,r,False,False,0,,38.5,244.0,False,False,scenario_baseline
205.5,NODE_8426,3849142980,16,3,rrrrgggGrrrrrrrrGrGG,G,True,False,0,,11.5,217.0,False,False,scenario_baseline
205.5,NODE_74388,436883130,16,0,GGrrrrrrgGrrrrrrG,G,True,False,0,,18.5,224.0,False,False,scenario_baseline
205.5,NODE_10273,3846533030,12,0,rrrgGGgGGrrGr,r,False,False,0,,16.5,222.0,False,False,scenario_baseline
206.0,LINK_212169,11449716078,5,0,gGrrrGr,G,True,False,0,,22.0,228.0,False,False,scenario_baseline
206.0,NODE_8452,3846603653,2,0,GGr,r,False,False,0,,53.0,259.0,False,False,scenario_baseline
206.0,NODE_6082,11449716078,5,0,gGrrrGr,G,True,False,0,,22.0,228.0,False,False,scenario_baseline
206.0,NODE_6123,7300992884,5,0,GgGrrrr,r,False,False,0,,38.0,244.0,False,False,scenario_baseline
206.0,NODE_8426,3849142980,16,3,rrrrgggGrrrrrrrrGrGG,G,True,False,0,,11.0,217.0,False,False,scenario_baseline
206.0,NODE_74388,436883130,16,0,GGrrrrrrgGrrrrrrG,G,True,False,0,,18.0,224.0,False,False,scenario_baseline
206.0,NODE_10273,3846533030,12,0,rrrgGGgGGrrGr,r,False,False,0,,16.0,222.0,False,False,scenario_baseline
206.5,LINK_212169,11449716078,5,0,gGrrrGr,G,True,False,0,,21.5,228.0,False,False,scenario_baseline
206.5,NODE_8452,3846603653,2,0,GGr,r,False,False,0,,52.5,259.0,False,False,scenario_baseline
206.5,NODE_6082,11449716078,5,0,gGrrrGr,G,True,False,0,,21.5,228.0,False,False,scenario_baseline
206.5,NODE_6123,7300992884,5,0,GgGrrrr,r,False,False,0,,37.5,244.0,False,False,scenario_baseline
206.5,NODE_8426,3849142980,16,3,rrrrgggGrrrrrrrrGrGG,G,True,False,0,,10.5,217.0,False,False,scenario_baseline
206.5,NODE_74388,436883130,16,0,GGrrrrrrgGrrrrrrG,G,True,False,0,,17.5,224.0,False,False,scenario_baseline
206.5,NODE_10273,3846533030,12,0,rrrgGGgGGrrGr,r,False,False,0,,15.5,222.0,False,False,scenario_baseline
207.0,LINK_212169,11449716078,5,0,gGrrrGr,G,True,False,0,,21.0,228.0,False,False,scenario_baseline
207.0,NODE_8452,3846603653,2,0,GGr,r,False,False,0,,52.0,259.0,False,False,scenario_baseline
207.0,NODE_6082,11449716078,5,0,gGrrrGr,G,True,False,0,,21.0,228.0,False,False,scenario_baseline
207.0,NODE_6123,7300992884,5,0,GgGrrrr,r,False,False,0,,37.0,244.0,False,False,scenario_baseline
207.0,NODE_8426,3849142980,16,3,rrrrgggGrrrrrrrrGrGG,G,True,False,0,,10.0,217.0,False,False,scenario_baseline
207.0,NODE_74388,436883130,16,0,GGrrrrrrgGrrrrrrG,G,True,False,0,,17.0,224.0,False,False,scenario_baseline
207.0,NODE_10273,3846533030,12,0,rrrgGGgGGrrGr,r,False,False,0,,15.0,222.0,False,False,scenario_baseline
207.5,LINK_212169,11449716078,5,0,gGrrrGr,G,True,False,0,,20.5,228.0,False,False,scenario_baseline
207.5,NODE_8452,3846603653,2,0,GGr,r,False,False,0,,51.5,259.0,False,False,scenario_baseline
207.5,NODE_6082,11449716078,5,0,gGrrrGr,G,True,False,0,,20.5,228.0,False,False,scenario_baseline
207.5,NODE_6123,7300992884,5,0,GgGrrrr,r,False,False,0,,36.5,244.0,False,False,scenario_baseline
207.5,NODE_8426,3849142980,16,3,rrrrgggGrrrrrrrrGrGG,G,True,False,0,,9.5,217.0,False,False,scenario_baseline
207.5,NODE_74388,436883130,16,0,GGrrrrrrgGrrrrrrG,G,True,False,0,,16.5,224.0,False,False,scenario_baseline
207.5,NODE_10273,3846533030,12,0,rrrgGGgGGrrGr,r,False,False,0,,14.5,222.0,False,False,scenario_baseline
208.0,LINK_212169,11449716078,5,0,gGrrrGr,G,True,False,0,,20.0,228.0,False,False,scenario_baseline
208.0,NODE_8452,3846603653,2,0,GGr,r,False,False,0,,51.0,259.0,False,False,scenario_baseline
208.0,NODE_6082,11449716078,5,0,gGrrrGr,G,True,False,0,,20.0,228.0,False,False,scenario_baseline
208.0,NODE_6123,7300992884,5,0,GgGrrrr,r,False,False,0,,36.0,244.0,False,False,scenario_baseline
208.0,NODE_8426,3849142980,16,3,rrrrgggGrrrrrrrrGrGG,G,True,False,0,,9.0,217.0,False,False,scenario_baseline
208.0,NODE_74388,436883130,16,0,GGrrrrrrgGrrrrrrG,G,True,False,0,,16.0,224.0,False,False,scenario_baseline
208.0,NODE_10273,3846533030,12,0,rrrgGGgGGrrGr,r,False,False,0,,14.0,222.0,False,False,scenario_baseline
208.5,LINK_212169,11449716078,5,0,gGrrrGr,G,True,False,0,,19.5,228.0,False,False,scenario_baseline
208.5,NODE_8452,3846603653,2,0,GGr,r,False,False,0,,50.5,259.0,False,False,scenario_baseline
208.5,NODE_6082,11449716078,5,0,gGrrrGr,G,True,False,0,,19.5,228.0,False,False,scenario_baseline
208.5,NODE_6123,7300992884,5,0,GgGrrrr,r,False,False,0,,35.5,244.0,False,False,scenario_baseline
208.5,NODE_8426,3849142980,16,3,rrrrgggGrrrrrrrrGrGG,G,True,False,0,,8.5,217.0,False,False,scenario_baseline
208.5,NODE_74388,436883130,16,0,GGrrrrrrgGrrrrrrG,G,True,False,0,,15.5,224.0,False,False,scenario_baseline
208.5,NODE_10273,3846533030,12,0,rrrgGGgGGrrGr,r,False,False,0,,13.5,222.0,False,False,scenario_baseline
209.0,LINK_212169,11449716078,5,0,gGrrrGr,G,True,False,0,,19.0,228.0,False,False,scenario_baseline
209.0,NODE_8452,3846603653,2,0,GGr,r,False,False,0,,50.0,259.0,False,False,scenario_baseline
209.0,NODE_6082,11449716078,5,0,gGrrrGr,G,True,False,0,,19.0,228.0,False,False,scenario_baseline
209.0,NODE_6123,7300992884,5,0,GgGrrrr,r,False,False,0,,35.0,244.0,False,False,scenario_baseline
209.0,NODE_8426,3849142980,16,3,rrrrgggGrrrrrrrrGrGG,G,True,False,0,,8.0,217.0,False,False,scenario_baseline
209.0,NODE_74388,436883130,16,0,GGrrrrrrgGrrrrrrG,G,True,False,0,,15.0,224.0,False,False,scenario_baseline
209.0,NODE_10273,3846533030,12,0,rrrgGGgGGrrGr,r,False,False,0,,13.0,222.0,False,False,scenario_baseline
209.5,LINK_212169,11449716078,5,0,gGrrrGr,G,True,False,0,,18.5,228.0,False,False,scenario_baseline
209.5,NODE_8452,3846603653,2,0,GGr,r,False,False,0,,49.5,259.0,False,False,scenario_baseline
209.5,NODE_6082,11449716078,5,0,gGrrrGr,G,True,False,0,,18.5,228.0,False,False,scenario_baseline
209.5,NODE_6123,7300992884,5,0,GgGrrrr,r,False,False,0,,34.5,244.0,False,False,scenario_baseline
209.5,NODE_8426,3849142980,16,3,rrrrgggGrrrrrrrrGrGG,G,True,False,0,,7.5,217.0,False,False,scenario_baseline
209.5,NODE_74388,436883130,16,0,GGrrrrrrgGrrrrrrG,G,True,False,0,,14.5,224.0,False,False,scenario_baseline
209.5,NODE_10273,3846533030,12,0,rrrgGGgGGrrGr,r,False,False,0,,12.5,222.0,False,False,scenario_baseline
210.0,LINK_212169,11449716078,5,0,gGrrrGr,G,True,False,0,,18.0,228.0,False,False,scenario_baseline
210.0,NODE_8452,3846603653,2,0,GGr,r,False,False,0,,49.0,259.0,False,False,scenario_baseline
210.0,NODE_6082,11449716078,5,0,gGrrrGr,G,True,False,0,,18.0,228.0,False,False,scenario_baseline
210.0,NODE_6123,7300992884,5,0,GgGrrrr,r,False,False,0,,34.0,244.0,False,False,scenario_baseline
210.0,NODE_8426,3849142980,16,3,rrrrgggGrrrrrrrrGrGG,G,True,False,0,,7.0,217.0,False,False,scenario_baseline
210.0,NODE_74388,436883130,16,0,GGrrrrrrgGrrrrrrG,G,True,False,0,,14.0,224.0,False,False,scenario_baseline
210.0,NODE_10273,3846533030,12,0,rrrgGGgGGrrGr,r,False,False,0,,12.0,222.0,False,False,scenario_baseline
210.5,LINK_212169,11449716078,5,0,gGrrrGr,G,True,False,0,,17.5,228.0,False,False,scenario_baseline
210.5,NODE_8452,3846603653,2,0,GGr,r,False,False,0,,48.5,259.0,False,False,scenario_baseline
210.5,NODE_6082,11449716078,5,0,gGrrrGr,G,True,False,0,,17.5,228.0,False,False,scenario_baseline
210.5,NODE_6123,7300992884,5,0,GgGrrrr,r,False,False,0,,33.5,244.0,False,False,scenario_baseline
210.5,NODE_8426,3849142980,16,3,rrrrgggGrrrrrrrrGrGG,G,True,False,0,,6.5,217.0,False,False,scenario_baseline
210.5,NODE_74388,436883130,16,0,GGrrrrrrgGrrrrrrG,G,True,False,0,,13.5,224.0,False,False,scenario_baseline
210.5,NODE_10273,3846533030,12,0,rrrgGGgGGrrGr,r,False,False,0,,11.5,222.0,False,False,scenario_baseline
211.0,LINK_212169,11449716078,5,0,gGrrrGr,G,True,False,0,,17.0,228.0,False,False,scenario_baseline
211.0,NODE_8452,3846603653,2,0,GGr,r,False,False,0,,48.0,259.0,False,False,scenario_baseline
211.0,NODE_6082,11449716078,5,0,gGrrrGr,G,True,False,0,,17.0,228.0,False,False,scenario_baseline
211.0,NODE_6123,7300992884,5,0,GgGrrrr,r,False,False,0,,33.0,244.0,False,False,scenario_baseline
211.0,NODE_8426,3849142980,16,3,rrrrgggGrrrrrrrrGrGG,G,True,False,0,,6.0,217.0,False,False,scenario_baseline
211.0,NODE_74388,436883130,16,0,GGrrrrrrgGrrrrrrG,G,True,False,0,,13.0,224.0,False,False,scenario_baseline
211.0,NODE_10273,3846533030,12,0,rrrgGGgGGrrGr,r,False,False,0,,11.0,222.0,False,False,scenario_baseline
211.5,LINK_212169,11449716078,5,0,gGrrrGr,G,True,False,0,,16.5,228.0,False,False,scenario_baseline
211.5,NODE_8452,3846603653,2,0,GGr,r,False,False,0,,47.5,259.0,False,False,scenario_baseline
211.5,NODE_6082,11449716078,5,0,gGrrrGr,G,True,False,0,,16.5,228.0,False,False,scenario_baseline
211.5,NODE_6123,7300992884,5,0,GgGrrrr,r,False,False,0,,32.5,244.0,False,False,scenario_baseline
211.5,NODE_8426,3849142980,16,3,rrrrgggGrrrrrrrrGrGG,G,True,False,0,,5.5,217.0,False,False,scenario_baseline
211.5,NODE_74388,436883130,16,0,GGrrrrrrgGrrrrrrG,G,True,False,0,,12.5,224.0,False,False,scenario_baseline
211.5,NODE_10273,3846533030,12,0,rrrgGGgGGrrGr,r,False,False,0,,10.5,222.0,False,False,scenario_baseline
212.0,LINK_212169,11449716078,5,0,gGrrrGr,G,True,False,0,,16.0,228.0,False,False,scenario_baseline
212.0,NODE_8452,3846603653,2,0,GGr,r,False,False,0,,47.0,259.0,False,False,scenario_baseline
212.0,NODE_6082,11449716078,5,0,gGrrrGr,G,True,False,0,,16.0,228.0,False,False,scenario_baseline
212.0,NODE_6123,7300992884,5,0,GgGrrrr,r,False,False,0,,32.0,244.0,False,False,scenario_baseline
212.0,NODE_8426,3849142980,16,3,rrrrgggGrrrrrrrrGrGG,G,True,False,0,,5.0,217.0,False,False,scenario_baseline
212.0,NODE_74388,436883130,16,0,GGrrrrrrgGrrrrrrG,G,True,False,0,,12.0,224.0,False,False,scenario_baseline
212.0,NODE_10273,3846533030,12,0,rrrgGGgGGrrGr,r,False,False,0,,10.0,222.0,False,False,scenario_baseline
212.5,LINK_212169,11449716078,5,0,gGrrrGr,G,True,False,0,,15.5,228.0,False,False,scenario_baseline
212.5,NODE_8452,3846603653,2,0,GGr,r,False,False,0,,46.5,259.0,False,False,scenario_baseline
212.5,NODE_6082,11449716078,5,0,gGrrrGr,G,True,False,0,,15.5,228.0,False,False,scenario_baseline
212.5,NODE_6123,7300992884,5,0,GgGrrrr,r,False,False,0,,31.5,244.0,False,False,scenario_baseline
212.5,NODE_8426,3849142980,16,3,rrrrgggGrrrrrrrrGrGG,G,True,False,0,,4.5,217.0,False,False,scenario_baseline
212.5,NODE_74388,436883130,16,0,GGrrrrrrgGrrrrrrG,G,True,False,0,,11.5,224.0,False,False,scenario_baseline
212.5,NODE_10273,3846533030,12,0,rrrgGGgGGrrGr,r,False,False,0,,9.5,222.0,False,False,scenario_baseline
213.0,LINK_212169,11449716078,5,0,gGrrrGr,G,True,False,0,,15.0,228.0,False,False,scenario_baseline
213.0,NODE_8452,3846603653,2,0,GGr,r,False,False,0,,46.0,259.0,False,False,scenario_baseline
213.0,NODE_6082,11449716078,5,0,gGrrrGr,G,True,False,0,,15.0,228.0,False,False,scenario_baseline
213.0,NODE_6123,7300992884,5,0,GgGrrrr,r,False,False,0,,31.0,244.0,False,False,scenario_baseline
213.0,NODE_8426,3849142980,16,3,rrrrgggGrrrrrrrrGrGG,G,True,False,0,,4.0,217.0,False,False,scenario_baseline
213.0,NODE_74388,436883130,16,0,GGrrrrrrgGrrrrrrG,G,True,False,0,,11.0,224.0,False,False,scenario_baseline
213.0,NODE_10273,3846533030,12,0,rrrgGGgGGrrGr,r,False,False,0,,9.0,222.0,False,False,scenario_baseline
213.5,LINK_212169,11449716078,5,0,gGrrrGr,G,True,False,0,,14.5,228.0,False,False,scenario_baseline
213.5,NODE_8452,3846603653,2,0,GGr,r,False,False,0,,45.5,259.0,False,False,scenario_baseline
213.5,NODE_6082,11449716078,5,0,gGrrrGr,G,True,False,0,,14.5,228.0,False,False,scenario_baseline
213.5,NODE_6123,7300992884,5,0,GgGrrrr,r,False,False,0,,30.5,244.0,False,False,scenario_baseline
213.5,NODE_8426,3849142980,16,3,rrrrgggGrrrrrrrrGrGG,G,True,False,0,,3.5,217.0,False,False,scenario_baseline
213.5,NODE_74388,436883130,16,0,GGrrrrrrgGrrrrrrG,G,True,False,0,,10.5,224.0,False,False,scenario_baseline
213.5,NODE_10273,3846533030,12,0,rrrgGGgGGrrGr,r,False,False,0,,8.5,222.0,False,False,scenario_baseline
214.0,LINK_212169,11449716078,5,0,gGrrrGr,G,True,False,0,,14.0,228.0,False,False,scenario_baseline
214.0,NODE_8452,3846603653,2,0,GGr,r,False,False,0,,45.0,259.0,False,False,scenario_baseline
214.0,NODE_6082,11449716078,5,0,gGrrrGr,G,True,False,0,,14.0,228.0,False,False,scenario_baseline
214.0,NODE_6123,7300992884,5,0,GgGrrrr,r,False,False,0,,30.0,244.0,False,False,scenario_baseline
214.0,NODE_8426,3849142980,16,3,rrrrgggGrrrrrrrrGrGG,G,True,False,0,,3.0,217.0,False,False,scenario_baseline
214.0,NODE_74388,436883130,16,0,GGrrrrrrgGrrrrrrG,G,True,False,0,,10.0,224.0,False,False,scenario_baseline
214.0,NODE_10273,3846533030,12,0,rrrgGGgGGrrGr,r,False,False,0,,8.0,222.0,False,False,scenario_baseline
214.5,LINK_212169,11449716078,5,0,gGrrrGr,G,True,False,0,,13.5,228.0,False,False,scenario_baseline
214.5,NODE_8452,3846603653,2,0,GGr,r,False,False,0,,44.5,259.0,False,False,scenario_baseline
214.5,NODE_6082,11449716078,5,0,gGrrrGr,G,True,False,0,,13.5,228.0,False,False,scenario_baseline
214.5,NODE_6123,7300992884,5,0,GgGrrrr,r,False,False,0,,29.5,244.0,False,False,scenario_baseline
214.5,NODE_8426,3849142980,16,3,rrrrgggGrrrrrrrrGrGG,G,True,False,0,,2.5,217.0,False,False,scenario_baseline
214.5,NODE_74388,436883130,16,0,GGrrrrrrgGrrrrrrG,G,True,False,0,,9.5,224.0,False,False,scenario_baseline
214.5,NODE_10273,3846533030,12,0,rrrgGGgGGrrGr,r,False,False,0,,7.5,222.0,False,False,scenario_baseline
215.0,LINK_212169,11449716078,5,0,gGrrrGr,G,True,False,0,,13.0,228.0,False,False,scenario_baseline
215.0,NODE_8452,3846603653,2,0,GGr,r,False,False,0,,44.0,259.0,False,False,scenario_baseline
215.0,NODE_6082,11449716078,5,0,gGrrrGr,G,True,False,0,,13.0,228.0,False,False,scenario_baseline
215.0,NODE_6123,7300992884,5,0,GgGrrrr,r,False,False,0,,29.0,244.0,False,False,scenario_baseline
215.0,NODE_8426,3849142980,16,3,rrrrgggGrrrrrrrrGrGG,G,True,False,0,,2.0,217.0,False,False,scenario_baseline
215.0,NODE_74388,436883130,16,0,GGrrrrrrgGrrrrrrG,G,True,False,0,,9.0,224.0,False,False,scenario_baseline
215.0,NODE_10273,3846533030,12,0,rrrgGGgGGrrGr,r,False,False,0,,7.0,222.0,False,False,scenario_baseline
215.5,LINK_212169,11449716078,5,0,gGrrrGr,G,True,False,0,,12.5,228.0,False,False,scenario_baseline
215.5,NODE_8452,3846603653,2,0,GGr,r,False,False,0,,43.5,259.0,False,False,scenario_baseline
215.5,NODE_6082,11449716078,5,0,gGrrrGr,G,True,False,0,,12.5,228.0,False,False,scenario_baseline
215.5,NODE_6123,7300992884,5,0,GgGrrrr,r,False,False,0,,28.5,244.0,False,False,scenario_baseline
215.5,NODE_8426,3849142980,16,3,rrrrgggGrrrrrrrrGrGG,G,True,False,0,,1.5,217.0,False,False,scenario_baseline
215.5,NODE_74388,436883130,16,0,GGrrrrrrgGrrrrrrG,G,True,False,0,,8.5,224.0,False,False,scenario_baseline
215.5,NODE_10273,3846533030,12,0,rrrgGGgGGrrGr,r,False,False,0,,6.5,222.0,False,False,scenario_baseline
216.0,LINK_212169,11449716078,5,0,gGrrrGr,G,True,False,0,,12.0,228.0,False,False,scenario_baseline
216.0,NODE_8452,3846603653,2,0,GGr,r,False,False,0,,43.0,259.0,False,False,scenario_baseline
216.0,NODE_6082,11449716078,5,0,gGrrrGr,G,True,False,0,,12.0,228.0,False,False,scenario_baseline
216.0,NODE_6123,7300992884,5,0,GgGrrrr,r,False,False,0,,28.0,244.0,False,False,scenario_baseline
216.0,NODE_8426,3849142980,16,3,rrrrgggGrrrrrrrrGrGG,G,True,False,0,,1.0,217.0,False,False,scenario_baseline
216.0,NODE_74388,436883130,16,0,GGrrrrrrgGrrrrrrG,G,True,False,0,,8.0,224.0,False,False,scenario_baseline
216.0,NODE_10273,3846533030,12,0,rrrgGGgGGrrGr,r,False,False,0,,6.0,222.0,False,False,scenario_baseline
216.5,LINK_212169,11449716078,5,0,gGrrrGr,G,True,False,0,,11.5,228.0,False,False,scenario_baseline
216.5,NODE_8452,3846603653,2,0,GGr,r,False,False,0,,42.5,259.0,False,False,scenario_baseline
216.5,NODE_6082,11449716078,5,0,gGrrrGr,G,True,False,0,,11.5,228.0,False,False,scenario_baseline
216.5,NODE_6123,7300992884,5,0,GgGrrrr,r,False,False,0,,27.5,244.0,False,False,scenario_baseline
216.5,NODE_8426,3849142980,16,3,rrrrgggGrrrrrrrrGrGG,G,True,False,0,,0.5,217.0,False,False,scenario_baseline
216.5,NODE_74388,436883130,16,0,GGrrrrrrgGrrrrrrG,G,True,False,0,,7.5,224.0,False,False,scenario_baseline
216.5,NODE_10273,3846533030,12,0,rrrgGGgGGrrGr,r,False,False,0,,5.5,222.0,False,False,scenario_baseline
217.0,LINK_212169,11449716078,5,0,gGrrrGr,G,True,False,0,,11.0,228.0,False,False,scenario_baseline
217.0,NODE_8452,3846603653,2,0,GGr,r,False,False,0,,42.0,259.0,False,False,scenario_baseline
217.0,NODE_6082,11449716078,5,0,gGrrrGr,G,True,False,0,,11.0,228.0,False,False,scenario_baseline
217.0,NODE_6123,7300992884,5,0,GgGrrrr,r,False,False,0,,27.0,244.0,False,False,scenario_baseline
217.0,NODE_8426,3849142980,16,3,rrrrgggGrrrrrrrrGrGG,G,True,False,0,,0.0,217.0,False,False,scenario_baseline
217.0,NODE_74388,436883130,16,0,GGrrrrrrgGrrrrrrG,G,True,False,0,,7.0,224.0,False,False,scenario_baseline
217.0,NODE_10273,3846533030,12,0,rrrgGGgGGrrGr,r,False,False,0,,5.0,222.0,False,False,scenario_baseline
217.5,LINK_212169,11449716078,5,0,gGrrrGr,G,True,False,0,,10.5,228.0,False,False,scenario_baseline
217.5,NODE_8452,3846603653,2,0,GGr,r,False,False,0,,41.5,259.0,False,False,scenario_baseline
217.5,NODE_6082,11449716078,5,0,gGrrrGr,G,True,False,0,,10.5,228.0,False,False,scenario_baseline
217.5,NODE_6123,7300992884,5,0,GgGrrrr,r,False,False,0,,26.5,244.0,False,False,scenario_baseline
217.5,NODE_8426,3849142980,16,4,rrrrgggGrrrrrrrrrrrr,r,False,False,0,,2.5,220.0,False,False,scenario_baseline
217.5,NODE_74388,436883130,16,0,GGrrrrrrgGrrrrrrG,G,True,False,0,,6.5,224.0,False,False,scenario_baseline
217.5,NODE_10273,3846533030,12,0,rrrgGGgGGrrGr,r,False,False,0,,4.5,222.0,False,False,scenario_baseline
218.0,LINK_212169,11449716078,5,0,gGrrrGr,G,True,False,0,,10.0,228.0,False,False,scenario_baseline
218.0,NODE_8452,3846603653,2,0,GGr,r,False,False,0,,41.0,259.0,False,False,scenario_baseline
218.0,NODE_6082,11449716078,5,0,gGrrrGr,G,True,False,0,,10.0,228.0,False,False,scenario_baseline
218.0,NODE_6123,7300992884,5,0,GgGrrrr,r,False,False,0,,26.0,244.0,False,False,scenario_baseline
218.0,NODE_8426,3849142980,16,4,rrrrgggGrrrrrrrrrrrr,r,False,False,0,,2.0,220.0,False,False,scenario_baseline
218.0,NODE_74388,436883130,16,0,GGrrrrrrgGrrrrrrG,G,True,False,0,,6.0,224.0,False,False,scenario_baseline
218.0,NODE_10273,3846533030,12,0,rrrgGGgGGrrGr,r,False,False,0,,4.0,222.0,False,False,scenario_baseline
218.5,LINK_212169,11449716078,5,0,gGrrrGr,G,True,False,0,,9.5,228.0,False,False,scenario_baseline
218.5,NODE_8452,3846603653,2,0,GGr,r,False,False,0,,40.5,259.0,False,False,scenario_baseline
218.5,NODE_6082,11449716078,5,0,gGrrrGr,G,True,False,0,,9.5,228.0,False,False,scenario_baseline
218.5,NODE_6123,7300992884,5,0,GgGrrrr,r,False,False,0,,25.5,244.0,False,False,scenario_baseline
218.5,NODE_8426,3849142980,16,4,rrrrgggGrrrrrrrrrrrr,r,False,False,0,,1.5,220.0,False,False,scenario_baseline
218.5,NODE_74388,436883130,16,0,GGrrrrrrgGrrrrrrG,G,True,False,0,,5.5,224.0,False,False,scenario_baseline
218.5,NODE_10273,3846533030,12,0,rrrgGGgGGrrGr,r,False,False,0,,3.5,222.0,False,False,scenario_baseline
219.0,LINK_212169,11449716078,5,0,gGrrrGr,G,True,False,0,,9.0,228.0,False,False,scenario_baseline
219.0,NODE_8452,3846603653,2,0,GGr,r,False,False,0,,40.0,259.0,False,False,scenario_baseline
219.0,NODE_6082,11449716078,5,0,gGrrrGr,G,True,False,0,,9.0,228.0,False,False,scenario_baseline
219.0,NODE_6123,7300992884,5,0,GgGrrrr,r,False,False,0,,25.0,244.0,False,False,scenario_baseline
219.0,NODE_8426,3849142980,16,4,rrrrgggGrrrrrrrrrrrr,r,False,False,0,,1.0,220.0,False,False,scenario_baseline
219.0,NODE_74388,436883130,16,0,GGrrrrrrgGrrrrrrG,G,True,False,0,,5.0,224.0,False,False,scenario_baseline
219.0,NODE_10273,3846533030,12,0,rrrgGGgGGrrGr,r,False,False,0,,3.0,222.0,False,False,scenario_baseline
219.5,LINK_212169,11449716078,5,0,gGrrrGr,G,True,False,0,,8.5,228.0,False,False,scenario_baseline
219.5,NODE_8452,3846603653,2,0,GGr,r,False,False,0,,39.5,259.0,False,False,scenario_baseline
219.5,NODE_6082,11449716078,5,0,gGrrrGr,G,True,False,0,,8.5,228.0,False,False,scenario_baseline
219.5,NODE_6123,7300992884,5,0,GgGrrrr,r,False,False,0,,24.5,244.0,False,False,scenario_baseline
219.5,NODE_8426,3849142980,16,4,rrrrgggGrrrrrrrrrrrr,r,False,False,0,,0.5,220.0,False,False,scenario_baseline
219.5,NODE_74388,436883130,16,0,GGrrrrrrgGrrrrrrG,G,True,False,0,,4.5,224.0,False,False,scenario_baseline
219.5,NODE_10273,3846533030,12,0,rrrgGGgGGrrGr,r,False,False,0,,2.5,222.0,False,False,scenario_baseline
220.0,LINK_212169,11449716078,5,0,gGrrrGr,G,True,False,0,,8.0,228.0,False,False,scenario_baseline
220.0,NODE_8452,3846603653,2,0,GGr,r,False,False,0,,39.0,259.0,False,False,scenario_baseline
220.0,NODE_6082,11449716078,5,0,gGrrrGr,G,True,False,0,,8.0,228.0,False,False,scenario_baseline
220.0,NODE_6123,7300992884,5,0,GgGrrrr,r,False,False,0,,24.0,244.0,False,False,scenario_baseline
220.0,NODE_8426,3849142980,16,4,rrrrgggGrrrrrrrrrrrr,r,False,False,0,,0.0,220.0,False,False,scenario_baseline
220.0,NODE_74388,436883130,16,0,GGrrrrrrgGrrrrrrG,G,True,False,0,,4.0,224.0,False,False,scenario_baseline
220.0,NODE_10273,3846533030,12,0,rrrgGGgGGrrGr,r,False,False,0,,2.0,222.0,False,False,scenario_baseline
220.5,LINK_212169,11449716078,5,0,gGrrrGr,G,True,False,0,,7.5,228.0,False,False,scenario_baseline
220.5,NODE_8452,3846603653,2,0,GGr,r,False,False,0,,38.5,259.0,False,False,scenario_baseline
220.5,NODE_6082,11449716078,5,0,gGrrrGr,G,True,False,0,,7.5,228.0,False,False,scenario_baseline
220.5,NODE_6123,7300992884,5,0,GgGrrrr,r,False,False,0,,23.5,244.0,False,False,scenario_baseline
220.5,NODE_8426,3849142980,16,5,rrrryyyyrrrrrrrrrrrr,r,False,False,0,,2.5,223.0,False,False,scenario_baseline
220.5,NODE_74388,436883130,16,0,GGrrrrrrgGrrrrrrG,G,True,False,0,,3.5,224.0,False,False,scenario_baseline
220.5,NODE_10273,3846533030,12,0,rrrgGGgGGrrGr,r,False,False,0,,1.5,222.0,False,False,scenario_baseline
221.0,LINK_212169,11449716078,5,0,gGrrrGr,G,True,False,0,,7.0,228.0,False,False,scenario_baseline
221.0,NODE_8452,3846603653,2,0,GGr,r,False,False,0,,38.0,259.0,False,False,scenario_baseline
221.0,NODE_6082,11449716078,5,0,gGrrrGr,G,True,False,0,,7.0,228.0,False,False,scenario_baseline
221.0,NODE_6123,7300992884,5,0,GgGrrrr,r,False,False,0,,23.0,244.0,False,False,scenario_baseline
221.0,NODE_8426,3849142980,16,5,rrrryyyyrrrrrrrrrrrr,r,False,False,0,,2.0,223.0,False,False,scenario_baseline
221.0,NODE_74388,436883130,16,0,GGrrrrrrgGrrrrrrG,G,True,False,0,,3.0,224.0,False,False,scenario_baseline
221.0,NODE_10273,3846533030,12,0,rrrgGGgGGrrGr,r,False,False,0,,1.0,222.0,False,False,scenario_baseline
221.5,LINK_212169,11449716078,5,0,gGrrrGr,G,True,False,0,,6.5,228.0,False,False,scenario_baseline
221.5,NODE_8452,3846603653,2,0,GGr,r,False,False,0,,37.5,259.0,False,False,scenario_baseline
221.5,NODE_6082,11449716078,5,0,gGrrrGr,G,True,False,0,,6.5,228.0,False,False,scenario_baseline
221.5,NODE_6123,7300992884,5,0,GgGrrrr,r,False,False,0,,22.5,244.0,False,False,scenario_baseline
221.5,NODE_8426,3849142980,16,5,rrrryyyyrrrrrrrrrrrr,r,False,False,0,,1.5,223.0,False,False,scenario_baseline
221.5,NODE_74388,436883130,16,0,GGrrrrrrgGrrrrrrG,G,True,False,0,,2.5,224.0,False,False,scenario_baseline
221.5,NODE_10273,3846533030,12,0,rrrgGGgGGrrGr,r,False,False,0,,0.5,222.0,False,False,scenario_baseline
222.0,LINK_212169,11449716078,5,0,gGrrrGr,G,True,False,0,,6.0,228.0,False,False,scenario_baseline
222.0,NODE_8452,3846603653,2,0,GGr,r,False,False,0,,37.0,259.0,False,False,scenario_baseline
222.0,NODE_6082,11449716078,5,0,gGrrrGr,G,True,False,0,,6.0,228.0,False,False,scenario_baseline
222.0,NODE_6123,7300992884,5,0,GgGrrrr,r,False,False,0,,22.0,244.0,False,False,scenario_baseline
222.0,NODE_8426,3849142980,16,5,rrrryyyyrrrrrrrrrrrr,r,False,False,0,,1.0,223.0,False,False,scenario_baseline
222.0,NODE_74388,436883130,16,0,GGrrrrrrgGrrrrrrG,G,True,False,0,,2.0,224.0,False,False,scenario_baseline
222.0,NODE_10273,3846533030,12,0,rrrgGGgGGrrGr,r,False,False,0,,0.0,222.0,False,False,scenario_baseline
222.5,LINK_212169,11449716078,5,0,gGrrrGr,G,True,False,0,,5.5,228.0,False,False,scenario_baseline
222.5,NODE_8452,3846603653,2,0,GGr,r,False,False,0,,36.5,259.0,False,False,scenario_baseline
222.5,NODE_6082,11449716078,5,0,gGrrrGr,G,True,False,0,,5.5,228.0,False,False,scenario_baseline
222.5,NODE_6123,7300992884,5,0,GgGrrrr,r,False,False,0,,21.5,244.0,False,False,scenario_baseline
222.5,NODE_8426,3849142980,16,5,rrrryyyyrrrrrrrrrrrr,r,False,False,0,,0.5,223.0,False,False,scenario_baseline
222.5,NODE_74388,436883130,16,0,GGrrrrrrgGrrrrrrG,G,True,False,0,,1.5,224.0,False,False,scenario_baseline
222.5,NODE_10273,3846533030,12,1,rrrgGGgGGrrrr,r,False,False,0,,2.5,225.0,False,False,scenario_baseline
223.0,LINK_212169,11449716078,5,0,gGrrrGr,G,True,False,0,,5.0,228.0,False,False,scenario_baseline
223.0,NODE_8452,3846603653,2,0,GGr,r,False,False,0,,36.0,259.0,False,False,scenario_baseline
223.0,NODE_6082,11449716078,5,0,gGrrrGr,G,True,False,0,,5.0,228.0,False,False,scenario_baseline
223.0,NODE_6123,7300992884,5,0,GgGrrrr,r,False,False,0,,21.0,244.0,False,False,scenario_baseline
223.0,NODE_8426,3849142980,16,5,rrrryyyyrrrrrrrrrrrr,r,False,False,0,,0.0,223.0,False,False,scenario_baseline
223.0,NODE_74388,436883130,16,0,GGrrrrrrgGrrrrrrG,G,True,False,0,,1.0,224.0,False,False,scenario_baseline
223.0,NODE_10273,3846533030,12,1,rrrgGGgGGrrrr,r,False,False,0,,2.0,225.0,False,False,scenario_baseline
223.5,LINK_212169,11449716078,5,0,gGrrrGr,G,True,False,0,,4.5,228.0,False,False,scenario_baseline
223.5,NODE_8452,3846603653,2,0,GGr,r,False,False,0,,35.5,259.0,False,False,scenario_baseline
223.5,NODE_6082,11449716078,5,0,gGrrrGr,G,True,False,0,,4.5,228.0,False,False,scenario_baseline
223.5,NODE_6123,7300992884,5,0,GgGrrrr,r,False,False,0,,20.5,244.0,False,False,scenario_baseline
223.5,NODE_8426,3849142980,16,6,rrrrrrrrrrrrrrrrGrrr,G,True,True,0,,0.5,224.0,False,False,scenario_baseline
223.5,NODE_74388,436883130,16,0,GGrrrrrrgGrrrrrrG,G,True,False,0,,0.5,224.0,False,False,scenario_baseline
223.5,NODE_10273,3846533030,12,1,rrrgGGgGGrrrr,r,False,False,0,,1.5,225.0,False,False,scenario_baseline
224.0,LINK_212169,11449716078,5,0,gGrrrGr,G,True,False,0,,4.0,228.0,False,False,scenario_baseline
224.0,NODE_8452,3846603653,2,0,GGr,r,False,False,0,,35.0,259.0,False,False,scenario_baseline
224.0,NODE_6082,11449716078,5,0,gGrrrGr,G,True,False,0,,4.0,228.0,False,False,scenario_baseline
224.0,NODE_6123,7300992884,5,0,GgGrrrr,r,False,False,0,,20.0,244.0,False,False,scenario_baseline
224.0,NODE_8426,3849142980,16,6,rrrrrrrrrrrrrrrrGrrr,G,True,True,0,,0.0,224.0,False,False,scenario_baseline
224.0,NODE_74388,436883130,16,0,GGrrrrrrgGrrrrrrG,G,True,False,0,,0.0,224.0,False,False,scenario_baseline
224.0,NODE_10273,3846533030,12,1,rrrgGGgGGrrrr,r,False,False,0,,1.0,225.0,False,False,scenario_baseline
224.5,LINK_212169,11449716078,5,0,gGrrrGr,G,True,False,0,,3.5,228.0,False,False,scenario_baseline
224.5,NODE_8452,3846603653,2,0,GGr,r,False,False,0,,34.5,259.0,False,False,scenario_baseline
224.5,NODE_6082,11449716078,5,0,gGrrrGr,G,True,False,0,,3.5,228.0,False,False,scenario_baseline
224.5,NODE_6123,7300992884,5,0,GgGrrrr,r,False,False,0,,19.5,244.0,False,False,scenario_baseline
224.5,NODE_8426,3849142980,16,7,rrrrrrrrrrrrgggGGGGr,G,True,False,0,,16.5,241.0,False,False,scenario_baseline
224.5,NODE_74388,436883130,16,1,GGrrrrrrgGrrrrrrr,r,False,False,0,,2.5,227.0,False,False,scenario_baseline
224.5,NODE_10273,3846533030,12,1,rrrgGGgGGrrrr,r,False,False,0,,0.5,225.0,False,False,scenario_baseline
225.0,LINK_212169,11449716078,5,0,gGrrrGr,G,True,False,0,,3.0,228.0,False,False,scenario_baseline
225.0,NODE_8452,3846603653,2,0,GGr,r,False,False,0,,34.0,259.0,False,False,scenario_baseline
225.0,NODE_6082,11449716078,5,0,gGrrrGr,G,True,False,0,,3.0,228.0,False,False,scenario_baseline
225.0,NODE_6123,7300992884,5,0,GgGrrrr,r,False,False,0,,19.0,244.0,False,False,scenario_baseline
225.0,NODE_8426,3849142980,16,7,rrrrrrrrrrrrgggGGGGr,G,True,False,0,,16.0,241.0,False,False,scenario_baseline
225.0,NODE_74388,436883130,16,1,GGrrrrrrgGrrrrrrr,r,False,False,0,,2.0,227.0,False,False,scenario_baseline
225.0,NODE_10273,3846533030,12,1,rrrgGGgGGrrrr,r,False,False,0,,0.0,225.0,False,False,scenario_baseline
225.5,LINK_212169,11449716078,5,0,gGrrrGr,G,True,False,0,,2.5,228.0,False,False,scenario_baseline
225.5,NODE_8452,3846603653,2,0,GGr,r,False,False,0,,33.5,259.0,False,False,scenario_baseline
225.5,NODE_6082,11449716078,5,0,gGrrrGr,G,True,False,0,,2.5,228.0,False,False,scenario_baseline
225.5,NODE_6123,7300992884,5,0,GgGrrrr,r,False,False,0,,18.5,244.0,False,False,scenario_baseline
225.5,NODE_8426,3849142980,16,7,rrrrrrrrrrrrgggGGGGr,G,True,False,0,,15.5,241.0,False,False,scenario_baseline
225.5,NODE_74388,436883130,16,1,GGrrrrrrgGrrrrrrr,r,False,False,0,,1.5,227.0,False,False,scenario_baseline
225.5,NODE_10273,3846533030,12,2,rrryyyyGGrrrr,r,False,False,0,,5.5,231.0,False,False,scenario_baseline
226.0,LINK_212169,11449716078,5,0,gGrrrGr,G,True,False,0,,2.0,228.0,False,False,scenario_baseline
226.0,NODE_8452,3846603653,2,0,GGr,r,False,False,0,,33.0,259.0,False,False,scenario_baseline
226.0,NODE_6082,11449716078,5,0,gGrrrGr,G,True,False,0,,2.0,228.0,False,False,scenario_baseline
226.0,NODE_6123,7300992884,5,0,GgGrrrr,r,False,False,0,,18.0,244.0,False,False,scenario_baseline
226.0,NODE_8426,3849142980,16,7,rrrrrrrrrrrrgggGGGGr,G,True,False,0,,15.0,241.0,False,False,scenario_baseline
226.0,NODE_74388,436883130,16,1,GGrrrrrrgGrrrrrrr,r,False,False,0,,1.0,227.0,False,False,scenario_baseline
226.0,NODE_10273,3846533030,12,2,rrryyyyGGrrrr,r,False,False,0,,5.0,231.0,False,False,scenario_baseline
226.5,LINK_212169,11449716078,5,0,gGrrrGr,G,True,False,0,,1.5,228.0,False,False,scenario_baseline
226.5,NODE_8452,3846603653,2,0,GGr,r,False,False,0,,32.5,259.0,False,False,scenario_baseline
226.5,NODE_6082,11449716078,5,0,gGrrrGr,G,True,False,0,,1.5,228.0,False,False,scenario_baseline
226.5,NODE_6123,7300992884,5,0,GgGrrrr,r,False,False,0,,17.5,244.0,False,False,scenario_baseline
226.5,NODE_8426,3849142980,16,7,rrrrrrrrrrrrgggGGGGr,G,True,False,0,,14.5,241.0,False,False,scenario_baseline
226.5,NODE_74388,436883130,16,1,GGrrrrrrgGrrrrrrr,r,False,False,0,,0.5,227.0,False,False,scenario_baseline
226.5,NODE_10273,3846533030,12,2,rrryyyyGGrrrr,r,False,False,0,,4.5,231.0,False,False,scenario_baseline
227.0,LINK_212169,11449716078,5,0,gGrrrGr,G,True,False,0,,1.0,228.0,False,False,scenario_baseline
227.0,NODE_8452,3846603653,2,0,GGr,r,False,False,0,,32.0,259.0,False,False,scenario_baseline
227.0,NODE_6082,11449716078,5,0,gGrrrGr,G,True,False,0,,1.0,228.0,False,False,scenario_baseline
227.0,NODE_6123,7300992884,5,0,GgGrrrr,r,False,False,0,,17.0,244.0,False,False,scenario_baseline
227.0,NODE_8426,3849142980,16,7,rrrrrrrrrrrrgggGGGGr,G,True,False,0,,14.0,241.0,False,False,scenario_baseline
227.0,NODE_74388,436883130,16,1,GGrrrrrrgGrrrrrrr,r,False,False,0,,0.0,227.0,False,False,scenario_baseline
227.0,NODE_10273,3846533030,12,2,rrryyyyGGrrrr,r,False,False,0,,4.0,231.0,False,False,scenario_baseline
227.5,LINK_212169,11449716078,5,0,gGrrrGr,G,True,False,0,,0.5,228.0,False,False,scenario_baseline
227.5,NODE_8452,3846603653,2,0,GGr,r,False,False,0,,31.5,259.0,False,False,scenario_baseline
227.5,NODE_6082,11449716078,5,0,gGrrrGr,G,True,False,0,,0.5,228.0,False,False,scenario_baseline
227.5,NODE_6123,7300992884,5,0,GgGrrrr,r,False,False,0,,16.5,244.0,False,False,scenario_baseline
227.5,NODE_8426,3849142980,16,7,rrrrrrrrrrrrgggGGGGr,G,True,False,0,,13.5,241.0,False,False,scenario_baseline
227.5,NODE_74388,436883130,16,2,yyrrrrrryyrrrrrrr,r,False,False,0,,4.5,232.0,False,False,scenario_baseline
227.5,NODE_10273,3846533030,12,2,rrryyyyGGrrrr,r,False,False,0,,3.5,231.0,False,False,scenario_baseline
228.0,LINK_212169,11449716078,5,0,gGrrrGr,G,True,False,0,,0.0,228.0,False,False,scenario_baseline
228.0,NODE_8452,3846603653,2,0,GGr,r,False,False,0,,31.0,259.0,False,False,scenario_baseline
228.0,NODE_6082,11449716078,5,0,gGrrrGr,G,True,False,0,,0.0,228.0,False,False,scenario_baseline
228.0,NODE_6123,7300992884,5,0,GgGrrrr,r,False,False,0,,16.0,244.0,False,False,scenario_baseline
228.0,NODE_8426,3849142980,16,7,rrrrrrrrrrrrgggGGGGr,G,True,False,0,,13.0,241.0,False,False,scenario_baseline
228.0,NODE_74388,436883130,16,2,yyrrrrrryyrrrrrrr,r,False,False,0,,4.0,232.0,False,False,scenario_baseline
228.0,NODE_10273,3846533030,12,2,rrryyyyGGrrrr,r,False,False,0,,3.0,231.0,False,False,scenario_baseline
228.5,LINK_212169,11449716078,5,1,gGrrrrr,r,False,False,0,,2.5,231.0,False,False,scenario_baseline
228.5,NODE_8452,3846603653,2,0,GGr,r,False,False,0,,30.5,259.0,False,False,scenario_baseline
228.5,NODE_6082,11449716078,5,1,gGrrrrr,r,False,False,0,,2.5,231.0,False,False,scenario_baseline
228.5,NODE_6123,7300992884,5,0,GgGrrrr,r,False,False,0,,15.5,244.0,False,False,scenario_baseline
228.5,NODE_8426,3849142980,16,7,rrrrrrrrrrrrgggGGGGr,G,True,False,0,,12.5,241.0,False,False,scenario_baseline
228.5,NODE_74388,436883130,16,2,yyrrrrrryyrrrrrrr,r,False,False,0,,3.5,232.0,False,False,scenario_baseline
228.5,NODE_10273,3846533030,12,2,rrryyyyGGrrrr,r,False,False,0,,2.5,231.0,False,False,scenario_baseline
229.0,LINK_212169,11449716078,5,1,gGrrrrr,r,False,False,0,,2.0,231.0,False,False,scenario_baseline
229.0,NODE_8452,3846603653,2,0,GGr,r,False,False,0,,30.0,259.0,False,False,scenario_baseline
229.0,NODE_6082,11449716078,5,1,gGrrrrr,r,False,False,0,,2.0,231.0,False,False,scenario_baseline
229.0,NODE_6123,7300992884,5,0,GgGrrrr,r,False,False,0,,15.0,244.0,False,False,scenario_baseline
229.0,NODE_8426,3849142980,16,7,rrrrrrrrrrrrgggGGGGr,G,True,False,0,,12.0,241.0,False,False,scenario_baseline
229.0,NODE_74388,436883130,16,2,yyrrrrrryyrrrrrrr,r,False,False,0,,3.0,232.0,False,False,scenario_baseline
229.0,NODE_10273,3846533030,12,2,rrryyyyGGrrrr,r,False,False,0,,2.0,231.0,False,False,scenario_baseline
229.5,LINK_212169,11449716078,5,1,gGrrrrr,r,False,False,0,,1.5,231.0,False,False,scenario_baseline
229.5,NODE_8452,3846603653,2,0,GGr,r,False,False,0,,29.5,259.0,False,False,scenario_baseline
229.5,NODE_6082,11449716078,5,1,gGrrrrr,r,False,False,0,,1.5,231.0,False,False,scenario_baseline
229.5,NODE_6123,7300992884,5,0,GgGrrrr,r,False,False,0,,14.5,244.0,False,False,scenario_baseline
229.5,NODE_8426,3849142980,16,7,rrrrrrrrrrrrgggGGGGr,G,True,False,0,,11.5,241.0,False,False,scenario_baseline
229.5,NODE_74388,436883130,16,2,yyrrrrrryyrrrrrrr,r,False,False,0,,2.5,232.0,False,False,scenario_baseline
229.5,NODE_10273,3846533030,12,2,rrryyyyGGrrrr,r,False,False,0,,1.5,231.0,False,False,scenario_baseline
230.0,LINK_212169,11449716078,5,1,gGrrrrr,r,False,False,0,,1.0,231.0,False,False,scenario_baseline
230.0,NODE_8452,3846603653,2,0,GGr,r,False,False,0,,29.0,259.0,False,False,scenario_baseline
230.0,NODE_6082,11449716078,5,1,gGrrrrr,r,False,False,0,,1.0,231.0,False,False,scenario_baseline
230.0,NODE_6123,7300992884,5,0,GgGrrrr,r,False,False,0,,14.0,244.0,False,False,scenario_baseline
230.0,NODE_8426,3849142980,16,7,rrrrrrrrrrrrgggGGGGr,G,True,False,0,,11.0,241.0,False,False,scenario_baseline
230.0,NODE_74388,436883130,16,2,yyrrrrrryyrrrrrrr,r,False,False,0,,2.0,232.0,False,False,scenario_baseline
230.0,NODE_10273,3846533030,12,2,rrryyyyGGrrrr,r,False,False,0,,1.0,231.0,False,False,scenario_baseline
230.5,LINK_212169,11449716078,5,1,gGrrrrr,r,False,False,0,,0.5,231.0,False,False,scenario_baseline
230.5,NODE_8452,3846603653,2,0,GGr,r,False,False,0,,28.5,259.0,False,False,scenario_baseline
230.5,NODE_6082,11449716078,5,1,gGrrrrr,r,False,False,0,,0.5,231.0,False,False,scenario_baseline
230.5,NODE_6123,7300992884,5,0,GgGrrrr,r,False,False,0,,13.5,244.0,False,False,scenario_baseline
230.5,NODE_8426,3849142980,16,7,rrrrrrrrrrrrgggGGGGr,G,True,False,0,,10.5,241.0,False,False,scenario_baseline
230.5,NODE_74388,436883130,16,2,yyrrrrrryyrrrrrrr,r,False,False,0,,1.5,232.0,False,False,scenario_baseline
230.5,NODE_10273,3846533030,12,2,rrryyyyGGrrrr,r,False,False,0,,0.5,231.0,False,False,scenario_baseline
231.0,LINK_212169,11449716078,5,1,gGrrrrr,r,False,False,0,,0.0,231.0,False,False,scenario_baseline
231.0,NODE_8452,3846603653,2,0,GGr,r,False,False,0,,28.0,259.0,False,False,scenario_baseline
231.0,NODE_6082,11449716078,5,1,gGrrrrr,r,False,False,0,,0.0,231.0,False,False,scenario_baseline
231.0,NODE_6123,7300992884,5,0,GgGrrrr,r,False,False,0,,13.0,244.0,False,False,scenario_baseline
231.0,NODE_8426,3849142980,16,7,rrrrrrrrrrrrgggGGGGr,G,True,False,0,,10.0,241.0,False,False,scenario_baseline
231.0,NODE_74388,436883130,16,2,yyrrrrrryyrrrrrrr,r,False,False,0,,1.0,232.0,False,False,scenario_baseline
231.0,NODE_10273,3846533030,12,2,rrryyyyGGrrrr,r,False,False,0,,0.0,231.0,False,False,scenario_baseline
231.5,LINK_212169,11449716078,5,2,yyrrrrr,r,False,False,0,,5.5,237.0,False,False,scenario_baseline
231.5,NODE_8452,3846603653,2,0,GGr,r,False,False,0,,27.5,259.0,False,False,scenario_baseline
231.5,NODE_6082,11449716078,5,2,yyrrrrr,r,False,False,0,,5.5,237.0,False,False,scenario_baseline
231.5,NODE_6123,7300992884,5,0,GgGrrrr,r,False,False,0,,12.5,244.0,False,False,scenario_baseline
231.5,NODE_8426,3849142980,16,7,rrrrrrrrrrrrgggGGGGr,G,True,False,0,,9.5,241.0,False,False,scenario_baseline
231.5,NODE_74388,436883130,16,2,yyrrrrrryyrrrrrrr,r,False,False,0,,0.5,232.0,False,False,scenario_baseline
231.5,NODE_10273,3846533030,12,3,rrrrrrrGGGGrr,r,False,False,0,,5.5,237.0,False,False,scenario_baseline
232.0,LINK_212169,11449716078,5,2,yyrrrrr,r,False,False,0,,5.0,237.0,False,False,scenario_baseline
232.0,NODE_8452,3846603653,2,0,GGr,r,False,False,0,,27.0,259.0,False,False,scenario_baseline
232.0,NODE_6082,11449716078,5,2,yyrrrrr,r,False,False,0,,5.0,237.0,False,False,scenario_baseline
232.0,NODE_6123,7300992884,5,0,GgGrrrr,r,False,False,0,,12.0,244.0,False,False,scenario_baseline
232.0,NODE_8426,3849142980,16,7,rrrrrrrrrrrrgggGGGGr,G,True,False,0,,9.0,241.0,False,False,scenario_baseline
232.0,NODE_74388,436883130,16,2,yyrrrrrryyrrrrrrr,r,False,False,0,,0.0,232.0,False,False,scenario_baseline
232.0,NODE_10273,3846533030,12,3,rrrrrrrGGGGrr,r,False,False,0,,5.0,237.0,False,False,scenario_baseline
232.5,LINK_212169,11449716078,5,2,yyrrrrr,r,False,False,0,,4.5,237.0,False,False,scenario_baseline
232.5,NODE_8452,3846603653,2,0,GGr,r,False,False,0,,26.5,259.0,False,False,scenario_baseline
232.5,NODE_6082,11449716078,5,2,yyrrrrr,r,False,False,0,,4.5,237.0,False,False,scenario_baseline
232.5,NODE_6123,7300992884,5,0,GgGrrrr,r,False,False,0,,11.5,244.0,False,False,scenario_baseline
232.5,NODE_8426,3849142980,16,7,rrrrrrrrrrrrgggGGGGr,G,True,False,0,,8.5,241.0,False,False,scenario_baseline
232.5,NODE_74388,436883130,16,3,rrGGrrrrrrGGrrrrr,r,False,False,0,,5.5,238.0,False,False,scenario_baseline
232.5,NODE_10273,3846533030,12,3,rrrrrrrGGGGrr,r,False,False,0,,4.5,237.0,False,False,scenario_baseline
233.0,LINK_212169,11449716078,5,2,yyrrrrr,r,False,False,0,,4.0,237.0,False,False,scenario_baseline
233.0,NODE_8452,3846603653,2,0,GGr,r,False,False,0,,26.0,259.0,False,False,scenario_baseline
233.0,NODE_6082,11449716078,5,2,yyrrrrr,r,False,False,0,,4.0,237.0,False,False,scenario_baseline
233.0,NODE_6123,7300992884,5,0,GgGrrrr,r,False,False,0,,11.0,244.0,False,False,scenario_baseline
233.0,NODE_8426,3849142980,16,7,rrrrrrrrrrrrgggGGGGr,G,True,False,0,,8.0,241.0,False,False,scenario_baseline
233.0,NODE_74388,436883130,16,3,rrGGrrrrrrGGrrrrr,r,False,False,0,,5.0,238.0,False,False,scenario_baseline
233.0,NODE_10273,3846533030,12,3,rrrrrrrGGGGrr,r,False,False,0,,4.0,237.0,False,False,scenario_baseline
233.5,LINK_212169,11449716078,5,2,yyrrrrr,r,False,False,0,,3.5,237.0,False,False,scenario_baseline
233.5,NODE_8452,3846603653,2,0,GGr,r,False,False,0,,25.5,259.0,False,False,scenario_baseline
233.5,NODE_6082,11449716078,5,2,yyrrrrr,r,False,False,0,,3.5,237.0,False,False,scenario_baseline
233.5,NODE_6123,7300992884,5,0,GgGrrrr,r,False,False,0,,10.5,244.0,False,False,scenario_baseline
233.5,NODE_8426,3849142980,16,7,rrrrrrrrrrrrgggGGGGr,G,True,False,0,,7.5,241.0,False,False,scenario_baseline
233.5,NODE_74388,436883130,16,3,rrGGrrrrrrGGrrrrr,r,False,False,0,,4.5,238.0,False,False,scenario_baseline
233.5,NODE_10273,3846533030,12,3,rrrrrrrGGGGrr,r,False,False,0,,3.5,237.0,False,False,scenario_baseline
234.0,LINK_212169,11449716078,5,2,yyrrrrr,r,False,False,0,,3.0,237.0,False,False,scenario_baseline
234.0,NODE_8452,3846603653,2,0,GGr,r,False,False,0,,25.0,259.0,False,False,scenario_baseline
234.0,NODE_6082,11449716078,5,2,yyrrrrr,r,False,False,0,,3.0,237.0,False,False,scenario_baseline
234.0,NODE_6123,7300992884,5,0,GgGrrrr,r,False,False,0,,10.0,244.0,False,False,scenario_baseline
234.0,NODE_8426,3849142980,16,7,rrrrrrrrrrrrgggGGGGr,G,True,False,0,,7.0,241.0,False,False,scenario_baseline
234.0,NODE_74388,436883130,16,3,rrGGrrrrrrGGrrrrr,r,False,False,0,,4.0,238.0,False,False,scenario_baseline
234.0,NODE_10273,3846533030,12,3,rrrrrrrGGGGrr,r,False,False,0,,3.0,237.0,False,False,scenario_baseline
234.5,LINK_212169,11449716078,5,2,yyrrrrr,r,False,False,0,,2.5,237.0,False,False,scenario_baseline
234.5,NODE_8452,3846603653,2,0,GGr,r,False,False,0,,24.5,259.0,False,False,scenario_baseline
234.5,NODE_6082,11449716078,5,2,yyrrrrr,r,False,False,0,,2.5,237.0,False,False,scenario_baseline
234.5,NODE_6123,7300992884,5,0,GgGrrrr,r,False,False,0,,9.5,244.0,False,False,scenario_baseline
234.5,NODE_8426,3849142980,16,7,rrrrrrrrrrrrgggGGGGr,G,True,False,0,,6.5,241.0,False,False,scenario_baseline
234.5,NODE_74388,436883130,16,3,rrGGrrrrrrGGrrrrr,r,False,False,0,,3.5,238.0,False,False,scenario_baseline
234.5,NODE_10273,3846533030,12,3,rrrrrrrGGGGrr,r,False,False,0,,2.5,237.0,False,False,scenario_baseline
235.0,LINK_212169,11449716078,5,2,yyrrrrr,r,False,False,0,,2.0,237.0,False,False,scenario_baseline
235.0,NODE_8452,3846603653,2,0,GGr,r,False,False,0,,24.0,259.0,False,False,scenario_baseline
235.0,NODE_6082,11449716078,5,2,yyrrrrr,r,False,False,0,,2.0,237.0,False,False,scenario_baseline
235.0,NODE_6123,7300992884,5,0,GgGrrrr,r,False,False,0,,9.0,244.0,False,False,scenario_baseline
235.0,NODE_8426,3849142980,16,7,rrrrrrrrrrrrgggGGGGr,G,True,False,0,,6.0,241.0,False,False,scenario_baseline
235.0,NODE_74388,436883130,16,3,rrGGrrrrrrGGrrrrr,r,False,False,0,,3.0,238.0,False,False,scenario_baseline
235.0,NODE_10273,3846533030,12,3,rrrrrrrGGGGrr,r,False,False,0,,2.0,237.0,False,False,scenario_baseline
235.5,LINK_212169,11449716078,5,2,yyrrrrr,r,False,False,0,,1.5,237.0,False,False,scenario_baseline
235.5,NODE_8452,3846603653,2,0,GGr,r,False,False,0,,23.5,259.0,False,False,scenario_baseline
235.5,NODE_6082,11449716078,5,2,yyrrrrr,r,False,False,0,,1.5,237.0,False,False,scenario_baseline
235.5,NODE_6123,7300992884,5,0,GgGrrrr,r,False,False,0,,8.5,244.0,False,False,scenario_baseline
235.5,NODE_8426,3849142980,16,7,rrrrrrrrrrrrgggGGGGr,G,True,False,0,,5.5,241.0,False,False,scenario_baseline
235.5,NODE_74388,436883130,16,3,rrGGrrrrrrGGrrrrr,r,False,False,0,,2.5,238.0,False,False,scenario_baseline
235.5,NODE_10273,3846533030,12,3,rrrrrrrGGGGrr,r,False,False,0,,1.5,237.0,False,False,scenario_baseline
236.0,LINK_212169,11449716078,5,2,yyrrrrr,r,False,False,0,,1.0,237.0,False,False,scenario_baseline
236.0,NODE_8452,3846603653,2,0,GGr,r,False,False,0,,23.0,259.0,False,False,scenario_baseline
236.0,NODE_6082,11449716078,5,2,yyrrrrr,r,False,False,0,,1.0,237.0,False,False,scenario_baseline
236.0,NODE_6123,7300992884,5,0,GgGrrrr,r,False,False,0,,8.0,244.0,False,False,scenario_baseline
236.0,NODE_8426,3849142980,16,7,rrrrrrrrrrrrgggGGGGr,G,True,False,0,,5.0,241.0,False,False,scenario_baseline
236.0,NODE_74388,436883130,16,3,rrGGrrrrrrGGrrrrr,r,False,False,0,,2.0,238.0,False,False,scenario_baseline
236.0,NODE_10273,3846533030,12,3,rrrrrrrGGGGrr,r,False,False,0,,1.0,237.0,False,False,scenario_baseline
236.5,LINK_212169,11449716078,5,2,yyrrrrr,r,False,False,0,,0.5,237.0,False,False,scenario_baseline
236.5,NODE_8452,3846603653,2,0,GGr,r,False,False,0,,22.5,259.0,False,False,scenario_baseline
236.5,NODE_6082,11449716078,5,2,yyrrrrr,r,False,False,0,,0.5,237.0,False,False,scenario_baseline
236.5,NODE_6123,7300992884,5,0,GgGrrrr,r,False,False,0,,7.5,244.0,False,False,scenario_baseline
236.5,NODE_8426,3849142980,16,7,rrrrrrrrrrrrgggGGGGr,G,True,False,0,,4.5,241.0,False,False,scenario_baseline
236.5,NODE_74388,436883130,16,3,rrGGrrrrrrGGrrrrr,r,False,False,0,,1.5,238.0,False,False,scenario_baseline
236.5,NODE_10273,3846533030,12,3,rrrrrrrGGGGrr,r,False,False,0,,0.5,237.0,False,False,scenario_baseline
237.0,LINK_212169,11449716078,5,2,yyrrrrr,r,False,False,0,,0.0,237.0,False,False,scenario_baseline
237.0,NODE_8452,3846603653,2,0,GGr,r,False,False,0,,22.0,259.0,False,False,scenario_baseline
237.0,NODE_6082,11449716078,5,2,yyrrrrr,r,False,False,0,,0.0,237.0,False,False,scenario_baseline
237.0,NODE_6123,7300992884,5,0,GgGrrrr,r,False,False,0,,7.0,244.0,False,False,scenario_baseline
237.0,NODE_8426,3849142980,16,7,rrrrrrrrrrrrgggGGGGr,G,True,False,0,,4.0,241.0,False,False,scenario_baseline
237.0,NODE_74388,436883130,16,3,rrGGrrrrrrGGrrrrr,r,False,False,0,,1.0,238.0,False,False,scenario_baseline
237.0,NODE_10273,3846533030,12,3,rrrrrrrGGGGrr,r,False,False,0,,0.0,237.0,False,False,scenario_baseline
237.5,LINK_212169,11449716078,5,3,rrgGGrG,r,False,False,0,,35.5,273.0,False,False,scenario_baseline
237.5,NODE_8452,3846603653,2,0,GGr,r,False,False,0,,21.5,259.0,False,False,scenario_baseline
237.5,NODE_6082,11449716078,5,3,rrgGGrG,r,False,False,0,,35.5,273.0,False,False,scenario_baseline
237.5,NODE_6123,7300992884,5,0,GgGrrrr,r,False,False,0,,6.5,244.0,False,False,scenario_baseline
237.5,NODE_8426,3849142980,16,7,rrrrrrrrrrrrgggGGGGr,G,True,False,0,,3.5,241.0,False,False,scenario_baseline
237.5,NODE_74388,436883130,16,3,rrGGrrrrrrGGrrrrr,r,False,False,0,,0.5,238.0,False,False,scenario_baseline
237.5,NODE_10273,3846533030,12,4,rrrrrrryyyyrr,r,False,False,0,,5.5,243.0,False,False,scenario_baseline
238.0,LINK_212169,11449716078,5,3,rrgGGrG,r,False,False,0,,35.0,273.0,False,False,scenario_baseline
238.0,NODE_8452,3846603653,2,0,GGr,r,False,False,0,,21.0,259.0,False,False,scenario_baseline
238.0,NODE_6082,11449716078,5,3,rrgGGrG,r,False,False,0,,35.0,273.0,False,False,scenario_baseline
238.0,NODE_6123,7300992884,5,0,GgGrrrr,r,False,False,0,,6.0,244.0,False,False,scenario_baseline
238.0,NODE_8426,3849142980,16,7,rrrrrrrrrrrrgggGGGGr,G,True,False,0,,3.0,241.0,False,False,scenario_baseline
238.0,NODE_74388,436883130,16,3,rrGGrrrrrrGGrrrrr,r,False,False,0,,0.0,238.0,False,False,scenario_baseline
238.0,NODE_10273,3846533030,12,4,rrrrrrryyyyrr,r,False,False,0,,5.0,243.0,False,False,scenario_baseline
238.5,LINK_212169,11449716078,5,3,rrgGGrG,r,False,False,0,,34.5,273.0,False,False,scenario_baseline
238.5,NODE_8452,3846603653,2,0,GGr,r,False,False,0,,20.5,259.0,False,False,scenario_baseline
238.5,NODE_6082,11449716078,5,3,rrgGGrG,r,False,False,0,,34.5,273.0,False,False,scenario_baseline
238.5,NODE_6123,7300992884,5,0,GgGrrrr,r,False,False,0,,5.5,244.0,False,False,scenario_baseline
238.5,NODE_8426,3849142980,16,7,rrrrrrrrrrrrgggGGGGr,G,True,False,0,,2.5,241.0,False,False,scenario_baseline
238.5,NODE_74388,436883130,16,4,rryyrrrrrryyrrrrr,r,False,False,0,,4.5,243.0,False,False,scenario_baseline
238.5,NODE_10273,3846533030,12,4,rrrrrrryyyyrr,r,False,False,0,,4.5,243.0,False,False,scenario_baseline
239.0,LINK_212169,11449716078,5,3,rrgGGrG,r,False,False,0,,34.0,273.0,False,False,scenario_baseline
239.0,NODE_8452,3846603653,2,0,GGr,r,False,False,0,,20.0,259.0,False,False,scenario_baseline
239.0,NODE_6082,11449716078,5,3,rrgGGrG,r,False,False,0,,34.0,273.0,False,False,scenario_baseline
239.0,NODE_6123,7300992884,5,0,GgGrrrr,r,False,False,0,,5.0,244.0,False,False,scenario_baseline
239.0,NODE_8426,3849142980,16,7,rrrrrrrrrrrrgggGGGGr,G,True,False,0,,2.0,241.0,False,False,scenario_baseline
239.0,NODE_74388,436883130,16,4,rryyrrrrrryyrrrrr,r,False,False,0,,4.0,243.0,False,False,scenario_baseline
239.0,NODE_10273,3846533030,12,4,rrrrrrryyyyrr,r,False,False,0,,4.0,243.0,False,False,scenario_baseline
239.5,LINK_212169,11449716078,5,3,rrgGGrG,r,False,False,0,,33.5,273.0,False,False,scenario_baseline
239.5,NODE_8452,3846603653,2,0,GGr,r,False,False,0,,19.5,259.0,False,False,scenario_baseline
239.5,NODE_6082,11449716078,5,3,rrgGGrG,r,False,False,0,,33.5,273.0,False,False,scenario_baseline
239.5,NODE_6123,7300992884,5,0,GgGrrrr,r,False,False,0,,4.5,244.0,False,False,scenario_baseline
239.5,NODE_8426,3849142980,16,7,rrrrrrrrrrrrgggGGGGr,G,True,False,0,,1.5,241.0,False,False,scenario_baseline
239.5,NODE_74388,436883130,16,4,rryyrrrrrryyrrrrr,r,False,False,0,,3.5,243.0,False,False,scenario_baseline
239.5,NODE_10273,3846533030,12,4,rrrrrrryyyyrr,r,False,False,0,,3.5,243.0,False,False,scenario_baseline
240.0,LINK_212169,11449716078,5,3,rrgGGrG,r,False,False,0,,33.0,273.0,False,False,scenario_baseline
240.0,NODE_8452,3846603653,2,0,GGr,r,False,False,0,,19.0,259.0,False,False,scenario_baseline
240.0,NODE_6082,11449716078,5,3,rrgGGrG,r,False,False,0,,33.0,273.0,False,False,scenario_baseline
240.0,NODE_6123,7300992884,5,0,GgGrrrr,r,False,False,0,,4.0,244.0,False,False,scenario_baseline
240.0,NODE_8426,3849142980,16,7,rrrrrrrrrrrrgggGGGGr,G,True,False,0,,1.0,241.0,False,False,scenario_baseline
240.0,NODE_74388,436883130,16,4,rryyrrrrrryyrrrrr,r,False,False,0,,3.0,243.0,False,False,scenario_baseline
240.0,NODE_10273,3846533030,12,4,rrrrrrryyyyrr,r,False,False,0,,3.0,243.0,False,False,scenario_baseline
240.5,LINK_212169,11449716078,5,3,rrgGGrG,r,False,False,0,,32.5,273.0,False,False,scenario_baseline
240.5,NODE_8452,3846603653,2,0,GGr,r,False,False,0,,18.5,259.0,False,False,scenario_baseline
240.5,NODE_6082,11449716078,5,3,rrgGGrG,r,False,False,0,,32.5,273.0,False,False,scenario_baseline
240.5,NODE_6123,7300992884,5,0,GgGrrrr,r,False,False,0,,3.5,244.0,False,False,scenario_baseline
240.5,NODE_8426,3849142980,16,7,rrrrrrrrrrrrgggGGGGr,G,True,False,0,,0.5,241.0,False,False,scenario_baseline
240.5,NODE_74388,436883130,16,4,rryyrrrrrryyrrrrr,r,False,False,0,,2.5,243.0,False,False,scenario_baseline
240.5,NODE_10273,3846533030,12,4,rrrrrrryyyyrr,r,False,False,0,,2.5,243.0,False,False,scenario_baseline
241.0,LINK_212169,11449716078,5,3,rrgGGrG,r,False,False,0,,32.0,273.0,False,False,scenario_baseline
241.0,NODE_8452,3846603653,2,0,GGr,r,False,False,0,,18.0,259.0,False,False,scenario_baseline
241.0,NODE_6082,11449716078,5,3,rrgGGrG,r,False,False,0,,32.0,273.0,False,False,scenario_baseline
241.0,NODE_6123,7300992884,5,0,GgGrrrr,r,False,False,0,,3.0,244.0,False,False,scenario_baseline
241.0,NODE_8426,3849142980,16,7,rrrrrrrrrrrrgggGGGGr,G,True,False,0,,0.0,241.0,False,False,scenario_baseline
241.0,NODE_74388,436883130,16,4,rryyrrrrrryyrrrrr,r,False,False,0,,2.0,243.0,False,False,scenario_baseline
241.0,NODE_10273,3846533030,12,4,rrrrrrryyyyrr,r,False,False,0,,2.0,243.0,False,False,scenario_baseline
241.5,LINK_212169,11449716078,5,3,rrgGGrG,r,False,False,0,,31.5,273.0,False,False,scenario_baseline
241.5,NODE_8452,3846603653,2,0,GGr,r,False,False,0,,17.5,259.0,False,False,scenario_baseline
241.5,NODE_6082,11449716078,5,3,rrgGGrG,r,False,False,0,,31.5,273.0,False,False,scenario_baseline
241.5,NODE_6123,7300992884,5,0,GgGrrrr,r,False,False,0,,2.5,244.0,False,False,scenario_baseline
241.5,NODE_8426,3849142980,16,8,rrrrrrrrrrrrgggGrrrr,r,False,False,0,,2.5,244.0,False,False,scenario_baseline
241.5,NODE_74388,436883130,16,4,rryyrrrrrryyrrrrr,r,False,False,0,,1.5,243.0,False,False,scenario_baseline
241.5,NODE_10273,3846533030,12,4,rrrrrrryyyyrr,r,False,False,0,,1.5,243.0,False,False,scenario_baseline
242.0,LINK_212169,11449716078,5,3,rrgGGrG,r,False,False,0,,31.0,273.0,False,False,scenario_baseline
242.0,NODE_8452,3846603653,2,0,GGr,r,False,False,0,,17.0,259.0,False,False,scenario_baseline
242.0,NODE_6082,11449716078,5,3,rrgGGrG,r,False,False,0,,31.0,273.0,False,False,scenario_baseline
242.0,NODE_6123,7300992884,5,0,GgGrrrr,r,False,False,0,,2.0,244.0,False,False,scenario_baseline
242.0,NODE_8426,3849142980,16,8,rrrrrrrrrrrrgggGrrrr,r,False,False,0,,2.0,244.0,False,False,scenario_baseline
242.0,NODE_74388,436883130,16,4,rryyrrrrrryyrrrrr,r,False,False,0,,1.0,243.0,False,False,scenario_baseline
242.0,NODE_10273,3846533030,12,4,rrrrrrryyyyrr,r,False,False,0,,1.0,243.0,False,False,scenario_baseline
242.5,LINK_212169,11449716078,5,3,rrgGGrG,r,False,False,0,,30.5,273.0,False,False,scenario_baseline
242.5,NODE_8452,3846603653,2,0,GGr,r,False,False,0,,16.5,259.0,False,False,scenario_baseline
242.5,NODE_6082,11449716078,5,3,rrgGGrG,r,False,False,0,,30.5,273.0,False,False,scenario_baseline
242.5,NODE_6123,7300992884,5,0,GgGrrrr,r,False,False,0,,1.5,244.0,False,False,scenario_baseline
242.5,NODE_8426,3849142980,16,8,rrrrrrrrrrrrgggGrrrr,r,False,False,0,,1.5,244.0,False,False,scenario_baseline
242.5,NODE_74388,436883130,16,4,rryyrrrrrryyrrrrr,r,False,False,0,,0.5,243.0,False,False,scenario_baseline
242.5,NODE_10273,3846533030,12,4,rrrrrrryyyyrr,r,False,False,0,,0.5,243.0,False,False,scenario_baseline
243.0,LINK_212169,11449716078,5,3,rrgGGrG,r,False,False,0,,30.0,273.0,False,False,scenario_baseline
243.0,NODE_8452,3846603653,2,0,GGr,r,False,False,0,,16.0,259.0,False,False,scenario_baseline
243.0,NODE_6082,11449716078,5,3,rrgGGrG,r,False,False,0,,30.0,273.0,False,False,scenario_baseline
243.0,NODE_6123,7300992884,5,0,GgGrrrr,r,False,False,0,,1.0,244.0,False,False,scenario_baseline
243.0,NODE_8426,3849142980,16,8,rrrrrrrrrrrrgggGrrrr,r,False,False,0,,1.0,244.0,False,False,scenario_baseline
243.0,NODE_74388,436883130,16,4,rryyrrrrrryyrrrrr,r,False,False,0,,0.0,243.0,False,False,scenario_baseline
243.0,NODE_10273,3846533030,12,4,rrrrrrryyyyrr,r,False,False,0,,0.0,243.0,False,False,scenario_baseline
243.5,LINK_212169,11449716078,5,3,rrgGGrG,r,False,False,0,,29.5,273.0,False,False,scenario_baseline
243.5,NODE_8452,3846603653,2,0,GGr,r,False,False,0,,15.5,259.0,False,False,scenario_baseline
243.5,NODE_6082,11449716078,5,3,rrgGGrG,r,False,False,0,,29.5,273.0,False,False,scenario_baseline
243.5,NODE_6123,7300992884,5,0,GgGrrrr,r,False,False,0,,0.5,244.0,False,False,scenario_baseline
243.5,NODE_8426,3849142980,16,8,rrrrrrrrrrrrgggGrrrr,r,False,False,0,,0.5,244.0,False,False,scenario_baseline
243.5,NODE_74388,436883130,16,5,rrrrGGggrrrrGGggr,r,False,False,0,,33.5,277.0,False,False,scenario_baseline
243.5,NODE_10273,3846533030,12,5,gGGrrrrrrrrrG,G,True,False,0,,29.5,273.0,False,False,scenario_baseline
244.0,LINK_212169,11449716078,5,3,rrgGGrG,r,False,False,0,,29.0,273.0,False,False,scenario_baseline
244.0,NODE_8452,3846603653,2,0,GGr,r,False,False,0,,15.0,259.0,False,False,scenario_baseline
244.0,NODE_6082,11449716078,5,3,rrgGGrG,r,False,False,0,,29.0,273.0,False,False,scenario_baseline
244.0,NODE_6123,7300992884,5,0,GgGrrrr,r,False,False,0,,0.0,244.0,False,False,scenario_baseline
244.0,NODE_8426,3849142980,16,8,rrrrrrrrrrrrgggGrrrr,r,False,False,0,,0.0,244.0,False,False,scenario_baseline
244.0,NODE_74388,436883130,16,5,rrrrGGggrrrrGGggr,r,False,False,0,,33.0,277.0,False,False,scenario_baseline
244.0,NODE_10273,3846533030,12,5,gGGrrrrrrrrrG,G,True,False,0,,29.0,273.0,False,False,scenario_baseline
244.5,LINK_212169,11449716078,5,3,rrgGGrG,r,False,False,0,,28.5,273.0,False,False,scenario_baseline
244.5,NODE_8452,3846603653,2,0,GGr,r,False,False,0,,14.5,259.0,False,False,scenario_baseline
244.5,NODE_6082,11449716078,5,3,rrgGGrG,r,False,False,0,,28.5,273.0,False,False,scenario_baseline
244.5,NODE_6123,7300992884,5,1,yyGrrrr,r,False,False,0,,5.5,250.0,False,False,scenario_baseline
244.5,NODE_8426,3849142980,16,9,rrrrrrrrrrrryyyyrrrr,r,False,False,0,,2.5,247.0,False,False,scenario_baseline
244.5,NODE_74388,436883130,16,5,rrrrGGggrrrrGGggr,r,False,False,0,,32.5,277.0,False,False,scenario_baseline
244.5,NODE_10273,3846533030,12,5,gGGrrrrrrrrrG,G,True,False,0,,28.5,273.0,False,False,scenario_baseline
245.0,LINK_212169,11449716078,5,3,rrgGGrG,r,False,False,0,,28.0,273.0,False,False,scenario_baseline
245.0,NODE_8452,3846603653,2,0,GGr,r,False,False,0,,14.0,259.0,False,False,scenario_baseline
245.0,NODE_6082,11449716078,5,3,rrgGGrG,r,False,False,0,,28.0,273.0,False,False,scenario_baseline
245.0,NODE_6123,7300992884,5,1,yyGrrrr,r,False,False,0,,5.0,250.0,False,False,scenario_baseline
245.0,NODE_8426,3849142980,16,9,rrrrrrrrrrrryyyyrrrr,r,False,False,0,,2.0,247.0,False,False,scenario_baseline
245.0,NODE_74388,436883130,16,5,rrrrGGggrrrrGGggr,r,False,False,0,,32.0,277.0,False,False,scenario_baseline
245.0,NODE_10273,3846533030,12,5,gGGrrrrrrrrrG,G,True,False,0,,28.0,273.0,False,False,scenario_baseline
245.5,LINK_212169,11449716078,5,3,rrgGGrG,r,False,False,0,,27.5,273.0,False,False,scenario_baseline
245.5,NODE_8452,3846603653,2,0,GGr,r,False,False,0,,13.5,259.0,False,False,scenario_baseline
245.5,NODE_6082,11449716078,5,3,rrgGGrG,r,False,False,0,,27.5,273.0,False,False,scenario_baseline
245.5,NODE_6123,7300992884,5,1,yyGrrrr,r,False,False,0,,4.5,250.0,False,False,scenario_baseline
245.5,NODE_8426,3849142980,16,9,rrrrrrrrrrrryyyyrrrr,r,False,False,0,,1.5,247.0,False,False,scenario_baseline
245.5,NODE_74388,436883130,16,5,rrrrGGggrrrrGGggr,r,False,False,0,,31.5,277.0,False,False,scenario_baseline
245.5,NODE_10273,3846533030,12,5,gGGrrrrrrrrrG,G,True,False,0,,27.5,273.0,False,False,scenario_baseline
246.0,LINK_212169,11449716078,5,3,rrgGGrG,r,False,False,0,,27.0,273.0,False,False,scenario_baseline
246.0,NODE_8452,3846603653,2,0,GGr,r,False,False,0,,13.0,259.0,False,False,scenario_baseline
246.0,NODE_6082,11449716078,5,3,rrgGGrG,r,False,False,0,,27.0,273.0,False,False,scenario_baseline
246.0,NODE_6123,7300992884,5,1,yyGrrrr,r,False,False,0,,4.0,250.0,False,False,scenario_baseline
246.0,NODE_8426,3849142980,16,9,rrrrrrrrrrrryyyyrrrr,r,False,False,0,,1.0,247.0,False,False,scenario_baseline
246.0,NODE_74388,436883130,16,5,rrrrGGggrrrrGGggr,r,False,False,0,,31.0,277.0,False,False,scenario_baseline
246.0,NODE_10273,3846533030,12,5,gGGrrrrrrrrrG,G,True,False,0,,27.0,273.0,False,False,scenario_baseline
246.5,LINK_212169,11449716078,5,3,rrgGGrG,r,False,False,0,,26.5,273.0,False,False,scenario_baseline
246.5,NODE_8452,3846603653,2,0,GGr,r,False,False,0,,12.5,259.0,False,False,scenario_baseline
246.5,NODE_6082,11449716078,5,3,rrgGGrG,r,False,False,0,,26.5,273.0,False,False,scenario_baseline
246.5,NODE_6123,7300992884,5,1,yyGrrrr,r,False,False,0,,3.5,250.0,False,False,scenario_baseline
246.5,NODE_8426,3849142980,16,9,rrrrrrrrrrrryyyyrrrr,r,False,False,0,,0.5,247.0,False,False,scenario_baseline
246.5,NODE_74388,436883130,16,5,rrrrGGggrrrrGGggr,r,False,False,0,,30.5,277.0,False,False,scenario_baseline
246.5,NODE_10273,3846533030,12,5,gGGrrrrrrrrrG,G,True,False,0,,26.5,273.0,False,False,scenario_baseline
247.0,LINK_212169,11449716078,5,3,rrgGGrG,r,False,False,0,,26.0,273.0,False,False,scenario_baseline
247.0,NODE_8452,3846603653,2,0,GGr,r,False,False,0,,12.0,259.0,False,False,scenario_baseline
247.0,NODE_6082,11449716078,5,3,rrgGGrG,r,False,False,0,,26.0,273.0,False,False,scenario_baseline
247.0,NODE_6123,7300992884,5,1,yyGrrrr,r,False,False,0,,3.0,250.0,False,False,scenario_baseline
247.0,NODE_8426,3849142980,16,9,rrrrrrrrrrrryyyyrrrr,r,False,False,0,,0.0,247.0,False,False,scenario_baseline
247.0,NODE_74388,436883130,16,5,rrrrGGggrrrrGGggr,r,False,False,0,,30.0,277.0,False,False,scenario_baseline
247.0,NODE_10273,3846533030,12,5,gGGrrrrrrrrrG,G,True,False,0,,26.0,273.0,False,False,scenario_baseline
247.5,LINK_212169,11449716078,5,3,rrgGGrG,r,False,False,0,,25.5,273.0,False,False,scenario_baseline
247.5,NODE_8452,3846603653,2,0,GGr,r,False,False,0,,11.5,259.0,False,False,scenario_baseline
247.5,NODE_6082,11449716078,5,3,rrgGGrG,r,False,False,0,,25.5,273.0,False,False,scenario_baseline
247.5,NODE_6123,7300992884,5,1,yyGrrrr,r,False,False,0,,2.5,250.0,False,False,scenario_baseline
247.5,NODE_8426,3849142980,16,10,rrrrrrrrgggGrrrrGGrG,G,True,False,0,,16.5,264.0,False,False,scenario_baseline
247.5,NODE_74388,436883130,16,5,rrrrGGggrrrrGGggr,r,False,False,0,,29.5,277.0,False,False,scenario_baseline
247.5,NODE_10273,3846533030,12,5,gGGrrrrrrrrrG,G,True,False,0,,25.5,273.0,False,False,scenario_baseline
248.0,LINK_212169,11449716078,5,3,rrgGGrG,r,False,False,0,,25.0,273.0,False,False,scenario_baseline
248.0,NODE_8452,3846603653,2,0,GGr,r,False,False,0,,11.0,259.0,False,False,scenario_baseline
248.0,NODE_6082,11449716078,5,3,rrgGGrG,r,False,False,0,,25.0,273.0,False,False,scenario_baseline
248.0,NODE_6123,7300992884,5,1,yyGrrrr,r,False,False,0,,2.0,250.0,False,False,scenario_baseline
248.0,NODE_8426,3849142980,16,10,rrrrrrrrgggGrrrrGGrG,G,True,False,0,,16.0,264.0,False,False,scenario_baseline
248.0,NODE_74388,436883130,16,5,rrrrGGggrrrrGGggr,r,False,False,0,,29.0,277.0,False,False,scenario_baseline
248.0,NODE_10273,3846533030,12,5,gGGrrrrrrrrrG,G,True,False,0,,25.0,273.0,False,False,scenario_baseline
248.5,LINK_212169,11449716078,5,3,rrgGGrG,r,False,False,0,,24.5,273.0,False,False,scenario_baseline
248.5,NODE_8452,3846603653,2,0,GGr,r,False,False,0,,10.5,259.0,False,False,scenario_baseline
248.5,NODE_6082,11449716078,5,3,rrgGGrG,r,False,False,0,,24.5,273.0,False,False,scenario_baseline
248.5,NODE_6123,7300992884,5,1,yyGrrrr,r,False,False,0,,1.5,250.0,False,False,scenario_baseline
248.5,NODE_8426,3849142980,16,10,rrrrrrrrgggGrrrrGGrG,G,True,False,0,,15.5,264.0,False,False,scenario_baseline
248.5,NODE_74388,436883130,16,5,rrrrGGggrrrrGGggr,r,False,False,0,,28.5,277.0,False,False,scenario_baseline
248.5,NODE_10273,3846533030,12,5,gGGrrrrrrrrrG,G,True,False,0,,24.5,273.0,False,False,scenario_baseline
249.0,LINK_212169,11449716078,5,3,rrgGGrG,r,False,False,0,,24.0,273.0,False,False,scenario_baseline
249.0,NODE_8452,3846603653,2,0,GGr,r,False,False,0,,10.0,259.0,False,False,scenario_baseline
249.0,NODE_6082,11449716078,5,3,rrgGGrG,r,False,False,0,,24.0,273.0,False,False,scenario_baseline
249.0,NODE_6123,7300992884,5,1,yyGrrrr,r,False,False,0,,1.0,250.0,False,False,scenario_baseline
249.0,NODE_8426,3849142980,16,10,rrrrrrrrgggGrrrrGGrG,G,True,False,0,,15.0,264.0,False,False,scenario_baseline
249.0,NODE_74388,436883130,16,5,rrrrGGggrrrrGGggr,r,False,False,0,,28.0,277.0,False,False,scenario_baseline
249.0,NODE_10273,3846533030,12,5,gGGrrrrrrrrrG,G,True,False,0,,24.0,273.0,False,False,scenario_baseline
249.5,LINK_212169,11449716078,5,3,rrgGGrG,r,False,False,0,,23.5,273.0,False,False,scenario_baseline
249.5,NODE_8452,3846603653,2,0,GGr,r,False,False,0,,9.5,259.0,False,False,scenario_baseline
249.5,NODE_6082,11449716078,5,3,rrgGGrG,r,False,False,0,,23.5,273.0,False,False,scenario_baseline
249.5,NODE_6123,7300992884,5,1,yyGrrrr,r,False,False,0,,0.5,250.0,False,False,scenario_baseline
249.5,NODE_8426,3849142980,16,10,rrrrrrrrgggGrrrrGGrG,G,True,False,0,,14.5,264.0,False,False,scenario_baseline
249.5,NODE_74388,436883130,16,5,rrrrGGggrrrrGGggr,r,False,False,0,,27.5,277.0,False,False,scenario_baseline
249.5,NODE_10273,3846533030,12,5,gGGrrrrrrrrrG,G,True,False,0,,23.5,273.0,False,False,scenario_baseline
250.0,LINK_212169,11449716078,5,3,rrgGGrG,r,False,False,0,,23.0,273.0,False,False,scenario_baseline
250.0,NODE_8452,3846603653,2,0,GGr,r,False,False,0,,9.0,259.0,False,False,scenario_baseline
250.0,NODE_6082,11449716078,5,3,rrgGGrG,r,False,False,0,,23.0,273.0,False,False,scenario_baseline
250.0,NODE_6123,7300992884,5,1,yyGrrrr,r,False,False,0,,0.0,250.0,False,False,scenario_baseline
250.0,NODE_8426,3849142980,16,10,rrrrrrrrgggGrrrrGGrG,G,True,False,0,,14.0,264.0,False,False,scenario_baseline
250.0,NODE_74388,436883130,16,5,rrrrGGggrrrrGGggr,r,False,False,0,,27.0,277.0,False,False,scenario_baseline
250.0,NODE_10273,3846533030,12,5,gGGrrrrrrrrrG,G,True,False,0,,23.0,273.0,False,False,scenario_baseline
250.5,LINK_212169,11449716078,5,3,rrgGGrG,r,False,False,0,,22.5,273.0,False,False,scenario_baseline
250.5,NODE_8452,3846603653,2,0,GGr,r,False,False,0,,8.5,259.0,False,False,scenario_baseline
250.5,NODE_6082,11449716078,5,3,rrgGGrG,r,False,False,0,,22.5,273.0,False,False,scenario_baseline
250.5,NODE_6123,7300992884,5,2,rrGGGrr,r,False,False,0,,5.5,256.0,False,False,scenario_baseline
250.5,NODE_8426,3849142980,16,10,rrrrrrrrgggGrrrrGGrG,G,True,False,0,,13.5,264.0,False,False,scenario_baseline
250.5,NODE_74388,436883130,16,5,rrrrGGggrrrrGGggr,r,False,False,0,,26.5,277.0,False,False,scenario_baseline
250.5,NODE_10273,3846533030,12,5,gGGrrrrrrrrrG,G,True,False,0,,22.5,273.0,False,False,scenario_baseline
251.0,LINK_212169,11449716078,5,3,rrgGGrG,r,False,False,0,,22.0,273.0,False,False,scenario_baseline
251.0,NODE_8452,3846603653,2,0,GGr,r,False,False,0,,8.0,259.0,False,False,scenario_baseline
251.0,NODE_6082,11449716078,5,3,rrgGGrG,r,False,False,0,,22.0,273.0,False,False,scenario_baseline
251.0,NODE_6123,7300992884,5,2,rrGGGrr,r,False,False,0,,5.0,256.0,False,False,scenario_baseline
251.0,NODE_8426,3849142980,16,10,rrrrrrrrgggGrrrrGGrG,G,True,False,0,,13.0,264.0,False,False,scenario_baseline
251.0,NODE_74388,436883130,16,5,rrrrGGggrrrrGGggr,r,False,False,0,,26.0,277.0,False,False,scenario_baseline
251.0,NODE_10273,3846533030,12,5,gGGrrrrrrrrrG,G,True,False,0,,22.0,273.0,False,False,scenario_baseline
251.5,LINK_212169,11449716078,5,3,rrgGGrG,r,False,False,0,,21.5,273.0,False,False,scenario_baseline
251.5,NODE_8452,3846603653,2,0,GGr,r,False,False,0,,7.5,259.0,False,False,scenario_baseline
251.5,NODE_6082,11449716078,5,3,rrgGGrG,r,False,False,0,,21.5,273.0,False,False,scenario_baseline
251.5,NODE_6123,7300992884,5,2,rrGGGrr,r,False,False,0,,4.5,256.0,False,False,scenario_baseline
251.5,NODE_8426,3849142980,16,10,rrrrrrrrgggGrrrrGGrG,G,True,False,0,,12.5,264.0,False,False,scenario_baseline
251.5,NODE_74388,436883130,16,5,rrrrGGggrrrrGGggr,r,False,False,0,,25.5,277.0,False,False,scenario_baseline
251.5,NODE_10273,3846533030,12,5,gGGrrrrrrrrrG,G,True,False,0,,21.5,273.0,False,False,scenario_baseline
252.0,LINK_212169,11449716078,5,3,rrgGGrG,r,False,False,0,,21.0,273.0,False,False,scenario_baseline
252.0,NODE_8452,3846603653,2,0,GGr,r,False,False,0,,7.0,259.0,False,False,scenario_baseline
252.0,NODE_6082,11449716078,5,3,rrgGGrG,r,False,False,0,,21.0,273.0,False,False,scenario_baseline
252.0,NODE_6123,7300992884,5,2,rrGGGrr,r,False,False,0,,4.0,256.0,False,False,scenario_baseline
252.0,NODE_8426,3849142980,16,10,rrrrrrrrgggGrrrrGGrG,G,True,False,0,,12.0,264.0,False,False,scenario_baseline
252.0,NODE_74388,436883130,16,5,rrrrGGggrrrrGGggr,r,False,False,0,,25.0,277.0,False,False,scenario_baseline
252.0,NODE_10273,3846533030,12,5,gGGrrrrrrrrrG,G,True,False,0,,21.0,273.0,False,False,scenario_baseline
252.5,LINK_212169,11449716078,5,3,rrgGGrG,r,False,False,0,,20.5,273.0,False,False,scenario_baseline
252.5,NODE_8452,3846603653,2,0,GGr,r,False,False,0,,6.5,259.0,False,False,scenario_baseline
252.5,NODE_6082,11449716078,5,3,rrgGGrG,r,False,False,0,,20.5,273.0,False,False,scenario_baseline
252.5,NODE_6123,7300992884,5,2,rrGGGrr,r,False,False,0,,3.5,256.0,False,False,scenario_baseline
252.5,NODE_8426,3849142980,16,10,rrrrrrrrgggGrrrrGGrG,G,True,False,0,,11.5,264.0,False,False,scenario_baseline
252.5,NODE_74388,436883130,16,5,rrrrGGggrrrrGGggr,r,False,False,0,,24.5,277.0,False,False,scenario_baseline
252.5,NODE_10273,3846533030,12,5,gGGrrrrrrrrrG,G,True,False,0,,20.5,273.0,False,False,scenario_baseline
253.0,LINK_212169,11449716078,5,3,rrgGGrG,r,False,False,0,,20.0,273.0,False,False,scenario_baseline
253.0,NODE_8452,3846603653,2,0,GGr,r,False,False,0,,6.0,259.0,False,False,scenario_baseline
253.0,NODE_6082,11449716078,5,3,rrgGGrG,r,False,False,0,,20.0,273.0,False,False,scenario_baseline
253.0,NODE_6123,7300992884,5,2,rrGGGrr,r,False,False,0,,3.0,256.0,False,False,scenario_baseline
253.0,NODE_8426,3849142980,16,10,rrrrrrrrgggGrrrrGGrG,G,True,False,0,,11.0,264.0,False,False,scenario_baseline
253.0,NODE_74388,436883130,16,5,rrrrGGggrrrrGGggr,r,False,False,0,,24.0,277.0,False,False,scenario_baseline
253.0,NODE_10273,3846533030,12,5,gGGrrrrrrrrrG,G,True,False,0,,20.0,273.0,False,False,scenario_baseline
253.5,LINK_212169,11449716078,5,3,rrgGGrG,r,False,False,0,,19.5,273.0,False,False,scenario_baseline
253.5,NODE_8452,3846603653,2,0,GGr,r,False,False,0,,5.5,259.0,False,False,scenario_baseline
253.5,NODE_6082,11449716078,5,3,rrgGGrG,r,False,False,0,,19.5,273.0,False,False,scenario_baseline
253.5,NODE_6123,7300992884,5,2,rrGGGrr,r,False,False,0,,2.5,256.0,False,False,scenario_baseline
253.5,NODE_8426,3849142980,16,10,rrrrrrrrgggGrrrrGGrG,G,True,False,0,,10.5,264.0,False,False,scenario_baseline
253.5,NODE_74388,436883130,16,5,rrrrGGggrrrrGGggr,r,False,False,0,,23.5,277.0,False,False,scenario_baseline
253.5,NODE_10273,3846533030,12,5,gGGrrrrrrrrrG,G,True,False,0,,19.5,273.0,False,False,scenario_baseline
254.0,LINK_212169,11449716078,5,3,rrgGGrG,r,False,False,0,,19.0,273.0,False,False,scenario_baseline
254.0,NODE_8452,3846603653,2,0,GGr,r,False,False,0,,5.0,259.0,False,False,scenario_baseline
254.0,NODE_6082,11449716078,5,3,rrgGGrG,r,False,False,0,,19.0,273.0,False,False,scenario_baseline
254.0,NODE_6123,7300992884,5,2,rrGGGrr,r,False,False,0,,2.0,256.0,False,False,scenario_baseline
254.0,NODE_8426,3849142980,16,10,rrrrrrrrgggGrrrrGGrG,G,True,False,0,,10.0,264.0,False,False,scenario_baseline
254.0,NODE_74388,436883130,16,5,rrrrGGggrrrrGGggr,r,False,False,0,,23.0,277.0,False,False,scenario_baseline
254.0,NODE_10273,3846533030,12,5,gGGrrrrrrrrrG,G,True,False,0,,19.0,273.0,False,False,scenario_baseline
254.5,LINK_212169,11449716078,5,3,rrgGGrG,r,False,False,0,,18.5,273.0,False,False,scenario_baseline
254.5,NODE_8452,3846603653,2,0,GGr,r,False,False,0,,4.5,259.0,False,False,scenario_baseline
254.5,NODE_6082,11449716078,5,3,rrgGGrG,r,False,False,0,,18.5,273.0,False,False,scenario_baseline
254.5,NODE_6123,7300992884,5,2,rrGGGrr,r,False,False,0,,1.5,256.0,False,False,scenario_baseline
254.5,NODE_8426,3849142980,16,10,rrrrrrrrgggGrrrrGGrG,G,True,False,0,,9.5,264.0,False,False,scenario_baseline
254.5,NODE_74388,436883130,16,5,rrrrGGggrrrrGGggr,r,False,False,0,,22.5,277.0,False,False,scenario_baseline
254.5,NODE_10273,3846533030,12,5,gGGrrrrrrrrrG,G,True,False,0,,18.5,273.0,False,False,scenario_baseline
255.0,LINK_212169,11449716078,5,3,rrgGGrG,r,False,False,0,,18.0,273.0,False,False,scenario_baseline
255.0,NODE_8452,3846603653,2,0,GGr,r,False,False,0,,4.0,259.0,False,False,scenario_baseline
255.0,NODE_6082,11449716078,5,3,rrgGGrG,r,False,False,0,,18.0,273.0,False,False,scenario_baseline
255.0,NODE_6123,7300992884,5,2,rrGGGrr,r,False,False,0,,1.0,256.0,False,False,scenario_baseline
255.0,NODE_8426,3849142980,16,10,rrrrrrrrgggGrrrrGGrG,G,True,False,0,,9.0,264.0,False,False,scenario_baseline
255.0,NODE_74388,436883130,16,5,rrrrGGggrrrrGGggr,r,False,False,0,,22.0,277.0,False,False,scenario_baseline
255.0,NODE_10273,3846533030,12,5,gGGrrrrrrrrrG,G,True,False,0,,18.0,273.0,False,False,scenario_baseline
255.5,LINK_212169,11449716078,5,3,rrgGGrG,r,False,False,0,,17.5,273.0,False,False,scenario_baseline
255.5,NODE_8452,3846603653,2,0,GGr,r,False,False,0,,3.5,259.0,False,False,scenario_baseline
255.5,NODE_6082,11449716078,5,3,rrgGGrG,r,False,False,0,,17.5,273.0,False,False,scenario_baseline
255.5,NODE_6123,7300992884,5,2,rrGGGrr,r,False,False,0,,0.5,256.0,False,False,scenario_baseline
255.5,NODE_8426,3849142980,16,10,rrrrrrrrgggGrrrrGGrG,G,True,False,0,,8.5,264.0,False,False,scenario_baseline
255.5,NODE_74388,436883130,16,5,rrrrGGggrrrrGGggr,r,False,False,0,,21.5,277.0,False,False,scenario_baseline
255.5,NODE_10273,3846533030,12,5,gGGrrrrrrrrrG,G,True,False,0,,17.5,273.0,False,False,scenario_baseline
256.0,LINK_212169,11449716078,5,3,rrgGGrG,r,False,False,0,,17.0,273.0,False,False,scenario_baseline
256.0,NODE_8452,3846603653,2,0,GGr,r,False,False,0,,3.0,259.0,False,False,scenario_baseline
256.0,NODE_6082,11449716078,5,3,rrgGGrG,r,False,False,0,,17.0,273.0,False,False,scenario_baseline
256.0,NODE_6123,7300992884,5,2,rrGGGrr,r,False,False,0,,0.0,256.0,False,False,scenario_baseline
256.0,NODE_8426,3849142980,16,10,rrrrrrrrgggGrrrrGGrG,G,True,False,0,,8.0,264.0,False,False,scenario_baseline
256.0,NODE_74388,436883130,16,5,rrrrGGggrrrrGGggr,r,False,False,0,,21.0,277.0,False,False,scenario_baseline
256.0,NODE_10273,3846533030,12,5,gGGrrrrrrrrrG,G,True,False,0,,17.0,273.0,False,False,scenario_baseline
256.5,LINK_212169,11449716078,5,3,rrgGGrG,r,False,False,0,,16.5,273.0,False,False,scenario_baseline
256.5,NODE_8452,3846603653,2,0,GGr,r,False,False,0,,2.5,259.0,False,False,scenario_baseline
256.5,NODE_6082,11449716078,5,3,rrgGGrG,r,False,False,0,,16.5,273.0,False,False,scenario_baseline
256.5,NODE_6123,7300992884,5,3,rryyyrr,r,False,False,0,,5.5,262.0,False,False,scenario_baseline
256.5,NODE_8426,3849142980,16,10,rrrrrrrrgggGrrrrGGrG,G,True,False,0,,7.5,264.0,False,False,scenario_baseline
256.5,NODE_74388,436883130,16,5,rrrrGGggrrrrGGggr,r,False,False,0,,20.5,277.0,False,False,scenario_baseline
256.5,NODE_10273,3846533030,12,5,gGGrrrrrrrrrG,G,True,False,0,,16.5,273.0,False,False,scenario_baseline
257.0,LINK_212169,11449716078,5,3,rrgGGrG,r,False,False,0,,16.0,273.0,False,False,scenario_baseline
257.0,NODE_8452,3846603653,2,0,GGr,r,False,False,0,,2.0,259.0,False,False,scenario_baseline
257.0,NODE_6082,11449716078,5,3,rrgGGrG,r,False,False,0,,16.0,273.0,False,False,scenario_baseline
257.0,NODE_6123,7300992884,5,3,rryyyrr,r,False,False,0,,5.0,262.0,False,False,scenario_baseline
257.0,NODE_8426,3849142980,16,10,rrrrrrrrgggGrrrrGGrG,G,True,False,0,,7.0,264.0,False,False,scenario_baseline
257.0,NODE_74388,436883130,16,5,rrrrGGggrrrrGGggr,r,False,False,0,,20.0,277.0,False,False,scenario_baseline
257.0,NODE_10273,3846533030,12,5,gGGrrrrrrrrrG,G,True,False,0,,16.0,273.0,False,False,scenario_baseline
257.5,LINK_212169,11449716078,5,3,rrgGGrG,r,False,False,0,,15.5,273.0,False,False,scenario_baseline
257.5,NODE_8452,3846603653,2,0,GGr,r,False,False,0,,1.5,259.0,False,False,scenario_baseline
257.5,NODE_6082,11449716078,5,3,rrgGGrG,r,False,False,0,,15.5,273.0,False,False,scenario_baseline
257.5,NODE_6123,7300992884,5,3,rryyyrr,r,False,False,0,,4.5,262.0,False,False,scenario_baseline
257.5,NODE_8426,3849142980,16,10,rrrrrrrrgggGrrrrGGrG,G,True,False,0,,6.5,264.0,False,False,scenario_baseline
257.5,NODE_74388,436883130,16,5,rrrrGGggrrrrGGggr,r,False,False,0,,19.5,277.0,False,False,scenario_baseline
257.5,NODE_10273,3846533030,12,5,gGGrrrrrrrrrG,G,True,False,0,,15.5,273.0,False,False,scenario_baseline
258.0,LINK_212169,11449716078,5,3,rrgGGrG,r,False,False,0,,15.0,273.0,False,False,scenario_baseline
258.0,NODE_8452,3846603653,2,0,GGr,r,False,False,0,,1.0,259.0,False,False,scenario_baseline
258.0,NODE_6082,11449716078,5,3,rrgGGrG,r,False,False,0,,15.0,273.0,False,False,scenario_baseline
258.0,NODE_6123,7300992884,5,3,rryyyrr,r,False,False,0,,4.0,262.0,False,False,scenario_baseline
258.0,NODE_8426,3849142980,16,10,rrrrrrrrgggGrrrrGGrG,G,True,False,0,,6.0,264.0,False,False,scenario_baseline
258.0,NODE_74388,436883130,16,5,rrrrGGggrrrrGGggr,r,False,False,0,,19.0,277.0,False,False,scenario_baseline
258.0,NODE_10273,3846533030,12,5,gGGrrrrrrrrrG,G,True,False,0,,15.0,273.0,False,False,scenario_baseline
258.5,LINK_212169,11449716078,5,3,rrgGGrG,r,False,False,0,,14.5,273.0,False,False,scenario_baseline
258.5,NODE_8452,3846603653,2,0,GGr,r,False,False,0,,0.5,259.0,False,False,scenario_baseline
258.5,NODE_6082,11449716078,5,3,rrgGGrG,r,False,False,0,,14.5,273.0,False,False,scenario_baseline
258.5,NODE_6123,7300992884,5,3,rryyyrr,r,False,False,0,,3.5,262.0,False,False,scenario_baseline
258.5,NODE_8426,3849142980,16,10,rrrrrrrrgggGrrrrGGrG,G,True,False,0,,5.5,264.0,False,False,scenario_baseline
258.5,NODE_74388,436883130,16,5,rrrrGGggrrrrGGggr,r,False,False,0,,18.5,277.0,False,False,scenario_baseline
258.5,NODE_10273,3846533030,12,5,gGGrrrrrrrrrG,G,True,False,0,,14.5,273.0,False,False,scenario_baseline
259.0,LINK_212169,11449716078,5,3,rrgGGrG,r,False,False,0,,14.0,273.0,False,False,scenario_baseline
259.0,NODE_8452,3846603653,2,0,GGr,r,False,False,0,,0.0,259.0,False,False,scenario_baseline
259.0,NODE_6082,11449716078,5,3,rrgGGrG,r,False,False,0,,14.0,273.0,False,False,scenario_baseline
259.0,NODE_6123,7300992884,5,3,rryyyrr,r,False,False,0,,3.0,262.0,False,False,scenario_baseline
259.0,NODE_8426,3849142980,16,10,rrrrrrrrgggGrrrrGGrG,G,True,False,0,,5.0,264.0,False,False,scenario_baseline
259.0,NODE_74388,436883130,16,5,rrrrGGggrrrrGGggr,r,False,False,0,,18.0,277.0,False,False,scenario_baseline
259.0,NODE_10273,3846533030,12,5,gGGrrrrrrrrrG,G,True,False,0,,14.0,273.0,False,False,scenario_baseline
259.5,LINK_212169,11449716078,5,3,rrgGGrG,r,False,False,0,,13.5,273.0,False,False,scenario_baseline
259.5,NODE_8452,3846603653,2,1,yyr,r,False,False,0,,2.5,262.0,False,False,scenario_baseline
259.5,NODE_6082,11449716078,5,3,rrgGGrG,r,False,False,0,,13.5,273.0,False,False,scenario_baseline
259.5,NODE_6123,7300992884,5,3,rryyyrr,r,False,False,0,,2.5,262.0,False,False,scenario_baseline
259.5,NODE_8426,3849142980,16,10,rrrrrrrrgggGrrrrGGrG,G,True,False,0,,4.5,264.0,False,False,scenario_baseline
259.5,NODE_74388,436883130,16,5,rrrrGGggrrrrGGggr,r,False,False,0,,17.5,277.0,False,False,scenario_baseline
259.5,NODE_10273,3846533030,12,5,gGGrrrrrrrrrG,G,True,False,0,,13.5,273.0,False,False,scenario_baseline
260.0,LINK_212169,11449716078,5,3,rrgGGrG,r,False,False,0,,13.0,273.0,False,False,scenario_baseline
260.0,NODE_8452,3846603653,2,1,yyr,r,False,False,0,,2.0,262.0,False,False,scenario_baseline
260.0,NODE_6082,11449716078,5,3,rrgGGrG,r,False,False,0,,13.0,273.0,False,False,scenario_baseline
260.0,NODE_6123,7300992884,5,3,rryyyrr,r,False,False,0,,2.0,262.0,False,False,scenario_baseline
260.0,NODE_8426,3849142980,16,10,rrrrrrrrgggGrrrrGGrG,G,True,False,0,,4.0,264.0,False,False,scenario_baseline
260.0,NODE_74388,436883130,16,5,rrrrGGggrrrrGGggr,r,False,False,0,,17.0,277.0,False,False,scenario_baseline
260.0,NODE_10273,3846533030,12,5,gGGrrrrrrrrrG,G,True,False,0,,13.0,273.0,False,False,scenario_baseline
260.5,LINK_212169,11449716078,5,3,rrgGGrG,r,False,False,0,,12.5,273.0,False,False,scenario_baseline
260.5,NODE_8452,3846603653,2,1,yyr,r,False,False,0,,1.5,262.0,False,False,scenario_baseline
260.5,NODE_6082,11449716078,5,3,rrgGGrG,r,False,False,0,,12.5,273.0,False,False,scenario_baseline
260.5,NODE_6123,7300992884,5,3,rryyyrr,r,False,False,0,,1.5,262.0,False,False,scenario_baseline
260.5,NODE_8426,3849142980,16,10,rrrrrrrrgggGrrrrGGrG,G,True,False,0,,3.5,264.0,False,False,scenario_baseline
260.5,NODE_74388,436883130,16,5,rrrrGGggrrrrGGggr,r,False,False,0,,16.5,277.0,False,False,scenario_baseline
260.5,NODE_10273,3846533030,12,5,gGGrrrrrrrrrG,G,True,False,0,,12.5,273.0,False,False,scenario_baseline
261.0,LINK_212169,11449716078,5,3,rrgGGrG,r,False,False,0,,12.0,273.0,False,False,scenario_baseline
261.0,NODE_8452,3846603653,2,1,yyr,r,False,False,0,,1.0,262.0,False,False,scenario_baseline
261.0,NODE_6082,11449716078,5,3,rrgGGrG,r,False,False,0,,12.0,273.0,False,False,scenario_baseline
261.0,NODE_6123,7300992884,5,3,rryyyrr,r,False,False,0,,1.0,262.0,False,False,scenario_baseline
261.0,NODE_8426,3849142980,16,10,rrrrrrrrgggGrrrrGGrG,G,True,False,0,,3.0,264.0,False,False,scenario_baseline
261.0,NODE_74388,436883130,16,5,rrrrGGggrrrrGGggr,r,False,False,0,,16.0,277.0,False,False,scenario_baseline
261.0,NODE_10273,3846533030,12,5,gGGrrrrrrrrrG,G,True,False,0,,12.0,273.0,False,False,scenario_baseline
261.5,LINK_212169,11449716078,5,3,rrgGGrG,r,False,False,0,,11.5,273.0,False,False,scenario_baseline
261.5,NODE_8452,3846603653,2,1,yyr,r,False,False,0,,0.5,262.0,False,False,scenario_baseline
261.5,NODE_6082,11449716078,5,3,rrgGGrG,r,False,False,0,,11.5,273.0,False,False,scenario_baseline
261.5,NODE_6123,7300992884,5,3,rryyyrr,r,False,False,0,,0.5,262.0,False,False,scenario_baseline
261.5,NODE_8426,3849142980,16,10,rrrrrrrrgggGrrrrGGrG,G,True,False,0,,2.5,264.0,False,False,scenario_baseline
261.5,NODE_74388,436883130,16,5,rrrrGGggrrrrGGggr,r,False,False,0,,15.5,277.0,False,False,scenario_baseline
261.5,NODE_10273,3846533030,12,5,gGGrrrrrrrrrG,G,True,False,0,,11.5,273.0,False,False,scenario_baseline
262.0,LINK_212169,11449716078,5,3,rrgGGrG,r,False,False,0,,11.0,273.0,False,False,scenario_baseline
262.0,NODE_8452,3846603653,2,1,yyr,r,False,False,0,,0.0,262.0,False,False,scenario_baseline
262.0,NODE_6082,11449716078,5,3,rrgGGrG,r,False,False,0,,11.0,273.0,False,False,scenario_baseline
262.0,NODE_6123,7300992884,5,3,rryyyrr,r,False,False,0,,0.0,262.0,False,False,scenario_baseline
262.0,NODE_8426,3849142980,16,10,rrrrrrrrgggGrrrrGGrG,G,True,False,0,,2.0,264.0,False,False,scenario_baseline
262.0,NODE_74388,436883130,16,5,rrrrGGggrrrrGGggr,r,False,False,0,,15.0,277.0,False,False,scenario_baseline
262.0,NODE_10273,3846533030,12,5,gGGrrrrrrrrrG,G,True,False,0,,11.0,273.0,False,False,scenario_baseline
262.5,LINK_212169,11449716078,5,3,rrgGGrG,r,False,False,0,,10.5,273.0,False,False,scenario_baseline
262.5,NODE_8452,3846603653,2,2,rrG,G,True,True,0,,7.5,270.0,False,False,scenario_baseline
262.5,NODE_6082,11449716078,5,3,rrgGGrG,r,False,False,0,,10.5,273.0,False,False,scenario_baseline
262.5,NODE_6123,7300992884,5,4,rrrrrGr,G,True,True,0,,7.5,270.0,False,False,scenario_baseline
262.5,NODE_8426,3849142980,16,10,rrrrrrrrgggGrrrrGGrG,G,True,False,0,,1.5,264.0,False,False,scenario_baseline
262.5,NODE_74388,436883130,16,5,rrrrGGggrrrrGGggr,r,False,False,0,,14.5,277.0,False,False,scenario_baseline
262.5,NODE_10273,3846533030,12,5,gGGrrrrrrrrrG,G,True,False,0,,10.5,273.0,False,False,scenario_baseline
263.0,LINK_212169,11449716078,5,3,rrgGGrG,r,False,False,0,,10.0,273.0,False,False,scenario_baseline
263.0,NODE_8452,3846603653,2,2,rrG,G,True,True,0,,7.0,270.0,False,False,scenario_baseline
263.0,NODE_6082,11449716078,5,3,rrgGGrG,r,False,False,0,,10.0,273.0,False,False,scenario_baseline
263.0,NODE_6123,7300992884,5,4,rrrrrGr,G,True,True,0,,7.0,270.0,False,False,scenario_baseline
263.0,NODE_8426,3849142980,16,10,rrrrrrrrgggGrrrrGGrG,G,True,False,0,,1.0,264.0,False,False,scenario_baseline
263.0,NODE_74388,436883130,16,5,rrrrGGggrrrrGGggr,r,False,False,0,,14.0,277.0,False,False,scenario_baseline
263.0,NODE_10273,3846533030,12,5,gGGrrrrrrrrrG,G,True,False,0,,10.0,273.0,False,False,scenario_baseline
263.5,LINK_212169,11449716078,5,3,rrgGGrG,r,False,False,0,,9.5,273.0,False,False,scenario_baseline
263.5,NODE_8452,3846603653,2,2,rrG,G,True,True,0,,6.5,270.0,False,False,scenario_baseline
263.5,NODE_6082,11449716078,5,3,rrgGGrG,r,False,False,0,,9.5,273.0,False,False,scenario_baseline
263.5,NODE_6123,7300992884,5,4,rrrrrGr,G,True,True,0,,6.5,270.0,False,False,scenario_baseline
263.5,NODE_8426,3849142980,16,10,rrrrrrrrgggGrrrrGGrG,G,True,False,0,,0.5,264.0,False,False,scenario_baseline
263.5,NODE_74388,436883130,16,5,rrrrGGggrrrrGGggr,r,False,False,0,,13.5,277.0,False,False,scenario_baseline
263.5,NODE_10273,3846533030,12,5,gGGrrrrrrrrrG,G,True,False,0,,9.5,273.0,False,False,scenario_baseline
264.0,LINK_212169,11449716078,5,3,rrgGGrG,r,False,False,0,,9.0,273.0,False,False,scenario_baseline
264.0,NODE_8452,3846603653,2,2,rrG,G,True,True,0,,6.0,270.0,False,False,scenario_baseline
264.0,NODE_6082,11449716078,5,3,rrgGGrG,r,False,False,0,,9.0,273.0,False,False,scenario_baseline
264.0,NODE_6123,7300992884,5,4,rrrrrGr,G,True,True,0,,6.0,270.0,False,False,scenario_baseline
264.0,NODE_8426,3849142980,16,10,rrrrrrrrgggGrrrrGGrG,G,True,False,0,,0.0,264.0,False,False,scenario_baseline
264.0,NODE_74388,436883130,16,5,rrrrGGggrrrrGGggr,r,False,False,0,,13.0,277.0,False,False,scenario_baseline
264.0,NODE_10273,3846533030,12,5,gGGrrrrrrrrrG,G,True,False,0,,9.0,273.0,False,False,scenario_baseline
264.5,LINK_212169,11449716078,5,3,rrgGGrG,r,False,False,0,,8.5,273.0,False,False,scenario_baseline
264.5,NODE_8452,3846603653,2,2,rrG,G,True,True,0,,5.5,270.0,False,False,scenario_baseline
264.5,NODE_6082,11449716078,5,3,rrgGGrG,r,False,False,0,,8.5,273.0,False,False,scenario_baseline
264.5,NODE_6123,7300992884,5,4,rrrrrGr,G,True,True,0,,5.5,270.0,False,False,scenario_baseline
264.5,NODE_8426,3849142980,16,11,rrrrrrrrgggGrrrrrrrr,r,False,False,0,,2.5,267.0,False,False,scenario_baseline
264.5,NODE_74388,436883130,16,5,rrrrGGggrrrrGGggr,r,False,False,0,,12.5,277.0,False,False,scenario_baseline
264.5,NODE_10273,3846533030,12,5,gGGrrrrrrrrrG,G,True,False,0,,8.5,273.0,False,False,scenario_baseline
265.0,LINK_212169,11449716078,5,3,rrgGGrG,r,False,False,0,,8.0,273.0,False,False,scenario_baseline
265.0,NODE_8452,3846603653,2,2,rrG,G,True,True,0,,5.0,270.0,False,False,scenario_baseline
265.0,NODE_6082,11449716078,5,3,rrgGGrG,r,False,False,0,,8.0,273.0,False,False,scenario_baseline
265.0,NODE_6123,7300992884,5,4,rrrrrGr,G,True,True,0,,5.0,270.0,False,False,scenario_baseline
265.0,NODE_8426,3849142980,16,11,rrrrrrrrgggGrrrrrrrr,r,False,False,0,,2.0,267.0,False,False,scenario_baseline
265.0,NODE_74388,436883130,16,5,rrrrGGggrrrrGGggr,r,False,False,0,,12.0,277.0,False,False,scenario_baseline
265.0,NODE_10273,3846533030,12,5,gGGrrrrrrrrrG,G,True,False,0,,8.0,273.0,False,False,scenario_baseline
265.5,LINK_212169,11449716078,5,3,rrgGGrG,r,False,False,0,,7.5,273.0,False,False,scenario_baseline
265.5,NODE_8452,3846603653,2,2,rrG,G,True,True,0,,4.5,270.0,False,False,scenario_baseline
265.5,NODE_6082,11449716078,5,3,rrgGGrG,r,False,False,0,,7.5,273.0,False,False,scenario_baseline
265.5,NODE_6123,7300992884,5,4,rrrrrGr,G,True,True,0,,4.5,270.0,False,False,scenario_baseline
265.5,NODE_8426,3849142980,16,11,rrrrrrrrgggGrrrrrrrr,r,False,False,0,,1.5,267.0,False,False,scenario_baseline
265.5,NODE_74388,436883130,16,5,rrrrGGggrrrrGGggr,r,False,False,0,,11.5,277.0,False,False,scenario_baseline
265.5,NODE_10273,3846533030,12,5,gGGrrrrrrrrrG,G,True,False,0,,7.5,273.0,False,False,scenario_baseline
266.0,LINK_212169,11449716078,5,3,rrgGGrG,r,False,False,0,,7.0,273.0,False,False,scenario_baseline
266.0,NODE_8452,3846603653,2,2,rrG,G,True,True,0,,4.0,270.0,False,False,scenario_baseline
266.0,NODE_6082,11449716078,5,3,rrgGGrG,r,False,False,0,,7.0,273.0,False,False,scenario_baseline
266.0,NODE_6123,7300992884,5,4,rrrrrGr,G,True,True,0,,4.0,270.0,False,False,scenario_baseline
266.0,NODE_8426,3849142980,16,11,rrrrrrrrgggGrrrrrrrr,r,False,False,0,,1.0,267.0,False,False,scenario_baseline
266.0,NODE_74388,436883130,16,5,rrrrGGggrrrrGGggr,r,False,False,0,,11.0,277.0,False,False,scenario_baseline
266.0,NODE_10273,3846533030,12,5,gGGrrrrrrrrrG,G,True,False,0,,7.0,273.0,False,False,scenario_baseline
266.5,LINK_212169,11449716078,5,3,rrgGGrG,r,False,False,0,,6.5,273.0,False,False,scenario_baseline
266.5,NODE_8452,3846603653,2,2,rrG,G,True,True,0,,3.5,270.0,False,False,scenario_baseline
266.5,NODE_6082,11449716078,5,3,rrgGGrG,r,False,False,0,,6.5,273.0,False,False,scenario_baseline
266.5,NODE_6123,7300992884,5,4,rrrrrGr,G,True,True,0,,3.5,270.0,False,False,scenario_baseline
266.5,NODE_8426,3849142980,16,11,rrrrrrrrgggGrrrrrrrr,r,False,False,0,,0.5,267.0,False,False,scenario_baseline
266.5,NODE_74388,436883130,16,5,rrrrGGggrrrrGGggr,r,False,False,0,,10.5,277.0,False,False,scenario_baseline
266.5,NODE_10273,3846533030,12,5,gGGrrrrrrrrrG,G,True,False,0,,6.5,273.0,False,False,scenario_baseline
267.0,LINK_212169,11449716078,5,3,rrgGGrG,r,False,False,0,,6.0,273.0,False,False,scenario_baseline
267.0,NODE_8452,3846603653,2,2,rrG,G,True,True,0,,3.0,270.0,False,False,scenario_baseline
267.0,NODE_6082,11449716078,5,3,rrgGGrG,r,False,False,0,,6.0,273.0,False,False,scenario_baseline
267.0,NODE_6123,7300992884,5,4,rrrrrGr,G,True,True,0,,3.0,270.0,False,False,scenario_baseline
267.0,NODE_8426,3849142980,16,11,rrrrrrrrgggGrrrrrrrr,r,False,False,0,,0.0,267.0,False,False,scenario_baseline
267.0,NODE_74388,436883130,16,5,rrrrGGggrrrrGGggr,r,False,False,0,,10.0,277.0,False,False,scenario_baseline
267.0,NODE_10273,3846533030,12,5,gGGrrrrrrrrrG,G,True,False,0,,6.0,273.0,False,False,scenario_baseline
267.5,LINK_212169,11449716078,5,3,rrgGGrG,r,False,False,0,,5.5,273.0,False,False,scenario_baseline
267.5,NODE_8452,3846603653,2,2,rrG,G,True,True,0,,2.5,270.0,False,False,scenario_baseline
267.5,NODE_6082,11449716078,5,3,rrgGGrG,r,False,False,0,,5.5,273.0,False,False,scenario_baseline
267.5,NODE_6123,7300992884,5,4,rrrrrGr,G,True,True,0,,2.5,270.0,False,False,scenario_baseline
267.5,NODE_8426,3849142980,16,12,rrrrrrrryyyyrrrrrrrr,r,False,False,0,,2.5,270.0,False,False,scenario_baseline
267.5,NODE_74388,436883130,16,5,rrrrGGggrrrrGGggr,r,False,False,0,,9.5,277.0,False,False,scenario_baseline
267.5,NODE_10273,3846533030,12,5,gGGrrrrrrrrrG,G,True,False,0,,5.5,273.0,False,False,scenario_baseline
268.0,LINK_212169,11449716078,5,3,rrgGGrG,r,False,False,0,,5.0,273.0,False,False,scenario_baseline
268.0,NODE_8452,3846603653,2,2,rrG,G,True,True,0,,2.0,270.0,False,False,scenario_baseline
268.0,NODE_6082,11449716078,5,3,rrgGGrG,r,False,False,0,,5.0,273.0,False,False,scenario_baseline
268.0,NODE_6123,7300992884,5,4,rrrrrGr,G,True,True,0,,2.0,270.0,False,False,scenario_baseline
268.0,NODE_8426,3849142980,16,12,rrrrrrrryyyyrrrrrrrr,r,False,False,0,,2.0,270.0,False,False,scenario_baseline
268.0,NODE_74388,436883130,16,5,rrrrGGggrrrrGGggr,r,False,False,0,,9.0,277.0,False,False,scenario_baseline
268.0,NODE_10273,3846533030,12,5,gGGrrrrrrrrrG,G,True,False,0,,5.0,273.0,False,False,scenario_baseline
268.5,LINK_212169,11449716078,5,3,rrgGGrG,r,False,False,0,,4.5,273.0,False,False,scenario_baseline
268.5,NODE_8452,3846603653,2,2,rrG,G,True,True,0,,1.5,270.0,False,False,scenario_baseline
268.5,NODE_6082,11449716078,5,3,rrgGGrG,r,False,False,0,,4.5,273.0,False,False,scenario_baseline
268.5,NODE_6123,7300992884,5,4,rrrrrGr,G,True,True,0,,1.5,270.0,False,False,scenario_baseline
268.5,NODE_8426,3849142980,16,12,rrrrrrrryyyyrrrrrrrr,r,False,False,0,,1.5,270.0,False,False,scenario_baseline
268.5,NODE_74388,436883130,16,5,rrrrGGggrrrrGGggr,r,False,False,0,,8.5,277.0,False,False,scenario_baseline
268.5,NODE_10273,3846533030,12,5,gGGrrrrrrrrrG,G,True,False,0,,4.5,273.0,False,False,scenario_baseline
269.0,LINK_212169,11449716078,5,3,rrgGGrG,r,False,False,0,,4.0,273.0,False,False,scenario_baseline
269.0,NODE_8452,3846603653,2,2,rrG,G,True,True,0,,1.0,270.0,False,False,scenario_baseline
269.0,NODE_6082,11449716078,5,3,rrgGGrG,r,False,False,0,,4.0,273.0,False,False,scenario_baseline
269.0,NODE_6123,7300992884,5,4,rrrrrGr,G,True,True,0,,1.0,270.0,False,False,scenario_baseline
269.0,NODE_8426,3849142980,16,12,rrrrrrrryyyyrrrrrrrr,r,False,False,0,,1.0,270.0,False,False,scenario_baseline
269.0,NODE_74388,436883130,16,5,rrrrGGggrrrrGGggr,r,False,False,0,,8.0,277.0,False,False,scenario_baseline
269.0,NODE_10273,3846533030,12,5,gGGrrrrrrrrrG,G,True,False,0,,4.0,273.0,False,False,scenario_baseline
269.5,LINK_212169,11449716078,5,3,rrgGGrG,r,False,False,0,,3.5,273.0,False,False,scenario_baseline
269.5,NODE_8452,3846603653,2,2,rrG,G,True,True,0,,0.5,270.0,False,False,scenario_baseline
269.5,NODE_6082,11449716078,5,3,rrgGGrG,r,False,False,0,,3.5,273.0,False,False,scenario_baseline
269.5,NODE_6123,7300992884,5,4,rrrrrGr,G,True,True,0,,0.5,270.0,False,False,scenario_baseline
269.5,NODE_8426,3849142980,16,12,rrrrrrrryyyyrrrrrrrr,r,False,False,0,,0.5,270.0,False,False,scenario_baseline
269.5,NODE_74388,436883130,16,5,rrrrGGggrrrrGGggr,r,False,False,0,,7.5,277.0,False,False,scenario_baseline
269.5,NODE_10273,3846533030,12,5,gGGrrrrrrrrrG,G,True,False,0,,3.5,273.0,False,False,scenario_baseline
270.0,LINK_212169,11449716078,5,3,rrgGGrG,r,False,False,0,,3.0,273.0,False,False,scenario_baseline
270.0,NODE_8452,3846603653,2,2,rrG,G,True,True,0,,0.0,270.0,False,False,scenario_baseline
270.0,NODE_6082,11449716078,5,3,rrgGGrG,r,False,False,0,,3.0,273.0,False,False,scenario_baseline
270.0,NODE_6123,7300992884,5,4,rrrrrGr,G,True,True,0,,0.0,270.0,False,False,scenario_baseline
270.0,NODE_8426,3849142980,16,12,rrrrrrrryyyyrrrrrrrr,r,False,False,0,,0.0,270.0,False,False,scenario_baseline
270.0,NODE_74388,436883130,16,5,rrrrGGggrrrrGGggr,r,False,False,0,,7.0,277.0,False,False,scenario_baseline
270.0,NODE_10273,3846533030,12,5,gGGrrrrrrrrrG,G,True,False,0,,3.0,273.0,False,False,scenario_baseline
270.5,LINK_212169,11449716078,5,3,rrgGGrG,r,False,False,0,,2.5,273.0,False,False,scenario_baseline
270.5,NODE_8452,3846603653,2,0,GGr,r,False,False,0,,78.5,349.0,False,False,scenario_baseline
270.5,NODE_6082,11449716078,5,3,rrgGGrG,r,False,False,0,,2.5,273.0,False,False,scenario_baseline
270.5,NODE_6123,7300992884,5,0,GgGrrrr,r,False,False,0,,63.5,334.0,False,False,scenario_baseline
270.5,NODE_8426,3849142980,16,0,gggGrrrrrrrrrrrrrGGG,r,False,False,0,,13.5,284.0,False,False,scenario_baseline
270.5,NODE_74388,436883130,16,5,rrrrGGggrrrrGGggr,r,False,False,0,,6.5,277.0,False,False,scenario_baseline
270.5,NODE_10273,3846533030,12,5,gGGrrrrrrrrrG,G,True,False,0,,2.5,273.0,False,False,scenario_baseline
271.0,LINK_212169,11449716078,5,3,rrgGGrG,r,False,False,0,,2.0,273.0,False,False,scenario_baseline
271.0,NODE_8452,3846603653,2,0,GGr,r,False,False,0,,78.0,349.0,False,False,scenario_baseline
271.0,NODE_6082,11449716078,5,3,rrgGGrG,r,False,False,0,,2.0,273.0,False,False,scenario_baseline
271.0,NODE_6123,7300992884,5,0,GgGrrrr,r,False,False,0,,63.0,334.0,False,False,scenario_baseline
271.0,NODE_8426,3849142980,16,0,gggGrrrrrrrrrrrrrGGG,r,False,False,0,,13.0,284.0,False,False,scenario_baseline
271.0,NODE_74388,436883130,16,5,rrrrGGggrrrrGGggr,r,False,False,0,,6.0,277.0,False,False,scenario_baseline
271.0,NODE_10273,3846533030,12,5,gGGrrrrrrrrrG,G,True,False,0,,2.0,273.0,False,False,scenario_baseline
271.5,LINK_212169,11449716078,5,3,rrgGGrG,r,False,False,0,,1.5,273.0,False,False,scenario_baseline
271.5,NODE_8452,3846603653,2,0,GGr,r,False,False,0,,77.5,349.0,False,False,scenario_baseline
271.5,NODE_6082,11449716078,5,3,rrgGGrG,r,False,False,0,,1.5,273.0,False,False,scenario_baseline
271.5,NODE_6123,7300992884,5,0,GgGrrrr,r,False,False,0,,62.5,334.0,False,False,scenario_baseline
271.5,NODE_8426,3849142980,16,0,gggGrrrrrrrrrrrrrGGG,r,False,False,0,,12.5,284.0,False,False,scenario_baseline
271.5,NODE_74388,436883130,16,5,rrrrGGggrrrrGGggr,r,False,False,0,,5.5,277.0,False,False,scenario_baseline
271.5,NODE_10273,3846533030,12,5,gGGrrrrrrrrrG,G,True,False,0,,1.5,273.0,False,False,scenario_baseline
272.0,LINK_212169,11449716078,5,3,rrgGGrG,r,False,False,0,,1.0,273.0,False,False,scenario_baseline
272.0,NODE_8452,3846603653,2,0,GGr,r,False,False,0,,77.0,349.0,False,False,scenario_baseline
272.0,NODE_6082,11449716078,5,3,rrgGGrG,r,False,False,0,,1.0,273.0,False,False,scenario_baseline
272.0,NODE_6123,7300992884,5,0,GgGrrrr,r,False,False,0,,62.0,334.0,False,False,scenario_baseline
272.0,NODE_8426,3849142980,16,0,gggGrrrrrrrrrrrrrGGG,r,False,False,0,,12.0,284.0,False,False,scenario_baseline
272.0,NODE_74388,436883130,16,5,rrrrGGggrrrrGGggr,r,False,False,0,,5.0,277.0,False,False,scenario_baseline
272.0,NODE_10273,3846533030,12,5,gGGrrrrrrrrrG,G,True,False,0,,1.0,273.0,False,False,scenario_baseline
272.5,LINK_212169,11449716078,5,3,rrgGGrG,r,False,False,0,,0.5,273.0,False,False,scenario_baseline
272.5,NODE_8452,3846603653,2,0,GGr,r,False,False,0,,76.5,349.0,False,False,scenario_baseline
272.5,NODE_6082,11449716078,5,3,rrgGGrG,r,False,False,0,,0.5,273.0,False,False,scenario_baseline
272.5,NODE_6123,7300992884,5,0,GgGrrrr,r,False,False,0,,61.5,334.0,False,False,scenario_baseline
272.5,NODE_8426,3849142980,16,0,gggGrrrrrrrrrrrrrGGG,r,False,False,0,,11.5,284.0,False,False,scenario_baseline
272.5,NODE_74388,436883130,16,5,rrrrGGggrrrrGGggr,r,False,False,0,,4.5,277.0,False,False,scenario_baseline
272.5,NODE_10273,3846533030,12,5,gGGrrrrrrrrrG,G,True,False,0,,0.5,273.0,False,False,scenario_baseline
273.0,LINK_212169,11449716078,5,3,rrgGGrG,r,False,False,0,,0.0,273.0,False,False,scenario_baseline
273.0,NODE_8452,3846603653,2,0,GGr,r,False,False,0,,76.0,349.0,False,False,scenario_baseline
273.0,NODE_6082,11449716078,5,3,rrgGGrG,r,False,False,0,,0.0,273.0,False,False,scenario_baseline
273.0,NODE_6123,7300992884,5,0,GgGrrrr,r,False,False,0,,61.0,334.0,False,False,scenario_baseline
273.0,NODE_8426,3849142980,16,0,gggGrrrrrrrrrrrrrGGG,r,False,False,0,,11.0,284.0,False,False,scenario_baseline
273.0,NODE_74388,436883130,16,5,rrrrGGggrrrrGGggr,r,False,False,0,,4.0,277.0,False,False,scenario_baseline
273.0,NODE_10273,3846533030,12,5,gGGrrrrrrrrrG,G,True,False,0,,0.0,273.0,False,False,scenario_baseline
273.5,LINK_212169,11449716078,5,4,rrgGGrr,r,False,False,0,,2.5,276.0,False,False,scenario_baseline
273.5,NODE_8452,3846603653,2,0,GGr,r,False,False,0,,75.5,349.0,False,False,scenario_baseline
273.5,NODE_6082,11449716078,5,4,rrgGGrr,r,False,False,0,,2.5,276.0,False,False,scenario_baseline
273.5,NODE_6123,7300992884,5,0,GgGrrrr,r,False,False,0,,60.5,334.0,False,False,scenario_baseline
273.5,NODE_8426,3849142980,16,0,gggGrrrrrrrrrrrrrGGG,r,False,False,0,,10.5,284.0,False,False,scenario_baseline
273.5,NODE_74388,436883130,16,5,rrrrGGggrrrrGGggr,r,False,False,0,,3.5,277.0,False,False,scenario_baseline
273.5,NODE_10273,3846533030,12,6,gGGrrrrrrrrrr,r,False,False,0,,2.5,276.0,False,False,scenario_baseline
274.0,LINK_212169,11449716078,5,4,rrgGGrr,r,False,False,0,,2.0,276.0,False,False,scenario_baseline
274.0,NODE_8452,3846603653,2,0,GGr,r,False,False,0,,75.0,349.0,False,False,scenario_baseline
274.0,NODE_6082,11449716078,5,4,rrgGGrr,r,False,False,0,,2.0,276.0,False,False,scenario_baseline
274.0,NODE_6123,7300992884,5,0,GgGrrrr,r,False,False,0,,60.0,334.0,False,False,scenario_baseline
274.0,NODE_8426,3849142980,16,0,gggGrrrrrrrrrrrrrGGG,r,False,False,0,,10.0,284.0,False,False,scenario_baseline
274.0,NODE_74388,436883130,16,5,rrrrGGggrrrrGGggr,r,False,False,0,,3.0,277.0,False,False,scenario_baseline
274.0,NODE_10273,3846533030,12,6,gGGrrrrrrrrrr,r,False,False,0,,2.0,276.0,False,False,scenario_baseline
274.5,LINK_212169,11449716078,5,4,rrgGGrr,r,False,False,0,,1.5,276.0,False,False,scenario_baseline
274.5,NODE_8452,3846603653,2,0,GGr,r,False,False,0,,74.5,349.0,False,False,scenario_baseline
274.5,NODE_6082,11449716078,5,4,rrgGGrr,r,False,False,0,,1.5,276.0,False,False,scenario_baseline
274.5,NODE_6123,7300992884,5,0,GgGrrrr,r,False,False,0,,59.5,334.0,False,False,scenario_baseline
274.5,NODE_8426,3849142980,16,0,gggGrrrrrrrrrrrrrGGG,r,False,False,0,,9.5,284.0,False,False,scenario_baseline
274.5,NODE_74388,436883130,16,5,rrrrGGggrrrrGGggr,r,False,False,0,,2.5,277.0,False,False,scenario_baseline
274.5,NODE_10273,3846533030,12,6,gGGrrrrrrrrrr,r,False,False,0,,1.5,276.0,False,False,scenario_baseline
275.0,LINK_212169,11449716078,5,4,rrgGGrr,r,False,False,0,,1.0,276.0,False,False,scenario_baseline
275.0,NODE_8452,3846603653,2,0,GGr,r,False,False,0,,74.0,349.0,False,False,scenario_baseline
275.0,NODE_6082,11449716078,5,4,rrgGGrr,r,False,False,0,,1.0,276.0,False,False,scenario_baseline
275.0,NODE_6123,7300992884,5,0,GgGrrrr,r,False,False,0,,59.0,334.0,False,False,scenario_baseline
275.0,NODE_8426,3849142980,16,0,gggGrrrrrrrrrrrrrGGG,r,False,False,0,,9.0,284.0,False,False,scenario_baseline
275.0,NODE_74388,436883130,16,5,rrrrGGggrrrrGGggr,r,False,False,0,,2.0,277.0,False,False,scenario_baseline
275.0,NODE_10273,3846533030,12,6,gGGrrrrrrrrrr,r,False,False,0,,1.0,276.0,False,False,scenario_baseline
275.5,LINK_212169,11449716078,5,4,rrgGGrr,r,False,False,0,,0.5,276.0,False,False,scenario_baseline
275.5,NODE_8452,3846603653,2,0,GGr,r,False,False,0,,73.5,349.0,False,False,scenario_baseline
275.5,NODE_6082,11449716078,5,4,rrgGGrr,r,False,False,0,,0.5,276.0,False,False,scenario_baseline
275.5,NODE_6123,7300992884,5,0,GgGrrrr,r,False,False,0,,58.5,334.0,False,False,scenario_baseline
275.5,NODE_8426,3849142980,16,0,gggGrrrrrrrrrrrrrGGG,r,False,False,0,,8.5,284.0,False,False,scenario_baseline
275.5,NODE_74388,436883130,16,5,rrrrGGggrrrrGGggr,r,False,False,0,,1.5,277.0,False,False,scenario_baseline
275.5,NODE_10273,3846533030,12,6,gGGrrrrrrrrrr,r,False,False,0,,0.5,276.0,False,False,scenario_baseline
276.0,LINK_212169,11449716078,5,4,rrgGGrr,r,False,False,0,,0.0,276.0,False,False,scenario_baseline
276.0,NODE_8452,3846603653,2,0,GGr,r,False,False,0,,73.0,349.0,False,False,scenario_baseline
276.0,NODE_6082,11449716078,5,4,rrgGGrr,r,False,False,0,,0.0,276.0,False,False,scenario_baseline
276.0,NODE_6123,7300992884,5,0,GgGrrrr,r,False,False,0,,58.0,334.0,False,False,scenario_baseline
276.0,NODE_8426,3849142980,16,0,gggGrrrrrrrrrrrrrGGG,r,False,False,0,,8.0,284.0,False,False,scenario_baseline
276.0,NODE_74388,436883130,16,5,rrrrGGggrrrrGGggr,r,False,False,0,,1.0,277.0,False,False,scenario_baseline
276.0,NODE_10273,3846533030,12,6,gGGrrrrrrrrrr,r,False,False,0,,0.0,276.0,False,False,scenario_baseline
276.5,LINK_212169,11449716078,5,5,rryyyrr,r,False,False,0,,5.5,282.0,False,False,scenario_baseline
276.5,NODE_8452,3846603653,2,0,GGr,r,False,False,0,,72.5,349.0,False,False,scenario_baseline
276.5,NODE_6082,11449716078,5,5,rryyyrr,r,False,False,0,,5.5,282.0,False,False,scenario_baseline
276.5,NODE_6123,7300992884,5,0,GgGrrrr,r,False,False,0,,57.5,334.0,False,False,scenario_baseline
276.5,NODE_8426,3849142980,16,0,gggGrrrrrrrrrrrrrGGG,r,False,False,0,,7.5,284.0,False,False,scenario_baseline
276.5,NODE_74388,436883130,16,5,rrrrGGggrrrrGGggr,r,False,False,0,,0.5,277.0,False,False,scenario_baseline
276.5,NODE_10273,3846533030,12,7,yyyrrrrrrrrrr,r,False,False,0,,5.5,282.0,False,False,scenario_baseline
277.0,LINK_212169,11449716078,5,5,rryyyrr,r,False,False,0,,5.0,282.0,False,False,scenario_baseline
277.0,NODE_8452,3846603653,2,0,GGr,r,False,False,0,,72.0,349.0,False,False,scenario_baseline
277.0,NODE_6082,11449716078,5,5,rryyyrr,r,False,False,0,,5.0,282.0,False,False,scenario_baseline
277.0,NODE_6123,7300992884,5,0,GgGrrrr,r,False,False,0,,57.0,334.0,False,False,scenario_baseline
277.0,NODE_8426,3849142980,16,0,gggGrrrrrrrrrrrrrGGG,r,False,False,0,,7.0,284.0,False,False,scenario_baseline
277.0,NODE_74388,436883130,16,5,rrrrGGggrrrrGGggr,r,False,False,0,,0.0,277.0,False,False,scenario_baseline
277.0,NODE_10273,3846533030,12,7,yyyrrrrrrrrrr,r,False,False,0,,5.0,282.0,False,False,scenario_baseline
277.5,LINK_212169,11449716078,5,5,rryyyrr,r,False,False,0,,4.5,282.0,False,False,scenario_baseline
277.5,NODE_8452,3846603653,2,0,GGr,r,False,False,0,,71.5,349.0,False,False,scenario_baseline
277.5,NODE_6082,11449716078,5,5,rryyyrr,r,False,False,0,,4.5,282.0,False,False,scenario_baseline
277.5,NODE_6123,7300992884,5,0,GgGrrrr,r,False,False,0,,56.5,334.0,False,False,scenario_baseline
277.5,NODE_8426,3849142980,16,0,gggGrrrrrrrrrrrrrGGG,r,False,False,0,,6.5,284.0,False,False,scenario_baseline
277.5,NODE_74388,436883130,16,6,rrrryyyyrrrryyyyr,r,False,False,0,,4.5,282.0,False,False,scenario_baseline
277.5,NODE_10273,3846533030,12,7,yyyrrrrrrrrrr,r,False,False,0,,4.5,282.0,False,False,scenario_baseline
278.0,LINK_212169,11449716078,5,5,rryyyrr,r,False,False,0,,4.0,282.0,False,False,scenario_baseline
278.0,NODE_8452,3846603653,2,0,GGr,r,False,False,0,,71.0,349.0,False,False,scenario_baseline
278.0,NODE_6082,11449716078,5,5,rryyyrr,r,False,False,0,,4.0,282.0,False,False,scenario_baseline
278.0,NODE_6123,7300992884,5,0,GgGrrrr,r,False,False,0,,56.0,334.0,False,False,scenario_baseline
278.0,NODE_8426,3849142980,16,0,gggGrrrrrrrrrrrrrGGG,r,False,False,0,,6.0,284.0,False,False,scenario_baseline
278.0,NODE_74388,436883130,16,6,rrrryyyyrrrryyyyr,r,False,False,0,,4.0,282.0,False,False,scenario_baseline
278.0,NODE_10273,3846533030,12,7,yyyrrrrrrrrrr,r,False,False,0,,4.0,282.0,False,False,scenario_baseline
278.5,LINK_212169,11449716078,5,5,rryyyrr,r,False,False,0,,3.5,282.0,False,False,scenario_baseline
278.5,NODE_8452,3846603653,2,0,GGr,r,False,False,0,,70.5,349.0,False,False,scenario_baseline
278.5,NODE_6082,11449716078,5,5,rryyyrr,r,False,False,0,,3.5,282.0,False,False,scenario_baseline
278.5,NODE_6123,7300992884,5,0,GgGrrrr,r,False,False,0,,55.5,334.0,False,False,scenario_baseline
278.5,NODE_8426,3849142980,16,0,gggGrrrrrrrrrrrrrGGG,r,False,False,0,,5.5,284.0,False,False,scenario_baseline
278.5,NODE_74388,436883130,16,6,rrrryyyyrrrryyyyr,r,False,False,0,,3.5,282.0,False,False,scenario_baseline
278.5,NODE_10273,3846533030,12,7,yyyrrrrrrrrrr,r,False,False,0,,3.5,282.0,False,False,scenario_baseline
279.0,LINK_212169,11449716078,5,5,rryyyrr,r,False,False,0,,3.0,282.0,False,False,scenario_baseline
279.0,NODE_8452,3846603653,2,0,GGr,r,False,False,0,,70.0,349.0,False,False,scenario_baseline
279.0,NODE_6082,11449716078,5,5,rryyyrr,r,False,False,0,,3.0,282.0,False,False,scenario_baseline
279.0,NODE_6123,7300992884,5,0,GgGrrrr,r,False,False,0,,55.0,334.0,False,False,scenario_baseline
279.0,NODE_8426,3849142980,16,0,gggGrrrrrrrrrrrrrGGG,r,False,False,0,,5.0,284.0,False,False,scenario_baseline
279.0,NODE_74388,436883130,16,6,rrrryyyyrrrryyyyr,r,False,False,0,,3.0,282.0,False,False,scenario_baseline
279.0,NODE_10273,3846533030,12,7,yyyrrrrrrrrrr,r,False,False,0,,3.0,282.0,False,False,scenario_baseline
279.5,LINK_212169,11449716078,5,5,rryyyrr,r,False,False,0,,2.5,282.0,False,False,scenario_baseline
279.5,NODE_8452,3846603653,2,0,GGr,r,False,False,0,,69.5,349.0,False,False,scenario_baseline
279.5,NODE_6082,11449716078,5,5,rryyyrr,r,False,False,0,,2.5,282.0,False,False,scenario_baseline
279.5,NODE_6123,7300992884,5,0,GgGrrrr,r,False,False,0,,54.5,334.0,False,False,scenario_baseline
279.5,NODE_8426,3849142980,16,0,gggGrrrrrrrrrrrrrGGG,r,False,False,0,,4.5,284.0,False,False,scenario_baseline
279.5,NODE_74388,436883130,16,6,rrrryyyyrrrryyyyr,r,False,False,0,,2.5,282.0,False,False,scenario_baseline
279.5,NODE_10273,3846533030,12,7,yyyrrrrrrrrrr,r,False,False,0,,2.5,282.0,False,False,scenario_baseline
280.0,LINK_212169,11449716078,5,5,rryyyrr,r,False,False,0,,2.0,282.0,False,False,scenario_baseline
280.0,NODE_8452,3846603653,2,0,GGr,r,False,False,0,,69.0,349.0,False,False,scenario_baseline
280.0,NODE_6082,11449716078,5,5,rryyyrr,r,False,False,0,,2.0,282.0,False,False,scenario_baseline
280.0,NODE_6123,7300992884,5,0,GgGrrrr,r,False,False,0,,54.0,334.0,False,False,scenario_baseline
280.0,NODE_8426,3849142980,16,0,gggGrrrrrrrrrrrrrGGG,r,False,False,0,,4.0,284.0,False,False,scenario_baseline
280.0,NODE_74388,436883130,16,6,rrrryyyyrrrryyyyr,r,False,False,0,,2.0,282.0,False,False,scenario_baseline
280.0,NODE_10273,3846533030,12,7,yyyrrrrrrrrrr,r,False,False,0,,2.0,282.0,False,False,scenario_baseline
280.5,LINK_212169,11449716078,5,5,rryyyrr,r,False,False,0,,1.5,282.0,False,False,scenario_baseline
280.5,NODE_8452,3846603653,2,0,GGr,r,False,False,0,,68.5,349.0,False,False,scenario_baseline
280.5,NODE_6082,11449716078,5,5,rryyyrr,r,False,False,0,,1.5,282.0,False,False,scenario_baseline
280.5,NODE_6123,7300992884,5,0,GgGrrrr,r,False,False,0,,53.5,334.0,False,False,scenario_baseline
280.5,NODE_8426,3849142980,16,0,gggGrrrrrrrrrrrrrGGG,r,False,False,0,,3.5,284.0,False,False,scenario_baseline
280.5,NODE_74388,436883130,16,6,rrrryyyyrrrryyyyr,r,False,False,0,,1.5,282.0,False,False,scenario_baseline
280.5,NODE_10273,3846533030,12,7,yyyrrrrrrrrrr,r,False,False,0,,1.5,282.0,False,False,scenario_baseline
281.0,LINK_212169,11449716078,5,5,rryyyrr,r,False,False,0,,1.0,282.0,False,False,scenario_baseline
281.0,NODE_8452,3846603653,2,0,GGr,r,False,False,0,,68.0,349.0,False,False,scenario_baseline
281.0,NODE_6082,11449716078,5,5,rryyyrr,r,False,False,0,,1.0,282.0,False,False,scenario_baseline
281.0,NODE_6123,7300992884,5,0,GgGrrrr,r,False,False,0,,53.0,334.0,False,False,scenario_baseline
281.0,NODE_8426,3849142980,16,0,gggGrrrrrrrrrrrrrGGG,r,False,False,0,,3.0,284.0,False,False,scenario_baseline
281.0,NODE_74388,436883130,16,6,rrrryyyyrrrryyyyr,r,False,False,0,,1.0,282.0,False,False,scenario_baseline
281.0,NODE_10273,3846533030,12,7,yyyrrrrrrrrrr,r,False,False,0,,1.0,282.0,False,False,scenario_baseline
281.5,LINK_212169,11449716078,5,5,rryyyrr,r,False,False,0,,0.5,282.0,False,False,scenario_baseline
281.5,NODE_8452,3846603653,2,0,GGr,r,False,False,0,,67.5,349.0,False,False,scenario_baseline
281.5,NODE_6082,11449716078,5,5,rryyyrr,r,False,False,0,,0.5,282.0,False,False,scenario_baseline
281.5,NODE_6123,7300992884,5,0,GgGrrrr,r,False,False,0,,52.5,334.0,False,False,scenario_baseline
281.5,NODE_8426,3849142980,16,0,gggGrrrrrrrrrrrrrGGG,r,False,False,0,,2.5,284.0,False,False,scenario_baseline
281.5,NODE_74388,436883130,16,6,rrrryyyyrrrryyyyr,r,False,False,0,,0.5,282.0,False,False,scenario_baseline
281.5,NODE_10273,3846533030,12,7,yyyrrrrrrrrrr,r,False,False,0,,0.5,282.0,False,False,scenario_baseline
282.0,LINK_212169,11449716078,5,5,rryyyrr,r,False,False,0,,0.0,282.0,False,False,scenario_baseline
282.0,NODE_8452,3846603653,2,0,GGr,r,False,False,0,,67.0,349.0,False,False,scenario_baseline
282.0,NODE_6082,11449716078,5,5,rryyyrr,r,False,False,0,,0.0,282.0,False,False,scenario_baseline
282.0,NODE_6123,7300992884,5,0,GgGrrrr,r,False,False,0,,52.0,334.0,False,False,scenario_baseline
282.0,NODE_8426,3849142980,16,0,gggGrrrrrrrrrrrrrGGG,r,False,False,0,,2.0,284.0,False,False,scenario_baseline
282.0,NODE_74388,436883130,16,6,rrrryyyyrrrryyyyr,r,False,False,0,,0.0,282.0,False,False,scenario_baseline
282.0,NODE_10273,3846533030,12,7,yyyrrrrrrrrrr,r,False,False,0,,0.0,282.0,False,False,scenario_baseline
282.5,LINK_212169,11449716078,5,6,rrrrrGr,G,True,True,0,,5.5,288.0,False,False,scenario_baseline
282.5,NODE_8452,3846603653,2,0,GGr,r,False,False,0,,66.5,349.0,False,False,scenario_baseline
282.5,NODE_6082,11449716078,5,6,rrrrrGr,G,True,True,0,,5.5,288.0,False,False,scenario_baseline
282.5,NODE_6123,7300992884,5,0,GgGrrrr,r,False,False,0,,51.5,334.0,False,False,scenario_baseline
282.5,NODE_8426,3849142980,16,0,gggGrrrrrrrrrrrrrGGG,r,False,False,0,,1.5,284.0,False,False,scenario_baseline
282.5,NODE_74388,436883130,16,7,rrrrrrrrrrrrrrrrG,G,True,True,0,,5.5,288.0,False,False,scenario_baseline
282.5,NODE_10273,3846533030,12,8,rrrrrrrrrrrrG,G,True,True,0,,5.5,288.0,False,False,scenario_baseline
283.0,LINK_212169,11449716078,5,6,rrrrrGr,G,True,True,0,,5.0,288.0,False,False,scenario_baseline
283.0,NODE_8452,3846603653,2,0,GGr,r,False,False,0,,66.0,349.0,False,False,scenario_baseline
283.0,NODE_6082,11449716078,5,6,rrrrrGr,G,True,True,0,,5.0,288.0,False,False,scenario_baseline
283.0,NODE_6123,7300992884,5,0,GgGrrrr,r,False,False,0,,51.0,334.0,False,False,scenario_baseline
283.0,NODE_8426,3849142980,16,0,gggGrrrrrrrrrrrrrGGG,r,False,False,0,,1.0,284.0,False,False,scenario_baseline
283.0,NODE_74388,436883130,16,7,rrrrrrrrrrrrrrrrG,G,True,True,0,,5.0,288.0,False,False,scenario_baseline
283.0,NODE_10273,3846533030,12,8,rrrrrrrrrrrrG,G,True,True,0,,5.0,288.0,False,False,scenario_baseline
283.5,LINK_212169,11449716078,5,6,rrrrrGr,G,True,True,0,,4.5,288.0,False,False,scenario_baseline
283.5,NODE_8452,3846603653,2,0,GGr,r,False,False,0,,65.5,349.0,False,False,scenario_baseline
283.5,NODE_6082,11449716078,5,6,rrrrrGr,G,True,True,0,,4.5,288.0,False,False,scenario_baseline
283.5,NODE_6123,7300992884,5,0,GgGrrrr,r,False,False,0,,50.5,334.0,False,False,scenario_baseline
283.5,NODE_8426,3849142980,16,0,gggGrrrrrrrrrrrrrGGG,r,False,False,0,,0.5,284.0,False,False,scenario_baseline
283.5,NODE_74388,436883130,16,7,rrrrrrrrrrrrrrrrG,G,True,True,0,,4.5,288.0,False,False,scenario_baseline
283.5,NODE_10273,3846533030,12,8,rrrrrrrrrrrrG,G,True,True,0,,4.5,288.0,False,False,scenario_baseline
284.0,LINK_212169,11449716078,5,6,rrrrrGr,G,True,True,0,,4.0,288.0,False,False,scenario_baseline
284.0,NODE_8452,3846603653,2,0,GGr,r,False,False,0,,65.0,349.0,False,False,scenario_baseline
284.0,NODE_6082,11449716078,5,6,rrrrrGr,G,True,True,0,,4.0,288.0,False,False,scenario_baseline
284.0,NODE_6123,7300992884,5,0,GgGrrrr,r,False,False,0,,50.0,334.0,False,False,scenario_baseline
284.0,NODE_8426,3849142980,16,0,gggGrrrrrrrrrrrrrGGG,r,False,False,0,,0.0,284.0,False,False,scenario_baseline
284.0,NODE_74388,436883130,16,7,rrrrrrrrrrrrrrrrG,G,True,True,0,,4.0,288.0,False,False,scenario_baseline
284.0,NODE_10273,3846533030,12,8,rrrrrrrrrrrrG,G,True,True,0,,4.0,288.0,False,False,scenario_baseline
284.5,LINK_212169,11449716078,5,6,rrrrrGr,G,True,True,0,,3.5,288.0,False,False,scenario_baseline
284.5,NODE_8452,3846603653,2,0,GGr,r,False,False,0,,64.5,349.0,False,False,scenario_baseline
284.5,NODE_6082,11449716078,5,6,rrrrrGr,G,True,True,0,,3.5,288.0,False,False,scenario_baseline
284.5,NODE_6123,7300992884,5,0,GgGrrrr,r,False,False,0,,49.5,334.0,False,False,scenario_baseline
284.5,NODE_8426,3849142980,16,1,gggGrrrrrrrrrrrrrrrr,r,False,False,0,,2.5,287.0,False,False,scenario_baseline
284.5,NODE_74388,436883130,16,7,rrrrrrrrrrrrrrrrG,G,True,True,0,,3.5,288.0,False,False,scenario_baseline
284.5,NODE_10273,3846533030,12,8,rrrrrrrrrrrrG,G,True,True,0,,3.5,288.0,False,False,scenario_baseline
285.0,LINK_212169,11449716078,5,6,rrrrrGr,G,True,True,0,,3.0,288.0,False,False,scenario_baseline
285.0,NODE_8452,3846603653,2,0,GGr,r,False,False,0,,64.0,349.0,False,False,scenario_baseline
285.0,NODE_6082,11449716078,5,6,rrrrrGr,G,True,True,0,,3.0,288.0,False,False,scenario_baseline
285.0,NODE_6123,7300992884,5,0,GgGrrrr,r,False,False,0,,49.0,334.0,False,False,scenario_baseline
285.0,NODE_8426,3849142980,16,1,gggGrrrrrrrrrrrrrrrr,r,False,False,0,,2.0,287.0,False,False,scenario_baseline
285.0,NODE_74388,436883130,16,7,rrrrrrrrrrrrrrrrG,G,True,True,0,,3.0,288.0,False,False,scenario_baseline
285.0,NODE_10273,3846533030,12,8,rrrrrrrrrrrrG,G,True,True,0,,3.0,288.0,False,False,scenario_baseline
285.5,LINK_212169,11449716078,5,6,rrrrrGr,G,True,True,0,,2.5,288.0,False,False,scenario_baseline
285.5,NODE_8452,3846603653,2,0,GGr,r,False,False,0,,63.5,349.0,False,False,scenario_baseline
285.5,NODE_6082,11449716078,5,6,rrrrrGr,G,True,True,0,,2.5,288.0,False,False,scenario_baseline
285.5,NODE_6123,7300992884,5,0,GgGrrrr,r,False,False,0,,48.5,334.0,False,False,scenario_baseline
285.5,NODE_8426,3849142980,16,1,gggGrrrrrrrrrrrrrrrr,r,False,False,0,,1.5,287.0,False,False,scenario_baseline
285.5,NODE_74388,436883130,16,7,rrrrrrrrrrrrrrrrG,G,True,True,0,,2.5,288.0,False,False,scenario_baseline
285.5,NODE_10273,3846533030,12,8,rrrrrrrrrrrrG,G,True,True,0,,2.5,288.0,False,False,scenario_baseline
286.0,LINK_212169,11449716078,5,6,rrrrrGr,G,True,True,0,,2.0,288.0,False,False,scenario_baseline
286.0,NODE_8452,3846603653,2,0,GGr,r,False,False,0,,63.0,349.0,False,False,scenario_baseline
286.0,NODE_6082,11449716078,5,6,rrrrrGr,G,True,True,0,,2.0,288.0,False,False,scenario_baseline
286.0,NODE_6123,7300992884,5,0,GgGrrrr,r,False,False,0,,48.0,334.0,False,False,scenario_baseline
286.0,NODE_8426,3849142980,16,1,gggGrrrrrrrrrrrrrrrr,r,False,False,0,,1.0,287.0,False,False,scenario_baseline
286.0,NODE_74388,436883130,16,7,rrrrrrrrrrrrrrrrG,G,True,True,0,,2.0,288.0,False,False,scenario_baseline
286.0,NODE_10273,3846533030,12,8,rrrrrrrrrrrrG,G,True,True,0,,2.0,288.0,False,False,scenario_baseline
286.5,LINK_212169,11449716078,5,6,rrrrrGr,G,True,True,0,,1.5,288.0,False,False,scenario_baseline
286.5,NODE_8452,3846603653,2,0,GGr,r,False,False,0,,62.5,349.0,False,False,scenario_baseline
286.5,NODE_6082,11449716078,5,6,rrrrrGr,G,True,True,0,,1.5,288.0,False,False,scenario_baseline
286.5,NODE_6123,7300992884,5,0,GgGrrrr,r,False,False,0,,47.5,334.0,False,False,scenario_baseline
286.5,NODE_8426,3849142980,16,1,gggGrrrrrrrrrrrrrrrr,r,False,False,0,,0.5,287.0,False,False,scenario_baseline
286.5,NODE_74388,436883130,16,7,rrrrrrrrrrrrrrrrG,G,True,True,0,,1.5,288.0,False,False,scenario_baseline
286.5,NODE_10273,3846533030,12,8,rrrrrrrrrrrrG,G,True,True,0,,1.5,288.0,False,False,scenario_baseline
287.0,LINK_212169,11449716078,5,6,rrrrrGr,G,True,True,0,,1.0,288.0,False,False,scenario_baseline
287.0,NODE_8452,3846603653,2,0,GGr,r,False,False,0,,62.0,349.0,False,False,scenario_baseline
287.0,NODE_6082,11449716078,5,6,rrrrrGr,G,True,True,0,,1.0,288.0,False,False,scenario_baseline
287.0,NODE_6123,7300992884,5,0,GgGrrrr,r,False,False,0,,47.0,334.0,False,False,scenario_baseline
287.0,NODE_8426,3849142980,16,1,gggGrrrrrrrrrrrrrrrr,r,False,False,0,,0.0,287.0,False,False,scenario_baseline
287.0,NODE_74388,436883130,16,7,rrrrrrrrrrrrrrrrG,G,True,True,0,,1.0,288.0,False,False,scenario_baseline
287.0,NODE_10273,3846533030,12,8,rrrrrrrrrrrrG,G,True,True,0,,1.0,288.0,False,False,scenario_baseline
287.5,LINK_212169,11449716078,5,6,rrrrrGr,G,True,True,0,,0.5,288.0,False,False,scenario_baseline
287.5,NODE_8452,3846603653,2,0,GGr,r,False,False,0,,61.5,349.0,False,False,scenario_baseline
287.5,NODE_6082,11449716078,5,6,rrrrrGr,G,True,True,0,,0.5,288.0,False,False,scenario_baseline
287.5,NODE_6123,7300992884,5,0,GgGrrrr,r,False,False,0,,46.5,334.0,False,False,scenario_baseline
287.5,NODE_8426,3849142980,16,2,yyyyrrrrrrrrrrrrrrrr,r,False,False,0,,2.5,290.0,False,False,scenario_baseline
287.5,NODE_74388,436883130,16,7,rrrrrrrrrrrrrrrrG,G,True,True,0,,0.5,288.0,False,False,scenario_baseline
287.5,NODE_10273,3846533030,12,8,rrrrrrrrrrrrG,G,True,True,0,,0.5,288.0,False,False,scenario_baseline
288.0,LINK_212169,11449716078,5,6,rrrrrGr,G,True,True,0,,0.0,288.0,False,False,scenario_baseline
288.0,NODE_8452,3846603653,2,0,GGr,r,False,False,0,,61.0,349.0,False,False,scenario_baseline
288.0,NODE_6082,11449716078,5,6,rrrrrGr,G,True,True,0,,0.0,288.0,False,False,scenario_baseline
288.0,NODE_6123,7300992884,5,0,GgGrrrr,r,False,False,0,,46.0,334.0,False,False,scenario_baseline
288.0,NODE_8426,3849142980,16,2,yyyyrrrrrrrrrrrrrrrr,r,False,False,0,,2.0,290.0,False,False,scenario_baseline
288.0,NODE_74388,436883130,16,7,rrrrrrrrrrrrrrrrG,G,True,True,0,,0.0,288.0,False,False,scenario_baseline
288.0,NODE_10273,3846533030,12,8,rrrrrrrrrrrrG,G,True,True,0,,0.0,288.0,False,False,scenario_baseline
288.5,LINK_212169,11449716078,5,0,gGrrrGr,G,True,False,0,,35.5,324.0,False,False,scenario_baseline
288.5,NODE_8452,3846603653,2,0,GGr,r,False,False,0,,60.5,349.0,False,False,scenario_baseline
288.5,NODE_6082,11449716078,5,0,gGrrrGr,G,True,False,0,,35.5,324.0,False,False,scenario_baseline
288.5,NODE_6123,7300992884,5,0,GgGrrrr,r,False,False,0,,45.5,334.0,False,False,scenario_baseline
288.5,NODE_8426,3849142980,16,2,yyyyrrrrrrrrrrrrrrrr,r,False,False,0,,1.5,290.0,False,False,scenario_baseline
288.5,NODE_74388,436883130,16,0,GGrrrrrrgGrrrrrrG,G,True,False,0,,31.5,320.0,False,False,scenario_baseline
288.5,NODE_10273,3846533030,12,0,rrrgGGgGGrrGr,r,False,False,0,,29.5,318.0,False,False,scenario_baseline
289.0,LINK_212169,11449716078,5,0,gGrrrGr,G,True,False,0,,35.0,324.0,False,False,scenario_baseline
289.0,NODE_8452,3846603653,2,0,GGr,r,False,False,0,,60.0,349.0,False,False,scenario_baseline
289.0,NODE_6082,11449716078,5,0,gGrrrGr,G,True,False,0,,35.0,324.0,False,False,scenario_baseline
289.0,NODE_6123,7300992884,5,0,GgGrrrr,r,False,False,0,,45.0,334.0,False,False,scenario_baseline
289.0,NODE_8426,3849142980,16,2,yyyyrrrrrrrrrrrrrrrr,r,False,False,0,,1.0,290.0,False,False,scenario_baseline
289.0,NODE_74388,436883130,16,0,GGrrrrrrgGrrrrrrG,G,True,False,0,,31.0,320.0,False,False,scenario_baseline
289.0,NODE_10273,3846533030,12,0,rrrgGGgGGrrGr,r,False,False,0,,29.0,318.0,False,False,scenario_baseline
289.5,LINK_212169,11449716078,5,0,gGrrrGr,G,True,False,0,,34.5,324.0,False,False,scenario_baseline
289.5,NODE_8452,3846603653,2,0,GGr,r,False,False,0,,59.5,349.0,False,False,scenario_baseline
289.5,NODE_6082,11449716078,5,0,gGrrrGr,G,True,False,0,,34.5,324.0,False,False,scenario_baseline
289.5,NODE_6123,7300992884,5,0,GgGrrrr,r,False,False,0,,44.5,334.0,False,False,scenario_baseline
289.5,NODE_8426,3849142980,16,2,yyyyrrrrrrrrrrrrrrrr,r,False,False,0,,0.5,290.0,False,False,scenario_baseline
289.5,NODE_74388,436883130,16,0,GGrrrrrrgGrrrrrrG,G,True,False,0,,30.5,320.0,False,False,scenario_baseline
289.5,NODE_10273,3846533030,12,0,rrrgGGgGGrrGr,r,False,False,0,,28.5,318.0,False,False,scenario_baseline
290.0,LINK_212169,11449716078,5,0,gGrrrGr,G,True,False,0,,34.0,324.0,False,False,scenario_baseline
290.0,NODE_8452,3846603653,2,0,GGr,r,False,False,0,,59.0,349.0,False,False,scenario_baseline
290.0,NODE_6082,11449716078,5,0,gGrrrGr,G,True,False,0,,34.0,324.0,False,False,scenario_baseline
290.0,NODE_6123,7300992884,5,0,GgGrrrr,r,False,False,0,,44.0,334.0,False,False,scenario_baseline
290.0,NODE_8426,3849142980,16,2,yyyyrrrrrrrrrrrrrrrr,r,False,False,0,,0.0,290.0,False,False,scenario_baseline
290.0,NODE_74388,436883130,16,0,GGrrrrrrgGrrrrrrG,G,True,False,0,,30.0,320.0,False,False,scenario_baseline
290.0,NODE_10273,3846533030,12,0,rrrgGGgGGrrGr,r,False,False,0,,28.0,318.0,False,False,scenario_baseline
290.5,LINK_212169,11449716078,5,0,gGrrrGr,G,True,False,0,,33.5,324.0,False,False,scenario_baseline
290.5,NODE_8452,3846603653,2,0,GGr,r,False,False,0,,58.5,349.0,False,False,scenario_baseline
290.5,NODE_6082,11449716078,5,0,gGrrrGr,G,True,False,0,,33.5,324.0,False,False,scenario_baseline
290.5,NODE_6123,7300992884,5,0,GgGrrrr,r,False,False,0,,43.5,334.0,False,False,scenario_baseline
290.5,NODE_8426,3849142980,16,3,rrrrgggGrrrrrrrrGrGG,G,True,False,0,,16.5,307.0,False,False,scenario_baseline
290.5,NODE_74388,436883130,16,0,GGrrrrrrgGrrrrrrG,G,True,False,0,,29.5,320.0,False,False,scenario_baseline
290.5,NODE_10273,3846533030,12,0,rrrgGGgGGrrGr,r,False,False,0,,27.5,318.0,False,False,scenario_baseline
291.0,LINK_212169,11449716078,5,0,gGrrrGr,G,True,False,0,,33.0,324.0,False,False,scenario_baseline
291.0,NODE_8452,3846603653,2,0,GGr,r,False,False,0,,58.0,349.0,False,False,scenario_baseline
291.0,NODE_6082,11449716078,5,0,gGrrrGr,G,True,False,0,,33.0,324.0,False,False,scenario_baseline
291.0,NODE_6123,7300992884,5,0,GgGrrrr,r,False,False,0,,43.0,334.0,False,False,scenario_baseline
291.0,NODE_8426,3849142980,16,3,rrrrgggGrrrrrrrrGrGG,G,True,False,0,,16.0,307.0,False,False,scenario_baseline
291.0,NODE_74388,436883130,16,0,GGrrrrrrgGrrrrrrG,G,True,False,0,,29.0,320.0,False,False,scenario_baseline
291.0,NODE_10273,3846533030,12,0,rrrgGGgGGrrGr,r,False,False,0,,27.0,318.0,False,False,scenario_baseline
291.5,LINK_212169,11449716078,5,0,gGrrrGr,G,True,False,0,,32.5,324.0,False,False,scenario_baseline
291.5,NODE_8452,3846603653,2,0,GGr,r,False,False,0,,57.5,349.0,False,False,scenario_baseline
291.5,NODE_6082,11449716078,5,0,gGrrrGr,G,True,False,0,,32.5,324.0,False,False,scenario_baseline
291.5,NODE_6123,7300992884,5,0,GgGrrrr,r,False,False,0,,42.5,334.0,False,False,scenario_baseline
291.5,NODE_8426,3849142980,16,3,rrrrgggGrrrrrrrrGrGG,G,True,False,0,,15.5,307.0,False,False,scenario_baseline
291.5,NODE_74388,436883130,16,0,GGrrrrrrgGrrrrrrG,G,True,False,0,,28.5,320.0,False,False,scenario_baseline
291.5,NODE_10273,3846533030,12,0,rrrgGGgGGrrGr,r,False,False,0,,26.5,318.0,False,False,scenario_baseline
292.0,LINK_212169,11449716078,5,0,gGrrrGr,G,True,False,0,,32.0,324.0,False,False,scenario_baseline
292.0,NODE_8452,3846603653,2,0,GGr,r,False,False,0,,57.0,349.0,False,False,scenario_baseline
292.0,NODE_6082,11449716078,5,0,gGrrrGr,G,True,False,0,,32.0,324.0,False,False,scenario_baseline
292.0,NODE_6123,7300992884,5,0,GgGrrrr,r,False,False,0,,42.0,334.0,False,False,scenario_baseline
292.0,NODE_8426,3849142980,16,3,rrrrgggGrrrrrrrrGrGG,G,True,False,0,,15.0,307.0,False,False,scenario_baseline
292.0,NODE_74388,436883130,16,0,GGrrrrrrgGrrrrrrG,G,True,False,0,,28.0,320.0,False,False,scenario_baseline
292.0,NODE_10273,3846533030,12,0,rrrgGGgGGrrGr,r,False,False,0,,26.0,318.0,False,False,scenario_baseline
292.5,LINK_212169,11449716078,5,0,gGrrrGr,G,True,False,0,,31.5,324.0,False,False,scenario_baseline
292.5,NODE_8452,3846603653,2,0,GGr,r,False,False,0,,56.5,349.0,False,False,scenario_baseline
292.5,NODE_6082,11449716078,5,0,gGrrrGr,G,True,False,0,,31.5,324.0,False,False,scenario_baseline
292.5,NODE_6123,7300992884,5,0,GgGrrrr,r,False,False,0,,41.5,334.0,False,False,scenario_baseline
292.5,NODE_8426,3849142980,16,3,rrrrgggGrrrrrrrrGrGG,G,True,False,0,,14.5,307.0,False,False,scenario_baseline
292.5,NODE_74388,436883130,16,0,GGrrrrrrgGrrrrrrG,G,True,False,0,,27.5,320.0,False,False,scenario_baseline
292.5,NODE_10273,3846533030,12,0,rrrgGGgGGrrGr,r,False,False,0,,25.5,318.0,False,False,scenario_baseline
293.0,LINK_212169,11449716078,5,0,gGrrrGr,G,True,False,0,,31.0,324.0,False,False,scenario_baseline
293.0,NODE_8452,3846603653,2,0,GGr,r,False,False,0,,56.0,349.0,False,False,scenario_baseline
293.0,NODE_6082,11449716078,5,0,gGrrrGr,G,True,False,0,,31.0,324.0,False,False,scenario_baseline
293.0,NODE_6123,7300992884,5,0,GgGrrrr,r,False,False,0,,41.0,334.0,False,False,scenario_baseline
293.0,NODE_8426,3849142980,16,3,rrrrgggGrrrrrrrrGrGG,G,True,False,0,,14.0,307.0,False,False,scenario_baseline
293.0,NODE_74388,436883130,16,0,GGrrrrrrgGrrrrrrG,G,True,False,0,,27.0,320.0,False,False,scenario_baseline
293.0,NODE_10273,3846533030,12,0,rrrgGGgGGrrGr,r,False,False,0,,25.0,318.0,False,False,scenario_baseline
293.5,LINK_212169,11449716078,5,0,gGrrrGr,G,True,False,0,,30.5,324.0,False,False,scenario_baseline
293.5,NODE_8452,3846603653,2,0,GGr,r,False,False,0,,55.5,349.0,False,False,scenario_baseline
293.5,NODE_6082,11449716078,5,0,gGrrrGr,G,True,False,0,,30.5,324.0,False,False,scenario_baseline
293.5,NODE_6123,7300992884,5,0,GgGrrrr,r,False,False,0,,40.5,334.0,False,False,scenario_baseline
293.5,NODE_8426,3849142980,16,3,rrrrgggGrrrrrrrrGrGG,G,True,False,0,,13.5,307.0,False,False,scenario_baseline
293.5,NODE_74388,436883130,16,0,GGrrrrrrgGrrrrrrG,G,True,False,0,,26.5,320.0,False,False,scenario_baseline
293.5,NODE_10273,3846533030,12,0,rrrgGGgGGrrGr,r,False,False,0,,24.5,318.0,False,False,scenario_baseline
294.0,LINK_212169,11449716078,5,0,gGrrrGr,G,True,False,0,,30.0,324.0,False,False,scenario_baseline
294.0,NODE_8452,3846603653,2,0,GGr,r,False,False,0,,55.0,349.0,False,False,scenario_baseline
294.0,NODE_6082,11449716078,5,0,gGrrrGr,G,True,False,0,,30.0,324.0,False,False,scenario_baseline
294.0,NODE_6123,7300992884,5,0,GgGrrrr,r,False,False,0,,40.0,334.0,False,False,scenario_baseline
294.0,NODE_8426,3849142980,16,3,rrrrgggGrrrrrrrrGrGG,G,True,False,0,,13.0,307.0,False,False,scenario_baseline
294.0,NODE_74388,436883130,16,0,GGrrrrrrgGrrrrrrG,G,True,False,0,,26.0,320.0,False,False,scenario_baseline
294.0,NODE_10273,3846533030,12,0,rrrgGGgGGrrGr,r,False,False,0,,24.0,318.0,False,False,scenario_baseline
294.5,LINK_212169,11449716078,5,0,gGrrrGr,G,True,False,0,,29.5,324.0,False,False,scenario_baseline
294.5,NODE_8452,3846603653,2,0,GGr,r,False,False,0,,54.5,349.0,False,False,scenario_baseline
294.5,NODE_6082,11449716078,5,0,gGrrrGr,G,True,False,0,,29.5,324.0,False,False,scenario_baseline
294.5,NODE_6123,7300992884,5,0,GgGrrrr,r,False,False,0,,39.5,334.0,False,False,scenario_baseline
294.5,NODE_8426,3849142980,16,3,rrrrgggGrrrrrrrrGrGG,G,True,False,0,,12.5,307.0,False,False,scenario_baseline
294.5,NODE_74388,436883130,16,0,GGrrrrrrgGrrrrrrG,G,True,False,0,,25.5,320.0,False,False,scenario_baseline
294.5,NODE_10273,3846533030,12,0,rrrgGGgGGrrGr,r,False,False,0,,23.5,318.0,False,False,scenario_baseline
295.0,LINK_212169,11449716078,5,0,gGrrrGr,G,True,False,0,,29.0,324.0,False,False,scenario_baseline
295.0,NODE_8452,3846603653,2,0,GGr,r,False,False,0,,54.0,349.0,False,False,scenario_baseline
295.0,NODE_6082,11449716078,5,0,gGrrrGr,G,True,False,0,,29.0,324.0,False,False,scenario_baseline
295.0,NODE_6123,7300992884,5,0,GgGrrrr,r,False,False,0,,39.0,334.0,False,False,scenario_baseline
295.0,NODE_8426,3849142980,16,3,rrrrgggGrrrrrrrrGrGG,G,True,False,0,,12.0,307.0,False,False,scenario_baseline
295.0,NODE_74388,436883130,16,0,GGrrrrrrgGrrrrrrG,G,True,False,0,,25.0,320.0,False,False,scenario_baseline
295.0,NODE_10273,3846533030,12,0,rrrgGGgGGrrGr,r,False,False,0,,23.0,318.0,False,False,scenario_baseline
295.5,LINK_212169,11449716078,5,0,gGrrrGr,G,True,False,0,,28.5,324.0,False,False,scenario_baseline
295.5,NODE_8452,3846603653,2,0,GGr,r,False,False,0,,53.5,349.0,False,False,scenario_baseline
295.5,NODE_6082,11449716078,5,0,gGrrrGr,G,True,False,0,,28.5,324.0,False,False,scenario_baseline
295.5,NODE_6123,7300992884,5,0,GgGrrrr,r,False,False,0,,38.5,334.0,False,False,scenario_baseline
295.5,NODE_8426,3849142980,16,3,rrrrgggGrrrrrrrrGrGG,G,True,False,0,,11.5,307.0,False,False,scenario_baseline
295.5,NODE_74388,436883130,16,0,GGrrrrrrgGrrrrrrG,G,True,False,0,,24.5,320.0,False,False,scenario_baseline
295.5,NODE_10273,3846533030,12,0,rrrgGGgGGrrGr,r,False,False,0,,22.5,318.0,False,False,scenario_baseline
296.0,LINK_212169,11449716078,5,0,gGrrrGr,G,True,False,0,,28.0,324.0,False,False,scenario_baseline
296.0,NODE_8452,3846603653,2,0,GGr,r,False,False,0,,53.0,349.0,False,False,scenario_baseline
296.0,NODE_6082,11449716078,5,0,gGrrrGr,G,True,False,0,,28.0,324.0,False,False,scenario_baseline
296.0,NODE_6123,7300992884,5,0,GgGrrrr,r,False,False,0,,38.0,334.0,False,False,scenario_baseline
296.0,NODE_8426,3849142980,16,3,rrrrgggGrrrrrrrrGrGG,G,True,False,0,,11.0,307.0,False,False,scenario_baseline
296.0,NODE_74388,436883130,16,0,GGrrrrrrgGrrrrrrG,G,True,False,0,,24.0,320.0,False,False,scenario_baseline
296.0,NODE_10273,3846533030,12,0,rrrgGGgGGrrGr,r,False,False,0,,22.0,318.0,False,False,scenario_baseline
296.5,LINK_212169,11449716078,5,0,gGrrrGr,G,True,False,0,,27.5,324.0,False,False,scenario_baseline
296.5,NODE_8452,3846603653,2,0,GGr,r,False,False,0,,52.5,349.0,False,False,scenario_baseline
296.5,NODE_6082,11449716078,5,0,gGrrrGr,G,True,False,0,,27.5,324.0,False,False,scenario_baseline
296.5,NODE_6123,7300992884,5,0,GgGrrrr,r,False,False,0,,37.5,334.0,False,False,scenario_baseline
296.5,NODE_8426,3849142980,16,3,rrrrgggGrrrrrrrrGrGG,G,True,False,0,,10.5,307.0,False,False,scenario_baseline
296.5,NODE_74388,436883130,16,0,GGrrrrrrgGrrrrrrG,G,True,False,0,,23.5,320.0,False,False,scenario_baseline
296.5,NODE_10273,3846533030,12,0,rrrgGGgGGrrGr,r,False,False,0,,21.5,318.0,False,False,scenario_baseline
297.0,LINK_212169,11449716078,5,0,gGrrrGr,G,True,False,0,,27.0,324.0,False,False,scenario_baseline
297.0,NODE_8452,3846603653,2,0,GGr,r,False,False,0,,52.0,349.0,False,False,scenario_baseline
297.0,NODE_6082,11449716078,5,0,gGrrrGr,G,True,False,0,,27.0,324.0,False,False,scenario_baseline
297.0,NODE_6123,7300992884,5,0,GgGrrrr,r,False,False,0,,37.0,334.0,False,False,scenario_baseline
297.0,NODE_8426,3849142980,16,3,rrrrgggGrrrrrrrrGrGG,G,True,False,0,,10.0,307.0,False,False,scenario_baseline
297.0,NODE_74388,436883130,16,0,GGrrrrrrgGrrrrrrG,G,True,False,0,,23.0,320.0,False,False,scenario_baseline
297.0,NODE_10273,3846533030,12,0,rrrgGGgGGrrGr,r,False,False,0,,21.0,318.0,False,False,scenario_baseline
297.5,LINK_212169,11449716078,5,0,gGrrrGr,G,True,False,0,,26.5,324.0,False,False,scenario_baseline
297.5,NODE_8452,3846603653,2,0,GGr,r,False,False,0,,51.5,349.0,False,False,scenario_baseline
297.5,NODE_6082,11449716078,5,0,gGrrrGr,G,True,False,0,,26.5,324.0,False,False,scenario_baseline
297.5,NODE_6123,7300992884,5,0,GgGrrrr,r,False,False,0,,36.5,334.0,False,False,scenario_baseline
297.5,NODE_8426,3849142980,16,3,rrrrgggGrrrrrrrrGrGG,G,True,False,0,,9.5,307.0,False,False,scenario_baseline
297.5,NODE_74388,436883130,16,0,GGrrrrrrgGrrrrrrG,G,True,False,0,,22.5,320.0,False,False,scenario_baseline
297.5,NODE_10273,3846533030,12,0,rrrgGGgGGrrGr,r,False,False,0,,20.5,318.0,False,False,scenario_baseline
298.0,LINK_212169,11449716078,5,0,gGrrrGr,G,True,False,0,,26.0,324.0,False,False,scenario_baseline
298.0,NODE_8452,3846603653,2,0,GGr,r,False,False,0,,51.0,349.0,False,False,scenario_baseline
298.0,NODE_6082,11449716078,5,0,gGrrrGr,G,True,False,0,,26.0,324.0,False,False,scenario_baseline
298.0,NODE_6123,7300992884,5,0,GgGrrrr,r,False,False,0,,36.0,334.0,False,False,scenario_baseline
298.0,NODE_8426,3849142980,16,3,rrrrgggGrrrrrrrrGrGG,G,True,False,0,,9.0,307.0,False,False,scenario_baseline
298.0,NODE_74388,436883130,16,0,GGrrrrrrgGrrrrrrG,G,True,False,0,,22.0,320.0,False,False,scenario_baseline
298.0,NODE_10273,3846533030,12,0,rrrgGGgGGrrGr,r,False,False,0,,20.0,318.0,False,False,scenario_baseline
298.5,LINK_212169,11449716078,5,0,gGrrrGr,G,True,False,0,,25.5,324.0,False,False,scenario_baseline
298.5,NODE_8452,3846603653,2,0,GGr,r,False,False,0,,50.5,349.0,False,False,scenario_baseline
298.5,NODE_6082,11449716078,5,0,gGrrrGr,G,True,False,0,,25.5,324.0,False,False,scenario_baseline
298.5,NODE_6123,7300992884,5,0,GgGrrrr,r,False,False,0,,35.5,334.0,False,False,scenario_baseline
298.5,NODE_8426,3849142980,16,3,rrrrgggGrrrrrrrrGrGG,G,True,False,0,,8.5,307.0,False,False,scenario_baseline
298.5,NODE_74388,436883130,16,0,GGrrrrrrgGrrrrrrG,G,True,False,0,,21.5,320.0,False,False,scenario_baseline
298.5,NODE_10273,3846533030,12,0,rrrgGGgGGrrGr,r,False,False,0,,19.5,318.0,False,False,scenario_baseline
299.0,LINK_212169,11449716078,5,0,gGrrrGr,G,True,False,0,,25.0,324.0,False,False,scenario_baseline
299.0,NODE_8452,3846603653,2,0,GGr,r,False,False,0,,50.0,349.0,False,False,scenario_baseline
299.0,NODE_6082,11449716078,5,0,gGrrrGr,G,True,False,0,,25.0,324.0,False,False,scenario_baseline
299.0,NODE_6123,7300992884,5,0,GgGrrrr,r,False,False,0,,35.0,334.0,False,False,scenario_baseline
299.0,NODE_8426,3849142980,16,3,rrrrgggGrrrrrrrrGrGG,G,True,False,0,,8.0,307.0,False,False,scenario_baseline
299.0,NODE_74388,436883130,16,0,GGrrrrrrgGrrrrrrG,G,True,False,0,,21.0,320.0,False,False,scenario_baseline
299.0,NODE_10273,3846533030,12,0,rrrgGGgGGrrGr,r,False,False,0,,19.0,318.0,False,False,scenario_baseline
299.5,LINK_212169,11449716078,5,0,gGrrrGr,G,True,False,0,,24.5,324.0,False,False,scenario_baseline
299.5,NODE_8452,3846603653,2,0,GGr,r,False,False,0,,49.5,349.0,False,False,scenario_baseline
299.5,NODE_6082,11449716078,5,0,gGrrrGr,G,True,False,0,,24.5,324.0,False,False,scenario_baseline
299.5,NODE_6123,7300992884,5,0,GgGrrrr,r,False,False,0,,34.5,334.0,False,False,scenario_baseline
299.5,NODE_8426,3849142980,16,3,rrrrgggGrrrrrrrrGrGG,G,True,False,0,,7.5,307.0,False,False,scenario_baseline
299.5,NODE_74388,436883130,16,0,GGrrrrrrgGrrrrrrG,G,True,False,0,,20.5,320.0,False,False,scenario_baseline
299.5,NODE_10273,3846533030,12,0,rrrgGGgGGrrGr,r,False,False,0,,18.5,318.0,False,False,scenario_baseline
300.0,LINK_212169,11449716078,5,0,gGrrrGr,G,True,False,0,,24.0,324.0,False,False,scenario_baseline
300.0,NODE_8452,3846603653,2,0,GGr,r,False,False,0,,49.0,349.0,False,False,scenario_baseline
300.0,NODE_6082,11449716078,5,0,gGrrrGr,G,True,False,0,,24.0,324.0,False,False,scenario_baseline
300.0,NODE_6123,7300992884,5,0,GgGrrrr,r,False,False,0,,34.0,334.0,False,False,scenario_baseline
300.0,NODE_8426,3849142980,16,3,rrrrgggGrrrrrrrrGrGG,G,True,False,0,,7.0,307.0,False,False,scenario_baseline
300.0,NODE_74388,436883130,16,0,GGrrrrrrgGrrrrrrG,G,True,False,0,,20.0,320.0,False,False,scenario_baseline
300.0,NODE_10273,3846533030,12,0,rrrgGGgGGrrGr,r,False,False,0,,18.0,318.0,False,False,scenario_baseline
