crosswalk_id,group,seed,pedestrian_crossing_count_baseline,pedestrian_clearance_failure_count_baseline,unfinished_crossing_count_baseline,ped_wait_time_mean_baseline,ped_wait_time_max_baseline,veh_delay_mean_baseline,veh_avg_delay_sec_baseline,network_avg_delay_sec_baseline,network_arrived_vehicles_baseline,local_500m_avg_delay_sec_baseline,local_500m_vehicle_count_baseline,local_500m_mean_speed_baseline,total_vehicle_arrivals_baseline,extension_count_baseline,total_extension_sec_baseline,pedestrian_green_extension_count_baseline,pet_event_count_baseline,low_pet_event_count_baseline,low_pet_per_100_crossings_baseline,pet_min_baseline,pet_p10_baseline,pet_mean_baseline,very_risky_crossing_count_baseline,risky_crossing_count_baseline,safety_risk_score_baseline,accident_risk_estimate_baseline,accident_expected_value_baseline,elderly_incomplete_crossings_baseline,pedestrian_crossing_count_smart,pedestrian_clearance_failure_count_smart,unfinished_crossing_count_smart,ped_wait_time_mean_smart,ped_wait_time_max_smart,veh_delay_mean_smart,veh_avg_delay_sec_smart,network_avg_delay_sec_smart,network_arrived_vehicles_smart,local_500m_avg_delay_sec_smart,local_500m_vehicle_count_smart,local_500m_mean_speed_smart,total_vehicle_arrivals_smart,extension_count_smart,total_extension_sec_smart,pedestrian_green_extension_count_smart,pet_event_count_smart,low_pet_event_count_smart,low_pet_per_100_crossings_smart,pet_min_smart,pet_p10_smart,pet_mean_smart,very_risky_crossing_count_smart,risky_crossing_count_smart,safety_risk_score_smart,accident_risk_estimate_smart,accident_expected_value_smart,elderly_incomplete_crossings_smart,delta_pedestrian_crossing_count,delta_pedestrian_clearance_failure_count,delta_unfinished_crossing_count,delta_ped_wait_time_mean,delta_ped_wait_time_max,delta_veh_delay_mean,delta_veh_avg_delay_sec,delta_network_avg_delay_sec,delta_network_arrived_vehicles,delta_local_500m_avg_delay_sec,delta_local_500m_vehicle_count,delta_local_500m_mean_speed,delta_total_vehicle_arrivals,delta_extension_count,delta_total_extension_sec,delta_pedestrian_green_extension_count,delta_pet_event_count,delta_low_pet_event_count,delta_low_pet_per_100_crossings,delta_pet_min,delta_pet_p10,delta_pet_mean,delta_very_risky_crossing_count,delta_risky_crossing_count,delta_safety_risk_score,delta_accident_risk_estimate,delta_accident_expected_value,delta_elderly_incomplete_crossings
LINK_120139,current_main_12,1.0,15.0,0.0,0.0,,,13.13,13.13,,831.0,13.42601530311948,347.0,13.257881886860506,3468.0,0.0,0.0,0.0,18.0,18.0,120.0,0.0,0.0,0.0,18.0,0.0,1.2,1.2,1.2,0.0,15.0,0.0,0.0,,,11.78,11.78,,845.0,11.953836858006042,349.0,13.362895797628864,3467.0,1.0,5.0,1.0,16.0,16.0,106.66666666666669,0.0,0.0,0.0,16.0,0.0,1.0666666666666669,1.0666666666666669,1.0666666666666669,0.0,0.0,0.0,0.0,,,-1.3500000000000014,-1.3500000000000014,,14.0,-1.4721784451134372,2.0,0.10501391076835809,-1.0,1.0,5.0,1.0,-2.0,-2.0,-13.333333333333314,0.0,0.0,0.0,-2.0,0.0,-0.13333333333333308,-0.13333333333333308,-0.13333333333333308,0.0
LINK_120139,current_main_12,2.0,15.0,0.0,0.0,,,11.55,11.55,,802.0,11.594889162561577,337.0,13.865823055919623,3462.0,0.0,0.0,0.0,18.0,18.0,120.0,0.0,0.0,0.0222222222222217,18.0,0.0,1.2,1.2,1.2,0.0,15.0,0.0,0.0,,,11.24,11.24,,777.0,11.194523076923076,334.0,13.5992466552735,3459.0,1.0,5.0,1.0,16.0,16.0,106.66666666666669,0.0,0.0,0.0,16.0,0.0,1.0666666666666669,1.0666666666666669,1.0666666666666669,0.0,0.0,0.0,0.0,,,-0.3100000000000005,-0.3100000000000005,,-25.0,-0.40036608563850073,-3.0,-0.2665764006461231,-3.0,1.0,5.0,1.0,-2.0,-2.0,-13.333333333333314,0.0,0.0,-0.0222222222222217,-2.0,0.0,-0.13333333333333308,-0.13333333333333308,-0.13333333333333308,0.0
LINK_120139,current_main_12,3.0,15.0,0.0,0.0,,,9.69,9.69,,935.0,9.787405247813412,349.0,13.6833503906045,3468.0,0.0,0.0,0.0,18.0,18.0,120.0,0.0,0.0,0.0,18.0,0.0,1.2,1.2,1.2,0.0,15.0,0.0,0.0,,,10.03,10.03,,923.0,10.288743299583084,352.0,13.589691294152214,3466.0,1.0,5.0,1.0,16.0,16.0,106.66666666666669,0.0,0.0,0.0,16.0,0.0,1.0666666666666669,1.0666666666666669,1.0666666666666669,0.0,0.0,0.0,0.0,,,0.33999999999999986,0.33999999999999986,,-12.0,0.5013380517696717,3.0,-0.09365909645228676,-2.0,1.0,5.0,1.0,-2.0,-2.0,-13.333333333333314,0.0,0.0,0.0,-2.0,0.0,-0.13333333333333308,-0.13333333333333308,-0.13333333333333308,0.0
LINK_120139,current_main_12,4.0,15.0,0.0,0.0,,,10.21,10.21,,887.0,10.57900786448881,344.0,13.953371641788904,3466.0,0.0,0.0,0.0,18.0,18.0,120.0,0.0,0.0,0.0,18.0,0.0,1.2,1.2,1.2,0.0,15.0,0.0,0.0,,,12.79,12.79,,857.0,12.9852140077821,346.0,12.530283218700763,3465.0,1.0,5.0,1.0,16.0,16.0,106.66666666666669,0.0,0.0,0.0,16.0,0.0,1.0666666666666669,1.0666666666666669,1.0666666666666669,0.0,0.0,0.0,0.0,,,2.5799999999999983,2.5799999999999983,,-30.0,2.4062061432932893,2.0,-1.4230884230881404,-1.0,1.0,5.0,1.0,-2.0,-2.0,-13.333333333333314,0.0,0.0,0.0,-2.0,0.0,-0.13333333333333308,-0.13333333333333308,-0.13333333333333308,0.0
LINK_120139,current_main_12,5.0,15.0,0.0,0.0,,,10.44,10.44,,868.0,10.686233611442193,364.0,13.75704873396462,3464.0,0.0,0.0,0.0,18.0,18.0,120.0,0.0,0.0,0.0,18.0,0.0,1.2,1.2,1.2,0.0,15.0,0.0,0.0,,,10.7,10.7,,855.0,11.014326978625071,363.0,13.30832908554481,3464.0,1.0,5.0,1.0,16.0,16.0,106.66666666666669,0.0,0.0,0.0,16.0,0.0,1.0666666666666669,1.0666666666666669,1.0666666666666669,0.0,0.0,0.0,0.0,,,0.2599999999999998,0.2599999999999998,,-13.0,0.32809336718287874,-1.0,-0.44871964841980905,0.0,1.0,5.0,1.0,-2.0,-2.0,-13.333333333333314,0.0,0.0,0.0,-2.0,0.0,-0.13333333333333308,-0.13333333333333308,-0.13333333333333308,0.0
LINK_120139,current_main_12,6.0,15.0,0.0,0.0,,,10.47,10.47,,906.0,10.576543942992876,356.0,12.994035038643585,3471.0,0.0,0.0,0.0,18.0,18.0,120.0,0.0,0.0,0.0,18.0,0.0,1.2,1.2,1.2,0.0,15.0,0.0,0.0,,,10.39,10.39,,896.0,10.486511342734518,344.0,13.184586833318193,3472.0,1.0,5.0,1.0,16.0,16.0,106.66666666666669,0.0,0.0,0.0,16.0,0.0,1.0666666666666669,1.0666666666666669,1.0666666666666669,0.0,0.0,0.0,0.0,,,-0.08000000000000007,-0.08000000000000007,,-10.0,-0.09003260025835758,-12.0,0.19055179467460803,1.0,1.0,5.0,1.0,-2.0,-2.0,-13.333333333333314,0.0,0.0,0.0,-2.0,0.0,-0.13333333333333308,-0.13333333333333308,-0.13333333333333308,0.0
LINK_120139,current_main_12,7.0,15.0,0.0,0.0,,,10.35,10.35,,870.0,10.059532828282828,346.0,13.729519136100986,3467.0,0.0,0.0,0.0,18.0,18.0,120.0,0.0,0.0,0.0,18.0,0.0,1.2,1.2,1.2,0.0,15.0,0.0,0.0,,,9.28,9.28,,877.0,9.253047989623866,343.0,13.552240370063846,3466.0,1.0,5.0,1.0,16.0,16.0,106.66666666666669,0.0,0.0,0.0,16.0,0.0,1.0666666666666669,1.0666666666666669,1.0666666666666669,0.0,0.0,0.0,0.0,,,-1.0700000000000003,-1.0700000000000003,,7.0,-0.806484838658962,-3.0,-0.17727876603714066,-1.0,1.0,5.0,1.0,-2.0,-2.0,-13.333333333333314,0.0,0.0,0.0,-2.0,0.0,-0.13333333333333308,-0.13333333333333308,-0.13333333333333308,0.0
LINK_120139,current_main_12,8.0,15.0,0.0,0.0,,,13.79,13.79,,894.0,14.0064,346.0,12.508722755596342,3464.0,0.0,0.0,0.0,18.0,18.0,120.0,0.0,0.0,0.0,18.0,0.0,1.2,1.2,1.2,0.0,15.0,0.0,0.0,,,11.61,11.61,,878.0,11.579938271604938,340.0,13.668970127586762,3463.0,1.0,5.0,1.0,16.0,16.0,106.66666666666669,0.0,0.0,0.0,16.0,0.0,1.0666666666666669,1.0666666666666669,1.0666666666666669,0.0,0.0,0.0,0.0,,,-2.1799999999999997,-2.1799999999999997,,-16.0,-2.4264617283950614,-6.0,1.1602473719904207,-1.0,1.0,5.0,1.0,-2.0,-2.0,-13.333333333333314,0.0,0.0,0.0,-2.0,0.0,-0.13333333333333308,-0.13333333333333308,-0.13333333333333308,0.0
LINK_120139,current_main_12,9.0,15.0,0.0,0.0,,,12.64,12.64,,929.0,12.849188214070956,334.0,12.910209833966192,3467.0,0.0,0.0,0.0,18.0,18.0,120.0,0.0,0.0,0.0,18.0,0.0,1.2,1.2,1.2,0.0,15.0,0.0,0.0,,,11.12,11.12,,933.0,11.374865991661702,348.0,13.154673225138708,3469.0,1.0,5.0,1.0,16.0,16.0,106.66666666666669,0.0,0.0,0.0,16.0,0.0,1.0666666666666669,1.0666666666666669,1.0666666666666669,0.0,0.0,0.0,0.0,,,-1.5200000000000014,-1.5200000000000014,,4.0,-1.4743222224092545,14.0,0.24446339117251625,2.0,1.0,5.0,1.0,-2.0,-2.0,-13.333333333333314,0.0,0.0,0.0,-2.0,0.0,-0.13333333333333308,-0.13333333333333308,-0.13333333333333308,0.0
LINK_120139,current_main_12,10.0,15.0,0.0,0.0,,,15.94,15.94,,799.0,15.521958456973294,366.0,12.141791773751962,3463.0,0.0,0.0,0.0,18.0,18.0,120.0,0.0,0.0,0.0,18.0,0.0,1.2,1.2,1.2,0.0,15.0,0.0,0.0,,,14.58,14.58,,799.0,14.81018981018981,365.0,12.548688623862637,3464.0,1.0,5.0,1.0,16.0,16.0,106.66666666666669,0.0,0.0,0.0,16.0,0.0,1.0666666666666669,1.0666666666666669,1.0666666666666669,0.0,0.0,0.0,0.0,,,-1.3599999999999994,-1.3599999999999994,,0.0,-0.7117686467834847,-1.0,0.4068968501106749,1.0,1.0,5.0,1.0,-2.0,-2.0,-13.333333333333314,0.0,0.0,0.0,-2.0,0.0,-0.13333333333333308,-0.13333333333333308,-0.13333333333333308,0.0
LINK_120139,current_main_12,11.0,15.0,0.0,0.0,,,14.83,14.83,,854.0,14.657398101619208,336.0,12.820171359118536,3464.0,0.0,0.0,0.0,18.0,18.0,120.0,0.0,0.0,0.0,18.0,0.0,1.2,1.2,1.2,0.0,15.0,0.0,0.0,,,14.12,14.12,,816.0,14.01391982182628,344.0,13.054814235092326,3463.0,1.0,5.0,1.0,16.0,16.0,106.66666666666669,0.0,0.0,0.0,16.0,0.0,1.0666666666666669,1.0666666666666669,1.0666666666666669,0.0,0.0,0.0,0.0,,,-0.7100000000000009,-0.7100000000000009,,-38.0,-0.6434782797929284,8.0,0.2346428759737904,-1.0,1.0,5.0,1.0,-2.0,-2.0,-13.333333333333314,0.0,0.0,0.0,-2.0,0.0,-0.13333333333333308,-0.13333333333333308,-0.13333333333333308,0.0
LINK_120139,current_main_12,12.0,15.0,0.0,0.0,,,9.86,9.86,,763.0,9.978442028985508,370.0,13.71943839972988,3466.0,0.0,0.0,0.0,18.0,16.0,106.66666666666669,0.0,0.0,0.5833333333333341,15.0,1.0,1.0333333333333334,1.0333333333333334,1.0333333333333334,0.0,15.0,0.0,0.0,,,9.94,9.94,,780.0,10.121610660486676,369.0,13.06200071409024,3466.0,1.0,5.0,1.0,16.0,16.0,106.66666666666669,0.0,0.0,0.0,16.0,0.0,1.0666666666666669,1.0666666666666669,1.0666666666666669,0.0,0.0,0.0,0.0,,,0.08000000000000007,0.08000000000000007,,17.0,0.1431686315011671,-1.0,-0.6574376856396391,0.0,1.0,5.0,1.0,-2.0,0.0,0.0,0.0,0.0,-0.5833333333333341,1.0,-1.0,0.03333333333333344,0.03333333333333344,0.03333333333333344,0.0
LINK_120139,current_main_12,13.0,15.0,0.0,0.0,,,14.44,14.44,,829.0,14.343316966721222,366.0,12.34927830899644,3467.0,0.0,0.0,0.0,18.0,15.0,100.0,0.0,0.0,0.7000000000000005,15.0,0.0,1.0,1.0,1.0,0.0,15.0,0.0,0.0,,,11.3,11.3,,840.0,11.567758923346986,368.0,13.38004372209331,3468.0,1.0,5.0,1.0,16.0,16.0,106.66666666666669,0.0,0.0,0.0,16.0,0.0,1.0666666666666669,1.0666666666666669,1.0666666666666669,0.0,0.0,0.0,0.0,,,-3.139999999999999,-3.139999999999999,,11.0,-2.775558043374236,2.0,1.0307654130968693,1.0,1.0,5.0,1.0,-2.0,1.0,6.666666666666686,0.0,0.0,-0.7000000000000005,1.0,0.0,0.06666666666666687,0.06666666666666687,0.06666666666666687,0.0
LINK_120139,current_main_12,14.0,15.0,0.0,0.0,,,13.41,13.41,,862.0,13.333333333333334,325.0,12.813367743324754,3470.0,0.0,0.0,0.0,18.0,18.0,120.0,0.0,0.0,0.0,18.0,0.0,1.2,1.2,1.2,0.0,15.0,0.0,0.0,,,9.45,9.45,,867.0,9.785339168490154,318.0,14.21434588306847,3473.0,1.0,5.0,1.0,16.0,16.0,106.66666666666669,0.0,0.0,0.0,16.0,0.0,1.0666666666666669,1.0666666666666669,1.0666666666666669,0.0,0.0,0.0,0.0,,,-3.960000000000001,-3.960000000000001,,5.0,-3.54799416484318,-7.0,1.4009781397437155,3.0,1.0,5.0,1.0,-2.0,-2.0,-13.333333333333314,0.0,0.0,0.0,-2.0,0.0,-0.13333333333333308,-0.13333333333333308,-0.13333333333333308,0.0
LINK_120139,current_main_12,15.0,15.0,0.0,0.0,,,8.77,8.77,,882.0,8.914961185603387,327.0,14.465974076153042,3469.0,0.0,0.0,0.0,18.0,18.0,120.0,0.0,0.0,0.0,18.0,0.0,1.2,1.2,1.2,0.0,15.0,0.0,0.0,,,12.34,12.34,,896.0,12.569957343083486,338.0,12.833793969511516,3466.0,1.0,5.0,1.0,16.0,16.0,106.66666666666669,0.0,0.0,0.0,16.0,0.0,1.0666666666666669,1.0666666666666669,1.0666666666666669,0.0,0.0,0.0,0.0,,,3.5700000000000003,3.5700000000000003,,14.0,3.654996157480099,11.0,-1.6321801066415258,-3.0,1.0,5.0,1.0,-2.0,-2.0,-13.333333333333314,0.0,0.0,0.0,-2.0,0.0,-0.13333333333333308,-0.13333333333333308,-0.13333333333333308,0.0
LINK_120139,current_main_12,16.0,15.0,0.0,0.0,,,11.99,11.99,,832.0,11.8005291005291,332.0,13.37385658291332,3462.0,0.0,0.0,0.0,18.0,18.0,120.0,0.0,0.0,0.0,18.0,0.0,1.2,1.2,1.2,0.0,15.0,0.0,0.0,,,12.75,12.75,,872.0,12.754105138806851,349.0,12.950665864248997,3465.0,1.0,5.0,1.0,16.0,16.0,106.66666666666669,0.0,0.0,0.0,16.0,0.0,1.0666666666666669,1.0666666666666669,1.0666666666666669,0.0,0.0,0.0,0.0,,,0.7599999999999998,0.7599999999999998,,40.0,0.9535760382777507,17.0,-0.4231907186643227,3.0,1.0,5.0,1.0,-2.0,-2.0,-13.333333333333314,0.0,0.0,0.0,-2.0,0.0,-0.13333333333333308,-0.13333333333333308,-0.13333333333333308,0.0
LINK_120139,current_main_12,17.0,15.0,0.0,0.0,,,10.45,10.45,,851.0,10.663015463917526,343.0,14.524527644637114,3468.0,0.0,0.0,0.0,18.0,18.0,120.0,0.0,0.0,0.0,18.0,0.0,1.2,1.2,1.2,0.0,15.0,0.0,0.0,,,10.85,10.85,,856.0,10.779500320307497,347.0,14.368276368384016,3468.0,1.0,5.0,1.0,16.0,16.0,106.66666666666669,0.0,0.0,0.0,16.0,0.0,1.0666666666666669,1.0666666666666669,1.0666666666666669,0.0,0.0,0.0,0.0,,,0.40000000000000036,0.40000000000000036,,5.0,0.1164848563899703,4.0,-0.15625127625309787,0.0,1.0,5.0,1.0,-2.0,-2.0,-13.333333333333314,0.0,0.0,0.0,-2.0,0.0,-0.13333333333333308,-0.13333333333333308,-0.13333333333333308,0.0
LINK_120139,current_main_12,18.0,15.0,0.0,0.0,,,11.34,11.34,,831.0,11.015460122699388,339.0,13.147631166500528,3468.0,0.0,0.0,0.0,18.0,18.0,120.0,0.0,0.0,0.0,18.0,0.0,1.2,1.2,1.2,0.0,15.0,0.0,0.0,,,10.71,10.71,,860.0,10.884714193962749,340.0,13.999828666858248,3465.0,1.0,5.0,1.0,16.0,16.0,106.66666666666669,0.0,0.0,0.0,16.0,0.0,1.0666666666666669,1.0666666666666669,1.0666666666666669,0.0,0.0,0.0,0.0,,,-0.629999999999999,-0.629999999999999,,29.0,-0.13074592873663882,1.0,0.85219750035772,-3.0,1.0,5.0,1.0,-2.0,-2.0,-13.333333333333314,0.0,0.0,0.0,-2.0,0.0,-0.13333333333333308,-0.13333333333333308,-0.13333333333333308,0.0
LINK_120139,current_main_12,19.0,15.0,0.0,0.0,,,10.19,10.19,,832.0,10.124802631578948,337.0,14.118306503653136,3468.0,0.0,0.0,0.0,18.0,18.0,120.0,0.0,0.0,0.0,18.0,0.0,1.2,1.2,1.2,0.0,15.0,0.0,0.0,,,10.41,10.41,,823.0,10.485652709359606,336.0,13.273693017109125,3466.0,1.0,5.0,1.0,16.0,16.0,106.66666666666669,0.0,0.0,0.0,16.0,0.0,1.0666666666666669,1.0666666666666669,1.0666666666666669,0.0,0.0,0.0,0.0,,,0.22000000000000064,0.22000000000000064,,-9.0,0.3608500777806576,-1.0,-0.8446134865440111,-2.0,1.0,5.0,1.0,-2.0,-2.0,-13.333333333333314,0.0,0.0,0.0,-2.0,0.0,-0.13333333333333308,-0.13333333333333308,-0.13333333333333308,0.0
LINK_120139,current_main_12,20.0,15.0,0.0,0.0,,,10.74,10.74,,838.0,11.0824406779661,320.0,14.37480835864064,3463.0,0.0,0.0,0.0,18.0,18.0,120.0,0.0,0.0,0.0,18.0,0.0,1.2,1.2,1.2,0.0,15.0,0.0,0.0,,,12.19,12.19,,857.0,12.309626719056975,320.0,13.735770599758036,3463.0,1.0,5.0,1.0,16.0,16.0,106.66666666666669,0.0,0.0,0.0,16.0,0.0,1.0666666666666669,1.0666666666666669,1.0666666666666669,0.0,0.0,0.0,0.0,,,1.4499999999999993,1.4499999999999993,,19.0,1.2271860410908761,0.0,-0.6390377588826048,0.0,1.0,5.0,1.0,-2.0,-2.0,-13.333333333333314,0.0,0.0,0.0,-2.0,0.0,-0.13333333333333308,-0.13333333333333308,-0.13333333333333308,0.0
LINK_120139,current_main_12,21.0,15.0,0.0,0.0,,,12.17,12.17,,849.0,12.25913190529876,357.0,13.49067433987081,3466.0,0.0,0.0,0.0,18.0,18.0,120.0,0.0,0.0,0.0,18.0,0.0,1.2,1.2,1.2,0.0,15.0,0.0,0.0,,,9.72,9.72,,860.0,9.774885583524028,360.0,13.680335672553504,3466.0,1.0,5.0,1.0,16.0,16.0,106.66666666666669,0.0,0.0,0.0,16.0,0.0,1.0666666666666669,1.0666666666666669,1.0666666666666669,0.0,0.0,0.0,0.0,,,-2.4499999999999993,-2.4499999999999993,,11.0,-2.484246321774732,3.0,0.18966133268269303,0.0,1.0,5.0,1.0,-2.0,-2.0,-13.333333333333314,0.0,0.0,0.0,-2.0,0.0,-0.13333333333333308,-0.13333333333333308,-0.13333333333333308,0.0
LINK_120139,current_main_12,22.0,15.0,0.0,0.0,,,12.12,12.12,,823.0,12.187615621788282,373.0,12.696344985840236,3469.0,0.0,0.0,0.0,18.0,18.0,120.0,0.0,0.0,0.0,18.0,0.0,1.2,1.2,1.2,0.0,15.0,0.0,0.0,,,13.58,13.58,,839.0,13.764365041042977,372.0,11.812123100902802,3470.0,1.0,5.0,1.0,16.0,16.0,106.66666666666669,0.0,0.0,0.0,16.0,0.0,1.0666666666666669,1.0666666666666669,1.0666666666666669,0.0,0.0,0.0,0.0,,,1.4600000000000009,1.4600000000000009,,16.0,1.5767494192546945,-1.0,-0.8842218849374337,1.0,1.0,5.0,1.0,-2.0,-2.0,-13.333333333333314,0.0,0.0,0.0,-2.0,0.0,-0.13333333333333308,-0.13333333333333308,-0.13333333333333308,0.0
LINK_120139,current_main_12,23.0,15.0,0.0,0.0,,,10.74,10.74,,950.0,10.752523874488404,322.0,14.45513725928438,3469.0,0.0,0.0,0.0,18.0,18.0,120.0,0.0,0.0,0.0,18.0,0.0,1.2,1.2,1.2,0.0,15.0,0.0,0.0,,,10.63,10.63,,934.0,10.609121851599728,328.0,14.420793255270132,3469.0,1.0,5.0,1.0,16.0,16.0,106.66666666666669,0.0,0.0,0.0,16.0,0.0,1.0666666666666669,1.0666666666666669,1.0666666666666669,0.0,0.0,0.0,0.0,,,-0.10999999999999943,-0.10999999999999943,,-16.0,-0.14340202288867587,6.0,-0.03434400401424753,0.0,1.0,5.0,1.0,-2.0,-2.0,-13.333333333333314,0.0,0.0,0.0,-2.0,0.0,-0.13333333333333308,-0.13333333333333308,-0.13333333333333308,0.0
LINK_120139,current_main_12,24.0,15.0,0.0,0.0,,,10.29,10.29,,812.0,10.108695652173912,331.0,14.119708318299514,3466.0,0.0,0.0,0.0,18.0,18.0,120.0,0.0,0.0,0.288888888888889,16.0,2.0,1.1333333333333333,1.1333333333333333,1.1333333333333333,0.0,15.0,0.0,0.0,,,11.16,11.16,,817.0,11.194878201124297,330.0,13.666273387083224,3467.0,1.0,5.0,1.0,16.0,16.0,106.66666666666669,0.0,0.0,0.0,16.0,0.0,1.0666666666666669,1.0666666666666669,1.0666666666666669,0.0,0.0,0.0,0.0,,,0.870000000000001,0.870000000000001,,5.0,1.0861825489503847,-1.0,-0.4534349312162895,1.0,1.0,5.0,1.0,-2.0,-2.0,-13.333333333333314,0.0,0.0,-0.288888888888889,0.0,-2.0,-0.06666666666666643,-0.06666666666666643,-0.06666666666666643,0.0
LINK_120139,current_main_12,25.0,15.0,0.0,0.0,,,10.32,10.32,,838.0,10.5512256442489,336.0,14.003762122349888,3465.0,0.0,0.0,0.0,18.0,18.0,120.0,0.0,0.0,0.1833333333333331,17.0,1.0,1.1666666666666667,1.1666666666666667,1.1666666666666667,0.0,15.0,0.0,0.0,,,11.02,11.02,,832.0,11.05272945410918,343.0,13.674061325970271,3466.0,1.0,5.0,1.0,16.0,16.0,106.66666666666669,0.0,0.0,0.0,16.0,0.0,1.0666666666666669,1.0666666666666669,1.0666666666666669,0.0,0.0,0.0,0.0,,,0.6999999999999993,0.6999999999999993,,-6.0,0.5015038098602798,7.0,-0.32970079637961724,1.0,1.0,5.0,1.0,-2.0,-2.0,-13.333333333333314,0.0,0.0,-0.1833333333333331,-1.0,-1.0,-0.09999999999999987,-0.09999999999999987,-0.09999999999999987,0.0
LINK_120139,current_main_12,26.0,15.0,0.0,0.0,,,11.21,11.21,,885.0,11.211069418386492,336.0,14.233801512239811,3471.0,0.0,0.0,0.0,18.0,18.0,120.0,0.0,0.0,0.0,18.0,0.0,1.2,1.2,1.2,0.0,15.0,0.0,0.0,,,10.0,10.0,,886.0,9.933858764186631,336.0,13.968030469100382,3470.0,1.0,5.0,1.0,16.0,16.0,106.66666666666669,0.0,0.0,0.0,16.0,0.0,1.0666666666666669,1.0666666666666669,1.0666666666666669,0.0,0.0,0.0,0.0,,,-1.2100000000000009,-1.2100000000000009,,1.0,-1.2772106541998607,0.0,-0.2657710431394289,-1.0,1.0,5.0,1.0,-2.0,-2.0,-13.333333333333314,0.0,0.0,0.0,-2.0,0.0,-0.13333333333333308,-0.13333333333333308,-0.13333333333333308,0.0
LINK_120139,current_main_12,27.0,15.0,0.0,0.0,,,11.24,11.24,,870.0,11.294136392606756,330.0,14.092369405585048,3466.0,0.0,0.0,0.0,18.0,18.0,120.0,0.0,0.0,0.0,18.0,0.0,1.2,1.2,1.2,0.0,15.0,0.0,0.0,,,10.6,10.6,,840.0,10.972874756651526,332.0,14.154592129745549,3465.0,1.0,5.0,1.0,16.0,16.0,106.66666666666669,0.0,0.0,0.0,16.0,0.0,1.0666666666666669,1.0666666666666669,1.0666666666666669,0.0,0.0,0.0,0.0,,,-0.6400000000000006,-0.6400000000000006,,-30.0,-0.3212616359552296,2.0,0.062222724160500675,-1.0,1.0,5.0,1.0,-2.0,-2.0,-13.333333333333314,0.0,0.0,0.0,-2.0,0.0,-0.13333333333333308,-0.13333333333333308,-0.13333333333333308,0.0
LINK_120139,current_main_12,28.0,15.0,0.0,0.0,,,9.68,9.68,,767.0,9.541884057971014,321.0,14.575615119275277,3467.0,0.0,0.0,0.0,18.0,18.0,120.0,0.0,0.0,0.261111111111112,16.0,2.0,1.1333333333333333,1.1333333333333333,1.1333333333333333,0.0,15.0,0.0,0.0,,,9.21,9.21,,778.0,9.281615598885791,326.0,14.276191866313194,3467.0,1.0,5.0,1.0,16.0,16.0,106.66666666666669,0.0,0.0,0.0,16.0,0.0,1.0666666666666669,1.0666666666666669,1.0666666666666669,0.0,0.0,0.0,0.0,,,-0.46999999999999886,-0.46999999999999886,,11.0,-0.2602684590852231,5.0,-0.2994232529620824,0.0,1.0,5.0,1.0,-2.0,-2.0,-13.333333333333314,0.0,0.0,-0.261111111111112,0.0,-2.0,-0.06666666666666643,-0.06666666666666643,-0.06666666666666643,0.0
LINK_120139,current_main_12,29.0,15.0,0.0,0.0,,,9.99,9.99,,836.0,9.959254237288135,338.0,14.151142525593563,3473.0,0.0,0.0,0.0,18.0,16.0,106.66666666666669,0.0,0.0,0.5833333333333341,16.0,0.0,1.0666666666666669,1.0666666666666669,1.0666666666666669,0.0,15.0,0.0,0.0,,,11.1,11.1,,834.0,11.5100724160632,336.0,13.58723091614132,3471.0,1.0,5.0,1.0,16.0,16.0,106.66666666666669,0.0,0.0,0.0,16.0,0.0,1.0666666666666669,1.0666666666666669,1.0666666666666669,0.0,0.0,0.0,0.0,,,1.1099999999999994,1.1099999999999994,,-2.0,1.5508181787750654,-2.0,-0.5639116094522443,-2.0,1.0,5.0,1.0,-2.0,0.0,0.0,0.0,0.0,-0.5833333333333341,0.0,0.0,0.0,0.0,0.0,0.0
LINK_120139,current_main_12,30.0,15.0,0.0,0.0,,,11.58,11.58,,884.0,11.6069387755102,318.0,13.85085841713363,3469.0,0.0,0.0,0.0,18.0,18.0,120.0,0.0,0.0,0.0,18.0,0.0,1.2,1.2,1.2,0.0,15.0,0.0,0.0,,,12.88,12.88,,892.0,12.938436268068331,326.0,13.524601951077052,3470.0,1.0,5.0,1.0,16.0,16.0,106.66666666666669,0.0,0.0,0.0,16.0,0.0,1.0666666666666669,1.0666666666666669,1.0666666666666669,0.0,0.0,0.0,0.0,,,1.3000000000000007,1.3000000000000007,,8.0,1.3314974925581318,8.0,-0.3262564660565772,1.0,1.0,5.0,1.0,-2.0,-2.0,-13.333333333333314,0.0,0.0,0.0,-2.0,0.0,-0.13333333333333308,-0.13333333333333308,-0.13333333333333308,0.0
LINK_239754,current_main_12,1.0,15.0,0.0,0.0,0.0,0.0,24.37,24.37,,831.0,24.4891426198879,672.0,9.114131450008186,3468.0,0.0,0.0,0.0,15.0,10.0,66.66666666666667,0.0,0.0,1.5733333333333273,10.0,0.0,0.6666666666666666,0.6666666666666666,0.6666666666666666,0.0,15.0,0.0,0.0,0.0,0.0,25.13,25.13,,845.0,25.36744135058101,650.0,9.170097927128229,3467.0,1.0,5.0,1.0,15.0,3.0,20.0,1.1999999999999886,1.1999999999999886,5.199999999999989,3.0,0.0,0.2,0.2,0.2,0.0,0.0,0.0,0.0,0.0,0.0,0.759999999999998,0.759999999999998,,14.0,0.8782987306931105,-22.0,0.05596647712004277,-1.0,1.0,5.0,1.0,0.0,-7.0,-46.66666666666667,1.1999999999999886,1.1999999999999886,3.6266666666666616,-7.0,0.0,-0.4666666666666666,-0.4666666666666666,-0.4666666666666666,0.0
LINK_239754,current_main_12,2.0,15.0,0.0,0.0,0.0,0.0,38.32,38.32,,802.0,38.93645652593021,598.0,6.9092572315176985,3462.0,0.0,0.0,0.0,15.0,15.0,100.0,0.0,0.0,0.0666666666666657,15.0,0.0,1.0,1.0,1.0,0.0,15.0,0.0,0.0,0.0,0.0,36.77,36.77,,777.0,37.40710394421443,584.0,7.621137594731326,3459.0,1.0,5.0,1.0,15.0,15.0,100.0,0.0,0.0,0.0666666666666657,15.0,0.0,1.0,1.0,1.0,0.0,0.0,0.0,0.0,0.0,0.0,-1.5499999999999972,-1.5499999999999972,,-25.0,-1.5293525817157843,-14.0,0.711880363213627,-3.0,1.0,5.0,1.0,0.0,0.0,0.0,0.0,0.0,0.0,0.0,0.0,0.0,0.0,0.0,0.0
LINK_239754,current_main_12,3.0,15.0,0.0,0.0,0.0,0.0,40.69,40.69,,935.0,41.01204945515507,641.0,7.78041371472785,3468.0,0.0,0.0,0.0,15.0,10.0,66.66666666666667,0.0,0.0,1.893333333333332,7.0,3.0,0.5666666666666667,0.5666666666666667,0.5666666666666667,0.0,15.0,0.0,0.0,0.0,0.0,41.44,41.44,,923.0,41.908547008547,636.0,7.539699513478919,3466.0,1.0,5.0,1.0,15.0,3.0,20.0,1.7999999999999972,1.7999999999999972,5.799999999999997,0.0,3.0,0.1,0.1,0.1,0.0,0.0,0.0,0.0,0.0,0.0,0.75,0.75,,-12.0,0.8964975533919315,-5.0,-0.24071420124893095,-2.0,1.0,5.0,1.0,0.0,-7.0,-46.66666666666667,1.7999999999999972,1.7999999999999972,3.9066666666666654,-7.0,0.0,-0.4666666666666667,-0.4666666666666667,-0.4666666666666667,0.0
LINK_239754,current_main_12,4.0,15.0,0.0,0.0,0.0,0.0,21.58,21.58,,887.0,21.72149880414563,597.0,10.429525990938735,3466.0,0.0,0.0,0.0,15.0,15.0,100.0,0.0,0.0,0.0,15.0,0.0,1.0,1.0,1.0,0.0,15.0,0.0,0.0,0.0,0.0,39.33,39.33,,857.0,39.644523859575365,590.0,7.487895239832113,3465.0,1.0,5.0,1.0,15.0,15.0,100.0,0.0,0.0,0.0,15.0,0.0,1.0,1.0,1.0,0.0,0.0,0.0,0.0,0.0,0.0,17.75,17.75,,-30.0,17.923025055429736,-7.0,-2.941630751106622,-1.0,1.0,5.0,1.0,0.0,0.0,0.0,0.0,0.0,0.0,0.0,0.0,0.0,0.0,0.0,0.0
LINK_239754,current_main_12,5.0,15.0,0.0,0.0,0.0,0.0,34.83,34.83,,868.0,35.34792382967469,591.0,9.492272729173862,3464.0,0.0,0.0,0.0,15.0,15.0,100.0,0.0,0.0,0.3333333333333295,13.0,2.0,0.9333333333333332,0.9333333333333332,0.9333333333333332,0.0,15.0,0.0,0.0,0.0,0.0,42.16,42.16,,855.0,42.66064565718678,588.0,8.736319432987488,3464.0,1.0,5.0,1.0,15.0,9.0,60.0,0.0,0.0,2.5599999999999907,6.0,3.0,0.5,0.5,0.5,0.0,0.0,0.0,0.0,0.0,0.0,7.329999999999998,7.329999999999998,,-13.0,7.312721827512085,-3.0,-0.7559532961863749,0.0,1.0,5.0,1.0,0.0,-6.0,-40.0,0.0,0.0,2.2266666666666612,-7.0,1.0,-0.43333333333333324,-0.43333333333333324,-0.43333333333333324,0.0
LINK_239754,current_main_12,6.0,15.0,0.0,0.0,0.0,0.0,25.14,25.14,,906.0,25.509919901417128,650.0,8.464386712603629,3471.0,0.0,0.0,0.0,15.0,15.0,100.0,0.0,0.0,0.0533333333333331,15.0,0.0,1.0,1.0,1.0,0.0,15.0,0.0,0.0,0.0,0.0,24.26,24.26,,896.0,24.778606645230443,644.0,8.718732294905148,3472.0,1.0,5.0,1.0,15.0,15.0,100.0,0.0,0.0,0.0533333333333331,15.0,0.0,1.0,1.0,1.0,0.0,0.0,0.0,0.0,0.0,0.0,-0.879999999999999,-0.879999999999999,,-10.0,-0.7313132561866844,-6.0,0.2543455823015197,1.0,1.0,5.0,1.0,0.0,0.0,0.0,0.0,0.0,0.0,0.0,0.0,0.0,0.0,0.0,0.0
LINK_239754,current_main_12,7.0,15.0,0.0,0.0,0.0,0.0,27.98,27.98,,870.0,28.43174900491688,607.0,8.819570908910721,3467.0,0.0,0.0,0.0,15.0,15.0,100.0,0.0,0.0,0.0,15.0,0.0,1.0,1.0,1.0,0.0,15.0,0.0,0.0,0.0,0.0,22.26,22.26,,877.0,22.282595870206492,624.0,9.90169359818124,3466.0,1.0,5.0,1.0,15.0,15.0,100.0,0.0,0.0,0.0,15.0,0.0,1.0,1.0,1.0,0.0,0.0,0.0,0.0,0.0,0.0,-5.719999999999999,-5.719999999999999,,7.0,-6.149153134710389,17.0,1.082122689270518,-1.0,1.0,5.0,1.0,0.0,0.0,0.0,0.0,0.0,0.0,0.0,0.0,0.0,0.0,0.0,0.0
LINK_239754,current_main_12,8.0,15.0,0.0,0.0,0.0,0.0,22.81,22.81,,894.0,23.22996545768567,675.0,9.116143458318554,3464.0,0.0,0.0,0.0,15.0,7.0,46.666666666666664,0.0,0.0,16.266666666666666,7.0,0.0,0.4666666666666667,0.4666666666666667,0.4666666666666667,0.0,15.0,0.0,0.0,0.0,0.0,22.87,22.87,,878.0,23.097948260481715,669.0,9.634156324179427,3463.0,1.0,5.0,1.0,15.0,0.0,0.0,23.5,24.62000000000001,28.226666666666674,0.0,0.0,0.0,0.0,0.0,0.0,0.0,0.0,0.0,0.0,0.0,0.060000000000002274,0.060000000000002274,,-16.0,-0.13201719720395388,-6.0,0.5180128658608734,-1.0,1.0,5.0,1.0,0.0,-7.0,-46.666666666666664,23.5,24.62000000000001,11.960000000000008,-7.0,0.0,-0.4666666666666667,-0.4666666666666667,-0.4666666666666667,0.0
LINK_239754,current_main_12,9.0,15.0,0.0,0.0,0.0,0.0,23.9,23.9,,929.0,23.935902826442423,618.0,9.520324386851854,3467.0,0.0,0.0,0.0,15.0,7.0,46.666666666666664,0.0,0.0,7.759999999999996,7.0,0.0,0.4666666666666667,0.4666666666666667,0.4666666666666667,0.0,15.0,0.0,0.0,0.0,0.0,21.38,21.38,,933.0,21.571770700636947,616.0,10.144993965460252,3469.0,1.0,5.0,1.0,15.0,0.0,0.0,11.899999999999991,12.779999999999998,14.253333333333329,0.0,0.0,0.0,0.0,0.0,0.0,0.0,0.0,0.0,0.0,0.0,-2.5199999999999996,-2.5199999999999996,,4.0,-2.364132125805476,-2.0,0.6246695786083976,2.0,1.0,5.0,1.0,0.0,-7.0,-46.666666666666664,11.899999999999991,12.779999999999998,6.493333333333332,-7.0,0.0,-0.4666666666666667,-0.4666666666666667,-0.4666666666666667,0.0
LINK_239754,current_main_12,10.0,15.0,0.0,0.0,0.0,0.0,23.31,23.31,,799.0,23.55390508618855,670.0,8.865442607967237,3463.0,0.0,0.0,0.0,15.0,15.0,100.0,0.0,0.0,0.0,15.0,0.0,1.0,1.0,1.0,0.0,15.0,0.0,0.0,0.0,0.0,41.86,41.86,,799.0,42.436427221172025,653.0,6.924401963817552,3464.0,1.0,5.0,1.0,15.0,15.0,100.0,0.0,0.0,0.0466666666666668,15.0,0.0,1.0,1.0,1.0,0.0,0.0,0.0,0.0,0.0,0.0,18.55,18.55,,0.0,18.882522134983475,-17.0,-1.9410406441496857,1.0,1.0,5.0,1.0,0.0,0.0,0.0,0.0,0.0,0.0466666666666668,0.0,0.0,0.0,0.0,0.0,0.0
LINK_239754,current_main_12,11.0,15.0,0.0,0.0,0.0,0.0,19.87,19.87,,854.0,19.75759493670886,594.0,11.21685375792309,3464.0,0.0,0.0,0.0,15.0,15.0,100.0,0.0,0.0,0.0,15.0,0.0,1.0,1.0,1.0,0.0,15.0,0.0,0.0,0.0,0.0,37.54,37.54,,816.0,38.32868140054631,501.0,7.28032484024857,3463.0,1.0,5.0,1.0,15.0,15.0,100.0,0.0,0.0,0.0,15.0,0.0,1.0,1.0,1.0,0.0,0.0,0.0,0.0,0.0,0.0,17.669999999999998,17.669999999999998,,-38.0,18.57108646383745,-93.0,-3.9365289176745204,-1.0,1.0,5.0,1.0,0.0,0.0,0.0,0.0,0.0,0.0,0.0,0.0,0.0,0.0,0.0,0.0
LINK_239754,current_main_12,12.0,15.0,0.0,0.0,0.0,0.0,50.13,50.13,,763.0,50.77516975103182,736.0,4.3892406322496,3466.0,0.0,0.0,0.0,15.0,15.0,100.0,0.0,0.0,0.1666666666666666,15.0,0.0,1.0,1.0,1.0,0.0,15.0,0.0,0.0,0.0,0.0,49.2,49.2,,780.0,49.79546133985595,741.0,4.530541467913559,3466.0,1.0,5.0,1.0,15.0,15.0,100.0,0.0,0.0,0.1666666666666666,15.0,0.0,1.0,1.0,1.0,0.0,0.0,0.0,0.0,0.0,0.0,-0.9299999999999997,-0.9299999999999997,,17.0,-0.9797084111758707,5.0,0.14130083566395868,0.0,1.0,5.0,1.0,0.0,0.0,0.0,0.0,0.0,0.0,0.0,0.0,0.0,0.0,0.0,0.0
LINK_239754,current_main_12,13.0,15.0,0.0,0.0,0.0,0.0,27.06,27.06,,829.0,27.180877676489292,645.0,9.0644571593004,3467.0,0.0,0.0,0.0,15.0,15.0,100.0,0.0,0.0,0.5533333333333341,12.0,3.0,0.9,0.9,0.9,0.0,15.0,0.0,0.0,0.0,0.0,22.94,22.94,,840.0,23.166255881693928,643.0,9.126236005188584,3468.0,1.0,5.0,1.0,15.0,15.0,100.0,0.0,0.0,0.5533333333333341,12.0,3.0,0.9,0.9,0.9,0.0,0.0,0.0,0.0,0.0,0.0,-4.119999999999997,-4.119999999999997,,11.0,-4.014621794795364,-2.0,0.06177884588818472,1.0,1.0,5.0,1.0,0.0,0.0,0.0,0.0,0.0,0.0,0.0,0.0,0.0,0.0,0.0,0.0
LINK_239754,current_main_12,14.0,15.0,0.0,0.0,0.0,0.0,39.39,39.39,,862.0,39.89781132075472,614.0,6.9109193080421845,3470.0,0.0,0.0,0.0,15.0,7.0,46.666666666666664,0.0,0.0,20.85333333333334,7.0,0.0,0.4666666666666667,0.4666666666666667,0.4666666666666667,0.0,15.0,0.0,0.0,0.0,0.0,40.17,40.17,,867.0,40.85649654140961,640.0,7.015884414775875,3473.0,1.0,5.0,1.0,15.0,0.0,0.0,31.5,32.62000000000001,36.226666666666674,0.0,0.0,0.0,0.0,0.0,0.0,0.0,0.0,0.0,0.0,0.0,0.7800000000000011,0.7800000000000011,,5.0,0.9586852206548926,26.0,0.1049651067336903,3.0,1.0,5.0,1.0,0.0,-7.0,-46.666666666666664,31.5,32.62000000000001,15.373333333333335,-7.0,0.0,-0.4666666666666667,-0.4666666666666667,-0.4666666666666667,0.0
LINK_239754,current_main_12,15.0,15.0,0.0,0.0,0.0,0.0,43.55,43.55,,882.0,43.948034357449615,657.0,6.212816296763105,3469.0,0.0,0.0,0.0,15.0,7.0,46.666666666666664,0.0,0.0,12.106666666666667,7.0,0.0,0.4666666666666667,0.4666666666666667,0.4666666666666667,0.0,15.0,0.0,0.0,0.0,0.0,40.5,40.5,,896.0,40.82554134697357,660.0,6.554725136116323,3466.0,1.0,5.0,1.0,15.0,0.0,0.0,15.599999999999994,16.720000000000006,20.326666666666664,0.0,0.0,0.0,0.0,0.0,0.0,0.0,0.0,0.0,0.0,0.0,-3.049999999999997,-3.049999999999997,,14.0,-3.1224930104760418,3.0,0.34190883935321814,-3.0,1.0,5.0,1.0,0.0,-7.0,-46.666666666666664,15.599999999999994,16.720000000000006,8.219999999999997,-7.0,0.0,-0.4666666666666667,-0.4666666666666667,-0.4666666666666667,0.0
LINK_239754,current_main_12,16.0,15.0,0.0,0.0,0.0,0.0,21.18,21.18,,832.0,21.132323013639315,686.0,9.953787752433955,3462.0,0.0,0.0,0.0,15.0,7.0,46.666666666666664,0.0,0.0,5.0666666666666655,7.0,0.0,0.4666666666666667,0.4666666666666667,0.4666666666666667,0.0,15.0,0.0,0.0,0.0,0.0,22.44,22.44,,872.0,22.71161387631976,662.0,9.493297275352107,3465.0,1.0,5.0,1.0,15.0,1.0,6.666666666666667,2.3999999999999915,3.520000000000002,7.126666666666665,0.0,1.0,0.0333333333333333,0.0333333333333333,0.0333333333333333,0.0,0.0,0.0,0.0,0.0,0.0,1.2600000000000016,1.2600000000000016,,40.0,1.5792908626804447,-24.0,-0.46049047708184787,3.0,1.0,5.0,1.0,0.0,-6.0,-40.0,2.3999999999999915,3.520000000000002,2.0599999999999996,-7.0,1.0,-0.43333333333333335,-0.43333333333333335,-0.43333333333333335,0.0
LINK_239754,current_main_12,17.0,15.0,0.0,0.0,0.0,0.0,38.82,38.82,,851.0,39.621552829152165,646.0,6.689795984999013,3468.0,0.0,0.0,0.0,15.0,7.0,46.666666666666664,0.0,0.0,3.640000000000001,7.0,0.0,0.4666666666666667,0.4666666666666667,0.4666666666666667,0.0,15.0,0.0,0.0,0.0,0.0,38.74,38.74,,856.0,39.262284730195184,645.0,6.916659851552374,3468.0,1.0,5.0,1.0,15.0,4.0,26.666666666666668,0.5999999999999943,1.7200000000000046,4.860000000000001,2.0,2.0,0.2,0.2,0.2,0.0,0.0,0.0,0.0,0.0,0.0,-0.0799999999999983,-0.0799999999999983,,5.0,-0.3592680989569814,-1.0,0.22686386655336044,0.0,1.0,5.0,1.0,0.0,-3.0,-19.999999999999996,0.5999999999999943,1.7200000000000046,1.2200000000000002,-5.0,2.0,-0.26666666666666666,-0.26666666666666666,-0.26666666666666666,0.0
LINK_239754,current_main_12,18.0,15.0,0.0,0.0,0.0,0.0,26.47,26.47,,831.0,26.981772268135902,652.0,8.882892499668763,3468.0,0.0,0.0,0.0,15.0,15.0,100.0,0.0,0.0,0.0,15.0,0.0,1.0,1.0,1.0,0.0,15.0,0.0,0.0,0.0,0.0,25.66,25.66,,860.0,26.30866209262436,698.0,8.599442834878491,3465.0,1.0,5.0,1.0,15.0,15.0,100.0,0.0,0.0,0.0,15.0,0.0,1.0,1.0,1.0,0.0,0.0,0.0,0.0,0.0,0.0,-0.8099999999999987,-0.8099999999999987,,29.0,-0.6731101755115425,46.0,-0.2834496647902718,-3.0,1.0,5.0,1.0,0.0,0.0,0.0,0.0,0.0,0.0,0.0,0.0,0.0,0.0,0.0,0.0
LINK_239754,current_main_12,19.0,15.0,0.0,0.0,0.0,0.0,29.22,29.22,,832.0,29.52022798390702,615.0,8.519062295699655,3468.0,0.0,0.0,0.0,15.0,15.0,100.0,0.0,0.0,0.1666666666666666,15.0,0.0,1.0,1.0,1.0,0.0,15.0,0.0,0.0,0.0,0.0,26.83,26.83,,823.0,27.39197737746125,640.0,8.164212651281803,3466.0,1.0,5.0,1.0,15.0,15.0,100.0,0.0,0.0,0.1666666666666666,15.0,0.0,1.0,1.0,1.0,0.0,0.0,0.0,0.0,0.0,0.0,-2.3900000000000006,-2.3900000000000006,,-9.0,-2.1282506064457714,25.0,-0.35484964441785216,-2.0,1.0,5.0,1.0,0.0,0.0,0.0,0.0,0.0,0.0,0.0,0.0,0.0,0.0,0.0,0.0
LINK_239754,current_main_12,20.0,15.0,0.0,0.0,0.0,0.0,21.83,21.83,,838.0,22.129935572940635,673.0,9.69700140500174,3463.0,0.0,0.0,0.0,15.0,15.0,100.0,0.0,0.0,0.0,15.0,0.0,1.0,1.0,1.0,0.0,15.0,0.0,0.0,0.0,0.0,20.8,20.8,,857.0,20.813861867704283,667.0,10.258347152546174,3463.0,1.0,5.0,1.0,15.0,15.0,100.0,0.0,0.0,0.0,15.0,0.0,1.0,1.0,1.0,0.0,0.0,0.0,0.0,0.0,0.0,-1.0299999999999976,-1.0299999999999976,,19.0,-1.3160737052363523,-6.0,0.5613457475444328,0.0,1.0,5.0,1.0,0.0,0.0,0.0,0.0,0.0,0.0,0.0,0.0,0.0,0.0,0.0,0.0
LINK_239754,current_main_12,21.0,15.0,0.0,0.0,0.0,0.0,20.29,20.29,,849.0,20.741287779237847,608.0,10.176622835788876,3466.0,0.0,0.0,0.0,15.0,7.0,46.666666666666664,0.0,0.0,7.866666666666666,7.0,0.0,0.4666666666666667,0.4666666666666667,0.4666666666666667,0.0,15.0,0.0,0.0,0.0,0.0,19.69,19.69,,860.0,19.97298236237306,618.0,10.456516289964522,3466.0,1.0,5.0,1.0,15.0,0.0,0.0,13.0,13.0,17.0,0.0,0.0,0.0,0.0,0.0,0.0,0.0,0.0,0.0,0.0,0.0,-0.5999999999999979,-0.5999999999999979,,11.0,-0.7683054168647878,10.0,0.27989345417564593,0.0,1.0,5.0,1.0,0.0,-7.0,-46.666666666666664,13.0,13.0,9.133333333333333,-7.0,0.0,-0.4666666666666667,-0.4666666666666667,-0.4666666666666667,0.0
LINK_239754,current_main_12,22.0,15.0,0.0,0.0,0.0,0.0,20.24,20.24,,823.0,20.46413810483871,579.0,9.449577827295592,3469.0,0.0,0.0,0.0,15.0,15.0,100.0,0.0,0.0,0.0,15.0,0.0,1.0,1.0,1.0,0.0,15.0,0.0,0.0,0.0,0.0,22.86,22.86,,839.0,23.173825331971404,576.0,9.238290114856362,3470.0,1.0,5.0,1.0,15.0,15.0,100.0,0.0,0.0,0.2866666666666645,15.0,0.0,1.0,1.0,1.0,0.0,0.0,0.0,0.0,0.0,0.0,2.620000000000001,2.620000000000001,,16.0,2.7096872271326937,-3.0,-0.21128771243922984,1.0,1.0,5.0,1.0,0.0,0.0,0.0,0.0,0.0,0.2866666666666645,0.0,0.0,0.0,0.0,0.0,0.0
LINK_239754,current_main_12,23.0,15.0,0.0,0.0,0.0,0.0,28.29,28.29,,950.0,28.341528239202656,667.0,7.976952952251038,3469.0,0.0,0.0,0.0,15.0,7.0,46.666666666666664,0.0,0.0,9.306666666666665,7.0,0.0,0.4666666666666667,0.4666666666666667,0.4666666666666667,0.0,15.0,0.0,0.0,0.0,0.0,33.45,33.45,,934.0,33.76997929606625,686.0,7.33111472764048,3469.0,1.0,5.0,1.0,15.0,0.0,0.0,15.699999999999996,15.699999999999996,19.646666666666658,0.0,0.0,0.0,0.0,0.0,0.0,0.0,0.0,0.0,0.0,0.0,5.160000000000004,5.160000000000004,,-16.0,5.428451056863597,19.0,-0.6458382246105581,0.0,1.0,5.0,1.0,0.0,-7.0,-46.666666666666664,15.699999999999996,15.699999999999996,10.339999999999993,-7.0,0.0,-0.4666666666666667,-0.4666666666666667,-0.4666666666666667,0.0
LINK_239754,current_main_12,24.0,15.0,0.0,0.0,0.0,0.0,22.44,22.44,,812.0,22.928084784254352,653.0,10.34111769900993,3466.0,0.0,0.0,0.0,15.0,7.0,46.666666666666664,0.0,0.0,18.56,7.0,0.0,0.4666666666666667,0.4666666666666667,0.4666666666666667,0.0,15.0,0.0,0.0,0.0,0.0,20.76,20.76,,817.0,20.987924911212584,653.0,10.31744874043867,3467.0,1.0,5.0,1.0,15.0,0.0,0.0,27.59999999999999,28.72000000000001,32.326666666666675,0.0,0.0,0.0,0.0,0.0,0.0,0.0,0.0,0.0,0.0,0.0,-1.6799999999999997,-1.6799999999999997,,5.0,-1.9401598730417682,0.0,-0.02366895857126039,1.0,1.0,5.0,1.0,0.0,-7.0,-46.666666666666664,27.59999999999999,28.72000000000001,13.766666666666676,-7.0,0.0,-0.4666666666666667,-0.4666666666666667,-0.4666666666666667,0.0
LINK_239754,current_main_12,25.0,15.0,0.0,0.0,0.0,0.0,29.3,29.3,,838.0,29.922958754208754,642.0,8.457709910203343,3465.0,0.0,0.0,0.0,15.0,15.0,100.0,0.0,0.0,0.0,15.0,0.0,1.0,1.0,1.0,0.0,15.0,0.0,0.0,0.0,0.0,26.35,26.35,,832.0,26.94175897208684,644.0,8.559786217060438,3466.0,1.0,5.0,1.0,15.0,15.0,100.0,0.0,0.0,0.0,15.0,0.0,1.0,1.0,1.0,0.0,0.0,0.0,0.0,0.0,0.0,-2.9499999999999993,-2.9499999999999993,,-6.0,-2.9811997821219123,2.0,0.10207630685709468,1.0,1.0,5.0,1.0,0.0,0.0,0.0,0.0,0.0,0.0,0.0,0.0,0.0,0.0,0.0,0.0
LINK_239754,current_main_12,26.0,15.0,0.0,0.0,0.0,0.0,23.14,23.14,,885.0,23.67788200958933,650.0,8.586245789057894,3471.0,0.0,0.0,0.0,15.0,7.0,46.666666666666664,0.0,0.0,6.373333333333327,7.0,0.0,0.4666666666666667,0.4666666666666667,0.4666666666666667,0.0,15.0,0.0,0.0,0.0,0.0,24.12,24.12,,886.0,24.8094918101638,631.0,8.626356457950102,3470.0,1.0,5.0,1.0,15.0,0.0,0.0,10.199999999999989,10.199999999999989,14.199999999999989,0.0,0.0,0.0,0.0,0.0,0.0,0.0,0.0,0.0,0.0,0.0,0.9800000000000004,0.9800000000000004,,1.0,1.13160980057447,-19.0,0.04011066889220771,-1.0,1.0,5.0,1.0,0.0,-7.0,-46.666666666666664,10.199999999999989,10.199999999999989,7.826666666666662,-7.0,0.0,-0.4666666666666667,-0.4666666666666667,-0.4666666666666667,0.0
LINK_239754,current_main_12,27.0,15.0,0.0,0.0,0.0,0.0,25.17,25.17,,870.0,25.62032341784787,650.0,8.261693769801365,3466.0,0.0,0.0,0.0,15.0,15.0,100.0,0.0,0.0,0.3666666666666647,13.0,2.0,0.9333333333333332,0.9333333333333332,0.9333333333333332,0.0,15.0,0.0,0.0,0.0,0.0,42.84,42.84,,840.0,43.6203246645685,641.0,5.717493389770278,3465.0,1.0,5.0,1.0,15.0,15.0,100.0,0.0,0.0,0.3666666666666647,13.0,2.0,0.9333333333333332,0.9333333333333332,0.9333333333333332,0.0,0.0,0.0,0.0,0.0,0.0,17.67,17.67,,-30.0,18.00000124672063,-9.0,-2.5442003800310866,-1.0,1.0,5.0,1.0,0.0,0.0,0.0,0.0,0.0,0.0,0.0,0.0,0.0,0.0,0.0,0.0
LINK_239754,current_main_12,28.0,15.0,0.0,0.0,0.0,0.0,32.48,32.48,,767.0,32.95108994321304,655.0,7.445637345470127,3467.0,0.0,0.0,0.0,15.0,7.0,46.666666666666664,0.0,0.0,17.706666666666667,7.0,0.0,0.4666666666666667,0.4666666666666667,0.4666666666666667,0.0,15.0,0.0,0.0,0.0,0.0,23.51,23.51,,778.0,23.959583694709455,626.0,8.715249849318381,3467.0,1.0,5.0,1.0,15.0,0.0,0.0,26.09999999999999,27.22000000000001,30.82666666666667,0.0,0.0,0.0,0.0,0.0,0.0,0.0,0.0,0.0,0.0,0.0,-8.969999999999995,-8.969999999999995,,11.0,-8.991506248503587,-29.0,1.2696125038482542,0.0,1.0,5.0,1.0,0.0,-7.0,-46.666666666666664,26.09999999999999,27.22000000000001,13.120000000000005,-7.0,0.0,-0.4666666666666667,-0.4666666666666667,-0.4666666666666667,0.0
LINK_239754,current_main_12,29.0,15.0,0.0,0.0,0.0,0.0,24.4,24.4,,836.0,24.93449753589029,643.0,8.963498746474666,3473.0,0.0,0.0,0.0,15.0,7.0,46.666666666666664,0.0,0.0,16.373333333333335,7.0,0.0,0.4666666666666667,0.4666666666666667,0.4666666666666667,0.0,15.0,0.0,0.0,0.0,0.0,22.08,22.08,,834.0,22.537264957264956,660.0,8.989415361719415,3471.0,1.0,5.0,1.0,15.0,0.0,0.0,23.799999999999997,24.92000000000001,28.52666666666668,0.0,0.0,0.0,0.0,0.0,0.0,0.0,0.0,0.0,0.0,0.0,-2.3200000000000003,-2.3200000000000003,,-2.0,-2.397232578625335,17.0,0.025916615244748087,-2.0,1.0,5.0,1.0,0.0,-7.0,-46.666666666666664,23.799999999999997,24.92000000000001,12.153333333333347,-7.0,0.0,-0.4666666666666667,-0.4666666666666667,-0.4666666666666667,0.0
LINK_239754,current_main_12,30.0,15.0,0.0,0.0,0.0,0.0,29.41,29.41,,884.0,29.99129032258065,758.0,7.369852315105427,3469.0,0.0,0.0,0.0,15.0,7.0,46.666666666666664,0.0,0.0,2.8533333333333304,7.0,0.0,0.4666666666666667,0.4666666666666667,0.4666666666666667,0.0,15.0,0.0,0.0,0.0,0.0,23.71,23.71,,892.0,24.05061975938753,749.0,8.10716785072011,3470.0,1.0,5.0,1.0,15.0,0.0,0.0,3.5999999999999943,3.5999999999999943,7.599999999999994,0.0,0.0,0.0,0.0,0.0,0.0,0.0,0.0,0.0,0.0,0.0,-5.699999999999999,-5.699999999999999,,8.0,-5.94067056319312,-9.0,0.737315535614683,1.0,1.0,5.0,1.0,0.0,-7.0,-46.666666666666664,3.5999999999999943,3.5999999999999943,4.746666666666664,-7.0,0.0,-0.4666666666666667,-0.4666666666666667,-0.4666666666666667,0.0
NODE_10335,current_main_12,1.0,10.0,0.0,0.0,0.0,0.0,40.59,40.59,,831.0,41.12347682119205,339.0,4.990009864304897,3468.0,0.0,0.0,0.0,10.0,10.0,100.0,0.0,0.0,0.0,10.0,0.0,1.0,1.0,1.0,0.0,10.0,0.0,0.0,0.0,0.0,32.38,32.38,,845.0,33.05366705471478,333.0,6.412776066069746,3467.0,1.0,5.0,1.0,10.0,10.0,100.0,0.0,0.0,0.0,10.0,0.0,1.0,1.0,1.0,0.0,0.0,0.0,0.0,0.0,0.0,-8.21,-8.21,,14.0,-8.06980976647727,-6.0,1.4227662017648495,-1.0,1.0,5.0,1.0,0.0,0.0,0.0,0.0,0.0,0.0,0.0,0.0,0.0,0.0,0.0,0.0
NODE_10335,current_main_12,2.0,10.0,0.0,0.0,0.0,0.0,47.23,47.23,,802.0,47.72955277280859,297.0,4.455535364421636,3462.0,0.0,0.0,0.0,10.0,0.0,0.0,3.6000000000000227,6.210000000000003,11.590000000000009,0.0,0.0,0.0,0.0,0.0,0.0,10.0,0.0,0.0,0.0,0.0,48.91,48.91,,777.0,49.50124495289368,298.0,4.270984987665924,3459.0,1.0,5.0,1.0,10.0,0.0,0.0,3.5,4.940000000000021,11.400000000000016,0.0,0.0,0.0,0.0,0.0,0.0,0.0,0.0,0.0,0.0,0.0,1.6799999999999997,1.6799999999999997,,-25.0,1.7716921800850898,1.0,-0.18455037675571262,-3.0,1.0,5.0,1.0,0.0,0.0,0.0,-0.10000000000002274,-1.2699999999999818,-0.1899999999999924,0.0,0.0,0.0,0.0,0.0,0.0
NODE_10335,current_main_12,3.0,10.0,0.0,0.0,0.0,0.0,37.68,37.68,,935.0,37.81336976320583,331.0,5.819323750224602,3468.0,0.0,0.0,0.0,10.0,0.0,0.0,8.200000000000017,10.809999999999995,16.190000000000005,0.0,0.0,0.0,0.0,0.0,0.0,10.0,0.0,0.0,0.0,0.0,32.93,32.93,,923.0,33.18252048380804,332.0,6.579608864825935,3466.0,1.0,5.0,1.0,10.0,0.0,0.0,8.299999999999983,9.740000000000004,16.199999999999996,0.0,0.0,0.0,0.0,0.0,0.0,0.0,0.0,0.0,0.0,0.0,-4.75,-4.75,,-12.0,-4.630849279397786,1.0,0.7602851146013325,-2.0,1.0,5.0,1.0,0.0,0.0,0.0,0.0999999999999659,-1.0699999999999914,0.009999999999990905,0.0,0.0,0.0,0.0,0.0,0.0
NODE_10335,current_main_12,4.0,10.0,0.0,0.0,0.0,0.0,42.67,42.67,,887.0,43.161569552037726,317.0,4.778007328085135,3466.0,0.0,0.0,0.0,10.0,6.0,60.0,0.0,0.0,2.2099999999999964,4.0,2.0,0.5,0.5,0.5,0.0,10.0,0.0,0.0,0.0,0.0,41.94,41.94,,857.0,42.46689968542468,307.0,4.830284482517693,3465.0,1.0,5.0,1.0,10.0,6.0,60.0,0.0,0.0,2.119999999999996,4.0,2.0,0.5,0.5,0.5,0.0,0.0,0.0,0.0,0.0,0.0,-0.730000000000004,-0.730000000000004,,-30.0,-0.6946698666130473,-10.0,0.052277154432558426,-1.0,1.0,5.0,1.0,0.0,0.0,0.0,0.0,0.0,-0.0900000000000003,0.0,0.0,0.0,0.0,0.0,0.0
NODE_10335,current_main_12,5.0,10.0,0.0,0.0,0.0,0.0,48.73,48.73,,868.0,49.05391583869083,322.0,4.032646622274046,3464.0,0.0,0.0,0.0,10.0,0.0,0.0,3.6000000000000227,6.210000000000003,11.590000000000009,0.0,0.0,0.0,0.0,0.0,0.0,10.0,0.0,0.0,0.0,0.0,48.11,48.11,,855.0,48.221779859484776,326.0,4.151267886416886,3464.0,1.0,5.0,1.0,10.0,0.0,0.0,3.5,4.940000000000021,11.400000000000016,0.0,0.0,0.0,0.0,0.0,0.0,0.0,0.0,0.0,0.0,0.0,-0.6199999999999974,-0.6199999999999974,,-13.0,-0.8321359792060505,4.0,0.11862126414284013,0.0,1.0,5.0,1.0,0.0,0.0,0.0,-0.10000000000002274,-1.2699999999999818,-0.1899999999999924,0.0,0.0,0.0,0.0,0.0,0.0
NODE_10335,current_main_12,6.0,10.0,0.0,0.0,0.0,0.0,30.5,30.5,,906.0,30.75044762757386,313.0,6.8441774776986,3471.0,0.0,0.0,0.0,10.0,6.0,60.0,0.0,0.0,2.2099999999999964,4.0,2.0,0.5,0.5,0.5,0.0,10.0,0.0,0.0,0.0,0.0,31.51,31.51,,896.0,31.953082502266547,315.0,6.790279913530667,3472.0,1.0,5.0,1.0,10.0,6.0,60.0,0.0,0.0,2.139999999999998,4.0,2.0,0.5,0.5,0.5,0.0,0.0,0.0,0.0,0.0,0.0,1.0100000000000016,1.0100000000000016,,-10.0,1.2026348746926878,2.0,-0.0538975641679329,1.0,1.0,5.0,1.0,0.0,0.0,0.0,0.0,0.0,-0.06999999999999851,0.0,0.0,0.0,0.0,0.0,0.0
NODE_10335,current_main_12,7.0,10.0,0.0,0.0,0.0,0.0,43.69,43.69,,870.0,44.21639344262295,304.0,4.438936605254677,3467.0,0.0,0.0,0.0,10.0,0.0,0.0,3.6000000000000227,6.210000000000003,11.570000000000013,0.0,0.0,0.0,0.0,0.0,0.0,10.0,0.0,0.0,0.0,0.0,44.04,44.04,,877.0,44.74330816746741,305.0,4.341040667774396,3466.0,1.0,5.0,1.0,10.0,0.0,0.0,3.4000000000000057,4.840000000000001,11.310000000000008,0.0,0.0,0.0,0.0,0.0,0.0,0.0,0.0,0.0,0.0,0.0,0.3500000000000014,0.3500000000000014,,7.0,0.5269147248444597,1.0,-0.09789593748028036,-1.0,1.0,5.0,1.0,0.0,0.0,0.0,-0.20000000000001705,-1.3700000000000019,-0.2600000000000051,0.0,0.0,0.0,0.0,0.0,0.0
NODE_10335,current_main_12,8.0,10.0,0.0,0.0,0.0,0.0,36.41,36.41,,894.0,36.79539518900344,343.0,5.790455859700476,3464.0,0.0,0.0,0.0,10.0,0.0,0.0,3.6000000000000227,6.210000000000003,11.590000000000009,0.0,0.0,0.0,0.0,0.0,0.0,10.0,0.0,0.0,0.0,0.0,37.01,37.01,,878.0,37.57490585415953,342.0,5.577208873962617,3463.0,1.0,5.0,1.0,10.0,0.0,0.0,3.5,4.940000000000021,11.400000000000016,0.0,0.0,0.0,0.0,0.0,0.0,0.0,0.0,0.0,0.0,0.0,0.6000000000000014,0.6000000000000014,,-16.0,0.7795106651560886,-1.0,-0.21324698573785916,-1.0,1.0,5.0,1.0,0.0,0.0,0.0,-0.10000000000002274,-1.2699999999999818,-0.1899999999999924,0.0,0.0,0.0,0.0,0.0,0.0
NODE_10335,current_main_12,9.0,10.0,0.0,0.0,0.0,0.0,37.17,37.17,,929.0,37.94862248696947,324.0,5.454538698697638,3467.0,0.0,0.0,0.0,10.0,0.0,0.0,3.6000000000000227,6.210000000000003,11.590000000000009,0.0,0.0,0.0,0.0,0.0,0.0,10.0,0.0,0.0,0.0,0.0,40.12,40.12,,933.0,40.95217076700434,321.0,5.3918799685790395,3469.0,1.0,5.0,1.0,10.0,0.0,0.0,3.5,4.940000000000021,11.400000000000016,0.0,0.0,0.0,0.0,0.0,0.0,0.0,0.0,0.0,0.0,0.0,2.9499999999999957,2.9499999999999957,,4.0,3.0035482800348703,-3.0,-0.06265873011859835,2.0,1.0,5.0,1.0,0.0,0.0,0.0,-0.10000000000002274,-1.2699999999999818,-0.1899999999999924,0.0,0.0,0.0,0.0,0.0,0.0
NODE_10335,current_main_12,10.0,10.0,0.0,0.0,0.0,0.0,29.83,29.83,,799.0,30.11379310344828,319.0,7.16413935784174,3463.0,0.0,0.0,0.0,10.0,0.0,0.0,12.0,14.60999999999998,19.989999999999988,0.0,0.0,0.0,0.0,0.0,0.0,10.0,0.0,0.0,0.0,0.0,29.03,29.03,,799.0,29.460631672597867,314.0,7.2458204742513965,3464.0,1.0,5.0,1.0,10.0,0.0,0.0,11.899999999999975,13.339999999999998,19.79999999999999,0.0,0.0,0.0,0.0,0.0,0.0,0.0,0.0,0.0,0.0,0.0,-0.7999999999999972,-0.7999999999999972,,0.0,-0.6531614308504139,-5.0,0.0816811164096567,1.0,1.0,5.0,1.0,0.0,0.0,0.0,-0.10000000000002451,-1.2699999999999818,-0.18999999999999773,0.0,0.0,0.0,0.0,0.0,0.0
NODE_10335,current_main_12,11.0,10.0,0.0,0.0,0.0,0.0,44.54,44.54,,854.0,44.90439632545932,327.0,4.892314133157342,3464.0,0.0,0.0,0.0,10.0,6.0,60.0,0.0,0.0,2.2099999999999964,4.0,2.0,0.5,0.5,0.5,0.0,10.0,0.0,0.0,0.0,0.0,44.49,44.49,,816.0,44.875143532590336,321.0,4.996174862787682,3463.0,1.0,5.0,1.0,10.0,6.0,60.0,0.0,0.0,2.139999999999998,4.0,2.0,0.5,0.5,0.5,0.0,0.0,0.0,0.0,0.0,0.0,-0.04999999999999716,-0.04999999999999716,,-38.0,-0.029252792868980748,-6.0,0.10386072963034021,-1.0,1.0,5.0,1.0,0.0,0.0,0.0,0.0,0.0,-0.06999999999999851,0.0,0.0,0.0,0.0,0.0,0.0
NODE_10335,current_main_12,12.0,10.0,0.0,0.0,0.0,0.0,34.58,34.58,,763.0,35.04448075526507,319.0,5.90564887398768,3466.0,0.0,0.0,0.0,10.0,0.0,0.0,3.6000000000000227,6.210000000000003,11.590000000000009,0.0,0.0,0.0,0.0,0.0,0.0,10.0,0.0,0.0,0.0,0.0,34.09,34.09,,780.0,34.51419685327478,319.0,6.020879902451377,3466.0,1.0,5.0,1.0,10.0,0.0,0.0,3.5,4.940000000000021,11.400000000000016,0.0,0.0,0.0,0.0,0.0,0.0,0.0,0.0,0.0,0.0,0.0,-0.4899999999999949,-0.4899999999999949,,17.0,-0.5302839019902876,0.0,0.11523102846369682,0.0,1.0,5.0,1.0,0.0,0.0,0.0,-0.10000000000002274,-1.2699999999999818,-0.1899999999999924,0.0,0.0,0.0,0.0,0.0,0.0
NODE_10335,current_main_12,13.0,10.0,0.0,0.0,0.0,0.0,36.25,36.25,,829.0,36.69211752060194,329.0,5.934391209645713,3467.0,0.0,0.0,0.0,10.0,0.0,0.0,12.100000000000025,14.710000000000004,20.09000000000001,0.0,0.0,0.0,0.0,0.0,0.0,10.0,0.0,0.0,0.0,0.0,35.7,35.7,,840.0,36.24241635687733,327.0,6.0164557114429975,3468.0,1.0,5.0,1.0,10.0,0.0,0.0,11.899999999999975,13.339999999999998,19.79999999999999,0.0,0.0,0.0,0.0,0.0,0.0,0.0,0.0,0.0,0.0,0.0,-0.5499999999999972,-0.5499999999999972,,11.0,-0.4497011637246118,-2.0,0.08206450179728453,1.0,1.0,5.0,1.0,0.0,0.0,0.0,-0.20000000000004903,-1.3700000000000063,-0.29000000000002046,0.0,0.0,0.0,0.0,0.0,0.0
NODE_10335,current_main_12,14.0,10.0,0.0,0.0,0.0,0.0,48.87,48.87,,862.0,49.23895668090299,317.0,3.978073525639171,3470.0,0.0,0.0,0.0,10.0,6.0,60.0,0.0,0.0,2.2099999999999964,4.0,2.0,0.5,0.5,0.5,0.0,10.0,0.0,0.0,0.0,0.0,46.42,46.42,,867.0,46.98585160708922,336.0,4.048937435576321,3473.0,1.0,5.0,1.0,10.0,6.0,60.0,0.0,0.0,2.139999999999998,4.0,2.0,0.5,0.5,0.5,0.0,0.0,0.0,0.0,0.0,0.0,-2.4499999999999957,-2.4499999999999957,,5.0,-2.253105073813771,19.0,0.0708639099371502,3.0,1.0,5.0,1.0,0.0,0.0,0.0,0.0,0.0,-0.06999999999999851,0.0,0.0,0.0,0.0,0.0,0.0
NODE_10335,current_main_12,15.0,10.0,0.0,0.0,0.0,0.0,34.75,34.75,,882.0,35.13490241102181,323.0,6.1183775056316305,3469.0,0.0,0.0,0.0,10.0,6.0,60.0,0.0,0.0,2.2099999999999964,4.0,2.0,0.5,0.5,0.5,0.0,10.0,0.0,0.0,0.0,0.0,35.33,35.33,,896.0,35.73194959229058,323.0,5.963473872391519,3466.0,1.0,5.0,1.0,10.0,6.0,60.0,0.0,0.0,2.139999999999998,4.0,2.0,0.5,0.5,0.5,0.0,0.0,0.0,0.0,0.0,0.0,0.5799999999999983,0.5799999999999983,,14.0,0.5970471812687705,0.0,-0.15490363324011192,-3.0,1.0,5.0,1.0,0.0,0.0,0.0,0.0,0.0,-0.06999999999999851,0.0,0.0,0.0,0.0,0.0,0.0
NODE_10335,current_main_12,16.0,10.0,0.0,0.0,0.0,0.0,35.7,35.7,,832.0,35.810430839002265,278.0,6.480673160154485,3462.0,0.0,0.0,0.0,10.0,10.0,100.0,0.0,0.0,0.0,10.0,0.0,1.0,1.0,1.0,0.0,10.0,0.0,0.0,0.0,0.0,29.5,29.5,,872.0,29.60025826446281,268.0,7.522371802552329,3465.0,1.0,5.0,1.0,10.0,10.0,100.0,0.0,0.0,0.0,10.0,0.0,1.0,1.0,1.0,0.0,0.0,0.0,0.0,0.0,0.0,-6.200000000000003,-6.200000000000003,,40.0,-6.210172574539456,-10.0,1.0416986423978445,3.0,1.0,5.0,1.0,0.0,0.0,0.0,0.0,0.0,0.0,0.0,0.0,0.0,0.0,0.0,0.0
NODE_10335,current_main_12,17.0,10.0,0.0,0.0,0.0,0.0,36.7,36.7,,851.0,37.35947617315387,340.0,5.460848518961699,3468.0,0.0,0.0,0.0,10.0,10.0,100.0,0.0,0.0,0.0,10.0,0.0,1.0,1.0,1.0,0.0,10.0,0.0,0.0,0.0,0.0,32.08,32.08,,856.0,32.569142176330416,329.0,6.493739766262156,3468.0,1.0,5.0,1.0,10.0,10.0,100.0,0.0,0.0,0.0,10.0,0.0,1.0,1.0,1.0,0.0,0.0,0.0,0.0,0.0,0.0,-4.6200000000000045,-4.6200000000000045,,5.0,-4.790333996823456,-11.0,1.0328912473004568,0.0,1.0,5.0,1.0,0.0,0.0,0.0,0.0,0.0,0.0,0.0,0.0,0.0,0.0,0.0,0.0
NODE_10335,current_main_12,18.0,10.0,0.0,0.0,0.0,0.0,30.35,30.35,,831.0,30.587339228295814,325.0,6.922096832312579,3468.0,0.0,0.0,0.0,10.0,10.0,100.0,0.0,0.0,0.1699999999999988,9.0,1.0,0.95,0.95,0.95,0.0,10.0,0.0,0.0,0.0,0.0,30.65,30.65,,860.0,30.75832358674464,332.0,6.936861932466952,3465.0,1.0,5.0,1.0,10.0,10.0,100.0,0.0,0.0,0.1699999999999988,9.0,1.0,0.95,0.95,0.95,0.0,0.0,0.0,0.0,0.0,0.0,0.29999999999999716,0.29999999999999716,,29.0,0.17098435844882687,7.0,0.014765100154373378,-3.0,1.0,5.0,1.0,0.0,0.0,0.0,0.0,0.0,0.0,0.0,0.0,0.0,0.0,0.0,0.0
NODE_10335,current_main_12,19.0,10.0,0.0,0.0,0.0,0.0,34.89,34.89,,832.0,35.08787061994609,328.0,6.208957815198847,3468.0,0.0,0.0,0.0,10.0,9.0,90.0,0.0,0.0,0.9100000000000024,7.0,2.0,0.8,0.8,0.8,0.0,10.0,0.0,0.0,0.0,0.0,37.06,37.06,,823.0,37.48632025450689,331.0,5.4334961302960325,3466.0,1.0,5.0,1.0,10.0,9.0,90.0,0.0,0.0,1.009999999999998,7.0,2.0,0.8,0.8,0.8,0.0,0.0,0.0,0.0,0.0,0.0,2.1700000000000017,2.1700000000000017,,-9.0,2.398449634560805,3.0,-0.7754616849028144,-2.0,1.0,5.0,1.0,0.0,0.0,0.0,0.0,0.0,0.09999999999999565,0.0,0.0,0.0,0.0,0.0,0.0
NODE_10335,current_main_12,20.0,10.0,0.0,0.0,0.0,0.0,32.77,32.77,,838.0,33.21546153846154,319.0,6.512292036852461,3463.0,0.0,0.0,0.0,10.0,0.0,0.0,3.6000000000000227,6.210000000000003,11.590000000000009,0.0,0.0,0.0,0.0,0.0,0.0,10.0,0.0,0.0,0.0,0.0,32.88,32.88,,857.0,33.11623401782255,317.0,6.554503341088868,3463.0,1.0,5.0,1.0,10.0,0.0,0.0,3.5,4.940000000000021,11.400000000000016,0.0,0.0,0.0,0.0,0.0,0.0,0.0,0.0,0.0,0.0,0.0,0.10999999999999943,0.10999999999999943,,19.0,-0.09922752063899054,-2.0,0.04221130423640673,0.0,1.0,5.0,1.0,0.0,0.0,0.0,-0.10000000000002274,-1.2699999999999818,-0.1899999999999924,0.0,0.0,0.0,0.0,0.0,0.0
NODE_10335,current_main_12,21.0,10.0,0.0,0.0,0.0,0.0,36.94,36.94,,849.0,37.78188314417823,310.0,5.653261428116291,3466.0,0.0,0.0,0.0,10.0,6.0,60.0,0.0,0.0,2.219999999999993,4.0,2.0,0.5,0.5,0.5,0.0,10.0,0.0,0.0,0.0,0.0,36.88,36.88,,860.0,37.61447868298861,309.0,5.665768334542351,3466.0,1.0,5.0,1.0,10.0,6.0,60.0,0.0,0.0,2.219999999999993,4.0,2.0,0.5,0.5,0.5,0.0,0.0,0.0,0.0,0.0,0.0,-0.05999999999999517,-0.05999999999999517,,11.0,-0.16740446118961927,-1.0,0.012506906426059672,0.0,1.0,5.0,1.0,0.0,0.0,0.0,0.0,0.0,0.0,0.0,0.0,0.0,0.0,0.0,0.0
NODE_10335,current_main_12,22.0,10.0,0.0,0.0,0.0,0.0,44.77,44.77,,823.0,45.16874569262577,312.0,4.9225853668086925,3469.0,0.0,0.0,0.0,10.0,0.0,0.0,24.700000000000017,27.309999999999995,32.43000000000001,0.0,0.0,0.0,0.0,0.0,0.0,10.0,0.0,0.0,0.0,0.0,45.2,45.2,,839.0,45.706939196152526,312.0,4.812336505587973,3470.0,1.0,5.0,1.0,10.0,0.0,0.0,24.59999999999999,26.040000000000013,32.210000000000015,0.0,0.0,0.0,0.0,0.0,0.0,0.0,0.0,0.0,0.0,0.0,0.4299999999999997,0.4299999999999997,,16.0,0.538193503526756,0.0,-0.11024886122071909,1.0,1.0,5.0,1.0,0.0,0.0,0.0,-0.10000000000002629,-1.2699999999999818,-0.21999999999999176,0.0,0.0,0.0,0.0,0.0,0.0
NODE_10335,current_main_12,23.0,10.0,0.0,0.0,0.0,0.0,35.11,35.11,,950.0,35.71661775495231,330.0,5.617766100855941,3469.0,0.0,0.0,0.0,10.0,0.0,0.0,17.700000000000017,20.309999999999995,25.670000000000005,0.0,0.0,0.0,0.0,0.0,0.0,10.0,0.0,0.0,0.0,0.0,35.99,35.99,,934.0,36.533584054155696,317.0,5.499861503981593,3469.0,1.0,5.0,1.0,10.0,0.0,0.0,17.599999999999994,19.03999999999999,25.51,0.0,0.0,0.0,0.0,0.0,0.0,0.0,0.0,0.0,0.0,0.0,0.8800000000000026,0.8800000000000026,,-16.0,0.8169662992033864,-13.0,-0.1179045968743484,0.0,1.0,5.0,1.0,0.0,0.0,0.0,-0.10000000000002274,-1.2700000000000067,-0.1600000000000037,0.0,0.0,0.0,0.0,0.0,0.0
NODE_10335,current_main_12,24.0,10.0,0.0,0.0,0.0,0.0,29.89,29.89,,812.0,30.42221700328793,315.0,7.3343599514152285,3466.0,0.0,0.0,0.0,10.0,10.0,100.0,0.0,0.0,0.0,10.0,0.0,1.0,1.0,1.0,0.0,10.0,0.0,0.0,0.0,0.0,29.68,29.68,,817.0,30.08068609022557,314.0,7.39807713112393,3467.0,1.0,5.0,1.0,10.0,10.0,100.0,0.0,0.0,0.0,10.0,0.0,1.0,1.0,1.0,0.0,0.0,0.0,0.0,0.0,0.0,-0.21000000000000085,-0.21000000000000085,,5.0,-0.3415309130623605,-1.0,0.06371717970870172,1.0,1.0,5.0,1.0,0.0,0.0,0.0,0.0,0.0,0.0,0.0,0.0,0.0,0.0,0.0,0.0
NODE_10335,current_main_12,25.0,10.0,0.0,0.0,0.0,0.0,32.29,32.29,,838.0,32.496102362204724,329.0,6.590589136876797,3465.0,0.0,0.0,0.0,10.0,0.0,0.0,3.6000000000000227,6.210000000000003,9.48,0.0,0.0,0.0,0.0,0.0,0.0,10.0,0.0,0.0,0.0,0.0,31.92,31.92,,832.0,32.463775315246465,336.0,6.479454028343947,3466.0,1.0,5.0,1.0,10.0,0.0,0.0,3.5,4.940000000000021,9.290000000000004,0.0,0.0,0.0,0.0,0.0,0.0,0.0,0.0,0.0,0.0,0.0,-0.36999999999999744,-0.36999999999999744,,-6.0,-0.032327046958258165,7.0,-0.11113510853284936,1.0,1.0,5.0,1.0,0.0,0.0,0.0,-0.10000000000002274,-1.2699999999999818,-0.18999999999999595,0.0,0.0,0.0,0.0,0.0,0.0
NODE_10335,current_main_12,26.0,10.0,0.0,0.0,0.0,0.0,50.79,50.79,,885.0,51.43595353862778,359.0,3.804984455220663,3471.0,0.0,0.0,0.0,10.0,0.0,0.0,3.6000000000000227,6.210000000000003,11.590000000000009,0.0,0.0,0.0,0.0,0.0,0.0,10.0,0.0,0.0,0.0,0.0,51.76,51.76,,886.0,52.335097567495325,356.0,3.7603964506213887,3470.0,1.0,5.0,1.0,10.0,0.0,0.0,3.5,4.940000000000021,11.400000000000016,0.0,0.0,0.0,0.0,0.0,0.0,0.0,0.0,0.0,0.0,0.0,0.9699999999999989,0.9699999999999989,,1.0,0.8991440288675463,-3.0,-0.04458800459927437,-1.0,1.0,5.0,1.0,0.0,0.0,0.0,-0.10000000000002274,-1.2699999999999818,-0.1899999999999924,0.0,0.0,0.0,0.0,0.0,0.0
NODE_10335,current_main_12,27.0,10.0,0.0,0.0,0.0,0.0,40.92,40.92,,870.0,41.36176271186441,336.0,4.974843821754321,3466.0,0.0,0.0,0.0,10.0,6.0,60.0,0.0,0.0,2.2099999999999964,4.0,2.0,0.5,0.5,0.5,0.0,10.0,0.0,0.0,0.0,0.0,42.35,42.35,,840.0,42.5962495618647,316.0,5.021768530236084,3465.0,1.0,5.0,1.0,10.0,6.0,60.0,0.0,0.0,2.139999999999998,4.0,2.0,0.5,0.5,0.5,0.0,0.0,0.0,0.0,0.0,0.0,1.4299999999999997,1.4299999999999997,,-30.0,1.2344868500002946,-20.0,0.04692470848176278,-1.0,1.0,5.0,1.0,0.0,0.0,0.0,0.0,0.0,-0.06999999999999851,0.0,0.0,0.0,0.0,0.0,0.0
NODE_10335,current_main_12,28.0,10.0,0.0,0.0,0.0,0.0,47.65,47.65,,767.0,48.40642954856361,345.0,3.873120977964698,3467.0,0.0,0.0,0.0,10.0,0.0,0.0,11.800000000000011,14.409999999999991,19.79,0.0,0.0,0.0,0.0,0.0,0.0,10.0,0.0,0.0,0.0,0.0,48.29,48.29,,778.0,49.09513869815984,341.0,3.88980651652162,3467.0,1.0,5.0,1.0,10.0,0.0,0.0,11.899999999999975,13.339999999999998,19.79999999999999,0.0,0.0,0.0,0.0,0.0,0.0,0.0,0.0,0.0,0.0,0.0,0.6400000000000006,0.6400000000000006,,11.0,0.6887091495962352,-4.0,0.01668553855692201,0.0,1.0,5.0,1.0,0.0,0.0,0.0,0.09999999999996412,-1.0699999999999932,0.009999999999990905,0.0,0.0,0.0,0.0,0.0,0.0
NODE_10335,current_main_12,29.0,10.0,0.0,0.0,0.0,0.0,49.25,49.25,,836.0,49.526427310182456,337.0,4.192456747869468,3473.0,0.0,0.0,0.0,10.0,0.0,0.0,10.600000000000025,13.210000000000004,18.59000000000001,0.0,0.0,0.0,0.0,0.0,0.0,10.0,0.0,0.0,0.0,0.0,49.43,49.43,,834.0,49.78597271648873,336.0,4.165210904652492,3471.0,1.0,5.0,1.0,10.0,0.0,0.0,10.699999999999989,12.14000000000001,18.6,0.0,0.0,0.0,0.0,0.0,0.0,0.0,0.0,0.0,0.0,0.0,0.17999999999999972,0.17999999999999972,,-2.0,0.2595454063062732,-1.0,-0.027245843216975985,-2.0,1.0,5.0,1.0,0.0,0.0,0.0,0.09999999999996412,-1.069999999999995,0.009999999999990905,0.0,0.0,0.0,0.0,0.0,0.0
NODE_10335,current_main_12,30.0,10.0,0.0,0.0,0.0,0.0,32.22,32.22,,884.0,32.84667609618104,348.0,6.30294339109982,3469.0,0.0,0.0,0.0,10.0,0.0,0.0,3.6000000000000227,6.210000000000003,11.590000000000009,0.0,0.0,0.0,0.0,0.0,0.0,10.0,0.0,0.0,0.0,0.0,31.7,31.7,,892.0,32.13498552821997,348.0,6.340810247342026,3470.0,1.0,5.0,1.0,10.0,0.0,0.0,3.5,4.940000000000021,11.400000000000016,0.0,0.0,0.0,0.0,0.0,0.0,0.0,0.0,0.0,0.0,0.0,-0.5199999999999996,-0.5199999999999996,,8.0,-0.711690567961071,0.0,0.037866856242206204,1.0,1.0,5.0,1.0,0.0,0.0,0.0,-0.10000000000002274,-1.2699999999999818,-0.1899999999999924,0.0,0.0,0.0,0.0,0.0,0.0
NODE_10376,current_main_12,1.0,15.0,0.0,0.0,,,34.36,34.36,,831.0,34.642992066490365,601.0,5.795452759716508,3468.0,0.0,0.0,0.0,15.0,15.0,100.0,0.0,0.0,0.0,15.0,0.0,1.0,1.0,1.0,0.0,15.0,0.0,0.0,,,34.98,34.98,,845.0,35.22036259541985,579.0,5.387792243208285,3467.0,1.0,5.0,1.0,15.0,15.0,100.0,0.0,0.0,0.0,15.0,0.0,1.0,1.0,1.0,0.0,0.0,0.0,0.0,,,0.6199999999999974,0.6199999999999974,,14.0,0.5773705289294853,-22.0,-0.40766051650822366,-1.0,1.0,5.0,1.0,0.0,0.0,0.0,0.0,0.0,0.0,0.0,0.0,0.0,0.0,0.0,0.0
NODE_10376,current_main_12,2.0,15.0,0.0,0.0,,,44.68,44.68,,802.0,45.07689165531998,482.0,4.924283678599441,3462.0,0.0,0.0,0.0,15.0,15.0,100.0,0.0,0.0,0.0,15.0,0.0,1.0,1.0,1.0,0.0,15.0,0.0,0.0,,,50.17,50.17,,777.0,50.52888732888732,479.0,4.21608835078802,3459.0,1.0,5.0,1.0,15.0,15.0,100.0,0.0,0.0,0.0,15.0,0.0,1.0,1.0,1.0,0.0,0.0,0.0,0.0,,,5.490000000000002,5.490000000000002,,-25.0,5.451995673567339,-3.0,-0.7081953278114206,-3.0,1.0,5.0,1.0,0.0,0.0,0.0,0.0,0.0,0.0,0.0,0.0,0.0,0.0,0.0,0.0
NODE_10376,current_main_12,3.0,15.0,0.0,0.0,,,48.74,48.74,,935.0,49.6025614927905,602.0,4.552186352712832,3468.0,0.0,0.0,0.0,15.0,15.0,100.0,0.0,0.0,0.0,15.0,0.0,1.0,1.0,1.0,0.0,15.0,0.0,0.0,,,48.95,48.95,,923.0,49.50571242043414,601.0,4.339464569669897,3466.0,1.0,5.0,1.0,15.0,15.0,100.0,0.0,0.0,0.0,15.0,0.0,1.0,1.0,1.0,0.0,0.0,0.0,0.0,,,0.21000000000000085,0.21000000000000085,,-12.0,-0.0968490723563562,-1.0,-0.21272178304293554,-2.0,1.0,5.0,1.0,0.0,0.0,0.0,0.0,0.0,0.0,0.0,0.0,0.0,0.0,0.0,0.0
NODE_10376,current_main_12,4.0,15.0,0.0,0.0,,,37.37,37.37,,887.0,37.789725085910646,562.0,5.039471728250484,3466.0,0.0,0.0,0.0,15.0,15.0,100.0,0.0,0.0,0.0,15.0,0.0,1.0,1.0,1.0,0.0,15.0,0.0,0.0,,,47.34,47.34,,857.0,47.79609662689644,538.0,3.7509165244771503,3465.0,1.0,5.0,1.0,15.0,15.0,100.0,0.0,0.0,0.0,15.0,0.0,1.0,1.0,1.0,0.0,0.0,0.0,0.0,,,9.970000000000006,9.970000000000006,,-30.0,10.006371540985796,-24.0,-1.2885552037733334,-1.0,1.0,5.0,1.0,0.0,0.0,0.0,0.0,0.0,0.0,0.0,0.0,0.0,0.0,0.0,0.0
NODE_10376,current_main_12,5.0,15.0,0.0,0.0,,,42.55,42.55,,868.0,43.129775715390565,491.0,6.089549745587228,3464.0,0.0,0.0,0.0,15.0,15.0,100.0,0.0,0.0,0.0,15.0,0.0,1.0,1.0,1.0,0.0,15.0,0.0,0.0,,,53.32,53.32,,855.0,53.952923408845734,497.0,4.581139483254,3464.0,1.0,5.0,1.0,15.0,15.0,100.0,0.0,0.0,0.0,15.0,0.0,1.0,1.0,1.0,0.0,0.0,0.0,0.0,,,10.770000000000003,10.770000000000003,,-13.0,10.82314769345517,6.0,-1.5084102623332285,0.0,1.0,5.0,1.0,0.0,0.0,0.0,0.0,0.0,0.0,0.0,0.0,0.0,0.0,0.0,0.0
NODE_10376,current_main_12,6.0,15.0,0.0,0.0,,,32.57,32.57,,906.0,32.94027804227766,607.0,5.481910105573987,3471.0,0.0,0.0,0.0,15.0,15.0,100.0,0.0,0.0,0.0,15.0,0.0,1.0,1.0,1.0,0.0,15.0,0.0,0.0,,,33.03,33.03,,896.0,33.55460088691796,607.0,5.293234187801959,3472.0,1.0,5.0,1.0,15.0,15.0,100.0,0.0,0.0,0.0,15.0,0.0,1.0,1.0,1.0,0.0,0.0,0.0,0.0,,,0.46000000000000085,0.46000000000000085,,-10.0,0.6143228446402986,0.0,-0.18867591777202808,1.0,1.0,5.0,1.0,0.0,0.0,0.0,0.0,0.0,0.0,0.0,0.0,0.0,0.0,0.0,0.0
NODE_10376,current_main_12,7.0,15.0,0.0,0.0,,,39.74,39.74,,870.0,40.32243404583093,541.0,5.194895165994665,3467.0,0.0,0.0,0.0,15.0,15.0,100.0,0.0,0.0,0.0,15.0,0.0,1.0,1.0,1.0,0.0,15.0,0.0,0.0,,,35.88,35.88,,877.0,35.96697482297404,550.0,5.809021504647568,3466.0,1.0,5.0,1.0,15.0,15.0,100.0,0.0,0.0,0.0,15.0,0.0,1.0,1.0,1.0,0.0,0.0,0.0,0.0,,,-3.8599999999999994,-3.8599999999999994,,7.0,-4.355459222856894,9.0,0.6141263386529028,-1.0,1.0,5.0,1.0,0.0,0.0,0.0,0.0,0.0,0.0,0.0,0.0,0.0,0.0,0.0,0.0
NODE_10376,current_main_12,8.0,15.0,0.0,0.0,,,31.73,31.73,,894.0,31.943565658463267,630.0,6.108886847731632,3464.0,0.0,0.0,0.0,15.0,15.0,100.0,0.0,0.0,0.0,15.0,0.0,1.0,1.0,1.0,0.0,15.0,0.0,0.0,,,32.16,32.16,,878.0,32.31126892169688,628.0,6.232359776002213,3463.0,1.0,5.0,1.0,15.0,15.0,100.0,0.0,0.0,0.0,15.0,0.0,1.0,1.0,1.0,0.0,0.0,0.0,0.0,,,0.42999999999999616,0.42999999999999616,,-16.0,0.36770326323361147,-2.0,0.12347292827058176,-1.0,1.0,5.0,1.0,0.0,0.0,0.0,0.0,0.0,0.0,0.0,0.0,0.0,0.0,0.0,0.0
NODE_10376,current_main_12,9.0,15.0,0.0,0.0,,,32.57,32.57,,929.0,32.76386404293381,553.0,6.056607065508533,3467.0,0.0,0.0,0.0,15.0,15.0,100.0,0.0,0.0,0.0,15.0,0.0,1.0,1.0,1.0,0.0,15.0,0.0,0.0,,,32.41,32.41,,933.0,32.54248395967003,509.0,6.446899031152116,3469.0,1.0,5.0,1.0,15.0,15.0,100.0,0.0,0.0,0.0,15.0,0.0,1.0,1.0,1.0,0.0,0.0,0.0,0.0,,,-0.1600000000000037,-0.1600000000000037,,4.0,-0.22138008326378156,-44.0,0.3902919656435824,2.0,1.0,5.0,1.0,0.0,0.0,0.0,0.0,0.0,0.0,0.0,0.0,0.0,0.0,0.0,0.0
NODE_10376,current_main_12,10.0,15.0,0.0,0.0,,,45.52,45.52,,799.0,45.8619593285991,592.0,4.40938354954553,3463.0,0.0,0.0,0.0,15.0,15.0,100.0,0.0,0.0,0.0,15.0,0.0,1.0,1.0,1.0,0.0,15.0,0.0,0.0,,,60.05,60.05,,799.0,60.45337995337995,559.0,3.447783576770402,3464.0,1.0,5.0,1.0,15.0,15.0,100.0,0.0,0.0,0.0,15.0,0.0,1.0,1.0,1.0,0.0,0.0,0.0,0.0,,,14.529999999999994,14.529999999999994,,0.0,14.591420624780852,-33.0,-0.9615999727751281,1.0,1.0,5.0,1.0,0.0,0.0,0.0,0.0,0.0,0.0,0.0,0.0,0.0,0.0,0.0,0.0
NODE_10376,current_main_12,11.0,15.0,0.0,0.0,,,27.56,27.56,,854.0,27.663797330427673,485.0,7.695944302247999,3464.0,0.0,0.0,0.0,15.0,15.0,100.0,0.0,0.0,0.0,15.0,0.0,1.0,1.0,1.0,0.0,15.0,0.0,0.0,,,35.04,35.04,,816.0,35.71923167570116,469.0,5.687908346522928,3463.0,1.0,5.0,1.0,15.0,15.0,100.0,0.0,0.0,0.0,15.0,0.0,1.0,1.0,1.0,0.0,0.0,0.0,0.0,,,7.48,7.48,,-38.0,8.055434345273486,-16.0,-2.008035955725071,-1.0,1.0,5.0,1.0,0.0,0.0,0.0,0.0,0.0,0.0,0.0,0.0,0.0,0.0,0.0,0.0
NODE_10376,current_main_12,12.0,15.0,0.0,0.0,,,50.96,50.96,,763.0,51.3531914893617,519.0,3.4905469820847115,3466.0,0.0,0.0,0.0,15.0,15.0,100.0,0.0,0.0,0.0,15.0,0.0,1.0,1.0,1.0,0.0,15.0,0.0,0.0,,,50.91,50.91,,780.0,51.39631892914303,533.0,3.335542771763115,3466.0,1.0,5.0,1.0,15.0,15.0,100.0,0.0,0.0,0.0,15.0,0.0,1.0,1.0,1.0,0.0,0.0,0.0,0.0,,,-0.05000000000000426,-0.05000000000000426,,17.0,0.04312743978132971,14.0,-0.1550042103215965,0.0,1.0,5.0,1.0,0.0,0.0,0.0,0.0,0.0,0.0,0.0,0.0,0.0,0.0,0.0,0.0
NODE_10376,current_main_12,13.0,15.0,0.0,0.0,,,31.38,31.38,,829.0,31.478691628102652,571.0,6.4880767868951645,3467.0,0.0,0.0,0.0,15.0,15.0,100.0,0.0,0.0,0.0,15.0,0.0,1.0,1.0,1.0,0.0,15.0,0.0,0.0,,,31.16,31.16,,840.0,31.33900059725264,573.0,5.893562301327901,3468.0,1.0,5.0,1.0,15.0,15.0,100.0,0.0,0.0,0.0,15.0,0.0,1.0,1.0,1.0,0.0,0.0,0.0,0.0,,,-0.21999999999999886,-0.21999999999999886,,11.0,-0.13969103085001322,2.0,-0.5945144855672639,1.0,1.0,5.0,1.0,0.0,0.0,0.0,0.0,0.0,0.0,0.0,0.0,0.0,0.0,0.0,0.0
NODE_10376,current_main_12,14.0,15.0,0.0,0.0,,,45.62,45.62,,862.0,46.26575669680941,610.0,4.582373299783759,3470.0,0.0,0.0,0.0,15.0,15.0,100.0,0.0,0.0,0.0,15.0,0.0,1.0,1.0,1.0,0.0,15.0,0.0,0.0,,,46.89,46.89,,867.0,47.5794058316523,568.0,4.738549879234596,3473.0,1.0,5.0,1.0,15.0,15.0,100.0,0.0,0.0,0.0,15.0,0.0,1.0,1.0,1.0,0.0,0.0,0.0,0.0,,,1.2700000000000031,1.2700000000000031,,5.0,1.3136491348428905,-42.0,0.15617657945083696,3.0,1.0,5.0,1.0,0.0,0.0,0.0,0.0,0.0,0.0,0.0,0.0,0.0,0.0,0.0,0.0
NODE_10376,current_main_12,15.0,15.0,0.0,0.0,,,51.18,51.18,,882.0,51.67904604769762,622.0,3.82328973213042,3469.0,0.0,0.0,0.0,15.0,15.0,100.0,0.0,0.0,0.0,15.0,0.0,1.0,1.0,1.0,0.0,15.0,0.0,0.0,,,51.85,51.85,,896.0,52.28615231032516,636.0,3.763877592576213,3466.0,1.0,5.0,1.0,15.0,15.0,100.0,0.0,0.0,0.0,15.0,0.0,1.0,1.0,1.0,0.0,0.0,0.0,0.0,,,0.6700000000000017,0.6700000000000017,,14.0,0.6071062626275392,14.0,-0.05941213955420688,-3.0,1.0,5.0,1.0,0.0,0.0,0.0,0.0,0.0,0.0,0.0,0.0,0.0,0.0,0.0,0.0
NODE_10376,current_main_12,16.0,15.0,0.0,0.0,,,26.88,26.88,,832.0,27.086083584661782,568.0,6.98096782466004,3462.0,0.0,0.0,0.0,15.0,15.0,100.0,0.0,0.0,0.0,15.0,0.0,1.0,1.0,1.0,0.0,15.0,0.0,0.0,,,28.28,28.28,,872.0,28.65464371497198,574.0,6.439226822298432,3465.0,1.0,5.0,1.0,15.0,15.0,100.0,0.0,0.0,0.0,15.0,0.0,1.0,1.0,1.0,0.0,0.0,0.0,0.0,,,1.4000000000000021,1.4000000000000021,,40.0,1.5685601303101961,6.0,-0.5417410023616087,3.0,1.0,5.0,1.0,0.0,0.0,0.0,0.0,0.0,0.0,0.0,0.0,0.0,0.0,0.0,0.0
NODE_10376,current_main_12,17.0,15.0,0.0,0.0,,,45.92,45.92,,851.0,46.47742108079186,589.0,4.697908460822844,3468.0,0.0,0.0,0.0,15.0,15.0,100.0,0.0,0.0,0.0,15.0,0.0,1.0,1.0,1.0,0.0,15.0,0.0,0.0,,,44.56,44.56,,856.0,45.18145435054493,587.0,4.401495305733122,3468.0,1.0,5.0,1.0,15.0,15.0,100.0,0.0,0.0,0.0,15.0,0.0,1.0,1.0,1.0,0.0,0.0,0.0,0.0,,,-1.3599999999999994,-1.3599999999999994,,5.0,-1.2959667302469313,-2.0,-0.29641315508972177,0.0,1.0,5.0,1.0,0.0,0.0,0.0,0.0,0.0,0.0,0.0,0.0,0.0,0.0,0.0,0.0
NODE_10376,current_main_12,18.0,15.0,0.0,0.0,,,35.9,35.9,,831.0,36.4634703196347,575.0,5.245509132791843,3468.0,0.0,0.0,0.0,15.0,15.0,100.0,0.0,0.0,0.0,15.0,0.0,1.0,1.0,1.0,0.0,15.0,0.0,0.0,,,35.1,35.1,,860.0,35.818628509719225,611.0,5.207939845234748,3465.0,1.0,5.0,1.0,15.0,15.0,100.0,0.0,0.0,0.0,15.0,0.0,1.0,1.0,1.0,0.0,0.0,0.0,0.0,,,-0.7999999999999972,-0.7999999999999972,,29.0,-0.6448418099154765,36.0,-0.03756928755709499,-3.0,1.0,5.0,1.0,0.0,0.0,0.0,0.0,0.0,0.0,0.0,0.0,0.0,0.0,0.0,0.0
NODE_10376,current_main_12,19.0,15.0,0.0,0.0,,,36.67,36.67,,832.0,37.12376357056695,539.0,5.5405748965392645,3468.0,0.0,0.0,0.0,15.0,15.0,100.0,0.0,0.0,0.0,15.0,0.0,1.0,1.0,1.0,0.0,15.0,0.0,0.0,,,35.36,35.36,,823.0,35.82356332192398,583.0,5.183008198229368,3466.0,1.0,5.0,1.0,15.0,15.0,100.0,0.0,0.0,0.0,15.0,0.0,1.0,1.0,1.0,0.0,0.0,0.0,0.0,,,-1.3100000000000023,-1.3100000000000023,,-9.0,-1.3002002486429731,44.0,-0.3575666983098964,-2.0,1.0,5.0,1.0,0.0,0.0,0.0,0.0,0.0,0.0,0.0,0.0,0.0,0.0,0.0,0.0
NODE_10376,current_main_12,20.0,15.0,0.0,0.0,,,35.97,35.97,,838.0,36.44419438358892,585.0,5.902057413450877,3463.0,0.0,0.0,0.0,15.0,15.0,100.0,0.0,0.0,0.0,15.0,0.0,1.0,1.0,1.0,0.0,15.0,0.0,0.0,,,35.61,35.61,,857.0,36.09567066099729,583.0,5.680762620214816,3463.0,1.0,5.0,1.0,15.0,15.0,100.0,0.0,0.0,0.0,15.0,0.0,1.0,1.0,1.0,0.0,0.0,0.0,0.0,,,-0.35999999999999943,-0.35999999999999943,,19.0,-0.34852372259162934,-2.0,-0.22129479323606116,0.0,1.0,5.0,1.0,0.0,0.0,0.0,0.0,0.0,0.0,0.0,0.0,0.0,0.0,0.0,0.0
NODE_10376,current_main_12,21.0,15.0,0.0,0.0,,,47.51,47.51,,849.0,47.8638690252164,550.0,5.0313531936209674,3466.0,0.0,0.0,0.0,15.0,15.0,100.0,0.0,0.0,0.0,15.0,0.0,1.0,1.0,1.0,0.0,15.0,0.0,0.0,,,46.91,46.91,,860.0,47.20627802690583,552.0,5.095714298957865,3466.0,1.0,5.0,1.0,15.0,15.0,100.0,0.0,0.0,0.0,15.0,0.0,1.0,1.0,1.0,0.0,0.0,0.0,0.0,,,-0.6000000000000014,-0.6000000000000014,,11.0,-0.6575909983105745,2.0,0.06436110533689732,0.0,1.0,5.0,1.0,0.0,0.0,0.0,0.0,0.0,0.0,0.0,0.0,0.0,0.0,0.0,0.0
NODE_10376,current_main_12,22.0,15.0,0.0,0.0,,,27.69,27.69,,823.0,27.897583511016343,536.0,7.195106789101657,3469.0,0.0,0.0,0.0,15.0,15.0,100.0,0.0,0.0,0.0,15.0,0.0,1.0,1.0,1.0,0.0,15.0,0.0,0.0,,,30.62,30.62,,839.0,30.8468018018018,539.0,6.708847940148121,3470.0,1.0,5.0,1.0,15.0,15.0,100.0,0.0,0.0,0.0,15.0,0.0,1.0,1.0,1.0,0.0,0.0,0.0,0.0,,,2.9299999999999997,2.9299999999999997,,16.0,2.9492182907854563,3.0,-0.4862588489535362,1.0,1.0,5.0,1.0,0.0,0.0,0.0,0.0,0.0,0.0,0.0,0.0,0.0,0.0,0.0,0.0
NODE_10376,current_main_12,23.0,15.0,0.0,0.0,,,34.28,34.28,,950.0,34.51693970613072,627.0,5.509919247721456,3469.0,0.0,0.0,0.0,15.0,15.0,100.0,0.0,0.0,0.0,15.0,0.0,1.0,1.0,1.0,0.0,15.0,0.0,0.0,,,38.14,38.14,,934.0,38.74550998627839,622.0,4.580967100175037,3469.0,1.0,5.0,1.0,15.0,15.0,100.0,0.0,0.0,0.0,15.0,0.0,1.0,1.0,1.0,0.0,0.0,0.0,0.0,,,3.8599999999999994,3.8599999999999994,,-16.0,4.228570280147672,-5.0,-0.9289521475464184,0.0,1.0,5.0,1.0,0.0,0.0,0.0,0.0,0.0,0.0,0.0,0.0,0.0,0.0,0.0,0.0
NODE_10376,current_main_12,24.0,15.0,0.0,0.0,,,37.31,37.31,,812.0,37.72700869196523,562.0,6.195254317134019,3466.0,0.0,0.0,0.0,15.0,15.0,100.0,0.0,0.0,0.0,15.0,0.0,1.0,1.0,1.0,0.0,15.0,0.0,0.0,,,36.61,36.61,,817.0,36.99108075532342,573.0,5.935976222683375,3467.0,1.0,5.0,1.0,15.0,15.0,100.0,0.0,0.0,0.0,15.0,0.0,1.0,1.0,1.0,0.0,0.0,0.0,0.0,,,-0.7000000000000028,-0.7000000000000028,,5.0,-0.7359279366418079,11.0,-0.25927809445064387,1.0,1.0,5.0,1.0,0.0,0.0,0.0,0.0,0.0,0.0,0.0,0.0,0.0,0.0,0.0,0.0
NODE_10376,current_main_12,25.0,15.0,0.0,0.0,,,48.27,48.27,,838.0,48.86163209326248,579.0,4.471864575990591,3465.0,0.0,0.0,0.0,15.0,15.0,100.0,0.0,0.0,0.0,15.0,0.0,1.0,1.0,1.0,0.0,15.0,0.0,0.0,,,35.42,35.42,,832.0,35.992817888952054,576.0,5.417056253945478,3466.0,1.0,5.0,1.0,15.0,15.0,100.0,0.0,0.0,0.0,15.0,0.0,1.0,1.0,1.0,0.0,0.0,0.0,0.0,,,-12.850000000000001,-12.850000000000001,,-6.0,-12.868814204310425,-3.0,0.9451916779548863,1.0,1.0,5.0,1.0,0.0,0.0,0.0,0.0,0.0,0.0,0.0,0.0,0.0,0.0,0.0,0.0
NODE_10376,current_main_12,26.0,15.0,0.0,0.0,,,27.18,27.18,,885.0,27.557137192704204,602.0,6.522906257660467,3471.0,0.0,0.0,0.0,15.0,15.0,100.0,0.0,0.0,0.0,15.0,0.0,1.0,1.0,1.0,0.0,15.0,0.0,0.0,,,27.92,27.92,,886.0,28.320179189574425,577.0,6.546262163338555,3470.0,1.0,5.0,1.0,15.0,15.0,100.0,0.0,0.0,0.0,15.0,0.0,1.0,1.0,1.0,0.0,0.0,0.0,0.0,,,0.740000000000002,0.740000000000002,,1.0,0.7630419968702213,-25.0,0.02335590567808765,-1.0,1.0,5.0,1.0,0.0,0.0,0.0,0.0,0.0,0.0,0.0,0.0,0.0,0.0,0.0,0.0
NODE_10376,current_main_12,27.0,15.0,0.0,0.0,,,33.1,33.1,,870.0,33.438335561497325,623.0,5.3149265344208745,3466.0,0.0,0.0,0.0,15.0,15.0,100.0,0.0,0.0,0.0,15.0,0.0,1.0,1.0,1.0,0.0,15.0,0.0,0.0,,,50.87,50.87,,840.0,51.64873676781934,574.0,3.3557224779134627,3465.0,1.0,5.0,1.0,15.0,15.0,100.0,0.0,0.0,0.0,15.0,0.0,1.0,1.0,1.0,0.0,0.0,0.0,0.0,,,17.769999999999996,17.769999999999996,,-30.0,18.21040120632201,-49.0,-1.9592040565074118,-1.0,1.0,5.0,1.0,0.0,0.0,0.0,0.0,0.0,0.0,0.0,0.0,0.0,0.0,0.0,0.0
NODE_10376,current_main_12,28.0,15.0,0.0,0.0,,,36.4,36.4,,767.0,36.66397208985705,621.0,5.4535014852854085,3467.0,0.0,0.0,0.0,15.0,15.0,100.0,0.0,0.0,0.0,15.0,0.0,1.0,1.0,1.0,0.0,15.0,0.0,0.0,,,32.39,32.39,,778.0,32.715812261863526,601.0,5.6959467704947375,3467.0,1.0,5.0,1.0,15.0,15.0,100.0,0.0,0.0,0.0,15.0,0.0,1.0,1.0,1.0,0.0,0.0,0.0,0.0,,,-4.009999999999998,-4.009999999999998,,11.0,-3.9481598279935213,-20.0,0.24244528520932906,0.0,1.0,5.0,1.0,0.0,0.0,0.0,0.0,0.0,0.0,0.0,0.0,0.0,0.0,0.0,0.0
NODE_10376,current_main_12,29.0,15.0,0.0,0.0,,,30.98,30.98,,836.0,31.541756058800157,583.0,5.950839319239899,3473.0,0.0,0.0,0.0,15.0,15.0,100.0,0.0,0.0,0.0,15.0,0.0,1.0,1.0,1.0,0.0,15.0,0.0,0.0,,,29.78,29.78,,834.0,30.2959836225385,588.0,5.844977665761531,3471.0,1.0,5.0,1.0,15.0,15.0,100.0,0.0,0.0,0.0,15.0,0.0,1.0,1.0,1.0,0.0,0.0,0.0,0.0,,,-1.1999999999999993,-1.1999999999999993,,-2.0,-1.2457724362616567,5.0,-0.1058616534783674,-2.0,1.0,5.0,1.0,0.0,0.0,0.0,0.0,0.0,0.0,0.0,0.0,0.0,0.0,0.0,0.0
NODE_10376,current_main_12,30.0,15.0,0.0,0.0,,,35.5,35.5,,884.0,36.057283432811744,671.0,4.947646897504982,3469.0,0.0,0.0,0.0,15.0,15.0,100.0,0.0,0.0,0.0,15.0,0.0,1.0,1.0,1.0,0.0,15.0,0.0,0.0,,,33.25,33.25,,892.0,33.46341581756429,670.0,5.2159439939422185,3470.0,1.0,5.0,1.0,15.0,15.0,100.0,0.0,0.0,0.0,15.0,0.0,1.0,1.0,1.0,0.0,0.0,0.0,0.0,,,-2.25,-2.25,,8.0,-2.5938676152474542,-1.0,0.2682970964372364,1.0,1.0,5.0,1.0,0.0,0.0,0.0,0.0,0.0,0.0,0.0,0.0,0.0,0.0,0.0,0.0
NODE_10377,current_main_12,1.0,15.0,0.0,0.0,0.0,0.0,34.36,34.36,,831.0,34.642992066490365,601.0,5.795452759716508,3468.0,0.0,0.0,0.0,15.0,15.0,100.0,0.0,0.0,0.0,15.0,0.0,1.0,1.0,1.0,0.0,15.0,0.0,0.0,0.0,0.0,34.98,34.98,,845.0,35.22036259541985,579.0,5.387792243208285,3467.0,1.0,5.0,1.0,15.0,15.0,100.0,0.0,0.0,0.0,15.0,0.0,1.0,1.0,1.0,0.0,0.0,0.0,0.0,0.0,0.0,0.6199999999999974,0.6199999999999974,,14.0,0.5773705289294853,-22.0,-0.40766051650822366,-1.0,1.0,5.0,1.0,0.0,0.0,0.0,0.0,0.0,0.0,0.0,0.0,0.0,0.0,0.0,0.0
NODE_10377,current_main_12,2.0,15.0,0.0,0.0,0.0,0.0,44.68,44.68,,802.0,45.07689165531998,482.0,4.924283678599441,3462.0,0.0,0.0,0.0,15.0,15.0,100.0,0.0,0.0,0.0,15.0,0.0,1.0,1.0,1.0,0.0,15.0,0.0,0.0,0.0,0.0,50.17,50.17,,777.0,50.52888732888732,479.0,4.21608835078802,3459.0,1.0,5.0,1.0,15.0,15.0,100.0,0.0,0.0,0.0,15.0,0.0,1.0,1.0,1.0,0.0,0.0,0.0,0.0,0.0,0.0,5.490000000000002,5.490000000000002,,-25.0,5.451995673567339,-3.0,-0.7081953278114206,-3.0,1.0,5.0,1.0,0.0,0.0,0.0,0.0,0.0,0.0,0.0,0.0,0.0,0.0,0.0,0.0
NODE_10377,current_main_12,3.0,15.0,0.0,0.0,0.0,0.0,48.74,48.74,,935.0,49.6025614927905,602.0,4.552186352712832,3468.0,0.0,0.0,0.0,15.0,15.0,100.0,0.0,0.0,0.0,15.0,0.0,1.0,1.0,1.0,0.0,15.0,0.0,0.0,0.0,0.0,48.95,48.95,,923.0,49.50571242043414,601.0,4.339464569669897,3466.0,1.0,5.0,1.0,15.0,15.0,100.0,0.0,0.0,0.0,15.0,0.0,1.0,1.0,1.0,0.0,0.0,0.0,0.0,0.0,0.0,0.21000000000000085,0.21000000000000085,,-12.0,-0.0968490723563562,-1.0,-0.21272178304293554,-2.0,1.0,5.0,1.0,0.0,0.0,0.0,0.0,0.0,0.0,0.0,0.0,0.0,0.0,0.0,0.0
NODE_10377,current_main_12,4.0,15.0,0.0,0.0,0.0,0.0,37.37,37.37,,887.0,37.789725085910646,562.0,5.039471728250484,3466.0,0.0,0.0,0.0,15.0,15.0,100.0,0.0,0.0,0.0,15.0,0.0,1.0,1.0,1.0,0.0,15.0,0.0,0.0,0.0,0.0,47.34,47.34,,857.0,47.79609662689644,538.0,3.7509165244771503,3465.0,1.0,5.0,1.0,15.0,15.0,100.0,0.0,0.0,0.0,15.0,0.0,1.0,1.0,1.0,0.0,0.0,0.0,0.0,0.0,0.0,9.970000000000006,9.970000000000006,,-30.0,10.006371540985796,-24.0,-1.2885552037733334,-1.0,1.0,5.0,1.0,0.0,0.0,0.0,0.0,0.0,0.0,0.0,0.0,0.0,0.0,0.0,0.0
NODE_10377,current_main_12,5.0,15.0,0.0,0.0,0.0,0.0,42.55,42.55,,868.0,43.129775715390565,491.0,6.089549745587228,3464.0,0.0,0.0,0.0,15.0,15.0,100.0,0.0,0.0,0.0,15.0,0.0,1.0,1.0,1.0,0.0,15.0,0.0,0.0,0.0,0.0,53.32,53.32,,855.0,53.952923408845734,497.0,4.581139483254,3464.0,1.0,5.0,1.0,15.0,15.0,100.0,0.0,0.0,0.0,15.0,0.0,1.0,1.0,1.0,0.0,0.0,0.0,0.0,0.0,0.0,10.770000000000003,10.770000000000003,,-13.0,10.82314769345517,6.0,-1.5084102623332285,0.0,1.0,5.0,1.0,0.0,0.0,0.0,0.0,0.0,0.0,0.0,0.0,0.0,0.0,0.0,0.0
NODE_10377,current_main_12,6.0,15.0,0.0,0.0,0.0,0.0,32.57,32.57,,906.0,32.94027804227766,607.0,5.481910105573987,3471.0,0.0,0.0,0.0,15.0,15.0,100.0,0.0,0.0,0.0,15.0,0.0,1.0,1.0,1.0,0.0,15.0,0.0,0.0,0.0,0.0,33.03,33.03,,896.0,33.55460088691796,607.0,5.293234187801959,3472.0,1.0,5.0,1.0,15.0,15.0,100.0,0.0,0.0,0.0,15.0,0.0,1.0,1.0,1.0,0.0,0.0,0.0,0.0,0.0,0.0,0.46000000000000085,0.46000000000000085,,-10.0,0.6143228446402986,0.0,-0.18867591777202808,1.0,1.0,5.0,1.0,0.0,0.0,0.0,0.0,0.0,0.0,0.0,0.0,0.0,0.0,0.0,0.0
NODE_10377,current_main_12,7.0,15.0,0.0,0.0,0.0,0.0,39.74,39.74,,870.0,40.32243404583093,541.0,5.194895165994665,3467.0,0.0,0.0,0.0,15.0,15.0,100.0,0.0,0.0,0.0,15.0,0.0,1.0,1.0,1.0,0.0,15.0,0.0,0.0,0.0,0.0,35.88,35.88,,877.0,35.96697482297404,550.0,5.809021504647568,3466.0,1.0,5.0,1.0,15.0,15.0,100.0,0.0,0.0,0.0,15.0,0.0,1.0,1.0,1.0,0.0,0.0,0.0,0.0,0.0,0.0,-3.8599999999999994,-3.8599999999999994,,7.0,-4.355459222856894,9.0,0.6141263386529028,-1.0,1.0,5.0,1.0,0.0,0.0,0.0,0.0,0.0,0.0,0.0,0.0,0.0,0.0,0.0,0.0
NODE_10377,current_main_12,8.0,15.0,0.0,0.0,0.0,0.0,31.73,31.73,,894.0,31.943565658463267,630.0,6.108886847731632,3464.0,0.0,0.0,0.0,15.0,15.0,100.0,0.0,0.0,0.0,15.0,0.0,1.0,1.0,1.0,0.0,15.0,0.0,0.0,0.0,0.0,32.16,32.16,,878.0,32.31126892169688,628.0,6.232359776002213,3463.0,1.0,5.0,1.0,15.0,15.0,100.0,0.0,0.0,0.0,15.0,0.0,1.0,1.0,1.0,0.0,0.0,0.0,0.0,0.0,0.0,0.42999999999999616,0.42999999999999616,,-16.0,0.36770326323361147,-2.0,0.12347292827058176,-1.0,1.0,5.0,1.0,0.0,0.0,0.0,0.0,0.0,0.0,0.0,0.0,0.0,0.0,0.0,0.0
NODE_10377,current_main_12,9.0,15.0,0.0,0.0,0.0,0.0,32.57,32.57,,929.0,32.76386404293381,553.0,6.056607065508533,3467.0,0.0,0.0,0.0,15.0,15.0,100.0,0.0,0.0,0.0,15.0,0.0,1.0,1.0,1.0,0.0,15.0,0.0,0.0,0.0,0.0,32.41,32.41,,933.0,32.54248395967003,509.0,6.446899031152116,3469.0,1.0,5.0,1.0,15.0,15.0,100.0,0.0,0.0,0.0,15.0,0.0,1.0,1.0,1.0,0.0,0.0,0.0,0.0,0.0,0.0,-0.1600000000000037,-0.1600000000000037,,4.0,-0.22138008326378156,-44.0,0.3902919656435824,2.0,1.0,5.0,1.0,0.0,0.0,0.0,0.0,0.0,0.0,0.0,0.0,0.0,0.0,0.0,0.0
NODE_10377,current_main_12,10.0,15.0,0.0,0.0,0.0,0.0,45.52,45.52,,799.0,45.8619593285991,592.0,4.40938354954553,3463.0,0.0,0.0,0.0,15.0,15.0,100.0,0.0,0.0,0.0,15.0,0.0,1.0,1.0,1.0,0.0,15.0,0.0,0.0,0.0,0.0,60.05,60.05,,799.0,60.45337995337995,559.0,3.447783576770402,3464.0,1.0,5.0,1.0,15.0,15.0,100.0,0.0,0.0,0.0,15.0,0.0,1.0,1.0,1.0,0.0,0.0,0.0,0.0,0.0,0.0,14.529999999999994,14.529999999999994,,0.0,14.591420624780852,-33.0,-0.9615999727751281,1.0,1.0,5.0,1.0,0.0,0.0,0.0,0.0,0.0,0.0,0.0,0.0,0.0,0.0,0.0,0.0
NODE_10377,current_main_12,11.0,15.0,0.0,0.0,0.0,0.0,27.56,27.56,,854.0,27.663797330427673,485.0,7.695944302247999,3464.0,0.0,0.0,0.0,15.0,15.0,100.0,0.0,0.0,0.0,15.0,0.0,1.0,1.0,1.0,0.0,15.0,0.0,0.0,0.0,0.0,35.04,35.04,,816.0,35.71923167570116,469.0,5.687908346522928,3463.0,1.0,5.0,1.0,15.0,15.0,100.0,0.0,0.0,0.0,15.0,0.0,1.0,1.0,1.0,0.0,0.0,0.0,0.0,0.0,0.0,7.48,7.48,,-38.0,8.055434345273486,-16.0,-2.008035955725071,-1.0,1.0,5.0,1.0,0.0,0.0,0.0,0.0,0.0,0.0,0.0,0.0,0.0,0.0,0.0,0.0
NODE_10377,current_main_12,12.0,15.0,0.0,0.0,0.0,0.0,50.96,50.96,,763.0,51.3531914893617,519.0,3.4905469820847115,3466.0,0.0,0.0,0.0,15.0,15.0,100.0,0.0,0.0,0.0,15.0,0.0,1.0,1.0,1.0,0.0,15.0,0.0,0.0,0.0,0.0,50.91,50.91,,780.0,51.39631892914303,533.0,3.335542771763115,3466.0,1.0,5.0,1.0,15.0,15.0,100.0,0.0,0.0,0.0,15.0,0.0,1.0,1.0,1.0,0.0,0.0,0.0,0.0,0.0,0.0,-0.05000000000000426,-0.05000000000000426,,17.0,0.04312743978132971,14.0,-0.1550042103215965,0.0,1.0,5.0,1.0,0.0,0.0,0.0,0.0,0.0,0.0,0.0,0.0,0.0,0.0,0.0,0.0
NODE_10377,current_main_12,13.0,15.0,0.0,0.0,0.0,0.0,31.38,31.38,,829.0,31.478691628102652,571.0,6.4880767868951645,3467.0,0.0,0.0,0.0,15.0,15.0,100.0,0.0,0.0,0.0,15.0,0.0,1.0,1.0,1.0,0.0,15.0,0.0,0.0,0.0,0.0,31.16,31.16,,840.0,31.33900059725264,573.0,5.893562301327901,3468.0,1.0,5.0,1.0,15.0,15.0,100.0,0.0,0.0,0.0,15.0,0.0,1.0,1.0,1.0,0.0,0.0,0.0,0.0,0.0,0.0,-0.21999999999999886,-0.21999999999999886,,11.0,-0.13969103085001322,2.0,-0.5945144855672639,1.0,1.0,5.0,1.0,0.0,0.0,0.0,0.0,0.0,0.0,0.0,0.0,0.0,0.0,0.0,0.0
NODE_10377,current_main_12,14.0,15.0,0.0,0.0,0.0,0.0,45.62,45.62,,862.0,46.26575669680941,610.0,4.582373299783759,3470.0,0.0,0.0,0.0,15.0,15.0,100.0,0.0,0.0,0.0,15.0,0.0,1.0,1.0,1.0,0.0,15.0,0.0,0.0,0.0,0.0,46.89,46.89,,867.0,47.5794058316523,568.0,4.738549879234596,3473.0,1.0,5.0,1.0,15.0,15.0,100.0,0.0,0.0,0.0,15.0,0.0,1.0,1.0,1.0,0.0,0.0,0.0,0.0,0.0,0.0,1.2700000000000031,1.2700000000000031,,5.0,1.3136491348428905,-42.0,0.15617657945083696,3.0,1.0,5.0,1.0,0.0,0.0,0.0,0.0,0.0,0.0,0.0,0.0,0.0,0.0,0.0,0.0
NODE_10377,current_main_12,15.0,15.0,0.0,0.0,0.0,0.0,51.18,51.18,,882.0,51.67904604769762,622.0,3.82328973213042,3469.0,0.0,0.0,0.0,15.0,15.0,100.0,0.0,0.0,0.0,15.0,0.0,1.0,1.0,1.0,0.0,15.0,0.0,0.0,0.0,0.0,51.85,51.85,,896.0,52.28615231032516,636.0,3.763877592576213,3466.0,1.0,5.0,1.0,15.0,15.0,100.0,0.0,0.0,0.0,15.0,0.0,1.0,1.0,1.0,0.0,0.0,0.0,0.0,0.0,0.0,0.6700000000000017,0.6700000000000017,,14.0,0.6071062626275392,14.0,-0.05941213955420688,-3.0,1.0,5.0,1.0,0.0,0.0,0.0,0.0,0.0,0.0,0.0,0.0,0.0,0.0,0.0,0.0
NODE_10377,current_main_12,16.0,15.0,0.0,0.0,0.0,0.0,26.88,26.88,,832.0,27.086083584661782,568.0,6.98096782466004,3462.0,0.0,0.0,0.0,15.0,15.0,100.0,0.0,0.0,0.0,15.0,0.0,1.0,1.0,1.0,0.0,15.0,0.0,0.0,0.0,0.0,28.28,28.28,,872.0,28.65464371497198,574.0,6.439226822298432,3465.0,1.0,5.0,1.0,15.0,15.0,100.0,0.0,0.0,0.0,15.0,0.0,1.0,1.0,1.0,0.0,0.0,0.0,0.0,0.0,0.0,1.4000000000000021,1.4000000000000021,,40.0,1.5685601303101961,6.0,-0.5417410023616087,3.0,1.0,5.0,1.0,0.0,0.0,0.0,0.0,0.0,0.0,0.0,0.0,0.0,0.0,0.0,0.0
NODE_10377,current_main_12,17.0,15.0,0.0,0.0,0.0,0.0,45.92,45.92,,851.0,46.47742108079186,589.0,4.697908460822844,3468.0,0.0,0.0,0.0,15.0,15.0,100.0,0.0,0.0,0.0,15.0,0.0,1.0,1.0,1.0,0.0,15.0,0.0,0.0,0.0,0.0,44.56,44.56,,856.0,45.18145435054493,587.0,4.401495305733122,3468.0,1.0,5.0,1.0,15.0,15.0,100.0,0.0,0.0,0.0,15.0,0.0,1.0,1.0,1.0,0.0,0.0,0.0,0.0,0.0,0.0,-1.3599999999999994,-1.3599999999999994,,5.0,-1.2959667302469313,-2.0,-0.29641315508972177,0.0,1.0,5.0,1.0,0.0,0.0,0.0,0.0,0.0,0.0,0.0,0.0,0.0,0.0,0.0,0.0
NODE_10377,current_main_12,18.0,15.0,0.0,0.0,0.0,0.0,35.9,35.9,,831.0,36.4634703196347,575.0,5.245509132791843,3468.0,0.0,0.0,0.0,15.0,15.0,100.0,0.0,0.0,0.0,15.0,0.0,1.0,1.0,1.0,0.0,15.0,0.0,0.0,0.0,0.0,35.1,35.1,,860.0,35.818628509719225,611.0,5.207939845234748,3465.0,1.0,5.0,1.0,15.0,15.0,100.0,0.0,0.0,0.0,15.0,0.0,1.0,1.0,1.0,0.0,0.0,0.0,0.0,0.0,0.0,-0.7999999999999972,-0.7999999999999972,,29.0,-0.6448418099154765,36.0,-0.03756928755709499,-3.0,1.0,5.0,1.0,0.0,0.0,0.0,0.0,0.0,0.0,0.0,0.0,0.0,0.0,0.0,0.0
NODE_10377,current_main_12,19.0,15.0,0.0,0.0,0.0,0.0,36.67,36.67,,832.0,37.12376357056695,539.0,5.5405748965392645,3468.0,0.0,0.0,0.0,15.0,15.0,100.0,0.0,0.0,0.0,15.0,0.0,1.0,1.0,1.0,0.0,15.0,0.0,0.0,0.0,0.0,35.36,35.36,,823.0,35.82356332192398,583.0,5.183008198229368,3466.0,1.0,5.0,1.0,15.0,15.0,100.0,0.0,0.0,0.0,15.0,0.0,1.0,1.0,1.0,0.0,0.0,0.0,0.0,0.0,0.0,-1.3100000000000023,-1.3100000000000023,,-9.0,-1.3002002486429731,44.0,-0.3575666983098964,-2.0,1.0,5.0,1.0,0.0,0.0,0.0,0.0,0.0,0.0,0.0,0.0,0.0,0.0,0.0,0.0
NODE_10377,current_main_12,20.0,15.0,0.0,0.0,0.0,0.0,35.97,35.97,,838.0,36.44419438358892,585.0,5.902057413450877,3463.0,0.0,0.0,0.0,15.0,15.0,100.0,0.0,0.0,0.0,15.0,0.0,1.0,1.0,1.0,0.0,15.0,0.0,0.0,0.0,0.0,35.61,35.61,,857.0,36.09567066099729,583.0,5.680762620214816,3463.0,1.0,5.0,1.0,15.0,15.0,100.0,0.0,0.0,0.0,15.0,0.0,1.0,1.0,1.0,0.0,0.0,0.0,0.0,0.0,0.0,-0.35999999999999943,-0.35999999999999943,,19.0,-0.34852372259162934,-2.0,-0.22129479323606116,0.0,1.0,5.0,1.0,0.0,0.0,0.0,0.0,0.0,0.0,0.0,0.0,0.0,0.0,0.0,0.0
NODE_10377,current_main_12,21.0,15.0,0.0,0.0,0.0,0.0,47.51,47.51,,849.0,47.8638690252164,550.0,5.0313531936209674,3466.0,0.0,0.0,0.0,15.0,15.0,100.0,0.0,0.0,0.0,15.0,0.0,1.0,1.0,1.0,0.0,15.0,0.0,0.0,0.0,0.0,46.91,46.91,,860.0,47.20627802690583,552.0,5.095714298957865,3466.0,1.0,5.0,1.0,15.0,15.0,100.0,0.0,0.0,0.0,15.0,0.0,1.0,1.0,1.0,0.0,0.0,0.0,0.0,0.0,0.0,-0.6000000000000014,-0.6000000000000014,,11.0,-0.6575909983105745,2.0,0.06436110533689732,0.0,1.0,5.0,1.0,0.0,0.0,0.0,0.0,0.0,0.0,0.0,0.0,0.0,0.0,0.0,0.0
NODE_10377,current_main_12,22.0,15.0,0.0,0.0,0.0,0.0,27.69,27.69,,823.0,27.897583511016343,536.0,7.195106789101657,3469.0,0.0,0.0,0.0,15.0,15.0,100.0,0.0,0.0,0.0,15.0,0.0,1.0,1.0,1.0,0.0,15.0,0.0,0.0,0.0,0.0,30.62,30.62,,839.0,30.8468018018018,539.0,6.708847940148121,3470.0,1.0,5.0,1.0,15.0,15.0,100.0,0.0,0.0,0.0,15.0,0.0,1.0,1.0,1.0,0.0,0.0,0.0,0.0,0.0,0.0,2.9299999999999997,2.9299999999999997,,16.0,2.9492182907854563,3.0,-0.4862588489535362,1.0,1.0,5.0,1.0,0.0,0.0,0.0,0.0,0.0,0.0,0.0,0.0,0.0,0.0,0.0,0.0
NODE_10377,current_main_12,23.0,15.0,0.0,0.0,0.0,0.0,34.28,34.28,,950.0,34.51693970613072,627.0,5.509919247721456,3469.0,0.0,0.0,0.0,15.0,15.0,100.0,0.0,0.0,0.0,15.0,0.0,1.0,1.0,1.0,0.0,15.0,0.0,0.0,0.0,0.0,38.14,38.14,,934.0,38.74550998627839,622.0,4.580967100175037,3469.0,1.0,5.0,1.0,15.0,15.0,100.0,0.0,0.0,0.0,15.0,0.0,1.0,1.0,1.0,0.0,0.0,0.0,0.0,0.0,0.0,3.8599999999999994,3.8599999999999994,,-16.0,4.228570280147672,-5.0,-0.9289521475464184,0.0,1.0,5.0,1.0,0.0,0.0,0.0,0.0,0.0,0.0,0.0,0.0,0.0,0.0,0.0,0.0
NODE_10377,current_main_12,24.0,15.0,0.0,0.0,0.0,0.0,37.31,37.31,,812.0,37.72700869196523,562.0,6.195254317134019,3466.0,0.0,0.0,0.0,15.0,15.0,100.0,0.0,0.0,0.0,15.0,0.0,1.0,1.0,1.0,0.0,15.0,0.0,0.0,0.0,0.0,36.61,36.61,,817.0,36.99108075532342,573.0,5.935976222683375,3467.0,1.0,5.0,1.0,15.0,15.0,100.0,0.0,0.0,0.0,15.0,0.0,1.0,1.0,1.0,0.0,0.0,0.0,0.0,0.0,0.0,-0.7000000000000028,-0.7000000000000028,,5.0,-0.7359279366418079,11.0,-0.25927809445064387,1.0,1.0,5.0,1.0,0.0,0.0,0.0,0.0,0.0,0.0,0.0,0.0,0.0,0.0,0.0,0.0
NODE_10377,current_main_12,25.0,15.0,0.0,0.0,0.0,0.0,48.27,48.27,,838.0,48.86163209326248,579.0,4.471864575990591,3465.0,0.0,0.0,0.0,15.0,15.0,100.0,0.0,0.0,0.0,15.0,0.0,1.0,1.0,1.0,0.0,15.0,0.0,0.0,0.0,0.0,35.42,35.42,,832.0,35.992817888952054,576.0,5.417056253945478,3466.0,1.0,5.0,1.0,15.0,15.0,100.0,0.0,0.0,0.0,15.0,0.0,1.0,1.0,1.0,0.0,0.0,0.0,0.0,0.0,0.0,-12.850000000000001,-12.850000000000001,,-6.0,-12.868814204310425,-3.0,0.9451916779548863,1.0,1.0,5.0,1.0,0.0,0.0,0.0,0.0,0.0,0.0,0.0,0.0,0.0,0.0,0.0,0.0
NODE_10377,current_main_12,26.0,15.0,0.0,0.0,0.0,0.0,27.18,27.18,,885.0,27.557137192704204,602.0,6.522906257660467,3471.0,0.0,0.0,0.0,15.0,15.0,100.0,0.0,0.0,0.0,15.0,0.0,1.0,1.0,1.0,0.0,15.0,0.0,0.0,0.0,0.0,27.92,27.92,,886.0,28.320179189574425,577.0,6.546262163338555,3470.0,1.0,5.0,1.0,15.0,15.0,100.0,0.0,0.0,0.0,15.0,0.0,1.0,1.0,1.0,0.0,0.0,0.0,0.0,0.0,0.0,0.740000000000002,0.740000000000002,,1.0,0.7630419968702213,-25.0,0.02335590567808765,-1.0,1.0,5.0,1.0,0.0,0.0,0.0,0.0,0.0,0.0,0.0,0.0,0.0,0.0,0.0,0.0
NODE_10377,current_main_12,27.0,15.0,0.0,0.0,0.0,0.0,33.1,33.1,,870.0,33.438335561497325,623.0,5.3149265344208745,3466.0,0.0,0.0,0.0,15.0,15.0,100.0,0.0,0.0,0.0,15.0,0.0,1.0,1.0,1.0,0.0,15.0,0.0,0.0,0.0,0.0,50.87,50.87,,840.0,51.64873676781934,574.0,3.3557224779134627,3465.0,1.0,5.0,1.0,15.0,15.0,100.0,0.0,0.0,0.0,15.0,0.0,1.0,1.0,1.0,0.0,0.0,0.0,0.0,0.0,0.0,17.769999999999996,17.769999999999996,,-30.0,18.21040120632201,-49.0,-1.9592040565074118,-1.0,1.0,5.0,1.0,0.0,0.0,0.0,0.0,0.0,0.0,0.0,0.0,0.0,0.0,0.0,0.0
NODE_10377,current_main_12,28.0,15.0,0.0,0.0,0.0,0.0,36.4,36.4,,767.0,36.66397208985705,621.0,5.4535014852854085,3467.0,0.0,0.0,0.0,15.0,15.0,100.0,0.0,0.0,0.0,15.0,0.0,1.0,1.0,1.0,0.0,15.0,0.0,0.0,0.0,0.0,32.39,32.39,,778.0,32.715812261863526,601.0,5.6959467704947375,3467.0,1.0,5.0,1.0,15.0,15.0,100.0,0.0,0.0,0.0,15.0,0.0,1.0,1.0,1.0,0.0,0.0,0.0,0.0,0.0,0.0,-4.009999999999998,-4.009999999999998,,11.0,-3.9481598279935213,-20.0,0.24244528520932906,0.0,1.0,5.0,1.0,0.0,0.0,0.0,0.0,0.0,0.0,0.0,0.0,0.0,0.0,0.0,0.0
NODE_10377,current_main_12,29.0,15.0,0.0,0.0,0.0,0.0,30.98,30.98,,836.0,31.541756058800157,583.0,5.950839319239899,3473.0,0.0,0.0,0.0,15.0,15.0,100.0,0.0,0.0,0.0,15.0,0.0,1.0,1.0,1.0,0.0,15.0,0.0,0.0,0.0,0.0,29.78,29.78,,834.0,30.2959836225385,588.0,5.844977665761531,3471.0,1.0,5.0,1.0,15.0,15.0,100.0,0.0,0.0,0.0,15.0,0.0,1.0,1.0,1.0,0.0,0.0,0.0,0.0,0.0,0.0,-1.1999999999999993,-1.1999999999999993,,-2.0,-1.2457724362616567,5.0,-0.1058616534783674,-2.0,1.0,5.0,1.0,0.0,0.0,0.0,0.0,0.0,0.0,0.0,0.0,0.0,0.0,0.0,0.0
NODE_10377,current_main_12,30.0,15.0,0.0,0.0,0.0,0.0,35.5,35.5,,884.0,36.057283432811744,671.0,4.947646897504982,3469.0,0.0,0.0,0.0,15.0,15.0,100.0,0.0,0.0,0.0,15.0,0.0,1.0,1.0,1.0,0.0,15.0,0.0,0.0,0.0,0.0,33.25,33.25,,892.0,33.46341581756429,670.0,5.2159439939422185,3470.0,1.0,5.0,1.0,15.0,15.0,100.0,0.0,0.0,0.0,15.0,0.0,1.0,1.0,1.0,0.0,0.0,0.0,0.0,0.0,0.0,-2.25,-2.25,,8.0,-2.5938676152474542,-1.0,0.2682970964372364,1.0,1.0,5.0,1.0,0.0,0.0,0.0,0.0,0.0,0.0,0.0,0.0,0.0,0.0,0.0,0.0
NODE_10381,current_main_12,1.0,5.0,0.0,0.0,0.0,0.0,11.25,11.25,,831.0,11.46922378574671,444.0,13.003083660280303,3468.0,0.0,0.0,0.0,10.0,0.0,0.0,33.89999999999998,35.15999999999998,80.12999999999998,0.0,0.0,0.0,0.0,0.0,0.0,5.0,0.0,0.0,0.0,0.0,12.76,12.76,,845.0,13.018074756784436,406.0,12.945643793314073,3467.0,1.0,5.0,1.0,10.0,0.0,0.0,34.20000000000002,35.100000000000016,80.12000000000002,0.0,0.0,0.0,0.0,0.0,0.0,0.0,0.0,0.0,0.0,0.0,1.5099999999999998,1.5099999999999998,,14.0,1.5488509710377265,-38.0,-0.057439866966230824,-1.0,1.0,5.0,1.0,0.0,0.0,0.0,0.3000000000000398,-0.05999999999996675,-0.009999999999962483,0.0,0.0,0.0,0.0,0.0,0.0
NODE_10381,current_main_12,2.0,5.0,0.0,0.0,0.0,0.0,39.97,39.97,,802.0,40.71013165426445,415.0,6.732802293333084,3462.0,0.0,0.0,0.0,10.0,8.0,160.0,0.0,0.0,0.9299999999999984,8.0,0.0,1.6,1.6,1.6,0.0,5.0,0.0,0.0,0.0,0.0,39.25,39.25,,777.0,39.95462732919255,406.0,7.191369757987267,3459.0,1.0,5.0,1.0,10.0,8.0,160.0,0.0,0.0,0.9299999999999984,8.0,0.0,1.6,1.6,1.6,0.0,0.0,0.0,0.0,0.0,0.0,-0.7199999999999989,-0.7199999999999989,,-25.0,-0.7555043250719038,-9.0,0.4585674646541822,-3.0,1.0,5.0,1.0,0.0,0.0,0.0,0.0,0.0,0.0,0.0,0.0,0.0,0.0,0.0,0.0
NODE_10381,current_main_12,3.0,5.0,0.0,0.0,0.0,0.0,9.97,9.97,,935.0,10.310194986072425,403.0,14.56142169401343,3468.0,0.0,0.0,0.0,10.0,3.0,60.0,0.0,0.3599999999999923,18.339999999999996,2.0,1.0,0.5,0.5,0.5,0.0,5.0,0.0,0.0,0.0,0.0,10.67,10.67,,923.0,11.004557786218124,405.0,13.974708002380062,3466.0,1.0,5.0,1.0,10.0,3.0,60.0,0.0,0.3599999999999923,18.130000000000003,2.0,1.0,0.5,0.5,0.5,0.0,0.0,0.0,0.0,0.0,0.0,0.6999999999999993,0.6999999999999993,,-12.0,0.694362800145699,2.0,-0.5867136916333671,-2.0,1.0,5.0,1.0,0.0,0.0,0.0,0.0,0.0,-0.20999999999999375,0.0,0.0,0.0,0.0,0.0,0.0
NODE_10381,current_main_12,4.0,5.0,0.0,0.0,0.0,0.0,13.02,13.02,,887.0,13.21057471264368,386.0,13.457495660335614,3466.0,0.0,0.0,0.0,10.0,5.0,100.0,0.0,0.0,9.549999999999995,5.0,0.0,1.0,1.0,1.0,0.0,5.0,0.0,0.0,0.0,0.0,42.75,42.75,,857.0,43.23345481049563,373.0,7.5280613659824,3465.0,1.0,5.0,1.0,10.0,5.0,100.0,0.0,0.0,9.549999999999995,5.0,0.0,1.0,1.0,1.0,0.0,0.0,0.0,0.0,0.0,0.0,29.73,29.73,,-30.0,30.02288009785195,-13.0,-5.9294342943532135,-1.0,1.0,5.0,1.0,0.0,0.0,0.0,0.0,0.0,0.0,0.0,0.0,0.0,0.0,0.0,0.0
NODE_10381,current_main_12,5.0,5.0,0.0,0.0,0.0,0.0,8.62,8.62,,868.0,8.540215541690301,409.0,15.230565486266544,3464.0,0.0,0.0,0.0,10.0,0.0,0.0,26.299999999999983,27.559999999999988,44.98,0.0,0.0,0.0,0.0,0.0,0.0,5.0,0.0,0.0,0.0,0.0,8.17,8.17,,855.0,8.331839348079162,402.0,15.540894763079764,3464.0,1.0,5.0,1.0,10.0,0.0,0.0,26.30000000000001,27.20000000000001,44.720000000000006,0.0,0.0,0.0,0.0,0.0,0.0,0.0,0.0,0.0,0.0,0.0,-0.4499999999999993,-0.4499999999999993,,-13.0,-0.20837619361113902,-7.0,0.31032927681322064,0.0,1.0,5.0,1.0,0.0,0.0,0.0,2.842170943040401e-14,-0.3599999999999781,-0.2599999999999909,0.0,0.0,0.0,0.0,0.0,0.0
NODE_10381,current_main_12,6.0,5.0,0.0,0.0,0.0,0.0,21.16,21.16,,906.0,21.837835671342685,421.0,10.20177433547296,3471.0,0.0,0.0,0.0,10.0,4.0,80.0,0.2999999999999971,0.2999999999999971,10.009999999999996,3.0,1.0,0.7,0.7,0.7,0.0,5.0,0.0,0.0,0.0,0.0,17.71,17.71,,896.0,18.462463219840267,416.0,10.609615780222518,3472.0,1.0,5.0,1.0,10.0,4.0,80.0,0.0,0.2699999999999974,10.310000000000006,3.0,1.0,0.7,0.7,0.7,0.0,0.0,0.0,0.0,0.0,0.0,-3.4499999999999993,-3.4499999999999993,,-10.0,-3.375372451502418,-5.0,0.4078414447495575,1.0,1.0,5.0,1.0,0.0,0.0,0.0,-0.2999999999999971,-0.029999999999999694,0.3000000000000096,0.0,0.0,0.0,0.0,0.0,0.0
NODE_10381,current_main_12,7.0,5.0,0.0,0.0,0.0,0.0,9.93,9.93,,870.0,10.271653144016229,413.0,13.579273424566091,3467.0,0.0,0.0,0.0,10.0,5.0,100.0,0.0,0.0,24.15,5.0,0.0,1.0,1.0,1.0,0.0,5.0,0.0,0.0,0.0,0.0,9.62,9.62,,877.0,9.808789552988449,427.0,13.861970285187546,3466.0,1.0,5.0,1.0,10.0,5.0,100.0,0.0,0.0,24.15,5.0,0.0,1.0,1.0,1.0,0.0,0.0,0.0,0.0,0.0,0.0,-0.3100000000000005,-0.3100000000000005,,7.0,-0.4628635910277801,14.0,0.2826968606214546,-1.0,1.0,5.0,1.0,0.0,0.0,0.0,0.0,0.0,0.0,0.0,0.0,0.0,0.0,0.0,0.0
NODE_10381,current_main_12,8.0,5.0,0.0,0.0,0.0,0.0,11.82,11.82,,894.0,12.078120681713497,436.0,12.795176718723605,3464.0,0.0,0.0,0.0,10.0,6.0,120.0,0.0,0.0,2.789999999999998,5.0,1.0,1.1,1.1,1.1,0.0,5.0,0.0,0.0,0.0,0.0,15.0,15.0,,878.0,15.176893617021276,436.0,12.111776010060376,3463.0,1.0,5.0,1.0,10.0,6.0,120.0,0.0,0.0,2.5200000000000076,5.0,1.0,1.1,1.1,1.1,0.0,0.0,0.0,0.0,0.0,0.0,3.1799999999999997,3.1799999999999997,,-16.0,3.09877293530778,0.0,-0.6834007086632283,-1.0,1.0,5.0,1.0,0.0,0.0,0.0,0.0,0.0,-0.26999999999999025,0.0,0.0,0.0,0.0,0.0,0.0
NODE_10381,current_main_12,9.0,5.0,0.0,0.0,0.0,0.0,11.32,11.32,,929.0,11.396458852867829,412.0,12.911763562625987,3467.0,0.0,0.0,0.0,10.0,8.0,160.0,0.0,0.0,0.9299999999999984,8.0,0.0,1.6,1.6,1.6,0.0,5.0,0.0,0.0,0.0,0.0,11.05,11.05,,933.0,11.324020100502514,405.0,12.651385544096655,3469.0,1.0,5.0,1.0,10.0,8.0,160.0,0.0,0.0,0.9299999999999984,8.0,0.0,1.6,1.6,1.6,0.0,0.0,0.0,0.0,0.0,0.0,-0.2699999999999996,-0.2699999999999996,,4.0,-0.07243875236531494,-7.0,-0.26037801852933207,2.0,1.0,5.0,1.0,0.0,0.0,0.0,0.0,0.0,0.0,0.0,0.0,0.0,0.0,0.0,0.0
NODE_10381,current_main_12,10.0,5.0,0.0,0.0,0.0,0.0,13.39,13.39,,799.0,13.801499605367008,452.0,11.125069479000668,3463.0,0.0,0.0,0.0,10.0,2.0,40.0,0.0,1.6199999999999974,20.54999999999999,1.0,1.0,0.3,0.3,0.3,0.0,5.0,0.0,0.0,0.0,0.0,16.6,16.6,,799.0,17.281772784019978,431.0,11.68902136835024,3464.0,1.0,5.0,1.0,10.0,2.0,40.0,0.0,1.6199999999999974,20.339999999999996,1.0,1.0,0.3,0.3,0.3,0.0,0.0,0.0,0.0,0.0,0.0,3.210000000000001,3.210000000000001,,0.0,3.48027317865297,-21.0,0.5639518893495712,1.0,1.0,5.0,1.0,0.0,0.0,0.0,0.0,0.0,-0.20999999999999375,0.0,0.0,0.0,0.0,0.0,0.0
NODE_10381,current_main_12,11.0,5.0,0.0,0.0,0.0,0.0,8.72,8.72,,854.0,8.758189929891651,382.0,15.48414931646532,3464.0,0.0,0.0,0.0,10.0,0.0,0.0,15.599999999999994,17.399999999999995,30.229999999999997,0.0,0.0,0.0,0.0,0.0,0.0,5.0,0.0,0.0,0.0,0.0,26.67,26.67,,816.0,27.467355590885,304.0,9.753691825719129,3463.0,1.0,5.0,1.0,10.0,0.0,0.0,15.599999999999994,17.399999999999995,30.46,0.0,0.0,0.0,0.0,0.0,0.0,0.0,0.0,0.0,0.0,0.0,17.950000000000003,17.950000000000003,,-38.0,18.70916566099335,-78.0,-5.730457490746192,-1.0,1.0,5.0,1.0,0.0,0.0,0.0,0.0,0.0,0.23000000000000398,0.0,0.0,0.0,0.0,0.0,0.0
NODE_10381,current_main_12,12.0,5.0,0.0,0.0,0.0,0.0,53.97,53.97,,763.0,54.68973254759746,424.0,4.674722201426219,3466.0,0.0,0.0,0.0,10.0,2.0,40.0,0.0,0.9,10.969999999999995,2.0,0.0,0.4,0.4,0.4,0.0,5.0,0.0,0.0,0.0,0.0,53.53,53.53,,780.0,54.34198578307728,430.0,4.770254068987617,3466.0,1.0,5.0,1.0,10.0,3.0,60.0,0.0,0.6300000000000153,10.800000000000006,2.0,1.0,0.5,0.5,0.5,0.0,0.0,0.0,0.0,0.0,0.0,-0.4399999999999977,-0.4399999999999977,,17.0,-0.3477467645201813,6.0,0.09553186756139809,0.0,1.0,5.0,1.0,0.0,1.0,20.0,0.0,-0.2699999999999847,-0.16999999999998927,0.0,1.0,0.09999999999999998,0.09999999999999998,0.09999999999999998,0.0
NODE_10381,current_main_12,13.0,5.0,0.0,0.0,0.0,0.0,19.9,19.9,,829.0,20.069056931768795,404.0,11.014909331187326,3467.0,0.0,0.0,0.0,10.0,5.0,100.0,0.0,0.0,15.199999999999994,5.0,0.0,1.0,1.0,1.0,0.0,5.0,0.0,0.0,0.0,0.0,12.84,12.84,,840.0,12.642410489157845,394.0,12.609584843835965,3468.0,1.0,5.0,1.0,10.0,5.0,100.0,0.0,0.0,15.1,5.0,0.0,1.0,1.0,1.0,0.0,0.0,0.0,0.0,0.0,0.0,-7.059999999999999,-7.059999999999999,,11.0,-7.42664644261095,-10.0,1.5946755126486387,1.0,1.0,5.0,1.0,0.0,0.0,0.0,0.0,0.0,-0.09999999999999432,0.0,0.0,0.0,0.0,0.0,0.0
NODE_10381,current_main_12,14.0,5.0,0.0,0.0,0.0,0.0,13.56,13.56,,862.0,13.835153583617748,435.0,12.0660675931225,3470.0,0.0,0.0,0.0,10.0,0.0,0.0,21.399999999999977,22.659999999999982,27.479999999999997,0.0,0.0,0.0,0.0,0.0,0.0,5.0,0.0,0.0,0.0,0.0,14.82,14.82,,867.0,15.37808829485622,440.0,11.372627206359663,3473.0,1.0,5.0,1.0,10.0,0.0,0.0,21.5,22.4,27.32,0.0,0.0,0.0,0.0,0.0,0.0,0.0,0.0,0.0,0.0,0.0,1.2599999999999998,1.2599999999999998,,5.0,1.5429347112384715,5.0,-0.6934403867628376,3.0,1.0,5.0,1.0,0.0,0.0,0.0,0.10000000000002274,-0.2599999999999838,-0.1599999999999966,0.0,0.0,0.0,0.0,0.0,0.0
NODE_10381,current_main_12,15.0,5.0,0.0,0.0,0.0,0.0,17.85,17.85,,882.0,18.15512104283054,445.0,10.255930346800778,3469.0,0.0,0.0,0.0,10.0,4.0,80.0,0.0,0.0,19.29999999999999,3.0,1.0,0.7,0.7,0.7,0.0,5.0,0.0,0.0,0.0,0.0,13.11,13.11,,896.0,13.31055369751022,465.0,11.220234705457074,3466.0,1.0,5.0,1.0,10.0,4.0,80.0,0.0,0.0,19.139999999999997,3.0,1.0,0.7,0.7,0.7,0.0,0.0,0.0,0.0,0.0,0.0,-4.740000000000002,-4.740000000000002,,14.0,-4.8445673453203195,20.0,0.964304358656296,-3.0,1.0,5.0,1.0,0.0,0.0,0.0,0.0,0.0,-0.15999999999999304,0.0,0.0,0.0,0.0,0.0,0.0
NODE_10381,current_main_12,16.0,5.0,0.0,0.0,0.0,0.0,9.52,9.52,,832.0,9.59121854958066,447.0,14.268041309086485,3462.0,0.0,0.0,0.0,10.0,8.0,160.0,0.0,0.0,0.9600000000000009,8.0,0.0,1.6,1.6,1.6,0.0,5.0,0.0,0.0,0.0,0.0,14.16,14.16,,872.0,14.365842696629214,446.0,12.578747185787096,3465.0,1.0,5.0,1.0,10.0,8.0,160.0,0.0,0.0,1.000000000000001,8.0,0.0,1.6,1.6,1.6,0.0,0.0,0.0,0.0,0.0,0.0,4.640000000000001,4.640000000000001,,40.0,4.774624147048554,-1.0,-1.6892941232993888,3.0,1.0,5.0,1.0,0.0,0.0,0.0,0.0,0.0,0.04000000000000026,0.0,0.0,0.0,0.0,0.0,0.0
NODE_10381,current_main_12,17.0,5.0,0.0,0.0,0.0,0.0,24.83,24.83,,851.0,25.79658408408408,428.0,9.407868960019716,3468.0,0.0,0.0,0.0,10.0,5.0,100.0,0.0,0.0,6.899999999999999,5.0,0.0,1.0,1.0,1.0,0.0,5.0,0.0,0.0,0.0,0.0,20.17,20.17,,856.0,21.10300360432519,408.0,10.124436842395143,3468.0,1.0,5.0,1.0,10.0,5.0,100.0,0.0,0.0,6.899999999999999,5.0,0.0,1.0,1.0,1.0,0.0,0.0,0.0,0.0,0.0,0.0,-4.659999999999997,-4.659999999999997,,5.0,-4.693580479758893,-20.0,0.7165678823754273,0.0,1.0,5.0,1.0,0.0,0.0,0.0,0.0,0.0,0.0,0.0,0.0,0.0,0.0,0.0,0.0
NODE_10381,current_main_12,18.0,5.0,0.0,0.0,0.0,0.0,9.81,9.81,,831.0,10.12404432132964,390.0,13.910156494153682,3468.0,0.0,0.0,0.0,10.0,0.0,0.0,102.0,103.35,148.43,0.0,0.0,0.0,0.0,0.0,0.0,5.0,0.0,0.0,0.0,0.0,13.2,13.2,,860.0,13.78070652173913,432.0,12.476828996220686,3465.0,1.0,5.0,1.0,10.0,0.0,0.0,102.2,103.37,148.56,0.0,0.0,0.0,0.0,0.0,0.0,0.0,0.0,0.0,0.0,0.0,3.389999999999999,3.389999999999999,,29.0,3.6566622004094906,42.0,-1.4333274979329964,-3.0,1.0,5.0,1.0,0.0,0.0,0.0,0.20000000000000284,0.020000000000010232,0.12999999999999545,0.0,0.0,0.0,0.0,0.0,0.0
NODE_10381,current_main_12,19.0,5.0,0.0,0.0,0.0,0.0,12.16,12.16,,832.0,12.196957746478873,396.0,13.410444552632978,3468.0,0.0,0.0,0.0,10.0,8.0,160.0,0.0,0.0,0.9299999999999984,8.0,0.0,1.6,1.6,1.6,0.0,5.0,0.0,0.0,0.0,0.0,12.35,12.35,,823.0,12.517172632532851,431.0,12.111612101347012,3466.0,1.0,5.0,1.0,10.0,8.0,160.0,0.0,0.0,0.9299999999999984,8.0,0.0,1.6,1.6,1.6,0.0,0.0,0.0,0.0,0.0,0.0,0.1899999999999995,0.1899999999999995,,-9.0,0.32021488605397863,35.0,-1.298832451285966,-2.0,1.0,5.0,1.0,0.0,0.0,0.0,0.0,0.0,0.0,0.0,0.0,0.0,0.0,0.0,0.0
NODE_10381,current_main_12,20.0,5.0,0.0,0.0,0.0,0.0,10.24,10.24,,838.0,10.235658101730468,413.0,13.38489845926506,3463.0,0.0,0.0,0.0,10.0,8.0,160.0,0.0,0.0,0.9299999999999984,8.0,0.0,1.6,1.6,1.6,0.0,5.0,0.0,0.0,0.0,0.0,9.84,9.84,,857.0,9.946576819407008,412.0,13.785755537345151,3463.0,1.0,5.0,1.0,10.0,8.0,160.0,0.0,0.0,0.9299999999999984,8.0,0.0,1.6,1.6,1.6,0.0,0.0,0.0,0.0,0.0,0.0,-0.40000000000000036,-0.40000000000000036,,19.0,-0.2890812823234601,-1.0,0.40085707808009197,0.0,1.0,5.0,1.0,0.0,0.0,0.0,0.0,0.0,0.0,0.0,0.0,0.0,0.0,0.0,0.0
NODE_10381,current_main_12,21.0,5.0,0.0,0.0,0.0,0.0,11.3,11.3,,849.0,11.659864559819413,427.0,12.231903135391962,3466.0,0.0,0.0,0.0,10.0,5.0,100.0,0.0,0.0,27.800000000000004,5.0,0.0,1.0,1.0,1.0,0.0,5.0,0.0,0.0,0.0,0.0,12.32,12.32,,860.0,12.671223666517257,427.0,12.261519144578909,3466.0,1.0,5.0,1.0,10.0,5.0,100.0,0.0,0.0,27.800000000000004,5.0,0.0,1.0,1.0,1.0,0.0,0.0,0.0,0.0,0.0,0.0,1.0199999999999996,1.0199999999999996,,11.0,1.011359106697844,0.0,0.029616009186947068,0.0,1.0,5.0,1.0,0.0,0.0,0.0,0.0,0.0,0.0,0.0,0.0,0.0,0.0,0.0,0.0
NODE_10381,current_main_12,22.0,5.0,0.0,0.0,0.0,0.0,11.32,11.32,,823.0,11.450552618933209,371.0,11.665025093030913,3469.0,0.0,0.0,0.0,10.0,5.0,100.0,0.0,0.0,11.1,5.0,0.0,1.0,1.0,1.0,0.0,5.0,0.0,0.0,0.0,0.0,13.43,13.43,,839.0,13.718429158110885,360.0,12.143648552231484,3470.0,1.0,5.0,1.0,10.0,5.0,100.0,0.0,0.0,11.049999999999995,5.0,0.0,1.0,1.0,1.0,0.0,0.0,0.0,0.0,0.0,0.0,2.1099999999999994,2.1099999999999994,,16.0,2.267876539177676,-11.0,0.4786234592005716,1.0,1.0,5.0,1.0,0.0,0.0,0.0,0.0,0.0,-0.05000000000000426,0.0,0.0,0.0,0.0,0.0,0.0
NODE_10381,current_main_12,23.0,5.0,0.0,0.0,0.0,0.0,18.46,18.46,,950.0,18.799494163424125,428.0,10.85083611588263,3469.0,0.0,0.0,0.0,10.0,5.0,100.0,0.0,0.0,22.15,5.0,0.0,1.0,1.0,1.0,0.0,5.0,0.0,0.0,0.0,0.0,30.6,30.6,,934.0,31.09120052338895,448.0,8.69422898039748,3469.0,1.0,5.0,1.0,10.0,5.0,100.0,0.0,0.0,22.15,5.0,0.0,1.0,1.0,1.0,0.0,0.0,0.0,0.0,0.0,0.0,12.14,12.14,,-16.0,12.291706359964824,20.0,-2.1566071354851513,0.0,1.0,5.0,1.0,0.0,0.0,0.0,0.0,0.0,0.0,0.0,0.0,0.0,0.0,0.0,0.0
NODE_10381,current_main_12,24.0,5.0,0.0,0.0,0.0,0.0,14.96,14.96,,812.0,15.404015115729807,417.0,12.668698732330055,3466.0,0.0,0.0,0.0,10.0,6.0,120.0,0.0,0.0,2.780000000000004,5.0,1.0,1.1,1.1,1.1,0.0,5.0,0.0,0.0,0.0,0.0,11.2,11.2,,817.0,11.477170095333667,408.0,13.319902467131282,3467.0,1.0,5.0,1.0,10.0,6.0,120.0,0.0,0.0,2.5200000000000076,5.0,1.0,1.1,1.1,1.1,0.0,0.0,0.0,0.0,0.0,0.0,-3.7600000000000016,-3.7600000000000016,,5.0,-3.92684502039614,-9.0,0.6512037348012267,1.0,1.0,5.0,1.0,0.0,0.0,0.0,0.0,0.0,-0.25999999999999623,0.0,0.0,0.0,0.0,0.0,0.0
NODE_10381,current_main_12,25.0,5.0,0.0,0.0,0.0,0.0,11.46,11.46,,838.0,11.640854271356783,420.0,13.676448665308705,3465.0,0.0,0.0,0.0,10.0,5.0,100.0,0.0,0.0,25.819999999999993,5.0,0.0,1.0,1.0,1.0,0.0,5.0,0.0,0.0,0.0,0.0,10.48,10.48,,832.0,10.610324324324324,401.0,13.703243765909903,3466.0,1.0,5.0,1.0,10.0,5.0,100.0,0.0,0.0,25.819999999999993,5.0,0.0,1.0,1.0,1.0,0.0,0.0,0.0,0.0,0.0,0.0,-0.9800000000000004,-0.9800000000000004,,-6.0,-1.0305299470324591,-19.0,0.026795100601198385,1.0,1.0,5.0,1.0,0.0,0.0,0.0,0.0,0.0,0.0,0.0,0.0,0.0,0.0,0.0,0.0
NODE_10381,current_main_12,26.0,5.0,0.0,0.0,0.0,0.0,14.95,14.95,,885.0,15.319199676637025,449.0,11.65487371637152,3471.0,0.0,0.0,0.0,10.0,0.0,0.0,14.899999999999991,16.699999999999992,21.13,0.0,0.0,0.0,0.0,0.0,0.0,5.0,0.0,0.0,0.0,0.0,14.4,14.4,,886.0,14.88252723311547,426.0,12.131108803562467,3470.0,1.0,5.0,1.0,10.0,0.0,0.0,15.099999999999994,16.899999999999995,21.020000000000007,0.0,0.0,0.0,0.0,0.0,0.0,0.0,0.0,0.0,0.0,0.0,-0.5499999999999989,-0.5499999999999989,,1.0,-0.4366724435215552,-23.0,0.47623508719094687,-1.0,1.0,5.0,1.0,0.0,0.0,0.0,0.20000000000000284,0.20000000000000284,-0.10999999999999233,0.0,0.0,0.0,0.0,0.0,0.0
NODE_10381,current_main_12,27.0,5.0,0.0,0.0,0.0,0.0,16.7,16.7,,870.0,17.126942800788957,431.0,11.031442521340528,3466.0,0.0,0.0,0.0,10.0,4.0,80.0,0.0,0.0,3.689999999999999,3.0,1.0,0.7,0.7,0.7,0.0,5.0,0.0,0.0,0.0,0.0,31.16,31.16,,840.0,32.103012603750386,438.0,7.804028382256254,3465.0,1.0,5.0,1.0,10.0,4.0,80.0,0.0,0.0,3.4800000000000084,3.0,1.0,0.7,0.7,0.7,0.0,0.0,0.0,0.0,0.0,0.0,14.46,14.46,,-30.0,14.97606980296143,7.0,-3.2274141390842743,-1.0,1.0,5.0,1.0,0.0,0.0,0.0,0.0,0.0,-0.20999999999999064,0.0,0.0,0.0,0.0,0.0,0.0
NODE_10381,current_main_12,28.0,5.0,0.0,0.0,0.0,0.0,19.37,19.37,,767.0,19.82613333333333,422.0,10.599729629064944,3467.0,0.0,0.0,0.0,10.0,0.0,0.0,27.5,28.760000000000005,73.73,0.0,0.0,0.0,0.0,0.0,0.0,5.0,0.0,0.0,0.0,0.0,12.52,12.52,,778.0,12.95919017288444,397.0,11.984071533194864,3467.0,1.0,5.0,1.0,10.0,0.0,0.0,27.80000000000001,28.70000000000001,73.72,0.0,0.0,0.0,0.0,0.0,0.0,0.0,0.0,0.0,0.0,0.0,-6.850000000000001,-6.850000000000001,,11.0,-6.866943160448891,-25.0,1.3843419041299203,0.0,1.0,5.0,1.0,0.0,0.0,0.0,0.30000000000001137,-0.05999999999999517,-0.010000000000005116,0.0,0.0,0.0,0.0,0.0,0.0
NODE_10381,current_main_12,29.0,5.0,0.0,0.0,0.0,0.0,17.21,17.21,,836.0,17.513779370768617,435.0,10.638023453356102,3473.0,0.0,0.0,0.0,10.0,0.0,0.0,18.799999999999983,20.059999999999988,65.03,0.0,0.0,0.0,0.0,0.0,0.0,5.0,0.0,0.0,0.0,0.0,13.74,13.74,,834.0,14.18543767648245,444.0,11.026681754302665,3471.0,1.0,5.0,1.0,10.0,0.0,0.0,18.90000000000001,19.800000000000004,64.82,0.0,0.0,0.0,0.0,0.0,0.0,0.0,0.0,0.0,0.0,0.0,-3.4700000000000006,-3.4700000000000006,,-2.0,-3.3283416942861663,9.0,0.3886583009465632,-2.0,1.0,5.0,1.0,0.0,0.0,0.0,0.10000000000002629,-0.2599999999999838,-0.21000000000000796,0.0,0.0,0.0,0.0,0.0,0.0
NODE_10381,current_main_12,30.0,5.0,0.0,0.0,0.0,0.0,20.35,20.35,,884.0,20.675326745298054,488.0,9.874067234131896,3469.0,0.0,0.0,0.0,10.0,0.0,0.0,8.699999999999989,9.959999999999994,15.579999999999991,0.0,0.0,0.0,0.0,0.0,0.0,5.0,0.0,0.0,0.0,0.0,17.79,17.79,,892.0,18.09749771132133,497.0,9.276354847480532,3470.0,1.0,5.0,1.0,10.0,0.0,0.0,8.800000000000011,9.700000000000012,15.27,0.0,0.0,0.0,0.0,0.0,0.0,0.0,0.0,0.0,0.0,0.0,-2.5600000000000023,-2.5600000000000023,,8.0,-2.577829033976723,9.0,-0.5977123866513647,1.0,1.0,5.0,1.0,0.0,0.0,0.0,0.10000000000002274,-0.259999999999982,-0.3099999999999916,0.0,0.0,0.0,0.0,0.0,0.0
NODE_125895,current_main_12,1.0,15.0,0.0,0.0,0.0,0.0,13.1,13.1,,831.0,13.38661971830986,347.0,13.252241572106255,3468.0,0.0,0.0,0.0,18.0,18.0,120.0,0.0,0.0,0.0,18.0,0.0,1.2,1.2,1.2,0.0,15.0,0.0,0.0,0.0,0.0,11.75,11.75,,845.0,11.917831325301204,349.0,13.35683412745844,3467.0,1.0,5.0,1.0,16.0,16.0,106.66666666666669,0.0,0.0,0.0,16.0,0.0,1.0666666666666669,1.0666666666666669,1.0666666666666669,0.0,0.0,0.0,0.0,0.0,0.0,-1.3499999999999996,-1.3499999999999996,,14.0,-1.468788393008655,2.0,0.10459255535218404,-1.0,1.0,5.0,1.0,-2.0,-2.0,-13.333333333333314,0.0,0.0,0.0,-2.0,0.0,-0.13333333333333308,-0.13333333333333308,-0.13333333333333308,0.0
NODE_125895,current_main_12,2.0,15.0,0.0,0.0,0.0,0.0,11.48,11.48,,802.0,11.518532110091742,340.0,13.846504235692066,3462.0,0.0,0.0,0.0,18.0,18.0,120.0,0.0,0.0,0.0,18.0,0.0,1.2,1.2,1.2,0.0,15.0,0.0,0.0,0.0,0.0,11.17,11.17,,777.0,11.126055045871558,337.0,13.574325236207866,3459.0,1.0,5.0,1.0,16.0,16.0,106.66666666666669,0.0,0.0,0.0,16.0,0.0,1.0666666666666669,1.0666666666666669,1.0666666666666669,0.0,0.0,0.0,0.0,0.0,0.0,-0.3100000000000005,-0.3100000000000005,,-25.0,-0.39247706422018425,-3.0,-0.27217899948420055,-3.0,1.0,5.0,1.0,-2.0,-2.0,-13.333333333333314,0.0,0.0,0.0,-2.0,0.0,-0.13333333333333308,-0.13333333333333308,-0.13333333333333308,0.0
NODE_125895,current_main_12,3.0,15.0,0.0,0.0,0.0,0.0,9.65,9.65,,935.0,9.736542923433875,349.0,13.676377766255614,3468.0,0.0,0.0,0.0,18.0,18.0,120.0,0.0,0.0,0.0,18.0,0.0,1.2,1.2,1.2,0.0,15.0,0.0,0.0,0.0,0.0,9.98,9.98,,923.0,10.230969267139482,352.0,13.578677733135274,3466.0,1.0,5.0,1.0,16.0,16.0,106.66666666666669,0.0,0.0,0.0,16.0,0.0,1.0666666666666669,1.0666666666666669,1.0666666666666669,0.0,0.0,0.0,0.0,0.0,0.0,0.33000000000000007,0.33000000000000007,,-12.0,0.4944263437056069,3.0,-0.09770003312033992,-2.0,1.0,5.0,1.0,-2.0,-2.0,-13.333333333333314,0.0,0.0,0.0,-2.0,0.0,-0.13333333333333308,-0.13333333333333308,-0.13333333333333308,0.0
NODE_125895,current_main_12,4.0,15.0,0.0,0.0,0.0,0.0,10.19,10.19,,887.0,10.553470126735062,344.0,13.9498286303976,3466.0,0.0,0.0,0.0,18.0,18.0,120.0,0.0,0.0,0.0,18.0,0.0,1.2,1.2,1.2,0.0,15.0,0.0,0.0,0.0,0.0,12.77,12.77,,857.0,12.95640599001664,346.0,12.529848039841289,3465.0,1.0,5.0,1.0,16.0,16.0,106.66666666666669,0.0,0.0,0.0,16.0,0.0,1.0666666666666669,1.0666666666666669,1.0666666666666669,0.0,0.0,0.0,0.0,0.0,0.0,2.58,2.58,,-30.0,2.402935863281577,2.0,-1.4199805905563103,-1.0,1.0,5.0,1.0,-2.0,-2.0,-13.333333333333314,0.0,0.0,0.0,-2.0,0.0,-0.13333333333333308,-0.13333333333333308,-0.13333333333333308,0.0
NODE_125895,current_main_12,5.0,15.0,0.0,0.0,0.0,0.0,10.38,10.38,,868.0,10.647181008902075,364.0,13.730543098787605,3464.0,0.0,0.0,0.0,18.0,18.0,120.0,0.0,0.0,0.0,18.0,0.0,1.2,1.2,1.2,0.0,15.0,0.0,0.0,0.0,0.0,10.64,10.64,,855.0,10.97757331799885,363.0,13.293407122394994,3464.0,1.0,5.0,1.0,16.0,16.0,106.66666666666669,0.0,0.0,0.0,16.0,0.0,1.0666666666666669,1.0666666666666669,1.0666666666666669,0.0,0.0,0.0,0.0,0.0,0.0,0.2599999999999998,0.2599999999999998,,-13.0,0.33039230909677464,-1.0,-0.4371359763926108,0.0,1.0,5.0,1.0,-2.0,-2.0,-13.333333333333314,0.0,0.0,0.0,-2.0,0.0,-0.13333333333333308,-0.13333333333333308,-0.13333333333333308,0.0
NODE_125895,current_main_12,6.0,15.0,0.0,0.0,0.0,0.0,10.48,10.48,,906.0,10.591789722386295,355.0,12.968811083591971,3471.0,0.0,0.0,0.0,18.0,18.0,120.0,0.0,0.0,0.0,18.0,0.0,1.2,1.2,1.2,0.0,15.0,0.0,0.0,0.0,0.0,10.38,10.38,,896.0,10.479767726161368,343.0,13.185218037399371,3472.0,1.0,5.0,1.0,16.0,16.0,106.66666666666669,0.0,0.0,0.0,16.0,0.0,1.0666666666666669,1.0666666666666669,1.0666666666666669,0.0,0.0,0.0,0.0,0.0,0.0,-0.09999999999999964,-0.09999999999999964,,-10.0,-0.11202199622492692,-12.0,0.21640695380740027,1.0,1.0,5.0,1.0,-2.0,-2.0,-13.333333333333314,0.0,0.0,0.0,-2.0,0.0,-0.13333333333333308,-0.13333333333333308,-0.13333333333333308,0.0
NODE_125895,current_main_12,7.0,15.0,0.0,0.0,0.0,0.0,10.3,10.3,,870.0,10.026018808777428,347.0,13.69842408428998,3467.0,0.0,0.0,0.0,18.0,18.0,120.0,0.0,0.0,0.0,18.0,0.0,1.2,1.2,1.2,0.0,15.0,0.0,0.0,0.0,0.0,9.23,9.23,,877.0,9.213604126370084,344.0,13.534181855014436,3466.0,1.0,5.0,1.0,16.0,16.0,106.66666666666669,0.0,0.0,0.0,16.0,0.0,1.0666666666666669,1.0666666666666669,1.0666666666666669,0.0,0.0,0.0,0.0,0.0,0.0,-1.0700000000000003,-1.0700000000000003,,7.0,-0.8124146824073435,-3.0,-0.1642422292755441,-1.0,1.0,5.0,1.0,-2.0,-2.0,-13.333333333333314,0.0,0.0,0.0,-2.0,0.0,-0.13333333333333308,-0.13333333333333308,-0.13333333333333308,0.0
NODE_125895,current_main_12,8.0,15.0,0.0,0.0,0.0,0.0,13.73,13.73,,894.0,13.92733976176971,345.0,12.50800655344076,3464.0,0.0,0.0,0.0,18.0,18.0,120.0,0.0,0.0,0.0,18.0,0.0,1.2,1.2,1.2,0.0,15.0,0.0,0.0,0.0,0.0,11.55,11.55,,878.0,11.499938725490196,339.0,13.66075197728747,3463.0,1.0,5.0,1.0,16.0,16.0,106.66666666666669,0.0,0.0,0.0,16.0,0.0,1.0666666666666669,1.0666666666666669,1.0666666666666669,0.0,0.0,0.0,0.0,0.0,0.0,-2.1799999999999997,-2.1799999999999997,,-16.0,-2.427401036279514,-6.0,1.15274542384671,-1.0,1.0,5.0,1.0,-2.0,-2.0,-13.333333333333314,0.0,0.0,0.0,-2.0,0.0,-0.13333333333333308,-0.13333333333333308,-0.13333333333333308,0.0
NODE_125895,current_main_12,9.0,15.0,0.0,0.0,0.0,0.0,12.61,12.61,,929.0,12.799641148325358,335.0,12.91117034614252,3467.0,0.0,0.0,0.0,18.0,18.0,120.0,0.0,0.0,0.0,18.0,0.0,1.2,1.2,1.2,0.0,15.0,0.0,0.0,0.0,0.0,11.11,11.11,,933.0,11.352369668246444,349.0,13.157310048890338,3469.0,1.0,5.0,1.0,16.0,16.0,106.66666666666669,0.0,0.0,0.0,16.0,0.0,1.0666666666666669,1.0666666666666669,1.0666666666666669,0.0,0.0,0.0,0.0,0.0,0.0,-1.5,-1.5,,4.0,-1.4472714800789142,14.0,0.2461397027478185,2.0,1.0,5.0,1.0,-2.0,-2.0,-13.333333333333314,0.0,0.0,0.0,-2.0,0.0,-0.13333333333333308,-0.13333333333333308,-0.13333333333333308,0.0
NODE_125895,current_main_12,10.0,15.0,0.0,0.0,0.0,0.0,15.89,15.89,,799.0,15.48367044893932,366.0,12.13404723523301,3463.0,0.0,0.0,0.0,18.0,18.0,120.0,0.0,0.0,0.0,18.0,0.0,1.2,1.2,1.2,0.0,15.0,0.0,0.0,0.0,0.0,14.54,14.54,,799.0,14.773293472845042,365.0,12.540254816661802,3464.0,1.0,5.0,1.0,16.0,16.0,106.66666666666669,0.0,0.0,0.0,16.0,0.0,1.0666666666666669,1.0666666666666669,1.0666666666666669,0.0,0.0,0.0,0.0,0.0,0.0,-1.3500000000000014,-1.3500000000000014,,0.0,-0.7103769760942775,-1.0,0.40620758142879154,1.0,1.0,5.0,1.0,-2.0,-2.0,-13.333333333333314,0.0,0.0,0.0,-2.0,0.0,-0.13333333333333308,-0.13333333333333308,-0.13333333333333308,0.0
NODE_125895,current_main_12,11.0,15.0,0.0,0.0,0.0,0.0,14.77,14.77,,854.0,14.600333704115686,336.0,12.80331612126276,3464.0,0.0,0.0,0.0,18.0,18.0,120.0,0.0,0.0,0.0,18.0,0.0,1.2,1.2,1.2,0.0,15.0,0.0,0.0,0.0,0.0,14.07,14.07,,816.0,13.964559068219634,344.0,13.045611124947404,3463.0,1.0,5.0,1.0,16.0,16.0,106.66666666666669,0.0,0.0,0.0,16.0,0.0,1.0666666666666669,1.0666666666666669,1.0666666666666669,0.0,0.0,0.0,0.0,0.0,0.0,-0.6999999999999993,-0.6999999999999993,,-38.0,-0.6357746358960519,8.0,0.24229500368464407,-1.0,1.0,5.0,1.0,-2.0,-2.0,-13.333333333333314,0.0,0.0,0.0,-2.0,0.0,-0.13333333333333308,-0.13333333333333308,-0.13333333333333308,0.0
NODE_125895,current_main_12,12.0,15.0,0.0,0.0,0.0,0.0,9.85,9.85,,763.0,9.977113526570047,369.0,13.73357925247736,3466.0,0.0,0.0,0.0,18.0,18.0,120.0,0.0,0.0,0.0,18.0,0.0,1.2,1.2,1.2,0.0,15.0,0.0,0.0,0.0,0.0,9.92,9.92,,780.0,10.1157498552403,368.0,13.06883528703973,3466.0,1.0,5.0,1.0,16.0,16.0,106.66666666666669,0.0,0.0,0.0,16.0,0.0,1.0666666666666669,1.0666666666666669,1.0666666666666669,0.0,0.0,0.0,0.0,0.0,0.0,0.07000000000000028,0.07000000000000028,,17.0,0.13863632867025188,-1.0,-0.6647439654376299,0.0,1.0,5.0,1.0,-2.0,-2.0,-13.333333333333314,0.0,0.0,0.0,-2.0,0.0,-0.13333333333333308,-0.13333333333333308,-0.13333333333333308,0.0
NODE_125895,current_main_12,13.0,15.0,0.0,0.0,0.0,0.0,14.38,14.38,,829.0,14.288334237655995,367.0,12.356655214897916,3467.0,0.0,0.0,0.0,18.0,18.0,120.0,0.0,0.0,0.0,18.0,0.0,1.2,1.2,1.2,0.0,15.0,0.0,0.0,0.0,0.0,11.27,11.27,,840.0,11.526484284051222,369.0,13.383122436770138,3468.0,1.0,5.0,1.0,16.0,16.0,106.66666666666669,0.0,0.0,0.0,16.0,0.0,1.0666666666666669,1.0666666666666669,1.0666666666666669,0.0,0.0,0.0,0.0,0.0,0.0,-3.110000000000001,-3.110000000000001,,11.0,-2.7618499536047736,2.0,1.0264672218722222,1.0,1.0,5.0,1.0,-2.0,-2.0,-13.333333333333314,0.0,0.0,0.0,-2.0,0.0,-0.13333333333333308,-0.13333333333333308,-0.13333333333333308,0.0
NODE_125895,current_main_12,14.0,15.0,0.0,0.0,0.0,0.0,13.37,13.37,,862.0,13.28125,325.0,12.816466546900289,3470.0,0.0,0.0,0.0,18.0,18.0,120.0,0.0,0.0,0.0,18.0,0.0,1.2,1.2,1.2,0.0,15.0,0.0,0.0,0.0,0.0,9.42,9.42,,867.0,9.747826086956522,318.0,14.211286894542477,3473.0,1.0,5.0,1.0,16.0,16.0,106.66666666666669,0.0,0.0,0.0,16.0,0.0,1.0666666666666669,1.0666666666666669,1.0666666666666669,0.0,0.0,0.0,0.0,0.0,0.0,-3.9499999999999993,-3.9499999999999993,,5.0,-3.533423913043478,-7.0,1.394820347642188,3.0,1.0,5.0,1.0,-2.0,-2.0,-13.333333333333314,0.0,0.0,0.0,-2.0,0.0,-0.13333333333333308,-0.13333333333333308,-0.13333333333333308,0.0
NODE_125895,current_main_12,15.0,15.0,0.0,0.0,0.0,0.0,8.75,8.75,,882.0,8.877371749824315,328.0,14.447663006589872,3469.0,0.0,0.0,0.0,18.0,18.0,120.0,0.0,0.0,0.0,18.0,0.0,1.2,1.2,1.2,0.0,15.0,0.0,0.0,0.0,0.0,12.31,12.31,,896.0,12.527095990279468,339.0,12.824339703671116,3466.0,1.0,5.0,1.0,16.0,16.0,106.66666666666669,0.0,0.0,0.0,16.0,0.0,1.0666666666666669,1.0666666666666669,1.0666666666666669,0.0,0.0,0.0,0.0,0.0,0.0,3.5600000000000005,3.5600000000000005,,14.0,3.6497242404551535,11.0,-1.623323302918756,-3.0,1.0,5.0,1.0,-2.0,-2.0,-13.333333333333314,0.0,0.0,0.0,-2.0,0.0,-0.13333333333333308,-0.13333333333333308,-0.13333333333333308,0.0
NODE_125895,current_main_12,16.0,15.0,0.0,0.0,0.0,0.0,11.93,11.93,,832.0,11.715298752462244,332.0,13.36316419014387,3462.0,0.0,0.0,0.0,18.0,18.0,120.0,0.0,0.0,0.0,18.0,0.0,1.2,1.2,1.2,0.0,15.0,0.0,0.0,0.0,0.0,12.69,12.69,,872.0,12.679213153258956,349.0,12.94390664192892,3465.0,1.0,5.0,1.0,16.0,16.0,106.66666666666669,0.0,0.0,0.0,16.0,0.0,1.0666666666666669,1.0666666666666669,1.0666666666666669,0.0,0.0,0.0,0.0,0.0,0.0,0.7599999999999998,0.7599999999999998,,40.0,0.9639144007967122,17.0,-0.419257548214949,3.0,1.0,5.0,1.0,-2.0,-2.0,-13.333333333333314,0.0,0.0,0.0,-2.0,0.0,-0.13333333333333308,-0.13333333333333308,-0.13333333333333308,0.0
NODE_125895,current_main_12,17.0,15.0,0.0,0.0,0.0,0.0,10.42,10.42,,851.0,10.630724823604876,343.0,14.5081712051432,3468.0,0.0,0.0,0.0,18.0,18.0,120.0,0.0,0.0,0.0,18.0,0.0,1.2,1.2,1.2,0.0,15.0,0.0,0.0,0.0,0.0,10.82,10.82,,856.0,10.758823529411764,347.0,14.363010290056607,3468.0,1.0,5.0,1.0,16.0,16.0,106.66666666666669,0.0,0.0,0.0,16.0,0.0,1.0666666666666669,1.0666666666666669,1.0666666666666669,0.0,0.0,0.0,0.0,0.0,0.0,0.40000000000000036,0.40000000000000036,,5.0,0.1280987058068881,4.0,-0.145160915086592,0.0,1.0,5.0,1.0,-2.0,-2.0,-13.333333333333314,0.0,0.0,0.0,-2.0,0.0,-0.13333333333333308,-0.13333333333333308,-0.13333333333333308,0.0
NODE_125895,current_main_12,18.0,15.0,0.0,0.0,0.0,0.0,11.27,11.27,,831.0,10.965649786455156,339.0,13.128593835882024,3468.0,0.0,0.0,0.0,18.0,18.0,120.0,0.0,0.0,0.0,18.0,0.0,1.2,1.2,1.2,0.0,15.0,0.0,0.0,0.0,0.0,10.64,10.64,,860.0,10.828781110402042,340.0,13.978362456110014,3465.0,1.0,5.0,1.0,16.0,16.0,106.66666666666669,0.0,0.0,0.0,16.0,0.0,1.0666666666666669,1.0666666666666669,1.0666666666666669,0.0,0.0,0.0,0.0,0.0,0.0,-0.629999999999999,-0.629999999999999,,29.0,-0.1368686760531137,1.0,0.8497686202279908,-3.0,1.0,5.0,1.0,-2.0,-2.0,-13.333333333333314,0.0,0.0,0.0,-2.0,0.0,-0.13333333333333308,-0.13333333333333308,-0.13333333333333308,0.0
NODE_125895,current_main_12,19.0,15.0,0.0,0.0,0.0,0.0,10.16,10.16,,832.0,10.084993446920054,338.0,14.102016394842307,3468.0,0.0,0.0,0.0,18.0,18.0,120.0,0.0,0.0,0.0,18.0,0.0,1.2,1.2,1.2,0.0,15.0,0.0,0.0,0.0,0.0,10.37,10.37,,823.0,10.460576333537707,337.0,13.262467272394709,3466.0,1.0,5.0,1.0,16.0,16.0,106.66666666666669,0.0,0.0,0.0,16.0,0.0,1.0666666666666669,1.0666666666666669,1.0666666666666669,0.0,0.0,0.0,0.0,0.0,0.0,0.20999999999999908,0.20999999999999908,,-9.0,0.3755828866176536,-1.0,-0.8395491224475986,-2.0,1.0,5.0,1.0,-2.0,-2.0,-13.333333333333314,0.0,0.0,0.0,-2.0,0.0,-0.13333333333333308,-0.13333333333333308,-0.13333333333333308,0.0
NODE_125895,current_main_12,20.0,15.0,0.0,0.0,0.0,0.0,10.72,10.72,,838.0,11.059945872801082,320.0,14.375607779999424,3463.0,0.0,0.0,0.0,18.0,18.0,120.0,0.0,0.0,0.0,18.0,0.0,1.2,1.2,1.2,0.0,15.0,0.0,0.0,0.0,0.0,12.17,12.17,,857.0,12.293525179856116,320.0,13.739716779224937,3463.0,1.0,5.0,1.0,16.0,16.0,106.66666666666669,0.0,0.0,0.0,16.0,0.0,1.0666666666666669,1.0666666666666669,1.0666666666666669,0.0,0.0,0.0,0.0,0.0,0.0,1.4499999999999993,1.4499999999999993,,19.0,1.2335793070550345,0.0,-0.6358910007744871,0.0,1.0,5.0,1.0,-2.0,-2.0,-13.333333333333314,0.0,0.0,0.0,-2.0,0.0,-0.13333333333333308,-0.13333333333333308,-0.13333333333333308,0.0
NODE_125895,current_main_12,21.0,15.0,0.0,0.0,0.0,0.0,12.13,12.13,,849.0,12.203643497757849,359.0,13.49166126003165,3466.0,0.0,0.0,0.0,18.0,18.0,120.0,0.0,0.0,0.0,18.0,0.0,1.2,1.2,1.2,0.0,15.0,0.0,0.0,0.0,0.0,9.69,9.69,,860.0,9.731342434584754,362.0,13.67969614346207,3466.0,1.0,5.0,1.0,16.0,16.0,106.66666666666669,0.0,0.0,0.0,16.0,0.0,1.0666666666666669,1.0666666666666669,1.0666666666666669,0.0,0.0,0.0,0.0,0.0,0.0,-2.4400000000000013,-2.4400000000000013,,11.0,-2.472301063173095,3.0,0.1880348834304204,0.0,1.0,5.0,1.0,-2.0,-2.0,-13.333333333333314,0.0,0.0,0.0,-2.0,0.0,-0.13333333333333308,-0.13333333333333308,-0.13333333333333308,0.0
NODE_125895,current_main_12,22.0,15.0,0.0,0.0,0.0,0.0,12.06,12.06,,823.0,12.090325865580448,375.0,12.67161268649184,3469.0,0.0,0.0,0.0,18.0,18.0,120.0,0.0,0.0,0.0,18.0,0.0,1.2,1.2,1.2,0.0,15.0,0.0,0.0,0.0,0.0,13.51,13.51,,839.0,13.66937799043062,374.0,11.80684635590181,3470.0,1.0,5.0,1.0,16.0,16.0,106.66666666666669,0.0,0.0,0.0,16.0,0.0,1.0666666666666669,1.0666666666666669,1.0666666666666669,0.0,0.0,0.0,0.0,0.0,0.0,1.4499999999999993,1.4499999999999993,,16.0,1.5790521248501719,-1.0,-0.8647663305900313,1.0,1.0,5.0,1.0,-2.0,-2.0,-13.333333333333314,0.0,0.0,0.0,-2.0,0.0,-0.13333333333333308,-0.13333333333333308,-0.13333333333333308,0.0
NODE_125895,current_main_12,23.0,15.0,0.0,0.0,0.0,0.0,10.7,10.7,,950.0,10.719510537049626,325.0,14.441577980660552,3469.0,0.0,0.0,0.0,18.0,18.0,120.0,0.0,0.0,0.0,18.0,0.0,1.2,1.2,1.2,0.0,15.0,0.0,0.0,0.0,0.0,10.59,10.59,,934.0,10.58046132971506,331.0,14.418192594611796,3469.0,1.0,5.0,1.0,16.0,16.0,106.66666666666669,0.0,0.0,0.0,16.0,0.0,1.0666666666666669,1.0666666666666669,1.0666666666666669,0.0,0.0,0.0,0.0,0.0,0.0,-0.10999999999999943,-0.10999999999999943,,-16.0,-0.1390492073345655,6.0,-0.02338538604875673,0.0,1.0,5.0,1.0,-2.0,-2.0,-13.333333333333314,0.0,0.0,0.0,-2.0,0.0,-0.13333333333333308,-0.13333333333333308,-0.13333333333333308,0.0
NODE_125895,current_main_12,24.0,15.0,0.0,0.0,0.0,0.0,10.28,10.28,,812.0,10.10561582641991,332.0,14.110254331429028,3466.0,0.0,0.0,0.0,18.0,18.0,120.0,0.0,0.0,0.0,18.0,0.0,1.2,1.2,1.2,0.0,15.0,0.0,0.0,0.0,0.0,11.15,11.15,,817.0,11.188958203368683,331.0,13.657863928542122,3467.0,1.0,5.0,1.0,16.0,16.0,106.66666666666669,0.0,0.0,0.0,16.0,0.0,1.0666666666666669,1.0666666666666669,1.0666666666666669,0.0,0.0,0.0,0.0,0.0,0.0,0.870000000000001,0.870000000000001,,5.0,1.0833423769487727,-1.0,-0.45239040288690546,1.0,1.0,5.0,1.0,-2.0,-2.0,-13.333333333333314,0.0,0.0,0.0,-2.0,0.0,-0.13333333333333308,-0.13333333333333308,-0.13333333333333308,0.0
NODE_125895,current_main_12,25.0,15.0,0.0,0.0,0.0,0.0,10.27,10.27,,838.0,10.506320400500623,336.0,14.001366988504955,3465.0,0.0,0.0,0.0,18.0,18.0,120.0,0.0,0.0,0.0,18.0,0.0,1.2,1.2,1.2,0.0,15.0,0.0,0.0,0.0,0.0,10.96,10.96,,832.0,11.004417910447762,343.0,13.671751321118537,3466.0,1.0,5.0,1.0,16.0,16.0,106.66666666666669,0.0,0.0,0.0,16.0,0.0,1.0666666666666669,1.0666666666666669,1.0666666666666669,0.0,0.0,0.0,0.0,0.0,0.0,0.6900000000000013,0.6900000000000013,,-6.0,0.4980975099471383,7.0,-0.32961566738641856,1.0,1.0,5.0,1.0,-2.0,-2.0,-13.333333333333314,0.0,0.0,0.0,-2.0,0.0,-0.13333333333333308,-0.13333333333333308,-0.13333333333333308,0.0
NODE_125895,current_main_12,26.0,15.0,0.0,0.0,0.0,0.0,11.17,11.17,,885.0,11.148320895522389,337.0,14.2185571867694,3471.0,0.0,0.0,0.0,18.0,18.0,120.0,0.0,0.0,0.0,18.0,0.0,1.2,1.2,1.2,0.0,15.0,0.0,0.0,0.0,0.0,9.96,9.96,,886.0,9.87780564263323,337.0,13.95443885969031,3470.0,1.0,5.0,1.0,16.0,16.0,106.66666666666669,0.0,0.0,0.0,16.0,0.0,1.0666666666666669,1.0666666666666669,1.0666666666666669,0.0,0.0,0.0,0.0,0.0,0.0,-1.209999999999999,-1.209999999999999,,1.0,-1.2705152528891581,0.0,-0.2641183270790908,-1.0,1.0,5.0,1.0,-2.0,-2.0,-13.333333333333314,0.0,0.0,0.0,-2.0,0.0,-0.13333333333333308,-0.13333333333333308,-0.13333333333333308,0.0
NODE_125895,current_main_12,27.0,15.0,0.0,0.0,0.0,0.0,11.19,11.19,,870.0,11.236842105263158,331.0,14.072704733988756,3466.0,0.0,0.0,0.0,18.0,18.0,120.0,0.0,0.0,0.0,18.0,0.0,1.2,1.2,1.2,0.0,15.0,0.0,0.0,0.0,0.0,10.56,10.56,,840.0,10.91083870967742,333.0,14.12508599927988,3465.0,1.0,5.0,1.0,16.0,16.0,106.66666666666669,0.0,0.0,0.0,16.0,0.0,1.0666666666666669,1.0666666666666669,1.0666666666666669,0.0,0.0,0.0,0.0,0.0,0.0,-0.629999999999999,-0.629999999999999,,-30.0,-0.32600339558573665,2.0,0.052381265291124635,-1.0,1.0,5.0,1.0,-2.0,-2.0,-13.333333333333314,0.0,0.0,0.0,-2.0,0.0,-0.13333333333333308,-0.13333333333333308,-0.13333333333333308,0.0
NODE_125895,current_main_12,28.0,15.0,0.0,0.0,0.0,0.0,9.65,9.65,,767.0,9.503316510454216,319.0,14.56429394436247,3467.0,0.0,0.0,0.0,18.0,18.0,120.0,0.0,0.0,0.0,18.0,0.0,1.2,1.2,1.2,0.0,15.0,0.0,0.0,0.0,0.0,9.18,9.18,,778.0,9.251872399445215,324.0,14.256937996741676,3467.0,1.0,5.0,1.0,16.0,16.0,106.66666666666669,0.0,0.0,0.0,16.0,0.0,1.0666666666666669,1.0666666666666669,1.0666666666666669,0.0,0.0,0.0,0.0,0.0,0.0,-0.47000000000000064,-0.47000000000000064,,11.0,-0.25144411100900044,5.0,-0.30735594762079366,0.0,1.0,5.0,1.0,-2.0,-2.0,-13.333333333333314,0.0,0.0,0.0,-2.0,0.0,-0.13333333333333308,-0.13333333333333308,-0.13333333333333308,0.0
NODE_125895,current_main_12,29.0,15.0,0.0,0.0,0.0,0.0,9.94,9.94,,836.0,9.939039242219216,338.0,14.14267570764125,3473.0,0.0,0.0,0.0,18.0,18.0,120.0,0.0,0.0,0.0,18.0,0.0,1.2,1.2,1.2,0.0,15.0,0.0,0.0,0.0,0.0,11.05,11.05,,834.0,11.479842416283653,336.0,13.58124841885481,3471.0,1.0,5.0,1.0,16.0,16.0,106.66666666666669,0.0,0.0,0.0,16.0,0.0,1.0666666666666669,1.0666666666666669,1.0666666666666669,0.0,0.0,0.0,0.0,0.0,0.0,1.1100000000000012,1.1100000000000012,,-2.0,1.5408031740644361,-2.0,-0.5614272887864384,-2.0,1.0,5.0,1.0,-2.0,-2.0,-13.333333333333314,0.0,0.0,0.0,-2.0,0.0,-0.13333333333333308,-0.13333333333333308,-0.13333333333333308,0.0
NODE_125895,current_main_12,30.0,15.0,0.0,0.0,0.0,0.0,11.51,11.51,,884.0,11.53630831643002,319.0,13.853487261933646,3469.0,0.0,0.0,0.0,18.0,18.0,120.0,0.0,0.0,0.0,18.0,0.0,1.2,1.2,1.2,0.0,15.0,0.0,0.0,0.0,0.0,12.8,12.8,,892.0,12.862377531025473,327.0,13.528921139823511,3470.0,1.0,5.0,1.0,16.0,16.0,106.66666666666669,0.0,0.0,0.0,16.0,0.0,1.0666666666666669,1.0666666666666669,1.0666666666666669,0.0,0.0,0.0,0.0,0.0,0.0,1.290000000000001,1.290000000000001,,8.0,1.326069214595453,8.0,-0.32456612211013436,1.0,1.0,5.0,1.0,-2.0,-2.0,-13.333333333333314,0.0,0.0,0.0,-2.0,0.0,-0.13333333333333308,-0.13333333333333308,-0.13333333333333308,0.0
NODE_150723,current_main_12,1.0,15.0,0.0,0.0,,,34.36,34.36,,831.0,34.642992066490365,601.0,5.795452759716508,3468.0,0.0,0.0,0.0,15.0,15.0,100.0,0.0,0.0,0.0,15.0,0.0,1.0,1.0,1.0,0.0,15.0,0.0,0.0,,,34.98,34.98,,845.0,35.22036259541985,579.0,5.387792243208285,3467.0,1.0,5.0,1.0,15.0,15.0,100.0,0.0,0.0,0.0,15.0,0.0,1.0,1.0,1.0,0.0,0.0,0.0,0.0,,,0.6199999999999974,0.6199999999999974,,14.0,0.5773705289294853,-22.0,-0.40766051650822366,-1.0,1.0,5.0,1.0,0.0,0.0,0.0,0.0,0.0,0.0,0.0,0.0,0.0,0.0,0.0,0.0
NODE_150723,current_main_12,2.0,15.0,0.0,0.0,,,44.68,44.68,,802.0,45.07689165531998,482.0,4.924283678599441,3462.0,0.0,0.0,0.0,15.0,15.0,100.0,0.0,0.0,0.0,15.0,0.0,1.0,1.0,1.0,0.0,15.0,0.0,0.0,,,50.17,50.17,,777.0,50.52888732888732,479.0,4.21608835078802,3459.0,1.0,5.0,1.0,15.0,15.0,100.0,0.0,0.0,0.0,15.0,0.0,1.0,1.0,1.0,0.0,0.0,0.0,0.0,,,5.490000000000002,5.490000000000002,,-25.0,5.451995673567339,-3.0,-0.7081953278114206,-3.0,1.0,5.0,1.0,0.0,0.0,0.0,0.0,0.0,0.0,0.0,0.0,0.0,0.0,0.0,0.0
NODE_150723,current_main_12,3.0,15.0,0.0,0.0,,,48.74,48.74,,935.0,49.6025614927905,602.0,4.552186352712832,3468.0,0.0,0.0,0.0,15.0,15.0,100.0,0.0,0.0,0.0,15.0,0.0,1.0,1.0,1.0,0.0,15.0,0.0,0.0,,,48.95,48.95,,923.0,49.50571242043414,601.0,4.339464569669897,3466.0,1.0,5.0,1.0,15.0,15.0,100.0,0.0,0.0,0.0,15.0,0.0,1.0,1.0,1.0,0.0,0.0,0.0,0.0,,,0.21000000000000085,0.21000000000000085,,-12.0,-0.0968490723563562,-1.0,-0.21272178304293554,-2.0,1.0,5.0,1.0,0.0,0.0,0.0,0.0,0.0,0.0,0.0,0.0,0.0,0.0,0.0,0.0
NODE_150723,current_main_12,4.0,15.0,0.0,0.0,,,37.37,37.37,,887.0,37.789725085910646,562.0,5.039471728250484,3466.0,0.0,0.0,0.0,15.0,15.0,100.0,0.0,0.0,0.0,15.0,0.0,1.0,1.0,1.0,0.0,15.0,0.0,0.0,,,47.34,47.34,,857.0,47.79609662689644,538.0,3.7509165244771503,3465.0,1.0,5.0,1.0,15.0,15.0,100.0,0.0,0.0,0.0,15.0,0.0,1.0,1.0,1.0,0.0,0.0,0.0,0.0,,,9.970000000000006,9.970000000000006,,-30.0,10.006371540985796,-24.0,-1.2885552037733334,-1.0,1.0,5.0,1.0,0.0,0.0,0.0,0.0,0.0,0.0,0.0,0.0,0.0,0.0,0.0,0.0
NODE_150723,current_main_12,5.0,15.0,0.0,0.0,,,42.55,42.55,,868.0,43.129775715390565,491.0,6.089549745587228,3464.0,0.0,0.0,0.0,15.0,15.0,100.0,0.0,0.0,0.0,15.0,0.0,1.0,1.0,1.0,0.0,15.0,0.0,0.0,,,53.32,53.32,,855.0,53.952923408845734,497.0,4.581139483254,3464.0,1.0,5.0,1.0,15.0,15.0,100.0,0.0,0.0,0.0,15.0,0.0,1.0,1.0,1.0,0.0,0.0,0.0,0.0,,,10.770000000000003,10.770000000000003,,-13.0,10.82314769345517,6.0,-1.5084102623332285,0.0,1.0,5.0,1.0,0.0,0.0,0.0,0.0,0.0,0.0,0.0,0.0,0.0,0.0,0.0,0.0
NODE_150723,current_main_12,6.0,15.0,0.0,0.0,,,32.57,32.57,,906.0,32.94027804227766,607.0,5.481910105573987,3471.0,0.0,0.0,0.0,15.0,15.0,100.0,0.0,0.0,0.0,15.0,0.0,1.0,1.0,1.0,0.0,15.0,0.0,0.0,,,33.03,33.03,,896.0,33.55460088691796,607.0,5.293234187801959,3472.0,1.0,5.0,1.0,15.0,15.0,100.0,0.0,0.0,0.0,15.0,0.0,1.0,1.0,1.0,0.0,0.0,0.0,0.0,,,0.46000000000000085,0.46000000000000085,,-10.0,0.6143228446402986,0.0,-0.18867591777202808,1.0,1.0,5.0,1.0,0.0,0.0,0.0,0.0,0.0,0.0,0.0,0.0,0.0,0.0,0.0,0.0
NODE_150723,current_main_12,7.0,15.0,0.0,0.0,,,39.74,39.74,,870.0,40.32243404583093,541.0,5.194895165994665,3467.0,0.0,0.0,0.0,15.0,15.0,100.0,0.0,0.0,0.0,15.0,0.0,1.0,1.0,1.0,0.0,15.0,0.0,0.0,,,35.88,35.88,,877.0,35.96697482297404,550.0,5.809021504647568,3466.0,1.0,5.0,1.0,15.0,15.0,100.0,0.0,0.0,0.0,15.0,0.0,1.0,1.0,1.0,0.0,0.0,0.0,0.0,,,-3.8599999999999994,-3.8599999999999994,,7.0,-4.355459222856894,9.0,0.6141263386529028,-1.0,1.0,5.0,1.0,0.0,0.0,0.0,0.0,0.0,0.0,0.0,0.0,0.0,0.0,0.0,0.0
NODE_150723,current_main_12,8.0,15.0,0.0,0.0,,,31.73,31.73,,894.0,31.943565658463267,630.0,6.108886847731632,3464.0,0.0,0.0,0.0,15.0,15.0,100.0,0.0,0.0,0.0,15.0,0.0,1.0,1.0,1.0,0.0,15.0,0.0,0.0,,,32.16,32.16,,878.0,32.31126892169688,628.0,6.232359776002213,3463.0,1.0,5.0,1.0,15.0,15.0,100.0,0.0,0.0,0.0,15.0,0.0,1.0,1.0,1.0,0.0,0.0,0.0,0.0,,,0.42999999999999616,0.42999999999999616,,-16.0,0.36770326323361147,-2.0,0.12347292827058176,-1.0,1.0,5.0,1.0,0.0,0.0,0.0,0.0,0.0,0.0,0.0,0.0,0.0,0.0,0.0,0.0
NODE_150723,current_main_12,9.0,15.0,0.0,0.0,,,32.57,32.57,,929.0,32.76386404293381,553.0,6.056607065508533,3467.0,0.0,0.0,0.0,15.0,15.0,100.0,0.0,0.0,0.0,15.0,0.0,1.0,1.0,1.0,0.0,15.0,0.0,0.0,,,32.41,32.41,,933.0,32.54248395967003,509.0,6.446899031152116,3469.0,1.0,5.0,1.0,15.0,15.0,100.0,0.0,0.0,0.0,15.0,0.0,1.0,1.0,1.0,0.0,0.0,0.0,0.0,,,-0.1600000000000037,-0.1600000000000037,,4.0,-0.22138008326378156,-44.0,0.3902919656435824,2.0,1.0,5.0,1.0,0.0,0.0,0.0,0.0,0.0,0.0,0.0,0.0,0.0,0.0,0.0,0.0
NODE_150723,current_main_12,10.0,15.0,0.0,0.0,,,45.52,45.52,,799.0,45.8619593285991,592.0,4.40938354954553,3463.0,0.0,0.0,0.0,15.0,15.0,100.0,0.0,0.0,0.0,15.0,0.0,1.0,1.0,1.0,0.0,15.0,0.0,0.0,,,60.05,60.05,,799.0,60.45337995337995,559.0,3.447783576770402,3464.0,1.0,5.0,1.0,15.0,15.0,100.0,0.0,0.0,0.0,15.0,0.0,1.0,1.0,1.0,0.0,0.0,0.0,0.0,,,14.529999999999994,14.529999999999994,,0.0,14.591420624780852,-33.0,-0.9615999727751281,1.0,1.0,5.0,1.0,0.0,0.0,0.0,0.0,0.0,0.0,0.0,0.0,0.0,0.0,0.0,0.0
NODE_150723,current_main_12,11.0,15.0,0.0,0.0,,,27.56,27.56,,854.0,27.663797330427673,485.0,7.695944302247999,3464.0,0.0,0.0,0.0,15.0,15.0,100.0,0.0,0.0,0.0,15.0,0.0,1.0,1.0,1.0,0.0,15.0,0.0,0.0,,,35.04,35.04,,816.0,35.71923167570116,469.0,5.687908346522928,3463.0,1.0,5.0,1.0,15.0,15.0,100.0,0.0,0.0,0.0,15.0,0.0,1.0,1.0,1.0,0.0,0.0,0.0,0.0,,,7.48,7.48,,-38.0,8.055434345273486,-16.0,-2.008035955725071,-1.0,1.0,5.0,1.0,0.0,0.0,0.0,0.0,0.0,0.0,0.0,0.0,0.0,0.0,0.0,0.0
NODE_150723,current_main_12,12.0,15.0,0.0,0.0,,,50.96,50.96,,763.0,51.3531914893617,519.0,3.4905469820847115,3466.0,0.0,0.0,0.0,15.0,15.0,100.0,0.0,0.0,0.0,15.0,0.0,1.0,1.0,1.0,0.0,15.0,0.0,0.0,,,50.91,50.91,,780.0,51.39631892914303,533.0,3.335542771763115,3466.0,1.0,5.0,1.0,15.0,15.0,100.0,0.0,0.0,0.0,15.0,0.0,1.0,1.0,1.0,0.0,0.0,0.0,0.0,,,-0.05000000000000426,-0.05000000000000426,,17.0,0.04312743978132971,14.0,-0.1550042103215965,0.0,1.0,5.0,1.0,0.0,0.0,0.0,0.0,0.0,0.0,0.0,0.0,0.0,0.0,0.0,0.0
NODE_150723,current_main_12,13.0,15.0,0.0,0.0,,,31.38,31.38,,829.0,31.478691628102652,571.0,6.4880767868951645,3467.0,0.0,0.0,0.0,15.0,15.0,100.0,0.0,0.0,0.0,15.0,0.0,1.0,1.0,1.0,0.0,15.0,0.0,0.0,,,31.16,31.16,,840.0,31.33900059725264,573.0,5.893562301327901,3468.0,1.0,5.0,1.0,15.0,15.0,100.0,0.0,0.0,0.0,15.0,0.0,1.0,1.0,1.0,0.0,0.0,0.0,0.0,,,-0.21999999999999886,-0.21999999999999886,,11.0,-0.13969103085001322,2.0,-0.5945144855672639,1.0,1.0,5.0,1.0,0.0,0.0,0.0,0.0,0.0,0.0,0.0,0.0,0.0,0.0,0.0,0.0
NODE_150723,current_main_12,14.0,15.0,0.0,0.0,,,45.62,45.62,,862.0,46.26575669680941,610.0,4.582373299783759,3470.0,0.0,0.0,0.0,15.0,15.0,100.0,0.0,0.0,0.0,15.0,0.0,1.0,1.0,1.0,0.0,15.0,0.0,0.0,,,46.89,46.89,,867.0,47.5794058316523,568.0,4.738549879234596,3473.0,1.0,5.0,1.0,15.0,15.0,100.0,0.0,0.0,0.0,15.0,0.0,1.0,1.0,1.0,0.0,0.0,0.0,0.0,,,1.2700000000000031,1.2700000000000031,,5.0,1.3136491348428905,-42.0,0.15617657945083696,3.0,1.0,5.0,1.0,0.0,0.0,0.0,0.0,0.0,0.0,0.0,0.0,0.0,0.0,0.0,0.0
NODE_150723,current_main_12,15.0,15.0,0.0,0.0,,,51.18,51.18,,882.0,51.67904604769762,622.0,3.82328973213042,3469.0,0.0,0.0,0.0,15.0,15.0,100.0,0.0,0.0,0.0,15.0,0.0,1.0,1.0,1.0,0.0,15.0,0.0,0.0,,,51.85,51.85,,896.0,52.28615231032516,636.0,3.763877592576213,3466.0,1.0,5.0,1.0,15.0,15.0,100.0,0.0,0.0,0.0,15.0,0.0,1.0,1.0,1.0,0.0,0.0,0.0,0.0,,,0.6700000000000017,0.6700000000000017,,14.0,0.6071062626275392,14.0,-0.05941213955420688,-3.0,1.0,5.0,1.0,0.0,0.0,0.0,0.0,0.0,0.0,0.0,0.0,0.0,0.0,0.0,0.0
NODE_150723,current_main_12,16.0,15.0,0.0,0.0,,,26.88,26.88,,832.0,27.086083584661782,568.0,6.98096782466004,3462.0,0.0,0.0,0.0,15.0,15.0,100.0,0.0,0.0,0.0,15.0,0.0,1.0,1.0,1.0,0.0,15.0,0.0,0.0,,,28.28,28.28,,872.0,28.65464371497198,574.0,6.439226822298432,3465.0,1.0,5.0,1.0,15.0,15.0,100.0,0.0,0.0,0.0,15.0,0.0,1.0,1.0,1.0,0.0,0.0,0.0,0.0,,,1.4000000000000021,1.4000000000000021,,40.0,1.5685601303101961,6.0,-0.5417410023616087,3.0,1.0,5.0,1.0,0.0,0.0,0.0,0.0,0.0,0.0,0.0,0.0,0.0,0.0,0.0,0.0
NODE_150723,current_main_12,17.0,15.0,0.0,0.0,,,45.92,45.92,,851.0,46.47742108079186,589.0,4.697908460822844,3468.0,0.0,0.0,0.0,15.0,15.0,100.0,0.0,0.0,0.0,15.0,0.0,1.0,1.0,1.0,0.0,15.0,0.0,0.0,,,44.56,44.56,,856.0,45.18145435054493,587.0,4.401495305733122,3468.0,1.0,5.0,1.0,15.0,15.0,100.0,0.0,0.0,0.0,15.0,0.0,1.0,1.0,1.0,0.0,0.0,0.0,0.0,,,-1.3599999999999994,-1.3599999999999994,,5.0,-1.2959667302469313,-2.0,-0.29641315508972177,0.0,1.0,5.0,1.0,0.0,0.0,0.0,0.0,0.0,0.0,0.0,0.0,0.0,0.0,0.0,0.0
NODE_150723,current_main_12,18.0,15.0,0.0,0.0,,,35.9,35.9,,831.0,36.4634703196347,575.0,5.245509132791843,3468.0,0.0,0.0,0.0,15.0,15.0,100.0,0.0,0.0,0.0,15.0,0.0,1.0,1.0,1.0,0.0,15.0,0.0,0.0,,,35.1,35.1,,860.0,35.818628509719225,611.0,5.207939845234748,3465.0,1.0,5.0,1.0,15.0,15.0,100.0,0.0,0.0,0.0,15.0,0.0,1.0,1.0,1.0,0.0,0.0,0.0,0.0,,,-0.7999999999999972,-0.7999999999999972,,29.0,-0.6448418099154765,36.0,-0.03756928755709499,-3.0,1.0,5.0,1.0,0.0,0.0,0.0,0.0,0.0,0.0,0.0,0.0,0.0,0.0,0.0,0.0
NODE_150723,current_main_12,19.0,15.0,0.0,0.0,,,36.67,36.67,,832.0,37.12376357056695,539.0,5.5405748965392645,3468.0,0.0,0.0,0.0,15.0,15.0,100.0,0.0,0.0,0.0,15.0,0.0,1.0,1.0,1.0,0.0,15.0,0.0,0.0,,,35.36,35.36,,823.0,35.82356332192398,583.0,5.183008198229368,3466.0,1.0,5.0,1.0,15.0,15.0,100.0,0.0,0.0,0.0,15.0,0.0,1.0,1.0,1.0,0.0,0.0,0.0,0.0,,,-1.3100000000000023,-1.3100000000000023,,-9.0,-1.3002002486429731,44.0,-0.3575666983098964,-2.0,1.0,5.0,1.0,0.0,0.0,0.0,0.0,0.0,0.0,0.0,0.0,0.0,0.0,0.0,0.0
NODE_150723,current_main_12,20.0,15.0,0.0,0.0,,,35.97,35.97,,838.0,36.44419438358892,585.0,5.902057413450877,3463.0,0.0,0.0,0.0,15.0,15.0,100.0,0.0,0.0,0.0,15.0,0.0,1.0,1.0,1.0,0.0,15.0,0.0,0.0,,,35.61,35.61,,857.0,36.09567066099729,583.0,5.680762620214816,3463.0,1.0,5.0,1.0,15.0,15.0,100.0,0.0,0.0,0.0,15.0,0.0,1.0,1.0,1.0,0.0,0.0,0.0,0.0,,,-0.35999999999999943,-0.35999999999999943,,19.0,-0.34852372259162934,-2.0,-0.22129479323606116,0.0,1.0,5.0,1.0,0.0,0.0,0.0,0.0,0.0,0.0,0.0,0.0,0.0,0.0,0.0,0.0
NODE_150723,current_main_12,21.0,15.0,0.0,0.0,,,47.51,47.51,,849.0,47.8638690252164,550.0,5.0313531936209674,3466.0,0.0,0.0,0.0,15.0,15.0,100.0,0.0,0.0,0.0,15.0,0.0,1.0,1.0,1.0,0.0,15.0,0.0,0.0,,,46.91,46.91,,860.0,47.20627802690583,552.0,5.095714298957865,3466.0,1.0,5.0,1.0,15.0,15.0,100.0,0.0,0.0,0.0,15.0,0.0,1.0,1.0,1.0,0.0,0.0,0.0,0.0,,,-0.6000000000000014,-0.6000000000000014,,11.0,-0.6575909983105745,2.0,0.06436110533689732,0.0,1.0,5.0,1.0,0.0,0.0,0.0,0.0,0.0,0.0,0.0,0.0,0.0,0.0,0.0,0.0
NODE_150723,current_main_12,22.0,15.0,0.0,0.0,,,27.69,27.69,,823.0,27.897583511016343,536.0,7.195106789101657,3469.0,0.0,0.0,0.0,15.0,15.0,100.0,0.0,0.0,0.0,15.0,0.0,1.0,1.0,1.0,0.0,15.0,0.0,0.0,,,30.62,30.62,,839.0,30.8468018018018,539.0,6.708847940148121,3470.0,1.0,5.0,1.0,15.0,15.0,100.0,0.0,0.0,0.0,15.0,0.0,1.0,1.0,1.0,0.0,0.0,0.0,0.0,,,2.9299999999999997,2.9299999999999997,,16.0,2.9492182907854563,3.0,-0.4862588489535362,1.0,1.0,5.0,1.0,0.0,0.0,0.0,0.0,0.0,0.0,0.0,0.0,0.0,0.0,0.0,0.0
NODE_150723,current_main_12,23.0,15.0,0.0,0.0,,,34.28,34.28,,950.0,34.51693970613072,627.0,5.509919247721456,3469.0,0.0,0.0,0.0,15.0,15.0,100.0,0.0,0.0,0.0,15.0,0.0,1.0,1.0,1.0,0.0,15.0,0.0,0.0,,,38.14,38.14,,934.0,38.74550998627839,622.0,4.580967100175037,3469.0,1.0,5.0,1.0,15.0,15.0,100.0,0.0,0.0,0.0,15.0,0.0,1.0,1.0,1.0,0.0,0.0,0.0,0.0,,,3.8599999999999994,3.8599999999999994,,-16.0,4.228570280147672,-5.0,-0.9289521475464184,0.0,1.0,5.0,1.0,0.0,0.0,0.0,0.0,0.0,0.0,0.0,0.0,0.0,0.0,0.0,0.0
NODE_150723,current_main_12,24.0,15.0,0.0,0.0,,,37.31,37.31,,812.0,37.72700869196523,562.0,6.195254317134019,3466.0,0.0,0.0,0.0,15.0,15.0,100.0,0.0,0.0,0.0,15.0,0.0,1.0,1.0,1.0,0.0,15.0,0.0,0.0,,,36.61,36.61,,817.0,36.99108075532342,573.0,5.935976222683375,3467.0,1.0,5.0,1.0,15.0,15.0,100.0,0.0,0.0,0.0,15.0,0.0,1.0,1.0,1.0,0.0,0.0,0.0,0.0,,,-0.7000000000000028,-0.7000000000000028,,5.0,-0.7359279366418079,11.0,-0.25927809445064387,1.0,1.0,5.0,1.0,0.0,0.0,0.0,0.0,0.0,0.0,0.0,0.0,0.0,0.0,0.0,0.0
NODE_150723,current_main_12,25.0,15.0,0.0,0.0,,,48.27,48.27,,838.0,48.86163209326248,579.0,4.471864575990591,3465.0,0.0,0.0,0.0,15.0,15.0,100.0,0.0,0.0,0.0,15.0,0.0,1.0,1.0,1.0,0.0,15.0,0.0,0.0,,,35.42,35.42,,832.0,35.992817888952054,576.0,5.417056253945478,3466.0,1.0,5.0,1.0,15.0,15.0,100.0,0.0,0.0,0.0,15.0,0.0,1.0,1.0,1.0,0.0,0.0,0.0,0.0,,,-12.850000000000001,-12.850000000000001,,-6.0,-12.868814204310425,-3.0,0.9451916779548863,1.0,1.0,5.0,1.0,0.0,0.0,0.0,0.0,0.0,0.0,0.0,0.0,0.0,0.0,0.0,0.0
NODE_150723,current_main_12,26.0,15.0,0.0,0.0,,,27.18,27.18,,885.0,27.557137192704204,602.0,6.522906257660467,3471.0,0.0,0.0,0.0,15.0,15.0,100.0,0.0,0.0,0.0,15.0,0.0,1.0,1.0,1.0,0.0,15.0,0.0,0.0,,,27.92,27.92,,886.0,28.320179189574425,577.0,6.546262163338555,3470.0,1.0,5.0,1.0,15.0,15.0,100.0,0.0,0.0,0.0,15.0,0.0,1.0,1.0,1.0,0.0,0.0,0.0,0.0,,,0.740000000000002,0.740000000000002,,1.0,0.7630419968702213,-25.0,0.02335590567808765,-1.0,1.0,5.0,1.0,0.0,0.0,0.0,0.0,0.0,0.0,0.0,0.0,0.0,0.0,0.0,0.0
NODE_150723,current_main_12,27.0,15.0,0.0,0.0,,,33.1,33.1,,870.0,33.438335561497325,623.0,5.3149265344208745,3466.0,0.0,0.0,0.0,15.0,15.0,100.0,0.0,0.0,0.0,15.0,0.0,1.0,1.0,1.0,0.0,15.0,0.0,0.0,,,50.87,50.87,,840.0,51.64873676781934,574.0,3.3557224779134627,3465.0,1.0,5.0,1.0,15.0,15.0,100.0,0.0,0.0,0.0,15.0,0.0,1.0,1.0,1.0,0.0,0.0,0.0,0.0,,,17.769999999999996,17.769999999999996,,-30.0,18.21040120632201,-49.0,-1.9592040565074118,-1.0,1.0,5.0,1.0,0.0,0.0,0.0,0.0,0.0,0.0,0.0,0.0,0.0,0.0,0.0,0.0
NODE_150723,current_main_12,28.0,15.0,0.0,0.0,,,36.4,36.4,,767.0,36.66397208985705,621.0,5.4535014852854085,3467.0,0.0,0.0,0.0,15.0,15.0,100.0,0.0,0.0,0.0,15.0,0.0,1.0,1.0,1.0,0.0,15.0,0.0,0.0,,,32.39,32.39,,778.0,32.715812261863526,601.0,5.6959467704947375,3467.0,1.0,5.0,1.0,15.0,15.0,100.0,0.0,0.0,0.0,15.0,0.0,1.0,1.0,1.0,0.0,0.0,0.0,0.0,,,-4.009999999999998,-4.009999999999998,,11.0,-3.9481598279935213,-20.0,0.24244528520932906,0.0,1.0,5.0,1.0,0.0,0.0,0.0,0.0,0.0,0.0,0.0,0.0,0.0,0.0,0.0,0.0
NODE_150723,current_main_12,29.0,15.0,0.0,0.0,,,30.98,30.98,,836.0,31.541756058800157,583.0,5.950839319239899,3473.0,0.0,0.0,0.0,15.0,15.0,100.0,0.0,0.0,0.0,15.0,0.0,1.0,1.0,1.0,0.0,15.0,0.0,0.0,,,29.78,29.78,,834.0,30.2959836225385,588.0,5.844977665761531,3471.0,1.0,5.0,1.0,15.0,15.0,100.0,0.0,0.0,0.0,15.0,0.0,1.0,1.0,1.0,0.0,0.0,0.0,0.0,,,-1.1999999999999993,-1.1999999999999993,,-2.0,-1.2457724362616567,5.0,-0.1058616534783674,-2.0,1.0,5.0,1.0,0.0,0.0,0.0,0.0,0.0,0.0,0.0,0.0,0.0,0.0,0.0,0.0
NODE_150723,current_main_12,30.0,15.0,0.0,0.0,,,35.5,35.5,,884.0,36.057283432811744,671.0,4.947646897504982,3469.0,0.0,0.0,0.0,15.0,15.0,100.0,0.0,0.0,0.0,15.0,0.0,1.0,1.0,1.0,0.0,15.0,0.0,0.0,,,33.25,33.25,,892.0,33.46341581756429,670.0,5.2159439939422185,3470.0,1.0,5.0,1.0,15.0,15.0,100.0,0.0,0.0,0.0,15.0,0.0,1.0,1.0,1.0,0.0,0.0,0.0,0.0,,,-2.25,-2.25,,8.0,-2.5938676152474542,-1.0,0.2682970964372364,1.0,1.0,5.0,1.0,0.0,0.0,0.0,0.0,0.0,0.0,0.0,0.0,0.0,0.0,0.0,0.0
NODE_167173,current_main_12,1.0,10.0,0.0,0.0,,,40.59,40.59,,831.0,41.12347682119205,339.0,4.990009864304897,3468.0,0.0,0.0,0.0,10.0,10.0,100.0,0.0,0.0,0.0,10.0,0.0,1.0,1.0,1.0,0.0,10.0,0.0,0.0,,,32.38,32.38,,845.0,33.05366705471478,333.0,6.412776066069746,3467.0,1.0,5.0,1.0,10.0,10.0,100.0,0.0,0.0,0.0,10.0,0.0,1.0,1.0,1.0,0.0,0.0,0.0,0.0,,,-8.21,-8.21,,14.0,-8.06980976647727,-6.0,1.4227662017648495,-1.0,1.0,5.0,1.0,0.0,0.0,0.0,0.0,0.0,0.0,0.0,0.0,0.0,0.0,0.0,0.0
NODE_167173,current_main_12,2.0,10.0,0.0,0.0,,,47.23,47.23,,802.0,47.72955277280859,297.0,4.455535364421636,3462.0,0.0,0.0,0.0,10.0,0.0,0.0,3.6000000000000227,6.210000000000003,11.590000000000009,0.0,0.0,0.0,0.0,0.0,0.0,10.0,0.0,0.0,,,48.91,48.91,,777.0,49.50124495289368,298.0,4.270984987665924,3459.0,1.0,5.0,1.0,10.0,0.0,0.0,3.5,4.940000000000021,11.400000000000016,0.0,0.0,0.0,0.0,0.0,0.0,0.0,0.0,0.0,,,1.6799999999999997,1.6799999999999997,,-25.0,1.7716921800850898,1.0,-0.18455037675571262,-3.0,1.0,5.0,1.0,0.0,0.0,0.0,-0.10000000000002274,-1.2699999999999818,-0.1899999999999924,0.0,0.0,0.0,0.0,0.0,0.0
NODE_167173,current_main_12,3.0,10.0,0.0,0.0,,,37.68,37.68,,935.0,37.81336976320583,331.0,5.819323750224602,3468.0,0.0,0.0,0.0,10.0,0.0,0.0,8.200000000000017,10.809999999999995,16.190000000000005,0.0,0.0,0.0,0.0,0.0,0.0,10.0,0.0,0.0,,,32.93,32.93,,923.0,33.18252048380804,332.0,6.579608864825935,3466.0,1.0,5.0,1.0,10.0,0.0,0.0,8.299999999999983,9.740000000000004,16.199999999999996,0.0,0.0,0.0,0.0,0.0,0.0,0.0,0.0,0.0,,,-4.75,-4.75,,-12.0,-4.630849279397786,1.0,0.7602851146013325,-2.0,1.0,5.0,1.0,0.0,0.0,0.0,0.0999999999999659,-1.0699999999999914,0.009999999999990905,0.0,0.0,0.0,0.0,0.0,0.0
NODE_167173,current_main_12,4.0,10.0,0.0,0.0,,,42.67,42.67,,887.0,43.161569552037726,317.0,4.778007328085135,3466.0,0.0,0.0,0.0,10.0,6.0,60.0,0.0,0.0,2.2099999999999964,4.0,2.0,0.5,0.5,0.5,0.0,10.0,0.0,0.0,,,41.94,41.94,,857.0,42.46689968542468,307.0,4.830284482517693,3465.0,1.0,5.0,1.0,10.0,6.0,60.0,0.0,0.0,2.119999999999996,4.0,2.0,0.5,0.5,0.5,0.0,0.0,0.0,0.0,,,-0.730000000000004,-0.730000000000004,,-30.0,-0.6946698666130473,-10.0,0.052277154432558426,-1.0,1.0,5.0,1.0,0.0,0.0,0.0,0.0,0.0,-0.0900000000000003,0.0,0.0,0.0,0.0,0.0,0.0
NODE_167173,current_main_12,5.0,10.0,0.0,0.0,,,48.73,48.73,,868.0,49.05391583869083,322.0,4.032646622274046,3464.0,0.0,0.0,0.0,10.0,0.0,0.0,3.6000000000000227,6.210000000000003,11.590000000000009,0.0,0.0,0.0,0.0,0.0,0.0,10.0,0.0,0.0,,,48.11,48.11,,855.0,48.221779859484776,326.0,4.151267886416886,3464.0,1.0,5.0,1.0,10.0,0.0,0.0,3.5,4.940000000000021,11.400000000000016,0.0,0.0,0.0,0.0,0.0,0.0,0.0,0.0,0.0,,,-0.6199999999999974,-0.6199999999999974,,-13.0,-0.8321359792060505,4.0,0.11862126414284013,0.0,1.0,5.0,1.0,0.0,0.0,0.0,-0.10000000000002274,-1.2699999999999818,-0.1899999999999924,0.0,0.0,0.0,0.0,0.0,0.0
NODE_167173,current_main_12,6.0,10.0,0.0,0.0,,,30.5,30.5,,906.0,30.75044762757386,313.0,6.8441774776986,3471.0,0.0,0.0,0.0,10.0,6.0,60.0,0.0,0.0,2.2099999999999964,4.0,2.0,0.5,0.5,0.5,0.0,10.0,0.0,0.0,,,31.51,31.51,,896.0,31.953082502266547,315.0,6.790279913530667,3472.0,1.0,5.0,1.0,10.0,6.0,60.0,0.0,0.0,2.139999999999998,4.0,2.0,0.5,0.5,0.5,0.0,0.0,0.0,0.0,,,1.0100000000000016,1.0100000000000016,,-10.0,1.2026348746926878,2.0,-0.0538975641679329,1.0,1.0,5.0,1.0,0.0,0.0,0.0,0.0,0.0,-0.06999999999999851,0.0,0.0,0.0,0.0,0.0,0.0
NODE_167173,current_main_12,7.0,10.0,0.0,0.0,,,43.69,43.69,,870.0,44.21639344262295,304.0,4.438936605254677,3467.0,0.0,0.0,0.0,10.0,0.0,0.0,3.6000000000000227,6.210000000000003,11.570000000000013,0.0,0.0,0.0,0.0,0.0,0.0,10.0,0.0,0.0,,,44.04,44.04,,877.0,44.74330816746741,305.0,4.341040667774396,3466.0,1.0,5.0,1.0,10.0,0.0,0.0,3.4000000000000057,4.840000000000001,11.310000000000008,0.0,0.0,0.0,0.0,0.0,0.0,0.0,0.0,0.0,,,0.3500000000000014,0.3500000000000014,,7.0,0.5269147248444597,1.0,-0.09789593748028036,-1.0,1.0,5.0,1.0,0.0,0.0,0.0,-0.20000000000001705,-1.3700000000000019,-0.2600000000000051,0.0,0.0,0.0,0.0,0.0,0.0
NODE_167173,current_main_12,8.0,10.0,0.0,0.0,,,36.41,36.41,,894.0,36.79539518900344,343.0,5.790455859700476,3464.0,0.0,0.0,0.0,10.0,0.0,0.0,3.6000000000000227,6.210000000000003,11.590000000000009,0.0,0.0,0.0,0.0,0.0,0.0,10.0,0.0,0.0,,,37.01,37.01,,878.0,37.57490585415953,342.0,5.577208873962617,3463.0,1.0,5.0,1.0,10.0,0.0,0.0,3.5,4.940000000000021,11.400000000000016,0.0,0.0,0.0,0.0,0.0,0.0,0.0,0.0,0.0,,,0.6000000000000014,0.6000000000000014,,-16.0,0.7795106651560886,-1.0,-0.21324698573785916,-1.0,1.0,5.0,1.0,0.0,0.0,0.0,-0.10000000000002274,-1.2699999999999818,-0.1899999999999924,0.0,0.0,0.0,0.0,0.0,0.0
NODE_167173,current_main_12,9.0,10.0,0.0,0.0,,,37.17,37.17,,929.0,37.94862248696947,324.0,5.454538698697638,3467.0,0.0,0.0,0.0,10.0,0.0,0.0,3.6000000000000227,6.210000000000003,11.590000000000009,0.0,0.0,0.0,0.0,0.0,0.0,10.0,0.0,0.0,,,40.12,40.12,,933.0,40.95217076700434,321.0,5.3918799685790395,3469.0,1.0,5.0,1.0,10.0,0.0,0.0,3.5,4.940000000000021,11.400000000000016,0.0,0.0,0.0,0.0,0.0,0.0,0.0,0.0,0.0,,,2.9499999999999957,2.9499999999999957,,4.0,3.0035482800348703,-3.0,-0.06265873011859835,2.0,1.0,5.0,1.0,0.0,0.0,0.0,-0.10000000000002274,-1.2699999999999818,-0.1899999999999924,0.0,0.0,0.0,0.0,0.0,0.0
NODE_167173,current_main_12,10.0,10.0,0.0,0.0,,,29.83,29.83,,799.0,30.11379310344828,319.0,7.16413935784174,3463.0,0.0,0.0,0.0,10.0,0.0,0.0,12.0,14.60999999999998,19.989999999999988,0.0,0.0,0.0,0.0,0.0,0.0,10.0,0.0,0.0,,,29.03,29.03,,799.0,29.460631672597867,314.0,7.2458204742513965,3464.0,1.0,5.0,1.0,10.0,0.0,0.0,11.899999999999975,13.339999999999998,19.79999999999999,0.0,0.0,0.0,0.0,0.0,0.0,0.0,0.0,0.0,,,-0.7999999999999972,-0.7999999999999972,,0.0,-0.6531614308504139,-5.0,0.0816811164096567,1.0,1.0,5.0,1.0,0.0,0.0,0.0,-0.10000000000002451,-1.2699999999999818,-0.18999999999999773,0.0,0.0,0.0,0.0,0.0,0.0
NODE_167173,current_main_12,11.0,10.0,0.0,0.0,,,44.54,44.54,,854.0,44.90439632545932,327.0,4.892314133157342,3464.0,0.0,0.0,0.0,10.0,6.0,60.0,0.0,0.0,2.2099999999999964,4.0,2.0,0.5,0.5,0.5,0.0,10.0,0.0,0.0,,,44.49,44.49,,816.0,44.875143532590336,321.0,4.996174862787682,3463.0,1.0,5.0,1.0,10.0,6.0,60.0,0.0,0.0,2.139999999999998,4.0,2.0,0.5,0.5,0.5,0.0,0.0,0.0,0.0,,,-0.04999999999999716,-0.04999999999999716,,-38.0,-0.029252792868980748,-6.0,0.10386072963034021,-1.0,1.0,5.0,1.0,0.0,0.0,0.0,0.0,0.0,-0.06999999999999851,0.0,0.0,0.0,0.0,0.0,0.0
NODE_167173,current_main_12,12.0,10.0,0.0,0.0,,,34.58,34.58,,763.0,35.04448075526507,319.0,5.90564887398768,3466.0,0.0,0.0,0.0,10.0,0.0,0.0,3.6000000000000227,6.210000000000003,11.590000000000009,0.0,0.0,0.0,0.0,0.0,0.0,10.0,0.0,0.0,,,34.09,34.09,,780.0,34.51419685327478,319.0,6.020879902451377,3466.0,1.0,5.0,1.0,10.0,0.0,0.0,3.5,4.940000000000021,11.400000000000016,0.0,0.0,0.0,0.0,0.0,0.0,0.0,0.0,0.0,,,-0.4899999999999949,-0.4899999999999949,,17.0,-0.5302839019902876,0.0,0.11523102846369682,0.0,1.0,5.0,1.0,0.0,0.0,0.0,-0.10000000000002274,-1.2699999999999818,-0.1899999999999924,0.0,0.0,0.0,0.0,0.0,0.0
NODE_167173,current_main_12,13.0,10.0,0.0,0.0,,,36.25,36.25,,829.0,36.69211752060194,329.0,5.934391209645713,3467.0,0.0,0.0,0.0,10.0,0.0,0.0,12.100000000000025,14.710000000000004,20.09000000000001,0.0,0.0,0.0,0.0,0.0,0.0,10.0,0.0,0.0,,,35.7,35.7,,840.0,36.24241635687733,327.0,6.0164557114429975,3468.0,1.0,5.0,1.0,10.0,0.0,0.0,11.899999999999975,13.339999999999998,19.79999999999999,0.0,0.0,0.0,0.0,0.0,0.0,0.0,0.0,0.0,,,-0.5499999999999972,-0.5499999999999972,,11.0,-0.4497011637246118,-2.0,0.08206450179728453,1.0,1.0,5.0,1.0,0.0,0.0,0.0,-0.20000000000004903,-1.3700000000000063,-0.29000000000002046,0.0,0.0,0.0,0.0,0.0,0.0
NODE_167173,current_main_12,14.0,10.0,0.0,0.0,,,48.87,48.87,,862.0,49.23895668090299,317.0,3.978073525639171,3470.0,0.0,0.0,0.0,10.0,6.0,60.0,0.0,0.0,2.2099999999999964,4.0,2.0,0.5,0.5,0.5,0.0,10.0,0.0,0.0,,,46.42,46.42,,867.0,46.98585160708922,336.0,4.048937435576321,3473.0,1.0,5.0,1.0,10.0,6.0,60.0,0.0,0.0,2.139999999999998,4.0,2.0,0.5,0.5,0.5,0.0,0.0,0.0,0.0,,,-2.4499999999999957,-2.4499999999999957,,5.0,-2.253105073813771,19.0,0.0708639099371502,3.0,1.0,5.0,1.0,0.0,0.0,0.0,0.0,0.0,-0.06999999999999851,0.0,0.0,0.0,0.0,0.0,0.0
NODE_167173,current_main_12,15.0,10.0,0.0,0.0,,,34.75,34.75,,882.0,35.13490241102181,323.0,6.1183775056316305,3469.0,0.0,0.0,0.0,10.0,6.0,60.0,0.0,0.0,2.2099999999999964,4.0,2.0,0.5,0.5,0.5,0.0,10.0,0.0,0.0,,,35.33,35.33,,896.0,35.73194959229058,323.0,5.963473872391519,3466.0,1.0,5.0,1.0,10.0,6.0,60.0,0.0,0.0,2.139999999999998,4.0,2.0,0.5,0.5,0.5,0.0,0.0,0.0,0.0,,,0.5799999999999983,0.5799999999999983,,14.0,0.5970471812687705,0.0,-0.15490363324011192,-3.0,1.0,5.0,1.0,0.0,0.0,0.0,0.0,0.0,-0.06999999999999851,0.0,0.0,0.0,0.0,0.0,0.0
NODE_167173,current_main_12,16.0,10.0,0.0,0.0,,,35.7,35.7,,832.0,35.810430839002265,278.0,6.480673160154485,3462.0,0.0,0.0,0.0,10.0,10.0,100.0,0.0,0.0,0.0,10.0,0.0,1.0,1.0,1.0,0.0,10.0,0.0,0.0,,,29.5,29.5,,872.0,29.60025826446281,268.0,7.522371802552329,3465.0,1.0,5.0,1.0,10.0,10.0,100.0,0.0,0.0,0.0,10.0,0.0,1.0,1.0,1.0,0.0,0.0,0.0,0.0,,,-6.200000000000003,-6.200000000000003,,40.0,-6.210172574539456,-10.0,1.0416986423978445,3.0,1.0,5.0,1.0,0.0,0.0,0.0,0.0,0.0,0.0,0.0,0.0,0.0,0.0,0.0,0.0
NODE_167173,current_main_12,17.0,10.0,0.0,0.0,,,36.7,36.7,,851.0,37.35947617315387,340.0,5.460848518961699,3468.0,0.0,0.0,0.0,10.0,10.0,100.0,0.0,0.0,0.0,10.0,0.0,1.0,1.0,1.0,0.0,10.0,0.0,0.0,,,32.08,32.08,,856.0,32.569142176330416,329.0,6.493739766262156,3468.0,1.0,5.0,1.0,10.0,10.0,100.0,0.0,0.0,0.0,10.0,0.0,1.0,1.0,1.0,0.0,0.0,0.0,0.0,,,-4.6200000000000045,-4.6200000000000045,,5.0,-4.790333996823456,-11.0,1.0328912473004568,0.0,1.0,5.0,1.0,0.0,0.0,0.0,0.0,0.0,0.0,0.0,0.0,0.0,0.0,0.0,0.0
NODE_167173,current_main_12,18.0,10.0,0.0,0.0,,,30.35,30.35,,831.0,30.587339228295814,325.0,6.922096832312579,3468.0,0.0,0.0,0.0,10.0,10.0,100.0,0.0,0.0,0.1699999999999988,9.0,1.0,0.95,0.95,0.95,0.0,10.0,0.0,0.0,,,30.65,30.65,,860.0,30.75832358674464,332.0,6.936861932466952,3465.0,1.0,5.0,1.0,10.0,10.0,100.0,0.0,0.0,0.1699999999999988,9.0,1.0,0.95,0.95,0.95,0.0,0.0,0.0,0.0,,,0.29999999999999716,0.29999999999999716,,29.0,0.17098435844882687,7.0,0.014765100154373378,-3.0,1.0,5.0,1.0,0.0,0.0,0.0,0.0,0.0,0.0,0.0,0.0,0.0,0.0,0.0,0.0
NODE_167173,current_main_12,19.0,10.0,0.0,0.0,,,34.89,34.89,,832.0,35.08787061994609,328.0,6.208957815198847,3468.0,0.0,0.0,0.0,10.0,9.0,90.0,0.0,0.0,0.9100000000000024,7.0,2.0,0.8,0.8,0.8,0.0,10.0,0.0,0.0,,,37.06,37.06,,823.0,37.48632025450689,331.0,5.4334961302960325,3466.0,1.0,5.0,1.0,10.0,9.0,90.0,0.0,0.0,1.009999999999998,7.0,2.0,0.8,0.8,0.8,0.0,0.0,0.0,0.0,,,2.1700000000000017,2.1700000000000017,,-9.0,2.398449634560805,3.0,-0.7754616849028144,-2.0,1.0,5.0,1.0,0.0,0.0,0.0,0.0,0.0,0.09999999999999565,0.0,0.0,0.0,0.0,0.0,0.0
NODE_167173,current_main_12,20.0,10.0,0.0,0.0,,,32.77,32.77,,838.0,33.21546153846154,319.0,6.512292036852461,3463.0,0.0,0.0,0.0,10.0,0.0,0.0,3.6000000000000227,6.210000000000003,11.590000000000009,0.0,0.0,0.0,0.0,0.0,0.0,10.0,0.0,0.0,,,32.88,32.88,,857.0,33.11623401782255,317.0,6.554503341088868,3463.0,1.0,5.0,1.0,10.0,0.0,0.0,3.5,4.940000000000021,11.400000000000016,0.0,0.0,0.0,0.0,0.0,0.0,0.0,0.0,0.0,,,0.10999999999999943,0.10999999999999943,,19.0,-0.09922752063899054,-2.0,0.04221130423640673,0.0,1.0,5.0,1.0,0.0,0.0,0.0,-0.10000000000002274,-1.2699999999999818,-0.1899999999999924,0.0,0.0,0.0,0.0,0.0,0.0
NODE_167173,current_main_12,21.0,10.0,0.0,0.0,,,36.94,36.94,,849.0,37.78188314417823,310.0,5.653261428116291,3466.0,0.0,0.0,0.0,10.0,6.0,60.0,0.0,0.0,2.219999999999993,4.0,2.0,0.5,0.5,0.5,0.0,10.0,0.0,0.0,,,36.88,36.88,,860.0,37.61447868298861,309.0,5.665768334542351,3466.0,1.0,5.0,1.0,10.0,6.0,60.0,0.0,0.0,2.219999999999993,4.0,2.0,0.5,0.5,0.5,0.0,0.0,0.0,0.0,,,-0.05999999999999517,-0.05999999999999517,,11.0,-0.16740446118961927,-1.0,0.012506906426059672,0.0,1.0,5.0,1.0,0.0,0.0,0.0,0.0,0.0,0.0,0.0,0.0,0.0,0.0,0.0,0.0
NODE_167173,current_main_12,22.0,10.0,0.0,0.0,,,44.77,44.77,,823.0,45.16874569262577,312.0,4.9225853668086925,3469.0,0.0,0.0,0.0,10.0,0.0,0.0,24.700000000000017,27.309999999999995,32.43000000000001,0.0,0.0,0.0,0.0,0.0,0.0,10.0,0.0,0.0,,,45.2,45.2,,839.0,45.706939196152526,312.0,4.812336505587973,3470.0,1.0,5.0,1.0,10.0,0.0,0.0,24.59999999999999,26.040000000000013,32.210000000000015,0.0,0.0,0.0,0.0,0.0,0.0,0.0,0.0,0.0,,,0.4299999999999997,0.4299999999999997,,16.0,0.538193503526756,0.0,-0.11024886122071909,1.0,1.0,5.0,1.0,0.0,0.0,0.0,-0.10000000000002629,-1.2699999999999818,-0.21999999999999176,0.0,0.0,0.0,0.0,0.0,0.0
NODE_167173,current_main_12,23.0,10.0,0.0,0.0,,,35.11,35.11,,950.0,35.71661775495231,330.0,5.617766100855941,3469.0,0.0,0.0,0.0,10.0,0.0,0.0,17.700000000000017,20.309999999999995,25.670000000000005,0.0,0.0,0.0,0.0,0.0,0.0,10.0,0.0,0.0,,,35.99,35.99,,934.0,36.533584054155696,317.0,5.499861503981593,3469.0,1.0,5.0,1.0,10.0,0.0,0.0,17.599999999999994,19.03999999999999,25.51,0.0,0.0,0.0,0.0,0.0,0.0,0.0,0.0,0.0,,,0.8800000000000026,0.8800000000000026,,-16.0,0.8169662992033864,-13.0,-0.1179045968743484,0.0,1.0,5.0,1.0,0.0,0.0,0.0,-0.10000000000002274,-1.2700000000000067,-0.1600000000000037,0.0,0.0,0.0,0.0,0.0,0.0
NODE_167173,current_main_12,24.0,10.0,0.0,0.0,,,29.89,29.89,,812.0,30.42221700328793,315.0,7.3343599514152285,3466.0,0.0,0.0,0.0,10.0,10.0,100.0,0.0,0.0,0.0,10.0,0.0,1.0,1.0,1.0,0.0,10.0,0.0,0.0,,,29.68,29.68,,817.0,30.08068609022557,314.0,7.39807713112393,3467.0,1.0,5.0,1.0,10.0,10.0,100.0,0.0,0.0,0.0,10.0,0.0,1.0,1.0,1.0,0.0,0.0,0.0,0.0,,,-0.21000000000000085,-0.21000000000000085,,5.0,-0.3415309130623605,-1.0,0.06371717970870172,1.0,1.0,5.0,1.0,0.0,0.0,0.0,0.0,0.0,0.0,0.0,0.0,0.0,0.0,0.0,0.0
NODE_167173,current_main_12,25.0,10.0,0.0,0.0,,,32.29,32.29,,838.0,32.496102362204724,329.0,6.590589136876797,3465.0,0.0,0.0,0.0,10.0,0.0,0.0,3.6000000000000227,6.210000000000003,9.48,0.0,0.0,0.0,0.0,0.0,0.0,10.0,0.0,0.0,,,31.92,31.92,,832.0,32.463775315246465,336.0,6.479454028343947,3466.0,1.0,5.0,1.0,10.0,0.0,0.0,3.5,4.940000000000021,9.290000000000004,0.0,0.0,0.0,0.0,0.0,0.0,0.0,0.0,0.0,,,-0.36999999999999744,-0.36999999999999744,,-6.0,-0.032327046958258165,7.0,-0.11113510853284936,1.0,1.0,5.0,1.0,0.0,0.0,0.0,-0.10000000000002274,-1.2699999999999818,-0.18999999999999595,0.0,0.0,0.0,0.0,0.0,0.0
NODE_167173,current_main_12,26.0,10.0,0.0,0.0,,,50.79,50.79,,885.0,51.43595353862778,359.0,3.804984455220663,3471.0,0.0,0.0,0.0,10.0,0.0,0.0,3.6000000000000227,6.210000000000003,11.590000000000009,0.0,0.0,0.0,0.0,0.0,0.0,10.0,0.0,0.0,,,51.76,51.76,,886.0,52.335097567495325,356.0,3.7603964506213887,3470.0,1.0,5.0,1.0,10.0,0.0,0.0,3.5,4.940000000000021,11.400000000000016,0.0,0.0,0.0,0.0,0.0,0.0,0.0,0.0,0.0,,,0.9699999999999989,0.9699999999999989,,1.0,0.8991440288675463,-3.0,-0.04458800459927437,-1.0,1.0,5.0,1.0,0.0,0.0,0.0,-0.10000000000002274,-1.2699999999999818,-0.1899999999999924,0.0,0.0,0.0,0.0,0.0,0.0
NODE_167173,current_main_12,27.0,10.0,0.0,0.0,,,40.92,40.92,,870.0,41.36176271186441,336.0,4.974843821754321,3466.0,0.0,0.0,0.0,10.0,6.0,60.0,0.0,0.0,2.2099999999999964,4.0,2.0,0.5,0.5,0.5,0.0,10.0,0.0,0.0,,,42.35,42.35,,840.0,42.5962495618647,316.0,5.021768530236084,3465.0,1.0,5.0,1.0,10.0,6.0,60.0,0.0,0.0,2.139999999999998,4.0,2.0,0.5,0.5,0.5,0.0,0.0,0.0,0.0,,,1.4299999999999997,1.4299999999999997,,-30.0,1.2344868500002946,-20.0,0.04692470848176278,-1.0,1.0,5.0,1.0,0.0,0.0,0.0,0.0,0.0,-0.06999999999999851,0.0,0.0,0.0,0.0,0.0,0.0
NODE_167173,current_main_12,28.0,10.0,0.0,0.0,,,47.65,47.65,,767.0,48.40642954856361,345.0,3.873120977964698,3467.0,0.0,0.0,0.0,10.0,0.0,0.0,11.800000000000011,14.409999999999991,19.79,0.0,0.0,0.0,0.0,0.0,0.0,10.0,0.0,0.0,,,48.29,48.29,,778.0,49.09513869815984,341.0,3.88980651652162,3467.0,1.0,5.0,1.0,10.0,0.0,0.0,11.899999999999975,13.339999999999998,19.79999999999999,0.0,0.0,0.0,0.0,0.0,0.0,0.0,0.0,0.0,,,0.6400000000000006,0.6400000000000006,,11.0,0.6887091495962352,-4.0,0.01668553855692201,0.0,1.0,5.0,1.0,0.0,0.0,0.0,0.09999999999996412,-1.0699999999999932,0.009999999999990905,0.0,0.0,0.0,0.0,0.0,0.0
NODE_167173,current_main_12,29.0,10.0,0.0,0.0,,,49.25,49.25,,836.0,49.526427310182456,337.0,4.192456747869468,3473.0,0.0,0.0,0.0,10.0,0.0,0.0,10.600000000000025,13.210000000000004,18.59000000000001,0.0,0.0,0.0,0.0,0.0,0.0,10.0,0.0,0.0,,,49.43,49.43,,834.0,49.78597271648873,336.0,4.165210904652492,3471.0,1.0,5.0,1.0,10.0,0.0,0.0,10.699999999999989,12.14000000000001,18.6,0.0,0.0,0.0,0.0,0.0,0.0,0.0,0.0,0.0,,,0.17999999999999972,0.17999999999999972,,-2.0,0.2595454063062732,-1.0,-0.027245843216975985,-2.0,1.0,5.0,1.0,0.0,0.0,0.0,0.09999999999996412,-1.069999999999995,0.009999999999990905,0.0,0.0,0.0,0.0,0.0,0.0
NODE_167173,current_main_12,30.0,10.0,0.0,0.0,,,32.22,32.22,,884.0,32.84667609618104,348.0,6.30294339109982,3469.0,0.0,0.0,0.0,10.0,0.0,0.0,3.6000000000000227,6.210000000000003,11.590000000000009,0.0,0.0,0.0,0.0,0.0,0.0,10.0,0.0,0.0,,,31.7,31.7,,892.0,32.13498552821997,348.0,6.340810247342026,3470.0,1.0,5.0,1.0,10.0,0.0,0.0,3.5,4.940000000000021,11.400000000000016,0.0,0.0,0.0,0.0,0.0,0.0,0.0,0.0,0.0,,,-0.5199999999999996,-0.5199999999999996,,8.0,-0.711690567961071,0.0,0.037866856242206204,1.0,1.0,5.0,1.0,0.0,0.0,0.0,-0.10000000000002274,-1.2699999999999818,-0.1899999999999924,0.0,0.0,0.0,0.0,0.0,0.0
NODE_5831,current_main_12,1.0,15.0,0.0,0.0,,,24.37,24.37,,831.0,24.4891426198879,672.0,9.114131450008186,3468.0,0.0,0.0,0.0,15.0,10.0,66.66666666666667,0.0,0.0,1.5733333333333273,10.0,0.0,0.6666666666666666,0.6666666666666666,0.6666666666666666,0.0,15.0,0.0,0.0,,,25.13,25.13,,845.0,25.36744135058101,650.0,9.170097927128229,3467.0,1.0,5.0,1.0,15.0,3.0,20.0,1.1999999999999886,1.1999999999999886,5.199999999999989,3.0,0.0,0.2,0.2,0.2,0.0,0.0,0.0,0.0,,,0.759999999999998,0.759999999999998,,14.0,0.8782987306931105,-22.0,0.05596647712004277,-1.0,1.0,5.0,1.0,0.0,-7.0,-46.66666666666667,1.1999999999999886,1.1999999999999886,3.6266666666666616,-7.0,0.0,-0.4666666666666666,-0.4666666666666666,-0.4666666666666666,0.0
NODE_5831,current_main_12,2.0,15.0,0.0,0.0,,,38.32,38.32,,802.0,38.93645652593021,598.0,6.9092572315176985,3462.0,0.0,0.0,0.0,15.0,15.0,100.0,0.0,0.0,0.0666666666666657,15.0,0.0,1.0,1.0,1.0,0.0,15.0,0.0,0.0,,,36.77,36.77,,777.0,37.40710394421443,584.0,7.621137594731326,3459.0,1.0,5.0,1.0,15.0,15.0,100.0,0.0,0.0,0.0666666666666657,15.0,0.0,1.0,1.0,1.0,0.0,0.0,0.0,0.0,,,-1.5499999999999972,-1.5499999999999972,,-25.0,-1.5293525817157843,-14.0,0.711880363213627,-3.0,1.0,5.0,1.0,0.0,0.0,0.0,0.0,0.0,0.0,0.0,0.0,0.0,0.0,0.0,0.0
NODE_5831,current_main_12,3.0,15.0,0.0,0.0,,,40.69,40.69,,935.0,41.01204945515507,641.0,7.78041371472785,3468.0,0.0,0.0,0.0,15.0,10.0,66.66666666666667,0.0,0.0,1.893333333333332,7.0,3.0,0.5666666666666667,0.5666666666666667,0.5666666666666667,0.0,15.0,0.0,0.0,,,41.44,41.44,,923.0,41.908547008547,636.0,7.539699513478919,3466.0,1.0,5.0,1.0,15.0,3.0,20.0,1.7999999999999972,1.7999999999999972,5.799999999999997,0.0,3.0,0.1,0.1,0.1,0.0,0.0,0.0,0.0,,,0.75,0.75,,-12.0,0.8964975533919315,-5.0,-0.24071420124893095,-2.0,1.0,5.0,1.0,0.0,-7.0,-46.66666666666667,1.7999999999999972,1.7999999999999972,3.9066666666666654,-7.0,0.0,-0.4666666666666667,-0.4666666666666667,-0.4666666666666667,0.0
NODE_5831,current_main_12,4.0,15.0,0.0,0.0,,,21.58,21.58,,887.0,21.72149880414563,597.0,10.429525990938735,3466.0,0.0,0.0,0.0,15.0,15.0,100.0,0.0,0.0,0.0,15.0,0.0,1.0,1.0,1.0,0.0,15.0,0.0,0.0,,,39.33,39.33,,857.0,39.644523859575365,590.0,7.487895239832113,3465.0,1.0,5.0,1.0,15.0,15.0,100.0,0.0,0.0,0.0,15.0,0.0,1.0,1.0,1.0,0.0,0.0,0.0,0.0,,,17.75,17.75,,-30.0,17.923025055429736,-7.0,-2.941630751106622,-1.0,1.0,5.0,1.0,0.0,0.0,0.0,0.0,0.0,0.0,0.0,0.0,0.0,0.0,0.0,0.0
NODE_5831,current_main_12,5.0,15.0,0.0,0.0,,,34.83,34.83,,868.0,35.34792382967469,591.0,9.492272729173862,3464.0,0.0,0.0,0.0,15.0,15.0,100.0,0.0,0.0,0.3333333333333295,13.0,2.0,0.9333333333333332,0.9333333333333332,0.9333333333333332,0.0,15.0,0.0,0.0,,,42.16,42.16,,855.0,42.66064565718678,588.0,8.736319432987488,3464.0,1.0,5.0,1.0,15.0,9.0,60.0,0.0,0.0,2.5599999999999907,6.0,3.0,0.5,0.5,0.5,0.0,0.0,0.0,0.0,,,7.329999999999998,7.329999999999998,,-13.0,7.312721827512085,-3.0,-0.7559532961863749,0.0,1.0,5.0,1.0,0.0,-6.0,-40.0,0.0,0.0,2.2266666666666612,-7.0,1.0,-0.43333333333333324,-0.43333333333333324,-0.43333333333333324,0.0
NODE_5831,current_main_12,6.0,15.0,0.0,0.0,,,25.14,25.14,,906.0,25.509919901417128,650.0,8.464386712603629,3471.0,0.0,0.0,0.0,15.0,15.0,100.0,0.0,0.0,0.0533333333333331,15.0,0.0,1.0,1.0,1.0,0.0,15.0,0.0,0.0,,,24.26,24.26,,896.0,24.778606645230443,644.0,8.718732294905148,3472.0,1.0,5.0,1.0,15.0,15.0,100.0,0.0,0.0,0.0533333333333331,15.0,0.0,1.0,1.0,1.0,0.0,0.0,0.0,0.0,,,-0.879999999999999,-0.879999999999999,,-10.0,-0.7313132561866844,-6.0,0.2543455823015197,1.0,1.0,5.0,1.0,0.0,0.0,0.0,0.0,0.0,0.0,0.0,0.0,0.0,0.0,0.0,0.0
NODE_5831,current_main_12,7.0,15.0,0.0,0.0,,,27.98,27.98,,870.0,28.43174900491688,607.0,8.819570908910721,3467.0,0.0,0.0,0.0,15.0,15.0,100.0,0.0,0.0,0.0,15.0,0.0,1.0,1.0,1.0,0.0,15.0,0.0,0.0,,,22.26,22.26,,877.0,22.282595870206492,624.0,9.90169359818124,3466.0,1.0,5.0,1.0,15.0,15.0,100.0,0.0,0.0,0.0,15.0,0.0,1.0,1.0,1.0,0.0,0.0,0.0,0.0,,,-5.719999999999999,-5.719999999999999,,7.0,-6.149153134710389,17.0,1.082122689270518,-1.0,1.0,5.0,1.0,0.0,0.0,0.0,0.0,0.0,0.0,0.0,0.0,0.0,0.0,0.0,0.0
NODE_5831,current_main_12,8.0,15.0,0.0,0.0,,,22.81,22.81,,894.0,23.22996545768567,675.0,9.116143458318554,3464.0,0.0,0.0,0.0,15.0,7.0,46.666666666666664,0.0,0.0,16.266666666666666,7.0,0.0,0.4666666666666667,0.4666666666666667,0.4666666666666667,0.0,15.0,0.0,0.0,,,22.87,22.87,,878.0,23.097948260481715,669.0,9.634156324179427,3463.0,1.0,5.0,1.0,15.0,0.0,0.0,23.5,24.62000000000001,28.226666666666674,0.0,0.0,0.0,0.0,0.0,0.0,0.0,0.0,0.0,,,0.060000000000002274,0.060000000000002274,,-16.0,-0.13201719720395388,-6.0,0.5180128658608734,-1.0,1.0,5.0,1.0,0.0,-7.0,-46.666666666666664,23.5,24.62000000000001,11.960000000000008,-7.0,0.0,-0.4666666666666667,-0.4666666666666667,-0.4666666666666667,0.0
NODE_5831,current_main_12,9.0,15.0,0.0,0.0,,,23.9,23.9,,929.0,23.935902826442423,618.0,9.520324386851854,3467.0,0.0,0.0,0.0,15.0,7.0,46.666666666666664,0.0,0.0,7.759999999999996,7.0,0.0,0.4666666666666667,0.4666666666666667,0.4666666666666667,0.0,15.0,0.0,0.0,,,21.38,21.38,,933.0,21.571770700636947,616.0,10.144993965460252,3469.0,1.0,5.0,1.0,15.0,0.0,0.0,11.899999999999991,12.779999999999998,14.253333333333329,0.0,0.0,0.0,0.0,0.0,0.0,0.0,0.0,0.0,,,-2.5199999999999996,-2.5199999999999996,,4.0,-2.364132125805476,-2.0,0.6246695786083976,2.0,1.0,5.0,1.0,0.0,-7.0,-46.666666666666664,11.899999999999991,12.779999999999998,6.493333333333332,-7.0,0.0,-0.4666666666666667,-0.4666666666666667,-0.4666666666666667,0.0
NODE_5831,current_main_12,10.0,15.0,0.0,0.0,,,23.31,23.31,,799.0,23.55390508618855,670.0,8.865442607967237,3463.0,0.0,0.0,0.0,15.0,15.0,100.0,0.0,0.0,0.0,15.0,0.0,1.0,1.0,1.0,0.0,15.0,0.0,0.0,,,41.86,41.86,,799.0,42.436427221172025,653.0,6.924401963817552,3464.0,1.0,5.0,1.0,15.0,15.0,100.0,0.0,0.0,0.0466666666666668,15.0,0.0,1.0,1.0,1.0,0.0,0.0,0.0,0.0,,,18.55,18.55,,0.0,18.882522134983475,-17.0,-1.9410406441496857,1.0,1.0,5.0,1.0,0.0,0.0,0.0,0.0,0.0,0.0466666666666668,0.0,0.0,0.0,0.0,0.0,0.0
NODE_5831,current_main_12,11.0,15.0,0.0,0.0,,,19.87,19.87,,854.0,19.75759493670886,594.0,11.21685375792309,3464.0,0.0,0.0,0.0,15.0,15.0,100.0,0.0,0.0,0.0,15.0,0.0,1.0,1.0,1.0,0.0,15.0,0.0,0.0,,,37.54,37.54,,816.0,38.32868140054631,501.0,7.28032484024857,3463.0,1.0,5.0,1.0,15.0,15.0,100.0,0.0,0.0,0.0,15.0,0.0,1.0,1.0,1.0,0.0,0.0,0.0,0.0,,,17.669999999999998,17.669999999999998,,-38.0,18.57108646383745,-93.0,-3.9365289176745204,-1.0,1.0,5.0,1.0,0.0,0.0,0.0,0.0,0.0,0.0,0.0,0.0,0.0,0.0,0.0,0.0
NODE_5831,current_main_12,12.0,15.0,0.0,0.0,,,50.13,50.13,,763.0,50.77516975103182,736.0,4.3892406322496,3466.0,0.0,0.0,0.0,15.0,15.0,100.0,0.0,0.0,0.1666666666666666,15.0,0.0,1.0,1.0,1.0,0.0,15.0,0.0,0.0,,,49.2,49.2,,780.0,49.79546133985595,741.0,4.530541467913559,3466.0,1.0,5.0,1.0,15.0,15.0,100.0,0.0,0.0,0.1666666666666666,15.0,0.0,1.0,1.0,1.0,0.0,0.0,0.0,0.0,,,-0.9299999999999997,-0.9299999999999997,,17.0,-0.9797084111758707,5.0,0.14130083566395868,0.0,1.0,5.0,1.0,0.0,0.0,0.0,0.0,0.0,0.0,0.0,0.0,0.0,0.0,0.0,0.0
NODE_5831,current_main_12,13.0,15.0,0.0,0.0,,,27.06,27.06,,829.0,27.180877676489292,645.0,9.0644571593004,3467.0,0.0,0.0,0.0,15.0,15.0,100.0,0.0,0.0,0.5533333333333341,12.0,3.0,0.9,0.9,0.9,0.0,15.0,0.0,0.0,,,22.94,22.94,,840.0,23.166255881693928,643.0,9.126236005188584,3468.0,1.0,5.0,1.0,15.0,15.0,100.0,0.0,0.0,0.5533333333333341,12.0,3.0,0.9,0.9,0.9,0.0,0.0,0.0,0.0,,,-4.119999999999997,-4.119999999999997,,11.0,-4.014621794795364,-2.0,0.06177884588818472,1.0,1.0,5.0,1.0,0.0,0.0,0.0,0.0,0.0,0.0,0.0,0.0,0.0,0.0,0.0,0.0
NODE_5831,current_main_12,14.0,15.0,0.0,0.0,,,39.39,39.39,,862.0,39.89781132075472,614.0,6.9109193080421845,3470.0,0.0,0.0,0.0,15.0,7.0,46.666666666666664,0.0,0.0,20.85333333333334,7.0,0.0,0.4666666666666667,0.4666666666666667,0.4666666666666667,0.0,15.0,0.0,0.0,,,40.17,40.17,,867.0,40.85649654140961,640.0,7.015884414775875,3473.0,1.0,5.0,1.0,15.0,0.0,0.0,31.5,32.62000000000001,36.226666666666674,0.0,0.0,0.0,0.0,0.0,0.0,0.0,0.0,0.0,,,0.7800000000000011,0.7800000000000011,,5.0,0.9586852206548926,26.0,0.1049651067336903,3.0,1.0,5.0,1.0,0.0,-7.0,-46.666666666666664,31.5,32.62000000000001,15.373333333333335,-7.0,0.0,-0.4666666666666667,-0.4666666666666667,-0.4666666666666667,0.0
NODE_5831,current_main_12,15.0,15.0,0.0,0.0,,,43.55,43.55,,882.0,43.948034357449615,657.0,6.212816296763105,3469.0,0.0,0.0,0.0,15.0,7.0,46.666666666666664,0.0,0.0,12.106666666666667,7.0,0.0,0.4666666666666667,0.4666666666666667,0.4666666666666667,0.0,15.0,0.0,0.0,,,40.5,40.5,,896.0,40.82554134697357,660.0,6.554725136116323,3466.0,1.0,5.0,1.0,15.0,0.0,0.0,15.599999999999994,16.720000000000006,20.326666666666664,0.0,0.0,0.0,0.0,0.0,0.0,0.0,0.0,0.0,,,-3.049999999999997,-3.049999999999997,,14.0,-3.1224930104760418,3.0,0.34190883935321814,-3.0,1.0,5.0,1.0,0.0,-7.0,-46.666666666666664,15.599999999999994,16.720000000000006,8.219999999999997,-7.0,0.0,-0.4666666666666667,-0.4666666666666667,-0.4666666666666667,0.0
NODE_5831,current_main_12,16.0,15.0,0.0,0.0,,,21.18,21.18,,832.0,21.132323013639315,686.0,9.953787752433955,3462.0,0.0,0.0,0.0,15.0,7.0,46.666666666666664,0.0,0.0,5.0666666666666655,7.0,0.0,0.4666666666666667,0.4666666666666667,0.4666666666666667,0.0,15.0,0.0,0.0,,,22.44,22.44,,872.0,22.71161387631976,662.0,9.493297275352107,3465.0,1.0,5.0,1.0,15.0,1.0,6.666666666666667,2.3999999999999915,3.520000000000002,7.126666666666665,0.0,1.0,0.0333333333333333,0.0333333333333333,0.0333333333333333,0.0,0.0,0.0,0.0,,,1.2600000000000016,1.2600000000000016,,40.0,1.5792908626804447,-24.0,-0.46049047708184787,3.0,1.0,5.0,1.0,0.0,-6.0,-40.0,2.3999999999999915,3.520000000000002,2.0599999999999996,-7.0,1.0,-0.43333333333333335,-0.43333333333333335,-0.43333333333333335,0.0
NODE_5831,current_main_12,17.0,15.0,0.0,0.0,,,38.82,38.82,,851.0,39.621552829152165,646.0,6.689795984999013,3468.0,0.0,0.0,0.0,15.0,7.0,46.666666666666664,0.0,0.0,3.640000000000001,7.0,0.0,0.4666666666666667,0.4666666666666667,0.4666666666666667,0.0,15.0,0.0,0.0,,,38.74,38.74,,856.0,39.262284730195184,645.0,6.916659851552374,3468.0,1.0,5.0,1.0,15.0,4.0,26.666666666666668,0.5999999999999943,1.7200000000000046,4.860000000000001,2.0,2.0,0.2,0.2,0.2,0.0,0.0,0.0,0.0,,,-0.0799999999999983,-0.0799999999999983,,5.0,-0.3592680989569814,-1.0,0.22686386655336044,0.0,1.0,5.0,1.0,0.0,-3.0,-19.999999999999996,0.5999999999999943,1.7200000000000046,1.2200000000000002,-5.0,2.0,-0.26666666666666666,-0.26666666666666666,-0.26666666666666666,0.0
NODE_5831,current_main_12,18.0,15.0,0.0,0.0,,,26.47,26.47,,831.0,26.981772268135902,652.0,8.882892499668763,3468.0,0.0,0.0,0.0,15.0,15.0,100.0,0.0,0.0,0.0,15.0,0.0,1.0,1.0,1.0,0.0,15.0,0.0,0.0,,,25.66,25.66,,860.0,26.30866209262436,698.0,8.599442834878491,3465.0,1.0,5.0,1.0,15.0,15.0,100.0,0.0,0.0,0.0,15.0,0.0,1.0,1.0,1.0,0.0,0.0,0.0,0.0,,,-0.8099999999999987,-0.8099999999999987,,29.0,-0.6731101755115425,46.0,-0.2834496647902718,-3.0,1.0,5.0,1.0,0.0,0.0,0.0,0.0,0.0,0.0,0.0,0.0,0.0,0.0,0.0,0.0
NODE_5831,current_main_12,19.0,15.0,0.0,0.0,,,29.22,29.22,,832.0,29.52022798390702,615.0,8.519062295699655,3468.0,0.0,0.0,0.0,15.0,15.0,100.0,0.0,0.0,0.1666666666666666,15.0,0.0,1.0,1.0,1.0,0.0,15.0,0.0,0.0,,,26.83,26.83,,823.0,27.39197737746125,640.0,8.164212651281803,3466.0,1.0,5.0,1.0,15.0,15.0,100.0,0.0,0.0,0.1666666666666666,15.0,0.0,1.0,1.0,1.0,0.0,0.0,0.0,0.0,,,-2.3900000000000006,-2.3900000000000006,,-9.0,-2.1282506064457714,25.0,-0.35484964441785216,-2.0,1.0,5.0,1.0,0.0,0.0,0.0,0.0,0.0,0.0,0.0,0.0,0.0,0.0,0.0,0.0
NODE_5831,current_main_12,20.0,15.0,0.0,0.0,,,21.83,21.83,,838.0,22.129935572940635,673.0,9.69700140500174,3463.0,0.0,0.0,0.0,15.0,15.0,100.0,0.0,0.0,0.0,15.0,0.0,1.0,1.0,1.0,0.0,15.0,0.0,0.0,,,20.8,20.8,,857.0,20.813861867704283,667.0,10.258347152546174,3463.0,1.0,5.0,1.0,15.0,15.0,100.0,0.0,0.0,0.0,15.0,0.0,1.0,1.0,1.0,0.0,0.0,0.0,0.0,,,-1.0299999999999976,-1.0299999999999976,,19.0,-1.3160737052363523,-6.0,0.5613457475444328,0.0,1.0,5.0,1.0,0.0,0.0,0.0,0.0,0.0,0.0,0.0,0.0,0.0,0.0,0.0,0.0
NODE_5831,current_main_12,21.0,15.0,0.0,0.0,,,20.29,20.29,,849.0,20.741287779237847,608.0,10.176622835788876,3466.0,0.0,0.0,0.0,15.0,7.0,46.666666666666664,0.0,0.0,7.866666666666666,7.0,0.0,0.4666666666666667,0.4666666666666667,0.4666666666666667,0.0,15.0,0.0,0.0,,,19.69,19.69,,860.0,19.97298236237306,618.0,10.456516289964522,3466.0,1.0,5.0,1.0,15.0,0.0,0.0,13.0,13.0,17.0,0.0,0.0,0.0,0.0,0.0,0.0,0.0,0.0,0.0,,,-0.5999999999999979,-0.5999999999999979,,11.0,-0.7683054168647878,10.0,0.27989345417564593,0.0,1.0,5.0,1.0,0.0,-7.0,-46.666666666666664,13.0,13.0,9.133333333333333,-7.0,0.0,-0.4666666666666667,-0.4666666666666667,-0.4666666666666667,0.0
NODE_5831,current_main_12,22.0,15.0,0.0,0.0,,,20.24,20.24,,823.0,20.46413810483871,579.0,9.449577827295592,3469.0,0.0,0.0,0.0,15.0,15.0,100.0,0.0,0.0,0.0,15.0,0.0,1.0,1.0,1.0,0.0,15.0,0.0,0.0,,,22.86,22.86,,839.0,23.173825331971404,576.0,9.238290114856362,3470.0,1.0,5.0,1.0,15.0,15.0,100.0,0.0,0.0,0.2866666666666645,15.0,0.0,1.0,1.0,1.0,0.0,0.0,0.0,0.0,,,2.620000000000001,2.620000000000001,,16.0,2.7096872271326937,-3.0,-0.21128771243922984,1.0,1.0,5.0,1.0,0.0,0.0,0.0,0.0,0.0,0.2866666666666645,0.0,0.0,0.0,0.0,0.0,0.0
NODE_5831,current_main_12,23.0,15.0,0.0,0.0,,,28.29,28.29,,950.0,28.341528239202656,667.0,7.976952952251038,3469.0,0.0,0.0,0.0,15.0,7.0,46.666666666666664,0.0,0.0,9.306666666666665,7.0,0.0,0.4666666666666667,0.4666666666666667,0.4666666666666667,0.0,15.0,0.0,0.0,,,33.45,33.45,,934.0,33.76997929606625,686.0,7.33111472764048,3469.0,1.0,5.0,1.0,15.0,0.0,0.0,15.699999999999996,15.699999999999996,19.646666666666658,0.0,0.0,0.0,0.0,0.0,0.0,0.0,0.0,0.0,,,5.160000000000004,5.160000000000004,,-16.0,5.428451056863597,19.0,-0.6458382246105581,0.0,1.0,5.0,1.0,0.0,-7.0,-46.666666666666664,15.699999999999996,15.699999999999996,10.339999999999993,-7.0,0.0,-0.4666666666666667,-0.4666666666666667,-0.4666666666666667,0.0
NODE_5831,current_main_12,24.0,15.0,0.0,0.0,,,22.44,22.44,,812.0,22.928084784254352,653.0,10.34111769900993,3466.0,0.0,0.0,0.0,15.0,7.0,46.666666666666664,0.0,0.0,18.56,7.0,0.0,0.4666666666666667,0.4666666666666667,0.4666666666666667,0.0,15.0,0.0,0.0,,,20.76,20.76,,817.0,20.987924911212584,653.0,10.31744874043867,3467.0,1.0,5.0,1.0,15.0,0.0,0.0,27.59999999999999,28.72000000000001,32.326666666666675,0.0,0.0,0.0,0.0,0.0,0.0,0.0,0.0,0.0,,,-1.6799999999999997,-1.6799999999999997,,5.0,-1.9401598730417682,0.0,-0.02366895857126039,1.0,1.0,5.0,1.0,0.0,-7.0,-46.666666666666664,27.59999999999999,28.72000000000001,13.766666666666676,-7.0,0.0,-0.4666666666666667,-0.4666666666666667,-0.4666666666666667,0.0
NODE_5831,current_main_12,25.0,15.0,0.0,0.0,,,29.3,29.3,,838.0,29.922958754208754,642.0,8.457709910203343,3465.0,0.0,0.0,0.0,15.0,15.0,100.0,0.0,0.0,0.0,15.0,0.0,1.0,1.0,1.0,0.0,15.0,0.0,0.0,,,26.35,26.35,,832.0,26.94175897208684,644.0,8.559786217060438,3466.0,1.0,5.0,1.0,15.0,15.0,100.0,0.0,0.0,0.0,15.0,0.0,1.0,1.0,1.0,0.0,0.0,0.0,0.0,,,-2.9499999999999993,-2.9499999999999993,,-6.0,-2.9811997821219123,2.0,0.10207630685709468,1.0,1.0,5.0,1.0,0.0,0.0,0.0,0.0,0.0,0.0,0.0,0.0,0.0,0.0,0.0,0.0
NODE_5831,current_main_12,26.0,15.0,0.0,0.0,,,23.14,23.14,,885.0,23.67788200958933,650.0,8.586245789057894,3471.0,0.0,0.0,0.0,15.0,7.0,46.666666666666664,0.0,0.0,6.373333333333327,7.0,0.0,0.4666666666666667,0.4666666666666667,0.4666666666666667,0.0,15.0,0.0,0.0,,,24.12,24.12,,886.0,24.8094918101638,631.0,8.626356457950102,3470.0,1.0,5.0,1.0,15.0,0.0,0.0,10.199999999999989,10.199999999999989,14.199999999999989,0.0,0.0,0.0,0.0,0.0,0.0,0.0,0.0,0.0,,,0.9800000000000004,0.9800000000000004,,1.0,1.13160980057447,-19.0,0.04011066889220771,-1.0,1.0,5.0,1.0,0.0,-7.0,-46.666666666666664,10.199999999999989,10.199999999999989,7.826666666666662,-7.0,0.0,-0.4666666666666667,-0.4666666666666667,-0.4666666666666667,0.0
NODE_5831,current_main_12,27.0,15.0,0.0,0.0,,,25.17,25.17,,870.0,25.62032341784787,650.0,8.261693769801365,3466.0,0.0,0.0,0.0,15.0,15.0,100.0,0.0,0.0,0.3666666666666647,13.0,2.0,0.9333333333333332,0.9333333333333332,0.9333333333333332,0.0,15.0,0.0,0.0,,,42.84,42.84,,840.0,43.6203246645685,641.0,5.717493389770278,3465.0,1.0,5.0,1.0,15.0,15.0,100.0,0.0,0.0,0.3666666666666647,13.0,2.0,0.9333333333333332,0.9333333333333332,0.9333333333333332,0.0,0.0,0.0,0.0,,,17.67,17.67,,-30.0,18.00000124672063,-9.0,-2.5442003800310866,-1.0,1.0,5.0,1.0,0.0,0.0,0.0,0.0,0.0,0.0,0.0,0.0,0.0,0.0,0.0,0.0
NODE_5831,current_main_12,28.0,15.0,0.0,0.0,,,32.48,32.48,,767.0,32.95108994321304,655.0,7.445637345470127,3467.0,0.0,0.0,0.0,15.0,7.0,46.666666666666664,0.0,0.0,17.706666666666667,7.0,0.0,0.4666666666666667,0.4666666666666667,0.4666666666666667,0.0,15.0,0.0,0.0,,,23.51,23.51,,778.0,23.959583694709455,626.0,8.715249849318381,3467.0,1.0,5.0,1.0,15.0,0.0,0.0,26.09999999999999,27.22000000000001,30.82666666666667,0.0,0.0,0.0,0.0,0.0,0.0,0.0,0.0,0.0,,,-8.969999999999995,-8.969999999999995,,11.0,-8.991506248503587,-29.0,1.2696125038482542,0.0,1.0,5.0,1.0,0.0,-7.0,-46.666666666666664,26.09999999999999,27.22000000000001,13.120000000000005,-7.0,0.0,-0.4666666666666667,-0.4666666666666667,-0.4666666666666667,0.0
NODE_5831,current_main_12,29.0,15.0,0.0,0.0,,,24.4,24.4,,836.0,24.93449753589029,643.0,8.963498746474666,3473.0,0.0,0.0,0.0,15.0,7.0,46.666666666666664,0.0,0.0,16.373333333333335,7.0,0.0,0.4666666666666667,0.4666666666666667,0.4666666666666667,0.0,15.0,0.0,0.0,,,22.08,22.08,,834.0,22.537264957264956,660.0,8.989415361719415,3471.0,1.0,5.0,1.0,15.0,0.0,0.0,23.799999999999997,24.92000000000001,28.52666666666668,0.0,0.0,0.0,0.0,0.0,0.0,0.0,0.0,0.0,,,-2.3200000000000003,-2.3200000000000003,,-2.0,-2.397232578625335,17.0,0.025916615244748087,-2.0,1.0,5.0,1.0,0.0,-7.0,-46.666666666666664,23.799999999999997,24.92000000000001,12.153333333333347,-7.0,0.0,-0.4666666666666667,-0.4666666666666667,-0.4666666666666667,0.0
NODE_5831,current_main_12,30.0,15.0,0.0,0.0,,,29.41,29.41,,884.0,29.99129032258065,758.0,7.369852315105427,3469.0,0.0,0.0,0.0,15.0,7.0,46.666666666666664,0.0,0.0,2.8533333333333304,7.0,0.0,0.4666666666666667,0.4666666666666667,0.4666666666666667,0.0,15.0,0.0,0.0,,,23.71,23.71,,892.0,24.05061975938753,749.0,8.10716785072011,3470.0,1.0,5.0,1.0,15.0,0.0,0.0,3.5999999999999943,3.5999999999999943,7.599999999999994,0.0,0.0,0.0,0.0,0.0,0.0,0.0,0.0,0.0,,,-5.699999999999999,-5.699999999999999,,8.0,-5.94067056319312,-9.0,0.737315535614683,1.0,1.0,5.0,1.0,0.0,-7.0,-46.666666666666664,3.5999999999999943,3.5999999999999943,4.746666666666664,-7.0,0.0,-0.4666666666666667,-0.4666666666666667,-0.4666666666666667,0.0
NODE_5846,current_main_12,1.0,15.0,0.0,0.0,,,24.37,24.37,,831.0,24.4891426198879,672.0,9.114131450008186,3468.0,0.0,0.0,0.0,15.0,10.0,66.66666666666667,0.0,0.0,1.5733333333333273,10.0,0.0,0.6666666666666666,0.6666666666666666,0.6666666666666666,0.0,15.0,0.0,0.0,,,25.13,25.13,,845.0,25.36744135058101,650.0,9.170097927128229,3467.0,1.0,5.0,1.0,15.0,3.0,20.0,1.1999999999999886,1.1999999999999886,5.199999999999989,3.0,0.0,0.2,0.2,0.2,0.0,0.0,0.0,0.0,,,0.759999999999998,0.759999999999998,,14.0,0.8782987306931105,-22.0,0.05596647712004277,-1.0,1.0,5.0,1.0,0.0,-7.0,-46.66666666666667,1.1999999999999886,1.1999999999999886,3.6266666666666616,-7.0,0.0,-0.4666666666666666,-0.4666666666666666,-0.4666666666666666,0.0
NODE_5846,current_main_12,2.0,15.0,0.0,0.0,,,38.32,38.32,,802.0,38.93645652593021,598.0,6.9092572315176985,3462.0,0.0,0.0,0.0,15.0,15.0,100.0,0.0,0.0,0.0666666666666657,15.0,0.0,1.0,1.0,1.0,0.0,15.0,0.0,0.0,,,36.77,36.77,,777.0,37.40710394421443,584.0,7.621137594731326,3459.0,1.0,5.0,1.0,15.0,15.0,100.0,0.0,0.0,0.0666666666666657,15.0,0.0,1.0,1.0,1.0,0.0,0.0,0.0,0.0,,,-1.5499999999999972,-1.5499999999999972,,-25.0,-1.5293525817157843,-14.0,0.711880363213627,-3.0,1.0,5.0,1.0,0.0,0.0,0.0,0.0,0.0,0.0,0.0,0.0,0.0,0.0,0.0,0.0
NODE_5846,current_main_12,3.0,15.0,0.0,0.0,,,40.69,40.69,,935.0,41.01204945515507,641.0,7.78041371472785,3468.0,0.0,0.0,0.0,15.0,10.0,66.66666666666667,0.0,0.0,1.893333333333332,7.0,3.0,0.5666666666666667,0.5666666666666667,0.5666666666666667,0.0,15.0,0.0,0.0,,,41.44,41.44,,923.0,41.908547008547,636.0,7.539699513478919,3466.0,1.0,5.0,1.0,15.0,3.0,20.0,1.7999999999999972,1.7999999999999972,5.799999999999997,0.0,3.0,0.1,0.1,0.1,0.0,0.0,0.0,0.0,,,0.75,0.75,,-12.0,0.8964975533919315,-5.0,-0.24071420124893095,-2.0,1.0,5.0,1.0,0.0,-7.0,-46.66666666666667,1.7999999999999972,1.7999999999999972,3.9066666666666654,-7.0,0.0,-0.4666666666666667,-0.4666666666666667,-0.4666666666666667,0.0
NODE_5846,current_main_12,4.0,15.0,0.0,0.0,,,21.58,21.58,,887.0,21.72149880414563,597.0,10.429525990938735,3466.0,0.0,0.0,0.0,15.0,15.0,100.0,0.0,0.0,0.0,15.0,0.0,1.0,1.0,1.0,0.0,15.0,0.0,0.0,,,39.33,39.33,,857.0,39.644523859575365,590.0,7.487895239832113,3465.0,1.0,5.0,1.0,15.0,15.0,100.0,0.0,0.0,0.0,15.0,0.0,1.0,1.0,1.0,0.0,0.0,0.0,0.0,,,17.75,17.75,,-30.0,17.923025055429736,-7.0,-2.941630751106622,-1.0,1.0,5.0,1.0,0.0,0.0,0.0,0.0,0.0,0.0,0.0,0.0,0.0,0.0,0.0,0.0
NODE_5846,current_main_12,5.0,15.0,0.0,0.0,,,34.83,34.83,,868.0,35.34792382967469,591.0,9.492272729173862,3464.0,0.0,0.0,0.0,15.0,15.0,100.0,0.0,0.0,0.3333333333333295,13.0,2.0,0.9333333333333332,0.9333333333333332,0.9333333333333332,0.0,15.0,0.0,0.0,,,42.16,42.16,,855.0,42.66064565718678,588.0,8.736319432987488,3464.0,1.0,5.0,1.0,15.0,9.0,60.0,0.0,0.0,2.5599999999999907,6.0,3.0,0.5,0.5,0.5,0.0,0.0,0.0,0.0,,,7.329999999999998,7.329999999999998,,-13.0,7.312721827512085,-3.0,-0.7559532961863749,0.0,1.0,5.0,1.0,0.0,-6.0,-40.0,0.0,0.0,2.2266666666666612,-7.0,1.0,-0.43333333333333324,-0.43333333333333324,-0.43333333333333324,0.0
NODE_5846,current_main_12,6.0,15.0,0.0,0.0,,,25.14,25.14,,906.0,25.509919901417128,650.0,8.464386712603629,3471.0,0.0,0.0,0.0,15.0,15.0,100.0,0.0,0.0,0.0533333333333331,15.0,0.0,1.0,1.0,1.0,0.0,15.0,0.0,0.0,,,24.26,24.26,,896.0,24.778606645230443,644.0,8.718732294905148,3472.0,1.0,5.0,1.0,15.0,15.0,100.0,0.0,0.0,0.0533333333333331,15.0,0.0,1.0,1.0,1.0,0.0,0.0,0.0,0.0,,,-0.879999999999999,-0.879999999999999,,-10.0,-0.7313132561866844,-6.0,0.2543455823015197,1.0,1.0,5.0,1.0,0.0,0.0,0.0,0.0,0.0,0.0,0.0,0.0,0.0,0.0,0.0,0.0
NODE_5846,current_main_12,7.0,15.0,0.0,0.0,,,27.98,27.98,,870.0,28.43174900491688,607.0,8.819570908910721,3467.0,0.0,0.0,0.0,15.0,15.0,100.0,0.0,0.0,0.0,15.0,0.0,1.0,1.0,1.0,0.0,15.0,0.0,0.0,,,22.26,22.26,,877.0,22.282595870206492,624.0,9.90169359818124,3466.0,1.0,5.0,1.0,15.0,15.0,100.0,0.0,0.0,0.0,15.0,0.0,1.0,1.0,1.0,0.0,0.0,0.0,0.0,,,-5.719999999999999,-5.719999999999999,,7.0,-6.149153134710389,17.0,1.082122689270518,-1.0,1.0,5.0,1.0,0.0,0.0,0.0,0.0,0.0,0.0,0.0,0.0,0.0,0.0,0.0,0.0
NODE_5846,current_main_12,8.0,15.0,0.0,0.0,,,22.81,22.81,,894.0,23.22996545768567,675.0,9.116143458318554,3464.0,0.0,0.0,0.0,15.0,7.0,46.666666666666664,0.0,0.0,16.266666666666666,7.0,0.0,0.4666666666666667,0.4666666666666667,0.4666666666666667,0.0,15.0,0.0,0.0,,,22.87,22.87,,878.0,23.097948260481715,669.0,9.634156324179427,3463.0,1.0,5.0,1.0,15.0,0.0,0.0,23.5,24.62000000000001,28.226666666666674,0.0,0.0,0.0,0.0,0.0,0.0,0.0,0.0,0.0,,,0.060000000000002274,0.060000000000002274,,-16.0,-0.13201719720395388,-6.0,0.5180128658608734,-1.0,1.0,5.0,1.0,0.0,-7.0,-46.666666666666664,23.5,24.62000000000001,11.960000000000008,-7.0,0.0,-0.4666666666666667,-0.4666666666666667,-0.4666666666666667,0.0
NODE_5846,current_main_12,9.0,15.0,0.0,0.0,,,23.9,23.9,,929.0,23.935902826442423,618.0,9.520324386851854,3467.0,0.0,0.0,0.0,15.0,7.0,46.666666666666664,0.0,0.0,7.759999999999996,7.0,0.0,0.4666666666666667,0.4666666666666667,0.4666666666666667,0.0,15.0,0.0,0.0,,,21.38,21.38,,933.0,21.571770700636947,616.0,10.144993965460252,3469.0,1.0,5.0,1.0,15.0,0.0,0.0,11.899999999999991,12.779999999999998,14.253333333333329,0.0,0.0,0.0,0.0,0.0,0.0,0.0,0.0,0.0,,,-2.5199999999999996,-2.5199999999999996,,4.0,-2.364132125805476,-2.0,0.6246695786083976,2.0,1.0,5.0,1.0,0.0,-7.0,-46.666666666666664,11.899999999999991,12.779999999999998,6.493333333333332,-7.0,0.0,-0.4666666666666667,-0.4666666666666667,-0.4666666666666667,0.0
NODE_5846,current_main_12,10.0,15.0,0.0,0.0,,,23.31,23.31,,799.0,23.55390508618855,670.0,8.865442607967237,3463.0,0.0,0.0,0.0,15.0,15.0,100.0,0.0,0.0,0.0,15.0,0.0,1.0,1.0,1.0,0.0,15.0,0.0,0.0,,,41.86,41.86,,799.0,42.436427221172025,653.0,6.924401963817552,3464.0,1.0,5.0,1.0,15.0,15.0,100.0,0.0,0.0,0.0466666666666668,15.0,0.0,1.0,1.0,1.0,0.0,0.0,0.0,0.0,,,18.55,18.55,,0.0,18.882522134983475,-17.0,-1.9410406441496857,1.0,1.0,5.0,1.0,0.0,0.0,0.0,0.0,0.0,0.0466666666666668,0.0,0.0,0.0,0.0,0.0,0.0
NODE_5846,current_main_12,11.0,15.0,0.0,0.0,,,19.87,19.87,,854.0,19.75759493670886,594.0,11.21685375792309,3464.0,0.0,0.0,0.0,15.0,15.0,100.0,0.0,0.0,0.0,15.0,0.0,1.0,1.0,1.0,0.0,15.0,0.0,0.0,,,37.54,37.54,,816.0,38.32868140054631,501.0,7.28032484024857,3463.0,1.0,5.0,1.0,15.0,15.0,100.0,0.0,0.0,0.0,15.0,0.0,1.0,1.0,1.0,0.0,0.0,0.0,0.0,,,17.669999999999998,17.669999999999998,,-38.0,18.57108646383745,-93.0,-3.9365289176745204,-1.0,1.0,5.0,1.0,0.0,0.0,0.0,0.0,0.0,0.0,0.0,0.0,0.0,0.0,0.0,0.0
NODE_5846,current_main_12,12.0,15.0,0.0,0.0,,,50.13,50.13,,763.0,50.77516975103182,736.0,4.3892406322496,3466.0,0.0,0.0,0.0,15.0,15.0,100.0,0.0,0.0,0.1666666666666666,15.0,0.0,1.0,1.0,1.0,0.0,15.0,0.0,0.0,,,49.2,49.2,,780.0,49.79546133985595,741.0,4.530541467913559,3466.0,1.0,5.0,1.0,15.0,15.0,100.0,0.0,0.0,0.1666666666666666,15.0,0.0,1.0,1.0,1.0,0.0,0.0,0.0,0.0,,,-0.9299999999999997,-0.9299999999999997,,17.0,-0.9797084111758707,5.0,0.14130083566395868,0.0,1.0,5.0,1.0,0.0,0.0,0.0,0.0,0.0,0.0,0.0,0.0,0.0,0.0,0.0,0.0
NODE_5846,current_main_12,13.0,15.0,0.0,0.0,,,27.06,27.06,,829.0,27.180877676489292,645.0,9.0644571593004,3467.0,0.0,0.0,0.0,15.0,15.0,100.0,0.0,0.0,0.5533333333333341,12.0,3.0,0.9,0.9,0.9,0.0,15.0,0.0,0.0,,,22.94,22.94,,840.0,23.166255881693928,643.0,9.126236005188584,3468.0,1.0,5.0,1.0,15.0,15.0,100.0,0.0,0.0,0.5533333333333341,12.0,3.0,0.9,0.9,0.9,0.0,0.0,0.0,0.0,,,-4.119999999999997,-4.119999999999997,,11.0,-4.014621794795364,-2.0,0.06177884588818472,1.0,1.0,5.0,1.0,0.0,0.0,0.0,0.0,0.0,0.0,0.0,0.0,0.0,0.0,0.0,0.0
NODE_5846,current_main_12,14.0,15.0,0.0,0.0,,,39.39,39.39,,862.0,39.89781132075472,614.0,6.9109193080421845,3470.0,0.0,0.0,0.0,15.0,7.0,46.666666666666664,0.0,0.0,20.85333333333334,7.0,0.0,0.4666666666666667,0.4666666666666667,0.4666666666666667,0.0,15.0,0.0,0.0,,,40.17,40.17,,867.0,40.85649654140961,640.0,7.015884414775875,3473.0,1.0,5.0,1.0,15.0,0.0,0.0,31.5,32.62000000000001,36.226666666666674,0.0,0.0,0.0,0.0,0.0,0.0,0.0,0.0,0.0,,,0.7800000000000011,0.7800000000000011,,5.0,0.9586852206548926,26.0,0.1049651067336903,3.0,1.0,5.0,1.0,0.0,-7.0,-46.666666666666664,31.5,32.62000000000001,15.373333333333335,-7.0,0.0,-0.4666666666666667,-0.4666666666666667,-0.4666666666666667,0.0
NODE_5846,current_main_12,15.0,15.0,0.0,0.0,,,43.55,43.55,,882.0,43.948034357449615,657.0,6.212816296763105,3469.0,0.0,0.0,0.0,15.0,7.0,46.666666666666664,0.0,0.0,12.106666666666667,7.0,0.0,0.4666666666666667,0.4666666666666667,0.4666666666666667,0.0,15.0,0.0,0.0,,,40.5,40.5,,896.0,40.82554134697357,660.0,6.554725136116323,3466.0,1.0,5.0,1.0,15.0,0.0,0.0,15.599999999999994,16.720000000000006,20.326666666666664,0.0,0.0,0.0,0.0,0.0,0.0,0.0,0.0,0.0,,,-3.049999999999997,-3.049999999999997,,14.0,-3.1224930104760418,3.0,0.34190883935321814,-3.0,1.0,5.0,1.0,0.0,-7.0,-46.666666666666664,15.599999999999994,16.720000000000006,8.219999999999997,-7.0,0.0,-0.4666666666666667,-0.4666666666666667,-0.4666666666666667,0.0
NODE_5846,current_main_12,16.0,15.0,0.0,0.0,,,21.18,21.18,,832.0,21.132323013639315,686.0,9.953787752433955,3462.0,0.0,0.0,0.0,15.0,7.0,46.666666666666664,0.0,0.0,5.0666666666666655,7.0,0.0,0.4666666666666667,0.4666666666666667,0.4666666666666667,0.0,15.0,0.0,0.0,,,22.44,22.44,,872.0,22.71161387631976,662.0,9.493297275352107,3465.0,1.0,5.0,1.0,15.0,1.0,6.666666666666667,2.3999999999999915,3.520000000000002,7.126666666666665,0.0,1.0,0.0333333333333333,0.0333333333333333,0.0333333333333333,0.0,0.0,0.0,0.0,,,1.2600000000000016,1.2600000000000016,,40.0,1.5792908626804447,-24.0,-0.46049047708184787,3.0,1.0,5.0,1.0,0.0,-6.0,-40.0,2.3999999999999915,3.520000000000002,2.0599999999999996,-7.0,1.0,-0.43333333333333335,-0.43333333333333335,-0.43333333333333335,0.0
NODE_5846,current_main_12,17.0,15.0,0.0,0.0,,,38.82,38.82,,851.0,39.621552829152165,646.0,6.689795984999013,3468.0,0.0,0.0,0.0,15.0,7.0,46.666666666666664,0.0,0.0,3.640000000000001,7.0,0.0,0.4666666666666667,0.4666666666666667,0.4666666666666667,0.0,15.0,0.0,0.0,,,38.74,38.74,,856.0,39.262284730195184,645.0,6.916659851552374,3468.0,1.0,5.0,1.0,15.0,4.0,26.666666666666668,0.5999999999999943,1.7200000000000046,4.860000000000001,2.0,2.0,0.2,0.2,0.2,0.0,0.0,0.0,0.0,,,-0.0799999999999983,-0.0799999999999983,,5.0,-0.3592680989569814,-1.0,0.22686386655336044,0.0,1.0,5.0,1.0,0.0,-3.0,-19.999999999999996,0.5999999999999943,1.7200000000000046,1.2200000000000002,-5.0,2.0,-0.26666666666666666,-0.26666666666666666,-0.26666666666666666,0.0
NODE_5846,current_main_12,18.0,15.0,0.0,0.0,,,26.47,26.47,,831.0,26.981772268135902,652.0,8.882892499668763,3468.0,0.0,0.0,0.0,15.0,15.0,100.0,0.0,0.0,0.0,15.0,0.0,1.0,1.0,1.0,0.0,15.0,0.0,0.0,,,25.66,25.66,,860.0,26.30866209262436,698.0,8.599442834878491,3465.0,1.0,5.0,1.0,15.0,15.0,100.0,0.0,0.0,0.0,15.0,0.0,1.0,1.0,1.0,0.0,0.0,0.0,0.0,,,-0.8099999999999987,-0.8099999999999987,,29.0,-0.6731101755115425,46.0,-0.2834496647902718,-3.0,1.0,5.0,1.0,0.0,0.0,0.0,0.0,0.0,0.0,0.0,0.0,0.0,0.0,0.0,0.0
NODE_5846,current_main_12,19.0,15.0,0.0,0.0,,,29.22,29.22,,832.0,29.52022798390702,615.0,8.519062295699655,3468.0,0.0,0.0,0.0,15.0,15.0,100.0,0.0,0.0,0.1666666666666666,15.0,0.0,1.0,1.0,1.0,0.0,15.0,0.0,0.0,,,26.83,26.83,,823.0,27.39197737746125,640.0,8.164212651281803,3466.0,1.0,5.0,1.0,15.0,15.0,100.0,0.0,0.0,0.1666666666666666,15.0,0.0,1.0,1.0,1.0,0.0,0.0,0.0,0.0,,,-2.3900000000000006,-2.3900000000000006,,-9.0,-2.1282506064457714,25.0,-0.35484964441785216,-2.0,1.0,5.0,1.0,0.0,0.0,0.0,0.0,0.0,0.0,0.0,0.0,0.0,0.0,0.0,0.0
NODE_5846,current_main_12,20.0,15.0,0.0,0.0,,,21.83,21.83,,838.0,22.129935572940635,673.0,9.69700140500174,3463.0,0.0,0.0,0.0,15.0,15.0,100.0,0.0,0.0,0.0,15.0,0.0,1.0,1.0,1.0,0.0,15.0,0.0,0.0,,,20.8,20.8,,857.0,20.813861867704283,667.0,10.258347152546174,3463.0,1.0,5.0,1.0,15.0,15.0,100.0,0.0,0.0,0.0,15.0,0.0,1.0,1.0,1.0,0.0,0.0,0.0,0.0,,,-1.0299999999999976,-1.0299999999999976,,19.0,-1.3160737052363523,-6.0,0.5613457475444328,0.0,1.0,5.0,1.0,0.0,0.0,0.0,0.0,0.0,0.0,0.0,0.0,0.0,0.0,0.0,0.0
NODE_5846,current_main_12,21.0,15.0,0.0,0.0,,,20.29,20.29,,849.0,20.741287779237847,608.0,10.176622835788876,3466.0,0.0,0.0,0.0,15.0,7.0,46.666666666666664,0.0,0.0,7.866666666666666,7.0,0.0,0.4666666666666667,0.4666666666666667,0.4666666666666667,0.0,15.0,0.0,0.0,,,19.69,19.69,,860.0,19.97298236237306,618.0,10.456516289964522,3466.0,1.0,5.0,1.0,15.0,0.0,0.0,13.0,13.0,17.0,0.0,0.0,0.0,0.0,0.0,0.0,0.0,0.0,0.0,,,-0.5999999999999979,-0.5999999999999979,,11.0,-0.7683054168647878,10.0,0.27989345417564593,0.0,1.0,5.0,1.0,0.0,-7.0,-46.666666666666664,13.0,13.0,9.133333333333333,-7.0,0.0,-0.4666666666666667,-0.4666666666666667,-0.4666666666666667,0.0
NODE_5846,current_main_12,22.0,15.0,0.0,0.0,,,20.24,20.24,,823.0,20.46413810483871,579.0,9.449577827295592,3469.0,0.0,0.0,0.0,15.0,15.0,100.0,0.0,0.0,0.0,15.0,0.0,1.0,1.0,1.0,0.0,15.0,0.0,0.0,,,22.86,22.86,,839.0,23.173825331971404,576.0,9.238290114856362,3470.0,1.0,5.0,1.0,15.0,15.0,100.0,0.0,0.0,0.2866666666666645,15.0,0.0,1.0,1.0,1.0,0.0,0.0,0.0,0.0,,,2.620000000000001,2.620000000000001,,16.0,2.7096872271326937,-3.0,-0.21128771243922984,1.0,1.0,5.0,1.0,0.0,0.0,0.0,0.0,0.0,0.2866666666666645,0.0,0.0,0.0,0.0,0.0,0.0
NODE_5846,current_main_12,23.0,15.0,0.0,0.0,,,28.29,28.29,,950.0,28.341528239202656,667.0,7.976952952251038,3469.0,0.0,0.0,0.0,15.0,7.0,46.666666666666664,0.0,0.0,9.306666666666665,7.0,0.0,0.4666666666666667,0.4666666666666667,0.4666666666666667,0.0,15.0,0.0,0.0,,,33.45,33.45,,934.0,33.76997929606625,686.0,7.33111472764048,3469.0,1.0,5.0,1.0,15.0,0.0,0.0,15.699999999999996,15.699999999999996,19.646666666666658,0.0,0.0,0.0,0.0,0.0,0.0,0.0,0.0,0.0,,,5.160000000000004,5.160000000000004,,-16.0,5.428451056863597,19.0,-0.6458382246105581,0.0,1.0,5.0,1.0,0.0,-7.0,-46.666666666666664,15.699999999999996,15.699999999999996,10.339999999999993,-7.0,0.0,-0.4666666666666667,-0.4666666666666667,-0.4666666666666667,0.0
NODE_5846,current_main_12,24.0,15.0,0.0,0.0,,,22.44,22.44,,812.0,22.928084784254352,653.0,10.34111769900993,3466.0,0.0,0.0,0.0,15.0,7.0,46.666666666666664,0.0,0.0,18.56,7.0,0.0,0.4666666666666667,0.4666666666666667,0.4666666666666667,0.0,15.0,0.0,0.0,,,20.76,20.76,,817.0,20.987924911212584,653.0,10.31744874043867,3467.0,1.0,5.0,1.0,15.0,0.0,0.0,27.59999999999999,28.72000000000001,32.326666666666675,0.0,0.0,0.0,0.0,0.0,0.0,0.0,0.0,0.0,,,-1.6799999999999997,-1.6799999999999997,,5.0,-1.9401598730417682,0.0,-0.02366895857126039,1.0,1.0,5.0,1.0,0.0,-7.0,-46.666666666666664,27.59999999999999,28.72000000000001,13.766666666666676,-7.0,0.0,-0.4666666666666667,-0.4666666666666667,-0.4666666666666667,0.0
NODE_5846,current_main_12,25.0,15.0,0.0,0.0,,,29.3,29.3,,838.0,29.922958754208754,642.0,8.457709910203343,3465.0,0.0,0.0,0.0,15.0,15.0,100.0,0.0,0.0,0.0,15.0,0.0,1.0,1.0,1.0,0.0,15.0,0.0,0.0,,,26.35,26.35,,832.0,26.94175897208684,644.0,8.559786217060438,3466.0,1.0,5.0,1.0,15.0,15.0,100.0,0.0,0.0,0.0,15.0,0.0,1.0,1.0,1.0,0.0,0.0,0.0,0.0,,,-2.9499999999999993,-2.9499999999999993,,-6.0,-2.9811997821219123,2.0,0.10207630685709468,1.0,1.0,5.0,1.0,0.0,0.0,0.0,0.0,0.0,0.0,0.0,0.0,0.0,0.0,0.0,0.0
NODE_5846,current_main_12,26.0,15.0,0.0,0.0,,,23.14,23.14,,885.0,23.67788200958933,650.0,8.586245789057894,3471.0,0.0,0.0,0.0,15.0,7.0,46.666666666666664,0.0,0.0,6.373333333333327,7.0,0.0,0.4666666666666667,0.4666666666666667,0.4666666666666667,0.0,15.0,0.0,0.0,,,24.12,24.12,,886.0,24.8094918101638,631.0,8.626356457950102,3470.0,1.0,5.0,1.0,15.0,0.0,0.0,10.199999999999989,10.199999999999989,14.199999999999989,0.0,0.0,0.0,0.0,0.0,0.0,0.0,0.0,0.0,,,0.9800000000000004,0.9800000000000004,,1.0,1.13160980057447,-19.0,0.04011066889220771,-1.0,1.0,5.0,1.0,0.0,-7.0,-46.666666666666664,10.199999999999989,10.199999999999989,7.826666666666662,-7.0,0.0,-0.4666666666666667,-0.4666666666666667,-0.4666666666666667,0.0
NODE_5846,current_main_12,27.0,15.0,0.0,0.0,,,25.17,25.17,,870.0,25.62032341784787,650.0,8.261693769801365,3466.0,0.0,0.0,0.0,15.0,15.0,100.0,0.0,0.0,0.3666666666666647,13.0,2.0,0.9333333333333332,0.9333333333333332,0.9333333333333332,0.0,15.0,0.0,0.0,,,42.84,42.84,,840.0,43.6203246645685,641.0,5.717493389770278,3465.0,1.0,5.0,1.0,15.0,15.0,100.0,0.0,0.0,0.3666666666666647,13.0,2.0,0.9333333333333332,0.9333333333333332,0.9333333333333332,0.0,0.0,0.0,0.0,,,17.67,17.67,,-30.0,18.00000124672063,-9.0,-2.5442003800310866,-1.0,1.0,5.0,1.0,0.0,0.0,0.0,0.0,0.0,0.0,0.0,0.0,0.0,0.0,0.0,0.0
NODE_5846,current_main_12,28.0,15.0,0.0,0.0,,,32.48,32.48,,767.0,32.95108994321304,655.0,7.445637345470127,3467.0,0.0,0.0,0.0,15.0,7.0,46.666666666666664,0.0,0.0,17.706666666666667,7.0,0.0,0.4666666666666667,0.4666666666666667,0.4666666666666667,0.0,15.0,0.0,0.0,,,23.51,23.51,,778.0,23.959583694709455,626.0,8.715249849318381,3467.0,1.0,5.0,1.0,15.0,0.0,0.0,26.09999999999999,27.22000000000001,30.82666666666667,0.0,0.0,0.0,0.0,0.0,0.0,0.0,0.0,0.0,,,-8.969999999999995,-8.969999999999995,,11.0,-8.991506248503587,-29.0,1.2696125038482542,0.0,1.0,5.0,1.0,0.0,-7.0,-46.666666666666664,26.09999999999999,27.22000000000001,13.120000000000005,-7.0,0.0,-0.4666666666666667,-0.4666666666666667,-0.4666666666666667,0.0
NODE_5846,current_main_12,29.0,15.0,0.0,0.0,,,24.4,24.4,,836.0,24.93449753589029,643.0,8.963498746474666,3473.0,0.0,0.0,0.0,15.0,7.0,46.666666666666664,0.0,0.0,16.373333333333335,7.0,0.0,0.4666666666666667,0.4666666666666667,0.4666666666666667,0.0,15.0,0.0,0.0,,,22.08,22.08,,834.0,22.537264957264956,660.0,8.989415361719415,3471.0,1.0,5.0,1.0,15.0,0.0,0.0,23.799999999999997,24.92000000000001,28.52666666666668,0.0,0.0,0.0,0.0,0.0,0.0,0.0,0.0,0.0,,,-2.3200000000000003,-2.3200000000000003,,-2.0,-2.397232578625335,17.0,0.025916615244748087,-2.0,1.0,5.0,1.0,0.0,-7.0,-46.666666666666664,23.799999999999997,24.92000000000001,12.153333333333347,-7.0,0.0,-0.4666666666666667,-0.4666666666666667,-0.4666666666666667,0.0
NODE_5846,current_main_12,30.0,15.0,0.0,0.0,,,29.41,29.41,,884.0,29.99129032258065,758.0,7.369852315105427,3469.0,0.0,0.0,0.0,15.0,7.0,46.666666666666664,0.0,0.0,2.8533333333333304,7.0,0.0,0.4666666666666667,0.4666666666666667,0.4666666666666667,0.0,15.0,0.0,0.0,,,23.71,23.71,,892.0,24.05061975938753,749.0,8.10716785072011,3470.0,1.0,5.0,1.0,15.0,0.0,0.0,3.5999999999999943,3.5999999999999943,7.599999999999994,0.0,0.0,0.0,0.0,0.0,0.0,0.0,0.0,0.0,,,-5.699999999999999,-5.699999999999999,,8.0,-5.94067056319312,-9.0,0.737315535614683,1.0,1.0,5.0,1.0,0.0,-7.0,-46.666666666666664,3.5999999999999943,3.5999999999999943,4.746666666666664,-7.0,0.0,-0.4666666666666667,-0.4666666666666667,-0.4666666666666667,0.0
NODE_8369,current_main_12,1.0,15.0,0.0,0.0,0.0,0.0,13.13,13.13,,831.0,13.42601530311948,347.0,13.257881886860506,3468.0,0.0,0.0,0.0,18.0,18.0,120.0,0.0,0.0,0.0,18.0,0.0,1.2,1.2,1.2,0.0,15.0,0.0,0.0,0.0,0.0,11.78,11.78,,845.0,11.953836858006042,349.0,13.362895797628864,3467.0,1.0,5.0,1.0,16.0,16.0,106.66666666666669,0.0,0.0,0.0,16.0,0.0,1.0666666666666669,1.0666666666666669,1.0666666666666669,0.0,0.0,0.0,0.0,0.0,0.0,-1.3500000000000014,-1.3500000000000014,,14.0,-1.4721784451134372,2.0,0.10501391076835809,-1.0,1.0,5.0,1.0,-2.0,-2.0,-13.333333333333314,0.0,0.0,0.0,-2.0,0.0,-0.13333333333333308,-0.13333333333333308,-0.13333333333333308,0.0
NODE_8369,current_main_12,2.0,15.0,0.0,0.0,0.0,0.0,11.55,11.55,,802.0,11.594889162561577,337.0,13.865823055919623,3462.0,0.0,0.0,0.0,18.0,18.0,120.0,0.0,0.0,0.0222222222222217,18.0,0.0,1.2,1.2,1.2,0.0,15.0,0.0,0.0,0.0,0.0,11.24,11.24,,777.0,11.194523076923076,334.0,13.5992466552735,3459.0,1.0,5.0,1.0,16.0,16.0,106.66666666666669,0.0,0.0,0.0,16.0,0.0,1.0666666666666669,1.0666666666666669,1.0666666666666669,0.0,0.0,0.0,0.0,0.0,0.0,-0.3100000000000005,-0.3100000000000005,,-25.0,-0.40036608563850073,-3.0,-0.2665764006461231,-3.0,1.0,5.0,1.0,-2.0,-2.0,-13.333333333333314,0.0,0.0,-0.0222222222222217,-2.0,0.0,-0.13333333333333308,-0.13333333333333308,-0.13333333333333308,0.0
NODE_8369,current_main_12,3.0,15.0,0.0,0.0,0.0,0.0,9.69,9.69,,935.0,9.787405247813412,349.0,13.6833503906045,3468.0,0.0,0.0,0.0,18.0,18.0,120.0,0.0,0.0,0.0,18.0,0.0,1.2,1.2,1.2,0.0,15.0,0.0,0.0,0.0,0.0,10.03,10.03,,923.0,10.288743299583084,352.0,13.589691294152214,3466.0,1.0,5.0,1.0,16.0,16.0,106.66666666666669,0.0,0.0,0.0,16.0,0.0,1.0666666666666669,1.0666666666666669,1.0666666666666669,0.0,0.0,0.0,0.0,0.0,0.0,0.33999999999999986,0.33999999999999986,,-12.0,0.5013380517696717,3.0,-0.09365909645228676,-2.0,1.0,5.0,1.0,-2.0,-2.0,-13.333333333333314,0.0,0.0,0.0,-2.0,0.0,-0.13333333333333308,-0.13333333333333308,-0.13333333333333308,0.0
NODE_8369,current_main_12,4.0,15.0,0.0,0.0,0.0,0.0,10.21,10.21,,887.0,10.57900786448881,344.0,13.953371641788904,3466.0,0.0,0.0,0.0,18.0,18.0,120.0,0.0,0.0,0.0,18.0,0.0,1.2,1.2,1.2,0.0,15.0,0.0,0.0,0.0,0.0,12.79,12.79,,857.0,12.9852140077821,346.0,12.530283218700763,3465.0,1.0,5.0,1.0,16.0,16.0,106.66666666666669,0.0,0.0,0.0,16.0,0.0,1.0666666666666669,1.0666666666666669,1.0666666666666669,0.0,0.0,0.0,0.0,0.0,0.0,2.5799999999999983,2.5799999999999983,,-30.0,2.4062061432932893,2.0,-1.4230884230881404,-1.0,1.0,5.0,1.0,-2.0,-2.0,-13.333333333333314,0.0,0.0,0.0,-2.0,0.0,-0.13333333333333308,-0.13333333333333308,-0.13333333333333308,0.0
NODE_8369,current_main_12,5.0,15.0,0.0,0.0,0.0,0.0,10.44,10.44,,868.0,10.686233611442193,364.0,13.75704873396462,3464.0,0.0,0.0,0.0,18.0,18.0,120.0,0.0,0.0,0.0,18.0,0.0,1.2,1.2,1.2,0.0,15.0,0.0,0.0,0.0,0.0,10.7,10.7,,855.0,11.014326978625071,363.0,13.30832908554481,3464.0,1.0,5.0,1.0,16.0,16.0,106.66666666666669,0.0,0.0,0.0,16.0,0.0,1.0666666666666669,1.0666666666666669,1.0666666666666669,0.0,0.0,0.0,0.0,0.0,0.0,0.2599999999999998,0.2599999999999998,,-13.0,0.32809336718287874,-1.0,-0.44871964841980905,0.0,1.0,5.0,1.0,-2.0,-2.0,-13.333333333333314,0.0,0.0,0.0,-2.0,0.0,-0.13333333333333308,-0.13333333333333308,-0.13333333333333308,0.0
NODE_8369,current_main_12,6.0,15.0,0.0,0.0,0.0,0.0,10.47,10.47,,906.0,10.576543942992876,356.0,12.994035038643585,3471.0,0.0,0.0,0.0,18.0,18.0,120.0,0.0,0.0,0.0,18.0,0.0,1.2,1.2,1.2,0.0,15.0,0.0,0.0,0.0,0.0,10.39,10.39,,896.0,10.486511342734518,344.0,13.184586833318193,3472.0,1.0,5.0,1.0,16.0,16.0,106.66666666666669,0.0,0.0,0.0,16.0,0.0,1.0666666666666669,1.0666666666666669,1.0666666666666669,0.0,0.0,0.0,0.0,0.0,0.0,-0.08000000000000007,-0.08000000000000007,,-10.0,-0.09003260025835758,-12.0,0.19055179467460803,1.0,1.0,5.0,1.0,-2.0,-2.0,-13.333333333333314,0.0,0.0,0.0,-2.0,0.0,-0.13333333333333308,-0.13333333333333308,-0.13333333333333308,0.0
NODE_8369,current_main_12,7.0,15.0,0.0,0.0,0.0,0.0,10.35,10.35,,870.0,10.059532828282828,346.0,13.729519136100986,3467.0,0.0,0.0,0.0,18.0,18.0,120.0,0.0,0.0,0.0,18.0,0.0,1.2,1.2,1.2,0.0,15.0,0.0,0.0,0.0,0.0,9.28,9.28,,877.0,9.253047989623866,343.0,13.552240370063846,3466.0,1.0,5.0,1.0,16.0,16.0,106.66666666666669,0.0,0.0,0.0,16.0,0.0,1.0666666666666669,1.0666666666666669,1.0666666666666669,0.0,0.0,0.0,0.0,0.0,0.0,-1.0700000000000003,-1.0700000000000003,,7.0,-0.806484838658962,-3.0,-0.17727876603714066,-1.0,1.0,5.0,1.0,-2.0,-2.0,-13.333333333333314,0.0,0.0,0.0,-2.0,0.0,-0.13333333333333308,-0.13333333333333308,-0.13333333333333308,0.0
NODE_8369,current_main_12,8.0,15.0,0.0,0.0,0.0,0.0,13.79,13.79,,894.0,14.0064,346.0,12.508722755596342,3464.0,0.0,0.0,0.0,18.0,18.0,120.0,0.0,0.0,0.0,18.0,0.0,1.2,1.2,1.2,0.0,15.0,0.0,0.0,0.0,0.0,11.61,11.61,,878.0,11.579938271604938,340.0,13.668970127586762,3463.0,1.0,5.0,1.0,16.0,16.0,106.66666666666669,0.0,0.0,0.0,16.0,0.0,1.0666666666666669,1.0666666666666669,1.0666666666666669,0.0,0.0,0.0,0.0,0.0,0.0,-2.1799999999999997,-2.1799999999999997,,-16.0,-2.4264617283950614,-6.0,1.1602473719904207,-1.0,1.0,5.0,1.0,-2.0,-2.0,-13.333333333333314,0.0,0.0,0.0,-2.0,0.0,-0.13333333333333308,-0.13333333333333308,-0.13333333333333308,0.0
NODE_8369,current_main_12,9.0,15.0,0.0,0.0,0.0,0.0,12.64,12.64,,929.0,12.849188214070956,334.0,12.910209833966192,3467.0,0.0,0.0,0.0,18.0,18.0,120.0,0.0,0.0,0.0,18.0,0.0,1.2,1.2,1.2,0.0,15.0,0.0,0.0,0.0,0.0,11.12,11.12,,933.0,11.374865991661702,348.0,13.154673225138708,3469.0,1.0,5.0,1.0,16.0,16.0,106.66666666666669,0.0,0.0,0.0,16.0,0.0,1.0666666666666669,1.0666666666666669,1.0666666666666669,0.0,0.0,0.0,0.0,0.0,0.0,-1.5200000000000014,-1.5200000000000014,,4.0,-1.4743222224092545,14.0,0.24446339117251625,2.0,1.0,5.0,1.0,-2.0,-2.0,-13.333333333333314,0.0,0.0,0.0,-2.0,0.0,-0.13333333333333308,-0.13333333333333308,-0.13333333333333308,0.0
NODE_8369,current_main_12,10.0,15.0,0.0,0.0,0.0,0.0,15.94,15.94,,799.0,15.521958456973294,366.0,12.141791773751962,3463.0,0.0,0.0,0.0,18.0,18.0,120.0,0.0,0.0,0.0,18.0,0.0,1.2,1.2,1.2,0.0,15.0,0.0,0.0,0.0,0.0,14.58,14.58,,799.0,14.81018981018981,365.0,12.548688623862637,3464.0,1.0,5.0,1.0,16.0,16.0,106.66666666666669,0.0,0.0,0.0,16.0,0.0,1.0666666666666669,1.0666666666666669,1.0666666666666669,0.0,0.0,0.0,0.0,0.0,0.0,-1.3599999999999994,-1.3599999999999994,,0.0,-0.7117686467834847,-1.0,0.4068968501106749,1.0,1.0,5.0,1.0,-2.0,-2.0,-13.333333333333314,0.0,0.0,0.0,-2.0,0.0,-0.13333333333333308,-0.13333333333333308,-0.13333333333333308,0.0
NODE_8369,current_main_12,11.0,15.0,0.0,0.0,0.0,0.0,14.83,14.83,,854.0,14.657398101619208,336.0,12.820171359118536,3464.0,0.0,0.0,0.0,18.0,18.0,120.0,0.0,0.0,0.0,18.0,0.0,1.2,1.2,1.2,0.0,15.0,0.0,0.0,0.0,0.0,14.12,14.12,,816.0,14.01391982182628,344.0,13.054814235092326,3463.0,1.0,5.0,1.0,16.0,16.0,106.66666666666669,0.0,0.0,0.0,16.0,0.0,1.0666666666666669,1.0666666666666669,1.0666666666666669,0.0,0.0,0.0,0.0,0.0,0.0,-0.7100000000000009,-0.7100000000000009,,-38.0,-0.6434782797929284,8.0,0.2346428759737904,-1.0,1.0,5.0,1.0,-2.0,-2.0,-13.333333333333314,0.0,0.0,0.0,-2.0,0.0,-0.13333333333333308,-0.13333333333333308,-0.13333333333333308,0.0
NODE_8369,current_main_12,12.0,15.0,0.0,0.0,0.0,0.0,9.86,9.86,,763.0,9.978442028985508,370.0,13.71943839972988,3466.0,0.0,0.0,0.0,18.0,16.0,106.66666666666669,0.0,0.0,0.5833333333333341,15.0,1.0,1.0333333333333334,1.0333333333333334,1.0333333333333334,0.0,15.0,0.0,0.0,0.0,0.0,9.94,9.94,,780.0,10.121610660486676,369.0,13.06200071409024,3466.0,1.0,5.0,1.0,16.0,16.0,106.66666666666669,0.0,0.0,0.0,16.0,0.0,1.0666666666666669,1.0666666666666669,1.0666666666666669,0.0,0.0,0.0,0.0,0.0,0.0,0.08000000000000007,0.08000000000000007,,17.0,0.1431686315011671,-1.0,-0.6574376856396391,0.0,1.0,5.0,1.0,-2.0,0.0,0.0,0.0,0.0,-0.5833333333333341,1.0,-1.0,0.03333333333333344,0.03333333333333344,0.03333333333333344,0.0
NODE_8369,current_main_12,13.0,15.0,0.0,0.0,0.0,0.0,14.44,14.44,,829.0,14.343316966721222,366.0,12.34927830899644,3467.0,0.0,0.0,0.0,18.0,15.0,100.0,0.0,0.0,0.7000000000000005,15.0,0.0,1.0,1.0,1.0,0.0,15.0,0.0,0.0,0.0,0.0,11.3,11.3,,840.0,11.567758923346986,368.0,13.38004372209331,3468.0,1.0,5.0,1.0,16.0,16.0,106.66666666666669,0.0,0.0,0.0,16.0,0.0,1.0666666666666669,1.0666666666666669,1.0666666666666669,0.0,0.0,0.0,0.0,0.0,0.0,-3.139999999999999,-3.139999999999999,,11.0,-2.775558043374236,2.0,1.0307654130968693,1.0,1.0,5.0,1.0,-2.0,1.0,6.666666666666686,0.0,0.0,-0.7000000000000005,1.0,0.0,0.06666666666666687,0.06666666666666687,0.06666666666666687,0.0
NODE_8369,current_main_12,14.0,15.0,0.0,0.0,0.0,0.0,13.41,13.41,,862.0,13.333333333333334,325.0,12.813367743324754,3470.0,0.0,0.0,0.0,18.0,18.0,120.0,0.0,0.0,0.0,18.0,0.0,1.2,1.2,1.2,0.0,15.0,0.0,0.0,0.0,0.0,9.45,9.45,,867.0,9.785339168490154,318.0,14.21434588306847,3473.0,1.0,5.0,1.0,16.0,16.0,106.66666666666669,0.0,0.0,0.0,16.0,0.0,1.0666666666666669,1.0666666666666669,1.0666666666666669,0.0,0.0,0.0,0.0,0.0,0.0,-3.960000000000001,-3.960000000000001,,5.0,-3.54799416484318,-7.0,1.4009781397437155,3.0,1.0,5.0,1.0,-2.0,-2.0,-13.333333333333314,0.0,0.0,0.0,-2.0,0.0,-0.13333333333333308,-0.13333333333333308,-0.13333333333333308,0.0
NODE_8369,current_main_12,15.0,15.0,0.0,0.0,0.0,0.0,8.77,8.77,,882.0,8.914961185603387,327.0,14.465974076153042,3469.0,0.0,0.0,0.0,18.0,18.0,120.0,0.0,0.0,0.0,18.0,0.0,1.2,1.2,1.2,0.0,15.0,0.0,0.0,0.0,0.0,12.34,12.34,,896.0,12.569957343083486,338.0,12.833793969511516,3466.0,1.0,5.0,1.0,16.0,16.0,106.66666666666669,0.0,0.0,0.0,16.0,0.0,1.0666666666666669,1.0666666666666669,1.0666666666666669,0.0,0.0,0.0,0.0,0.0,0.0,3.5700000000000003,3.5700000000000003,,14.0,3.654996157480099,11.0,-1.6321801066415258,-3.0,1.0,5.0,1.0,-2.0,-2.0,-13.333333333333314,0.0,0.0,0.0,-2.0,0.0,-0.13333333333333308,-0.13333333333333308,-0.13333333333333308,0.0
NODE_8369,current_main_12,16.0,15.0,0.0,0.0,0.0,0.0,11.99,11.99,,832.0,11.8005291005291,332.0,13.37385658291332,3462.0,0.0,0.0,0.0,18.0,18.0,120.0,0.0,0.0,0.0,18.0,0.0,1.2,1.2,1.2,0.0,15.0,0.0,0.0,0.0,0.0,12.75,12.75,,872.0,12.754105138806851,349.0,12.950665864248997,3465.0,1.0,5.0,1.0,16.0,16.0,106.66666666666669,0.0,0.0,0.0,16.0,0.0,1.0666666666666669,1.0666666666666669,1.0666666666666669,0.0,0.0,0.0,0.0,0.0,0.0,0.7599999999999998,0.7599999999999998,,40.0,0.9535760382777507,17.0,-0.4231907186643227,3.0,1.0,5.0,1.0,-2.0,-2.0,-13.333333333333314,0.0,0.0,0.0,-2.0,0.0,-0.13333333333333308,-0.13333333333333308,-0.13333333333333308,0.0
NODE_8369,current_main_12,17.0,15.0,0.0,0.0,0.0,0.0,10.45,10.45,,851.0,10.663015463917526,343.0,14.524527644637114,3468.0,0.0,0.0,0.0,18.0,18.0,120.0,0.0,0.0,0.0,18.0,0.0,1.2,1.2,1.2,0.0,15.0,0.0,0.0,0.0,0.0,10.85,10.85,,856.0,10.779500320307497,347.0,14.368276368384016,3468.0,1.0,5.0,1.0,16.0,16.0,106.66666666666669,0.0,0.0,0.0,16.0,0.0,1.0666666666666669,1.0666666666666669,1.0666666666666669,0.0,0.0,0.0,0.0,0.0,0.0,0.40000000000000036,0.40000000000000036,,5.0,0.1164848563899703,4.0,-0.15625127625309787,0.0,1.0,5.0,1.0,-2.0,-2.0,-13.333333333333314,0.0,0.0,0.0,-2.0,0.0,-0.13333333333333308,-0.13333333333333308,-0.13333333333333308,0.0
NODE_8369,current_main_12,18.0,15.0,0.0,0.0,0.0,0.0,11.34,11.34,,831.0,11.015460122699388,339.0,13.147631166500528,3468.0,0.0,0.0,0.0,18.0,18.0,120.0,0.0,0.0,0.0,18.0,0.0,1.2,1.2,1.2,0.0,15.0,0.0,0.0,0.0,0.0,10.71,10.71,,860.0,10.884714193962749,340.0,13.999828666858248,3465.0,1.0,5.0,1.0,16.0,16.0,106.66666666666669,0.0,0.0,0.0,16.0,0.0,1.0666666666666669,1.0666666666666669,1.0666666666666669,0.0,0.0,0.0,0.0,0.0,0.0,-0.629999999999999,-0.629999999999999,,29.0,-0.13074592873663882,1.0,0.85219750035772,-3.0,1.0,5.0,1.0,-2.0,-2.0,-13.333333333333314,0.0,0.0,0.0,-2.0,0.0,-0.13333333333333308,-0.13333333333333308,-0.13333333333333308,0.0
NODE_8369,current_main_12,19.0,15.0,0.0,0.0,0.0,0.0,10.19,10.19,,832.0,10.124802631578948,337.0,14.118306503653136,3468.0,0.0,0.0,0.0,18.0,18.0,120.0,0.0,0.0,0.0,18.0,0.0,1.2,1.2,1.2,0.0,15.0,0.0,0.0,0.0,0.0,10.41,10.41,,823.0,10.485652709359606,336.0,13.273693017109125,3466.0,1.0,5.0,1.0,16.0,16.0,106.66666666666669,0.0,0.0,0.0,16.0,0.0,1.0666666666666669,1.0666666666666669,1.0666666666666669,0.0,0.0,0.0,0.0,0.0,0.0,0.22000000000000064,0.22000000000000064,,-9.0,0.3608500777806576,-1.0,-0.8446134865440111,-2.0,1.0,5.0,1.0,-2.0,-2.0,-13.333333333333314,0.0,0.0,0.0,-2.0,0.0,-0.13333333333333308,-0.13333333333333308,-0.13333333333333308,0.0
NODE_8369,current_main_12,20.0,15.0,0.0,0.0,0.0,0.0,10.74,10.74,,838.0,11.0824406779661,320.0,14.37480835864064,3463.0,0.0,0.0,0.0,18.0,18.0,120.0,0.0,0.0,0.0,18.0,0.0,1.2,1.2,1.2,0.0,15.0,0.0,0.0,0.0,0.0,12.19,12.19,,857.0,12.309626719056975,320.0,13.735770599758036,3463.0,1.0,5.0,1.0,16.0,16.0,106.66666666666669,0.0,0.0,0.0,16.0,0.0,1.0666666666666669,1.0666666666666669,1.0666666666666669,0.0,0.0,0.0,0.0,0.0,0.0,1.4499999999999993,1.4499999999999993,,19.0,1.2271860410908761,0.0,-0.6390377588826048,0.0,1.0,5.0,1.0,-2.0,-2.0,-13.333333333333314,0.0,0.0,0.0,-2.0,0.0,-0.13333333333333308,-0.13333333333333308,-0.13333333333333308,0.0
NODE_8369,current_main_12,21.0,15.0,0.0,0.0,0.0,0.0,12.17,12.17,,849.0,12.25913190529876,357.0,13.49067433987081,3466.0,0.0,0.0,0.0,18.0,18.0,120.0,0.0,0.0,0.0,18.0,0.0,1.2,1.2,1.2,0.0,15.0,0.0,0.0,0.0,0.0,9.72,9.72,,860.0,9.774885583524028,360.0,13.680335672553504,3466.0,1.0,5.0,1.0,16.0,16.0,106.66666666666669,0.0,0.0,0.0,16.0,0.0,1.0666666666666669,1.0666666666666669,1.0666666666666669,0.0,0.0,0.0,0.0,0.0,0.0,-2.4499999999999993,-2.4499999999999993,,11.0,-2.484246321774732,3.0,0.18966133268269303,0.0,1.0,5.0,1.0,-2.0,-2.0,-13.333333333333314,0.0,0.0,0.0,-2.0,0.0,-0.13333333333333308,-0.13333333333333308,-0.13333333333333308,0.0
NODE_8369,current_main_12,22.0,15.0,0.0,0.0,0.0,0.0,12.12,12.12,,823.0,12.187615621788282,373.0,12.696344985840236,3469.0,0.0,0.0,0.0,18.0,18.0,120.0,0.0,0.0,0.0,18.0,0.0,1.2,1.2,1.2,0.0,15.0,0.0,0.0,0.0,0.0,13.58,13.58,,839.0,13.764365041042977,372.0,11.812123100902802,3470.0,1.0,5.0,1.0,16.0,16.0,106.66666666666669,0.0,0.0,0.0,16.0,0.0,1.0666666666666669,1.0666666666666669,1.0666666666666669,0.0,0.0,0.0,0.0,0.0,0.0,1.4600000000000009,1.4600000000000009,,16.0,1.5767494192546945,-1.0,-0.8842218849374337,1.0,1.0,5.0,1.0,-2.0,-2.0,-13.333333333333314,0.0,0.0,0.0,-2.0,0.0,-0.13333333333333308,-0.13333333333333308,-0.13333333333333308,0.0
NODE_8369,current_main_12,23.0,15.0,0.0,0.0,0.0,0.0,10.74,10.74,,950.0,10.752523874488404,322.0,14.45513725928438,3469.0,0.0,0.0,0.0,18.0,18.0,120.0,0.0,0.0,0.0,18.0,0.0,1.2,1.2,1.2,0.0,15.0,0.0,0.0,0.0,0.0,10.63,10.63,,934.0,10.609121851599728,328.0,14.420793255270132,3469.0,1.0,5.0,1.0,16.0,16.0,106.66666666666669,0.0,0.0,0.0,16.0,0.0,1.0666666666666669,1.0666666666666669,1.0666666666666669,0.0,0.0,0.0,0.0,0.0,0.0,-0.10999999999999943,-0.10999999999999943,,-16.0,-0.14340202288867587,6.0,-0.03434400401424753,0.0,1.0,5.0,1.0,-2.0,-2.0,-13.333333333333314,0.0,0.0,0.0,-2.0,0.0,-0.13333333333333308,-0.13333333333333308,-0.13333333333333308,0.0
NODE_8369,current_main_12,24.0,15.0,0.0,0.0,0.0,0.0,10.29,10.29,,812.0,10.108695652173912,331.0,14.119708318299514,3466.0,0.0,0.0,0.0,18.0,18.0,120.0,0.0,0.0,0.288888888888889,16.0,2.0,1.1333333333333333,1.1333333333333333,1.1333333333333333,0.0,15.0,0.0,0.0,0.0,0.0,11.16,11.16,,817.0,11.194878201124297,330.0,13.666273387083224,3467.0,1.0,5.0,1.0,16.0,16.0,106.66666666666669,0.0,0.0,0.0,16.0,0.0,1.0666666666666669,1.0666666666666669,1.0666666666666669,0.0,0.0,0.0,0.0,0.0,0.0,0.870000000000001,0.870000000000001,,5.0,1.0861825489503847,-1.0,-0.4534349312162895,1.0,1.0,5.0,1.0,-2.0,-2.0,-13.333333333333314,0.0,0.0,-0.288888888888889,0.0,-2.0,-0.06666666666666643,-0.06666666666666643,-0.06666666666666643,0.0
NODE_8369,current_main_12,25.0,15.0,0.0,0.0,0.0,0.0,10.32,10.32,,838.0,10.5512256442489,336.0,14.003762122349888,3465.0,0.0,0.0,0.0,18.0,18.0,120.0,0.0,0.0,0.1833333333333331,17.0,1.0,1.1666666666666667,1.1666666666666667,1.1666666666666667,0.0,15.0,0.0,0.0,0.0,0.0,11.02,11.02,,832.0,11.05272945410918,343.0,13.674061325970271,3466.0,1.0,5.0,1.0,16.0,16.0,106.66666666666669,0.0,0.0,0.0,16.0,0.0,1.0666666666666669,1.0666666666666669,1.0666666666666669,0.0,0.0,0.0,0.0,0.0,0.0,0.6999999999999993,0.6999999999999993,,-6.0,0.5015038098602798,7.0,-0.32970079637961724,1.0,1.0,5.0,1.0,-2.0,-2.0,-13.333333333333314,0.0,0.0,-0.1833333333333331,-1.0,-1.0,-0.09999999999999987,-0.09999999999999987,-0.09999999999999987,0.0
NODE_8369,current_main_12,26.0,15.0,0.0,0.0,0.0,0.0,11.21,11.21,,885.0,11.211069418386492,336.0,14.233801512239811,3471.0,0.0,0.0,0.0,18.0,18.0,120.0,0.0,0.0,0.0,18.0,0.0,1.2,1.2,1.2,0.0,15.0,0.0,0.0,0.0,0.0,10.0,10.0,,886.0,9.933858764186631,336.0,13.968030469100382,3470.0,1.0,5.0,1.0,16.0,16.0,106.66666666666669,0.0,0.0,0.0,16.0,0.0,1.0666666666666669,1.0666666666666669,1.0666666666666669,0.0,0.0,0.0,0.0,0.0,0.0,-1.2100000000000009,-1.2100000000000009,,1.0,-1.2772106541998607,0.0,-0.2657710431394289,-1.0,1.0,5.0,1.0,-2.0,-2.0,-13.333333333333314,0.0,0.0,0.0,-2.0,0.0,-0.13333333333333308,-0.13333333333333308,-0.13333333333333308,0.0
NODE_8369,current_main_12,27.0,15.0,0.0,0.0,0.0,0.0,11.24,11.24,,870.0,11.294136392606756,330.0,14.092369405585048,3466.0,0.0,0.0,0.0,18.0,18.0,120.0,0.0,0.0,0.0,18.0,0.0,1.2,1.2,1.2,0.0,15.0,0.0,0.0,0.0,0.0,10.6,10.6,,840.0,10.972874756651526,332.0,14.154592129745549,3465.0,1.0,5.0,1.0,16.0,16.0,106.66666666666669,0.0,0.0,0.0,16.0,0.0,1.0666666666666669,1.0666666666666669,1.0666666666666669,0.0,0.0,0.0,0.0,0.0,0.0,-0.6400000000000006,-0.6400000000000006,,-30.0,-0.3212616359552296,2.0,0.062222724160500675,-1.0,1.0,5.0,1.0,-2.0,-2.0,-13.333333333333314,0.0,0.0,0.0,-2.0,0.0,-0.13333333333333308,-0.13333333333333308,-0.13333333333333308,0.0
NODE_8369,current_main_12,28.0,15.0,0.0,0.0,0.0,0.0,9.68,9.68,,767.0,9.541884057971014,321.0,14.575615119275277,3467.0,0.0,0.0,0.0,18.0,18.0,120.0,0.0,0.0,0.261111111111112,16.0,2.0,1.1333333333333333,1.1333333333333333,1.1333333333333333,0.0,15.0,0.0,0.0,0.0,0.0,9.21,9.21,,778.0,9.281615598885791,326.0,14.276191866313194,3467.0,1.0,5.0,1.0,16.0,16.0,106.66666666666669,0.0,0.0,0.0,16.0,0.0,1.0666666666666669,1.0666666666666669,1.0666666666666669,0.0,0.0,0.0,0.0,0.0,0.0,-0.46999999999999886,-0.46999999999999886,,11.0,-0.2602684590852231,5.0,-0.2994232529620824,0.0,1.0,5.0,1.0,-2.0,-2.0,-13.333333333333314,0.0,0.0,-0.261111111111112,0.0,-2.0,-0.06666666666666643,-0.06666666666666643,-0.06666666666666643,0.0
NODE_8369,current_main_12,29.0,15.0,0.0,0.0,0.0,0.0,9.99,9.99,,836.0,9.959254237288135,338.0,14.151142525593563,3473.0,0.0,0.0,0.0,18.0,16.0,106.66666666666669,0.0,0.0,0.5833333333333341,16.0,0.0,1.0666666666666669,1.0666666666666669,1.0666666666666669,0.0,15.0,0.0,0.0,0.0,0.0,11.1,11.1,,834.0,11.5100724160632,336.0,13.58723091614132,3471.0,1.0,5.0,1.0,16.0,16.0,106.66666666666669,0.0,0.0,0.0,16.0,0.0,1.0666666666666669,1.0666666666666669,1.0666666666666669,0.0,0.0,0.0,0.0,0.0,0.0,1.1099999999999994,1.1099999999999994,,-2.0,1.5508181787750654,-2.0,-0.5639116094522443,-2.0,1.0,5.0,1.0,-2.0,0.0,0.0,0.0,0.0,-0.5833333333333341,0.0,0.0,0.0,0.0,0.0,0.0
NODE_8369,current_main_12,30.0,15.0,0.0,0.0,0.0,0.0,11.58,11.58,,884.0,11.6069387755102,318.0,13.85085841713363,3469.0,0.0,0.0,0.0,18.0,18.0,120.0,0.0,0.0,0.0,18.0,0.0,1.2,1.2,1.2,0.0,15.0,0.0,0.0,0.0,0.0,12.88,12.88,,892.0,12.938436268068331,326.0,13.524601951077052,3470.0,1.0,5.0,1.0,16.0,16.0,106.66666666666669,0.0,0.0,0.0,16.0,0.0,1.0666666666666669,1.0666666666666669,1.0666666666666669,0.0,0.0,0.0,0.0,0.0,0.0,1.3000000000000007,1.3000000000000007,,8.0,1.3314974925581318,8.0,-0.3262564660565772,1.0,1.0,5.0,1.0,-2.0,-2.0,-13.333333333333314,0.0,0.0,0.0,-2.0,0.0,-0.13333333333333308,-0.13333333333333308,-0.13333333333333308,0.0
LINK_212169,generated_signal_7,1.0,10.0,0.0,0.0,0.0,0.0,40.81,40.81,,872.0,41.424590163934425,502.0,5.190915314836891,3465.0,0.0,0.0,0.0,20.0,18.0,180.0,0.0,0.0,0.6549999999999997,16.0,2.0,1.7,1.7,1.7,0.0,10.0,0.0,0.0,0.0,0.0,40.86,40.86,,832.0,41.22935761456874,487.0,5.819696609454365,3468.0,1.0,5.0,1.0,20.0,18.0,180.0,0.0,0.0,0.6549999999999997,16.0,2.0,1.7,1.7,1.7,0.0,0.0,0.0,0.0,0.0,0.0,0.04999999999999716,0.04999999999999716,,-40.0,-0.19523254936568435,-15.0,0.6287812946174736,3.0,1.0,5.0,1.0,0.0,0.0,0.0,0.0,0.0,0.0,0.0,0.0,0.0,0.0,0.0,0.0
LINK_212169,generated_signal_7,2.0,10.0,0.0,0.0,0.0,0.0,49.52,49.52,,785.0,50.16165581076448,445.0,3.89714908392927,3460.0,0.0,0.0,0.0,20.0,20.0,200.0,0.0,0.0,0.3749999999999993,17.0,3.0,1.85,1.85,1.85,0.0,10.0,0.0,0.0,0.0,0.0,41.33,41.33,,799.0,41.89688648648649,444.0,5.658082729763408,3459.0,1.0,5.0,1.0,20.0,20.0,200.0,0.0,0.0,0.3749999999999993,17.0,3.0,1.85,1.85,1.85,0.0,0.0,0.0,0.0,0.0,0.0,-8.190000000000005,-8.190000000000005,,14.0,-8.264769324277992,-1.0,1.7609336458341383,-1.0,1.0,5.0,1.0,0.0,0.0,0.0,0.0,0.0,0.0,0.0,0.0,0.0,0.0,0.0,0.0
LINK_212169,generated_signal_7,3.0,10.0,0.0,0.0,0.0,0.0,41.65,41.65,,931.0,41.841573290647155,411.0,5.963938277379462,3466.0,0.0,0.0,0.0,20.0,20.0,200.0,0.0,0.0,0.054999999999999,20.0,0.0,2.0,2.0,2.0,0.0,10.0,0.0,0.0,0.0,0.0,41.86,41.86,,925.0,42.04248567650948,444.0,6.0514281462979795,3468.0,1.0,5.0,1.0,20.0,20.0,200.0,0.0,0.0,0.054999999999999,20.0,0.0,2.0,2.0,2.0,0.0,0.0,0.0,0.0,0.0,0.0,0.21000000000000085,0.21000000000000085,,-6.0,0.20091238586232407,33.0,0.08748986891851729,2.0,1.0,5.0,1.0,0.0,0.0,0.0,0.0,0.0,0.0,0.0,0.0,0.0,0.0,0.0,0.0
LINK_212169,generated_signal_7,4.0,10.0,0.0,0.0,0.0,0.0,39.13,39.13,,874.0,39.480392912172576,491.0,5.6606476127931815,3469.0,0.0,0.0,0.0,20.0,16.0,160.0,0.0,0.0,1.1650000000000005,15.0,1.0,1.55,1.55,1.55,0.0,10.0,0.0,0.0,0.0,0.0,41.9,41.9,,902.0,42.45504957767169,492.0,5.300232383485553,3472.0,1.0,5.0,1.0,20.0,16.0,160.0,0.0,0.0,1.1650000000000005,15.0,1.0,1.55,1.55,1.55,0.0,0.0,0.0,0.0,0.0,0.0,2.769999999999996,2.769999999999996,,28.0,2.9746566654991113,1.0,-0.3604152293076286,3.0,1.0,5.0,1.0,0.0,0.0,0.0,0.0,0.0,0.0,0.0,0.0,0.0,0.0,0.0,0.0
LINK_212169,generated_signal_7,5.0,10.0,0.0,0.0,0.0,0.0,37.98,37.98,,887.0,38.6952580195258,463.0,6.629430930656031,3466.0,0.0,0.0,0.0,20.0,20.0,200.0,0.0,0.0,0.2249999999999986,18.0,2.0,1.9,1.9,1.9,0.0,10.0,0.0,0.0,0.0,0.0,38.5,38.5,,888.0,38.92557056357708,455.0,6.626692373197221,3465.0,1.0,5.0,1.0,20.0,20.0,200.0,0.0,0.0,0.2249999999999986,18.0,2.0,1.9,1.9,1.9,0.0,0.0,0.0,0.0,0.0,0.0,0.5200000000000031,0.5200000000000031,,1.0,0.2303125440512801,-8.0,-0.0027385574588096873,-1.0,1.0,5.0,1.0,0.0,0.0,0.0,0.0,0.0,0.0,0.0,0.0,0.0,0.0,0.0,0.0
LINK_212169,generated_signal_7,6.0,10.0,0.0,0.0,0.0,0.0,38.72,38.72,,883.0,39.194043820463726,492.0,5.957835830450879,3470.0,0.0,0.0,0.0,20.0,16.0,160.0,0.0,0.0,0.809999999999998,15.0,1.0,1.55,1.55,1.55,0.0,10.0,0.0,0.0,0.0,0.0,38.7,38.7,,881.0,38.948390535067155,490.0,6.146678522547044,3470.0,1.0,5.0,1.0,20.0,16.0,160.0,0.0,0.0,0.809999999999998,15.0,1.0,1.55,1.55,1.55,0.0,0.0,0.0,0.0,0.0,0.0,-0.01999999999999602,-0.01999999999999602,,-2.0,-0.24565328539657116,-2.0,0.18884269209616544,0.0,1.0,5.0,1.0,0.0,0.0,0.0,0.0,0.0,0.0,0.0,0.0,0.0,0.0,0.0,0.0
LINK_212169,generated_signal_7,7.0,10.0,0.0,0.0,0.0,0.0,38.48,38.48,,862.0,38.68179271708683,473.0,6.234975129011579,3466.0,0.0,0.0,0.0,20.0,20.0,200.0,0.0,0.0,0.0,20.0,0.0,2.0,2.0,2.0,0.0,10.0,0.0,0.0,0.0,0.0,37.97,37.97,,863.0,38.29741418764302,476.0,6.642400423968983,3464.0,1.0,5.0,1.0,20.0,20.0,200.0,0.0,0.0,0.0,20.0,0.0,2.0,2.0,2.0,0.0,0.0,0.0,0.0,0.0,0.0,-0.509999999999998,-0.509999999999998,,1.0,-0.3843785294438078,3.0,0.4074252949574042,-2.0,1.0,5.0,1.0,0.0,0.0,0.0,0.0,0.0,0.0,0.0,0.0,0.0,0.0,0.0,0.0
LINK_212169,generated_signal_7,8.0,10.0,0.0,0.0,0.0,0.0,40.98,40.98,,856.0,41.165924276169264,499.0,5.754936703947305,3464.0,0.0,0.0,0.0,20.0,20.0,200.0,0.0,0.0,0.0449999999999995,20.0,0.0,2.0,2.0,2.0,0.0,10.0,0.0,0.0,0.0,0.0,40.8,40.8,,842.0,40.96541200406918,497.0,5.681403673768631,3464.0,1.0,5.0,1.0,20.0,20.0,200.0,0.0,0.0,0.0449999999999995,20.0,0.0,2.0,2.0,2.0,0.0,0.0,0.0,0.0,0.0,0.0,-0.17999999999999972,-0.17999999999999972,,-14.0,-0.2005122721000845,-2.0,-0.07353303017867407,0.0,1.0,5.0,1.0,0.0,0.0,0.0,0.0,0.0,0.0,0.0,0.0,0.0,0.0,0.0,0.0
LINK_212169,generated_signal_7,9.0,10.0,0.0,0.0,0.0,0.0,40.87,40.87,,962.0,41.068138234119054,490.0,5.89340324079992,3471.0,0.0,0.0,0.0,20.0,20.0,200.0,0.0,0.0,0.2699999999999988,19.0,1.0,1.95,1.95,1.95,0.0,10.0,0.0,0.0,0.0,0.0,48.0,48.0,,930.0,48.21073603619279,485.0,4.757829250066791,3467.0,1.0,5.0,1.0,20.0,20.0,200.0,0.0,0.0,0.2699999999999988,19.0,1.0,1.95,1.95,1.95,0.0,0.0,0.0,0.0,0.0,0.0,7.130000000000003,7.130000000000003,,-32.0,7.1425978020737375,-5.0,-1.1355739907331284,-4.0,1.0,5.0,1.0,0.0,0.0,0.0,0.0,0.0,0.0,0.0,0.0,0.0,0.0,0.0,0.0
LINK_212169,generated_signal_7,10.0,10.0,0.0,0.0,0.0,0.0,40.75,40.75,,778.0,41.01143203043929,508.0,5.223558620444174,3464.0,0.0,0.0,0.0,20.0,17.0,170.0,0.0,0.0,1.1499999999999964,13.0,4.0,1.5,1.5,1.5,0.0,10.0,0.0,0.0,0.0,0.0,42.39,42.39,,837.0,42.51181720813995,493.0,5.544507228858929,3463.0,1.0,5.0,1.0,20.0,17.0,170.0,0.0,0.0,1.0999999999999956,13.0,4.0,1.5,1.5,1.5,0.0,0.0,0.0,0.0,0.0,0.0,1.6400000000000006,1.6400000000000006,,59.0,1.5003851777006645,-15.0,0.3209486084147555,-1.0,1.0,5.0,1.0,0.0,0.0,0.0,0.0,0.0,-0.05000000000000071,0.0,0.0,0.0,0.0,0.0,0.0
LINK_212169,generated_signal_7,11.0,10.0,0.0,0.0,0.0,0.0,37.51,37.51,,854.0,37.92963048498845,471.0,6.5930287783218455,3470.0,0.0,0.0,0.0,20.0,20.0,200.0,0.0,0.0,0.0,20.0,0.0,2.0,2.0,2.0,0.0,10.0,0.0,0.0,0.0,0.0,47.03,47.03,,808.0,47.539874183401885,356.0,4.764655598832623,3467.0,1.0,5.0,1.0,20.0,20.0,200.0,0.0,0.0,0.0,20.0,0.0,2.0,2.0,2.0,0.0,0.0,0.0,0.0,0.0,0.0,9.520000000000003,9.520000000000003,,-46.0,9.610243698413434,-115.0,-1.8283731794892226,-3.0,1.0,5.0,1.0,0.0,0.0,0.0,0.0,0.0,0.0,0.0,0.0,0.0,0.0,0.0,0.0
LINK_212169,generated_signal_7,12.0,10.0,0.0,0.0,0.0,0.0,54.72,54.72,,785.0,55.35733568815441,532.0,3.1655441073906574,3470.0,0.0,0.0,0.0,20.0,12.0,120.0,0.0,0.0,2.9449999999999954,10.0,2.0,1.1,1.1,1.1,0.0,10.0,0.0,0.0,0.0,0.0,58.05,58.05,,785.0,58.58287720303769,463.0,3.226135692577786,3469.0,1.0,5.0,1.0,20.0,12.0,120.0,0.0,0.0,2.9349999999999943,10.0,2.0,1.1,1.1,1.1,0.0,0.0,0.0,0.0,0.0,0.0,3.3299999999999983,3.3299999999999983,,0.0,3.2255415148832824,-69.0,0.060591585187128594,-1.0,1.0,5.0,1.0,0.0,0.0,0.0,0.0,0.0,-0.010000000000001119,0.0,0.0,0.0,0.0,0.0,0.0
LINK_212169,generated_signal_7,13.0,10.0,0.0,0.0,0.0,0.0,43.16,43.16,,877.0,43.29454136184581,465.0,5.293425010344151,3474.0,0.0,0.0,0.0,20.0,19.0,190.0,0.0,0.0,0.559999999999998,16.0,3.0,1.75,1.75,1.75,0.0,10.0,0.0,0.0,0.0,0.0,43.07,43.07,,853.0,43.13327677224736,460.0,5.142578424921625,3470.0,1.0,5.0,1.0,20.0,19.0,190.0,0.0,0.0,0.559999999999998,16.0,3.0,1.75,1.75,1.75,0.0,0.0,0.0,0.0,0.0,0.0,-0.0899999999999963,-0.0899999999999963,,-24.0,-0.1612645895984457,-5.0,-0.15084658542252605,-4.0,1.0,5.0,1.0,0.0,0.0,0.0,0.0,0.0,0.0,0.0,0.0,0.0,0.0,0.0,0.0
LINK_212169,generated_signal_7,14.0,10.0,0.0,0.0,0.0,0.0,37.36,37.36,,837.0,37.79167816091954,464.0,6.658287913989178,3473.0,0.0,0.0,0.0,20.0,20.0,200.0,0.0,0.0,0.0850000000000001,20.0,0.0,2.0,2.0,2.0,0.0,10.0,0.0,0.0,0.0,0.0,38.21,38.21,,856.0,38.336047535211264,471.0,6.764578261533486,3472.0,1.0,5.0,1.0,20.0,20.0,200.0,0.0,0.0,0.0850000000000001,20.0,0.0,2.0,2.0,2.0,0.0,0.0,0.0,0.0,0.0,0.0,0.8500000000000014,0.8500000000000014,,19.0,0.5443693742917262,7.0,0.10629034754430755,-1.0,1.0,5.0,1.0,0.0,0.0,0.0,0.0,0.0,0.0,0.0,0.0,0.0,0.0,0.0,0.0
LINK_212169,generated_signal_7,15.0,10.0,0.0,0.0,0.0,0.0,34.35,34.35,,872.0,34.73015597920278,528.0,6.405086915682889,3469.0,0.0,0.0,0.0,20.0,14.0,140.0,0.0,0.0,1.704999999999999,12.0,2.0,1.3,1.3,1.3,0.0,10.0,0.0,0.0,0.0,0.0,34.83,34.83,,872.0,35.136283891547045,527.0,6.598110298168581,3469.0,1.0,5.0,1.0,20.0,14.0,140.0,0.0,0.0,1.704999999999999,12.0,2.0,1.3,1.3,1.3,0.0,0.0,0.0,0.0,0.0,0.0,0.4799999999999969,0.4799999999999969,,0.0,0.40612791234426737,-1.0,0.19302338248569129,0.0,1.0,5.0,1.0,0.0,0.0,0.0,0.0,0.0,0.0,0.0,0.0,0.0,0.0,0.0,0.0
LINK_212169,generated_signal_7,16.0,10.0,0.0,0.0,0.0,0.0,47.76,47.76,,842.0,48.26306161745829,526.0,4.738551306271441,3467.0,0.0,0.0,0.0,20.0,18.0,180.0,0.0,0.0,0.5800000000000004,17.0,1.0,1.75,1.75,1.75,0.0,10.0,0.0,0.0,0.0,0.0,39.99,39.99,,841.0,40.06363636363636,536.0,5.5311058722977275,3465.0,1.0,5.0,1.0,20.0,18.0,180.0,0.0,0.0,0.5800000000000004,17.0,1.0,1.75,1.75,1.75,0.0,0.0,0.0,0.0,0.0,0.0,-7.769999999999996,-7.769999999999996,,-1.0,-8.199425253821929,10.0,0.7925545660262863,-2.0,1.0,5.0,1.0,0.0,0.0,0.0,0.0,0.0,0.0,0.0,0.0,0.0,0.0,0.0,0.0
LINK_212169,generated_signal_7,17.0,10.0,0.0,0.0,0.0,0.0,45.41,45.41,,823.0,46.10033676333021,466.0,4.520852905435726,3462.0,0.0,0.0,0.0,20.0,17.0,170.0,0.0,0.0,0.914999999999997,16.0,1.0,1.65,1.65,1.65,0.0,10.0,0.0,0.0,0.0,0.0,41.08,41.08,,846.0,41.51264681208053,472.0,5.737149865235148,3463.0,1.0,5.0,1.0,20.0,17.0,170.0,0.0,0.0,0.914999999999997,16.0,1.0,1.65,1.65,1.65,0.0,0.0,0.0,0.0,0.0,0.0,-4.329999999999998,-4.329999999999998,,23.0,-4.587689951249679,6.0,1.216296959799422,1.0,1.0,5.0,1.0,0.0,0.0,0.0,0.0,0.0,0.0,0.0,0.0,0.0,0.0,0.0,0.0
LINK_212169,generated_signal_7,18.0,10.0,0.0,0.0,0.0,0.0,39.92,39.92,,856.0,40.24772106700273,463.0,5.977468302039001,3466.0,0.0,0.0,0.0,20.0,9.0,90.0,0.0,0.0,5.989999999999994,7.0,2.0,0.8,0.8,0.8,0.0,10.0,0.0,0.0,0.0,0.0,41.35,41.35,,858.0,41.92129570237332,454.0,5.710531661031652,3467.0,1.0,5.0,1.0,20.0,9.0,90.0,0.0,0.0,5.989999999999994,7.0,2.0,0.8,0.8,0.8,0.0,0.0,0.0,0.0,0.0,0.0,1.4299999999999997,1.4299999999999997,,2.0,1.673574635370592,-9.0,-0.2669366410073488,1.0,1.0,5.0,1.0,0.0,0.0,0.0,0.0,0.0,0.0,0.0,0.0,0.0,0.0,0.0,0.0
LINK_212169,generated_signal_7,19.0,10.0,0.0,0.0,0.0,0.0,35.15,35.15,,851.0,35.55239641015849,502.0,5.780705174286695,3467.0,0.0,0.0,0.0,20.0,18.0,180.0,0.0,0.0,0.7899999999999991,15.0,3.0,1.65,1.65,1.65,0.0,10.0,0.0,0.0,0.0,0.0,36.98,36.98,,831.0,37.15546970313135,475.0,5.593124014698764,3466.0,1.0,5.0,1.0,20.0,18.0,180.0,0.0,0.0,0.7899999999999991,15.0,3.0,1.65,1.65,1.65,0.0,0.0,0.0,0.0,0.0,0.0,1.8299999999999983,1.8299999999999983,,-20.0,1.6030732929728657,-27.0,-0.1875811595879302,-1.0,1.0,5.0,1.0,0.0,0.0,0.0,0.0,0.0,0.0,0.0,0.0,0.0,0.0,0.0,0.0
LINK_212169,generated_signal_7,20.0,10.0,0.0,0.0,0.0,0.0,39.89,39.89,,854.0,40.044904973716136,480.0,5.431105205245615,3465.0,0.0,0.0,0.0,20.0,20.0,200.0,0.0,0.0,0.0,20.0,0.0,2.0,2.0,2.0,0.0,10.0,0.0,0.0,0.0,0.0,39.36,39.36,,854.0,39.63708094848732,475.0,5.593186464433669,3464.0,1.0,5.0,1.0,20.0,20.0,200.0,0.0,0.0,0.0,20.0,0.0,2.0,2.0,2.0,0.0,0.0,0.0,0.0,0.0,0.0,-0.5300000000000011,-0.5300000000000011,,0.0,-0.40782402522881256,-5.0,0.16208125918805383,-1.0,1.0,5.0,1.0,0.0,0.0,0.0,0.0,0.0,0.0,0.0,0.0,0.0,0.0,0.0,0.0
LINK_212169,generated_signal_7,21.0,10.0,0.0,0.0,0.0,0.0,47.98,47.98,,831.0,48.52365468284864,350.0,4.264142424658845,3464.0,0.0,0.0,0.0,20.0,10.0,100.0,0.0,0.0,4.6249999999999964,10.0,0.0,1.0,1.0,1.0,0.0,10.0,0.0,0.0,0.0,0.0,48.8,48.8,,829.0,49.071154723870386,350.0,4.282953785224257,3464.0,1.0,5.0,1.0,20.0,10.0,100.0,0.0,0.0,4.6249999999999964,10.0,0.0,1.0,1.0,1.0,0.0,0.0,0.0,0.0,0.0,0.0,0.8200000000000003,0.8200000000000003,,-2.0,0.547500041021749,0.0,0.01881136056541255,0.0,1.0,5.0,1.0,0.0,0.0,0.0,0.0,0.0,0.0,0.0,0.0,0.0,0.0,0.0,0.0
LINK_212169,generated_signal_7,22.0,10.0,0.0,0.0,0.0,0.0,44.47,44.47,,830.0,44.7257790368272,405.0,4.3222098525342485,3468.0,0.0,0.0,0.0,20.0,20.0,200.0,0.0,0.0,0.0199999999999995,20.0,0.0,2.0,2.0,2.0,0.0,10.0,0.0,0.0,0.0,0.0,44.38,44.38,,839.0,44.527960927960926,402.0,4.425872498117093,3470.0,1.0,5.0,1.0,20.0,20.0,200.0,0.0,0.0,0.0199999999999995,20.0,0.0,2.0,2.0,2.0,0.0,0.0,0.0,0.0,0.0,0.0,-0.0899999999999963,-0.0899999999999963,,9.0,-0.19781810886627227,-3.0,0.10366264558284488,2.0,1.0,5.0,1.0,0.0,0.0,0.0,0.0,0.0,0.0,0.0,0.0,0.0,0.0,0.0,0.0
LINK_212169,generated_signal_7,23.0,10.0,0.0,0.0,0.0,0.0,45.64,45.64,,902.0,46.44704803202135,496.0,4.6950865491582485,3471.0,0.0,0.0,0.0,20.0,20.0,200.0,0.0,0.0,0.2700000000000003,18.0,2.0,1.9,1.9,1.9,0.0,10.0,0.0,0.0,0.0,0.0,44.66,44.66,,893.0,45.03662474507138,519.0,5.27966387168476,3469.0,1.0,5.0,1.0,20.0,20.0,200.0,0.0,0.0,0.2700000000000003,18.0,2.0,1.9,1.9,1.9,0.0,0.0,0.0,0.0,0.0,0.0,-0.980000000000004,-0.980000000000004,,-9.0,-1.410423286949971,23.0,0.5845773225265116,-2.0,1.0,5.0,1.0,0.0,0.0,0.0,0.0,0.0,0.0,0.0,0.0,0.0,0.0,0.0,0.0
LINK_212169,generated_signal_7,24.0,10.0,0.0,0.0,0.0,0.0,43.26,43.26,,821.0,43.684831770546054,503.0,5.485899261995438,3464.0,0.0,0.0,0.0,20.0,20.0,200.0,0.0,0.0,0.0,20.0,0.0,2.0,2.0,2.0,0.0,10.0,0.0,0.0,0.0,0.0,43.19,43.19,,806.0,43.489754929058414,496.0,5.511165978617701,3466.0,1.0,5.0,1.0,20.0,20.0,200.0,0.0,0.0,0.0,20.0,0.0,2.0,2.0,2.0,0.0,0.0,0.0,0.0,0.0,0.0,-0.07000000000000028,-0.07000000000000028,,-15.0,-0.1950768414876407,-7.0,0.025266716622263097,2.0,1.0,5.0,1.0,0.0,0.0,0.0,0.0,0.0,0.0,0.0,0.0,0.0,0.0,0.0,0.0
LINK_212169,generated_signal_7,25.0,10.0,0.0,0.0,0.0,0.0,41.17,41.17,,836.0,41.712229350441056,450.0,4.811447419727709,3466.0,0.0,0.0,0.0,20.0,4.0,40.0,0.0,1.760000000000011,8.470000000000002,2.0,2.0,0.3,0.3,0.3,0.0,10.0,0.0,0.0,0.0,0.0,41.76,41.76,,853.0,42.22726209048362,446.0,4.690383585179091,3467.0,1.0,5.0,1.0,20.0,4.0,40.0,0.0,1.560000000000008,8.379999999999999,2.0,2.0,0.3,0.3,0.3,0.0,0.0,0.0,0.0,0.0,0.0,0.5899999999999963,0.5899999999999963,,17.0,0.5150327400425638,-4.0,-0.12106383454861813,1.0,1.0,5.0,1.0,0.0,0.0,0.0,0.0,-0.20000000000000284,-0.09000000000000341,0.0,0.0,0.0,0.0,0.0,0.0
LINK_212169,generated_signal_7,26.0,10.0,0.0,0.0,0.0,0.0,39.47,39.47,,856.0,39.70724611161939,487.0,5.302482655377351,3468.0,0.0,0.0,0.0,20.0,20.0,200.0,0.0,0.0,0.154999999999999,19.0,1.0,1.95,1.95,1.95,0.0,10.0,0.0,0.0,0.0,0.0,39.4,39.4,,875.0,39.564542360060514,472.0,5.451935326917781,3467.0,1.0,5.0,1.0,20.0,20.0,200.0,0.0,0.0,0.154999999999999,19.0,1.0,1.95,1.95,1.95,0.0,0.0,0.0,0.0,0.0,0.0,-0.07000000000000028,-0.07000000000000028,,19.0,-0.1427037515588765,-15.0,0.14945267154042963,-1.0,1.0,5.0,1.0,0.0,0.0,0.0,0.0,0.0,0.0,0.0,0.0,0.0,0.0,0.0,0.0
LINK_212169,generated_signal_7,27.0,10.0,0.0,0.0,0.0,0.0,38.67,38.67,,845.0,38.92200158856235,475.0,5.775657572091518,3467.0,0.0,0.0,0.0,20.0,20.0,200.0,0.0,0.0,0.0199999999999995,20.0,0.0,2.0,2.0,2.0,0.0,10.0,0.0,0.0,0.0,0.0,41.31,41.31,,842.0,41.45790498442367,478.0,5.7371319201070445,3466.0,1.0,5.0,1.0,20.0,20.0,200.0,0.0,0.0,0.0199999999999995,20.0,0.0,2.0,2.0,2.0,0.0,0.0,0.0,0.0,0.0,0.0,2.6400000000000006,2.6400000000000006,,-3.0,2.535903395861318,3.0,-0.03852565198447344,-1.0,1.0,5.0,1.0,0.0,0.0,0.0,0.0,0.0,0.0,0.0,0.0,0.0,0.0,0.0,0.0
LINK_212169,generated_signal_7,28.0,10.0,0.0,0.0,0.0,0.0,43.29,43.29,,755.0,43.85296812368772,454.0,5.030428938791018,3461.0,0.0,0.0,0.0,20.0,20.0,200.0,0.0,0.0,0.1950000000000002,19.0,1.0,1.95,1.95,1.95,0.0,10.0,0.0,0.0,0.0,0.0,42.96,42.96,,772.0,43.570883788180005,467.0,4.843742681263516,3463.0,1.0,5.0,1.0,20.0,20.0,200.0,0.0,0.0,0.1950000000000002,19.0,1.0,1.95,1.95,1.95,0.0,0.0,0.0,0.0,0.0,0.0,-0.3299999999999983,-0.3299999999999983,,17.0,-0.2820843355077116,13.0,-0.18668625752750234,2.0,1.0,5.0,1.0,0.0,0.0,0.0,0.0,0.0,0.0,0.0,0.0,0.0,0.0,0.0,0.0
LINK_212169,generated_signal_7,29.0,10.0,0.0,0.0,0.0,0.0,35.25,35.25,,823.0,35.4224155790346,523.0,7.003210152744412,3474.0,0.0,0.0,0.0,20.0,15.0,150.0,0.0,0.0,1.6999999999999993,12.0,3.0,1.35,1.35,1.35,0.0,10.0,0.0,0.0,0.0,0.0,36.44,36.44,,822.0,36.53794508794509,514.0,7.2072551458647744,3473.0,1.0,5.0,1.0,20.0,14.0,140.0,0.0,0.0,1.7299999999999975,12.0,2.0,1.3,1.3,1.3,0.0,0.0,0.0,0.0,0.0,0.0,1.1899999999999977,1.1899999999999977,,-1.0,1.115529508910491,-9.0,0.2040449931203625,-1.0,1.0,5.0,1.0,0.0,-1.0,-10.0,0.0,0.0,0.02999999999999825,0.0,-1.0,-0.050000000000000044,-0.050000000000000044,-0.050000000000000044,0.0
LINK_212169,generated_signal_7,30.0,10.0,0.0,0.0,0.0,0.0,47.16,47.16,,820.0,47.78647671391379,575.0,4.442751700083645,3464.0,0.0,0.0,0.0,20.0,20.0,200.0,0.0,0.0,0.0,20.0,0.0,2.0,2.0,2.0,0.0,10.0,0.0,0.0,0.0,0.0,52.66,52.66,,834.0,53.07793464052288,560.0,3.689169748504282,3471.0,1.0,5.0,1.0,20.0,20.0,200.0,0.0,0.0,0.0,20.0,0.0,2.0,2.0,2.0,0.0,0.0,0.0,0.0,0.0,0.0,5.5,5.5,,14.0,5.291457926609084,-15.0,-0.7535819515793629,7.0,1.0,5.0,1.0,0.0,0.0,0.0,0.0,0.0,0.0,0.0,0.0,0.0,0.0,0.0,0.0
NODE_10273,generated_signal_7,1.0,5.0,0.0,0.0,0.0,0.0,28.95,28.95,,872.0,29.320474332032425,434.0,6.6500352678095505,3465.0,0.0,0.0,0.0,10.0,10.0,200.0,0.0,0.0,0.0,10.0,0.0,2.0,2.0,2.0,0.0,5.0,0.0,0.0,0.0,0.0,29.34,29.34,,832.0,29.761028337715455,428.0,6.358602265626432,3468.0,1.0,5.0,1.0,10.0,10.0,200.0,0.0,0.0,0.0,10.0,0.0,2.0,2.0,2.0,0.0,0.0,0.0,0.0,0.0,0.0,0.39000000000000057,0.39000000000000057,,-40.0,0.4405540056830297,-6.0,-0.2914330021831182,3.0,1.0,5.0,1.0,0.0,0.0,0.0,0.0,0.0,0.0,0.0,0.0,0.0,0.0,0.0,0.0
NODE_10273,generated_signal_7,2.0,5.0,0.0,0.0,0.0,0.0,22.29,22.29,,785.0,22.688512110726645,442.0,8.029117984670624,3460.0,0.0,0.0,0.0,10.0,10.0,200.0,0.0,0.0,0.0,10.0,0.0,2.0,2.0,2.0,0.0,5.0,0.0,0.0,0.0,0.0,21.74,21.74,,799.0,22.02963855421687,448.0,8.051763215406902,3459.0,1.0,5.0,1.0,10.0,10.0,200.0,0.0,0.0,0.0,10.0,0.0,2.0,2.0,2.0,0.0,0.0,0.0,0.0,0.0,0.0,-0.5500000000000007,-0.5500000000000007,,14.0,-0.658873556509775,6.0,0.022645230736278776,-1.0,1.0,5.0,1.0,0.0,0.0,0.0,0.0,0.0,0.0,0.0,0.0,0.0,0.0,0.0,0.0
NODE_10273,generated_signal_7,3.0,5.0,0.0,0.0,0.0,0.0,26.4,26.4,,931.0,26.4916180534234,458.0,7.3635434064734895,3466.0,0.0,0.0,0.0,10.0,10.0,200.0,0.0,0.0,0.0,10.0,0.0,2.0,2.0,2.0,0.0,5.0,0.0,0.0,0.0,0.0,25.12,25.12,,925.0,25.45081443628234,463.0,7.60648848090253,3468.0,1.0,5.0,1.0,10.0,10.0,200.0,0.0,0.0,0.0,10.0,0.0,2.0,2.0,2.0,0.0,0.0,0.0,0.0,0.0,0.0,-1.2799999999999976,-1.2799999999999976,,-6.0,-1.0408036171410622,5.0,0.24294507442904045,2.0,1.0,5.0,1.0,0.0,0.0,0.0,0.0,0.0,0.0,0.0,0.0,0.0,0.0,0.0,0.0
NODE_10273,generated_signal_7,4.0,5.0,0.0,0.0,0.0,0.0,28.12,28.12,,874.0,28.103751763046542,466.0,6.824366130730496,3469.0,0.0,0.0,0.0,10.0,10.0,200.0,0.0,0.0,0.0,10.0,0.0,2.0,2.0,2.0,0.0,5.0,0.0,0.0,0.0,0.0,30.28,30.28,,902.0,30.541276710846635,469.0,6.330545791759377,3472.0,1.0,5.0,1.0,10.0,10.0,200.0,0.0,0.0,0.0,10.0,0.0,2.0,2.0,2.0,0.0,0.0,0.0,0.0,0.0,0.0,2.16,2.16,,28.0,2.4375249478000924,3.0,-0.4938203389711191,3.0,1.0,5.0,1.0,0.0,0.0,0.0,0.0,0.0,0.0,0.0,0.0,0.0,0.0,0.0,0.0
NODE_10273,generated_signal_7,5.0,5.0,0.0,0.0,0.0,0.0,24.27,24.27,,887.0,24.523795089421036,489.0,7.450469081353569,3466.0,0.0,0.0,0.0,10.0,10.0,200.0,0.0,0.0,0.0,10.0,0.0,2.0,2.0,2.0,0.0,5.0,0.0,0.0,0.0,0.0,23.59,23.59,,888.0,23.849923100584437,487.0,7.469411116999233,3465.0,1.0,5.0,1.0,10.0,10.0,200.0,0.0,0.0,0.0,10.0,0.0,2.0,2.0,2.0,0.0,0.0,0.0,0.0,0.0,0.0,-0.6799999999999997,-0.6799999999999997,,1.0,-0.6738719888365985,-2.0,0.018942035645664212,-1.0,1.0,5.0,1.0,0.0,0.0,0.0,0.0,0.0,0.0,0.0,0.0,0.0,0.0,0.0,0.0
NODE_10273,generated_signal_7,6.0,5.0,0.0,0.0,0.0,0.0,25.15,25.15,,883.0,25.479354237814345,471.0,6.996442746858328,3470.0,0.0,0.0,0.0,10.0,10.0,200.0,0.0,0.0,0.0,10.0,0.0,2.0,2.0,2.0,0.0,5.0,0.0,0.0,0.0,0.0,24.98,24.98,,881.0,25.234425196850395,469.0,7.154278110212559,3470.0,1.0,5.0,1.0,10.0,10.0,200.0,0.0,0.0,0.0,10.0,0.0,2.0,2.0,2.0,0.0,0.0,0.0,0.0,0.0,0.0,-0.16999999999999815,-0.16999999999999815,,-2.0,-0.24492904096394952,-2.0,0.15783536335423065,0.0,1.0,5.0,1.0,0.0,0.0,0.0,0.0,0.0,0.0,0.0,0.0,0.0,0.0,0.0,0.0
NODE_10273,generated_signal_7,7.0,5.0,0.0,0.0,0.0,0.0,25.97,25.97,,862.0,26.179562737642584,445.0,7.063599652458557,3466.0,0.0,0.0,0.0,10.0,10.0,200.0,0.0,0.0,0.0,10.0,0.0,2.0,2.0,2.0,0.0,5.0,0.0,0.0,0.0,0.0,32.12,32.12,,863.0,32.911611940298506,441.0,5.739857199229137,3464.0,1.0,5.0,1.0,10.0,10.0,200.0,0.0,0.0,0.0,10.0,0.0,2.0,2.0,2.0,0.0,0.0,0.0,0.0,0.0,0.0,6.149999999999999,6.149999999999999,,1.0,6.732049202655922,-4.0,-1.3237424532294204,-2.0,1.0,5.0,1.0,0.0,0.0,0.0,0.0,0.0,0.0,0.0,0.0,0.0,0.0,0.0,0.0
NODE_10273,generated_signal_7,8.0,5.0,0.0,0.0,0.0,0.0,25.27,25.27,,856.0,25.55453709380748,456.0,7.155414801563775,3464.0,0.0,0.0,0.0,10.0,10.0,200.0,0.0,0.0,0.0,10.0,0.0,2.0,2.0,2.0,0.0,5.0,0.0,0.0,0.0,0.0,23.6,23.6,,842.0,23.93348073278585,460.0,7.633630183917518,3464.0,1.0,5.0,1.0,10.0,10.0,200.0,0.0,0.0,0.0,10.0,0.0,2.0,2.0,2.0,0.0,0.0,0.0,0.0,0.0,0.0,-1.6699999999999982,-1.6699999999999982,,-14.0,-1.6210563610216298,4.0,0.47821538235374295,0.0,1.0,5.0,1.0,0.0,0.0,0.0,0.0,0.0,0.0,0.0,0.0,0.0,0.0,0.0,0.0
NODE_10273,generated_signal_7,9.0,5.0,0.0,0.0,0.0,0.0,26.69,26.69,,962.0,26.809155136885487,500.0,7.297177229546428,3471.0,0.0,0.0,0.0,10.0,10.0,200.0,0.0,0.0,0.0,10.0,0.0,2.0,2.0,2.0,0.0,5.0,0.0,0.0,0.0,0.0,28.39,28.39,,930.0,28.72220877458396,493.0,7.233938377984537,3467.0,1.0,5.0,1.0,10.0,10.0,200.0,0.0,0.0,0.0,10.0,0.0,2.0,2.0,2.0,0.0,0.0,0.0,0.0,0.0,0.0,1.6999999999999993,1.6999999999999993,,-32.0,1.913053637698475,-7.0,-0.06323885156189046,-4.0,1.0,5.0,1.0,0.0,0.0,0.0,0.0,0.0,0.0,0.0,0.0,0.0,0.0,0.0,0.0
NODE_10273,generated_signal_7,10.0,5.0,0.0,0.0,0.0,0.0,56.62,56.62,,778.0,57.293477414330226,446.0,3.367741325638415,3464.0,0.0,0.0,0.0,10.0,6.0,120.0,0.0,0.0,3.4499999999999957,5.0,1.0,1.1,1.1,1.1,0.0,5.0,0.0,0.0,0.0,0.0,29.9,29.9,,837.0,30.08305439330544,487.0,6.430328614543477,3463.0,1.0,5.0,1.0,10.0,6.0,120.0,0.0,0.0,3.4499999999999957,5.0,1.0,1.1,1.1,1.1,0.0,0.0,0.0,0.0,0.0,0.0,-26.72,-26.72,,59.0,-27.210423021024788,41.0,3.062587288905062,-1.0,1.0,5.0,1.0,0.0,0.0,0.0,0.0,0.0,0.0,0.0,0.0,0.0,0.0,0.0,0.0
NODE_10273,generated_signal_7,11.0,5.0,0.0,0.0,0.0,0.0,25.81,25.81,,854.0,26.10945648759032,455.0,7.442676193301553,3470.0,0.0,0.0,0.0,10.0,10.0,200.0,0.0,0.0,0.0,10.0,0.0,2.0,2.0,2.0,0.0,5.0,0.0,0.0,0.0,0.0,26.19,26.19,,808.0,26.537458092045107,458.0,7.346258624011272,3467.0,1.0,5.0,1.0,10.0,10.0,200.0,0.0,0.0,0.0,10.0,0.0,2.0,2.0,2.0,0.0,0.0,0.0,0.0,0.0,0.0,0.38000000000000256,0.38000000000000256,,-46.0,0.42800160445478497,3.0,-0.09641756929028134,-3.0,1.0,5.0,1.0,0.0,0.0,0.0,0.0,0.0,0.0,0.0,0.0,0.0,0.0,0.0,0.0
NODE_10273,generated_signal_7,12.0,5.0,0.0,0.0,0.0,0.0,24.96,24.96,,785.0,25.313143712574853,489.0,7.062857387957568,3470.0,0.0,0.0,0.0,10.0,10.0,200.0,0.0,0.0,0.0,10.0,0.0,2.0,2.0,2.0,0.0,5.0,0.0,0.0,0.0,0.0,24.42,24.42,,785.0,24.76330191547583,475.0,7.136640709340882,3469.0,1.0,5.0,1.0,10.0,10.0,200.0,0.0,0.0,0.0,10.0,0.0,2.0,2.0,2.0,0.0,0.0,0.0,0.0,0.0,0.0,-0.5399999999999991,-0.5399999999999991,,0.0,-0.5498417970990239,-14.0,0.07378332138331434,-1.0,1.0,5.0,1.0,0.0,0.0,0.0,0.0,0.0,0.0,0.0,0.0,0.0,0.0,0.0,0.0
NODE_10273,generated_signal_7,13.0,5.0,0.0,0.0,0.0,0.0,23.39,23.39,,877.0,23.311802232854863,472.0,7.721910103764233,3474.0,0.0,0.0,0.0,10.0,10.0,200.0,0.0,0.0,0.0,10.0,0.0,2.0,2.0,2.0,0.0,5.0,0.0,0.0,0.0,0.0,22.13,22.13,,853.0,22.141095008051533,472.0,7.891569436917493,3470.0,1.0,5.0,1.0,10.0,10.0,200.0,0.0,0.0,0.0,10.0,0.0,2.0,2.0,2.0,0.0,0.0,0.0,0.0,0.0,0.0,-1.2600000000000016,-1.2600000000000016,,-24.0,-1.17070722480333,0.0,0.16965933315325987,-4.0,1.0,5.0,1.0,0.0,0.0,0.0,0.0,0.0,0.0,0.0,0.0,0.0,0.0,0.0,0.0
NODE_10273,generated_signal_7,14.0,5.0,0.0,0.0,0.0,0.0,24.36,24.36,,837.0,24.364315042926464,428.0,8.042540974347874,3473.0,0.0,0.0,0.0,10.0,10.0,200.0,0.0,0.0,0.0,10.0,0.0,2.0,2.0,2.0,0.0,5.0,0.0,0.0,0.0,0.0,22.39,22.39,,856.0,22.50721689059501,430.0,8.483262501848948,3472.0,1.0,5.0,1.0,10.0,10.0,200.0,0.0,0.0,0.0,10.0,0.0,2.0,2.0,2.0,0.0,0.0,0.0,0.0,0.0,0.0,-1.9699999999999989,-1.9699999999999989,,19.0,-1.857098152331453,2.0,0.44072152750107385,-1.0,1.0,5.0,1.0,0.0,0.0,0.0,0.0,0.0,0.0,0.0,0.0,0.0,0.0,0.0,0.0
NODE_10273,generated_signal_7,15.0,5.0,0.0,0.0,0.0,0.0,26.82,26.82,,872.0,27.165841735410936,459.0,7.171935264612387,3469.0,0.0,0.0,0.0,10.0,10.0,200.0,0.0,0.0,0.0,10.0,0.0,2.0,2.0,2.0,0.0,5.0,0.0,0.0,0.0,0.0,27.21,27.21,,872.0,27.647596153846155,442.0,7.03165205164938,3469.0,1.0,5.0,1.0,10.0,10.0,200.0,0.0,0.0,0.0,10.0,0.0,2.0,2.0,2.0,0.0,0.0,0.0,0.0,0.0,0.0,0.39000000000000057,0.39000000000000057,,0.0,0.4817544184352194,-17.0,-0.1402832129630065,0.0,1.0,5.0,1.0,0.0,0.0,0.0,0.0,0.0,0.0,0.0,0.0,0.0,0.0,0.0,0.0
NODE_10273,generated_signal_7,16.0,5.0,0.0,0.0,0.0,0.0,26.74,26.74,,842.0,26.921579731743662,467.0,6.806859254180295,3467.0,0.0,0.0,0.0,10.0,10.0,200.0,0.0,0.0,0.0,10.0,0.0,2.0,2.0,2.0,0.0,5.0,0.0,0.0,0.0,0.0,26.58,26.58,,841.0,26.77044043748152,463.0,6.789884053543136,3465.0,1.0,5.0,1.0,10.0,10.0,200.0,0.0,0.0,0.0,10.0,0.0,2.0,2.0,2.0,0.0,0.0,0.0,0.0,0.0,0.0,-0.16000000000000014,-0.16000000000000014,,-1.0,-0.15113929426214412,-4.0,-0.01697520063715885,-2.0,1.0,5.0,1.0,0.0,0.0,0.0,0.0,0.0,0.0,0.0,0.0,0.0,0.0,0.0,0.0
NODE_10273,generated_signal_7,17.0,5.0,0.0,0.0,0.0,0.0,25.9,25.9,,823.0,26.4805387409201,471.0,7.082942227695905,3462.0,0.0,0.0,0.0,10.0,10.0,200.0,0.0,0.0,0.0,10.0,0.0,2.0,2.0,2.0,0.0,5.0,0.0,0.0,0.0,0.0,24.83,24.83,,846.0,25.105283698589016,474.0,7.313687324433866,3463.0,1.0,5.0,1.0,10.0,10.0,200.0,0.0,0.0,0.0,10.0,0.0,2.0,2.0,2.0,0.0,0.0,0.0,0.0,0.0,0.0,-1.0700000000000003,-1.0700000000000003,,23.0,-1.3752550423310836,3.0,0.2307450967379614,1.0,1.0,5.0,1.0,0.0,0.0,0.0,0.0,0.0,0.0,0.0,0.0,0.0,0.0,0.0,0.0
NODE_10273,generated_signal_7,18.0,5.0,0.0,0.0,0.0,0.0,25.92,25.92,,856.0,26.207341923883725,463.0,7.199166971771367,3466.0,0.0,0.0,0.0,10.0,10.0,200.0,0.0,0.0,0.0,10.0,0.0,2.0,2.0,2.0,0.0,5.0,0.0,0.0,0.0,0.0,26.59,26.59,,858.0,27.009523809523813,476.0,7.015039568276106,3467.0,1.0,5.0,1.0,10.0,10.0,200.0,0.0,0.0,0.0,10.0,0.0,2.0,2.0,2.0,0.0,0.0,0.0,0.0,0.0,0.0,0.6699999999999982,0.6699999999999982,,2.0,0.8021818856400884,13.0,-0.18412740349526135,1.0,1.0,5.0,1.0,0.0,0.0,0.0,0.0,0.0,0.0,0.0,0.0,0.0,0.0,0.0,0.0
NODE_10273,generated_signal_7,19.0,5.0,0.0,0.0,0.0,0.0,26.3,26.3,,851.0,26.63411107459744,440.0,7.0515309536792845,3467.0,0.0,0.0,0.0,10.0,10.0,200.0,0.0,0.0,0.0,10.0,0.0,2.0,2.0,2.0,0.0,5.0,0.0,0.0,0.0,0.0,24.93,24.93,,831.0,25.327619047619045,443.0,7.17671098320001,3466.0,1.0,5.0,1.0,10.0,10.0,200.0,0.0,0.0,0.0,10.0,0.0,2.0,2.0,2.0,0.0,0.0,0.0,0.0,0.0,0.0,-1.370000000000001,-1.370000000000001,,-20.0,-1.3064920269783933,3.0,0.1251800295207257,-1.0,1.0,5.0,1.0,0.0,0.0,0.0,0.0,0.0,0.0,0.0,0.0,0.0,0.0,0.0,0.0
NODE_10273,generated_signal_7,20.0,5.0,0.0,0.0,0.0,0.0,20.34,20.34,,854.0,20.48247338247338,444.0,8.988612810372826,3465.0,0.0,0.0,0.0,10.0,9.0,180.0,0.0,0.0,0.5799999999999983,8.0,1.0,1.7,1.7,1.7,0.0,5.0,0.0,0.0,0.0,0.0,19.87,19.87,,854.0,20.253476151980596,445.0,9.055340293474403,3464.0,1.0,5.0,1.0,10.0,9.0,180.0,0.0,0.0,0.5799999999999983,8.0,1.0,1.7,1.7,1.7,0.0,0.0,0.0,0.0,0.0,0.0,-0.46999999999999886,-0.46999999999999886,,0.0,-0.22899723049278364,1.0,0.06672748310157672,-1.0,1.0,5.0,1.0,0.0,0.0,0.0,0.0,0.0,0.0,0.0,0.0,0.0,0.0,0.0,0.0
NODE_10273,generated_signal_7,21.0,5.0,0.0,0.0,0.0,0.0,30.39,30.39,,831.0,30.847676656585097,472.0,6.0428116468577455,3464.0,0.0,0.0,0.0,10.0,10.0,200.0,0.0,0.0,0.0,10.0,0.0,2.0,2.0,2.0,0.0,5.0,0.0,0.0,0.0,0.0,26.78,26.78,,829.0,27.10784027980181,469.0,7.051415131149749,3464.0,1.0,5.0,1.0,10.0,10.0,200.0,0.0,0.0,0.0,10.0,0.0,2.0,2.0,2.0,0.0,0.0,0.0,0.0,0.0,0.0,-3.6099999999999994,-3.6099999999999994,,-2.0,-3.7398363767832876,-3.0,1.0086034842920037,0.0,1.0,5.0,1.0,0.0,0.0,0.0,0.0,0.0,0.0,0.0,0.0,0.0,0.0,0.0,0.0
NODE_10273,generated_signal_7,22.0,5.0,0.0,0.0,0.0,0.0,29.16,29.16,,830.0,29.241127129750986,480.0,6.348787709509114,3468.0,0.0,0.0,0.0,10.0,10.0,200.0,0.0,0.0,0.0,10.0,0.0,2.0,2.0,2.0,0.0,5.0,0.0,0.0,0.0,0.0,28.58,28.58,,839.0,28.847698744769875,480.0,6.309196008795416,3470.0,1.0,5.0,1.0,10.0,10.0,200.0,0.0,0.0,0.0,10.0,0.0,2.0,2.0,2.0,0.0,0.0,0.0,0.0,0.0,0.0,-0.5800000000000018,-0.5800000000000018,,9.0,-0.3934283849811102,0.0,-0.03959170071369833,2.0,1.0,5.0,1.0,0.0,0.0,0.0,0.0,0.0,0.0,0.0,0.0,0.0,0.0,0.0,0.0
NODE_10273,generated_signal_7,23.0,5.0,0.0,0.0,0.0,0.0,24.4,24.4,,902.0,24.6036717752235,448.0,7.723096143408262,3471.0,0.0,0.0,0.0,10.0,10.0,200.0,0.0,0.0,0.0,10.0,0.0,2.0,2.0,2.0,0.0,5.0,0.0,0.0,0.0,0.0,25.14,25.14,,893.0,25.435418671799813,450.0,7.687032217152861,3469.0,1.0,5.0,1.0,10.0,10.0,200.0,0.0,0.0,0.0,10.0,0.0,2.0,2.0,2.0,0.0,0.0,0.0,0.0,0.0,0.0,0.740000000000002,0.740000000000002,,-9.0,0.8317468965763126,2.0,-0.03606392625540078,-2.0,1.0,5.0,1.0,0.0,0.0,0.0,0.0,0.0,0.0,0.0,0.0,0.0,0.0,0.0,0.0
NODE_10273,generated_signal_7,24.0,5.0,0.0,0.0,0.0,0.0,27.02,27.02,,821.0,27.18699538638985,432.0,6.576515096945114,3464.0,0.0,0.0,0.0,10.0,10.0,200.0,0.0,0.0,0.0,10.0,0.0,2.0,2.0,2.0,0.0,5.0,0.0,0.0,0.0,0.0,29.41,29.41,,806.0,29.619359255202628,435.0,6.314989459134483,3466.0,1.0,5.0,1.0,10.0,10.0,200.0,0.0,0.0,0.0,10.0,0.0,2.0,2.0,2.0,0.0,0.0,0.0,0.0,0.0,0.0,2.3900000000000006,2.3900000000000006,,-15.0,2.4323638688127787,3.0,-0.26152563781063076,2.0,1.0,5.0,1.0,0.0,0.0,0.0,0.0,0.0,0.0,0.0,0.0,0.0,0.0,0.0,0.0
NODE_10273,generated_signal_7,25.0,5.0,0.0,0.0,0.0,0.0,26.42,26.42,,836.0,26.62078456184751,459.0,7.451611730975574,3466.0,0.0,0.0,0.0,10.0,10.0,200.0,0.0,0.0,0.0,10.0,0.0,2.0,2.0,2.0,0.0,5.0,0.0,0.0,0.0,0.0,25.02,25.02,,853.0,25.39247830279653,466.0,7.533587411850577,3467.0,1.0,5.0,1.0,10.0,10.0,200.0,0.0,0.0,0.0,10.0,0.0,2.0,2.0,2.0,0.0,0.0,0.0,0.0,0.0,0.0,-1.4000000000000021,-1.4000000000000021,,17.0,-1.2283062590509815,7.0,0.08197568087500251,1.0,1.0,5.0,1.0,0.0,0.0,0.0,0.0,0.0,0.0,0.0,0.0,0.0,0.0,0.0,0.0
NODE_10273,generated_signal_7,26.0,5.0,0.0,0.0,0.0,0.0,37.44,37.44,,856.0,37.91268996960487,451.0,5.173470574781403,3468.0,0.0,0.0,0.0,10.0,10.0,200.0,0.0,0.0,0.0,10.0,0.0,2.0,2.0,2.0,0.0,5.0,0.0,0.0,0.0,0.0,24.2,24.2,,875.0,24.57573235685752,450.0,7.767485251362154,3467.0,1.0,5.0,1.0,10.0,10.0,200.0,0.0,0.0,0.0,10.0,0.0,2.0,2.0,2.0,0.0,0.0,0.0,0.0,0.0,0.0,-13.239999999999998,-13.239999999999998,,19.0,-13.336957612747348,-1.0,2.594014676580751,-1.0,1.0,5.0,1.0,0.0,0.0,0.0,0.0,0.0,0.0,0.0,0.0,0.0,0.0,0.0,0.0
NODE_10273,generated_signal_7,27.0,5.0,0.0,0.0,0.0,0.0,25.19,25.19,,845.0,25.45742542153048,451.0,7.526435750808747,3467.0,0.0,0.0,0.0,10.0,10.0,200.0,0.0,0.0,0.3799999999999983,9.0,1.0,1.9,1.9,1.9,0.0,5.0,0.0,0.0,0.0,0.0,25.49,25.49,,842.0,25.7219651240778,452.0,7.72188424033649,3466.0,1.0,5.0,1.0,10.0,10.0,200.0,0.0,0.0,0.3799999999999983,9.0,1.0,1.9,1.9,1.9,0.0,0.0,0.0,0.0,0.0,0.0,0.29999999999999716,0.29999999999999716,,-3.0,0.26453970254732084,1.0,0.19544848952774263,-1.0,1.0,5.0,1.0,0.0,0.0,0.0,0.0,0.0,0.0,0.0,0.0,0.0,0.0,0.0,0.0
NODE_10273,generated_signal_7,28.0,5.0,0.0,0.0,0.0,0.0,24.61,24.61,,755.0,24.791133173570692,447.0,7.640543957153533,3461.0,0.0,0.0,0.0,10.0,10.0,200.0,0.0,0.0,0.0,10.0,0.0,2.0,2.0,2.0,0.0,5.0,0.0,0.0,0.0,0.0,25.0,25.0,,772.0,25.30358208955224,451.0,7.376780326446676,3463.0,1.0,5.0,1.0,10.0,10.0,200.0,0.0,0.0,0.0,10.0,0.0,2.0,2.0,2.0,0.0,0.0,0.0,0.0,0.0,0.0,0.39000000000000057,0.39000000000000057,,17.0,0.5124489159815475,4.0,-0.2637636307068574,2.0,1.0,5.0,1.0,0.0,0.0,0.0,0.0,0.0,0.0,0.0,0.0,0.0,0.0,0.0,0.0
NODE_10273,generated_signal_7,29.0,5.0,0.0,0.0,0.0,0.0,22.84,22.84,,823.0,23.172502574665295,447.0,7.854664464512841,3474.0,0.0,0.0,0.0,10.0,10.0,200.0,0.0,0.0,0.0,10.0,0.0,2.0,2.0,2.0,0.0,5.0,0.0,0.0,0.0,0.0,23.41,23.41,,822.0,23.50097943192948,445.0,7.600437238446285,3473.0,1.0,5.0,1.0,10.0,10.0,200.0,0.0,0.0,0.0,10.0,0.0,2.0,2.0,2.0,0.0,0.0,0.0,0.0,0.0,0.0,0.5700000000000003,0.5700000000000003,,-1.0,0.3284768572641852,-2.0,-0.2542272260665559,-1.0,1.0,5.0,1.0,0.0,0.0,0.0,0.0,0.0,0.0,0.0,0.0,0.0,0.0,0.0,0.0
NODE_10273,generated_signal_7,30.0,5.0,0.0,0.0,0.0,0.0,60.2,60.2,,820.0,60.74217345872519,399.0,2.8358036852085453,3464.0,0.0,0.0,0.0,10.0,10.0,200.0,0.0,0.0,0.0,10.0,0.0,2.0,2.0,2.0,0.0,5.0,0.0,0.0,0.0,0.0,59.93,59.93,,834.0,60.395033860045146,413.0,2.9147156342510474,3471.0,1.0,5.0,1.0,10.0,10.0,200.0,0.0,0.0,0.0,10.0,0.0,2.0,2.0,2.0,0.0,0.0,0.0,0.0,0.0,0.0,-0.2700000000000031,-0.2700000000000031,,14.0,-0.3471395986800445,14.0,0.0789119490425021,7.0,1.0,5.0,1.0,0.0,0.0,0.0,0.0,0.0,0.0,0.0,0.0,0.0,0.0,0.0,0.0
NODE_6082,generated_signal_7,1.0,10.0,0.0,0.0,,,40.81,40.81,,872.0,41.424590163934425,502.0,5.190915314836891,3465.0,0.0,0.0,0.0,20.0,18.0,180.0,0.0,0.0,0.6549999999999997,16.0,2.0,1.7,1.7,1.7,0.0,10.0,0.0,0.0,,,40.86,40.86,,832.0,41.22935761456874,487.0,5.819696609454365,3468.0,1.0,5.0,1.0,20.0,18.0,180.0,0.0,0.0,0.6549999999999997,16.0,2.0,1.7,1.7,1.7,0.0,0.0,0.0,0.0,,,0.04999999999999716,0.04999999999999716,,-40.0,-0.19523254936568435,-15.0,0.6287812946174736,3.0,1.0,5.0,1.0,0.0,0.0,0.0,0.0,0.0,0.0,0.0,0.0,0.0,0.0,0.0,0.0
NODE_6082,generated_signal_7,2.0,10.0,0.0,0.0,,,49.52,49.52,,785.0,50.16165581076448,445.0,3.89714908392927,3460.0,0.0,0.0,0.0,20.0,20.0,200.0,0.0,0.0,0.3749999999999993,17.0,3.0,1.85,1.85,1.85,0.0,10.0,0.0,0.0,,,41.33,41.33,,799.0,41.89688648648649,444.0,5.658082729763408,3459.0,1.0,5.0,1.0,20.0,20.0,200.0,0.0,0.0,0.3749999999999993,17.0,3.0,1.85,1.85,1.85,0.0,0.0,0.0,0.0,,,-8.190000000000005,-8.190000000000005,,14.0,-8.264769324277992,-1.0,1.7609336458341383,-1.0,1.0,5.0,1.0,0.0,0.0,0.0,0.0,0.0,0.0,0.0,0.0,0.0,0.0,0.0,0.0
NODE_6082,generated_signal_7,3.0,10.0,0.0,0.0,,,41.65,41.65,,931.0,41.841573290647155,411.0,5.963938277379462,3466.0,0.0,0.0,0.0,20.0,20.0,200.0,0.0,0.0,0.054999999999999,20.0,0.0,2.0,2.0,2.0,0.0,10.0,0.0,0.0,,,41.86,41.86,,925.0,42.04248567650948,444.0,6.0514281462979795,3468.0,1.0,5.0,1.0,20.0,20.0,200.0,0.0,0.0,0.054999999999999,20.0,0.0,2.0,2.0,2.0,0.0,0.0,0.0,0.0,,,0.21000000000000085,0.21000000000000085,,-6.0,0.20091238586232407,33.0,0.08748986891851729,2.0,1.0,5.0,1.0,0.0,0.0,0.0,0.0,0.0,0.0,0.0,0.0,0.0,0.0,0.0,0.0
NODE_6082,generated_signal_7,4.0,10.0,0.0,0.0,,,39.13,39.13,,874.0,39.480392912172576,491.0,5.6606476127931815,3469.0,0.0,0.0,0.0,20.0,16.0,160.0,0.0,0.0,1.1650000000000005,15.0,1.0,1.55,1.55,1.55,0.0,10.0,0.0,0.0,,,41.9,41.9,,902.0,42.45504957767169,492.0,5.300232383485553,3472.0,1.0,5.0,1.0,20.0,16.0,160.0,0.0,0.0,1.1650000000000005,15.0,1.0,1.55,1.55,1.55,0.0,0.0,0.0,0.0,,,2.769999999999996,2.769999999999996,,28.0,2.9746566654991113,1.0,-0.3604152293076286,3.0,1.0,5.0,1.0,0.0,0.0,0.0,0.0,0.0,0.0,0.0,0.0,0.0,0.0,0.0,0.0
NODE_6082,generated_signal_7,5.0,10.0,0.0,0.0,,,37.98,37.98,,887.0,38.6952580195258,463.0,6.629430930656031,3466.0,0.0,0.0,0.0,20.0,20.0,200.0,0.0,0.0,0.2249999999999986,18.0,2.0,1.9,1.9,1.9,0.0,10.0,0.0,0.0,,,38.5,38.5,,888.0,38.92557056357708,455.0,6.626692373197221,3465.0,1.0,5.0,1.0,20.0,20.0,200.0,0.0,0.0,0.2249999999999986,18.0,2.0,1.9,1.9,1.9,0.0,0.0,0.0,0.0,,,0.5200000000000031,0.5200000000000031,,1.0,0.2303125440512801,-8.0,-0.0027385574588096873,-1.0,1.0,5.0,1.0,0.0,0.0,0.0,0.0,0.0,0.0,0.0,0.0,0.0,0.0,0.0,0.0
NODE_6082,generated_signal_7,6.0,10.0,0.0,0.0,,,38.72,38.72,,883.0,39.194043820463726,492.0,5.957835830450879,3470.0,0.0,0.0,0.0,20.0,16.0,160.0,0.0,0.0,0.809999999999998,15.0,1.0,1.55,1.55,1.55,0.0,10.0,0.0,0.0,,,38.7,38.7,,881.0,38.948390535067155,490.0,6.146678522547044,3470.0,1.0,5.0,1.0,20.0,16.0,160.0,0.0,0.0,0.809999999999998,15.0,1.0,1.55,1.55,1.55,0.0,0.0,0.0,0.0,,,-0.01999999999999602,-0.01999999999999602,,-2.0,-0.24565328539657116,-2.0,0.18884269209616544,0.0,1.0,5.0,1.0,0.0,0.0,0.0,0.0,0.0,0.0,0.0,0.0,0.0,0.0,0.0,0.0
NODE_6082,generated_signal_7,7.0,10.0,0.0,0.0,,,38.48,38.48,,862.0,38.68179271708683,473.0,6.234975129011579,3466.0,0.0,0.0,0.0,20.0,20.0,200.0,0.0,0.0,0.0,20.0,0.0,2.0,2.0,2.0,0.0,10.0,0.0,0.0,,,37.97,37.97,,863.0,38.29741418764302,476.0,6.642400423968983,3464.0,1.0,5.0,1.0,20.0,20.0,200.0,0.0,0.0,0.0,20.0,0.0,2.0,2.0,2.0,0.0,0.0,0.0,0.0,,,-0.509999999999998,-0.509999999999998,,1.0,-0.3843785294438078,3.0,0.4074252949574042,-2.0,1.0,5.0,1.0,0.0,0.0,0.0,0.0,0.0,0.0,0.0,0.0,0.0,0.0,0.0,0.0
NODE_6082,generated_signal_7,8.0,10.0,0.0,0.0,,,40.98,40.98,,856.0,41.165924276169264,499.0,5.754936703947305,3464.0,0.0,0.0,0.0,20.0,20.0,200.0,0.0,0.0,0.0449999999999995,20.0,0.0,2.0,2.0,2.0,0.0,10.0,0.0,0.0,,,40.8,40.8,,842.0,40.96541200406918,497.0,5.681403673768631,3464.0,1.0,5.0,1.0,20.0,20.0,200.0,0.0,0.0,0.0449999999999995,20.0,0.0,2.0,2.0,2.0,0.0,0.0,0.0,0.0,,,-0.17999999999999972,-0.17999999999999972,,-14.0,-0.2005122721000845,-2.0,-0.07353303017867407,0.0,1.0,5.0,1.0,0.0,0.0,0.0,0.0,0.0,0.0,0.0,0.0,0.0,0.0,0.0,0.0
NODE_6082,generated_signal_7,9.0,10.0,0.0,0.0,,,40.87,40.87,,962.0,41.068138234119054,490.0,5.89340324079992,3471.0,0.0,0.0,0.0,20.0,20.0,200.0,0.0,0.0,0.2699999999999988,19.0,1.0,1.95,1.95,1.95,0.0,10.0,0.0,0.0,,,48.0,48.0,,930.0,48.21073603619279,485.0,4.757829250066791,3467.0,1.0,5.0,1.0,20.0,20.0,200.0,0.0,0.0,0.2699999999999988,19.0,1.0,1.95,1.95,1.95,0.0,0.0,0.0,0.0,,,7.130000000000003,7.130000000000003,,-32.0,7.1425978020737375,-5.0,-1.1355739907331284,-4.0,1.0,5.0,1.0,0.0,0.0,0.0,0.0,0.0,0.0,0.0,0.0,0.0,0.0,0.0,0.0
NODE_6082,generated_signal_7,10.0,10.0,0.0,0.0,,,40.75,40.75,,778.0,41.01143203043929,508.0,5.223558620444174,3464.0,0.0,0.0,0.0,20.0,17.0,170.0,0.0,0.0,1.1499999999999964,13.0,4.0,1.5,1.5,1.5,0.0,10.0,0.0,0.0,,,42.39,42.39,,837.0,42.51181720813995,493.0,5.544507228858929,3463.0,1.0,5.0,1.0,20.0,17.0,170.0,0.0,0.0,1.0999999999999956,13.0,4.0,1.5,1.5,1.5,0.0,0.0,0.0,0.0,,,1.6400000000000006,1.6400000000000006,,59.0,1.5003851777006645,-15.0,0.3209486084147555,-1.0,1.0,5.0,1.0,0.0,0.0,0.0,0.0,0.0,-0.05000000000000071,0.0,0.0,0.0,0.0,0.0,0.0
NODE_6082,generated_signal_7,11.0,10.0,0.0,0.0,,,37.51,37.51,,854.0,37.92963048498845,471.0,6.5930287783218455,3470.0,0.0,0.0,0.0,20.0,20.0,200.0,0.0,0.0,0.0,20.0,0.0,2.0,2.0,2.0,0.0,10.0,0.0,0.0,,,47.03,47.03,,808.0,47.539874183401885,356.0,4.764655598832623,3467.0,1.0,5.0,1.0,20.0,20.0,200.0,0.0,0.0,0.0,20.0,0.0,2.0,2.0,2.0,0.0,0.0,0.0,0.0,,,9.520000000000003,9.520000000000003,,-46.0,9.610243698413434,-115.0,-1.8283731794892226,-3.0,1.0,5.0,1.0,0.0,0.0,0.0,0.0,0.0,0.0,0.0,0.0,0.0,0.0,0.0,0.0
NODE_6082,generated_signal_7,12.0,10.0,0.0,0.0,,,54.72,54.72,,785.0,55.35733568815441,532.0,3.1655441073906574,3470.0,0.0,0.0,0.0,20.0,12.0,120.0,0.0,0.0,2.9449999999999954,10.0,2.0,1.1,1.1,1.1,0.0,10.0,0.0,0.0,,,58.05,58.05,,785.0,58.58287720303769,463.0,3.226135692577786,3469.0,1.0,5.0,1.0,20.0,12.0,120.0,0.0,0.0,2.9349999999999943,10.0,2.0,1.1,1.1,1.1,0.0,0.0,0.0,0.0,,,3.3299999999999983,3.3299999999999983,,0.0,3.2255415148832824,-69.0,0.060591585187128594,-1.0,1.0,5.0,1.0,0.0,0.0,0.0,0.0,0.0,-0.010000000000001119,0.0,0.0,0.0,0.0,0.0,0.0
NODE_6082,generated_signal_7,13.0,10.0,0.0,0.0,,,43.16,43.16,,877.0,43.29454136184581,465.0,5.293425010344151,3474.0,0.0,0.0,0.0,20.0,19.0,190.0,0.0,0.0,0.559999999999998,16.0,3.0,1.75,1.75,1.75,0.0,10.0,0.0,0.0,,,43.07,43.07,,853.0,43.13327677224736,460.0,5.142578424921625,3470.0,1.0,5.0,1.0,20.0,19.0,190.0,0.0,0.0,0.559999999999998,16.0,3.0,1.75,1.75,1.75,0.0,0.0,0.0,0.0,,,-0.0899999999999963,-0.0899999999999963,,-24.0,-0.1612645895984457,-5.0,-0.15084658542252605,-4.0,1.0,5.0,1.0,0.0,0.0,0.0,0.0,0.0,0.0,0.0,0.0,0.0,0.0,0.0,0.0
NODE_6082,generated_signal_7,14.0,10.0,0.0,0.0,,,37.36,37.36,,837.0,37.79167816091954,464.0,6.658287913989178,3473.0,0.0,0.0,0.0,20.0,20.0,200.0,0.0,0.0,0.0850000000000001,20.0,0.0,2.0,2.0,2.0,0.0,10.0,0.0,0.0,,,38.21,38.21,,856.0,38.336047535211264,471.0,6.764578261533486,3472.0,1.0,5.0,1.0,20.0,20.0,200.0,0.0,0.0,0.0850000000000001,20.0,0.0,2.0,2.0,2.0,0.0,0.0,0.0,0.0,,,0.8500000000000014,0.8500000000000014,,19.0,0.5443693742917262,7.0,0.10629034754430755,-1.0,1.0,5.0,1.0,0.0,0.0,0.0,0.0,0.0,0.0,0.0,0.0,0.0,0.0,0.0,0.0
NODE_6082,generated_signal_7,15.0,10.0,0.0,0.0,,,34.35,34.35,,872.0,34.73015597920278,528.0,6.405086915682889,3469.0,0.0,0.0,0.0,20.0,14.0,140.0,0.0,0.0,1.704999999999999,12.0,2.0,1.3,1.3,1.3,0.0,10.0,0.0,0.0,,,34.83,34.83,,872.0,35.136283891547045,527.0,6.598110298168581,3469.0,1.0,5.0,1.0,20.0,14.0,140.0,0.0,0.0,1.704999999999999,12.0,2.0,1.3,1.3,1.3,0.0,0.0,0.0,0.0,,,0.4799999999999969,0.4799999999999969,,0.0,0.40612791234426737,-1.0,0.19302338248569129,0.0,1.0,5.0,1.0,0.0,0.0,0.0,0.0,0.0,0.0,0.0,0.0,0.0,0.0,0.0,0.0
NODE_6082,generated_signal_7,16.0,10.0,0.0,0.0,,,47.76,47.76,,842.0,48.26306161745829,526.0,4.738551306271441,3467.0,0.0,0.0,0.0,20.0,18.0,180.0,0.0,0.0,0.5800000000000004,17.0,1.0,1.75,1.75,1.75,0.0,10.0,0.0,0.0,,,39.99,39.99,,841.0,40.06363636363636,536.0,5.5311058722977275,3465.0,1.0,5.0,1.0,20.0,18.0,180.0,0.0,0.0,0.5800000000000004,17.0,1.0,1.75,1.75,1.75,0.0,0.0,0.0,0.0,,,-7.769999999999996,-7.769999999999996,,-1.0,-8.199425253821929,10.0,0.7925545660262863,-2.0,1.0,5.0,1.0,0.0,0.0,0.0,0.0,0.0,0.0,0.0,0.0,0.0,0.0,0.0,0.0
NODE_6082,generated_signal_7,17.0,10.0,0.0,0.0,,,45.41,45.41,,823.0,46.10033676333021,466.0,4.520852905435726,3462.0,0.0,0.0,0.0,20.0,17.0,170.0,0.0,0.0,0.914999999999997,16.0,1.0,1.65,1.65,1.65,0.0,10.0,0.0,0.0,,,41.08,41.08,,846.0,41.51264681208053,472.0,5.737149865235148,3463.0,1.0,5.0,1.0,20.0,17.0,170.0,0.0,0.0,0.914999999999997,16.0,1.0,1.65,1.65,1.65,0.0,0.0,0.0,0.0,,,-4.329999999999998,-4.329999999999998,,23.0,-4.587689951249679,6.0,1.216296959799422,1.0,1.0,5.0,1.0,0.0,0.0,0.0,0.0,0.0,0.0,0.0,0.0,0.0,0.0,0.0,0.0
NODE_6082,generated_signal_7,18.0,10.0,0.0,0.0,,,39.92,39.92,,856.0,40.24772106700273,463.0,5.977468302039001,3466.0,0.0,0.0,0.0,20.0,9.0,90.0,0.0,0.0,5.989999999999994,7.0,2.0,0.8,0.8,0.8,0.0,10.0,0.0,0.0,,,41.35,41.35,,858.0,41.92129570237332,454.0,5.710531661031652,3467.0,1.0,5.0,1.0,20.0,9.0,90.0,0.0,0.0,5.989999999999994,7.0,2.0,0.8,0.8,0.8,0.0,0.0,0.0,0.0,,,1.4299999999999997,1.4299999999999997,,2.0,1.673574635370592,-9.0,-0.2669366410073488,1.0,1.0,5.0,1.0,0.0,0.0,0.0,0.0,0.0,0.0,0.0,0.0,0.0,0.0,0.0,0.0
NODE_6082,generated_signal_7,19.0,10.0,0.0,0.0,,,35.15,35.15,,851.0,35.55239641015849,502.0,5.780705174286695,3467.0,0.0,0.0,0.0,20.0,18.0,180.0,0.0,0.0,0.7899999999999991,15.0,3.0,1.65,1.65,1.65,0.0,10.0,0.0,0.0,,,36.98,36.98,,831.0,37.15546970313135,475.0,5.593124014698764,3466.0,1.0,5.0,1.0,20.0,18.0,180.0,0.0,0.0,0.7899999999999991,15.0,3.0,1.65,1.65,1.65,0.0,0.0,0.0,0.0,,,1.8299999999999983,1.8299999999999983,,-20.0,1.6030732929728657,-27.0,-0.1875811595879302,-1.0,1.0,5.0,1.0,0.0,0.0,0.0,0.0,0.0,0.0,0.0,0.0,0.0,0.0,0.0,0.0
NODE_6082,generated_signal_7,20.0,10.0,0.0,0.0,,,39.89,39.89,,854.0,40.044904973716136,480.0,5.431105205245615,3465.0,0.0,0.0,0.0,20.0,20.0,200.0,0.0,0.0,0.0,20.0,0.0,2.0,2.0,2.0,0.0,10.0,0.0,0.0,,,39.36,39.36,,854.0,39.63708094848732,475.0,5.593186464433669,3464.0,1.0,5.0,1.0,20.0,20.0,200.0,0.0,0.0,0.0,20.0,0.0,2.0,2.0,2.0,0.0,0.0,0.0,0.0,,,-0.5300000000000011,-0.5300000000000011,,0.0,-0.40782402522881256,-5.0,0.16208125918805383,-1.0,1.0,5.0,1.0,0.0,0.0,0.0,0.0,0.0,0.0,0.0,0.0,0.0,0.0,0.0,0.0
NODE_6082,generated_signal_7,21.0,10.0,0.0,0.0,,,47.98,47.98,,831.0,48.52365468284864,350.0,4.264142424658845,3464.0,0.0,0.0,0.0,20.0,10.0,100.0,0.0,0.0,4.6249999999999964,10.0,0.0,1.0,1.0,1.0,0.0,10.0,0.0,0.0,,,48.8,48.8,,829.0,49.071154723870386,350.0,4.282953785224257,3464.0,1.0,5.0,1.0,20.0,10.0,100.0,0.0,0.0,4.6249999999999964,10.0,0.0,1.0,1.0,1.0,0.0,0.0,0.0,0.0,,,0.8200000000000003,0.8200000000000003,,-2.0,0.547500041021749,0.0,0.01881136056541255,0.0,1.0,5.0,1.0,0.0,0.0,0.0,0.0,0.0,0.0,0.0,0.0,0.0,0.0,0.0,0.0
NODE_6082,generated_signal_7,22.0,10.0,0.0,0.0,,,44.47,44.47,,830.0,44.7257790368272,405.0,4.3222098525342485,3468.0,0.0,0.0,0.0,20.0,20.0,200.0,0.0,0.0,0.0199999999999995,20.0,0.0,2.0,2.0,2.0,0.0,10.0,0.0,0.0,,,44.38,44.38,,839.0,44.527960927960926,402.0,4.425872498117093,3470.0,1.0,5.0,1.0,20.0,20.0,200.0,0.0,0.0,0.0199999999999995,20.0,0.0,2.0,2.0,2.0,0.0,0.0,0.0,0.0,,,-0.0899999999999963,-0.0899999999999963,,9.0,-0.19781810886627227,-3.0,0.10366264558284488,2.0,1.0,5.0,1.0,0.0,0.0,0.0,0.0,0.0,0.0,0.0,0.0,0.0,0.0,0.0,0.0
NODE_6082,generated_signal_7,23.0,10.0,0.0,0.0,,,45.64,45.64,,902.0,46.44704803202135,496.0,4.6950865491582485,3471.0,0.0,0.0,0.0,20.0,20.0,200.0,0.0,0.0,0.2700000000000003,18.0,2.0,1.9,1.9,1.9,0.0,10.0,0.0,0.0,,,44.66,44.66,,893.0,45.03662474507138,519.0,5.27966387168476,3469.0,1.0,5.0,1.0,20.0,20.0,200.0,0.0,0.0,0.2700000000000003,18.0,2.0,1.9,1.9,1.9,0.0,0.0,0.0,0.0,,,-0.980000000000004,-0.980000000000004,,-9.0,-1.410423286949971,23.0,0.5845773225265116,-2.0,1.0,5.0,1.0,0.0,0.0,0.0,0.0,0.0,0.0,0.0,0.0,0.0,0.0,0.0,0.0
NODE_6082,generated_signal_7,24.0,10.0,0.0,0.0,,,43.26,43.26,,821.0,43.684831770546054,503.0,5.485899261995438,3464.0,0.0,0.0,0.0,20.0,20.0,200.0,0.0,0.0,0.0,20.0,0.0,2.0,2.0,2.0,0.0,10.0,0.0,0.0,,,43.19,43.19,,806.0,43.489754929058414,496.0,5.511165978617701,3466.0,1.0,5.0,1.0,20.0,20.0,200.0,0.0,0.0,0.0,20.0,0.0,2.0,2.0,2.0,0.0,0.0,0.0,0.0,,,-0.07000000000000028,-0.07000000000000028,,-15.0,-0.1950768414876407,-7.0,0.025266716622263097,2.0,1.0,5.0,1.0,0.0,0.0,0.0,0.0,0.0,0.0,0.0,0.0,0.0,0.0,0.0,0.0
NODE_6082,generated_signal_7,25.0,10.0,0.0,0.0,,,41.17,41.17,,836.0,41.712229350441056,450.0,4.811447419727709,3466.0,0.0,0.0,0.0,20.0,4.0,40.0,0.0,1.760000000000011,8.470000000000002,2.0,2.0,0.3,0.3,0.3,0.0,10.0,0.0,0.0,,,41.76,41.76,,853.0,42.22726209048362,446.0,4.690383585179091,3467.0,1.0,5.0,1.0,20.0,4.0,40.0,0.0,1.560000000000008,8.379999999999999,2.0,2.0,0.3,0.3,0.3,0.0,0.0,0.0,0.0,,,0.5899999999999963,0.5899999999999963,,17.0,0.5150327400425638,-4.0,-0.12106383454861813,1.0,1.0,5.0,1.0,0.0,0.0,0.0,0.0,-0.20000000000000284,-0.09000000000000341,0.0,0.0,0.0,0.0,0.0,0.0
NODE_6082,generated_signal_7,26.0,10.0,0.0,0.0,,,39.47,39.47,,856.0,39.70724611161939,487.0,5.302482655377351,3468.0,0.0,0.0,0.0,20.0,20.0,200.0,0.0,0.0,0.154999999999999,19.0,1.0,1.95,1.95,1.95,0.0,10.0,0.0,0.0,,,39.4,39.4,,875.0,39.564542360060514,472.0,5.451935326917781,3467.0,1.0,5.0,1.0,20.0,20.0,200.0,0.0,0.0,0.154999999999999,19.0,1.0,1.95,1.95,1.95,0.0,0.0,0.0,0.0,,,-0.07000000000000028,-0.07000000000000028,,19.0,-0.1427037515588765,-15.0,0.14945267154042963,-1.0,1.0,5.0,1.0,0.0,0.0,0.0,0.0,0.0,0.0,0.0,0.0,0.0,0.0,0.0,0.0
NODE_6082,generated_signal_7,27.0,10.0,0.0,0.0,,,38.67,38.67,,845.0,38.92200158856235,475.0,5.775657572091518,3467.0,0.0,0.0,0.0,20.0,20.0,200.0,0.0,0.0,0.0199999999999995,20.0,0.0,2.0,2.0,2.0,0.0,10.0,0.0,0.0,,,41.31,41.31,,842.0,41.45790498442367,478.0,5.7371319201070445,3466.0,1.0,5.0,1.0,20.0,20.0,200.0,0.0,0.0,0.0199999999999995,20.0,0.0,2.0,2.0,2.0,0.0,0.0,0.0,0.0,,,2.6400000000000006,2.6400000000000006,,-3.0,2.535903395861318,3.0,-0.03852565198447344,-1.0,1.0,5.0,1.0,0.0,0.0,0.0,0.0,0.0,0.0,0.0,0.0,0.0,0.0,0.0,0.0
NODE_6082,generated_signal_7,28.0,10.0,0.0,0.0,,,43.29,43.29,,755.0,43.85296812368772,454.0,5.030428938791018,3461.0,0.0,0.0,0.0,20.0,20.0,200.0,0.0,0.0,0.1950000000000002,19.0,1.0,1.95,1.95,1.95,0.0,10.0,0.0,0.0,,,42.96,42.96,,772.0,43.570883788180005,467.0,4.843742681263516,3463.0,1.0,5.0,1.0,20.0,20.0,200.0,0.0,0.0,0.1950000000000002,19.0,1.0,1.95,1.95,1.95,0.0,0.0,0.0,0.0,,,-0.3299999999999983,-0.3299999999999983,,17.0,-0.2820843355077116,13.0,-0.18668625752750234,2.0,1.0,5.0,1.0,0.0,0.0,0.0,0.0,0.0,0.0,0.0,0.0,0.0,0.0,0.0,0.0
NODE_6082,generated_signal_7,29.0,10.0,0.0,0.0,,,35.25,35.25,,823.0,35.4224155790346,523.0,7.003210152744412,3474.0,0.0,0.0,0.0,20.0,15.0,150.0,0.0,0.0,1.6999999999999993,12.0,3.0,1.35,1.35,1.35,0.0,10.0,0.0,0.0,,,36.44,36.44,,822.0,36.53794508794509,514.0,7.2072551458647744,3473.0,1.0,5.0,1.0,20.0,14.0,140.0,0.0,0.0,1.7299999999999975,12.0,2.0,1.3,1.3,1.3,0.0,0.0,0.0,0.0,,,1.1899999999999977,1.1899999999999977,,-1.0,1.115529508910491,-9.0,0.2040449931203625,-1.0,1.0,5.0,1.0,0.0,-1.0,-10.0,0.0,0.0,0.02999999999999825,0.0,-1.0,-0.050000000000000044,-0.050000000000000044,-0.050000000000000044,0.0
NODE_6082,generated_signal_7,30.0,10.0,0.0,0.0,,,47.16,47.16,,820.0,47.78647671391379,575.0,4.442751700083645,3464.0,0.0,0.0,0.0,20.0,20.0,200.0,0.0,0.0,0.0,20.0,0.0,2.0,2.0,2.0,0.0,10.0,0.0,0.0,,,52.66,52.66,,834.0,53.07793464052288,560.0,3.689169748504282,3471.0,1.0,5.0,1.0,20.0,20.0,200.0,0.0,0.0,0.0,20.0,0.0,2.0,2.0,2.0,0.0,0.0,0.0,0.0,,,5.5,5.5,,14.0,5.291457926609084,-15.0,-0.7535819515793629,7.0,1.0,5.0,1.0,0.0,0.0,0.0,0.0,0.0,0.0,0.0,0.0,0.0,0.0,0.0,0.0
NODE_6123,generated_signal_7,1.0,5.0,0.0,0.0,0.0,0.0,42.45,42.45,,872.0,42.76227683259819,492.0,6.148307503830389,3465.0,0.0,0.0,0.0,10.0,10.0,200.0,0.0,0.0,0.0,10.0,0.0,2.0,2.0,2.0,0.0,5.0,0.0,0.0,0.0,0.0,43.48,43.48,,832.0,43.71046485515383,482.0,6.407003271616389,3468.0,1.0,5.0,1.0,10.0,10.0,200.0,0.0,0.0,0.0,10.0,0.0,2.0,2.0,2.0,0.0,0.0,0.0,0.0,0.0,0.0,1.029999999999994,1.029999999999994,,-40.0,0.9481880225556409,-10.0,0.25869576778600045,3.0,1.0,5.0,1.0,0.0,0.0,0.0,0.0,0.0,0.0,0.0,0.0,0.0,0.0,0.0,0.0
NODE_6123,generated_signal_7,2.0,5.0,0.0,0.0,0.0,0.0,47.32,47.32,,785.0,47.83774327122153,474.0,4.969905078525796,3460.0,0.0,0.0,0.0,10.0,10.0,200.0,0.0,0.0,0.0299999999999997,10.0,0.0,2.0,2.0,2.0,0.0,5.0,0.0,0.0,0.0,0.0,44.21,44.21,,799.0,44.90039751552794,452.0,6.131235324663337,3459.0,1.0,5.0,1.0,10.0,10.0,200.0,0.0,0.0,0.0299999999999997,10.0,0.0,2.0,2.0,2.0,0.0,0.0,0.0,0.0,0.0,0.0,-3.1099999999999994,-3.1099999999999994,,14.0,-2.9373457556935847,-22.0,1.161330246137541,-1.0,1.0,5.0,1.0,0.0,0.0,0.0,0.0,0.0,0.0,0.0,0.0,0.0,0.0,0.0,0.0
NODE_6123,generated_signal_7,3.0,5.0,0.0,0.0,0.0,0.0,44.9,44.9,,931.0,45.300481209899175,451.0,5.466778480771267,3466.0,0.0,0.0,0.0,10.0,10.0,200.0,0.0,0.0,0.0,10.0,0.0,2.0,2.0,2.0,0.0,5.0,0.0,0.0,0.0,0.0,42.92,42.92,,925.0,43.39743293246993,461.0,5.850672773456853,3468.0,1.0,5.0,1.0,10.0,10.0,200.0,0.0,0.0,0.0,10.0,0.0,2.0,2.0,2.0,0.0,0.0,0.0,0.0,0.0,0.0,-1.9799999999999969,-1.9799999999999969,,-6.0,-1.9030482774292423,10.0,0.3838942926855857,2.0,1.0,5.0,1.0,0.0,0.0,0.0,0.0,0.0,0.0,0.0,0.0,0.0,0.0,0.0,0.0
NODE_6123,generated_signal_7,4.0,5.0,0.0,0.0,0.0,0.0,39.23,39.23,,874.0,39.84480560866794,510.0,6.024236312492579,3469.0,0.0,0.0,0.0,10.0,0.0,0.0,4.900000000000006,8.050000000000006,14.200000000000005,0.0,0.0,0.0,0.0,0.0,0.0,5.0,0.0,0.0,0.0,0.0,40.83,40.83,,902.0,41.52600321027287,517.0,5.622761231288514,3472.0,1.0,5.0,1.0,10.0,0.0,0.0,4.900000000000006,8.050000000000006,14.200000000000005,0.0,0.0,0.0,0.0,0.0,0.0,0.0,0.0,0.0,0.0,0.0,1.6000000000000014,1.6000000000000014,,28.0,1.6811976016049286,7.0,-0.4014750812040644,3.0,1.0,5.0,1.0,0.0,0.0,0.0,0.0,0.0,0.0,0.0,0.0,0.0,0.0,0.0,0.0
NODE_6123,generated_signal_7,5.0,5.0,0.0,0.0,0.0,0.0,40.15,40.15,,887.0,40.79863229879011,427.0,6.496930202204507,3466.0,0.0,0.0,0.0,10.0,9.0,180.0,0.0,0.0,0.8100000000000008,8.0,1.0,1.7,1.7,1.7,0.0,5.0,0.0,0.0,0.0,0.0,40.49,40.49,,888.0,40.85209596625363,421.0,6.382676727117196,3465.0,1.0,5.0,1.0,10.0,9.0,180.0,0.0,0.0,0.8100000000000008,8.0,1.0,1.7,1.7,1.7,0.0,0.0,0.0,0.0,0.0,0.0,0.3400000000000034,0.3400000000000034,,1.0,0.05346366746351805,-6.0,-0.11425347508731143,-1.0,1.0,5.0,1.0,0.0,0.0,0.0,0.0,0.0,0.0,0.0,0.0,0.0,0.0,0.0,0.0
NODE_6123,generated_signal_7,6.0,5.0,0.0,0.0,0.0,0.0,39.34,39.34,,883.0,39.88579521611415,501.0,5.611234572524355,3470.0,0.0,0.0,0.0,10.0,9.0,180.0,0.0,0.0,0.9799999999999954,7.0,2.0,1.6,1.6,1.6,0.0,5.0,0.0,0.0,0.0,0.0,39.74,39.74,,881.0,40.18709343277398,500.0,5.620897149335075,3470.0,1.0,5.0,1.0,10.0,9.0,180.0,0.0,0.0,0.9799999999999954,7.0,2.0,1.6,1.6,1.6,0.0,0.0,0.0,0.0,0.0,0.0,0.3999999999999986,0.3999999999999986,,-2.0,0.3012982166598306,-1.0,0.00966257681072058,0.0,1.0,5.0,1.0,0.0,0.0,0.0,0.0,0.0,0.0,0.0,0.0,0.0,0.0,0.0,0.0
NODE_6123,generated_signal_7,7.0,5.0,0.0,0.0,0.0,0.0,39.29,39.29,,862.0,39.58324273221461,481.0,6.459813818273106,3466.0,0.0,0.0,0.0,10.0,1.0,20.0,1.1999999999999886,2.9999999999999885,9.509999999999994,1.0,0.0,0.2,0.2,0.2,0.0,5.0,0.0,0.0,0.0,0.0,39.51,39.51,,863.0,40.03073047858942,483.0,6.91267019520299,3464.0,1.0,5.0,1.0,10.0,1.0,20.0,1.1999999999999886,2.9999999999999885,9.519999999999992,1.0,0.0,0.2,0.2,0.2,0.0,0.0,0.0,0.0,0.0,0.0,0.21999999999999886,0.21999999999999886,,1.0,0.4474877463748115,2.0,0.45285637692988434,-2.0,1.0,5.0,1.0,0.0,0.0,0.0,0.0,0.0,0.00999999999999801,0.0,0.0,0.0,0.0,0.0,0.0
NODE_6123,generated_signal_7,8.0,5.0,0.0,0.0,0.0,0.0,43.44,43.44,,856.0,43.548611111111114,484.0,6.003763876228005,3464.0,0.0,0.0,0.0,10.0,4.0,80.0,0.0,0.0,3.899999999999997,2.0,2.0,0.6,0.6,0.6,0.0,5.0,0.0,0.0,0.0,0.0,43.78,43.78,,842.0,43.88824895494658,485.0,6.013689503772,3464.0,1.0,5.0,1.0,10.0,4.0,80.0,0.0,0.0,3.899999999999997,2.0,2.0,0.6,0.6,0.6,0.0,0.0,0.0,0.0,0.0,0.0,0.3400000000000034,0.3400000000000034,,-14.0,0.3396378438354688,1.0,0.009925627543995397,0.0,1.0,5.0,1.0,0.0,0.0,0.0,0.0,0.0,0.0,0.0,0.0,0.0,0.0,0.0,0.0
NODE_6123,generated_signal_7,9.0,5.0,0.0,0.0,0.0,0.0,43.44,43.44,,962.0,43.81633114679936,495.0,6.174168236584888,3471.0,0.0,0.0,0.0,10.0,10.0,200.0,0.0,0.0,0.2899999999999991,10.0,0.0,2.0,2.0,2.0,0.0,5.0,0.0,0.0,0.0,0.0,46.33,46.33,,930.0,46.718379808670875,484.0,5.363088864991444,3467.0,1.0,5.0,1.0,10.0,10.0,200.0,0.0,0.0,0.2899999999999991,10.0,0.0,2.0,2.0,2.0,0.0,0.0,0.0,0.0,0.0,0.0,2.8900000000000006,2.8900000000000006,,-32.0,2.902048661871518,-11.0,-0.8110793715934435,-4.0,1.0,5.0,1.0,0.0,0.0,0.0,0.0,0.0,0.0,0.0,0.0,0.0,0.0,0.0,0.0
NODE_6123,generated_signal_7,10.0,5.0,0.0,0.0,0.0,0.0,42.82,42.82,,778.0,43.01776015857285,492.0,5.646766323423069,3464.0,0.0,0.0,0.0,10.0,0.0,0.0,12.700000000000005,15.850000000000003,22.0,0.0,0.0,0.0,0.0,0.0,0.0,5.0,0.0,0.0,0.0,0.0,43.98,43.98,,837.0,44.05367243133265,486.0,5.918443744013143,3463.0,1.0,5.0,1.0,10.0,0.0,0.0,12.600000000000009,15.750000000000009,21.90000000000001,0.0,0.0,0.0,0.0,0.0,0.0,0.0,0.0,0.0,0.0,0.0,1.1599999999999966,1.1599999999999966,,59.0,1.035912272759802,-6.0,0.27167742059007427,-1.0,1.0,5.0,1.0,0.0,0.0,0.0,-0.09999999999999609,-0.09999999999999432,-0.09999999999999076,0.0,0.0,0.0,0.0,0.0,0.0
NODE_6123,generated_signal_7,11.0,5.0,0.0,0.0,0.0,0.0,38.69,38.69,,854.0,38.94310474755087,488.0,7.069262527550059,3470.0,0.0,0.0,0.0,10.0,1.0,20.0,1.2999999999999972,3.099999999999997,10.220000000000002,1.0,0.0,0.2,0.2,0.2,0.0,5.0,0.0,0.0,0.0,0.0,59.95,59.95,,808.0,60.31098838316511,402.0,3.0987980894211415,3467.0,1.0,5.0,1.0,10.0,1.0,20.0,1.2999999999999972,3.099999999999997,10.220000000000002,1.0,0.0,0.2,0.2,0.2,0.0,0.0,0.0,0.0,0.0,0.0,21.260000000000005,21.260000000000005,,-46.0,21.36788363561424,-86.0,-3.9704644381289174,-3.0,1.0,5.0,1.0,0.0,0.0,0.0,0.0,0.0,0.0,0.0,0.0,0.0,0.0,0.0,0.0
NODE_6123,generated_signal_7,12.0,5.0,0.0,0.0,0.0,0.0,50.72,50.72,,785.0,51.415123220572475,496.0,4.150231127597747,3470.0,0.0,0.0,0.0,10.0,9.0,180.0,0.0,0.0,0.7599999999999995,7.0,2.0,1.6,1.6,1.6,0.0,5.0,0.0,0.0,0.0,0.0,47.89,47.89,,785.0,48.203056300268095,460.0,4.948810546396611,3469.0,1.0,5.0,1.0,10.0,9.0,180.0,0.0,0.0,0.7599999999999995,7.0,2.0,1.6,1.6,1.6,0.0,0.0,0.0,0.0,0.0,0.0,-2.8299999999999983,-2.8299999999999983,,0.0,-3.2120669203043803,-36.0,0.7985794187988642,-1.0,1.0,5.0,1.0,0.0,0.0,0.0,0.0,0.0,0.0,0.0,0.0,0.0,0.0,0.0,0.0
NODE_6123,generated_signal_7,13.0,5.0,0.0,0.0,0.0,0.0,44.56,44.56,,877.0,44.638758323540934,485.0,4.982218745667833,3474.0,0.0,0.0,0.0,10.0,6.0,120.0,0.0,0.0,3.1000000000000014,5.0,1.0,1.1,1.1,1.1,0.0,5.0,0.0,0.0,0.0,0.0,47.09,47.09,,853.0,47.19646190579552,469.0,5.355435798594318,3470.0,1.0,5.0,1.0,10.0,6.0,120.0,0.0,0.0,3.1000000000000014,5.0,1.0,1.1,1.1,1.1,0.0,0.0,0.0,0.0,0.0,0.0,2.530000000000001,2.530000000000001,,-24.0,2.5577035822545895,-16.0,0.3732170529264849,-4.0,1.0,5.0,1.0,0.0,0.0,0.0,0.0,0.0,0.0,0.0,0.0,0.0,0.0,0.0,0.0
NODE_6123,generated_signal_7,14.0,5.0,0.0,0.0,0.0,0.0,38.43,38.43,,837.0,38.80434782608695,512.0,6.7510024438921015,3473.0,0.0,0.0,0.0,10.0,1.0,20.0,2.5,4.3,9.510000000000002,0.0,1.0,0.1,0.1,0.1,0.0,5.0,0.0,0.0,0.0,0.0,36.55,36.55,,856.0,36.821683125805066,526.0,6.502168911324109,3472.0,1.0,5.0,1.0,10.0,1.0,20.0,2.5,4.3,9.55,0.0,1.0,0.1,0.1,0.1,0.0,0.0,0.0,0.0,0.0,0.0,-1.8800000000000026,-1.8800000000000026,,19.0,-1.9826647002818873,14.0,-0.24883353256799268,-1.0,1.0,5.0,1.0,0.0,0.0,0.0,0.0,0.0,0.03999999999999915,0.0,0.0,0.0,0.0,0.0,0.0
NODE_6123,generated_signal_7,15.0,5.0,0.0,0.0,0.0,0.0,33.77,33.77,,872.0,34.2847149718104,572.0,6.947637796495383,3469.0,0.0,0.0,0.0,10.0,6.0,120.0,0.0,0.0,1.9899999999999949,6.0,0.0,1.2,1.2,1.2,0.0,5.0,0.0,0.0,0.0,0.0,34.5,34.5,,872.0,34.736519502786116,571.0,7.153708040196142,3469.0,1.0,5.0,1.0,10.0,6.0,120.0,0.0,0.0,1.9899999999999949,6.0,0.0,1.2,1.2,1.2,0.0,0.0,0.0,0.0,0.0,0.0,0.7299999999999969,0.7299999999999969,,0.0,0.45180453097571416,-1.0,0.20607024370075955,0.0,1.0,5.0,1.0,0.0,0.0,0.0,0.0,0.0,0.0,0.0,0.0,0.0,0.0,0.0,0.0
NODE_6123,generated_signal_7,16.0,5.0,0.0,0.0,0.0,0.0,44.28,44.28,,842.0,44.81691327964038,507.0,5.222398024367554,3467.0,0.0,0.0,0.0,10.0,7.0,140.0,0.0,0.0,2.4800000000000013,4.0,3.0,1.1,1.1,1.1,0.0,5.0,0.0,0.0,0.0,0.0,41.64,41.64,,841.0,42.09302008188731,523.0,5.608202985734048,3465.0,1.0,5.0,1.0,10.0,7.0,140.0,0.0,0.0,2.4800000000000013,4.0,3.0,1.1,1.1,1.1,0.0,0.0,0.0,0.0,0.0,0.0,-2.6400000000000006,-2.6400000000000006,,-1.0,-2.723893197753071,16.0,0.38580496136649334,-2.0,1.0,5.0,1.0,0.0,0.0,0.0,0.0,0.0,0.0,0.0,0.0,0.0,0.0,0.0,0.0
NODE_6123,generated_signal_7,17.0,5.0,0.0,0.0,0.0,0.0,44.1,44.1,,823.0,44.71239787581699,488.0,4.976720990695721,3462.0,0.0,0.0,0.0,10.0,10.0,200.0,0.0,0.0,0.2299999999999983,9.0,1.0,1.9,1.9,1.9,0.0,5.0,0.0,0.0,0.0,0.0,41.85,41.85,,846.0,42.395069337442216,495.0,5.5705930532089685,3463.0,1.0,5.0,1.0,10.0,10.0,200.0,0.0,0.0,0.2299999999999983,9.0,1.0,1.9,1.9,1.9,0.0,0.0,0.0,0.0,0.0,0.0,-2.25,-2.25,,23.0,-2.317328538374774,7.0,0.5938720625132472,1.0,1.0,5.0,1.0,0.0,0.0,0.0,0.0,0.0,0.0,0.0,0.0,0.0,0.0,0.0,0.0
NODE_6123,generated_signal_7,18.0,5.0,0.0,0.0,0.0,0.0,42.28,42.28,,856.0,42.58628392985827,448.0,6.260683918909463,3466.0,0.0,0.0,0.0,10.0,10.0,200.0,0.0,0.0,0.0,10.0,0.0,2.0,2.0,2.0,0.0,5.0,0.0,0.0,0.0,0.0,44.15,44.15,,858.0,44.69453832965956,446.0,6.117188340311083,3467.0,1.0,5.0,1.0,10.0,10.0,200.0,0.0,0.0,0.0,10.0,0.0,2.0,2.0,2.0,0.0,0.0,0.0,0.0,0.0,0.0,1.8699999999999974,1.8699999999999974,,2.0,2.1082543998012895,-2.0,-0.14349557859838047,1.0,1.0,5.0,1.0,0.0,0.0,0.0,0.0,0.0,0.0,0.0,0.0,0.0,0.0,0.0,0.0
NODE_6123,generated_signal_7,19.0,5.0,0.0,0.0,0.0,0.0,37.42,37.42,,851.0,38.075498266897746,504.0,5.873161654811115,3467.0,0.0,0.0,0.0,10.0,10.0,200.0,0.0,0.0,0.0,10.0,0.0,2.0,2.0,2.0,0.0,5.0,0.0,0.0,0.0,0.0,40.93,40.93,,831.0,41.28086419753087,467.0,5.924424961116765,3466.0,1.0,5.0,1.0,10.0,10.0,200.0,0.0,0.0,0.0,10.0,0.0,2.0,2.0,2.0,0.0,0.0,0.0,0.0,0.0,0.0,3.509999999999998,3.509999999999998,,-20.0,3.2053659306331213,-37.0,0.05126330630564979,-1.0,1.0,5.0,1.0,0.0,0.0,0.0,0.0,0.0,0.0,0.0,0.0,0.0,0.0,0.0,0.0
NODE_6123,generated_signal_7,20.0,5.0,0.0,0.0,0.0,0.0,41.88,41.88,,854.0,42.372423596304195,467.0,5.83685988677167,3465.0,0.0,0.0,0.0,10.0,10.0,200.0,0.0,0.0,0.0,10.0,0.0,2.0,2.0,2.0,0.0,5.0,0.0,0.0,0.0,0.0,42.45,42.45,,854.0,42.76206645646374,468.0,6.050581707720618,3464.0,1.0,5.0,1.0,10.0,10.0,200.0,0.0,0.0,0.0,10.0,0.0,2.0,2.0,2.0,0.0,0.0,0.0,0.0,0.0,0.0,0.5700000000000003,0.5700000000000003,,0.0,0.3896428601595474,1.0,0.21372182094894843,-1.0,1.0,5.0,1.0,0.0,0.0,0.0,0.0,0.0,0.0,0.0,0.0,0.0,0.0,0.0,0.0
NODE_6123,generated_signal_7,21.0,5.0,0.0,0.0,0.0,0.0,63.15,63.15,,831.0,63.42044218919899,389.0,2.5547760957145176,3464.0,0.0,0.0,0.0,10.0,9.0,180.0,0.0,0.0,0.6999999999999972,8.0,1.0,1.7,1.7,1.7,0.0,5.0,0.0,0.0,0.0,0.0,63.64,63.64,,829.0,64.00906453952139,390.0,2.531145274070403,3464.0,1.0,5.0,1.0,10.0,9.0,180.0,0.0,0.0,0.6999999999999972,8.0,1.0,1.7,1.7,1.7,0.0,0.0,0.0,0.0,0.0,0.0,0.490000000000002,0.490000000000002,,-2.0,0.5886223503224031,1.0,-0.023630821644114786,0.0,1.0,5.0,1.0,0.0,0.0,0.0,0.0,0.0,0.0,0.0,0.0,0.0,0.0,0.0,0.0
NODE_6123,generated_signal_7,22.0,5.0,0.0,0.0,0.0,0.0,49.38,49.38,,830.0,49.66487780297304,378.0,4.647254713450156,3468.0,0.0,0.0,0.0,10.0,10.0,200.0,0.0,0.0,0.0,10.0,0.0,2.0,2.0,2.0,0.0,5.0,0.0,0.0,0.0,0.0,49.72,49.72,,839.0,50.033316352521645,381.0,4.740731547115167,3470.0,1.0,5.0,1.0,10.0,10.0,200.0,0.0,0.0,0.0,10.0,0.0,2.0,2.0,2.0,0.0,0.0,0.0,0.0,0.0,0.0,0.3399999999999963,0.3399999999999963,,9.0,0.3684385495486069,3.0,0.0934768336650107,2.0,1.0,5.0,1.0,0.0,0.0,0.0,0.0,0.0,0.0,0.0,0.0,0.0,0.0,0.0,0.0
NODE_6123,generated_signal_7,23.0,5.0,0.0,0.0,0.0,0.0,48.03,48.03,,902.0,48.93009235058372,506.0,4.452508232656009,3471.0,0.0,0.0,0.0,10.0,3.0,60.0,0.0,0.0,6.960000000000003,2.0,1.0,0.5,0.5,0.5,0.0,5.0,0.0,0.0,0.0,0.0,42.98,42.98,,893.0,43.746822936846186,527.0,5.771955353637756,3469.0,1.0,5.0,1.0,10.0,3.0,60.0,0.0,0.0,6.960000000000003,2.0,1.0,0.5,0.5,0.5,0.0,0.0,0.0,0.0,0.0,0.0,-5.050000000000004,-5.050000000000004,,-9.0,-5.183269413737534,21.0,1.3194471209817467,-2.0,1.0,5.0,1.0,0.0,0.0,0.0,0.0,0.0,0.0,0.0,0.0,0.0,0.0,0.0,0.0
NODE_6123,generated_signal_7,24.0,5.0,0.0,0.0,0.0,0.0,43.67,43.67,,821.0,44.23720388349514,485.0,5.476904768969517,3464.0,0.0,0.0,0.0,10.0,10.0,200.0,0.0,0.0,0.0,10.0,0.0,2.0,2.0,2.0,0.0,5.0,0.0,0.0,0.0,0.0,44.62,44.62,,806.0,44.92670074714904,480.0,5.624276111371482,3466.0,1.0,5.0,1.0,10.0,10.0,200.0,0.0,0.0,0.0,10.0,0.0,2.0,2.0,2.0,0.0,0.0,0.0,0.0,0.0,0.0,0.9499999999999957,0.9499999999999957,,-15.0,0.6894968636539005,-5.0,0.14737134240196514,2.0,1.0,5.0,1.0,0.0,0.0,0.0,0.0,0.0,0.0,0.0,0.0,0.0,0.0,0.0,0.0
NODE_6123,generated_signal_7,25.0,5.0,0.0,0.0,0.0,0.0,46.6,46.6,,836.0,47.11753578732107,404.0,5.3788584472160315,3466.0,0.0,0.0,0.0,10.0,9.0,180.0,0.0,0.0,0.4599999999999994,9.0,0.0,1.8,1.8,1.8,0.0,5.0,0.0,0.0,0.0,0.0,46.44,46.44,,853.0,46.96673165976115,407.0,5.088962179843972,3467.0,1.0,5.0,1.0,10.0,9.0,180.0,0.0,0.0,0.4599999999999994,9.0,0.0,1.8,1.8,1.8,0.0,0.0,0.0,0.0,0.0,0.0,-0.1600000000000037,-0.1600000000000037,,17.0,-0.15080412755991546,3.0,-0.2898962673720593,1.0,1.0,5.0,1.0,0.0,0.0,0.0,0.0,0.0,0.0,0.0,0.0,0.0,0.0,0.0,0.0
NODE_6123,generated_signal_7,26.0,5.0,0.0,0.0,0.0,0.0,44.21,44.21,,856.0,44.61082887700535,466.0,5.633495313993288,3468.0,0.0,0.0,0.0,10.0,10.0,200.0,0.0,0.0,0.0,10.0,0.0,2.0,2.0,2.0,0.0,5.0,0.0,0.0,0.0,0.0,44.31,44.31,,875.0,44.425027932960894,471.0,5.836738777134744,3467.0,1.0,5.0,1.0,10.0,10.0,200.0,0.0,0.0,0.0,10.0,0.0,2.0,2.0,2.0,0.0,0.0,0.0,0.0,0.0,0.0,0.10000000000000142,0.10000000000000142,,19.0,-0.18580094404445902,5.0,0.20324346314145547,-1.0,1.0,5.0,1.0,0.0,0.0,0.0,0.0,0.0,0.0,0.0,0.0,0.0,0.0,0.0,0.0
NODE_6123,generated_signal_7,27.0,5.0,0.0,0.0,0.0,0.0,39.57,39.57,,845.0,39.99419602529358,481.0,6.052943531705032,3467.0,0.0,0.0,0.0,10.0,6.0,120.0,0.0,0.0899999999999948,2.6999999999999957,4.0,2.0,1.0,1.0,1.0,0.0,5.0,0.0,0.0,0.0,0.0,41.95,41.95,,842.0,42.20329693855705,490.0,5.867268063811387,3466.0,1.0,5.0,1.0,10.0,6.0,120.0,0.0,0.0899999999999948,2.6999999999999957,4.0,2.0,1.0,1.0,1.0,0.0,0.0,0.0,0.0,0.0,0.0,2.3800000000000026,2.3800000000000026,,-3.0,2.2091009132634696,9.0,-0.18567546789364453,-1.0,1.0,5.0,1.0,0.0,0.0,0.0,0.0,0.0,0.0,0.0,0.0,0.0,0.0,0.0,0.0
NODE_6123,generated_signal_7,28.0,5.0,0.0,0.0,0.0,0.0,45.98,45.98,,755.0,46.38179072276159,423.0,5.06307269232772,3461.0,0.0,0.0,0.0,10.0,1.0,20.0,1.1999999999999886,2.9999999999999885,10.119999999999994,1.0,0.0,0.2,0.2,0.2,0.0,5.0,0.0,0.0,0.0,0.0,45.45,45.45,,772.0,45.98604404913173,426.0,4.983551770190425,3463.0,1.0,5.0,1.0,10.0,1.0,20.0,1.1999999999999886,2.9999999999999885,10.119999999999994,1.0,0.0,0.2,0.2,0.2,0.0,0.0,0.0,0.0,0.0,0.0,-0.529999999999994,-0.529999999999994,,17.0,-0.3957466736298656,3.0,-0.079520922137295,2.0,1.0,5.0,1.0,0.0,0.0,0.0,0.0,0.0,0.0,0.0,0.0,0.0,0.0,0.0,0.0
NODE_6123,generated_signal_7,29.0,5.0,0.0,0.0,0.0,0.0,33.52,33.52,,823.0,33.75788824979458,567.0,6.855681965431998,3474.0,0.0,0.0,0.0,10.0,9.0,180.0,0.0,0.0,0.7999999999999972,8.0,1.0,1.7,1.7,1.7,0.0,5.0,0.0,0.0,0.0,0.0,35.13,35.13,,822.0,35.305158214130905,529.0,7.209203297133123,3473.0,1.0,5.0,1.0,10.0,9.0,180.0,0.0,0.0,0.7999999999999972,8.0,1.0,1.7,1.7,1.7,0.0,0.0,0.0,0.0,0.0,0.0,1.6099999999999994,1.6099999999999994,,-1.0,1.5472699643363228,-38.0,0.353521331701125,-1.0,1.0,5.0,1.0,0.0,0.0,0.0,0.0,0.0,0.0,0.0,0.0,0.0,0.0,0.0,0.0
NODE_6123,generated_signal_7,30.0,5.0,0.0,0.0,0.0,0.0,44.96,44.96,,820.0,45.399265232974905,525.0,5.143583986449236,3464.0,0.0,0.0,0.0,10.0,10.0,200.0,0.0,0.0,0.0,10.0,0.0,2.0,2.0,2.0,0.0,5.0,0.0,0.0,0.0,0.0,48.74,48.74,,834.0,49.14218039215687,517.0,4.292902848018859,3471.0,1.0,5.0,1.0,10.0,10.0,200.0,0.0,0.0,0.0,10.0,0.0,2.0,2.0,2.0,0.0,0.0,0.0,0.0,0.0,0.0,3.780000000000001,3.780000000000001,,14.0,3.742915159181962,-8.0,-0.8506811384303763,7.0,1.0,5.0,1.0,0.0,0.0,0.0,0.0,0.0,0.0,0.0,0.0,0.0,0.0,0.0,0.0
NODE_74388,generated_signal_7,1.0,5.0,0.0,0.0,0.0,0.0,28.58,28.58,,872.0,29.38147229114971,549.0,7.04551750699001,3465.0,0.0,0.0,0.0,8.0,8.0,160.0,0.0,0.0,0.0,8.0,0.0,1.6,1.6,1.6,0.0,5.0,0.0,0.0,0.0,0.0,27.87,27.87,,832.0,28.495595776772245,534.0,7.74649337640135,3468.0,1.0,5.0,1.0,8.0,8.0,160.0,0.0,0.0,0.0,8.0,0.0,1.6,1.6,1.6,0.0,0.0,0.0,0.0,0.0,0.0,-0.7099999999999973,-0.7099999999999973,,-40.0,-0.8858765143774647,-15.0,0.7009758694113399,3.0,1.0,5.0,1.0,0.0,0.0,0.0,0.0,0.0,0.0,0.0,0.0,0.0,0.0,0.0,0.0
NODE_74388,generated_signal_7,2.0,5.0,0.0,0.0,0.0,0.0,43.98,43.98,,785.0,44.52776911076443,494.0,4.8213892068967095,3460.0,0.0,0.0,0.0,8.0,8.0,160.0,0.0,0.0,0.0,8.0,0.0,1.6,1.6,1.6,0.0,5.0,0.0,0.0,0.0,0.0,28.67,28.67,,799.0,29.302281368821298,492.0,7.670331468713799,3459.0,1.0,5.0,1.0,8.0,8.0,160.0,0.0,0.0,0.0,8.0,0.0,1.6,1.6,1.6,0.0,0.0,0.0,0.0,0.0,0.0,-15.309999999999995,-15.309999999999995,,14.0,-15.225487741943134,-2.0,2.84894226181709,-1.0,1.0,5.0,1.0,0.0,0.0,0.0,0.0,0.0,0.0,0.0,0.0,0.0,0.0,0.0,0.0
NODE_74388,generated_signal_7,3.0,5.0,0.0,0.0,0.0,0.0,30.27,30.27,,931.0,31.026861779194437,485.0,7.406781009703563,3466.0,0.0,0.0,0.0,8.0,8.0,160.0,0.0,0.0,0.0,8.0,0.0,1.6,1.6,1.6,0.0,5.0,0.0,0.0,0.0,0.0,34.1,34.1,,925.0,34.892867251627514,522.0,7.011099356607092,3468.0,1.0,5.0,1.0,8.0,8.0,160.0,0.0,0.0,0.0,8.0,0.0,1.6,1.6,1.6,0.0,0.0,0.0,0.0,0.0,0.0,3.830000000000002,3.830000000000002,,-6.0,3.866005472433077,37.0,-0.39568165309647085,2.0,1.0,5.0,1.0,0.0,0.0,0.0,0.0,0.0,0.0,0.0,0.0,0.0,0.0,0.0,0.0
NODE_74388,generated_signal_7,4.0,5.0,0.0,0.0,0.0,0.0,27.5,27.5,,874.0,27.805960451977395,549.0,7.82857302864297,3469.0,0.0,0.0,0.0,8.0,8.0,160.0,0.0,0.0,0.0,8.0,0.0,1.6,1.6,1.6,0.0,5.0,0.0,0.0,0.0,0.0,31.76,31.76,,902.0,32.24446705672857,560.0,7.131692805229474,3472.0,1.0,5.0,1.0,8.0,8.0,160.0,0.0,0.0,0.0,8.0,0.0,1.6,1.6,1.6,0.0,0.0,0.0,0.0,0.0,0.0,4.260000000000002,4.260000000000002,,28.0,4.438506604751172,11.0,-0.6968802234134959,3.0,1.0,5.0,1.0,0.0,0.0,0.0,0.0,0.0,0.0,0.0,0.0,0.0,0.0,0.0,0.0
NODE_74388,generated_signal_7,5.0,5.0,0.0,0.0,0.0,0.0,24.14,24.14,,887.0,24.941021950341852,450.0,8.8547315435345,3466.0,0.0,0.0,0.0,8.0,8.0,160.0,0.0,0.0,0.0,8.0,0.0,1.6,1.6,1.6,0.0,5.0,0.0,0.0,0.0,0.0,24.91,24.91,,888.0,25.51012247838617,441.0,8.692275023381566,3465.0,1.0,5.0,1.0,8.0,8.0,160.0,0.0,0.0,0.0,8.0,0.0,1.6,1.6,1.6,0.0,0.0,0.0,0.0,0.0,0.0,0.7699999999999996,0.7699999999999996,,1.0,0.5691005280443164,-9.0,-0.16245652015293466,-1.0,1.0,5.0,1.0,0.0,0.0,0.0,0.0,0.0,0.0,0.0,0.0,0.0,0.0,0.0,0.0
NODE_74388,generated_signal_7,6.0,5.0,0.0,0.0,0.0,0.0,23.56,23.56,,883.0,23.872002772002773,511.0,8.847574470489898,3470.0,0.0,0.0,0.0,8.0,8.0,160.0,0.0,0.0,0.0,8.0,0.0,1.6,1.6,1.6,0.0,5.0,0.0,0.0,0.0,0.0,23.37,23.37,,881.0,23.67072256305385,523.0,8.713519318814166,3470.0,1.0,5.0,1.0,8.0,8.0,160.0,0.0,0.0,0.0,8.0,0.0,1.6,1.6,1.6,0.0,0.0,0.0,0.0,0.0,0.0,-0.18999999999999773,-0.18999999999999773,,-2.0,-0.20128020894892273,12.0,-0.13405515167573157,0.0,1.0,5.0,1.0,0.0,0.0,0.0,0.0,0.0,0.0,0.0,0.0,0.0,0.0,0.0,0.0
NODE_74388,generated_signal_7,7.0,5.0,0.0,0.0,0.0,0.0,24.61,24.61,,862.0,24.93723901526955,520.0,8.34103396812451,3466.0,0.0,0.0,0.0,8.0,8.0,160.0,0.0,0.0,0.0,8.0,0.0,1.6,1.6,1.6,0.0,5.0,0.0,0.0,0.0,0.0,22.34,22.34,,863.0,22.776226158038146,520.0,9.10602539833028,3464.0,1.0,5.0,1.0,8.0,8.0,160.0,0.0,0.0,0.0,8.0,0.0,1.6,1.6,1.6,0.0,0.0,0.0,0.0,0.0,0.0,-2.2699999999999996,-2.2699999999999996,,1.0,-2.1610128572314053,0.0,0.7649914302057699,-2.0,1.0,5.0,1.0,0.0,0.0,0.0,0.0,0.0,0.0,0.0,0.0,0.0,0.0,0.0,0.0
NODE_74388,generated_signal_7,8.0,5.0,0.0,0.0,0.0,0.0,26.1,26.1,,856.0,26.529706982543637,550.0,8.099458812468496,3464.0,0.0,0.0,0.0,8.0,8.0,160.0,0.0,0.0,0.0,8.0,0.0,1.6,1.6,1.6,0.0,5.0,0.0,0.0,0.0,0.0,25.66,25.66,,842.0,26.165627980922096,535.0,8.0893692478235,3464.0,1.0,5.0,1.0,8.0,8.0,160.0,0.0,0.0,0.0,8.0,0.0,1.6,1.6,1.6,0.0,0.0,0.0,0.0,0.0,0.0,-0.4400000000000013,-0.4400000000000013,,-14.0,-0.3640790016215405,-15.0,-0.01008956464499633,0.0,1.0,5.0,1.0,0.0,0.0,0.0,0.0,0.0,0.0,0.0,0.0,0.0,0.0,0.0,0.0
NODE_74388,generated_signal_7,9.0,5.0,0.0,0.0,0.0,0.0,27.61,27.61,,962.0,28.051819708846587,550.0,7.908397237902649,3471.0,0.0,0.0,0.0,8.0,8.0,160.0,0.0,0.0,0.0,8.0,0.0,1.6,1.6,1.6,0.0,5.0,0.0,0.0,0.0,0.0,38.8,38.8,,930.0,39.41597287184285,544.0,6.0637478193853775,3467.0,1.0,5.0,1.0,8.0,8.0,160.0,0.0,0.0,0.0,8.0,0.0,1.6,1.6,1.6,0.0,0.0,0.0,0.0,0.0,0.0,11.189999999999998,11.189999999999998,,-32.0,11.36415316299626,-6.0,-1.844649418517271,-4.0,1.0,5.0,1.0,0.0,0.0,0.0,0.0,0.0,0.0,0.0,0.0,0.0,0.0,0.0,0.0
NODE_74388,generated_signal_7,10.0,5.0,0.0,0.0,0.0,0.0,36.63,36.63,,778.0,37.037090830262294,543.0,5.772826708906411,3464.0,0.0,0.0,0.0,8.0,8.0,160.0,0.0,0.0,0.0,8.0,0.0,1.6,1.6,1.6,0.0,5.0,0.0,0.0,0.0,0.0,39.01,39.01,,837.0,39.36815060908084,524.0,5.951781285746772,3463.0,1.0,5.0,1.0,8.0,7.0,140.0,0.0,0.0,1.962500000000002,7.0,0.0,1.4,1.4,1.4,0.0,0.0,0.0,0.0,0.0,0.0,2.3799999999999955,2.3799999999999955,,59.0,2.331059778818549,-19.0,0.17895457684036042,-1.0,1.0,5.0,1.0,0.0,-1.0,-20.0,0.0,0.0,1.962500000000002,-1.0,0.0,-0.20000000000000018,-0.20000000000000018,-0.20000000000000018,0.0
NODE_74388,generated_signal_7,11.0,5.0,0.0,0.0,0.0,0.0,21.44,21.44,,854.0,21.71543951915853,510.0,9.570635653813143,3470.0,0.0,0.0,0.0,8.0,8.0,160.0,0.0,0.0,0.0,8.0,0.0,1.6,1.6,1.6,0.0,5.0,0.0,0.0,0.0,0.0,24.95,24.95,,808.0,25.42284853700516,401.0,9.017899725405282,3467.0,1.0,5.0,1.0,8.0,8.0,160.0,0.0,0.0,0.0,8.0,0.0,1.6,1.6,1.6,0.0,0.0,0.0,0.0,0.0,0.0,3.509999999999998,3.509999999999998,,-46.0,3.7074090178466292,-109.0,-0.552735928407861,-3.0,1.0,5.0,1.0,0.0,0.0,0.0,0.0,0.0,0.0,0.0,0.0,0.0,0.0,0.0,0.0
NODE_74388,generated_signal_7,12.0,5.0,0.0,0.0,0.0,0.0,50.29,50.29,,785.0,50.98318401102688,557.0,4.023067704997679,3470.0,0.0,0.0,0.0,8.0,8.0,160.0,0.0,0.0,0.0,8.0,0.0,1.6,1.6,1.6,0.0,5.0,0.0,0.0,0.0,0.0,56.12,56.12,,785.0,56.66439142920256,458.0,4.135615323121448,3469.0,1.0,5.0,1.0,8.0,8.0,160.0,0.0,0.0,0.0,8.0,0.0,1.6,1.6,1.6,0.0,0.0,0.0,0.0,0.0,0.0,5.829999999999998,5.829999999999998,,0.0,5.681207418175681,-99.0,0.11254761812376923,-1.0,1.0,5.0,1.0,0.0,0.0,0.0,0.0,0.0,0.0,0.0,0.0,0.0,0.0,0.0,0.0
NODE_74388,generated_signal_7,13.0,5.0,0.0,0.0,0.0,0.0,28.87,28.87,,877.0,29.28626506024096,511.0,7.475068280410123,3474.0,0.0,0.0,0.0,8.0,8.0,160.0,0.0,0.0,0.0,8.0,0.0,1.6,1.6,1.6,0.0,5.0,0.0,0.0,0.0,0.0,28.72,28.72,,853.0,29.18259551243177,506.0,7.260741511205511,3470.0,1.0,5.0,1.0,8.0,8.0,160.0,0.0,0.0,0.0,8.0,0.0,1.6,1.6,1.6,0.0,0.0,0.0,0.0,0.0,0.0,-0.15000000000000213,-0.15000000000000213,,-24.0,-0.10366954780919002,-5.0,-0.2143267692046118,-4.0,1.0,5.0,1.0,0.0,0.0,0.0,0.0,0.0,0.0,0.0,0.0,0.0,0.0,0.0,0.0
NODE_74388,generated_signal_7,14.0,5.0,0.0,0.0,0.0,0.0,31.28,31.28,,837.0,31.864365832614325,515.0,7.387811587308183,3473.0,0.0,0.0,0.0,8.0,8.0,160.0,0.0,0.0,0.0,8.0,0.0,1.6,1.6,1.6,0.0,5.0,0.0,0.0,0.0,0.0,32.36,32.36,,856.0,32.64097909790979,522.0,7.432662467994537,3472.0,1.0,5.0,1.0,8.0,8.0,160.0,0.0,0.0,0.0,8.0,0.0,1.6,1.6,1.6,0.0,0.0,0.0,0.0,0.0,0.0,1.0799999999999983,1.0799999999999983,,19.0,0.7766132652954667,7.0,0.044850880686354344,-1.0,1.0,5.0,1.0,0.0,0.0,0.0,0.0,0.0,0.0,0.0,0.0,0.0,0.0,0.0,0.0
NODE_74388,generated_signal_7,15.0,5.0,0.0,0.0,0.0,0.0,33.8,33.8,,872.0,34.20895624430264,566.0,6.46388247259335,3469.0,0.0,0.0,0.0,8.0,8.0,160.0,0.0,0.0,0.0,8.0,0.0,1.6,1.6,1.6,0.0,5.0,0.0,0.0,0.0,0.0,33.63,33.63,,872.0,33.96656331981874,564.0,6.803899595119605,3469.0,1.0,5.0,1.0,8.0,8.0,160.0,0.0,0.0,0.0,8.0,0.0,1.6,1.6,1.6,0.0,0.0,0.0,0.0,0.0,0.0,-0.1699999999999946,-0.1699999999999946,,0.0,-0.2423929244839016,-2.0,0.3400171225262545,0.0,1.0,5.0,1.0,0.0,0.0,0.0,0.0,0.0,0.0,0.0,0.0,0.0,0.0,0.0,0.0
NODE_74388,generated_signal_7,16.0,5.0,0.0,0.0,0.0,0.0,40.02,40.02,,842.0,40.93623935454953,581.0,5.958208072881699,3467.0,0.0,0.0,0.0,8.0,8.0,160.0,0.0,0.0,0.0,8.0,0.0,1.6,1.6,1.6,0.0,5.0,0.0,0.0,0.0,0.0,27.58,27.58,,841.0,28.172543640897754,591.0,7.231721634431071,3465.0,1.0,5.0,1.0,8.0,8.0,160.0,0.0,0.0,0.0,8.0,0.0,1.6,1.6,1.6,0.0,0.0,0.0,0.0,0.0,0.0,-12.440000000000005,-12.440000000000005,,-1.0,-12.763695713651774,10.0,1.2735135615493718,-2.0,1.0,5.0,1.0,0.0,0.0,0.0,0.0,0.0,0.0,0.0,0.0,0.0,0.0,0.0,0.0
NODE_74388,generated_signal_7,17.0,5.0,0.0,0.0,0.0,0.0,39.49,39.49,,823.0,40.249672437997184,509.0,5.346726401645044,3462.0,0.0,0.0,0.0,8.0,8.0,160.0,0.0,0.0,0.0,8.0,0.0,1.6,1.6,1.6,0.0,5.0,0.0,0.0,0.0,0.0,33.29,33.29,,846.0,34.00440639910188,513.0,6.9023472554185625,3463.0,1.0,5.0,1.0,8.0,8.0,160.0,0.0,0.0,0.0,8.0,0.0,1.6,1.6,1.6,0.0,0.0,0.0,0.0,0.0,0.0,-6.200000000000003,-6.200000000000003,,23.0,-6.245266038895302,4.0,1.5556208537735188,1.0,1.0,5.0,1.0,0.0,0.0,0.0,0.0,0.0,0.0,0.0,0.0,0.0,0.0,0.0,0.0
NODE_74388,generated_signal_7,18.0,5.0,0.0,0.0,0.0,0.0,26.61,26.61,,856.0,27.0943231441048,519.0,8.04055765264171,3466.0,0.0,0.0,0.0,8.0,8.0,160.0,0.0,0.0,0.0,8.0,0.0,1.6,1.6,1.6,0.0,5.0,0.0,0.0,0.0,0.0,29.46,29.46,,858.0,30.18270449743435,508.0,7.235233159336513,3467.0,1.0,5.0,1.0,8.0,8.0,160.0,0.0,0.0,0.0,8.0,0.0,1.6,1.6,1.6,0.0,0.0,0.0,0.0,0.0,0.0,2.8500000000000014,2.8500000000000014,,2.0,3.0883813533295523,-11.0,-0.8053244933051964,1.0,1.0,5.0,1.0,0.0,0.0,0.0,0.0,0.0,0.0,0.0,0.0,0.0,0.0,0.0,0.0
NODE_74388,generated_signal_7,19.0,5.0,0.0,0.0,0.0,0.0,25.38,25.38,,851.0,25.90419947506562,552.0,7.20157160609355,3467.0,0.0,0.0,0.0,8.0,8.0,160.0,0.0,0.0,0.0,8.0,0.0,1.6,1.6,1.6,0.0,5.0,0.0,0.0,0.0,0.0,25.38,25.38,,831.0,25.837436332767403,524.0,7.501672248202447,3466.0,1.0,5.0,1.0,8.0,6.0,120.0,0.0,0.0,2.549999999999997,6.0,0.0,1.2,1.2,1.2,0.0,0.0,0.0,0.0,0.0,0.0,0.0,0.0,,-20.0,-0.06676314229821756,-28.0,0.3001006421088972,-1.0,1.0,5.0,1.0,0.0,-2.0,-40.0,0.0,0.0,2.549999999999997,-2.0,0.0,-0.40000000000000013,-0.40000000000000013,-0.40000000000000013,0.0
NODE_74388,generated_signal_7,20.0,5.0,0.0,0.0,0.0,0.0,27.47,27.47,,854.0,28.030387736699726,510.0,7.298134719947349,3465.0,0.0,0.0,0.0,8.0,8.0,160.0,0.0,0.0,0.0,8.0,0.0,1.6,1.6,1.6,0.0,5.0,0.0,0.0,0.0,0.0,26.45,26.45,,854.0,26.97246777163904,498.0,7.532253608194139,3464.0,1.0,5.0,1.0,8.0,8.0,160.0,0.0,0.0,0.0,8.0,0.0,1.6,1.6,1.6,0.0,0.0,0.0,0.0,0.0,0.0,-1.0199999999999996,-1.0199999999999996,,0.0,-1.0579199650606874,-12.0,0.2341188882467904,-1.0,1.0,5.0,1.0,0.0,0.0,0.0,0.0,0.0,0.0,0.0,0.0,0.0,0.0,0.0,0.0
NODE_74388,generated_signal_7,21.0,5.0,0.0,0.0,0.0,0.0,25.7,25.7,,831.0,26.354549114331725,414.0,8.26155445671939,3464.0,0.0,0.0,0.0,8.0,8.0,160.0,0.0,0.0,0.0,8.0,0.0,1.6,1.6,1.6,0.0,5.0,0.0,0.0,0.0,0.0,26.57,26.57,,829.0,27.0172899075191,418.0,8.195428924170825,3464.0,1.0,5.0,1.0,8.0,8.0,160.0,0.0,0.0,0.0,8.0,0.0,1.6,1.6,1.6,0.0,0.0,0.0,0.0,0.0,0.0,0.870000000000001,0.870000000000001,,-2.0,0.6627407931873748,4.0,-0.06612553254856479,0.0,1.0,5.0,1.0,0.0,0.0,0.0,0.0,0.0,0.0,0.0,0.0,0.0,0.0,0.0,0.0
NODE_74388,generated_signal_7,22.0,5.0,0.0,0.0,0.0,0.0,31.89,31.89,,830.0,32.62586412395709,452.0,6.580268124707764,3468.0,0.0,0.0,0.0,8.0,8.0,160.0,0.0,0.0,0.0,8.0,0.0,1.6,1.6,1.6,0.0,5.0,0.0,0.0,0.0,0.0,30.99,30.99,,839.0,31.42596735187424,446.0,6.898739464323708,3470.0,1.0,5.0,1.0,8.0,8.0,160.0,0.0,0.0,0.0,8.0,0.0,1.6,1.6,1.6,0.0,0.0,0.0,0.0,0.0,0.0,-0.9000000000000021,-0.9000000000000021,,9.0,-1.1998967720828517,-6.0,0.318471339615944,2.0,1.0,5.0,1.0,0.0,0.0,0.0,0.0,0.0,0.0,0.0,0.0,0.0,0.0,0.0,0.0
NODE_74388,generated_signal_7,23.0,5.0,0.0,0.0,0.0,0.0,37.16,37.16,,902.0,37.922042648709315,567.0,5.792953289991991,3471.0,0.0,0.0,0.0,8.0,8.0,160.0,0.0,0.0,0.0,8.0,0.0,1.6,1.6,1.6,0.0,5.0,0.0,0.0,0.0,0.0,37.06,37.06,,893.0,37.59420457169245,575.0,6.143586992877525,3469.0,1.0,5.0,1.0,8.0,8.0,160.0,0.0,0.0,0.0,8.0,0.0,1.6,1.6,1.6,0.0,0.0,0.0,0.0,0.0,0.0,-0.09999999999999432,-0.09999999999999432,,-9.0,-0.32783807701686385,8.0,0.35063370288553397,-2.0,1.0,5.0,1.0,0.0,0.0,0.0,0.0,0.0,0.0,0.0,0.0,0.0,0.0,0.0,0.0
NODE_74388,generated_signal_7,24.0,5.0,0.0,0.0,0.0,0.0,29.91,29.91,,821.0,30.398215281650863,531.0,7.635756965878412,3464.0,0.0,0.0,0.0,8.0,8.0,160.0,0.0,0.0,0.0,8.0,0.0,1.6,1.6,1.6,0.0,5.0,0.0,0.0,0.0,0.0,29.56,29.56,,806.0,30.01251387347392,525.0,7.695343317312802,3466.0,1.0,5.0,1.0,8.0,8.0,160.0,0.0,0.0,0.0,8.0,0.0,1.6,1.6,1.6,0.0,0.0,0.0,0.0,0.0,0.0,-0.3500000000000014,-0.3500000000000014,,-15.0,-0.3857014081769421,-6.0,0.059586351434390394,2.0,1.0,5.0,1.0,0.0,0.0,0.0,0.0,0.0,0.0,0.0,0.0,0.0,0.0,0.0,0.0
NODE_74388,generated_signal_7,25.0,5.0,0.0,0.0,0.0,0.0,29.88,29.88,,836.0,30.823700511715597,510.0,6.529185067031848,3466.0,0.0,0.0,0.0,8.0,8.0,160.0,0.0,0.0,0.0,8.0,0.0,1.6,1.6,1.6,0.0,5.0,0.0,0.0,0.0,0.0,30.62,30.62,,853.0,31.501908496732028,506.0,6.27319432571374,3467.0,1.0,5.0,1.0,8.0,8.0,160.0,0.0,0.0,0.0,8.0,0.0,1.6,1.6,1.6,0.0,0.0,0.0,0.0,0.0,0.0,0.740000000000002,0.740000000000002,,17.0,0.6782079850164315,-4.0,-0.25599074131810795,1.0,1.0,5.0,1.0,0.0,0.0,0.0,0.0,0.0,0.0,0.0,0.0,0.0,0.0,0.0,0.0
NODE_74388,generated_signal_7,26.0,5.0,0.0,0.0,0.0,0.0,26.83,26.83,,856.0,27.20428608313969,543.0,7.386627173342613,3468.0,0.0,0.0,0.0,8.0,8.0,160.0,0.0,0.0,0.0,8.0,0.0,1.6,1.6,1.6,0.0,5.0,0.0,0.0,0.0,0.0,25.96,25.96,,875.0,26.215799457994574,526.0,7.500816025094162,3467.0,1.0,5.0,1.0,8.0,8.0,160.0,0.0,0.0,0.0,8.0,0.0,1.6,1.6,1.6,0.0,0.0,0.0,0.0,0.0,0.0,-0.8699999999999974,-0.8699999999999974,,19.0,-0.9884866251451143,-17.0,0.1141888517515488,-1.0,1.0,5.0,1.0,0.0,0.0,0.0,0.0,0.0,0.0,0.0,0.0,0.0,0.0,0.0,0.0
NODE_74388,generated_signal_7,27.0,5.0,0.0,0.0,0.0,0.0,34.41,34.41,,845.0,34.72519235542319,518.0,6.339904264790804,3467.0,0.0,0.0,0.0,8.0,8.0,160.0,0.0,0.0,0.0,8.0,0.0,1.6,1.6,1.6,0.0,5.0,0.0,0.0,0.0,0.0,36.6,36.6,,842.0,36.869487804878055,518.0,6.245755771524426,3466.0,1.0,5.0,1.0,8.0,8.0,160.0,0.0,0.0,0.0,8.0,0.0,1.6,1.6,1.6,0.0,0.0,0.0,0.0,0.0,0.0,2.190000000000005,2.190000000000005,,-3.0,2.144295449454866,0.0,-0.09414849326637853,-1.0,1.0,5.0,1.0,0.0,0.0,0.0,0.0,0.0,0.0,0.0,0.0,0.0,0.0,0.0,0.0
NODE_74388,generated_signal_7,28.0,5.0,0.0,0.0,0.0,0.0,34.8,34.8,,755.0,35.506548933039,522.0,6.748034420680877,3461.0,0.0,0.0,0.0,8.0,8.0,160.0,0.0,0.0,0.0,8.0,0.0,1.6,1.6,1.6,0.0,5.0,0.0,0.0,0.0,0.0,34.42,34.42,,772.0,35.19976873265495,534.0,6.307444919388728,3463.0,1.0,5.0,1.0,8.0,8.0,160.0,0.0,0.0,0.0,8.0,0.0,1.6,1.6,1.6,0.0,0.0,0.0,0.0,0.0,0.0,-0.37999999999999545,-0.37999999999999545,,17.0,-0.30678020038404696,12.0,-0.44058950129214924,2.0,1.0,5.0,1.0,0.0,0.0,0.0,0.0,0.0,0.0,0.0,0.0,0.0,0.0,0.0,0.0
NODE_74388,generated_signal_7,29.0,5.0,0.0,0.0,0.0,0.0,20.21,20.21,,823.0,20.66489665003564,532.0,9.048813436828718,3474.0,0.0,0.0,0.0,8.0,8.0,160.0,0.0,0.0,0.0,8.0,0.0,1.6,1.6,1.6,0.0,5.0,0.0,0.0,0.0,0.0,20.85,20.85,,822.0,21.27634367903104,530.0,9.475812901814958,3473.0,1.0,5.0,1.0,8.0,8.0,160.0,0.0,0.0,0.0,8.0,0.0,1.6,1.6,1.6,0.0,0.0,0.0,0.0,0.0,0.0,0.6400000000000006,0.6400000000000006,,-1.0,0.6114470289953999,-2.0,0.4269994649862401,-1.0,1.0,5.0,1.0,0.0,0.0,0.0,0.0,0.0,0.0,0.0,0.0,0.0,0.0,0.0,0.0
NODE_74388,generated_signal_7,30.0,5.0,0.0,0.0,0.0,0.0,41.01,41.01,,820.0,41.79615532487505,621.0,5.285162790803392,3464.0,0.0,0.0,0.0,8.0,8.0,160.0,0.0,0.0,0.0,8.0,0.0,1.6,1.6,1.6,0.0,5.0,0.0,0.0,0.0,0.0,47.64,47.64,,834.0,48.129091816367264,603.0,4.395660905806612,3471.0,1.0,5.0,1.0,8.0,8.0,160.0,0.0,0.0,0.2124999999999985,7.0,1.0,1.5,1.5,1.5,0.0,0.0,0.0,0.0,0.0,0.0,6.630000000000003,6.630000000000003,,14.0,6.332936491492212,-18.0,-0.88950188499678,7.0,1.0,5.0,1.0,0.0,0.0,0.0,0.0,0.0,0.2124999999999985,-1.0,1.0,-0.10000000000000009,-0.10000000000000009,-0.10000000000000009,0.0
NODE_8426,generated_signal_7,1.0,5.0,0.0,0.0,0.0,0.0,23.84,23.84,,872.0,24.00233009708738,348.0,8.320791103022067,3465.0,0.0,0.0,0.0,9.0,9.0,180.0,0.0,0.0,0.0,9.0,0.0,1.8,1.8,1.8,0.0,5.0,0.0,0.0,0.0,0.0,25.0,25.0,,832.0,25.193102119460494,342.0,8.124516219831328,3468.0,1.0,5.0,1.0,9.0,9.0,180.0,0.0,0.0,0.0,9.0,0.0,1.8,1.8,1.8,0.0,0.0,0.0,0.0,0.0,0.0,1.1600000000000001,1.1600000000000001,,-40.0,1.190772022373114,-6.0,-0.19627488319073905,3.0,1.0,5.0,1.0,0.0,0.0,0.0,0.0,0.0,0.0,0.0,0.0,0.0,0.0,0.0,0.0
NODE_8426,generated_signal_7,2.0,5.0,0.0,0.0,0.0,0.0,17.32,17.32,,785.0,17.40940685820204,331.0,10.33605454240495,3460.0,0.0,0.0,0.0,9.0,9.0,180.0,0.0,0.0,0.0,9.0,0.0,1.8,1.8,1.8,0.0,5.0,0.0,0.0,0.0,0.0,18.22,18.22,,799.0,18.29051763628035,334.0,10.080511955317077,3459.0,1.0,5.0,1.0,9.0,9.0,180.0,0.0,0.0,0.0,9.0,0.0,1.8,1.8,1.8,0.0,0.0,0.0,0.0,0.0,0.0,0.8999999999999986,0.8999999999999986,,14.0,0.881110778078309,3.0,-0.2555425870878736,-1.0,1.0,5.0,1.0,0.0,0.0,0.0,0.0,0.0,0.0,0.0,0.0,0.0,0.0,0.0,0.0
NODE_8426,generated_signal_7,3.0,5.0,0.0,0.0,0.0,0.0,21.73,21.73,,931.0,21.909209516500383,357.0,9.154353071949364,3466.0,0.0,0.0,0.0,9.0,9.0,180.0,0.0,0.0,0.0777777777777796,9.0,0.0,1.8,1.8,1.8,0.0,5.0,0.0,0.0,0.0,0.0,18.78,18.78,,925.0,18.99277456647399,356.0,9.669277960610296,3468.0,1.0,5.0,1.0,9.0,9.0,180.0,0.0,0.0,0.0777777777777796,9.0,0.0,1.8,1.8,1.8,0.0,0.0,0.0,0.0,0.0,0.0,-2.9499999999999993,-2.9499999999999993,,-6.0,-2.9164349500263924,-1.0,0.5149248886609321,2.0,1.0,5.0,1.0,0.0,0.0,0.0,0.0,0.0,0.0,0.0,0.0,0.0,0.0,0.0,0.0
NODE_8426,generated_signal_7,4.0,5.0,0.0,0.0,0.0,0.0,23.09,23.09,,874.0,22.915168539325844,358.0,8.931968957919143,3469.0,0.0,0.0,0.0,9.0,9.0,180.0,0.0,0.0,0.0,9.0,0.0,1.8,1.8,1.8,0.0,5.0,0.0,0.0,0.0,0.0,24.81,24.81,,902.0,24.888818486768542,358.0,8.540244495184659,3472.0,1.0,5.0,1.0,9.0,9.0,180.0,0.0,0.0,0.0,9.0,0.0,1.8,1.8,1.8,0.0,0.0,0.0,0.0,0.0,0.0,1.7199999999999989,1.7199999999999989,,28.0,1.9736499474426985,0.0,-0.3917244627344836,3.0,1.0,5.0,1.0,0.0,0.0,0.0,0.0,0.0,0.0,0.0,0.0,0.0,0.0,0.0,0.0
NODE_8426,generated_signal_7,5.0,5.0,0.0,0.0,0.0,0.0,20.82,20.82,,887.0,20.86187214611872,372.0,9.02586899127792,3466.0,0.0,0.0,0.0,9.0,9.0,180.0,0.0,0.0,0.0,9.0,0.0,1.8,1.8,1.8,0.0,5.0,0.0,0.0,0.0,0.0,19.42,19.42,,888.0,19.62690011937923,366.0,9.32250729378548,3465.0,1.0,5.0,1.0,9.0,9.0,180.0,0.0,0.0,0.0,9.0,0.0,1.8,1.8,1.8,0.0,0.0,0.0,0.0,0.0,0.0,-1.3999999999999986,-1.3999999999999986,,1.0,-1.2349720267394915,-6.0,0.29663830250756007,-1.0,1.0,5.0,1.0,0.0,0.0,0.0,0.0,0.0,0.0,0.0,0.0,0.0,0.0,0.0,0.0
NODE_8426,generated_signal_7,6.0,5.0,0.0,0.0,0.0,0.0,21.26,21.26,,883.0,21.493628465039304,362.0,8.797249628610128,3470.0,0.0,0.0,0.0,9.0,9.0,180.0,0.0,0.0,0.0,9.0,0.0,1.8,1.8,1.8,0.0,5.0,0.0,0.0,0.0,0.0,20.26,20.26,,881.0,20.512010221465076,360.0,8.922488877597187,3470.0,1.0,5.0,1.0,9.0,9.0,180.0,0.0,0.0,0.0,9.0,0.0,1.8,1.8,1.8,0.0,0.0,0.0,0.0,0.0,0.0,-1.0,-1.0,,-2.0,-0.9816182435742284,-2.0,0.12523924898705907,0.0,1.0,5.0,1.0,0.0,0.0,0.0,0.0,0.0,0.0,0.0,0.0,0.0,0.0,0.0,0.0
NODE_8426,generated_signal_7,7.0,5.0,0.0,0.0,0.0,0.0,20.94,20.94,,862.0,21.089675767918088,341.0,9.047653488567606,3466.0,0.0,0.0,0.0,9.0,9.0,180.0,0.0,0.0,0.0,9.0,0.0,1.8,1.8,1.8,0.0,5.0,0.0,0.0,0.0,0.0,31.27,31.27,,863.0,32.13150837988827,342.0,6.720863977795829,3464.0,1.0,5.0,1.0,9.0,9.0,180.0,0.0,0.0,0.0,9.0,0.0,1.8,1.8,1.8,0.0,0.0,0.0,0.0,0.0,0.0,10.329999999999998,10.329999999999998,,1.0,11.041832611970179,1.0,-2.3267895107717775,-2.0,1.0,5.0,1.0,0.0,0.0,0.0,0.0,0.0,0.0,0.0,0.0,0.0,0.0,0.0,0.0
NODE_8426,generated_signal_7,8.0,5.0,0.0,0.0,0.0,0.0,21.14,21.14,,856.0,21.33480372318899,352.0,9.106359047044688,3464.0,0.0,0.0,0.0,9.0,9.0,180.0,0.0,0.0,0.0,9.0,0.0,1.8,1.8,1.8,0.0,5.0,0.0,0.0,0.0,0.0,19.57,19.57,,842.0,19.749978659837815,353.0,9.708698885354623,3464.0,1.0,5.0,1.0,9.0,9.0,180.0,0.0,0.0,0.0,9.0,0.0,1.8,1.8,1.8,0.0,0.0,0.0,0.0,0.0,0.0,-1.5700000000000003,-1.5700000000000003,,-14.0,-1.5848250633511753,1.0,0.6023398383099359,0.0,1.0,5.0,1.0,0.0,0.0,0.0,0.0,0.0,0.0,0.0,0.0,0.0,0.0,0.0,0.0
NODE_8426,generated_signal_7,9.0,5.0,0.0,0.0,0.0,0.0,20.8,20.8,,962.0,20.82792792792793,360.0,9.466546109833772,3471.0,0.0,0.0,0.0,9.0,9.0,180.0,0.0,0.0,0.0,9.0,0.0,1.8,1.8,1.8,0.0,5.0,0.0,0.0,0.0,0.0,23.8,23.8,,930.0,24.068855084067252,355.0,9.058613289841322,3467.0,1.0,5.0,1.0,9.0,9.0,180.0,0.0,0.0,0.0,9.0,0.0,1.8,1.8,1.8,0.0,0.0,0.0,0.0,0.0,0.0,3.0,3.0,,-32.0,3.240927156139321,-5.0,-0.4079328199924497,-4.0,1.0,5.0,1.0,0.0,0.0,0.0,0.0,0.0,0.0,0.0,0.0,0.0,0.0,0.0,0.0
NODE_8426,generated_signal_7,10.0,5.0,0.0,0.0,0.0,0.0,57.74,57.74,,778.0,58.29731359649123,383.0,3.070159068430517,3464.0,0.0,0.0,0.0,9.0,9.0,180.0,0.0,0.0,0.0,9.0,0.0,1.8,1.8,1.8,0.0,5.0,0.0,0.0,0.0,0.0,29.23,29.23,,837.0,29.19703120266586,384.0,7.350426554854021,3463.0,1.0,5.0,1.0,9.0,9.0,180.0,0.0,0.0,0.0,9.0,0.0,1.8,1.8,1.8,0.0,0.0,0.0,0.0,0.0,0.0,-28.51,-28.51,,59.0,-29.10028239382537,1.0,4.280267486423504,-1.0,1.0,5.0,1.0,0.0,0.0,0.0,0.0,0.0,0.0,0.0,0.0,0.0,0.0,0.0,0.0
NODE_8426,generated_signal_7,11.0,5.0,0.0,0.0,0.0,0.0,22.15,22.15,,854.0,22.362950544844928,342.0,9.301181200193133,3470.0,0.0,0.0,0.0,9.0,9.0,180.0,0.0,0.0,0.0,9.0,0.0,1.8,1.8,1.8,0.0,5.0,0.0,0.0,0.0,0.0,20.66,20.66,,808.0,21.05527552328065,344.0,9.667733655101635,3467.0,1.0,5.0,1.0,9.0,9.0,180.0,0.0,0.0,0.0,9.0,0.0,1.8,1.8,1.8,0.0,0.0,0.0,0.0,0.0,0.0,-1.4899999999999984,-1.4899999999999984,,-46.0,-1.307675021564279,2.0,0.3665524549085024,-3.0,1.0,5.0,1.0,0.0,0.0,0.0,0.0,0.0,0.0,0.0,0.0,0.0,0.0,0.0,0.0
NODE_8426,generated_signal_7,12.0,5.0,0.0,0.0,0.0,0.0,20.16,20.16,,785.0,20.235031347962384,372.0,9.123449208375924,3470.0,0.0,0.0,0.0,9.0,9.0,180.0,0.0,0.0,0.0,9.0,0.0,1.8,1.8,1.8,0.0,5.0,0.0,0.0,0.0,0.0,19.85,19.85,,785.0,20.055921568627458,370.0,9.241844347541086,3469.0,1.0,5.0,1.0,9.0,9.0,180.0,0.0,0.0,0.0,9.0,0.0,1.8,1.8,1.8,0.0,0.0,0.0,0.0,0.0,0.0,-0.3099999999999987,-0.3099999999999987,,0.0,-0.1791097793349259,-2.0,0.11839513916516253,-1.0,1.0,5.0,1.0,0.0,0.0,0.0,0.0,0.0,0.0,0.0,0.0,0.0,0.0,0.0,0.0
NODE_8426,generated_signal_7,13.0,5.0,0.0,0.0,0.0,0.0,18.09,18.09,,877.0,17.777199661590526,369.0,10.139088742705304,3474.0,0.0,0.0,0.0,9.0,9.0,180.0,0.0,0.0,0.0,9.0,0.0,1.8,1.8,1.8,0.0,5.0,0.0,0.0,0.0,0.0,16.52,16.52,,853.0,16.440444444444445,371.0,10.661490754276407,3470.0,1.0,5.0,1.0,9.0,9.0,180.0,0.0,0.0,0.0,9.0,0.0,1.8,1.8,1.8,0.0,0.0,0.0,0.0,0.0,0.0,-1.5700000000000003,-1.5700000000000003,,-24.0,-1.3367552171460808,2.0,0.5224020115711028,-4.0,1.0,5.0,1.0,0.0,0.0,0.0,0.0,0.0,0.0,0.0,0.0,0.0,0.0,0.0,0.0
NODE_8426,generated_signal_7,14.0,5.0,0.0,0.0,0.0,0.0,19.11,19.11,,837.0,19.0844323252355,328.0,9.871834714755318,3473.0,0.0,0.0,0.0,9.0,9.0,180.0,0.0,0.0,0.0,9.0,0.0,1.8,1.8,1.8,0.0,5.0,0.0,0.0,0.0,0.0,16.23,16.23,,856.0,16.2468151216986,325.0,10.612723847125949,3472.0,1.0,5.0,1.0,9.0,9.0,180.0,0.0,0.0,0.0,9.0,0.0,1.8,1.8,1.8,0.0,0.0,0.0,0.0,0.0,0.0,-2.879999999999999,-2.879999999999999,,19.0,-2.837617203536901,-3.0,0.740889132370631,-1.0,1.0,5.0,1.0,0.0,0.0,0.0,0.0,0.0,0.0,0.0,0.0,0.0,0.0,0.0,0.0
NODE_8426,generated_signal_7,15.0,5.0,0.0,0.0,0.0,0.0,17.56,17.56,,872.0,17.92125290023202,346.0,10.095252312122485,3469.0,0.0,0.0,0.0,9.0,9.0,180.0,0.0,0.0,0.0,9.0,0.0,1.8,1.8,1.8,0.0,5.0,0.0,0.0,0.0,0.0,16.37,16.37,,872.0,16.490717511289514,325.0,10.326686897309392,3469.0,1.0,5.0,1.0,9.0,9.0,180.0,0.0,0.0,0.0,9.0,0.0,1.8,1.8,1.8,0.0,0.0,0.0,0.0,0.0,0.0,-1.1899999999999977,-1.1899999999999977,,0.0,-1.4305353889425056,-21.0,0.23143458518690707,0.0,1.0,5.0,1.0,0.0,0.0,0.0,0.0,0.0,0.0,0.0,0.0,0.0,0.0,0.0,0.0
NODE_8426,generated_signal_7,16.0,5.0,0.0,0.0,0.0,0.0,21.91,21.91,,842.0,21.909376257545272,350.0,8.755263799186995,3467.0,0.0,0.0,0.0,9.0,9.0,180.0,0.0,0.0,0.0,9.0,0.0,1.8,1.8,1.8,0.0,5.0,0.0,0.0,0.0,0.0,21.69,21.69,,841.0,21.69946873722926,355.0,9.033673502196852,3465.0,1.0,5.0,1.0,9.0,9.0,180.0,0.0,0.0,0.0,9.0,0.0,1.8,1.8,1.8,0.0,0.0,0.0,0.0,0.0,0.0,-0.21999999999999886,-0.21999999999999886,,-1.0,-0.2099075203160119,5.0,0.27840970300985646,-2.0,1.0,5.0,1.0,0.0,0.0,0.0,0.0,0.0,0.0,0.0,0.0,0.0,0.0,0.0,0.0
NODE_8426,generated_signal_7,17.0,5.0,0.0,0.0,0.0,0.0,21.14,21.14,,823.0,21.313394725826704,352.0,9.381035383471204,3462.0,0.0,0.0,0.0,9.0,9.0,180.0,0.0,0.0,0.0,9.0,0.0,1.8,1.8,1.8,0.0,5.0,0.0,0.0,0.0,0.0,20.98,20.98,,846.0,21.032102861883036,354.0,9.428667265688452,3463.0,1.0,5.0,1.0,9.0,9.0,180.0,0.0,0.0,0.0,9.0,0.0,1.8,1.8,1.8,0.0,0.0,0.0,0.0,0.0,0.0,-0.16000000000000014,-0.16000000000000014,,23.0,-0.2812918639436681,2.0,0.04763188221724768,1.0,1.0,5.0,1.0,0.0,0.0,0.0,0.0,0.0,0.0,0.0,0.0,0.0,0.0,0.0,0.0
NODE_8426,generated_signal_7,18.0,5.0,0.0,0.0,0.0,0.0,19.55,19.55,,856.0,19.89101930848675,344.0,9.586066665038656,3466.0,0.0,0.0,0.0,9.0,9.0,180.0,0.0,0.0,0.0,9.0,0.0,1.8,1.8,1.8,0.0,5.0,0.0,0.0,0.0,0.0,19.22,19.22,,858.0,19.61425276752767,346.0,9.683150653599965,3467.0,1.0,5.0,1.0,9.0,9.0,180.0,0.0,0.0,0.0,9.0,0.0,1.8,1.8,1.8,0.0,0.0,0.0,0.0,0.0,0.0,-0.33000000000000185,-0.33000000000000185,,2.0,-0.2767665409590805,2.0,0.09708398856130884,1.0,1.0,5.0,1.0,0.0,0.0,0.0,0.0,0.0,0.0,0.0,0.0,0.0,0.0,0.0,0.0
NODE_8426,generated_signal_7,19.0,5.0,0.0,0.0,0.0,0.0,22.65,22.65,,851.0,22.931868131868136,344.0,8.6288350409408,3467.0,0.0,0.0,0.0,9.0,9.0,180.0,0.0,0.0,0.0,9.0,0.0,1.8,1.8,1.8,0.0,5.0,0.0,0.0,0.0,0.0,19.14,19.14,,831.0,19.41520595968449,345.0,9.342007664742072,3466.0,1.0,5.0,1.0,9.0,9.0,180.0,0.0,0.0,0.0,9.0,0.0,1.8,1.8,1.8,0.0,0.0,0.0,0.0,0.0,0.0,-3.509999999999998,-3.509999999999998,,-20.0,-3.516662172183647,1.0,0.7131726238012721,-1.0,1.0,5.0,1.0,0.0,0.0,0.0,0.0,0.0,0.0,0.0,0.0,0.0,0.0,0.0,0.0
NODE_8426,generated_signal_7,20.0,5.0,0.0,0.0,0.0,0.0,18.2,18.2,,854.0,18.288564231738036,324.0,10.694312733580285,3465.0,0.0,0.0,0.0,9.0,9.0,180.0,0.0,0.0,0.0,9.0,0.0,1.8,1.8,1.8,0.0,5.0,0.0,0.0,0.0,0.0,17.86,17.86,,854.0,18.044298688193745,324.0,10.921543474692944,3464.0,1.0,5.0,1.0,9.0,9.0,180.0,0.0,0.0,0.0,9.0,0.0,1.8,1.8,1.8,0.0,0.0,0.0,0.0,0.0,0.0,-0.33999999999999986,-0.33999999999999986,,0.0,-0.24426554354429086,0.0,0.22723074111265973,-1.0,1.0,5.0,1.0,0.0,0.0,0.0,0.0,0.0,0.0,0.0,0.0,0.0,0.0,0.0,0.0
NODE_8426,generated_signal_7,21.0,5.0,0.0,0.0,0.0,0.0,28.43,28.43,,831.0,28.8450505050505,361.0,7.221462789987873,3464.0,0.0,0.0,0.0,9.0,9.0,180.0,0.0,0.0,0.0,9.0,0.0,1.8,1.8,1.8,0.0,5.0,0.0,0.0,0.0,0.0,20.71,20.71,,829.0,20.913944061613293,359.0,9.28097244988785,3464.0,1.0,5.0,1.0,9.0,9.0,180.0,0.0,0.0,0.0,9.0,0.0,1.8,1.8,1.8,0.0,0.0,0.0,0.0,0.0,0.0,-7.719999999999999,-7.719999999999999,,-2.0,-7.9311064434372085,-2.0,2.0595096598999767,0.0,1.0,5.0,1.0,0.0,0.0,0.0,0.0,0.0,0.0,0.0,0.0,0.0,0.0,0.0,0.0
NODE_8426,generated_signal_7,22.0,5.0,0.0,0.0,0.0,0.0,24.79,24.79,,830.0,24.790448869389135,382.0,8.363324623413737,3468.0,0.0,0.0,0.0,9.0,9.0,180.0,0.0,0.0,0.0,9.0,0.0,1.8,1.8,1.8,0.0,5.0,0.0,0.0,0.0,0.0,23.37,23.37,,839.0,23.432340272792533,380.0,8.752321445878174,3470.0,1.0,5.0,1.0,9.0,9.0,180.0,0.0,0.0,0.0,9.0,0.0,1.8,1.8,1.8,0.0,0.0,0.0,0.0,0.0,0.0,-1.4199999999999982,-1.4199999999999982,,9.0,-1.358108596596601,-2.0,0.3889968224644367,2.0,1.0,5.0,1.0,0.0,0.0,0.0,0.0,0.0,0.0,0.0,0.0,0.0,0.0,0.0,0.0
NODE_8426,generated_signal_7,23.0,5.0,0.0,0.0,0.0,0.0,18.48,18.48,,902.0,18.515658198614315,337.0,10.374506003707076,3471.0,0.0,0.0,0.0,9.0,9.0,180.0,0.0,0.0,0.0,9.0,0.0,1.8,1.8,1.8,0.0,5.0,0.0,0.0,0.0,0.0,18.15,18.15,,893.0,18.163998127340825,334.0,10.435707595630108,3469.0,1.0,5.0,1.0,9.0,9.0,180.0,0.0,0.0,0.0,9.0,0.0,1.8,1.8,1.8,0.0,0.0,0.0,0.0,0.0,0.0,-0.33000000000000185,-0.33000000000000185,,-9.0,-0.3516600712734892,-3.0,0.061201591923031984,-2.0,1.0,5.0,1.0,0.0,0.0,0.0,0.0,0.0,0.0,0.0,0.0,0.0,0.0,0.0,0.0
NODE_8426,generated_signal_7,24.0,5.0,0.0,0.0,0.0,0.0,20.68,20.68,,821.0,20.70975409836066,336.0,9.142647353409204,3464.0,0.0,0.0,0.0,9.0,9.0,180.0,0.0,0.0,0.0,9.0,0.0,1.8,1.8,1.8,0.0,5.0,0.0,0.0,0.0,0.0,24.14,24.14,,806.0,24.111573373676247,340.0,8.4581605441878,3466.0,1.0,5.0,1.0,9.0,9.0,180.0,0.0,0.0,0.0,9.0,0.0,1.8,1.8,1.8,0.0,0.0,0.0,0.0,0.0,0.0,3.460000000000001,3.460000000000001,,-15.0,3.4018192753155887,4.0,-0.6844868092214043,2.0,1.0,5.0,1.0,0.0,0.0,0.0,0.0,0.0,0.0,0.0,0.0,0.0,0.0,0.0,0.0
NODE_8426,generated_signal_7,25.0,5.0,0.0,0.0,0.0,0.0,22.5,22.5,,836.0,22.739247943595768,350.0,8.821373294464314,3466.0,0.0,0.0,0.0,9.0,9.0,180.0,0.0,0.0,0.0,9.0,0.0,1.8,1.8,1.8,0.0,5.0,0.0,0.0,0.0,0.0,20.76,20.76,,853.0,21.077823073787197,359.0,9.364088721033356,3467.0,1.0,5.0,1.0,9.0,9.0,180.0,0.0,0.0,0.0,9.0,0.0,1.8,1.8,1.8,0.0,0.0,0.0,0.0,0.0,0.0,-1.7399999999999984,-1.7399999999999984,,17.0,-1.6614248698085703,9.0,0.5427154265690426,1.0,1.0,5.0,1.0,0.0,0.0,0.0,0.0,0.0,0.0,0.0,0.0,0.0,0.0,0.0,0.0
NODE_8426,generated_signal_7,26.0,5.0,0.0,0.0,0.0,0.0,37.05,37.05,,856.0,37.55651617034902,344.0,6.099120790401486,3468.0,0.0,0.0,0.0,9.0,9.0,180.0,0.0,0.0,0.0,9.0,0.0,1.8,1.8,1.8,0.0,5.0,0.0,0.0,0.0,0.0,18.2,18.2,,875.0,18.518926553672316,344.0,10.224500331511958,3467.0,1.0,5.0,1.0,9.0,9.0,180.0,0.0,0.0,0.0,9.0,0.0,1.8,1.8,1.8,0.0,0.0,0.0,0.0,0.0,0.0,-18.849999999999998,-18.849999999999998,,19.0,-19.037589616676705,0.0,4.125379541110473,-1.0,1.0,5.0,1.0,0.0,0.0,0.0,0.0,0.0,0.0,0.0,0.0,0.0,0.0,0.0,0.0
NODE_8426,generated_signal_7,27.0,5.0,0.0,0.0,0.0,0.0,22.17,22.17,,845.0,22.515473251028805,351.0,8.897264477685031,3467.0,0.0,0.0,0.0,9.0,9.0,180.0,0.0,0.0,0.0,9.0,0.0,1.8,1.8,1.8,0.0,5.0,0.0,0.0,0.0,0.0,23.32,23.32,,842.0,23.65617597292724,346.0,9.07594902403618,3466.0,1.0,5.0,1.0,9.0,9.0,180.0,0.0,0.0,0.0,9.0,0.0,1.8,1.8,1.8,0.0,0.0,0.0,0.0,0.0,0.0,1.1499999999999986,1.1499999999999986,,-3.0,1.1407027218984354,-5.0,0.17868454635114972,-1.0,1.0,5.0,1.0,0.0,0.0,0.0,0.0,0.0,0.0,0.0,0.0,0.0,0.0,0.0,0.0
NODE_8426,generated_signal_7,28.0,5.0,0.0,0.0,0.0,0.0,17.61,17.61,,755.0,17.556637621732445,331.0,10.522446483518594,3461.0,0.0,0.0,0.0,9.0,9.0,180.0,0.0,0.0,0.0,9.0,0.0,1.8,1.8,1.8,0.0,5.0,0.0,0.0,0.0,0.0,16.23,16.23,,772.0,16.289968814968812,333.0,10.80996245789106,3463.0,1.0,5.0,1.0,9.0,9.0,180.0,0.0,0.0,0.0,9.0,0.0,1.8,1.8,1.8,0.0,0.0,0.0,0.0,0.0,0.0,-1.379999999999999,-1.379999999999999,,17.0,-1.266668806763633,2.0,0.28751597437246623,2.0,1.0,5.0,1.0,0.0,0.0,0.0,0.0,0.0,0.0,0.0,0.0,0.0,0.0,0.0,0.0
NODE_8426,generated_signal_7,29.0,5.0,0.0,0.0,0.0,0.0,19.41,19.41,,823.0,19.615162454873644,348.0,9.639523401987146,3474.0,0.0,0.0,0.0,9.0,9.0,180.0,0.0,0.0,0.0,9.0,0.0,1.8,1.8,1.8,0.0,5.0,0.0,0.0,0.0,0.0,19.07,19.07,,822.0,19.097591477535897,344.0,9.928256451115091,3473.0,1.0,5.0,1.0,9.0,9.0,180.0,0.0,0.0,0.0,9.0,0.0,1.8,1.8,1.8,0.0,0.0,0.0,0.0,0.0,0.0,-0.33999999999999986,-0.33999999999999986,,-1.0,-0.5175709773377477,-4.0,0.28873304912794495,-1.0,1.0,5.0,1.0,0.0,0.0,0.0,0.0,0.0,0.0,0.0,0.0,0.0,0.0,0.0,0.0
NODE_8426,generated_signal_7,30.0,5.0,0.0,0.0,0.0,0.0,62.57,62.57,,820.0,63.31171411017818,342.0,2.5032727738592255,3464.0,0.0,0.0,0.0,9.0,9.0,180.0,0.0,0.0,0.0,9.0,0.0,1.8,1.8,1.8,0.0,5.0,0.0,0.0,0.0,0.0,62.55,62.55,,834.0,63.07989064398542,346.0,2.5696494960950527,3471.0,1.0,5.0,1.0,9.0,9.0,180.0,0.0,0.0,0.0,9.0,0.0,1.8,1.8,1.8,0.0,0.0,0.0,0.0,0.0,0.0,-0.020000000000003126,-0.020000000000003126,,14.0,-0.23182346619275762,4.0,0.06637672223582713,7.0,1.0,5.0,1.0,0.0,0.0,0.0,0.0,0.0,0.0,0.0,0.0,0.0,0.0,0.0,0.0
NODE_8452,generated_signal_7,1.0,5.0,0.0,0.0,0.0,0.0,28.23,28.23,,872.0,28.483622828784124,420.0,6.801181709287743,3465.0,0.0,0.0,0.0,10.0,10.0,200.0,0.0,0.0,0.0,10.0,0.0,2.0,2.0,2.0,0.0,5.0,0.0,0.0,0.0,0.0,28.2,28.2,,832.0,28.544370054777847,413.0,6.560915674663331,3468.0,1.0,5.0,1.0,10.0,10.0,200.0,0.0,0.0,0.0,10.0,0.0,2.0,2.0,2.0,0.0,0.0,0.0,0.0,0.0,0.0,-0.030000000000001137,-0.030000000000001137,,-40.0,0.06074722599372251,-7.0,-0.24026603462441187,3.0,1.0,5.0,1.0,0.0,0.0,0.0,0.0,0.0,0.0,0.0,0.0,0.0,0.0,0.0,0.0
NODE_8452,generated_signal_7,2.0,5.0,0.0,0.0,0.0,0.0,21.2,21.2,,785.0,21.527207722559886,429.0,8.213974585999285,3460.0,0.0,0.0,0.0,10.0,10.0,200.0,0.0,0.0,0.0,10.0,0.0,2.0,2.0,2.0,0.0,5.0,0.0,0.0,0.0,0.0,20.85,20.85,,799.0,21.0984659293614,434.0,8.250511392908876,3459.0,1.0,5.0,1.0,10.0,10.0,200.0,0.0,0.0,0.0,10.0,0.0,2.0,2.0,2.0,0.0,0.0,0.0,0.0,0.0,0.0,-0.34999999999999787,-0.34999999999999787,,14.0,-0.42874179319848693,5.0,0.03653680690959149,-1.0,1.0,5.0,1.0,0.0,0.0,0.0,0.0,0.0,0.0,0.0,0.0,0.0,0.0,0.0,0.0
NODE_8452,generated_signal_7,3.0,5.0,0.0,0.0,0.0,0.0,25.52,25.52,,931.0,25.64568801521877,452.0,7.52972975119116,3466.0,0.0,0.0,0.0,10.0,10.0,200.0,0.0,0.0,0.0,10.0,0.0,2.0,2.0,2.0,0.0,5.0,0.0,0.0,0.0,0.0,23.99,23.99,,925.0,24.324884640738297,455.0,7.785189467903943,3468.0,1.0,5.0,1.0,10.0,10.0,200.0,0.0,0.0,0.0,10.0,0.0,2.0,2.0,2.0,0.0,0.0,0.0,0.0,0.0,0.0,-1.5300000000000011,-1.5300000000000011,,-6.0,-1.320803374480473,3.0,0.25545971671278345,2.0,1.0,5.0,1.0,0.0,0.0,0.0,0.0,0.0,0.0,0.0,0.0,0.0,0.0,0.0,0.0
NODE_8452,generated_signal_7,4.0,5.0,0.0,0.0,0.0,0.0,27.49,27.49,,874.0,27.450594030715735,455.0,6.913287679647289,3469.0,0.0,0.0,0.0,10.0,10.0,200.0,0.0,0.0,0.0,10.0,0.0,2.0,2.0,2.0,0.0,5.0,0.0,0.0,0.0,0.0,29.78,29.78,,902.0,30.004736842105263,458.0,6.408304382734502,3472.0,1.0,5.0,1.0,10.0,10.0,200.0,0.0,0.0,0.0,10.0,0.0,2.0,2.0,2.0,0.0,0.0,0.0,0.0,0.0,0.0,2.2900000000000027,2.2900000000000027,,28.0,2.5541428113895286,3.0,-0.504983296912787,3.0,1.0,5.0,1.0,0.0,0.0,0.0,0.0,0.0,0.0,0.0,0.0,0.0,0.0,0.0,0.0
NODE_8452,generated_signal_7,5.0,5.0,0.0,0.0,0.0,0.0,23.52,23.52,,887.0,23.683673469387756,478.0,7.626086097688814,3466.0,0.0,0.0,0.0,10.0,10.0,200.0,0.0,0.0,0.0,10.0,0.0,2.0,2.0,2.0,0.0,5.0,0.0,0.0,0.0,0.0,22.74,22.74,,888.0,22.95407903123008,476.0,7.65896230207947,3465.0,1.0,5.0,1.0,10.0,10.0,200.0,0.0,0.0,0.0,10.0,0.0,2.0,2.0,2.0,0.0,0.0,0.0,0.0,0.0,0.0,-0.7800000000000011,-0.7800000000000011,,1.0,-0.729594438157676,-2.0,0.03287620439065542,-1.0,1.0,5.0,1.0,0.0,0.0,0.0,0.0,0.0,0.0,0.0,0.0,0.0,0.0,0.0,0.0
NODE_8452,generated_signal_7,6.0,5.0,0.0,0.0,0.0,0.0,24.17,24.17,,883.0,24.509064422143087,444.0,7.195401336309954,3470.0,0.0,0.0,0.0,10.0,9.0,180.0,0.0,0.0,0.5799999999999983,8.0,1.0,1.7,1.7,1.7,0.0,5.0,0.0,0.0,0.0,0.0,23.59,23.59,,881.0,23.800697674418608,441.0,7.418980623351002,3470.0,1.0,5.0,1.0,10.0,9.0,180.0,0.0,0.0,0.5799999999999983,8.0,1.0,1.7,1.7,1.7,0.0,0.0,0.0,0.0,0.0,0.0,-0.5800000000000018,-0.5800000000000018,,-2.0,-0.7083667477244795,-3.0,0.22357928704104868,0.0,1.0,5.0,1.0,0.0,0.0,0.0,0.0,0.0,0.0,0.0,0.0,0.0,0.0,0.0,0.0
NODE_8452,generated_signal_7,7.0,5.0,0.0,0.0,0.0,0.0,25.47,25.47,,862.0,25.66301862136557,435.0,7.195915272223795,3466.0,0.0,0.0,0.0,10.0,10.0,200.0,0.0,0.0,0.0,10.0,0.0,2.0,2.0,2.0,0.0,5.0,0.0,0.0,0.0,0.0,31.95,31.95,,863.0,32.75076405867971,430.0,5.786158373401241,3464.0,1.0,5.0,1.0,10.0,10.0,200.0,0.0,0.0,0.0,10.0,0.0,2.0,2.0,2.0,0.0,0.0,0.0,0.0,0.0,0.0,6.48,6.48,,1.0,7.087745437314137,-5.0,-1.409756898822554,-2.0,1.0,5.0,1.0,0.0,0.0,0.0,0.0,0.0,0.0,0.0,0.0,0.0,0.0,0.0,0.0
NODE_8452,generated_signal_7,8.0,5.0,0.0,0.0,0.0,0.0,24.72,24.72,,856.0,24.988020336828725,446.0,7.323828477266409,3464.0,0.0,0.0,0.0,10.0,10.0,200.0,0.0,0.0,0.0,10.0,0.0,2.0,2.0,2.0,0.0,5.0,0.0,0.0,0.0,0.0,22.99,22.99,,842.0,23.30308500164096,450.0,7.822873480539885,3464.0,1.0,5.0,1.0,10.0,10.0,200.0,0.0,0.0,0.0,10.0,0.0,2.0,2.0,2.0,0.0,0.0,0.0,0.0,0.0,0.0,-1.7300000000000004,-1.7300000000000004,,-14.0,-1.6849353351877667,4.0,0.49904500327347545,0.0,1.0,5.0,1.0,0.0,0.0,0.0,0.0,0.0,0.0,0.0,0.0,0.0,0.0,0.0,0.0
NODE_8452,generated_signal_7,9.0,5.0,0.0,0.0,0.0,0.0,25.33,25.33,,962.0,25.460259579728056,482.0,7.530986514418835,3471.0,0.0,0.0,0.0,10.0,6.0,120.0,0.0,0.0,3.5,5.0,1.0,1.1,1.1,1.1,0.0,5.0,0.0,0.0,0.0,0.0,27.23,27.23,,930.0,27.5894803548796,475.0,7.457961537346412,3467.0,1.0,5.0,1.0,10.0,6.0,120.0,0.0,0.0,3.5,5.0,1.0,1.1,1.1,1.1,0.0,0.0,0.0,0.0,0.0,0.0,1.9000000000000021,1.9000000000000021,,-32.0,2.129220775151545,-7.0,-0.07302497707242317,-4.0,1.0,5.0,1.0,0.0,0.0,0.0,0.0,0.0,0.0,0.0,0.0,0.0,0.0,0.0,0.0
NODE_8452,generated_signal_7,10.0,5.0,0.0,0.0,0.0,0.0,56.94,56.94,,778.0,57.627812622500976,430.0,3.335497316841476,3464.0,0.0,0.0,0.0,10.0,5.0,100.0,0.0,0.0,7.449999999999996,5.0,0.0,1.0,1.0,1.0,0.0,5.0,0.0,0.0,0.0,0.0,29.93,29.93,,837.0,30.10739165115661,471.0,6.4522720365875275,3463.0,1.0,5.0,1.0,10.0,5.0,100.0,0.0,0.0,7.449999999999996,5.0,0.0,1.0,1.0,1.0,0.0,0.0,0.0,0.0,0.0,0.0,-27.009999999999998,-27.009999999999998,,59.0,-27.520420971344365,41.0,3.1167747197460516,-1.0,1.0,5.0,1.0,0.0,0.0,0.0,0.0,0.0,0.0,0.0,0.0,0.0,0.0,0.0,0.0
NODE_8452,generated_signal_7,11.0,5.0,0.0,0.0,0.0,0.0,24.8,24.8,,854.0,25.07171419206817,443.0,7.677102229109276,3470.0,0.0,0.0,0.0,10.0,10.0,200.0,0.0,0.0,0.0,10.0,0.0,2.0,2.0,2.0,0.0,5.0,0.0,0.0,0.0,0.0,25.1,25.1,,808.0,25.43713919178961,445.0,7.621666524626993,3467.0,1.0,5.0,1.0,10.0,10.0,200.0,0.0,0.0,0.0,10.0,0.0,2.0,2.0,2.0,0.0,0.0,0.0,0.0,0.0,0.0,0.3000000000000007,0.3000000000000007,,-46.0,0.36542499972143716,2.0,-0.0554357044822833,-3.0,1.0,5.0,1.0,0.0,0.0,0.0,0.0,0.0,0.0,0.0,0.0,0.0,0.0,0.0,0.0
NODE_8452,generated_signal_7,12.0,5.0,0.0,0.0,0.0,0.0,24.04,24.04,,785.0,24.318153462258262,470.0,7.256225105406439,3470.0,0.0,0.0,0.0,10.0,10.0,200.0,0.0,0.0,0.0,10.0,0.0,2.0,2.0,2.0,0.0,5.0,0.0,0.0,0.0,0.0,23.5,23.5,,785.0,23.81202151217969,460.0,7.331137548616087,3469.0,1.0,5.0,1.0,10.0,10.0,200.0,0.0,0.0,0.0,10.0,0.0,2.0,2.0,2.0,0.0,0.0,0.0,0.0,0.0,0.0,-0.5399999999999991,-0.5399999999999991,,0.0,-0.5061319500785721,-10.0,0.07491244320964796,-1.0,1.0,5.0,1.0,0.0,0.0,0.0,0.0,0.0,0.0,0.0,0.0,0.0,0.0,0.0,0.0
NODE_8452,generated_signal_7,13.0,5.0,0.0,0.0,0.0,0.0,22.64,22.64,,877.0,22.541653000983928,461.0,7.907690328448616,3474.0,0.0,0.0,0.0,10.0,10.0,200.0,0.0,0.0,0.0,10.0,0.0,2.0,2.0,2.0,0.0,5.0,0.0,0.0,0.0,0.0,21.27,21.27,,853.0,21.257674418604655,462.0,8.107486122833869,3470.0,1.0,5.0,1.0,10.0,10.0,200.0,0.0,0.0,0.0,10.0,0.0,2.0,2.0,2.0,0.0,0.0,0.0,0.0,0.0,0.0,-1.370000000000001,-1.370000000000001,,-24.0,-1.283978582379273,1.0,0.19979579438525263,-4.0,1.0,5.0,1.0,0.0,0.0,0.0,0.0,0.0,0.0,0.0,0.0,0.0,0.0,0.0,0.0
NODE_8452,generated_signal_7,14.0,5.0,0.0,0.0,0.0,0.0,23.19,23.19,,837.0,23.220397815912637,416.0,8.324837894534305,3473.0,0.0,0.0,0.0,10.0,10.0,200.0,0.0,0.0,0.0,10.0,0.0,2.0,2.0,2.0,0.0,5.0,0.0,0.0,0.0,0.0,21.08,21.08,,856.0,21.176978706307754,418.0,8.75805524231018,3472.0,1.0,5.0,1.0,10.0,10.0,200.0,0.0,0.0,0.0,10.0,0.0,2.0,2.0,2.0,0.0,0.0,0.0,0.0,0.0,0.0,-2.110000000000003,-2.110000000000003,,19.0,-2.0434191096048835,2.0,0.43321734777587473,-1.0,1.0,5.0,1.0,0.0,0.0,0.0,0.0,0.0,0.0,0.0,0.0,0.0,0.0,0.0,0.0
NODE_8452,generated_signal_7,15.0,5.0,0.0,0.0,0.0,0.0,25.3,25.3,,872.0,25.625225806451613,447.0,7.453754484352164,3469.0,0.0,0.0,0.0,10.0,10.0,200.0,0.0,0.0,0.0,10.0,0.0,2.0,2.0,2.0,0.0,5.0,0.0,0.0,0.0,0.0,25.52,25.52,,872.0,25.924259952364743,429.0,7.335593257547719,3469.0,1.0,5.0,1.0,10.0,10.0,200.0,0.0,0.0,0.0,10.0,0.0,2.0,2.0,2.0,0.0,0.0,0.0,0.0,0.0,0.0,0.21999999999999886,0.21999999999999886,,0.0,0.2990341459131294,-18.0,-0.1181612268044443,0.0,1.0,5.0,1.0,0.0,0.0,0.0,0.0,0.0,0.0,0.0,0.0,0.0,0.0,0.0,0.0
NODE_8452,generated_signal_7,16.0,5.0,0.0,0.0,0.0,0.0,26.34,26.34,,842.0,26.503266563944532,444.0,6.952847145068338,3467.0,0.0,0.0,0.0,10.0,10.0,200.0,0.0,0.0,0.0,10.0,0.0,2.0,2.0,2.0,0.0,5.0,0.0,0.0,0.0,0.0,26.09,26.09,,841.0,26.30198655256724,439.0,6.920904984157633,3465.0,1.0,5.0,1.0,10.0,10.0,200.0,0.0,0.0,0.0,10.0,0.0,2.0,2.0,2.0,0.0,0.0,0.0,0.0,0.0,0.0,-0.25,-0.25,,-1.0,-0.20128001137729257,-5.0,-0.03194216091070512,-2.0,1.0,5.0,1.0,0.0,0.0,0.0,0.0,0.0,0.0,0.0,0.0,0.0,0.0,0.0,0.0
NODE_8452,generated_signal_7,17.0,5.0,0.0,0.0,0.0,0.0,25.4,25.4,,823.0,25.966635687732342,458.0,7.1852166324860125,3462.0,0.0,0.0,0.0,10.0,10.0,200.0,0.0,0.0,0.0,10.0,0.0,2.0,2.0,2.0,0.0,5.0,0.0,0.0,0.0,0.0,24.52,24.52,,846.0,24.824877300613498,460.0,7.407866924250581,3463.0,1.0,5.0,1.0,10.0,10.0,200.0,0.0,0.0,0.0,10.0,0.0,2.0,2.0,2.0,0.0,0.0,0.0,0.0,0.0,0.0,-0.879999999999999,-0.879999999999999,,23.0,-1.1417583871188448,2.0,0.22265029176456874,1.0,1.0,5.0,1.0,0.0,0.0,0.0,0.0,0.0,0.0,0.0,0.0,0.0,0.0,0.0,0.0
NODE_8452,generated_signal_7,18.0,5.0,0.0,0.0,0.0,0.0,25.51,25.51,,856.0,25.82587155963303,453.0,7.262446116237529,3466.0,0.0,0.0,0.0,10.0,10.0,200.0,0.0,0.0,0.0,10.0,0.0,2.0,2.0,2.0,0.0,5.0,0.0,0.0,0.0,0.0,26.22,26.22,,858.0,26.65527047913446,459.0,7.112539513180606,3467.0,1.0,5.0,1.0,10.0,10.0,200.0,0.0,0.0,0.0,10.0,0.0,2.0,2.0,2.0,0.0,0.0,0.0,0.0,0.0,0.0,0.7099999999999973,0.7099999999999973,,2.0,0.8293989195014326,6.0,-0.14990660305692227,1.0,1.0,5.0,1.0,0.0,0.0,0.0,0.0,0.0,0.0,0.0,0.0,0.0,0.0,0.0,0.0
NODE_8452,generated_signal_7,19.0,5.0,0.0,0.0,0.0,0.0,25.14,25.14,,851.0,25.52424760601915,421.0,7.221796789401965,3467.0,0.0,0.0,0.0,10.0,10.0,200.0,0.0,0.0,0.0799999999999997,10.0,0.0,2.0,2.0,2.0,0.0,5.0,0.0,0.0,0.0,0.0,23.71,23.71,,831.0,24.168545081967213,420.0,7.352074943842663,3466.0,1.0,5.0,1.0,10.0,10.0,200.0,0.0,0.0,0.0799999999999997,10.0,0.0,2.0,2.0,2.0,0.0,0.0,0.0,0.0,0.0,0.0,-1.4299999999999997,-1.4299999999999997,,-20.0,-1.3557025240519351,-1.0,0.13027815444069812,-1.0,1.0,5.0,1.0,0.0,0.0,0.0,0.0,0.0,0.0,0.0,0.0,0.0,0.0,0.0,0.0
NODE_8452,generated_signal_7,20.0,5.0,0.0,0.0,0.0,0.0,20.23,20.23,,854.0,20.30877045740663,427.0,9.053011045542949,3465.0,0.0,0.0,0.0,10.0,5.0,100.0,0.0,0.0,3.949999999999996,5.0,0.0,1.0,1.0,1.0,0.0,5.0,0.0,0.0,0.0,0.0,19.68,19.68,,854.0,20.08052543786489,427.0,9.187950710266415,3464.0,1.0,5.0,1.0,10.0,5.0,100.0,0.0,0.0,3.949999999999996,5.0,0.0,1.0,1.0,1.0,0.0,0.0,0.0,0.0,0.0,0.0,-0.5500000000000007,-0.5500000000000007,,0.0,-0.2282450195417418,0.0,0.13493966472346663,-1.0,1.0,5.0,1.0,0.0,0.0,0.0,0.0,0.0,0.0,0.0,0.0,0.0,0.0,0.0,0.0
NODE_8452,generated_signal_7,21.0,5.0,0.0,0.0,0.0,0.0,29.68,29.68,,831.0,30.128063241106716,460.0,6.1532029736859855,3464.0,0.0,0.0,0.0,10.0,10.0,200.0,0.0,0.0,0.0,10.0,0.0,2.0,2.0,2.0,0.0,5.0,0.0,0.0,0.0,0.0,26.09,26.09,,829.0,26.43737283064034,461.0,7.180188534802837,3464.0,1.0,5.0,1.0,10.0,10.0,200.0,0.0,0.0,0.0,10.0,0.0,2.0,2.0,2.0,0.0,0.0,0.0,0.0,0.0,0.0,-3.59,-3.59,,-2.0,-3.6906904104663774,1.0,1.0269855611168515,0.0,1.0,5.0,1.0,0.0,0.0,0.0,0.0,0.0,0.0,0.0,0.0,0.0,0.0,0.0,0.0
NODE_8452,generated_signal_7,22.0,5.0,0.0,0.0,0.0,0.0,28.7,28.7,,830.0,28.775701186623515,463.0,6.427765845587444,3468.0,0.0,0.0,0.0,10.0,10.0,200.0,0.0,0.0,0.0,10.0,0.0,2.0,2.0,2.0,0.0,5.0,0.0,0.0,0.0,0.0,28.08,28.08,,839.0,28.319545823195455,463.0,6.4329593520476,3470.0,1.0,5.0,1.0,10.0,10.0,200.0,0.0,0.0,0.0,10.0,0.0,2.0,2.0,2.0,0.0,0.0,0.0,0.0,0.0,0.0,-0.620000000000001,-0.620000000000001,,9.0,-0.45615536342805996,0.0,0.005193506460156705,2.0,1.0,5.0,1.0,0.0,0.0,0.0,0.0,0.0,0.0,0.0,0.0,0.0,0.0,0.0,0.0
NODE_8452,generated_signal_7,23.0,5.0,0.0,0.0,0.0,0.0,23.48,23.48,,902.0,23.607000663570005,436.0,7.966167950823152,3471.0,0.0,0.0,0.0,10.0,10.0,200.0,0.0,0.0,0.0,10.0,0.0,2.0,2.0,2.0,0.0,5.0,0.0,0.0,0.0,0.0,23.67,23.67,,893.0,23.91692567567568,432.0,8.016344214948505,3469.0,1.0,5.0,1.0,10.0,10.0,200.0,0.0,0.0,0.0,10.0,0.0,2.0,2.0,2.0,0.0,0.0,0.0,0.0,0.0,0.0,0.19000000000000128,0.19000000000000128,,-9.0,0.30992501210567625,-4.0,0.05017626412535314,-2.0,1.0,5.0,1.0,0.0,0.0,0.0,0.0,0.0,0.0,0.0,0.0,0.0,0.0,0.0,0.0
NODE_8452,generated_signal_7,24.0,5.0,0.0,0.0,0.0,0.0,26.68,26.68,,821.0,26.90322389825496,424.0,6.666559048511527,3464.0,0.0,0.0,0.0,10.0,10.0,200.0,0.0,0.0,0.0,10.0,0.0,2.0,2.0,2.0,0.0,5.0,0.0,0.0,0.0,0.0,28.81,28.81,,806.0,29.066638346077603,427.0,6.424251496059021,3466.0,1.0,5.0,1.0,10.0,10.0,200.0,0.0,0.0,0.0,10.0,0.0,2.0,2.0,2.0,0.0,0.0,0.0,0.0,0.0,0.0,2.129999999999999,2.129999999999999,,-15.0,2.1634144478226425,3.0,-0.24230755245250535,2.0,1.0,5.0,1.0,0.0,0.0,0.0,0.0,0.0,0.0,0.0,0.0,0.0,0.0,0.0,0.0
NODE_8452,generated_signal_7,25.0,5.0,0.0,0.0,0.0,0.0,25.56,25.56,,836.0,25.75807402554864,437.0,7.62101589654866,3466.0,0.0,0.0,0.0,10.0,10.0,200.0,0.0,0.0,0.0,10.0,0.0,2.0,2.0,2.0,0.0,5.0,0.0,0.0,0.0,0.0,23.71,23.71,,853.0,24.026892163429338,444.0,7.78537318695355,3467.0,1.0,5.0,1.0,10.0,10.0,200.0,0.0,0.0,0.0,10.0,0.0,2.0,2.0,2.0,0.0,0.0,0.0,0.0,0.0,0.0,-1.8499999999999979,-1.8499999999999979,,17.0,-1.7311818621193034,7.0,0.16435729040489022,1.0,1.0,5.0,1.0,0.0,0.0,0.0,0.0,0.0,0.0,0.0,0.0,0.0,0.0,0.0,0.0
NODE_8452,generated_signal_7,26.0,5.0,0.0,0.0,0.0,0.0,37.11,37.11,,856.0,37.554791666666674,438.0,5.2494859415981105,3468.0,0.0,0.0,0.0,10.0,10.0,200.0,0.0,0.0,0.0,10.0,0.0,2.0,2.0,2.0,0.0,5.0,0.0,0.0,0.0,0.0,23.0,23.0,,875.0,23.404803040774016,437.0,7.941501679358887,3467.0,1.0,5.0,1.0,10.0,10.0,200.0,0.0,0.0,0.0,10.0,0.0,2.0,2.0,2.0,0.0,0.0,0.0,0.0,0.0,0.0,-14.11,-14.11,,19.0,-14.149988625892657,-1.0,2.6920157377607765,-1.0,1.0,5.0,1.0,0.0,0.0,0.0,0.0,0.0,0.0,0.0,0.0,0.0,0.0,0.0,0.0
NODE_8452,generated_signal_7,27.0,5.0,0.0,0.0,0.0,0.0,24.53,24.53,,845.0,24.802070808283233,442.0,7.656902783340221,3467.0,0.0,0.0,0.0,10.0,6.0,120.0,0.0,0.0,3.4499999999999957,5.0,1.0,1.1,1.1,1.1,0.0,5.0,0.0,0.0,0.0,0.0,24.91,24.91,,842.0,25.162759336099583,442.0,7.854294600017167,3466.0,1.0,5.0,1.0,10.0,6.0,120.0,0.0,0.0,3.4499999999999957,5.0,1.0,1.1,1.1,1.1,0.0,0.0,0.0,0.0,0.0,0.0,0.379999999999999,0.379999999999999,,-3.0,0.3606885278163503,0.0,0.19739181667694616,-1.0,1.0,5.0,1.0,0.0,0.0,0.0,0.0,0.0,0.0,0.0,0.0,0.0,0.0,0.0,0.0
NODE_8452,generated_signal_7,28.0,5.0,0.0,0.0,0.0,0.0,23.94,23.94,,755.0,24.080543785310734,429.0,7.777297556020501,3461.0,0.0,0.0,0.0,10.0,10.0,200.0,0.0,0.0,0.0,10.0,0.0,2.0,2.0,2.0,0.0,5.0,0.0,0.0,0.0,0.0,24.25,24.25,,772.0,24.526402188782487,433.0,7.524929431620004,3463.0,1.0,5.0,1.0,10.0,10.0,200.0,0.0,0.0,0.0,10.0,0.0,2.0,2.0,2.0,0.0,0.0,0.0,0.0,0.0,0.0,0.3099999999999987,0.3099999999999987,,17.0,0.4458584034717532,4.0,-0.2523681244004967,2.0,1.0,5.0,1.0,0.0,0.0,0.0,0.0,0.0,0.0,0.0,0.0,0.0,0.0,0.0,0.0
NODE_8452,generated_signal_7,29.0,5.0,0.0,0.0,0.0,0.0,22.59,22.59,,823.0,22.901759324419423,436.0,7.934720542727361,3474.0,0.0,0.0,0.0,10.0,10.0,200.0,0.0,0.0,0.0,10.0,0.0,2.0,2.0,2.0,0.0,5.0,0.0,0.0,0.0,0.0,23.03,23.03,,822.0,23.14431398859443,435.0,7.669405960100987,3473.0,1.0,5.0,1.0,10.0,10.0,200.0,0.0,0.0,0.0,10.0,0.0,2.0,2.0,2.0,0.0,0.0,0.0,0.0,0.0,0.0,0.4400000000000013,0.4400000000000013,,-1.0,0.2425546641750067,-1.0,-0.26531458262637386,-1.0,1.0,5.0,1.0,0.0,0.0,0.0,0.0,0.0,0.0,0.0,0.0,0.0,0.0,0.0,0.0
NODE_8452,generated_signal_7,30.0,5.0,0.0,0.0,0.0,0.0,60.56,60.56,,820.0,61.21372549019609,385.0,2.809722117236694,3464.0,0.0,0.0,0.0,10.0,10.0,200.0,0.0,0.0,0.0,10.0,0.0,2.0,2.0,2.0,0.0,5.0,0.0,0.0,0.0,0.0,60.31,60.31,,834.0,60.80119072487988,397.0,2.911844981664138,3471.0,1.0,5.0,1.0,10.0,10.0,200.0,0.0,0.0,0.0,10.0,0.0,2.0,2.0,2.0,0.0,0.0,0.0,0.0,0.0,0.0,-0.25,-0.25,,14.0,-0.4125347653162095,12.0,0.1021228644274439,7.0,1.0,5.0,1.0,0.0,0.0,0.0,0.0,0.0,0.0,0.0,0.0,0.0,0.0,0.0,0.0
NODE_10060,p1_p4_recovery_6,1.0,5.0,0.0,0.0,0.0,0.0,25.63,25.63,,850.0,26.04547690625854,450.0,7.322363888379477,3466.0,0.0,0.0,0.0,9.0,9.0,180.0,0.0,0.0,0.0,9.0,0.0,1.8,1.8,1.8,0.0,5.0,0.0,0.0,0.0,0.0,24.35,24.35,,866.0,24.50848585690516,458.0,7.29884006025473,3466.0,1.0,5.0,1.0,9.0,9.0,180.0,0.0,0.0,0.0,9.0,0.0,1.8,1.8,1.8,0.0,0.0,0.0,0.0,0.0,0.0,-1.2799999999999976,-1.2799999999999976,,16.0,-1.5369910493533787,8.0,-0.023523828124746515,0.0,1.0,5.0,1.0,0.0,0.0,0.0,0.0,0.0,0.0,0.0,0.0,0.0,0.0,0.0,0.0
NODE_10060,p1_p4_recovery_6,2.0,5.0,0.0,0.0,0.0,0.0,28.37,28.37,,806.0,29.233402985074623,414.0,6.276106585111663,3463.0,0.0,0.0,0.0,9.0,9.0,180.0,0.0,0.0,0.0,9.0,0.0,1.8,1.8,1.8,0.0,5.0,0.0,0.0,0.0,0.0,24.84,24.84,,791.0,25.710799267846248,452.0,7.381211778775579,3460.0,1.0,5.0,1.0,9.0,9.0,180.0,0.0,0.0,0.0,9.0,0.0,1.8,1.8,1.8,0.0,0.0,0.0,0.0,0.0,0.0,-3.530000000000001,-3.530000000000001,,-15.0,-3.5226037172283746,38.0,1.105105193663916,-3.0,1.0,5.0,1.0,0.0,0.0,0.0,0.0,0.0,0.0,0.0,0.0,0.0,0.0,0.0,0.0
NODE_10060,p1_p4_recovery_6,3.0,5.0,0.0,0.0,0.0,0.0,31.35,31.35,,906.0,31.713431677018637,440.0,6.5907532564820395,3468.0,0.0,0.0,0.0,9.0,9.0,180.0,0.0,0.0,0.0,9.0,0.0,1.8,1.8,1.8,0.0,5.0,0.0,0.0,0.0,0.0,15.3,15.3,,920.0,15.71540729819388,414.0,9.645838026042384,3467.0,1.0,5.0,1.0,9.0,9.0,180.0,0.0,0.0,0.0,9.0,0.0,1.8,1.8,1.8,0.0,0.0,0.0,0.0,0.0,0.0,-16.05,-16.05,,14.0,-15.998024378824757,-26.0,3.0550847695603442,-1.0,1.0,5.0,1.0,0.0,0.0,0.0,0.0,0.0,0.0,0.0,0.0,0.0,0.0,0.0,0.0
NODE_10060,p1_p4_recovery_6,4.0,5.0,0.0,0.0,0.0,0.0,18.61,18.61,,851.0,18.8267743796884,493.0,8.503544942736278,3470.0,0.0,0.0,0.0,9.0,9.0,180.0,0.0,0.0,0.0,9.0,0.0,1.8,1.8,1.8,0.0,5.0,0.0,0.0,0.0,0.0,14.59,14.59,,888.0,14.987245547073792,494.0,9.046719969684355,3469.0,1.0,5.0,1.0,9.0,9.0,180.0,0.0,0.0,0.0,9.0,0.0,1.8,1.8,1.8,0.0,0.0,0.0,0.0,0.0,0.0,-4.02,-4.02,,37.0,-3.839528832614606,1.0,0.5431750269480773,-1.0,1.0,5.0,1.0,0.0,0.0,0.0,0.0,0.0,0.0,0.0,0.0,0.0,0.0,0.0,0.0
NODE_10060,p1_p4_recovery_6,5.0,5.0,0.0,0.0,0.0,0.0,19.23,19.23,,890.0,19.52545632333768,442.0,8.71505642086737,3464.0,0.0,0.0,0.0,9.0,9.0,180.0,0.0,0.0,0.0,9.0,0.0,1.8,1.8,1.8,0.0,5.0,0.0,0.0,0.0,0.0,20.24,20.24,,901.0,21.096258847320524,428.0,8.263519933650512,3464.0,1.0,5.0,1.0,9.0,9.0,180.0,0.0,0.0,0.0,9.0,0.0,1.8,1.8,1.8,0.0,0.0,0.0,0.0,0.0,0.0,1.009999999999998,1.009999999999998,,11.0,1.5708025239828451,-14.0,-0.4515364872168579,0.0,1.0,5.0,1.0,0.0,0.0,0.0,0.0,0.0,0.0,0.0,0.0,0.0,0.0,0.0,0.0
NODE_10060,p1_p4_recovery_6,6.0,5.0,0.0,0.0,0.0,0.0,20.83,20.83,,867.0,21.355733458912173,504.0,6.953282197017081,3469.0,0.0,0.0,0.0,9.0,9.0,180.0,0.0,0.0,0.0,9.0,0.0,1.8,1.8,1.8,0.0,5.0,0.0,0.0,0.0,0.0,30.56,30.56,,881.0,31.04869636624923,491.0,5.706888746704701,3469.0,1.0,5.0,1.0,9.0,9.0,180.0,0.0,0.0,0.0,9.0,0.0,1.8,1.8,1.8,0.0,0.0,0.0,0.0,0.0,0.0,9.73,9.73,,14.0,9.692962907337058,-13.0,-1.2463934503123797,0.0,1.0,5.0,1.0,0.0,0.0,0.0,0.0,0.0,0.0,0.0,0.0,0.0,0.0,0.0,0.0
NODE_10060,p1_p4_recovery_6,7.0,5.0,0.0,0.0,0.0,0.0,16.5,16.5,,856.0,16.97142359902541,444.0,8.986440740842047,3462.0,0.0,0.0,0.0,9.0,9.0,180.0,0.0,0.0,0.0,9.0,0.0,1.8,1.8,1.8,0.0,5.0,0.0,0.0,0.0,0.0,15.0,15.0,,858.0,15.395934959349592,447.0,9.549551356798624,3462.0,1.0,5.0,1.0,9.0,9.0,180.0,0.0,0.0,0.0,9.0,0.0,1.8,1.8,1.8,0.0,0.0,0.0,0.0,0.0,0.0,-1.5,-1.5,,2.0,-1.575488639675818,3.0,0.5631106159565764,0.0,1.0,5.0,1.0,0.0,0.0,0.0,0.0,0.0,0.0,0.0,0.0,0.0,0.0,0.0,0.0
NODE_10060,p1_p4_recovery_6,8.0,5.0,0.0,0.0,0.0,0.0,26.14,26.14,,831.0,27.06181136429189,452.0,6.84637752478418,3465.0,0.0,0.0,0.0,9.0,9.0,180.0,0.0,0.0,0.0,9.0,0.0,1.8,1.8,1.8,0.0,5.0,0.0,0.0,0.0,0.0,25.43,25.43,,864.0,25.938921360255048,483.0,7.016403122114745,3468.0,1.0,5.0,1.0,9.0,9.0,180.0,0.0,0.0,0.0,9.0,0.0,1.8,1.8,1.8,0.0,0.0,0.0,0.0,0.0,0.0,-0.7100000000000009,-0.7100000000000009,,33.0,-1.1228900040368437,31.0,0.17002559733056533,3.0,1.0,5.0,1.0,0.0,0.0,0.0,0.0,0.0,0.0,0.0,0.0,0.0,0.0,0.0,0.0
NODE_10060,p1_p4_recovery_6,9.0,5.0,0.0,0.0,0.0,0.0,31.3,31.3,,929.0,31.902547931382443,457.0,5.826508480011718,3469.0,0.0,0.0,0.0,9.0,9.0,180.0,0.0,0.0,0.0,9.0,0.0,1.8,1.8,1.8,0.0,5.0,0.0,0.0,0.0,0.0,22.52,22.52,,890.0,23.203586497890296,449.0,7.275970868259904,3465.0,1.0,5.0,1.0,9.0,9.0,180.0,0.0,0.0,0.0,9.0,0.0,1.8,1.8,1.8,0.0,0.0,0.0,0.0,0.0,0.0,-8.780000000000001,-8.780000000000001,,-39.0,-8.698961433492148,-8.0,1.449462388248186,-4.0,1.0,5.0,1.0,0.0,0.0,0.0,0.0,0.0,0.0,0.0,0.0,0.0,0.0,0.0,0.0
NODE_10060,p1_p4_recovery_6,10.0,5.0,0.0,0.0,0.0,0.0,28.16,28.16,,861.0,28.820367877972185,502.0,6.459973213941613,3461.0,0.0,0.0,0.0,9.0,9.0,180.0,0.0,0.0,0.0,9.0,0.0,1.8,1.8,1.8,0.0,5.0,0.0,0.0,0.0,0.0,27.18,27.18,,835.0,27.92926655589841,504.0,7.064884315732775,3465.0,1.0,5.0,1.0,9.0,9.0,180.0,0.0,0.0,0.0,9.0,0.0,1.8,1.8,1.8,0.0,0.0,0.0,0.0,0.0,0.0,-0.9800000000000004,-0.9800000000000004,,-26.0,-0.8911013220737765,2.0,0.6049111017911626,4.0,1.0,5.0,1.0,0.0,0.0,0.0,0.0,0.0,0.0,0.0,0.0,0.0,0.0,0.0,0.0
NODE_10060,p1_p4_recovery_6,11.0,5.0,0.0,0.0,0.0,0.0,49.76,49.76,,840.0,50.46658921933086,438.0,4.590505253446052,3462.0,0.0,0.0,0.0,9.0,9.0,180.0,0.0,0.0,0.0,9.0,0.0,1.8,1.8,1.8,0.0,5.0,0.0,0.0,0.0,0.0,51.09,51.09,,848.0,51.893280977312386,444.0,4.210557151918473,3463.0,1.0,5.0,1.0,9.0,9.0,180.0,0.0,0.0,0.0,9.0,0.0,1.8,1.8,1.8,0.0,0.0,0.0,0.0,0.0,0.0,1.3300000000000054,1.3300000000000054,,8.0,1.42669175798153,6.0,-0.37994810152757896,1.0,1.0,5.0,1.0,0.0,0.0,0.0,0.0,0.0,0.0,0.0,0.0,0.0,0.0,0.0,0.0
NODE_10060,p1_p4_recovery_6,12.0,5.0,0.0,0.0,0.0,0.0,23.46,23.46,,758.0,24.08379469434833,508.0,8.880124741991045,3461.0,0.0,0.0,0.0,9.0,9.0,180.0,0.0,0.0,0.0,9.0,0.0,1.8,1.8,1.8,0.0,5.0,0.0,0.0,0.0,0.0,23.02,23.02,,763.0,23.45980036297641,479.0,8.921070311238594,3462.0,1.0,5.0,1.0,9.0,9.0,180.0,0.0,0.0,0.0,9.0,0.0,1.8,1.8,1.8,0.0,0.0,0.0,0.0,0.0,0.0,-0.4400000000000013,-0.4400000000000013,,5.0,-0.6239943313719216,-29.0,0.04094556924754933,1.0,1.0,5.0,1.0,0.0,0.0,0.0,0.0,0.0,0.0,0.0,0.0,0.0,0.0,0.0,0.0
NODE_10060,p1_p4_recovery_6,13.0,5.0,0.0,0.0,0.0,0.0,25.42,25.42,,846.0,26.199298469387756,421.0,7.417604794301675,3470.0,0.0,0.0,0.0,9.0,9.0,180.0,0.0,0.0,0.0,9.0,0.0,1.8,1.8,1.8,0.0,5.0,0.0,0.0,0.0,0.0,26.14,26.14,,849.0,26.85602312881465,419.0,7.57778818893695,3466.0,1.0,5.0,1.0,9.0,9.0,180.0,0.0,0.0,0.0,9.0,0.0,1.8,1.8,1.8,0.0,0.0,0.0,0.0,0.0,0.0,0.7199999999999989,0.7199999999999989,,3.0,0.6567246594268923,-2.0,0.16018339463527465,-4.0,1.0,5.0,1.0,0.0,0.0,0.0,0.0,0.0,0.0,0.0,0.0,0.0,0.0,0.0,0.0
NODE_10060,p1_p4_recovery_6,14.0,5.0,0.0,0.0,0.0,0.0,19.59,19.59,,836.0,19.95741127348643,525.0,6.925379776054083,3468.0,0.0,0.0,0.0,9.0,9.0,180.0,0.0,0.0,0.0,9.0,0.0,1.8,1.8,1.8,0.0,5.0,0.0,0.0,0.0,0.0,24.82,24.82,,874.0,25.34093851132686,525.0,5.559169108954717,3472.0,1.0,5.0,1.0,9.0,9.0,180.0,0.0,0.0,0.0,9.0,0.0,1.8,1.8,1.8,0.0,0.0,0.0,0.0,0.0,0.0,5.23,5.23,,38.0,5.383527237840433,0.0,-1.3662106670993657,4.0,1.0,5.0,1.0,0.0,0.0,0.0,0.0,0.0,0.0,0.0,0.0,0.0,0.0,0.0,0.0
NODE_10060,p1_p4_recovery_6,15.0,5.0,0.0,0.0,0.0,0.0,18.59,18.59,,900.0,19.1174444721737,513.0,7.426126510043764,3467.0,0.0,0.0,0.0,9.0,9.0,180.0,0.0,0.0,0.0,9.0,0.0,1.8,1.8,1.8,0.0,5.0,0.0,0.0,0.0,0.0,18.18,18.18,,879.0,18.70660377358491,513.0,7.590841654149109,3467.0,1.0,5.0,1.0,9.0,9.0,180.0,0.0,0.0,0.0,9.0,0.0,1.8,1.8,1.8,0.0,0.0,0.0,0.0,0.0,0.0,-0.41000000000000014,-0.41000000000000014,,-21.0,-0.4108406985887889,0.0,0.1647151441053456,0.0,1.0,5.0,1.0,0.0,0.0,0.0,0.0,0.0,0.0,0.0,0.0,0.0,0.0,0.0,0.0
NODE_10060,p1_p4_recovery_6,16.0,5.0,0.0,0.0,0.0,0.0,19.63,19.63,,811.0,20.469405034324943,502.0,6.344165405268151,3466.0,0.0,0.0,0.0,9.0,9.0,180.0,0.0,0.0,0.0,9.0,0.0,1.8,1.8,1.8,0.0,5.0,0.0,0.0,0.0,0.0,20.92,20.92,,839.0,21.75030262273033,504.0,6.234796773185934,3466.0,1.0,5.0,1.0,9.0,9.0,180.0,0.0,0.0,0.0,9.0,0.0,1.8,1.8,1.8,0.0,0.0,0.0,0.0,0.0,0.0,1.2900000000000027,1.2900000000000027,,28.0,1.280897588405388,2.0,-0.1093686320822167,0.0,1.0,5.0,1.0,0.0,0.0,0.0,0.0,0.0,0.0,0.0,0.0,0.0,0.0,0.0,0.0
NODE_10060,p1_p4_recovery_6,17.0,5.0,0.0,0.0,0.0,0.0,22.15,22.15,,850.0,22.729023383768915,487.0,6.199967787706606,3464.0,0.0,0.0,0.0,9.0,9.0,180.0,0.0,0.0,0.0,9.0,0.0,1.8,1.8,1.8,0.0,5.0,0.0,0.0,0.0,0.0,21.11,21.11,,859.0,21.58832391713748,488.0,6.444028651082123,3464.0,1.0,5.0,1.0,9.0,9.0,180.0,0.0,0.0,0.0,9.0,0.0,1.8,1.8,1.8,0.0,0.0,0.0,0.0,0.0,0.0,-1.0399999999999991,-1.0399999999999991,,9.0,-1.1406994666314354,1.0,0.24406086337551702,0.0,1.0,5.0,1.0,0.0,0.0,0.0,0.0,0.0,0.0,0.0,0.0,0.0,0.0,0.0,0.0
NODE_10060,p1_p4_recovery_6,18.0,5.0,0.0,0.0,0.0,0.0,36.4,36.4,,861.0,37.08829121261304,425.0,4.894923036205186,3464.0,0.0,0.0,0.0,9.0,9.0,180.0,0.0,0.0,0.0,9.0,0.0,1.8,1.8,1.8,0.0,5.0,0.0,0.0,0.0,0.0,27.88,27.88,,841.0,28.615351004951936,424.0,6.5769449093183265,3465.0,1.0,5.0,1.0,9.0,9.0,180.0,0.0,0.0,0.0,9.0,0.0,1.8,1.8,1.8,0.0,0.0,0.0,0.0,0.0,0.0,-8.52,-8.52,,-20.0,-8.472940207661107,-1.0,1.6820218731131407,1.0,1.0,5.0,1.0,0.0,0.0,0.0,0.0,0.0,0.0,0.0,0.0,0.0,0.0,0.0,0.0
NODE_10060,p1_p4_recovery_6,19.0,5.0,0.0,0.0,0.0,0.0,16.47,16.47,,818.0,16.8504009163803,435.0,9.5599271612161,3463.0,0.0,0.0,0.0,9.0,9.0,180.0,0.0,0.0,0.0,9.0,0.0,1.8,1.8,1.8,0.0,5.0,0.0,0.0,0.0,0.0,14.92,14.92,,790.0,15.52730593607306,493.0,8.883946571286987,3461.0,1.0,5.0,1.0,9.0,9.0,180.0,0.0,0.0,0.0,9.0,0.0,1.8,1.8,1.8,0.0,0.0,0.0,0.0,0.0,0.0,-1.549999999999999,-1.549999999999999,,-28.0,-1.3230949803072392,58.0,-0.6759805899291127,-2.0,1.0,5.0,1.0,0.0,0.0,0.0,0.0,0.0,0.0,0.0,0.0,0.0,0.0,0.0,0.0
NODE_10060,p1_p4_recovery_6,20.0,5.0,0.0,0.0,0.0,0.0,26.57,26.57,,851.0,27.26872842347526,438.0,7.061242490375538,3464.0,0.0,0.0,0.0,9.0,9.0,180.0,0.0,0.0,0.0,9.0,0.0,1.8,1.8,1.8,0.0,5.0,0.0,0.0,0.0,0.0,28.9,28.9,,836.0,29.750228180262408,437.0,6.591061194434594,3465.0,1.0,5.0,1.0,9.0,9.0,180.0,0.0,0.0,0.0,9.0,0.0,1.8,1.8,1.8,0.0,0.0,0.0,0.0,0.0,0.0,2.3299999999999983,2.3299999999999983,,-15.0,2.481499756787148,-1.0,-0.4701812959409448,1.0,1.0,5.0,1.0,0.0,0.0,0.0,0.0,0.0,0.0,0.0,0.0,0.0,0.0,0.0,0.0
NODE_10060,p1_p4_recovery_6,21.0,5.0,0.0,0.0,0.0,0.0,65.17,65.17,,823.0,65.87584286574352,418.0,1.9585124889133303,3468.0,0.0,0.0,0.0,9.0,9.0,180.0,0.0,0.0,0.0,9.0,0.0,1.8,1.8,1.8,0.0,5.0,0.0,0.0,0.0,0.0,67.77,67.77,,832.0,68.42740189445196,424.0,1.7660820721788668,3467.0,1.0,5.0,1.0,9.0,9.0,180.0,0.0,0.0,0.0,9.0,0.0,1.8,1.8,1.8,0.0,0.0,0.0,0.0,0.0,0.0,2.5999999999999943,2.5999999999999943,,9.0,2.5515590287084393,6.0,-0.19243041673446348,-1.0,1.0,5.0,1.0,0.0,0.0,0.0,0.0,0.0,0.0,0.0,0.0,0.0,0.0,0.0,0.0
NODE_10060,p1_p4_recovery_6,22.0,5.0,0.0,0.0,0.0,0.0,41.03,41.03,,854.0,41.672470160871825,399.0,4.873154520149131,3468.0,0.0,0.0,0.0,9.0,9.0,180.0,0.0,0.0,0.0,9.0,0.0,1.8,1.8,1.8,0.0,5.0,0.0,0.0,0.0,0.0,32.54,32.54,,872.0,33.20841968911917,441.0,5.964334222386676,3465.0,1.0,5.0,1.0,9.0,9.0,180.0,0.0,0.0,0.0,9.0,0.0,1.8,1.8,1.8,0.0,0.0,0.0,0.0,0.0,0.0,-8.490000000000002,-8.490000000000002,,18.0,-8.464050471752657,42.0,1.091179702237545,-3.0,1.0,5.0,1.0,0.0,0.0,0.0,0.0,0.0,0.0,0.0,0.0,0.0,0.0,0.0,0.0
NODE_10060,p1_p4_recovery_6,23.0,5.0,0.0,0.0,0.0,0.0,16.52,16.52,,885.0,16.91840390879479,514.0,8.666884667117674,3471.0,0.0,0.0,0.0,9.0,9.0,180.0,0.0,0.0,0.0,9.0,0.0,1.8,1.8,1.8,0.0,5.0,0.0,0.0,0.0,0.0,20.24,20.24,,868.0,20.924506666666662,505.0,8.024597946813053,3470.0,1.0,5.0,1.0,9.0,9.0,180.0,0.0,0.0,0.0,9.0,0.0,1.8,1.8,1.8,0.0,0.0,0.0,0.0,0.0,0.0,3.719999999999999,3.719999999999999,,-17.0,4.006102757871872,-9.0,-0.6422867203046216,-1.0,1.0,5.0,1.0,0.0,0.0,0.0,0.0,0.0,0.0,0.0,0.0,0.0,0.0,0.0,0.0
NODE_122781,p1_p4_recovery_6,1.0,5.0,0.0,0.0,0.0,0.0,23.42,23.42,,850.0,23.663444186646043,592.0,7.511114707077639,3466.0,0.0,0.0,0.0,5.0,5.0,100.0,0.0,0.0,0.0,5.0,0.0,1.0,1.0,1.0,0.0,5.0,0.0,0.0,0.0,0.0,22.63,22.63,,866.0,22.76645384410748,579.0,7.55730212246441,3466.0,1.0,5.0,1.0,5.0,5.0,100.0,0.0,0.0,0.0,5.0,0.0,1.0,1.0,1.0,0.0,0.0,0.0,0.0,0.0,0.0,-0.7900000000000027,-0.7900000000000027,,16.0,-0.8969903425385617,-13.0,0.04618741538677096,0.0,1.0,5.0,1.0,0.0,0.0,0.0,0.0,0.0,0.0,0.0,0.0,0.0,0.0,0.0,0.0
NODE_122781,p1_p4_recovery_6,2.0,5.0,0.0,0.0,0.0,0.0,21.73,21.73,,806.0,22.232827324478183,516.0,7.356313066733216,3463.0,0.0,0.0,0.0,5.0,5.0,100.0,0.0,0.0,0.0,5.0,0.0,1.0,1.0,1.0,0.0,5.0,0.0,0.0,0.0,0.0,20.68,20.68,,791.0,21.30291201982652,555.0,8.039191775783749,3460.0,1.0,5.0,1.0,5.0,5.0,100.0,0.0,0.0,0.0,5.0,0.0,1.0,1.0,1.0,0.0,0.0,0.0,0.0,0.0,0.0,-1.0500000000000007,-1.0500000000000007,,-15.0,-0.929915304651665,39.0,0.6828787090505326,-3.0,1.0,5.0,1.0,0.0,0.0,0.0,0.0,0.0,0.0,0.0,0.0,0.0,0.0,0.0,0.0
NODE_122781,p1_p4_recovery_6,3.0,5.0,0.0,0.0,0.0,0.0,30.02,30.02,,906.0,30.23486779981114,580.0,6.598088451967026,3468.0,0.0,0.0,0.0,5.0,5.0,100.0,0.0,0.0,0.0,5.0,0.0,1.0,1.0,1.0,0.0,5.0,0.0,0.0,0.0,0.0,14.45,14.45,,920.0,14.8657152124554,556.0,9.225263165894468,3467.0,1.0,5.0,1.0,5.0,5.0,100.0,0.0,0.0,0.0,5.0,0.0,1.0,1.0,1.0,0.0,0.0,0.0,0.0,0.0,0.0,-15.57,-15.57,,14.0,-15.36915258735574,-24.0,2.6271747139274417,-1.0,1.0,5.0,1.0,0.0,0.0,0.0,0.0,0.0,0.0,0.0,0.0,0.0,0.0,0.0,0.0
NODE_122781,p1_p4_recovery_6,4.0,5.0,0.0,0.0,0.0,0.0,18.45,18.45,,851.0,18.709533954727032,632.0,8.106323165381601,3470.0,0.0,0.0,0.0,5.0,5.0,100.0,0.0,0.0,0.0,5.0,0.0,1.0,1.0,1.0,0.0,5.0,0.0,0.0,0.0,0.0,14.75,14.75,,888.0,15.049526813880128,630.0,8.53664785066968,3469.0,1.0,5.0,1.0,5.0,5.0,100.0,0.0,0.0,0.0,5.0,0.0,1.0,1.0,1.0,0.0,0.0,0.0,0.0,0.0,0.0,-3.6999999999999993,-3.6999999999999993,,37.0,-3.660007140846904,-2.0,0.4303246852880793,-1.0,1.0,5.0,1.0,0.0,0.0,0.0,0.0,0.0,0.0,0.0,0.0,0.0,0.0,0.0,0.0
NODE_122781,p1_p4_recovery_6,5.0,5.0,0.0,0.0,0.0,0.0,18.57,18.57,,890.0,18.814765506807863,555.0,8.461577245887435,3464.0,0.0,0.0,0.0,5.0,5.0,100.0,0.0,0.0,0.0,5.0,0.0,1.0,1.0,1.0,0.0,5.0,0.0,0.0,0.0,0.0,17.33,17.33,,901.0,17.81481604242625,518.0,8.619901994140333,3464.0,1.0,5.0,1.0,5.0,5.0,100.0,0.0,0.0,0.0,5.0,0.0,1.0,1.0,1.0,0.0,0.0,0.0,0.0,0.0,0.0,-1.240000000000002,-1.240000000000002,,11.0,-0.9999494643816114,-37.0,0.15832474825289822,0.0,1.0,5.0,1.0,0.0,0.0,0.0,0.0,0.0,0.0,0.0,0.0,0.0,0.0,0.0,0.0
NODE_122781,p1_p4_recovery_6,6.0,5.0,0.0,0.0,0.0,0.0,19.43,19.43,,867.0,19.92973214285714,635.0,6.991911512002296,3469.0,0.0,0.0,0.0,5.0,5.0,100.0,0.0,0.0,0.0,5.0,0.0,1.0,1.0,1.0,0.0,5.0,0.0,0.0,0.0,0.0,28.24,28.24,,881.0,28.665959150981173,615.0,5.940230364715593,3469.0,1.0,5.0,1.0,5.0,5.0,100.0,0.0,0.0,0.0,5.0,0.0,1.0,1.0,1.0,0.0,0.0,0.0,0.0,0.0,0.0,8.809999999999999,8.809999999999999,,14.0,8.736227008124033,-20.0,-1.0516811472867023,0.0,1.0,5.0,1.0,0.0,0.0,0.0,0.0,0.0,0.0,0.0,0.0,0.0,0.0,0.0,0.0
NODE_122781,p1_p4_recovery_6,7.0,5.0,0.0,0.0,0.0,0.0,15.39,15.39,,856.0,15.642176230793355,568.0,8.939395014538938,3462.0,0.0,0.0,0.0,5.0,5.0,100.0,0.0,0.0,0.0,5.0,0.0,1.0,1.0,1.0,0.0,5.0,0.0,0.0,0.0,0.0,14.35,14.35,,858.0,14.423210343740145,572.0,9.214369657700152,3462.0,1.0,5.0,1.0,5.0,5.0,100.0,0.0,0.0,0.0,5.0,0.0,1.0,1.0,1.0,0.0,0.0,0.0,0.0,0.0,0.0,-1.040000000000001,-1.040000000000001,,2.0,-1.2189658870532103,4.0,0.27497464316121345,0.0,1.0,5.0,1.0,0.0,0.0,0.0,0.0,0.0,0.0,0.0,0.0,0.0,0.0,0.0,0.0
NODE_122781,p1_p4_recovery_6,8.0,5.0,0.0,0.0,0.0,0.0,23.14,23.14,,831.0,23.792766318168976,541.0,7.315276550275066,3465.0,0.0,0.0,0.0,5.0,5.0,100.0,0.0,0.0,0.0,5.0,0.0,1.0,1.0,1.0,0.0,5.0,0.0,0.0,0.0,0.0,23.16,23.16,,864.0,23.690144230769228,577.0,7.322289960243357,3468.0,1.0,5.0,1.0,5.0,5.0,100.0,0.0,0.0,0.0,5.0,0.0,1.0,1.0,1.0,0.0,0.0,0.0,0.0,0.0,0.0,0.019999999999999574,0.019999999999999574,,33.0,-0.1026220873997481,36.0,0.007013409968291029,3.0,1.0,5.0,1.0,0.0,0.0,0.0,0.0,0.0,0.0,0.0,0.0,0.0,0.0,0.0,0.0
NODE_122781,p1_p4_recovery_6,9.0,5.0,0.0,0.0,0.0,0.0,27.94,27.94,,929.0,28.411518199233715,582.0,6.15056756205719,3469.0,0.0,0.0,0.0,5.0,5.0,100.0,0.0,0.0,0.0,5.0,0.0,1.0,1.0,1.0,0.0,5.0,0.0,0.0,0.0,0.0,20.06,20.06,,890.0,20.463039188046235,563.0,7.594985808206418,3465.0,1.0,5.0,1.0,5.0,5.0,100.0,0.0,0.0,0.0,5.0,0.0,1.0,1.0,1.0,0.0,0.0,0.0,0.0,0.0,0.0,-7.880000000000003,-7.880000000000003,,-39.0,-7.94847901118748,-19.0,1.4444182461492279,-4.0,1.0,5.0,1.0,0.0,0.0,0.0,0.0,0.0,0.0,0.0,0.0,0.0,0.0,0.0,0.0
NODE_122781,p1_p4_recovery_6,10.0,5.0,0.0,0.0,0.0,0.0,25.08,25.08,,861.0,25.4661131898971,589.0,6.885000801255385,3461.0,0.0,0.0,0.0,5.0,5.0,100.0,0.0,0.0,0.0,5.0,0.0,1.0,1.0,1.0,0.0,5.0,0.0,0.0,0.0,0.0,24.96,24.96,,835.0,25.495048076923077,602.0,7.277904480405908,3465.0,1.0,5.0,1.0,5.0,5.0,100.0,0.0,0.0,0.0,5.0,0.0,1.0,1.0,1.0,0.0,0.0,0.0,0.0,0.0,0.0,-0.11999999999999744,-0.11999999999999744,,-26.0,0.028934887025975797,13.0,0.39290367915052293,4.0,1.0,5.0,1.0,0.0,0.0,0.0,0.0,0.0,0.0,0.0,0.0,0.0,0.0,0.0,0.0
NODE_122781,p1_p4_recovery_6,11.0,5.0,0.0,0.0,0.0,0.0,44.79,44.79,,840.0,45.269830659536545,557.0,4.922142837663172,3462.0,0.0,0.0,0.0,5.0,5.0,100.0,0.0,0.0,0.0,5.0,0.0,1.0,1.0,1.0,0.0,5.0,0.0,0.0,0.0,0.0,46.58,46.58,,848.0,47.10481927710844,566.0,4.642340597299654,3463.0,1.0,5.0,1.0,5.0,5.0,100.0,0.0,0.0,0.0,5.0,0.0,1.0,1.0,1.0,0.0,0.0,0.0,0.0,0.0,0.0,1.7899999999999991,1.7899999999999991,,8.0,1.834988617571895,9.0,-0.27980224036351764,1.0,1.0,5.0,1.0,0.0,0.0,0.0,0.0,0.0,0.0,0.0,0.0,0.0,0.0,0.0,0.0
NODE_122781,p1_p4_recovery_6,12.0,5.0,0.0,0.0,0.0,0.0,23.03,23.03,,758.0,23.64579512706314,639.0,8.225439287088879,3461.0,0.0,0.0,0.0,5.0,5.0,100.0,0.0,0.0,0.0,5.0,0.0,1.0,1.0,1.0,0.0,5.0,0.0,0.0,0.0,0.0,22.2,22.2,,763.0,22.59937837837838,629.0,8.370273992593102,3462.0,1.0,5.0,1.0,5.0,5.0,100.0,0.0,0.0,0.0,5.0,0.0,1.0,1.0,1.0,0.0,0.0,0.0,0.0,0.0,0.0,-0.8300000000000018,-0.8300000000000018,,5.0,-1.0464167486847593,-10.0,0.1448347055042234,1.0,1.0,5.0,1.0,0.0,0.0,0.0,0.0,0.0,0.0,0.0,0.0,0.0,0.0,0.0,0.0
NODE_122781,p1_p4_recovery_6,13.0,5.0,0.0,0.0,0.0,0.0,22.88,22.88,,846.0,23.29766755240626,530.0,7.621552540349723,3470.0,0.0,0.0,0.0,5.0,5.0,100.0,0.0,0.0,0.0,5.0,0.0,1.0,1.0,1.0,0.0,5.0,0.0,0.0,0.0,0.0,23.66,23.66,,849.0,24.02906802517231,531.0,7.885707867335119,3466.0,1.0,5.0,1.0,5.0,5.0,100.0,0.0,0.0,0.0,5.0,0.0,1.0,1.0,1.0,0.0,0.0,0.0,0.0,0.0,0.0,0.7800000000000011,0.7800000000000011,,3.0,0.731400472766051,1.0,0.2641553269853967,-4.0,1.0,5.0,1.0,0.0,0.0,0.0,0.0,0.0,0.0,0.0,0.0,0.0,0.0,0.0,0.0
NODE_122781,p1_p4_recovery_6,14.0,5.0,0.0,0.0,0.0,0.0,20.96,20.96,,836.0,21.19906885567263,638.0,7.676895679999998,3468.0,0.0,0.0,0.0,5.0,5.0,100.0,0.0,0.0,0.0,5.0,0.0,1.0,1.0,1.0,0.0,5.0,0.0,0.0,0.0,0.0,26.02,26.02,,874.0,26.591547248182763,637.0,5.973188826011286,3472.0,1.0,5.0,1.0,5.0,5.0,100.0,0.0,0.0,0.0,5.0,0.0,1.0,1.0,1.0,0.0,0.0,0.0,0.0,0.0,0.0,5.059999999999999,5.059999999999999,,38.0,5.392478392510135,-1.0,-1.7037068539887112,4.0,1.0,5.0,1.0,0.0,0.0,0.0,0.0,0.0,0.0,0.0,0.0,0.0,0.0,0.0,0.0
NODE_122781,p1_p4_recovery_6,15.0,5.0,0.0,0.0,0.0,0.0,19.5,19.5,,900.0,19.999273293537502,616.0,7.776436300713878,3467.0,0.0,0.0,0.0,5.0,5.0,100.0,0.0,0.0,0.0,5.0,0.0,1.0,1.0,1.0,0.0,5.0,0.0,0.0,0.0,0.0,18.84,18.84,,879.0,19.278625162127103,607.0,7.870853768824251,3467.0,1.0,5.0,1.0,5.0,5.0,100.0,0.0,0.0,0.0,5.0,0.0,1.0,1.0,1.0,0.0,0.0,0.0,0.0,0.0,0.0,-0.6600000000000001,-0.6600000000000001,,-21.0,-0.7206481314103996,-9.0,0.09441746811037266,0.0,1.0,5.0,1.0,0.0,0.0,0.0,0.0,0.0,0.0,0.0,0.0,0.0,0.0,0.0,0.0
NODE_122781,p1_p4_recovery_6,16.0,5.0,0.0,0.0,0.0,0.0,20.57,20.57,,811.0,21.238688147295743,617.0,6.708223795412761,3466.0,0.0,0.0,0.0,5.0,5.0,100.0,0.0,0.0,0.0,5.0,0.0,1.0,1.0,1.0,0.0,5.0,0.0,0.0,0.0,0.0,21.09,21.09,,839.0,21.7303373280071,627.0,6.605807077966069,3466.0,1.0,5.0,1.0,5.0,5.0,100.0,0.0,0.0,0.0,5.0,0.0,1.0,1.0,1.0,0.0,0.0,0.0,0.0,0.0,0.0,0.5199999999999996,0.5199999999999996,,28.0,0.4916491807113559,10.0,-0.10241671744669212,0.0,1.0,5.0,1.0,0.0,0.0,0.0,0.0,0.0,0.0,0.0,0.0,0.0,0.0,0.0,0.0
NODE_122781,p1_p4_recovery_6,17.0,5.0,0.0,0.0,0.0,0.0,19.1,19.1,,850.0,19.325297549591596,592.0,6.659551885858071,3464.0,0.0,0.0,0.0,5.0,5.0,100.0,0.0,0.0,0.0,5.0,0.0,1.0,1.0,1.0,0.0,5.0,0.0,0.0,0.0,0.0,19.03,19.03,,859.0,19.26127819548872,600.0,6.836945155220466,3464.0,1.0,5.0,1.0,5.0,5.0,100.0,0.0,0.0,0.0,5.0,0.0,1.0,1.0,1.0,0.0,0.0,0.0,0.0,0.0,0.0,-0.07000000000000028,-0.07000000000000028,,9.0,-0.06401935410287507,8.0,0.17739326936239497,0.0,1.0,5.0,1.0,0.0,0.0,0.0,0.0,0.0,0.0,0.0,0.0,0.0,0.0,0.0,0.0
NODE_122781,p1_p4_recovery_6,18.0,5.0,0.0,0.0,0.0,0.0,31.28,31.28,,861.0,31.76648199445983,549.0,5.726375912394999,3464.0,0.0,0.0,0.0,5.0,5.0,100.0,0.0,0.0,0.0,5.0,0.0,1.0,1.0,1.0,0.0,5.0,0.0,0.0,0.0,0.0,20.25,20.25,,841.0,20.728033472803347,539.0,7.697195180736211,3465.0,1.0,5.0,1.0,5.0,5.0,100.0,0.0,0.0,0.0,5.0,0.0,1.0,1.0,1.0,0.0,0.0,0.0,0.0,0.0,0.0,-11.030000000000001,-11.030000000000001,,-20.0,-11.038448521656484,-10.0,1.970819268341212,1.0,1.0,5.0,1.0,0.0,0.0,0.0,0.0,0.0,0.0,0.0,0.0,0.0,0.0,0.0,0.0
NODE_122781,p1_p4_recovery_6,19.0,5.0,0.0,0.0,0.0,0.0,15.56,15.56,,818.0,15.786785474108944,571.0,9.047187744304356,3463.0,0.0,0.0,0.0,5.0,5.0,100.0,0.0,0.0,0.0,5.0,0.0,1.0,1.0,1.0,0.0,5.0,0.0,0.0,0.0,0.0,15.04,15.04,,790.0,15.537059503177352,604.0,8.343375869900601,3461.0,1.0,5.0,1.0,5.0,5.0,100.0,0.0,0.0,0.0,5.0,0.0,1.0,1.0,1.0,0.0,0.0,0.0,0.0,0.0,0.0,-0.5200000000000014,-0.5200000000000014,,-28.0,-0.24972597093159266,33.0,-0.7038118744037547,-2.0,1.0,5.0,1.0,0.0,0.0,0.0,0.0,0.0,0.0,0.0,0.0,0.0,0.0,0.0,0.0
NODE_122781,p1_p4_recovery_6,20.0,5.0,0.0,0.0,0.0,0.0,22.61,22.61,,851.0,22.9697216755693,555.0,7.586837211217899,3464.0,0.0,0.0,0.0,5.0,5.0,100.0,0.0,0.0,0.0,5.0,0.0,1.0,1.0,1.0,0.0,5.0,0.0,0.0,0.0,0.0,25.86,25.86,,836.0,26.349307629649743,545.0,7.029808927994442,3465.0,1.0,5.0,1.0,5.0,5.0,100.0,0.0,0.0,0.0,5.0,0.0,1.0,1.0,1.0,0.0,0.0,0.0,0.0,0.0,0.0,3.25,3.25,,-15.0,3.3795859540804436,-10.0,-0.557028283223457,1.0,1.0,5.0,1.0,0.0,0.0,0.0,0.0,0.0,0.0,0.0,0.0,0.0,0.0,0.0,0.0
NODE_122781,p1_p4_recovery_6,21.0,5.0,0.0,0.0,0.0,0.0,61.96,61.96,,823.0,62.65136091034907,517.0,2.403651905858814,3468.0,0.0,0.0,0.0,5.0,5.0,100.0,0.0,0.0,0.0,5.0,0.0,1.0,1.0,1.0,0.0,5.0,0.0,0.0,0.0,0.0,63.93,63.93,,832.0,64.45997681495436,517.0,2.2902485620036375,3467.0,1.0,5.0,1.0,5.0,5.0,100.0,0.0,0.0,0.0,5.0,0.0,1.0,1.0,1.0,0.0,0.0,0.0,0.0,0.0,0.0,1.9699999999999989,1.9699999999999989,,9.0,1.8086159046052899,0.0,-0.1134033438551767,-1.0,1.0,5.0,1.0,0.0,0.0,0.0,0.0,0.0,0.0,0.0,0.0,0.0,0.0,0.0,0.0
NODE_122781,p1_p4_recovery_6,22.0,5.0,0.0,0.0,0.0,0.0,24.96,24.96,,854.0,25.61642060861705,500.0,6.788834010550821,3468.0,0.0,0.0,0.0,5.0,5.0,100.0,0.0,0.0,0.0,5.0,0.0,1.0,1.0,1.0,0.0,5.0,0.0,0.0,0.0,0.0,24.8,24.8,,872.0,25.319418794133625,546.0,7.057396143213153,3465.0,1.0,5.0,1.0,5.0,5.0,100.0,0.0,0.0,0.0,5.0,0.0,1.0,1.0,1.0,0.0,0.0,0.0,0.0,0.0,0.0,-0.16000000000000014,-0.16000000000000014,,18.0,-0.29700181448342633,46.0,0.268562132662332,-3.0,1.0,5.0,1.0,0.0,0.0,0.0,0.0,0.0,0.0,0.0,0.0,0.0,0.0,0.0,0.0
NODE_122781,p1_p4_recovery_6,23.0,5.0,0.0,0.0,0.0,0.0,15.9,15.9,,885.0,16.098180400311932,627.0,8.447087501175023,3471.0,0.0,0.0,0.0,5.0,5.0,100.0,0.0,0.0,0.0,5.0,0.0,1.0,1.0,1.0,0.0,5.0,0.0,0.0,0.0,0.0,18.66,18.66,,868.0,19.22787846481876,605.0,8.249191731987205,3470.0,1.0,5.0,1.0,5.0,5.0,100.0,0.0,0.0,0.0,5.0,0.0,1.0,1.0,1.0,0.0,0.0,0.0,0.0,0.0,0.0,2.76,2.76,,-17.0,3.1296980645068295,-22.0,-0.19789576918781826,-1.0,1.0,5.0,1.0,0.0,0.0,0.0,0.0,0.0,0.0,0.0,0.0,0.0,0.0,0.0,0.0
NODE_14937,p1_p4_recovery_6,1.0,5.0,0.0,0.0,0.0,0.0,46.34,46.34,,850.0,46.64592816500711,565.0,4.6230250201692344,3466.0,0.0,0.0,0.0,5.0,5.0,100.0,0.0,0.0,0.2,5.0,0.0,1.0,1.0,1.0,0.0,5.0,0.0,0.0,0.0,0.0,45.37,45.37,,866.0,45.45600072516316,558.0,5.11575880405793,3466.0,1.0,5.0,1.0,5.0,5.0,100.0,0.0,0.0,0.2,5.0,0.0,1.0,1.0,1.0,0.0,0.0,0.0,0.0,0.0,0.0,-0.970000000000006,-0.970000000000006,,16.0,-1.1899274398439559,-7.0,0.4927337838886956,0.0,1.0,5.0,1.0,0.0,0.0,0.0,0.0,0.0,0.0,0.0,0.0,0.0,0.0,0.0,0.0
NODE_14937,p1_p4_recovery_6,2.0,5.0,0.0,0.0,0.0,0.0,45.56,45.56,,806.0,45.90708756236022,500.0,4.6850760047323785,3463.0,0.0,0.0,0.0,5.0,5.0,100.0,0.0,0.0,0.2199999999999988,5.0,0.0,1.0,1.0,1.0,0.0,5.0,0.0,0.0,0.0,0.0,44.76,44.76,,791.0,45.154407665505225,503.0,4.780196048856248,3460.0,1.0,5.0,1.0,5.0,5.0,100.0,0.0,0.0,0.2199999999999988,5.0,0.0,1.0,1.0,1.0,0.0,0.0,0.0,0.0,0.0,0.0,-0.8000000000000043,-0.8000000000000043,,-15.0,-0.7526798968549926,3.0,0.09512004412386954,-3.0,1.0,5.0,1.0,0.0,0.0,0.0,0.0,0.0,0.0,0.0,0.0,0.0,0.0,0.0,0.0
NODE_14937,p1_p4_recovery_6,3.0,5.0,0.0,0.0,0.0,0.0,52.53,52.53,,906.0,53.403370786516845,610.0,4.242041257057295,3468.0,0.0,0.0,0.0,5.0,5.0,100.0,0.0,0.0,0.0,5.0,0.0,1.0,1.0,1.0,0.0,5.0,0.0,0.0,0.0,0.0,50.7,50.7,,920.0,51.29232783854568,629.0,4.501007723353831,3467.0,1.0,5.0,1.0,5.0,5.0,100.0,0.0,0.0,0.0,5.0,0.0,1.0,1.0,1.0,0.0,0.0,0.0,0.0,0.0,0.0,-1.8299999999999983,-1.8299999999999983,,14.0,-2.111042947971164,19.0,0.25896646629653564,-1.0,1.0,5.0,1.0,0.0,0.0,0.0,0.0,0.0,0.0,0.0,0.0,0.0,0.0,0.0,0.0
NODE_14937,p1_p4_recovery_6,4.0,5.0,0.0,0.0,0.0,0.0,36.26,36.26,,851.0,36.70235514018692,535.0,5.570100320173622,3470.0,0.0,0.0,0.0,5.0,5.0,100.0,0.0,0.0,0.0,5.0,0.0,1.0,1.0,1.0,0.0,5.0,0.0,0.0,0.0,0.0,34.45,34.45,,888.0,34.642097194542394,623.0,5.113253566321419,3469.0,1.0,5.0,1.0,5.0,5.0,100.0,0.0,0.0,0.0,5.0,0.0,1.0,1.0,1.0,0.0,0.0,0.0,0.0,0.0,0.0,-1.8099999999999952,-1.8099999999999952,,37.0,-2.0602579456445227,88.0,-0.4568467538522025,-1.0,1.0,5.0,1.0,0.0,0.0,0.0,0.0,0.0,0.0,0.0,0.0,0.0,0.0,0.0,0.0
NODE_14937,p1_p4_recovery_6,5.0,5.0,0.0,0.0,0.0,0.0,43.3,43.3,,890.0,43.51505731922399,510.0,5.932762845134739,3464.0,0.0,0.0,0.0,5.0,5.0,100.0,0.0,0.0,0.0,5.0,0.0,1.0,1.0,1.0,0.0,5.0,0.0,0.0,0.0,0.0,40.54,40.54,,901.0,40.96534946900469,478.0,6.655653724963254,3464.0,1.0,5.0,1.0,5.0,5.0,100.0,0.0,0.0,0.0,5.0,0.0,1.0,1.0,1.0,0.0,0.0,0.0,0.0,0.0,0.0,-2.759999999999998,-2.759999999999998,,11.0,-2.549707850219299,-32.0,0.7228908798285145,0.0,1.0,5.0,1.0,0.0,0.0,0.0,0.0,0.0,0.0,0.0,0.0,0.0,0.0,0.0,0.0
NODE_14937,p1_p4_recovery_6,6.0,5.0,0.0,0.0,0.0,0.0,32.44,32.44,,867.0,32.59404440755344,573.0,6.764433128199044,3469.0,0.0,0.0,0.0,5.0,5.0,100.0,0.0,0.0,0.0,5.0,0.0,1.0,1.0,1.0,0.0,5.0,0.0,0.0,0.0,0.0,32.21,32.21,,881.0,32.24478232334281,568.0,7.163595233337803,3469.0,1.0,5.0,1.0,5.0,5.0,100.0,0.0,0.0,0.0,5.0,0.0,1.0,1.0,1.0,0.0,0.0,0.0,0.0,0.0,0.0,-0.22999999999999687,-0.22999999999999687,,14.0,-0.3492620842106291,-5.0,0.3991621051387595,0.0,1.0,5.0,1.0,0.0,0.0,0.0,0.0,0.0,0.0,0.0,0.0,0.0,0.0,0.0,0.0
NODE_14937,p1_p4_recovery_6,7.0,5.0,0.0,0.0,0.0,0.0,37.98,37.98,,856.0,37.90035896467032,539.0,5.752795152958308,3462.0,0.0,0.0,0.0,5.0,5.0,100.0,0.0,0.0,0.0,5.0,0.0,1.0,1.0,1.0,0.0,5.0,0.0,0.0,0.0,0.0,35.89,35.89,,858.0,35.867104731095836,542.0,6.355569408884403,3462.0,1.0,5.0,1.0,5.0,5.0,100.0,0.0,0.0,0.0,5.0,0.0,1.0,1.0,1.0,0.0,0.0,0.0,0.0,0.0,0.0,-2.0899999999999963,-2.0899999999999963,,2.0,-2.033254233574482,3.0,0.6027742559260947,0.0,1.0,5.0,1.0,0.0,0.0,0.0,0.0,0.0,0.0,0.0,0.0,0.0,0.0,0.0,0.0
NODE_14937,p1_p4_recovery_6,8.0,5.0,0.0,0.0,0.0,0.0,29.37,29.37,,831.0,29.68476719678099,595.0,6.606085944269625,3465.0,0.0,0.0,0.0,5.0,5.0,100.0,0.0,0.0,0.0,5.0,0.0,1.0,1.0,1.0,0.0,5.0,0.0,0.0,0.0,0.0,30.67,30.67,,864.0,30.87731426301152,605.0,6.821835048486383,3468.0,1.0,5.0,1.0,5.0,5.0,100.0,0.0,0.0,0.0,5.0,0.0,1.0,1.0,1.0,0.0,0.0,0.0,0.0,0.0,0.0,1.3000000000000007,1.3000000000000007,,33.0,1.1925470662305315,10.0,0.21574910421675764,3.0,1.0,5.0,1.0,0.0,0.0,0.0,0.0,0.0,0.0,0.0,0.0,0.0,0.0,0.0,0.0
NODE_14937,p1_p4_recovery_6,9.0,5.0,0.0,0.0,0.0,0.0,30.67,30.67,,929.0,30.963830661734484,541.0,6.519214153238874,3469.0,0.0,0.0,0.0,5.0,5.0,100.0,0.0,0.0,0.0,5.0,0.0,1.0,1.0,1.0,0.0,5.0,0.0,0.0,0.0,0.0,31.4,31.4,,890.0,31.564307619721628,495.0,7.077094806188192,3465.0,1.0,5.0,1.0,5.0,5.0,100.0,0.0,0.0,0.0,5.0,0.0,1.0,1.0,1.0,0.0,0.0,0.0,0.0,0.0,0.0,0.7299999999999969,0.7299999999999969,,-39.0,0.6004769579871443,-46.0,0.5578806529493185,-4.0,1.0,5.0,1.0,0.0,0.0,0.0,0.0,0.0,0.0,0.0,0.0,0.0,0.0,0.0,0.0
NODE_14937,p1_p4_recovery_6,10.0,5.0,0.0,0.0,0.0,0.0,56.54,56.54,,861.0,56.814171907756815,613.0,3.606243285932373,3461.0,0.0,0.0,0.0,5.0,5.0,100.0,0.0,0.0,0.0,5.0,0.0,1.0,1.0,1.0,0.0,5.0,0.0,0.0,0.0,0.0,60.3,60.3,,835.0,60.7804828248859,607.0,2.7603663472400197,3465.0,1.0,5.0,1.0,5.0,5.0,100.0,0.0,0.0,0.0,5.0,0.0,1.0,1.0,1.0,0.0,0.0,0.0,0.0,0.0,0.0,3.759999999999998,3.759999999999998,,-26.0,3.9663109171290856,-6.0,-0.8458769386923533,4.0,1.0,5.0,1.0,0.0,0.0,0.0,0.0,0.0,0.0,0.0,0.0,0.0,0.0,0.0,0.0
NODE_14937,p1_p4_recovery_6,11.0,5.0,0.0,0.0,0.0,0.0,25.72,25.72,,840.0,25.999287786863626,483.0,7.937618322341637,3462.0,0.0,0.0,0.0,5.0,5.0,100.0,0.0,0.0,0.0,5.0,0.0,1.0,1.0,1.0,0.0,5.0,0.0,0.0,0.0,0.0,25.08,25.08,,848.0,25.435195103289978,492.0,7.703968591189153,3463.0,1.0,5.0,1.0,5.0,5.0,100.0,0.0,0.0,0.0,5.0,0.0,1.0,1.0,1.0,0.0,0.0,0.0,0.0,0.0,0.0,-0.6400000000000006,-0.6400000000000006,,8.0,-0.564092683573648,9.0,-0.23364973115248322,1.0,1.0,5.0,1.0,0.0,0.0,0.0,0.0,0.0,0.0,0.0,0.0,0.0,0.0,0.0,0.0
NODE_14937,p1_p4_recovery_6,12.0,5.0,0.0,0.0,0.0,0.0,41.79,41.79,,758.0,42.13823273612802,583.0,5.254608388889135,3461.0,0.0,0.0,0.0,5.0,5.0,100.0,0.0,0.0,0.0,5.0,0.0,1.0,1.0,1.0,0.0,5.0,0.0,0.0,0.0,0.0,47.68,47.68,,763.0,48.12747897826432,577.0,4.4335561300478945,3462.0,1.0,5.0,1.0,5.0,5.0,100.0,0.0,0.0,0.0,5.0,0.0,1.0,1.0,1.0,0.0,0.0,0.0,0.0,0.0,0.0,5.890000000000001,5.890000000000001,,5.0,5.9892462421363035,-6.0,-0.8210522588412408,1.0,1.0,5.0,1.0,0.0,0.0,0.0,0.0,0.0,0.0,0.0,0.0,0.0,0.0,0.0,0.0
NODE_14937,p1_p4_recovery_6,13.0,5.0,0.0,0.0,0.0,0.0,29.15,29.15,,846.0,29.57745827468329,594.0,6.869963162683549,3470.0,0.0,0.0,0.0,5.0,5.0,100.0,0.0,0.0,0.0,5.0,0.0,1.0,1.0,1.0,0.0,5.0,0.0,0.0,0.0,0.0,28.93,28.93,,849.0,29.29036918138042,595.0,6.9388502171791755,3466.0,1.0,5.0,1.0,5.0,5.0,100.0,0.0,0.0,0.0,5.0,0.0,1.0,1.0,1.0,0.0,0.0,0.0,0.0,0.0,0.0,-0.21999999999999886,-0.21999999999999886,,3.0,-0.28708909330287113,1.0,0.06888705449562682,-4.0,1.0,5.0,1.0,0.0,0.0,0.0,0.0,0.0,0.0,0.0,0.0,0.0,0.0,0.0,0.0
NODE_14937,p1_p4_recovery_6,14.0,5.0,0.0,0.0,0.0,0.0,46.26,46.26,,836.0,46.6547668491599,558.0,5.226039969694833,3468.0,0.0,0.0,0.0,5.0,5.0,100.0,0.0,0.0,0.0,5.0,0.0,1.0,1.0,1.0,0.0,5.0,0.0,0.0,0.0,0.0,46.73,46.73,,874.0,47.43391274710293,589.0,4.728734506809837,3472.0,1.0,5.0,1.0,5.0,5.0,100.0,0.0,0.0,0.0,5.0,0.0,1.0,1.0,1.0,0.0,0.0,0.0,0.0,0.0,0.0,0.46999999999999886,0.46999999999999886,,38.0,0.7791458979430317,31.0,-0.497305462884996,4.0,1.0,5.0,1.0,0.0,0.0,0.0,0.0,0.0,0.0,0.0,0.0,0.0,0.0,0.0,0.0
NODE_14937,p1_p4_recovery_6,15.0,5.0,0.0,0.0,0.0,0.0,49.04,49.04,,900.0,49.372211413748374,612.0,4.737101635036502,3467.0,0.0,0.0,0.0,5.0,5.0,100.0,0.0,0.0,0.0,5.0,0.0,1.0,1.0,1.0,0.0,5.0,0.0,0.0,0.0,0.0,51.91,51.91,,879.0,52.2084763161754,636.0,4.106608642366093,3467.0,1.0,5.0,1.0,5.0,5.0,100.0,0.0,0.0,0.0,5.0,0.0,1.0,1.0,1.0,0.0,0.0,0.0,0.0,0.0,0.0,2.8699999999999974,2.8699999999999974,,-21.0,2.8362649024270254,24.0,-0.6304929926704084,0.0,1.0,5.0,1.0,0.0,0.0,0.0,0.0,0.0,0.0,0.0,0.0,0.0,0.0,0.0,0.0
NODE_14937,p1_p4_recovery_6,16.0,5.0,0.0,0.0,0.0,0.0,38.83,38.83,,811.0,39.261069723018146,540.0,5.719503711850358,3466.0,0.0,0.0,0.0,5.0,5.0,100.0,0.0,0.0,0.0,5.0,0.0,1.0,1.0,1.0,0.0,5.0,0.0,0.0,0.0,0.0,29.53,29.53,,839.0,29.86133656369877,570.0,6.816038172332374,3466.0,1.0,5.0,1.0,5.0,5.0,100.0,0.0,0.0,0.0,5.0,0.0,1.0,1.0,1.0,0.0,0.0,0.0,0.0,0.0,0.0,-9.299999999999997,-9.299999999999997,,28.0,-9.399733159319375,30.0,1.0965344604820162,0.0,1.0,5.0,1.0,0.0,0.0,0.0,0.0,0.0,0.0,0.0,0.0,0.0,0.0,0.0,0.0
NODE_14937,p1_p4_recovery_6,17.0,5.0,0.0,0.0,0.0,0.0,43.19,43.19,,850.0,43.72240808823529,565.0,4.968071450658161,3464.0,0.0,0.0,0.0,5.0,5.0,100.0,0.0,0.0,0.0,5.0,0.0,1.0,1.0,1.0,0.0,5.0,0.0,0.0,0.0,0.0,43.8,43.8,,859.0,44.279045380582176,567.0,4.920954953689761,3464.0,1.0,5.0,1.0,5.0,5.0,100.0,0.0,0.0,0.0,5.0,0.0,1.0,1.0,1.0,0.0,0.0,0.0,0.0,0.0,0.0,0.6099999999999994,0.6099999999999994,,9.0,0.5566372923468847,2.0,-0.0471164969683997,0.0,1.0,5.0,1.0,0.0,0.0,0.0,0.0,0.0,0.0,0.0,0.0,0.0,0.0,0.0,0.0
NODE_14937,p1_p4_recovery_6,18.0,5.0,0.0,0.0,0.0,0.0,31.15,31.15,,861.0,31.42301038062284,589.0,6.527943406369442,3464.0,0.0,0.0,0.0,5.0,5.0,100.0,0.0,0.0,0.0,5.0,0.0,1.0,1.0,1.0,0.0,5.0,0.0,0.0,0.0,0.0,35.52,35.52,,841.0,36.13360492485968,587.0,5.644758212874772,3465.0,1.0,5.0,1.0,5.0,5.0,100.0,0.0,0.0,0.0,5.0,0.0,1.0,1.0,1.0,0.0,0.0,0.0,0.0,0.0,0.0,4.3700000000000045,4.3700000000000045,,-20.0,4.710594544236841,-2.0,-0.8831851934946693,1.0,1.0,5.0,1.0,0.0,0.0,0.0,0.0,0.0,0.0,0.0,0.0,0.0,0.0,0.0,0.0
NODE_14937,p1_p4_recovery_6,19.0,5.0,0.0,0.0,0.0,0.0,31.75,31.75,,818.0,32.115918903698145,580.0,6.180868774448521,3463.0,0.0,0.0,0.0,5.0,5.0,100.0,0.0,0.0,0.0,5.0,0.0,1.0,1.0,1.0,0.0,5.0,0.0,0.0,0.0,0.0,42.76,42.76,,790.0,43.33850921273032,574.0,5.024725374515522,3461.0,1.0,5.0,1.0,5.0,5.0,100.0,0.0,0.0,0.0,5.0,0.0,1.0,1.0,1.0,0.0,0.0,0.0,0.0,0.0,0.0,11.009999999999998,11.009999999999998,,-28.0,11.222590309032178,-6.0,-1.1561433999329989,-2.0,1.0,5.0,1.0,0.0,0.0,0.0,0.0,0.0,0.0,0.0,0.0,0.0,0.0,0.0,0.0
NODE_14937,p1_p4_recovery_6,20.0,5.0,0.0,0.0,0.0,0.0,38.41,38.41,,851.0,38.79922143762448,580.0,5.681429444557642,3464.0,0.0,0.0,0.0,5.0,5.0,100.0,0.0,0.0,0.0,5.0,0.0,1.0,1.0,1.0,0.0,5.0,0.0,0.0,0.0,0.0,38.47,38.47,,836.0,38.7519305019305,576.0,5.41147215631799,3465.0,1.0,5.0,1.0,5.0,5.0,100.0,0.0,0.0,0.0,5.0,0.0,1.0,1.0,1.0,0.0,0.0,0.0,0.0,0.0,0.0,0.060000000000002274,0.060000000000002274,,-15.0,-0.04729093569397946,-4.0,-0.2699572882396515,1.0,1.0,5.0,1.0,0.0,0.0,0.0,0.0,0.0,0.0,0.0,0.0,0.0,0.0,0.0,0.0
NODE_14937,p1_p4_recovery_6,21.0,5.0,0.0,0.0,0.0,0.0,29.29,29.29,,823.0,29.47230807577268,481.0,7.253073726280527,3468.0,0.0,0.0,0.0,5.0,5.0,100.0,0.0,0.0,0.0,5.0,0.0,1.0,1.0,1.0,0.0,5.0,0.0,0.0,0.0,0.0,30.17,30.17,,832.0,30.255348837209304,480.0,6.946511951193056,3467.0,1.0,5.0,1.0,5.0,5.0,100.0,0.0,0.0,0.0,5.0,0.0,1.0,1.0,1.0,0.0,0.0,0.0,0.0,0.0,0.0,0.8800000000000026,0.8800000000000026,,9.0,0.7830407614366237,-1.0,-0.30656177508747096,-1.0,1.0,5.0,1.0,0.0,0.0,0.0,0.0,0.0,0.0,0.0,0.0,0.0,0.0,0.0,0.0
NODE_14937,p1_p4_recovery_6,22.0,5.0,0.0,0.0,0.0,0.0,26.51,26.51,,854.0,26.465021645021643,547.0,7.074898399293865,3468.0,0.0,0.0,0.0,5.0,5.0,100.0,0.0,0.0,0.0,5.0,0.0,1.0,1.0,1.0,0.0,5.0,0.0,0.0,0.0,0.0,27.68,27.68,,872.0,27.84361058995205,577.0,7.118423639000188,3465.0,1.0,5.0,1.0,5.0,5.0,100.0,0.0,0.0,0.0,5.0,0.0,1.0,1.0,1.0,0.0,0.0,0.0,0.0,0.0,0.0,1.1699999999999982,1.1699999999999982,,18.0,1.3785889449304065,30.0,0.04352523970632305,-3.0,1.0,5.0,1.0,0.0,0.0,0.0,0.0,0.0,0.0,0.0,0.0,0.0,0.0,0.0,0.0
NODE_14937,p1_p4_recovery_6,23.0,5.0,0.0,0.0,0.0,0.0,38.55,38.55,,885.0,39.07040071503054,623.0,4.785356004414277,3471.0,0.0,0.0,0.0,5.0,5.0,100.0,0.0,0.0,0.0,5.0,0.0,1.0,1.0,1.0,0.0,5.0,0.0,0.0,0.0,0.0,38.94,38.94,,868.0,39.59543455179736,641.0,4.963893218894302,3470.0,1.0,5.0,1.0,5.0,5.0,100.0,0.0,0.0,0.0,5.0,0.0,1.0,1.0,1.0,0.0,0.0,0.0,0.0,0.0,0.0,0.39000000000000057,0.39000000000000057,,-17.0,0.5250338367668235,18.0,0.17853721448002524,-1.0,1.0,5.0,1.0,0.0,0.0,0.0,0.0,0.0,0.0,0.0,0.0,0.0,0.0,0.0,0.0
NODE_5647,p1_p4_recovery_6,1.0,5.0,0.0,0.0,0.0,0.0,35.03,35.03,,850.0,35.63611495844876,381.0,6.955950512147557,3466.0,0.0,0.0,0.0,5.0,5.0,100.0,0.0,0.0,0.0,5.0,0.0,1.0,1.0,1.0,0.0,5.0,0.0,0.0,0.0,0.0,36.5,36.5,,866.0,37.06749585406302,395.0,6.320920738665945,3466.0,1.0,5.0,1.0,5.0,5.0,100.0,0.0,0.0,0.0,5.0,0.0,1.0,1.0,1.0,0.0,0.0,0.0,0.0,0.0,0.0,1.4699999999999989,1.4699999999999989,,16.0,1.4313808956142609,14.0,-0.6350297734816115,0.0,1.0,5.0,1.0,0.0,0.0,0.0,0.0,0.0,0.0,0.0,0.0,0.0,0.0,0.0,0.0
NODE_5647,p1_p4_recovery_6,2.0,5.0,0.0,0.0,0.0,0.0,47.61,47.61,,806.0,48.36974564926372,322.0,5.162825924643628,3463.0,0.0,0.0,0.0,5.0,5.0,100.0,0.0,0.0,0.0,5.0,0.0,1.0,1.0,1.0,0.0,5.0,0.0,0.0,0.0,0.0,46.2,46.2,,791.0,46.80375811411001,323.0,5.2594035954651,3460.0,1.0,5.0,1.0,5.0,5.0,100.0,0.0,0.0,0.0,5.0,0.0,1.0,1.0,1.0,0.0,0.0,0.0,0.0,0.0,0.0,-1.4099999999999966,-1.4099999999999966,,-15.0,-1.5659875351537096,1.0,0.09657767082147206,-3.0,1.0,5.0,1.0,0.0,0.0,0.0,0.0,0.0,0.0,0.0,0.0,0.0,0.0,0.0,0.0
NODE_5647,p1_p4_recovery_6,3.0,5.0,0.0,0.0,0.0,0.0,34.29,34.29,,906.0,34.37457809694794,366.0,7.302511561848267,3468.0,0.0,0.0,0.0,5.0,5.0,100.0,0.0,0.0,0.0,5.0,0.0,1.0,1.0,1.0,0.0,5.0,0.0,0.0,0.0,0.0,35.51,35.51,,920.0,35.43063604240283,367.0,7.126580987177745,3467.0,1.0,5.0,1.0,5.0,5.0,100.0,0.0,0.0,0.0,5.0,0.0,1.0,1.0,1.0,0.0,0.0,0.0,0.0,0.0,0.0,1.2199999999999989,1.2199999999999989,,14.0,1.0560579454548886,1.0,-0.17593057467052287,-1.0,1.0,5.0,1.0,0.0,0.0,0.0,0.0,0.0,0.0,0.0,0.0,0.0,0.0,0.0,0.0
NODE_5647,p1_p4_recovery_6,4.0,5.0,0.0,0.0,0.0,0.0,38.7,38.7,,851.0,38.95713801288573,365.0,6.250021028876932,3470.0,0.0,0.0,0.0,5.0,5.0,100.0,0.0,0.0,0.0,5.0,0.0,1.0,1.0,1.0,0.0,5.0,0.0,0.0,0.0,0.0,44.0,44.0,,888.0,44.28320497630331,370.0,5.342744681422763,3469.0,1.0,5.0,1.0,5.0,5.0,100.0,0.0,0.0,0.0,5.0,0.0,1.0,1.0,1.0,0.0,0.0,0.0,0.0,0.0,0.0,5.299999999999997,5.299999999999997,,37.0,5.326066963417581,5.0,-0.907276347454169,-1.0,1.0,5.0,1.0,0.0,0.0,0.0,0.0,0.0,0.0,0.0,0.0,0.0,0.0,0.0,0.0
NODE_5647,p1_p4_recovery_6,5.0,5.0,0.0,0.0,0.0,0.0,44.68,44.68,,890.0,45.02865184351252,381.0,5.342691818263039,3464.0,0.0,0.0,0.0,5.0,5.0,100.0,0.0,0.0,0.0,5.0,0.0,1.0,1.0,1.0,0.0,5.0,0.0,0.0,0.0,0.0,51.65,51.65,,901.0,51.96755223110653,388.0,4.274171073344965,3464.0,1.0,5.0,1.0,5.0,5.0,100.0,0.0,0.0,0.0,5.0,0.0,1.0,1.0,1.0,0.0,0.0,0.0,0.0,0.0,0.0,6.969999999999999,6.969999999999999,,11.0,6.9389003875940105,7.0,-1.0685207449180743,0.0,1.0,5.0,1.0,0.0,0.0,0.0,0.0,0.0,0.0,0.0,0.0,0.0,0.0,0.0,0.0
NODE_5647,p1_p4_recovery_6,6.0,5.0,0.0,0.0,0.0,0.0,28.3,28.3,,867.0,28.651945447252302,370.0,7.989087760413477,3469.0,0.0,0.0,0.0,5.0,5.0,100.0,0.0,0.0,0.0,5.0,0.0,1.0,1.0,1.0,0.0,5.0,0.0,0.0,0.0,0.0,28.33,28.33,,881.0,28.46506514657981,364.0,7.984611237934295,3469.0,1.0,5.0,1.0,5.0,5.0,100.0,0.0,0.0,0.0,5.0,0.0,1.0,1.0,1.0,0.0,0.0,0.0,0.0,0.0,0.0,0.029999999999997584,0.029999999999997584,,14.0,-0.18688030067249173,-6.0,-0.004476522479182066,0.0,1.0,5.0,1.0,0.0,0.0,0.0,0.0,0.0,0.0,0.0,0.0,0.0,0.0,0.0,0.0
NODE_5647,p1_p4_recovery_6,7.0,5.0,0.0,0.0,0.0,0.0,40.74,40.74,,856.0,41.28030405405406,352.0,5.381675754617085,3462.0,0.0,0.0,0.0,5.0,5.0,100.0,0.0,0.0,0.0,5.0,0.0,1.0,1.0,1.0,0.0,5.0,0.0,0.0,0.0,0.0,40.56,40.56,,858.0,41.318898163606015,357.0,5.351998542175481,3462.0,1.0,5.0,1.0,5.0,5.0,100.0,0.0,0.0,0.0,5.0,0.0,1.0,1.0,1.0,0.0,0.0,0.0,0.0,0.0,0.0,-0.17999999999999972,-0.17999999999999972,,2.0,0.03859410955195841,5.0,-0.029677212441603373,0.0,1.0,5.0,1.0,0.0,0.0,0.0,0.0,0.0,0.0,0.0,0.0,0.0,0.0,0.0,0.0
NODE_5647,p1_p4_recovery_6,8.0,5.0,0.0,0.0,0.0,0.0,35.55,35.55,,831.0,36.025965379494004,397.0,6.714652014423576,3465.0,0.0,0.0,0.0,5.0,5.0,100.0,0.0,0.0,0.0,5.0,0.0,1.0,1.0,1.0,0.0,5.0,0.0,0.0,0.0,0.0,34.98,34.98,,864.0,35.31332675222113,398.0,6.749403450487353,3468.0,1.0,5.0,1.0,5.0,5.0,100.0,0.0,0.0,0.0,5.0,0.0,1.0,1.0,1.0,0.0,0.0,0.0,0.0,0.0,0.0,-0.5700000000000003,-0.5700000000000003,,33.0,-0.7126386272728737,1.0,0.034751436063777064,3.0,1.0,5.0,1.0,0.0,0.0,0.0,0.0,0.0,0.0,0.0,0.0,0.0,0.0,0.0,0.0
NODE_5647,p1_p4_recovery_6,9.0,5.0,0.0,0.0,0.0,0.0,32.54,32.54,,929.0,32.97757898743814,358.0,6.982804539184389,3469.0,0.0,0.0,0.0,5.0,5.0,100.0,0.0,0.0,0.1199999999999988,5.0,0.0,1.0,1.0,1.0,0.0,5.0,0.0,0.0,0.0,0.0,32.4,32.4,,890.0,32.880295748613676,368.0,7.09776943435115,3465.0,1.0,5.0,1.0,5.0,5.0,100.0,0.0,0.0,0.1199999999999988,5.0,0.0,1.0,1.0,1.0,0.0,0.0,0.0,0.0,0.0,0.0,-0.14000000000000057,-0.14000000000000057,,-39.0,-0.09728323882446688,10.0,0.11496489516676078,-4.0,1.0,5.0,1.0,0.0,0.0,0.0,0.0,0.0,0.0,0.0,0.0,0.0,0.0,0.0,0.0
NODE_5647,p1_p4_recovery_6,10.0,5.0,0.0,0.0,0.0,0.0,26.75,26.75,,861.0,26.981213307240704,359.0,8.2101528979263,3461.0,0.0,0.0,0.0,5.0,5.0,100.0,0.0,0.0,0.0,5.0,0.0,1.0,1.0,1.0,0.0,5.0,0.0,0.0,0.0,0.0,28.16,28.16,,835.0,28.375723014256614,336.0,8.34256642455692,3465.0,1.0,5.0,1.0,5.0,5.0,100.0,0.0,0.0,0.0,5.0,0.0,1.0,1.0,1.0,0.0,0.0,0.0,0.0,0.0,0.0,1.4100000000000001,1.4100000000000001,,-26.0,1.39450970701591,-23.0,0.13241352663062145,4.0,1.0,5.0,1.0,0.0,0.0,0.0,0.0,0.0,0.0,0.0,0.0,0.0,0.0,0.0,0.0
NODE_5647,p1_p4_recovery_6,11.0,5.0,0.0,0.0,0.0,0.0,40.05,40.05,,840.0,40.463667180277355,382.0,5.916576175088894,3462.0,0.0,0.0,0.0,5.0,5.0,100.0,0.0,0.0,0.0,5.0,0.0,1.0,1.0,1.0,0.0,5.0,0.0,0.0,0.0,0.0,39.42,39.42,,848.0,39.68086340206185,374.0,6.186865889760698,3463.0,1.0,5.0,1.0,5.0,5.0,100.0,0.0,0.0,0.0,5.0,0.0,1.0,1.0,1.0,0.0,0.0,0.0,0.0,0.0,0.0,-0.6299999999999955,-0.6299999999999955,,8.0,-0.7828037782155022,-8.0,0.2702897146718044,1.0,1.0,5.0,1.0,0.0,0.0,0.0,0.0,0.0,0.0,0.0,0.0,0.0,0.0,0.0,0.0
NODE_5647,p1_p4_recovery_6,12.0,5.0,0.0,0.0,0.0,0.0,51.64,51.64,,758.0,52.1927688666842,373.0,4.218125071605744,3461.0,0.0,0.0,0.0,5.0,5.0,100.0,0.0,0.0,0.0,5.0,0.0,1.0,1.0,1.0,0.0,5.0,0.0,0.0,0.0,0.0,32.84,32.84,,763.0,33.14254851702673,342.0,7.525977807539419,3462.0,1.0,5.0,1.0,5.0,5.0,100.0,0.0,0.0,0.0,5.0,0.0,1.0,1.0,1.0,0.0,0.0,0.0,0.0,0.0,0.0,-18.799999999999997,-18.799999999999997,,5.0,-19.050220349657465,-31.0,3.3078527359336745,1.0,1.0,5.0,1.0,0.0,0.0,0.0,0.0,0.0,0.0,0.0,0.0,0.0,0.0,0.0,0.0
NODE_5647,p1_p4_recovery_6,13.0,5.0,0.0,0.0,0.0,0.0,33.78,33.78,,846.0,34.04848084544254,386.0,6.899783942271021,3470.0,0.0,0.0,0.0,5.0,5.0,100.0,0.0,0.0,0.0,5.0,0.0,1.0,1.0,1.0,0.0,5.0,0.0,0.0,0.0,0.0,33.88,33.88,,849.0,34.24070556309363,383.0,7.013451514397627,3466.0,1.0,5.0,1.0,5.0,5.0,100.0,0.0,0.0,0.0,5.0,0.0,1.0,1.0,1.0,0.0,0.0,0.0,0.0,0.0,0.0,0.10000000000000142,0.10000000000000142,,3.0,0.1922247176510865,-3.0,0.11366757212660517,-4.0,1.0,5.0,1.0,0.0,0.0,0.0,0.0,0.0,0.0,0.0,0.0,0.0,0.0,0.0,0.0
NODE_5647,p1_p4_recovery_6,14.0,5.0,0.0,0.0,0.0,0.0,38.57,38.57,,836.0,39.07323360916614,382.0,5.803095774597144,3468.0,0.0,0.0,0.0,5.0,5.0,100.0,0.0,0.0,0.0,5.0,0.0,1.0,1.0,1.0,0.0,5.0,0.0,0.0,0.0,0.0,38.63,38.63,,874.0,39.3847619047619,381.0,5.658031984483394,3472.0,1.0,5.0,1.0,5.0,5.0,100.0,0.0,0.0,0.0,5.0,0.0,1.0,1.0,1.0,0.0,0.0,0.0,0.0,0.0,0.0,0.060000000000002274,0.060000000000002274,,38.0,0.3115282955957639,-1.0,-0.14506379011374992,4.0,1.0,5.0,1.0,0.0,0.0,0.0,0.0,0.0,0.0,0.0,0.0,0.0,0.0,0.0,0.0
NODE_5647,p1_p4_recovery_6,15.0,5.0,0.0,0.0,0.0,0.0,29.59,29.59,,900.0,29.91813165155696,377.0,7.791888265784978,3467.0,0.0,0.0,0.0,5.0,5.0,100.0,0.0,0.0,0.0,5.0,0.0,1.0,1.0,1.0,0.0,5.0,0.0,0.0,0.0,0.0,29.64,29.64,,879.0,30.06386687797148,372.0,7.606141324379881,3467.0,1.0,5.0,1.0,5.0,5.0,100.0,0.0,0.0,0.0,5.0,0.0,1.0,1.0,1.0,0.0,0.0,0.0,0.0,0.0,0.0,0.05000000000000071,0.05000000000000071,,-21.0,0.14573522641452286,-5.0,-0.18574694140509695,0.0,1.0,5.0,1.0,0.0,0.0,0.0,0.0,0.0,0.0,0.0,0.0,0.0,0.0,0.0,0.0
NODE_5647,p1_p4_recovery_6,16.0,5.0,0.0,0.0,0.0,0.0,27.25,27.25,,811.0,27.227371695178853,289.0,8.919399627171154,3466.0,0.0,0.0,0.0,5.0,5.0,100.0,0.0,0.0,0.0,5.0,0.0,1.0,1.0,1.0,0.0,5.0,0.0,0.0,0.0,0.0,27.62,27.62,,839.0,27.642345924453277,313.0,8.555375604770775,3466.0,1.0,5.0,1.0,5.0,5.0,100.0,0.0,0.0,0.0,5.0,0.0,1.0,1.0,1.0,0.0,0.0,0.0,0.0,0.0,0.0,0.370000000000001,0.370000000000001,,28.0,0.4149742292744243,24.0,-0.364024022400379,0.0,1.0,5.0,1.0,0.0,0.0,0.0,0.0,0.0,0.0,0.0,0.0,0.0,0.0,0.0,0.0
NODE_5647,p1_p4_recovery_6,17.0,5.0,0.0,0.0,0.0,0.0,29.68,29.68,,850.0,30.112139992708716,389.0,7.70708517430269,3464.0,0.0,0.0,0.0,5.0,5.0,100.0,0.0,0.0,0.0,5.0,0.0,1.0,1.0,1.0,0.0,5.0,0.0,0.0,0.0,0.0,28.59,28.59,,859.0,28.847946725860155,388.0,8.00992666663395,3464.0,1.0,5.0,1.0,5.0,5.0,100.0,0.0,0.0,0.0,5.0,0.0,1.0,1.0,1.0,0.0,0.0,0.0,0.0,0.0,0.0,-1.0899999999999999,-1.0899999999999999,,9.0,-1.2641932668485616,-1.0,0.3028414923312601,0.0,1.0,5.0,1.0,0.0,0.0,0.0,0.0,0.0,0.0,0.0,0.0,0.0,0.0,0.0,0.0
NODE_5647,p1_p4_recovery_6,18.0,5.0,0.0,0.0,0.0,0.0,28.03,28.03,,861.0,28.140022132054593,368.0,8.044405445097151,3464.0,0.0,0.0,0.0,5.0,5.0,100.0,0.0,0.0,0.0,5.0,0.0,1.0,1.0,1.0,0.0,5.0,0.0,0.0,0.0,0.0,29.16,29.16,,841.0,29.289494729189386,364.0,7.847168262275376,3465.0,1.0,5.0,1.0,5.0,5.0,100.0,0.0,0.0,0.0,5.0,0.0,1.0,1.0,1.0,0.0,0.0,0.0,0.0,0.0,0.0,1.129999999999999,1.129999999999999,,-20.0,1.1494725971347926,-4.0,-0.19723718282177582,1.0,1.0,5.0,1.0,0.0,0.0,0.0,0.0,0.0,0.0,0.0,0.0,0.0,0.0,0.0,0.0
NODE_5647,p1_p4_recovery_6,19.0,5.0,0.0,0.0,0.0,0.0,31.18,31.18,,818.0,31.705732974220854,356.0,7.662364299869317,3463.0,0.0,0.0,0.0,5.0,5.0,100.0,0.0,0.0,0.0,5.0,0.0,1.0,1.0,1.0,0.0,5.0,0.0,0.0,0.0,0.0,47.06,47.06,,790.0,47.7046511627907,367.0,4.668548890971907,3461.0,1.0,5.0,1.0,5.0,5.0,100.0,0.0,0.0,0.0,5.0,0.0,1.0,1.0,1.0,0.0,0.0,0.0,0.0,0.0,0.0,15.880000000000003,15.880000000000003,,-28.0,15.998918188569842,11.0,-2.99381540889741,-2.0,1.0,5.0,1.0,0.0,0.0,0.0,0.0,0.0,0.0,0.0,0.0,0.0,0.0,0.0,0.0
NODE_5647,p1_p4_recovery_6,20.0,5.0,0.0,0.0,0.0,0.0,30.6,30.6,,851.0,30.8556095736724,356.0,7.644378768142657,3464.0,0.0,0.0,0.0,5.0,5.0,100.0,0.0,0.0,0.0,5.0,0.0,1.0,1.0,1.0,0.0,5.0,0.0,0.0,0.0,0.0,30.0,30.0,,836.0,30.250631970260223,357.0,7.771909322739257,3465.0,1.0,5.0,1.0,5.0,5.0,100.0,0.0,0.0,0.0,5.0,0.0,1.0,1.0,1.0,0.0,0.0,0.0,0.0,0.0,0.0,-0.6000000000000014,-0.6000000000000014,,-15.0,-0.604977603412177,1.0,0.1275305545965999,1.0,1.0,5.0,1.0,0.0,0.0,0.0,0.0,0.0,0.0,0.0,0.0,0.0,0.0,0.0,0.0
NODE_5647,p1_p4_recovery_6,21.0,5.0,0.0,0.0,0.0,0.0,31.59,31.59,,823.0,32.10012417218543,350.0,7.4822729699616914,3468.0,0.0,0.0,0.0,5.0,5.0,100.0,0.0,0.0,0.0,5.0,0.0,1.0,1.0,1.0,0.0,5.0,0.0,0.0,0.0,0.0,31.92,31.92,,832.0,32.3610260653703,350.0,7.447533003752371,3467.0,1.0,5.0,1.0,5.0,5.0,100.0,0.0,0.0,0.0,5.0,0.0,1.0,1.0,1.0,0.0,0.0,0.0,0.0,0.0,0.0,0.33000000000000185,0.33000000000000185,,9.0,0.26090189318486523,0.0,-0.03473996620932063,-1.0,1.0,5.0,1.0,0.0,0.0,0.0,0.0,0.0,0.0,0.0,0.0,0.0,0.0,0.0,0.0
NODE_5647,p1_p4_recovery_6,22.0,5.0,0.0,0.0,0.0,0.0,41.65,41.65,,854.0,42.02172425590147,343.0,5.911220798193112,3468.0,0.0,0.0,0.0,5.0,5.0,100.0,0.0,0.0,0.0,5.0,0.0,1.0,1.0,1.0,0.0,5.0,0.0,0.0,0.0,0.0,41.57,41.57,,872.0,42.055178100263845,351.0,5.73217038807675,3465.0,1.0,5.0,1.0,5.0,5.0,100.0,0.0,0.0,0.0,5.0,0.0,1.0,1.0,1.0,0.0,0.0,0.0,0.0,0.0,0.0,-0.0799999999999983,-0.0799999999999983,,18.0,0.03345384436237708,8.0,-0.17905041011636147,-3.0,1.0,5.0,1.0,0.0,0.0,0.0,0.0,0.0,0.0,0.0,0.0,0.0,0.0,0.0,0.0
NODE_5647,p1_p4_recovery_6,23.0,5.0,0.0,0.0,0.0,0.0,31.34,31.34,,885.0,32.14832089552239,366.0,7.056606236852945,3471.0,0.0,0.0,0.0,5.0,5.0,100.0,0.0,0.0,0.0,5.0,0.0,1.0,1.0,1.0,0.0,5.0,0.0,0.0,0.0,0.0,30.47,30.47,,868.0,30.839038817005548,376.0,7.374684746022746,3470.0,1.0,5.0,1.0,5.0,5.0,100.0,0.0,0.0,0.0,5.0,0.0,1.0,1.0,1.0,0.0,0.0,0.0,0.0,0.0,0.0,-0.870000000000001,-0.870000000000001,,-17.0,-1.3092820785168406,10.0,0.3180785091698013,-1.0,1.0,5.0,1.0,0.0,0.0,0.0,0.0,0.0,0.0,0.0,0.0,0.0,0.0,0.0,0.0
NODE_5938,p1_p4_recovery_6,1.0,5.0,0.0,0.0,0.0,0.0,20.21,20.21,,850.0,20.7913190529876,301.0,10.383542381595513,3466.0,0.0,0.0,0.0,9.0,9.0,180.0,0.0,0.0,0.0,9.0,0.0,1.8,1.8,1.8,0.0,5.0,0.0,0.0,0.0,0.0,20.06,20.06,,866.0,20.671556886227545,291.0,10.567839438779192,3466.0,1.0,5.0,1.0,9.0,9.0,180.0,0.0,0.0,0.0,9.0,0.0,1.8,1.8,1.8,0.0,0.0,0.0,0.0,0.0,0.0,-0.15000000000000213,-0.15000000000000213,,16.0,-0.11976216676005436,-10.0,0.18429705718367906,0.0,1.0,5.0,1.0,0.0,0.0,0.0,0.0,0.0,0.0,0.0,0.0,0.0,0.0,0.0,0.0
NODE_5938,p1_p4_recovery_6,2.0,5.0,0.0,0.0,0.0,0.0,15.95,15.95,,806.0,16.357731958762887,277.0,11.56539639150156,3463.0,0.0,0.0,0.0,9.0,9.0,180.0,0.0,0.0,0.0555555555555539,9.0,0.0,1.8,1.8,1.8,0.0,5.0,0.0,0.0,0.0,0.0,16.58,16.58,,791.0,17.067475409836064,277.0,11.440343823342603,3460.0,1.0,5.0,1.0,9.0,9.0,180.0,0.0,0.0,0.1444444444444441,9.0,0.0,1.8,1.8,1.8,0.0,0.0,0.0,0.0,0.0,0.0,0.629999999999999,0.629999999999999,,-15.0,0.7097434510731766,0.0,-0.1250525681589565,-3.0,1.0,5.0,1.0,0.0,0.0,0.0,0.0,0.0,0.0888888888888902,0.0,0.0,0.0,0.0,0.0,0.0
NODE_5938,p1_p4_recovery_6,3.0,5.0,0.0,0.0,0.0,0.0,17.24,17.24,,906.0,17.78241401687216,295.0,11.491180549295477,3468.0,0.0,0.0,0.0,9.0,9.0,180.0,0.0,0.0,0.0,9.0,0.0,1.8,1.8,1.8,0.0,5.0,0.0,0.0,0.0,0.0,17.69,17.69,,920.0,18.70434219053791,293.0,11.52275448053398,3467.0,1.0,5.0,1.0,9.0,9.0,180.0,0.0,0.0,0.0,9.0,0.0,1.8,1.8,1.8,0.0,0.0,0.0,0.0,0.0,0.0,0.45000000000000284,0.45000000000000284,,14.0,0.9219281736657514,-2.0,0.03157393123850305,-1.0,1.0,5.0,1.0,0.0,0.0,0.0,0.0,0.0,0.0,0.0,0.0,0.0,0.0,0.0,0.0
NODE_5938,p1_p4_recovery_6,4.0,5.0,0.0,0.0,0.0,0.0,18.95,18.95,,851.0,19.613953488372093,280.0,10.977721684346225,3470.0,0.0,0.0,0.0,9.0,5.0,100.0,0.0,0.0,14.366666666666667,5.0,0.0,1.0,1.0,1.0,0.0,5.0,0.0,0.0,0.0,0.0,18.41,18.41,,888.0,18.97229152987525,279.0,10.95330296473514,3469.0,1.0,5.0,1.0,9.0,5.0,100.0,0.0,0.0,14.522222222222227,5.0,0.0,1.0,1.0,1.0,0.0,0.0,0.0,0.0,0.0,0.0,-0.5399999999999991,-0.5399999999999991,,37.0,-0.6416619584968437,-1.0,-0.024418719611084327,-1.0,1.0,5.0,1.0,0.0,0.0,0.0,0.0,0.0,0.15555555555556033,0.0,0.0,0.0,0.0,0.0,0.0
NODE_5938,p1_p4_recovery_6,5.0,5.0,0.0,0.0,0.0,0.0,22.53,22.53,,890.0,23.24252307692307,275.0,9.96756108016648,3464.0,0.0,0.0,0.0,9.0,5.0,100.0,0.0,0.0,4.9777777777777725,5.0,0.0,1.0,1.0,1.0,0.0,5.0,0.0,0.0,0.0,0.0,23.99,23.99,,901.0,24.92129688493325,258.0,9.662326147958296,3464.0,1.0,5.0,1.0,9.0,5.0,100.0,0.0,0.0,4.9777777777777725,5.0,0.0,1.0,1.0,1.0,0.0,0.0,0.0,0.0,0.0,0.0,1.4599999999999973,1.4599999999999973,,11.0,1.6787738080101775,-17.0,-0.3052349322081831,0.0,1.0,5.0,1.0,0.0,0.0,0.0,0.0,0.0,0.0,0.0,0.0,0.0,0.0,0.0,0.0
NODE_5938,p1_p4_recovery_6,6.0,5.0,0.0,0.0,0.0,0.0,14.37,14.37,,867.0,14.80614285714286,275.0,12.735723487532368,3469.0,0.0,0.0,0.0,9.0,9.0,180.0,0.0,0.0,0.0,9.0,0.0,1.8,1.8,1.8,0.0,5.0,0.0,0.0,0.0,0.0,14.06,14.06,,881.0,14.138822704975473,277.0,12.683068913080376,3469.0,1.0,5.0,1.0,9.0,9.0,180.0,0.0,0.0,0.0,9.0,0.0,1.8,1.8,1.8,0.0,0.0,0.0,0.0,0.0,0.0,-0.3099999999999987,-0.3099999999999987,,14.0,-0.6673201521673864,2.0,-0.052654574451992175,0.0,1.0,5.0,1.0,0.0,0.0,0.0,0.0,0.0,0.0,0.0,0.0,0.0,0.0,0.0,0.0
NODE_5938,p1_p4_recovery_6,7.0,5.0,0.0,0.0,0.0,0.0,18.85,18.85,,856.0,18.984130019120457,259.0,11.20216581770426,3462.0,0.0,0.0,0.0,9.0,9.0,180.0,0.0,0.0,0.0,9.0,0.0,1.8,1.8,1.8,0.0,5.0,0.0,0.0,0.0,0.0,20.03,20.03,,858.0,20.099938612645794,261.0,10.861290421643172,3462.0,1.0,5.0,1.0,9.0,9.0,180.0,0.0,0.0,0.0,9.0,0.0,1.8,1.8,1.8,0.0,0.0,0.0,0.0,0.0,0.0,1.1799999999999997,1.1799999999999997,,2.0,1.1158085935253368,2.0,-0.3408753960610884,0.0,1.0,5.0,1.0,0.0,0.0,0.0,0.0,0.0,0.0,0.0,0.0,0.0,0.0,0.0,0.0
NODE_5938,p1_p4_recovery_6,8.0,5.0,0.0,0.0,0.0,0.0,14.64,14.64,,831.0,15.25264773599386,275.0,12.07092487226176,3465.0,0.0,0.0,0.0,9.0,7.0,140.0,0.0,0.0,1.522222222222221,6.0,1.0,1.3,1.3,1.3,0.0,5.0,0.0,0.0,0.0,0.0,14.58,14.58,,864.0,15.324846153846153,274.0,12.312461097231324,3468.0,1.0,5.0,1.0,9.0,7.0,140.0,0.0,0.0,1.722222222222224,6.0,1.0,1.3,1.3,1.3,0.0,0.0,0.0,0.0,0.0,0.0,-0.0600000000000005,-0.0600000000000005,,33.0,0.07219841785229342,-1.0,0.24153622496956473,3.0,1.0,5.0,1.0,0.0,0.0,0.0,0.0,0.0,0.20000000000000306,0.0,0.0,0.0,0.0,0.0,0.0
NODE_5938,p1_p4_recovery_6,9.0,5.0,0.0,0.0,0.0,0.0,18.58,18.58,,929.0,19.101084990958412,299.0,11.16341577445067,3469.0,0.0,0.0,0.0,9.0,9.0,180.0,0.0,0.0,0.0,9.0,0.0,1.8,1.8,1.8,0.0,5.0,0.0,0.0,0.0,0.0,19.65,19.65,,890.0,20.09623307828134,300.0,10.740387967571095,3465.0,1.0,5.0,1.0,9.0,9.0,180.0,0.0,0.0,0.0,9.0,0.0,1.8,1.8,1.8,0.0,0.0,0.0,0.0,0.0,0.0,1.0700000000000003,1.0700000000000003,,-39.0,0.9951480873229279,1.0,-0.4230278068795741,-4.0,1.0,5.0,1.0,0.0,0.0,0.0,0.0,0.0,0.0,0.0,0.0,0.0,0.0,0.0,0.0
NODE_5938,p1_p4_recovery_6,10.0,5.0,0.0,0.0,0.0,0.0,15.76,15.76,,861.0,16.165296803652968,264.0,12.14565973878797,3461.0,0.0,0.0,0.0,9.0,5.0,100.0,0.0,0.0,14.322222222222226,5.0,0.0,1.0,1.0,1.0,0.0,5.0,0.0,0.0,0.0,0.0,14.22,14.22,,835.0,14.557559055118109,260.0,12.59777436597858,3465.0,1.0,5.0,1.0,9.0,5.0,100.0,0.0,0.0,14.522222222222227,5.0,0.0,1.0,1.0,1.0,0.0,0.0,0.0,0.0,0.0,0.0,-1.5399999999999991,-1.5399999999999991,,-26.0,-1.6077377485348592,-4.0,0.45211462719061046,4.0,1.0,5.0,1.0,0.0,0.0,0.0,0.0,0.0,0.20000000000000107,0.0,0.0,0.0,0.0,0.0,0.0
NODE_5938,p1_p4_recovery_6,11.0,5.0,0.0,0.0,0.0,0.0,19.67,19.67,,840.0,19.83667076167076,289.0,11.019318994117244,3462.0,0.0,0.0,0.0,9.0,6.0,120.0,0.0,0.0,2.0888888888888837,5.0,1.0,1.1,1.1,1.1,0.0,5.0,0.0,0.0,0.0,0.0,20.6,20.6,,848.0,20.9828890266584,287.0,10.971113536944316,3463.0,1.0,5.0,1.0,9.0,6.0,120.0,0.0,0.0,2.0888888888888837,5.0,1.0,1.1,1.1,1.1,0.0,0.0,0.0,0.0,0.0,0.0,0.9299999999999997,0.9299999999999997,,8.0,1.1462182649876382,-2.0,-0.048205457172928234,1.0,1.0,5.0,1.0,0.0,0.0,0.0,0.0,0.0,0.0,0.0,0.0,0.0,0.0,0.0,0.0
NODE_5938,p1_p4_recovery_6,12.0,5.0,0.0,0.0,0.0,0.0,21.99,21.99,,758.0,22.639529269764633,273.0,9.733602230223417,3461.0,0.0,0.0,0.0,9.0,9.0,180.0,0.0,0.0,0.0,9.0,0.0,1.8,1.8,1.8,0.0,5.0,0.0,0.0,0.0,0.0,22.45,22.45,,763.0,23.0668793195109,302.0,9.64213620380588,3462.0,1.0,5.0,1.0,9.0,9.0,180.0,0.0,0.0,0.0,9.0,0.0,1.8,1.8,1.8,0.0,0.0,0.0,0.0,0.0,0.0,0.46000000000000085,0.46000000000000085,,5.0,0.42735004974626634,29.0,-0.0914660264175371,1.0,1.0,5.0,1.0,0.0,0.0,0.0,0.0,0.0,0.0,0.0,0.0,0.0,0.0,0.0,0.0
NODE_5938,p1_p4_recovery_6,13.0,5.0,0.0,0.0,0.0,0.0,16.5,16.5,,846.0,16.834355828220858,267.0,11.72812107090709,3470.0,0.0,0.0,0.0,9.0,5.0,100.0,0.0,0.0,11.14444444444444,5.0,0.0,1.0,1.0,1.0,0.0,5.0,0.0,0.0,0.0,0.0,15.75,15.75,,849.0,16.073190902825637,267.0,12.20734879657665,3466.0,1.0,5.0,1.0,9.0,5.0,100.0,0.0,0.0,11.022222222222226,5.0,0.0,1.0,1.0,1.0,0.0,0.0,0.0,0.0,0.0,0.0,-0.75,-0.75,,3.0,-0.7611649253952208,0.0,0.47922772566955985,-4.0,1.0,5.0,1.0,0.0,0.0,0.0,0.0,0.0,-0.12222222222221468,0.0,0.0,0.0,0.0,0.0,0.0
NODE_5938,p1_p4_recovery_6,14.0,5.0,0.0,0.0,0.0,0.0,16.97,16.97,,836.0,17.298467966573813,272.0,11.785027579826622,3468.0,0.0,0.0,0.0,9.0,9.0,180.0,0.0,0.0,0.0,9.0,0.0,1.8,1.8,1.8,0.0,5.0,0.0,0.0,0.0,0.0,18.77,18.77,,874.0,19.3656836461126,271.0,11.224108873805095,3472.0,1.0,5.0,1.0,9.0,9.0,180.0,0.0,0.0,0.0,9.0,0.0,1.8,1.8,1.8,0.0,0.0,0.0,0.0,0.0,0.0,1.8000000000000007,1.8000000000000007,,38.0,2.067215679538787,-1.0,-0.5609187060215266,4.0,1.0,5.0,1.0,0.0,0.0,0.0,0.0,0.0,0.0,0.0,0.0,0.0,0.0,0.0,0.0
NODE_5938,p1_p4_recovery_6,15.0,5.0,0.0,0.0,0.0,0.0,20.48,20.48,,900.0,21.186852861035423,269.0,11.10833421019606,3467.0,0.0,0.0,0.0,9.0,9.0,180.0,0.0,0.0,0.0,9.0,0.0,1.8,1.8,1.8,0.0,5.0,0.0,0.0,0.0,0.0,20.98,20.98,,879.0,21.397278911564623,259.0,10.875247078787629,3467.0,1.0,5.0,1.0,9.0,9.0,180.0,0.0,0.0,0.0,9.0,0.0,1.8,1.8,1.8,0.0,0.0,0.0,0.0,0.0,0.0,0.5,0.5,,-21.0,0.21042605052920038,-10.0,-0.23308713140843196,0.0,1.0,5.0,1.0,0.0,0.0,0.0,0.0,0.0,0.0,0.0,0.0,0.0,0.0,0.0,0.0
NODE_5938,p1_p4_recovery_6,16.0,5.0,0.0,0.0,0.0,0.0,22.73,22.73,,811.0,23.135654126895,290.0,9.927540507790162,3466.0,0.0,0.0,0.0,9.0,9.0,180.0,0.0,0.0,0.0,9.0,0.0,1.8,1.8,1.8,0.0,5.0,0.0,0.0,0.0,0.0,21.58,21.58,,839.0,22.172258771929823,293.0,9.933009746906864,3466.0,1.0,5.0,1.0,9.0,9.0,180.0,0.0,0.0,0.0,9.0,0.0,1.8,1.8,1.8,0.0,0.0,0.0,0.0,0.0,0.0,-1.1500000000000021,-1.1500000000000021,,28.0,-0.9633953549651757,3.0,0.005469239116701274,0.0,1.0,5.0,1.0,0.0,0.0,0.0,0.0,0.0,0.0,0.0,0.0,0.0,0.0,0.0,0.0
NODE_5938,p1_p4_recovery_6,17.0,5.0,0.0,0.0,0.0,0.0,18.77,18.77,,850.0,19.30041567695962,296.0,11.093259650443454,3464.0,0.0,0.0,0.0,9.0,7.0,140.0,0.0,0.0,1.3666666666666665,6.0,1.0,1.3,1.3,1.3,0.0,5.0,0.0,0.0,0.0,0.0,19.48,19.48,,859.0,20.33867534003548,310.0,11.021493103735136,3464.0,1.0,5.0,1.0,9.0,6.0,120.0,0.0,0.0,1.3999999999999977,6.0,0.0,1.2,1.2,1.2,0.0,0.0,0.0,0.0,0.0,0.0,0.7100000000000009,0.7100000000000009,,9.0,1.0382596630758592,14.0,-0.07176654670831795,0.0,1.0,5.0,1.0,0.0,-1.0,-20.0,0.0,0.0,0.033333333333331217,0.0,-1.0,-0.10000000000000009,-0.10000000000000009,-0.10000000000000009,0.0
NODE_5938,p1_p4_recovery_6,18.0,5.0,0.0,0.0,0.0,0.0,19.16,19.16,,861.0,19.59719570405728,299.0,11.213422305824212,3464.0,0.0,0.0,0.0,9.0,9.0,180.0,0.0,0.0,0.0,9.0,0.0,1.8,1.8,1.8,0.0,5.0,0.0,0.0,0.0,0.0,19.94,19.94,,841.0,20.228597230583983,289.0,11.22412315413466,3465.0,1.0,5.0,1.0,9.0,9.0,180.0,0.0,0.0,0.0,9.0,0.0,1.8,1.8,1.8,0.0,0.0,0.0,0.0,0.0,0.0,0.7800000000000011,0.7800000000000011,,-20.0,0.6314015265267017,-10.0,0.010700848310447597,1.0,1.0,5.0,1.0,0.0,0.0,0.0,0.0,0.0,0.0,0.0,0.0,0.0,0.0,0.0,0.0
NODE_5938,p1_p4_recovery_6,19.0,5.0,0.0,0.0,0.0,0.0,18.74,18.74,,818.0,18.962297128589263,303.0,11.254442425953409,3463.0,0.0,0.0,0.0,9.0,6.0,120.0,0.0,0.0,2.6222222222222182,5.0,1.0,1.1,1.1,1.1,0.0,5.0,0.0,0.0,0.0,0.0,16.65,16.65,,790.0,16.73788121990369,263.0,12.150949870787375,3461.0,1.0,5.0,1.0,9.0,6.0,120.0,0.0,0.0,2.6222222222222182,5.0,1.0,1.1,1.1,1.1,0.0,0.0,0.0,0.0,0.0,0.0,-2.09,-2.09,,-28.0,-2.2244159086855717,-40.0,0.8965074448339667,-2.0,1.0,5.0,1.0,0.0,0.0,0.0,0.0,0.0,0.0,0.0,0.0,0.0,0.0,0.0,0.0
NODE_5938,p1_p4_recovery_6,20.0,5.0,0.0,0.0,0.0,0.0,19.42,19.42,,851.0,20.107929264118656,311.0,11.109971919300348,3464.0,0.0,0.0,0.0,9.0,9.0,180.0,0.0,0.0,0.0,9.0,0.0,1.8,1.8,1.8,0.0,5.0,0.0,0.0,0.0,0.0,18.47,18.47,,836.0,19.31588895451861,304.0,11.1819084586164,3465.0,1.0,5.0,1.0,9.0,9.0,180.0,0.0,0.0,0.0,9.0,0.0,1.8,1.8,1.8,0.0,0.0,0.0,0.0,0.0,0.0,-0.9500000000000028,-0.9500000000000028,,-15.0,-0.792040309600047,-7.0,0.07193653931605226,1.0,1.0,5.0,1.0,0.0,0.0,0.0,0.0,0.0,0.0,0.0,0.0,0.0,0.0,0.0,0.0
NODE_5938,p1_p4_recovery_6,21.0,5.0,0.0,0.0,0.0,0.0,15.0,15.0,,823.0,15.673220577871737,269.0,12.200584107465428,3468.0,0.0,0.0,0.0,9.0,9.0,180.0,0.0,0.0,0.0,9.0,0.0,1.8,1.8,1.8,0.0,5.0,0.0,0.0,0.0,0.0,15.33,15.33,,832.0,16.069390581717453,270.0,12.015305529351162,3467.0,1.0,5.0,1.0,9.0,9.0,180.0,0.0,0.0,0.0,9.0,0.0,1.8,1.8,1.8,0.0,0.0,0.0,0.0,0.0,0.0,0.33000000000000007,0.33000000000000007,,9.0,0.3961700038457163,1.0,-0.18527857811426607,-1.0,1.0,5.0,1.0,0.0,0.0,0.0,0.0,0.0,0.0,0.0,0.0,0.0,0.0,0.0,0.0
NODE_5938,p1_p4_recovery_6,22.0,5.0,0.0,0.0,0.0,0.0,16.57,16.57,,854.0,17.359851301115242,293.0,11.36211820730075,3468.0,0.0,0.0,0.0,9.0,9.0,180.0,0.0,0.0,0.0,9.0,0.0,1.8,1.8,1.8,0.0,5.0,0.0,0.0,0.0,0.0,17.26,17.26,,872.0,18.3306592039801,294.0,11.399538527815976,3465.0,1.0,5.0,1.0,9.0,9.0,180.0,0.0,0.0,0.0222222222222225,9.0,0.0,1.8,1.8,1.8,0.0,0.0,0.0,0.0,0.0,0.0,0.6900000000000013,0.6900000000000013,,18.0,0.9708079028648591,1.0,0.037420320515225924,-3.0,1.0,5.0,1.0,0.0,0.0,0.0,0.0,0.0,0.0222222222222225,0.0,0.0,0.0,0.0,0.0,0.0
NODE_5938,p1_p4_recovery_6,23.0,5.0,0.0,0.0,0.0,0.0,19.13,19.13,,885.0,19.232981715893107,272.0,11.22850624382534,3471.0,0.0,0.0,0.0,9.0,9.0,180.0,0.0,0.0,0.0,9.0,0.0,1.8,1.8,1.8,0.0,5.0,0.0,0.0,0.0,0.0,19.34,19.34,,868.0,19.894703832752615,265.0,11.172936544717702,3470.0,1.0,5.0,1.0,9.0,9.0,180.0,0.0,0.0,0.0,9.0,0.0,1.8,1.8,1.8,0.0,0.0,0.0,0.0,0.0,0.0,0.21000000000000085,0.21000000000000085,,-17.0,0.661722116859508,-7.0,-0.05556969910763776,-1.0,1.0,5.0,1.0,0.0,0.0,0.0,0.0,0.0,0.0,0.0,0.0,0.0,0.0,0.0,0.0
NODE_6342,p1_p4_recovery_6,1.0,5.0,0.0,0.0,0.0,0.0,23.38,23.38,,850.0,23.681482444733422,591.0,7.18550696855881,3466.0,0.0,0.0,0.0,5.0,5.0,100.0,0.0,0.0,0.0,5.0,0.0,1.0,1.0,1.0,0.0,5.0,0.0,0.0,0.0,0.0,22.71,22.71,,866.0,22.9021106064654,579.0,7.206297799260815,3466.0,1.0,5.0,1.0,5.0,5.0,100.0,0.0,0.0,0.0,5.0,0.0,1.0,1.0,1.0,0.0,0.0,0.0,0.0,0.0,0.0,-0.6699999999999982,-0.6699999999999982,,16.0,-0.7793718382680233,-12.0,0.020790830702004826,0.0,1.0,5.0,1.0,0.0,0.0,0.0,0.0,0.0,0.0,0.0,0.0,0.0,0.0,0.0,0.0
NODE_6342,p1_p4_recovery_6,2.0,5.0,0.0,0.0,0.0,0.0,25.16,25.16,,806.0,25.85013509456619,523.0,6.42942898448916,3463.0,0.0,0.0,0.0,5.0,5.0,100.0,0.0,0.0,0.0,5.0,0.0,1.0,1.0,1.0,0.0,5.0,0.0,0.0,0.0,0.0,21.78,21.78,,791.0,22.58248397924931,559.0,7.377429873775911,3460.0,1.0,5.0,1.0,5.0,5.0,100.0,0.0,0.0,0.0,5.0,0.0,1.0,1.0,1.0,0.0,0.0,0.0,0.0,0.0,0.0,-3.379999999999999,-3.379999999999999,,-15.0,-3.2676511153168804,36.0,0.9480008892867513,-3.0,1.0,5.0,1.0,0.0,0.0,0.0,0.0,0.0,0.0,0.0,0.0,0.0,0.0,0.0,0.0
NODE_6342,p1_p4_recovery_6,3.0,5.0,0.0,0.0,0.0,0.0,30.15,30.15,,906.0,30.476958083832336,576.0,6.313271666732733,3468.0,0.0,0.0,0.0,5.0,5.0,100.0,0.0,0.0,0.0,5.0,0.0,1.0,1.0,1.0,0.0,5.0,0.0,0.0,0.0,0.0,14.38,14.38,,920.0,14.798787470528795,550.0,9.070991041007552,3467.0,1.0,5.0,1.0,5.0,5.0,100.0,0.0,0.0,0.0,5.0,0.0,1.0,1.0,1.0,0.0,0.0,0.0,0.0,0.0,0.0,-15.769999999999998,-15.769999999999998,,14.0,-15.678170613303541,-26.0,2.757719374274819,-1.0,1.0,5.0,1.0,0.0,0.0,0.0,0.0,0.0,0.0,0.0,0.0,0.0,0.0,0.0,0.0
NODE_6342,p1_p4_recovery_6,4.0,5.0,0.0,0.0,0.0,0.0,18.47,18.47,,851.0,18.75128345166576,629.0,7.974505150132595,3470.0,0.0,0.0,0.0,5.0,5.0,100.0,0.0,0.0,0.0,5.0,0.0,1.0,1.0,1.0,0.0,5.0,0.0,0.0,0.0,0.0,14.58,14.58,,888.0,14.912562518387762,627.0,8.433988012665532,3469.0,1.0,5.0,1.0,5.0,5.0,100.0,0.0,0.0,0.0,5.0,0.0,1.0,1.0,1.0,0.0,0.0,0.0,0.0,0.0,0.0,-3.889999999999999,-3.889999999999999,,37.0,-3.8387209332779975,-2.0,0.459482862532937,-1.0,1.0,5.0,1.0,0.0,0.0,0.0,0.0,0.0,0.0,0.0,0.0,0.0,0.0,0.0,0.0
NODE_6342,p1_p4_recovery_6,5.0,5.0,0.0,0.0,0.0,0.0,18.67,18.67,,890.0,18.865456745311555,551.0,8.118475822226637,3464.0,0.0,0.0,0.0,5.0,5.0,100.0,0.0,0.0,0.0,5.0,0.0,1.0,1.0,1.0,0.0,5.0,0.0,0.0,0.0,0.0,19.16,19.16,,901.0,19.79555412371134,522.0,8.03663682673812,3464.0,1.0,5.0,1.0,5.0,5.0,100.0,0.0,0.0,0.0,5.0,0.0,1.0,1.0,1.0,0.0,0.0,0.0,0.0,0.0,0.0,0.48999999999999844,0.48999999999999844,,11.0,0.9300973783997861,-29.0,-0.0818389954885177,0.0,1.0,5.0,1.0,0.0,0.0,0.0,0.0,0.0,0.0,0.0,0.0,0.0,0.0,0.0,0.0
NODE_6342,p1_p4_recovery_6,6.0,5.0,0.0,0.0,0.0,0.0,20.15,20.15,,867.0,20.667298578199052,632.0,6.794681972372103,3469.0,0.0,0.0,0.0,5.0,5.0,100.0,0.0,0.0,0.0,5.0,0.0,1.0,1.0,1.0,0.0,5.0,0.0,0.0,0.0,0.0,28.56,28.56,,881.0,28.91639541892707,618.0,5.673975862587962,3469.0,1.0,5.0,1.0,5.0,5.0,100.0,0.0,0.0,0.0,5.0,0.0,1.0,1.0,1.0,0.0,0.0,0.0,0.0,0.0,0.0,8.41,8.41,,14.0,8.249096840728019,-14.0,-1.1207061097841402,0.0,1.0,5.0,1.0,0.0,0.0,0.0,0.0,0.0,0.0,0.0,0.0,0.0,0.0,0.0,0.0
NODE_6342,p1_p4_recovery_6,7.0,5.0,0.0,0.0,0.0,0.0,15.47,15.47,,856.0,15.7992297817715,569.0,8.608558954614523,3462.0,0.0,0.0,0.0,5.0,5.0,100.0,0.0,0.0,0.0,5.0,0.0,1.0,1.0,1.0,0.0,5.0,0.0,0.0,0.0,0.0,14.25,14.25,,858.0,14.44517915309446,570.0,9.0035533020041,3462.0,1.0,5.0,1.0,5.0,5.0,100.0,0.0,0.0,0.0,5.0,0.0,1.0,1.0,1.0,0.0,0.0,0.0,0.0,0.0,0.0,-1.2200000000000006,-1.2200000000000006,,2.0,-1.3540506286770402,1.0,0.39499434738957717,0.0,1.0,5.0,1.0,0.0,0.0,0.0,0.0,0.0,0.0,0.0,0.0,0.0,0.0,0.0,0.0
NODE_6342,p1_p4_recovery_6,8.0,5.0,0.0,0.0,0.0,0.0,24.09,24.09,,831.0,24.871595655806185,555.0,6.831819438218475,3465.0,0.0,0.0,0.0,5.0,5.0,100.0,0.0,0.0,0.0,5.0,0.0,1.0,1.0,1.0,0.0,5.0,0.0,0.0,0.0,0.0,23.56,23.56,,864.0,24.031263269639062,583.0,7.040852325165461,3468.0,1.0,5.0,1.0,5.0,5.0,100.0,0.0,0.0,0.0,5.0,0.0,1.0,1.0,1.0,0.0,0.0,0.0,0.0,0.0,0.0,-0.5300000000000011,-0.5300000000000011,,33.0,-0.8403323861671232,28.0,0.20903288694698574,3.0,1.0,5.0,1.0,0.0,0.0,0.0,0.0,0.0,0.0,0.0,0.0,0.0,0.0,0.0,0.0
NODE_6342,p1_p4_recovery_6,9.0,5.0,0.0,0.0,0.0,0.0,28.28,28.28,,929.0,28.85440175097276,583.0,5.816479517991393,3469.0,0.0,0.0,0.0,5.0,5.0,100.0,0.0,0.0,0.0,5.0,0.0,1.0,1.0,1.0,0.0,5.0,0.0,0.0,0.0,0.0,20.3,20.3,,890.0,20.817812142038942,573.0,7.237847614569393,3465.0,1.0,5.0,1.0,5.0,5.0,100.0,0.0,0.0,0.0,5.0,0.0,1.0,1.0,1.0,0.0,0.0,0.0,0.0,0.0,0.0,-7.98,-7.98,,-39.0,-8.036589608933816,-10.0,1.421368096578,-4.0,1.0,5.0,1.0,0.0,0.0,0.0,0.0,0.0,0.0,0.0,0.0,0.0,0.0,0.0,0.0
NODE_6342,p1_p4_recovery_6,10.0,5.0,0.0,0.0,0.0,0.0,26.11,26.11,,861.0,26.623479845137776,600.0,6.440573428867415,3461.0,0.0,0.0,0.0,5.0,3.0,60.0,0.0,0.0,4.640000000000001,3.0,0.0,0.6,0.6,0.6,0.0,5.0,0.0,0.0,0.0,0.0,25.18,25.18,,835.0,25.743364088005674,609.0,6.975127572061408,3465.0,1.0,5.0,1.0,5.0,0.0,0.0,4.799999999999983,5.399999999999983,8.459999999999988,0.0,0.0,0.0,0.0,0.0,0.0,0.0,0.0,0.0,0.0,0.0,-0.9299999999999997,-0.9299999999999997,,-26.0,-0.8801157571321028,9.0,0.5345541431939926,4.0,1.0,5.0,1.0,0.0,-3.0,-60.0,4.799999999999983,5.399999999999983,3.819999999999988,-3.0,0.0,-0.6,-0.6,-0.6,0.0
NODE_6342,p1_p4_recovery_6,11.0,5.0,0.0,0.0,0.0,0.0,46.07,46.07,,840.0,46.60347003154575,553.0,4.630628320334627,3462.0,0.0,0.0,0.0,5.0,5.0,100.0,0.0,0.0,0.0,5.0,0.0,1.0,1.0,1.0,0.0,5.0,0.0,0.0,0.0,0.0,47.79,47.79,,848.0,48.38879863189397,559.0,4.339037749230747,3463.0,1.0,5.0,1.0,5.0,5.0,100.0,0.0,0.0,0.0,5.0,0.0,1.0,1.0,1.0,0.0,0.0,0.0,0.0,0.0,0.0,1.7199999999999989,1.7199999999999989,,8.0,1.7853286003482225,6.0,-0.29159057110388,1.0,1.0,5.0,1.0,0.0,0.0,0.0,0.0,0.0,0.0,0.0,0.0,0.0,0.0,0.0,0.0
NODE_6342,p1_p4_recovery_6,12.0,5.0,0.0,0.0,0.0,0.0,23.05,23.05,,758.0,23.689461045891143,637.0,8.096857611654578,3461.0,0.0,0.0,0.0,5.0,5.0,100.0,0.0,0.0,0.0,5.0,0.0,1.0,1.0,1.0,0.0,5.0,0.0,0.0,0.0,0.0,22.27,22.27,,763.0,22.685964424680375,625.0,8.21694269792623,3462.0,1.0,5.0,1.0,5.0,5.0,100.0,0.0,0.0,0.0,5.0,0.0,1.0,1.0,1.0,0.0,0.0,0.0,0.0,0.0,0.0,-0.7800000000000011,-0.7800000000000011,,5.0,-1.0034966212107683,-12.0,0.12008508627165249,1.0,1.0,5.0,1.0,0.0,0.0,0.0,0.0,0.0,0.0,0.0,0.0,0.0,0.0,0.0,0.0
NODE_6342,p1_p4_recovery_6,13.0,5.0,0.0,0.0,0.0,0.0,23.08,23.08,,846.0,23.49443099273607,528.0,7.377720992739786,3470.0,0.0,0.0,0.0,5.0,5.0,100.0,0.0,0.0,0.0,5.0,0.0,1.0,1.0,1.0,0.0,5.0,0.0,0.0,0.0,0.0,23.91,23.91,,849.0,24.30727048675293,528.0,7.619469127703878,3466.0,1.0,5.0,1.0,5.0,5.0,100.0,0.0,0.0,0.0,5.0,0.0,1.0,1.0,1.0,0.0,0.0,0.0,0.0,0.0,0.0,0.8300000000000018,0.8300000000000018,,3.0,0.8128394940168597,0.0,0.24174813496409175,-4.0,1.0,5.0,1.0,0.0,0.0,0.0,0.0,0.0,0.0,0.0,0.0,0.0,0.0,0.0,0.0
NODE_6342,p1_p4_recovery_6,14.0,5.0,0.0,0.0,0.0,0.0,20.21,20.21,,836.0,20.46940263405456,641.0,7.112792976145393,3468.0,0.0,0.0,0.0,5.0,5.0,100.0,0.0,0.0,0.0,5.0,0.0,1.0,1.0,1.0,0.0,5.0,0.0,0.0,0.0,0.0,25.33,25.33,,874.0,25.837527593818983,639.0,5.578756352862004,3472.0,1.0,5.0,1.0,5.0,5.0,100.0,0.0,0.0,0.0,5.0,0.0,1.0,1.0,1.0,0.0,0.0,0.0,0.0,0.0,0.0,5.119999999999997,5.119999999999997,,38.0,5.3681249597644225,-2.0,-1.5340366232833889,4.0,1.0,5.0,1.0,0.0,0.0,0.0,0.0,0.0,0.0,0.0,0.0,0.0,0.0,0.0,0.0
NODE_6342,p1_p4_recovery_6,15.0,5.0,0.0,0.0,0.0,0.0,18.94,18.94,,900.0,19.491938724259168,619.0,7.347313193594396,3467.0,0.0,0.0,0.0,5.0,5.0,100.0,0.0,0.0,0.0,5.0,0.0,1.0,1.0,1.0,0.0,5.0,0.0,0.0,0.0,0.0,18.36,18.36,,879.0,18.81584754262789,610.0,7.462348991929512,3467.0,1.0,5.0,1.0,5.0,5.0,100.0,0.0,0.0,0.0,5.0,0.0,1.0,1.0,1.0,0.0,0.0,0.0,0.0,0.0,0.0,-0.5800000000000018,-0.5800000000000018,,-21.0,-0.6760911816312785,-9.0,0.11503579833511601,0.0,1.0,5.0,1.0,0.0,0.0,0.0,0.0,0.0,0.0,0.0,0.0,0.0,0.0,0.0,0.0
NODE_6342,p1_p4_recovery_6,16.0,5.0,0.0,0.0,0.0,0.0,20.05,20.05,,811.0,20.780668733392385,626.0,6.18996610398029,3466.0,0.0,0.0,0.0,5.0,5.0,100.0,0.0,0.0,0.0,5.0,0.0,1.0,1.0,1.0,0.0,5.0,0.0,0.0,0.0,0.0,20.77,20.77,,839.0,21.510699764605175,637.0,6.073581289831791,3466.0,1.0,5.0,1.0,5.0,5.0,100.0,0.0,0.0,0.0,5.0,0.0,1.0,1.0,1.0,0.0,0.0,0.0,0.0,0.0,0.0,0.7199999999999989,0.7199999999999989,,28.0,0.7300310312127891,11.0,-0.11638481414849888,0.0,1.0,5.0,1.0,0.0,0.0,0.0,0.0,0.0,0.0,0.0,0.0,0.0,0.0,0.0,0.0
NODE_6342,p1_p4_recovery_6,17.0,5.0,0.0,0.0,0.0,0.0,21.34,21.34,,850.0,21.734949494949493,601.0,6.020818751850008,3464.0,0.0,0.0,0.0,5.0,5.0,100.0,0.0,0.0,0.0,5.0,0.0,1.0,1.0,1.0,0.0,5.0,0.0,0.0,0.0,0.0,20.76,20.76,,859.0,21.15986767054529,604.0,6.247289116943683,3464.0,1.0,5.0,1.0,5.0,5.0,100.0,0.0,0.0,0.0,5.0,0.0,1.0,1.0,1.0,0.0,0.0,0.0,0.0,0.0,0.0,-0.5799999999999983,-0.5799999999999983,,9.0,-0.5750818244042044,3.0,0.22647036509367435,0.0,1.0,5.0,1.0,0.0,0.0,0.0,0.0,0.0,0.0,0.0,0.0,0.0,0.0,0.0,0.0
NODE_6342,p1_p4_recovery_6,18.0,5.0,0.0,0.0,0.0,0.0,35.2,35.2,,861.0,35.720240437158466,557.0,4.981072199688116,3464.0,0.0,0.0,0.0,5.0,5.0,100.0,0.0,0.0,0.0,5.0,0.0,1.0,1.0,1.0,0.0,5.0,0.0,0.0,0.0,0.0,26.03,26.03,,841.0,26.56852777777778,546.0,6.5883730306889525,3465.0,1.0,5.0,1.0,5.0,5.0,100.0,0.0,0.0,0.0,5.0,0.0,1.0,1.0,1.0,0.0,0.0,0.0,0.0,0.0,0.0,-9.170000000000002,-9.170000000000002,,-20.0,-9.151712659380685,-11.0,1.6073008310008365,1.0,1.0,5.0,1.0,0.0,0.0,0.0,0.0,0.0,0.0,0.0,0.0,0.0,0.0,0.0,0.0
NODE_6342,p1_p4_recovery_6,19.0,5.0,0.0,0.0,0.0,0.0,15.49,15.49,,818.0,15.829277566539924,568.0,8.78830362146843,3463.0,0.0,0.0,0.0,5.0,5.0,100.0,0.0,0.0,0.0,5.0,0.0,1.0,1.0,1.0,0.0,5.0,0.0,0.0,0.0,0.0,15.02,15.02,,790.0,15.56338845372788,600.0,8.244886778383547,3461.0,1.0,5.0,1.0,5.0,5.0,100.0,0.0,0.0,0.0,5.0,0.0,1.0,1.0,1.0,0.0,0.0,0.0,0.0,0.0,0.0,-0.47000000000000064,-0.47000000000000064,,-28.0,-0.26588911281204375,32.0,-0.5434168430848825,-2.0,1.0,5.0,1.0,0.0,0.0,0.0,0.0,0.0,0.0,0.0,0.0,0.0,0.0,0.0,0.0
NODE_6342,p1_p4_recovery_6,20.0,5.0,0.0,0.0,0.0,0.0,24.56,24.56,,851.0,25.131814438649467,566.0,6.906873974976536,3464.0,0.0,0.0,0.0,5.0,4.0,80.0,0.0,0.0,1.5799999999999983,4.0,0.0,0.8,0.8,0.8,0.0,5.0,0.0,0.0,0.0,0.0,27.33,27.33,,836.0,28.014813829787236,559.0,6.39091378685431,3465.0,1.0,5.0,1.0,5.0,4.0,80.0,0.0,0.0,1.5400000000000005,4.0,0.0,0.8,0.8,0.8,0.0,0.0,0.0,0.0,0.0,0.0,2.7699999999999996,2.7699999999999996,,-15.0,2.882999391137769,-7.0,-0.515960188122226,1.0,1.0,5.0,1.0,0.0,0.0,0.0,0.0,0.0,-0.039999999999997815,0.0,0.0,0.0,0.0,0.0,0.0
NODE_6342,p1_p4_recovery_6,21.0,5.0,0.0,0.0,0.0,0.0,62.64,62.64,,823.0,63.36332421756304,528.0,2.113270625630449,3468.0,0.0,0.0,0.0,5.0,5.0,100.0,0.0,0.0,0.0,5.0,0.0,1.0,1.0,1.0,0.0,5.0,0.0,0.0,0.0,0.0,65.08,65.08,,832.0,65.600876216968,533.0,1.973074390321204,3467.0,1.0,5.0,1.0,5.0,5.0,100.0,0.0,0.0,0.0,5.0,0.0,1.0,1.0,1.0,0.0,0.0,0.0,0.0,0.0,0.0,2.4399999999999977,2.4399999999999977,,9.0,2.237551999404964,5.0,-0.1401962353092452,-1.0,1.0,5.0,1.0,0.0,0.0,0.0,0.0,0.0,0.0,0.0,0.0,0.0,0.0,0.0,0.0
NODE_6342,p1_p4_recovery_6,22.0,5.0,0.0,0.0,0.0,0.0,34.25,34.25,,854.0,34.92061636556855,519.0,5.379376215333792,3468.0,0.0,0.0,0.0,5.0,5.0,100.0,0.0,0.0,0.0,5.0,0.0,1.0,1.0,1.0,0.0,5.0,0.0,0.0,0.0,0.0,29.23,29.23,,872.0,29.824580579562788,561.0,6.134456077319662,3465.0,1.0,5.0,1.0,5.0,5.0,100.0,0.0,0.0,0.0,5.0,0.0,1.0,1.0,1.0,0.0,0.0,0.0,0.0,0.0,0.0,-5.02,-5.02,,18.0,-5.096035786005761,42.0,0.7550798619858696,-3.0,1.0,5.0,1.0,0.0,0.0,0.0,0.0,0.0,0.0,0.0,0.0,0.0,0.0,0.0,0.0
NODE_6342,p1_p4_recovery_6,23.0,5.0,0.0,0.0,0.0,0.0,15.92,15.92,,885.0,16.167278447823808,628.0,8.265812438251032,3471.0,0.0,0.0,0.0,5.0,5.0,100.0,0.0,0.0,0.0,5.0,0.0,1.0,1.0,1.0,0.0,5.0,0.0,0.0,0.0,0.0,19.46,19.46,,868.0,20.152632950990615,616.0,7.743862701449489,3470.0,1.0,5.0,1.0,5.0,5.0,100.0,0.0,0.0,0.0,5.0,0.0,1.0,1.0,1.0,0.0,0.0,0.0,0.0,0.0,0.0,3.540000000000001,3.540000000000001,,-17.0,3.985354503166807,-12.0,-0.5219497368015436,-1.0,1.0,5.0,1.0,0.0,0.0,0.0,0.0,0.0,0.0,0.0,0.0,0.0,0.0,0.0,0.0
LINK_10218,signal_fix_9,1.0,15.0,0.0,0.0,0.0,0.0,45.21,45.21,,854.0,45.34586494688923,574.0,5.199446678594484,3466.0,0.0,0.0,0.0,15.0,15.0,100.0,0.0,0.0,0.0,15.0,0.0,1.0,1.0,1.0,0.0,15.0,0.0,0.0,0.0,0.0,44.67,44.67,,853.0,44.91645167320994,568.0,5.009509095518147,3466.0,1.0,5.0,1.0,15.0,15.0,100.0,0.0,0.0,0.0,15.0,0.0,1.0,1.0,1.0,0.0,0.0,0.0,0.0,0.0,0.0,-0.5399999999999991,-0.5399999999999991,,-1.0,-0.4294132736792875,-6.0,-0.189937583076337,0.0,1.0,5.0,1.0,0.0,0.0,0.0,0.0,0.0,0.0,0.0,0.0,0.0,0.0,0.0,0.0
LINK_10218,signal_fix_9,2.0,15.0,0.0,0.0,0.0,0.0,44.2,44.2,,825.0,44.53568232662193,539.0,4.563531178938077,3462.0,0.0,0.0,0.0,15.0,15.0,100.0,0.0,0.0,0.0,15.0,0.0,1.0,1.0,1.0,0.0,15.0,0.0,0.0,0.0,0.0,43.76,43.76,,831.0,44.18525992896351,542.0,4.711896727593209,3466.0,1.0,5.0,1.0,15.0,15.0,100.0,0.0,0.0,0.0,15.0,0.0,1.0,1.0,1.0,0.0,0.0,0.0,0.0,0.0,0.0,-0.44000000000000483,-0.44000000000000483,,6.0,-0.35042239765842,3.0,0.14836554865513207,4.0,1.0,5.0,1.0,0.0,0.0,0.0,0.0,0.0,0.0,0.0,0.0,0.0,0.0,0.0,0.0
LINK_10218,signal_fix_9,3.0,15.0,0.0,0.0,0.0,0.0,49.38,49.38,,952.0,49.90223400835743,604.0,4.63511822217539,3465.0,0.0,0.0,0.0,15.0,15.0,100.0,0.0,0.0,0.0,15.0,0.0,1.0,1.0,1.0,0.0,15.0,0.0,0.0,0.0,0.0,50.1,50.1,,929.0,50.58655423178091,610.0,4.507256515143775,3465.0,1.0,5.0,1.0,15.0,15.0,100.0,0.0,0.0,0.0,15.0,0.0,1.0,1.0,1.0,0.0,0.0,0.0,0.0,0.0,0.0,0.7199999999999989,0.7199999999999989,,-23.0,0.6843202234234766,6.0,-0.1278617070316157,0.0,1.0,5.0,1.0,0.0,0.0,0.0,0.0,0.0,0.0,0.0,0.0,0.0,0.0,0.0,0.0
LINK_10218,signal_fix_9,4.0,15.0,0.0,0.0,0.0,0.0,45.92,45.92,,830.0,46.20261547022816,562.0,3.8262591155760775,3468.0,0.0,0.0,0.0,15.0,15.0,100.0,0.0,0.0,0.0,15.0,0.0,1.0,1.0,1.0,0.0,15.0,0.0,0.0,0.0,0.0,43.66,43.66,,867.0,43.9292675679691,592.0,4.651896548008998,3470.0,1.0,5.0,1.0,15.0,15.0,100.0,0.0,0.0,0.0,15.0,0.0,1.0,1.0,1.0,0.0,0.0,0.0,0.0,0.0,0.0,-2.260000000000005,-2.260000000000005,,37.0,-2.2733479022590615,30.0,0.8256374324329205,2.0,1.0,5.0,1.0,0.0,0.0,0.0,0.0,0.0,0.0,0.0,0.0,0.0,0.0,0.0,0.0
LINK_10218,signal_fix_9,5.0,15.0,0.0,0.0,0.0,0.0,39.89,39.89,,893.0,40.30728178368121,510.0,6.336838441690155,3465.0,0.0,0.0,0.0,15.0,15.0,100.0,0.0,0.0,0.0,15.0,0.0,1.0,1.0,1.0,0.0,15.0,0.0,0.0,0.0,0.0,41.55,41.55,,864.0,41.96717237771384,467.0,6.531806055607651,3464.0,1.0,5.0,1.0,15.0,15.0,100.0,0.0,0.0,0.0,15.0,0.0,1.0,1.0,1.0,0.0,0.0,0.0,0.0,0.0,0.0,1.6599999999999966,1.6599999999999966,,-29.0,1.6598905940326247,-43.0,0.1949676139174965,-1.0,1.0,5.0,1.0,0.0,0.0,0.0,0.0,0.0,0.0,0.0,0.0,0.0,0.0,0.0,0.0
LINK_10218,signal_fix_9,6.0,15.0,0.0,0.0,0.0,0.0,30.16,30.16,,909.0,30.15814121037464,624.0,6.009783095944867,3470.0,0.0,0.0,0.0,15.0,15.0,100.0,0.0,0.0,0.0,15.0,0.0,1.0,1.0,1.0,0.0,15.0,0.0,0.0,0.0,0.0,33.81,33.81,,883.0,33.930217748562036,544.0,6.313243459125209,3471.0,1.0,5.0,1.0,15.0,15.0,100.0,0.0,0.0,0.0,15.0,0.0,1.0,1.0,1.0,0.0,0.0,0.0,0.0,0.0,0.0,3.650000000000002,3.650000000000002,,-26.0,3.7720765381873953,-80.0,0.3034603631803421,1.0,1.0,5.0,1.0,0.0,0.0,0.0,0.0,0.0,0.0,0.0,0.0,0.0,0.0,0.0,0.0
LINK_10218,signal_fix_9,7.0,15.0,0.0,0.0,0.0,0.0,36.63,36.63,,894.0,36.9431679389313,548.0,5.645391065509543,3465.0,0.0,0.0,0.0,15.0,15.0,100.0,0.0,0.0,0.0,15.0,0.0,1.0,1.0,1.0,0.0,15.0,0.0,0.0,0.0,0.0,33.55,33.55,,879.0,33.67455073516065,558.0,5.602839724150761,3464.0,1.0,5.0,1.0,15.0,15.0,100.0,0.0,0.0,0.0,15.0,0.0,1.0,1.0,1.0,0.0,0.0,0.0,0.0,0.0,0.0,-3.0800000000000054,-3.0800000000000054,,-15.0,-3.2686172037706527,10.0,-0.04255134135878169,-1.0,1.0,5.0,1.0,0.0,0.0,0.0,0.0,0.0,0.0,0.0,0.0,0.0,0.0,0.0,0.0
LINK_10218,signal_fix_9,8.0,15.0,0.0,0.0,0.0,0.0,27.4,27.4,,859.0,27.73804809052334,614.0,6.973537972347201,3467.0,0.0,0.0,0.0,15.0,15.0,100.0,0.0,0.0,0.0,15.0,0.0,1.0,1.0,1.0,0.0,15.0,0.0,0.0,0.0,0.0,33.15,33.15,,847.0,33.52947146687094,604.0,6.214513839860856,3463.0,1.0,5.0,1.0,15.0,15.0,100.0,0.0,0.0,0.0,15.0,0.0,1.0,1.0,1.0,0.0,0.0,0.0,0.0,0.0,0.0,5.75,5.75,,-12.0,5.791423376347598,-10.0,-0.7590241324863456,-4.0,1.0,5.0,1.0,0.0,0.0,0.0,0.0,0.0,0.0,0.0,0.0,0.0,0.0,0.0,0.0
LINK_10218,signal_fix_9,9.0,15.0,0.0,0.0,0.0,0.0,33.12,33.12,,916.0,33.17684478371501,534.0,6.173874858102464,3472.0,0.0,0.0,0.0,15.0,15.0,100.0,0.0,0.0,0.0,15.0,0.0,1.0,1.0,1.0,0.0,15.0,0.0,0.0,0.0,0.0,40.64,40.64,,920.0,41.00213629943504,542.0,5.212909786100061,3469.0,1.0,5.0,1.0,15.0,15.0,100.0,0.0,0.0,0.0,15.0,0.0,1.0,1.0,1.0,0.0,0.0,0.0,0.0,0.0,0.0,7.520000000000003,7.520000000000003,,4.0,7.825291515720025,8.0,-0.960965072002403,-3.0,1.0,5.0,1.0,0.0,0.0,0.0,0.0,0.0,0.0,0.0,0.0,0.0,0.0,0.0,0.0
LINK_10218,signal_fix_9,10.0,15.0,0.0,0.0,0.0,0.0,56.0,56.0,,827.0,56.35095791001451,590.0,3.711564357848613,3464.0,0.0,0.0,0.0,15.0,15.0,100.0,0.0,0.0,0.0,15.0,0.0,1.0,1.0,1.0,0.0,15.0,0.0,0.0,0.0,0.0,56.99,56.99,,805.0,57.306272348033374,582.0,3.6756793309668625,3462.0,1.0,5.0,1.0,15.0,15.0,100.0,0.0,0.0,0.0,15.0,0.0,1.0,1.0,1.0,0.0,0.0,0.0,0.0,0.0,0.0,0.990000000000002,0.990000000000002,,-22.0,0.955314438018867,-8.0,-0.03588502688175055,-2.0,1.0,5.0,1.0,0.0,0.0,0.0,0.0,0.0,0.0,0.0,0.0,0.0,0.0,0.0,0.0
LINK_10218,signal_fix_9,11.0,15.0,0.0,0.0,0.0,0.0,27.44,27.44,,866.0,27.922969596001668,597.0,6.933036027114156,3467.0,0.0,0.0,0.0,15.0,15.0,100.0,0.0,0.0,0.0,15.0,0.0,1.0,1.0,1.0,0.0,15.0,0.0,0.0,0.0,0.0,28.41,28.41,,870.0,28.631213307240703,604.0,6.593896818314284,3466.0,1.0,5.0,1.0,15.0,15.0,100.0,0.0,0.0,0.0,15.0,0.0,1.0,1.0,1.0,0.0,0.0,0.0,0.0,0.0,0.0,0.9699999999999989,0.9699999999999989,,4.0,0.7082437112390352,7.0,-0.3391392087998719,-1.0,1.0,5.0,1.0,0.0,0.0,0.0,0.0,0.0,0.0,0.0,0.0,0.0,0.0,0.0,0.0
LINK_10218,signal_fix_9,12.0,15.0,0.0,0.0,0.0,0.0,48.96,48.96,,815.0,49.499738179578,520.0,3.7191352591349305,3466.0,0.0,0.0,0.0,15.0,15.0,100.0,0.0,0.0,0.0,15.0,0.0,1.0,1.0,1.0,0.0,15.0,0.0,0.0,0.0,0.0,50.45,50.45,,827.0,50.811639531562406,533.0,3.5366538603883497,3467.0,1.0,5.0,1.0,15.0,15.0,100.0,0.0,0.0,0.0,15.0,0.0,1.0,1.0,1.0,0.0,0.0,0.0,0.0,0.0,0.0,1.490000000000002,1.490000000000002,,12.0,1.3119013519844032,13.0,-0.18248139874658076,1.0,1.0,5.0,1.0,0.0,0.0,0.0,0.0,0.0,0.0,0.0,0.0,0.0,0.0,0.0,0.0
LINK_10218,signal_fix_9,13.0,15.0,0.0,0.0,0.0,0.0,28.84,28.84,,866.0,29.15573214664124,554.0,6.672919401059394,3470.0,0.0,0.0,0.0,15.0,15.0,100.0,0.0,0.0,0.0,15.0,0.0,1.0,1.0,1.0,0.0,15.0,0.0,0.0,0.0,0.0,30.95,30.95,,850.0,31.391320834211083,549.0,6.50807966665713,3472.0,1.0,5.0,1.0,15.0,15.0,100.0,0.0,0.0,0.0,15.0,0.0,1.0,1.0,1.0,0.0,0.0,0.0,0.0,0.0,0.0,2.1099999999999994,2.1099999999999994,,-16.0,2.2355886875698445,-5.0,-0.16483973440226407,2.0,1.0,5.0,1.0,0.0,0.0,0.0,0.0,0.0,0.0,0.0,0.0,0.0,0.0,0.0,0.0
LINK_10218,signal_fix_9,14.0,15.0,0.0,0.0,0.0,0.0,44.93,44.93,,916.0,45.4347420417124,577.0,5.193024308917763,3470.0,0.0,0.0,0.0,15.0,15.0,100.0,0.0,0.0,0.0,15.0,0.0,1.0,1.0,1.0,0.0,15.0,0.0,0.0,0.0,0.0,48.32,48.32,,901.0,48.78312166390575,568.0,5.0315622080813025,3470.0,1.0,5.0,1.0,15.0,15.0,100.0,0.0,0.0,0.0,15.0,0.0,1.0,1.0,1.0,0.0,0.0,0.0,0.0,0.0,0.0,3.3900000000000006,3.3900000000000006,,-15.0,3.348379622193356,-9.0,-0.1614621008364603,0.0,1.0,5.0,1.0,0.0,0.0,0.0,0.0,0.0,0.0,0.0,0.0,0.0,0.0,0.0,0.0
LINK_10218,signal_fix_9,15.0,15.0,0.0,0.0,0.0,0.0,51.78,51.78,,885.0,51.97852170048882,603.0,3.97619392708027,3465.0,0.0,0.0,0.0,15.0,15.0,100.0,0.0,0.0,0.0,15.0,0.0,1.0,1.0,1.0,0.0,15.0,0.0,0.0,0.0,0.0,50.83,50.83,,888.0,51.181525398916705,608.0,3.887792641070835,3464.0,1.0,5.0,1.0,15.0,15.0,100.0,0.0,0.0,0.0,15.0,0.0,1.0,1.0,1.0,0.0,0.0,0.0,0.0,0.0,0.0,-0.9500000000000028,-0.9500000000000028,,3.0,-0.7969963015721149,5.0,-0.08840128600943498,-1.0,1.0,5.0,1.0,0.0,0.0,0.0,0.0,0.0,0.0,0.0,0.0,0.0,0.0,0.0,0.0
LINK_10218,signal_fix_9,16.0,15.0,0.0,0.0,0.0,0.0,33.03,33.03,,848.0,33.291648129423656,571.0,6.728877205237198,3465.0,0.0,0.0,0.0,15.0,15.0,100.0,0.0,0.0,0.0,15.0,0.0,1.0,1.0,1.0,0.0,15.0,0.0,0.0,0.0,0.0,33.89,33.89,,842.0,34.304843804843806,620.0,6.0089306461219,3467.0,1.0,5.0,1.0,15.0,15.0,100.0,0.0,0.0,0.0,15.0,0.0,1.0,1.0,1.0,0.0,0.0,0.0,0.0,0.0,0.0,0.8599999999999994,0.8599999999999994,,-6.0,1.0131956754201497,49.0,-0.7199465591152974,2.0,1.0,5.0,1.0,0.0,0.0,0.0,0.0,0.0,0.0,0.0,0.0,0.0,0.0,0.0,0.0
LINK_10218,signal_fix_9,17.0,15.0,0.0,0.0,0.0,0.0,42.61,42.61,,862.0,43.21703442188879,610.0,5.10193392538222,3465.0,0.0,0.0,0.0,15.0,15.0,100.0,0.0,0.0,0.0,15.0,0.0,1.0,1.0,1.0,0.0,15.0,0.0,0.0,0.0,0.0,48.85,48.85,,842.0,49.19836346633416,608.0,4.325650861016232,3467.0,1.0,5.0,1.0,15.0,15.0,100.0,0.0,0.0,0.0,15.0,0.0,1.0,1.0,1.0,0.0,0.0,0.0,0.0,0.0,0.0,6.240000000000002,6.240000000000002,,-20.0,5.981329044445367,-2.0,-0.7762830643659875,2.0,1.0,5.0,1.0,0.0,0.0,0.0,0.0,0.0,0.0,0.0,0.0,0.0,0.0,0.0,0.0
LINK_10218,signal_fix_9,18.0,15.0,0.0,0.0,0.0,0.0,36.12,36.12,,844.0,36.60985711701935,587.0,5.482127400629096,3470.0,0.0,0.0,0.0,15.0,15.0,100.0,0.0,0.0,0.0,15.0,0.0,1.0,1.0,1.0,0.0,15.0,0.0,0.0,0.0,0.0,37.14,37.14,,873.0,37.55404929577465,633.0,4.929884383253865,3467.0,1.0,5.0,1.0,15.0,15.0,100.0,0.0,0.0,0.0,15.0,0.0,1.0,1.0,1.0,0.0,0.0,0.0,0.0,0.0,0.0,1.0200000000000031,1.0200000000000031,,29.0,0.9441921787552943,46.0,-0.5522430173752317,-3.0,1.0,5.0,1.0,0.0,0.0,0.0,0.0,0.0,0.0,0.0,0.0,0.0,0.0,0.0,0.0
LINK_10218,signal_fix_9,19.0,15.0,0.0,0.0,0.0,0.0,42.32,42.32,,829.0,42.9869342442357,585.0,4.901761626225454,3462.0,0.0,0.0,0.0,15.0,15.0,100.0,0.0,0.0,0.0,15.0,0.0,1.0,1.0,1.0,0.0,15.0,0.0,0.0,0.0,0.0,34.3,34.3,,828.0,34.870138888888896,578.0,5.697018991573442,3462.0,1.0,5.0,1.0,15.0,15.0,100.0,0.0,0.0,0.0,15.0,0.0,1.0,1.0,1.0,0.0,0.0,0.0,0.0,0.0,0.0,-8.020000000000003,-8.020000000000003,,-1.0,-8.116795355346802,-7.0,0.7952573653479877,0.0,1.0,5.0,1.0,0.0,0.0,0.0,0.0,0.0,0.0,0.0,0.0,0.0,0.0,0.0,0.0
LINK_10218,signal_fix_9,20.0,15.0,0.0,0.0,0.0,0.0,37.23,37.23,,825.0,37.7547053649956,580.0,5.278750838477521,3465.0,0.0,0.0,0.0,15.0,15.0,100.0,0.0,0.0,0.0,15.0,0.0,1.0,1.0,1.0,0.0,15.0,0.0,0.0,0.0,0.0,37.22,37.22,,827.0,37.61495377922785,586.0,5.557919029906836,3466.0,1.0,5.0,1.0,15.0,15.0,100.0,0.0,0.0,0.0,15.0,0.0,1.0,1.0,1.0,0.0,0.0,0.0,0.0,0.0,0.0,-0.00999999999999801,-0.00999999999999801,,2.0,-0.1397515857677547,6.0,0.27916819142931537,1.0,1.0,5.0,1.0,0.0,0.0,0.0,0.0,0.0,0.0,0.0,0.0,0.0,0.0,0.0,0.0
LINK_10218,signal_fix_9,21.0,15.0,0.0,0.0,0.0,0.0,32.88,32.88,,843.0,33.15440920938315,527.0,6.477224397972178,3470.0,0.0,0.0,0.0,15.0,15.0,100.0,0.0,0.0,0.0,15.0,0.0,1.0,1.0,1.0,0.0,15.0,0.0,0.0,0.0,0.0,36.58,36.58,,843.0,36.89996051332675,529.0,5.858394971317029,3468.0,1.0,5.0,1.0,15.0,15.0,100.0,0.0,0.0,0.0,15.0,0.0,1.0,1.0,1.0,0.0,0.0,0.0,0.0,0.0,0.0,3.6999999999999957,3.6999999999999957,,0.0,3.7455513039436,2.0,-0.6188294266551493,-2.0,1.0,5.0,1.0,0.0,0.0,0.0,0.0,0.0,0.0,0.0,0.0,0.0,0.0,0.0,0.0
LINK_10218,signal_fix_9,22.0,15.0,0.0,0.0,0.0,0.0,30.01,30.01,,863.0,30.02119624536128,571.0,7.458930401014822,3465.0,0.0,0.0,0.0,15.0,15.0,100.0,0.0,0.0,0.0,15.0,0.0,1.0,1.0,1.0,0.0,15.0,0.0,0.0,0.0,0.0,27.04,27.04,,870.0,27.20488211975798,591.0,7.102124945813236,3467.0,1.0,5.0,1.0,15.0,15.0,100.0,0.0,0.0,0.0,15.0,0.0,1.0,1.0,1.0,0.0,0.0,0.0,0.0,0.0,0.0,-2.9700000000000024,-2.9700000000000024,,7.0,-2.816314125603302,20.0,-0.35680545520158624,2.0,1.0,5.0,1.0,0.0,0.0,0.0,0.0,0.0,0.0,0.0,0.0,0.0,0.0,0.0,0.0
LINK_10218,signal_fix_9,23.0,15.0,0.0,0.0,0.0,0.0,37.25,37.25,,899.0,37.64002637031456,522.0,5.422659741114932,3470.0,0.0,0.0,0.0,15.0,15.0,100.0,0.0,0.0,0.0,15.0,0.0,1.0,1.0,1.0,0.0,15.0,0.0,0.0,0.0,0.0,39.2,39.2,,850.0,39.701495952129534,545.0,5.040174922999903,3468.0,1.0,5.0,1.0,15.0,15.0,100.0,0.0,0.0,0.0,15.0,0.0,1.0,1.0,1.0,0.0,0.0,0.0,0.0,0.0,0.0,1.9500000000000028,1.9500000000000028,,-49.0,2.0614695818149755,23.0,-0.38248481811502977,-2.0,1.0,5.0,1.0,0.0,0.0,0.0,0.0,0.0,0.0,0.0,0.0,0.0,0.0,0.0,0.0
LINK_10218,signal_fix_9,24.0,15.0,0.0,0.0,0.0,0.0,34.42,34.42,,816.0,34.56550706304027,566.0,6.518134914791106,3464.0,0.0,0.0,0.0,15.0,15.0,100.0,0.0,0.0,0.0,15.0,0.0,1.0,1.0,1.0,0.0,15.0,0.0,0.0,0.0,0.0,34.52,34.52,,820.0,34.5613712374582,567.0,6.702280078376919,3464.0,1.0,5.0,1.0,15.0,15.0,100.0,0.0,0.0,0.0,15.0,0.0,1.0,1.0,1.0,0.0,0.0,0.0,0.0,0.0,0.0,0.10000000000000142,0.10000000000000142,,4.0,-0.00413582558207537,1.0,0.18414516358581334,0.0,1.0,5.0,1.0,0.0,0.0,0.0,0.0,0.0,0.0,0.0,0.0,0.0,0.0,0.0,0.0
LINK_10218,signal_fix_9,25.0,15.0,0.0,0.0,0.0,0.0,33.63,33.63,,862.0,34.160556088207095,589.0,5.794547247057954,3467.0,0.0,0.0,0.0,15.0,15.0,100.0,0.0,0.0,0.0,15.0,0.0,1.0,1.0,1.0,0.0,15.0,0.0,0.0,0.0,0.0,33.47,33.47,,860.0,34.2134400308523,603.0,5.7275282815436865,3465.0,1.0,5.0,1.0,15.0,15.0,100.0,0.0,0.0,0.0,15.0,0.0,1.0,1.0,1.0,0.0,0.0,0.0,0.0,0.0,0.0,-0.1600000000000037,-0.1600000000000037,,-2.0,0.05288394264520235,14.0,-0.06701896551426767,-2.0,1.0,5.0,1.0,0.0,0.0,0.0,0.0,0.0,0.0,0.0,0.0,0.0,0.0,0.0,0.0
LINK_10218,signal_fix_9,26.0,15.0,0.0,0.0,0.0,0.0,29.83,29.83,,848.0,30.320185411929337,593.0,5.8225394343513965,3468.0,0.0,0.0,0.0,15.0,15.0,100.0,0.0,0.0,0.0,15.0,0.0,1.0,1.0,1.0,0.0,15.0,0.0,0.0,0.0,0.0,27.95,27.95,,858.0,28.46191198786039,577.0,6.370807382229821,3471.0,1.0,5.0,1.0,15.0,15.0,100.0,0.0,0.0,0.0,15.0,0.0,1.0,1.0,1.0,0.0,0.0,0.0,0.0,0.0,0.0,-1.879999999999999,-1.879999999999999,,10.0,-1.8582734240689476,-16.0,0.5482679478784247,3.0,1.0,5.0,1.0,0.0,0.0,0.0,0.0,0.0,0.0,0.0,0.0,0.0,0.0,0.0,0.0
LINK_10218,signal_fix_9,27.0,15.0,0.0,0.0,0.0,0.0,49.2,49.2,,845.0,49.80772277227723,610.0,4.282279121602172,3464.0,0.0,0.0,0.0,15.0,15.0,100.0,0.0,0.0,0.0,15.0,0.0,1.0,1.0,1.0,0.0,15.0,0.0,0.0,0.0,0.0,53.48,53.48,,847.0,53.994893678576595,610.0,3.9911768909477847,3468.0,1.0,5.0,1.0,15.0,15.0,100.0,0.0,0.0,0.0,15.0,0.0,1.0,1.0,1.0,0.0,0.0,0.0,0.0,0.0,0.0,4.279999999999994,4.279999999999994,,2.0,4.1871709062993645,0.0,-0.2911022306543871,4.0,1.0,5.0,1.0,0.0,0.0,0.0,0.0,0.0,0.0,0.0,0.0,0.0,0.0,0.0,0.0
LINK_10218,signal_fix_9,28.0,15.0,0.0,0.0,0.0,0.0,45.03,45.03,,788.0,45.63279526929839,607.0,4.979042338781849,3468.0,0.0,0.0,0.0,15.0,15.0,100.0,0.0,0.0,0.0,15.0,0.0,1.0,1.0,1.0,0.0,15.0,0.0,0.0,0.0,0.0,44.74,44.74,,810.0,45.309792608763445,609.0,4.94931361757547,3468.0,1.0,5.0,1.0,15.0,15.0,100.0,0.0,0.0,0.0,15.0,0.0,1.0,1.0,1.0,0.0,0.0,0.0,0.0,0.0,0.0,-0.28999999999999915,-0.28999999999999915,,22.0,-0.32300266053494653,2.0,-0.029728721206379483,0.0,1.0,5.0,1.0,0.0,0.0,0.0,0.0,0.0,0.0,0.0,0.0,0.0,0.0,0.0,0.0
LINK_10218,signal_fix_9,29.0,15.0,0.0,0.0,0.0,0.0,29.18,29.18,,826.0,29.677304964539008,533.0,6.776911711707987,3472.0,0.0,0.0,0.0,15.0,15.0,100.0,0.0,0.0,0.0,15.0,0.0,1.0,1.0,1.0,0.0,15.0,0.0,0.0,0.0,0.0,31.31,31.31,,813.0,31.83904576436222,567.0,5.833188116528592,3473.0,1.0,5.0,1.0,15.0,15.0,100.0,0.0,0.0,0.0,15.0,0.0,1.0,1.0,1.0,0.0,0.0,0.0,0.0,0.0,0.0,2.129999999999999,2.129999999999999,,-13.0,2.1617407998232103,34.0,-0.943723595179395,1.0,1.0,5.0,1.0,0.0,0.0,0.0,0.0,0.0,0.0,0.0,0.0,0.0,0.0,0.0,0.0
LINK_10218,signal_fix_9,30.0,15.0,0.0,0.0,0.0,0.0,44.75,44.75,,879.0,45.41864498644986,642.0,3.938870438001071,3468.0,0.0,0.0,0.0,15.0,15.0,100.0,0.0,0.0,0.0,15.0,0.0,1.0,1.0,1.0,0.0,15.0,0.0,0.0,0.0,0.0,52.73,52.73,,880.0,53.39283505154639,623.0,3.4125455364411255,3467.0,1.0,5.0,1.0,15.0,15.0,100.0,0.0,0.0,0.0,15.0,0.0,1.0,1.0,1.0,0.0,0.0,0.0,0.0,0.0,0.0,7.979999999999997,7.979999999999997,,1.0,7.974190065096529,-19.0,-0.5263249015599456,-1.0,1.0,5.0,1.0,0.0,0.0,0.0,0.0,0.0,0.0,0.0,0.0,0.0,0.0,0.0,0.0
LINK_140740,signal_fix_9,1.0,15.0,0.0,0.0,,,45.21,45.21,,854.0,45.34586494688923,574.0,5.199446678594484,3466.0,0.0,0.0,0.0,15.0,15.0,100.0,0.0,0.0,0.0,15.0,0.0,1.0,1.0,1.0,0.0,15.0,0.0,0.0,,,44.67,44.67,,853.0,44.91645167320994,568.0,5.009509095518147,3466.0,1.0,5.0,1.0,15.0,15.0,100.0,0.0,0.0,0.0,15.0,0.0,1.0,1.0,1.0,0.0,0.0,0.0,0.0,,,-0.5399999999999991,-0.5399999999999991,,-1.0,-0.4294132736792875,-6.0,-0.189937583076337,0.0,1.0,5.0,1.0,0.0,0.0,0.0,0.0,0.0,0.0,0.0,0.0,0.0,0.0,0.0,0.0
LINK_140740,signal_fix_9,2.0,15.0,0.0,0.0,,,44.2,44.2,,825.0,44.53568232662193,539.0,4.563531178938077,3462.0,0.0,0.0,0.0,15.0,15.0,100.0,0.0,0.0,0.0,15.0,0.0,1.0,1.0,1.0,0.0,15.0,0.0,0.0,,,43.76,43.76,,831.0,44.18525992896351,542.0,4.711896727593209,3466.0,1.0,5.0,1.0,15.0,15.0,100.0,0.0,0.0,0.0,15.0,0.0,1.0,1.0,1.0,0.0,0.0,0.0,0.0,,,-0.44000000000000483,-0.44000000000000483,,6.0,-0.35042239765842,3.0,0.14836554865513207,4.0,1.0,5.0,1.0,0.0,0.0,0.0,0.0,0.0,0.0,0.0,0.0,0.0,0.0,0.0,0.0
LINK_140740,signal_fix_9,3.0,15.0,0.0,0.0,,,49.38,49.38,,952.0,49.90223400835743,604.0,4.63511822217539,3465.0,0.0,0.0,0.0,15.0,15.0,100.0,0.0,0.0,0.0,15.0,0.0,1.0,1.0,1.0,0.0,15.0,0.0,0.0,,,50.1,50.1,,929.0,50.58655423178091,610.0,4.507256515143775,3465.0,1.0,5.0,1.0,15.0,15.0,100.0,0.0,0.0,0.0,15.0,0.0,1.0,1.0,1.0,0.0,0.0,0.0,0.0,,,0.7199999999999989,0.7199999999999989,,-23.0,0.6843202234234766,6.0,-0.1278617070316157,0.0,1.0,5.0,1.0,0.0,0.0,0.0,0.0,0.0,0.0,0.0,0.0,0.0,0.0,0.0,0.0
LINK_140740,signal_fix_9,4.0,15.0,0.0,0.0,,,45.92,45.92,,830.0,46.20261547022816,562.0,3.8262591155760775,3468.0,0.0,0.0,0.0,15.0,15.0,100.0,0.0,0.0,0.0,15.0,0.0,1.0,1.0,1.0,0.0,15.0,0.0,0.0,,,43.66,43.66,,867.0,43.9292675679691,592.0,4.651896548008998,3470.0,1.0,5.0,1.0,15.0,15.0,100.0,0.0,0.0,0.0,15.0,0.0,1.0,1.0,1.0,0.0,0.0,0.0,0.0,,,-2.260000000000005,-2.260000000000005,,37.0,-2.2733479022590615,30.0,0.8256374324329205,2.0,1.0,5.0,1.0,0.0,0.0,0.0,0.0,0.0,0.0,0.0,0.0,0.0,0.0,0.0,0.0
LINK_140740,signal_fix_9,5.0,15.0,0.0,0.0,,,39.89,39.89,,893.0,40.30728178368121,510.0,6.336838441690155,3465.0,0.0,0.0,0.0,15.0,15.0,100.0,0.0,0.0,0.0,15.0,0.0,1.0,1.0,1.0,0.0,15.0,0.0,0.0,,,41.55,41.55,,864.0,41.96717237771384,467.0,6.531806055607651,3464.0,1.0,5.0,1.0,15.0,15.0,100.0,0.0,0.0,0.0,15.0,0.0,1.0,1.0,1.0,0.0,0.0,0.0,0.0,,,1.6599999999999966,1.6599999999999966,,-29.0,1.6598905940326247,-43.0,0.1949676139174965,-1.0,1.0,5.0,1.0,0.0,0.0,0.0,0.0,0.0,0.0,0.0,0.0,0.0,0.0,0.0,0.0
LINK_140740,signal_fix_9,6.0,15.0,0.0,0.0,,,30.16,30.16,,909.0,30.15814121037464,624.0,6.009783095944867,3470.0,0.0,0.0,0.0,15.0,15.0,100.0,0.0,0.0,0.0,15.0,0.0,1.0,1.0,1.0,0.0,15.0,0.0,0.0,,,33.81,33.81,,883.0,33.930217748562036,544.0,6.313243459125209,3471.0,1.0,5.0,1.0,15.0,15.0,100.0,0.0,0.0,0.0,15.0,0.0,1.0,1.0,1.0,0.0,0.0,0.0,0.0,,,3.650000000000002,3.650000000000002,,-26.0,3.7720765381873953,-80.0,0.3034603631803421,1.0,1.0,5.0,1.0,0.0,0.0,0.0,0.0,0.0,0.0,0.0,0.0,0.0,0.0,0.0,0.0
LINK_140740,signal_fix_9,7.0,15.0,0.0,0.0,,,36.63,36.63,,894.0,36.9431679389313,548.0,5.645391065509543,3465.0,0.0,0.0,0.0,15.0,15.0,100.0,0.0,0.0,0.0,15.0,0.0,1.0,1.0,1.0,0.0,15.0,0.0,0.0,,,33.55,33.55,,879.0,33.67455073516065,558.0,5.602839724150761,3464.0,1.0,5.0,1.0,15.0,15.0,100.0,0.0,0.0,0.0,15.0,0.0,1.0,1.0,1.0,0.0,0.0,0.0,0.0,,,-3.0800000000000054,-3.0800000000000054,,-15.0,-3.2686172037706527,10.0,-0.04255134135878169,-1.0,1.0,5.0,1.0,0.0,0.0,0.0,0.0,0.0,0.0,0.0,0.0,0.0,0.0,0.0,0.0
LINK_140740,signal_fix_9,8.0,15.0,0.0,0.0,,,27.4,27.4,,859.0,27.73804809052334,614.0,6.973537972347201,3467.0,0.0,0.0,0.0,15.0,15.0,100.0,0.0,0.0,0.0,15.0,0.0,1.0,1.0,1.0,0.0,15.0,0.0,0.0,,,33.15,33.15,,847.0,33.52947146687094,604.0,6.214513839860856,3463.0,1.0,5.0,1.0,15.0,15.0,100.0,0.0,0.0,0.0,15.0,0.0,1.0,1.0,1.0,0.0,0.0,0.0,0.0,,,5.75,5.75,,-12.0,5.791423376347598,-10.0,-0.7590241324863456,-4.0,1.0,5.0,1.0,0.0,0.0,0.0,0.0,0.0,0.0,0.0,0.0,0.0,0.0,0.0,0.0
LINK_140740,signal_fix_9,9.0,15.0,0.0,0.0,,,33.12,33.12,,916.0,33.17684478371501,534.0,6.173874858102464,3472.0,0.0,0.0,0.0,15.0,15.0,100.0,0.0,0.0,0.0,15.0,0.0,1.0,1.0,1.0,0.0,15.0,0.0,0.0,,,40.64,40.64,,920.0,41.00213629943504,542.0,5.212909786100061,3469.0,1.0,5.0,1.0,15.0,15.0,100.0,0.0,0.0,0.0,15.0,0.0,1.0,1.0,1.0,0.0,0.0,0.0,0.0,,,7.520000000000003,7.520000000000003,,4.0,7.825291515720025,8.0,-0.960965072002403,-3.0,1.0,5.0,1.0,0.0,0.0,0.0,0.0,0.0,0.0,0.0,0.0,0.0,0.0,0.0,0.0
LINK_140740,signal_fix_9,10.0,15.0,0.0,0.0,,,56.0,56.0,,827.0,56.35095791001451,590.0,3.711564357848613,3464.0,0.0,0.0,0.0,15.0,15.0,100.0,0.0,0.0,0.0,15.0,0.0,1.0,1.0,1.0,0.0,15.0,0.0,0.0,,,56.99,56.99,,805.0,57.306272348033374,582.0,3.6756793309668625,3462.0,1.0,5.0,1.0,15.0,15.0,100.0,0.0,0.0,0.0,15.0,0.0,1.0,1.0,1.0,0.0,0.0,0.0,0.0,,,0.990000000000002,0.990000000000002,,-22.0,0.955314438018867,-8.0,-0.03588502688175055,-2.0,1.0,5.0,1.0,0.0,0.0,0.0,0.0,0.0,0.0,0.0,0.0,0.0,0.0,0.0,0.0
LINK_140740,signal_fix_9,11.0,15.0,0.0,0.0,,,27.44,27.44,,866.0,27.922969596001668,597.0,6.933036027114156,3467.0,0.0,0.0,0.0,15.0,15.0,100.0,0.0,0.0,0.0,15.0,0.0,1.0,1.0,1.0,0.0,15.0,0.0,0.0,,,28.41,28.41,,870.0,28.631213307240703,604.0,6.593896818314284,3466.0,1.0,5.0,1.0,15.0,15.0,100.0,0.0,0.0,0.0,15.0,0.0,1.0,1.0,1.0,0.0,0.0,0.0,0.0,,,0.9699999999999989,0.9699999999999989,,4.0,0.7082437112390352,7.0,-0.3391392087998719,-1.0,1.0,5.0,1.0,0.0,0.0,0.0,0.0,0.0,0.0,0.0,0.0,0.0,0.0,0.0,0.0
LINK_140740,signal_fix_9,12.0,15.0,0.0,0.0,,,48.96,48.96,,815.0,49.499738179578,520.0,3.7191352591349305,3466.0,0.0,0.0,0.0,15.0,15.0,100.0,0.0,0.0,0.0,15.0,0.0,1.0,1.0,1.0,0.0,15.0,0.0,0.0,,,50.45,50.45,,827.0,50.811639531562406,533.0,3.5366538603883497,3467.0,1.0,5.0,1.0,15.0,15.0,100.0,0.0,0.0,0.0,15.0,0.0,1.0,1.0,1.0,0.0,0.0,0.0,0.0,,,1.490000000000002,1.490000000000002,,12.0,1.3119013519844032,13.0,-0.18248139874658076,1.0,1.0,5.0,1.0,0.0,0.0,0.0,0.0,0.0,0.0,0.0,0.0,0.0,0.0,0.0,0.0
LINK_140740,signal_fix_9,13.0,15.0,0.0,0.0,,,28.84,28.84,,866.0,29.15573214664124,554.0,6.672919401059394,3470.0,0.0,0.0,0.0,15.0,15.0,100.0,0.0,0.0,0.0,15.0,0.0,1.0,1.0,1.0,0.0,15.0,0.0,0.0,,,30.95,30.95,,850.0,31.391320834211083,549.0,6.50807966665713,3472.0,1.0,5.0,1.0,15.0,15.0,100.0,0.0,0.0,0.0,15.0,0.0,1.0,1.0,1.0,0.0,0.0,0.0,0.0,,,2.1099999999999994,2.1099999999999994,,-16.0,2.2355886875698445,-5.0,-0.16483973440226407,2.0,1.0,5.0,1.0,0.0,0.0,0.0,0.0,0.0,0.0,0.0,0.0,0.0,0.0,0.0,0.0
LINK_140740,signal_fix_9,14.0,15.0,0.0,0.0,,,44.93,44.93,,916.0,45.4347420417124,577.0,5.193024308917763,3470.0,0.0,0.0,0.0,15.0,15.0,100.0,0.0,0.0,0.0,15.0,0.0,1.0,1.0,1.0,0.0,15.0,0.0,0.0,,,48.32,48.32,,901.0,48.78312166390575,568.0,5.0315622080813025,3470.0,1.0,5.0,1.0,15.0,15.0,100.0,0.0,0.0,0.0,15.0,0.0,1.0,1.0,1.0,0.0,0.0,0.0,0.0,,,3.3900000000000006,3.3900000000000006,,-15.0,3.348379622193356,-9.0,-0.1614621008364603,0.0,1.0,5.0,1.0,0.0,0.0,0.0,0.0,0.0,0.0,0.0,0.0,0.0,0.0,0.0,0.0
LINK_140740,signal_fix_9,15.0,15.0,0.0,0.0,,,51.78,51.78,,885.0,51.97852170048882,603.0,3.97619392708027,3465.0,0.0,0.0,0.0,15.0,15.0,100.0,0.0,0.0,0.0,15.0,0.0,1.0,1.0,1.0,0.0,15.0,0.0,0.0,,,50.83,50.83,,888.0,51.181525398916705,608.0,3.887792641070835,3464.0,1.0,5.0,1.0,15.0,15.0,100.0,0.0,0.0,0.0,15.0,0.0,1.0,1.0,1.0,0.0,0.0,0.0,0.0,,,-0.9500000000000028,-0.9500000000000028,,3.0,-0.7969963015721149,5.0,-0.08840128600943498,-1.0,1.0,5.0,1.0,0.0,0.0,0.0,0.0,0.0,0.0,0.0,0.0,0.0,0.0,0.0,0.0
LINK_140740,signal_fix_9,16.0,15.0,0.0,0.0,,,33.03,33.03,,848.0,33.291648129423656,571.0,6.728877205237198,3465.0,0.0,0.0,0.0,15.0,15.0,100.0,0.0,0.0,0.0,15.0,0.0,1.0,1.0,1.0,0.0,15.0,0.0,0.0,,,33.89,33.89,,842.0,34.304843804843806,620.0,6.0089306461219,3467.0,1.0,5.0,1.0,15.0,15.0,100.0,0.0,0.0,0.0,15.0,0.0,1.0,1.0,1.0,0.0,0.0,0.0,0.0,,,0.8599999999999994,0.8599999999999994,,-6.0,1.0131956754201497,49.0,-0.7199465591152974,2.0,1.0,5.0,1.0,0.0,0.0,0.0,0.0,0.0,0.0,0.0,0.0,0.0,0.0,0.0,0.0
LINK_140740,signal_fix_9,17.0,15.0,0.0,0.0,,,42.61,42.61,,862.0,43.21703442188879,610.0,5.10193392538222,3465.0,0.0,0.0,0.0,15.0,15.0,100.0,0.0,0.0,0.0,15.0,0.0,1.0,1.0,1.0,0.0,15.0,0.0,0.0,,,48.85,48.85,,842.0,49.19836346633416,608.0,4.325650861016232,3467.0,1.0,5.0,1.0,15.0,15.0,100.0,0.0,0.0,0.0,15.0,0.0,1.0,1.0,1.0,0.0,0.0,0.0,0.0,,,6.240000000000002,6.240000000000002,,-20.0,5.981329044445367,-2.0,-0.7762830643659875,2.0,1.0,5.0,1.0,0.0,0.0,0.0,0.0,0.0,0.0,0.0,0.0,0.0,0.0,0.0,0.0
LINK_140740,signal_fix_9,18.0,15.0,0.0,0.0,,,36.12,36.12,,844.0,36.60985711701935,587.0,5.482127400629096,3470.0,0.0,0.0,0.0,15.0,15.0,100.0,0.0,0.0,0.0,15.0,0.0,1.0,1.0,1.0,0.0,15.0,0.0,0.0,,,37.14,37.14,,873.0,37.55404929577465,633.0,4.929884383253865,3467.0,1.0,5.0,1.0,15.0,15.0,100.0,0.0,0.0,0.0,15.0,0.0,1.0,1.0,1.0,0.0,0.0,0.0,0.0,,,1.0200000000000031,1.0200000000000031,,29.0,0.9441921787552943,46.0,-0.5522430173752317,-3.0,1.0,5.0,1.0,0.0,0.0,0.0,0.0,0.0,0.0,0.0,0.0,0.0,0.0,0.0,0.0
LINK_140740,signal_fix_9,19.0,15.0,0.0,0.0,,,42.32,42.32,,829.0,42.9869342442357,585.0,4.901761626225454,3462.0,0.0,0.0,0.0,15.0,15.0,100.0,0.0,0.0,0.0,15.0,0.0,1.0,1.0,1.0,0.0,15.0,0.0,0.0,,,34.3,34.3,,828.0,34.870138888888896,578.0,5.697018991573442,3462.0,1.0,5.0,1.0,15.0,15.0,100.0,0.0,0.0,0.0,15.0,0.0,1.0,1.0,1.0,0.0,0.0,0.0,0.0,,,-8.020000000000003,-8.020000000000003,,-1.0,-8.116795355346802,-7.0,0.7952573653479877,0.0,1.0,5.0,1.0,0.0,0.0,0.0,0.0,0.0,0.0,0.0,0.0,0.0,0.0,0.0,0.0
LINK_140740,signal_fix_9,20.0,15.0,0.0,0.0,,,37.23,37.23,,825.0,37.7547053649956,580.0,5.278750838477521,3465.0,0.0,0.0,0.0,15.0,15.0,100.0,0.0,0.0,0.0,15.0,0.0,1.0,1.0,1.0,0.0,15.0,0.0,0.0,,,37.22,37.22,,827.0,37.61495377922785,586.0,5.557919029906836,3466.0,1.0,5.0,1.0,15.0,15.0,100.0,0.0,0.0,0.0,15.0,0.0,1.0,1.0,1.0,0.0,0.0,0.0,0.0,,,-0.00999999999999801,-0.00999999999999801,,2.0,-0.1397515857677547,6.0,0.27916819142931537,1.0,1.0,5.0,1.0,0.0,0.0,0.0,0.0,0.0,0.0,0.0,0.0,0.0,0.0,0.0,0.0
LINK_140740,signal_fix_9,21.0,15.0,0.0,0.0,,,32.88,32.88,,843.0,33.15440920938315,527.0,6.477224397972178,3470.0,0.0,0.0,0.0,15.0,15.0,100.0,0.0,0.0,0.0,15.0,0.0,1.0,1.0,1.0,0.0,15.0,0.0,0.0,,,36.58,36.58,,843.0,36.89996051332675,529.0,5.858394971317029,3468.0,1.0,5.0,1.0,15.0,15.0,100.0,0.0,0.0,0.0,15.0,0.0,1.0,1.0,1.0,0.0,0.0,0.0,0.0,,,3.6999999999999957,3.6999999999999957,,0.0,3.7455513039436,2.0,-0.6188294266551493,-2.0,1.0,5.0,1.0,0.0,0.0,0.0,0.0,0.0,0.0,0.0,0.0,0.0,0.0,0.0,0.0
LINK_140740,signal_fix_9,22.0,15.0,0.0,0.0,,,30.01,30.01,,863.0,30.02119624536128,571.0,7.458930401014822,3465.0,0.0,0.0,0.0,15.0,15.0,100.0,0.0,0.0,0.0,15.0,0.0,1.0,1.0,1.0,0.0,15.0,0.0,0.0,,,27.04,27.04,,870.0,27.20488211975798,591.0,7.102124945813236,3467.0,1.0,5.0,1.0,15.0,15.0,100.0,0.0,0.0,0.0,15.0,0.0,1.0,1.0,1.0,0.0,0.0,0.0,0.0,,,-2.9700000000000024,-2.9700000000000024,,7.0,-2.816314125603302,20.0,-0.35680545520158624,2.0,1.0,5.0,1.0,0.0,0.0,0.0,0.0,0.0,0.0,0.0,0.0,0.0,0.0,0.0,0.0
LINK_140740,signal_fix_9,23.0,15.0,0.0,0.0,,,37.25,37.25,,899.0,37.64002637031456,522.0,5.422659741114932,3470.0,0.0,0.0,0.0,15.0,15.0,100.0,0.0,0.0,0.0,15.0,0.0,1.0,1.0,1.0,0.0,15.0,0.0,0.0,,,39.2,39.2,,850.0,39.701495952129534,545.0,5.040174922999903,3468.0,1.0,5.0,1.0,15.0,15.0,100.0,0.0,0.0,0.0,15.0,0.0,1.0,1.0,1.0,0.0,0.0,0.0,0.0,,,1.9500000000000028,1.9500000000000028,,-49.0,2.0614695818149755,23.0,-0.38248481811502977,-2.0,1.0,5.0,1.0,0.0,0.0,0.0,0.0,0.0,0.0,0.0,0.0,0.0,0.0,0.0,0.0
LINK_140740,signal_fix_9,24.0,15.0,0.0,0.0,,,34.42,34.42,,816.0,34.56550706304027,566.0,6.518134914791106,3464.0,0.0,0.0,0.0,15.0,15.0,100.0,0.0,0.0,0.0,15.0,0.0,1.0,1.0,1.0,0.0,15.0,0.0,0.0,,,34.52,34.52,,820.0,34.5613712374582,567.0,6.702280078376919,3464.0,1.0,5.0,1.0,15.0,15.0,100.0,0.0,0.0,0.0,15.0,0.0,1.0,1.0,1.0,0.0,0.0,0.0,0.0,,,0.10000000000000142,0.10000000000000142,,4.0,-0.00413582558207537,1.0,0.18414516358581334,0.0,1.0,5.0,1.0,0.0,0.0,0.0,0.0,0.0,0.0,0.0,0.0,0.0,0.0,0.0,0.0
LINK_140740,signal_fix_9,25.0,15.0,0.0,0.0,,,33.63,33.63,,862.0,34.160556088207095,589.0,5.794547247057954,3467.0,0.0,0.0,0.0,15.0,15.0,100.0,0.0,0.0,0.0,15.0,0.0,1.0,1.0,1.0,0.0,15.0,0.0,0.0,,,33.47,33.47,,860.0,34.2134400308523,603.0,5.7275282815436865,3465.0,1.0,5.0,1.0,15.0,15.0,100.0,0.0,0.0,0.0,15.0,0.0,1.0,1.0,1.0,0.0,0.0,0.0,0.0,,,-0.1600000000000037,-0.1600000000000037,,-2.0,0.05288394264520235,14.0,-0.06701896551426767,-2.0,1.0,5.0,1.0,0.0,0.0,0.0,0.0,0.0,0.0,0.0,0.0,0.0,0.0,0.0,0.0
LINK_140740,signal_fix_9,26.0,15.0,0.0,0.0,,,29.83,29.83,,848.0,30.320185411929337,593.0,5.8225394343513965,3468.0,0.0,0.0,0.0,15.0,15.0,100.0,0.0,0.0,0.0,15.0,0.0,1.0,1.0,1.0,0.0,15.0,0.0,0.0,,,27.95,27.95,,858.0,28.46191198786039,577.0,6.370807382229821,3471.0,1.0,5.0,1.0,15.0,15.0,100.0,0.0,0.0,0.0,15.0,0.0,1.0,1.0,1.0,0.0,0.0,0.0,0.0,,,-1.879999999999999,-1.879999999999999,,10.0,-1.8582734240689476,-16.0,0.5482679478784247,3.0,1.0,5.0,1.0,0.0,0.0,0.0,0.0,0.0,0.0,0.0,0.0,0.0,0.0,0.0,0.0
LINK_140740,signal_fix_9,27.0,15.0,0.0,0.0,,,49.2,49.2,,845.0,49.80772277227723,610.0,4.282279121602172,3464.0,0.0,0.0,0.0,15.0,15.0,100.0,0.0,0.0,0.0,15.0,0.0,1.0,1.0,1.0,0.0,15.0,0.0,0.0,,,53.48,53.48,,847.0,53.994893678576595,610.0,3.9911768909477847,3468.0,1.0,5.0,1.0,15.0,15.0,100.0,0.0,0.0,0.0,15.0,0.0,1.0,1.0,1.0,0.0,0.0,0.0,0.0,,,4.279999999999994,4.279999999999994,,2.0,4.1871709062993645,0.0,-0.2911022306543871,4.0,1.0,5.0,1.0,0.0,0.0,0.0,0.0,0.0,0.0,0.0,0.0,0.0,0.0,0.0,0.0
LINK_140740,signal_fix_9,28.0,15.0,0.0,0.0,,,45.03,45.03,,788.0,45.63279526929839,607.0,4.979042338781849,3468.0,0.0,0.0,0.0,15.0,15.0,100.0,0.0,0.0,0.0,15.0,0.0,1.0,1.0,1.0,0.0,15.0,0.0,0.0,,,44.74,44.74,,810.0,45.309792608763445,609.0,4.94931361757547,3468.0,1.0,5.0,1.0,15.0,15.0,100.0,0.0,0.0,0.0,15.0,0.0,1.0,1.0,1.0,0.0,0.0,0.0,0.0,,,-0.28999999999999915,-0.28999999999999915,,22.0,-0.32300266053494653,2.0,-0.029728721206379483,0.0,1.0,5.0,1.0,0.0,0.0,0.0,0.0,0.0,0.0,0.0,0.0,0.0,0.0,0.0,0.0
LINK_140740,signal_fix_9,29.0,15.0,0.0,0.0,,,29.18,29.18,,826.0,29.677304964539008,533.0,6.776911711707987,3472.0,0.0,0.0,0.0,15.0,15.0,100.0,0.0,0.0,0.0,15.0,0.0,1.0,1.0,1.0,0.0,15.0,0.0,0.0,,,31.31,31.31,,813.0,31.83904576436222,567.0,5.833188116528592,3473.0,1.0,5.0,1.0,15.0,15.0,100.0,0.0,0.0,0.0,15.0,0.0,1.0,1.0,1.0,0.0,0.0,0.0,0.0,,,2.129999999999999,2.129999999999999,,-13.0,2.1617407998232103,34.0,-0.943723595179395,1.0,1.0,5.0,1.0,0.0,0.0,0.0,0.0,0.0,0.0,0.0,0.0,0.0,0.0,0.0,0.0
LINK_140740,signal_fix_9,30.0,15.0,0.0,0.0,,,44.75,44.75,,879.0,45.41864498644986,642.0,3.938870438001071,3468.0,0.0,0.0,0.0,15.0,15.0,100.0,0.0,0.0,0.0,15.0,0.0,1.0,1.0,1.0,0.0,15.0,0.0,0.0,,,52.73,52.73,,880.0,53.39283505154639,623.0,3.4125455364411255,3467.0,1.0,5.0,1.0,15.0,15.0,100.0,0.0,0.0,0.0,15.0,0.0,1.0,1.0,1.0,0.0,0.0,0.0,0.0,,,7.979999999999997,7.979999999999997,,1.0,7.974190065096529,-19.0,-0.5263249015599456,-1.0,1.0,5.0,1.0,0.0,0.0,0.0,0.0,0.0,0.0,0.0,0.0,0.0,0.0,0.0,0.0
LINK_194891,signal_fix_9,1.0,5.0,0.0,0.0,0.0,0.0,21.59,21.59,,854.0,21.977646012451824,462.0,7.800351133325177,3466.0,0.0,0.0,0.0,5.0,5.0,100.0,0.0,0.0,0.0,5.0,0.0,1.0,1.0,1.0,0.0,5.0,0.0,0.0,0.0,0.0,20.62,20.62,,853.0,21.180732578916015,458.0,7.845238051921473,3466.0,1.0,5.0,1.0,5.0,5.0,100.0,0.0,0.0,0.0,5.0,0.0,1.0,1.0,1.0,0.0,0.0,0.0,0.0,0.0,0.0,-0.9699999999999989,-0.9699999999999989,,-1.0,-0.7969134335358099,-4.0,0.0448869185962959,0.0,1.0,5.0,1.0,0.0,0.0,0.0,0.0,0.0,0.0,0.0,0.0,0.0,0.0,0.0,0.0
LINK_194891,signal_fix_9,2.0,5.0,0.0,0.0,0.0,0.0,21.9,21.9,,825.0,22.532881574701516,460.0,7.900161582829031,3462.0,0.0,0.0,0.0,5.0,5.0,100.0,0.0,0.0,0.0,5.0,0.0,1.0,1.0,1.0,0.0,5.0,0.0,0.0,0.0,0.0,24.45,24.45,,831.0,25.04251328540169,459.0,7.695311719199151,3466.0,1.0,5.0,1.0,5.0,5.0,100.0,0.0,0.0,0.0,5.0,0.0,1.0,1.0,1.0,0.0,0.0,0.0,0.0,0.0,0.0,2.5500000000000007,2.5500000000000007,,6.0,2.509631710700173,-1.0,-0.2048498636298799,4.0,1.0,5.0,1.0,0.0,0.0,0.0,0.0,0.0,0.0,0.0,0.0,0.0,0.0,0.0,0.0
LINK_194891,signal_fix_9,3.0,5.0,0.0,0.0,0.0,0.0,31.28,31.28,,952.0,31.676719712525667,439.0,6.503485004474276,3465.0,0.0,0.0,0.0,5.0,5.0,100.0,0.0,0.0,0.0,5.0,0.0,1.0,1.0,1.0,0.0,5.0,0.0,0.0,0.0,0.0,27.14,27.14,,929.0,27.690079123554476,448.0,7.258857590899225,3465.0,1.0,5.0,1.0,5.0,5.0,100.0,0.0,0.0,0.0,5.0,0.0,1.0,1.0,1.0,0.0,0.0,0.0,0.0,0.0,0.0,-4.140000000000001,-4.140000000000001,,-23.0,-3.9866405889711913,9.0,0.7553725864249499,0.0,1.0,5.0,1.0,0.0,0.0,0.0,0.0,0.0,0.0,0.0,0.0,0.0,0.0,0.0,0.0
LINK_194891,signal_fix_9,4.0,5.0,0.0,0.0,0.0,0.0,15.95,15.95,,830.0,16.444177863083812,481.0,8.666091196515834,3468.0,0.0,0.0,0.0,5.0,5.0,100.0,0.0,0.0,0.0,5.0,0.0,1.0,1.0,1.0,0.0,5.0,0.0,0.0,0.0,0.0,16.63,16.63,,867.0,17.602516940948693,499.0,8.735286714229819,3470.0,1.0,5.0,1.0,5.0,5.0,100.0,0.0,0.0,0.0,5.0,0.0,1.0,1.0,1.0,0.0,0.0,0.0,0.0,0.0,0.0,0.6799999999999997,0.6799999999999997,,37.0,1.1583390778648806,18.0,0.06919551771398424,2.0,1.0,5.0,1.0,0.0,0.0,0.0,0.0,0.0,0.0,0.0,0.0,0.0,0.0,0.0,0.0
LINK_194891,signal_fix_9,5.0,5.0,0.0,0.0,0.0,0.0,26.96,26.96,,893.0,27.54837685250529,429.0,9.171013357222124,3465.0,0.0,0.0,0.0,5.0,5.0,100.0,0.0,0.0,0.0,5.0,0.0,1.0,1.0,1.0,0.0,5.0,0.0,0.0,0.0,0.0,26.29,26.29,,864.0,26.93447007689736,413.0,8.06015103651971,3464.0,1.0,5.0,1.0,5.0,5.0,100.0,0.0,0.0,0.0,5.0,0.0,1.0,1.0,1.0,0.0,0.0,0.0,0.0,0.0,0.0,-0.6700000000000017,-0.6700000000000017,,-29.0,-0.6139067756079299,-16.0,-1.1108623207024149,-1.0,1.0,5.0,1.0,0.0,0.0,0.0,0.0,0.0,0.0,0.0,0.0,0.0,0.0,0.0,0.0
LINK_194891,signal_fix_9,6.0,5.0,0.0,0.0,0.0,0.0,34.18,34.18,,909.0,34.9192005585617,479.0,4.225691133247011,3470.0,0.0,0.0,0.0,5.0,5.0,100.0,0.0,0.0,0.0,5.0,0.0,1.0,1.0,1.0,0.0,5.0,0.0,0.0,0.0,0.0,31.24,31.24,,883.0,31.966756341275943,481.0,4.916962612253251,3471.0,1.0,5.0,1.0,5.0,5.0,100.0,0.0,0.0,0.0,5.0,0.0,1.0,1.0,1.0,0.0,0.0,0.0,0.0,0.0,0.0,-2.9400000000000013,-2.9400000000000013,,-26.0,-2.9524442172857555,2.0,0.6912714790062395,1.0,1.0,5.0,1.0,0.0,0.0,0.0,0.0,0.0,0.0,0.0,0.0,0.0,0.0,0.0,0.0
LINK_194891,signal_fix_9,7.0,5.0,0.0,0.0,0.0,0.0,17.52,17.52,,894.0,17.712474713418747,455.0,8.954529776867707,3465.0,0.0,0.0,0.0,5.0,5.0,100.0,0.0,0.0,0.0,5.0,0.0,1.0,1.0,1.0,0.0,5.0,0.0,0.0,0.0,0.0,17.42,17.42,,879.0,17.92818392325504,448.0,8.828932979914407,3464.0,1.0,5.0,1.0,5.0,5.0,100.0,0.0,0.0,0.0,5.0,0.0,1.0,1.0,1.0,0.0,0.0,0.0,0.0,0.0,0.0,-0.09999999999999787,-0.09999999999999787,,-15.0,0.2157092098362945,-7.0,-0.12559679695329962,-1.0,1.0,5.0,1.0,0.0,0.0,0.0,0.0,0.0,0.0,0.0,0.0,0.0,0.0,0.0,0.0
LINK_194891,signal_fix_9,8.0,5.0,0.0,0.0,0.0,0.0,20.7,20.7,,859.0,21.41417797888386,480.0,8.242462557946569,3467.0,0.0,0.0,0.0,5.0,5.0,100.0,0.0,0.0,0.0,5.0,0.0,1.0,1.0,1.0,0.0,5.0,0.0,0.0,0.0,0.0,19.81,19.81,,847.0,20.607217417238296,479.0,8.03570341284616,3463.0,1.0,5.0,1.0,5.0,5.0,100.0,0.0,0.0,0.0,5.0,0.0,1.0,1.0,1.0,0.0,0.0,0.0,0.0,0.0,0.0,-0.8900000000000006,-0.8900000000000006,,-12.0,-0.806960561645564,-1.0,-0.20675914510040805,-4.0,1.0,5.0,1.0,0.0,0.0,0.0,0.0,0.0,0.0,0.0,0.0,0.0,0.0,0.0,0.0
LINK_194891,signal_fix_9,9.0,5.0,0.0,0.0,0.0,0.0,35.74,35.74,,916.0,36.67900438483363,454.0,5.237515071755832,3472.0,0.0,0.0,0.0,5.0,5.0,100.0,0.0,0.0,0.0,5.0,0.0,1.0,1.0,1.0,0.0,5.0,0.0,0.0,0.0,0.0,24.6,24.6,,920.0,25.078964401294495,471.0,7.545436073333574,3469.0,1.0,5.0,1.0,5.0,5.0,100.0,0.0,0.0,0.0,5.0,0.0,1.0,1.0,1.0,0.0,0.0,0.0,0.0,0.0,0.0,-11.14,-11.14,,4.0,-11.600039983539137,17.0,2.3079210015777427,-3.0,1.0,5.0,1.0,0.0,0.0,0.0,0.0,0.0,0.0,0.0,0.0,0.0,0.0,0.0,0.0
LINK_194891,signal_fix_9,10.0,5.0,0.0,0.0,0.0,0.0,28.04,28.04,,827.0,28.90266842800528,480.0,6.550831130746643,3464.0,0.0,0.0,0.0,5.0,5.0,100.0,0.0,0.0,0.0,5.0,0.0,1.0,1.0,1.0,0.0,5.0,0.0,0.0,0.0,0.0,26.26,26.26,,805.0,27.221408763172487,480.0,7.257842636387135,3462.0,1.0,5.0,1.0,5.0,5.0,100.0,0.0,0.0,0.0,5.0,0.0,1.0,1.0,1.0,0.0,0.0,0.0,0.0,0.0,0.0,-1.7799999999999976,-1.7799999999999976,,-22.0,-1.681259664832794,0.0,0.7070115056404918,-2.0,1.0,5.0,1.0,0.0,0.0,0.0,0.0,0.0,0.0,0.0,0.0,0.0,0.0,0.0,0.0
LINK_194891,signal_fix_9,11.0,5.0,0.0,0.0,0.0,0.0,51.97,51.97,,866.0,52.576171789840856,432.0,4.173908734172229,3467.0,0.0,0.0,0.0,5.0,5.0,100.0,0.0,0.0,0.0,5.0,0.0,1.0,1.0,1.0,0.0,5.0,0.0,0.0,0.0,0.0,20.14,20.14,,870.0,20.4923958001909,475.0,8.630009061650565,3466.0,1.0,5.0,1.0,5.0,5.0,100.0,0.0,0.0,0.0,5.0,0.0,1.0,1.0,1.0,0.0,0.0,0.0,0.0,0.0,0.0,-31.83,-31.83,,4.0,-32.08377598964996,43.0,4.456100327478336,-1.0,1.0,5.0,1.0,0.0,0.0,0.0,0.0,0.0,0.0,0.0,0.0,0.0,0.0,0.0,0.0
LINK_194891,signal_fix_9,12.0,5.0,0.0,0.0,0.0,0.0,13.33,13.33,,815.0,13.73900659951372,422.0,9.743009969285346,3466.0,0.0,0.0,0.0,5.0,5.0,100.0,0.0,0.0,0.0,5.0,0.0,1.0,1.0,1.0,0.0,5.0,0.0,0.0,0.0,0.0,12.37,12.37,,827.0,12.5942238267148,408.0,9.828460455322675,3467.0,1.0,5.0,1.0,5.0,5.0,100.0,0.0,0.0,0.0,5.0,0.0,1.0,1.0,1.0,0.0,0.0,0.0,0.0,0.0,0.0,-0.9600000000000009,-0.9600000000000009,,12.0,-1.144782772798921,-14.0,0.0854504860373293,1.0,1.0,5.0,1.0,0.0,0.0,0.0,0.0,0.0,0.0,0.0,0.0,0.0,0.0,0.0,0.0
LINK_194891,signal_fix_9,13.0,5.0,0.0,0.0,0.0,0.0,37.0,37.0,,866.0,37.41179325406455,455.0,5.742102253833415,3470.0,0.0,0.0,0.0,5.0,5.0,100.0,0.0,0.0,0.0,5.0,0.0,1.0,1.0,1.0,0.0,5.0,0.0,0.0,0.0,0.0,38.47,38.47,,850.0,39.082489997646505,445.0,5.3676306884189975,3472.0,1.0,5.0,1.0,5.0,5.0,100.0,0.0,0.0,0.0,5.0,0.0,1.0,1.0,1.0,0.0,0.0,0.0,0.0,0.0,0.0,1.4699999999999989,1.4699999999999989,,-16.0,1.6706967435819564,-10.0,-0.3744715654144173,2.0,1.0,5.0,1.0,0.0,0.0,0.0,0.0,0.0,0.0,0.0,0.0,0.0,0.0,0.0,0.0
LINK_194891,signal_fix_9,14.0,5.0,0.0,0.0,0.0,0.0,28.39,28.39,,916.0,28.898813663325832,518.0,5.767077824799501,3470.0,0.0,0.0,0.0,5.0,5.0,100.0,0.0,0.0,0.0,5.0,0.0,1.0,1.0,1.0,0.0,5.0,0.0,0.0,0.0,0.0,42.23,42.23,,901.0,42.87554081793778,516.0,4.088055724163802,3470.0,1.0,5.0,1.0,5.0,5.0,100.0,0.0,0.0,0.0,5.0,0.0,1.0,1.0,1.0,0.0,0.0,0.0,0.0,0.0,0.0,13.839999999999996,13.839999999999996,,-15.0,13.97672715461195,-2.0,-1.6790221006356996,0.0,1.0,5.0,1.0,0.0,0.0,0.0,0.0,0.0,0.0,0.0,0.0,0.0,0.0,0.0,0.0
LINK_194891,signal_fix_9,15.0,5.0,0.0,0.0,0.0,0.0,18.09,18.09,,885.0,18.66235263967196,510.0,7.543230817536244,3465.0,0.0,0.0,0.0,5.0,5.0,100.0,0.0,0.0,0.0,5.0,0.0,1.0,1.0,1.0,0.0,5.0,0.0,0.0,0.0,0.0,18.66,18.66,,888.0,19.143411671507792,502.0,7.60125426040783,3464.0,1.0,5.0,1.0,5.0,5.0,100.0,0.0,0.0,0.0,5.0,0.0,1.0,1.0,1.0,0.0,0.0,0.0,0.0,0.0,0.0,0.5700000000000003,0.5700000000000003,,3.0,0.48105903183583365,-8.0,0.058023442871586006,-1.0,1.0,5.0,1.0,0.0,0.0,0.0,0.0,0.0,0.0,0.0,0.0,0.0,0.0,0.0,0.0
LINK_194891,signal_fix_9,16.0,5.0,0.0,0.0,0.0,0.0,14.58,14.58,,848.0,14.86041047799082,521.0,8.727792186613685,3465.0,0.0,0.0,0.0,5.0,5.0,100.0,0.0,0.0,0.0,5.0,0.0,1.0,1.0,1.0,0.0,5.0,0.0,0.0,0.0,0.0,17.14,17.14,,842.0,17.606658905704307,529.0,7.140710135711878,3467.0,1.0,5.0,1.0,5.0,5.0,100.0,0.0,0.0,0.0,5.0,0.0,1.0,1.0,1.0,0.0,0.0,0.0,0.0,0.0,0.0,2.5600000000000005,2.5600000000000005,,-6.0,2.7462484277134873,8.0,-1.5870820509018078,2.0,1.0,5.0,1.0,0.0,0.0,0.0,0.0,0.0,0.0,0.0,0.0,0.0,0.0,0.0,0.0
LINK_194891,signal_fix_9,17.0,5.0,0.0,0.0,0.0,0.0,26.52,26.52,,862.0,27.404089539388725,509.0,5.775603771658918,3465.0,0.0,0.0,0.0,5.0,5.0,100.0,0.0,0.0,0.0,5.0,0.0,1.0,1.0,1.0,0.0,5.0,0.0,0.0,0.0,0.0,30.51,30.51,,842.0,31.40729124236252,501.0,5.376492129110728,3467.0,1.0,5.0,1.0,5.0,5.0,100.0,0.0,0.0,0.0,5.0,0.0,1.0,1.0,1.0,0.0,0.0,0.0,0.0,0.0,0.0,3.990000000000002,3.990000000000002,,-20.0,4.003201702973794,-8.0,-0.3991116425481902,2.0,1.0,5.0,1.0,0.0,0.0,0.0,0.0,0.0,0.0,0.0,0.0,0.0,0.0,0.0,0.0
LINK_194891,signal_fix_9,18.0,5.0,0.0,0.0,0.0,0.0,30.29,30.29,,844.0,30.948955140707717,431.0,6.254129486940555,3470.0,0.0,0.0,0.0,5.0,5.0,100.0,0.0,0.0,0.0,5.0,0.0,1.0,1.0,1.0,0.0,5.0,0.0,0.0,0.0,0.0,17.71,17.71,,873.0,18.367878787878787,511.0,9.456568268467468,3467.0,1.0,5.0,1.0,5.0,5.0,100.0,0.0,0.0,0.0,5.0,0.0,1.0,1.0,1.0,0.0,0.0,0.0,0.0,0.0,0.0,-12.579999999999998,-12.579999999999998,,29.0,-12.58107635282893,80.0,3.2024387815269124,-3.0,1.0,5.0,1.0,0.0,0.0,0.0,0.0,0.0,0.0,0.0,0.0,0.0,0.0,0.0,0.0
LINK_194891,signal_fix_9,19.0,5.0,0.0,0.0,0.0,0.0,17.4,17.4,,829.0,17.818188679245285,511.0,7.226191666269354,3462.0,0.0,0.0,0.0,5.0,5.0,100.0,0.0,0.0,0.0,5.0,0.0,1.0,1.0,1.0,0.0,5.0,0.0,0.0,0.0,0.0,17.57,17.57,,828.0,18.39723991507431,443.0,8.768813885277659,3462.0,1.0,5.0,1.0,5.0,5.0,100.0,0.0,0.0,0.0,5.0,0.0,1.0,1.0,1.0,0.0,0.0,0.0,0.0,0.0,0.0,0.1700000000000017,0.1700000000000017,,-1.0,0.5790512358290236,-68.0,1.5426222190083045,0.0,1.0,5.0,1.0,0.0,0.0,0.0,0.0,0.0,0.0,0.0,0.0,0.0,0.0,0.0,0.0
LINK_194891,signal_fix_9,20.0,5.0,0.0,0.0,0.0,0.0,29.37,29.37,,825.0,30.203652359370835,460.0,6.561024525803659,3465.0,0.0,0.0,0.0,5.0,5.0,100.0,0.0,0.0,0.0,5.0,0.0,1.0,1.0,1.0,0.0,5.0,0.0,0.0,0.0,0.0,25.58,25.58,,827.0,26.190158907164765,468.0,7.198470360297114,3466.0,1.0,5.0,1.0,5.0,5.0,100.0,0.0,0.0,0.0,5.0,0.0,1.0,1.0,1.0,0.0,0.0,0.0,0.0,0.0,0.0,-3.7900000000000027,-3.7900000000000027,,2.0,-4.01349345220607,8.0,0.6374458344934553,1.0,1.0,5.0,1.0,0.0,0.0,0.0,0.0,0.0,0.0,0.0,0.0,0.0,0.0,0.0,0.0
LINK_194891,signal_fix_9,21.0,5.0,0.0,0.0,0.0,0.0,19.17,19.17,,843.0,19.99308357348703,442.0,8.907306793108747,3470.0,0.0,0.0,0.0,5.0,5.0,100.0,0.0,0.0,0.0,5.0,0.0,1.0,1.0,1.0,0.0,5.0,0.0,0.0,0.0,0.0,19.62,19.62,,843.0,20.37766310357538,443.0,9.371283287650115,3468.0,1.0,5.0,1.0,5.0,5.0,100.0,0.0,0.0,0.0,5.0,0.0,1.0,1.0,1.0,0.0,0.0,0.0,0.0,0.0,0.0,0.4499999999999993,0.4499999999999993,,0.0,0.3845795300883488,1.0,0.46397649454136847,-2.0,1.0,5.0,1.0,0.0,0.0,0.0,0.0,0.0,0.0,0.0,0.0,0.0,0.0,0.0,0.0
LINK_194891,signal_fix_9,22.0,5.0,0.0,0.0,0.0,0.0,35.91,35.91,,863.0,36.590440440440446,436.0,5.480064806650735,3465.0,0.0,0.0,0.0,5.0,5.0,100.0,0.0,0.0,0.0,5.0,0.0,1.0,1.0,1.0,0.0,5.0,0.0,0.0,0.0,0.0,31.42,31.42,,870.0,31.91620724859622,466.0,6.436898110344633,3467.0,1.0,5.0,1.0,5.0,5.0,100.0,0.0,0.0,0.0,5.0,0.0,1.0,1.0,1.0,0.0,0.0,0.0,0.0,0.0,0.0,-4.489999999999995,-4.489999999999995,,7.0,-4.674233191844227,30.0,0.9568333036938981,2.0,1.0,5.0,1.0,0.0,0.0,0.0,0.0,0.0,0.0,0.0,0.0,0.0,0.0,0.0,0.0
LINK_194891,signal_fix_9,23.0,5.0,0.0,0.0,0.0,0.0,50.57,50.57,,899.0,51.54285449146251,465.0,3.702140709547005,3470.0,0.0,0.0,0.0,5.0,5.0,100.0,0.0,0.0,0.0,5.0,0.0,1.0,1.0,1.0,0.0,5.0,0.0,0.0,0.0,0.0,16.02,16.02,,850.0,16.30923031554114,496.0,8.776555415576382,3468.0,1.0,5.0,1.0,5.0,5.0,100.0,0.0,0.0,0.0,5.0,0.0,1.0,1.0,1.0,0.0,0.0,0.0,0.0,0.0,0.0,-34.55,-34.55,,-49.0,-35.23362417592138,31.0,5.074414706029377,-2.0,1.0,5.0,1.0,0.0,0.0,0.0,0.0,0.0,0.0,0.0,0.0,0.0,0.0,0.0,0.0
LINK_194891,signal_fix_9,24.0,5.0,0.0,0.0,0.0,0.0,36.02,36.02,,816.0,36.8386723998925,488.0,6.646317052918659,3464.0,0.0,0.0,0.0,5.0,5.0,100.0,0.0,0.0,0.0,5.0,0.0,1.0,1.0,1.0,0.0,5.0,0.0,0.0,0.0,0.0,23.73,23.73,,820.0,24.094101948225248,493.0,7.306532241735819,3464.0,1.0,5.0,1.0,5.0,5.0,100.0,0.0,0.0,0.0,5.0,0.0,1.0,1.0,1.0,0.0,0.0,0.0,0.0,0.0,0.0,-12.290000000000003,-12.290000000000003,,4.0,-12.744570451667254,5.0,0.6602151888171601,0.0,1.0,5.0,1.0,0.0,0.0,0.0,0.0,0.0,0.0,0.0,0.0,0.0,0.0,0.0,0.0
LINK_194891,signal_fix_9,25.0,5.0,0.0,0.0,0.0,0.0,21.47,21.47,,862.0,21.85593530668294,467.0,8.177010939259784,3467.0,0.0,0.0,0.0,5.0,5.0,100.0,0.0,0.0,0.0,5.0,0.0,1.0,1.0,1.0,0.0,5.0,0.0,0.0,0.0,0.0,24.36,24.36,,860.0,24.77852834740651,468.0,8.262664517794422,3465.0,1.0,5.0,1.0,5.0,5.0,100.0,0.0,0.0,0.0,5.0,0.0,1.0,1.0,1.0,0.0,0.0,0.0,0.0,0.0,0.0,2.8900000000000006,2.8900000000000006,,-2.0,2.9225930407235694,1.0,0.08565357853463773,-2.0,1.0,5.0,1.0,0.0,0.0,0.0,0.0,0.0,0.0,0.0,0.0,0.0,0.0,0.0,0.0
LINK_194891,signal_fix_9,26.0,5.0,0.0,0.0,0.0,0.0,20.07,20.07,,848.0,20.940827281338805,467.0,8.02831223546582,3468.0,0.0,0.0,0.0,5.0,5.0,100.0,0.0,0.0,0.0,5.0,0.0,1.0,1.0,1.0,0.0,5.0,0.0,0.0,0.0,0.0,25.34,25.34,,858.0,26.315439856373427,475.0,7.469397394135753,3471.0,1.0,5.0,1.0,5.0,5.0,100.0,0.0,0.0,0.0,5.0,0.0,1.0,1.0,1.0,0.0,0.0,0.0,0.0,0.0,0.0,5.27,5.27,,10.0,5.374612575034622,8.0,-0.5589148413300675,3.0,1.0,5.0,1.0,0.0,0.0,0.0,0.0,0.0,0.0,0.0,0.0,0.0,0.0,0.0,0.0
LINK_194891,signal_fix_9,27.0,5.0,0.0,0.0,0.0,0.0,18.68,18.68,,845.0,19.178026237328563,485.0,8.582777907706767,3464.0,0.0,0.0,0.0,5.0,5.0,100.0,0.0,0.0,0.0,5.0,0.0,1.0,1.0,1.0,0.0,5.0,0.0,0.0,0.0,0.0,15.84,15.84,,847.0,16.472732977721996,476.0,8.935523782900848,3468.0,1.0,5.0,1.0,5.0,5.0,100.0,0.0,0.0,0.0,5.0,0.0,1.0,1.0,1.0,0.0,0.0,0.0,0.0,0.0,0.0,-2.84,-2.84,,2.0,-2.7052932596065666,-9.0,0.3527458751940813,4.0,1.0,5.0,1.0,0.0,0.0,0.0,0.0,0.0,0.0,0.0,0.0,0.0,0.0,0.0,0.0
LINK_194891,signal_fix_9,28.0,5.0,0.0,0.0,0.0,0.0,35.51,35.51,,788.0,36.2971448965025,429.0,5.2460727294029175,3468.0,0.0,0.0,0.0,5.0,5.0,100.0,0.0,0.0,0.0,5.0,0.0,1.0,1.0,1.0,0.0,5.0,0.0,0.0,0.0,0.0,32.62,32.62,,810.0,33.32590286425903,431.0,5.644730184970033,3468.0,1.0,5.0,1.0,5.0,5.0,100.0,0.0,0.0,0.0,5.0,0.0,1.0,1.0,1.0,0.0,0.0,0.0,0.0,0.0,0.0,-2.8900000000000006,-2.8900000000000006,,22.0,-2.971242032243474,2.0,0.3986574555671156,0.0,1.0,5.0,1.0,0.0,0.0,0.0,0.0,0.0,0.0,0.0,0.0,0.0,0.0,0.0,0.0
LINK_194891,signal_fix_9,29.0,5.0,0.0,0.0,0.0,0.0,21.18,21.18,,826.0,21.55836776859504,496.0,7.947447561251645,3472.0,0.0,0.0,0.0,5.0,5.0,100.0,0.0,0.0,0.0,5.0,0.0,1.0,1.0,1.0,0.0,5.0,0.0,0.0,0.0,0.0,22.36,22.36,,813.0,23.100613653796984,499.0,7.693811352740219,3473.0,1.0,5.0,1.0,5.0,5.0,100.0,0.0,0.0,0.0,5.0,0.0,1.0,1.0,1.0,0.0,0.0,0.0,0.0,0.0,0.0,1.1799999999999997,1.1799999999999997,,-13.0,1.5422458852019432,3.0,-0.2536362085114252,1.0,1.0,5.0,1.0,0.0,0.0,0.0,0.0,0.0,0.0,0.0,0.0,0.0,0.0,0.0,0.0
LINK_194891,signal_fix_9,30.0,5.0,0.0,0.0,0.0,0.0,15.72,15.72,,879.0,16.209337539432177,466.0,9.164064648248887,3468.0,0.0,0.0,0.0,5.0,5.0,100.0,0.0,0.0,0.0,5.0,0.0,1.0,1.0,1.0,0.0,5.0,0.0,0.0,0.0,0.0,16.49,16.49,,880.0,17.113503759398498,464.0,8.499018790512691,3467.0,1.0,5.0,1.0,5.0,5.0,100.0,0.0,0.0,0.0,5.0,0.0,1.0,1.0,1.0,0.0,0.0,0.0,0.0,0.0,0.0,0.7699999999999978,0.7699999999999978,,1.0,0.9041662199663207,-2.0,-0.665045857736196,-1.0,1.0,5.0,1.0,0.0,0.0,0.0,0.0,0.0,0.0,0.0,0.0,0.0,0.0,0.0,0.0
LINK_249048,signal_fix_9,1.0,10.0,0.0,0.0,0.0,0.0,18.38,18.38,,854.0,18.551387808041504,636.0,10.242761765218702,3466.0,0.0,0.0,0.0,10.0,10.0,100.0,0.0,0.0,0.0,10.0,0.0,1.0,1.0,1.0,0.0,10.0,0.0,0.0,0.0,0.0,19.47,19.47,,853.0,19.63230961298377,637.0,9.891173577314971,3466.0,1.0,5.0,1.0,10.0,10.0,100.0,0.0,0.0,0.0,10.0,0.0,1.0,1.0,1.0,0.0,0.0,0.0,0.0,0.0,0.0,1.0899999999999999,1.0899999999999999,,-1.0,1.0809218049422675,1.0,-0.35158818790373125,0.0,1.0,5.0,1.0,0.0,0.0,0.0,0.0,0.0,0.0,0.0,0.0,0.0,0.0,0.0,0.0
LINK_249048,signal_fix_9,2.0,10.0,0.0,0.0,0.0,0.0,39.09,39.09,,825.0,39.58919218000738,586.0,6.450404674607202,3462.0,0.0,0.0,0.0,10.0,10.0,100.0,0.0,0.0,0.0,10.0,0.0,1.0,1.0,1.0,0.0,10.0,0.0,0.0,0.0,0.0,39.58,39.58,,831.0,40.107163742690055,588.0,6.464038970770181,3466.0,1.0,5.0,1.0,10.0,10.0,100.0,0.0,0.0,0.0,10.0,0.0,1.0,1.0,1.0,0.0,0.0,0.0,0.0,0.0,0.0,0.4899999999999949,0.4899999999999949,,6.0,0.5179715626826749,2.0,0.013634296162979176,4.0,1.0,5.0,1.0,0.0,0.0,0.0,0.0,0.0,0.0,0.0,0.0,0.0,0.0,0.0,0.0
LINK_249048,signal_fix_9,3.0,10.0,0.0,0.0,0.0,0.0,41.02,41.02,,952.0,41.424165410295075,631.0,7.837663986805065,3465.0,0.0,0.0,0.0,10.0,10.0,100.0,0.0,0.0,0.0,10.0,0.0,1.0,1.0,1.0,0.0,10.0,0.0,0.0,0.0,0.0,39.19,39.19,,929.0,39.68632034632034,606.0,7.79357422347515,3465.0,1.0,5.0,1.0,10.0,10.0,100.0,0.0,0.0,0.0,10.0,0.0,1.0,1.0,1.0,0.0,0.0,0.0,0.0,0.0,0.0,-1.8300000000000054,-1.8300000000000054,,-23.0,-1.7378450639747314,-25.0,-0.04408976332991532,0.0,1.0,5.0,1.0,0.0,0.0,0.0,0.0,0.0,0.0,0.0,0.0,0.0,0.0,0.0,0.0
LINK_249048,signal_fix_9,4.0,10.0,0.0,0.0,0.0,0.0,44.76,44.76,,830.0,45.38146687697161,638.0,5.284119907962775,3468.0,0.0,0.0,0.0,10.0,10.0,100.0,0.0,0.0,0.0,10.0,0.0,1.0,1.0,1.0,0.0,10.0,0.0,0.0,0.0,0.0,36.31,36.31,,867.0,36.895188805827104,627.0,7.307081922348582,3470.0,1.0,5.0,1.0,10.0,10.0,100.0,0.0,0.0,0.0,10.0,0.0,1.0,1.0,1.0,0.0,0.0,0.0,0.0,0.0,0.0,-8.449999999999996,-8.449999999999996,,37.0,-8.486278071144504,-11.0,2.022962014385807,2.0,1.0,5.0,1.0,0.0,0.0,0.0,0.0,0.0,0.0,0.0,0.0,0.0,0.0,0.0,0.0
LINK_249048,signal_fix_9,5.0,10.0,0.0,0.0,0.0,0.0,35.44,35.44,,893.0,35.9610046728972,595.0,8.705864054034283,3465.0,0.0,0.0,0.0,10.0,2.0,20.0,1.0999999999999943,1.0999999999999943,5.099999999999994,2.0,0.0,0.2,0.2,0.2,0.0,10.0,0.0,0.0,0.0,0.0,36.15,36.15,,864.0,36.54112174375332,564.0,9.339106037897723,3464.0,1.0,5.0,1.0,10.0,2.0,20.0,1.0999999999999943,1.0999999999999943,5.099999999999994,2.0,0.0,0.2,0.2,0.2,0.0,0.0,0.0,0.0,0.0,0.0,0.7100000000000009,0.7100000000000009,,-29.0,0.5801170708561258,-31.0,0.6332419838634404,-1.0,1.0,5.0,1.0,0.0,0.0,0.0,0.0,0.0,0.0,0.0,0.0,0.0,0.0,0.0,0.0
LINK_249048,signal_fix_9,6.0,10.0,0.0,0.0,0.0,0.0,24.84,24.84,,909.0,24.93792270531401,680.0,8.358884999038196,3470.0,0.0,0.0,0.0,10.0,10.0,100.0,0.0,0.0,0.0,10.0,0.0,1.0,1.0,1.0,0.0,10.0,0.0,0.0,0.0,0.0,27.18,27.18,,883.0,27.345279866332497,654.0,8.602983159547767,3471.0,1.0,5.0,1.0,10.0,10.0,100.0,0.0,0.0,0.0,10.0,0.0,1.0,1.0,1.0,0.0,0.0,0.0,0.0,0.0,0.0,2.34,2.34,,-26.0,2.4073571610184885,-26.0,0.24409816050957112,1.0,1.0,5.0,1.0,0.0,0.0,0.0,0.0,0.0,0.0,0.0,0.0,0.0,0.0,0.0,0.0
LINK_249048,signal_fix_9,7.0,10.0,0.0,0.0,0.0,0.0,24.57,24.57,,894.0,24.751581291759468,650.0,8.59789018149878,3465.0,0.0,0.0,0.0,10.0,10.0,100.0,0.0,0.0,0.0,10.0,0.0,1.0,1.0,1.0,0.0,10.0,0.0,0.0,0.0,0.0,23.9,23.9,,879.0,23.96038054968287,649.0,8.55259350811168,3464.0,1.0,5.0,1.0,10.0,10.0,100.0,0.0,0.0,0.0,10.0,0.0,1.0,1.0,1.0,0.0,0.0,0.0,0.0,0.0,0.0,-0.6700000000000017,-0.6700000000000017,,-15.0,-0.7912007420765974,-1.0,-0.04529667338709942,-1.0,1.0,5.0,1.0,0.0,0.0,0.0,0.0,0.0,0.0,0.0,0.0,0.0,0.0,0.0,0.0
LINK_249048,signal_fix_9,8.0,10.0,0.0,0.0,0.0,0.0,23.56,23.56,,859.0,23.836149437486732,669.0,8.950602995285392,3467.0,0.0,0.0,0.0,10.0,2.0,20.0,0.0999999999999943,1.7199999999999918,5.889999999999998,1.0,1.0,0.15,0.15,0.15,0.0,10.0,0.0,0.0,0.0,0.0,23.64,23.64,,847.0,23.74308265731199,644.0,9.15455136797686,3463.0,1.0,5.0,1.0,10.0,2.0,20.0,0.0,1.7099999999999924,5.899999999999997,1.0,1.0,0.15,0.15,0.15,0.0,0.0,0.0,0.0,0.0,0.0,0.08000000000000185,0.08000000000000185,,-12.0,-0.09306678017474113,-25.0,0.20394837269146748,-4.0,1.0,5.0,1.0,0.0,0.0,0.0,-0.0999999999999943,-0.009999999999999343,0.009999999999998899,0.0,0.0,0.0,0.0,0.0,0.0
LINK_249048,signal_fix_9,9.0,10.0,0.0,0.0,0.0,0.0,31.08,31.08,,916.0,31.43918090232151,577.0,7.868125612306186,3472.0,0.0,0.0,0.0,10.0,10.0,100.0,0.0,0.0,0.0,10.0,0.0,1.0,1.0,1.0,0.0,10.0,0.0,0.0,0.0,0.0,36.4,36.4,,920.0,36.713391642371235,629.0,7.147698581240657,3469.0,1.0,5.0,1.0,10.0,10.0,100.0,0.0,0.0,0.0,10.0,0.0,1.0,1.0,1.0,0.0,0.0,0.0,0.0,0.0,0.0,5.32,5.32,,4.0,5.274210740049725,52.0,-0.7204270310655296,-3.0,1.0,5.0,1.0,0.0,0.0,0.0,0.0,0.0,0.0,0.0,0.0,0.0,0.0,0.0,0.0
LINK_249048,signal_fix_9,10.0,10.0,0.0,0.0,0.0,0.0,40.47,40.47,,827.0,40.9158124890677,665.0,6.69350284196409,3464.0,0.0,0.0,0.0,10.0,10.0,100.0,0.0,0.0,0.0,10.0,0.0,1.0,1.0,1.0,0.0,10.0,0.0,0.0,0.0,0.0,39.84,39.84,,805.0,40.180355436652015,657.0,7.385355082844964,3462.0,1.0,5.0,1.0,10.0,10.0,100.0,0.0,0.0,0.0,10.0,0.0,1.0,1.0,1.0,0.0,0.0,0.0,0.0,0.0,0.0,-0.6299999999999955,-0.6299999999999955,,-22.0,-0.7354570524156827,-8.0,0.6918522408808743,-2.0,1.0,5.0,1.0,0.0,0.0,0.0,0.0,0.0,0.0,0.0,0.0,0.0,0.0,0.0,0.0
LINK_249048,signal_fix_9,11.0,10.0,0.0,0.0,0.0,0.0,36.31,36.31,,866.0,36.84203282159873,656.0,6.782449325926966,3467.0,0.0,0.0,0.0,10.0,10.0,100.0,0.0,0.0,0.0,10.0,0.0,1.0,1.0,1.0,0.0,10.0,0.0,0.0,0.0,0.0,21.96,21.96,,870.0,22.037172202797205,676.0,9.126012795674953,3466.0,1.0,5.0,1.0,10.0,10.0,100.0,0.0,0.0,0.0,10.0,0.0,1.0,1.0,1.0,0.0,0.0,0.0,0.0,0.0,0.0,-14.350000000000001,-14.350000000000001,,4.0,-14.804860618801523,20.0,2.343563469747987,-1.0,1.0,5.0,1.0,0.0,0.0,0.0,0.0,0.0,0.0,0.0,0.0,0.0,0.0,0.0,0.0
LINK_249048,signal_fix_9,12.0,10.0,0.0,0.0,0.0,0.0,47.96,47.96,,815.0,48.59846007086399,699.0,4.37499509405826,3466.0,0.0,0.0,0.0,10.0,10.0,100.0,0.0,0.0,0.0,10.0,0.0,1.0,1.0,1.0,0.0,10.0,0.0,0.0,0.0,0.0,48.8,48.8,,827.0,49.36933701657458,690.0,4.440506162963152,3467.0,1.0,5.0,1.0,10.0,10.0,100.0,0.0,0.0,0.0,10.0,0.0,1.0,1.0,1.0,0.0,0.0,0.0,0.0,0.0,0.0,0.8399999999999963,0.8399999999999963,,12.0,0.7708769457105902,-9.0,0.06551106890489233,1.0,1.0,5.0,1.0,0.0,0.0,0.0,0.0,0.0,0.0,0.0,0.0,0.0,0.0,0.0,0.0
LINK_249048,signal_fix_9,13.0,10.0,0.0,0.0,0.0,0.0,26.31,26.31,,866.0,26.640748484214928,619.0,7.832518617084994,3470.0,0.0,0.0,0.0,10.0,10.0,100.0,0.0,0.0,0.0,10.0,0.0,1.0,1.0,1.0,0.0,10.0,0.0,0.0,0.0,0.0,27.83,27.83,,850.0,28.10651534258092,614.0,7.773801195269576,3472.0,1.0,5.0,1.0,10.0,10.0,100.0,0.0,0.0,0.0,10.0,0.0,1.0,1.0,1.0,0.0,0.0,0.0,0.0,0.0,0.0,1.5199999999999996,1.5199999999999996,,-16.0,1.465766858365992,-5.0,-0.058717421815417836,2.0,1.0,5.0,1.0,0.0,0.0,0.0,0.0,0.0,0.0,0.0,0.0,0.0,0.0,0.0,0.0
LINK_249048,signal_fix_9,14.0,10.0,0.0,0.0,0.0,0.0,42.08,42.08,,916.0,42.682833133253304,653.0,6.521786656632358,3470.0,0.0,0.0,0.0,10.0,0.0,0.0,9.899999999999991,11.519999999999987,15.689999999999992,0.0,0.0,0.0,0.0,0.0,0.0,10.0,0.0,0.0,0.0,0.0,44.07,44.07,,901.0,44.649732718894015,630.0,6.714524036299876,3470.0,1.0,5.0,1.0,10.0,0.0,0.0,10.000000000000014,11.710000000000006,15.900000000000013,0.0,0.0,0.0,0.0,0.0,0.0,0.0,0.0,0.0,0.0,0.0,1.990000000000002,1.990000000000002,,-15.0,1.9668995856407108,-23.0,0.19273737966751803,0.0,1.0,5.0,1.0,0.0,0.0,0.0,0.10000000000002274,0.19000000000001904,0.2100000000000204,0.0,0.0,0.0,0.0,0.0,0.0
LINK_249048,signal_fix_9,15.0,10.0,0.0,0.0,0.0,0.0,41.72,41.72,,885.0,41.90073179033356,640.0,6.400583814744525,3465.0,0.0,0.0,0.0,10.0,10.0,100.0,0.0,0.0,0.0599999999999994,10.0,0.0,1.0,1.0,1.0,0.0,10.0,0.0,0.0,0.0,0.0,40.45,40.45,,888.0,40.9372570390554,627.0,6.70794511502524,3464.0,1.0,5.0,1.0,10.0,10.0,100.0,0.0,0.0,0.0599999999999994,10.0,0.0,1.0,1.0,1.0,0.0,0.0,0.0,0.0,0.0,0.0,-1.269999999999996,-1.269999999999996,,3.0,-0.9634747512781558,-13.0,0.3073613002807143,-1.0,1.0,5.0,1.0,0.0,0.0,0.0,0.0,0.0,0.0,0.0,0.0,0.0,0.0,0.0,0.0
LINK_249048,signal_fix_9,16.0,10.0,0.0,0.0,0.0,0.0,29.79,29.79,,848.0,30.0164584572675,691.0,8.8978383489645,3465.0,0.0,0.0,0.0,10.0,10.0,100.0,0.0,0.0,0.0,10.0,0.0,1.0,1.0,1.0,0.0,10.0,0.0,0.0,0.0,0.0,28.74,28.74,,842.0,29.155561674008812,713.0,8.176491712167863,3467.0,1.0,5.0,1.0,10.0,10.0,100.0,0.0,0.0,0.0,10.0,0.0,1.0,1.0,1.0,0.0,0.0,0.0,0.0,0.0,0.0,-1.0500000000000007,-1.0500000000000007,,-6.0,-0.8608967832586885,22.0,-0.7213466367966372,2.0,1.0,5.0,1.0,0.0,0.0,0.0,0.0,0.0,0.0,0.0,0.0,0.0,0.0,0.0,0.0
LINK_249048,signal_fix_9,17.0,10.0,0.0,0.0,0.0,0.0,36.93,36.93,,862.0,37.51115537848605,684.0,7.223258528773916,3465.0,0.0,0.0,0.0,10.0,10.0,100.0,0.0,0.0,0.0,10.0,0.0,1.0,1.0,1.0,0.0,10.0,0.0,0.0,0.0,0.0,42.91,42.91,,842.0,43.42378186511779,688.0,6.384702470295253,3467.0,1.0,5.0,1.0,10.0,10.0,100.0,0.0,0.0,0.0,10.0,0.0,1.0,1.0,1.0,0.0,0.0,0.0,0.0,0.0,0.0,5.979999999999997,5.979999999999997,,-20.0,5.912626486631737,4.0,-0.8385560584786624,2.0,1.0,5.0,1.0,0.0,0.0,0.0,0.0,0.0,0.0,0.0,0.0,0.0,0.0,0.0,0.0
LINK_249048,signal_fix_9,18.0,10.0,0.0,0.0,0.0,0.0,27.84,27.84,,844.0,28.371323990796903,655.0,7.814404463340443,3470.0,0.0,0.0,0.0,10.0,10.0,100.0,0.0,0.0,0.0,10.0,0.0,1.0,1.0,1.0,0.0,10.0,0.0,0.0,0.0,0.0,27.74,27.74,,873.0,28.3523516237402,731.0,7.908499709395013,3467.0,1.0,5.0,1.0,10.0,10.0,100.0,0.0,0.0,0.0,10.0,0.0,1.0,1.0,1.0,0.0,0.0,0.0,0.0,0.0,0.0,-0.10000000000000142,-0.10000000000000142,,29.0,-0.018972367056701245,76.0,0.09409524605456987,-3.0,1.0,5.0,1.0,0.0,0.0,0.0,0.0,0.0,0.0,0.0,0.0,0.0,0.0,0.0,0.0
LINK_249048,signal_fix_9,19.0,10.0,0.0,0.0,0.0,0.0,35.02,35.02,,829.0,35.45965743440233,661.0,7.127105348456276,3462.0,0.0,0.0,0.0,10.0,10.0,100.0,0.0,0.0,0.0,10.0,0.0,1.0,1.0,1.0,0.0,10.0,0.0,0.0,0.0,0.0,27.92,27.92,,828.0,28.536810431293883,648.0,7.746144795284841,3462.0,1.0,5.0,1.0,10.0,10.0,100.0,0.0,0.0,0.0,10.0,0.0,1.0,1.0,1.0,0.0,0.0,0.0,0.0,0.0,0.0,-7.100000000000001,-7.100000000000001,,-1.0,-6.922847003108448,-13.0,0.6190394468285652,0.0,1.0,5.0,1.0,0.0,0.0,0.0,0.0,0.0,0.0,0.0,0.0,0.0,0.0,0.0,0.0
LINK_249048,signal_fix_9,20.0,10.0,0.0,0.0,0.0,0.0,25.96,25.96,,825.0,26.445550889822037,663.0,7.90750840525836,3465.0,0.0,0.0,0.0,10.0,10.0,100.0,0.0,0.0,0.0,10.0,0.0,1.0,1.0,1.0,0.0,10.0,0.0,0.0,0.0,0.0,25.32,25.32,,827.0,25.7157331655129,660.0,8.56680851039571,3466.0,1.0,5.0,1.0,10.0,10.0,100.0,0.0,0.0,0.0,10.0,0.0,1.0,1.0,1.0,0.0,0.0,0.0,0.0,0.0,0.0,-0.6400000000000006,-0.6400000000000006,,2.0,-0.7298177243091359,-3.0,0.6593001051373495,1.0,1.0,5.0,1.0,0.0,0.0,0.0,0.0,0.0,0.0,0.0,0.0,0.0,0.0,0.0,0.0
LINK_249048,signal_fix_9,21.0,10.0,0.0,0.0,0.0,0.0,21.79,21.79,,843.0,21.752557219553545,593.0,10.777443461158468,3470.0,0.0,0.0,0.0,10.0,4.0,40.0,0.0,0.0899999999999948,4.260000000000001,2.0,2.0,0.3,0.3,0.3,0.0,10.0,0.0,0.0,0.0,0.0,22.78,22.78,,843.0,22.941424041510523,599.0,10.987295477499584,3468.0,1.0,5.0,1.0,10.0,4.0,40.0,0.0,0.0,4.190000000000005,2.0,2.0,0.3,0.3,0.3,0.0,0.0,0.0,0.0,0.0,0.0,0.990000000000002,0.990000000000002,,0.0,1.188866821956978,6.0,0.2098520163411166,-2.0,1.0,5.0,1.0,0.0,0.0,0.0,0.0,-0.0899999999999948,-0.06999999999999584,0.0,0.0,0.0,0.0,0.0,0.0
LINK_249048,signal_fix_9,22.0,10.0,0.0,0.0,0.0,0.0,25.22,25.22,,863.0,25.472387894853103,615.0,8.984144479713116,3465.0,0.0,0.0,0.0,10.0,10.0,100.0,0.0,0.0,0.0,10.0,0.0,1.0,1.0,1.0,0.0,10.0,0.0,0.0,0.0,0.0,23.07,23.07,,870.0,23.512926776894997,634.0,8.905806699764069,3467.0,1.0,5.0,1.0,10.0,10.0,100.0,0.0,0.0,0.0,10.0,0.0,1.0,1.0,1.0,0.0,0.0,0.0,0.0,0.0,0.0,-2.1499999999999986,-2.1499999999999986,,7.0,-1.9594611179581065,19.0,-0.078337779949047,2.0,1.0,5.0,1.0,0.0,0.0,0.0,0.0,0.0,0.0,0.0,0.0,0.0,0.0,0.0,0.0
LINK_249048,signal_fix_9,23.0,10.0,0.0,0.0,0.0,0.0,33.5,33.5,,899.0,33.854388108328244,577.0,7.191656235765117,3470.0,0.0,0.0,0.0,10.0,2.0,20.0,1.2000000000000028,2.8200000000000003,6.990000000000006,1.0,1.0,0.15,0.15,0.15,0.0,10.0,0.0,0.0,0.0,0.0,34.98,34.98,,850.0,35.37839627707177,658.0,6.949319895150019,3468.0,1.0,5.0,1.0,10.0,2.0,20.0,1.1000000000000083,2.810000000000001,7.000000000000005,1.0,1.0,0.15,0.15,0.15,0.0,0.0,0.0,0.0,0.0,0.0,1.4799999999999969,1.4799999999999969,,-49.0,1.5240081687435278,81.0,-0.2423363406150978,-2.0,1.0,5.0,1.0,0.0,0.0,0.0,-0.09999999999999454,-0.009999999999999343,0.009999999999998899,0.0,0.0,0.0,0.0,0.0,0.0
LINK_249048,signal_fix_9,24.0,10.0,0.0,0.0,0.0,0.0,27.0,27.0,,816.0,27.383762095822515,636.0,9.200716344092982,3464.0,0.0,0.0,0.0,10.0,0.0,0.0,3.299999999999997,4.919999999999995,9.09,0.0,0.0,0.0,0.0,0.0,0.0,10.0,0.0,0.0,0.0,0.0,19.51,19.51,,820.0,19.655825607617135,641.0,9.98782383270571,3464.0,1.0,5.0,1.0,10.0,0.0,0.0,3.299999999999997,5.009999999999989,9.199999999999994,0.0,0.0,0.0,0.0,0.0,0.0,0.0,0.0,0.0,0.0,0.0,-7.489999999999998,-7.489999999999998,,4.0,-7.72793648820538,5.0,0.7871074886127278,0.0,1.0,5.0,1.0,0.0,0.0,0.0,0.0,0.08999999999999453,0.1099999999999941,0.0,0.0,0.0,0.0,0.0,0.0
LINK_249048,signal_fix_9,25.0,10.0,0.0,0.0,0.0,0.0,27.49,27.49,,862.0,27.78125482625483,688.0,7.851571294744273,3467.0,0.0,0.0,0.0,10.0,10.0,100.0,0.0,0.0,0.0,10.0,0.0,1.0,1.0,1.0,0.0,10.0,0.0,0.0,0.0,0.0,27.92,27.92,,860.0,28.285446944057338,683.0,8.045168665647132,3465.0,1.0,5.0,1.0,10.0,10.0,100.0,0.0,0.0,0.0,10.0,0.0,1.0,1.0,1.0,0.0,0.0,0.0,0.0,0.0,0.0,0.43000000000000327,0.43000000000000327,,-2.0,0.5041921178025071,-5.0,0.1935973709028591,-2.0,1.0,5.0,1.0,0.0,0.0,0.0,0.0,0.0,0.0,0.0,0.0,0.0,0.0,0.0,0.0
LINK_249048,signal_fix_9,26.0,10.0,0.0,0.0,0.0,0.0,20.8,20.8,,848.0,21.227805264199485,643.0,8.155806323415167,3468.0,0.0,0.0,0.0,10.0,0.0,0.0,8.099999999999994,9.719999999999992,13.559999999999995,0.0,0.0,0.0,0.0,0.0,0.0,10.0,0.0,0.0,0.0,0.0,25.03,25.03,,858.0,25.579169187336156,622.0,8.222324728799384,3471.0,1.0,5.0,1.0,10.0,0.0,0.0,8.299999999999997,10.00999999999999,13.809999999999995,0.0,0.0,0.0,0.0,0.0,0.0,0.0,0.0,0.0,0.0,0.0,4.23,4.23,,10.0,4.35136392313667,-21.0,0.06651840538421716,3.0,1.0,5.0,1.0,0.0,0.0,0.0,0.20000000000000284,0.28999999999999737,0.25,0.0,0.0,0.0,0.0,0.0,0.0
LINK_249048,signal_fix_9,27.0,10.0,0.0,0.0,0.0,0.0,38.05,38.05,,845.0,38.53086303939963,635.0,7.026515569302894,3464.0,0.0,0.0,0.0,10.0,10.0,100.0,0.0,0.0,0.0,10.0,0.0,1.0,1.0,1.0,0.0,10.0,0.0,0.0,0.0,0.0,39.6,39.6,,847.0,39.954963099631,644.0,7.108896089550914,3468.0,1.0,5.0,1.0,10.0,10.0,100.0,0.0,0.0,0.0,10.0,0.0,1.0,1.0,1.0,0.0,0.0,0.0,0.0,0.0,0.0,1.5500000000000043,1.5500000000000043,,2.0,1.4241000602313747,9.0,0.08238052024802034,4.0,1.0,5.0,1.0,0.0,0.0,0.0,0.0,0.0,0.0,0.0,0.0,0.0,0.0,0.0,0.0
LINK_249048,signal_fix_9,28.0,10.0,0.0,0.0,0.0,0.0,39.31,39.31,,788.0,39.94024518388792,625.0,6.473780315968529,3468.0,0.0,0.0,0.0,10.0,1.0,10.0,1.3999999999999917,3.019999999999989,7.189999999999995,1.0,0.0,0.1,0.1,0.1,0.0,10.0,0.0,0.0,0.0,0.0,39.06,39.06,,810.0,39.68697835497836,635.0,6.56508725685129,3468.0,1.0,5.0,1.0,10.0,1.0,10.0,1.2000000000000028,2.9099999999999953,7.1,1.0,0.0,0.1,0.1,0.1,0.0,0.0,0.0,0.0,0.0,0.0,-0.25,-0.25,,22.0,-0.25326682890955965,10.0,0.09130694088276048,0.0,1.0,5.0,1.0,0.0,0.0,0.0,-0.19999999999998885,-0.10999999999999366,-0.08999999999999542,0.0,0.0,0.0,0.0,0.0,0.0
LINK_249048,signal_fix_9,29.0,10.0,0.0,0.0,0.0,0.0,22.19,22.19,,826.0,22.457564655172416,640.0,9.006836296408045,3472.0,0.0,0.0,0.0,10.0,4.0,40.0,0.0,0.0,4.010000000000003,2.0,2.0,0.3,0.3,0.3,0.0,10.0,0.0,0.0,0.0,0.0,27.53,27.53,,813.0,28.172529644268774,646.0,7.942716120000009,3473.0,1.0,5.0,1.0,10.0,4.0,40.0,0.0,0.0,3.87,2.0,2.0,0.3,0.3,0.3,0.0,0.0,0.0,0.0,0.0,0.0,5.34,5.34,,-13.0,5.714964989096359,6.0,-1.0641201764080357,1.0,1.0,5.0,1.0,0.0,0.0,0.0,0.0,0.0,-0.14000000000000323,0.0,0.0,0.0,0.0,0.0,0.0
LINK_249048,signal_fix_9,30.0,10.0,0.0,0.0,0.0,0.0,42.05,42.05,,879.0,42.708102578093026,762.0,5.2868465935369695,3468.0,0.0,0.0,0.0,10.0,4.0,40.0,0.0,0.1799999999999897,4.349999999999996,2.0,2.0,0.3,0.3,0.3,0.0,10.0,0.0,0.0,0.0,0.0,40.52,40.52,,880.0,41.0970778267254,725.0,5.5221504953662714,3467.0,1.0,5.0,1.0,10.0,4.0,40.0,0.0,0.1799999999999897,4.369999999999995,2.0,2.0,0.3,0.3,0.3,0.0,0.0,0.0,0.0,0.0,0.0,-1.529999999999994,-1.529999999999994,,1.0,-1.6110247513676228,-37.0,0.23530390182930194,-1.0,1.0,5.0,1.0,0.0,0.0,0.0,0.0,0.0,0.019999999999998685,0.0,0.0,0.0,0.0,0.0,0.0
NODE_10262,signal_fix_9,1.0,5.0,0.0,0.0,0.0,0.0,19.99,19.99,,854.0,20.193225006885157,600.0,8.037314534098302,3466.0,0.0,0.0,0.0,5.0,5.0,100.0,0.0,0.0,0.0,5.0,0.0,1.0,1.0,1.0,0.0,5.0,0.0,0.0,0.0,0.0,19.15,19.15,,853.0,19.429343308395676,605.0,7.934539885710997,3466.0,1.0,5.0,1.0,5.0,5.0,100.0,0.0,0.0,0.0,5.0,0.0,1.0,1.0,1.0,0.0,0.0,0.0,0.0,0.0,0.0,-0.8399999999999999,-0.8399999999999999,,-1.0,-0.763881698489481,5.0,-0.10277464838730488,0.0,1.0,5.0,1.0,0.0,0.0,0.0,0.0,0.0,0.0,0.0,0.0,0.0,0.0,0.0,0.0
NODE_10262,signal_fix_9,2.0,5.0,0.0,0.0,0.0,0.0,18.67,18.67,,825.0,19.3221978021978,579.0,8.284191288695988,3462.0,0.0,0.0,0.0,5.0,5.0,100.0,0.0,0.0,0.0,5.0,0.0,1.0,1.0,1.0,0.0,5.0,0.0,0.0,0.0,0.0,20.62,20.62,,831.0,21.08363076923077,578.0,8.176536560169035,3466.0,1.0,5.0,1.0,5.0,5.0,100.0,0.0,0.0,0.0,5.0,0.0,1.0,1.0,1.0,0.0,0.0,0.0,0.0,0.0,0.0,1.9499999999999993,1.9499999999999993,,6.0,1.7614329670329703,-1.0,-0.10765472852695268,4.0,1.0,5.0,1.0,0.0,0.0,0.0,0.0,0.0,0.0,0.0,0.0,0.0,0.0,0.0,0.0
NODE_10262,signal_fix_9,3.0,5.0,0.0,0.0,0.0,0.0,29.84,29.84,,952.0,30.2764705882353,580.0,6.449990180141571,3465.0,0.0,0.0,0.0,5.0,5.0,100.0,0.0,0.0,0.0,5.0,0.0,1.0,1.0,1.0,0.0,5.0,0.0,0.0,0.0,0.0,25.01,25.01,,929.0,25.628777959629023,587.0,7.041027511430165,3465.0,1.0,5.0,1.0,5.0,5.0,100.0,0.0,0.0,0.0,5.0,0.0,1.0,1.0,1.0,0.0,0.0,0.0,0.0,0.0,0.0,-4.829999999999998,-4.829999999999998,,-23.0,-4.647692628606276,7.0,0.5910373312885939,0.0,1.0,5.0,1.0,0.0,0.0,0.0,0.0,0.0,0.0,0.0,0.0,0.0,0.0,0.0,0.0
NODE_10262,signal_fix_9,4.0,5.0,0.0,0.0,0.0,0.0,15.94,15.94,,830.0,16.41253248628357,615.0,8.188457334647039,3468.0,0.0,0.0,0.0,5.0,5.0,100.0,0.0,0.0,0.0,5.0,0.0,1.0,1.0,1.0,0.0,5.0,0.0,0.0,0.0,0.0,16.06,16.06,,867.0,16.91372836608976,630.0,8.3497607104132,3470.0,1.0,5.0,1.0,5.0,5.0,100.0,0.0,0.0,0.0,5.0,0.0,1.0,1.0,1.0,0.0,0.0,0.0,0.0,0.0,0.0,0.11999999999999922,0.11999999999999922,,37.0,0.5011958798061897,15.0,0.1613033757661615,2.0,1.0,5.0,1.0,0.0,0.0,0.0,0.0,0.0,0.0,0.0,0.0,0.0,0.0,0.0,0.0
NODE_10262,signal_fix_9,5.0,5.0,0.0,0.0,0.0,0.0,23.02,23.02,,893.0,23.306499636891797,506.0,9.622277944423406,3465.0,0.0,0.0,0.0,5.0,5.0,100.0,0.0,0.0,0.0,5.0,0.0,1.0,1.0,1.0,0.0,5.0,0.0,0.0,0.0,0.0,21.99,21.99,,864.0,22.248196721311476,509.0,8.455010645171088,3464.0,1.0,5.0,1.0,5.0,5.0,100.0,0.0,0.0,0.0,5.0,0.0,1.0,1.0,1.0,0.0,0.0,0.0,0.0,0.0,0.0,-1.0300000000000011,-1.0300000000000011,,-29.0,-1.0583029155803203,3.0,-1.1672672992523179,-1.0,1.0,5.0,1.0,0.0,0.0,0.0,0.0,0.0,0.0,0.0,0.0,0.0,0.0,0.0,0.0
NODE_10262,signal_fix_9,6.0,5.0,0.0,0.0,0.0,0.0,31.48,31.48,,909.0,31.90974545454545,574.0,4.923616751472957,3470.0,0.0,0.0,0.0,5.0,5.0,100.0,0.0,0.0,0.0,5.0,0.0,1.0,1.0,1.0,0.0,5.0,0.0,0.0,0.0,0.0,28.43,28.43,,883.0,28.80958958958959,585.0,5.667129254602668,3471.0,1.0,5.0,1.0,5.0,5.0,100.0,0.0,0.0,0.0,5.0,0.0,1.0,1.0,1.0,0.0,0.0,0.0,0.0,0.0,0.0,-3.0500000000000007,-3.0500000000000007,,-26.0,-3.1001558649558625,11.0,0.7435125031297112,1.0,1.0,5.0,1.0,0.0,0.0,0.0,0.0,0.0,0.0,0.0,0.0,0.0,0.0,0.0,0.0
NODE_10262,signal_fix_9,7.0,5.0,0.0,0.0,0.0,0.0,16.77,16.77,,894.0,16.840672319806178,575.0,8.856074586020803,3465.0,0.0,0.0,0.0,5.0,5.0,100.0,0.0,0.0,0.0,5.0,0.0,1.0,1.0,1.0,0.0,5.0,0.0,0.0,0.0,0.0,17.04,17.04,,879.0,17.377406103286383,576.0,8.59645300665657,3464.0,1.0,5.0,1.0,5.0,5.0,100.0,0.0,0.0,0.0,5.0,0.0,1.0,1.0,1.0,0.0,0.0,0.0,0.0,0.0,0.0,0.2699999999999996,0.2699999999999996,,-15.0,0.5367337834802051,1.0,-0.25962157936423225,-1.0,1.0,5.0,1.0,0.0,0.0,0.0,0.0,0.0,0.0,0.0,0.0,0.0,0.0,0.0,0.0
NODE_10262,signal_fix_9,8.0,5.0,0.0,0.0,0.0,0.0,18.53,18.53,,859.0,19.14359047892171,594.0,8.227766635084418,3467.0,0.0,0.0,0.0,5.0,5.0,100.0,0.0,0.0,0.0,5.0,0.0,1.0,1.0,1.0,0.0,5.0,0.0,0.0,0.0,0.0,17.57,17.57,,847.0,18.2018149882904,578.0,8.266394653702891,3463.0,1.0,5.0,1.0,5.0,5.0,100.0,0.0,0.0,0.0,5.0,0.0,1.0,1.0,1.0,0.0,0.0,0.0,0.0,0.0,0.0,-0.9600000000000009,-0.9600000000000009,,-12.0,-0.9417754906313078,-16.0,0.03862801861847309,-4.0,1.0,5.0,1.0,0.0,0.0,0.0,0.0,0.0,0.0,0.0,0.0,0.0,0.0,0.0,0.0
NODE_10262,signal_fix_9,9.0,5.0,0.0,0.0,0.0,0.0,31.55,31.55,,916.0,32.484520581710626,572.0,5.591244435678248,3472.0,0.0,0.0,0.0,5.0,5.0,100.0,0.0,0.0,0.0,5.0,0.0,1.0,1.0,1.0,0.0,5.0,0.0,0.0,0.0,0.0,21.67,21.67,,920.0,22.03824362606232,584.0,7.938395797396153,3469.0,1.0,5.0,1.0,5.0,5.0,100.0,0.0,0.0,0.0,5.0,0.0,1.0,1.0,1.0,0.0,0.0,0.0,0.0,0.0,0.0,-9.879999999999999,-9.879999999999999,,4.0,-10.446276955648305,12.0,2.3471513617179056,-3.0,1.0,5.0,1.0,0.0,0.0,0.0,0.0,0.0,0.0,0.0,0.0,0.0,0.0,0.0,0.0
NODE_10262,signal_fix_9,10.0,5.0,0.0,0.0,0.0,0.0,24.93,24.93,,827.0,25.78707214323328,575.0,6.979625798896862,3464.0,0.0,0.0,0.0,5.0,5.0,100.0,0.0,0.0,0.0,5.0,0.0,1.0,1.0,1.0,0.0,5.0,0.0,0.0,0.0,0.0,22.92,22.92,,805.0,23.73176074136478,577.0,7.833375890088791,3462.0,1.0,5.0,1.0,5.0,5.0,100.0,0.0,0.0,0.0,5.0,0.0,1.0,1.0,1.0,0.0,0.0,0.0,0.0,0.0,0.0,-2.009999999999998,-2.009999999999998,,-22.0,-2.055311401868501,2.0,0.8537500911919294,-2.0,1.0,5.0,1.0,0.0,0.0,0.0,0.0,0.0,0.0,0.0,0.0,0.0,0.0,0.0,0.0
NODE_10262,signal_fix_9,11.0,5.0,0.0,0.0,0.0,0.0,46.67,46.67,,866.0,46.98259204085976,555.0,4.728936703272158,3467.0,0.0,0.0,0.0,5.0,5.0,100.0,0.0,0.0,0.0,5.0,0.0,1.0,1.0,1.0,0.0,5.0,0.0,0.0,0.0,0.0,17.75,17.75,,870.0,18.026263537906136,606.0,8.859196005111167,3466.0,1.0,5.0,1.0,5.0,5.0,100.0,0.0,0.0,0.0,5.0,0.0,1.0,1.0,1.0,0.0,0.0,0.0,0.0,0.0,0.0,-28.92,-28.92,,4.0,-28.95632850295362,51.0,4.1302593018390095,-1.0,1.0,5.0,1.0,0.0,0.0,0.0,0.0,0.0,0.0,0.0,0.0,0.0,0.0,0.0,0.0
NODE_10262,signal_fix_9,12.0,5.0,0.0,0.0,0.0,0.0,13.0,13.0,,815.0,13.219778188539742,566.0,9.133627850763084,3466.0,0.0,0.0,0.0,5.0,5.0,100.0,0.0,0.0,0.0,5.0,0.0,1.0,1.0,1.0,0.0,5.0,0.0,0.0,0.0,0.0,12.54,12.54,,827.0,12.536425690350605,553.0,9.088255038010834,3467.0,1.0,5.0,1.0,5.0,5.0,100.0,0.0,0.0,0.0,5.0,0.0,1.0,1.0,1.0,0.0,0.0,0.0,0.0,0.0,0.0,-0.46000000000000085,-0.46000000000000085,,12.0,-0.6833524981891372,-13.0,-0.045372812752249914,1.0,1.0,5.0,1.0,0.0,0.0,0.0,0.0,0.0,0.0,0.0,0.0,0.0,0.0,0.0,0.0
NODE_10262,signal_fix_9,13.0,5.0,0.0,0.0,0.0,0.0,34.95,34.95,,866.0,35.31139009358594,565.0,5.819184486088023,3470.0,0.0,0.0,0.0,5.0,5.0,100.0,0.0,0.0,0.0,5.0,0.0,1.0,1.0,1.0,0.0,5.0,0.0,0.0,0.0,0.0,36.07,36.07,,850.0,36.57787649933363,559.0,5.551231417334221,3472.0,1.0,5.0,1.0,5.0,5.0,100.0,0.0,0.0,0.0,5.0,0.0,1.0,1.0,1.0,0.0,0.0,0.0,0.0,0.0,0.0,1.1199999999999974,1.1199999999999974,,-16.0,1.2664864057476848,-6.0,-0.2679530687538021,2.0,1.0,5.0,1.0,0.0,0.0,0.0,0.0,0.0,0.0,0.0,0.0,0.0,0.0,0.0,0.0
NODE_10262,signal_fix_9,14.0,5.0,0.0,0.0,0.0,0.0,29.05,29.05,,916.0,29.5482158211522,626.0,6.467846774785128,3470.0,0.0,0.0,0.0,5.0,5.0,100.0,0.0,0.0,0.0,5.0,0.0,1.0,1.0,1.0,0.0,5.0,0.0,0.0,0.0,0.0,42.75,42.75,,901.0,43.22497538562521,628.0,4.625879818847303,3470.0,1.0,5.0,1.0,5.0,5.0,100.0,0.0,0.0,0.0,5.0,0.0,1.0,1.0,1.0,0.0,0.0,0.0,0.0,0.0,0.0,13.7,13.7,,-15.0,13.676759564473006,2.0,-1.8419669559378251,0.0,1.0,5.0,1.0,0.0,0.0,0.0,0.0,0.0,0.0,0.0,0.0,0.0,0.0,0.0,0.0
NODE_10262,signal_fix_9,15.0,5.0,0.0,0.0,0.0,0.0,19.33,19.33,,885.0,19.970261007118378,612.0,7.840536086883236,3465.0,0.0,0.0,0.0,5.0,5.0,100.0,0.0,0.0,0.0,5.0,0.0,1.0,1.0,1.0,0.0,5.0,0.0,0.0,0.0,0.0,19.44,19.44,,888.0,19.9496811754921,596.0,8.05511270382688,3464.0,1.0,5.0,1.0,5.0,5.0,100.0,0.0,0.0,0.0,5.0,0.0,1.0,1.0,1.0,0.0,0.0,0.0,0.0,0.0,0.0,0.11000000000000298,0.11000000000000298,,3.0,-0.020579831626278633,-16.0,0.21457661694364472,-1.0,1.0,5.0,1.0,0.0,0.0,0.0,0.0,0.0,0.0,0.0,0.0,0.0,0.0,0.0,0.0
NODE_10262,signal_fix_9,16.0,5.0,0.0,0.0,0.0,0.0,14.94,14.94,,848.0,15.004547803617571,639.0,8.73092516590102,3465.0,0.0,0.0,0.0,5.0,5.0,100.0,0.0,0.0,0.0,5.0,0.0,1.0,1.0,1.0,0.0,5.0,0.0,0.0,0.0,0.0,17.25,17.25,,842.0,17.49459274469541,642.0,7.325420283852548,3467.0,1.0,5.0,1.0,5.0,5.0,100.0,0.0,0.0,0.0,5.0,0.0,1.0,1.0,1.0,0.0,0.0,0.0,0.0,0.0,0.0,2.3100000000000005,2.3100000000000005,,-6.0,2.490044941077839,3.0,-1.4055048820484721,2.0,1.0,5.0,1.0,0.0,0.0,0.0,0.0,0.0,0.0,0.0,0.0,0.0,0.0,0.0,0.0
NODE_10262,signal_fix_9,17.0,5.0,0.0,0.0,0.0,0.0,22.84,22.84,,862.0,23.3844370122631,618.0,6.382832456215376,3465.0,0.0,0.0,0.0,5.0,5.0,100.0,0.0,0.0,0.0,5.0,0.0,1.0,1.0,1.0,0.0,5.0,0.0,0.0,0.0,0.0,27.28,27.28,,842.0,27.886616161616164,609.0,5.986822551078579,3467.0,1.0,5.0,1.0,5.0,5.0,100.0,0.0,0.0,0.0,5.0,0.0,1.0,1.0,1.0,0.0,0.0,0.0,0.0,0.0,0.0,4.440000000000001,4.440000000000001,,-20.0,4.502179149353065,-9.0,-0.3960099051367969,2.0,1.0,5.0,1.0,0.0,0.0,0.0,0.0,0.0,0.0,0.0,0.0,0.0,0.0,0.0,0.0
NODE_10262,signal_fix_9,18.0,5.0,0.0,0.0,0.0,0.0,22.31,22.31,,844.0,22.75413883241359,540.0,7.418656326114072,3470.0,0.0,0.0,0.0,5.0,5.0,100.0,0.0,0.0,0.0,5.0,0.0,1.0,1.0,1.0,0.0,5.0,0.0,0.0,0.0,0.0,17.02,17.02,,873.0,17.548560246016216,649.0,9.07796106531026,3467.0,1.0,5.0,1.0,5.0,5.0,100.0,0.0,0.0,0.0,5.0,0.0,1.0,1.0,1.0,0.0,0.0,0.0,0.0,0.0,0.0,-5.289999999999999,-5.289999999999999,,29.0,-5.205578586397376,109.0,1.6593047391961884,-3.0,1.0,5.0,1.0,0.0,0.0,0.0,0.0,0.0,0.0,0.0,0.0,0.0,0.0,0.0,0.0
NODE_10262,signal_fix_9,19.0,5.0,0.0,0.0,0.0,0.0,17.49,17.49,,829.0,17.881274319066147,626.0,7.044023060135494,3462.0,0.0,0.0,0.0,5.0,5.0,100.0,0.0,0.0,0.0,5.0,0.0,1.0,1.0,1.0,0.0,5.0,0.0,0.0,0.0,0.0,16.05,16.05,,828.0,16.793520942408378,573.0,8.611002813989296,3462.0,1.0,5.0,1.0,5.0,5.0,100.0,0.0,0.0,0.0,5.0,0.0,1.0,1.0,1.0,0.0,0.0,0.0,0.0,0.0,0.0,-1.4399999999999977,-1.4399999999999977,,-1.0,-1.0877533766577692,-53.0,1.5669797538538024,0.0,1.0,5.0,1.0,0.0,0.0,0.0,0.0,0.0,0.0,0.0,0.0,0.0,0.0,0.0,0.0
NODE_10262,signal_fix_9,20.0,5.0,0.0,0.0,0.0,0.0,28.04,28.04,,825.0,28.678840009830427,596.0,6.671373167807834,3465.0,0.0,0.0,0.0,5.0,5.0,100.0,0.0,0.0,0.0,5.0,0.0,1.0,1.0,1.0,0.0,5.0,0.0,0.0,0.0,0.0,24.27,24.27,,827.0,24.90601875977071,588.0,7.222628479859796,3466.0,1.0,5.0,1.0,5.0,5.0,100.0,0.0,0.0,0.0,5.0,0.0,1.0,1.0,1.0,0.0,0.0,0.0,0.0,0.0,0.0,-3.7699999999999996,-3.7699999999999996,,2.0,-3.7728212500597174,-8.0,0.5512553120519614,1.0,1.0,5.0,1.0,0.0,0.0,0.0,0.0,0.0,0.0,0.0,0.0,0.0,0.0,0.0,0.0
NODE_10262,signal_fix_9,21.0,5.0,0.0,0.0,0.0,0.0,16.98,16.98,,843.0,17.3866323024055,543.0,9.14431886839057,3470.0,0.0,0.0,0.0,5.0,5.0,100.0,0.0,0.0,0.0,5.0,0.0,1.0,1.0,1.0,0.0,5.0,0.0,0.0,0.0,0.0,16.77,16.77,,843.0,17.18735875706215,550.0,9.65525662428695,3468.0,1.0,5.0,1.0,5.0,5.0,100.0,0.0,0.0,0.0,5.0,0.0,1.0,1.0,1.0,0.0,0.0,0.0,0.0,0.0,0.0,-0.21000000000000085,-0.21000000000000085,,0.0,-0.19927354534334896,7.0,0.5109377558963804,-2.0,1.0,5.0,1.0,0.0,0.0,0.0,0.0,0.0,0.0,0.0,0.0,0.0,0.0,0.0,0.0
NODE_10262,signal_fix_9,22.0,5.0,0.0,0.0,0.0,0.0,29.42,29.42,,863.0,29.79584194214876,538.0,6.527698900887828,3465.0,0.0,0.0,0.0,5.0,5.0,100.0,0.0,0.0,0.0,5.0,0.0,1.0,1.0,1.0,0.0,5.0,0.0,0.0,0.0,0.0,27.64,27.64,,870.0,28.07939081306804,578.0,6.878478942803616,3467.0,1.0,5.0,1.0,5.0,5.0,100.0,0.0,0.0,0.0,5.0,0.0,1.0,1.0,1.0,0.0,0.0,0.0,0.0,0.0,0.0,-1.7800000000000011,-1.7800000000000011,,7.0,-1.716451129080717,40.0,0.3507800419157876,2.0,1.0,5.0,1.0,0.0,0.0,0.0,0.0,0.0,0.0,0.0,0.0,0.0,0.0,0.0,0.0
NODE_10262,signal_fix_9,23.0,5.0,0.0,0.0,0.0,0.0,48.53,48.53,,899.0,49.36817240730285,565.0,4.046715231517644,3470.0,0.0,0.0,0.0,5.0,5.0,100.0,0.0,0.0,0.0,5.0,0.0,1.0,1.0,1.0,0.0,5.0,0.0,0.0,0.0,0.0,16.27,16.27,,850.0,16.636195804195804,612.0,8.520558752036543,3468.0,1.0,5.0,1.0,5.0,5.0,100.0,0.0,0.0,0.0,5.0,0.0,1.0,1.0,1.0,0.0,0.0,0.0,0.0,0.0,0.0,-32.260000000000005,-32.260000000000005,,-49.0,-32.73197660310704,47.0,4.473843520518899,-2.0,1.0,5.0,1.0,0.0,0.0,0.0,0.0,0.0,0.0,0.0,0.0,0.0,0.0,0.0,0.0
NODE_10262,signal_fix_9,24.0,5.0,0.0,0.0,0.0,0.0,32.54,32.54,,816.0,33.22565605095541,597.0,6.720623942677174,3464.0,0.0,0.0,0.0,5.0,5.0,100.0,0.0,0.0,0.0,5.0,0.0,1.0,1.0,1.0,0.0,5.0,0.0,0.0,0.0,0.0,21.99,21.99,,820.0,22.361865498582837,607.0,7.433726440423151,3464.0,1.0,5.0,1.0,5.0,5.0,100.0,0.0,0.0,0.0,5.0,0.0,1.0,1.0,1.0,0.0,0.0,0.0,0.0,0.0,0.0,-10.55,-10.55,,4.0,-10.86379055237257,10.0,0.713102497745977,0.0,1.0,5.0,1.0,0.0,0.0,0.0,0.0,0.0,0.0,0.0,0.0,0.0,0.0,0.0,0.0
NODE_10262,signal_fix_9,25.0,5.0,0.0,0.0,0.0,0.0,19.98,19.98,,862.0,20.36105512744517,576.0,8.308625643662916,3467.0,0.0,0.0,0.0,5.0,5.0,100.0,0.0,0.0,0.0,5.0,0.0,1.0,1.0,1.0,0.0,5.0,0.0,0.0,0.0,0.0,22.61,22.61,,860.0,22.86273073542338,580.0,8.296672393711617,3465.0,1.0,5.0,1.0,5.0,5.0,100.0,0.0,0.0,0.0,5.0,0.0,1.0,1.0,1.0,0.0,0.0,0.0,0.0,0.0,0.0,2.629999999999999,2.629999999999999,,-2.0,2.5016756079782105,4.0,-0.011953249951298872,-2.0,1.0,5.0,1.0,0.0,0.0,0.0,0.0,0.0,0.0,0.0,0.0,0.0,0.0,0.0,0.0
NODE_10262,signal_fix_9,26.0,5.0,0.0,0.0,0.0,0.0,18.41,18.41,,848.0,19.11344685848503,589.0,8.01252657747101,3468.0,0.0,0.0,0.0,5.0,5.0,100.0,0.0,0.0,0.0,5.0,0.0,1.0,1.0,1.0,0.0,5.0,0.0,0.0,0.0,0.0,22.86,22.86,,858.0,23.62672655811342,591.0,7.4938203272236334,3471.0,1.0,5.0,1.0,5.0,5.0,100.0,0.0,0.0,0.0,5.0,0.0,1.0,1.0,1.0,0.0,0.0,0.0,0.0,0.0,0.0,4.449999999999999,4.449999999999999,,10.0,4.513279699628388,2.0,-0.5187062502473774,3.0,1.0,5.0,1.0,0.0,0.0,0.0,0.0,0.0,0.0,0.0,0.0,0.0,0.0,0.0,0.0
NODE_10262,signal_fix_9,27.0,5.0,0.0,0.0,0.0,0.0,17.97,17.97,,845.0,18.27087028824834,596.0,8.3699495921275,3464.0,0.0,0.0,0.0,5.0,5.0,100.0,0.0,0.0,0.0,5.0,0.0,1.0,1.0,1.0,0.0,5.0,0.0,0.0,0.0,0.0,15.26,15.26,,847.0,15.681014116969171,599.0,8.629663749250096,3468.0,1.0,5.0,1.0,5.0,5.0,100.0,0.0,0.0,0.0,5.0,0.0,1.0,1.0,1.0,0.0,0.0,0.0,0.0,0.0,0.0,-2.709999999999999,-2.709999999999999,,2.0,-2.589856171279168,3.0,0.2597141571225965,4.0,1.0,5.0,1.0,0.0,0.0,0.0,0.0,0.0,0.0,0.0,0.0,0.0,0.0,0.0,0.0
NODE_10262,signal_fix_9,28.0,5.0,0.0,0.0,0.0,0.0,25.86,25.86,,788.0,26.229178617992176,531.0,6.584222462100295,3468.0,0.0,0.0,0.0,5.0,5.0,100.0,0.0,0.0,0.0,5.0,0.0,1.0,1.0,1.0,0.0,5.0,0.0,0.0,0.0,0.0,22.49,22.49,,810.0,22.89396174863388,536.0,6.979970828521815,3468.0,1.0,5.0,1.0,5.0,5.0,100.0,0.0,0.0,0.0,5.0,0.0,1.0,1.0,1.0,0.0,0.0,0.0,0.0,0.0,0.0,-3.370000000000001,-3.370000000000001,,22.0,-3.3352168693582946,5.0,0.39574836642152,0.0,1.0,5.0,1.0,0.0,0.0,0.0,0.0,0.0,0.0,0.0,0.0,0.0,0.0,0.0,0.0
NODE_10262,signal_fix_9,29.0,5.0,0.0,0.0,0.0,0.0,20.91,20.91,,826.0,21.346800472255016,637.0,7.631934755764076,3472.0,0.0,0.0,0.0,5.0,5.0,100.0,0.0,0.0,0.0,5.0,0.0,1.0,1.0,1.0,0.0,5.0,0.0,0.0,0.0,0.0,21.38,21.38,,813.0,22.071214285714287,633.0,7.4637972378133695,3473.0,1.0,5.0,1.0,5.0,5.0,100.0,0.0,0.0,0.0,5.0,0.0,1.0,1.0,1.0,0.0,0.0,0.0,0.0,0.0,0.0,0.46999999999999886,0.46999999999999886,,-13.0,0.7244138134592717,-4.0,-0.16813751795070697,1.0,1.0,5.0,1.0,0.0,0.0,0.0,0.0,0.0,0.0,0.0,0.0,0.0,0.0,0.0,0.0
NODE_10262,signal_fix_9,30.0,5.0,0.0,0.0,0.0,0.0,15.12,15.12,,879.0,15.443353783231084,601.0,8.821144235210765,3468.0,0.0,0.0,0.0,5.0,5.0,100.0,0.0,0.0,0.0,5.0,0.0,1.0,1.0,1.0,0.0,5.0,0.0,0.0,0.0,0.0,15.71,15.71,,880.0,16.167817059483728,606.0,8.306015468640274,3467.0,1.0,5.0,1.0,5.0,5.0,100.0,0.0,0.0,0.0,5.0,0.0,1.0,1.0,1.0,0.0,0.0,0.0,0.0,0.0,0.0,0.5900000000000016,0.5900000000000016,,1.0,0.724463276252644,5.0,-0.5151287665704913,-1.0,1.0,5.0,1.0,0.0,0.0,0.0,0.0,0.0,0.0,0.0,0.0,0.0,0.0,0.0,0.0
NODE_10378,signal_fix_9,1.0,15.0,0.0,0.0,,,45.21,45.21,,854.0,45.34586494688923,574.0,5.199446678594484,3466.0,0.0,0.0,0.0,15.0,15.0,100.0,0.0,0.0,0.0,15.0,0.0,1.0,1.0,1.0,0.0,15.0,0.0,0.0,,,44.67,44.67,,853.0,44.91645167320994,568.0,5.009509095518147,3466.0,1.0,5.0,1.0,15.0,15.0,100.0,0.0,0.0,0.0,15.0,0.0,1.0,1.0,1.0,0.0,0.0,0.0,0.0,,,-0.5399999999999991,-0.5399999999999991,,-1.0,-0.4294132736792875,-6.0,-0.189937583076337,0.0,1.0,5.0,1.0,0.0,0.0,0.0,0.0,0.0,0.0,0.0,0.0,0.0,0.0,0.0,0.0
NODE_10378,signal_fix_9,2.0,15.0,0.0,0.0,,,44.2,44.2,,825.0,44.53568232662193,539.0,4.563531178938077,3462.0,0.0,0.0,0.0,15.0,15.0,100.0,0.0,0.0,0.0,15.0,0.0,1.0,1.0,1.0,0.0,15.0,0.0,0.0,,,43.76,43.76,,831.0,44.18525992896351,542.0,4.711896727593209,3466.0,1.0,5.0,1.0,15.0,15.0,100.0,0.0,0.0,0.0,15.0,0.0,1.0,1.0,1.0,0.0,0.0,0.0,0.0,,,-0.44000000000000483,-0.44000000000000483,,6.0,-0.35042239765842,3.0,0.14836554865513207,4.0,1.0,5.0,1.0,0.0,0.0,0.0,0.0,0.0,0.0,0.0,0.0,0.0,0.0,0.0,0.0
NODE_10378,signal_fix_9,3.0,15.0,0.0,0.0,,,49.38,49.38,,952.0,49.90223400835743,604.0,4.63511822217539,3465.0,0.0,0.0,0.0,15.0,15.0,100.0,0.0,0.0,0.0,15.0,0.0,1.0,1.0,1.0,0.0,15.0,0.0,0.0,,,50.1,50.1,,929.0,50.58655423178091,610.0,4.507256515143775,3465.0,1.0,5.0,1.0,15.0,15.0,100.0,0.0,0.0,0.0,15.0,0.0,1.0,1.0,1.0,0.0,0.0,0.0,0.0,,,0.7199999999999989,0.7199999999999989,,-23.0,0.6843202234234766,6.0,-0.1278617070316157,0.0,1.0,5.0,1.0,0.0,0.0,0.0,0.0,0.0,0.0,0.0,0.0,0.0,0.0,0.0,0.0
NODE_10378,signal_fix_9,4.0,15.0,0.0,0.0,,,45.92,45.92,,830.0,46.20261547022816,562.0,3.8262591155760775,3468.0,0.0,0.0,0.0,15.0,15.0,100.0,0.0,0.0,0.0,15.0,0.0,1.0,1.0,1.0,0.0,15.0,0.0,0.0,,,43.66,43.66,,867.0,43.9292675679691,592.0,4.651896548008998,3470.0,1.0,5.0,1.0,15.0,15.0,100.0,0.0,0.0,0.0,15.0,0.0,1.0,1.0,1.0,0.0,0.0,0.0,0.0,,,-2.260000000000005,-2.260000000000005,,37.0,-2.2733479022590615,30.0,0.8256374324329205,2.0,1.0,5.0,1.0,0.0,0.0,0.0,0.0,0.0,0.0,0.0,0.0,0.0,0.0,0.0,0.0
NODE_10378,signal_fix_9,5.0,15.0,0.0,0.0,,,39.89,39.89,,893.0,40.30728178368121,510.0,6.336838441690155,3465.0,0.0,0.0,0.0,15.0,15.0,100.0,0.0,0.0,0.0,15.0,0.0,1.0,1.0,1.0,0.0,15.0,0.0,0.0,,,41.55,41.55,,864.0,41.96717237771384,467.0,6.531806055607651,3464.0,1.0,5.0,1.0,15.0,15.0,100.0,0.0,0.0,0.0,15.0,0.0,1.0,1.0,1.0,0.0,0.0,0.0,0.0,,,1.6599999999999966,1.6599999999999966,,-29.0,1.6598905940326247,-43.0,0.1949676139174965,-1.0,1.0,5.0,1.0,0.0,0.0,0.0,0.0,0.0,0.0,0.0,0.0,0.0,0.0,0.0,0.0
NODE_10378,signal_fix_9,6.0,15.0,0.0,0.0,,,30.16,30.16,,909.0,30.15814121037464,624.0,6.009783095944867,3470.0,0.0,0.0,0.0,15.0,15.0,100.0,0.0,0.0,0.0,15.0,0.0,1.0,1.0,1.0,0.0,15.0,0.0,0.0,,,33.81,33.81,,883.0,33.930217748562036,544.0,6.313243459125209,3471.0,1.0,5.0,1.0,15.0,15.0,100.0,0.0,0.0,0.0,15.0,0.0,1.0,1.0,1.0,0.0,0.0,0.0,0.0,,,3.650000000000002,3.650000000000002,,-26.0,3.7720765381873953,-80.0,0.3034603631803421,1.0,1.0,5.0,1.0,0.0,0.0,0.0,0.0,0.0,0.0,0.0,0.0,0.0,0.0,0.0,0.0
NODE_10378,signal_fix_9,7.0,15.0,0.0,0.0,,,36.63,36.63,,894.0,36.9431679389313,548.0,5.645391065509543,3465.0,0.0,0.0,0.0,15.0,15.0,100.0,0.0,0.0,0.0,15.0,0.0,1.0,1.0,1.0,0.0,15.0,0.0,0.0,,,33.55,33.55,,879.0,33.67455073516065,558.0,5.602839724150761,3464.0,1.0,5.0,1.0,15.0,15.0,100.0,0.0,0.0,0.0,15.0,0.0,1.0,1.0,1.0,0.0,0.0,0.0,0.0,,,-3.0800000000000054,-3.0800000000000054,,-15.0,-3.2686172037706527,10.0,-0.04255134135878169,-1.0,1.0,5.0,1.0,0.0,0.0,0.0,0.0,0.0,0.0,0.0,0.0,0.0,0.0,0.0,0.0
NODE_10378,signal_fix_9,8.0,15.0,0.0,0.0,,,27.4,27.4,,859.0,27.73804809052334,614.0,6.973537972347201,3467.0,0.0,0.0,0.0,15.0,15.0,100.0,0.0,0.0,0.0,15.0,0.0,1.0,1.0,1.0,0.0,15.0,0.0,0.0,,,33.15,33.15,,847.0,33.52947146687094,604.0,6.214513839860856,3463.0,1.0,5.0,1.0,15.0,15.0,100.0,0.0,0.0,0.0,15.0,0.0,1.0,1.0,1.0,0.0,0.0,0.0,0.0,,,5.75,5.75,,-12.0,5.791423376347598,-10.0,-0.7590241324863456,-4.0,1.0,5.0,1.0,0.0,0.0,0.0,0.0,0.0,0.0,0.0,0.0,0.0,0.0,0.0,0.0
NODE_10378,signal_fix_9,9.0,15.0,0.0,0.0,,,33.12,33.12,,916.0,33.17684478371501,534.0,6.173874858102464,3472.0,0.0,0.0,0.0,15.0,15.0,100.0,0.0,0.0,0.0,15.0,0.0,1.0,1.0,1.0,0.0,15.0,0.0,0.0,,,40.64,40.64,,920.0,41.00213629943504,542.0,5.212909786100061,3469.0,1.0,5.0,1.0,15.0,15.0,100.0,0.0,0.0,0.0,15.0,0.0,1.0,1.0,1.0,0.0,0.0,0.0,0.0,,,7.520000000000003,7.520000000000003,,4.0,7.825291515720025,8.0,-0.960965072002403,-3.0,1.0,5.0,1.0,0.0,0.0,0.0,0.0,0.0,0.0,0.0,0.0,0.0,0.0,0.0,0.0
NODE_10378,signal_fix_9,10.0,15.0,0.0,0.0,,,56.0,56.0,,827.0,56.35095791001451,590.0,3.711564357848613,3464.0,0.0,0.0,0.0,15.0,15.0,100.0,0.0,0.0,0.0,15.0,0.0,1.0,1.0,1.0,0.0,15.0,0.0,0.0,,,56.99,56.99,,805.0,57.306272348033374,582.0,3.6756793309668625,3462.0,1.0,5.0,1.0,15.0,15.0,100.0,0.0,0.0,0.0,15.0,0.0,1.0,1.0,1.0,0.0,0.0,0.0,0.0,,,0.990000000000002,0.990000000000002,,-22.0,0.955314438018867,-8.0,-0.03588502688175055,-2.0,1.0,5.0,1.0,0.0,0.0,0.0,0.0,0.0,0.0,0.0,0.0,0.0,0.0,0.0,0.0
NODE_10378,signal_fix_9,11.0,15.0,0.0,0.0,,,27.44,27.44,,866.0,27.922969596001668,597.0,6.933036027114156,3467.0,0.0,0.0,0.0,15.0,15.0,100.0,0.0,0.0,0.0,15.0,0.0,1.0,1.0,1.0,0.0,15.0,0.0,0.0,,,28.41,28.41,,870.0,28.631213307240703,604.0,6.593896818314284,3466.0,1.0,5.0,1.0,15.0,15.0,100.0,0.0,0.0,0.0,15.0,0.0,1.0,1.0,1.0,0.0,0.0,0.0,0.0,,,0.9699999999999989,0.9699999999999989,,4.0,0.7082437112390352,7.0,-0.3391392087998719,-1.0,1.0,5.0,1.0,0.0,0.0,0.0,0.0,0.0,0.0,0.0,0.0,0.0,0.0,0.0,0.0
NODE_10378,signal_fix_9,12.0,15.0,0.0,0.0,,,48.96,48.96,,815.0,49.499738179578,520.0,3.7191352591349305,3466.0,0.0,0.0,0.0,15.0,15.0,100.0,0.0,0.0,0.0,15.0,0.0,1.0,1.0,1.0,0.0,15.0,0.0,0.0,,,50.45,50.45,,827.0,50.811639531562406,533.0,3.5366538603883497,3467.0,1.0,5.0,1.0,15.0,15.0,100.0,0.0,0.0,0.0,15.0,0.0,1.0,1.0,1.0,0.0,0.0,0.0,0.0,,,1.490000000000002,1.490000000000002,,12.0,1.3119013519844032,13.0,-0.18248139874658076,1.0,1.0,5.0,1.0,0.0,0.0,0.0,0.0,0.0,0.0,0.0,0.0,0.0,0.0,0.0,0.0
NODE_10378,signal_fix_9,13.0,15.0,0.0,0.0,,,28.84,28.84,,866.0,29.15573214664124,554.0,6.672919401059394,3470.0,0.0,0.0,0.0,15.0,15.0,100.0,0.0,0.0,0.0,15.0,0.0,1.0,1.0,1.0,0.0,15.0,0.0,0.0,,,30.95,30.95,,850.0,31.391320834211083,549.0,6.50807966665713,3472.0,1.0,5.0,1.0,15.0,15.0,100.0,0.0,0.0,0.0,15.0,0.0,1.0,1.0,1.0,0.0,0.0,0.0,0.0,,,2.1099999999999994,2.1099999999999994,,-16.0,2.2355886875698445,-5.0,-0.16483973440226407,2.0,1.0,5.0,1.0,0.0,0.0,0.0,0.0,0.0,0.0,0.0,0.0,0.0,0.0,0.0,0.0
NODE_10378,signal_fix_9,14.0,15.0,0.0,0.0,,,44.93,44.93,,916.0,45.4347420417124,577.0,5.193024308917763,3470.0,0.0,0.0,0.0,15.0,15.0,100.0,0.0,0.0,0.0,15.0,0.0,1.0,1.0,1.0,0.0,15.0,0.0,0.0,,,48.32,48.32,,901.0,48.78312166390575,568.0,5.0315622080813025,3470.0,1.0,5.0,1.0,15.0,15.0,100.0,0.0,0.0,0.0,15.0,0.0,1.0,1.0,1.0,0.0,0.0,0.0,0.0,,,3.3900000000000006,3.3900000000000006,,-15.0,3.348379622193356,-9.0,-0.1614621008364603,0.0,1.0,5.0,1.0,0.0,0.0,0.0,0.0,0.0,0.0,0.0,0.0,0.0,0.0,0.0,0.0
NODE_10378,signal_fix_9,15.0,15.0,0.0,0.0,,,51.78,51.78,,885.0,51.97852170048882,603.0,3.97619392708027,3465.0,0.0,0.0,0.0,15.0,15.0,100.0,0.0,0.0,0.0,15.0,0.0,1.0,1.0,1.0,0.0,15.0,0.0,0.0,,,50.83,50.83,,888.0,51.181525398916705,608.0,3.887792641070835,3464.0,1.0,5.0,1.0,15.0,15.0,100.0,0.0,0.0,0.0,15.0,0.0,1.0,1.0,1.0,0.0,0.0,0.0,0.0,,,-0.9500000000000028,-0.9500000000000028,,3.0,-0.7969963015721149,5.0,-0.08840128600943498,-1.0,1.0,5.0,1.0,0.0,0.0,0.0,0.0,0.0,0.0,0.0,0.0,0.0,0.0,0.0,0.0
NODE_10378,signal_fix_9,16.0,15.0,0.0,0.0,,,33.03,33.03,,848.0,33.291648129423656,571.0,6.728877205237198,3465.0,0.0,0.0,0.0,15.0,15.0,100.0,0.0,0.0,0.0,15.0,0.0,1.0,1.0,1.0,0.0,15.0,0.0,0.0,,,33.89,33.89,,842.0,34.304843804843806,620.0,6.0089306461219,3467.0,1.0,5.0,1.0,15.0,15.0,100.0,0.0,0.0,0.0,15.0,0.0,1.0,1.0,1.0,0.0,0.0,0.0,0.0,,,0.8599999999999994,0.8599999999999994,,-6.0,1.0131956754201497,49.0,-0.7199465591152974,2.0,1.0,5.0,1.0,0.0,0.0,0.0,0.0,0.0,0.0,0.0,0.0,0.0,0.0,0.0,0.0
NODE_10378,signal_fix_9,17.0,15.0,0.0,0.0,,,42.61,42.61,,862.0,43.21703442188879,610.0,5.10193392538222,3465.0,0.0,0.0,0.0,15.0,15.0,100.0,0.0,0.0,0.0,15.0,0.0,1.0,1.0,1.0,0.0,15.0,0.0,0.0,,,48.85,48.85,,842.0,49.19836346633416,608.0,4.325650861016232,3467.0,1.0,5.0,1.0,15.0,15.0,100.0,0.0,0.0,0.0,15.0,0.0,1.0,1.0,1.0,0.0,0.0,0.0,0.0,,,6.240000000000002,6.240000000000002,,-20.0,5.981329044445367,-2.0,-0.7762830643659875,2.0,1.0,5.0,1.0,0.0,0.0,0.0,0.0,0.0,0.0,0.0,0.0,0.0,0.0,0.0,0.0
NODE_10378,signal_fix_9,18.0,15.0,0.0,0.0,,,36.12,36.12,,844.0,36.60985711701935,587.0,5.482127400629096,3470.0,0.0,0.0,0.0,15.0,15.0,100.0,0.0,0.0,0.0,15.0,0.0,1.0,1.0,1.0,0.0,15.0,0.0,0.0,,,37.14,37.14,,873.0,37.55404929577465,633.0,4.929884383253865,3467.0,1.0,5.0,1.0,15.0,15.0,100.0,0.0,0.0,0.0,15.0,0.0,1.0,1.0,1.0,0.0,0.0,0.0,0.0,,,1.0200000000000031,1.0200000000000031,,29.0,0.9441921787552943,46.0,-0.5522430173752317,-3.0,1.0,5.0,1.0,0.0,0.0,0.0,0.0,0.0,0.0,0.0,0.0,0.0,0.0,0.0,0.0
NODE_10378,signal_fix_9,19.0,15.0,0.0,0.0,,,42.32,42.32,,829.0,42.9869342442357,585.0,4.901761626225454,3462.0,0.0,0.0,0.0,15.0,15.0,100.0,0.0,0.0,0.0,15.0,0.0,1.0,1.0,1.0,0.0,15.0,0.0,0.0,,,34.3,34.3,,828.0,34.870138888888896,578.0,5.697018991573442,3462.0,1.0,5.0,1.0,15.0,15.0,100.0,0.0,0.0,0.0,15.0,0.0,1.0,1.0,1.0,0.0,0.0,0.0,0.0,,,-8.020000000000003,-8.020000000000003,,-1.0,-8.116795355346802,-7.0,0.7952573653479877,0.0,1.0,5.0,1.0,0.0,0.0,0.0,0.0,0.0,0.0,0.0,0.0,0.0,0.0,0.0,0.0
NODE_10378,signal_fix_9,20.0,15.0,0.0,0.0,,,37.23,37.23,,825.0,37.7547053649956,580.0,5.278750838477521,3465.0,0.0,0.0,0.0,15.0,15.0,100.0,0.0,0.0,0.0,15.0,0.0,1.0,1.0,1.0,0.0,15.0,0.0,0.0,,,37.22,37.22,,827.0,37.61495377922785,586.0,5.557919029906836,3466.0,1.0,5.0,1.0,15.0,15.0,100.0,0.0,0.0,0.0,15.0,0.0,1.0,1.0,1.0,0.0,0.0,0.0,0.0,,,-0.00999999999999801,-0.00999999999999801,,2.0,-0.1397515857677547,6.0,0.27916819142931537,1.0,1.0,5.0,1.0,0.0,0.0,0.0,0.0,0.0,0.0,0.0,0.0,0.0,0.0,0.0,0.0
NODE_10378,signal_fix_9,21.0,15.0,0.0,0.0,,,32.88,32.88,,843.0,33.15440920938315,527.0,6.477224397972178,3470.0,0.0,0.0,0.0,15.0,15.0,100.0,0.0,0.0,0.0,15.0,0.0,1.0,1.0,1.0,0.0,15.0,0.0,0.0,,,36.58,36.58,,843.0,36.89996051332675,529.0,5.858394971317029,3468.0,1.0,5.0,1.0,15.0,15.0,100.0,0.0,0.0,0.0,15.0,0.0,1.0,1.0,1.0,0.0,0.0,0.0,0.0,,,3.6999999999999957,3.6999999999999957,,0.0,3.7455513039436,2.0,-0.6188294266551493,-2.0,1.0,5.0,1.0,0.0,0.0,0.0,0.0,0.0,0.0,0.0,0.0,0.0,0.0,0.0,0.0
NODE_10378,signal_fix_9,22.0,15.0,0.0,0.0,,,30.01,30.01,,863.0,30.02119624536128,571.0,7.458930401014822,3465.0,0.0,0.0,0.0,15.0,15.0,100.0,0.0,0.0,0.0,15.0,0.0,1.0,1.0,1.0,0.0,15.0,0.0,0.0,,,27.04,27.04,,870.0,27.20488211975798,591.0,7.102124945813236,3467.0,1.0,5.0,1.0,15.0,15.0,100.0,0.0,0.0,0.0,15.0,0.0,1.0,1.0,1.0,0.0,0.0,0.0,0.0,,,-2.9700000000000024,-2.9700000000000024,,7.0,-2.816314125603302,20.0,-0.35680545520158624,2.0,1.0,5.0,1.0,0.0,0.0,0.0,0.0,0.0,0.0,0.0,0.0,0.0,0.0,0.0,0.0
NODE_10378,signal_fix_9,23.0,15.0,0.0,0.0,,,37.25,37.25,,899.0,37.64002637031456,522.0,5.422659741114932,3470.0,0.0,0.0,0.0,15.0,15.0,100.0,0.0,0.0,0.0,15.0,0.0,1.0,1.0,1.0,0.0,15.0,0.0,0.0,,,39.2,39.2,,850.0,39.701495952129534,545.0,5.040174922999903,3468.0,1.0,5.0,1.0,15.0,15.0,100.0,0.0,0.0,0.0,15.0,0.0,1.0,1.0,1.0,0.0,0.0,0.0,0.0,,,1.9500000000000028,1.9500000000000028,,-49.0,2.0614695818149755,23.0,-0.38248481811502977,-2.0,1.0,5.0,1.0,0.0,0.0,0.0,0.0,0.0,0.0,0.0,0.0,0.0,0.0,0.0,0.0
NODE_10378,signal_fix_9,24.0,15.0,0.0,0.0,,,34.42,34.42,,816.0,34.56550706304027,566.0,6.518134914791106,3464.0,0.0,0.0,0.0,15.0,15.0,100.0,0.0,0.0,0.0,15.0,0.0,1.0,1.0,1.0,0.0,15.0,0.0,0.0,,,34.52,34.52,,820.0,34.5613712374582,567.0,6.702280078376919,3464.0,1.0,5.0,1.0,15.0,15.0,100.0,0.0,0.0,0.0,15.0,0.0,1.0,1.0,1.0,0.0,0.0,0.0,0.0,,,0.10000000000000142,0.10000000000000142,,4.0,-0.00413582558207537,1.0,0.18414516358581334,0.0,1.0,5.0,1.0,0.0,0.0,0.0,0.0,0.0,0.0,0.0,0.0,0.0,0.0,0.0,0.0
NODE_10378,signal_fix_9,25.0,15.0,0.0,0.0,,,33.63,33.63,,862.0,34.160556088207095,589.0,5.794547247057954,3467.0,0.0,0.0,0.0,15.0,15.0,100.0,0.0,0.0,0.0,15.0,0.0,1.0,1.0,1.0,0.0,15.0,0.0,0.0,,,33.47,33.47,,860.0,34.2134400308523,603.0,5.7275282815436865,3465.0,1.0,5.0,1.0,15.0,15.0,100.0,0.0,0.0,0.0,15.0,0.0,1.0,1.0,1.0,0.0,0.0,0.0,0.0,,,-0.1600000000000037,-0.1600000000000037,,-2.0,0.05288394264520235,14.0,-0.06701896551426767,-2.0,1.0,5.0,1.0,0.0,0.0,0.0,0.0,0.0,0.0,0.0,0.0,0.0,0.0,0.0,0.0
NODE_10378,signal_fix_9,26.0,15.0,0.0,0.0,,,29.83,29.83,,848.0,30.320185411929337,593.0,5.8225394343513965,3468.0,0.0,0.0,0.0,15.0,15.0,100.0,0.0,0.0,0.0,15.0,0.0,1.0,1.0,1.0,0.0,15.0,0.0,0.0,,,27.95,27.95,,858.0,28.46191198786039,577.0,6.370807382229821,3471.0,1.0,5.0,1.0,15.0,15.0,100.0,0.0,0.0,0.0,15.0,0.0,1.0,1.0,1.0,0.0,0.0,0.0,0.0,,,-1.879999999999999,-1.879999999999999,,10.0,-1.8582734240689476,-16.0,0.5482679478784247,3.0,1.0,5.0,1.0,0.0,0.0,0.0,0.0,0.0,0.0,0.0,0.0,0.0,0.0,0.0,0.0
NODE_10378,signal_fix_9,27.0,15.0,0.0,0.0,,,49.2,49.2,,845.0,49.80772277227723,610.0,4.282279121602172,3464.0,0.0,0.0,0.0,15.0,15.0,100.0,0.0,0.0,0.0,15.0,0.0,1.0,1.0,1.0,0.0,15.0,0.0,0.0,,,53.48,53.48,,847.0,53.994893678576595,610.0,3.9911768909477847,3468.0,1.0,5.0,1.0,15.0,15.0,100.0,0.0,0.0,0.0,15.0,0.0,1.0,1.0,1.0,0.0,0.0,0.0,0.0,,,4.279999999999994,4.279999999999994,,2.0,4.1871709062993645,0.0,-0.2911022306543871,4.0,1.0,5.0,1.0,0.0,0.0,0.0,0.0,0.0,0.0,0.0,0.0,0.0,0.0,0.0,0.0
NODE_10378,signal_fix_9,28.0,15.0,0.0,0.0,,,45.03,45.03,,788.0,45.63279526929839,607.0,4.979042338781849,3468.0,0.0,0.0,0.0,15.0,15.0,100.0,0.0,0.0,0.0,15.0,0.0,1.0,1.0,1.0,0.0,15.0,0.0,0.0,,,44.74,44.74,,810.0,45.309792608763445,609.0,4.94931361757547,3468.0,1.0,5.0,1.0,15.0,15.0,100.0,0.0,0.0,0.0,15.0,0.0,1.0,1.0,1.0,0.0,0.0,0.0,0.0,,,-0.28999999999999915,-0.28999999999999915,,22.0,-0.32300266053494653,2.0,-0.029728721206379483,0.0,1.0,5.0,1.0,0.0,0.0,0.0,0.0,0.0,0.0,0.0,0.0,0.0,0.0,0.0,0.0
NODE_10378,signal_fix_9,29.0,15.0,0.0,0.0,,,29.18,29.18,,826.0,29.677304964539008,533.0,6.776911711707987,3472.0,0.0,0.0,0.0,15.0,15.0,100.0,0.0,0.0,0.0,15.0,0.0,1.0,1.0,1.0,0.0,15.0,0.0,0.0,,,31.31,31.31,,813.0,31.83904576436222,567.0,5.833188116528592,3473.0,1.0,5.0,1.0,15.0,15.0,100.0,0.0,0.0,0.0,15.0,0.0,1.0,1.0,1.0,0.0,0.0,0.0,0.0,,,2.129999999999999,2.129999999999999,,-13.0,2.1617407998232103,34.0,-0.943723595179395,1.0,1.0,5.0,1.0,0.0,0.0,0.0,0.0,0.0,0.0,0.0,0.0,0.0,0.0,0.0,0.0
NODE_10378,signal_fix_9,30.0,15.0,0.0,0.0,,,44.75,44.75,,879.0,45.41864498644986,642.0,3.938870438001071,3468.0,0.0,0.0,0.0,15.0,15.0,100.0,0.0,0.0,0.0,15.0,0.0,1.0,1.0,1.0,0.0,15.0,0.0,0.0,,,52.73,52.73,,880.0,53.39283505154639,623.0,3.4125455364411255,3467.0,1.0,5.0,1.0,15.0,15.0,100.0,0.0,0.0,0.0,15.0,0.0,1.0,1.0,1.0,0.0,0.0,0.0,0.0,,,7.979999999999997,7.979999999999997,,1.0,7.974190065096529,-19.0,-0.5263249015599456,-1.0,1.0,5.0,1.0,0.0,0.0,0.0,0.0,0.0,0.0,0.0,0.0,0.0,0.0,0.0,0.0
NODE_5681,signal_fix_9,1.0,5.0,0.0,0.0,0.0,0.0,44.93,44.93,,854.0,45.06688555347092,578.0,5.3023848371676525,3466.0,0.0,0.0,0.0,5.0,5.0,100.0,0.0,0.0,0.0,5.0,0.0,1.0,1.0,1.0,0.0,5.0,0.0,0.0,0.0,0.0,44.42,44.42,,853.0,44.64531855955679,574.0,5.099958457600343,3466.0,1.0,5.0,1.0,5.0,5.0,100.0,0.0,0.0,0.0,5.0,0.0,1.0,1.0,1.0,0.0,0.0,0.0,0.0,0.0,0.0,-0.509999999999998,-0.509999999999998,,-1.0,-0.42156699391412644,-4.0,-0.20242637956730913,0.0,1.0,5.0,1.0,0.0,0.0,0.0,0.0,0.0,0.0,0.0,0.0,0.0,0.0,0.0,0.0
NODE_5681,signal_fix_9,2.0,5.0,0.0,0.0,0.0,0.0,44.45,44.45,,825.0,44.81211797066015,560.0,4.442485228576962,3462.0,0.0,0.0,0.0,5.0,5.0,100.0,0.0,0.0,0.0,5.0,0.0,1.0,1.0,1.0,0.0,5.0,0.0,0.0,0.0,0.0,43.75,43.75,,831.0,44.19449099937928,562.0,4.602759796490557,3466.0,1.0,5.0,1.0,5.0,5.0,100.0,0.0,0.0,0.0,5.0,0.0,1.0,1.0,1.0,0.0,0.0,0.0,0.0,0.0,0.0,-0.7000000000000028,-0.7000000000000028,,6.0,-0.6176269712808633,2.0,0.16027456791359462,4.0,1.0,5.0,1.0,0.0,0.0,0.0,0.0,0.0,0.0,0.0,0.0,0.0,0.0,0.0,0.0
NODE_5681,signal_fix_9,3.0,5.0,0.0,0.0,0.0,0.0,49.19,49.19,,952.0,49.673210014351774,607.0,4.7357610092094715,3465.0,0.0,0.0,0.0,5.0,5.0,100.0,0.0,0.0,0.0,5.0,0.0,1.0,1.0,1.0,0.0,5.0,0.0,0.0,0.0,0.0,49.96,49.96,,929.0,50.41674347158218,612.0,4.575707059398039,3465.0,1.0,5.0,1.0,5.0,5.0,100.0,0.0,0.0,0.0,5.0,0.0,1.0,1.0,1.0,0.0,0.0,0.0,0.0,0.0,0.0,0.7700000000000031,0.7700000000000031,,-23.0,0.7435334572304058,5.0,-0.16005394981143262,0.0,1.0,5.0,1.0,0.0,0.0,0.0,0.0,0.0,0.0,0.0,0.0,0.0,0.0,0.0,0.0
NODE_5681,signal_fix_9,4.0,5.0,0.0,0.0,0.0,0.0,47.59,47.59,,830.0,47.87640025990903,583.0,3.645681441949176,3468.0,0.0,0.0,0.0,5.0,5.0,100.0,0.0,0.0,0.0,5.0,0.0,1.0,1.0,1.0,0.0,5.0,0.0,0.0,0.0,0.0,44.31,44.31,,867.0,44.5960503720664,604.0,4.577437439028419,3470.0,1.0,5.0,1.0,5.0,5.0,100.0,0.0,0.0,0.0,5.0,0.0,1.0,1.0,1.0,0.0,0.0,0.0,0.0,0.0,0.0,-3.280000000000001,-3.280000000000001,,37.0,-3.2803498878426325,21.0,0.9317559970792426,2.0,1.0,5.0,1.0,0.0,0.0,0.0,0.0,0.0,0.0,0.0,0.0,0.0,0.0,0.0,0.0
NODE_5681,signal_fix_9,5.0,5.0,0.0,0.0,0.0,0.0,39.64,39.64,,893.0,40.10970691676437,513.0,6.438318651720014,3465.0,0.0,0.0,0.0,5.0,5.0,100.0,0.0,0.0,0.0,5.0,0.0,1.0,1.0,1.0,0.0,5.0,0.0,0.0,0.0,0.0,41.22,41.22,,864.0,41.67339022498061,469.0,6.620347392078607,3464.0,1.0,5.0,1.0,5.0,5.0,100.0,0.0,0.0,0.0,5.0,0.0,1.0,1.0,1.0,0.0,0.0,0.0,0.0,0.0,0.0,1.5799999999999983,1.5799999999999983,,-29.0,1.5636833082162411,-44.0,0.18202874035859296,-1.0,1.0,5.0,1.0,0.0,0.0,0.0,0.0,0.0,0.0,0.0,0.0,0.0,0.0,0.0,0.0
NODE_5681,signal_fix_9,6.0,5.0,0.0,0.0,0.0,0.0,30.06,30.06,,909.0,30.049049226941527,629.0,6.094309205994655,3470.0,0.0,0.0,0.0,5.0,5.0,100.0,0.0,0.0,0.0,5.0,0.0,1.0,1.0,1.0,0.0,5.0,0.0,0.0,0.0,0.0,33.66,33.66,,883.0,33.756104417670684,557.0,6.376070328572741,3471.0,1.0,5.0,1.0,5.0,5.0,100.0,0.0,0.0,0.0,5.0,0.0,1.0,1.0,1.0,0.0,0.0,0.0,0.0,0.0,0.0,3.599999999999998,3.599999999999998,,-26.0,3.7070551907291573,-72.0,0.28176112257808583,1.0,1.0,5.0,1.0,0.0,0.0,0.0,0.0,0.0,0.0,0.0,0.0,0.0,0.0,0.0,0.0
NODE_5681,signal_fix_9,7.0,5.0,0.0,0.0,0.0,0.0,36.46,36.46,,894.0,36.722084039947234,558.0,5.7242414123358625,3465.0,0.0,0.0,0.0,5.0,5.0,100.0,0.0,0.0,0.0,5.0,0.0,1.0,1.0,1.0,0.0,5.0,0.0,0.0,0.0,0.0,33.3,33.3,,879.0,33.412178111587984,569.0,5.6665659216860975,3464.0,1.0,5.0,1.0,5.0,5.0,100.0,0.0,0.0,0.1399999999999977,5.0,0.0,1.0,1.0,1.0,0.0,0.0,0.0,0.0,0.0,0.0,-3.1600000000000037,-3.1600000000000037,,-15.0,-3.3099059283592496,11.0,-0.05767549064976496,-1.0,1.0,5.0,1.0,0.0,0.0,0.0,0.0,0.0,0.1399999999999977,0.0,0.0,0.0,0.0,0.0,0.0
NODE_5681,signal_fix_9,8.0,5.0,0.0,0.0,0.0,0.0,27.31,27.31,,859.0,27.64522623081523,614.0,7.04721486875266,3467.0,0.0,0.0,0.0,5.0,5.0,100.0,0.0,0.0,0.0,5.0,0.0,1.0,1.0,1.0,0.0,5.0,0.0,0.0,0.0,0.0,33.03,33.03,,847.0,33.39215165876777,608.0,6.287714714911144,3463.0,1.0,5.0,1.0,5.0,5.0,100.0,0.0,0.0,0.0,5.0,0.0,1.0,1.0,1.0,0.0,0.0,0.0,0.0,0.0,0.0,5.720000000000002,5.720000000000002,,-12.0,5.746925427952544,-6.0,-0.7595001538415165,-4.0,1.0,5.0,1.0,0.0,0.0,0.0,0.0,0.0,0.0,0.0,0.0,0.0,0.0,0.0,0.0
NODE_5681,signal_fix_9,9.0,5.0,0.0,0.0,0.0,0.0,33.08,33.08,,916.0,33.154748494853365,534.0,6.189622655667249,3472.0,0.0,0.0,0.0,5.0,5.0,100.0,0.0,0.0,0.0,5.0,0.0,1.0,1.0,1.0,0.0,5.0,0.0,0.0,0.0,0.0,40.5,40.5,,920.0,40.90414888168004,563.0,5.126585983788644,3469.0,1.0,5.0,1.0,5.0,5.0,100.0,0.0,0.0,0.0,5.0,0.0,1.0,1.0,1.0,0.0,0.0,0.0,0.0,0.0,0.0,7.420000000000002,7.420000000000002,,4.0,7.749400386826672,29.0,-1.0630366718786055,-3.0,1.0,5.0,1.0,0.0,0.0,0.0,0.0,0.0,0.0,0.0,0.0,0.0,0.0,0.0,0.0
NODE_5681,signal_fix_9,10.0,5.0,0.0,0.0,0.0,0.0,55.76,55.76,,827.0,56.0849317038102,591.0,3.7894648906993433,3464.0,0.0,0.0,0.0,5.0,5.0,100.0,0.0,0.0,0.0,5.0,0.0,1.0,1.0,1.0,0.0,5.0,0.0,0.0,0.0,0.0,56.75,56.75,,805.0,57.00928276269186,584.0,3.764897220914304,3462.0,1.0,5.0,1.0,5.0,5.0,100.0,0.0,0.0,0.0,5.0,0.0,1.0,1.0,1.0,0.0,0.0,0.0,0.0,0.0,0.0,0.990000000000002,0.990000000000002,,-22.0,0.9243510588816619,-7.0,-0.024567669785039215,-2.0,1.0,5.0,1.0,0.0,0.0,0.0,0.0,0.0,0.0,0.0,0.0,0.0,0.0,0.0,0.0
NODE_5681,signal_fix_9,11.0,5.0,0.0,0.0,0.0,0.0,27.39,27.39,,866.0,27.89005968306236,598.0,6.998757547466102,3467.0,0.0,0.0,0.0,5.0,5.0,100.0,0.0,0.0,0.0,5.0,0.0,1.0,1.0,1.0,0.0,5.0,0.0,0.0,0.0,0.0,28.36,28.36,,870.0,28.55906895885648,608.0,6.682581551683144,3466.0,1.0,5.0,1.0,5.0,5.0,100.0,0.0,0.0,0.0,5.0,0.0,1.0,1.0,1.0,0.0,0.0,0.0,0.0,0.0,0.0,0.9699999999999989,0.9699999999999989,,4.0,0.6690092757941173,10.0,-0.31617599578295774,-1.0,1.0,5.0,1.0,0.0,0.0,0.0,0.0,0.0,0.0,0.0,0.0,0.0,0.0,0.0,0.0
NODE_5681,signal_fix_9,12.0,5.0,0.0,0.0,0.0,0.0,50.35,50.35,,815.0,50.947470259423824,541.0,3.502751969161503,3466.0,0.0,0.0,0.0,5.0,5.0,100.0,0.0,0.0,0.0,5.0,0.0,1.0,1.0,1.0,0.0,5.0,0.0,0.0,0.0,0.0,51.57,51.57,,827.0,51.9877294038848,553.0,3.3601952068452854,3467.0,1.0,5.0,1.0,5.0,5.0,100.0,0.0,0.0,0.0,5.0,0.0,1.0,1.0,1.0,0.0,0.0,0.0,0.0,0.0,0.0,1.2199999999999989,1.2199999999999989,,12.0,1.0402591444609754,12.0,-0.1425567623162176,1.0,1.0,5.0,1.0,0.0,0.0,0.0,0.0,0.0,0.0,0.0,0.0,0.0,0.0,0.0,0.0
NODE_5681,signal_fix_9,13.0,5.0,0.0,0.0,0.0,0.0,28.77,28.77,,866.0,29.057840670859544,554.0,6.71292864562936,3470.0,0.0,0.0,0.0,5.0,5.0,100.0,0.0,0.0,0.0,5.0,0.0,1.0,1.0,1.0,0.0,5.0,0.0,0.0,0.0,0.0,30.92,30.92,,850.0,31.34146392181327,549.0,6.509619962744679,3472.0,1.0,5.0,1.0,5.0,5.0,100.0,0.0,0.0,0.0,5.0,0.0,1.0,1.0,1.0,0.0,0.0,0.0,0.0,0.0,0.0,2.150000000000002,2.150000000000002,,-16.0,2.283623250953724,-5.0,-0.20330868288468107,2.0,1.0,5.0,1.0,0.0,0.0,0.0,0.0,0.0,0.0,0.0,0.0,0.0,0.0,0.0,0.0
NODE_5681,signal_fix_9,14.0,5.0,0.0,0.0,0.0,0.0,44.65,44.65,,916.0,45.16984241985147,582.0,5.2896915177225114,3470.0,0.0,0.0,0.0,5.0,5.0,100.0,0.0,0.0,0.0,5.0,0.0,1.0,1.0,1.0,0.0,5.0,0.0,0.0,0.0,0.0,48.08,48.08,,901.0,48.5726907630522,570.0,5.12006320545118,3470.0,1.0,5.0,1.0,5.0,5.0,100.0,0.0,0.0,0.0,5.0,0.0,1.0,1.0,1.0,0.0,0.0,0.0,0.0,0.0,0.0,3.4299999999999997,3.4299999999999997,,-15.0,3.4028483432007306,-12.0,-0.1696283122713318,0.0,1.0,5.0,1.0,0.0,0.0,0.0,0.0,0.0,0.0,0.0,0.0,0.0,0.0,0.0,0.0
NODE_5681,signal_fix_9,15.0,5.0,0.0,0.0,0.0,0.0,51.05,51.05,,885.0,51.21278598320301,619.0,4.019023094465955,3465.0,0.0,0.0,0.0,5.0,5.0,100.0,0.0,0.0,0.0,5.0,0.0,1.0,1.0,1.0,0.0,5.0,0.0,0.0,0.0,0.0,50.39,50.39,,888.0,50.70287198729976,619.0,3.983320168785698,3464.0,1.0,5.0,1.0,5.0,5.0,100.0,0.0,0.0,0.7,4.0,1.0,0.9,0.9,0.9,0.0,0.0,0.0,0.0,0.0,0.0,-0.6599999999999966,-0.6599999999999966,,3.0,-0.5099139959032541,0.0,-0.035702925680257014,-1.0,1.0,5.0,1.0,0.0,0.0,0.0,0.0,0.0,0.7,-1.0,1.0,-0.09999999999999998,-0.09999999999999998,-0.09999999999999998,0.0
NODE_5681,signal_fix_9,16.0,5.0,0.0,0.0,0.0,0.0,33.35,33.35,,848.0,33.62837100545596,585.0,6.6832664640085895,3465.0,0.0,0.0,0.0,5.0,5.0,100.0,0.0,0.0,0.0,5.0,0.0,1.0,1.0,1.0,0.0,5.0,0.0,0.0,0.0,0.0,34.0,34.0,,842.0,34.41800478305432,635.0,6.022498820341798,3467.0,1.0,5.0,1.0,5.0,5.0,100.0,0.0,0.0,0.0,5.0,0.0,1.0,1.0,1.0,0.0,0.0,0.0,0.0,0.0,0.0,0.6499999999999986,0.6499999999999986,,-6.0,0.7896337775983611,50.0,-0.6607676436667917,2.0,1.0,5.0,1.0,0.0,0.0,0.0,0.0,0.0,0.0,0.0,0.0,0.0,0.0,0.0,0.0
NODE_5681,signal_fix_9,17.0,5.0,0.0,0.0,0.0,0.0,42.31,42.31,,862.0,42.9216347826087,620.0,5.169013004197612,3465.0,0.0,0.0,0.0,5.0,5.0,100.0,0.0,0.0,0.0,5.0,0.0,1.0,1.0,1.0,0.0,5.0,0.0,0.0,0.0,0.0,48.64,48.64,,842.0,49.0348816029144,620.0,4.345258924808518,3467.0,1.0,5.0,1.0,5.0,5.0,100.0,0.0,0.0,0.0,5.0,0.0,1.0,1.0,1.0,0.0,0.0,0.0,0.0,0.0,0.0,6.329999999999998,6.329999999999998,,-20.0,6.113246820305704,0.0,-0.8237540793890936,2.0,1.0,5.0,1.0,0.0,0.0,0.0,0.0,0.0,0.0,0.0,0.0,0.0,0.0,0.0,0.0
NODE_5681,signal_fix_9,18.0,5.0,0.0,0.0,0.0,0.0,35.98,35.98,,844.0,36.47391460351633,590.0,5.554958936386017,3470.0,0.0,0.0,0.0,5.0,5.0,100.0,0.0,0.0,0.0,5.0,0.0,1.0,1.0,1.0,0.0,5.0,0.0,0.0,0.0,0.0,36.68,36.68,,873.0,37.07695780787794,648.0,4.960013344169294,3467.0,1.0,5.0,1.0,5.0,5.0,100.0,0.0,0.0,0.0,5.0,0.0,1.0,1.0,1.0,0.0,0.0,0.0,0.0,0.0,0.0,0.7000000000000028,0.7000000000000028,,29.0,0.6030432043616116,58.0,-0.5949455922167228,-3.0,1.0,5.0,1.0,0.0,0.0,0.0,0.0,0.0,0.0,0.0,0.0,0.0,0.0,0.0,0.0
NODE_5681,signal_fix_9,19.0,5.0,0.0,0.0,0.0,0.0,42.08,42.08,,829.0,42.73037398921833,597.0,4.9791524618777645,3462.0,0.0,0.0,0.0,5.0,5.0,100.0,0.0,0.0,0.0,5.0,0.0,1.0,1.0,1.0,0.0,5.0,0.0,0.0,0.0,0.0,34.12,34.12,,828.0,34.734404607096415,581.0,5.7439338946086425,3462.0,1.0,5.0,1.0,5.0,5.0,100.0,0.0,0.0,0.0,5.0,0.0,1.0,1.0,1.0,0.0,0.0,0.0,0.0,0.0,0.0,-7.960000000000001,-7.960000000000001,,-1.0,-7.995969382121913,-16.0,0.764781432730878,0.0,1.0,5.0,1.0,0.0,0.0,0.0,0.0,0.0,0.0,0.0,0.0,0.0,0.0,0.0,0.0
NODE_5681,signal_fix_9,20.0,5.0,0.0,0.0,0.0,0.0,37.0,37.0,,825.0,37.49847777201176,586.0,5.330928639305549,3465.0,0.0,0.0,0.0,5.0,5.0,100.0,0.0,0.0,0.0,5.0,0.0,1.0,1.0,1.0,0.0,5.0,0.0,0.0,0.0,0.0,37.02,37.02,,827.0,37.43331542181623,591.0,5.63437279303892,3466.0,1.0,5.0,1.0,5.0,5.0,100.0,0.0,0.0,0.0,5.0,0.0,1.0,1.0,1.0,0.0,0.0,0.0,0.0,0.0,0.0,0.020000000000003126,0.020000000000003126,,2.0,-0.06516235019552852,5.0,0.30344415373337075,1.0,1.0,5.0,1.0,0.0,0.0,0.0,0.0,0.0,0.0,0.0,0.0,0.0,0.0,0.0,0.0
NODE_5681,signal_fix_9,21.0,5.0,0.0,0.0,0.0,0.0,32.76,32.76,,843.0,33.007758251178736,529.0,6.5636548702535835,3470.0,0.0,0.0,0.0,5.0,5.0,100.0,0.0,0.0,0.0,5.0,0.0,1.0,1.0,1.0,0.0,5.0,0.0,0.0,0.0,0.0,36.43,36.43,,843.0,36.7272762797968,531.0,5.919969843029137,3468.0,1.0,5.0,1.0,5.0,5.0,100.0,0.0,0.0,0.0,5.0,0.0,1.0,1.0,1.0,0.0,0.0,0.0,0.0,0.0,0.0,3.6700000000000017,3.6700000000000017,,0.0,3.7195180286180616,2.0,-0.6436850272244463,-2.0,1.0,5.0,1.0,0.0,0.0,0.0,0.0,0.0,0.0,0.0,0.0,0.0,0.0,0.0,0.0
NODE_5681,signal_fix_9,22.0,5.0,0.0,0.0,0.0,0.0,29.96,29.96,,863.0,29.974061286145876,573.0,7.5212548671087,3465.0,0.0,0.0,0.0,5.0,5.0,100.0,0.0,0.0,0.0,5.0,0.0,1.0,1.0,1.0,0.0,5.0,0.0,0.0,0.0,0.0,27.0,27.0,,870.0,27.1481351741191,595.0,7.166383418890089,3467.0,1.0,5.0,1.0,5.0,5.0,100.0,0.0,0.0,0.0,5.0,0.0,1.0,1.0,1.0,0.0,0.0,0.0,0.0,0.0,0.0,-2.960000000000001,-2.960000000000001,,7.0,-2.8259261120267745,22.0,-0.3548714482186117,2.0,1.0,5.0,1.0,0.0,0.0,0.0,0.0,0.0,0.0,0.0,0.0,0.0,0.0,0.0,0.0
NODE_5681,signal_fix_9,23.0,5.0,0.0,0.0,0.0,0.0,37.12,37.12,,899.0,37.48887021475256,525.0,5.46261278780645,3470.0,0.0,0.0,0.0,5.0,5.0,100.0,0.0,0.0,0.0,5.0,0.0,1.0,1.0,1.0,0.0,5.0,0.0,0.0,0.0,0.0,40.33,40.33,,850.0,40.90178778347955,569.0,4.84368532870545,3468.0,1.0,5.0,1.0,5.0,5.0,100.0,0.0,0.0,0.0,5.0,0.0,1.0,1.0,1.0,0.0,0.0,0.0,0.0,0.0,0.0,3.210000000000001,3.210000000000001,,-49.0,3.4129175687269893,44.0,-0.6189274591010001,-2.0,1.0,5.0,1.0,0.0,0.0,0.0,0.0,0.0,0.0,0.0,0.0,0.0,0.0,0.0,0.0
NODE_5681,signal_fix_9,24.0,5.0,0.0,0.0,0.0,0.0,34.24,34.24,,816.0,34.37078815679733,568.0,6.61119594224684,3464.0,0.0,0.0,0.0,5.0,5.0,100.0,0.0,0.0,0.0,5.0,0.0,1.0,1.0,1.0,0.0,5.0,0.0,0.0,0.0,0.0,34.33,34.33,,820.0,34.39323401613905,569.0,6.7679841813497355,3464.0,1.0,5.0,1.0,5.0,5.0,100.0,0.0,0.0,0.0,5.0,0.0,1.0,1.0,1.0,0.0,0.0,0.0,0.0,0.0,0.0,0.0899999999999963,0.0899999999999963,,4.0,0.02244585934171539,1.0,0.1567882391028954,0.0,1.0,5.0,1.0,0.0,0.0,0.0,0.0,0.0,0.0,0.0,0.0,0.0,0.0,0.0,0.0
NODE_5681,signal_fix_9,25.0,5.0,0.0,0.0,0.0,0.0,33.51,33.51,,862.0,33.98861619784784,594.0,5.926034026488683,3467.0,0.0,0.0,0.0,5.0,5.0,100.0,0.0,0.0,0.0,5.0,0.0,1.0,1.0,1.0,0.0,5.0,0.0,0.0,0.0,0.0,33.28,33.28,,860.0,33.9863981762918,608.0,5.869643903260203,3465.0,1.0,5.0,1.0,5.0,5.0,100.0,0.0,0.0,0.0,5.0,0.0,1.0,1.0,1.0,0.0,0.0,0.0,0.0,0.0,0.0,-0.22999999999999687,-0.22999999999999687,,-2.0,-0.002218021556039673,14.0,-0.05639012322848025,-2.0,1.0,5.0,1.0,0.0,0.0,0.0,0.0,0.0,0.0,0.0,0.0,0.0,0.0,0.0,0.0
NODE_5681,signal_fix_9,26.0,5.0,0.0,0.0,0.0,0.0,29.72,29.72,,848.0,30.236420395421437,593.0,5.869045192493367,3468.0,0.0,0.0,0.0,5.0,5.0,100.0,0.0,0.0,0.0,5.0,0.0,1.0,1.0,1.0,0.0,5.0,0.0,0.0,0.0,0.0,27.85,27.85,,858.0,28.371289355322336,577.0,6.441608300306956,3471.0,1.0,5.0,1.0,5.0,5.0,100.0,0.0,0.0,0.0,5.0,0.0,1.0,1.0,1.0,0.0,0.0,0.0,0.0,0.0,0.0,-1.8699999999999974,-1.8699999999999974,,10.0,-1.8651310400991008,-16.0,0.5725631078135889,3.0,1.0,5.0,1.0,0.0,0.0,0.0,0.0,0.0,0.0,0.0,0.0,0.0,0.0,0.0,0.0
NODE_5681,signal_fix_9,27.0,5.0,0.0,0.0,0.0,0.0,48.96,48.96,,845.0,49.542169583584794,615.0,4.386163231156336,3464.0,0.0,0.0,0.0,5.0,5.0,100.0,0.0,0.0,0.0,5.0,0.0,1.0,1.0,1.0,0.0,5.0,0.0,0.0,0.0,0.0,53.15,53.15,,847.0,53.59898513436249,622.0,4.0935423627488765,3468.0,1.0,5.0,1.0,5.0,5.0,100.0,0.0,0.0,0.0,5.0,0.0,1.0,1.0,1.0,0.0,0.0,0.0,0.0,0.0,0.0,4.189999999999998,4.189999999999998,,2.0,4.056815550777699,7.0,-0.29262086840745916,4.0,1.0,5.0,1.0,0.0,0.0,0.0,0.0,0.0,0.0,0.0,0.0,0.0,0.0,0.0,0.0
NODE_5681,signal_fix_9,28.0,5.0,0.0,0.0,0.0,0.0,44.85,44.85,,788.0,45.43537339464088,609.0,5.0571754965205695,3468.0,0.0,0.0,0.0,5.0,5.0,100.0,0.0,0.0,0.0,5.0,0.0,1.0,1.0,1.0,0.0,5.0,0.0,0.0,0.0,0.0,44.6,44.6,,810.0,45.1776523352923,611.0,5.010944906887463,3468.0,1.0,5.0,1.0,5.0,5.0,100.0,0.0,0.0,0.0,5.0,0.0,1.0,1.0,1.0,0.0,0.0,0.0,0.0,0.0,0.0,-0.25,-0.25,,22.0,-0.2577210593485759,2.0,-0.046230589633106334,0.0,1.0,5.0,1.0,0.0,0.0,0.0,0.0,0.0,0.0,0.0,0.0,0.0,0.0,0.0,0.0
NODE_5681,signal_fix_9,29.0,5.0,0.0,0.0,0.0,0.0,28.92,28.92,,826.0,29.46844056706652,533.0,6.898475239047657,3472.0,0.0,0.0,0.0,5.0,5.0,100.0,0.0,0.0,0.0,5.0,0.0,1.0,1.0,1.0,0.0,5.0,0.0,0.0,0.0,0.0,31.05,31.05,,813.0,31.535833333333333,587.0,5.733828719114747,3473.0,1.0,5.0,1.0,5.0,5.0,100.0,0.0,0.0,0.0,5.0,0.0,1.0,1.0,1.0,0.0,0.0,0.0,0.0,0.0,0.0,2.129999999999999,2.129999999999999,,-13.0,2.0673927662668135,54.0,-1.1646465199329095,1.0,1.0,5.0,1.0,0.0,0.0,0.0,0.0,0.0,0.0,0.0,0.0,0.0,0.0,0.0,0.0
NODE_5681,signal_fix_9,30.0,5.0,0.0,0.0,0.0,0.0,45.75,45.75,,879.0,46.44160593274517,666.0,3.807495222558676,3468.0,0.0,0.0,0.0,5.0,5.0,100.0,0.0,0.0,0.0,5.0,0.0,1.0,1.0,1.0,0.0,5.0,0.0,0.0,0.0,0.0,53.4,53.4,,880.0,54.07267965895249,647.0,3.3044993753533625,3467.0,1.0,5.0,1.0,5.0,5.0,100.0,0.0,0.0,0.0,5.0,0.0,1.0,1.0,1.0,0.0,0.0,0.0,0.0,0.0,0.0,7.649999999999999,7.649999999999999,,1.0,7.631073726207319,-19.0,-0.5029958472053133,-1.0,1.0,5.0,1.0,0.0,0.0,0.0,0.0,0.0,0.0,0.0,0.0,0.0,0.0,0.0,0.0
NODE_5837,signal_fix_9,1.0,10.0,0.0,0.0,,,18.38,18.38,,854.0,18.551387808041504,636.0,10.242761765218702,3466.0,0.0,0.0,0.0,10.0,10.0,100.0,0.0,0.0,0.0,10.0,0.0,1.0,1.0,1.0,0.0,10.0,0.0,0.0,,,19.47,19.47,,853.0,19.63230961298377,637.0,9.891173577314971,3466.0,1.0,5.0,1.0,10.0,10.0,100.0,0.0,0.0,0.0,10.0,0.0,1.0,1.0,1.0,0.0,0.0,0.0,0.0,,,1.0899999999999999,1.0899999999999999,,-1.0,1.0809218049422675,1.0,-0.35158818790373125,0.0,1.0,5.0,1.0,0.0,0.0,0.0,0.0,0.0,0.0,0.0,0.0,0.0,0.0,0.0,0.0
NODE_5837,signal_fix_9,2.0,10.0,0.0,0.0,,,39.09,39.09,,825.0,39.58919218000738,586.0,6.450404674607202,3462.0,0.0,0.0,0.0,10.0,10.0,100.0,0.0,0.0,0.0,10.0,0.0,1.0,1.0,1.0,0.0,10.0,0.0,0.0,,,39.58,39.58,,831.0,40.107163742690055,588.0,6.464038970770181,3466.0,1.0,5.0,1.0,10.0,10.0,100.0,0.0,0.0,0.0,10.0,0.0,1.0,1.0,1.0,0.0,0.0,0.0,0.0,,,0.4899999999999949,0.4899999999999949,,6.0,0.5179715626826749,2.0,0.013634296162979176,4.0,1.0,5.0,1.0,0.0,0.0,0.0,0.0,0.0,0.0,0.0,0.0,0.0,0.0,0.0,0.0
NODE_5837,signal_fix_9,3.0,10.0,0.0,0.0,,,41.02,41.02,,952.0,41.424165410295075,631.0,7.837663986805065,3465.0,0.0,0.0,0.0,10.0,10.0,100.0,0.0,0.0,0.0,10.0,0.0,1.0,1.0,1.0,0.0,10.0,0.0,0.0,,,39.19,39.19,,929.0,39.68632034632034,606.0,7.79357422347515,3465.0,1.0,5.0,1.0,10.0,10.0,100.0,0.0,0.0,0.0,10.0,0.0,1.0,1.0,1.0,0.0,0.0,0.0,0.0,,,-1.8300000000000054,-1.8300000000000054,,-23.0,-1.7378450639747314,-25.0,-0.04408976332991532,0.0,1.0,5.0,1.0,0.0,0.0,0.0,0.0,0.0,0.0,0.0,0.0,0.0,0.0,0.0,0.0
NODE_5837,signal_fix_9,4.0,10.0,0.0,0.0,,,44.76,44.76,,830.0,45.38146687697161,638.0,5.284119907962775,3468.0,0.0,0.0,0.0,10.0,10.0,100.0,0.0,0.0,0.0,10.0,0.0,1.0,1.0,1.0,0.0,10.0,0.0,0.0,,,36.31,36.31,,867.0,36.895188805827104,627.0,7.307081922348582,3470.0,1.0,5.0,1.0,10.0,10.0,100.0,0.0,0.0,0.0,10.0,0.0,1.0,1.0,1.0,0.0,0.0,0.0,0.0,,,-8.449999999999996,-8.449999999999996,,37.0,-8.486278071144504,-11.0,2.022962014385807,2.0,1.0,5.0,1.0,0.0,0.0,0.0,0.0,0.0,0.0,0.0,0.0,0.0,0.0,0.0,0.0
NODE_5837,signal_fix_9,5.0,10.0,0.0,0.0,,,35.44,35.44,,893.0,35.9610046728972,595.0,8.705864054034283,3465.0,0.0,0.0,0.0,10.0,2.0,20.0,1.0999999999999943,1.0999999999999943,5.099999999999994,2.0,0.0,0.2,0.2,0.2,0.0,10.0,0.0,0.0,,,36.15,36.15,,864.0,36.54112174375332,564.0,9.339106037897723,3464.0,1.0,5.0,1.0,10.0,2.0,20.0,1.0999999999999943,1.0999999999999943,5.099999999999994,2.0,0.0,0.2,0.2,0.2,0.0,0.0,0.0,0.0,,,0.7100000000000009,0.7100000000000009,,-29.0,0.5801170708561258,-31.0,0.6332419838634404,-1.0,1.0,5.0,1.0,0.0,0.0,0.0,0.0,0.0,0.0,0.0,0.0,0.0,0.0,0.0,0.0
NODE_5837,signal_fix_9,6.0,10.0,0.0,0.0,,,24.84,24.84,,909.0,24.93792270531401,680.0,8.358884999038196,3470.0,0.0,0.0,0.0,10.0,10.0,100.0,0.0,0.0,0.0,10.0,0.0,1.0,1.0,1.0,0.0,10.0,0.0,0.0,,,27.18,27.18,,883.0,27.345279866332497,654.0,8.602983159547767,3471.0,1.0,5.0,1.0,10.0,10.0,100.0,0.0,0.0,0.0,10.0,0.0,1.0,1.0,1.0,0.0,0.0,0.0,0.0,,,2.34,2.34,,-26.0,2.4073571610184885,-26.0,0.24409816050957112,1.0,1.0,5.0,1.0,0.0,0.0,0.0,0.0,0.0,0.0,0.0,0.0,0.0,0.0,0.0,0.0
NODE_5837,signal_fix_9,7.0,10.0,0.0,0.0,,,24.57,24.57,,894.0,24.751581291759468,650.0,8.59789018149878,3465.0,0.0,0.0,0.0,10.0,10.0,100.0,0.0,0.0,0.0,10.0,0.0,1.0,1.0,1.0,0.0,10.0,0.0,0.0,,,23.9,23.9,,879.0,23.96038054968287,649.0,8.55259350811168,3464.0,1.0,5.0,1.0,10.0,10.0,100.0,0.0,0.0,0.0,10.0,0.0,1.0,1.0,1.0,0.0,0.0,0.0,0.0,,,-0.6700000000000017,-0.6700000000000017,,-15.0,-0.7912007420765974,-1.0,-0.04529667338709942,-1.0,1.0,5.0,1.0,0.0,0.0,0.0,0.0,0.0,0.0,0.0,0.0,0.0,0.0,0.0,0.0
NODE_5837,signal_fix_9,8.0,10.0,0.0,0.0,,,23.56,23.56,,859.0,23.836149437486732,669.0,8.950602995285392,3467.0,0.0,0.0,0.0,10.0,2.0,20.0,0.0999999999999943,1.7199999999999918,5.889999999999998,1.0,1.0,0.15,0.15,0.15,0.0,10.0,0.0,0.0,,,23.64,23.64,,847.0,23.74308265731199,644.0,9.15455136797686,3463.0,1.0,5.0,1.0,10.0,2.0,20.0,0.0,1.7099999999999924,5.899999999999997,1.0,1.0,0.15,0.15,0.15,0.0,0.0,0.0,0.0,,,0.08000000000000185,0.08000000000000185,,-12.0,-0.09306678017474113,-25.0,0.20394837269146748,-4.0,1.0,5.0,1.0,0.0,0.0,0.0,-0.0999999999999943,-0.009999999999999343,0.009999999999998899,0.0,0.0,0.0,0.0,0.0,0.0
NODE_5837,signal_fix_9,9.0,10.0,0.0,0.0,,,31.08,31.08,,916.0,31.43918090232151,577.0,7.868125612306186,3472.0,0.0,0.0,0.0,10.0,10.0,100.0,0.0,0.0,0.0,10.0,0.0,1.0,1.0,1.0,0.0,10.0,0.0,0.0,,,36.4,36.4,,920.0,36.713391642371235,629.0,7.147698581240657,3469.0,1.0,5.0,1.0,10.0,10.0,100.0,0.0,0.0,0.0,10.0,0.0,1.0,1.0,1.0,0.0,0.0,0.0,0.0,,,5.32,5.32,,4.0,5.274210740049725,52.0,-0.7204270310655296,-3.0,1.0,5.0,1.0,0.0,0.0,0.0,0.0,0.0,0.0,0.0,0.0,0.0,0.0,0.0,0.0
NODE_5837,signal_fix_9,10.0,10.0,0.0,0.0,,,40.47,40.47,,827.0,40.9158124890677,665.0,6.69350284196409,3464.0,0.0,0.0,0.0,10.0,10.0,100.0,0.0,0.0,0.0,10.0,0.0,1.0,1.0,1.0,0.0,10.0,0.0,0.0,,,39.84,39.84,,805.0,40.180355436652015,657.0,7.385355082844964,3462.0,1.0,5.0,1.0,10.0,10.0,100.0,0.0,0.0,0.0,10.0,0.0,1.0,1.0,1.0,0.0,0.0,0.0,0.0,,,-0.6299999999999955,-0.6299999999999955,,-22.0,-0.7354570524156827,-8.0,0.6918522408808743,-2.0,1.0,5.0,1.0,0.0,0.0,0.0,0.0,0.0,0.0,0.0,0.0,0.0,0.0,0.0,0.0
NODE_5837,signal_fix_9,11.0,10.0,0.0,0.0,,,36.31,36.31,,866.0,36.84203282159873,656.0,6.782449325926966,3467.0,0.0,0.0,0.0,10.0,10.0,100.0,0.0,0.0,0.0,10.0,0.0,1.0,1.0,1.0,0.0,10.0,0.0,0.0,,,21.96,21.96,,870.0,22.037172202797205,676.0,9.126012795674953,3466.0,1.0,5.0,1.0,10.0,10.0,100.0,0.0,0.0,0.0,10.0,0.0,1.0,1.0,1.0,0.0,0.0,0.0,0.0,,,-14.350000000000001,-14.350000000000001,,4.0,-14.804860618801523,20.0,2.343563469747987,-1.0,1.0,5.0,1.0,0.0,0.0,0.0,0.0,0.0,0.0,0.0,0.0,0.0,0.0,0.0,0.0
NODE_5837,signal_fix_9,12.0,10.0,0.0,0.0,,,47.96,47.96,,815.0,48.59846007086399,699.0,4.37499509405826,3466.0,0.0,0.0,0.0,10.0,10.0,100.0,0.0,0.0,0.0,10.0,0.0,1.0,1.0,1.0,0.0,10.0,0.0,0.0,,,48.8,48.8,,827.0,49.36933701657458,690.0,4.440506162963152,3467.0,1.0,5.0,1.0,10.0,10.0,100.0,0.0,0.0,0.0,10.0,0.0,1.0,1.0,1.0,0.0,0.0,0.0,0.0,,,0.8399999999999963,0.8399999999999963,,12.0,0.7708769457105902,-9.0,0.06551106890489233,1.0,1.0,5.0,1.0,0.0,0.0,0.0,0.0,0.0,0.0,0.0,0.0,0.0,0.0,0.0,0.0
NODE_5837,signal_fix_9,13.0,10.0,0.0,0.0,,,26.31,26.31,,866.0,26.640748484214928,619.0,7.832518617084994,3470.0,0.0,0.0,0.0,10.0,10.0,100.0,0.0,0.0,0.0,10.0,0.0,1.0,1.0,1.0,0.0,10.0,0.0,0.0,,,27.83,27.83,,850.0,28.10651534258092,614.0,7.773801195269576,3472.0,1.0,5.0,1.0,10.0,10.0,100.0,0.0,0.0,0.0,10.0,0.0,1.0,1.0,1.0,0.0,0.0,0.0,0.0,,,1.5199999999999996,1.5199999999999996,,-16.0,1.465766858365992,-5.0,-0.058717421815417836,2.0,1.0,5.0,1.0,0.0,0.0,0.0,0.0,0.0,0.0,0.0,0.0,0.0,0.0,0.0,0.0
NODE_5837,signal_fix_9,14.0,10.0,0.0,0.0,,,42.08,42.08,,916.0,42.682833133253304,653.0,6.521786656632358,3470.0,0.0,0.0,0.0,10.0,0.0,0.0,9.899999999999991,11.519999999999987,15.689999999999992,0.0,0.0,0.0,0.0,0.0,0.0,10.0,0.0,0.0,,,44.07,44.07,,901.0,44.649732718894015,630.0,6.714524036299876,3470.0,1.0,5.0,1.0,10.0,0.0,0.0,10.000000000000014,11.710000000000006,15.900000000000013,0.0,0.0,0.0,0.0,0.0,0.0,0.0,0.0,0.0,,,1.990000000000002,1.990000000000002,,-15.0,1.9668995856407108,-23.0,0.19273737966751803,0.0,1.0,5.0,1.0,0.0,0.0,0.0,0.10000000000002274,0.19000000000001904,0.2100000000000204,0.0,0.0,0.0,0.0,0.0,0.0
NODE_5837,signal_fix_9,15.0,10.0,0.0,0.0,,,41.72,41.72,,885.0,41.90073179033356,640.0,6.400583814744525,3465.0,0.0,0.0,0.0,10.0,10.0,100.0,0.0,0.0,0.0599999999999994,10.0,0.0,1.0,1.0,1.0,0.0,10.0,0.0,0.0,,,40.45,40.45,,888.0,40.9372570390554,627.0,6.70794511502524,3464.0,1.0,5.0,1.0,10.0,10.0,100.0,0.0,0.0,0.0599999999999994,10.0,0.0,1.0,1.0,1.0,0.0,0.0,0.0,0.0,,,-1.269999999999996,-1.269999999999996,,3.0,-0.9634747512781558,-13.0,0.3073613002807143,-1.0,1.0,5.0,1.0,0.0,0.0,0.0,0.0,0.0,0.0,0.0,0.0,0.0,0.0,0.0,0.0
NODE_5837,signal_fix_9,16.0,10.0,0.0,0.0,,,29.79,29.79,,848.0,30.0164584572675,691.0,8.8978383489645,3465.0,0.0,0.0,0.0,10.0,10.0,100.0,0.0,0.0,0.0,10.0,0.0,1.0,1.0,1.0,0.0,10.0,0.0,0.0,,,28.74,28.74,,842.0,29.155561674008812,713.0,8.176491712167863,3467.0,1.0,5.0,1.0,10.0,10.0,100.0,0.0,0.0,0.0,10.0,0.0,1.0,1.0,1.0,0.0,0.0,0.0,0.0,,,-1.0500000000000007,-1.0500000000000007,,-6.0,-0.8608967832586885,22.0,-0.7213466367966372,2.0,1.0,5.0,1.0,0.0,0.0,0.0,0.0,0.0,0.0,0.0,0.0,0.0,0.0,0.0,0.0
NODE_5837,signal_fix_9,17.0,10.0,0.0,0.0,,,36.93,36.93,,862.0,37.51115537848605,684.0,7.223258528773916,3465.0,0.0,0.0,0.0,10.0,10.0,100.0,0.0,0.0,0.0,10.0,0.0,1.0,1.0,1.0,0.0,10.0,0.0,0.0,,,42.91,42.91,,842.0,43.42378186511779,688.0,6.384702470295253,3467.0,1.0,5.0,1.0,10.0,10.0,100.0,0.0,0.0,0.0,10.0,0.0,1.0,1.0,1.0,0.0,0.0,0.0,0.0,,,5.979999999999997,5.979999999999997,,-20.0,5.912626486631737,4.0,-0.8385560584786624,2.0,1.0,5.0,1.0,0.0,0.0,0.0,0.0,0.0,0.0,0.0,0.0,0.0,0.0,0.0,0.0
NODE_5837,signal_fix_9,18.0,10.0,0.0,0.0,,,27.84,27.84,,844.0,28.371323990796903,655.0,7.814404463340443,3470.0,0.0,0.0,0.0,10.0,10.0,100.0,0.0,0.0,0.0,10.0,0.0,1.0,1.0,1.0,0.0,10.0,0.0,0.0,,,27.74,27.74,,873.0,28.3523516237402,731.0,7.908499709395013,3467.0,1.0,5.0,1.0,10.0,10.0,100.0,0.0,0.0,0.0,10.0,0.0,1.0,1.0,1.0,0.0,0.0,0.0,0.0,,,-0.10000000000000142,-0.10000000000000142,,29.0,-0.018972367056701245,76.0,0.09409524605456987,-3.0,1.0,5.0,1.0,0.0,0.0,0.0,0.0,0.0,0.0,0.0,0.0,0.0,0.0,0.0,0.0
NODE_5837,signal_fix_9,19.0,10.0,0.0,0.0,,,35.02,35.02,,829.0,35.45965743440233,661.0,7.127105348456276,3462.0,0.0,0.0,0.0,10.0,10.0,100.0,0.0,0.0,0.0,10.0,0.0,1.0,1.0,1.0,0.0,10.0,0.0,0.0,,,27.92,27.92,,828.0,28.536810431293883,648.0,7.746144795284841,3462.0,1.0,5.0,1.0,10.0,10.0,100.0,0.0,0.0,0.0,10.0,0.0,1.0,1.0,1.0,0.0,0.0,0.0,0.0,,,-7.100000000000001,-7.100000000000001,,-1.0,-6.922847003108448,-13.0,0.6190394468285652,0.0,1.0,5.0,1.0,0.0,0.0,0.0,0.0,0.0,0.0,0.0,0.0,0.0,0.0,0.0,0.0
NODE_5837,signal_fix_9,20.0,10.0,0.0,0.0,,,25.96,25.96,,825.0,26.445550889822037,663.0,7.90750840525836,3465.0,0.0,0.0,0.0,10.0,10.0,100.0,0.0,0.0,0.0,10.0,0.0,1.0,1.0,1.0,0.0,10.0,0.0,0.0,,,25.32,25.32,,827.0,25.7157331655129,660.0,8.56680851039571,3466.0,1.0,5.0,1.0,10.0,10.0,100.0,0.0,0.0,0.0,10.0,0.0,1.0,1.0,1.0,0.0,0.0,0.0,0.0,,,-0.6400000000000006,-0.6400000000000006,,2.0,-0.7298177243091359,-3.0,0.6593001051373495,1.0,1.0,5.0,1.0,0.0,0.0,0.0,0.0,0.0,0.0,0.0,0.0,0.0,0.0,0.0,0.0
NODE_5837,signal_fix_9,21.0,10.0,0.0,0.0,,,21.79,21.79,,843.0,21.752557219553545,593.0,10.777443461158468,3470.0,0.0,0.0,0.0,10.0,4.0,40.0,0.0,0.0899999999999948,4.260000000000001,2.0,2.0,0.3,0.3,0.3,0.0,10.0,0.0,0.0,,,22.78,22.78,,843.0,22.941424041510523,599.0,10.987295477499584,3468.0,1.0,5.0,1.0,10.0,4.0,40.0,0.0,0.0,4.190000000000005,2.0,2.0,0.3,0.3,0.3,0.0,0.0,0.0,0.0,,,0.990000000000002,0.990000000000002,,0.0,1.188866821956978,6.0,0.2098520163411166,-2.0,1.0,5.0,1.0,0.0,0.0,0.0,0.0,-0.0899999999999948,-0.06999999999999584,0.0,0.0,0.0,0.0,0.0,0.0
NODE_5837,signal_fix_9,22.0,10.0,0.0,0.0,,,25.22,25.22,,863.0,25.472387894853103,615.0,8.984144479713116,3465.0,0.0,0.0,0.0,10.0,10.0,100.0,0.0,0.0,0.0,10.0,0.0,1.0,1.0,1.0,0.0,10.0,0.0,0.0,,,23.07,23.07,,870.0,23.512926776894997,634.0,8.905806699764069,3467.0,1.0,5.0,1.0,10.0,10.0,100.0,0.0,0.0,0.0,10.0,0.0,1.0,1.0,1.0,0.0,0.0,0.0,0.0,,,-2.1499999999999986,-2.1499999999999986,,7.0,-1.9594611179581065,19.0,-0.078337779949047,2.0,1.0,5.0,1.0,0.0,0.0,0.0,0.0,0.0,0.0,0.0,0.0,0.0,0.0,0.0,0.0
NODE_5837,signal_fix_9,23.0,10.0,0.0,0.0,,,33.5,33.5,,899.0,33.854388108328244,577.0,7.191656235765117,3470.0,0.0,0.0,0.0,10.0,2.0,20.0,1.2000000000000028,2.8200000000000003,6.990000000000006,1.0,1.0,0.15,0.15,0.15,0.0,10.0,0.0,0.0,,,34.98,34.98,,850.0,35.37839627707177,658.0,6.949319895150019,3468.0,1.0,5.0,1.0,10.0,2.0,20.0,1.1000000000000083,2.810000000000001,7.000000000000005,1.0,1.0,0.15,0.15,0.15,0.0,0.0,0.0,0.0,,,1.4799999999999969,1.4799999999999969,,-49.0,1.5240081687435278,81.0,-0.2423363406150978,-2.0,1.0,5.0,1.0,0.0,0.0,0.0,-0.09999999999999454,-0.009999999999999343,0.009999999999998899,0.0,0.0,0.0,0.0,0.0,0.0
NODE_5837,signal_fix_9,24.0,10.0,0.0,0.0,,,27.0,27.0,,816.0,27.383762095822515,636.0,9.200716344092982,3464.0,0.0,0.0,0.0,10.0,0.0,0.0,3.299999999999997,4.919999999999995,9.09,0.0,0.0,0.0,0.0,0.0,0.0,10.0,0.0,0.0,,,19.51,19.51,,820.0,19.655825607617135,641.0,9.98782383270571,3464.0,1.0,5.0,1.0,10.0,0.0,0.0,3.299999999999997,5.009999999999989,9.199999999999994,0.0,0.0,0.0,0.0,0.0,0.0,0.0,0.0,0.0,,,-7.489999999999998,-7.489999999999998,,4.0,-7.72793648820538,5.0,0.7871074886127278,0.0,1.0,5.0,1.0,0.0,0.0,0.0,0.0,0.08999999999999453,0.1099999999999941,0.0,0.0,0.0,0.0,0.0,0.0
NODE_5837,signal_fix_9,25.0,10.0,0.0,0.0,,,27.49,27.49,,862.0,27.78125482625483,688.0,7.851571294744273,3467.0,0.0,0.0,0.0,10.0,10.0,100.0,0.0,0.0,0.0,10.0,0.0,1.0,1.0,1.0,0.0,10.0,0.0,0.0,,,27.92,27.92,,860.0,28.285446944057338,683.0,8.045168665647132,3465.0,1.0,5.0,1.0,10.0,10.0,100.0,0.0,0.0,0.0,10.0,0.0,1.0,1.0,1.0,0.0,0.0,0.0,0.0,,,0.43000000000000327,0.43000000000000327,,-2.0,0.5041921178025071,-5.0,0.1935973709028591,-2.0,1.0,5.0,1.0,0.0,0.0,0.0,0.0,0.0,0.0,0.0,0.0,0.0,0.0,0.0,0.0
NODE_5837,signal_fix_9,26.0,10.0,0.0,0.0,,,20.8,20.8,,848.0,21.227805264199485,643.0,8.155806323415167,3468.0,0.0,0.0,0.0,10.0,0.0,0.0,8.099999999999994,9.719999999999992,13.559999999999995,0.0,0.0,0.0,0.0,0.0,0.0,10.0,0.0,0.0,,,25.03,25.03,,858.0,25.579169187336156,622.0,8.222324728799384,3471.0,1.0,5.0,1.0,10.0,0.0,0.0,8.299999999999997,10.00999999999999,13.809999999999995,0.0,0.0,0.0,0.0,0.0,0.0,0.0,0.0,0.0,,,4.23,4.23,,10.0,4.35136392313667,-21.0,0.06651840538421716,3.0,1.0,5.0,1.0,0.0,0.0,0.0,0.20000000000000284,0.28999999999999737,0.25,0.0,0.0,0.0,0.0,0.0,0.0
NODE_5837,signal_fix_9,27.0,10.0,0.0,0.0,,,38.05,38.05,,845.0,38.53086303939963,635.0,7.026515569302894,3464.0,0.0,0.0,0.0,10.0,10.0,100.0,0.0,0.0,0.0,10.0,0.0,1.0,1.0,1.0,0.0,10.0,0.0,0.0,,,39.6,39.6,,847.0,39.954963099631,644.0,7.108896089550914,3468.0,1.0,5.0,1.0,10.0,10.0,100.0,0.0,0.0,0.0,10.0,0.0,1.0,1.0,1.0,0.0,0.0,0.0,0.0,,,1.5500000000000043,1.5500000000000043,,2.0,1.4241000602313747,9.0,0.08238052024802034,4.0,1.0,5.0,1.0,0.0,0.0,0.0,0.0,0.0,0.0,0.0,0.0,0.0,0.0,0.0,0.0
NODE_5837,signal_fix_9,28.0,10.0,0.0,0.0,,,39.31,39.31,,788.0,39.94024518388792,625.0,6.473780315968529,3468.0,0.0,0.0,0.0,10.0,1.0,10.0,1.3999999999999917,3.019999999999989,7.189999999999995,1.0,0.0,0.1,0.1,0.1,0.0,10.0,0.0,0.0,,,39.06,39.06,,810.0,39.68697835497836,635.0,6.56508725685129,3468.0,1.0,5.0,1.0,10.0,1.0,10.0,1.2000000000000028,2.9099999999999953,7.1,1.0,0.0,0.1,0.1,0.1,0.0,0.0,0.0,0.0,,,-0.25,-0.25,,22.0,-0.25326682890955965,10.0,0.09130694088276048,0.0,1.0,5.0,1.0,0.0,0.0,0.0,-0.19999999999998885,-0.10999999999999366,-0.08999999999999542,0.0,0.0,0.0,0.0,0.0,0.0
NODE_5837,signal_fix_9,29.0,10.0,0.0,0.0,,,22.19,22.19,,826.0,22.457564655172416,640.0,9.006836296408045,3472.0,0.0,0.0,0.0,10.0,4.0,40.0,0.0,0.0,4.010000000000003,2.0,2.0,0.3,0.3,0.3,0.0,10.0,0.0,0.0,,,27.53,27.53,,813.0,28.172529644268774,646.0,7.942716120000009,3473.0,1.0,5.0,1.0,10.0,4.0,40.0,0.0,0.0,3.87,2.0,2.0,0.3,0.3,0.3,0.0,0.0,0.0,0.0,,,5.34,5.34,,-13.0,5.714964989096359,6.0,-1.0641201764080357,1.0,1.0,5.0,1.0,0.0,0.0,0.0,0.0,0.0,-0.14000000000000323,0.0,0.0,0.0,0.0,0.0,0.0
NODE_5837,signal_fix_9,30.0,10.0,0.0,0.0,,,42.05,42.05,,879.0,42.708102578093026,762.0,5.2868465935369695,3468.0,0.0,0.0,0.0,10.0,4.0,40.0,0.0,0.1799999999999897,4.349999999999996,2.0,2.0,0.3,0.3,0.3,0.0,10.0,0.0,0.0,,,40.52,40.52,,880.0,41.0970778267254,725.0,5.5221504953662714,3467.0,1.0,5.0,1.0,10.0,4.0,40.0,0.0,0.1799999999999897,4.369999999999995,2.0,2.0,0.3,0.3,0.3,0.0,0.0,0.0,0.0,,,-1.529999999999994,-1.529999999999994,,1.0,-1.6110247513676228,-37.0,0.23530390182930194,-1.0,1.0,5.0,1.0,0.0,0.0,0.0,0.0,0.0,0.019999999999998685,0.0,0.0,0.0,0.0,0.0,0.0
NODE_9634,signal_fix_9,1.0,5.0,0.0,0.0,0.0,0.0,30.15,30.15,,854.0,30.59547265483521,381.0,7.579843203422459,3466.0,0.0,0.0,0.0,5.0,5.0,100.0,0.0,0.0,0.0,5.0,0.0,1.0,1.0,1.0,0.0,5.0,0.0,0.0,0.0,0.0,29.5,29.5,,853.0,29.669644818747702,382.0,7.917160738205936,3466.0,1.0,5.0,1.0,5.0,5.0,100.0,0.0,0.0,0.0,5.0,0.0,1.0,1.0,1.0,0.0,0.0,0.0,0.0,0.0,0.0,-0.6499999999999986,-0.6499999999999986,,-1.0,-0.9258278360875067,1.0,0.3373175347834776,0.0,1.0,5.0,1.0,0.0,0.0,0.0,0.0,0.0,0.0,0.0,0.0,0.0,0.0,0.0,0.0
NODE_9634,signal_fix_9,2.0,5.0,0.0,0.0,0.0,0.0,46.74,46.74,,825.0,47.27433808553972,322.0,5.218664821852798,3462.0,0.0,0.0,0.0,5.0,5.0,100.0,0.0,0.0,0.0,5.0,0.0,1.0,1.0,1.0,0.0,5.0,0.0,0.0,0.0,0.0,46.79,46.79,,831.0,47.514160189253126,320.0,5.186260521398378,3466.0,1.0,5.0,1.0,5.0,5.0,100.0,0.0,0.0,0.0,5.0,0.0,1.0,1.0,1.0,0.0,0.0,0.0,0.0,0.0,0.0,0.04999999999999716,0.04999999999999716,,6.0,0.23982210371340784,-2.0,-0.03240430045442011,4.0,1.0,5.0,1.0,0.0,0.0,0.0,0.0,0.0,0.0,0.0,0.0,0.0,0.0,0.0,0.0
NODE_9634,signal_fix_9,3.0,5.0,0.0,0.0,0.0,0.0,32.81,32.81,,952.0,33.19627216793341,368.0,7.37407323452249,3465.0,0.0,0.0,0.0,5.0,5.0,100.0,0.0,0.0,0.0,5.0,0.0,1.0,1.0,1.0,0.0,5.0,0.0,0.0,0.0,0.0,33.77,33.77,,929.0,33.8642094017094,369.0,7.223030681860731,3465.0,1.0,5.0,1.0,5.0,5.0,100.0,0.0,0.0,0.0,5.0,0.0,1.0,1.0,1.0,0.0,0.0,0.0,0.0,0.0,0.0,0.9600000000000009,0.9600000000000009,,-23.0,0.6679372337759943,1.0,-0.15104255266175937,0.0,1.0,5.0,1.0,0.0,0.0,0.0,0.0,0.0,0.0,0.0,0.0,0.0,0.0,0.0,0.0
NODE_9634,signal_fix_9,4.0,5.0,0.0,0.0,0.0,0.0,39.23,39.23,,830.0,39.91997867045858,343.0,6.317118169651446,3468.0,0.0,0.0,0.0,5.0,5.0,100.0,0.0,0.0,0.0,5.0,0.0,1.0,1.0,1.0,0.0,5.0,0.0,0.0,0.0,0.0,38.83,38.83,,867.0,39.37399073461284,361.0,6.127737549233026,3470.0,1.0,5.0,1.0,5.0,5.0,100.0,0.0,0.0,0.0,5.0,0.0,1.0,1.0,1.0,0.0,0.0,0.0,0.0,0.0,0.0,-0.3999999999999986,-0.3999999999999986,,37.0,-0.5459879358457442,18.0,-0.18938062041841963,2.0,1.0,5.0,1.0,0.0,0.0,0.0,0.0,0.0,0.0,0.0,0.0,0.0,0.0,0.0,0.0
NODE_9634,signal_fix_9,5.0,5.0,0.0,0.0,0.0,0.0,37.72,37.72,,893.0,38.385420743639926,357.0,6.148767226443422,3465.0,0.0,0.0,0.0,5.0,5.0,100.0,0.0,0.0,0.0,5.0,0.0,1.0,1.0,1.0,0.0,5.0,0.0,0.0,0.0,0.0,51.74,51.74,,864.0,52.428977569118416,384.0,4.182243211777981,3464.0,1.0,5.0,1.0,5.0,5.0,100.0,0.0,0.0,0.0,5.0,0.0,1.0,1.0,1.0,0.0,0.0,0.0,0.0,0.0,0.0,14.020000000000003,14.020000000000003,,-29.0,14.04355682547849,27.0,-1.966524014665441,-1.0,1.0,5.0,1.0,0.0,0.0,0.0,0.0,0.0,0.0,0.0,0.0,0.0,0.0,0.0,0.0
NODE_9634,signal_fix_9,6.0,5.0,0.0,0.0,0.0,0.0,28.94,28.94,,909.0,29.05750811688311,361.0,8.166621369150148,3470.0,0.0,0.0,0.0,5.0,5.0,100.0,0.0,0.0,0.0,5.0,0.0,1.0,1.0,1.0,0.0,5.0,0.0,0.0,0.0,0.0,31.35,31.35,,883.0,31.829711838006236,364.0,7.797212012184912,3471.0,1.0,5.0,1.0,5.0,5.0,100.0,0.0,0.0,0.0,5.0,0.0,1.0,1.0,1.0,0.0,0.0,0.0,0.0,0.0,0.0,2.41,2.41,,-26.0,2.7722037211231267,3.0,-0.36940935696523614,1.0,1.0,5.0,1.0,0.0,0.0,0.0,0.0,0.0,0.0,0.0,0.0,0.0,0.0,0.0,0.0
NODE_9634,signal_fix_9,7.0,5.0,0.0,0.0,0.0,0.0,31.17,31.17,,894.0,31.768375361719716,349.0,7.275001548946499,3465.0,0.0,0.0,0.0,5.0,5.0,100.0,0.0,0.0,0.0,5.0,0.0,1.0,1.0,1.0,0.0,5.0,0.0,0.0,0.0,0.0,30.99,30.99,,879.0,31.40509473684211,347.0,7.348482418594821,3464.0,1.0,5.0,1.0,5.0,5.0,100.0,0.0,0.0,0.0,5.0,0.0,1.0,1.0,1.0,0.0,0.0,0.0,0.0,0.0,0.0,-0.18000000000000327,-0.18000000000000327,,-15.0,-0.36328062487760704,-2.0,0.07348086964832135,-1.0,1.0,5.0,1.0,0.0,0.0,0.0,0.0,0.0,0.0,0.0,0.0,0.0,0.0,0.0,0.0
NODE_9634,signal_fix_9,8.0,5.0,0.0,0.0,0.0,0.0,35.93,35.93,,859.0,36.361497504159736,394.0,6.70425648136078,3467.0,0.0,0.0,0.0,5.0,5.0,100.0,0.0,0.0,0.0,5.0,0.0,1.0,1.0,1.0,0.0,5.0,0.0,0.0,0.0,0.0,36.67,36.67,,847.0,37.24889967637541,397.0,6.262581757353024,3463.0,1.0,5.0,1.0,5.0,5.0,100.0,0.0,0.0,0.0,5.0,0.0,1.0,1.0,1.0,0.0,0.0,0.0,0.0,0.0,0.0,0.740000000000002,0.740000000000002,,-12.0,0.8874021722156726,3.0,-0.44167472400775587,-4.0,1.0,5.0,1.0,0.0,0.0,0.0,0.0,0.0,0.0,0.0,0.0,0.0,0.0,0.0,0.0
NODE_9634,signal_fix_9,9.0,5.0,0.0,0.0,0.0,0.0,33.91,33.91,,916.0,34.49036357218496,369.0,6.570389503007237,3472.0,0.0,0.0,0.0,5.0,5.0,100.0,0.0,0.0,0.0,5.0,0.0,1.0,1.0,1.0,0.0,5.0,0.0,0.0,0.0,0.0,32.43,32.43,,920.0,32.848069738480696,327.0,7.590988356300162,3469.0,1.0,5.0,1.0,5.0,5.0,100.0,0.0,0.0,0.0,5.0,0.0,1.0,1.0,1.0,0.0,0.0,0.0,0.0,0.0,0.0,-1.4799999999999969,-1.4799999999999969,,4.0,-1.6422938337042652,-42.0,1.0205988532929249,-3.0,1.0,5.0,1.0,0.0,0.0,0.0,0.0,0.0,0.0,0.0,0.0,0.0,0.0,0.0,0.0
NODE_9634,signal_fix_9,10.0,5.0,0.0,0.0,0.0,0.0,27.42,27.42,,827.0,27.35232185748599,356.0,8.67765362446785,3464.0,0.0,0.0,0.0,5.0,5.0,100.0,0.0,0.0,0.0,5.0,0.0,1.0,1.0,1.0,0.0,5.0,0.0,0.0,0.0,0.0,27.59,27.59,,805.0,27.920833333333334,353.0,8.561425688836511,3462.0,1.0,5.0,1.0,5.0,5.0,100.0,0.0,0.0,0.0,5.0,0.0,1.0,1.0,1.0,0.0,0.0,0.0,0.0,0.0,0.0,0.16999999999999815,0.16999999999999815,,-22.0,0.5685114758473446,-3.0,-0.11622793563133804,-2.0,1.0,5.0,1.0,0.0,0.0,0.0,0.0,0.0,0.0,0.0,0.0,0.0,0.0,0.0,0.0
NODE_9634,signal_fix_9,11.0,5.0,0.0,0.0,0.0,0.0,33.04,33.04,,866.0,33.25244474212994,374.0,7.123502109314389,3467.0,0.0,0.0,0.0,5.0,5.0,100.0,0.0,0.0,0.0,5.0,0.0,1.0,1.0,1.0,0.0,5.0,0.0,0.0,0.0,0.0,34.0,34.0,,870.0,33.900674308833445,378.0,6.864881784396436,3466.0,1.0,5.0,1.0,5.0,5.0,100.0,0.0,0.0,0.0,5.0,0.0,1.0,1.0,1.0,0.0,0.0,0.0,0.0,0.0,0.0,0.9600000000000009,0.9600000000000009,,4.0,0.6482295667035061,4.0,-0.2586203249179526,-1.0,1.0,5.0,1.0,0.0,0.0,0.0,0.0,0.0,0.0,0.0,0.0,0.0,0.0,0.0,0.0
NODE_9634,signal_fix_9,12.0,5.0,0.0,0.0,0.0,0.0,33.32,33.32,,815.0,33.90858384643246,342.0,6.866941299605926,3466.0,0.0,0.0,0.0,5.0,5.0,100.0,0.0,0.0,0.0,5.0,0.0,1.0,1.0,1.0,0.0,5.0,0.0,0.0,0.0,0.0,32.15,32.15,,827.0,32.569736842105264,347.0,7.362513630849876,3467.0,1.0,5.0,1.0,5.0,5.0,100.0,0.0,0.0,0.0,5.0,0.0,1.0,1.0,1.0,0.0,0.0,0.0,0.0,0.0,0.0,-1.1700000000000017,-1.1700000000000017,,12.0,-1.3388470043271923,5.0,0.4955723312439506,1.0,1.0,5.0,1.0,0.0,0.0,0.0,0.0,0.0,0.0,0.0,0.0,0.0,0.0,0.0,0.0
NODE_9634,signal_fix_9,13.0,5.0,0.0,0.0,0.0,0.0,33.09,33.09,,866.0,33.41784203102962,375.0,7.147087190020137,3470.0,0.0,0.0,0.0,5.0,5.0,100.0,0.0,0.0,0.0,5.0,0.0,1.0,1.0,1.0,0.0,5.0,0.0,0.0,0.0,0.0,33.54,33.54,,850.0,33.7881051175657,373.0,7.019190496081086,3472.0,1.0,5.0,1.0,5.0,5.0,100.0,0.0,0.0,0.0,5.0,0.0,1.0,1.0,1.0,0.0,0.0,0.0,0.0,0.0,0.0,0.44999999999999574,0.44999999999999574,,-16.0,0.3702630865360774,-2.0,-0.1278966939390518,2.0,1.0,5.0,1.0,0.0,0.0,0.0,0.0,0.0,0.0,0.0,0.0,0.0,0.0,0.0,0.0
NODE_9634,signal_fix_9,14.0,5.0,0.0,0.0,0.0,0.0,38.05,38.05,,916.0,38.27308299147996,388.0,6.051134064210667,3470.0,0.0,0.0,0.0,5.0,5.0,100.0,0.0,0.0,0.0,5.0,0.0,1.0,1.0,1.0,0.0,5.0,0.0,0.0,0.0,0.0,37.42,37.42,,901.0,37.73208168642952,381.0,6.207585848759094,3470.0,1.0,5.0,1.0,5.0,5.0,100.0,0.0,0.0,0.0,5.0,0.0,1.0,1.0,1.0,0.0,0.0,0.0,0.0,0.0,0.0,-0.6299999999999955,-0.6299999999999955,,-15.0,-0.5410013050504432,-7.0,0.1564517845484268,0.0,1.0,5.0,1.0,0.0,0.0,0.0,0.0,0.0,0.0,0.0,0.0,0.0,0.0,0.0,0.0
NODE_9634,signal_fix_9,15.0,5.0,0.0,0.0,0.0,0.0,29.0,29.0,,885.0,29.323852848101264,374.0,7.8344493842874465,3465.0,0.0,0.0,0.0,5.0,5.0,100.0,0.0,0.0,0.0,5.0,0.0,1.0,1.0,1.0,0.0,5.0,0.0,0.0,0.0,0.0,29.8,29.8,,888.0,30.32530214424951,374.0,7.709875903032832,3464.0,1.0,5.0,1.0,5.0,5.0,100.0,0.0,0.0,0.0,5.0,0.0,1.0,1.0,1.0,0.0,0.0,0.0,0.0,0.0,0.0,0.8000000000000007,0.8000000000000007,,3.0,1.0014492961482446,0.0,-0.12457348125461465,-1.0,1.0,5.0,1.0,0.0,0.0,0.0,0.0,0.0,0.0,0.0,0.0,0.0,0.0,0.0,0.0
NODE_9634,signal_fix_9,16.0,5.0,0.0,0.0,0.0,0.0,26.91,26.91,,848.0,27.122840073529417,318.0,8.391911922833364,3465.0,0.0,0.0,0.0,5.0,5.0,100.0,0.0,0.0,0.0,5.0,0.0,1.0,1.0,1.0,0.0,5.0,0.0,0.0,0.0,0.0,27.33,27.33,,842.0,27.445007098911503,318.0,8.522479843016056,3467.0,1.0,5.0,1.0,5.0,5.0,100.0,0.0,0.0,0.0,5.0,0.0,1.0,1.0,1.0,0.0,0.0,0.0,0.0,0.0,0.0,0.41999999999999815,0.41999999999999815,,-6.0,0.3221670253820861,0.0,0.13056792018269192,2.0,1.0,5.0,1.0,0.0,0.0,0.0,0.0,0.0,0.0,0.0,0.0,0.0,0.0,0.0,0.0
NODE_9634,signal_fix_9,17.0,5.0,0.0,0.0,0.0,0.0,29.55,29.55,,862.0,29.866714958348425,390.0,7.805997332149064,3465.0,0.0,0.0,0.0,5.0,5.0,100.0,0.0,0.0,0.0,5.0,0.0,1.0,1.0,1.0,0.0,5.0,0.0,0.0,0.0,0.0,28.9,28.9,,842.0,28.986472539624028,381.0,8.057621038608858,3467.0,1.0,5.0,1.0,5.0,5.0,100.0,0.0,0.0,0.0,5.0,0.0,1.0,1.0,1.0,0.0,0.0,0.0,0.0,0.0,0.0,-0.6500000000000021,-0.6500000000000021,,-20.0,-0.8802424187243965,-9.0,0.25162370645979326,2.0,1.0,5.0,1.0,0.0,0.0,0.0,0.0,0.0,0.0,0.0,0.0,0.0,0.0,0.0,0.0
NODE_9634,signal_fix_9,18.0,5.0,0.0,0.0,0.0,0.0,28.45,28.45,,844.0,28.693313631326188,363.0,7.911147857139836,3470.0,0.0,0.0,0.0,5.0,5.0,100.0,0.0,0.0,0.0,5.0,0.0,1.0,1.0,1.0,0.0,5.0,0.0,0.0,0.0,0.0,27.52,27.52,,873.0,27.787790262172283,370.0,8.082797762704002,3467.0,1.0,5.0,1.0,5.0,5.0,100.0,0.0,0.0,0.0,5.0,0.0,1.0,1.0,1.0,0.0,0.0,0.0,0.0,0.0,0.0,-0.9299999999999997,-0.9299999999999997,,29.0,-0.9055233691539044,7.0,0.17164990556416626,-3.0,1.0,5.0,1.0,0.0,0.0,0.0,0.0,0.0,0.0,0.0,0.0,0.0,0.0,0.0,0.0
NODE_9634,signal_fix_9,19.0,5.0,0.0,0.0,0.0,0.0,31.56,31.56,,829.0,31.932877752467736,358.0,7.717730871703719,3462.0,0.0,0.0,0.0,5.0,5.0,100.0,0.0,0.0,0.0,5.0,0.0,1.0,1.0,1.0,0.0,5.0,0.0,0.0,0.0,0.0,31.91,31.91,,828.0,32.194828237070595,362.0,7.700323464518723,3462.0,1.0,5.0,1.0,5.0,5.0,100.0,0.0,0.0,0.0,5.0,0.0,1.0,1.0,1.0,0.0,0.0,0.0,0.0,0.0,0.0,0.3500000000000014,0.3500000000000014,,-1.0,0.26195048460285975,4.0,-0.017407407184996337,0.0,1.0,5.0,1.0,0.0,0.0,0.0,0.0,0.0,0.0,0.0,0.0,0.0,0.0,0.0,0.0
NODE_9634,signal_fix_9,20.0,5.0,0.0,0.0,0.0,0.0,30.82,30.82,,825.0,30.998833270605942,350.0,7.815483748063518,3465.0,0.0,0.0,0.0,5.0,5.0,100.0,0.0,0.0,0.0,5.0,0.0,1.0,1.0,1.0,0.0,5.0,0.0,0.0,0.0,0.0,32.37,32.37,,827.0,32.870421014753504,355.0,7.132944618975291,3466.0,1.0,5.0,1.0,5.0,5.0,100.0,0.0,0.0,0.0,5.0,0.0,1.0,1.0,1.0,0.0,0.0,0.0,0.0,0.0,0.0,1.5499999999999972,1.5499999999999972,,2.0,1.8715877441475612,5.0,-0.6825391290882274,1.0,1.0,5.0,1.0,0.0,0.0,0.0,0.0,0.0,0.0,0.0,0.0,0.0,0.0,0.0,0.0
NODE_9634,signal_fix_9,21.0,5.0,0.0,0.0,0.0,0.0,29.01,29.01,,843.0,29.06088545897644,363.0,7.9382521372735955,3470.0,0.0,0.0,0.0,5.0,5.0,100.0,0.0,0.0,0.0,5.0,0.0,1.0,1.0,1.0,0.0,5.0,0.0,0.0,0.0,0.0,29.13,29.13,,843.0,29.378897573015223,359.0,7.948501845143186,3468.0,1.0,5.0,1.0,5.0,5.0,100.0,0.0,0.0,0.0,5.0,0.0,1.0,1.0,1.0,0.0,0.0,0.0,0.0,0.0,0.0,0.11999999999999744,0.11999999999999744,,0.0,0.31801211403878327,-4.0,0.010249707869590452,-2.0,1.0,5.0,1.0,0.0,0.0,0.0,0.0,0.0,0.0,0.0,0.0,0.0,0.0,0.0,0.0
NODE_9634,signal_fix_9,22.0,5.0,0.0,0.0,0.0,0.0,41.75,41.75,,863.0,41.79819518716577,358.0,5.87643179349748,3465.0,0.0,0.0,0.0,5.0,5.0,100.0,0.0,0.0,0.0,5.0,0.0,1.0,1.0,1.0,0.0,5.0,0.0,0.0,0.0,0.0,41.48,41.48,,870.0,41.76466265865064,360.0,5.840560314956143,3467.0,1.0,5.0,1.0,5.0,5.0,100.0,0.0,0.0,0.0,5.0,0.0,1.0,1.0,1.0,0.0,0.0,0.0,0.0,0.0,0.0,-0.2700000000000031,-0.2700000000000031,,7.0,-0.03353252851512423,2.0,-0.03587147854133743,2.0,1.0,5.0,1.0,0.0,0.0,0.0,0.0,0.0,0.0,0.0,0.0,0.0,0.0,0.0,0.0
NODE_9634,signal_fix_9,23.0,5.0,0.0,0.0,0.0,0.0,31.96,31.96,,899.0,32.31953765846383,361.0,7.124434046606403,3470.0,0.0,0.0,0.0,5.0,5.0,100.0,0.0,0.0,0.0,5.0,0.0,1.0,1.0,1.0,0.0,5.0,0.0,0.0,0.0,0.0,32.17,32.17,,850.0,32.412898443291326,358.0,7.138395687802559,3468.0,1.0,5.0,1.0,5.0,5.0,100.0,0.0,0.0,0.0,5.0,0.0,1.0,1.0,1.0,0.0,0.0,0.0,0.0,0.0,0.0,0.21000000000000085,0.21000000000000085,,-49.0,0.09336078482749599,-3.0,0.013961641196155838,-2.0,1.0,5.0,1.0,0.0,0.0,0.0,0.0,0.0,0.0,0.0,0.0,0.0,0.0,0.0,0.0
NODE_9634,signal_fix_9,24.0,5.0,0.0,0.0,0.0,0.0,26.21,26.21,,816.0,26.41134289439374,348.0,8.557536544980918,3464.0,0.0,0.0,0.0,5.0,5.0,100.0,0.0,0.0,0.0,5.0,0.0,1.0,1.0,1.0,0.0,5.0,0.0,0.0,0.0,0.0,26.58,26.58,,820.0,26.79122883195832,353.0,8.710566812744688,3464.0,1.0,5.0,1.0,5.0,5.0,100.0,0.0,0.0,0.0,5.0,0.0,1.0,1.0,1.0,0.0,0.0,0.0,0.0,0.0,0.0,0.36999999999999744,0.36999999999999744,,4.0,0.37988593756458044,5.0,0.1530302677637696,0.0,1.0,5.0,1.0,0.0,0.0,0.0,0.0,0.0,0.0,0.0,0.0,0.0,0.0,0.0,0.0
NODE_9634,signal_fix_9,25.0,5.0,0.0,0.0,0.0,0.0,28.8,28.8,,862.0,28.774805102764,385.0,7.776674598741672,3467.0,0.0,0.0,0.0,5.0,5.0,100.0,0.0,0.0,0.0,5.0,0.0,1.0,1.0,1.0,0.0,5.0,0.0,0.0,0.0,0.0,28.02,28.02,,860.0,28.274761904761903,387.0,7.943520090397817,3465.0,1.0,5.0,1.0,5.0,5.0,100.0,0.0,0.0,0.0,5.0,0.0,1.0,1.0,1.0,0.0,0.0,0.0,0.0,0.0,0.0,-0.7800000000000011,-0.7800000000000011,,-2.0,-0.5000431980020963,2.0,0.1668454916561446,-2.0,1.0,5.0,1.0,0.0,0.0,0.0,0.0,0.0,0.0,0.0,0.0,0.0,0.0,0.0,0.0
NODE_9634,signal_fix_9,26.0,5.0,0.0,0.0,0.0,0.0,46.6,46.6,,848.0,47.22175202156335,404.0,4.937794522389339,3468.0,0.0,0.0,0.0,5.0,5.0,100.0,0.0,0.0,0.0,5.0,0.0,1.0,1.0,1.0,0.0,5.0,0.0,0.0,0.0,0.0,45.93,45.93,,858.0,46.65248573757131,402.0,4.92694288317038,3471.0,1.0,5.0,1.0,5.0,5.0,100.0,0.0,0.0,0.0,5.0,0.0,1.0,1.0,1.0,0.0,0.0,0.0,0.0,0.0,0.0,-0.6700000000000017,-0.6700000000000017,,10.0,-0.5692662839920359,-2.0,-0.010851639218959264,3.0,1.0,5.0,1.0,0.0,0.0,0.0,0.0,0.0,0.0,0.0,0.0,0.0,0.0,0.0,0.0
NODE_9634,signal_fix_9,27.0,5.0,0.0,0.0,0.0,0.0,35.0,35.0,,845.0,35.142508833922264,358.0,6.76001118544744,3464.0,0.0,0.0,0.0,5.0,5.0,100.0,0.0,0.0,0.0,5.0,0.0,1.0,1.0,1.0,0.0,5.0,0.0,0.0,0.0,0.0,33.29,33.29,,847.0,33.50593841642229,362.0,7.23125894938327,3468.0,1.0,5.0,1.0,5.0,5.0,100.0,0.0,0.0,0.0,5.0,0.0,1.0,1.0,1.0,0.0,0.0,0.0,0.0,0.0,0.0,-1.7100000000000009,-1.7100000000000009,,2.0,-1.636570417499975,4.0,0.4712477639358301,4.0,1.0,5.0,1.0,0.0,0.0,0.0,0.0,0.0,0.0,0.0,0.0,0.0,0.0,0.0,0.0
NODE_9634,signal_fix_9,28.0,5.0,0.0,0.0,0.0,0.0,46.41,46.41,,788.0,47.30096053997923,397.0,4.566240022681273,3468.0,0.0,0.0,0.0,5.0,5.0,100.0,0.0,0.0,0.0,5.0,0.0,1.0,1.0,1.0,0.0,5.0,0.0,0.0,0.0,0.0,45.36,45.36,,810.0,46.214454976303315,399.0,4.769775700181847,3468.0,1.0,5.0,1.0,5.0,5.0,100.0,0.0,0.0,0.0,5.0,0.0,1.0,1.0,1.0,0.0,0.0,0.0,0.0,0.0,0.0,-1.0499999999999972,-1.0499999999999972,,22.0,-1.0865055636759138,2.0,0.20353567750057344,0.0,1.0,5.0,1.0,0.0,0.0,0.0,0.0,0.0,0.0,0.0,0.0,0.0,0.0,0.0,0.0
NODE_9634,signal_fix_9,29.0,5.0,0.0,0.0,0.0,0.0,44.76,44.76,,826.0,45.500488848151534,385.0,5.233944016471701,3472.0,0.0,0.0,0.0,5.0,5.0,100.0,0.0,0.0,0.0,5.0,0.0,1.0,1.0,1.0,0.0,5.0,0.0,0.0,0.0,0.0,43.85,43.85,,813.0,44.50741565881603,371.0,5.522597229786761,3473.0,1.0,5.0,1.0,5.0,5.0,100.0,0.0,0.0,0.0,5.0,0.0,1.0,1.0,1.0,0.0,0.0,0.0,0.0,0.0,0.0,-0.9099999999999966,-0.9099999999999966,,-13.0,-0.9930731893355045,-14.0,0.2886532133150608,1.0,1.0,5.0,1.0,0.0,0.0,0.0,0.0,0.0,0.0,0.0,0.0,0.0,0.0,0.0,0.0
NODE_9634,signal_fix_9,30.0,5.0,0.0,0.0,0.0,0.0,29.5,29.5,,879.0,29.5980589254766,396.0,7.681556382119469,3468.0,0.0,0.0,0.0,5.0,5.0,100.0,0.0,0.0,0.0,5.0,0.0,1.0,1.0,1.0,0.0,5.0,0.0,0.0,0.0,0.0,28.87,28.87,,880.0,29.08246294989414,395.0,7.878068587540639,3467.0,1.0,5.0,1.0,5.0,5.0,100.0,0.0,0.0,0.0,5.0,0.0,1.0,1.0,1.0,0.0,0.0,0.0,0.0,0.0,0.0,-0.629999999999999,-0.629999999999999,,1.0,-0.5155959755824604,-1.0,0.1965122054211701,-1.0,1.0,5.0,1.0,0.0,0.0,0.0,0.0,0.0,0.0,0.0,0.0,0.0,0.0,0.0,0.0
