sim_time,crosswalk_id,tls_id,ped_link_index,current_phase_index,current_tls_state,ped_link_state,is_ped_green,is_pedestrian_only_phase,ped_near,detected_person_ids,remaining_phase_time,next_switch_time,extension_allowed,extension_decision,extension_skip_reason
0.5,LINK_249048,5161705573,2,0,GGr,r,False,False,0,,78.5,79.0,False,False,scenario_baseline
0.5,NODE_5837,5161705573,2,0,GGr,r,False,False,0,,78.5,79.0,False,False,scenario_baseline
0.5,LINK_10218,11139418715,2,0,GGr,r,False,False,0,,78.5,79.0,False,False,scenario_baseline
0.5,LINK_140740,11139418715,2,0,GGr,r,False,False,0,,78.5,79.0,False,False,scenario_baseline
0.5,NODE_9634,10974501473,4,0,GGGGr,r,False,False,0,,80.5,81.0,False,False,scenario_baseline
0.5,LINK_194891,11203052965,11,0,GGGGGGGGGGGr,r,False,False,0,,78.5,79.0,False,False,scenario_baseline
0.5,NODE_10378,11139418715,2,0,GGr,r,False,False,0,,78.5,79.0,False,False,scenario_baseline
0.5,NODE_5681,11139418723,2,0,GGr,r,False,False,0,,78.5,79.0,False,False,scenario_baseline
0.5,NODE_10262,11203041635,4,0,GGGGr,r,False,False,0,,78.5,79.0,False,False,scenario_baseline
1.0,LINK_249048,5161705573,2,0,GGr,r,False,False,0,,78.0,79.0,False,False,scenario_baseline
1.0,NODE_5837,5161705573,2,0,GGr,r,False,False,0,,78.0,79.0,False,False,scenario_baseline
1.0,LINK_10218,11139418715,2,0,GGr,r,False,False,0,,78.0,79.0,False,False,scenario_baseline
1.0,LINK_140740,11139418715,2,0,GGr,r,False,False,0,,78.0,79.0,False,False,scenario_baseline
1.0,NODE_9634,10974501473,4,0,GGGGr,r,False,False,0,,80.0,81.0,False,False,scenario_baseline
1.0,LINK_194891,11203052965,11,0,GGGGGGGGGGGr,r,False,False,0,,78.0,79.0,False,False,scenario_baseline
1.0,NODE_10378,11139418715,2,0,GGr,r,False,False,0,,78.0,79.0,False,False,scenario_baseline
1.0,NODE_5681,11139418723,2,0,GGr,r,False,False,0,,78.0,79.0,False,False,scenario_baseline
1.0,NODE_10262,11203041635,4,0,GGGGr,r,False,False,0,,78.0,79.0,False,False,scenario_baseline
1.5,LINK_249048,5161705573,2,0,GGr,r,False,False,0,,77.5,79.0,False,False,scenario_baseline
1.5,NODE_5837,5161705573,2,0,GGr,r,False,False,0,,77.5,79.0,False,False,scenario_baseline
1.5,LINK_10218,11139418715,2,0,GGr,r,False,False,0,,77.5,79.0,False,False,scenario_baseline
1.5,LINK_140740,11139418715,2,0,GGr,r,False,False,0,,77.5,79.0,False,False,scenario_baseline
1.5,NODE_9634,10974501473,4,0,GGGGr,r,False,False,0,,79.5,81.0,False,False,scenario_baseline
1.5,LINK_194891,11203052965,11,0,GGGGGGGGGGGr,r,False,False,0,,77.5,79.0,False,False,scenario_baseline
1.5,NODE_10378,11139418715,2,0,GGr,r,False,False,0,,77.5,79.0,False,False,scenario_baseline
1.5,NODE_5681,11139418723,2,0,GGr,r,False,False,0,,77.5,79.0,False,False,scenario_baseline
1.5,NODE_10262,11203041635,4,0,GGGGr,r,False,False,0,,77.5,79.0,False,False,scenario_baseline
2.0,LINK_249048,5161705573,2,0,GGr,r,False,False,0,,77.0,79.0,False,False,scenario_baseline
2.0,NODE_5837,5161705573,2,0,GGr,r,False,False,0,,77.0,79.0,False,False,scenario_baseline
2.0,LINK_10218,11139418715,2,0,GGr,r,False,False,0,,77.0,79.0,False,False,scenario_baseline
2.0,LINK_140740,11139418715,2,0,GGr,r,False,False,0,,77.0,79.0,False,False,scenario_baseline
2.0,NODE_9634,10974501473,4,0,GGGGr,r,False,False,0,,79.0,81.0,False,False,scenario_baseline
2.0,LINK_194891,11203052965,11,0,GGGGGGGGGGGr,r,False,False,0,,77.0,79.0,False,False,scenario_baseline
2.0,NODE_10378,11139418715,2,0,GGr,r,False,False,0,,77.0,79.0,False,False,scenario_baseline
2.0,NODE_5681,11139418723,2,0,GGr,r,False,False,0,,77.0,79.0,False,False,scenario_baseline
2.0,NODE_10262,11203041635,4,0,GGGGr,r,False,False,0,,77.0,79.0,False,False,scenario_baseline
2.5,LINK_249048,5161705573,2,0,GGr,r,False,False,0,,76.5,79.0,False,False,scenario_baseline
2.5,NODE_5837,5161705573,2,0,GGr,r,False,False,0,,76.5,79.0,False,False,scenario_baseline
2.5,LINK_10218,11139418715,2,0,GGr,r,False,False,0,,76.5,79.0,False,False,scenario_baseline
2.5,LINK_140740,11139418715,2,0,GGr,r,False,False,0,,76.5,79.0,False,False,scenario_baseline
2.5,NODE_9634,10974501473,4,0,GGGGr,r,False,False,0,,78.5,81.0,False,False,scenario_baseline
2.5,LINK_194891,11203052965,11,0,GGGGGGGGGGGr,r,False,False,0,,76.5,79.0,False,False,scenario_baseline
2.5,NODE_10378,11139418715,2,0,GGr,r,False,False,0,,76.5,79.0,False,False,scenario_baseline
2.5,NODE_5681,11139418723,2,0,GGr,r,False,False,0,,76.5,79.0,False,False,scenario_baseline
2.5,NODE_10262,11203041635,4,0,GGGGr,r,False,False,0,,76.5,79.0,False,False,scenario_baseline
3.0,LINK_249048,5161705573,2,0,GGr,r,False,False,0,,76.0,79.0,False,False,scenario_baseline
3.0,NODE_5837,5161705573,2,0,GGr,r,False,False,0,,76.0,79.0,False,False,scenario_baseline
3.0,LINK_10218,11139418715,2,0,GGr,r,False,False,0,,76.0,79.0,False,False,scenario_baseline
3.0,LINK_140740,11139418715,2,0,GGr,r,False,False,0,,76.0,79.0,False,False,scenario_baseline
3.0,NODE_9634,10974501473,4,0,GGGGr,r,False,False,0,,78.0,81.0,False,False,scenario_baseline
3.0,LINK_194891,11203052965,11,0,GGGGGGGGGGGr,r,False,False,0,,76.0,79.0,False,False,scenario_baseline
3.0,NODE_10378,11139418715,2,0,GGr,r,False,False,0,,76.0,79.0,False,False,scenario_baseline
3.0,NODE_5681,11139418723,2,0,GGr,r,False,False,0,,76.0,79.0,False,False,scenario_baseline
3.0,NODE_10262,11203041635,4,0,GGGGr,r,False,False,0,,76.0,79.0,False,False,scenario_baseline
3.5,LINK_249048,5161705573,2,0,GGr,r,False,False,0,,75.5,79.0,False,False,scenario_baseline
3.5,NODE_5837,5161705573,2,0,GGr,r,False,False,0,,75.5,79.0,False,False,scenario_baseline
3.5,LINK_10218,11139418715,2,0,GGr,r,False,False,0,,75.5,79.0,False,False,scenario_baseline
3.5,LINK_140740,11139418715,2,0,GGr,r,False,False,0,,75.5,79.0,False,False,scenario_baseline
3.5,NODE_9634,10974501473,4,0,GGGGr,r,False,False,0,,77.5,81.0,False,False,scenario_baseline
3.5,LINK_194891,11203052965,11,0,GGGGGGGGGGGr,r,False,False,0,,75.5,79.0,False,False,scenario_baseline
3.5,NODE_10378,11139418715,2,0,GGr,r,False,False,0,,75.5,79.0,False,False,scenario_baseline
3.5,NODE_5681,11139418723,2,0,GGr,r,False,False,0,,75.5,79.0,False,False,scenario_baseline
3.5,NODE_10262,11203041635,4,0,GGGGr,r,False,False,0,,75.5,79.0,False,False,scenario_baseline
4.0,LINK_249048,5161705573,2,0,GGr,r,False,False,0,,75.0,79.0,False,False,scenario_baseline
4.0,NODE_5837,5161705573,2,0,GGr,r,False,False,0,,75.0,79.0,False,False,scenario_baseline
4.0,LINK_10218,11139418715,2,0,GGr,r,False,False,0,,75.0,79.0,False,False,scenario_baseline
4.0,LINK_140740,11139418715,2,0,GGr,r,False,False,0,,75.0,79.0,False,False,scenario_baseline
4.0,NODE_9634,10974501473,4,0,GGGGr,r,False,False,0,,77.0,81.0,False,False,scenario_baseline
4.0,LINK_194891,11203052965,11,0,GGGGGGGGGGGr,r,False,False,0,,75.0,79.0,False,False,scenario_baseline
4.0,NODE_10378,11139418715,2,0,GGr,r,False,False,0,,75.0,79.0,False,False,scenario_baseline
4.0,NODE_5681,11139418723,2,0,GGr,r,False,False,0,,75.0,79.0,False,False,scenario_baseline
4.0,NODE_10262,11203041635,4,0,GGGGr,r,False,False,0,,75.0,79.0,False,False,scenario_baseline
4.5,LINK_249048,5161705573,2,0,GGr,r,False,False,0,,74.5,79.0,False,False,scenario_baseline
4.5,NODE_5837,5161705573,2,0,GGr,r,False,False,0,,74.5,79.0,False,False,scenario_baseline
4.5,LINK_10218,11139418715,2,0,GGr,r,False,False,0,,74.5,79.0,False,False,scenario_baseline
4.5,LINK_140740,11139418715,2,0,GGr,r,False,False,0,,74.5,79.0,False,False,scenario_baseline
4.5,NODE_9634,10974501473,4,0,GGGGr,r,False,False,0,,76.5,81.0,False,False,scenario_baseline
4.5,LINK_194891,11203052965,11,0,GGGGGGGGGGGr,r,False,False,0,,74.5,79.0,False,False,scenario_baseline
4.5,NODE_10378,11139418715,2,0,GGr,r,False,False,0,,74.5,79.0,False,False,scenario_baseline
4.5,NODE_5681,11139418723,2,0,GGr,r,False,False,0,,74.5,79.0,False,False,scenario_baseline
4.5,NODE_10262,11203041635,4,0,GGGGr,r,False,False,0,,74.5,79.0,False,False,scenario_baseline
5.0,LINK_249048,5161705573,2,0,GGr,r,False,False,0,,74.0,79.0,False,False,scenario_baseline
5.0,NODE_5837,5161705573,2,0,GGr,r,False,False,0,,74.0,79.0,False,False,scenario_baseline
5.0,LINK_10218,11139418715,2,0,GGr,r,False,False,0,,74.0,79.0,False,False,scenario_baseline
5.0,LINK_140740,11139418715,2,0,GGr,r,False,False,0,,74.0,79.0,False,False,scenario_baseline
5.0,NODE_9634,10974501473,4,0,GGGGr,r,False,False,0,,76.0,81.0,False,False,scenario_baseline
5.0,LINK_194891,11203052965,11,0,GGGGGGGGGGGr,r,False,False,0,,74.0,79.0,False,False,scenario_baseline
5.0,NODE_10378,11139418715,2,0,GGr,r,False,False,0,,74.0,79.0,False,False,scenario_baseline
5.0,NODE_5681,11139418723,2,0,GGr,r,False,False,0,,74.0,79.0,False,False,scenario_baseline
5.0,NODE_10262,11203041635,4,0,GGGGr,r,False,False,0,,74.0,79.0,False,False,scenario_baseline
5.5,LINK_249048,5161705573,2,0,GGr,r,False,False,0,,73.5,79.0,False,False,scenario_baseline
5.5,NODE_5837,5161705573,2,0,GGr,r,False,False,0,,73.5,79.0,False,False,scenario_baseline
5.5,LINK_10218,11139418715,2,0,GGr,r,False,False,0,,73.5,79.0,False,False,scenario_baseline
5.5,LINK_140740,11139418715,2,0,GGr,r,False,False,0,,73.5,79.0,False,False,scenario_baseline
5.5,NODE_9634,10974501473,4,0,GGGGr,r,False,False,0,,75.5,81.0,False,False,scenario_baseline
5.5,LINK_194891,11203052965,11,0,GGGGGGGGGGGr,r,False,False,0,,73.5,79.0,False,False,scenario_baseline
5.5,NODE_10378,11139418715,2,0,GGr,r,False,False,0,,73.5,79.0,False,False,scenario_baseline
5.5,NODE_5681,11139418723,2,0,GGr,r,False,False,0,,73.5,79.0,False,False,scenario_baseline
5.5,NODE_10262,11203041635,4,0,GGGGr,r,False,False,0,,73.5,79.0,False,False,scenario_baseline
6.0,LINK_249048,5161705573,2,0,GGr,r,False,False,0,,73.0,79.0,False,False,scenario_baseline
6.0,NODE_5837,5161705573,2,0,GGr,r,False,False,0,,73.0,79.0,False,False,scenario_baseline
6.0,LINK_10218,11139418715,2,0,GGr,r,False,False,0,,73.0,79.0,False,False,scenario_baseline
6.0,LINK_140740,11139418715,2,0,GGr,r,False,False,0,,73.0,79.0,False,False,scenario_baseline
6.0,NODE_9634,10974501473,4,0,GGGGr,r,False,False,0,,75.0,81.0,False,False,scenario_baseline
6.0,LINK_194891,11203052965,11,0,GGGGGGGGGGGr,r,False,False,0,,73.0,79.0,False,False,scenario_baseline
6.0,NODE_10378,11139418715,2,0,GGr,r,False,False,0,,73.0,79.0,False,False,scenario_baseline
6.0,NODE_5681,11139418723,2,0,GGr,r,False,False,0,,73.0,79.0,False,False,scenario_baseline
6.0,NODE_10262,11203041635,4,0,GGGGr,r,False,False,0,,73.0,79.0,False,False,scenario_baseline
6.5,LINK_249048,5161705573,2,0,GGr,r,False,False,0,,72.5,79.0,False,False,scenario_baseline
6.5,NODE_5837,5161705573,2,0,GGr,r,False,False,0,,72.5,79.0,False,False,scenario_baseline
6.5,LINK_10218,11139418715,2,0,GGr,r,False,False,0,,72.5,79.0,False,False,scenario_baseline
6.5,LINK_140740,11139418715,2,0,GGr,r,False,False,0,,72.5,79.0,False,False,scenario_baseline
6.5,NODE_9634,10974501473,4,0,GGGGr,r,False,False,0,,74.5,81.0,False,False,scenario_baseline
6.5,LINK_194891,11203052965,11,0,GGGGGGGGGGGr,r,False,False,0,,72.5,79.0,False,False,scenario_baseline
6.5,NODE_10378,11139418715,2,0,GGr,r,False,False,0,,72.5,79.0,False,False,scenario_baseline
6.5,NODE_5681,11139418723,2,0,GGr,r,False,False,0,,72.5,79.0,False,False,scenario_baseline
6.5,NODE_10262,11203041635,4,0,GGGGr,r,False,False,0,,72.5,79.0,False,False,scenario_baseline
7.0,LINK_249048,5161705573,2,0,GGr,r,False,False,0,,72.0,79.0,False,False,scenario_baseline
7.0,NODE_5837,5161705573,2,0,GGr,r,False,False,0,,72.0,79.0,False,False,scenario_baseline
7.0,LINK_10218,11139418715,2,0,GGr,r,False,False,0,,72.0,79.0,False,False,scenario_baseline
7.0,LINK_140740,11139418715,2,0,GGr,r,False,False,0,,72.0,79.0,False,False,scenario_baseline
7.0,NODE_9634,10974501473,4,0,GGGGr,r,False,False,0,,74.0,81.0,False,False,scenario_baseline
7.0,LINK_194891,11203052965,11,0,GGGGGGGGGGGr,r,False,False,0,,72.0,79.0,False,False,scenario_baseline
7.0,NODE_10378,11139418715,2,0,GGr,r,False,False,0,,72.0,79.0,False,False,scenario_baseline
7.0,NODE_5681,11139418723,2,0,GGr,r,False,False,0,,72.0,79.0,False,False,scenario_baseline
7.0,NODE_10262,11203041635,4,0,GGGGr,r,False,False,0,,72.0,79.0,False,False,scenario_baseline
7.5,LINK_249048,5161705573,2,0,GGr,r,False,False,0,,71.5,79.0,False,False,scenario_baseline
7.5,NODE_5837,5161705573,2,0,GGr,r,False,False,0,,71.5,79.0,False,False,scenario_baseline
7.5,LINK_10218,11139418715,2,0,GGr,r,False,False,0,,71.5,79.0,False,False,scenario_baseline
7.5,LINK_140740,11139418715,2,0,GGr,r,False,False,0,,71.5,79.0,False,False,scenario_baseline
7.5,NODE_9634,10974501473,4,0,GGGGr,r,False,False,0,,73.5,81.0,False,False,scenario_baseline
7.5,LINK_194891,11203052965,11,0,GGGGGGGGGGGr,r,False,False,0,,71.5,79.0,False,False,scenario_baseline
7.5,NODE_10378,11139418715,2,0,GGr,r,False,False,0,,71.5,79.0,False,False,scenario_baseline
7.5,NODE_5681,11139418723,2,0,GGr,r,False,False,0,,71.5,79.0,False,False,scenario_baseline
7.5,NODE_10262,11203041635,4,0,GGGGr,r,False,False,0,,71.5,79.0,False,False,scenario_baseline
8.0,LINK_249048,5161705573,2,0,GGr,r,False,False,0,,71.0,79.0,False,False,scenario_baseline
8.0,NODE_5837,5161705573,2,0,GGr,r,False,False,0,,71.0,79.0,False,False,scenario_baseline
8.0,LINK_10218,11139418715,2,0,GGr,r,False,False,0,,71.0,79.0,False,False,scenario_baseline
8.0,LINK_140740,11139418715,2,0,GGr,r,False,False,0,,71.0,79.0,False,False,scenario_baseline
8.0,NODE_9634,10974501473,4,0,GGGGr,r,False,False,0,,73.0,81.0,False,False,scenario_baseline
8.0,LINK_194891,11203052965,11,0,GGGGGGGGGGGr,r,False,False,0,,71.0,79.0,False,False,scenario_baseline
8.0,NODE_10378,11139418715,2,0,GGr,r,False,False,0,,71.0,79.0,False,False,scenario_baseline
8.0,NODE_5681,11139418723,2,0,GGr,r,False,False,0,,71.0,79.0,False,False,scenario_baseline
8.0,NODE_10262,11203041635,4,0,GGGGr,r,False,False,0,,71.0,79.0,False,False,scenario_baseline
8.5,LINK_249048,5161705573,2,0,GGr,r,False,False,0,,70.5,79.0,False,False,scenario_baseline
8.5,NODE_5837,5161705573,2,0,GGr,r,False,False,0,,70.5,79.0,False,False,scenario_baseline
8.5,LINK_10218,11139418715,2,0,GGr,r,False,False,0,,70.5,79.0,False,False,scenario_baseline
8.5,LINK_140740,11139418715,2,0,GGr,r,False,False,0,,70.5,79.0,False,False,scenario_baseline
8.5,NODE_9634,10974501473,4,0,GGGGr,r,False,False,0,,72.5,81.0,False,False,scenario_baseline
8.5,LINK_194891,11203052965,11,0,GGGGGGGGGGGr,r,False,False,0,,70.5,79.0,False,False,scenario_baseline
8.5,NODE_10378,11139418715,2,0,GGr,r,False,False,0,,70.5,79.0,False,False,scenario_baseline
8.5,NODE_5681,11139418723,2,0,GGr,r,False,False,0,,70.5,79.0,False,False,scenario_baseline
8.5,NODE_10262,11203041635,4,0,GGGGr,r,False,False,0,,70.5,79.0,False,False,scenario_baseline
9.0,LINK_249048,5161705573,2,0,GGr,r,False,False,0,,70.0,79.0,False,False,scenario_baseline
9.0,NODE_5837,5161705573,2,0,GGr,r,False,False,0,,70.0,79.0,False,False,scenario_baseline
9.0,LINK_10218,11139418715,2,0,GGr,r,False,False,0,,70.0,79.0,False,False,scenario_baseline
9.0,LINK_140740,11139418715,2,0,GGr,r,False,False,0,,70.0,79.0,False,False,scenario_baseline
9.0,NODE_9634,10974501473,4,0,GGGGr,r,False,False,0,,72.0,81.0,False,False,scenario_baseline
9.0,LINK_194891,11203052965,11,0,GGGGGGGGGGGr,r,False,False,0,,70.0,79.0,False,False,scenario_baseline
9.0,NODE_10378,11139418715,2,0,GGr,r,False,False,0,,70.0,79.0,False,False,scenario_baseline
9.0,NODE_5681,11139418723,2,0,GGr,r,False,False,0,,70.0,79.0,False,False,scenario_baseline
9.0,NODE_10262,11203041635,4,0,GGGGr,r,False,False,0,,70.0,79.0,False,False,scenario_baseline
9.5,LINK_249048,5161705573,2,0,GGr,r,False,False,0,,69.5,79.0,False,False,scenario_baseline
9.5,NODE_5837,5161705573,2,0,GGr,r,False,False,0,,69.5,79.0,False,False,scenario_baseline
9.5,LINK_10218,11139418715,2,0,GGr,r,False,False,0,,69.5,79.0,False,False,scenario_baseline
9.5,LINK_140740,11139418715,2,0,GGr,r,False,False,0,,69.5,79.0,False,False,scenario_baseline
9.5,NODE_9634,10974501473,4,0,GGGGr,r,False,False,0,,71.5,81.0,False,False,scenario_baseline
9.5,LINK_194891,11203052965,11,0,GGGGGGGGGGGr,r,False,False,0,,69.5,79.0,False,False,scenario_baseline
9.5,NODE_10378,11139418715,2,0,GGr,r,False,False,0,,69.5,79.0,False,False,scenario_baseline
9.5,NODE_5681,11139418723,2,0,GGr,r,False,False,0,,69.5,79.0,False,False,scenario_baseline
9.5,NODE_10262,11203041635,4,0,GGGGr,r,False,False,0,,69.5,79.0,False,False,scenario_baseline
10.0,LINK_249048,5161705573,2,0,GGr,r,False,False,0,,69.0,79.0,False,False,scenario_baseline
10.0,NODE_5837,5161705573,2,0,GGr,r,False,False,0,,69.0,79.0,False,False,scenario_baseline
10.0,LINK_10218,11139418715,2,0,GGr,r,False,False,0,,69.0,79.0,False,False,scenario_baseline
10.0,LINK_140740,11139418715,2,0,GGr,r,False,False,0,,69.0,79.0,False,False,scenario_baseline
10.0,NODE_9634,10974501473,4,0,GGGGr,r,False,False,0,,71.0,81.0,False,False,scenario_baseline
10.0,LINK_194891,11203052965,11,0,GGGGGGGGGGGr,r,False,False,0,,69.0,79.0,False,False,scenario_baseline
10.0,NODE_10378,11139418715,2,0,GGr,r,False,False,0,,69.0,79.0,False,False,scenario_baseline
10.0,NODE_5681,11139418723,2,0,GGr,r,False,False,0,,69.0,79.0,False,False,scenario_baseline
10.0,NODE_10262,11203041635,4,0,GGGGr,r,False,False,0,,69.0,79.0,False,False,scenario_baseline
10.5,LINK_249048,5161705573,2,0,GGr,r,False,False,0,,68.5,79.0,False,False,scenario_baseline
10.5,NODE_5837,5161705573,2,0,GGr,r,False,False,0,,68.5,79.0,False,False,scenario_baseline
10.5,LINK_10218,11139418715,2,0,GGr,r,False,False,0,,68.5,79.0,False,False,scenario_baseline
10.5,LINK_140740,11139418715,2,0,GGr,r,False,False,0,,68.5,79.0,False,False,scenario_baseline
10.5,NODE_9634,10974501473,4,0,GGGGr,r,False,False,0,,70.5,81.0,False,False,scenario_baseline
10.5,LINK_194891,11203052965,11,0,GGGGGGGGGGGr,r,False,False,0,,68.5,79.0,False,False,scenario_baseline
10.5,NODE_10378,11139418715,2,0,GGr,r,False,False,0,,68.5,79.0,False,False,scenario_baseline
10.5,NODE_5681,11139418723,2,0,GGr,r,False,False,0,,68.5,79.0,False,False,scenario_baseline
10.5,NODE_10262,11203041635,4,0,GGGGr,r,False,False,0,,68.5,79.0,False,False,scenario_baseline
11.0,LINK_249048,5161705573,2,0,GGr,r,False,False,0,,68.0,79.0,False,False,scenario_baseline
11.0,NODE_5837,5161705573,2,0,GGr,r,False,False,0,,68.0,79.0,False,False,scenario_baseline
11.0,LINK_10218,11139418715,2,0,GGr,r,False,False,0,,68.0,79.0,False,False,scenario_baseline
11.0,LINK_140740,11139418715,2,0,GGr,r,False,False,0,,68.0,79.0,False,False,scenario_baseline
11.0,NODE_9634,10974501473,4,0,GGGGr,r,False,False,0,,70.0,81.0,False,False,scenario_baseline
11.0,LINK_194891,11203052965,11,0,GGGGGGGGGGGr,r,False,False,0,,68.0,79.0,False,False,scenario_baseline
11.0,NODE_10378,11139418715,2,0,GGr,r,False,False,0,,68.0,79.0,False,False,scenario_baseline
11.0,NODE_5681,11139418723,2,0,GGr,r,False,False,0,,68.0,79.0,False,False,scenario_baseline
11.0,NODE_10262,11203041635,4,0,GGGGr,r,False,False,0,,68.0,79.0,False,False,scenario_baseline
11.5,LINK_249048,5161705573,2,0,GGr,r,False,False,0,,67.5,79.0,False,False,scenario_baseline
11.5,NODE_5837,5161705573,2,0,GGr,r,False,False,0,,67.5,79.0,False,False,scenario_baseline
11.5,LINK_10218,11139418715,2,0,GGr,r,False,False,0,,67.5,79.0,False,False,scenario_baseline
11.5,LINK_140740,11139418715,2,0,GGr,r,False,False,0,,67.5,79.0,False,False,scenario_baseline
11.5,NODE_9634,10974501473,4,0,GGGGr,r,False,False,0,,69.5,81.0,False,False,scenario_baseline
11.5,LINK_194891,11203052965,11,0,GGGGGGGGGGGr,r,False,False,0,,67.5,79.0,False,False,scenario_baseline
11.5,NODE_10378,11139418715,2,0,GGr,r,False,False,0,,67.5,79.0,False,False,scenario_baseline
11.5,NODE_5681,11139418723,2,0,GGr,r,False,False,0,,67.5,79.0,False,False,scenario_baseline
11.5,NODE_10262,11203041635,4,0,GGGGr,r,False,False,0,,67.5,79.0,False,False,scenario_baseline
12.0,LINK_249048,5161705573,2,0,GGr,r,False,False,0,,67.0,79.0,False,False,scenario_baseline
12.0,NODE_5837,5161705573,2,0,GGr,r,False,False,0,,67.0,79.0,False,False,scenario_baseline
12.0,LINK_10218,11139418715,2,0,GGr,r,False,False,0,,67.0,79.0,False,False,scenario_baseline
12.0,LINK_140740,11139418715,2,0,GGr,r,False,False,0,,67.0,79.0,False,False,scenario_baseline
12.0,NODE_9634,10974501473,4,0,GGGGr,r,False,False,0,,69.0,81.0,False,False,scenario_baseline
12.0,LINK_194891,11203052965,11,0,GGGGGGGGGGGr,r,False,False,0,,67.0,79.0,False,False,scenario_baseline
12.0,NODE_10378,11139418715,2,0,GGr,r,False,False,0,,67.0,79.0,False,False,scenario_baseline
12.0,NODE_5681,11139418723,2,0,GGr,r,False,False,0,,67.0,79.0,False,False,scenario_baseline
12.0,NODE_10262,11203041635,4,0,GGGGr,r,False,False,0,,67.0,79.0,False,False,scenario_baseline
12.5,LINK_249048,5161705573,2,0,GGr,r,False,False,0,,66.5,79.0,False,False,scenario_baseline
12.5,NODE_5837,5161705573,2,0,GGr,r,False,False,0,,66.5,79.0,False,False,scenario_baseline
12.5,LINK_10218,11139418715,2,0,GGr,r,False,False,0,,66.5,79.0,False,False,scenario_baseline
12.5,LINK_140740,11139418715,2,0,GGr,r,False,False,0,,66.5,79.0,False,False,scenario_baseline
12.5,NODE_9634,10974501473,4,0,GGGGr,r,False,False,0,,68.5,81.0,False,False,scenario_baseline
12.5,LINK_194891,11203052965,11,0,GGGGGGGGGGGr,r,False,False,0,,66.5,79.0,False,False,scenario_baseline
12.5,NODE_10378,11139418715,2,0,GGr,r,False,False,0,,66.5,79.0,False,False,scenario_baseline
12.5,NODE_5681,11139418723,2,0,GGr,r,False,False,0,,66.5,79.0,False,False,scenario_baseline
12.5,NODE_10262,11203041635,4,0,GGGGr,r,False,False,0,,66.5,79.0,False,False,scenario_baseline
13.0,LINK_249048,5161705573,2,0,GGr,r,False,False,0,,66.0,79.0,False,False,scenario_baseline
13.0,NODE_5837,5161705573,2,0,GGr,r,False,False,0,,66.0,79.0,False,False,scenario_baseline
13.0,LINK_10218,11139418715,2,0,GGr,r,False,False,0,,66.0,79.0,False,False,scenario_baseline
13.0,LINK_140740,11139418715,2,0,GGr,r,False,False,0,,66.0,79.0,False,False,scenario_baseline
13.0,NODE_9634,10974501473,4,0,GGGGr,r,False,False,0,,68.0,81.0,False,False,scenario_baseline
13.0,LINK_194891,11203052965,11,0,GGGGGGGGGGGr,r,False,False,0,,66.0,79.0,False,False,scenario_baseline
13.0,NODE_10378,11139418715,2,0,GGr,r,False,False,0,,66.0,79.0,False,False,scenario_baseline
13.0,NODE_5681,11139418723,2,0,GGr,r,False,False,0,,66.0,79.0,False,False,scenario_baseline
13.0,NODE_10262,11203041635,4,0,GGGGr,r,False,False,0,,66.0,79.0,False,False,scenario_baseline
13.5,LINK_249048,5161705573,2,0,GGr,r,False,False,0,,65.5,79.0,False,False,scenario_baseline
13.5,NODE_5837,5161705573,2,0,GGr,r,False,False,0,,65.5,79.0,False,False,scenario_baseline
13.5,LINK_10218,11139418715,2,0,GGr,r,False,False,0,,65.5,79.0,False,False,scenario_baseline
13.5,LINK_140740,11139418715,2,0,GGr,r,False,False,0,,65.5,79.0,False,False,scenario_baseline
13.5,NODE_9634,10974501473,4,0,GGGGr,r,False,False,0,,67.5,81.0,False,False,scenario_baseline
13.5,LINK_194891,11203052965,11,0,GGGGGGGGGGGr,r,False,False,0,,65.5,79.0,False,False,scenario_baseline
13.5,NODE_10378,11139418715,2,0,GGr,r,False,False,0,,65.5,79.0,False,False,scenario_baseline
13.5,NODE_5681,11139418723,2,0,GGr,r,False,False,0,,65.5,79.0,False,False,scenario_baseline
13.5,NODE_10262,11203041635,4,0,GGGGr,r,False,False,0,,65.5,79.0,False,False,scenario_baseline
14.0,LINK_249048,5161705573,2,0,GGr,r,False,False,0,,65.0,79.0,False,False,scenario_baseline
14.0,NODE_5837,5161705573,2,0,GGr,r,False,False,0,,65.0,79.0,False,False,scenario_baseline
14.0,LINK_10218,11139418715,2,0,GGr,r,False,False,0,,65.0,79.0,False,False,scenario_baseline
14.0,LINK_140740,11139418715,2,0,GGr,r,False,False,0,,65.0,79.0,False,False,scenario_baseline
14.0,NODE_9634,10974501473,4,0,GGGGr,r,False,False,0,,67.0,81.0,False,False,scenario_baseline
14.0,LINK_194891,11203052965,11,0,GGGGGGGGGGGr,r,False,False,0,,65.0,79.0,False,False,scenario_baseline
14.0,NODE_10378,11139418715,2,0,GGr,r,False,False,0,,65.0,79.0,False,False,scenario_baseline
14.0,NODE_5681,11139418723,2,0,GGr,r,False,False,0,,65.0,79.0,False,False,scenario_baseline
14.0,NODE_10262,11203041635,4,0,GGGGr,r,False,False,0,,65.0,79.0,False,False,scenario_baseline
14.5,LINK_249048,5161705573,2,0,GGr,r,False,False,0,,64.5,79.0,False,False,scenario_baseline
14.5,NODE_5837,5161705573,2,0,GGr,r,False,False,0,,64.5,79.0,False,False,scenario_baseline
14.5,LINK_10218,11139418715,2,0,GGr,r,False,False,0,,64.5,79.0,False,False,scenario_baseline
14.5,LINK_140740,11139418715,2,0,GGr,r,False,False,0,,64.5,79.0,False,False,scenario_baseline
14.5,NODE_9634,10974501473,4,0,GGGGr,r,False,False,0,,66.5,81.0,False,False,scenario_baseline
14.5,LINK_194891,11203052965,11,0,GGGGGGGGGGGr,r,False,False,0,,64.5,79.0,False,False,scenario_baseline
14.5,NODE_10378,11139418715,2,0,GGr,r,False,False,0,,64.5,79.0,False,False,scenario_baseline
14.5,NODE_5681,11139418723,2,0,GGr,r,False,False,0,,64.5,79.0,False,False,scenario_baseline
14.5,NODE_10262,11203041635,4,0,GGGGr,r,False,False,0,,64.5,79.0,False,False,scenario_baseline
15.0,LINK_249048,5161705573,2,0,GGr,r,False,False,0,,64.0,79.0,False,False,scenario_baseline
15.0,NODE_5837,5161705573,2,0,GGr,r,False,False,0,,64.0,79.0,False,False,scenario_baseline
15.0,LINK_10218,11139418715,2,0,GGr,r,False,False,0,,64.0,79.0,False,False,scenario_baseline
15.0,LINK_140740,11139418715,2,0,GGr,r,False,False,0,,64.0,79.0,False,False,scenario_baseline
15.0,NODE_9634,10974501473,4,0,GGGGr,r,False,False,0,,66.0,81.0,False,False,scenario_baseline
15.0,LINK_194891,11203052965,11,0,GGGGGGGGGGGr,r,False,False,0,,64.0,79.0,False,False,scenario_baseline
15.0,NODE_10378,11139418715,2,0,GGr,r,False,False,0,,64.0,79.0,False,False,scenario_baseline
15.0,NODE_5681,11139418723,2,0,GGr,r,False,False,0,,64.0,79.0,False,False,scenario_baseline
15.0,NODE_10262,11203041635,4,0,GGGGr,r,False,False,0,,64.0,79.0,False,False,scenario_baseline
15.5,LINK_249048,5161705573,2,0,GGr,r,False,False,0,,63.5,79.0,False,False,scenario_baseline
15.5,NODE_5837,5161705573,2,0,GGr,r,False,False,0,,63.5,79.0,False,False,scenario_baseline
15.5,LINK_10218,11139418715,2,0,GGr,r,False,False,0,,63.5,79.0,False,False,scenario_baseline
15.5,LINK_140740,11139418715,2,0,GGr,r,False,False,0,,63.5,79.0,False,False,scenario_baseline
15.5,NODE_9634,10974501473,4,0,GGGGr,r,False,False,0,,65.5,81.0,False,False,scenario_baseline
15.5,LINK_194891,11203052965,11,0,GGGGGGGGGGGr,r,False,False,0,,63.5,79.0,False,False,scenario_baseline
15.5,NODE_10378,11139418715,2,0,GGr,r,False,False,0,,63.5,79.0,False,False,scenario_baseline
15.5,NODE_5681,11139418723,2,0,GGr,r,False,False,0,,63.5,79.0,False,False,scenario_baseline
15.5,NODE_10262,11203041635,4,0,GGGGr,r,False,False,0,,63.5,79.0,False,False,scenario_baseline
16.0,LINK_249048,5161705573,2,0,GGr,r,False,False,0,,63.0,79.0,False,False,scenario_baseline
16.0,NODE_5837,5161705573,2,0,GGr,r,False,False,0,,63.0,79.0,False,False,scenario_baseline
16.0,LINK_10218,11139418715,2,0,GGr,r,False,False,0,,63.0,79.0,False,False,scenario_baseline
16.0,LINK_140740,11139418715,2,0,GGr,r,False,False,0,,63.0,79.0,False,False,scenario_baseline
16.0,NODE_9634,10974501473,4,0,GGGGr,r,False,False,0,,65.0,81.0,False,False,scenario_baseline
16.0,LINK_194891,11203052965,11,0,GGGGGGGGGGGr,r,False,False,0,,63.0,79.0,False,False,scenario_baseline
16.0,NODE_10378,11139418715,2,0,GGr,r,False,False,0,,63.0,79.0,False,False,scenario_baseline
16.0,NODE_5681,11139418723,2,0,GGr,r,False,False,0,,63.0,79.0,False,False,scenario_baseline
16.0,NODE_10262,11203041635,4,0,GGGGr,r,False,False,0,,63.0,79.0,False,False,scenario_baseline
16.5,LINK_249048,5161705573,2,0,GGr,r,False,False,0,,62.5,79.0,False,False,scenario_baseline
16.5,NODE_5837,5161705573,2,0,GGr,r,False,False,0,,62.5,79.0,False,False,scenario_baseline
16.5,LINK_10218,11139418715,2,0,GGr,r,False,False,0,,62.5,79.0,False,False,scenario_baseline
16.5,LINK_140740,11139418715,2,0,GGr,r,False,False,0,,62.5,79.0,False,False,scenario_baseline
16.5,NODE_9634,10974501473,4,0,GGGGr,r,False,False,0,,64.5,81.0,False,False,scenario_baseline
16.5,LINK_194891,11203052965,11,0,GGGGGGGGGGGr,r,False,False,0,,62.5,79.0,False,False,scenario_baseline
16.5,NODE_10378,11139418715,2,0,GGr,r,False,False,0,,62.5,79.0,False,False,scenario_baseline
16.5,NODE_5681,11139418723,2,0,GGr,r,False,False,0,,62.5,79.0,False,False,scenario_baseline
16.5,NODE_10262,11203041635,4,0,GGGGr,r,False,False,0,,62.5,79.0,False,False,scenario_baseline
17.0,LINK_249048,5161705573,2,0,GGr,r,False,False,0,,62.0,79.0,False,False,scenario_baseline
17.0,NODE_5837,5161705573,2,0,GGr,r,False,False,0,,62.0,79.0,False,False,scenario_baseline
17.0,LINK_10218,11139418715,2,0,GGr,r,False,False,0,,62.0,79.0,False,False,scenario_baseline
17.0,LINK_140740,11139418715,2,0,GGr,r,False,False,0,,62.0,79.0,False,False,scenario_baseline
17.0,NODE_9634,10974501473,4,0,GGGGr,r,False,False,0,,64.0,81.0,False,False,scenario_baseline
17.0,LINK_194891,11203052965,11,0,GGGGGGGGGGGr,r,False,False,0,,62.0,79.0,False,False,scenario_baseline
17.0,NODE_10378,11139418715,2,0,GGr,r,False,False,0,,62.0,79.0,False,False,scenario_baseline
17.0,NODE_5681,11139418723,2,0,GGr,r,False,False,0,,62.0,79.0,False,False,scenario_baseline
17.0,NODE_10262,11203041635,4,0,GGGGr,r,False,False,0,,62.0,79.0,False,False,scenario_baseline
17.5,LINK_249048,5161705573,2,0,GGr,r,False,False,0,,61.5,79.0,False,False,scenario_baseline
17.5,NODE_5837,5161705573,2,0,GGr,r,False,False,0,,61.5,79.0,False,False,scenario_baseline
17.5,LINK_10218,11139418715,2,0,GGr,r,False,False,0,,61.5,79.0,False,False,scenario_baseline
17.5,LINK_140740,11139418715,2,0,GGr,r,False,False,0,,61.5,79.0,False,False,scenario_baseline
17.5,NODE_9634,10974501473,4,0,GGGGr,r,False,False,0,,63.5,81.0,False,False,scenario_baseline
17.5,LINK_194891,11203052965,11,0,GGGGGGGGGGGr,r,False,False,0,,61.5,79.0,False,False,scenario_baseline
17.5,NODE_10378,11139418715,2,0,GGr,r,False,False,0,,61.5,79.0,False,False,scenario_baseline
17.5,NODE_5681,11139418723,2,0,GGr,r,False,False,0,,61.5,79.0,False,False,scenario_baseline
17.5,NODE_10262,11203041635,4,0,GGGGr,r,False,False,0,,61.5,79.0,False,False,scenario_baseline
18.0,LINK_249048,5161705573,2,0,GGr,r,False,False,0,,61.0,79.0,False,False,scenario_baseline
18.0,NODE_5837,5161705573,2,0,GGr,r,False,False,0,,61.0,79.0,False,False,scenario_baseline
18.0,LINK_10218,11139418715,2,0,GGr,r,False,False,0,,61.0,79.0,False,False,scenario_baseline
18.0,LINK_140740,11139418715,2,0,GGr,r,False,False,0,,61.0,79.0,False,False,scenario_baseline
18.0,NODE_9634,10974501473,4,0,GGGGr,r,False,False,0,,63.0,81.0,False,False,scenario_baseline
18.0,LINK_194891,11203052965,11,0,GGGGGGGGGGGr,r,False,False,0,,61.0,79.0,False,False,scenario_baseline
18.0,NODE_10378,11139418715,2,0,GGr,r,False,False,0,,61.0,79.0,False,False,scenario_baseline
18.0,NODE_5681,11139418723,2,0,GGr,r,False,False,0,,61.0,79.0,False,False,scenario_baseline
18.0,NODE_10262,11203041635,4,0,GGGGr,r,False,False,0,,61.0,79.0,False,False,scenario_baseline
18.5,LINK_249048,5161705573,2,0,GGr,r,False,False,0,,60.5,79.0,False,False,scenario_baseline
18.5,NODE_5837,5161705573,2,0,GGr,r,False,False,0,,60.5,79.0,False,False,scenario_baseline
18.5,LINK_10218,11139418715,2,0,GGr,r,False,False,0,,60.5,79.0,False,False,scenario_baseline
18.5,LINK_140740,11139418715,2,0,GGr,r,False,False,0,,60.5,79.0,False,False,scenario_baseline
18.5,NODE_9634,10974501473,4,0,GGGGr,r,False,False,0,,62.5,81.0,False,False,scenario_baseline
18.5,LINK_194891,11203052965,11,0,GGGGGGGGGGGr,r,False,False,0,,60.5,79.0,False,False,scenario_baseline
18.5,NODE_10378,11139418715,2,0,GGr,r,False,False,0,,60.5,79.0,False,False,scenario_baseline
18.5,NODE_5681,11139418723,2,0,GGr,r,False,False,0,,60.5,79.0,False,False,scenario_baseline
18.5,NODE_10262,11203041635,4,0,GGGGr,r,False,False,0,,60.5,79.0,False,False,scenario_baseline
19.0,LINK_249048,5161705573,2,0,GGr,r,False,False,0,,60.0,79.0,False,False,scenario_baseline
19.0,NODE_5837,5161705573,2,0,GGr,r,False,False,0,,60.0,79.0,False,False,scenario_baseline
19.0,LINK_10218,11139418715,2,0,GGr,r,False,False,0,,60.0,79.0,False,False,scenario_baseline
19.0,LINK_140740,11139418715,2,0,GGr,r,False,False,0,,60.0,79.0,False,False,scenario_baseline
19.0,NODE_9634,10974501473,4,0,GGGGr,r,False,False,0,,62.0,81.0,False,False,scenario_baseline
19.0,LINK_194891,11203052965,11,0,GGGGGGGGGGGr,r,False,False,0,,60.0,79.0,False,False,scenario_baseline
19.0,NODE_10378,11139418715,2,0,GGr,r,False,False,0,,60.0,79.0,False,False,scenario_baseline
19.0,NODE_5681,11139418723,2,0,GGr,r,False,False,0,,60.0,79.0,False,False,scenario_baseline
19.0,NODE_10262,11203041635,4,0,GGGGr,r,False,False,0,,60.0,79.0,False,False,scenario_baseline
19.5,LINK_249048,5161705573,2,0,GGr,r,False,False,0,,59.5,79.0,False,False,scenario_baseline
19.5,NODE_5837,5161705573,2,0,GGr,r,False,False,0,,59.5,79.0,False,False,scenario_baseline
19.5,LINK_10218,11139418715,2,0,GGr,r,False,False,0,,59.5,79.0,False,False,scenario_baseline
19.5,LINK_140740,11139418715,2,0,GGr,r,False,False,0,,59.5,79.0,False,False,scenario_baseline
19.5,NODE_9634,10974501473,4,0,GGGGr,r,False,False,0,,61.5,81.0,False,False,scenario_baseline
19.5,LINK_194891,11203052965,11,0,GGGGGGGGGGGr,r,False,False,0,,59.5,79.0,False,False,scenario_baseline
19.5,NODE_10378,11139418715,2,0,GGr,r,False,False,0,,59.5,79.0,False,False,scenario_baseline
19.5,NODE_5681,11139418723,2,0,GGr,r,False,False,0,,59.5,79.0,False,False,scenario_baseline
19.5,NODE_10262,11203041635,4,0,GGGGr,r,False,False,0,,59.5,79.0,False,False,scenario_baseline
20.0,LINK_249048,5161705573,2,0,GGr,r,False,False,0,,59.0,79.0,False,False,scenario_baseline
20.0,NODE_5837,5161705573,2,0,GGr,r,False,False,0,,59.0,79.0,False,False,scenario_baseline
20.0,LINK_10218,11139418715,2,0,GGr,r,False,False,0,,59.0,79.0,False,False,scenario_baseline
20.0,LINK_140740,11139418715,2,0,GGr,r,False,False,0,,59.0,79.0,False,False,scenario_baseline
20.0,NODE_9634,10974501473,4,0,GGGGr,r,False,False,0,,61.0,81.0,False,False,scenario_baseline
20.0,LINK_194891,11203052965,11,0,GGGGGGGGGGGr,r,False,False,0,,59.0,79.0,False,False,scenario_baseline
20.0,NODE_10378,11139418715,2,0,GGr,r,False,False,0,,59.0,79.0,False,False,scenario_baseline
20.0,NODE_5681,11139418723,2,0,GGr,r,False,False,0,,59.0,79.0,False,False,scenario_baseline
20.0,NODE_10262,11203041635,4,0,GGGGr,r,False,False,0,,59.0,79.0,False,False,scenario_baseline
20.5,LINK_249048,5161705573,2,0,GGr,r,False,False,0,,58.5,79.0,False,False,scenario_baseline
20.5,NODE_5837,5161705573,2,0,GGr,r,False,False,0,,58.5,79.0,False,False,scenario_baseline
20.5,LINK_10218,11139418715,2,0,GGr,r,False,False,0,,58.5,79.0,False,False,scenario_baseline
20.5,LINK_140740,11139418715,2,0,GGr,r,False,False,0,,58.5,79.0,False,False,scenario_baseline
20.5,NODE_9634,10974501473,4,0,GGGGr,r,False,False,0,,60.5,81.0,False,False,scenario_baseline
20.5,LINK_194891,11203052965,11,0,GGGGGGGGGGGr,r,False,False,0,,58.5,79.0,False,False,scenario_baseline
20.5,NODE_10378,11139418715,2,0,GGr,r,False,False,0,,58.5,79.0,False,False,scenario_baseline
20.5,NODE_5681,11139418723,2,0,GGr,r,False,False,0,,58.5,79.0,False,False,scenario_baseline
20.5,NODE_10262,11203041635,4,0,GGGGr,r,False,False,0,,58.5,79.0,False,False,scenario_baseline
21.0,LINK_249048,5161705573,2,0,GGr,r,False,False,0,,58.0,79.0,False,False,scenario_baseline
21.0,NODE_5837,5161705573,2,0,GGr,r,False,False,0,,58.0,79.0,False,False,scenario_baseline
21.0,LINK_10218,11139418715,2,0,GGr,r,False,False,0,,58.0,79.0,False,False,scenario_baseline
21.0,LINK_140740,11139418715,2,0,GGr,r,False,False,0,,58.0,79.0,False,False,scenario_baseline
21.0,NODE_9634,10974501473,4,0,GGGGr,r,False,False,0,,60.0,81.0,False,False,scenario_baseline
21.0,LINK_194891,11203052965,11,0,GGGGGGGGGGGr,r,False,False,0,,58.0,79.0,False,False,scenario_baseline
21.0,NODE_10378,11139418715,2,0,GGr,r,False,False,0,,58.0,79.0,False,False,scenario_baseline
21.0,NODE_5681,11139418723,2,0,GGr,r,False,False,0,,58.0,79.0,False,False,scenario_baseline
21.0,NODE_10262,11203041635,4,0,GGGGr,r,False,False,0,,58.0,79.0,False,False,scenario_baseline
21.5,LINK_249048,5161705573,2,0,GGr,r,False,False,0,,57.5,79.0,False,False,scenario_baseline
21.5,NODE_5837,5161705573,2,0,GGr,r,False,False,0,,57.5,79.0,False,False,scenario_baseline
21.5,LINK_10218,11139418715,2,0,GGr,r,False,False,0,,57.5,79.0,False,False,scenario_baseline
21.5,LINK_140740,11139418715,2,0,GGr,r,False,False,0,,57.5,79.0,False,False,scenario_baseline
21.5,NODE_9634,10974501473,4,0,GGGGr,r,False,False,0,,59.5,81.0,False,False,scenario_baseline
21.5,LINK_194891,11203052965,11,0,GGGGGGGGGGGr,r,False,False,0,,57.5,79.0,False,False,scenario_baseline
21.5,NODE_10378,11139418715,2,0,GGr,r,False,False,0,,57.5,79.0,False,False,scenario_baseline
21.5,NODE_5681,11139418723,2,0,GGr,r,False,False,0,,57.5,79.0,False,False,scenario_baseline
21.5,NODE_10262,11203041635,4,0,GGGGr,r,False,False,0,,57.5,79.0,False,False,scenario_baseline
22.0,LINK_249048,5161705573,2,0,GGr,r,False,False,0,,57.0,79.0,False,False,scenario_baseline
22.0,NODE_5837,5161705573,2,0,GGr,r,False,False,0,,57.0,79.0,False,False,scenario_baseline
22.0,LINK_10218,11139418715,2,0,GGr,r,False,False,0,,57.0,79.0,False,False,scenario_baseline
22.0,LINK_140740,11139418715,2,0,GGr,r,False,False,0,,57.0,79.0,False,False,scenario_baseline
22.0,NODE_9634,10974501473,4,0,GGGGr,r,False,False,0,,59.0,81.0,False,False,scenario_baseline
22.0,LINK_194891,11203052965,11,0,GGGGGGGGGGGr,r,False,False,0,,57.0,79.0,False,False,scenario_baseline
22.0,NODE_10378,11139418715,2,0,GGr,r,False,False,0,,57.0,79.0,False,False,scenario_baseline
22.0,NODE_5681,11139418723,2,0,GGr,r,False,False,0,,57.0,79.0,False,False,scenario_baseline
22.0,NODE_10262,11203041635,4,0,GGGGr,r,False,False,0,,57.0,79.0,False,False,scenario_baseline
22.5,LINK_249048,5161705573,2,0,GGr,r,False,False,0,,56.5,79.0,False,False,scenario_baseline
22.5,NODE_5837,5161705573,2,0,GGr,r,False,False,0,,56.5,79.0,False,False,scenario_baseline
22.5,LINK_10218,11139418715,2,0,GGr,r,False,False,0,,56.5,79.0,False,False,scenario_baseline
22.5,LINK_140740,11139418715,2,0,GGr,r,False,False,0,,56.5,79.0,False,False,scenario_baseline
22.5,NODE_9634,10974501473,4,0,GGGGr,r,False,False,0,,58.5,81.0,False,False,scenario_baseline
22.5,LINK_194891,11203052965,11,0,GGGGGGGGGGGr,r,False,False,0,,56.5,79.0,False,False,scenario_baseline
22.5,NODE_10378,11139418715,2,0,GGr,r,False,False,0,,56.5,79.0,False,False,scenario_baseline
22.5,NODE_5681,11139418723,2,0,GGr,r,False,False,0,,56.5,79.0,False,False,scenario_baseline
22.5,NODE_10262,11203041635,4,0,GGGGr,r,False,False,0,,56.5,79.0,False,False,scenario_baseline
23.0,LINK_249048,5161705573,2,0,GGr,r,False,False,0,,56.0,79.0,False,False,scenario_baseline
23.0,NODE_5837,5161705573,2,0,GGr,r,False,False,0,,56.0,79.0,False,False,scenario_baseline
23.0,LINK_10218,11139418715,2,0,GGr,r,False,False,0,,56.0,79.0,False,False,scenario_baseline
23.0,LINK_140740,11139418715,2,0,GGr,r,False,False,0,,56.0,79.0,False,False,scenario_baseline
23.0,NODE_9634,10974501473,4,0,GGGGr,r,False,False,0,,58.0,81.0,False,False,scenario_baseline
23.0,LINK_194891,11203052965,11,0,GGGGGGGGGGGr,r,False,False,0,,56.0,79.0,False,False,scenario_baseline
23.0,NODE_10378,11139418715,2,0,GGr,r,False,False,0,,56.0,79.0,False,False,scenario_baseline
23.0,NODE_5681,11139418723,2,0,GGr,r,False,False,0,,56.0,79.0,False,False,scenario_baseline
23.0,NODE_10262,11203041635,4,0,GGGGr,r,False,False,0,,56.0,79.0,False,False,scenario_baseline
23.5,LINK_249048,5161705573,2,0,GGr,r,False,False,0,,55.5,79.0,False,False,scenario_baseline
23.5,NODE_5837,5161705573,2,0,GGr,r,False,False,0,,55.5,79.0,False,False,scenario_baseline
23.5,LINK_10218,11139418715,2,0,GGr,r,False,False,0,,55.5,79.0,False,False,scenario_baseline
23.5,LINK_140740,11139418715,2,0,GGr,r,False,False,0,,55.5,79.0,False,False,scenario_baseline
23.5,NODE_9634,10974501473,4,0,GGGGr,r,False,False,0,,57.5,81.0,False,False,scenario_baseline
23.5,LINK_194891,11203052965,11,0,GGGGGGGGGGGr,r,False,False,0,,55.5,79.0,False,False,scenario_baseline
23.5,NODE_10378,11139418715,2,0,GGr,r,False,False,0,,55.5,79.0,False,False,scenario_baseline
23.5,NODE_5681,11139418723,2,0,GGr,r,False,False,0,,55.5,79.0,False,False,scenario_baseline
23.5,NODE_10262,11203041635,4,0,GGGGr,r,False,False,0,,55.5,79.0,False,False,scenario_baseline
24.0,LINK_249048,5161705573,2,0,GGr,r,False,False,0,,55.0,79.0,False,False,scenario_baseline
24.0,NODE_5837,5161705573,2,0,GGr,r,False,False,0,,55.0,79.0,False,False,scenario_baseline
24.0,LINK_10218,11139418715,2,0,GGr,r,False,False,0,,55.0,79.0,False,False,scenario_baseline
24.0,LINK_140740,11139418715,2,0,GGr,r,False,False,0,,55.0,79.0,False,False,scenario_baseline
24.0,NODE_9634,10974501473,4,0,GGGGr,r,False,False,0,,57.0,81.0,False,False,scenario_baseline
24.0,LINK_194891,11203052965,11,0,GGGGGGGGGGGr,r,False,False,0,,55.0,79.0,False,False,scenario_baseline
24.0,NODE_10378,11139418715,2,0,GGr,r,False,False,0,,55.0,79.0,False,False,scenario_baseline
24.0,NODE_5681,11139418723,2,0,GGr,r,False,False,0,,55.0,79.0,False,False,scenario_baseline
24.0,NODE_10262,11203041635,4,0,GGGGr,r,False,False,0,,55.0,79.0,False,False,scenario_baseline
24.5,LINK_249048,5161705573,2,0,GGr,r,False,False,0,,54.5,79.0,False,False,scenario_baseline
24.5,NODE_5837,5161705573,2,0,GGr,r,False,False,0,,54.5,79.0,False,False,scenario_baseline
24.5,LINK_10218,11139418715,2,0,GGr,r,False,False,0,,54.5,79.0,False,False,scenario_baseline
24.5,LINK_140740,11139418715,2,0,GGr,r,False,False,0,,54.5,79.0,False,False,scenario_baseline
24.5,NODE_9634,10974501473,4,0,GGGGr,r,False,False,0,,56.5,81.0,False,False,scenario_baseline
24.5,LINK_194891,11203052965,11,0,GGGGGGGGGGGr,r,False,False,0,,54.5,79.0,False,False,scenario_baseline
24.5,NODE_10378,11139418715,2,0,GGr,r,False,False,0,,54.5,79.0,False,False,scenario_baseline
24.5,NODE_5681,11139418723,2,0,GGr,r,False,False,0,,54.5,79.0,False,False,scenario_baseline
24.5,NODE_10262,11203041635,4,0,GGGGr,r,False,False,0,,54.5,79.0,False,False,scenario_baseline
25.0,LINK_249048,5161705573,2,0,GGr,r,False,False,0,,54.0,79.0,False,False,scenario_baseline
25.0,NODE_5837,5161705573,2,0,GGr,r,False,False,0,,54.0,79.0,False,False,scenario_baseline
25.0,LINK_10218,11139418715,2,0,GGr,r,False,False,0,,54.0,79.0,False,False,scenario_baseline
25.0,LINK_140740,11139418715,2,0,GGr,r,False,False,0,,54.0,79.0,False,False,scenario_baseline
25.0,NODE_9634,10974501473,4,0,GGGGr,r,False,False,0,,56.0,81.0,False,False,scenario_baseline
25.0,LINK_194891,11203052965,11,0,GGGGGGGGGGGr,r,False,False,0,,54.0,79.0,False,False,scenario_baseline
25.0,NODE_10378,11139418715,2,0,GGr,r,False,False,0,,54.0,79.0,False,False,scenario_baseline
25.0,NODE_5681,11139418723,2,0,GGr,r,False,False,0,,54.0,79.0,False,False,scenario_baseline
25.0,NODE_10262,11203041635,4,0,GGGGr,r,False,False,0,,54.0,79.0,False,False,scenario_baseline
25.5,LINK_249048,5161705573,2,0,GGr,r,False,False,0,,53.5,79.0,False,False,scenario_baseline
25.5,NODE_5837,5161705573,2,0,GGr,r,False,False,0,,53.5,79.0,False,False,scenario_baseline
25.5,LINK_10218,11139418715,2,0,GGr,r,False,False,0,,53.5,79.0,False,False,scenario_baseline
25.5,LINK_140740,11139418715,2,0,GGr,r,False,False,0,,53.5,79.0,False,False,scenario_baseline
25.5,NODE_9634,10974501473,4,0,GGGGr,r,False,False,0,,55.5,81.0,False,False,scenario_baseline
25.5,LINK_194891,11203052965,11,0,GGGGGGGGGGGr,r,False,False,0,,53.5,79.0,False,False,scenario_baseline
25.5,NODE_10378,11139418715,2,0,GGr,r,False,False,0,,53.5,79.0,False,False,scenario_baseline
25.5,NODE_5681,11139418723,2,0,GGr,r,False,False,0,,53.5,79.0,False,False,scenario_baseline
25.5,NODE_10262,11203041635,4,0,GGGGr,r,False,False,0,,53.5,79.0,False,False,scenario_baseline
26.0,LINK_249048,5161705573,2,0,GGr,r,False,False,0,,53.0,79.0,False,False,scenario_baseline
26.0,NODE_5837,5161705573,2,0,GGr,r,False,False,0,,53.0,79.0,False,False,scenario_baseline
26.0,LINK_10218,11139418715,2,0,GGr,r,False,False,0,,53.0,79.0,False,False,scenario_baseline
26.0,LINK_140740,11139418715,2,0,GGr,r,False,False,0,,53.0,79.0,False,False,scenario_baseline
26.0,NODE_9634,10974501473,4,0,GGGGr,r,False,False,0,,55.0,81.0,False,False,scenario_baseline
26.0,LINK_194891,11203052965,11,0,GGGGGGGGGGGr,r,False,False,0,,53.0,79.0,False,False,scenario_baseline
26.0,NODE_10378,11139418715,2,0,GGr,r,False,False,0,,53.0,79.0,False,False,scenario_baseline
26.0,NODE_5681,11139418723,2,0,GGr,r,False,False,0,,53.0,79.0,False,False,scenario_baseline
26.0,NODE_10262,11203041635,4,0,GGGGr,r,False,False,0,,53.0,79.0,False,False,scenario_baseline
26.5,LINK_249048,5161705573,2,0,GGr,r,False,False,0,,52.5,79.0,False,False,scenario_baseline
26.5,NODE_5837,5161705573,2,0,GGr,r,False,False,0,,52.5,79.0,False,False,scenario_baseline
26.5,LINK_10218,11139418715,2,0,GGr,r,False,False,0,,52.5,79.0,False,False,scenario_baseline
26.5,LINK_140740,11139418715,2,0,GGr,r,False,False,0,,52.5,79.0,False,False,scenario_baseline
26.5,NODE_9634,10974501473,4,0,GGGGr,r,False,False,0,,54.5,81.0,False,False,scenario_baseline
26.5,LINK_194891,11203052965,11,0,GGGGGGGGGGGr,r,False,False,0,,52.5,79.0,False,False,scenario_baseline
26.5,NODE_10378,11139418715,2,0,GGr,r,False,False,0,,52.5,79.0,False,False,scenario_baseline
26.5,NODE_5681,11139418723,2,0,GGr,r,False,False,0,,52.5,79.0,False,False,scenario_baseline
26.5,NODE_10262,11203041635,4,0,GGGGr,r,False,False,0,,52.5,79.0,False,False,scenario_baseline
27.0,LINK_249048,5161705573,2,0,GGr,r,False,False,0,,52.0,79.0,False,False,scenario_baseline
27.0,NODE_5837,5161705573,2,0,GGr,r,False,False,0,,52.0,79.0,False,False,scenario_baseline
27.0,LINK_10218,11139418715,2,0,GGr,r,False,False,0,,52.0,79.0,False,False,scenario_baseline
27.0,LINK_140740,11139418715,2,0,GGr,r,False,False,0,,52.0,79.0,False,False,scenario_baseline
27.0,NODE_9634,10974501473,4,0,GGGGr,r,False,False,0,,54.0,81.0,False,False,scenario_baseline
27.0,LINK_194891,11203052965,11,0,GGGGGGGGGGGr,r,False,False,0,,52.0,79.0,False,False,scenario_baseline
27.0,NODE_10378,11139418715,2,0,GGr,r,False,False,0,,52.0,79.0,False,False,scenario_baseline
27.0,NODE_5681,11139418723,2,0,GGr,r,False,False,0,,52.0,79.0,False,False,scenario_baseline
27.0,NODE_10262,11203041635,4,0,GGGGr,r,False,False,0,,52.0,79.0,False,False,scenario_baseline
27.5,LINK_249048,5161705573,2,0,GGr,r,False,False,0,,51.5,79.0,False,False,scenario_baseline
27.5,NODE_5837,5161705573,2,0,GGr,r,False,False,0,,51.5,79.0,False,False,scenario_baseline
27.5,LINK_10218,11139418715,2,0,GGr,r,False,False,0,,51.5,79.0,False,False,scenario_baseline
27.5,LINK_140740,11139418715,2,0,GGr,r,False,False,0,,51.5,79.0,False,False,scenario_baseline
27.5,NODE_9634,10974501473,4,0,GGGGr,r,False,False,0,,53.5,81.0,False,False,scenario_baseline
27.5,LINK_194891,11203052965,11,0,GGGGGGGGGGGr,r,False,False,0,,51.5,79.0,False,False,scenario_baseline
27.5,NODE_10378,11139418715,2,0,GGr,r,False,False,0,,51.5,79.0,False,False,scenario_baseline
27.5,NODE_5681,11139418723,2,0,GGr,r,False,False,0,,51.5,79.0,False,False,scenario_baseline
27.5,NODE_10262,11203041635,4,0,GGGGr,r,False,False,0,,51.5,79.0,False,False,scenario_baseline
28.0,LINK_249048,5161705573,2,0,GGr,r,False,False,0,,51.0,79.0,False,False,scenario_baseline
28.0,NODE_5837,5161705573,2,0,GGr,r,False,False,0,,51.0,79.0,False,False,scenario_baseline
28.0,LINK_10218,11139418715,2,0,GGr,r,False,False,0,,51.0,79.0,False,False,scenario_baseline
28.0,LINK_140740,11139418715,2,0,GGr,r,False,False,0,,51.0,79.0,False,False,scenario_baseline
28.0,NODE_9634,10974501473,4,0,GGGGr,r,False,False,0,,53.0,81.0,False,False,scenario_baseline
28.0,LINK_194891,11203052965,11,0,GGGGGGGGGGGr,r,False,False,0,,51.0,79.0,False,False,scenario_baseline
28.0,NODE_10378,11139418715,2,0,GGr,r,False,False,0,,51.0,79.0,False,False,scenario_baseline
28.0,NODE_5681,11139418723,2,0,GGr,r,False,False,0,,51.0,79.0,False,False,scenario_baseline
28.0,NODE_10262,11203041635,4,0,GGGGr,r,False,False,0,,51.0,79.0,False,False,scenario_baseline
28.5,LINK_249048,5161705573,2,0,GGr,r,False,False,0,,50.5,79.0,False,False,scenario_baseline
28.5,NODE_5837,5161705573,2,0,GGr,r,False,False,0,,50.5,79.0,False,False,scenario_baseline
28.5,LINK_10218,11139418715,2,0,GGr,r,False,False,0,,50.5,79.0,False,False,scenario_baseline
28.5,LINK_140740,11139418715,2,0,GGr,r,False,False,0,,50.5,79.0,False,False,scenario_baseline
28.5,NODE_9634,10974501473,4,0,GGGGr,r,False,False,0,,52.5,81.0,False,False,scenario_baseline
28.5,LINK_194891,11203052965,11,0,GGGGGGGGGGGr,r,False,False,0,,50.5,79.0,False,False,scenario_baseline
28.5,NODE_10378,11139418715,2,0,GGr,r,False,False,0,,50.5,79.0,False,False,scenario_baseline
28.5,NODE_5681,11139418723,2,0,GGr,r,False,False,0,,50.5,79.0,False,False,scenario_baseline
28.5,NODE_10262,11203041635,4,0,GGGGr,r,False,False,0,,50.5,79.0,False,False,scenario_baseline
29.0,LINK_249048,5161705573,2,0,GGr,r,False,False,0,,50.0,79.0,False,False,scenario_baseline
29.0,NODE_5837,5161705573,2,0,GGr,r,False,False,0,,50.0,79.0,False,False,scenario_baseline
29.0,LINK_10218,11139418715,2,0,GGr,r,False,False,0,,50.0,79.0,False,False,scenario_baseline
29.0,LINK_140740,11139418715,2,0,GGr,r,False,False,0,,50.0,79.0,False,False,scenario_baseline
29.0,NODE_9634,10974501473,4,0,GGGGr,r,False,False,0,,52.0,81.0,False,False,scenario_baseline
29.0,LINK_194891,11203052965,11,0,GGGGGGGGGGGr,r,False,False,0,,50.0,79.0,False,False,scenario_baseline
29.0,NODE_10378,11139418715,2,0,GGr,r,False,False,0,,50.0,79.0,False,False,scenario_baseline
29.0,NODE_5681,11139418723,2,0,GGr,r,False,False,0,,50.0,79.0,False,False,scenario_baseline
29.0,NODE_10262,11203041635,4,0,GGGGr,r,False,False,0,,50.0,79.0,False,False,scenario_baseline
29.5,LINK_249048,5161705573,2,0,GGr,r,False,False,0,,49.5,79.0,False,False,scenario_baseline
29.5,NODE_5837,5161705573,2,0,GGr,r,False,False,0,,49.5,79.0,False,False,scenario_baseline
29.5,LINK_10218,11139418715,2,0,GGr,r,False,False,0,,49.5,79.0,False,False,scenario_baseline
29.5,LINK_140740,11139418715,2,0,GGr,r,False,False,0,,49.5,79.0,False,False,scenario_baseline
29.5,NODE_9634,10974501473,4,0,GGGGr,r,False,False,0,,51.5,81.0,False,False,scenario_baseline
29.5,LINK_194891,11203052965,11,0,GGGGGGGGGGGr,r,False,False,0,,49.5,79.0,False,False,scenario_baseline
29.5,NODE_10378,11139418715,2,0,GGr,r,False,False,0,,49.5,79.0,False,False,scenario_baseline
29.5,NODE_5681,11139418723,2,0,GGr,r,False,False,0,,49.5,79.0,False,False,scenario_baseline
29.5,NODE_10262,11203041635,4,0,GGGGr,r,False,False,0,,49.5,79.0,False,False,scenario_baseline
30.0,LINK_249048,5161705573,2,0,GGr,r,False,False,0,,49.0,79.0,False,False,scenario_baseline
30.0,NODE_5837,5161705573,2,0,GGr,r,False,False,0,,49.0,79.0,False,False,scenario_baseline
30.0,LINK_10218,11139418715,2,0,GGr,r,False,False,0,,49.0,79.0,False,False,scenario_baseline
30.0,LINK_140740,11139418715,2,0,GGr,r,False,False,0,,49.0,79.0,False,False,scenario_baseline
30.0,NODE_9634,10974501473,4,0,GGGGr,r,False,False,0,,51.0,81.0,False,False,scenario_baseline
30.0,LINK_194891,11203052965,11,0,GGGGGGGGGGGr,r,False,False,0,,49.0,79.0,False,False,scenario_baseline
30.0,NODE_10378,11139418715,2,0,GGr,r,False,False,0,,49.0,79.0,False,False,scenario_baseline
30.0,NODE_5681,11139418723,2,0,GGr,r,False,False,0,,49.0,79.0,False,False,scenario_baseline
30.0,NODE_10262,11203041635,4,0,GGGGr,r,False,False,0,,49.0,79.0,False,False,scenario_baseline
30.5,LINK_249048,5161705573,2,0,GGr,r,False,False,0,,48.5,79.0,False,False,scenario_baseline
30.5,NODE_5837,5161705573,2,0,GGr,r,False,False,0,,48.5,79.0,False,False,scenario_baseline
30.5,LINK_10218,11139418715,2,0,GGr,r,False,False,0,,48.5,79.0,False,False,scenario_baseline
30.5,LINK_140740,11139418715,2,0,GGr,r,False,False,0,,48.5,79.0,False,False,scenario_baseline
30.5,NODE_9634,10974501473,4,0,GGGGr,r,False,False,0,,50.5,81.0,False,False,scenario_baseline
30.5,LINK_194891,11203052965,11,0,GGGGGGGGGGGr,r,False,False,0,,48.5,79.0,False,False,scenario_baseline
30.5,NODE_10378,11139418715,2,0,GGr,r,False,False,0,,48.5,79.0,False,False,scenario_baseline
30.5,NODE_5681,11139418723,2,0,GGr,r,False,False,0,,48.5,79.0,False,False,scenario_baseline
30.5,NODE_10262,11203041635,4,0,GGGGr,r,False,False,0,,48.5,79.0,False,False,scenario_baseline
31.0,LINK_249048,5161705573,2,0,GGr,r,False,False,0,,48.0,79.0,False,False,scenario_baseline
31.0,NODE_5837,5161705573,2,0,GGr,r,False,False,0,,48.0,79.0,False,False,scenario_baseline
31.0,LINK_10218,11139418715,2,0,GGr,r,False,False,0,,48.0,79.0,False,False,scenario_baseline
31.0,LINK_140740,11139418715,2,0,GGr,r,False,False,0,,48.0,79.0,False,False,scenario_baseline
31.0,NODE_9634,10974501473,4,0,GGGGr,r,False,False,0,,50.0,81.0,False,False,scenario_baseline
31.0,LINK_194891,11203052965,11,0,GGGGGGGGGGGr,r,False,False,0,,48.0,79.0,False,False,scenario_baseline
31.0,NODE_10378,11139418715,2,0,GGr,r,False,False,0,,48.0,79.0,False,False,scenario_baseline
31.0,NODE_5681,11139418723,2,0,GGr,r,False,False,0,,48.0,79.0,False,False,scenario_baseline
31.0,NODE_10262,11203041635,4,0,GGGGr,r,False,False,0,,48.0,79.0,False,False,scenario_baseline
31.5,LINK_249048,5161705573,2,0,GGr,r,False,False,0,,47.5,79.0,False,False,scenario_baseline
31.5,NODE_5837,5161705573,2,0,GGr,r,False,False,0,,47.5,79.0,False,False,scenario_baseline
31.5,LINK_10218,11139418715,2,0,GGr,r,False,False,0,,47.5,79.0,False,False,scenario_baseline
31.5,LINK_140740,11139418715,2,0,GGr,r,False,False,0,,47.5,79.0,False,False,scenario_baseline
31.5,NODE_9634,10974501473,4,0,GGGGr,r,False,False,0,,49.5,81.0,False,False,scenario_baseline
31.5,LINK_194891,11203052965,11,0,GGGGGGGGGGGr,r,False,False,0,,47.5,79.0,False,False,scenario_baseline
31.5,NODE_10378,11139418715,2,0,GGr,r,False,False,0,,47.5,79.0,False,False,scenario_baseline
31.5,NODE_5681,11139418723,2,0,GGr,r,False,False,0,,47.5,79.0,False,False,scenario_baseline
31.5,NODE_10262,11203041635,4,0,GGGGr,r,False,False,0,,47.5,79.0,False,False,scenario_baseline
32.0,LINK_249048,5161705573,2,0,GGr,r,False,False,0,,47.0,79.0,False,False,scenario_baseline
32.0,NODE_5837,5161705573,2,0,GGr,r,False,False,0,,47.0,79.0,False,False,scenario_baseline
32.0,LINK_10218,11139418715,2,0,GGr,r,False,False,0,,47.0,79.0,False,False,scenario_baseline
32.0,LINK_140740,11139418715,2,0,GGr,r,False,False,0,,47.0,79.0,False,False,scenario_baseline
32.0,NODE_9634,10974501473,4,0,GGGGr,r,False,False,0,,49.0,81.0,False,False,scenario_baseline
32.0,LINK_194891,11203052965,11,0,GGGGGGGGGGGr,r,False,False,0,,47.0,79.0,False,False,scenario_baseline
32.0,NODE_10378,11139418715,2,0,GGr,r,False,False,0,,47.0,79.0,False,False,scenario_baseline
32.0,NODE_5681,11139418723,2,0,GGr,r,False,False,0,,47.0,79.0,False,False,scenario_baseline
32.0,NODE_10262,11203041635,4,0,GGGGr,r,False,False,0,,47.0,79.0,False,False,scenario_baseline
32.5,LINK_249048,5161705573,2,0,GGr,r,False,False,0,,46.5,79.0,False,False,scenario_baseline
32.5,NODE_5837,5161705573,2,0,GGr,r,False,False,0,,46.5,79.0,False,False,scenario_baseline
32.5,LINK_10218,11139418715,2,0,GGr,r,False,False,0,,46.5,79.0,False,False,scenario_baseline
32.5,LINK_140740,11139418715,2,0,GGr,r,False,False,0,,46.5,79.0,False,False,scenario_baseline
32.5,NODE_9634,10974501473,4,0,GGGGr,r,False,False,0,,48.5,81.0,False,False,scenario_baseline
32.5,LINK_194891,11203052965,11,0,GGGGGGGGGGGr,r,False,False,0,,46.5,79.0,False,False,scenario_baseline
32.5,NODE_10378,11139418715,2,0,GGr,r,False,False,0,,46.5,79.0,False,False,scenario_baseline
32.5,NODE_5681,11139418723,2,0,GGr,r,False,False,0,,46.5,79.0,False,False,scenario_baseline
32.5,NODE_10262,11203041635,4,0,GGGGr,r,False,False,0,,46.5,79.0,False,False,scenario_baseline
33.0,LINK_249048,5161705573,2,0,GGr,r,False,False,0,,46.0,79.0,False,False,scenario_baseline
33.0,NODE_5837,5161705573,2,0,GGr,r,False,False,0,,46.0,79.0,False,False,scenario_baseline
33.0,LINK_10218,11139418715,2,0,GGr,r,False,False,0,,46.0,79.0,False,False,scenario_baseline
33.0,LINK_140740,11139418715,2,0,GGr,r,False,False,0,,46.0,79.0,False,False,scenario_baseline
33.0,NODE_9634,10974501473,4,0,GGGGr,r,False,False,0,,48.0,81.0,False,False,scenario_baseline
33.0,LINK_194891,11203052965,11,0,GGGGGGGGGGGr,r,False,False,0,,46.0,79.0,False,False,scenario_baseline
33.0,NODE_10378,11139418715,2,0,GGr,r,False,False,0,,46.0,79.0,False,False,scenario_baseline
33.0,NODE_5681,11139418723,2,0,GGr,r,False,False,0,,46.0,79.0,False,False,scenario_baseline
33.0,NODE_10262,11203041635,4,0,GGGGr,r,False,False,0,,46.0,79.0,False,False,scenario_baseline
33.5,LINK_249048,5161705573,2,0,GGr,r,False,False,0,,45.5,79.0,False,False,scenario_baseline
33.5,NODE_5837,5161705573,2,0,GGr,r,False,False,0,,45.5,79.0,False,False,scenario_baseline
33.5,LINK_10218,11139418715,2,0,GGr,r,False,False,0,,45.5,79.0,False,False,scenario_baseline
33.5,LINK_140740,11139418715,2,0,GGr,r,False,False,0,,45.5,79.0,False,False,scenario_baseline
33.5,NODE_9634,10974501473,4,0,GGGGr,r,False,False,0,,47.5,81.0,False,False,scenario_baseline
33.5,LINK_194891,11203052965,11,0,GGGGGGGGGGGr,r,False,False,0,,45.5,79.0,False,False,scenario_baseline
33.5,NODE_10378,11139418715,2,0,GGr,r,False,False,0,,45.5,79.0,False,False,scenario_baseline
33.5,NODE_5681,11139418723,2,0,GGr,r,False,False,0,,45.5,79.0,False,False,scenario_baseline
33.5,NODE_10262,11203041635,4,0,GGGGr,r,False,False,0,,45.5,79.0,False,False,scenario_baseline
34.0,LINK_249048,5161705573,2,0,GGr,r,False,False,0,,45.0,79.0,False,False,scenario_baseline
34.0,NODE_5837,5161705573,2,0,GGr,r,False,False,0,,45.0,79.0,False,False,scenario_baseline
34.0,LINK_10218,11139418715,2,0,GGr,r,False,False,0,,45.0,79.0,False,False,scenario_baseline
34.0,LINK_140740,11139418715,2,0,GGr,r,False,False,0,,45.0,79.0,False,False,scenario_baseline
34.0,NODE_9634,10974501473,4,0,GGGGr,r,False,False,0,,47.0,81.0,False,False,scenario_baseline
34.0,LINK_194891,11203052965,11,0,GGGGGGGGGGGr,r,False,False,0,,45.0,79.0,False,False,scenario_baseline
34.0,NODE_10378,11139418715,2,0,GGr,r,False,False,0,,45.0,79.0,False,False,scenario_baseline
34.0,NODE_5681,11139418723,2,0,GGr,r,False,False,0,,45.0,79.0,False,False,scenario_baseline
34.0,NODE_10262,11203041635,4,0,GGGGr,r,False,False,0,,45.0,79.0,False,False,scenario_baseline
34.5,LINK_249048,5161705573,2,0,GGr,r,False,False,0,,44.5,79.0,False,False,scenario_baseline
34.5,NODE_5837,5161705573,2,0,GGr,r,False,False,0,,44.5,79.0,False,False,scenario_baseline
34.5,LINK_10218,11139418715,2,0,GGr,r,False,False,0,,44.5,79.0,False,False,scenario_baseline
34.5,LINK_140740,11139418715,2,0,GGr,r,False,False,0,,44.5,79.0,False,False,scenario_baseline
34.5,NODE_9634,10974501473,4,0,GGGGr,r,False,False,0,,46.5,81.0,False,False,scenario_baseline
34.5,LINK_194891,11203052965,11,0,GGGGGGGGGGGr,r,False,False,0,,44.5,79.0,False,False,scenario_baseline
34.5,NODE_10378,11139418715,2,0,GGr,r,False,False,0,,44.5,79.0,False,False,scenario_baseline
34.5,NODE_5681,11139418723,2,0,GGr,r,False,False,0,,44.5,79.0,False,False,scenario_baseline
34.5,NODE_10262,11203041635,4,0,GGGGr,r,False,False,0,,44.5,79.0,False,False,scenario_baseline
35.0,LINK_249048,5161705573,2,0,GGr,r,False,False,0,,44.0,79.0,False,False,scenario_baseline
35.0,NODE_5837,5161705573,2,0,GGr,r,False,False,0,,44.0,79.0,False,False,scenario_baseline
35.0,LINK_10218,11139418715,2,0,GGr,r,False,False,0,,44.0,79.0,False,False,scenario_baseline
35.0,LINK_140740,11139418715,2,0,GGr,r,False,False,0,,44.0,79.0,False,False,scenario_baseline
35.0,NODE_9634,10974501473,4,0,GGGGr,r,False,False,0,,46.0,81.0,False,False,scenario_baseline
35.0,LINK_194891,11203052965,11,0,GGGGGGGGGGGr,r,False,False,0,,44.0,79.0,False,False,scenario_baseline
35.0,NODE_10378,11139418715,2,0,GGr,r,False,False,0,,44.0,79.0,False,False,scenario_baseline
35.0,NODE_5681,11139418723,2,0,GGr,r,False,False,0,,44.0,79.0,False,False,scenario_baseline
35.0,NODE_10262,11203041635,4,0,GGGGr,r,False,False,0,,44.0,79.0,False,False,scenario_baseline
35.5,LINK_249048,5161705573,2,0,GGr,r,False,False,0,,43.5,79.0,False,False,scenario_baseline
35.5,NODE_5837,5161705573,2,0,GGr,r,False,False,0,,43.5,79.0,False,False,scenario_baseline
35.5,LINK_10218,11139418715,2,0,GGr,r,False,False,0,,43.5,79.0,False,False,scenario_baseline
35.5,LINK_140740,11139418715,2,0,GGr,r,False,False,0,,43.5,79.0,False,False,scenario_baseline
35.5,NODE_9634,10974501473,4,0,GGGGr,r,False,False,0,,45.5,81.0,False,False,scenario_baseline
35.5,LINK_194891,11203052965,11,0,GGGGGGGGGGGr,r,False,False,0,,43.5,79.0,False,False,scenario_baseline
35.5,NODE_10378,11139418715,2,0,GGr,r,False,False,0,,43.5,79.0,False,False,scenario_baseline
35.5,NODE_5681,11139418723,2,0,GGr,r,False,False,0,,43.5,79.0,False,False,scenario_baseline
35.5,NODE_10262,11203041635,4,0,GGGGr,r,False,False,0,,43.5,79.0,False,False,scenario_baseline
36.0,LINK_249048,5161705573,2,0,GGr,r,False,False,0,,43.0,79.0,False,False,scenario_baseline
36.0,NODE_5837,5161705573,2,0,GGr,r,False,False,0,,43.0,79.0,False,False,scenario_baseline
36.0,LINK_10218,11139418715,2,0,GGr,r,False,False,0,,43.0,79.0,False,False,scenario_baseline
36.0,LINK_140740,11139418715,2,0,GGr,r,False,False,0,,43.0,79.0,False,False,scenario_baseline
36.0,NODE_9634,10974501473,4,0,GGGGr,r,False,False,0,,45.0,81.0,False,False,scenario_baseline
36.0,LINK_194891,11203052965,11,0,GGGGGGGGGGGr,r,False,False,0,,43.0,79.0,False,False,scenario_baseline
36.0,NODE_10378,11139418715,2,0,GGr,r,False,False,0,,43.0,79.0,False,False,scenario_baseline
36.0,NODE_5681,11139418723,2,0,GGr,r,False,False,0,,43.0,79.0,False,False,scenario_baseline
36.0,NODE_10262,11203041635,4,0,GGGGr,r,False,False,0,,43.0,79.0,False,False,scenario_baseline
36.5,LINK_249048,5161705573,2,0,GGr,r,False,False,0,,42.5,79.0,False,False,scenario_baseline
36.5,NODE_5837,5161705573,2,0,GGr,r,False,False,0,,42.5,79.0,False,False,scenario_baseline
36.5,LINK_10218,11139418715,2,0,GGr,r,False,False,0,,42.5,79.0,False,False,scenario_baseline
36.5,LINK_140740,11139418715,2,0,GGr,r,False,False,0,,42.5,79.0,False,False,scenario_baseline
36.5,NODE_9634,10974501473,4,0,GGGGr,r,False,False,0,,44.5,81.0,False,False,scenario_baseline
36.5,LINK_194891,11203052965,11,0,GGGGGGGGGGGr,r,False,False,0,,42.5,79.0,False,False,scenario_baseline
36.5,NODE_10378,11139418715,2,0,GGr,r,False,False,0,,42.5,79.0,False,False,scenario_baseline
36.5,NODE_5681,11139418723,2,0,GGr,r,False,False,0,,42.5,79.0,False,False,scenario_baseline
36.5,NODE_10262,11203041635,4,0,GGGGr,r,False,False,0,,42.5,79.0,False,False,scenario_baseline
37.0,LINK_249048,5161705573,2,0,GGr,r,False,False,0,,42.0,79.0,False,False,scenario_baseline
37.0,NODE_5837,5161705573,2,0,GGr,r,False,False,0,,42.0,79.0,False,False,scenario_baseline
37.0,LINK_10218,11139418715,2,0,GGr,r,False,False,0,,42.0,79.0,False,False,scenario_baseline
37.0,LINK_140740,11139418715,2,0,GGr,r,False,False,0,,42.0,79.0,False,False,scenario_baseline
37.0,NODE_9634,10974501473,4,0,GGGGr,r,False,False,0,,44.0,81.0,False,False,scenario_baseline
37.0,LINK_194891,11203052965,11,0,GGGGGGGGGGGr,r,False,False,0,,42.0,79.0,False,False,scenario_baseline
37.0,NODE_10378,11139418715,2,0,GGr,r,False,False,0,,42.0,79.0,False,False,scenario_baseline
37.0,NODE_5681,11139418723,2,0,GGr,r,False,False,0,,42.0,79.0,False,False,scenario_baseline
37.0,NODE_10262,11203041635,4,0,GGGGr,r,False,False,0,,42.0,79.0,False,False,scenario_baseline
37.5,LINK_249048,5161705573,2,0,GGr,r,False,False,0,,41.5,79.0,False,False,scenario_baseline
37.5,NODE_5837,5161705573,2,0,GGr,r,False,False,0,,41.5,79.0,False,False,scenario_baseline
37.5,LINK_10218,11139418715,2,0,GGr,r,False,False,0,,41.5,79.0,False,False,scenario_baseline
37.5,LINK_140740,11139418715,2,0,GGr,r,False,False,0,,41.5,79.0,False,False,scenario_baseline
37.5,NODE_9634,10974501473,4,0,GGGGr,r,False,False,0,,43.5,81.0,False,False,scenario_baseline
37.5,LINK_194891,11203052965,11,0,GGGGGGGGGGGr,r,False,False,0,,41.5,79.0,False,False,scenario_baseline
37.5,NODE_10378,11139418715,2,0,GGr,r,False,False,0,,41.5,79.0,False,False,scenario_baseline
37.5,NODE_5681,11139418723,2,0,GGr,r,False,False,0,,41.5,79.0,False,False,scenario_baseline
37.5,NODE_10262,11203041635,4,0,GGGGr,r,False,False,0,,41.5,79.0,False,False,scenario_baseline
38.0,LINK_249048,5161705573,2,0,GGr,r,False,False,0,,41.0,79.0,False,False,scenario_baseline
38.0,NODE_5837,5161705573,2,0,GGr,r,False,False,0,,41.0,79.0,False,False,scenario_baseline
38.0,LINK_10218,11139418715,2,0,GGr,r,False,False,0,,41.0,79.0,False,False,scenario_baseline
38.0,LINK_140740,11139418715,2,0,GGr,r,False,False,0,,41.0,79.0,False,False,scenario_baseline
38.0,NODE_9634,10974501473,4,0,GGGGr,r,False,False,0,,43.0,81.0,False,False,scenario_baseline
38.0,LINK_194891,11203052965,11,0,GGGGGGGGGGGr,r,False,False,0,,41.0,79.0,False,False,scenario_baseline
38.0,NODE_10378,11139418715,2,0,GGr,r,False,False,0,,41.0,79.0,False,False,scenario_baseline
38.0,NODE_5681,11139418723,2,0,GGr,r,False,False,0,,41.0,79.0,False,False,scenario_baseline
38.0,NODE_10262,11203041635,4,0,GGGGr,r,False,False,0,,41.0,79.0,False,False,scenario_baseline
38.5,LINK_249048,5161705573,2,0,GGr,r,False,False,0,,40.5,79.0,False,False,scenario_baseline
38.5,NODE_5837,5161705573,2,0,GGr,r,False,False,0,,40.5,79.0,False,False,scenario_baseline
38.5,LINK_10218,11139418715,2,0,GGr,r,False,False,0,,40.5,79.0,False,False,scenario_baseline
38.5,LINK_140740,11139418715,2,0,GGr,r,False,False,0,,40.5,79.0,False,False,scenario_baseline
38.5,NODE_9634,10974501473,4,0,GGGGr,r,False,False,0,,42.5,81.0,False,False,scenario_baseline
38.5,LINK_194891,11203052965,11,0,GGGGGGGGGGGr,r,False,False,0,,40.5,79.0,False,False,scenario_baseline
38.5,NODE_10378,11139418715,2,0,GGr,r,False,False,0,,40.5,79.0,False,False,scenario_baseline
38.5,NODE_5681,11139418723,2,0,GGr,r,False,False,0,,40.5,79.0,False,False,scenario_baseline
38.5,NODE_10262,11203041635,4,0,GGGGr,r,False,False,0,,40.5,79.0,False,False,scenario_baseline
39.0,LINK_249048,5161705573,2,0,GGr,r,False,False,0,,40.0,79.0,False,False,scenario_baseline
39.0,NODE_5837,5161705573,2,0,GGr,r,False,False,0,,40.0,79.0,False,False,scenario_baseline
39.0,LINK_10218,11139418715,2,0,GGr,r,False,False,0,,40.0,79.0,False,False,scenario_baseline
39.0,LINK_140740,11139418715,2,0,GGr,r,False,False,0,,40.0,79.0,False,False,scenario_baseline
39.0,NODE_9634,10974501473,4,0,GGGGr,r,False,False,0,,42.0,81.0,False,False,scenario_baseline
39.0,LINK_194891,11203052965,11,0,GGGGGGGGGGGr,r,False,False,0,,40.0,79.0,False,False,scenario_baseline
39.0,NODE_10378,11139418715,2,0,GGr,r,False,False,0,,40.0,79.0,False,False,scenario_baseline
39.0,NODE_5681,11139418723,2,0,GGr,r,False,False,0,,40.0,79.0,False,False,scenario_baseline
39.0,NODE_10262,11203041635,4,0,GGGGr,r,False,False,0,,40.0,79.0,False,False,scenario_baseline
39.5,LINK_249048,5161705573,2,0,GGr,r,False,False,0,,39.5,79.0,False,False,scenario_baseline
39.5,NODE_5837,5161705573,2,0,GGr,r,False,False,0,,39.5,79.0,False,False,scenario_baseline
39.5,LINK_10218,11139418715,2,0,GGr,r,False,False,0,,39.5,79.0,False,False,scenario_baseline
39.5,LINK_140740,11139418715,2,0,GGr,r,False,False,0,,39.5,79.0,False,False,scenario_baseline
39.5,NODE_9634,10974501473,4,0,GGGGr,r,False,False,0,,41.5,81.0,False,False,scenario_baseline
39.5,LINK_194891,11203052965,11,0,GGGGGGGGGGGr,r,False,False,0,,39.5,79.0,False,False,scenario_baseline
39.5,NODE_10378,11139418715,2,0,GGr,r,False,False,0,,39.5,79.0,False,False,scenario_baseline
39.5,NODE_5681,11139418723,2,0,GGr,r,False,False,0,,39.5,79.0,False,False,scenario_baseline
39.5,NODE_10262,11203041635,4,0,GGGGr,r,False,False,0,,39.5,79.0,False,False,scenario_baseline
40.0,LINK_249048,5161705573,2,0,GGr,r,False,False,0,,39.0,79.0,False,False,scenario_baseline
40.0,NODE_5837,5161705573,2,0,GGr,r,False,False,0,,39.0,79.0,False,False,scenario_baseline
40.0,LINK_10218,11139418715,2,0,GGr,r,False,False,0,,39.0,79.0,False,False,scenario_baseline
40.0,LINK_140740,11139418715,2,0,GGr,r,False,False,0,,39.0,79.0,False,False,scenario_baseline
40.0,NODE_9634,10974501473,4,0,GGGGr,r,False,False,0,,41.0,81.0,False,False,scenario_baseline
40.0,LINK_194891,11203052965,11,0,GGGGGGGGGGGr,r,False,False,0,,39.0,79.0,False,False,scenario_baseline
40.0,NODE_10378,11139418715,2,0,GGr,r,False,False,0,,39.0,79.0,False,False,scenario_baseline
40.0,NODE_5681,11139418723,2,0,GGr,r,False,False,0,,39.0,79.0,False,False,scenario_baseline
40.0,NODE_10262,11203041635,4,0,GGGGr,r,False,False,0,,39.0,79.0,False,False,scenario_baseline
40.5,LINK_249048,5161705573,2,0,GGr,r,False,False,0,,38.5,79.0,False,False,scenario_baseline
40.5,NODE_5837,5161705573,2,0,GGr,r,False,False,0,,38.5,79.0,False,False,scenario_baseline
40.5,LINK_10218,11139418715,2,0,GGr,r,False,False,0,,38.5,79.0,False,False,scenario_baseline
40.5,LINK_140740,11139418715,2,0,GGr,r,False,False,0,,38.5,79.0,False,False,scenario_baseline
40.5,NODE_9634,10974501473,4,0,GGGGr,r,False,False,0,,40.5,81.0,False,False,scenario_baseline
40.5,LINK_194891,11203052965,11,0,GGGGGGGGGGGr,r,False,False,0,,38.5,79.0,False,False,scenario_baseline
40.5,NODE_10378,11139418715,2,0,GGr,r,False,False,0,,38.5,79.0,False,False,scenario_baseline
40.5,NODE_5681,11139418723,2,0,GGr,r,False,False,0,,38.5,79.0,False,False,scenario_baseline
40.5,NODE_10262,11203041635,4,0,GGGGr,r,False,False,0,,38.5,79.0,False,False,scenario_baseline
41.0,LINK_249048,5161705573,2,0,GGr,r,False,False,0,,38.0,79.0,False,False,scenario_baseline
41.0,NODE_5837,5161705573,2,0,GGr,r,False,False,0,,38.0,79.0,False,False,scenario_baseline
41.0,LINK_10218,11139418715,2,0,GGr,r,False,False,0,,38.0,79.0,False,False,scenario_baseline
41.0,LINK_140740,11139418715,2,0,GGr,r,False,False,0,,38.0,79.0,False,False,scenario_baseline
41.0,NODE_9634,10974501473,4,0,GGGGr,r,False,False,0,,40.0,81.0,False,False,scenario_baseline
41.0,LINK_194891,11203052965,11,0,GGGGGGGGGGGr,r,False,False,0,,38.0,79.0,False,False,scenario_baseline
41.0,NODE_10378,11139418715,2,0,GGr,r,False,False,0,,38.0,79.0,False,False,scenario_baseline
41.0,NODE_5681,11139418723,2,0,GGr,r,False,False,0,,38.0,79.0,False,False,scenario_baseline
41.0,NODE_10262,11203041635,4,0,GGGGr,r,False,False,0,,38.0,79.0,False,False,scenario_baseline
41.5,LINK_249048,5161705573,2,0,GGr,r,False,False,0,,37.5,79.0,False,False,scenario_baseline
41.5,NODE_5837,5161705573,2,0,GGr,r,False,False,0,,37.5,79.0,False,False,scenario_baseline
41.5,LINK_10218,11139418715,2,0,GGr,r,False,False,0,,37.5,79.0,False,False,scenario_baseline
41.5,LINK_140740,11139418715,2,0,GGr,r,False,False,0,,37.5,79.0,False,False,scenario_baseline
41.5,NODE_9634,10974501473,4,0,GGGGr,r,False,False,0,,39.5,81.0,False,False,scenario_baseline
41.5,LINK_194891,11203052965,11,0,GGGGGGGGGGGr,r,False,False,0,,37.5,79.0,False,False,scenario_baseline
41.5,NODE_10378,11139418715,2,0,GGr,r,False,False,0,,37.5,79.0,False,False,scenario_baseline
41.5,NODE_5681,11139418723,2,0,GGr,r,False,False,0,,37.5,79.0,False,False,scenario_baseline
41.5,NODE_10262,11203041635,4,0,GGGGr,r,False,False,0,,37.5,79.0,False,False,scenario_baseline
42.0,LINK_249048,5161705573,2,0,GGr,r,False,False,0,,37.0,79.0,False,False,scenario_baseline
42.0,NODE_5837,5161705573,2,0,GGr,r,False,False,0,,37.0,79.0,False,False,scenario_baseline
42.0,LINK_10218,11139418715,2,0,GGr,r,False,False,0,,37.0,79.0,False,False,scenario_baseline
42.0,LINK_140740,11139418715,2,0,GGr,r,False,False,0,,37.0,79.0,False,False,scenario_baseline
42.0,NODE_9634,10974501473,4,0,GGGGr,r,False,False,0,,39.0,81.0,False,False,scenario_baseline
42.0,LINK_194891,11203052965,11,0,GGGGGGGGGGGr,r,False,False,0,,37.0,79.0,False,False,scenario_baseline
42.0,NODE_10378,11139418715,2,0,GGr,r,False,False,0,,37.0,79.0,False,False,scenario_baseline
42.0,NODE_5681,11139418723,2,0,GGr,r,False,False,0,,37.0,79.0,False,False,scenario_baseline
42.0,NODE_10262,11203041635,4,0,GGGGr,r,False,False,0,,37.0,79.0,False,False,scenario_baseline
42.5,LINK_249048,5161705573,2,0,GGr,r,False,False,0,,36.5,79.0,False,False,scenario_baseline
42.5,NODE_5837,5161705573,2,0,GGr,r,False,False,0,,36.5,79.0,False,False,scenario_baseline
42.5,LINK_10218,11139418715,2,0,GGr,r,False,False,0,,36.5,79.0,False,False,scenario_baseline
42.5,LINK_140740,11139418715,2,0,GGr,r,False,False,0,,36.5,79.0,False,False,scenario_baseline
42.5,NODE_9634,10974501473,4,0,GGGGr,r,False,False,0,,38.5,81.0,False,False,scenario_baseline
42.5,LINK_194891,11203052965,11,0,GGGGGGGGGGGr,r,False,False,0,,36.5,79.0,False,False,scenario_baseline
42.5,NODE_10378,11139418715,2,0,GGr,r,False,False,0,,36.5,79.0,False,False,scenario_baseline
42.5,NODE_5681,11139418723,2,0,GGr,r,False,False,0,,36.5,79.0,False,False,scenario_baseline
42.5,NODE_10262,11203041635,4,0,GGGGr,r,False,False,0,,36.5,79.0,False,False,scenario_baseline
43.0,LINK_249048,5161705573,2,0,GGr,r,False,False,0,,36.0,79.0,False,False,scenario_baseline
43.0,NODE_5837,5161705573,2,0,GGr,r,False,False,0,,36.0,79.0,False,False,scenario_baseline
43.0,LINK_10218,11139418715,2,0,GGr,r,False,False,0,,36.0,79.0,False,False,scenario_baseline
43.0,LINK_140740,11139418715,2,0,GGr,r,False,False,0,,36.0,79.0,False,False,scenario_baseline
43.0,NODE_9634,10974501473,4,0,GGGGr,r,False,False,0,,38.0,81.0,False,False,scenario_baseline
43.0,LINK_194891,11203052965,11,0,GGGGGGGGGGGr,r,False,False,0,,36.0,79.0,False,False,scenario_baseline
43.0,NODE_10378,11139418715,2,0,GGr,r,False,False,0,,36.0,79.0,False,False,scenario_baseline
43.0,NODE_5681,11139418723,2,0,GGr,r,False,False,0,,36.0,79.0,False,False,scenario_baseline
43.0,NODE_10262,11203041635,4,0,GGGGr,r,False,False,0,,36.0,79.0,False,False,scenario_baseline
43.5,LINK_249048,5161705573,2,0,GGr,r,False,False,0,,35.5,79.0,False,False,scenario_baseline
43.5,NODE_5837,5161705573,2,0,GGr,r,False,False,0,,35.5,79.0,False,False,scenario_baseline
43.5,LINK_10218,11139418715,2,0,GGr,r,False,False,0,,35.5,79.0,False,False,scenario_baseline
43.5,LINK_140740,11139418715,2,0,GGr,r,False,False,0,,35.5,79.0,False,False,scenario_baseline
43.5,NODE_9634,10974501473,4,0,GGGGr,r,False,False,0,,37.5,81.0,False,False,scenario_baseline
43.5,LINK_194891,11203052965,11,0,GGGGGGGGGGGr,r,False,False,0,,35.5,79.0,False,False,scenario_baseline
43.5,NODE_10378,11139418715,2,0,GGr,r,False,False,0,,35.5,79.0,False,False,scenario_baseline
43.5,NODE_5681,11139418723,2,0,GGr,r,False,False,0,,35.5,79.0,False,False,scenario_baseline
43.5,NODE_10262,11203041635,4,0,GGGGr,r,False,False,0,,35.5,79.0,False,False,scenario_baseline
44.0,LINK_249048,5161705573,2,0,GGr,r,False,False,0,,35.0,79.0,False,False,scenario_baseline
44.0,NODE_5837,5161705573,2,0,GGr,r,False,False,0,,35.0,79.0,False,False,scenario_baseline
44.0,LINK_10218,11139418715,2,0,GGr,r,False,False,0,,35.0,79.0,False,False,scenario_baseline
44.0,LINK_140740,11139418715,2,0,GGr,r,False,False,0,,35.0,79.0,False,False,scenario_baseline
44.0,NODE_9634,10974501473,4,0,GGGGr,r,False,False,0,,37.0,81.0,False,False,scenario_baseline
44.0,LINK_194891,11203052965,11,0,GGGGGGGGGGGr,r,False,False,0,,35.0,79.0,False,False,scenario_baseline
44.0,NODE_10378,11139418715,2,0,GGr,r,False,False,0,,35.0,79.0,False,False,scenario_baseline
44.0,NODE_5681,11139418723,2,0,GGr,r,False,False,0,,35.0,79.0,False,False,scenario_baseline
44.0,NODE_10262,11203041635,4,0,GGGGr,r,False,False,0,,35.0,79.0,False,False,scenario_baseline
44.5,LINK_249048,5161705573,2,0,GGr,r,False,False,0,,34.5,79.0,False,False,scenario_baseline
44.5,NODE_5837,5161705573,2,0,GGr,r,False,False,0,,34.5,79.0,False,False,scenario_baseline
44.5,LINK_10218,11139418715,2,0,GGr,r,False,False,0,,34.5,79.0,False,False,scenario_baseline
44.5,LINK_140740,11139418715,2,0,GGr,r,False,False,0,,34.5,79.0,False,False,scenario_baseline
44.5,NODE_9634,10974501473,4,0,GGGGr,r,False,False,0,,36.5,81.0,False,False,scenario_baseline
44.5,LINK_194891,11203052965,11,0,GGGGGGGGGGGr,r,False,False,0,,34.5,79.0,False,False,scenario_baseline
44.5,NODE_10378,11139418715,2,0,GGr,r,False,False,0,,34.5,79.0,False,False,scenario_baseline
44.5,NODE_5681,11139418723,2,0,GGr,r,False,False,0,,34.5,79.0,False,False,scenario_baseline
44.5,NODE_10262,11203041635,4,0,GGGGr,r,False,False,0,,34.5,79.0,False,False,scenario_baseline
45.0,LINK_249048,5161705573,2,0,GGr,r,False,False,0,,34.0,79.0,False,False,scenario_baseline
45.0,NODE_5837,5161705573,2,0,GGr,r,False,False,0,,34.0,79.0,False,False,scenario_baseline
45.0,LINK_10218,11139418715,2,0,GGr,r,False,False,0,,34.0,79.0,False,False,scenario_baseline
45.0,LINK_140740,11139418715,2,0,GGr,r,False,False,0,,34.0,79.0,False,False,scenario_baseline
45.0,NODE_9634,10974501473,4,0,GGGGr,r,False,False,0,,36.0,81.0,False,False,scenario_baseline
45.0,LINK_194891,11203052965,11,0,GGGGGGGGGGGr,r,False,False,0,,34.0,79.0,False,False,scenario_baseline
45.0,NODE_10378,11139418715,2,0,GGr,r,False,False,0,,34.0,79.0,False,False,scenario_baseline
45.0,NODE_5681,11139418723,2,0,GGr,r,False,False,0,,34.0,79.0,False,False,scenario_baseline
45.0,NODE_10262,11203041635,4,0,GGGGr,r,False,False,0,,34.0,79.0,False,False,scenario_baseline
45.5,LINK_249048,5161705573,2,0,GGr,r,False,False,0,,33.5,79.0,False,False,scenario_baseline
45.5,NODE_5837,5161705573,2,0,GGr,r,False,False,0,,33.5,79.0,False,False,scenario_baseline
45.5,LINK_10218,11139418715,2,0,GGr,r,False,False,0,,33.5,79.0,False,False,scenario_baseline
45.5,LINK_140740,11139418715,2,0,GGr,r,False,False,0,,33.5,79.0,False,False,scenario_baseline
45.5,NODE_9634,10974501473,4,0,GGGGr,r,False,False,0,,35.5,81.0,False,False,scenario_baseline
45.5,LINK_194891,11203052965,11,0,GGGGGGGGGGGr,r,False,False,0,,33.5,79.0,False,False,scenario_baseline
45.5,NODE_10378,11139418715,2,0,GGr,r,False,False,0,,33.5,79.0,False,False,scenario_baseline
45.5,NODE_5681,11139418723,2,0,GGr,r,False,False,0,,33.5,79.0,False,False,scenario_baseline
45.5,NODE_10262,11203041635,4,0,GGGGr,r,False,False,0,,33.5,79.0,False,False,scenario_baseline
46.0,LINK_249048,5161705573,2,0,GGr,r,False,False,0,,33.0,79.0,False,False,scenario_baseline
46.0,NODE_5837,5161705573,2,0,GGr,r,False,False,0,,33.0,79.0,False,False,scenario_baseline
46.0,LINK_10218,11139418715,2,0,GGr,r,False,False,0,,33.0,79.0,False,False,scenario_baseline
46.0,LINK_140740,11139418715,2,0,GGr,r,False,False,0,,33.0,79.0,False,False,scenario_baseline
46.0,NODE_9634,10974501473,4,0,GGGGr,r,False,False,0,,35.0,81.0,False,False,scenario_baseline
46.0,LINK_194891,11203052965,11,0,GGGGGGGGGGGr,r,False,False,0,,33.0,79.0,False,False,scenario_baseline
46.0,NODE_10378,11139418715,2,0,GGr,r,False,False,0,,33.0,79.0,False,False,scenario_baseline
46.0,NODE_5681,11139418723,2,0,GGr,r,False,False,0,,33.0,79.0,False,False,scenario_baseline
46.0,NODE_10262,11203041635,4,0,GGGGr,r,False,False,0,,33.0,79.0,False,False,scenario_baseline
46.5,LINK_249048,5161705573,2,0,GGr,r,False,False,0,,32.5,79.0,False,False,scenario_baseline
46.5,NODE_5837,5161705573,2,0,GGr,r,False,False,0,,32.5,79.0,False,False,scenario_baseline
46.5,LINK_10218,11139418715,2,0,GGr,r,False,False,0,,32.5,79.0,False,False,scenario_baseline
46.5,LINK_140740,11139418715,2,0,GGr,r,False,False,0,,32.5,79.0,False,False,scenario_baseline
46.5,NODE_9634,10974501473,4,0,GGGGr,r,False,False,0,,34.5,81.0,False,False,scenario_baseline
46.5,LINK_194891,11203052965,11,0,GGGGGGGGGGGr,r,False,False,0,,32.5,79.0,False,False,scenario_baseline
46.5,NODE_10378,11139418715,2,0,GGr,r,False,False,0,,32.5,79.0,False,False,scenario_baseline
46.5,NODE_5681,11139418723,2,0,GGr,r,False,False,0,,32.5,79.0,False,False,scenario_baseline
46.5,NODE_10262,11203041635,4,0,GGGGr,r,False,False,0,,32.5,79.0,False,False,scenario_baseline
47.0,LINK_249048,5161705573,2,0,GGr,r,False,False,0,,32.0,79.0,False,False,scenario_baseline
47.0,NODE_5837,5161705573,2,0,GGr,r,False,False,0,,32.0,79.0,False,False,scenario_baseline
47.0,LINK_10218,11139418715,2,0,GGr,r,False,False,0,,32.0,79.0,False,False,scenario_baseline
47.0,LINK_140740,11139418715,2,0,GGr,r,False,False,0,,32.0,79.0,False,False,scenario_baseline
47.0,NODE_9634,10974501473,4,0,GGGGr,r,False,False,0,,34.0,81.0,False,False,scenario_baseline
47.0,LINK_194891,11203052965,11,0,GGGGGGGGGGGr,r,False,False,0,,32.0,79.0,False,False,scenario_baseline
47.0,NODE_10378,11139418715,2,0,GGr,r,False,False,0,,32.0,79.0,False,False,scenario_baseline
47.0,NODE_5681,11139418723,2,0,GGr,r,False,False,0,,32.0,79.0,False,False,scenario_baseline
47.0,NODE_10262,11203041635,4,0,GGGGr,r,False,False,0,,32.0,79.0,False,False,scenario_baseline
47.5,LINK_249048,5161705573,2,0,GGr,r,False,False,0,,31.5,79.0,False,False,scenario_baseline
47.5,NODE_5837,5161705573,2,0,GGr,r,False,False,0,,31.5,79.0,False,False,scenario_baseline
47.5,LINK_10218,11139418715,2,0,GGr,r,False,False,0,,31.5,79.0,False,False,scenario_baseline
47.5,LINK_140740,11139418715,2,0,GGr,r,False,False,0,,31.5,79.0,False,False,scenario_baseline
47.5,NODE_9634,10974501473,4,0,GGGGr,r,False,False,0,,33.5,81.0,False,False,scenario_baseline
47.5,LINK_194891,11203052965,11,0,GGGGGGGGGGGr,r,False,False,0,,31.5,79.0,False,False,scenario_baseline
47.5,NODE_10378,11139418715,2,0,GGr,r,False,False,0,,31.5,79.0,False,False,scenario_baseline
47.5,NODE_5681,11139418723,2,0,GGr,r,False,False,0,,31.5,79.0,False,False,scenario_baseline
47.5,NODE_10262,11203041635,4,0,GGGGr,r,False,False,0,,31.5,79.0,False,False,scenario_baseline
48.0,LINK_249048,5161705573,2,0,GGr,r,False,False,0,,31.0,79.0,False,False,scenario_baseline
48.0,NODE_5837,5161705573,2,0,GGr,r,False,False,0,,31.0,79.0,False,False,scenario_baseline
48.0,LINK_10218,11139418715,2,0,GGr,r,False,False,0,,31.0,79.0,False,False,scenario_baseline
48.0,LINK_140740,11139418715,2,0,GGr,r,False,False,0,,31.0,79.0,False,False,scenario_baseline
48.0,NODE_9634,10974501473,4,0,GGGGr,r,False,False,0,,33.0,81.0,False,False,scenario_baseline
48.0,LINK_194891,11203052965,11,0,GGGGGGGGGGGr,r,False,False,0,,31.0,79.0,False,False,scenario_baseline
48.0,NODE_10378,11139418715,2,0,GGr,r,False,False,0,,31.0,79.0,False,False,scenario_baseline
48.0,NODE_5681,11139418723,2,0,GGr,r,False,False,0,,31.0,79.0,False,False,scenario_baseline
48.0,NODE_10262,11203041635,4,0,GGGGr,r,False,False,0,,31.0,79.0,False,False,scenario_baseline
48.5,LINK_249048,5161705573,2,0,GGr,r,False,False,0,,30.5,79.0,False,False,scenario_baseline
48.5,NODE_5837,5161705573,2,0,GGr,r,False,False,0,,30.5,79.0,False,False,scenario_baseline
48.5,LINK_10218,11139418715,2,0,GGr,r,False,False,0,,30.5,79.0,False,False,scenario_baseline
48.5,LINK_140740,11139418715,2,0,GGr,r,False,False,0,,30.5,79.0,False,False,scenario_baseline
48.5,NODE_9634,10974501473,4,0,GGGGr,r,False,False,0,,32.5,81.0,False,False,scenario_baseline
48.5,LINK_194891,11203052965,11,0,GGGGGGGGGGGr,r,False,False,0,,30.5,79.0,False,False,scenario_baseline
48.5,NODE_10378,11139418715,2,0,GGr,r,False,False,0,,30.5,79.0,False,False,scenario_baseline
48.5,NODE_5681,11139418723,2,0,GGr,r,False,False,0,,30.5,79.0,False,False,scenario_baseline
48.5,NODE_10262,11203041635,4,0,GGGGr,r,False,False,0,,30.5,79.0,False,False,scenario_baseline
49.0,LINK_249048,5161705573,2,0,GGr,r,False,False,0,,30.0,79.0,False,False,scenario_baseline
49.0,NODE_5837,5161705573,2,0,GGr,r,False,False,0,,30.0,79.0,False,False,scenario_baseline
49.0,LINK_10218,11139418715,2,0,GGr,r,False,False,0,,30.0,79.0,False,False,scenario_baseline
49.0,LINK_140740,11139418715,2,0,GGr,r,False,False,0,,30.0,79.0,False,False,scenario_baseline
49.0,NODE_9634,10974501473,4,0,GGGGr,r,False,False,0,,32.0,81.0,False,False,scenario_baseline
49.0,LINK_194891,11203052965,11,0,GGGGGGGGGGGr,r,False,False,0,,30.0,79.0,False,False,scenario_baseline
49.0,NODE_10378,11139418715,2,0,GGr,r,False,False,0,,30.0,79.0,False,False,scenario_baseline
49.0,NODE_5681,11139418723,2,0,GGr,r,False,False,0,,30.0,79.0,False,False,scenario_baseline
49.0,NODE_10262,11203041635,4,0,GGGGr,r,False,False,0,,30.0,79.0,False,False,scenario_baseline
49.5,LINK_249048,5161705573,2,0,GGr,r,False,False,0,,29.5,79.0,False,False,scenario_baseline
49.5,NODE_5837,5161705573,2,0,GGr,r,False,False,0,,29.5,79.0,False,False,scenario_baseline
49.5,LINK_10218,11139418715,2,0,GGr,r,False,False,0,,29.5,79.0,False,False,scenario_baseline
49.5,LINK_140740,11139418715,2,0,GGr,r,False,False,0,,29.5,79.0,False,False,scenario_baseline
49.5,NODE_9634,10974501473,4,0,GGGGr,r,False,False,0,,31.5,81.0,False,False,scenario_baseline
49.5,LINK_194891,11203052965,11,0,GGGGGGGGGGGr,r,False,False,0,,29.5,79.0,False,False,scenario_baseline
49.5,NODE_10378,11139418715,2,0,GGr,r,False,False,0,,29.5,79.0,False,False,scenario_baseline
49.5,NODE_5681,11139418723,2,0,GGr,r,False,False,0,,29.5,79.0,False,False,scenario_baseline
49.5,NODE_10262,11203041635,4,0,GGGGr,r,False,False,0,,29.5,79.0,False,False,scenario_baseline
50.0,LINK_249048,5161705573,2,0,GGr,r,False,False,0,,29.0,79.0,False,False,scenario_baseline
50.0,NODE_5837,5161705573,2,0,GGr,r,False,False,0,,29.0,79.0,False,False,scenario_baseline
50.0,LINK_10218,11139418715,2,0,GGr,r,False,False,0,,29.0,79.0,False,False,scenario_baseline
50.0,LINK_140740,11139418715,2,0,GGr,r,False,False,0,,29.0,79.0,False,False,scenario_baseline
50.0,NODE_9634,10974501473,4,0,GGGGr,r,False,False,0,,31.0,81.0,False,False,scenario_baseline
50.0,LINK_194891,11203052965,11,0,GGGGGGGGGGGr,r,False,False,0,,29.0,79.0,False,False,scenario_baseline
50.0,NODE_10378,11139418715,2,0,GGr,r,False,False,0,,29.0,79.0,False,False,scenario_baseline
50.0,NODE_5681,11139418723,2,0,GGr,r,False,False,0,,29.0,79.0,False,False,scenario_baseline
50.0,NODE_10262,11203041635,4,0,GGGGr,r,False,False,0,,29.0,79.0,False,False,scenario_baseline
50.5,LINK_249048,5161705573,2,0,GGr,r,False,False,0,,28.5,79.0,False,False,scenario_baseline
50.5,NODE_5837,5161705573,2,0,GGr,r,False,False,0,,28.5,79.0,False,False,scenario_baseline
50.5,LINK_10218,11139418715,2,0,GGr,r,False,False,0,,28.5,79.0,False,False,scenario_baseline
50.5,LINK_140740,11139418715,2,0,GGr,r,False,False,0,,28.5,79.0,False,False,scenario_baseline
50.5,NODE_9634,10974501473,4,0,GGGGr,r,False,False,0,,30.5,81.0,False,False,scenario_baseline
50.5,LINK_194891,11203052965,11,0,GGGGGGGGGGGr,r,False,False,0,,28.5,79.0,False,False,scenario_baseline
50.5,NODE_10378,11139418715,2,0,GGr,r,False,False,0,,28.5,79.0,False,False,scenario_baseline
50.5,NODE_5681,11139418723,2,0,GGr,r,False,False,0,,28.5,79.0,False,False,scenario_baseline
50.5,NODE_10262,11203041635,4,0,GGGGr,r,False,False,0,,28.5,79.0,False,False,scenario_baseline
51.0,LINK_249048,5161705573,2,0,GGr,r,False,False,0,,28.0,79.0,False,False,scenario_baseline
51.0,NODE_5837,5161705573,2,0,GGr,r,False,False,0,,28.0,79.0,False,False,scenario_baseline
51.0,LINK_10218,11139418715,2,0,GGr,r,False,False,0,,28.0,79.0,False,False,scenario_baseline
51.0,LINK_140740,11139418715,2,0,GGr,r,False,False,0,,28.0,79.0,False,False,scenario_baseline
51.0,NODE_9634,10974501473,4,0,GGGGr,r,False,False,0,,30.0,81.0,False,False,scenario_baseline
51.0,LINK_194891,11203052965,11,0,GGGGGGGGGGGr,r,False,False,0,,28.0,79.0,False,False,scenario_baseline
51.0,NODE_10378,11139418715,2,0,GGr,r,False,False,0,,28.0,79.0,False,False,scenario_baseline
51.0,NODE_5681,11139418723,2,0,GGr,r,False,False,0,,28.0,79.0,False,False,scenario_baseline
51.0,NODE_10262,11203041635,4,0,GGGGr,r,False,False,0,,28.0,79.0,False,False,scenario_baseline
51.5,LINK_249048,5161705573,2,0,GGr,r,False,False,0,,27.5,79.0,False,False,scenario_baseline
51.5,NODE_5837,5161705573,2,0,GGr,r,False,False,0,,27.5,79.0,False,False,scenario_baseline
51.5,LINK_10218,11139418715,2,0,GGr,r,False,False,0,,27.5,79.0,False,False,scenario_baseline
51.5,LINK_140740,11139418715,2,0,GGr,r,False,False,0,,27.5,79.0,False,False,scenario_baseline
51.5,NODE_9634,10974501473,4,0,GGGGr,r,False,False,0,,29.5,81.0,False,False,scenario_baseline
51.5,LINK_194891,11203052965,11,0,GGGGGGGGGGGr,r,False,False,0,,27.5,79.0,False,False,scenario_baseline
51.5,NODE_10378,11139418715,2,0,GGr,r,False,False,0,,27.5,79.0,False,False,scenario_baseline
51.5,NODE_5681,11139418723,2,0,GGr,r,False,False,0,,27.5,79.0,False,False,scenario_baseline
51.5,NODE_10262,11203041635,4,0,GGGGr,r,False,False,0,,27.5,79.0,False,False,scenario_baseline
52.0,LINK_249048,5161705573,2,0,GGr,r,False,False,0,,27.0,79.0,False,False,scenario_baseline
52.0,NODE_5837,5161705573,2,0,GGr,r,False,False,0,,27.0,79.0,False,False,scenario_baseline
52.0,LINK_10218,11139418715,2,0,GGr,r,False,False,0,,27.0,79.0,False,False,scenario_baseline
52.0,LINK_140740,11139418715,2,0,GGr,r,False,False,0,,27.0,79.0,False,False,scenario_baseline
52.0,NODE_9634,10974501473,4,0,GGGGr,r,False,False,0,,29.0,81.0,False,False,scenario_baseline
52.0,LINK_194891,11203052965,11,0,GGGGGGGGGGGr,r,False,False,0,,27.0,79.0,False,False,scenario_baseline
52.0,NODE_10378,11139418715,2,0,GGr,r,False,False,0,,27.0,79.0,False,False,scenario_baseline
52.0,NODE_5681,11139418723,2,0,GGr,r,False,False,0,,27.0,79.0,False,False,scenario_baseline
52.0,NODE_10262,11203041635,4,0,GGGGr,r,False,False,0,,27.0,79.0,False,False,scenario_baseline
52.5,LINK_249048,5161705573,2,0,GGr,r,False,False,0,,26.5,79.0,False,False,scenario_baseline
52.5,NODE_5837,5161705573,2,0,GGr,r,False,False,0,,26.5,79.0,False,False,scenario_baseline
52.5,LINK_10218,11139418715,2,0,GGr,r,False,False,0,,26.5,79.0,False,False,scenario_baseline
52.5,LINK_140740,11139418715,2,0,GGr,r,False,False,0,,26.5,79.0,False,False,scenario_baseline
52.5,NODE_9634,10974501473,4,0,GGGGr,r,False,False,0,,28.5,81.0,False,False,scenario_baseline
52.5,LINK_194891,11203052965,11,0,GGGGGGGGGGGr,r,False,False,0,,26.5,79.0,False,False,scenario_baseline
52.5,NODE_10378,11139418715,2,0,GGr,r,False,False,0,,26.5,79.0,False,False,scenario_baseline
52.5,NODE_5681,11139418723,2,0,GGr,r,False,False,0,,26.5,79.0,False,False,scenario_baseline
52.5,NODE_10262,11203041635,4,0,GGGGr,r,False,False,0,,26.5,79.0,False,False,scenario_baseline
53.0,LINK_249048,5161705573,2,0,GGr,r,False,False,0,,26.0,79.0,False,False,scenario_baseline
53.0,NODE_5837,5161705573,2,0,GGr,r,False,False,0,,26.0,79.0,False,False,scenario_baseline
53.0,LINK_10218,11139418715,2,0,GGr,r,False,False,0,,26.0,79.0,False,False,scenario_baseline
53.0,LINK_140740,11139418715,2,0,GGr,r,False,False,0,,26.0,79.0,False,False,scenario_baseline
53.0,NODE_9634,10974501473,4,0,GGGGr,r,False,False,0,,28.0,81.0,False,False,scenario_baseline
53.0,LINK_194891,11203052965,11,0,GGGGGGGGGGGr,r,False,False,0,,26.0,79.0,False,False,scenario_baseline
53.0,NODE_10378,11139418715,2,0,GGr,r,False,False,0,,26.0,79.0,False,False,scenario_baseline
53.0,NODE_5681,11139418723,2,0,GGr,r,False,False,0,,26.0,79.0,False,False,scenario_baseline
53.0,NODE_10262,11203041635,4,0,GGGGr,r,False,False,0,,26.0,79.0,False,False,scenario_baseline
53.5,LINK_249048,5161705573,2,0,GGr,r,False,False,0,,25.5,79.0,False,False,scenario_baseline
53.5,NODE_5837,5161705573,2,0,GGr,r,False,False,0,,25.5,79.0,False,False,scenario_baseline
53.5,LINK_10218,11139418715,2,0,GGr,r,False,False,0,,25.5,79.0,False,False,scenario_baseline
53.5,LINK_140740,11139418715,2,0,GGr,r,False,False,0,,25.5,79.0,False,False,scenario_baseline
53.5,NODE_9634,10974501473,4,0,GGGGr,r,False,False,0,,27.5,81.0,False,False,scenario_baseline
53.5,LINK_194891,11203052965,11,0,GGGGGGGGGGGr,r,False,False,0,,25.5,79.0,False,False,scenario_baseline
53.5,NODE_10378,11139418715,2,0,GGr,r,False,False,0,,25.5,79.0,False,False,scenario_baseline
53.5,NODE_5681,11139418723,2,0,GGr,r,False,False,0,,25.5,79.0,False,False,scenario_baseline
53.5,NODE_10262,11203041635,4,0,GGGGr,r,False,False,0,,25.5,79.0,False,False,scenario_baseline
54.0,LINK_249048,5161705573,2,0,GGr,r,False,False,0,,25.0,79.0,False,False,scenario_baseline
54.0,NODE_5837,5161705573,2,0,GGr,r,False,False,0,,25.0,79.0,False,False,scenario_baseline
54.0,LINK_10218,11139418715,2,0,GGr,r,False,False,0,,25.0,79.0,False,False,scenario_baseline
54.0,LINK_140740,11139418715,2,0,GGr,r,False,False,0,,25.0,79.0,False,False,scenario_baseline
54.0,NODE_9634,10974501473,4,0,GGGGr,r,False,False,0,,27.0,81.0,False,False,scenario_baseline
54.0,LINK_194891,11203052965,11,0,GGGGGGGGGGGr,r,False,False,0,,25.0,79.0,False,False,scenario_baseline
54.0,NODE_10378,11139418715,2,0,GGr,r,False,False,0,,25.0,79.0,False,False,scenario_baseline
54.0,NODE_5681,11139418723,2,0,GGr,r,False,False,0,,25.0,79.0,False,False,scenario_baseline
54.0,NODE_10262,11203041635,4,0,GGGGr,r,False,False,0,,25.0,79.0,False,False,scenario_baseline
54.5,LINK_249048,5161705573,2,0,GGr,r,False,False,0,,24.5,79.0,False,False,scenario_baseline
54.5,NODE_5837,5161705573,2,0,GGr,r,False,False,0,,24.5,79.0,False,False,scenario_baseline
54.5,LINK_10218,11139418715,2,0,GGr,r,False,False,0,,24.5,79.0,False,False,scenario_baseline
54.5,LINK_140740,11139418715,2,0,GGr,r,False,False,0,,24.5,79.0,False,False,scenario_baseline
54.5,NODE_9634,10974501473,4,0,GGGGr,r,False,False,0,,26.5,81.0,False,False,scenario_baseline
54.5,LINK_194891,11203052965,11,0,GGGGGGGGGGGr,r,False,False,0,,24.5,79.0,False,False,scenario_baseline
54.5,NODE_10378,11139418715,2,0,GGr,r,False,False,0,,24.5,79.0,False,False,scenario_baseline
54.5,NODE_5681,11139418723,2,0,GGr,r,False,False,0,,24.5,79.0,False,False,scenario_baseline
54.5,NODE_10262,11203041635,4,0,GGGGr,r,False,False,0,,24.5,79.0,False,False,scenario_baseline
55.0,LINK_249048,5161705573,2,0,GGr,r,False,False,0,,24.0,79.0,False,False,scenario_baseline
55.0,NODE_5837,5161705573,2,0,GGr,r,False,False,0,,24.0,79.0,False,False,scenario_baseline
55.0,LINK_10218,11139418715,2,0,GGr,r,False,False,0,,24.0,79.0,False,False,scenario_baseline
55.0,LINK_140740,11139418715,2,0,GGr,r,False,False,0,,24.0,79.0,False,False,scenario_baseline
55.0,NODE_9634,10974501473,4,0,GGGGr,r,False,False,0,,26.0,81.0,False,False,scenario_baseline
55.0,LINK_194891,11203052965,11,0,GGGGGGGGGGGr,r,False,False,0,,24.0,79.0,False,False,scenario_baseline
55.0,NODE_10378,11139418715,2,0,GGr,r,False,False,0,,24.0,79.0,False,False,scenario_baseline
55.0,NODE_5681,11139418723,2,0,GGr,r,False,False,0,,24.0,79.0,False,False,scenario_baseline
55.0,NODE_10262,11203041635,4,0,GGGGr,r,False,False,0,,24.0,79.0,False,False,scenario_baseline
55.5,LINK_249048,5161705573,2,0,GGr,r,False,False,0,,23.5,79.0,False,False,scenario_baseline
55.5,NODE_5837,5161705573,2,0,GGr,r,False,False,0,,23.5,79.0,False,False,scenario_baseline
55.5,LINK_10218,11139418715,2,0,GGr,r,False,False,0,,23.5,79.0,False,False,scenario_baseline
55.5,LINK_140740,11139418715,2,0,GGr,r,False,False,0,,23.5,79.0,False,False,scenario_baseline
55.5,NODE_9634,10974501473,4,0,GGGGr,r,False,False,0,,25.5,81.0,False,False,scenario_baseline
55.5,LINK_194891,11203052965,11,0,GGGGGGGGGGGr,r,False,False,0,,23.5,79.0,False,False,scenario_baseline
55.5,NODE_10378,11139418715,2,0,GGr,r,False,False,0,,23.5,79.0,False,False,scenario_baseline
55.5,NODE_5681,11139418723,2,0,GGr,r,False,False,0,,23.5,79.0,False,False,scenario_baseline
55.5,NODE_10262,11203041635,4,0,GGGGr,r,False,False,0,,23.5,79.0,False,False,scenario_baseline
56.0,LINK_249048,5161705573,2,0,GGr,r,False,False,0,,23.0,79.0,False,False,scenario_baseline
56.0,NODE_5837,5161705573,2,0,GGr,r,False,False,0,,23.0,79.0,False,False,scenario_baseline
56.0,LINK_10218,11139418715,2,0,GGr,r,False,False,0,,23.0,79.0,False,False,scenario_baseline
56.0,LINK_140740,11139418715,2,0,GGr,r,False,False,0,,23.0,79.0,False,False,scenario_baseline
56.0,NODE_9634,10974501473,4,0,GGGGr,r,False,False,0,,25.0,81.0,False,False,scenario_baseline
56.0,LINK_194891,11203052965,11,0,GGGGGGGGGGGr,r,False,False,0,,23.0,79.0,False,False,scenario_baseline
56.0,NODE_10378,11139418715,2,0,GGr,r,False,False,0,,23.0,79.0,False,False,scenario_baseline
56.0,NODE_5681,11139418723,2,0,GGr,r,False,False,0,,23.0,79.0,False,False,scenario_baseline
56.0,NODE_10262,11203041635,4,0,GGGGr,r,False,False,0,,23.0,79.0,False,False,scenario_baseline
56.5,LINK_249048,5161705573,2,0,GGr,r,False,False,0,,22.5,79.0,False,False,scenario_baseline
56.5,NODE_5837,5161705573,2,0,GGr,r,False,False,0,,22.5,79.0,False,False,scenario_baseline
56.5,LINK_10218,11139418715,2,0,GGr,r,False,False,0,,22.5,79.0,False,False,scenario_baseline
56.5,LINK_140740,11139418715,2,0,GGr,r,False,False,0,,22.5,79.0,False,False,scenario_baseline
56.5,NODE_9634,10974501473,4,0,GGGGr,r,False,False,0,,24.5,81.0,False,False,scenario_baseline
56.5,LINK_194891,11203052965,11,0,GGGGGGGGGGGr,r,False,False,0,,22.5,79.0,False,False,scenario_baseline
56.5,NODE_10378,11139418715,2,0,GGr,r,False,False,0,,22.5,79.0,False,False,scenario_baseline
56.5,NODE_5681,11139418723,2,0,GGr,r,False,False,0,,22.5,79.0,False,False,scenario_baseline
56.5,NODE_10262,11203041635,4,0,GGGGr,r,False,False,0,,22.5,79.0,False,False,scenario_baseline
57.0,LINK_249048,5161705573,2,0,GGr,r,False,False,0,,22.0,79.0,False,False,scenario_baseline
57.0,NODE_5837,5161705573,2,0,GGr,r,False,False,0,,22.0,79.0,False,False,scenario_baseline
57.0,LINK_10218,11139418715,2,0,GGr,r,False,False,0,,22.0,79.0,False,False,scenario_baseline
57.0,LINK_140740,11139418715,2,0,GGr,r,False,False,0,,22.0,79.0,False,False,scenario_baseline
57.0,NODE_9634,10974501473,4,0,GGGGr,r,False,False,0,,24.0,81.0,False,False,scenario_baseline
57.0,LINK_194891,11203052965,11,0,GGGGGGGGGGGr,r,False,False,0,,22.0,79.0,False,False,scenario_baseline
57.0,NODE_10378,11139418715,2,0,GGr,r,False,False,0,,22.0,79.0,False,False,scenario_baseline
57.0,NODE_5681,11139418723,2,0,GGr,r,False,False,0,,22.0,79.0,False,False,scenario_baseline
57.0,NODE_10262,11203041635,4,0,GGGGr,r,False,False,0,,22.0,79.0,False,False,scenario_baseline
57.5,LINK_249048,5161705573,2,0,GGr,r,False,False,0,,21.5,79.0,False,False,scenario_baseline
57.5,NODE_5837,5161705573,2,0,GGr,r,False,False,0,,21.5,79.0,False,False,scenario_baseline
57.5,LINK_10218,11139418715,2,0,GGr,r,False,False,0,,21.5,79.0,False,False,scenario_baseline
57.5,LINK_140740,11139418715,2,0,GGr,r,False,False,0,,21.5,79.0,False,False,scenario_baseline
57.5,NODE_9634,10974501473,4,0,GGGGr,r,False,False,0,,23.5,81.0,False,False,scenario_baseline
57.5,LINK_194891,11203052965,11,0,GGGGGGGGGGGr,r,False,False,0,,21.5,79.0,False,False,scenario_baseline
57.5,NODE_10378,11139418715,2,0,GGr,r,False,False,0,,21.5,79.0,False,False,scenario_baseline
57.5,NODE_5681,11139418723,2,0,GGr,r,False,False,0,,21.5,79.0,False,False,scenario_baseline
57.5,NODE_10262,11203041635,4,0,GGGGr,r,False,False,0,,21.5,79.0,False,False,scenario_baseline
58.0,LINK_249048,5161705573,2,0,GGr,r,False,False,0,,21.0,79.0,False,False,scenario_baseline
58.0,NODE_5837,5161705573,2,0,GGr,r,False,False,0,,21.0,79.0,False,False,scenario_baseline
58.0,LINK_10218,11139418715,2,0,GGr,r,False,False,0,,21.0,79.0,False,False,scenario_baseline
58.0,LINK_140740,11139418715,2,0,GGr,r,False,False,0,,21.0,79.0,False,False,scenario_baseline
58.0,NODE_9634,10974501473,4,0,GGGGr,r,False,False,0,,23.0,81.0,False,False,scenario_baseline
58.0,LINK_194891,11203052965,11,0,GGGGGGGGGGGr,r,False,False,0,,21.0,79.0,False,False,scenario_baseline
58.0,NODE_10378,11139418715,2,0,GGr,r,False,False,0,,21.0,79.0,False,False,scenario_baseline
58.0,NODE_5681,11139418723,2,0,GGr,r,False,False,0,,21.0,79.0,False,False,scenario_baseline
58.0,NODE_10262,11203041635,4,0,GGGGr,r,False,False,0,,21.0,79.0,False,False,scenario_baseline
58.5,LINK_249048,5161705573,2,0,GGr,r,False,False,0,,20.5,79.0,False,False,scenario_baseline
58.5,NODE_5837,5161705573,2,0,GGr,r,False,False,0,,20.5,79.0,False,False,scenario_baseline
58.5,LINK_10218,11139418715,2,0,GGr,r,False,False,0,,20.5,79.0,False,False,scenario_baseline
58.5,LINK_140740,11139418715,2,0,GGr,r,False,False,0,,20.5,79.0,False,False,scenario_baseline
58.5,NODE_9634,10974501473,4,0,GGGGr,r,False,False,0,,22.5,81.0,False,False,scenario_baseline
58.5,LINK_194891,11203052965,11,0,GGGGGGGGGGGr,r,False,False,0,,20.5,79.0,False,False,scenario_baseline
58.5,NODE_10378,11139418715,2,0,GGr,r,False,False,0,,20.5,79.0,False,False,scenario_baseline
58.5,NODE_5681,11139418723,2,0,GGr,r,False,False,0,,20.5,79.0,False,False,scenario_baseline
58.5,NODE_10262,11203041635,4,0,GGGGr,r,False,False,0,,20.5,79.0,False,False,scenario_baseline
59.0,LINK_249048,5161705573,2,0,GGr,r,False,False,0,,20.0,79.0,False,False,scenario_baseline
59.0,NODE_5837,5161705573,2,0,GGr,r,False,False,0,,20.0,79.0,False,False,scenario_baseline
59.0,LINK_10218,11139418715,2,0,GGr,r,False,False,0,,20.0,79.0,False,False,scenario_baseline
59.0,LINK_140740,11139418715,2,0,GGr,r,False,False,0,,20.0,79.0,False,False,scenario_baseline
59.0,NODE_9634,10974501473,4,0,GGGGr,r,False,False,0,,22.0,81.0,False,False,scenario_baseline
59.0,LINK_194891,11203052965,11,0,GGGGGGGGGGGr,r,False,False,0,,20.0,79.0,False,False,scenario_baseline
59.0,NODE_10378,11139418715,2,0,GGr,r,False,False,0,,20.0,79.0,False,False,scenario_baseline
59.0,NODE_5681,11139418723,2,0,GGr,r,False,False,0,,20.0,79.0,False,False,scenario_baseline
59.0,NODE_10262,11203041635,4,0,GGGGr,r,False,False,0,,20.0,79.0,False,False,scenario_baseline
59.5,LINK_249048,5161705573,2,0,GGr,r,False,False,0,,19.5,79.0,False,False,scenario_baseline
59.5,NODE_5837,5161705573,2,0,GGr,r,False,False,0,,19.5,79.0,False,False,scenario_baseline
59.5,LINK_10218,11139418715,2,0,GGr,r,False,False,0,,19.5,79.0,False,False,scenario_baseline
59.5,LINK_140740,11139418715,2,0,GGr,r,False,False,0,,19.5,79.0,False,False,scenario_baseline
59.5,NODE_9634,10974501473,4,0,GGGGr,r,False,False,0,,21.5,81.0,False,False,scenario_baseline
59.5,LINK_194891,11203052965,11,0,GGGGGGGGGGGr,r,False,False,0,,19.5,79.0,False,False,scenario_baseline
59.5,NODE_10378,11139418715,2,0,GGr,r,False,False,0,,19.5,79.0,False,False,scenario_baseline
59.5,NODE_5681,11139418723,2,0,GGr,r,False,False,0,,19.5,79.0,False,False,scenario_baseline
59.5,NODE_10262,11203041635,4,0,GGGGr,r,False,False,0,,19.5,79.0,False,False,scenario_baseline
60.0,LINK_249048,5161705573,2,0,GGr,r,False,False,0,,19.0,79.0,False,False,scenario_baseline
60.0,NODE_5837,5161705573,2,0,GGr,r,False,False,0,,19.0,79.0,False,False,scenario_baseline
60.0,LINK_10218,11139418715,2,0,GGr,r,False,False,0,,19.0,79.0,False,False,scenario_baseline
60.0,LINK_140740,11139418715,2,0,GGr,r,False,False,0,,19.0,79.0,False,False,scenario_baseline
60.0,NODE_9634,10974501473,4,0,GGGGr,r,False,False,0,,21.0,81.0,False,False,scenario_baseline
60.0,LINK_194891,11203052965,11,0,GGGGGGGGGGGr,r,False,False,0,,19.0,79.0,False,False,scenario_baseline
60.0,NODE_10378,11139418715,2,0,GGr,r,False,False,0,,19.0,79.0,False,False,scenario_baseline
60.0,NODE_5681,11139418723,2,0,GGr,r,False,False,0,,19.0,79.0,False,False,scenario_baseline
60.0,NODE_10262,11203041635,4,0,GGGGr,r,False,False,0,,19.0,79.0,False,False,scenario_baseline
60.5,LINK_249048,5161705573,2,0,GGr,r,False,False,0,,18.5,79.0,False,False,scenario_baseline
60.5,NODE_5837,5161705573,2,0,GGr,r,False,False,0,,18.5,79.0,False,False,scenario_baseline
60.5,LINK_10218,11139418715,2,0,GGr,r,False,False,0,,18.5,79.0,False,False,scenario_baseline
60.5,LINK_140740,11139418715,2,0,GGr,r,False,False,0,,18.5,79.0,False,False,scenario_baseline
60.5,NODE_9634,10974501473,4,0,GGGGr,r,False,False,0,,20.5,81.0,False,False,scenario_baseline
60.5,LINK_194891,11203052965,11,0,GGGGGGGGGGGr,r,False,False,0,,18.5,79.0,False,False,scenario_baseline
60.5,NODE_10378,11139418715,2,0,GGr,r,False,False,0,,18.5,79.0,False,False,scenario_baseline
60.5,NODE_5681,11139418723,2,0,GGr,r,False,False,0,,18.5,79.0,False,False,scenario_baseline
60.5,NODE_10262,11203041635,4,0,GGGGr,r,False,False,0,,18.5,79.0,False,False,scenario_baseline
61.0,LINK_249048,5161705573,2,0,GGr,r,False,False,0,,18.0,79.0,False,False,scenario_baseline
61.0,NODE_5837,5161705573,2,0,GGr,r,False,False,0,,18.0,79.0,False,False,scenario_baseline
61.0,LINK_10218,11139418715,2,0,GGr,r,False,False,0,,18.0,79.0,False,False,scenario_baseline
61.0,LINK_140740,11139418715,2,0,GGr,r,False,False,0,,18.0,79.0,False,False,scenario_baseline
61.0,NODE_9634,10974501473,4,0,GGGGr,r,False,False,0,,20.0,81.0,False,False,scenario_baseline
61.0,LINK_194891,11203052965,11,0,GGGGGGGGGGGr,r,False,False,0,,18.0,79.0,False,False,scenario_baseline
61.0,NODE_10378,11139418715,2,0,GGr,r,False,False,0,,18.0,79.0,False,False,scenario_baseline
61.0,NODE_5681,11139418723,2,0,GGr,r,False,False,0,,18.0,79.0,False,False,scenario_baseline
61.0,NODE_10262,11203041635,4,0,GGGGr,r,False,False,0,,18.0,79.0,False,False,scenario_baseline
61.5,LINK_249048,5161705573,2,0,GGr,r,False,False,0,,17.5,79.0,False,False,scenario_baseline
61.5,NODE_5837,5161705573,2,0,GGr,r,False,False,0,,17.5,79.0,False,False,scenario_baseline
61.5,LINK_10218,11139418715,2,0,GGr,r,False,False,0,,17.5,79.0,False,False,scenario_baseline
61.5,LINK_140740,11139418715,2,0,GGr,r,False,False,0,,17.5,79.0,False,False,scenario_baseline
61.5,NODE_9634,10974501473,4,0,GGGGr,r,False,False,0,,19.5,81.0,False,False,scenario_baseline
61.5,LINK_194891,11203052965,11,0,GGGGGGGGGGGr,r,False,False,0,,17.5,79.0,False,False,scenario_baseline
61.5,NODE_10378,11139418715,2,0,GGr,r,False,False,0,,17.5,79.0,False,False,scenario_baseline
61.5,NODE_5681,11139418723,2,0,GGr,r,False,False,0,,17.5,79.0,False,False,scenario_baseline
61.5,NODE_10262,11203041635,4,0,GGGGr,r,False,False,0,,17.5,79.0,False,False,scenario_baseline
62.0,LINK_249048,5161705573,2,0,GGr,r,False,False,0,,17.0,79.0,False,False,scenario_baseline
62.0,NODE_5837,5161705573,2,0,GGr,r,False,False,0,,17.0,79.0,False,False,scenario_baseline
62.0,LINK_10218,11139418715,2,0,GGr,r,False,False,0,,17.0,79.0,False,False,scenario_baseline
62.0,LINK_140740,11139418715,2,0,GGr,r,False,False,0,,17.0,79.0,False,False,scenario_baseline
62.0,NODE_9634,10974501473,4,0,GGGGr,r,False,False,0,,19.0,81.0,False,False,scenario_baseline
62.0,LINK_194891,11203052965,11,0,GGGGGGGGGGGr,r,False,False,0,,17.0,79.0,False,False,scenario_baseline
62.0,NODE_10378,11139418715,2,0,GGr,r,False,False,0,,17.0,79.0,False,False,scenario_baseline
62.0,NODE_5681,11139418723,2,0,GGr,r,False,False,0,,17.0,79.0,False,False,scenario_baseline
62.0,NODE_10262,11203041635,4,0,GGGGr,r,False,False,0,,17.0,79.0,False,False,scenario_baseline
62.5,LINK_249048,5161705573,2,0,GGr,r,False,False,0,,16.5,79.0,False,False,scenario_baseline
62.5,NODE_5837,5161705573,2,0,GGr,r,False,False,0,,16.5,79.0,False,False,scenario_baseline
62.5,LINK_10218,11139418715,2,0,GGr,r,False,False,0,,16.5,79.0,False,False,scenario_baseline
62.5,LINK_140740,11139418715,2,0,GGr,r,False,False,0,,16.5,79.0,False,False,scenario_baseline
62.5,NODE_9634,10974501473,4,0,GGGGr,r,False,False,0,,18.5,81.0,False,False,scenario_baseline
62.5,LINK_194891,11203052965,11,0,GGGGGGGGGGGr,r,False,False,0,,16.5,79.0,False,False,scenario_baseline
62.5,NODE_10378,11139418715,2,0,GGr,r,False,False,0,,16.5,79.0,False,False,scenario_baseline
62.5,NODE_5681,11139418723,2,0,GGr,r,False,False,0,,16.5,79.0,False,False,scenario_baseline
62.5,NODE_10262,11203041635,4,0,GGGGr,r,False,False,0,,16.5,79.0,False,False,scenario_baseline
63.0,LINK_249048,5161705573,2,0,GGr,r,False,False,0,,16.0,79.0,False,False,scenario_baseline
63.0,NODE_5837,5161705573,2,0,GGr,r,False,False,0,,16.0,79.0,False,False,scenario_baseline
63.0,LINK_10218,11139418715,2,0,GGr,r,False,False,0,,16.0,79.0,False,False,scenario_baseline
63.0,LINK_140740,11139418715,2,0,GGr,r,False,False,0,,16.0,79.0,False,False,scenario_baseline
63.0,NODE_9634,10974501473,4,0,GGGGr,r,False,False,0,,18.0,81.0,False,False,scenario_baseline
63.0,LINK_194891,11203052965,11,0,GGGGGGGGGGGr,r,False,False,0,,16.0,79.0,False,False,scenario_baseline
63.0,NODE_10378,11139418715,2,0,GGr,r,False,False,0,,16.0,79.0,False,False,scenario_baseline
63.0,NODE_5681,11139418723,2,0,GGr,r,False,False,0,,16.0,79.0,False,False,scenario_baseline
63.0,NODE_10262,11203041635,4,0,GGGGr,r,False,False,0,,16.0,79.0,False,False,scenario_baseline
63.5,LINK_249048,5161705573,2,0,GGr,r,False,False,0,,15.5,79.0,False,False,scenario_baseline
63.5,NODE_5837,5161705573,2,0,GGr,r,False,False,0,,15.5,79.0,False,False,scenario_baseline
63.5,LINK_10218,11139418715,2,0,GGr,r,False,False,0,,15.5,79.0,False,False,scenario_baseline
63.5,LINK_140740,11139418715,2,0,GGr,r,False,False,0,,15.5,79.0,False,False,scenario_baseline
63.5,NODE_9634,10974501473,4,0,GGGGr,r,False,False,0,,17.5,81.0,False,False,scenario_baseline
63.5,LINK_194891,11203052965,11,0,GGGGGGGGGGGr,r,False,False,0,,15.5,79.0,False,False,scenario_baseline
63.5,NODE_10378,11139418715,2,0,GGr,r,False,False,0,,15.5,79.0,False,False,scenario_baseline
63.5,NODE_5681,11139418723,2,0,GGr,r,False,False,0,,15.5,79.0,False,False,scenario_baseline
63.5,NODE_10262,11203041635,4,0,GGGGr,r,False,False,0,,15.5,79.0,False,False,scenario_baseline
64.0,LINK_249048,5161705573,2,0,GGr,r,False,False,0,,15.0,79.0,False,False,scenario_baseline
64.0,NODE_5837,5161705573,2,0,GGr,r,False,False,0,,15.0,79.0,False,False,scenario_baseline
64.0,LINK_10218,11139418715,2,0,GGr,r,False,False,0,,15.0,79.0,False,False,scenario_baseline
64.0,LINK_140740,11139418715,2,0,GGr,r,False,False,0,,15.0,79.0,False,False,scenario_baseline
64.0,NODE_9634,10974501473,4,0,GGGGr,r,False,False,0,,17.0,81.0,False,False,scenario_baseline
64.0,LINK_194891,11203052965,11,0,GGGGGGGGGGGr,r,False,False,0,,15.0,79.0,False,False,scenario_baseline
64.0,NODE_10378,11139418715,2,0,GGr,r,False,False,0,,15.0,79.0,False,False,scenario_baseline
64.0,NODE_5681,11139418723,2,0,GGr,r,False,False,0,,15.0,79.0,False,False,scenario_baseline
64.0,NODE_10262,11203041635,4,0,GGGGr,r,False,False,0,,15.0,79.0,False,False,scenario_baseline
64.5,LINK_249048,5161705573,2,0,GGr,r,False,False,0,,14.5,79.0,False,False,scenario_baseline
64.5,NODE_5837,5161705573,2,0,GGr,r,False,False,0,,14.5,79.0,False,False,scenario_baseline
64.5,LINK_10218,11139418715,2,0,GGr,r,False,False,0,,14.5,79.0,False,False,scenario_baseline
64.5,LINK_140740,11139418715,2,0,GGr,r,False,False,0,,14.5,79.0,False,False,scenario_baseline
64.5,NODE_9634,10974501473,4,0,GGGGr,r,False,False,0,,16.5,81.0,False,False,scenario_baseline
64.5,LINK_194891,11203052965,11,0,GGGGGGGGGGGr,r,False,False,0,,14.5,79.0,False,False,scenario_baseline
64.5,NODE_10378,11139418715,2,0,GGr,r,False,False,0,,14.5,79.0,False,False,scenario_baseline
64.5,NODE_5681,11139418723,2,0,GGr,r,False,False,0,,14.5,79.0,False,False,scenario_baseline
64.5,NODE_10262,11203041635,4,0,GGGGr,r,False,False,0,,14.5,79.0,False,False,scenario_baseline
65.0,LINK_249048,5161705573,2,0,GGr,r,False,False,0,,14.0,79.0,False,False,scenario_baseline
65.0,NODE_5837,5161705573,2,0,GGr,r,False,False,0,,14.0,79.0,False,False,scenario_baseline
65.0,LINK_10218,11139418715,2,0,GGr,r,False,False,0,,14.0,79.0,False,False,scenario_baseline
65.0,LINK_140740,11139418715,2,0,GGr,r,False,False,0,,14.0,79.0,False,False,scenario_baseline
65.0,NODE_9634,10974501473,4,0,GGGGr,r,False,False,0,,16.0,81.0,False,False,scenario_baseline
65.0,LINK_194891,11203052965,11,0,GGGGGGGGGGGr,r,False,False,0,,14.0,79.0,False,False,scenario_baseline
65.0,NODE_10378,11139418715,2,0,GGr,r,False,False,0,,14.0,79.0,False,False,scenario_baseline
65.0,NODE_5681,11139418723,2,0,GGr,r,False,False,0,,14.0,79.0,False,False,scenario_baseline
65.0,NODE_10262,11203041635,4,0,GGGGr,r,False,False,0,,14.0,79.0,False,False,scenario_baseline
65.5,LINK_249048,5161705573,2,0,GGr,r,False,False,0,,13.5,79.0,False,False,scenario_baseline
65.5,NODE_5837,5161705573,2,0,GGr,r,False,False,0,,13.5,79.0,False,False,scenario_baseline
65.5,LINK_10218,11139418715,2,0,GGr,r,False,False,0,,13.5,79.0,False,False,scenario_baseline
65.5,LINK_140740,11139418715,2,0,GGr,r,False,False,0,,13.5,79.0,False,False,scenario_baseline
65.5,NODE_9634,10974501473,4,0,GGGGr,r,False,False,0,,15.5,81.0,False,False,scenario_baseline
65.5,LINK_194891,11203052965,11,0,GGGGGGGGGGGr,r,False,False,0,,13.5,79.0,False,False,scenario_baseline
65.5,NODE_10378,11139418715,2,0,GGr,r,False,False,0,,13.5,79.0,False,False,scenario_baseline
65.5,NODE_5681,11139418723,2,0,GGr,r,False,False,0,,13.5,79.0,False,False,scenario_baseline
65.5,NODE_10262,11203041635,4,0,GGGGr,r,False,False,0,,13.5,79.0,False,False,scenario_baseline
66.0,LINK_249048,5161705573,2,0,GGr,r,False,False,0,,13.0,79.0,False,False,scenario_baseline
66.0,NODE_5837,5161705573,2,0,GGr,r,False,False,0,,13.0,79.0,False,False,scenario_baseline
66.0,LINK_10218,11139418715,2,0,GGr,r,False,False,0,,13.0,79.0,False,False,scenario_baseline
66.0,LINK_140740,11139418715,2,0,GGr,r,False,False,0,,13.0,79.0,False,False,scenario_baseline
66.0,NODE_9634,10974501473,4,0,GGGGr,r,False,False,0,,15.0,81.0,False,False,scenario_baseline
66.0,LINK_194891,11203052965,11,0,GGGGGGGGGGGr,r,False,False,0,,13.0,79.0,False,False,scenario_baseline
66.0,NODE_10378,11139418715,2,0,GGr,r,False,False,0,,13.0,79.0,False,False,scenario_baseline
66.0,NODE_5681,11139418723,2,0,GGr,r,False,False,0,,13.0,79.0,False,False,scenario_baseline
66.0,NODE_10262,11203041635,4,0,GGGGr,r,False,False,0,,13.0,79.0,False,False,scenario_baseline
66.5,LINK_249048,5161705573,2,0,GGr,r,False,False,0,,12.5,79.0,False,False,scenario_baseline
66.5,NODE_5837,5161705573,2,0,GGr,r,False,False,0,,12.5,79.0,False,False,scenario_baseline
66.5,LINK_10218,11139418715,2,0,GGr,r,False,False,0,,12.5,79.0,False,False,scenario_baseline
66.5,LINK_140740,11139418715,2,0,GGr,r,False,False,0,,12.5,79.0,False,False,scenario_baseline
66.5,NODE_9634,10974501473,4,0,GGGGr,r,False,False,0,,14.5,81.0,False,False,scenario_baseline
66.5,LINK_194891,11203052965,11,0,GGGGGGGGGGGr,r,False,False,0,,12.5,79.0,False,False,scenario_baseline
66.5,NODE_10378,11139418715,2,0,GGr,r,False,False,0,,12.5,79.0,False,False,scenario_baseline
66.5,NODE_5681,11139418723,2,0,GGr,r,False,False,0,,12.5,79.0,False,False,scenario_baseline
66.5,NODE_10262,11203041635,4,0,GGGGr,r,False,False,0,,12.5,79.0,False,False,scenario_baseline
67.0,LINK_249048,5161705573,2,0,GGr,r,False,False,0,,12.0,79.0,False,False,scenario_baseline
67.0,NODE_5837,5161705573,2,0,GGr,r,False,False,0,,12.0,79.0,False,False,scenario_baseline
67.0,LINK_10218,11139418715,2,0,GGr,r,False,False,0,,12.0,79.0,False,False,scenario_baseline
67.0,LINK_140740,11139418715,2,0,GGr,r,False,False,0,,12.0,79.0,False,False,scenario_baseline
67.0,NODE_9634,10974501473,4,0,GGGGr,r,False,False,0,,14.0,81.0,False,False,scenario_baseline
67.0,LINK_194891,11203052965,11,0,GGGGGGGGGGGr,r,False,False,0,,12.0,79.0,False,False,scenario_baseline
67.0,NODE_10378,11139418715,2,0,GGr,r,False,False,0,,12.0,79.0,False,False,scenario_baseline
67.0,NODE_5681,11139418723,2,0,GGr,r,False,False,0,,12.0,79.0,False,False,scenario_baseline
67.0,NODE_10262,11203041635,4,0,GGGGr,r,False,False,0,,12.0,79.0,False,False,scenario_baseline
67.5,LINK_249048,5161705573,2,0,GGr,r,False,False,0,,11.5,79.0,False,False,scenario_baseline
67.5,NODE_5837,5161705573,2,0,GGr,r,False,False,0,,11.5,79.0,False,False,scenario_baseline
67.5,LINK_10218,11139418715,2,0,GGr,r,False,False,0,,11.5,79.0,False,False,scenario_baseline
67.5,LINK_140740,11139418715,2,0,GGr,r,False,False,0,,11.5,79.0,False,False,scenario_baseline
67.5,NODE_9634,10974501473,4,0,GGGGr,r,False,False,0,,13.5,81.0,False,False,scenario_baseline
67.5,LINK_194891,11203052965,11,0,GGGGGGGGGGGr,r,False,False,0,,11.5,79.0,False,False,scenario_baseline
67.5,NODE_10378,11139418715,2,0,GGr,r,False,False,0,,11.5,79.0,False,False,scenario_baseline
67.5,NODE_5681,11139418723,2,0,GGr,r,False,False,0,,11.5,79.0,False,False,scenario_baseline
67.5,NODE_10262,11203041635,4,0,GGGGr,r,False,False,0,,11.5,79.0,False,False,scenario_baseline
68.0,LINK_249048,5161705573,2,0,GGr,r,False,False,0,,11.0,79.0,False,False,scenario_baseline
68.0,NODE_5837,5161705573,2,0,GGr,r,False,False,0,,11.0,79.0,False,False,scenario_baseline
68.0,LINK_10218,11139418715,2,0,GGr,r,False,False,0,,11.0,79.0,False,False,scenario_baseline
68.0,LINK_140740,11139418715,2,0,GGr,r,False,False,0,,11.0,79.0,False,False,scenario_baseline
68.0,NODE_9634,10974501473,4,0,GGGGr,r,False,False,0,,13.0,81.0,False,False,scenario_baseline
68.0,LINK_194891,11203052965,11,0,GGGGGGGGGGGr,r,False,False,0,,11.0,79.0,False,False,scenario_baseline
68.0,NODE_10378,11139418715,2,0,GGr,r,False,False,0,,11.0,79.0,False,False,scenario_baseline
68.0,NODE_5681,11139418723,2,0,GGr,r,False,False,0,,11.0,79.0,False,False,scenario_baseline
68.0,NODE_10262,11203041635,4,0,GGGGr,r,False,False,0,,11.0,79.0,False,False,scenario_baseline
68.5,LINK_249048,5161705573,2,0,GGr,r,False,False,0,,10.5,79.0,False,False,scenario_baseline
68.5,NODE_5837,5161705573,2,0,GGr,r,False,False,0,,10.5,79.0,False,False,scenario_baseline
68.5,LINK_10218,11139418715,2,0,GGr,r,False,False,0,,10.5,79.0,False,False,scenario_baseline
68.5,LINK_140740,11139418715,2,0,GGr,r,False,False,0,,10.5,79.0,False,False,scenario_baseline
68.5,NODE_9634,10974501473,4,0,GGGGr,r,False,False,0,,12.5,81.0,False,False,scenario_baseline
68.5,LINK_194891,11203052965,11,0,GGGGGGGGGGGr,r,False,False,0,,10.5,79.0,False,False,scenario_baseline
68.5,NODE_10378,11139418715,2,0,GGr,r,False,False,0,,10.5,79.0,False,False,scenario_baseline
68.5,NODE_5681,11139418723,2,0,GGr,r,False,False,0,,10.5,79.0,False,False,scenario_baseline
68.5,NODE_10262,11203041635,4,0,GGGGr,r,False,False,0,,10.5,79.0,False,False,scenario_baseline
69.0,LINK_249048,5161705573,2,0,GGr,r,False,False,0,,10.0,79.0,False,False,scenario_baseline
69.0,NODE_5837,5161705573,2,0,GGr,r,False,False,0,,10.0,79.0,False,False,scenario_baseline
69.0,LINK_10218,11139418715,2,0,GGr,r,False,False,0,,10.0,79.0,False,False,scenario_baseline
69.0,LINK_140740,11139418715,2,0,GGr,r,False,False,0,,10.0,79.0,False,False,scenario_baseline
69.0,NODE_9634,10974501473,4,0,GGGGr,r,False,False,0,,12.0,81.0,False,False,scenario_baseline
69.0,LINK_194891,11203052965,11,0,GGGGGGGGGGGr,r,False,False,0,,10.0,79.0,False,False,scenario_baseline
69.0,NODE_10378,11139418715,2,0,GGr,r,False,False,0,,10.0,79.0,False,False,scenario_baseline
69.0,NODE_5681,11139418723,2,0,GGr,r,False,False,0,,10.0,79.0,False,False,scenario_baseline
69.0,NODE_10262,11203041635,4,0,GGGGr,r,False,False,0,,10.0,79.0,False,False,scenario_baseline
69.5,LINK_249048,5161705573,2,0,GGr,r,False,False,0,,9.5,79.0,False,False,scenario_baseline
69.5,NODE_5837,5161705573,2,0,GGr,r,False,False,0,,9.5,79.0,False,False,scenario_baseline
69.5,LINK_10218,11139418715,2,0,GGr,r,False,False,0,,9.5,79.0,False,False,scenario_baseline
69.5,LINK_140740,11139418715,2,0,GGr,r,False,False,0,,9.5,79.0,False,False,scenario_baseline
69.5,NODE_9634,10974501473,4,0,GGGGr,r,False,False,0,,11.5,81.0,False,False,scenario_baseline
69.5,LINK_194891,11203052965,11,0,GGGGGGGGGGGr,r,False,False,0,,9.5,79.0,False,False,scenario_baseline
69.5,NODE_10378,11139418715,2,0,GGr,r,False,False,0,,9.5,79.0,False,False,scenario_baseline
69.5,NODE_5681,11139418723,2,0,GGr,r,False,False,0,,9.5,79.0,False,False,scenario_baseline
69.5,NODE_10262,11203041635,4,0,GGGGr,r,False,False,0,,9.5,79.0,False,False,scenario_baseline
70.0,LINK_249048,5161705573,2,0,GGr,r,False,False,0,,9.0,79.0,False,False,scenario_baseline
70.0,NODE_5837,5161705573,2,0,GGr,r,False,False,0,,9.0,79.0,False,False,scenario_baseline
70.0,LINK_10218,11139418715,2,0,GGr,r,False,False,0,,9.0,79.0,False,False,scenario_baseline
70.0,LINK_140740,11139418715,2,0,GGr,r,False,False,0,,9.0,79.0,False,False,scenario_baseline
70.0,NODE_9634,10974501473,4,0,GGGGr,r,False,False,0,,11.0,81.0,False,False,scenario_baseline
70.0,LINK_194891,11203052965,11,0,GGGGGGGGGGGr,r,False,False,0,,9.0,79.0,False,False,scenario_baseline
70.0,NODE_10378,11139418715,2,0,GGr,r,False,False,0,,9.0,79.0,False,False,scenario_baseline
70.0,NODE_5681,11139418723,2,0,GGr,r,False,False,0,,9.0,79.0,False,False,scenario_baseline
70.0,NODE_10262,11203041635,4,0,GGGGr,r,False,False,0,,9.0,79.0,False,False,scenario_baseline
70.5,LINK_249048,5161705573,2,0,GGr,r,False,False,0,,8.5,79.0,False,False,scenario_baseline
70.5,NODE_5837,5161705573,2,0,GGr,r,False,False,0,,8.5,79.0,False,False,scenario_baseline
70.5,LINK_10218,11139418715,2,0,GGr,r,False,False,0,,8.5,79.0,False,False,scenario_baseline
70.5,LINK_140740,11139418715,2,0,GGr,r,False,False,0,,8.5,79.0,False,False,scenario_baseline
70.5,NODE_9634,10974501473,4,0,GGGGr,r,False,False,0,,10.5,81.0,False,False,scenario_baseline
70.5,LINK_194891,11203052965,11,0,GGGGGGGGGGGr,r,False,False,0,,8.5,79.0,False,False,scenario_baseline
70.5,NODE_10378,11139418715,2,0,GGr,r,False,False,0,,8.5,79.0,False,False,scenario_baseline
70.5,NODE_5681,11139418723,2,0,GGr,r,False,False,0,,8.5,79.0,False,False,scenario_baseline
70.5,NODE_10262,11203041635,4,0,GGGGr,r,False,False,0,,8.5,79.0,False,False,scenario_baseline
71.0,LINK_249048,5161705573,2,0,GGr,r,False,False,0,,8.0,79.0,False,False,scenario_baseline
71.0,NODE_5837,5161705573,2,0,GGr,r,False,False,0,,8.0,79.0,False,False,scenario_baseline
71.0,LINK_10218,11139418715,2,0,GGr,r,False,False,0,,8.0,79.0,False,False,scenario_baseline
71.0,LINK_140740,11139418715,2,0,GGr,r,False,False,0,,8.0,79.0,False,False,scenario_baseline
71.0,NODE_9634,10974501473,4,0,GGGGr,r,False,False,0,,10.0,81.0,False,False,scenario_baseline
71.0,LINK_194891,11203052965,11,0,GGGGGGGGGGGr,r,False,False,0,,8.0,79.0,False,False,scenario_baseline
71.0,NODE_10378,11139418715,2,0,GGr,r,False,False,0,,8.0,79.0,False,False,scenario_baseline
71.0,NODE_5681,11139418723,2,0,GGr,r,False,False,0,,8.0,79.0,False,False,scenario_baseline
71.0,NODE_10262,11203041635,4,0,GGGGr,r,False,False,0,,8.0,79.0,False,False,scenario_baseline
71.5,LINK_249048,5161705573,2,0,GGr,r,False,False,0,,7.5,79.0,False,False,scenario_baseline
71.5,NODE_5837,5161705573,2,0,GGr,r,False,False,0,,7.5,79.0,False,False,scenario_baseline
71.5,LINK_10218,11139418715,2,0,GGr,r,False,False,0,,7.5,79.0,False,False,scenario_baseline
71.5,LINK_140740,11139418715,2,0,GGr,r,False,False,0,,7.5,79.0,False,False,scenario_baseline
71.5,NODE_9634,10974501473,4,0,GGGGr,r,False,False,0,,9.5,81.0,False,False,scenario_baseline
71.5,LINK_194891,11203052965,11,0,GGGGGGGGGGGr,r,False,False,0,,7.5,79.0,False,False,scenario_baseline
71.5,NODE_10378,11139418715,2,0,GGr,r,False,False,0,,7.5,79.0,False,False,scenario_baseline
71.5,NODE_5681,11139418723,2,0,GGr,r,False,False,0,,7.5,79.0,False,False,scenario_baseline
71.5,NODE_10262,11203041635,4,0,GGGGr,r,False,False,0,,7.5,79.0,False,False,scenario_baseline
72.0,LINK_249048,5161705573,2,0,GGr,r,False,False,0,,7.0,79.0,False,False,scenario_baseline
72.0,NODE_5837,5161705573,2,0,GGr,r,False,False,0,,7.0,79.0,False,False,scenario_baseline
72.0,LINK_10218,11139418715,2,0,GGr,r,False,False,0,,7.0,79.0,False,False,scenario_baseline
72.0,LINK_140740,11139418715,2,0,GGr,r,False,False,0,,7.0,79.0,False,False,scenario_baseline
72.0,NODE_9634,10974501473,4,0,GGGGr,r,False,False,0,,9.0,81.0,False,False,scenario_baseline
72.0,LINK_194891,11203052965,11,0,GGGGGGGGGGGr,r,False,False,0,,7.0,79.0,False,False,scenario_baseline
72.0,NODE_10378,11139418715,2,0,GGr,r,False,False,0,,7.0,79.0,False,False,scenario_baseline
72.0,NODE_5681,11139418723,2,0,GGr,r,False,False,0,,7.0,79.0,False,False,scenario_baseline
72.0,NODE_10262,11203041635,4,0,GGGGr,r,False,False,0,,7.0,79.0,False,False,scenario_baseline
72.5,LINK_249048,5161705573,2,0,GGr,r,False,False,0,,6.5,79.0,False,False,scenario_baseline
72.5,NODE_5837,5161705573,2,0,GGr,r,False,False,0,,6.5,79.0,False,False,scenario_baseline
72.5,LINK_10218,11139418715,2,0,GGr,r,False,False,0,,6.5,79.0,False,False,scenario_baseline
72.5,LINK_140740,11139418715,2,0,GGr,r,False,False,0,,6.5,79.0,False,False,scenario_baseline
72.5,NODE_9634,10974501473,4,0,GGGGr,r,False,False,0,,8.5,81.0,False,False,scenario_baseline
72.5,LINK_194891,11203052965,11,0,GGGGGGGGGGGr,r,False,False,0,,6.5,79.0,False,False,scenario_baseline
72.5,NODE_10378,11139418715,2,0,GGr,r,False,False,0,,6.5,79.0,False,False,scenario_baseline
72.5,NODE_5681,11139418723,2,0,GGr,r,False,False,0,,6.5,79.0,False,False,scenario_baseline
72.5,NODE_10262,11203041635,4,0,GGGGr,r,False,False,0,,6.5,79.0,False,False,scenario_baseline
73.0,LINK_249048,5161705573,2,0,GGr,r,False,False,0,,6.0,79.0,False,False,scenario_baseline
73.0,NODE_5837,5161705573,2,0,GGr,r,False,False,0,,6.0,79.0,False,False,scenario_baseline
73.0,LINK_10218,11139418715,2,0,GGr,r,False,False,0,,6.0,79.0,False,False,scenario_baseline
73.0,LINK_140740,11139418715,2,0,GGr,r,False,False,0,,6.0,79.0,False,False,scenario_baseline
73.0,NODE_9634,10974501473,4,0,GGGGr,r,False,False,0,,8.0,81.0,False,False,scenario_baseline
73.0,LINK_194891,11203052965,11,0,GGGGGGGGGGGr,r,False,False,0,,6.0,79.0,False,False,scenario_baseline
73.0,NODE_10378,11139418715,2,0,GGr,r,False,False,0,,6.0,79.0,False,False,scenario_baseline
73.0,NODE_5681,11139418723,2,0,GGr,r,False,False,0,,6.0,79.0,False,False,scenario_baseline
73.0,NODE_10262,11203041635,4,0,GGGGr,r,False,False,0,,6.0,79.0,False,False,scenario_baseline
73.5,LINK_249048,5161705573,2,0,GGr,r,False,False,0,,5.5,79.0,False,False,scenario_baseline
73.5,NODE_5837,5161705573,2,0,GGr,r,False,False,0,,5.5,79.0,False,False,scenario_baseline
73.5,LINK_10218,11139418715,2,0,GGr,r,False,False,0,,5.5,79.0,False,False,scenario_baseline
73.5,LINK_140740,11139418715,2,0,GGr,r,False,False,0,,5.5,79.0,False,False,scenario_baseline
73.5,NODE_9634,10974501473,4,0,GGGGr,r,False,False,0,,7.5,81.0,False,False,scenario_baseline
73.5,LINK_194891,11203052965,11,0,GGGGGGGGGGGr,r,False,False,0,,5.5,79.0,False,False,scenario_baseline
73.5,NODE_10378,11139418715,2,0,GGr,r,False,False,0,,5.5,79.0,False,False,scenario_baseline
73.5,NODE_5681,11139418723,2,0,GGr,r,False,False,0,,5.5,79.0,False,False,scenario_baseline
73.5,NODE_10262,11203041635,4,0,GGGGr,r,False,False,0,,5.5,79.0,False,False,scenario_baseline
74.0,LINK_249048,5161705573,2,0,GGr,r,False,False,0,,5.0,79.0,False,False,scenario_baseline
74.0,NODE_5837,5161705573,2,0,GGr,r,False,False,0,,5.0,79.0,False,False,scenario_baseline
74.0,LINK_10218,11139418715,2,0,GGr,r,False,False,0,,5.0,79.0,False,False,scenario_baseline
74.0,LINK_140740,11139418715,2,0,GGr,r,False,False,0,,5.0,79.0,False,False,scenario_baseline
74.0,NODE_9634,10974501473,4,0,GGGGr,r,False,False,0,,7.0,81.0,False,False,scenario_baseline
74.0,LINK_194891,11203052965,11,0,GGGGGGGGGGGr,r,False,False,0,,5.0,79.0,False,False,scenario_baseline
74.0,NODE_10378,11139418715,2,0,GGr,r,False,False,0,,5.0,79.0,False,False,scenario_baseline
74.0,NODE_5681,11139418723,2,0,GGr,r,False,False,0,,5.0,79.0,False,False,scenario_baseline
74.0,NODE_10262,11203041635,4,0,GGGGr,r,False,False,0,,5.0,79.0,False,False,scenario_baseline
74.5,LINK_249048,5161705573,2,0,GGr,r,False,False,0,,4.5,79.0,False,False,scenario_baseline
74.5,NODE_5837,5161705573,2,0,GGr,r,False,False,0,,4.5,79.0,False,False,scenario_baseline
74.5,LINK_10218,11139418715,2,0,GGr,r,False,False,0,,4.5,79.0,False,False,scenario_baseline
74.5,LINK_140740,11139418715,2,0,GGr,r,False,False,0,,4.5,79.0,False,False,scenario_baseline
74.5,NODE_9634,10974501473,4,0,GGGGr,r,False,False,0,,6.5,81.0,False,False,scenario_baseline
74.5,LINK_194891,11203052965,11,0,GGGGGGGGGGGr,r,False,False,0,,4.5,79.0,False,False,scenario_baseline
74.5,NODE_10378,11139418715,2,0,GGr,r,False,False,0,,4.5,79.0,False,False,scenario_baseline
74.5,NODE_5681,11139418723,2,0,GGr,r,False,False,0,,4.5,79.0,False,False,scenario_baseline
74.5,NODE_10262,11203041635,4,0,GGGGr,r,False,False,0,,4.5,79.0,False,False,scenario_baseline
75.0,LINK_249048,5161705573,2,0,GGr,r,False,False,0,,4.0,79.0,False,False,scenario_baseline
75.0,NODE_5837,5161705573,2,0,GGr,r,False,False,0,,4.0,79.0,False,False,scenario_baseline
75.0,LINK_10218,11139418715,2,0,GGr,r,False,False,0,,4.0,79.0,False,False,scenario_baseline
75.0,LINK_140740,11139418715,2,0,GGr,r,False,False,0,,4.0,79.0,False,False,scenario_baseline
75.0,NODE_9634,10974501473,4,0,GGGGr,r,False,False,0,,6.0,81.0,False,False,scenario_baseline
75.0,LINK_194891,11203052965,11,0,GGGGGGGGGGGr,r,False,False,0,,4.0,79.0,False,False,scenario_baseline
75.0,NODE_10378,11139418715,2,0,GGr,r,False,False,0,,4.0,79.0,False,False,scenario_baseline
75.0,NODE_5681,11139418723,2,0,GGr,r,False,False,0,,4.0,79.0,False,False,scenario_baseline
75.0,NODE_10262,11203041635,4,0,GGGGr,r,False,False,0,,4.0,79.0,False,False,scenario_baseline
75.5,LINK_249048,5161705573,2,0,GGr,r,False,False,0,,3.5,79.0,False,False,scenario_baseline
75.5,NODE_5837,5161705573,2,0,GGr,r,False,False,0,,3.5,79.0,False,False,scenario_baseline
75.5,LINK_10218,11139418715,2,0,GGr,r,False,False,0,,3.5,79.0,False,False,scenario_baseline
75.5,LINK_140740,11139418715,2,0,GGr,r,False,False,0,,3.5,79.0,False,False,scenario_baseline
75.5,NODE_9634,10974501473,4,0,GGGGr,r,False,False,0,,5.5,81.0,False,False,scenario_baseline
75.5,LINK_194891,11203052965,11,0,GGGGGGGGGGGr,r,False,False,0,,3.5,79.0,False,False,scenario_baseline
75.5,NODE_10378,11139418715,2,0,GGr,r,False,False,0,,3.5,79.0,False,False,scenario_baseline
75.5,NODE_5681,11139418723,2,0,GGr,r,False,False,0,,3.5,79.0,False,False,scenario_baseline
75.5,NODE_10262,11203041635,4,0,GGGGr,r,False,False,0,,3.5,79.0,False,False,scenario_baseline
76.0,LINK_249048,5161705573,2,0,GGr,r,False,False,0,,3.0,79.0,False,False,scenario_baseline
76.0,NODE_5837,5161705573,2,0,GGr,r,False,False,0,,3.0,79.0,False,False,scenario_baseline
76.0,LINK_10218,11139418715,2,0,GGr,r,False,False,0,,3.0,79.0,False,False,scenario_baseline
76.0,LINK_140740,11139418715,2,0,GGr,r,False,False,0,,3.0,79.0,False,False,scenario_baseline
76.0,NODE_9634,10974501473,4,0,GGGGr,r,False,False,0,,5.0,81.0,False,False,scenario_baseline
76.0,LINK_194891,11203052965,11,0,GGGGGGGGGGGr,r,False,False,0,,3.0,79.0,False,False,scenario_baseline
76.0,NODE_10378,11139418715,2,0,GGr,r,False,False,0,,3.0,79.0,False,False,scenario_baseline
76.0,NODE_5681,11139418723,2,0,GGr,r,False,False,0,,3.0,79.0,False,False,scenario_baseline
76.0,NODE_10262,11203041635,4,0,GGGGr,r,False,False,0,,3.0,79.0,False,False,scenario_baseline
76.5,LINK_249048,5161705573,2,0,GGr,r,False,False,0,,2.5,79.0,False,False,scenario_baseline
76.5,NODE_5837,5161705573,2,0,GGr,r,False,False,0,,2.5,79.0,False,False,scenario_baseline
76.5,LINK_10218,11139418715,2,0,GGr,r,False,False,0,,2.5,79.0,False,False,scenario_baseline
76.5,LINK_140740,11139418715,2,0,GGr,r,False,False,0,,2.5,79.0,False,False,scenario_baseline
76.5,NODE_9634,10974501473,4,0,GGGGr,r,False,False,0,,4.5,81.0,False,False,scenario_baseline
76.5,LINK_194891,11203052965,11,0,GGGGGGGGGGGr,r,False,False,0,,2.5,79.0,False,False,scenario_baseline
76.5,NODE_10378,11139418715,2,0,GGr,r,False,False,0,,2.5,79.0,False,False,scenario_baseline
76.5,NODE_5681,11139418723,2,0,GGr,r,False,False,0,,2.5,79.0,False,False,scenario_baseline
76.5,NODE_10262,11203041635,4,0,GGGGr,r,False,False,0,,2.5,79.0,False,False,scenario_baseline
77.0,LINK_249048,5161705573,2,0,GGr,r,False,False,0,,2.0,79.0,False,False,scenario_baseline
77.0,NODE_5837,5161705573,2,0,GGr,r,False,False,0,,2.0,79.0,False,False,scenario_baseline
77.0,LINK_10218,11139418715,2,0,GGr,r,False,False,0,,2.0,79.0,False,False,scenario_baseline
77.0,LINK_140740,11139418715,2,0,GGr,r,False,False,0,,2.0,79.0,False,False,scenario_baseline
77.0,NODE_9634,10974501473,4,0,GGGGr,r,False,False,0,,4.0,81.0,False,False,scenario_baseline
77.0,LINK_194891,11203052965,11,0,GGGGGGGGGGGr,r,False,False,0,,2.0,79.0,False,False,scenario_baseline
77.0,NODE_10378,11139418715,2,0,GGr,r,False,False,0,,2.0,79.0,False,False,scenario_baseline
77.0,NODE_5681,11139418723,2,0,GGr,r,False,False,0,,2.0,79.0,False,False,scenario_baseline
77.0,NODE_10262,11203041635,4,0,GGGGr,r,False,False,0,,2.0,79.0,False,False,scenario_baseline
77.5,LINK_249048,5161705573,2,0,GGr,r,False,False,0,,1.5,79.0,False,False,scenario_baseline
77.5,NODE_5837,5161705573,2,0,GGr,r,False,False,0,,1.5,79.0,False,False,scenario_baseline
77.5,LINK_10218,11139418715,2,0,GGr,r,False,False,0,,1.5,79.0,False,False,scenario_baseline
77.5,LINK_140740,11139418715,2,0,GGr,r,False,False,0,,1.5,79.0,False,False,scenario_baseline
77.5,NODE_9634,10974501473,4,0,GGGGr,r,False,False,0,,3.5,81.0,False,False,scenario_baseline
77.5,LINK_194891,11203052965,11,0,GGGGGGGGGGGr,r,False,False,0,,1.5,79.0,False,False,scenario_baseline
77.5,NODE_10378,11139418715,2,0,GGr,r,False,False,0,,1.5,79.0,False,False,scenario_baseline
77.5,NODE_5681,11139418723,2,0,GGr,r,False,False,0,,1.5,79.0,False,False,scenario_baseline
77.5,NODE_10262,11203041635,4,0,GGGGr,r,False,False,0,,1.5,79.0,False,False,scenario_baseline
78.0,LINK_249048,5161705573,2,0,GGr,r,False,False,0,,1.0,79.0,False,False,scenario_baseline
78.0,NODE_5837,5161705573,2,0,GGr,r,False,False,0,,1.0,79.0,False,False,scenario_baseline
78.0,LINK_10218,11139418715,2,0,GGr,r,False,False,0,,1.0,79.0,False,False,scenario_baseline
78.0,LINK_140740,11139418715,2,0,GGr,r,False,False,0,,1.0,79.0,False,False,scenario_baseline
78.0,NODE_9634,10974501473,4,0,GGGGr,r,False,False,0,,3.0,81.0,False,False,scenario_baseline
78.0,LINK_194891,11203052965,11,0,GGGGGGGGGGGr,r,False,False,0,,1.0,79.0,False,False,scenario_baseline
78.0,NODE_10378,11139418715,2,0,GGr,r,False,False,0,,1.0,79.0,False,False,scenario_baseline
78.0,NODE_5681,11139418723,2,0,GGr,r,False,False,0,,1.0,79.0,False,False,scenario_baseline
78.0,NODE_10262,11203041635,4,0,GGGGr,r,False,False,0,,1.0,79.0,False,False,scenario_baseline
78.5,LINK_249048,5161705573,2,0,GGr,r,False,False,0,,0.5,79.0,False,False,scenario_baseline
78.5,NODE_5837,5161705573,2,0,GGr,r,False,False,0,,0.5,79.0,False,False,scenario_baseline
78.5,LINK_10218,11139418715,2,0,GGr,r,False,False,0,,0.5,79.0,False,False,scenario_baseline
78.5,LINK_140740,11139418715,2,0,GGr,r,False,False,0,,0.5,79.0,False,False,scenario_baseline
78.5,NODE_9634,10974501473,4,0,GGGGr,r,False,False,0,,2.5,81.0,False,False,scenario_baseline
78.5,LINK_194891,11203052965,11,0,GGGGGGGGGGGr,r,False,False,0,,0.5,79.0,False,False,scenario_baseline
78.5,NODE_10378,11139418715,2,0,GGr,r,False,False,0,,0.5,79.0,False,False,scenario_baseline
78.5,NODE_5681,11139418723,2,0,GGr,r,False,False,0,,0.5,79.0,False,False,scenario_baseline
78.5,NODE_10262,11203041635,4,0,GGGGr,r,False,False,0,,0.5,79.0,False,False,scenario_baseline
79.0,LINK_249048,5161705573,2,0,GGr,r,False,False,0,,0.0,79.0,False,False,scenario_baseline
79.0,NODE_5837,5161705573,2,0,GGr,r,False,False,0,,0.0,79.0,False,False,scenario_baseline
79.0,LINK_10218,11139418715,2,0,GGr,r,False,False,0,,0.0,79.0,False,False,scenario_baseline
79.0,LINK_140740,11139418715,2,0,GGr,r,False,False,0,,0.0,79.0,False,False,scenario_baseline
79.0,NODE_9634,10974501473,4,0,GGGGr,r,False,False,0,,2.0,81.0,False,False,scenario_baseline
79.0,LINK_194891,11203052965,11,0,GGGGGGGGGGGr,r,False,False,0,,0.0,79.0,False,False,scenario_baseline
79.0,NODE_10378,11139418715,2,0,GGr,r,False,False,0,,0.0,79.0,False,False,scenario_baseline
79.0,NODE_5681,11139418723,2,0,GGr,r,False,False,0,,0.0,79.0,False,False,scenario_baseline
79.0,NODE_10262,11203041635,4,0,GGGGr,r,False,False,0,,0.0,79.0,False,False,scenario_baseline
79.5,LINK_249048,5161705573,2,1,yyr,r,False,False,0,,5.5,85.0,False,False,scenario_baseline
79.5,NODE_5837,5161705573,2,1,yyr,r,False,False,0,,5.5,85.0,False,False,scenario_baseline
79.5,LINK_10218,11139418715,2,1,yyr,r,False,False,0,,5.5,85.0,False,False,scenario_baseline
79.5,LINK_140740,11139418715,2,1,yyr,r,False,False,0,,5.5,85.0,False,False,scenario_baseline
79.5,NODE_9634,10974501473,4,0,GGGGr,r,False,False,0,,1.5,81.0,False,False,scenario_baseline
79.5,LINK_194891,11203052965,11,1,yyyyyyyyyyyr,r,False,False,0,,5.5,85.0,False,False,scenario_baseline
79.5,NODE_10378,11139418715,2,1,yyr,r,False,False,0,,5.5,85.0,False,False,scenario_baseline
79.5,NODE_5681,11139418723,2,1,yyr,r,False,False,0,,5.5,85.0,False,False,scenario_baseline
79.5,NODE_10262,11203041635,4,1,yyyyr,r,False,False,0,,5.5,85.0,False,False,scenario_baseline
80.0,LINK_249048,5161705573,2,1,yyr,r,False,False,0,,5.0,85.0,False,False,scenario_baseline
80.0,NODE_5837,5161705573,2,1,yyr,r,False,False,0,,5.0,85.0,False,False,scenario_baseline
80.0,LINK_10218,11139418715,2,1,yyr,r,False,False,0,,5.0,85.0,False,False,scenario_baseline
80.0,LINK_140740,11139418715,2,1,yyr,r,False,False,0,,5.0,85.0,False,False,scenario_baseline
80.0,NODE_9634,10974501473,4,0,GGGGr,r,False,False,0,,1.0,81.0,False,False,scenario_baseline
80.0,LINK_194891,11203052965,11,1,yyyyyyyyyyyr,r,False,False,0,,5.0,85.0,False,False,scenario_baseline
80.0,NODE_10378,11139418715,2,1,yyr,r,False,False,0,,5.0,85.0,False,False,scenario_baseline
80.0,NODE_5681,11139418723,2,1,yyr,r,False,False,0,,5.0,85.0,False,False,scenario_baseline
80.0,NODE_10262,11203041635,4,1,yyyyr,r,False,False,0,,5.0,85.0,False,False,scenario_baseline
80.5,LINK_249048,5161705573,2,1,yyr,r,False,False,0,,4.5,85.0,False,False,scenario_baseline
80.5,NODE_5837,5161705573,2,1,yyr,r,False,False,0,,4.5,85.0,False,False,scenario_baseline
80.5,LINK_10218,11139418715,2,1,yyr,r,False,False,0,,4.5,85.0,False,False,scenario_baseline
80.5,LINK_140740,11139418715,2,1,yyr,r,False,False,0,,4.5,85.0,False,False,scenario_baseline
80.5,NODE_9634,10974501473,4,0,GGGGr,r,False,False,0,,0.5,81.0,False,False,scenario_baseline
80.5,LINK_194891,11203052965,11,1,yyyyyyyyyyyr,r,False,False,0,,4.5,85.0,False,False,scenario_baseline
80.5,NODE_10378,11139418715,2,1,yyr,r,False,False,0,,4.5,85.0,False,False,scenario_baseline
80.5,NODE_5681,11139418723,2,1,yyr,r,False,False,0,,4.5,85.0,False,False,scenario_baseline
80.5,NODE_10262,11203041635,4,1,yyyyr,r,False,False,0,,4.5,85.0,False,False,scenario_baseline
81.0,LINK_249048,5161705573,2,1,yyr,r,False,False,0,,4.0,85.0,False,False,scenario_baseline
81.0,NODE_5837,5161705573,2,1,yyr,r,False,False,0,,4.0,85.0,False,False,scenario_baseline
81.0,LINK_10218,11139418715,2,1,yyr,r,False,False,0,,4.0,85.0,False,False,scenario_baseline
81.0,LINK_140740,11139418715,2,1,yyr,r,False,False,0,,4.0,85.0,False,False,scenario_baseline
81.0,NODE_9634,10974501473,4,0,GGGGr,r,False,False,0,,0.0,81.0,False,False,scenario_baseline
81.0,LINK_194891,11203052965,11,1,yyyyyyyyyyyr,r,False,False,0,,4.0,85.0,False,False,scenario_baseline
81.0,NODE_10378,11139418715,2,1,yyr,r,False,False,0,,4.0,85.0,False,False,scenario_baseline
81.0,NODE_5681,11139418723,2,1,yyr,r,False,False,0,,4.0,85.0,False,False,scenario_baseline
81.0,NODE_10262,11203041635,4,1,yyyyr,r,False,False,0,,4.0,85.0,False,False,scenario_baseline
81.5,LINK_249048,5161705573,2,1,yyr,r,False,False,0,,3.5,85.0,False,False,scenario_baseline
81.5,NODE_5837,5161705573,2,1,yyr,r,False,False,0,,3.5,85.0,False,False,scenario_baseline
81.5,LINK_10218,11139418715,2,1,yyr,r,False,False,0,,3.5,85.0,False,False,scenario_baseline
81.5,LINK_140740,11139418715,2,1,yyr,r,False,False,0,,3.5,85.0,False,False,scenario_baseline
81.5,NODE_9634,10974501473,4,1,yyyyr,r,False,False,0,,3.5,85.0,False,False,scenario_baseline
81.5,LINK_194891,11203052965,11,1,yyyyyyyyyyyr,r,False,False,0,,3.5,85.0,False,False,scenario_baseline
81.5,NODE_10378,11139418715,2,1,yyr,r,False,False,0,,3.5,85.0,False,False,scenario_baseline
81.5,NODE_5681,11139418723,2,1,yyr,r,False,False,0,,3.5,85.0,False,False,scenario_baseline
81.5,NODE_10262,11203041635,4,1,yyyyr,r,False,False,0,,3.5,85.0,False,False,scenario_baseline
82.0,LINK_249048,5161705573,2,1,yyr,r,False,False,0,,3.0,85.0,False,False,scenario_baseline
82.0,NODE_5837,5161705573,2,1,yyr,r,False,False,0,,3.0,85.0,False,False,scenario_baseline
82.0,LINK_10218,11139418715,2,1,yyr,r,False,False,0,,3.0,85.0,False,False,scenario_baseline
82.0,LINK_140740,11139418715,2,1,yyr,r,False,False,0,,3.0,85.0,False,False,scenario_baseline
82.0,NODE_9634,10974501473,4,1,yyyyr,r,False,False,0,,3.0,85.0,False,False,scenario_baseline
82.0,LINK_194891,11203052965,11,1,yyyyyyyyyyyr,r,False,False,0,,3.0,85.0,False,False,scenario_baseline
82.0,NODE_10378,11139418715,2,1,yyr,r,False,False,0,,3.0,85.0,False,False,scenario_baseline
82.0,NODE_5681,11139418723,2,1,yyr,r,False,False,0,,3.0,85.0,False,False,scenario_baseline
82.0,NODE_10262,11203041635,4,1,yyyyr,r,False,False,0,,3.0,85.0,False,False,scenario_baseline
82.5,LINK_249048,5161705573,2,1,yyr,r,False,False,0,,2.5,85.0,False,False,scenario_baseline
82.5,NODE_5837,5161705573,2,1,yyr,r,False,False,0,,2.5,85.0,False,False,scenario_baseline
82.5,LINK_10218,11139418715,2,1,yyr,r,False,False,0,,2.5,85.0,False,False,scenario_baseline
82.5,LINK_140740,11139418715,2,1,yyr,r,False,False,0,,2.5,85.0,False,False,scenario_baseline
82.5,NODE_9634,10974501473,4,1,yyyyr,r,False,False,0,,2.5,85.0,False,False,scenario_baseline
82.5,LINK_194891,11203052965,11,1,yyyyyyyyyyyr,r,False,False,0,,2.5,85.0,False,False,scenario_baseline
82.5,NODE_10378,11139418715,2,1,yyr,r,False,False,0,,2.5,85.0,False,False,scenario_baseline
82.5,NODE_5681,11139418723,2,1,yyr,r,False,False,0,,2.5,85.0,False,False,scenario_baseline
82.5,NODE_10262,11203041635,4,1,yyyyr,r,False,False,0,,2.5,85.0,False,False,scenario_baseline
83.0,LINK_249048,5161705573,2,1,yyr,r,False,False,0,,2.0,85.0,False,False,scenario_baseline
83.0,NODE_5837,5161705573,2,1,yyr,r,False,False,0,,2.0,85.0,False,False,scenario_baseline
83.0,LINK_10218,11139418715,2,1,yyr,r,False,False,0,,2.0,85.0,False,False,scenario_baseline
83.0,LINK_140740,11139418715,2,1,yyr,r,False,False,0,,2.0,85.0,False,False,scenario_baseline
83.0,NODE_9634,10974501473,4,1,yyyyr,r,False,False,0,,2.0,85.0,False,False,scenario_baseline
83.0,LINK_194891,11203052965,11,1,yyyyyyyyyyyr,r,False,False,0,,2.0,85.0,False,False,scenario_baseline
83.0,NODE_10378,11139418715,2,1,yyr,r,False,False,0,,2.0,85.0,False,False,scenario_baseline
83.0,NODE_5681,11139418723,2,1,yyr,r,False,False,0,,2.0,85.0,False,False,scenario_baseline
83.0,NODE_10262,11203041635,4,1,yyyyr,r,False,False,0,,2.0,85.0,False,False,scenario_baseline
83.5,LINK_249048,5161705573,2,1,yyr,r,False,False,0,,1.5,85.0,False,False,scenario_baseline
83.5,NODE_5837,5161705573,2,1,yyr,r,False,False,0,,1.5,85.0,False,False,scenario_baseline
83.5,LINK_10218,11139418715,2,1,yyr,r,False,False,0,,1.5,85.0,False,False,scenario_baseline
83.5,LINK_140740,11139418715,2,1,yyr,r,False,False,0,,1.5,85.0,False,False,scenario_baseline
83.5,NODE_9634,10974501473,4,1,yyyyr,r,False,False,0,,1.5,85.0,False,False,scenario_baseline
83.5,LINK_194891,11203052965,11,1,yyyyyyyyyyyr,r,False,False,0,,1.5,85.0,False,False,scenario_baseline
83.5,NODE_10378,11139418715,2,1,yyr,r,False,False,0,,1.5,85.0,False,False,scenario_baseline
83.5,NODE_5681,11139418723,2,1,yyr,r,False,False,0,,1.5,85.0,False,False,scenario_baseline
83.5,NODE_10262,11203041635,4,1,yyyyr,r,False,False,0,,1.5,85.0,False,False,scenario_baseline
84.0,LINK_249048,5161705573,2,1,yyr,r,False,False,2,ped_1_0_LINK_249048|ped_2_0_NODE_5837,1.0,85.0,False,False,scenario_baseline
84.0,NODE_5837,5161705573,2,1,yyr,r,False,False,2,ped_1_0_LINK_249048|ped_2_0_NODE_5837,1.0,85.0,False,False,scenario_baseline
84.0,LINK_10218,11139418715,2,1,yyr,r,False,False,3,ped_3_0_LINK_10218|ped_4_0_LINK_140740|ped_7_0_NODE_10378,1.0,85.0,False,False,scenario_baseline
84.0,LINK_140740,11139418715,2,1,yyr,r,False,False,3,ped_3_0_LINK_10218|ped_4_0_LINK_140740|ped_7_0_NODE_10378,1.0,85.0,False,False,scenario_baseline
84.0,NODE_9634,10974501473,4,1,yyyyr,r,False,False,1,ped_5_0_NODE_9634,1.0,85.0,False,False,scenario_baseline
84.0,LINK_194891,11203052965,11,1,yyyyyyyyyyyr,r,False,False,1,ped_6_0_LINK_194891,1.0,85.0,False,False,scenario_baseline
84.0,NODE_10378,11139418715,2,1,yyr,r,False,False,3,ped_3_0_LINK_10218|ped_4_0_LINK_140740|ped_7_0_NODE_10378,1.0,85.0,False,False,scenario_baseline
84.0,NODE_5681,11139418723,2,1,yyr,r,False,False,1,ped_8_0_NODE_5681,1.0,85.0,False,False,scenario_baseline
84.0,NODE_10262,11203041635,4,1,yyyyr,r,False,False,1,ped_9_0_NODE_10262,1.0,85.0,False,False,scenario_baseline
84.5,LINK_249048,5161705573,2,1,yyr,r,False,False,2,ped_1_0_LINK_249048|ped_2_0_NODE_5837,0.5,85.0,False,False,scenario_baseline
84.5,NODE_5837,5161705573,2,1,yyr,r,False,False,2,ped_1_0_LINK_249048|ped_2_0_NODE_5837,0.5,85.0,False,False,scenario_baseline
84.5,LINK_10218,11139418715,2,1,yyr,r,False,False,3,ped_3_0_LINK_10218|ped_4_0_LINK_140740|ped_7_0_NODE_10378,0.5,85.0,False,False,scenario_baseline
84.5,LINK_140740,11139418715,2,1,yyr,r,False,False,3,ped_3_0_LINK_10218|ped_4_0_LINK_140740|ped_7_0_NODE_10378,0.5,85.0,False,False,scenario_baseline
84.5,NODE_9634,10974501473,4,1,yyyyr,r,False,False,1,ped_5_0_NODE_9634,0.5,85.0,False,False,scenario_baseline
84.5,LINK_194891,11203052965,11,1,yyyyyyyyyyyr,r,False,False,1,ped_6_0_LINK_194891,0.5,85.0,False,False,scenario_baseline
84.5,NODE_10378,11139418715,2,1,yyr,r,False,False,3,ped_3_0_LINK_10218|ped_4_0_LINK_140740|ped_7_0_NODE_10378,0.5,85.0,False,False,scenario_baseline
84.5,NODE_5681,11139418723,2,1,yyr,r,False,False,1,ped_8_0_NODE_5681,0.5,85.0,False,False,scenario_baseline
84.5,NODE_10262,11203041635,4,1,yyyyr,r,False,False,1,ped_9_0_NODE_10262,0.5,85.0,False,False,scenario_baseline
85.0,LINK_249048,5161705573,2,1,yyr,r,False,False,2,ped_1_0_LINK_249048|ped_2_0_NODE_5837,0.0,85.0,False,False,scenario_baseline
85.0,NODE_5837,5161705573,2,1,yyr,r,False,False,2,ped_1_0_LINK_249048|ped_2_0_NODE_5837,0.0,85.0,False,False,scenario_baseline
85.0,LINK_10218,11139418715,2,1,yyr,r,False,False,3,ped_3_0_LINK_10218|ped_4_0_LINK_140740|ped_7_0_NODE_10378,0.0,85.0,False,False,scenario_baseline
85.0,LINK_140740,11139418715,2,1,yyr,r,False,False,3,ped_3_0_LINK_10218|ped_4_0_LINK_140740|ped_7_0_NODE_10378,0.0,85.0,False,False,scenario_baseline
85.0,NODE_9634,10974501473,4,1,yyyyr,r,False,False,1,ped_5_0_NODE_9634,0.0,85.0,False,False,scenario_baseline
85.0,LINK_194891,11203052965,11,1,yyyyyyyyyyyr,r,False,False,1,ped_6_0_LINK_194891,0.0,85.0,False,False,scenario_baseline
85.0,NODE_10378,11139418715,2,1,yyr,r,False,False,3,ped_3_0_LINK_10218|ped_4_0_LINK_140740|ped_7_0_NODE_10378,0.0,85.0,False,False,scenario_baseline
85.0,NODE_5681,11139418723,2,1,yyr,r,False,False,1,ped_8_0_NODE_5681,0.0,85.0,False,False,scenario_baseline
85.0,NODE_10262,11203041635,4,1,yyyyr,r,False,False,1,ped_9_0_NODE_10262,0.0,85.0,False,False,scenario_baseline
85.5,LINK_249048,5161705573,2,2,rrG,G,True,True,4,ped_1_0_LINK_249048|ped_1_1_LINK_249048|ped_2_0_NODE_5837|ped_2_1_NODE_5837,12.5,98.0,False,False,scenario_baseline
85.5,NODE_5837,5161705573,2,2,rrG,G,True,True,4,ped_1_0_LINK_249048|ped_1_1_LINK_249048|ped_2_0_NODE_5837|ped_2_1_NODE_5837,12.5,98.0,False,False,scenario_baseline
85.5,LINK_10218,11139418715,2,2,rrG,G,True,True,6,ped_3_0_LINK_10218|ped_3_1_LINK_10218|ped_4_0_LINK_140740|ped_4_1_LINK_140740|ped_7_0_NODE_10378|ped_7_1_NODE_10378,12.5,98.0,False,False,scenario_baseline
85.5,LINK_140740,11139418715,2,2,rrG,G,True,True,6,ped_3_0_LINK_10218|ped_3_1_LINK_10218|ped_4_0_LINK_140740|ped_4_1_LINK_140740|ped_7_0_NODE_10378|ped_7_1_NODE_10378,12.5,98.0,False,False,scenario_baseline
85.5,NODE_9634,10974501473,4,2,rrrrG,G,True,True,2,ped_5_0_NODE_9634|ped_5_1_NODE_9634,12.5,98.0,False,False,scenario_baseline
85.5,LINK_194891,11203052965,11,2,rrrrrrrrrrrG,G,True,True,2,ped_6_0_LINK_194891|ped_6_1_LINK_194891,12.5,98.0,False,False,scenario_baseline
85.5,NODE_10378,11139418715,2,2,rrG,G,True,True,6,ped_3_0_LINK_10218|ped_3_1_LINK_10218|ped_4_0_LINK_140740|ped_4_1_LINK_140740|ped_7_0_NODE_10378|ped_7_1_NODE_10378,12.5,98.0,False,False,scenario_baseline
85.5,NODE_5681,11139418723,2,2,rrG,G,True,True,2,ped_8_0_NODE_5681|ped_8_1_NODE_5681,12.5,98.0,False,False,scenario_baseline
85.5,NODE_10262,11203041635,4,2,rrrrG,G,True,True,2,ped_9_0_NODE_10262|ped_9_1_NODE_10262,12.5,98.0,False,False,scenario_baseline
86.0,LINK_249048,5161705573,2,2,rrG,G,True,True,4,ped_1_0_LINK_249048|ped_1_1_LINK_249048|ped_2_0_NODE_5837|ped_2_1_NODE_5837,12.0,98.0,False,False,scenario_baseline
86.0,NODE_5837,5161705573,2,2,rrG,G,True,True,4,ped_1_0_LINK_249048|ped_1_1_LINK_249048|ped_2_0_NODE_5837|ped_2_1_NODE_5837,12.0,98.0,False,False,scenario_baseline
86.0,LINK_10218,11139418715,2,2,rrG,G,True,True,6,ped_3_0_LINK_10218|ped_3_1_LINK_10218|ped_4_0_LINK_140740|ped_4_1_LINK_140740|ped_7_0_NODE_10378|ped_7_1_NODE_10378,12.0,98.0,False,False,scenario_baseline
86.0,LINK_140740,11139418715,2,2,rrG,G,True,True,6,ped_3_0_LINK_10218|ped_3_1_LINK_10218|ped_4_0_LINK_140740|ped_4_1_LINK_140740|ped_7_0_NODE_10378|ped_7_1_NODE_10378,12.0,98.0,False,False,scenario_baseline
86.0,NODE_9634,10974501473,4,2,rrrrG,G,True,True,2,ped_5_0_NODE_9634|ped_5_1_NODE_9634,12.0,98.0,False,False,scenario_baseline
86.0,LINK_194891,11203052965,11,2,rrrrrrrrrrrG,G,True,True,2,ped_6_0_LINK_194891|ped_6_1_LINK_194891,12.0,98.0,False,False,scenario_baseline
86.0,NODE_10378,11139418715,2,2,rrG,G,True,True,6,ped_3_0_LINK_10218|ped_3_1_LINK_10218|ped_4_0_LINK_140740|ped_4_1_LINK_140740|ped_7_0_NODE_10378|ped_7_1_NODE_10378,12.0,98.0,False,False,scenario_baseline
86.0,NODE_5681,11139418723,2,2,rrG,G,True,True,2,ped_8_0_NODE_5681|ped_8_1_NODE_5681,12.0,98.0,False,False,scenario_baseline
86.0,NODE_10262,11203041635,4,2,rrrrG,G,True,True,2,ped_9_0_NODE_10262|ped_9_1_NODE_10262,12.0,98.0,False,False,scenario_baseline
86.5,LINK_249048,5161705573,2,2,rrG,G,True,True,4,ped_1_0_LINK_249048|ped_1_1_LINK_249048|ped_2_0_NODE_5837|ped_2_1_NODE_5837,11.5,98.0,False,False,scenario_baseline
86.5,NODE_5837,5161705573,2,2,rrG,G,True,True,4,ped_1_0_LINK_249048|ped_1_1_LINK_249048|ped_2_0_NODE_5837|ped_2_1_NODE_5837,11.5,98.0,False,False,scenario_baseline
86.5,LINK_10218,11139418715,2,2,rrG,G,True,True,6,ped_3_0_LINK_10218|ped_3_1_LINK_10218|ped_4_0_LINK_140740|ped_4_1_LINK_140740|ped_7_0_NODE_10378|ped_7_1_NODE_10378,11.5,98.0,False,False,scenario_baseline
86.5,LINK_140740,11139418715,2,2,rrG,G,True,True,6,ped_3_0_LINK_10218|ped_3_1_LINK_10218|ped_4_0_LINK_140740|ped_4_1_LINK_140740|ped_7_0_NODE_10378|ped_7_1_NODE_10378,11.5,98.0,False,False,scenario_baseline
86.5,NODE_9634,10974501473,4,2,rrrrG,G,True,True,2,ped_5_0_NODE_9634|ped_5_1_NODE_9634,11.5,98.0,False,False,scenario_baseline
86.5,LINK_194891,11203052965,11,2,rrrrrrrrrrrG,G,True,True,2,ped_6_0_LINK_194891|ped_6_1_LINK_194891,11.5,98.0,False,False,scenario_baseline
86.5,NODE_10378,11139418715,2,2,rrG,G,True,True,6,ped_3_0_LINK_10218|ped_3_1_LINK_10218|ped_4_0_LINK_140740|ped_4_1_LINK_140740|ped_7_0_NODE_10378|ped_7_1_NODE_10378,11.5,98.0,False,False,scenario_baseline
86.5,NODE_5681,11139418723,2,2,rrG,G,True,True,2,ped_8_0_NODE_5681|ped_8_1_NODE_5681,11.5,98.0,False,False,scenario_baseline
86.5,NODE_10262,11203041635,4,2,rrrrG,G,True,True,2,ped_9_0_NODE_10262|ped_9_1_NODE_10262,11.5,98.0,False,False,scenario_baseline
87.0,LINK_249048,5161705573,2,2,rrG,G,True,True,6,ped_1_0_LINK_249048|ped_1_1_LINK_249048|ped_1_2_LINK_249048|ped_2_0_NODE_5837|ped_2_1_NODE_5837|ped_2_2_NODE_5837,11.0,98.0,False,False,scenario_baseline
87.0,NODE_5837,5161705573,2,2,rrG,G,True,True,6,ped_1_0_LINK_249048|ped_1_1_LINK_249048|ped_1_2_LINK_249048|ped_2_0_NODE_5837|ped_2_1_NODE_5837|ped_2_2_NODE_5837,11.0,98.0,False,False,scenario_baseline
87.0,LINK_10218,11139418715,2,2,rrG,G,True,True,9,ped_3_0_LINK_10218|ped_3_1_LINK_10218|ped_3_2_LINK_10218|ped_4_0_LINK_140740|ped_4_1_LINK_140740|ped_4_2_LINK_140740|ped_7_0_NODE_10378|ped_7_1_NODE_10378|ped_7_2_NODE_10378,11.0,98.0,False,False,scenario_baseline
87.0,LINK_140740,11139418715,2,2,rrG,G,True,True,9,ped_3_0_LINK_10218|ped_3_1_LINK_10218|ped_3_2_LINK_10218|ped_4_0_LINK_140740|ped_4_1_LINK_140740|ped_4_2_LINK_140740|ped_7_0_NODE_10378|ped_7_1_NODE_10378|ped_7_2_NODE_10378,11.0,98.0,False,False,scenario_baseline
87.0,NODE_9634,10974501473,4,2,rrrrG,G,True,True,3,ped_5_0_NODE_9634|ped_5_1_NODE_9634|ped_5_2_NODE_9634,11.0,98.0,False,False,scenario_baseline
87.0,LINK_194891,11203052965,11,2,rrrrrrrrrrrG,G,True,True,3,ped_6_0_LINK_194891|ped_6_1_LINK_194891|ped_6_2_LINK_194891,11.0,98.0,False,False,scenario_baseline
87.0,NODE_10378,11139418715,2,2,rrG,G,True,True,9,ped_3_0_LINK_10218|ped_3_1_LINK_10218|ped_3_2_LINK_10218|ped_4_0_LINK_140740|ped_4_1_LINK_140740|ped_4_2_LINK_140740|ped_7_0_NODE_10378|ped_7_1_NODE_10378|ped_7_2_NODE_10378,11.0,98.0,False,False,scenario_baseline
87.0,NODE_5681,11139418723,2,2,rrG,G,True,True,3,ped_8_0_NODE_5681|ped_8_1_NODE_5681|ped_8_2_NODE_5681,11.0,98.0,False,False,scenario_baseline
87.0,NODE_10262,11203041635,4,2,rrrrG,G,True,True,3,ped_9_0_NODE_10262|ped_9_1_NODE_10262|ped_9_2_NODE_10262,11.0,98.0,False,False,scenario_baseline
87.5,LINK_249048,5161705573,2,2,rrG,G,True,True,6,ped_1_0_LINK_249048|ped_1_1_LINK_249048|ped_1_2_LINK_249048|ped_2_0_NODE_5837|ped_2_1_NODE_5837|ped_2_2_NODE_5837,10.5,98.0,False,False,scenario_baseline
87.5,NODE_5837,5161705573,2,2,rrG,G,True,True,6,ped_1_0_LINK_249048|ped_1_1_LINK_249048|ped_1_2_LINK_249048|ped_2_0_NODE_5837|ped_2_1_NODE_5837|ped_2_2_NODE_5837,10.5,98.0,False,False,scenario_baseline
87.5,LINK_10218,11139418715,2,2,rrG,G,True,True,9,ped_3_0_LINK_10218|ped_3_1_LINK_10218|ped_3_2_LINK_10218|ped_4_0_LINK_140740|ped_4_1_LINK_140740|ped_4_2_LINK_140740|ped_7_0_NODE_10378|ped_7_1_NODE_10378|ped_7_2_NODE_10378,10.5,98.0,False,False,scenario_baseline
87.5,LINK_140740,11139418715,2,2,rrG,G,True,True,9,ped_3_0_LINK_10218|ped_3_1_LINK_10218|ped_3_2_LINK_10218|ped_4_0_LINK_140740|ped_4_1_LINK_140740|ped_4_2_LINK_140740|ped_7_0_NODE_10378|ped_7_1_NODE_10378|ped_7_2_NODE_10378,10.5,98.0,False,False,scenario_baseline
87.5,NODE_9634,10974501473,4,2,rrrrG,G,True,True,3,ped_5_0_NODE_9634|ped_5_1_NODE_9634|ped_5_2_NODE_9634,10.5,98.0,False,False,scenario_baseline
87.5,LINK_194891,11203052965,11,2,rrrrrrrrrrrG,G,True,True,3,ped_6_0_LINK_194891|ped_6_1_LINK_194891|ped_6_2_LINK_194891,10.5,98.0,False,False,scenario_baseline
87.5,NODE_10378,11139418715,2,2,rrG,G,True,True,9,ped_3_0_LINK_10218|ped_3_1_LINK_10218|ped_3_2_LINK_10218|ped_4_0_LINK_140740|ped_4_1_LINK_140740|ped_4_2_LINK_140740|ped_7_0_NODE_10378|ped_7_1_NODE_10378|ped_7_2_NODE_10378,10.5,98.0,False,False,scenario_baseline
87.5,NODE_5681,11139418723,2,2,rrG,G,True,True,3,ped_8_0_NODE_5681|ped_8_1_NODE_5681|ped_8_2_NODE_5681,10.5,98.0,False,False,scenario_baseline
87.5,NODE_10262,11203041635,4,2,rrrrG,G,True,True,3,ped_9_0_NODE_10262|ped_9_1_NODE_10262|ped_9_2_NODE_10262,10.5,98.0,False,False,scenario_baseline
88.0,LINK_249048,5161705573,2,2,rrG,G,True,True,6,ped_1_0_LINK_249048|ped_1_1_LINK_249048|ped_1_2_LINK_249048|ped_2_0_NODE_5837|ped_2_1_NODE_5837|ped_2_2_NODE_5837,10.0,98.0,False,False,scenario_baseline
88.0,NODE_5837,5161705573,2,2,rrG,G,True,True,6,ped_1_0_LINK_249048|ped_1_1_LINK_249048|ped_1_2_LINK_249048|ped_2_0_NODE_5837|ped_2_1_NODE_5837|ped_2_2_NODE_5837,10.0,98.0,False,False,scenario_baseline
88.0,LINK_10218,11139418715,2,2,rrG,G,True,True,9,ped_3_0_LINK_10218|ped_3_1_LINK_10218|ped_3_2_LINK_10218|ped_4_0_LINK_140740|ped_4_1_LINK_140740|ped_4_2_LINK_140740|ped_7_0_NODE_10378|ped_7_1_NODE_10378|ped_7_2_NODE_10378,10.0,98.0,False,False,scenario_baseline
88.0,LINK_140740,11139418715,2,2,rrG,G,True,True,9,ped_3_0_LINK_10218|ped_3_1_LINK_10218|ped_3_2_LINK_10218|ped_4_0_LINK_140740|ped_4_1_LINK_140740|ped_4_2_LINK_140740|ped_7_0_NODE_10378|ped_7_1_NODE_10378|ped_7_2_NODE_10378,10.0,98.0,False,False,scenario_baseline
88.0,NODE_9634,10974501473,4,2,rrrrG,G,True,True,3,ped_5_0_NODE_9634|ped_5_1_NODE_9634|ped_5_2_NODE_9634,10.0,98.0,False,False,scenario_baseline
88.0,LINK_194891,11203052965,11,2,rrrrrrrrrrrG,G,True,True,3,ped_6_0_LINK_194891|ped_6_1_LINK_194891|ped_6_2_LINK_194891,10.0,98.0,False,False,scenario_baseline
88.0,NODE_10378,11139418715,2,2,rrG,G,True,True,9,ped_3_0_LINK_10218|ped_3_1_LINK_10218|ped_3_2_LINK_10218|ped_4_0_LINK_140740|ped_4_1_LINK_140740|ped_4_2_LINK_140740|ped_7_0_NODE_10378|ped_7_1_NODE_10378|ped_7_2_NODE_10378,10.0,98.0,False,False,scenario_baseline
88.0,NODE_5681,11139418723,2,2,rrG,G,True,True,3,ped_8_0_NODE_5681|ped_8_1_NODE_5681|ped_8_2_NODE_5681,10.0,98.0,False,False,scenario_baseline
88.0,NODE_10262,11203041635,4,2,rrrrG,G,True,True,3,ped_9_0_NODE_10262|ped_9_1_NODE_10262|ped_9_2_NODE_10262,10.0,98.0,False,False,scenario_baseline
88.5,LINK_249048,5161705573,2,2,rrG,G,True,True,8,ped_1_0_LINK_249048|ped_1_1_LINK_249048|ped_1_2_LINK_249048|ped_1_3_LINK_249048|ped_2_0_NODE_5837|ped_2_1_NODE_5837|ped_2_2_NODE_5837|ped_2_3_NODE_5837,9.5,98.0,False,False,scenario_baseline
88.5,NODE_5837,5161705573,2,2,rrG,G,True,True,8,ped_1_0_LINK_249048|ped_1_1_LINK_249048|ped_1_2_LINK_249048|ped_1_3_LINK_249048|ped_2_0_NODE_5837|ped_2_1_NODE_5837|ped_2_2_NODE_5837|ped_2_3_NODE_5837,9.5,98.0,False,False,scenario_baseline
88.5,LINK_10218,11139418715,2,2,rrG,G,True,True,12,ped_3_0_LINK_10218|ped_3_1_LINK_10218|ped_3_2_LINK_10218|ped_3_3_LINK_10218|ped_4_0_LINK_140740|ped_4_1_LINK_140740|ped_4_2_LINK_140740|ped_4_3_LINK_140740|ped_7_0_NODE_10378|ped_7_1_NODE_10378|ped_7_2_NODE_10378|ped_7_3_NODE_10378,9.5,98.0,False,False,scenario_baseline
88.5,LINK_140740,11139418715,2,2,rrG,G,True,True,12,ped_3_0_LINK_10218|ped_3_1_LINK_10218|ped_3_2_LINK_10218|ped_3_3_LINK_10218|ped_4_0_LINK_140740|ped_4_1_LINK_140740|ped_4_2_LINK_140740|ped_4_3_LINK_140740|ped_7_0_NODE_10378|ped_7_1_NODE_10378|ped_7_2_NODE_10378|ped_7_3_NODE_10378,9.5,98.0,False,False,scenario_baseline
88.5,NODE_9634,10974501473,4,2,rrrrG,G,True,True,4,ped_5_0_NODE_9634|ped_5_1_NODE_9634|ped_5_2_NODE_9634|ped_5_3_NODE_9634,9.5,98.0,False,False,scenario_baseline
88.5,LINK_194891,11203052965,11,2,rrrrrrrrrrrG,G,True,True,4,ped_6_0_LINK_194891|ped_6_1_LINK_194891|ped_6_2_LINK_194891|ped_6_3_LINK_194891,9.5,98.0,False,False,scenario_baseline
88.5,NODE_10378,11139418715,2,2,rrG,G,True,True,12,ped_3_0_LINK_10218|ped_3_1_LINK_10218|ped_3_2_LINK_10218|ped_3_3_LINK_10218|ped_4_0_LINK_140740|ped_4_1_LINK_140740|ped_4_2_LINK_140740|ped_4_3_LINK_140740|ped_7_0_NODE_10378|ped_7_1_NODE_10378|ped_7_2_NODE_10378|ped_7_3_NODE_10378,9.5,98.0,False,False,scenario_baseline
88.5,NODE_5681,11139418723,2,2,rrG,G,True,True,4,ped_8_0_NODE_5681|ped_8_1_NODE_5681|ped_8_2_NODE_5681|ped_8_3_NODE_5681,9.5,98.0,False,False,scenario_baseline
88.5,NODE_10262,11203041635,4,2,rrrrG,G,True,True,4,ped_9_0_NODE_10262|ped_9_1_NODE_10262|ped_9_2_NODE_10262|ped_9_3_NODE_10262,9.5,98.0,False,False,scenario_baseline
89.0,LINK_249048,5161705573,2,2,rrG,G,True,True,8,ped_1_0_LINK_249048|ped_1_1_LINK_249048|ped_1_2_LINK_249048|ped_1_3_LINK_249048|ped_2_0_NODE_5837|ped_2_1_NODE_5837|ped_2_2_NODE_5837|ped_2_3_NODE_5837,9.0,98.0,False,False,scenario_baseline
89.0,NODE_5837,5161705573,2,2,rrG,G,True,True,8,ped_1_0_LINK_249048|ped_1_1_LINK_249048|ped_1_2_LINK_249048|ped_1_3_LINK_249048|ped_2_0_NODE_5837|ped_2_1_NODE_5837|ped_2_2_NODE_5837|ped_2_3_NODE_5837,9.0,98.0,False,False,scenario_baseline
89.0,LINK_10218,11139418715,2,2,rrG,G,True,True,12,ped_3_0_LINK_10218|ped_3_1_LINK_10218|ped_3_2_LINK_10218|ped_3_3_LINK_10218|ped_4_0_LINK_140740|ped_4_1_LINK_140740|ped_4_2_LINK_140740|ped_4_3_LINK_140740|ped_7_0_NODE_10378|ped_7_1_NODE_10378|ped_7_2_NODE_10378|ped_7_3_NODE_10378,9.0,98.0,False,False,scenario_baseline
89.0,LINK_140740,11139418715,2,2,rrG,G,True,True,12,ped_3_0_LINK_10218|ped_3_1_LINK_10218|ped_3_2_LINK_10218|ped_3_3_LINK_10218|ped_4_0_LINK_140740|ped_4_1_LINK_140740|ped_4_2_LINK_140740|ped_4_3_LINK_140740|ped_7_0_NODE_10378|ped_7_1_NODE_10378|ped_7_2_NODE_10378|ped_7_3_NODE_10378,9.0,98.0,False,False,scenario_baseline
89.0,NODE_9634,10974501473,4,2,rrrrG,G,True,True,4,ped_5_0_NODE_9634|ped_5_1_NODE_9634|ped_5_2_NODE_9634|ped_5_3_NODE_9634,9.0,98.0,False,False,scenario_baseline
89.0,LINK_194891,11203052965,11,2,rrrrrrrrrrrG,G,True,True,4,ped_6_0_LINK_194891|ped_6_1_LINK_194891|ped_6_2_LINK_194891|ped_6_3_LINK_194891,9.0,98.0,False,False,scenario_baseline
89.0,NODE_10378,11139418715,2,2,rrG,G,True,True,12,ped_3_0_LINK_10218|ped_3_1_LINK_10218|ped_3_2_LINK_10218|ped_3_3_LINK_10218|ped_4_0_LINK_140740|ped_4_1_LINK_140740|ped_4_2_LINK_140740|ped_4_3_LINK_140740|ped_7_0_NODE_10378|ped_7_1_NODE_10378|ped_7_2_NODE_10378|ped_7_3_NODE_10378,9.0,98.0,False,False,scenario_baseline
89.0,NODE_5681,11139418723,2,2,rrG,G,True,True,4,ped_8_0_NODE_5681|ped_8_1_NODE_5681|ped_8_2_NODE_5681|ped_8_3_NODE_5681,9.0,98.0,False,False,scenario_baseline
89.0,NODE_10262,11203041635,4,2,rrrrG,G,True,True,4,ped_9_0_NODE_10262|ped_9_1_NODE_10262|ped_9_2_NODE_10262|ped_9_3_NODE_10262,9.0,98.0,False,False,scenario_baseline
89.5,LINK_249048,5161705573,2,2,rrG,G,True,True,8,ped_1_0_LINK_249048|ped_1_1_LINK_249048|ped_1_2_LINK_249048|ped_1_3_LINK_249048|ped_2_0_NODE_5837|ped_2_1_NODE_5837|ped_2_2_NODE_5837|ped_2_3_NODE_5837,8.5,98.0,False,False,scenario_baseline
89.5,NODE_5837,5161705573,2,2,rrG,G,True,True,8,ped_1_0_LINK_249048|ped_1_1_LINK_249048|ped_1_2_LINK_249048|ped_1_3_LINK_249048|ped_2_0_NODE_5837|ped_2_1_NODE_5837|ped_2_2_NODE_5837|ped_2_3_NODE_5837,8.5,98.0,False,False,scenario_baseline
89.5,LINK_10218,11139418715,2,2,rrG,G,True,True,12,ped_3_0_LINK_10218|ped_3_1_LINK_10218|ped_3_2_LINK_10218|ped_3_3_LINK_10218|ped_4_0_LINK_140740|ped_4_1_LINK_140740|ped_4_2_LINK_140740|ped_4_3_LINK_140740|ped_7_0_NODE_10378|ped_7_1_NODE_10378|ped_7_2_NODE_10378|ped_7_3_NODE_10378,8.5,98.0,False,False,scenario_baseline
89.5,LINK_140740,11139418715,2,2,rrG,G,True,True,12,ped_3_0_LINK_10218|ped_3_1_LINK_10218|ped_3_2_LINK_10218|ped_3_3_LINK_10218|ped_4_0_LINK_140740|ped_4_1_LINK_140740|ped_4_2_LINK_140740|ped_4_3_LINK_140740|ped_7_0_NODE_10378|ped_7_1_NODE_10378|ped_7_2_NODE_10378|ped_7_3_NODE_10378,8.5,98.0,False,False,scenario_baseline
89.5,NODE_9634,10974501473,4,2,rrrrG,G,True,True,4,ped_5_0_NODE_9634|ped_5_1_NODE_9634|ped_5_2_NODE_9634|ped_5_3_NODE_9634,8.5,98.0,False,False,scenario_baseline
89.5,LINK_194891,11203052965,11,2,rrrrrrrrrrrG,G,True,True,4,ped_6_0_LINK_194891|ped_6_1_LINK_194891|ped_6_2_LINK_194891|ped_6_3_LINK_194891,8.5,98.0,False,False,scenario_baseline
89.5,NODE_10378,11139418715,2,2,rrG,G,True,True,12,ped_3_0_LINK_10218|ped_3_1_LINK_10218|ped_3_2_LINK_10218|ped_3_3_LINK_10218|ped_4_0_LINK_140740|ped_4_1_LINK_140740|ped_4_2_LINK_140740|ped_4_3_LINK_140740|ped_7_0_NODE_10378|ped_7_1_NODE_10378|ped_7_2_NODE_10378|ped_7_3_NODE_10378,8.5,98.0,False,False,scenario_baseline
89.5,NODE_5681,11139418723,2,2,rrG,G,True,True,4,ped_8_0_NODE_5681|ped_8_1_NODE_5681|ped_8_2_NODE_5681|ped_8_3_NODE_5681,8.5,98.0,False,False,scenario_baseline
89.5,NODE_10262,11203041635,4,2,rrrrG,G,True,True,4,ped_9_0_NODE_10262|ped_9_1_NODE_10262|ped_9_2_NODE_10262|ped_9_3_NODE_10262,8.5,98.0,False,False,scenario_baseline
90.0,LINK_249048,5161705573,2,2,rrG,G,True,True,10,ped_1_0_LINK_249048|ped_1_1_LINK_249048|ped_1_2_LINK_249048|ped_1_3_LINK_249048|ped_1_4_LINK_249048|ped_2_0_NODE_5837|ped_2_1_NODE_5837|ped_2_2_NODE_5837|ped_2_3_NODE_5837|ped_2_4_NODE_5837,8.0,98.0,False,False,scenario_baseline
90.0,NODE_5837,5161705573,2,2,rrG,G,True,True,10,ped_1_0_LINK_249048|ped_1_1_LINK_249048|ped_1_2_LINK_249048|ped_1_3_LINK_249048|ped_1_4_LINK_249048|ped_2_0_NODE_5837|ped_2_1_NODE_5837|ped_2_2_NODE_5837|ped_2_3_NODE_5837|ped_2_4_NODE_5837,8.0,98.0,False,False,scenario_baseline
90.0,LINK_10218,11139418715,2,2,rrG,G,True,True,15,ped_3_0_LINK_10218|ped_3_1_LINK_10218|ped_3_2_LINK_10218|ped_3_3_LINK_10218|ped_3_4_LINK_10218|ped_4_0_LINK_140740|ped_4_1_LINK_140740|ped_4_2_LINK_140740|ped_4_3_LINK_140740|ped_4_4_LINK_140740|ped_7_0_NODE_10378|ped_7_1_NODE_10378|ped_7_2_NODE_10378|ped_7_3_NODE_10378|ped_7_4_NODE_10378,8.0,98.0,False,False,scenario_baseline
90.0,LINK_140740,11139418715,2,2,rrG,G,True,True,15,ped_3_0_LINK_10218|ped_3_1_LINK_10218|ped_3_2_LINK_10218|ped_3_3_LINK_10218|ped_3_4_LINK_10218|ped_4_0_LINK_140740|ped_4_1_LINK_140740|ped_4_2_LINK_140740|ped_4_3_LINK_140740|ped_4_4_LINK_140740|ped_7_0_NODE_10378|ped_7_1_NODE_10378|ped_7_2_NODE_10378|ped_7_3_NODE_10378|ped_7_4_NODE_10378,8.0,98.0,False,False,scenario_baseline
90.0,NODE_9634,10974501473,4,2,rrrrG,G,True,True,5,ped_5_0_NODE_9634|ped_5_1_NODE_9634|ped_5_2_NODE_9634|ped_5_3_NODE_9634|ped_5_4_NODE_9634,8.0,98.0,False,False,scenario_baseline
90.0,LINK_194891,11203052965,11,2,rrrrrrrrrrrG,G,True,True,5,ped_6_0_LINK_194891|ped_6_1_LINK_194891|ped_6_2_LINK_194891|ped_6_3_LINK_194891|ped_6_4_LINK_194891,8.0,98.0,False,False,scenario_baseline
90.0,NODE_10378,11139418715,2,2,rrG,G,True,True,15,ped_3_0_LINK_10218|ped_3_1_LINK_10218|ped_3_2_LINK_10218|ped_3_3_LINK_10218|ped_3_4_LINK_10218|ped_4_0_LINK_140740|ped_4_1_LINK_140740|ped_4_2_LINK_140740|ped_4_3_LINK_140740|ped_4_4_LINK_140740|ped_7_0_NODE_10378|ped_7_1_NODE_10378|ped_7_2_NODE_10378|ped_7_3_NODE_10378|ped_7_4_NODE_10378,8.0,98.0,False,False,scenario_baseline
90.0,NODE_5681,11139418723,2,2,rrG,G,True,True,5,ped_8_0_NODE_5681|ped_8_1_NODE_5681|ped_8_2_NODE_5681|ped_8_3_NODE_5681|ped_8_4_NODE_5681,8.0,98.0,False,False,scenario_baseline
90.0,NODE_10262,11203041635,4,2,rrrrG,G,True,True,5,ped_9_0_NODE_10262|ped_9_1_NODE_10262|ped_9_2_NODE_10262|ped_9_3_NODE_10262|ped_9_4_NODE_10262,8.0,98.0,False,False,scenario_baseline
90.5,LINK_249048,5161705573,2,2,rrG,G,True,True,10,ped_1_0_LINK_249048|ped_1_1_LINK_249048|ped_1_2_LINK_249048|ped_1_3_LINK_249048|ped_1_4_LINK_249048|ped_2_0_NODE_5837|ped_2_1_NODE_5837|ped_2_2_NODE_5837|ped_2_3_NODE_5837|ped_2_4_NODE_5837,7.5,98.0,False,False,scenario_baseline
90.5,NODE_5837,5161705573,2,2,rrG,G,True,True,10,ped_1_0_LINK_249048|ped_1_1_LINK_249048|ped_1_2_LINK_249048|ped_1_3_LINK_249048|ped_1_4_LINK_249048|ped_2_0_NODE_5837|ped_2_1_NODE_5837|ped_2_2_NODE_5837|ped_2_3_NODE_5837|ped_2_4_NODE_5837,7.5,98.0,False,False,scenario_baseline
90.5,LINK_10218,11139418715,2,2,rrG,G,True,True,15,ped_3_0_LINK_10218|ped_3_1_LINK_10218|ped_3_2_LINK_10218|ped_3_3_LINK_10218|ped_3_4_LINK_10218|ped_4_0_LINK_140740|ped_4_1_LINK_140740|ped_4_2_LINK_140740|ped_4_3_LINK_140740|ped_4_4_LINK_140740|ped_7_0_NODE_10378|ped_7_1_NODE_10378|ped_7_2_NODE_10378|ped_7_3_NODE_10378|ped_7_4_NODE_10378,7.5,98.0,False,False,scenario_baseline
90.5,LINK_140740,11139418715,2,2,rrG,G,True,True,15,ped_3_0_LINK_10218|ped_3_1_LINK_10218|ped_3_2_LINK_10218|ped_3_3_LINK_10218|ped_3_4_LINK_10218|ped_4_0_LINK_140740|ped_4_1_LINK_140740|ped_4_2_LINK_140740|ped_4_3_LINK_140740|ped_4_4_LINK_140740|ped_7_0_NODE_10378|ped_7_1_NODE_10378|ped_7_2_NODE_10378|ped_7_3_NODE_10378|ped_7_4_NODE_10378,7.5,98.0,False,False,scenario_baseline
90.5,NODE_9634,10974501473,4,2,rrrrG,G,True,True,5,ped_5_0_NODE_9634|ped_5_1_NODE_9634|ped_5_2_NODE_9634|ped_5_3_NODE_9634|ped_5_4_NODE_9634,7.5,98.0,False,False,scenario_baseline
90.5,LINK_194891,11203052965,11,2,rrrrrrrrrrrG,G,True,True,5,ped_6_0_LINK_194891|ped_6_1_LINK_194891|ped_6_2_LINK_194891|ped_6_3_LINK_194891|ped_6_4_LINK_194891,7.5,98.0,False,False,scenario_baseline
90.5,NODE_10378,11139418715,2,2,rrG,G,True,True,15,ped_3_0_LINK_10218|ped_3_1_LINK_10218|ped_3_2_LINK_10218|ped_3_3_LINK_10218|ped_3_4_LINK_10218|ped_4_0_LINK_140740|ped_4_1_LINK_140740|ped_4_2_LINK_140740|ped_4_3_LINK_140740|ped_4_4_LINK_140740|ped_7_0_NODE_10378|ped_7_1_NODE_10378|ped_7_2_NODE_10378|ped_7_3_NODE_10378|ped_7_4_NODE_10378,7.5,98.0,False,False,scenario_baseline
90.5,NODE_5681,11139418723,2,2,rrG,G,True,True,5,ped_8_0_NODE_5681|ped_8_1_NODE_5681|ped_8_2_NODE_5681|ped_8_3_NODE_5681|ped_8_4_NODE_5681,7.5,98.0,False,False,scenario_baseline
90.5,NODE_10262,11203041635,4,2,rrrrG,G,True,True,5,ped_9_0_NODE_10262|ped_9_1_NODE_10262|ped_9_2_NODE_10262|ped_9_3_NODE_10262|ped_9_4_NODE_10262,7.5,98.0,False,False,scenario_baseline
91.0,LINK_249048,5161705573,2,2,rrG,G,True,True,10,ped_1_0_LINK_249048|ped_1_1_LINK_249048|ped_1_2_LINK_249048|ped_1_3_LINK_249048|ped_1_4_LINK_249048|ped_2_0_NODE_5837|ped_2_1_NODE_5837|ped_2_2_NODE_5837|ped_2_3_NODE_5837|ped_2_4_NODE_5837,7.0,98.0,False,False,scenario_baseline
91.0,NODE_5837,5161705573,2,2,rrG,G,True,True,10,ped_1_0_LINK_249048|ped_1_1_LINK_249048|ped_1_2_LINK_249048|ped_1_3_LINK_249048|ped_1_4_LINK_249048|ped_2_0_NODE_5837|ped_2_1_NODE_5837|ped_2_2_NODE_5837|ped_2_3_NODE_5837|ped_2_4_NODE_5837,7.0,98.0,False,False,scenario_baseline
91.0,LINK_10218,11139418715,2,2,rrG,G,True,True,15,ped_3_0_LINK_10218|ped_3_1_LINK_10218|ped_3_2_LINK_10218|ped_3_3_LINK_10218|ped_3_4_LINK_10218|ped_4_0_LINK_140740|ped_4_1_LINK_140740|ped_4_2_LINK_140740|ped_4_3_LINK_140740|ped_4_4_LINK_140740|ped_7_0_NODE_10378|ped_7_1_NODE_10378|ped_7_2_NODE_10378|ped_7_3_NODE_10378|ped_7_4_NODE_10378,7.0,98.0,False,False,scenario_baseline
91.0,LINK_140740,11139418715,2,2,rrG,G,True,True,15,ped_3_0_LINK_10218|ped_3_1_LINK_10218|ped_3_2_LINK_10218|ped_3_3_LINK_10218|ped_3_4_LINK_10218|ped_4_0_LINK_140740|ped_4_1_LINK_140740|ped_4_2_LINK_140740|ped_4_3_LINK_140740|ped_4_4_LINK_140740|ped_7_0_NODE_10378|ped_7_1_NODE_10378|ped_7_2_NODE_10378|ped_7_3_NODE_10378|ped_7_4_NODE_10378,7.0,98.0,False,False,scenario_baseline
91.0,NODE_9634,10974501473,4,2,rrrrG,G,True,True,5,ped_5_0_NODE_9634|ped_5_1_NODE_9634|ped_5_2_NODE_9634|ped_5_3_NODE_9634|ped_5_4_NODE_9634,7.0,98.0,False,False,scenario_baseline
91.0,LINK_194891,11203052965,11,2,rrrrrrrrrrrG,G,True,True,5,ped_6_0_LINK_194891|ped_6_1_LINK_194891|ped_6_2_LINK_194891|ped_6_3_LINK_194891|ped_6_4_LINK_194891,7.0,98.0,False,False,scenario_baseline
91.0,NODE_10378,11139418715,2,2,rrG,G,True,True,15,ped_3_0_LINK_10218|ped_3_1_LINK_10218|ped_3_2_LINK_10218|ped_3_3_LINK_10218|ped_3_4_LINK_10218|ped_4_0_LINK_140740|ped_4_1_LINK_140740|ped_4_2_LINK_140740|ped_4_3_LINK_140740|ped_4_4_LINK_140740|ped_7_0_NODE_10378|ped_7_1_NODE_10378|ped_7_2_NODE_10378|ped_7_3_NODE_10378|ped_7_4_NODE_10378,7.0,98.0,False,False,scenario_baseline
91.0,NODE_5681,11139418723,2,2,rrG,G,True,True,5,ped_8_0_NODE_5681|ped_8_1_NODE_5681|ped_8_2_NODE_5681|ped_8_3_NODE_5681|ped_8_4_NODE_5681,7.0,98.0,False,False,scenario_baseline
91.0,NODE_10262,11203041635,4,2,rrrrG,G,True,True,5,ped_9_0_NODE_10262|ped_9_1_NODE_10262|ped_9_2_NODE_10262|ped_9_3_NODE_10262|ped_9_4_NODE_10262,7.0,98.0,False,False,scenario_baseline
91.5,LINK_249048,5161705573,2,2,rrG,G,True,True,10,ped_1_0_LINK_249048|ped_1_1_LINK_249048|ped_1_2_LINK_249048|ped_1_3_LINK_249048|ped_1_4_LINK_249048|ped_2_0_NODE_5837|ped_2_1_NODE_5837|ped_2_2_NODE_5837|ped_2_3_NODE_5837|ped_2_4_NODE_5837,6.5,98.0,False,False,scenario_baseline
91.5,NODE_5837,5161705573,2,2,rrG,G,True,True,10,ped_1_0_LINK_249048|ped_1_1_LINK_249048|ped_1_2_LINK_249048|ped_1_3_LINK_249048|ped_1_4_LINK_249048|ped_2_0_NODE_5837|ped_2_1_NODE_5837|ped_2_2_NODE_5837|ped_2_3_NODE_5837|ped_2_4_NODE_5837,6.5,98.0,False,False,scenario_baseline
91.5,LINK_10218,11139418715,2,2,rrG,G,True,True,15,ped_3_0_LINK_10218|ped_3_1_LINK_10218|ped_3_2_LINK_10218|ped_3_3_LINK_10218|ped_3_4_LINK_10218|ped_4_0_LINK_140740|ped_4_1_LINK_140740|ped_4_2_LINK_140740|ped_4_3_LINK_140740|ped_4_4_LINK_140740|ped_7_0_NODE_10378|ped_7_1_NODE_10378|ped_7_2_NODE_10378|ped_7_3_NODE_10378|ped_7_4_NODE_10378,6.5,98.0,False,False,scenario_baseline
91.5,LINK_140740,11139418715,2,2,rrG,G,True,True,15,ped_3_0_LINK_10218|ped_3_1_LINK_10218|ped_3_2_LINK_10218|ped_3_3_LINK_10218|ped_3_4_LINK_10218|ped_4_0_LINK_140740|ped_4_1_LINK_140740|ped_4_2_LINK_140740|ped_4_3_LINK_140740|ped_4_4_LINK_140740|ped_7_0_NODE_10378|ped_7_1_NODE_10378|ped_7_2_NODE_10378|ped_7_3_NODE_10378|ped_7_4_NODE_10378,6.5,98.0,False,False,scenario_baseline
91.5,NODE_9634,10974501473,4,2,rrrrG,G,True,True,5,ped_5_0_NODE_9634|ped_5_1_NODE_9634|ped_5_2_NODE_9634|ped_5_3_NODE_9634|ped_5_4_NODE_9634,6.5,98.0,False,False,scenario_baseline
91.5,LINK_194891,11203052965,11,2,rrrrrrrrrrrG,G,True,True,5,ped_6_0_LINK_194891|ped_6_1_LINK_194891|ped_6_2_LINK_194891|ped_6_3_LINK_194891|ped_6_4_LINK_194891,6.5,98.0,False,False,scenario_baseline
91.5,NODE_10378,11139418715,2,2,rrG,G,True,True,15,ped_3_0_LINK_10218|ped_3_1_LINK_10218|ped_3_2_LINK_10218|ped_3_3_LINK_10218|ped_3_4_LINK_10218|ped_4_0_LINK_140740|ped_4_1_LINK_140740|ped_4_2_LINK_140740|ped_4_3_LINK_140740|ped_4_4_LINK_140740|ped_7_0_NODE_10378|ped_7_1_NODE_10378|ped_7_2_NODE_10378|ped_7_3_NODE_10378|ped_7_4_NODE_10378,6.5,98.0,False,False,scenario_baseline
91.5,NODE_5681,11139418723,2,2,rrG,G,True,True,5,ped_8_0_NODE_5681|ped_8_1_NODE_5681|ped_8_2_NODE_5681|ped_8_3_NODE_5681|ped_8_4_NODE_5681,6.5,98.0,False,False,scenario_baseline
91.5,NODE_10262,11203041635,4,2,rrrrG,G,True,True,5,ped_9_0_NODE_10262|ped_9_1_NODE_10262|ped_9_2_NODE_10262|ped_9_3_NODE_10262|ped_9_4_NODE_10262,6.5,98.0,False,False,scenario_baseline
92.0,LINK_249048,5161705573,2,2,rrG,G,True,True,10,ped_1_0_LINK_249048|ped_1_1_LINK_249048|ped_1_2_LINK_249048|ped_1_3_LINK_249048|ped_1_4_LINK_249048|ped_2_0_NODE_5837|ped_2_1_NODE_5837|ped_2_2_NODE_5837|ped_2_3_NODE_5837|ped_2_4_NODE_5837,6.0,98.0,False,False,scenario_baseline
92.0,NODE_5837,5161705573,2,2,rrG,G,True,True,10,ped_1_0_LINK_249048|ped_1_1_LINK_249048|ped_1_2_LINK_249048|ped_1_3_LINK_249048|ped_1_4_LINK_249048|ped_2_0_NODE_5837|ped_2_1_NODE_5837|ped_2_2_NODE_5837|ped_2_3_NODE_5837|ped_2_4_NODE_5837,6.0,98.0,False,False,scenario_baseline
92.0,LINK_10218,11139418715,2,2,rrG,G,True,True,15,ped_3_0_LINK_10218|ped_3_1_LINK_10218|ped_3_2_LINK_10218|ped_3_3_LINK_10218|ped_3_4_LINK_10218|ped_4_0_LINK_140740|ped_4_1_LINK_140740|ped_4_2_LINK_140740|ped_4_3_LINK_140740|ped_4_4_LINK_140740|ped_7_0_NODE_10378|ped_7_1_NODE_10378|ped_7_2_NODE_10378|ped_7_3_NODE_10378|ped_7_4_NODE_10378,6.0,98.0,False,False,scenario_baseline
92.0,LINK_140740,11139418715,2,2,rrG,G,True,True,15,ped_3_0_LINK_10218|ped_3_1_LINK_10218|ped_3_2_LINK_10218|ped_3_3_LINK_10218|ped_3_4_LINK_10218|ped_4_0_LINK_140740|ped_4_1_LINK_140740|ped_4_2_LINK_140740|ped_4_3_LINK_140740|ped_4_4_LINK_140740|ped_7_0_NODE_10378|ped_7_1_NODE_10378|ped_7_2_NODE_10378|ped_7_3_NODE_10378|ped_7_4_NODE_10378,6.0,98.0,False,False,scenario_baseline
92.0,NODE_9634,10974501473,4,2,rrrrG,G,True,True,5,ped_5_0_NODE_9634|ped_5_1_NODE_9634|ped_5_2_NODE_9634|ped_5_3_NODE_9634|ped_5_4_NODE_9634,6.0,98.0,False,False,scenario_baseline
92.0,LINK_194891,11203052965,11,2,rrrrrrrrrrrG,G,True,True,5,ped_6_0_LINK_194891|ped_6_1_LINK_194891|ped_6_2_LINK_194891|ped_6_3_LINK_194891|ped_6_4_LINK_194891,6.0,98.0,False,False,scenario_baseline
92.0,NODE_10378,11139418715,2,2,rrG,G,True,True,15,ped_3_0_LINK_10218|ped_3_1_LINK_10218|ped_3_2_LINK_10218|ped_3_3_LINK_10218|ped_3_4_LINK_10218|ped_4_0_LINK_140740|ped_4_1_LINK_140740|ped_4_2_LINK_140740|ped_4_3_LINK_140740|ped_4_4_LINK_140740|ped_7_0_NODE_10378|ped_7_1_NODE_10378|ped_7_2_NODE_10378|ped_7_3_NODE_10378|ped_7_4_NODE_10378,6.0,98.0,False,False,scenario_baseline
92.0,NODE_5681,11139418723,2,2,rrG,G,True,True,5,ped_8_0_NODE_5681|ped_8_1_NODE_5681|ped_8_2_NODE_5681|ped_8_3_NODE_5681|ped_8_4_NODE_5681,6.0,98.0,False,False,scenario_baseline
92.0,NODE_10262,11203041635,4,2,rrrrG,G,True,True,5,ped_9_0_NODE_10262|ped_9_1_NODE_10262|ped_9_2_NODE_10262|ped_9_3_NODE_10262|ped_9_4_NODE_10262,6.0,98.0,False,False,scenario_baseline
92.5,LINK_249048,5161705573,2,2,rrG,G,True,True,10,ped_1_0_LINK_249048|ped_1_1_LINK_249048|ped_1_2_LINK_249048|ped_1_3_LINK_249048|ped_1_4_LINK_249048|ped_2_0_NODE_5837|ped_2_1_NODE_5837|ped_2_2_NODE_5837|ped_2_3_NODE_5837|ped_2_4_NODE_5837,5.5,98.0,False,False,scenario_baseline
92.5,NODE_5837,5161705573,2,2,rrG,G,True,True,10,ped_1_0_LINK_249048|ped_1_1_LINK_249048|ped_1_2_LINK_249048|ped_1_3_LINK_249048|ped_1_4_LINK_249048|ped_2_0_NODE_5837|ped_2_1_NODE_5837|ped_2_2_NODE_5837|ped_2_3_NODE_5837|ped_2_4_NODE_5837,5.5,98.0,False,False,scenario_baseline
92.5,LINK_10218,11139418715,2,2,rrG,G,True,True,15,ped_3_0_LINK_10218|ped_3_1_LINK_10218|ped_3_2_LINK_10218|ped_3_3_LINK_10218|ped_3_4_LINK_10218|ped_4_0_LINK_140740|ped_4_1_LINK_140740|ped_4_2_LINK_140740|ped_4_3_LINK_140740|ped_4_4_LINK_140740|ped_7_0_NODE_10378|ped_7_1_NODE_10378|ped_7_2_NODE_10378|ped_7_3_NODE_10378|ped_7_4_NODE_10378,5.5,98.0,False,False,scenario_baseline
92.5,LINK_140740,11139418715,2,2,rrG,G,True,True,15,ped_3_0_LINK_10218|ped_3_1_LINK_10218|ped_3_2_LINK_10218|ped_3_3_LINK_10218|ped_3_4_LINK_10218|ped_4_0_LINK_140740|ped_4_1_LINK_140740|ped_4_2_LINK_140740|ped_4_3_LINK_140740|ped_4_4_LINK_140740|ped_7_0_NODE_10378|ped_7_1_NODE_10378|ped_7_2_NODE_10378|ped_7_3_NODE_10378|ped_7_4_NODE_10378,5.5,98.0,False,False,scenario_baseline
92.5,NODE_9634,10974501473,4,2,rrrrG,G,True,True,5,ped_5_0_NODE_9634|ped_5_1_NODE_9634|ped_5_2_NODE_9634|ped_5_3_NODE_9634|ped_5_4_NODE_9634,5.5,98.0,False,False,scenario_baseline
92.5,LINK_194891,11203052965,11,2,rrrrrrrrrrrG,G,True,True,5,ped_6_0_LINK_194891|ped_6_1_LINK_194891|ped_6_2_LINK_194891|ped_6_3_LINK_194891|ped_6_4_LINK_194891,5.5,98.0,False,False,scenario_baseline
92.5,NODE_10378,11139418715,2,2,rrG,G,True,True,15,ped_3_0_LINK_10218|ped_3_1_LINK_10218|ped_3_2_LINK_10218|ped_3_3_LINK_10218|ped_3_4_LINK_10218|ped_4_0_LINK_140740|ped_4_1_LINK_140740|ped_4_2_LINK_140740|ped_4_3_LINK_140740|ped_4_4_LINK_140740|ped_7_0_NODE_10378|ped_7_1_NODE_10378|ped_7_2_NODE_10378|ped_7_3_NODE_10378|ped_7_4_NODE_10378,5.5,98.0,False,False,scenario_baseline
92.5,NODE_5681,11139418723,2,2,rrG,G,True,True,5,ped_8_0_NODE_5681|ped_8_1_NODE_5681|ped_8_2_NODE_5681|ped_8_3_NODE_5681|ped_8_4_NODE_5681,5.5,98.0,False,False,scenario_baseline
92.5,NODE_10262,11203041635,4,2,rrrrG,G,True,True,5,ped_9_0_NODE_10262|ped_9_1_NODE_10262|ped_9_2_NODE_10262|ped_9_3_NODE_10262|ped_9_4_NODE_10262,5.5,98.0,False,False,scenario_baseline
93.0,LINK_249048,5161705573,2,2,rrG,G,True,True,10,ped_1_0_LINK_249048|ped_1_1_LINK_249048|ped_1_2_LINK_249048|ped_1_3_LINK_249048|ped_1_4_LINK_249048|ped_2_0_NODE_5837|ped_2_1_NODE_5837|ped_2_2_NODE_5837|ped_2_3_NODE_5837|ped_2_4_NODE_5837,5.0,98.0,False,False,scenario_baseline
93.0,NODE_5837,5161705573,2,2,rrG,G,True,True,10,ped_1_0_LINK_249048|ped_1_1_LINK_249048|ped_1_2_LINK_249048|ped_1_3_LINK_249048|ped_1_4_LINK_249048|ped_2_0_NODE_5837|ped_2_1_NODE_5837|ped_2_2_NODE_5837|ped_2_3_NODE_5837|ped_2_4_NODE_5837,5.0,98.0,False,False,scenario_baseline
93.0,LINK_10218,11139418715,2,2,rrG,G,True,True,15,ped_3_0_LINK_10218|ped_3_1_LINK_10218|ped_3_2_LINK_10218|ped_3_3_LINK_10218|ped_3_4_LINK_10218|ped_4_0_LINK_140740|ped_4_1_LINK_140740|ped_4_2_LINK_140740|ped_4_3_LINK_140740|ped_4_4_LINK_140740|ped_7_0_NODE_10378|ped_7_1_NODE_10378|ped_7_2_NODE_10378|ped_7_3_NODE_10378|ped_7_4_NODE_10378,5.0,98.0,False,False,scenario_baseline
93.0,LINK_140740,11139418715,2,2,rrG,G,True,True,15,ped_3_0_LINK_10218|ped_3_1_LINK_10218|ped_3_2_LINK_10218|ped_3_3_LINK_10218|ped_3_4_LINK_10218|ped_4_0_LINK_140740|ped_4_1_LINK_140740|ped_4_2_LINK_140740|ped_4_3_LINK_140740|ped_4_4_LINK_140740|ped_7_0_NODE_10378|ped_7_1_NODE_10378|ped_7_2_NODE_10378|ped_7_3_NODE_10378|ped_7_4_NODE_10378,5.0,98.0,False,False,scenario_baseline
93.0,NODE_9634,10974501473,4,2,rrrrG,G,True,True,5,ped_5_0_NODE_9634|ped_5_1_NODE_9634|ped_5_2_NODE_9634|ped_5_3_NODE_9634|ped_5_4_NODE_9634,5.0,98.0,False,False,scenario_baseline
93.0,LINK_194891,11203052965,11,2,rrrrrrrrrrrG,G,True,True,5,ped_6_0_LINK_194891|ped_6_1_LINK_194891|ped_6_2_LINK_194891|ped_6_3_LINK_194891|ped_6_4_LINK_194891,5.0,98.0,False,False,scenario_baseline
93.0,NODE_10378,11139418715,2,2,rrG,G,True,True,15,ped_3_0_LINK_10218|ped_3_1_LINK_10218|ped_3_2_LINK_10218|ped_3_3_LINK_10218|ped_3_4_LINK_10218|ped_4_0_LINK_140740|ped_4_1_LINK_140740|ped_4_2_LINK_140740|ped_4_3_LINK_140740|ped_4_4_LINK_140740|ped_7_0_NODE_10378|ped_7_1_NODE_10378|ped_7_2_NODE_10378|ped_7_3_NODE_10378|ped_7_4_NODE_10378,5.0,98.0,False,False,scenario_baseline
93.0,NODE_5681,11139418723,2,2,rrG,G,True,True,5,ped_8_0_NODE_5681|ped_8_1_NODE_5681|ped_8_2_NODE_5681|ped_8_3_NODE_5681|ped_8_4_NODE_5681,5.0,98.0,False,False,scenario_baseline
93.0,NODE_10262,11203041635,4,2,rrrrG,G,True,True,5,ped_9_0_NODE_10262|ped_9_1_NODE_10262|ped_9_2_NODE_10262|ped_9_3_NODE_10262|ped_9_4_NODE_10262,5.0,98.0,False,False,scenario_baseline
93.5,LINK_249048,5161705573,2,2,rrG,G,True,True,10,ped_1_0_LINK_249048|ped_1_1_LINK_249048|ped_1_2_LINK_249048|ped_1_3_LINK_249048|ped_1_4_LINK_249048|ped_2_0_NODE_5837|ped_2_1_NODE_5837|ped_2_2_NODE_5837|ped_2_3_NODE_5837|ped_2_4_NODE_5837,4.5,98.0,False,False,scenario_baseline
93.5,NODE_5837,5161705573,2,2,rrG,G,True,True,10,ped_1_0_LINK_249048|ped_1_1_LINK_249048|ped_1_2_LINK_249048|ped_1_3_LINK_249048|ped_1_4_LINK_249048|ped_2_0_NODE_5837|ped_2_1_NODE_5837|ped_2_2_NODE_5837|ped_2_3_NODE_5837|ped_2_4_NODE_5837,4.5,98.0,False,False,scenario_baseline
93.5,LINK_10218,11139418715,2,2,rrG,G,True,True,15,ped_3_0_LINK_10218|ped_3_1_LINK_10218|ped_3_2_LINK_10218|ped_3_3_LINK_10218|ped_3_4_LINK_10218|ped_4_0_LINK_140740|ped_4_1_LINK_140740|ped_4_2_LINK_140740|ped_4_3_LINK_140740|ped_4_4_LINK_140740|ped_7_0_NODE_10378|ped_7_1_NODE_10378|ped_7_2_NODE_10378|ped_7_3_NODE_10378|ped_7_4_NODE_10378,4.5,98.0,False,False,scenario_baseline
93.5,LINK_140740,11139418715,2,2,rrG,G,True,True,15,ped_3_0_LINK_10218|ped_3_1_LINK_10218|ped_3_2_LINK_10218|ped_3_3_LINK_10218|ped_3_4_LINK_10218|ped_4_0_LINK_140740|ped_4_1_LINK_140740|ped_4_2_LINK_140740|ped_4_3_LINK_140740|ped_4_4_LINK_140740|ped_7_0_NODE_10378|ped_7_1_NODE_10378|ped_7_2_NODE_10378|ped_7_3_NODE_10378|ped_7_4_NODE_10378,4.5,98.0,False,False,scenario_baseline
93.5,NODE_9634,10974501473,4,2,rrrrG,G,True,True,5,ped_5_0_NODE_9634|ped_5_1_NODE_9634|ped_5_2_NODE_9634|ped_5_3_NODE_9634|ped_5_4_NODE_9634,4.5,98.0,False,False,scenario_baseline
93.5,LINK_194891,11203052965,11,2,rrrrrrrrrrrG,G,True,True,5,ped_6_0_LINK_194891|ped_6_1_LINK_194891|ped_6_2_LINK_194891|ped_6_3_LINK_194891|ped_6_4_LINK_194891,4.5,98.0,False,False,scenario_baseline
93.5,NODE_10378,11139418715,2,2,rrG,G,True,True,15,ped_3_0_LINK_10218|ped_3_1_LINK_10218|ped_3_2_LINK_10218|ped_3_3_LINK_10218|ped_3_4_LINK_10218|ped_4_0_LINK_140740|ped_4_1_LINK_140740|ped_4_2_LINK_140740|ped_4_3_LINK_140740|ped_4_4_LINK_140740|ped_7_0_NODE_10378|ped_7_1_NODE_10378|ped_7_2_NODE_10378|ped_7_3_NODE_10378|ped_7_4_NODE_10378,4.5,98.0,False,False,scenario_baseline
93.5,NODE_5681,11139418723,2,2,rrG,G,True,True,5,ped_8_0_NODE_5681|ped_8_1_NODE_5681|ped_8_2_NODE_5681|ped_8_3_NODE_5681|ped_8_4_NODE_5681,4.5,98.0,False,False,scenario_baseline
93.5,NODE_10262,11203041635,4,2,rrrrG,G,True,True,5,ped_9_0_NODE_10262|ped_9_1_NODE_10262|ped_9_2_NODE_10262|ped_9_3_NODE_10262|ped_9_4_NODE_10262,4.5,98.0,False,False,scenario_baseline
94.0,LINK_249048,5161705573,2,2,rrG,G,True,True,10,ped_1_0_LINK_249048|ped_1_1_LINK_249048|ped_1_2_LINK_249048|ped_1_3_LINK_249048|ped_1_4_LINK_249048|ped_2_0_NODE_5837|ped_2_1_NODE_5837|ped_2_2_NODE_5837|ped_2_3_NODE_5837|ped_2_4_NODE_5837,4.0,98.0,False,False,scenario_baseline
94.0,NODE_5837,5161705573,2,2,rrG,G,True,True,10,ped_1_0_LINK_249048|ped_1_1_LINK_249048|ped_1_2_LINK_249048|ped_1_3_LINK_249048|ped_1_4_LINK_249048|ped_2_0_NODE_5837|ped_2_1_NODE_5837|ped_2_2_NODE_5837|ped_2_3_NODE_5837|ped_2_4_NODE_5837,4.0,98.0,False,False,scenario_baseline
94.0,LINK_10218,11139418715,2,2,rrG,G,True,True,14,ped_3_1_LINK_10218|ped_3_2_LINK_10218|ped_3_3_LINK_10218|ped_3_4_LINK_10218|ped_4_0_LINK_140740|ped_4_1_LINK_140740|ped_4_2_LINK_140740|ped_4_3_LINK_140740|ped_4_4_LINK_140740|ped_7_0_NODE_10378|ped_7_1_NODE_10378|ped_7_2_NODE_10378|ped_7_3_NODE_10378|ped_7_4_NODE_10378,4.0,98.0,False,False,scenario_baseline
94.0,LINK_140740,11139418715,2,2,rrG,G,True,True,14,ped_3_1_LINK_10218|ped_3_2_LINK_10218|ped_3_3_LINK_10218|ped_3_4_LINK_10218|ped_4_0_LINK_140740|ped_4_1_LINK_140740|ped_4_2_LINK_140740|ped_4_3_LINK_140740|ped_4_4_LINK_140740|ped_7_0_NODE_10378|ped_7_1_NODE_10378|ped_7_2_NODE_10378|ped_7_3_NODE_10378|ped_7_4_NODE_10378,4.0,98.0,False,False,scenario_baseline
94.0,NODE_9634,10974501473,4,2,rrrrG,G,True,True,5,ped_5_0_NODE_9634|ped_5_1_NODE_9634|ped_5_2_NODE_9634|ped_5_3_NODE_9634|ped_5_4_NODE_9634,4.0,98.0,False,False,scenario_baseline
94.0,LINK_194891,11203052965,11,2,rrrrrrrrrrrG,G,True,True,5,ped_6_0_LINK_194891|ped_6_1_LINK_194891|ped_6_2_LINK_194891|ped_6_3_LINK_194891|ped_6_4_LINK_194891,4.0,98.0,False,False,scenario_baseline
94.0,NODE_10378,11139418715,2,2,rrG,G,True,True,14,ped_3_1_LINK_10218|ped_3_2_LINK_10218|ped_3_3_LINK_10218|ped_3_4_LINK_10218|ped_4_0_LINK_140740|ped_4_1_LINK_140740|ped_4_2_LINK_140740|ped_4_3_LINK_140740|ped_4_4_LINK_140740|ped_7_0_NODE_10378|ped_7_1_NODE_10378|ped_7_2_NODE_10378|ped_7_3_NODE_10378|ped_7_4_NODE_10378,4.0,98.0,False,False,scenario_baseline
94.0,NODE_5681,11139418723,2,2,rrG,G,True,True,5,ped_8_0_NODE_5681|ped_8_1_NODE_5681|ped_8_2_NODE_5681|ped_8_3_NODE_5681|ped_8_4_NODE_5681,4.0,98.0,False,False,scenario_baseline
94.0,NODE_10262,11203041635,4,2,rrrrG,G,True,True,5,ped_9_0_NODE_10262|ped_9_1_NODE_10262|ped_9_2_NODE_10262|ped_9_3_NODE_10262|ped_9_4_NODE_10262,4.0,98.0,False,False,scenario_baseline
94.5,LINK_249048,5161705573,2,2,rrG,G,True,True,10,ped_1_0_LINK_249048|ped_1_1_LINK_249048|ped_1_2_LINK_249048|ped_1_3_LINK_249048|ped_1_4_LINK_249048|ped_2_0_NODE_5837|ped_2_1_NODE_5837|ped_2_2_NODE_5837|ped_2_3_NODE_5837|ped_2_4_NODE_5837,3.5,98.0,False,False,scenario_baseline
94.5,NODE_5837,5161705573,2,2,rrG,G,True,True,10,ped_1_0_LINK_249048|ped_1_1_LINK_249048|ped_1_2_LINK_249048|ped_1_3_LINK_249048|ped_1_4_LINK_249048|ped_2_0_NODE_5837|ped_2_1_NODE_5837|ped_2_2_NODE_5837|ped_2_3_NODE_5837|ped_2_4_NODE_5837,3.5,98.0,False,False,scenario_baseline
94.5,LINK_10218,11139418715,2,2,rrG,G,True,True,14,ped_3_1_LINK_10218|ped_3_2_LINK_10218|ped_3_3_LINK_10218|ped_3_4_LINK_10218|ped_4_0_LINK_140740|ped_4_1_LINK_140740|ped_4_2_LINK_140740|ped_4_3_LINK_140740|ped_4_4_LINK_140740|ped_7_0_NODE_10378|ped_7_1_NODE_10378|ped_7_2_NODE_10378|ped_7_3_NODE_10378|ped_7_4_NODE_10378,3.5,98.0,False,False,scenario_baseline
94.5,LINK_140740,11139418715,2,2,rrG,G,True,True,14,ped_3_1_LINK_10218|ped_3_2_LINK_10218|ped_3_3_LINK_10218|ped_3_4_LINK_10218|ped_4_0_LINK_140740|ped_4_1_LINK_140740|ped_4_2_LINK_140740|ped_4_3_LINK_140740|ped_4_4_LINK_140740|ped_7_0_NODE_10378|ped_7_1_NODE_10378|ped_7_2_NODE_10378|ped_7_3_NODE_10378|ped_7_4_NODE_10378,3.5,98.0,False,False,scenario_baseline
94.5,NODE_9634,10974501473,4,2,rrrrG,G,True,True,5,ped_5_0_NODE_9634|ped_5_1_NODE_9634|ped_5_2_NODE_9634|ped_5_3_NODE_9634|ped_5_4_NODE_9634,3.5,98.0,False,False,scenario_baseline
94.5,LINK_194891,11203052965,11,2,rrrrrrrrrrrG,G,True,True,5,ped_6_0_LINK_194891|ped_6_1_LINK_194891|ped_6_2_LINK_194891|ped_6_3_LINK_194891|ped_6_4_LINK_194891,3.5,98.0,False,False,scenario_baseline
94.5,NODE_10378,11139418715,2,2,rrG,G,True,True,14,ped_3_1_LINK_10218|ped_3_2_LINK_10218|ped_3_3_LINK_10218|ped_3_4_LINK_10218|ped_4_0_LINK_140740|ped_4_1_LINK_140740|ped_4_2_LINK_140740|ped_4_3_LINK_140740|ped_4_4_LINK_140740|ped_7_0_NODE_10378|ped_7_1_NODE_10378|ped_7_2_NODE_10378|ped_7_3_NODE_10378|ped_7_4_NODE_10378,3.5,98.0,False,False,scenario_baseline
94.5,NODE_5681,11139418723,2,2,rrG,G,True,True,5,ped_8_0_NODE_5681|ped_8_1_NODE_5681|ped_8_2_NODE_5681|ped_8_3_NODE_5681|ped_8_4_NODE_5681,3.5,98.0,False,False,scenario_baseline
94.5,NODE_10262,11203041635,4,2,rrrrG,G,True,True,5,ped_9_0_NODE_10262|ped_9_1_NODE_10262|ped_9_2_NODE_10262|ped_9_3_NODE_10262|ped_9_4_NODE_10262,3.5,98.0,False,False,scenario_baseline
95.0,LINK_249048,5161705573,2,2,rrG,G,True,True,10,ped_1_0_LINK_249048|ped_1_1_LINK_249048|ped_1_2_LINK_249048|ped_1_3_LINK_249048|ped_1_4_LINK_249048|ped_2_0_NODE_5837|ped_2_1_NODE_5837|ped_2_2_NODE_5837|ped_2_3_NODE_5837|ped_2_4_NODE_5837,3.0,98.0,False,False,scenario_baseline
95.0,NODE_5837,5161705573,2,2,rrG,G,True,True,10,ped_1_0_LINK_249048|ped_1_1_LINK_249048|ped_1_2_LINK_249048|ped_1_3_LINK_249048|ped_1_4_LINK_249048|ped_2_0_NODE_5837|ped_2_1_NODE_5837|ped_2_2_NODE_5837|ped_2_3_NODE_5837|ped_2_4_NODE_5837,3.0,98.0,False,False,scenario_baseline
95.0,LINK_10218,11139418715,2,2,rrG,G,True,True,13,ped_3_1_LINK_10218|ped_3_2_LINK_10218|ped_3_3_LINK_10218|ped_3_4_LINK_10218|ped_4_1_LINK_140740|ped_4_2_LINK_140740|ped_4_3_LINK_140740|ped_4_4_LINK_140740|ped_7_0_NODE_10378|ped_7_1_NODE_10378|ped_7_2_NODE_10378|ped_7_3_NODE_10378|ped_7_4_NODE_10378,3.0,98.0,False,False,scenario_baseline
95.0,LINK_140740,11139418715,2,2,rrG,G,True,True,13,ped_3_1_LINK_10218|ped_3_2_LINK_10218|ped_3_3_LINK_10218|ped_3_4_LINK_10218|ped_4_1_LINK_140740|ped_4_2_LINK_140740|ped_4_3_LINK_140740|ped_4_4_LINK_140740|ped_7_0_NODE_10378|ped_7_1_NODE_10378|ped_7_2_NODE_10378|ped_7_3_NODE_10378|ped_7_4_NODE_10378,3.0,98.0,False,False,scenario_baseline
95.0,NODE_9634,10974501473,4,2,rrrrG,G,True,True,5,ped_5_0_NODE_9634|ped_5_1_NODE_9634|ped_5_2_NODE_9634|ped_5_3_NODE_9634|ped_5_4_NODE_9634,3.0,98.0,False,False,scenario_baseline
95.0,LINK_194891,11203052965,11,2,rrrrrrrrrrrG,G,True,True,5,ped_6_0_LINK_194891|ped_6_1_LINK_194891|ped_6_2_LINK_194891|ped_6_3_LINK_194891|ped_6_4_LINK_194891,3.0,98.0,False,False,scenario_baseline
95.0,NODE_10378,11139418715,2,2,rrG,G,True,True,13,ped_3_1_LINK_10218|ped_3_2_LINK_10218|ped_3_3_LINK_10218|ped_3_4_LINK_10218|ped_4_1_LINK_140740|ped_4_2_LINK_140740|ped_4_3_LINK_140740|ped_4_4_LINK_140740|ped_7_0_NODE_10378|ped_7_1_NODE_10378|ped_7_2_NODE_10378|ped_7_3_NODE_10378|ped_7_4_NODE_10378,3.0,98.0,False,False,scenario_baseline
95.0,NODE_5681,11139418723,2,2,rrG,G,True,True,5,ped_8_0_NODE_5681|ped_8_1_NODE_5681|ped_8_2_NODE_5681|ped_8_3_NODE_5681|ped_8_4_NODE_5681,3.0,98.0,False,False,scenario_baseline
95.0,NODE_10262,11203041635,4,2,rrrrG,G,True,True,5,ped_9_0_NODE_10262|ped_9_1_NODE_10262|ped_9_2_NODE_10262|ped_9_3_NODE_10262|ped_9_4_NODE_10262,3.0,98.0,False,False,scenario_baseline
95.5,LINK_249048,5161705573,2,2,rrG,G,True,True,10,ped_1_0_LINK_249048|ped_1_1_LINK_249048|ped_1_2_LINK_249048|ped_1_3_LINK_249048|ped_1_4_LINK_249048|ped_2_0_NODE_5837|ped_2_1_NODE_5837|ped_2_2_NODE_5837|ped_2_3_NODE_5837|ped_2_4_NODE_5837,2.5,98.0,False,False,scenario_baseline
95.5,NODE_5837,5161705573,2,2,rrG,G,True,True,10,ped_1_0_LINK_249048|ped_1_1_LINK_249048|ped_1_2_LINK_249048|ped_1_3_LINK_249048|ped_1_4_LINK_249048|ped_2_0_NODE_5837|ped_2_1_NODE_5837|ped_2_2_NODE_5837|ped_2_3_NODE_5837|ped_2_4_NODE_5837,2.5,98.0,False,False,scenario_baseline
95.5,LINK_10218,11139418715,2,2,rrG,G,True,True,12,ped_3_1_LINK_10218|ped_3_2_LINK_10218|ped_3_3_LINK_10218|ped_3_4_LINK_10218|ped_4_1_LINK_140740|ped_4_2_LINK_140740|ped_4_3_LINK_140740|ped_4_4_LINK_140740|ped_7_1_NODE_10378|ped_7_2_NODE_10378|ped_7_3_NODE_10378|ped_7_4_NODE_10378,2.5,98.0,False,False,scenario_baseline
95.5,LINK_140740,11139418715,2,2,rrG,G,True,True,12,ped_3_1_LINK_10218|ped_3_2_LINK_10218|ped_3_3_LINK_10218|ped_3_4_LINK_10218|ped_4_1_LINK_140740|ped_4_2_LINK_140740|ped_4_3_LINK_140740|ped_4_4_LINK_140740|ped_7_1_NODE_10378|ped_7_2_NODE_10378|ped_7_3_NODE_10378|ped_7_4_NODE_10378,2.5,98.0,False,False,scenario_baseline
95.5,NODE_9634,10974501473,4,2,rrrrG,G,True,True,5,ped_5_0_NODE_9634|ped_5_1_NODE_9634|ped_5_2_NODE_9634|ped_5_3_NODE_9634|ped_5_4_NODE_9634,2.5,98.0,False,False,scenario_baseline
95.5,LINK_194891,11203052965,11,2,rrrrrrrrrrrG,G,True,True,5,ped_6_0_LINK_194891|ped_6_1_LINK_194891|ped_6_2_LINK_194891|ped_6_3_LINK_194891|ped_6_4_LINK_194891,2.5,98.0,False,False,scenario_baseline
95.5,NODE_10378,11139418715,2,2,rrG,G,True,True,12,ped_3_1_LINK_10218|ped_3_2_LINK_10218|ped_3_3_LINK_10218|ped_3_4_LINK_10218|ped_4_1_LINK_140740|ped_4_2_LINK_140740|ped_4_3_LINK_140740|ped_4_4_LINK_140740|ped_7_1_NODE_10378|ped_7_2_NODE_10378|ped_7_3_NODE_10378|ped_7_4_NODE_10378,2.5,98.0,False,False,scenario_baseline
95.5,NODE_5681,11139418723,2,2,rrG,G,True,True,5,ped_8_0_NODE_5681|ped_8_1_NODE_5681|ped_8_2_NODE_5681|ped_8_3_NODE_5681|ped_8_4_NODE_5681,2.5,98.0,False,False,scenario_baseline
95.5,NODE_10262,11203041635,4,2,rrrrG,G,True,True,5,ped_9_0_NODE_10262|ped_9_1_NODE_10262|ped_9_2_NODE_10262|ped_9_3_NODE_10262|ped_9_4_NODE_10262,2.5,98.0,False,False,scenario_baseline
96.0,LINK_249048,5161705573,2,2,rrG,G,True,True,10,ped_1_0_LINK_249048|ped_1_1_LINK_249048|ped_1_2_LINK_249048|ped_1_3_LINK_249048|ped_1_4_LINK_249048|ped_2_0_NODE_5837|ped_2_1_NODE_5837|ped_2_2_NODE_5837|ped_2_3_NODE_5837|ped_2_4_NODE_5837,2.0,98.0,False,False,scenario_baseline
96.0,NODE_5837,5161705573,2,2,rrG,G,True,True,10,ped_1_0_LINK_249048|ped_1_1_LINK_249048|ped_1_2_LINK_249048|ped_1_3_LINK_249048|ped_1_4_LINK_249048|ped_2_0_NODE_5837|ped_2_1_NODE_5837|ped_2_2_NODE_5837|ped_2_3_NODE_5837|ped_2_4_NODE_5837,2.0,98.0,False,False,scenario_baseline
96.0,LINK_10218,11139418715,2,2,rrG,G,True,True,12,ped_3_1_LINK_10218|ped_3_2_LINK_10218|ped_3_3_LINK_10218|ped_3_4_LINK_10218|ped_4_1_LINK_140740|ped_4_2_LINK_140740|ped_4_3_LINK_140740|ped_4_4_LINK_140740|ped_7_1_NODE_10378|ped_7_2_NODE_10378|ped_7_3_NODE_10378|ped_7_4_NODE_10378,2.0,98.0,False,False,scenario_baseline
96.0,LINK_140740,11139418715,2,2,rrG,G,True,True,12,ped_3_1_LINK_10218|ped_3_2_LINK_10218|ped_3_3_LINK_10218|ped_3_4_LINK_10218|ped_4_1_LINK_140740|ped_4_2_LINK_140740|ped_4_3_LINK_140740|ped_4_4_LINK_140740|ped_7_1_NODE_10378|ped_7_2_NODE_10378|ped_7_3_NODE_10378|ped_7_4_NODE_10378,2.0,98.0,False,False,scenario_baseline
96.0,NODE_9634,10974501473,4,2,rrrrG,G,True,True,5,ped_5_0_NODE_9634|ped_5_1_NODE_9634|ped_5_2_NODE_9634|ped_5_3_NODE_9634|ped_5_4_NODE_9634,2.0,98.0,False,False,scenario_baseline
96.0,LINK_194891,11203052965,11,2,rrrrrrrrrrrG,G,True,True,5,ped_6_0_LINK_194891|ped_6_1_LINK_194891|ped_6_2_LINK_194891|ped_6_3_LINK_194891|ped_6_4_LINK_194891,2.0,98.0,False,False,scenario_baseline
96.0,NODE_10378,11139418715,2,2,rrG,G,True,True,12,ped_3_1_LINK_10218|ped_3_2_LINK_10218|ped_3_3_LINK_10218|ped_3_4_LINK_10218|ped_4_1_LINK_140740|ped_4_2_LINK_140740|ped_4_3_LINK_140740|ped_4_4_LINK_140740|ped_7_1_NODE_10378|ped_7_2_NODE_10378|ped_7_3_NODE_10378|ped_7_4_NODE_10378,2.0,98.0,False,False,scenario_baseline
96.0,NODE_5681,11139418723,2,2,rrG,G,True,True,5,ped_8_0_NODE_5681|ped_8_1_NODE_5681|ped_8_2_NODE_5681|ped_8_3_NODE_5681|ped_8_4_NODE_5681,2.0,98.0,False,False,scenario_baseline
96.0,NODE_10262,11203041635,4,2,rrrrG,G,True,True,5,ped_9_0_NODE_10262|ped_9_1_NODE_10262|ped_9_2_NODE_10262|ped_9_3_NODE_10262|ped_9_4_NODE_10262,2.0,98.0,False,False,scenario_baseline
96.5,LINK_249048,5161705573,2,2,rrG,G,True,True,10,ped_1_0_LINK_249048|ped_1_1_LINK_249048|ped_1_2_LINK_249048|ped_1_3_LINK_249048|ped_1_4_LINK_249048|ped_2_0_NODE_5837|ped_2_1_NODE_5837|ped_2_2_NODE_5837|ped_2_3_NODE_5837|ped_2_4_NODE_5837,1.5,98.0,False,False,scenario_baseline
96.5,NODE_5837,5161705573,2,2,rrG,G,True,True,10,ped_1_0_LINK_249048|ped_1_1_LINK_249048|ped_1_2_LINK_249048|ped_1_3_LINK_249048|ped_1_4_LINK_249048|ped_2_0_NODE_5837|ped_2_1_NODE_5837|ped_2_2_NODE_5837|ped_2_3_NODE_5837|ped_2_4_NODE_5837,1.5,98.0,False,False,scenario_baseline
96.5,LINK_10218,11139418715,2,2,rrG,G,True,True,11,ped_3_2_LINK_10218|ped_3_3_LINK_10218|ped_3_4_LINK_10218|ped_4_1_LINK_140740|ped_4_2_LINK_140740|ped_4_3_LINK_140740|ped_4_4_LINK_140740|ped_7_1_NODE_10378|ped_7_2_NODE_10378|ped_7_3_NODE_10378|ped_7_4_NODE_10378,1.5,98.0,False,False,scenario_baseline
96.5,LINK_140740,11139418715,2,2,rrG,G,True,True,11,ped_3_2_LINK_10218|ped_3_3_LINK_10218|ped_3_4_LINK_10218|ped_4_1_LINK_140740|ped_4_2_LINK_140740|ped_4_3_LINK_140740|ped_4_4_LINK_140740|ped_7_1_NODE_10378|ped_7_2_NODE_10378|ped_7_3_NODE_10378|ped_7_4_NODE_10378,1.5,98.0,False,False,scenario_baseline
96.5,NODE_9634,10974501473,4,2,rrrrG,G,True,True,5,ped_5_0_NODE_9634|ped_5_1_NODE_9634|ped_5_2_NODE_9634|ped_5_3_NODE_9634|ped_5_4_NODE_9634,1.5,98.0,False,False,scenario_baseline
96.5,LINK_194891,11203052965,11,2,rrrrrrrrrrrG,G,True,True,5,ped_6_0_LINK_194891|ped_6_1_LINK_194891|ped_6_2_LINK_194891|ped_6_3_LINK_194891|ped_6_4_LINK_194891,1.5,98.0,False,False,scenario_baseline
96.5,NODE_10378,11139418715,2,2,rrG,G,True,True,11,ped_3_2_LINK_10218|ped_3_3_LINK_10218|ped_3_4_LINK_10218|ped_4_1_LINK_140740|ped_4_2_LINK_140740|ped_4_3_LINK_140740|ped_4_4_LINK_140740|ped_7_1_NODE_10378|ped_7_2_NODE_10378|ped_7_3_NODE_10378|ped_7_4_NODE_10378,1.5,98.0,False,False,scenario_baseline
96.5,NODE_5681,11139418723,2,2,rrG,G,True,True,5,ped_8_0_NODE_5681|ped_8_1_NODE_5681|ped_8_2_NODE_5681|ped_8_3_NODE_5681|ped_8_4_NODE_5681,1.5,98.0,False,False,scenario_baseline
96.5,NODE_10262,11203041635,4,2,rrrrG,G,True,True,5,ped_9_0_NODE_10262|ped_9_1_NODE_10262|ped_9_2_NODE_10262|ped_9_3_NODE_10262|ped_9_4_NODE_10262,1.5,98.0,False,False,scenario_baseline
97.0,LINK_249048,5161705573,2,2,rrG,G,True,True,10,ped_1_0_LINK_249048|ped_1_1_LINK_249048|ped_1_2_LINK_249048|ped_1_3_LINK_249048|ped_1_4_LINK_249048|ped_2_0_NODE_5837|ped_2_1_NODE_5837|ped_2_2_NODE_5837|ped_2_3_NODE_5837|ped_2_4_NODE_5837,1.0,98.0,False,False,scenario_baseline
97.0,NODE_5837,5161705573,2,2,rrG,G,True,True,10,ped_1_0_LINK_249048|ped_1_1_LINK_249048|ped_1_2_LINK_249048|ped_1_3_LINK_249048|ped_1_4_LINK_249048|ped_2_0_NODE_5837|ped_2_1_NODE_5837|ped_2_2_NODE_5837|ped_2_3_NODE_5837|ped_2_4_NODE_5837,1.0,98.0,False,False,scenario_baseline
97.0,LINK_10218,11139418715,2,2,rrG,G,True,True,10,ped_3_2_LINK_10218|ped_3_3_LINK_10218|ped_3_4_LINK_10218|ped_4_2_LINK_140740|ped_4_3_LINK_140740|ped_4_4_LINK_140740|ped_7_1_NODE_10378|ped_7_2_NODE_10378|ped_7_3_NODE_10378|ped_7_4_NODE_10378,1.0,98.0,False,False,scenario_baseline
97.0,LINK_140740,11139418715,2,2,rrG,G,True,True,10,ped_3_2_LINK_10218|ped_3_3_LINK_10218|ped_3_4_LINK_10218|ped_4_2_LINK_140740|ped_4_3_LINK_140740|ped_4_4_LINK_140740|ped_7_1_NODE_10378|ped_7_2_NODE_10378|ped_7_3_NODE_10378|ped_7_4_NODE_10378,1.0,98.0,False,False,scenario_baseline
97.0,NODE_9634,10974501473,4,2,rrrrG,G,True,True,5,ped_5_0_NODE_9634|ped_5_1_NODE_9634|ped_5_2_NODE_9634|ped_5_3_NODE_9634|ped_5_4_NODE_9634,1.0,98.0,False,False,scenario_baseline
97.0,LINK_194891,11203052965,11,2,rrrrrrrrrrrG,G,True,True,5,ped_6_0_LINK_194891|ped_6_1_LINK_194891|ped_6_2_LINK_194891|ped_6_3_LINK_194891|ped_6_4_LINK_194891,1.0,98.0,False,False,scenario_baseline
97.0,NODE_10378,11139418715,2,2,rrG,G,True,True,10,ped_3_2_LINK_10218|ped_3_3_LINK_10218|ped_3_4_LINK_10218|ped_4_2_LINK_140740|ped_4_3_LINK_140740|ped_4_4_LINK_140740|ped_7_1_NODE_10378|ped_7_2_NODE_10378|ped_7_3_NODE_10378|ped_7_4_NODE_10378,1.0,98.0,False,False,scenario_baseline
97.0,NODE_5681,11139418723,2,2,rrG,G,True,True,5,ped_8_0_NODE_5681|ped_8_1_NODE_5681|ped_8_2_NODE_5681|ped_8_3_NODE_5681|ped_8_4_NODE_5681,1.0,98.0,False,False,scenario_baseline
97.0,NODE_10262,11203041635,4,2,rrrrG,G,True,True,5,ped_9_0_NODE_10262|ped_9_1_NODE_10262|ped_9_2_NODE_10262|ped_9_3_NODE_10262|ped_9_4_NODE_10262,1.0,98.0,False,False,scenario_baseline
97.5,LINK_249048,5161705573,2,2,rrG,G,True,True,10,ped_1_0_LINK_249048|ped_1_1_LINK_249048|ped_1_2_LINK_249048|ped_1_3_LINK_249048|ped_1_4_LINK_249048|ped_2_0_NODE_5837|ped_2_1_NODE_5837|ped_2_2_NODE_5837|ped_2_3_NODE_5837|ped_2_4_NODE_5837,0.5,98.0,False,False,scenario_baseline
97.5,NODE_5837,5161705573,2,2,rrG,G,True,True,10,ped_1_0_LINK_249048|ped_1_1_LINK_249048|ped_1_2_LINK_249048|ped_1_3_LINK_249048|ped_1_4_LINK_249048|ped_2_0_NODE_5837|ped_2_1_NODE_5837|ped_2_2_NODE_5837|ped_2_3_NODE_5837|ped_2_4_NODE_5837,0.5,98.0,False,False,scenario_baseline
97.5,LINK_10218,11139418715,2,2,rrG,G,True,True,10,ped_3_2_LINK_10218|ped_3_3_LINK_10218|ped_3_4_LINK_10218|ped_4_2_LINK_140740|ped_4_3_LINK_140740|ped_4_4_LINK_140740|ped_7_1_NODE_10378|ped_7_2_NODE_10378|ped_7_3_NODE_10378|ped_7_4_NODE_10378,0.5,98.0,False,False,scenario_baseline
97.5,LINK_140740,11139418715,2,2,rrG,G,True,True,10,ped_3_2_LINK_10218|ped_3_3_LINK_10218|ped_3_4_LINK_10218|ped_4_2_LINK_140740|ped_4_3_LINK_140740|ped_4_4_LINK_140740|ped_7_1_NODE_10378|ped_7_2_NODE_10378|ped_7_3_NODE_10378|ped_7_4_NODE_10378,0.5,98.0,False,False,scenario_baseline
97.5,NODE_9634,10974501473,4,2,rrrrG,G,True,True,5,ped_5_0_NODE_9634|ped_5_1_NODE_9634|ped_5_2_NODE_9634|ped_5_3_NODE_9634|ped_5_4_NODE_9634,0.5,98.0,False,False,scenario_baseline
97.5,LINK_194891,11203052965,11,2,rrrrrrrrrrrG,G,True,True,5,ped_6_0_LINK_194891|ped_6_1_LINK_194891|ped_6_2_LINK_194891|ped_6_3_LINK_194891|ped_6_4_LINK_194891,0.5,98.0,False,False,scenario_baseline
97.5,NODE_10378,11139418715,2,2,rrG,G,True,True,10,ped_3_2_LINK_10218|ped_3_3_LINK_10218|ped_3_4_LINK_10218|ped_4_2_LINK_140740|ped_4_3_LINK_140740|ped_4_4_LINK_140740|ped_7_1_NODE_10378|ped_7_2_NODE_10378|ped_7_3_NODE_10378|ped_7_4_NODE_10378,0.5,98.0,False,False,scenario_baseline
97.5,NODE_5681,11139418723,2,2,rrG,G,True,True,5,ped_8_0_NODE_5681|ped_8_1_NODE_5681|ped_8_2_NODE_5681|ped_8_3_NODE_5681|ped_8_4_NODE_5681,0.5,98.0,False,False,scenario_baseline
97.5,NODE_10262,11203041635,4,2,rrrrG,G,True,True,5,ped_9_0_NODE_10262|ped_9_1_NODE_10262|ped_9_2_NODE_10262|ped_9_3_NODE_10262|ped_9_4_NODE_10262,0.5,98.0,False,False,scenario_baseline
98.0,LINK_249048,5161705573,2,2,rrG,G,True,True,10,ped_1_0_LINK_249048|ped_1_1_LINK_249048|ped_1_2_LINK_249048|ped_1_3_LINK_249048|ped_1_4_LINK_249048|ped_2_0_NODE_5837|ped_2_1_NODE_5837|ped_2_2_NODE_5837|ped_2_3_NODE_5837|ped_2_4_NODE_5837,0.0,98.0,False,False,scenario_baseline
98.0,NODE_5837,5161705573,2,2,rrG,G,True,True,10,ped_1_0_LINK_249048|ped_1_1_LINK_249048|ped_1_2_LINK_249048|ped_1_3_LINK_249048|ped_1_4_LINK_249048|ped_2_0_NODE_5837|ped_2_1_NODE_5837|ped_2_2_NODE_5837|ped_2_3_NODE_5837|ped_2_4_NODE_5837,0.0,98.0,False,False,scenario_baseline
98.0,LINK_10218,11139418715,2,2,rrG,G,True,True,10,ped_3_2_LINK_10218|ped_3_3_LINK_10218|ped_3_4_LINK_10218|ped_4_2_LINK_140740|ped_4_3_LINK_140740|ped_4_4_LINK_140740|ped_7_1_NODE_10378|ped_7_2_NODE_10378|ped_7_3_NODE_10378|ped_7_4_NODE_10378,0.0,98.0,False,False,scenario_baseline
98.0,LINK_140740,11139418715,2,2,rrG,G,True,True,10,ped_3_2_LINK_10218|ped_3_3_LINK_10218|ped_3_4_LINK_10218|ped_4_2_LINK_140740|ped_4_3_LINK_140740|ped_4_4_LINK_140740|ped_7_1_NODE_10378|ped_7_2_NODE_10378|ped_7_3_NODE_10378|ped_7_4_NODE_10378,0.0,98.0,False,False,scenario_baseline
98.0,NODE_9634,10974501473,4,2,rrrrG,G,True,True,5,ped_5_0_NODE_9634|ped_5_1_NODE_9634|ped_5_2_NODE_9634|ped_5_3_NODE_9634|ped_5_4_NODE_9634,0.0,98.0,False,False,scenario_baseline
98.0,LINK_194891,11203052965,11,2,rrrrrrrrrrrG,G,True,True,5,ped_6_0_LINK_194891|ped_6_1_LINK_194891|ped_6_2_LINK_194891|ped_6_3_LINK_194891|ped_6_4_LINK_194891,0.0,98.0,False,False,scenario_baseline
98.0,NODE_10378,11139418715,2,2,rrG,G,True,True,10,ped_3_2_LINK_10218|ped_3_3_LINK_10218|ped_3_4_LINK_10218|ped_4_2_LINK_140740|ped_4_3_LINK_140740|ped_4_4_LINK_140740|ped_7_1_NODE_10378|ped_7_2_NODE_10378|ped_7_3_NODE_10378|ped_7_4_NODE_10378,0.0,98.0,False,False,scenario_baseline
98.0,NODE_5681,11139418723,2,2,rrG,G,True,True,5,ped_8_0_NODE_5681|ped_8_1_NODE_5681|ped_8_2_NODE_5681|ped_8_3_NODE_5681|ped_8_4_NODE_5681,0.0,98.0,False,False,scenario_baseline
98.0,NODE_10262,11203041635,4,2,rrrrG,G,True,True,5,ped_9_0_NODE_10262|ped_9_1_NODE_10262|ped_9_2_NODE_10262|ped_9_3_NODE_10262|ped_9_4_NODE_10262,0.0,98.0,False,False,scenario_baseline
98.5,LINK_249048,5161705573,2,0,GGr,r,False,False,10,ped_1_0_LINK_249048|ped_1_1_LINK_249048|ped_1_2_LINK_249048|ped_1_3_LINK_249048|ped_1_4_LINK_249048|ped_2_0_NODE_5837|ped_2_1_NODE_5837|ped_2_2_NODE_5837|ped_2_3_NODE_5837|ped_2_4_NODE_5837,78.5,177.0,False,False,scenario_baseline
98.5,NODE_5837,5161705573,2,0,GGr,r,False,False,10,ped_1_0_LINK_249048|ped_1_1_LINK_249048|ped_1_2_LINK_249048|ped_1_3_LINK_249048|ped_1_4_LINK_249048|ped_2_0_NODE_5837|ped_2_1_NODE_5837|ped_2_2_NODE_5837|ped_2_3_NODE_5837|ped_2_4_NODE_5837,78.5,177.0,False,False,scenario_baseline
98.5,LINK_10218,11139418715,2,0,GGr,r,False,False,9,ped_3_2_LINK_10218|ped_3_3_LINK_10218|ped_3_4_LINK_10218|ped_4_2_LINK_140740|ped_4_3_LINK_140740|ped_4_4_LINK_140740|ped_7_2_NODE_10378|ped_7_3_NODE_10378|ped_7_4_NODE_10378,78.5,177.0,False,False,scenario_baseline
98.5,LINK_140740,11139418715,2,0,GGr,r,False,False,9,ped_3_2_LINK_10218|ped_3_3_LINK_10218|ped_3_4_LINK_10218|ped_4_2_LINK_140740|ped_4_3_LINK_140740|ped_4_4_LINK_140740|ped_7_2_NODE_10378|ped_7_3_NODE_10378|ped_7_4_NODE_10378,78.5,177.0,False,False,scenario_baseline
98.5,NODE_9634,10974501473,4,0,GGGGr,r,False,False,5,ped_5_0_NODE_9634|ped_5_1_NODE_9634|ped_5_2_NODE_9634|ped_5_3_NODE_9634|ped_5_4_NODE_9634,80.5,179.0,False,False,scenario_baseline
98.5,LINK_194891,11203052965,11,0,GGGGGGGGGGGr,r,False,False,5,ped_6_0_LINK_194891|ped_6_1_LINK_194891|ped_6_2_LINK_194891|ped_6_3_LINK_194891|ped_6_4_LINK_194891,78.5,177.0,False,False,scenario_baseline
98.5,NODE_10378,11139418715,2,0,GGr,r,False,False,9,ped_3_2_LINK_10218|ped_3_3_LINK_10218|ped_3_4_LINK_10218|ped_4_2_LINK_140740|ped_4_3_LINK_140740|ped_4_4_LINK_140740|ped_7_2_NODE_10378|ped_7_3_NODE_10378|ped_7_4_NODE_10378,78.5,177.0,False,False,scenario_baseline
98.5,NODE_5681,11139418723,2,0,GGr,r,False,False,5,ped_8_0_NODE_5681|ped_8_1_NODE_5681|ped_8_2_NODE_5681|ped_8_3_NODE_5681|ped_8_4_NODE_5681,78.5,177.0,False,False,scenario_baseline
98.5,NODE_10262,11203041635,4,0,GGGGr,r,False,False,5,ped_9_0_NODE_10262|ped_9_1_NODE_10262|ped_9_2_NODE_10262|ped_9_3_NODE_10262|ped_9_4_NODE_10262,78.5,177.0,False,False,scenario_baseline
99.0,LINK_249048,5161705573,2,0,GGr,r,False,False,10,ped_1_0_LINK_249048|ped_1_1_LINK_249048|ped_1_2_LINK_249048|ped_1_3_LINK_249048|ped_1_4_LINK_249048|ped_2_0_NODE_5837|ped_2_1_NODE_5837|ped_2_2_NODE_5837|ped_2_3_NODE_5837|ped_2_4_NODE_5837,78.0,177.0,False,False,scenario_baseline
99.0,NODE_5837,5161705573,2,0,GGr,r,False,False,10,ped_1_0_LINK_249048|ped_1_1_LINK_249048|ped_1_2_LINK_249048|ped_1_3_LINK_249048|ped_1_4_LINK_249048|ped_2_0_NODE_5837|ped_2_1_NODE_5837|ped_2_2_NODE_5837|ped_2_3_NODE_5837|ped_2_4_NODE_5837,78.0,177.0,False,False,scenario_baseline
99.0,LINK_10218,11139418715,2,0,GGr,r,False,False,8,ped_3_3_LINK_10218|ped_3_4_LINK_10218|ped_4_2_LINK_140740|ped_4_3_LINK_140740|ped_4_4_LINK_140740|ped_7_2_NODE_10378|ped_7_3_NODE_10378|ped_7_4_NODE_10378,78.0,177.0,False,False,scenario_baseline
99.0,LINK_140740,11139418715,2,0,GGr,r,False,False,8,ped_3_3_LINK_10218|ped_3_4_LINK_10218|ped_4_2_LINK_140740|ped_4_3_LINK_140740|ped_4_4_LINK_140740|ped_7_2_NODE_10378|ped_7_3_NODE_10378|ped_7_4_NODE_10378,78.0,177.0,False,False,scenario_baseline
99.0,NODE_9634,10974501473,4,0,GGGGr,r,False,False,5,ped_5_0_NODE_9634|ped_5_1_NODE_9634|ped_5_2_NODE_9634|ped_5_3_NODE_9634|ped_5_4_NODE_9634,80.0,179.0,False,False,scenario_baseline
99.0,LINK_194891,11203052965,11,0,GGGGGGGGGGGr,r,False,False,5,ped_6_0_LINK_194891|ped_6_1_LINK_194891|ped_6_2_LINK_194891|ped_6_3_LINK_194891|ped_6_4_LINK_194891,78.0,177.0,False,False,scenario_baseline
99.0,NODE_10378,11139418715,2,0,GGr,r,False,False,8,ped_3_3_LINK_10218|ped_3_4_LINK_10218|ped_4_2_LINK_140740|ped_4_3_LINK_140740|ped_4_4_LINK_140740|ped_7_2_NODE_10378|ped_7_3_NODE_10378|ped_7_4_NODE_10378,78.0,177.0,False,False,scenario_baseline
99.0,NODE_5681,11139418723,2,0,GGr,r,False,False,5,ped_8_0_NODE_5681|ped_8_1_NODE_5681|ped_8_2_NODE_5681|ped_8_3_NODE_5681|ped_8_4_NODE_5681,78.0,177.0,False,False,scenario_baseline
99.0,NODE_10262,11203041635,4,0,GGGGr,r,False,False,5,ped_9_0_NODE_10262|ped_9_1_NODE_10262|ped_9_2_NODE_10262|ped_9_3_NODE_10262|ped_9_4_NODE_10262,78.0,177.0,False,False,scenario_baseline
99.5,LINK_249048,5161705573,2,0,GGr,r,False,False,10,ped_1_0_LINK_249048|ped_1_1_LINK_249048|ped_1_2_LINK_249048|ped_1_3_LINK_249048|ped_1_4_LINK_249048|ped_2_0_NODE_5837|ped_2_1_NODE_5837|ped_2_2_NODE_5837|ped_2_3_NODE_5837|ped_2_4_NODE_5837,77.5,177.0,False,False,scenario_baseline
99.5,NODE_5837,5161705573,2,0,GGr,r,False,False,10,ped_1_0_LINK_249048|ped_1_1_LINK_249048|ped_1_2_LINK_249048|ped_1_3_LINK_249048|ped_1_4_LINK_249048|ped_2_0_NODE_5837|ped_2_1_NODE_5837|ped_2_2_NODE_5837|ped_2_3_NODE_5837|ped_2_4_NODE_5837,77.5,177.0,False,False,scenario_baseline
99.5,LINK_10218,11139418715,2,0,GGr,r,False,False,8,ped_3_3_LINK_10218|ped_3_4_LINK_10218|ped_4_2_LINK_140740|ped_4_3_LINK_140740|ped_4_4_LINK_140740|ped_7_2_NODE_10378|ped_7_3_NODE_10378|ped_7_4_NODE_10378,77.5,177.0,False,False,scenario_baseline
99.5,LINK_140740,11139418715,2,0,GGr,r,False,False,8,ped_3_3_LINK_10218|ped_3_4_LINK_10218|ped_4_2_LINK_140740|ped_4_3_LINK_140740|ped_4_4_LINK_140740|ped_7_2_NODE_10378|ped_7_3_NODE_10378|ped_7_4_NODE_10378,77.5,177.0,False,False,scenario_baseline
99.5,NODE_9634,10974501473,4,0,GGGGr,r,False,False,5,ped_5_0_NODE_9634|ped_5_1_NODE_9634|ped_5_2_NODE_9634|ped_5_3_NODE_9634|ped_5_4_NODE_9634,79.5,179.0,False,False,scenario_baseline
99.5,LINK_194891,11203052965,11,0,GGGGGGGGGGGr,r,False,False,5,ped_6_0_LINK_194891|ped_6_1_LINK_194891|ped_6_2_LINK_194891|ped_6_3_LINK_194891|ped_6_4_LINK_194891,77.5,177.0,False,False,scenario_baseline
99.5,NODE_10378,11139418715,2,0,GGr,r,False,False,8,ped_3_3_LINK_10218|ped_3_4_LINK_10218|ped_4_2_LINK_140740|ped_4_3_LINK_140740|ped_4_4_LINK_140740|ped_7_2_NODE_10378|ped_7_3_NODE_10378|ped_7_4_NODE_10378,77.5,177.0,False,False,scenario_baseline
99.5,NODE_5681,11139418723,2,0,GGr,r,False,False,5,ped_8_0_NODE_5681|ped_8_1_NODE_5681|ped_8_2_NODE_5681|ped_8_3_NODE_5681|ped_8_4_NODE_5681,77.5,177.0,False,False,scenario_baseline
99.5,NODE_10262,11203041635,4,0,GGGGr,r,False,False,5,ped_9_0_NODE_10262|ped_9_1_NODE_10262|ped_9_2_NODE_10262|ped_9_3_NODE_10262|ped_9_4_NODE_10262,77.5,177.0,False,False,scenario_baseline
100.0,LINK_249048,5161705573,2,0,GGr,r,False,False,10,ped_1_0_LINK_249048|ped_1_1_LINK_249048|ped_1_2_LINK_249048|ped_1_3_LINK_249048|ped_1_4_LINK_249048|ped_2_0_NODE_5837|ped_2_1_NODE_5837|ped_2_2_NODE_5837|ped_2_3_NODE_5837|ped_2_4_NODE_5837,77.0,177.0,False,False,scenario_baseline
100.0,NODE_5837,5161705573,2,0,GGr,r,False,False,10,ped_1_0_LINK_249048|ped_1_1_LINK_249048|ped_1_2_LINK_249048|ped_1_3_LINK_249048|ped_1_4_LINK_249048|ped_2_0_NODE_5837|ped_2_1_NODE_5837|ped_2_2_NODE_5837|ped_2_3_NODE_5837|ped_2_4_NODE_5837,77.0,177.0,False,False,scenario_baseline
100.0,LINK_10218,11139418715,2,0,GGr,r,False,False,7,ped_3_3_LINK_10218|ped_3_4_LINK_10218|ped_4_3_LINK_140740|ped_4_4_LINK_140740|ped_7_2_NODE_10378|ped_7_3_NODE_10378|ped_7_4_NODE_10378,77.0,177.0,False,False,scenario_baseline
100.0,LINK_140740,11139418715,2,0,GGr,r,False,False,7,ped_3_3_LINK_10218|ped_3_4_LINK_10218|ped_4_3_LINK_140740|ped_4_4_LINK_140740|ped_7_2_NODE_10378|ped_7_3_NODE_10378|ped_7_4_NODE_10378,77.0,177.0,False,False,scenario_baseline
100.0,NODE_9634,10974501473,4,0,GGGGr,r,False,False,5,ped_5_0_NODE_9634|ped_5_1_NODE_9634|ped_5_2_NODE_9634|ped_5_3_NODE_9634|ped_5_4_NODE_9634,79.0,179.0,False,False,scenario_baseline
100.0,LINK_194891,11203052965,11,0,GGGGGGGGGGGr,r,False,False,5,ped_6_0_LINK_194891|ped_6_1_LINK_194891|ped_6_2_LINK_194891|ped_6_3_LINK_194891|ped_6_4_LINK_194891,77.0,177.0,False,False,scenario_baseline
100.0,NODE_10378,11139418715,2,0,GGr,r,False,False,7,ped_3_3_LINK_10218|ped_3_4_LINK_10218|ped_4_3_LINK_140740|ped_4_4_LINK_140740|ped_7_2_NODE_10378|ped_7_3_NODE_10378|ped_7_4_NODE_10378,77.0,177.0,False,False,scenario_baseline
100.0,NODE_5681,11139418723,2,0,GGr,r,False,False,5,ped_8_0_NODE_5681|ped_8_1_NODE_5681|ped_8_2_NODE_5681|ped_8_3_NODE_5681|ped_8_4_NODE_5681,77.0,177.0,False,False,scenario_baseline
100.0,NODE_10262,11203041635,4,0,GGGGr,r,False,False,5,ped_9_0_NODE_10262|ped_9_1_NODE_10262|ped_9_2_NODE_10262|ped_9_3_NODE_10262|ped_9_4_NODE_10262,77.0,177.0,False,False,scenario_baseline
100.5,LINK_249048,5161705573,2,0,GGr,r,False,False,10,ped_1_0_LINK_249048|ped_1_1_LINK_249048|ped_1_2_LINK_249048|ped_1_3_LINK_249048|ped_1_4_LINK_249048|ped_2_0_NODE_5837|ped_2_1_NODE_5837|ped_2_2_NODE_5837|ped_2_3_NODE_5837|ped_2_4_NODE_5837,76.5,177.0,False,False,scenario_baseline
100.5,NODE_5837,5161705573,2,0,GGr,r,False,False,10,ped_1_0_LINK_249048|ped_1_1_LINK_249048|ped_1_2_LINK_249048|ped_1_3_LINK_249048|ped_1_4_LINK_249048|ped_2_0_NODE_5837|ped_2_1_NODE_5837|ped_2_2_NODE_5837|ped_2_3_NODE_5837|ped_2_4_NODE_5837,76.5,177.0,False,False,scenario_baseline
100.5,LINK_10218,11139418715,2,0,GGr,r,False,False,6,ped_3_3_LINK_10218|ped_3_4_LINK_10218|ped_4_4_LINK_140740|ped_7_2_NODE_10378|ped_7_3_NODE_10378|ped_7_4_NODE_10378,76.5,177.0,False,False,scenario_baseline
100.5,LINK_140740,11139418715,2,0,GGr,r,False,False,6,ped_3_3_LINK_10218|ped_3_4_LINK_10218|ped_4_4_LINK_140740|ped_7_2_NODE_10378|ped_7_3_NODE_10378|ped_7_4_NODE_10378,76.5,177.0,False,False,scenario_baseline
100.5,NODE_9634,10974501473,4,0,GGGGr,r,False,False,5,ped_5_0_NODE_9634|ped_5_1_NODE_9634|ped_5_2_NODE_9634|ped_5_3_NODE_9634|ped_5_4_NODE_9634,78.5,179.0,False,False,scenario_baseline
100.5,LINK_194891,11203052965,11,0,GGGGGGGGGGGr,r,False,False,5,ped_6_0_LINK_194891|ped_6_1_LINK_194891|ped_6_2_LINK_194891|ped_6_3_LINK_194891|ped_6_4_LINK_194891,76.5,177.0,False,False,scenario_baseline
100.5,NODE_10378,11139418715,2,0,GGr,r,False,False,6,ped_3_3_LINK_10218|ped_3_4_LINK_10218|ped_4_4_LINK_140740|ped_7_2_NODE_10378|ped_7_3_NODE_10378|ped_7_4_NODE_10378,76.5,177.0,False,False,scenario_baseline
100.5,NODE_5681,11139418723,2,0,GGr,r,False,False,5,ped_8_0_NODE_5681|ped_8_1_NODE_5681|ped_8_2_NODE_5681|ped_8_3_NODE_5681|ped_8_4_NODE_5681,76.5,177.0,False,False,scenario_baseline
100.5,NODE_10262,11203041635,4,0,GGGGr,r,False,False,5,ped_9_0_NODE_10262|ped_9_1_NODE_10262|ped_9_2_NODE_10262|ped_9_3_NODE_10262|ped_9_4_NODE_10262,76.5,177.0,False,False,scenario_baseline
101.0,LINK_249048,5161705573,2,0,GGr,r,False,False,10,ped_1_0_LINK_249048|ped_1_1_LINK_249048|ped_1_2_LINK_249048|ped_1_3_LINK_249048|ped_1_4_LINK_249048|ped_2_0_NODE_5837|ped_2_1_NODE_5837|ped_2_2_NODE_5837|ped_2_3_NODE_5837|ped_2_4_NODE_5837,76.0,177.0,False,False,scenario_baseline
101.0,NODE_5837,5161705573,2,0,GGr,r,False,False,10,ped_1_0_LINK_249048|ped_1_1_LINK_249048|ped_1_2_LINK_249048|ped_1_3_LINK_249048|ped_1_4_LINK_249048|ped_2_0_NODE_5837|ped_2_1_NODE_5837|ped_2_2_NODE_5837|ped_2_3_NODE_5837|ped_2_4_NODE_5837,76.0,177.0,False,False,scenario_baseline
101.0,LINK_10218,11139418715,2,0,GGr,r,False,False,5,ped_3_3_LINK_10218|ped_4_4_LINK_140740|ped_7_2_NODE_10378|ped_7_3_NODE_10378|ped_7_4_NODE_10378,76.0,177.0,False,False,scenario_baseline
101.0,LINK_140740,11139418715,2,0,GGr,r,False,False,5,ped_3_3_LINK_10218|ped_4_4_LINK_140740|ped_7_2_NODE_10378|ped_7_3_NODE_10378|ped_7_4_NODE_10378,76.0,177.0,False,False,scenario_baseline
101.0,NODE_9634,10974501473,4,0,GGGGr,r,False,False,5,ped_5_0_NODE_9634|ped_5_1_NODE_9634|ped_5_2_NODE_9634|ped_5_3_NODE_9634|ped_5_4_NODE_9634,78.0,179.0,False,False,scenario_baseline
101.0,LINK_194891,11203052965,11,0,GGGGGGGGGGGr,r,False,False,5,ped_6_0_LINK_194891|ped_6_1_LINK_194891|ped_6_2_LINK_194891|ped_6_3_LINK_194891|ped_6_4_LINK_194891,76.0,177.0,False,False,scenario_baseline
101.0,NODE_10378,11139418715,2,0,GGr,r,False,False,5,ped_3_3_LINK_10218|ped_4_4_LINK_140740|ped_7_2_NODE_10378|ped_7_3_NODE_10378|ped_7_4_NODE_10378,76.0,177.0,False,False,scenario_baseline
101.0,NODE_5681,11139418723,2,0,GGr,r,False,False,5,ped_8_0_NODE_5681|ped_8_1_NODE_5681|ped_8_2_NODE_5681|ped_8_3_NODE_5681|ped_8_4_NODE_5681,76.0,177.0,False,False,scenario_baseline
101.0,NODE_10262,11203041635,4,0,GGGGr,r,False,False,5,ped_9_0_NODE_10262|ped_9_1_NODE_10262|ped_9_2_NODE_10262|ped_9_3_NODE_10262|ped_9_4_NODE_10262,76.0,177.0,False,False,scenario_baseline
101.5,LINK_249048,5161705573,2,0,GGr,r,False,False,10,ped_1_0_LINK_249048|ped_1_1_LINK_249048|ped_1_2_LINK_249048|ped_1_3_LINK_249048|ped_1_4_LINK_249048|ped_2_0_NODE_5837|ped_2_1_NODE_5837|ped_2_2_NODE_5837|ped_2_3_NODE_5837|ped_2_4_NODE_5837,75.5,177.0,False,False,scenario_baseline
101.5,NODE_5837,5161705573,2,0,GGr,r,False,False,10,ped_1_0_LINK_249048|ped_1_1_LINK_249048|ped_1_2_LINK_249048|ped_1_3_LINK_249048|ped_1_4_LINK_249048|ped_2_0_NODE_5837|ped_2_1_NODE_5837|ped_2_2_NODE_5837|ped_2_3_NODE_5837|ped_2_4_NODE_5837,75.5,177.0,False,False,scenario_baseline
101.5,LINK_10218,11139418715,2,0,GGr,r,False,False,5,ped_3_3_LINK_10218|ped_4_4_LINK_140740|ped_7_2_NODE_10378|ped_7_3_NODE_10378|ped_7_4_NODE_10378,75.5,177.0,False,False,scenario_baseline
101.5,LINK_140740,11139418715,2,0,GGr,r,False,False,5,ped_3_3_LINK_10218|ped_4_4_LINK_140740|ped_7_2_NODE_10378|ped_7_3_NODE_10378|ped_7_4_NODE_10378,75.5,177.0,False,False,scenario_baseline
101.5,NODE_9634,10974501473,4,0,GGGGr,r,False,False,5,ped_5_0_NODE_9634|ped_5_1_NODE_9634|ped_5_2_NODE_9634|ped_5_3_NODE_9634|ped_5_4_NODE_9634,77.5,179.0,False,False,scenario_baseline
101.5,LINK_194891,11203052965,11,0,GGGGGGGGGGGr,r,False,False,5,ped_6_0_LINK_194891|ped_6_1_LINK_194891|ped_6_2_LINK_194891|ped_6_3_LINK_194891|ped_6_4_LINK_194891,75.5,177.0,False,False,scenario_baseline
101.5,NODE_10378,11139418715,2,0,GGr,r,False,False,5,ped_3_3_LINK_10218|ped_4_4_LINK_140740|ped_7_2_NODE_10378|ped_7_3_NODE_10378|ped_7_4_NODE_10378,75.5,177.0,False,False,scenario_baseline
101.5,NODE_5681,11139418723,2,0,GGr,r,False,False,4,ped_8_1_NODE_5681|ped_8_2_NODE_5681|ped_8_3_NODE_5681|ped_8_4_NODE_5681,75.5,177.0,False,False,scenario_baseline
101.5,NODE_10262,11203041635,4,0,GGGGr,r,False,False,5,ped_9_0_NODE_10262|ped_9_1_NODE_10262|ped_9_2_NODE_10262|ped_9_3_NODE_10262|ped_9_4_NODE_10262,75.5,177.0,False,False,scenario_baseline
102.0,LINK_249048,5161705573,2,0,GGr,r,False,False,10,ped_1_0_LINK_249048|ped_1_1_LINK_249048|ped_1_2_LINK_249048|ped_1_3_LINK_249048|ped_1_4_LINK_249048|ped_2_0_NODE_5837|ped_2_1_NODE_5837|ped_2_2_NODE_5837|ped_2_3_NODE_5837|ped_2_4_NODE_5837,75.0,177.0,False,False,scenario_baseline
102.0,NODE_5837,5161705573,2,0,GGr,r,False,False,10,ped_1_0_LINK_249048|ped_1_1_LINK_249048|ped_1_2_LINK_249048|ped_1_3_LINK_249048|ped_1_4_LINK_249048|ped_2_0_NODE_5837|ped_2_1_NODE_5837|ped_2_2_NODE_5837|ped_2_3_NODE_5837|ped_2_4_NODE_5837,75.0,177.0,False,False,scenario_baseline
102.0,LINK_10218,11139418715,2,0,GGr,r,False,False,4,ped_3_3_LINK_10218|ped_4_4_LINK_140740|ped_7_2_NODE_10378|ped_7_4_NODE_10378,75.0,177.0,False,False,scenario_baseline
102.0,LINK_140740,11139418715,2,0,GGr,r,False,False,4,ped_3_3_LINK_10218|ped_4_4_LINK_140740|ped_7_2_NODE_10378|ped_7_4_NODE_10378,75.0,177.0,False,False,scenario_baseline
102.0,NODE_9634,10974501473,4,0,GGGGr,r,False,False,5,ped_5_0_NODE_9634|ped_5_1_NODE_9634|ped_5_2_NODE_9634|ped_5_3_NODE_9634|ped_5_4_NODE_9634,77.0,179.0,False,False,scenario_baseline
102.0,LINK_194891,11203052965,11,0,GGGGGGGGGGGr,r,False,False,5,ped_6_0_LINK_194891|ped_6_1_LINK_194891|ped_6_2_LINK_194891|ped_6_3_LINK_194891|ped_6_4_LINK_194891,75.0,177.0,False,False,scenario_baseline
102.0,NODE_10378,11139418715,2,0,GGr,r,False,False,4,ped_3_3_LINK_10218|ped_4_4_LINK_140740|ped_7_2_NODE_10378|ped_7_4_NODE_10378,75.0,177.0,False,False,scenario_baseline
102.0,NODE_5681,11139418723,2,0,GGr,r,False,False,4,ped_8_1_NODE_5681|ped_8_2_NODE_5681|ped_8_3_NODE_5681|ped_8_4_NODE_5681,75.0,177.0,False,False,scenario_baseline
102.0,NODE_10262,11203041635,4,0,GGGGr,r,False,False,5,ped_9_0_NODE_10262|ped_9_1_NODE_10262|ped_9_2_NODE_10262|ped_9_3_NODE_10262|ped_9_4_NODE_10262,75.0,177.0,False,False,scenario_baseline
102.5,LINK_249048,5161705573,2,0,GGr,r,False,False,10,ped_1_0_LINK_249048|ped_1_1_LINK_249048|ped_1_2_LINK_249048|ped_1_3_LINK_249048|ped_1_4_LINK_249048|ped_2_0_NODE_5837|ped_2_1_NODE_5837|ped_2_2_NODE_5837|ped_2_3_NODE_5837|ped_2_4_NODE_5837,74.5,177.0,False,False,scenario_baseline
102.5,NODE_5837,5161705573,2,0,GGr,r,False,False,10,ped_1_0_LINK_249048|ped_1_1_LINK_249048|ped_1_2_LINK_249048|ped_1_3_LINK_249048|ped_1_4_LINK_249048|ped_2_0_NODE_5837|ped_2_1_NODE_5837|ped_2_2_NODE_5837|ped_2_3_NODE_5837|ped_2_4_NODE_5837,74.5,177.0,False,False,scenario_baseline
102.5,LINK_10218,11139418715,2,0,GGr,r,False,False,4,ped_3_3_LINK_10218|ped_4_4_LINK_140740|ped_7_2_NODE_10378|ped_7_4_NODE_10378,74.5,177.0,False,False,scenario_baseline
102.5,LINK_140740,11139418715,2,0,GGr,r,False,False,4,ped_3_3_LINK_10218|ped_4_4_LINK_140740|ped_7_2_NODE_10378|ped_7_4_NODE_10378,74.5,177.0,False,False,scenario_baseline
102.5,NODE_9634,10974501473,4,0,GGGGr,r,False,False,5,ped_5_0_NODE_9634|ped_5_1_NODE_9634|ped_5_2_NODE_9634|ped_5_3_NODE_9634|ped_5_4_NODE_9634,76.5,179.0,False,False,scenario_baseline
102.5,LINK_194891,11203052965,11,0,GGGGGGGGGGGr,r,False,False,5,ped_6_0_LINK_194891|ped_6_1_LINK_194891|ped_6_2_LINK_194891|ped_6_3_LINK_194891|ped_6_4_LINK_194891,74.5,177.0,False,False,scenario_baseline
102.5,NODE_10378,11139418715,2,0,GGr,r,False,False,4,ped_3_3_LINK_10218|ped_4_4_LINK_140740|ped_7_2_NODE_10378|ped_7_4_NODE_10378,74.5,177.0,False,False,scenario_baseline
102.5,NODE_5681,11139418723,2,0,GGr,r,False,False,3,ped_8_2_NODE_5681|ped_8_3_NODE_5681|ped_8_4_NODE_5681,74.5,177.0,False,False,scenario_baseline
102.5,NODE_10262,11203041635,4,0,GGGGr,r,False,False,5,ped_9_0_NODE_10262|ped_9_1_NODE_10262|ped_9_2_NODE_10262|ped_9_3_NODE_10262|ped_9_4_NODE_10262,74.5,177.0,False,False,scenario_baseline
103.0,LINK_249048,5161705573,2,0,GGr,r,False,False,10,ped_1_0_LINK_249048|ped_1_1_LINK_249048|ped_1_2_LINK_249048|ped_1_3_LINK_249048|ped_1_4_LINK_249048|ped_2_0_NODE_5837|ped_2_1_NODE_5837|ped_2_2_NODE_5837|ped_2_3_NODE_5837|ped_2_4_NODE_5837,74.0,177.0,False,False,scenario_baseline
103.0,NODE_5837,5161705573,2,0,GGr,r,False,False,10,ped_1_0_LINK_249048|ped_1_1_LINK_249048|ped_1_2_LINK_249048|ped_1_3_LINK_249048|ped_1_4_LINK_249048|ped_2_0_NODE_5837|ped_2_1_NODE_5837|ped_2_2_NODE_5837|ped_2_3_NODE_5837|ped_2_4_NODE_5837,74.0,177.0,False,False,scenario_baseline
103.0,LINK_10218,11139418715,2,0,GGr,r,False,False,2,ped_7_2_NODE_10378|ped_7_4_NODE_10378,74.0,177.0,False,False,scenario_baseline
103.0,LINK_140740,11139418715,2,0,GGr,r,False,False,2,ped_7_2_NODE_10378|ped_7_4_NODE_10378,74.0,177.0,False,False,scenario_baseline
103.0,NODE_9634,10974501473,4,0,GGGGr,r,False,False,5,ped_5_0_NODE_9634|ped_5_1_NODE_9634|ped_5_2_NODE_9634|ped_5_3_NODE_9634|ped_5_4_NODE_9634,76.0,179.0,False,False,scenario_baseline
103.0,LINK_194891,11203052965,11,0,GGGGGGGGGGGr,r,False,False,5,ped_6_0_LINK_194891|ped_6_1_LINK_194891|ped_6_2_LINK_194891|ped_6_3_LINK_194891|ped_6_4_LINK_194891,74.0,177.0,False,False,scenario_baseline
103.0,NODE_10378,11139418715,2,0,GGr,r,False,False,2,ped_7_2_NODE_10378|ped_7_4_NODE_10378,74.0,177.0,False,False,scenario_baseline
103.0,NODE_5681,11139418723,2,0,GGr,r,False,False,3,ped_8_2_NODE_5681|ped_8_3_NODE_5681|ped_8_4_NODE_5681,74.0,177.0,False,False,scenario_baseline
103.0,NODE_10262,11203041635,4,0,GGGGr,r,False,False,5,ped_9_0_NODE_10262|ped_9_1_NODE_10262|ped_9_2_NODE_10262|ped_9_3_NODE_10262|ped_9_4_NODE_10262,74.0,177.0,False,False,scenario_baseline
103.5,LINK_249048,5161705573,2,0,GGr,r,False,False,10,ped_1_0_LINK_249048|ped_1_1_LINK_249048|ped_1_2_LINK_249048|ped_1_3_LINK_249048|ped_1_4_LINK_249048|ped_2_0_NODE_5837|ped_2_1_NODE_5837|ped_2_2_NODE_5837|ped_2_3_NODE_5837|ped_2_4_NODE_5837,73.5,177.0,False,False,scenario_baseline
103.5,NODE_5837,5161705573,2,0,GGr,r,False,False,10,ped_1_0_LINK_249048|ped_1_1_LINK_249048|ped_1_2_LINK_249048|ped_1_3_LINK_249048|ped_1_4_LINK_249048|ped_2_0_NODE_5837|ped_2_1_NODE_5837|ped_2_2_NODE_5837|ped_2_3_NODE_5837|ped_2_4_NODE_5837,73.5,177.0,False,False,scenario_baseline
103.5,LINK_10218,11139418715,2,0,GGr,r,False,False,2,ped_7_2_NODE_10378|ped_7_4_NODE_10378,73.5,177.0,False,False,scenario_baseline
103.5,LINK_140740,11139418715,2,0,GGr,r,False,False,2,ped_7_2_NODE_10378|ped_7_4_NODE_10378,73.5,177.0,False,False,scenario_baseline
103.5,NODE_9634,10974501473,4,0,GGGGr,r,False,False,5,ped_5_0_NODE_9634|ped_5_1_NODE_9634|ped_5_2_NODE_9634|ped_5_3_NODE_9634|ped_5_4_NODE_9634,75.5,179.0,False,False,scenario_baseline
103.5,LINK_194891,11203052965,11,0,GGGGGGGGGGGr,r,False,False,5,ped_6_0_LINK_194891|ped_6_1_LINK_194891|ped_6_2_LINK_194891|ped_6_3_LINK_194891|ped_6_4_LINK_194891,73.5,177.0,False,False,scenario_baseline
103.5,NODE_10378,11139418715,2,0,GGr,r,False,False,2,ped_7_2_NODE_10378|ped_7_4_NODE_10378,73.5,177.0,False,False,scenario_baseline
103.5,NODE_5681,11139418723,2,0,GGr,r,False,False,3,ped_8_2_NODE_5681|ped_8_3_NODE_5681|ped_8_4_NODE_5681,73.5,177.0,False,False,scenario_baseline
103.5,NODE_10262,11203041635,4,0,GGGGr,r,False,False,5,ped_9_0_NODE_10262|ped_9_1_NODE_10262|ped_9_2_NODE_10262|ped_9_3_NODE_10262|ped_9_4_NODE_10262,73.5,177.0,False,False,scenario_baseline
104.0,LINK_249048,5161705573,2,0,GGr,r,False,False,10,ped_1_0_LINK_249048|ped_1_1_LINK_249048|ped_1_2_LINK_249048|ped_1_3_LINK_249048|ped_1_4_LINK_249048|ped_2_0_NODE_5837|ped_2_1_NODE_5837|ped_2_2_NODE_5837|ped_2_3_NODE_5837|ped_2_4_NODE_5837,73.0,177.0,False,False,scenario_baseline
104.0,NODE_5837,5161705573,2,0,GGr,r,False,False,10,ped_1_0_LINK_249048|ped_1_1_LINK_249048|ped_1_2_LINK_249048|ped_1_3_LINK_249048|ped_1_4_LINK_249048|ped_2_0_NODE_5837|ped_2_1_NODE_5837|ped_2_2_NODE_5837|ped_2_3_NODE_5837|ped_2_4_NODE_5837,73.0,177.0,False,False,scenario_baseline
104.0,LINK_10218,11139418715,2,0,GGr,r,False,False,1,ped_7_4_NODE_10378,73.0,177.0,False,False,scenario_baseline
104.0,LINK_140740,11139418715,2,0,GGr,r,False,False,1,ped_7_4_NODE_10378,73.0,177.0,False,False,scenario_baseline
104.0,NODE_9634,10974501473,4,0,GGGGr,r,False,False,4,ped_5_1_NODE_9634|ped_5_2_NODE_9634|ped_5_3_NODE_9634|ped_5_4_NODE_9634,75.0,179.0,False,False,scenario_baseline
104.0,LINK_194891,11203052965,11,0,GGGGGGGGGGGr,r,False,False,5,ped_6_0_LINK_194891|ped_6_1_LINK_194891|ped_6_2_LINK_194891|ped_6_3_LINK_194891|ped_6_4_LINK_194891,73.0,177.0,False,False,scenario_baseline
104.0,NODE_10378,11139418715,2,0,GGr,r,False,False,1,ped_7_4_NODE_10378,73.0,177.0,False,False,scenario_baseline
104.0,NODE_5681,11139418723,2,0,GGr,r,False,False,3,ped_8_2_NODE_5681|ped_8_3_NODE_5681|ped_8_4_NODE_5681,73.0,177.0,False,False,scenario_baseline
104.0,NODE_10262,11203041635,4,0,GGGGr,r,False,False,5,ped_9_0_NODE_10262|ped_9_1_NODE_10262|ped_9_2_NODE_10262|ped_9_3_NODE_10262|ped_9_4_NODE_10262,73.0,177.0,False,False,scenario_baseline
104.5,LINK_249048,5161705573,2,0,GGr,r,False,False,10,ped_1_0_LINK_249048|ped_1_1_LINK_249048|ped_1_2_LINK_249048|ped_1_3_LINK_249048|ped_1_4_LINK_249048|ped_2_0_NODE_5837|ped_2_1_NODE_5837|ped_2_2_NODE_5837|ped_2_3_NODE_5837|ped_2_4_NODE_5837,72.5,177.0,False,False,scenario_baseline
104.5,NODE_5837,5161705573,2,0,GGr,r,False,False,10,ped_1_0_LINK_249048|ped_1_1_LINK_249048|ped_1_2_LINK_249048|ped_1_3_LINK_249048|ped_1_4_LINK_249048|ped_2_0_NODE_5837|ped_2_1_NODE_5837|ped_2_2_NODE_5837|ped_2_3_NODE_5837|ped_2_4_NODE_5837,72.5,177.0,False,False,scenario_baseline
104.5,LINK_10218,11139418715,2,0,GGr,r,False,False,0,,72.5,177.0,False,False,scenario_baseline
104.5,LINK_140740,11139418715,2,0,GGr,r,False,False,0,,72.5,177.0,False,False,scenario_baseline
104.5,NODE_9634,10974501473,4,0,GGGGr,r,False,False,3,ped_5_2_NODE_9634|ped_5_3_NODE_9634|ped_5_4_NODE_9634,74.5,179.0,False,False,scenario_baseline
104.5,LINK_194891,11203052965,11,0,GGGGGGGGGGGr,r,False,False,5,ped_6_0_LINK_194891|ped_6_1_LINK_194891|ped_6_2_LINK_194891|ped_6_3_LINK_194891|ped_6_4_LINK_194891,72.5,177.0,False,False,scenario_baseline
104.5,NODE_10378,11139418715,2,0,GGr,r,False,False,0,,72.5,177.0,False,False,scenario_baseline
104.5,NODE_5681,11139418723,2,0,GGr,r,False,False,2,ped_8_3_NODE_5681|ped_8_4_NODE_5681,72.5,177.0,False,False,scenario_baseline
104.5,NODE_10262,11203041635,4,0,GGGGr,r,False,False,5,ped_9_0_NODE_10262|ped_9_1_NODE_10262|ped_9_2_NODE_10262|ped_9_3_NODE_10262|ped_9_4_NODE_10262,72.5,177.0,False,False,scenario_baseline
105.0,LINK_249048,5161705573,2,0,GGr,r,False,False,10,ped_1_0_LINK_249048|ped_1_1_LINK_249048|ped_1_2_LINK_249048|ped_1_3_LINK_249048|ped_1_4_LINK_249048|ped_2_0_NODE_5837|ped_2_1_NODE_5837|ped_2_2_NODE_5837|ped_2_3_NODE_5837|ped_2_4_NODE_5837,72.0,177.0,False,False,scenario_baseline
105.0,NODE_5837,5161705573,2,0,GGr,r,False,False,10,ped_1_0_LINK_249048|ped_1_1_LINK_249048|ped_1_2_LINK_249048|ped_1_3_LINK_249048|ped_1_4_LINK_249048|ped_2_0_NODE_5837|ped_2_1_NODE_5837|ped_2_2_NODE_5837|ped_2_3_NODE_5837|ped_2_4_NODE_5837,72.0,177.0,False,False,scenario_baseline
105.0,LINK_10218,11139418715,2,0,GGr,r,False,False,0,,72.0,177.0,False,False,scenario_baseline
105.0,LINK_140740,11139418715,2,0,GGr,r,False,False,0,,72.0,177.0,False,False,scenario_baseline
105.0,NODE_9634,10974501473,4,0,GGGGr,r,False,False,3,ped_5_2_NODE_9634|ped_5_3_NODE_9634|ped_5_4_NODE_9634,74.0,179.0,False,False,scenario_baseline
105.0,LINK_194891,11203052965,11,0,GGGGGGGGGGGr,r,False,False,5,ped_6_0_LINK_194891|ped_6_1_LINK_194891|ped_6_2_LINK_194891|ped_6_3_LINK_194891|ped_6_4_LINK_194891,72.0,177.0,False,False,scenario_baseline
105.0,NODE_10378,11139418715,2,0,GGr,r,False,False,0,,72.0,177.0,False,False,scenario_baseline
105.0,NODE_5681,11139418723,2,0,GGr,r,False,False,2,ped_8_3_NODE_5681|ped_8_4_NODE_5681,72.0,177.0,False,False,scenario_baseline
105.0,NODE_10262,11203041635,4,0,GGGGr,r,False,False,5,ped_9_0_NODE_10262|ped_9_1_NODE_10262|ped_9_2_NODE_10262|ped_9_3_NODE_10262|ped_9_4_NODE_10262,72.0,177.0,False,False,scenario_baseline
105.5,LINK_249048,5161705573,2,0,GGr,r,False,False,10,ped_1_0_LINK_249048|ped_1_1_LINK_249048|ped_1_2_LINK_249048|ped_1_3_LINK_249048|ped_1_4_LINK_249048|ped_2_0_NODE_5837|ped_2_1_NODE_5837|ped_2_2_NODE_5837|ped_2_3_NODE_5837|ped_2_4_NODE_5837,71.5,177.0,False,False,scenario_baseline
105.5,NODE_5837,5161705573,2,0,GGr,r,False,False,10,ped_1_0_LINK_249048|ped_1_1_LINK_249048|ped_1_2_LINK_249048|ped_1_3_LINK_249048|ped_1_4_LINK_249048|ped_2_0_NODE_5837|ped_2_1_NODE_5837|ped_2_2_NODE_5837|ped_2_3_NODE_5837|ped_2_4_NODE_5837,71.5,177.0,False,False,scenario_baseline
105.5,LINK_10218,11139418715,2,0,GGr,r,False,False,0,,71.5,177.0,False,False,scenario_baseline
105.5,LINK_140740,11139418715,2,0,GGr,r,False,False,0,,71.5,177.0,False,False,scenario_baseline
105.5,NODE_9634,10974501473,4,0,GGGGr,r,False,False,3,ped_5_2_NODE_9634|ped_5_3_NODE_9634|ped_5_4_NODE_9634,73.5,179.0,False,False,scenario_baseline
105.5,LINK_194891,11203052965,11,0,GGGGGGGGGGGr,r,False,False,5,ped_6_0_LINK_194891|ped_6_1_LINK_194891|ped_6_2_LINK_194891|ped_6_3_LINK_194891|ped_6_4_LINK_194891,71.5,177.0,False,False,scenario_baseline
105.5,NODE_10378,11139418715,2,0,GGr,r,False,False,0,,71.5,177.0,False,False,scenario_baseline
105.5,NODE_5681,11139418723,2,0,GGr,r,False,False,1,ped_8_4_NODE_5681,71.5,177.0,False,False,scenario_baseline
105.5,NODE_10262,11203041635,4,0,GGGGr,r,False,False,5,ped_9_0_NODE_10262|ped_9_1_NODE_10262|ped_9_2_NODE_10262|ped_9_3_NODE_10262|ped_9_4_NODE_10262,71.5,177.0,False,False,scenario_baseline
106.0,LINK_249048,5161705573,2,0,GGr,r,False,False,10,ped_1_0_LINK_249048|ped_1_1_LINK_249048|ped_1_2_LINK_249048|ped_1_3_LINK_249048|ped_1_4_LINK_249048|ped_2_0_NODE_5837|ped_2_1_NODE_5837|ped_2_2_NODE_5837|ped_2_3_NODE_5837|ped_2_4_NODE_5837,71.0,177.0,False,False,scenario_baseline
106.0,NODE_5837,5161705573,2,0,GGr,r,False,False,10,ped_1_0_LINK_249048|ped_1_1_LINK_249048|ped_1_2_LINK_249048|ped_1_3_LINK_249048|ped_1_4_LINK_249048|ped_2_0_NODE_5837|ped_2_1_NODE_5837|ped_2_2_NODE_5837|ped_2_3_NODE_5837|ped_2_4_NODE_5837,71.0,177.0,False,False,scenario_baseline
106.0,LINK_10218,11139418715,2,0,GGr,r,False,False,0,,71.0,177.0,False,False,scenario_baseline
106.0,LINK_140740,11139418715,2,0,GGr,r,False,False,0,,71.0,177.0,False,False,scenario_baseline
106.0,NODE_9634,10974501473,4,0,GGGGr,r,False,False,3,ped_5_2_NODE_9634|ped_5_3_NODE_9634|ped_5_4_NODE_9634,73.0,179.0,False,False,scenario_baseline
106.0,LINK_194891,11203052965,11,0,GGGGGGGGGGGr,r,False,False,5,ped_6_0_LINK_194891|ped_6_1_LINK_194891|ped_6_2_LINK_194891|ped_6_3_LINK_194891|ped_6_4_LINK_194891,71.0,177.0,False,False,scenario_baseline
106.0,NODE_10378,11139418715,2,0,GGr,r,False,False,0,,71.0,177.0,False,False,scenario_baseline
106.0,NODE_5681,11139418723,2,0,GGr,r,False,False,1,ped_8_4_NODE_5681,71.0,177.0,False,False,scenario_baseline
106.0,NODE_10262,11203041635,4,0,GGGGr,r,False,False,5,ped_9_0_NODE_10262|ped_9_1_NODE_10262|ped_9_2_NODE_10262|ped_9_3_NODE_10262|ped_9_4_NODE_10262,71.0,177.0,False,False,scenario_baseline
106.5,LINK_249048,5161705573,2,0,GGr,r,False,False,10,ped_1_0_LINK_249048|ped_1_1_LINK_249048|ped_1_2_LINK_249048|ped_1_3_LINK_249048|ped_1_4_LINK_249048|ped_2_0_NODE_5837|ped_2_1_NODE_5837|ped_2_2_NODE_5837|ped_2_3_NODE_5837|ped_2_4_NODE_5837,70.5,177.0,False,False,scenario_baseline
106.5,NODE_5837,5161705573,2,0,GGr,r,False,False,10,ped_1_0_LINK_249048|ped_1_1_LINK_249048|ped_1_2_LINK_249048|ped_1_3_LINK_249048|ped_1_4_LINK_249048|ped_2_0_NODE_5837|ped_2_1_NODE_5837|ped_2_2_NODE_5837|ped_2_3_NODE_5837|ped_2_4_NODE_5837,70.5,177.0,False,False,scenario_baseline
106.5,LINK_10218,11139418715,2,0,GGr,r,False,False,0,,70.5,177.0,False,False,scenario_baseline
106.5,LINK_140740,11139418715,2,0,GGr,r,False,False,0,,70.5,177.0,False,False,scenario_baseline
106.5,NODE_9634,10974501473,4,0,GGGGr,r,False,False,3,ped_5_2_NODE_9634|ped_5_3_NODE_9634|ped_5_4_NODE_9634,72.5,179.0,False,False,scenario_baseline
106.5,LINK_194891,11203052965,11,0,GGGGGGGGGGGr,r,False,False,5,ped_6_0_LINK_194891|ped_6_1_LINK_194891|ped_6_2_LINK_194891|ped_6_3_LINK_194891|ped_6_4_LINK_194891,70.5,177.0,False,False,scenario_baseline
106.5,NODE_10378,11139418715,2,0,GGr,r,False,False,0,,70.5,177.0,False,False,scenario_baseline
106.5,NODE_5681,11139418723,2,0,GGr,r,False,False,0,,70.5,177.0,False,False,scenario_baseline
106.5,NODE_10262,11203041635,4,0,GGGGr,r,False,False,5,ped_9_0_NODE_10262|ped_9_1_NODE_10262|ped_9_2_NODE_10262|ped_9_3_NODE_10262|ped_9_4_NODE_10262,70.5,177.0,False,False,scenario_baseline
107.0,LINK_249048,5161705573,2,0,GGr,r,False,False,10,ped_1_0_LINK_249048|ped_1_1_LINK_249048|ped_1_2_LINK_249048|ped_1_3_LINK_249048|ped_1_4_LINK_249048|ped_2_0_NODE_5837|ped_2_1_NODE_5837|ped_2_2_NODE_5837|ped_2_3_NODE_5837|ped_2_4_NODE_5837,70.0,177.0,False,False,scenario_baseline
107.0,NODE_5837,5161705573,2,0,GGr,r,False,False,10,ped_1_0_LINK_249048|ped_1_1_LINK_249048|ped_1_2_LINK_249048|ped_1_3_LINK_249048|ped_1_4_LINK_249048|ped_2_0_NODE_5837|ped_2_1_NODE_5837|ped_2_2_NODE_5837|ped_2_3_NODE_5837|ped_2_4_NODE_5837,70.0,177.0,False,False,scenario_baseline
107.0,LINK_10218,11139418715,2,0,GGr,r,False,False,0,,70.0,177.0,False,False,scenario_baseline
107.0,LINK_140740,11139418715,2,0,GGr,r,False,False,0,,70.0,177.0,False,False,scenario_baseline
107.0,NODE_9634,10974501473,4,0,GGGGr,r,False,False,3,ped_5_2_NODE_9634|ped_5_3_NODE_9634|ped_5_4_NODE_9634,72.0,179.0,False,False,scenario_baseline
107.0,LINK_194891,11203052965,11,0,GGGGGGGGGGGr,r,False,False,5,ped_6_0_LINK_194891|ped_6_1_LINK_194891|ped_6_2_LINK_194891|ped_6_3_LINK_194891|ped_6_4_LINK_194891,70.0,177.0,False,False,scenario_baseline
107.0,NODE_10378,11139418715,2,0,GGr,r,False,False,0,,70.0,177.0,False,False,scenario_baseline
107.0,NODE_5681,11139418723,2,0,GGr,r,False,False,0,,70.0,177.0,False,False,scenario_baseline
107.0,NODE_10262,11203041635,4,0,GGGGr,r,False,False,5,ped_9_0_NODE_10262|ped_9_1_NODE_10262|ped_9_2_NODE_10262|ped_9_3_NODE_10262|ped_9_4_NODE_10262,70.0,177.0,False,False,scenario_baseline
107.5,LINK_249048,5161705573,2,0,GGr,r,False,False,10,ped_1_0_LINK_249048|ped_1_1_LINK_249048|ped_1_2_LINK_249048|ped_1_3_LINK_249048|ped_1_4_LINK_249048|ped_2_0_NODE_5837|ped_2_1_NODE_5837|ped_2_2_NODE_5837|ped_2_3_NODE_5837|ped_2_4_NODE_5837,69.5,177.0,False,False,scenario_baseline
107.5,NODE_5837,5161705573,2,0,GGr,r,False,False,10,ped_1_0_LINK_249048|ped_1_1_LINK_249048|ped_1_2_LINK_249048|ped_1_3_LINK_249048|ped_1_4_LINK_249048|ped_2_0_NODE_5837|ped_2_1_NODE_5837|ped_2_2_NODE_5837|ped_2_3_NODE_5837|ped_2_4_NODE_5837,69.5,177.0,False,False,scenario_baseline
107.5,LINK_10218,11139418715,2,0,GGr,r,False,False,0,,69.5,177.0,False,False,scenario_baseline
107.5,LINK_140740,11139418715,2,0,GGr,r,False,False,0,,69.5,177.0,False,False,scenario_baseline
107.5,NODE_9634,10974501473,4,0,GGGGr,r,False,False,3,ped_5_2_NODE_9634|ped_5_3_NODE_9634|ped_5_4_NODE_9634,71.5,179.0,False,False,scenario_baseline
107.5,LINK_194891,11203052965,11,0,GGGGGGGGGGGr,r,False,False,5,ped_6_0_LINK_194891|ped_6_1_LINK_194891|ped_6_2_LINK_194891|ped_6_3_LINK_194891|ped_6_4_LINK_194891,69.5,177.0,False,False,scenario_baseline
107.5,NODE_10378,11139418715,2,0,GGr,r,False,False,0,,69.5,177.0,False,False,scenario_baseline
107.5,NODE_5681,11139418723,2,0,GGr,r,False,False,0,,69.5,177.0,False,False,scenario_baseline
107.5,NODE_10262,11203041635,4,0,GGGGr,r,False,False,5,ped_9_0_NODE_10262|ped_9_1_NODE_10262|ped_9_2_NODE_10262|ped_9_3_NODE_10262|ped_9_4_NODE_10262,69.5,177.0,False,False,scenario_baseline
108.0,LINK_249048,5161705573,2,0,GGr,r,False,False,10,ped_1_0_LINK_249048|ped_1_1_LINK_249048|ped_1_2_LINK_249048|ped_1_3_LINK_249048|ped_1_4_LINK_249048|ped_2_0_NODE_5837|ped_2_1_NODE_5837|ped_2_2_NODE_5837|ped_2_3_NODE_5837|ped_2_4_NODE_5837,69.0,177.0,False,False,scenario_baseline
108.0,NODE_5837,5161705573,2,0,GGr,r,False,False,10,ped_1_0_LINK_249048|ped_1_1_LINK_249048|ped_1_2_LINK_249048|ped_1_3_LINK_249048|ped_1_4_LINK_249048|ped_2_0_NODE_5837|ped_2_1_NODE_5837|ped_2_2_NODE_5837|ped_2_3_NODE_5837|ped_2_4_NODE_5837,69.0,177.0,False,False,scenario_baseline
108.0,LINK_10218,11139418715,2,0,GGr,r,False,False,0,,69.0,177.0,False,False,scenario_baseline
108.0,LINK_140740,11139418715,2,0,GGr,r,False,False,0,,69.0,177.0,False,False,scenario_baseline
108.0,NODE_9634,10974501473,4,0,GGGGr,r,False,False,2,ped_5_2_NODE_9634|ped_5_4_NODE_9634,71.0,179.0,False,False,scenario_baseline
108.0,LINK_194891,11203052965,11,0,GGGGGGGGGGGr,r,False,False,5,ped_6_0_LINK_194891|ped_6_1_LINK_194891|ped_6_2_LINK_194891|ped_6_3_LINK_194891|ped_6_4_LINK_194891,69.0,177.0,False,False,scenario_baseline
108.0,NODE_10378,11139418715,2,0,GGr,r,False,False,0,,69.0,177.0,False,False,scenario_baseline
108.0,NODE_5681,11139418723,2,0,GGr,r,False,False,0,,69.0,177.0,False,False,scenario_baseline
108.0,NODE_10262,11203041635,4,0,GGGGr,r,False,False,5,ped_9_0_NODE_10262|ped_9_1_NODE_10262|ped_9_2_NODE_10262|ped_9_3_NODE_10262|ped_9_4_NODE_10262,69.0,177.0,False,False,scenario_baseline
108.5,LINK_249048,5161705573,2,0,GGr,r,False,False,9,ped_1_1_LINK_249048|ped_1_2_LINK_249048|ped_1_3_LINK_249048|ped_1_4_LINK_249048|ped_2_0_NODE_5837|ped_2_1_NODE_5837|ped_2_2_NODE_5837|ped_2_3_NODE_5837|ped_2_4_NODE_5837,68.5,177.0,False,False,scenario_baseline
108.5,NODE_5837,5161705573,2,0,GGr,r,False,False,9,ped_1_1_LINK_249048|ped_1_2_LINK_249048|ped_1_3_LINK_249048|ped_1_4_LINK_249048|ped_2_0_NODE_5837|ped_2_1_NODE_5837|ped_2_2_NODE_5837|ped_2_3_NODE_5837|ped_2_4_NODE_5837,68.5,177.0,False,False,scenario_baseline
108.5,LINK_10218,11139418715,2,0,GGr,r,False,False,0,,68.5,177.0,False,False,scenario_baseline
108.5,LINK_140740,11139418715,2,0,GGr,r,False,False,0,,68.5,177.0,False,False,scenario_baseline
108.5,NODE_9634,10974501473,4,0,GGGGr,r,False,False,1,ped_5_4_NODE_9634,70.5,179.0,False,False,scenario_baseline
108.5,LINK_194891,11203052965,11,0,GGGGGGGGGGGr,r,False,False,5,ped_6_0_LINK_194891|ped_6_1_LINK_194891|ped_6_2_LINK_194891|ped_6_3_LINK_194891|ped_6_4_LINK_194891,68.5,177.0,False,False,scenario_baseline
108.5,NODE_10378,11139418715,2,0,GGr,r,False,False,0,,68.5,177.0,False,False,scenario_baseline
108.5,NODE_5681,11139418723,2,0,GGr,r,False,False,0,,68.5,177.0,False,False,scenario_baseline
108.5,NODE_10262,11203041635,4,0,GGGGr,r,False,False,5,ped_9_0_NODE_10262|ped_9_1_NODE_10262|ped_9_2_NODE_10262|ped_9_3_NODE_10262|ped_9_4_NODE_10262,68.5,177.0,False,False,scenario_baseline
109.0,LINK_249048,5161705573,2,0,GGr,r,False,False,9,ped_1_1_LINK_249048|ped_1_2_LINK_249048|ped_1_3_LINK_249048|ped_1_4_LINK_249048|ped_2_0_NODE_5837|ped_2_1_NODE_5837|ped_2_2_NODE_5837|ped_2_3_NODE_5837|ped_2_4_NODE_5837,68.0,177.0,False,False,scenario_baseline
109.0,NODE_5837,5161705573,2,0,GGr,r,False,False,9,ped_1_1_LINK_249048|ped_1_2_LINK_249048|ped_1_3_LINK_249048|ped_1_4_LINK_249048|ped_2_0_NODE_5837|ped_2_1_NODE_5837|ped_2_2_NODE_5837|ped_2_3_NODE_5837|ped_2_4_NODE_5837,68.0,177.0,False,False,scenario_baseline
109.0,LINK_10218,11139418715,2,0,GGr,r,False,False,0,,68.0,177.0,False,False,scenario_baseline
109.0,LINK_140740,11139418715,2,0,GGr,r,False,False,0,,68.0,177.0,False,False,scenario_baseline
109.0,NODE_9634,10974501473,4,0,GGGGr,r,False,False,1,ped_5_4_NODE_9634,70.0,179.0,False,False,scenario_baseline
109.0,LINK_194891,11203052965,11,0,GGGGGGGGGGGr,r,False,False,5,ped_6_0_LINK_194891|ped_6_1_LINK_194891|ped_6_2_LINK_194891|ped_6_3_LINK_194891|ped_6_4_LINK_194891,68.0,177.0,False,False,scenario_baseline
109.0,NODE_10378,11139418715,2,0,GGr,r,False,False,0,,68.0,177.0,False,False,scenario_baseline
109.0,NODE_5681,11139418723,2,0,GGr,r,False,False,0,,68.0,177.0,False,False,scenario_baseline
109.0,NODE_10262,11203041635,4,0,GGGGr,r,False,False,5,ped_9_0_NODE_10262|ped_9_1_NODE_10262|ped_9_2_NODE_10262|ped_9_3_NODE_10262|ped_9_4_NODE_10262,68.0,177.0,False,False,scenario_baseline
109.5,LINK_249048,5161705573,2,0,GGr,r,False,False,9,ped_1_1_LINK_249048|ped_1_2_LINK_249048|ped_1_3_LINK_249048|ped_1_4_LINK_249048|ped_2_0_NODE_5837|ped_2_1_NODE_5837|ped_2_2_NODE_5837|ped_2_3_NODE_5837|ped_2_4_NODE_5837,67.5,177.0,False,False,scenario_baseline
109.5,NODE_5837,5161705573,2,0,GGr,r,False,False,9,ped_1_1_LINK_249048|ped_1_2_LINK_249048|ped_1_3_LINK_249048|ped_1_4_LINK_249048|ped_2_0_NODE_5837|ped_2_1_NODE_5837|ped_2_2_NODE_5837|ped_2_3_NODE_5837|ped_2_4_NODE_5837,67.5,177.0,False,False,scenario_baseline
109.5,LINK_10218,11139418715,2,0,GGr,r,False,False,0,,67.5,177.0,False,False,scenario_baseline
109.5,LINK_140740,11139418715,2,0,GGr,r,False,False,0,,67.5,177.0,False,False,scenario_baseline
109.5,NODE_9634,10974501473,4,0,GGGGr,r,False,False,1,ped_5_4_NODE_9634,69.5,179.0,False,False,scenario_baseline
109.5,LINK_194891,11203052965,11,0,GGGGGGGGGGGr,r,False,False,5,ped_6_0_LINK_194891|ped_6_1_LINK_194891|ped_6_2_LINK_194891|ped_6_3_LINK_194891|ped_6_4_LINK_194891,67.5,177.0,False,False,scenario_baseline
109.5,NODE_10378,11139418715,2,0,GGr,r,False,False,0,,67.5,177.0,False,False,scenario_baseline
109.5,NODE_5681,11139418723,2,0,GGr,r,False,False,0,,67.5,177.0,False,False,scenario_baseline
109.5,NODE_10262,11203041635,4,0,GGGGr,r,False,False,5,ped_9_0_NODE_10262|ped_9_1_NODE_10262|ped_9_2_NODE_10262|ped_9_3_NODE_10262|ped_9_4_NODE_10262,67.5,177.0,False,False,scenario_baseline
110.0,LINK_249048,5161705573,2,0,GGr,r,False,False,9,ped_1_1_LINK_249048|ped_1_2_LINK_249048|ped_1_3_LINK_249048|ped_1_4_LINK_249048|ped_2_0_NODE_5837|ped_2_1_NODE_5837|ped_2_2_NODE_5837|ped_2_3_NODE_5837|ped_2_4_NODE_5837,67.0,177.0,False,False,scenario_baseline
110.0,NODE_5837,5161705573,2,0,GGr,r,False,False,9,ped_1_1_LINK_249048|ped_1_2_LINK_249048|ped_1_3_LINK_249048|ped_1_4_LINK_249048|ped_2_0_NODE_5837|ped_2_1_NODE_5837|ped_2_2_NODE_5837|ped_2_3_NODE_5837|ped_2_4_NODE_5837,67.0,177.0,False,False,scenario_baseline
110.0,LINK_10218,11139418715,2,0,GGr,r,False,False,0,,67.0,177.0,False,False,scenario_baseline
110.0,LINK_140740,11139418715,2,0,GGr,r,False,False,0,,67.0,177.0,False,False,scenario_baseline
110.0,NODE_9634,10974501473,4,0,GGGGr,r,False,False,0,,69.0,179.0,False,False,scenario_baseline
110.0,LINK_194891,11203052965,11,0,GGGGGGGGGGGr,r,False,False,5,ped_6_0_LINK_194891|ped_6_1_LINK_194891|ped_6_2_LINK_194891|ped_6_3_LINK_194891|ped_6_4_LINK_194891,67.0,177.0,False,False,scenario_baseline
110.0,NODE_10378,11139418715,2,0,GGr,r,False,False,0,,67.0,177.0,False,False,scenario_baseline
110.0,NODE_5681,11139418723,2,0,GGr,r,False,False,0,,67.0,177.0,False,False,scenario_baseline
110.0,NODE_10262,11203041635,4,0,GGGGr,r,False,False,5,ped_9_0_NODE_10262|ped_9_1_NODE_10262|ped_9_2_NODE_10262|ped_9_3_NODE_10262|ped_9_4_NODE_10262,67.0,177.0,False,False,scenario_baseline
110.5,LINK_249048,5161705573,2,0,GGr,r,False,False,8,ped_1_1_LINK_249048|ped_1_2_LINK_249048|ped_1_3_LINK_249048|ped_1_4_LINK_249048|ped_2_0_NODE_5837|ped_2_2_NODE_5837|ped_2_3_NODE_5837|ped_2_4_NODE_5837,66.5,177.0,False,False,scenario_baseline
110.5,NODE_5837,5161705573,2,0,GGr,r,False,False,8,ped_1_1_LINK_249048|ped_1_2_LINK_249048|ped_1_3_LINK_249048|ped_1_4_LINK_249048|ped_2_0_NODE_5837|ped_2_2_NODE_5837|ped_2_3_NODE_5837|ped_2_4_NODE_5837,66.5,177.0,False,False,scenario_baseline
110.5,LINK_10218,11139418715,2,0,GGr,r,False,False,0,,66.5,177.0,False,False,scenario_baseline
110.5,LINK_140740,11139418715,2,0,GGr,r,False,False,0,,66.5,177.0,False,False,scenario_baseline
110.5,NODE_9634,10974501473,4,0,GGGGr,r,False,False,0,,68.5,179.0,False,False,scenario_baseline
110.5,LINK_194891,11203052965,11,0,GGGGGGGGGGGr,r,False,False,5,ped_6_0_LINK_194891|ped_6_1_LINK_194891|ped_6_2_LINK_194891|ped_6_3_LINK_194891|ped_6_4_LINK_194891,66.5,177.0,False,False,scenario_baseline
110.5,NODE_10378,11139418715,2,0,GGr,r,False,False,0,,66.5,177.0,False,False,scenario_baseline
110.5,NODE_5681,11139418723,2,0,GGr,r,False,False,0,,66.5,177.0,False,False,scenario_baseline
110.5,NODE_10262,11203041635,4,0,GGGGr,r,False,False,5,ped_9_0_NODE_10262|ped_9_1_NODE_10262|ped_9_2_NODE_10262|ped_9_3_NODE_10262|ped_9_4_NODE_10262,66.5,177.0,False,False,scenario_baseline
111.0,LINK_249048,5161705573,2,0,GGr,r,False,False,8,ped_1_1_LINK_249048|ped_1_2_LINK_249048|ped_1_3_LINK_249048|ped_1_4_LINK_249048|ped_2_0_NODE_5837|ped_2_2_NODE_5837|ped_2_3_NODE_5837|ped_2_4_NODE_5837,66.0,177.0,False,False,scenario_baseline
111.0,NODE_5837,5161705573,2,0,GGr,r,False,False,8,ped_1_1_LINK_249048|ped_1_2_LINK_249048|ped_1_3_LINK_249048|ped_1_4_LINK_249048|ped_2_0_NODE_5837|ped_2_2_NODE_5837|ped_2_3_NODE_5837|ped_2_4_NODE_5837,66.0,177.0,False,False,scenario_baseline
111.0,LINK_10218,11139418715,2,0,GGr,r,False,False,0,,66.0,177.0,False,False,scenario_baseline
111.0,LINK_140740,11139418715,2,0,GGr,r,False,False,0,,66.0,177.0,False,False,scenario_baseline
111.0,NODE_9634,10974501473,4,0,GGGGr,r,False,False,0,,68.0,179.0,False,False,scenario_baseline
111.0,LINK_194891,11203052965,11,0,GGGGGGGGGGGr,r,False,False,5,ped_6_0_LINK_194891|ped_6_1_LINK_194891|ped_6_2_LINK_194891|ped_6_3_LINK_194891|ped_6_4_LINK_194891,66.0,177.0,False,False,scenario_baseline
111.0,NODE_10378,11139418715,2,0,GGr,r,False,False,0,,66.0,177.0,False,False,scenario_baseline
111.0,NODE_5681,11139418723,2,0,GGr,r,False,False,0,,66.0,177.0,False,False,scenario_baseline
111.0,NODE_10262,11203041635,4,0,GGGGr,r,False,False,5,ped_9_0_NODE_10262|ped_9_1_NODE_10262|ped_9_2_NODE_10262|ped_9_3_NODE_10262|ped_9_4_NODE_10262,66.0,177.0,False,False,scenario_baseline
111.5,LINK_249048,5161705573,2,0,GGr,r,False,False,7,ped_1_1_LINK_249048|ped_1_2_LINK_249048|ped_1_3_LINK_249048|ped_1_4_LINK_249048|ped_2_0_NODE_5837|ped_2_3_NODE_5837|ped_2_4_NODE_5837,65.5,177.0,False,False,scenario_baseline
111.5,NODE_5837,5161705573,2,0,GGr,r,False,False,7,ped_1_1_LINK_249048|ped_1_2_LINK_249048|ped_1_3_LINK_249048|ped_1_4_LINK_249048|ped_2_0_NODE_5837|ped_2_3_NODE_5837|ped_2_4_NODE_5837,65.5,177.0,False,False,scenario_baseline
111.5,LINK_10218,11139418715,2,0,GGr,r,False,False,0,,65.5,177.0,False,False,scenario_baseline
111.5,LINK_140740,11139418715,2,0,GGr,r,False,False,0,,65.5,177.0,False,False,scenario_baseline
111.5,NODE_9634,10974501473,4,0,GGGGr,r,False,False,0,,67.5,179.0,False,False,scenario_baseline
111.5,LINK_194891,11203052965,11,0,GGGGGGGGGGGr,r,False,False,5,ped_6_0_LINK_194891|ped_6_1_LINK_194891|ped_6_2_LINK_194891|ped_6_3_LINK_194891|ped_6_4_LINK_194891,65.5,177.0,False,False,scenario_baseline
111.5,NODE_10378,11139418715,2,0,GGr,r,False,False,0,,65.5,177.0,False,False,scenario_baseline
111.5,NODE_5681,11139418723,2,0,GGr,r,False,False,0,,65.5,177.0,False,False,scenario_baseline
111.5,NODE_10262,11203041635,4,0,GGGGr,r,False,False,5,ped_9_0_NODE_10262|ped_9_1_NODE_10262|ped_9_2_NODE_10262|ped_9_3_NODE_10262|ped_9_4_NODE_10262,65.5,177.0,False,False,scenario_baseline
112.0,LINK_249048,5161705573,2,0,GGr,r,False,False,7,ped_1_1_LINK_249048|ped_1_2_LINK_249048|ped_1_3_LINK_249048|ped_1_4_LINK_249048|ped_2_0_NODE_5837|ped_2_3_NODE_5837|ped_2_4_NODE_5837,65.0,177.0,False,False,scenario_baseline
112.0,NODE_5837,5161705573,2,0,GGr,r,False,False,7,ped_1_1_LINK_249048|ped_1_2_LINK_249048|ped_1_3_LINK_249048|ped_1_4_LINK_249048|ped_2_0_NODE_5837|ped_2_3_NODE_5837|ped_2_4_NODE_5837,65.0,177.0,False,False,scenario_baseline
112.0,LINK_10218,11139418715,2,0,GGr,r,False,False,0,,65.0,177.0,False,False,scenario_baseline
112.0,LINK_140740,11139418715,2,0,GGr,r,False,False,0,,65.0,177.0,False,False,scenario_baseline
112.0,NODE_9634,10974501473,4,0,GGGGr,r,False,False,0,,67.0,179.0,False,False,scenario_baseline
112.0,LINK_194891,11203052965,11,0,GGGGGGGGGGGr,r,False,False,5,ped_6_0_LINK_194891|ped_6_1_LINK_194891|ped_6_2_LINK_194891|ped_6_3_LINK_194891|ped_6_4_LINK_194891,65.0,177.0,False,False,scenario_baseline
112.0,NODE_10378,11139418715,2,0,GGr,r,False,False,0,,65.0,177.0,False,False,scenario_baseline
112.0,NODE_5681,11139418723,2,0,GGr,r,False,False,0,,65.0,177.0,False,False,scenario_baseline
112.0,NODE_10262,11203041635,4,0,GGGGr,r,False,False,5,ped_9_0_NODE_10262|ped_9_1_NODE_10262|ped_9_2_NODE_10262|ped_9_3_NODE_10262|ped_9_4_NODE_10262,65.0,177.0,False,False,scenario_baseline
112.5,LINK_249048,5161705573,2,0,GGr,r,False,False,5,ped_1_1_LINK_249048|ped_1_2_LINK_249048|ped_1_3_LINK_249048|ped_1_4_LINK_249048|ped_2_4_NODE_5837,64.5,177.0,False,False,scenario_baseline
112.5,NODE_5837,5161705573,2,0,GGr,r,False,False,5,ped_1_1_LINK_249048|ped_1_2_LINK_249048|ped_1_3_LINK_249048|ped_1_4_LINK_249048|ped_2_4_NODE_5837,64.5,177.0,False,False,scenario_baseline
112.5,LINK_10218,11139418715,2,0,GGr,r,False,False,0,,64.5,177.0,False,False,scenario_baseline
112.5,LINK_140740,11139418715,2,0,GGr,r,False,False,0,,64.5,177.0,False,False,scenario_baseline
112.5,NODE_9634,10974501473,4,0,GGGGr,r,False,False,0,,66.5,179.0,False,False,scenario_baseline
112.5,LINK_194891,11203052965,11,0,GGGGGGGGGGGr,r,False,False,5,ped_6_0_LINK_194891|ped_6_1_LINK_194891|ped_6_2_LINK_194891|ped_6_3_LINK_194891|ped_6_4_LINK_194891,64.5,177.0,False,False,scenario_baseline
112.5,NODE_10378,11139418715,2,0,GGr,r,False,False,0,,64.5,177.0,False,False,scenario_baseline
112.5,NODE_5681,11139418723,2,0,GGr,r,False,False,0,,64.5,177.0,False,False,scenario_baseline
112.5,NODE_10262,11203041635,4,0,GGGGr,r,False,False,5,ped_9_0_NODE_10262|ped_9_1_NODE_10262|ped_9_2_NODE_10262|ped_9_3_NODE_10262|ped_9_4_NODE_10262,64.5,177.0,False,False,scenario_baseline
113.0,LINK_249048,5161705573,2,0,GGr,r,False,False,5,ped_1_1_LINK_249048|ped_1_2_LINK_249048|ped_1_3_LINK_249048|ped_1_4_LINK_249048|ped_2_4_NODE_5837,64.0,177.0,False,False,scenario_baseline
113.0,NODE_5837,5161705573,2,0,GGr,r,False,False,5,ped_1_1_LINK_249048|ped_1_2_LINK_249048|ped_1_3_LINK_249048|ped_1_4_LINK_249048|ped_2_4_NODE_5837,64.0,177.0,False,False,scenario_baseline
113.0,LINK_10218,11139418715,2,0,GGr,r,False,False,0,,64.0,177.0,False,False,scenario_baseline
113.0,LINK_140740,11139418715,2,0,GGr,r,False,False,0,,64.0,177.0,False,False,scenario_baseline
113.0,NODE_9634,10974501473,4,0,GGGGr,r,False,False,0,,66.0,179.0,False,False,scenario_baseline
113.0,LINK_194891,11203052965,11,0,GGGGGGGGGGGr,r,False,False,5,ped_6_0_LINK_194891|ped_6_1_LINK_194891|ped_6_2_LINK_194891|ped_6_3_LINK_194891|ped_6_4_LINK_194891,64.0,177.0,False,False,scenario_baseline
113.0,NODE_10378,11139418715,2,0,GGr,r,False,False,0,,64.0,177.0,False,False,scenario_baseline
113.0,NODE_5681,11139418723,2,0,GGr,r,False,False,0,,64.0,177.0,False,False,scenario_baseline
113.0,NODE_10262,11203041635,4,0,GGGGr,r,False,False,5,ped_9_0_NODE_10262|ped_9_1_NODE_10262|ped_9_2_NODE_10262|ped_9_3_NODE_10262|ped_9_4_NODE_10262,64.0,177.0,False,False,scenario_baseline
113.5,LINK_249048,5161705573,2,0,GGr,r,False,False,5,ped_1_1_LINK_249048|ped_1_2_LINK_249048|ped_1_3_LINK_249048|ped_1_4_LINK_249048|ped_2_4_NODE_5837,63.5,177.0,False,False,scenario_baseline
113.5,NODE_5837,5161705573,2,0,GGr,r,False,False,5,ped_1_1_LINK_249048|ped_1_2_LINK_249048|ped_1_3_LINK_249048|ped_1_4_LINK_249048|ped_2_4_NODE_5837,63.5,177.0,False,False,scenario_baseline
113.5,LINK_10218,11139418715,2,0,GGr,r,False,False,0,,63.5,177.0,False,False,scenario_baseline
113.5,LINK_140740,11139418715,2,0,GGr,r,False,False,0,,63.5,177.0,False,False,scenario_baseline
113.5,NODE_9634,10974501473,4,0,GGGGr,r,False,False,0,,65.5,179.0,False,False,scenario_baseline
113.5,LINK_194891,11203052965,11,0,GGGGGGGGGGGr,r,False,False,5,ped_6_0_LINK_194891|ped_6_1_LINK_194891|ped_6_2_LINK_194891|ped_6_3_LINK_194891|ped_6_4_LINK_194891,63.5,177.0,False,False,scenario_baseline
113.5,NODE_10378,11139418715,2,0,GGr,r,False,False,0,,63.5,177.0,False,False,scenario_baseline
113.5,NODE_5681,11139418723,2,0,GGr,r,False,False,0,,63.5,177.0,False,False,scenario_baseline
113.5,NODE_10262,11203041635,4,0,GGGGr,r,False,False,5,ped_9_0_NODE_10262|ped_9_1_NODE_10262|ped_9_2_NODE_10262|ped_9_3_NODE_10262|ped_9_4_NODE_10262,63.5,177.0,False,False,scenario_baseline
114.0,LINK_249048,5161705573,2,0,GGr,r,False,False,5,ped_1_1_LINK_249048|ped_1_2_LINK_249048|ped_1_3_LINK_249048|ped_1_4_LINK_249048|ped_2_4_NODE_5837,63.0,177.0,False,False,scenario_baseline
114.0,NODE_5837,5161705573,2,0,GGr,r,False,False,5,ped_1_1_LINK_249048|ped_1_2_LINK_249048|ped_1_3_LINK_249048|ped_1_4_LINK_249048|ped_2_4_NODE_5837,63.0,177.0,False,False,scenario_baseline
114.0,LINK_10218,11139418715,2,0,GGr,r,False,False,0,,63.0,177.0,False,False,scenario_baseline
114.0,LINK_140740,11139418715,2,0,GGr,r,False,False,0,,63.0,177.0,False,False,scenario_baseline
114.0,NODE_9634,10974501473,4,0,GGGGr,r,False,False,0,,65.0,179.0,False,False,scenario_baseline
114.0,LINK_194891,11203052965,11,0,GGGGGGGGGGGr,r,False,False,5,ped_6_0_LINK_194891|ped_6_1_LINK_194891|ped_6_2_LINK_194891|ped_6_3_LINK_194891|ped_6_4_LINK_194891,63.0,177.0,False,False,scenario_baseline
114.0,NODE_10378,11139418715,2,0,GGr,r,False,False,0,,63.0,177.0,False,False,scenario_baseline
114.0,NODE_5681,11139418723,2,0,GGr,r,False,False,0,,63.0,177.0,False,False,scenario_baseline
114.0,NODE_10262,11203041635,4,0,GGGGr,r,False,False,5,ped_9_0_NODE_10262|ped_9_1_NODE_10262|ped_9_2_NODE_10262|ped_9_3_NODE_10262|ped_9_4_NODE_10262,63.0,177.0,False,False,scenario_baseline
114.5,LINK_249048,5161705573,2,0,GGr,r,False,False,5,ped_1_1_LINK_249048|ped_1_2_LINK_249048|ped_1_3_LINK_249048|ped_1_4_LINK_249048|ped_2_4_NODE_5837,62.5,177.0,False,False,scenario_baseline
114.5,NODE_5837,5161705573,2,0,GGr,r,False,False,5,ped_1_1_LINK_249048|ped_1_2_LINK_249048|ped_1_3_LINK_249048|ped_1_4_LINK_249048|ped_2_4_NODE_5837,62.5,177.0,False,False,scenario_baseline
114.5,LINK_10218,11139418715,2,0,GGr,r,False,False,0,,62.5,177.0,False,False,scenario_baseline
114.5,LINK_140740,11139418715,2,0,GGr,r,False,False,0,,62.5,177.0,False,False,scenario_baseline
114.5,NODE_9634,10974501473,4,0,GGGGr,r,False,False,0,,64.5,179.0,False,False,scenario_baseline
114.5,LINK_194891,11203052965,11,0,GGGGGGGGGGGr,r,False,False,5,ped_6_0_LINK_194891|ped_6_1_LINK_194891|ped_6_2_LINK_194891|ped_6_3_LINK_194891|ped_6_4_LINK_194891,62.5,177.0,False,False,scenario_baseline
114.5,NODE_10378,11139418715,2,0,GGr,r,False,False,0,,62.5,177.0,False,False,scenario_baseline
114.5,NODE_5681,11139418723,2,0,GGr,r,False,False,0,,62.5,177.0,False,False,scenario_baseline
114.5,NODE_10262,11203041635,4,0,GGGGr,r,False,False,5,ped_9_0_NODE_10262|ped_9_1_NODE_10262|ped_9_2_NODE_10262|ped_9_3_NODE_10262|ped_9_4_NODE_10262,62.5,177.0,False,False,scenario_baseline
115.0,LINK_249048,5161705573,2,0,GGr,r,False,False,5,ped_1_1_LINK_249048|ped_1_2_LINK_249048|ped_1_3_LINK_249048|ped_1_4_LINK_249048|ped_2_4_NODE_5837,62.0,177.0,False,False,scenario_baseline
115.0,NODE_5837,5161705573,2,0,GGr,r,False,False,5,ped_1_1_LINK_249048|ped_1_2_LINK_249048|ped_1_3_LINK_249048|ped_1_4_LINK_249048|ped_2_4_NODE_5837,62.0,177.0,False,False,scenario_baseline
115.0,LINK_10218,11139418715,2,0,GGr,r,False,False,0,,62.0,177.0,False,False,scenario_baseline
115.0,LINK_140740,11139418715,2,0,GGr,r,False,False,0,,62.0,177.0,False,False,scenario_baseline
115.0,NODE_9634,10974501473,4,0,GGGGr,r,False,False,0,,64.0,179.0,False,False,scenario_baseline
115.0,LINK_194891,11203052965,11,0,GGGGGGGGGGGr,r,False,False,5,ped_6_0_LINK_194891|ped_6_1_LINK_194891|ped_6_2_LINK_194891|ped_6_3_LINK_194891|ped_6_4_LINK_194891,62.0,177.0,False,False,scenario_baseline
115.0,NODE_10378,11139418715,2,0,GGr,r,False,False,0,,62.0,177.0,False,False,scenario_baseline
115.0,NODE_5681,11139418723,2,0,GGr,r,False,False,0,,62.0,177.0,False,False,scenario_baseline
115.0,NODE_10262,11203041635,4,0,GGGGr,r,False,False,5,ped_9_0_NODE_10262|ped_9_1_NODE_10262|ped_9_2_NODE_10262|ped_9_3_NODE_10262|ped_9_4_NODE_10262,62.0,177.0,False,False,scenario_baseline
115.5,LINK_249048,5161705573,2,0,GGr,r,False,False,5,ped_1_1_LINK_249048|ped_1_2_LINK_249048|ped_1_3_LINK_249048|ped_1_4_LINK_249048|ped_2_4_NODE_5837,61.5,177.0,False,False,scenario_baseline
115.5,NODE_5837,5161705573,2,0,GGr,r,False,False,5,ped_1_1_LINK_249048|ped_1_2_LINK_249048|ped_1_3_LINK_249048|ped_1_4_LINK_249048|ped_2_4_NODE_5837,61.5,177.0,False,False,scenario_baseline
115.5,LINK_10218,11139418715,2,0,GGr,r,False,False,0,,61.5,177.0,False,False,scenario_baseline
115.5,LINK_140740,11139418715,2,0,GGr,r,False,False,0,,61.5,177.0,False,False,scenario_baseline
115.5,NODE_9634,10974501473,4,0,GGGGr,r,False,False,0,,63.5,179.0,False,False,scenario_baseline
115.5,LINK_194891,11203052965,11,0,GGGGGGGGGGGr,r,False,False,5,ped_6_0_LINK_194891|ped_6_1_LINK_194891|ped_6_2_LINK_194891|ped_6_3_LINK_194891|ped_6_4_LINK_194891,61.5,177.0,False,False,scenario_baseline
115.5,NODE_10378,11139418715,2,0,GGr,r,False,False,0,,61.5,177.0,False,False,scenario_baseline
115.5,NODE_5681,11139418723,2,0,GGr,r,False,False,0,,61.5,177.0,False,False,scenario_baseline
115.5,NODE_10262,11203041635,4,0,GGGGr,r,False,False,5,ped_9_0_NODE_10262|ped_9_1_NODE_10262|ped_9_2_NODE_10262|ped_9_3_NODE_10262|ped_9_4_NODE_10262,61.5,177.0,False,False,scenario_baseline
116.0,LINK_249048,5161705573,2,0,GGr,r,False,False,5,ped_1_1_LINK_249048|ped_1_2_LINK_249048|ped_1_3_LINK_249048|ped_1_4_LINK_249048|ped_2_4_NODE_5837,61.0,177.0,False,False,scenario_baseline
116.0,NODE_5837,5161705573,2,0,GGr,r,False,False,5,ped_1_1_LINK_249048|ped_1_2_LINK_249048|ped_1_3_LINK_249048|ped_1_4_LINK_249048|ped_2_4_NODE_5837,61.0,177.0,False,False,scenario_baseline
116.0,LINK_10218,11139418715,2,0,GGr,r,False,False,0,,61.0,177.0,False,False,scenario_baseline
116.0,LINK_140740,11139418715,2,0,GGr,r,False,False,0,,61.0,177.0,False,False,scenario_baseline
116.0,NODE_9634,10974501473,4,0,GGGGr,r,False,False,0,,63.0,179.0,False,False,scenario_baseline
116.0,LINK_194891,11203052965,11,0,GGGGGGGGGGGr,r,False,False,5,ped_6_0_LINK_194891|ped_6_1_LINK_194891|ped_6_2_LINK_194891|ped_6_3_LINK_194891|ped_6_4_LINK_194891,61.0,177.0,False,False,scenario_baseline
116.0,NODE_10378,11139418715,2,0,GGr,r,False,False,0,,61.0,177.0,False,False,scenario_baseline
116.0,NODE_5681,11139418723,2,0,GGr,r,False,False,0,,61.0,177.0,False,False,scenario_baseline
116.0,NODE_10262,11203041635,4,0,GGGGr,r,False,False,5,ped_9_0_NODE_10262|ped_9_1_NODE_10262|ped_9_2_NODE_10262|ped_9_3_NODE_10262|ped_9_4_NODE_10262,61.0,177.0,False,False,scenario_baseline
116.5,LINK_249048,5161705573,2,0,GGr,r,False,False,4,ped_1_2_LINK_249048|ped_1_3_LINK_249048|ped_1_4_LINK_249048|ped_2_4_NODE_5837,60.5,177.0,False,False,scenario_baseline
116.5,NODE_5837,5161705573,2,0,GGr,r,False,False,4,ped_1_2_LINK_249048|ped_1_3_LINK_249048|ped_1_4_LINK_249048|ped_2_4_NODE_5837,60.5,177.0,False,False,scenario_baseline
116.5,LINK_10218,11139418715,2,0,GGr,r,False,False,0,,60.5,177.0,False,False,scenario_baseline
116.5,LINK_140740,11139418715,2,0,GGr,r,False,False,0,,60.5,177.0,False,False,scenario_baseline
116.5,NODE_9634,10974501473,4,0,GGGGr,r,False,False,0,,62.5,179.0,False,False,scenario_baseline
116.5,LINK_194891,11203052965,11,0,GGGGGGGGGGGr,r,False,False,5,ped_6_0_LINK_194891|ped_6_1_LINK_194891|ped_6_2_LINK_194891|ped_6_3_LINK_194891|ped_6_4_LINK_194891,60.5,177.0,False,False,scenario_baseline
116.5,NODE_10378,11139418715,2,0,GGr,r,False,False,0,,60.5,177.0,False,False,scenario_baseline
116.5,NODE_5681,11139418723,2,0,GGr,r,False,False,0,,60.5,177.0,False,False,scenario_baseline
116.5,NODE_10262,11203041635,4,0,GGGGr,r,False,False,5,ped_9_0_NODE_10262|ped_9_1_NODE_10262|ped_9_2_NODE_10262|ped_9_3_NODE_10262|ped_9_4_NODE_10262,60.5,177.0,False,False,scenario_baseline
117.0,LINK_249048,5161705573,2,0,GGr,r,False,False,3,ped_1_3_LINK_249048|ped_1_4_LINK_249048|ped_2_4_NODE_5837,60.0,177.0,False,False,scenario_baseline
117.0,NODE_5837,5161705573,2,0,GGr,r,False,False,3,ped_1_3_LINK_249048|ped_1_4_LINK_249048|ped_2_4_NODE_5837,60.0,177.0,False,False,scenario_baseline
117.0,LINK_10218,11139418715,2,0,GGr,r,False,False,0,,60.0,177.0,False,False,scenario_baseline
117.0,LINK_140740,11139418715,2,0,GGr,r,False,False,0,,60.0,177.0,False,False,scenario_baseline
117.0,NODE_9634,10974501473,4,0,GGGGr,r,False,False,0,,62.0,179.0,False,False,scenario_baseline
117.0,LINK_194891,11203052965,11,0,GGGGGGGGGGGr,r,False,False,5,ped_6_0_LINK_194891|ped_6_1_LINK_194891|ped_6_2_LINK_194891|ped_6_3_LINK_194891|ped_6_4_LINK_194891,60.0,177.0,False,False,scenario_baseline
117.0,NODE_10378,11139418715,2,0,GGr,r,False,False,0,,60.0,177.0,False,False,scenario_baseline
117.0,NODE_5681,11139418723,2,0,GGr,r,False,False,0,,60.0,177.0,False,False,scenario_baseline
117.0,NODE_10262,11203041635,4,0,GGGGr,r,False,False,5,ped_9_0_NODE_10262|ped_9_1_NODE_10262|ped_9_2_NODE_10262|ped_9_3_NODE_10262|ped_9_4_NODE_10262,60.0,177.0,False,False,scenario_baseline
117.5,LINK_249048,5161705573,2,0,GGr,r,False,False,2,ped_1_4_LINK_249048|ped_2_4_NODE_5837,59.5,177.0,False,False,scenario_baseline
117.5,NODE_5837,5161705573,2,0,GGr,r,False,False,2,ped_1_4_LINK_249048|ped_2_4_NODE_5837,59.5,177.0,False,False,scenario_baseline
117.5,LINK_10218,11139418715,2,0,GGr,r,False,False,0,,59.5,177.0,False,False,scenario_baseline
117.5,LINK_140740,11139418715,2,0,GGr,r,False,False,0,,59.5,177.0,False,False,scenario_baseline
117.5,NODE_9634,10974501473,4,0,GGGGr,r,False,False,0,,61.5,179.0,False,False,scenario_baseline
117.5,LINK_194891,11203052965,11,0,GGGGGGGGGGGr,r,False,False,5,ped_6_0_LINK_194891|ped_6_1_LINK_194891|ped_6_2_LINK_194891|ped_6_3_LINK_194891|ped_6_4_LINK_194891,59.5,177.0,False,False,scenario_baseline
117.5,NODE_10378,11139418715,2,0,GGr,r,False,False,0,,59.5,177.0,False,False,scenario_baseline
117.5,NODE_5681,11139418723,2,0,GGr,r,False,False,0,,59.5,177.0,False,False,scenario_baseline
117.5,NODE_10262,11203041635,4,0,GGGGr,r,False,False,5,ped_9_0_NODE_10262|ped_9_1_NODE_10262|ped_9_2_NODE_10262|ped_9_3_NODE_10262|ped_9_4_NODE_10262,59.5,177.0,False,False,scenario_baseline
118.0,LINK_249048,5161705573,2,0,GGr,r,False,False,0,,59.0,177.0,False,False,scenario_baseline
118.0,NODE_5837,5161705573,2,0,GGr,r,False,False,0,,59.0,177.0,False,False,scenario_baseline
118.0,LINK_10218,11139418715,2,0,GGr,r,False,False,0,,59.0,177.0,False,False,scenario_baseline
118.0,LINK_140740,11139418715,2,0,GGr,r,False,False,0,,59.0,177.0,False,False,scenario_baseline
118.0,NODE_9634,10974501473,4,0,GGGGr,r,False,False,0,,61.0,179.0,False,False,scenario_baseline
118.0,LINK_194891,11203052965,11,0,GGGGGGGGGGGr,r,False,False,5,ped_6_0_LINK_194891|ped_6_1_LINK_194891|ped_6_2_LINK_194891|ped_6_3_LINK_194891|ped_6_4_LINK_194891,59.0,177.0,False,False,scenario_baseline
118.0,NODE_10378,11139418715,2,0,GGr,r,False,False,0,,59.0,177.0,False,False,scenario_baseline
118.0,NODE_5681,11139418723,2,0,GGr,r,False,False,0,,59.0,177.0,False,False,scenario_baseline
118.0,NODE_10262,11203041635,4,0,GGGGr,r,False,False,5,ped_9_0_NODE_10262|ped_9_1_NODE_10262|ped_9_2_NODE_10262|ped_9_3_NODE_10262|ped_9_4_NODE_10262,59.0,177.0,False,False,scenario_baseline
118.5,LINK_249048,5161705573,2,0,GGr,r,False,False,0,,58.5,177.0,False,False,scenario_baseline
118.5,NODE_5837,5161705573,2,0,GGr,r,False,False,0,,58.5,177.0,False,False,scenario_baseline
118.5,LINK_10218,11139418715,2,0,GGr,r,False,False,0,,58.5,177.0,False,False,scenario_baseline
118.5,LINK_140740,11139418715,2,0,GGr,r,False,False,0,,58.5,177.0,False,False,scenario_baseline
118.5,NODE_9634,10974501473,4,0,GGGGr,r,False,False,0,,60.5,179.0,False,False,scenario_baseline
118.5,LINK_194891,11203052965,11,0,GGGGGGGGGGGr,r,False,False,5,ped_6_0_LINK_194891|ped_6_1_LINK_194891|ped_6_2_LINK_194891|ped_6_3_LINK_194891|ped_6_4_LINK_194891,58.5,177.0,False,False,scenario_baseline
118.5,NODE_10378,11139418715,2,0,GGr,r,False,False,0,,58.5,177.0,False,False,scenario_baseline
118.5,NODE_5681,11139418723,2,0,GGr,r,False,False,0,,58.5,177.0,False,False,scenario_baseline
118.5,NODE_10262,11203041635,4,0,GGGGr,r,False,False,5,ped_9_0_NODE_10262|ped_9_1_NODE_10262|ped_9_2_NODE_10262|ped_9_3_NODE_10262|ped_9_4_NODE_10262,58.5,177.0,False,False,scenario_baseline
119.0,LINK_249048,5161705573,2,0,GGr,r,False,False,0,,58.0,177.0,False,False,scenario_baseline
119.0,NODE_5837,5161705573,2,0,GGr,r,False,False,0,,58.0,177.0,False,False,scenario_baseline
119.0,LINK_10218,11139418715,2,0,GGr,r,False,False,0,,58.0,177.0,False,False,scenario_baseline
119.0,LINK_140740,11139418715,2,0,GGr,r,False,False,0,,58.0,177.0,False,False,scenario_baseline
119.0,NODE_9634,10974501473,4,0,GGGGr,r,False,False,0,,60.0,179.0,False,False,scenario_baseline
119.0,LINK_194891,11203052965,11,0,GGGGGGGGGGGr,r,False,False,5,ped_6_0_LINK_194891|ped_6_1_LINK_194891|ped_6_2_LINK_194891|ped_6_3_LINK_194891|ped_6_4_LINK_194891,58.0,177.0,False,False,scenario_baseline
119.0,NODE_10378,11139418715,2,0,GGr,r,False,False,0,,58.0,177.0,False,False,scenario_baseline
119.0,NODE_5681,11139418723,2,0,GGr,r,False,False,0,,58.0,177.0,False,False,scenario_baseline
119.0,NODE_10262,11203041635,4,0,GGGGr,r,False,False,5,ped_9_0_NODE_10262|ped_9_1_NODE_10262|ped_9_2_NODE_10262|ped_9_3_NODE_10262|ped_9_4_NODE_10262,58.0,177.0,False,False,scenario_baseline
119.5,LINK_249048,5161705573,2,0,GGr,r,False,False,0,,57.5,177.0,False,False,scenario_baseline
119.5,NODE_5837,5161705573,2,0,GGr,r,False,False,0,,57.5,177.0,False,False,scenario_baseline
119.5,LINK_10218,11139418715,2,0,GGr,r,False,False,0,,57.5,177.0,False,False,scenario_baseline
119.5,LINK_140740,11139418715,2,0,GGr,r,False,False,0,,57.5,177.0,False,False,scenario_baseline
119.5,NODE_9634,10974501473,4,0,GGGGr,r,False,False,0,,59.5,179.0,False,False,scenario_baseline
119.5,LINK_194891,11203052965,11,0,GGGGGGGGGGGr,r,False,False,5,ped_6_0_LINK_194891|ped_6_1_LINK_194891|ped_6_2_LINK_194891|ped_6_3_LINK_194891|ped_6_4_LINK_194891,57.5,177.0,False,False,scenario_baseline
119.5,NODE_10378,11139418715,2,0,GGr,r,False,False,0,,57.5,177.0,False,False,scenario_baseline
119.5,NODE_5681,11139418723,2,0,GGr,r,False,False,0,,57.5,177.0,False,False,scenario_baseline
119.5,NODE_10262,11203041635,4,0,GGGGr,r,False,False,5,ped_9_0_NODE_10262|ped_9_1_NODE_10262|ped_9_2_NODE_10262|ped_9_3_NODE_10262|ped_9_4_NODE_10262,57.5,177.0,False,False,scenario_baseline
120.0,LINK_249048,5161705573,2,0,GGr,r,False,False,0,,57.0,177.0,False,False,scenario_baseline
120.0,NODE_5837,5161705573,2,0,GGr,r,False,False,0,,57.0,177.0,False,False,scenario_baseline
120.0,LINK_10218,11139418715,2,0,GGr,r,False,False,0,,57.0,177.0,False,False,scenario_baseline
120.0,LINK_140740,11139418715,2,0,GGr,r,False,False,0,,57.0,177.0,False,False,scenario_baseline
120.0,NODE_9634,10974501473,4,0,GGGGr,r,False,False,0,,59.0,179.0,False,False,scenario_baseline
120.0,LINK_194891,11203052965,11,0,GGGGGGGGGGGr,r,False,False,5,ped_6_0_LINK_194891|ped_6_1_LINK_194891|ped_6_2_LINK_194891|ped_6_3_LINK_194891|ped_6_4_LINK_194891,57.0,177.0,False,False,scenario_baseline
120.0,NODE_10378,11139418715,2,0,GGr,r,False,False,0,,57.0,177.0,False,False,scenario_baseline
120.0,NODE_5681,11139418723,2,0,GGr,r,False,False,0,,57.0,177.0,False,False,scenario_baseline
120.0,NODE_10262,11203041635,4,0,GGGGr,r,False,False,5,ped_9_0_NODE_10262|ped_9_1_NODE_10262|ped_9_2_NODE_10262|ped_9_3_NODE_10262|ped_9_4_NODE_10262,57.0,177.0,False,False,scenario_baseline
120.5,LINK_249048,5161705573,2,0,GGr,r,False,False,0,,56.5,177.0,False,False,scenario_baseline
120.5,NODE_5837,5161705573,2,0,GGr,r,False,False,0,,56.5,177.0,False,False,scenario_baseline
120.5,LINK_10218,11139418715,2,0,GGr,r,False,False,0,,56.5,177.0,False,False,scenario_baseline
120.5,LINK_140740,11139418715,2,0,GGr,r,False,False,0,,56.5,177.0,False,False,scenario_baseline
120.5,NODE_9634,10974501473,4,0,GGGGr,r,False,False,0,,58.5,179.0,False,False,scenario_baseline
120.5,LINK_194891,11203052965,11,0,GGGGGGGGGGGr,r,False,False,5,ped_6_0_LINK_194891|ped_6_1_LINK_194891|ped_6_2_LINK_194891|ped_6_3_LINK_194891|ped_6_4_LINK_194891,56.5,177.0,False,False,scenario_baseline
120.5,NODE_10378,11139418715,2,0,GGr,r,False,False,0,,56.5,177.0,False,False,scenario_baseline
120.5,NODE_5681,11139418723,2,0,GGr,r,False,False,0,,56.5,177.0,False,False,scenario_baseline
120.5,NODE_10262,11203041635,4,0,GGGGr,r,False,False,5,ped_9_0_NODE_10262|ped_9_1_NODE_10262|ped_9_2_NODE_10262|ped_9_3_NODE_10262|ped_9_4_NODE_10262,56.5,177.0,False,False,scenario_baseline
121.0,LINK_249048,5161705573,2,0,GGr,r,False,False,0,,56.0,177.0,False,False,scenario_baseline
121.0,NODE_5837,5161705573,2,0,GGr,r,False,False,0,,56.0,177.0,False,False,scenario_baseline
121.0,LINK_10218,11139418715,2,0,GGr,r,False,False,0,,56.0,177.0,False,False,scenario_baseline
121.0,LINK_140740,11139418715,2,0,GGr,r,False,False,0,,56.0,177.0,False,False,scenario_baseline
121.0,NODE_9634,10974501473,4,0,GGGGr,r,False,False,0,,58.0,179.0,False,False,scenario_baseline
121.0,LINK_194891,11203052965,11,0,GGGGGGGGGGGr,r,False,False,5,ped_6_0_LINK_194891|ped_6_1_LINK_194891|ped_6_2_LINK_194891|ped_6_3_LINK_194891|ped_6_4_LINK_194891,56.0,177.0,False,False,scenario_baseline
121.0,NODE_10378,11139418715,2,0,GGr,r,False,False,0,,56.0,177.0,False,False,scenario_baseline
121.0,NODE_5681,11139418723,2,0,GGr,r,False,False,0,,56.0,177.0,False,False,scenario_baseline
121.0,NODE_10262,11203041635,4,0,GGGGr,r,False,False,5,ped_9_0_NODE_10262|ped_9_1_NODE_10262|ped_9_2_NODE_10262|ped_9_3_NODE_10262|ped_9_4_NODE_10262,56.0,177.0,False,False,scenario_baseline
121.5,LINK_249048,5161705573,2,0,GGr,r,False,False,0,,55.5,177.0,False,False,scenario_baseline
121.5,NODE_5837,5161705573,2,0,GGr,r,False,False,0,,55.5,177.0,False,False,scenario_baseline
121.5,LINK_10218,11139418715,2,0,GGr,r,False,False,0,,55.5,177.0,False,False,scenario_baseline
121.5,LINK_140740,11139418715,2,0,GGr,r,False,False,0,,55.5,177.0,False,False,scenario_baseline
121.5,NODE_9634,10974501473,4,0,GGGGr,r,False,False,0,,57.5,179.0,False,False,scenario_baseline
121.5,LINK_194891,11203052965,11,0,GGGGGGGGGGGr,r,False,False,5,ped_6_0_LINK_194891|ped_6_1_LINK_194891|ped_6_2_LINK_194891|ped_6_3_LINK_194891|ped_6_4_LINK_194891,55.5,177.0,False,False,scenario_baseline
121.5,NODE_10378,11139418715,2,0,GGr,r,False,False,0,,55.5,177.0,False,False,scenario_baseline
121.5,NODE_5681,11139418723,2,0,GGr,r,False,False,0,,55.5,177.0,False,False,scenario_baseline
121.5,NODE_10262,11203041635,4,0,GGGGr,r,False,False,5,ped_9_0_NODE_10262|ped_9_1_NODE_10262|ped_9_2_NODE_10262|ped_9_3_NODE_10262|ped_9_4_NODE_10262,55.5,177.0,False,False,scenario_baseline
122.0,LINK_249048,5161705573,2,0,GGr,r,False,False,0,,55.0,177.0,False,False,scenario_baseline
122.0,NODE_5837,5161705573,2,0,GGr,r,False,False,0,,55.0,177.0,False,False,scenario_baseline
122.0,LINK_10218,11139418715,2,0,GGr,r,False,False,0,,55.0,177.0,False,False,scenario_baseline
122.0,LINK_140740,11139418715,2,0,GGr,r,False,False,0,,55.0,177.0,False,False,scenario_baseline
122.0,NODE_9634,10974501473,4,0,GGGGr,r,False,False,0,,57.0,179.0,False,False,scenario_baseline
122.0,LINK_194891,11203052965,11,0,GGGGGGGGGGGr,r,False,False,5,ped_6_0_LINK_194891|ped_6_1_LINK_194891|ped_6_2_LINK_194891|ped_6_3_LINK_194891|ped_6_4_LINK_194891,55.0,177.0,False,False,scenario_baseline
122.0,NODE_10378,11139418715,2,0,GGr,r,False,False,0,,55.0,177.0,False,False,scenario_baseline
122.0,NODE_5681,11139418723,2,0,GGr,r,False,False,0,,55.0,177.0,False,False,scenario_baseline
122.0,NODE_10262,11203041635,4,0,GGGGr,r,False,False,5,ped_9_0_NODE_10262|ped_9_1_NODE_10262|ped_9_2_NODE_10262|ped_9_3_NODE_10262|ped_9_4_NODE_10262,55.0,177.0,False,False,scenario_baseline
122.5,LINK_249048,5161705573,2,0,GGr,r,False,False,0,,54.5,177.0,False,False,scenario_baseline
122.5,NODE_5837,5161705573,2,0,GGr,r,False,False,0,,54.5,177.0,False,False,scenario_baseline
122.5,LINK_10218,11139418715,2,0,GGr,r,False,False,0,,54.5,177.0,False,False,scenario_baseline
122.5,LINK_140740,11139418715,2,0,GGr,r,False,False,0,,54.5,177.0,False,False,scenario_baseline
122.5,NODE_9634,10974501473,4,0,GGGGr,r,False,False,0,,56.5,179.0,False,False,scenario_baseline
122.5,LINK_194891,11203052965,11,0,GGGGGGGGGGGr,r,False,False,5,ped_6_0_LINK_194891|ped_6_1_LINK_194891|ped_6_2_LINK_194891|ped_6_3_LINK_194891|ped_6_4_LINK_194891,54.5,177.0,False,False,scenario_baseline
122.5,NODE_10378,11139418715,2,0,GGr,r,False,False,0,,54.5,177.0,False,False,scenario_baseline
122.5,NODE_5681,11139418723,2,0,GGr,r,False,False,0,,54.5,177.0,False,False,scenario_baseline
122.5,NODE_10262,11203041635,4,0,GGGGr,r,False,False,5,ped_9_0_NODE_10262|ped_9_1_NODE_10262|ped_9_2_NODE_10262|ped_9_3_NODE_10262|ped_9_4_NODE_10262,54.5,177.0,False,False,scenario_baseline
123.0,LINK_249048,5161705573,2,0,GGr,r,False,False,0,,54.0,177.0,False,False,scenario_baseline
123.0,NODE_5837,5161705573,2,0,GGr,r,False,False,0,,54.0,177.0,False,False,scenario_baseline
123.0,LINK_10218,11139418715,2,0,GGr,r,False,False,0,,54.0,177.0,False,False,scenario_baseline
123.0,LINK_140740,11139418715,2,0,GGr,r,False,False,0,,54.0,177.0,False,False,scenario_baseline
123.0,NODE_9634,10974501473,4,0,GGGGr,r,False,False,0,,56.0,179.0,False,False,scenario_baseline
123.0,LINK_194891,11203052965,11,0,GGGGGGGGGGGr,r,False,False,5,ped_6_0_LINK_194891|ped_6_1_LINK_194891|ped_6_2_LINK_194891|ped_6_3_LINK_194891|ped_6_4_LINK_194891,54.0,177.0,False,False,scenario_baseline
123.0,NODE_10378,11139418715,2,0,GGr,r,False,False,0,,54.0,177.0,False,False,scenario_baseline
123.0,NODE_5681,11139418723,2,0,GGr,r,False,False,0,,54.0,177.0,False,False,scenario_baseline
123.0,NODE_10262,11203041635,4,0,GGGGr,r,False,False,5,ped_9_0_NODE_10262|ped_9_1_NODE_10262|ped_9_2_NODE_10262|ped_9_3_NODE_10262|ped_9_4_NODE_10262,54.0,177.0,False,False,scenario_baseline
123.5,LINK_249048,5161705573,2,0,GGr,r,False,False,0,,53.5,177.0,False,False,scenario_baseline
123.5,NODE_5837,5161705573,2,0,GGr,r,False,False,0,,53.5,177.0,False,False,scenario_baseline
123.5,LINK_10218,11139418715,2,0,GGr,r,False,False,0,,53.5,177.0,False,False,scenario_baseline
123.5,LINK_140740,11139418715,2,0,GGr,r,False,False,0,,53.5,177.0,False,False,scenario_baseline
123.5,NODE_9634,10974501473,4,0,GGGGr,r,False,False,0,,55.5,179.0,False,False,scenario_baseline
123.5,LINK_194891,11203052965,11,0,GGGGGGGGGGGr,r,False,False,5,ped_6_0_LINK_194891|ped_6_1_LINK_194891|ped_6_2_LINK_194891|ped_6_3_LINK_194891|ped_6_4_LINK_194891,53.5,177.0,False,False,scenario_baseline
123.5,NODE_10378,11139418715,2,0,GGr,r,False,False,0,,53.5,177.0,False,False,scenario_baseline
123.5,NODE_5681,11139418723,2,0,GGr,r,False,False,0,,53.5,177.0,False,False,scenario_baseline
123.5,NODE_10262,11203041635,4,0,GGGGr,r,False,False,5,ped_9_0_NODE_10262|ped_9_1_NODE_10262|ped_9_2_NODE_10262|ped_9_3_NODE_10262|ped_9_4_NODE_10262,53.5,177.0,False,False,scenario_baseline
124.0,LINK_249048,5161705573,2,0,GGr,r,False,False,0,,53.0,177.0,False,False,scenario_baseline
124.0,NODE_5837,5161705573,2,0,GGr,r,False,False,0,,53.0,177.0,False,False,scenario_baseline
124.0,LINK_10218,11139418715,2,0,GGr,r,False,False,0,,53.0,177.0,False,False,scenario_baseline
124.0,LINK_140740,11139418715,2,0,GGr,r,False,False,0,,53.0,177.0,False,False,scenario_baseline
124.0,NODE_9634,10974501473,4,0,GGGGr,r,False,False,0,,55.0,179.0,False,False,scenario_baseline
124.0,LINK_194891,11203052965,11,0,GGGGGGGGGGGr,r,False,False,5,ped_6_0_LINK_194891|ped_6_1_LINK_194891|ped_6_2_LINK_194891|ped_6_3_LINK_194891|ped_6_4_LINK_194891,53.0,177.0,False,False,scenario_baseline
124.0,NODE_10378,11139418715,2,0,GGr,r,False,False,0,,53.0,177.0,False,False,scenario_baseline
124.0,NODE_5681,11139418723,2,0,GGr,r,False,False,0,,53.0,177.0,False,False,scenario_baseline
124.0,NODE_10262,11203041635,4,0,GGGGr,r,False,False,5,ped_9_0_NODE_10262|ped_9_1_NODE_10262|ped_9_2_NODE_10262|ped_9_3_NODE_10262|ped_9_4_NODE_10262,53.0,177.0,False,False,scenario_baseline
124.5,LINK_249048,5161705573,2,0,GGr,r,False,False,0,,52.5,177.0,False,False,scenario_baseline
124.5,NODE_5837,5161705573,2,0,GGr,r,False,False,0,,52.5,177.0,False,False,scenario_baseline
124.5,LINK_10218,11139418715,2,0,GGr,r,False,False,0,,52.5,177.0,False,False,scenario_baseline
124.5,LINK_140740,11139418715,2,0,GGr,r,False,False,0,,52.5,177.0,False,False,scenario_baseline
124.5,NODE_9634,10974501473,4,0,GGGGr,r,False,False,0,,54.5,179.0,False,False,scenario_baseline
124.5,LINK_194891,11203052965,11,0,GGGGGGGGGGGr,r,False,False,4,ped_6_0_LINK_194891|ped_6_2_LINK_194891|ped_6_3_LINK_194891|ped_6_4_LINK_194891,52.5,177.0,False,False,scenario_baseline
124.5,NODE_10378,11139418715,2,0,GGr,r,False,False,0,,52.5,177.0,False,False,scenario_baseline
124.5,NODE_5681,11139418723,2,0,GGr,r,False,False,0,,52.5,177.0,False,False,scenario_baseline
124.5,NODE_10262,11203041635,4,0,GGGGr,r,False,False,5,ped_9_0_NODE_10262|ped_9_1_NODE_10262|ped_9_2_NODE_10262|ped_9_3_NODE_10262|ped_9_4_NODE_10262,52.5,177.0,False,False,scenario_baseline
125.0,LINK_249048,5161705573,2,0,GGr,r,False,False,0,,52.0,177.0,False,False,scenario_baseline
125.0,NODE_5837,5161705573,2,0,GGr,r,False,False,0,,52.0,177.0,False,False,scenario_baseline
125.0,LINK_10218,11139418715,2,0,GGr,r,False,False,0,,52.0,177.0,False,False,scenario_baseline
125.0,LINK_140740,11139418715,2,0,GGr,r,False,False,0,,52.0,177.0,False,False,scenario_baseline
125.0,NODE_9634,10974501473,4,0,GGGGr,r,False,False,0,,54.0,179.0,False,False,scenario_baseline
125.0,LINK_194891,11203052965,11,0,GGGGGGGGGGGr,r,False,False,4,ped_6_0_LINK_194891|ped_6_2_LINK_194891|ped_6_3_LINK_194891|ped_6_4_LINK_194891,52.0,177.0,False,False,scenario_baseline
125.0,NODE_10378,11139418715,2,0,GGr,r,False,False,0,,52.0,177.0,False,False,scenario_baseline
125.0,NODE_5681,11139418723,2,0,GGr,r,False,False,0,,52.0,177.0,False,False,scenario_baseline
125.0,NODE_10262,11203041635,4,0,GGGGr,r,False,False,5,ped_9_0_NODE_10262|ped_9_1_NODE_10262|ped_9_2_NODE_10262|ped_9_3_NODE_10262|ped_9_4_NODE_10262,52.0,177.0,False,False,scenario_baseline
125.5,LINK_249048,5161705573,2,0,GGr,r,False,False,0,,51.5,177.0,False,False,scenario_baseline
125.5,NODE_5837,5161705573,2,0,GGr,r,False,False,0,,51.5,177.0,False,False,scenario_baseline
125.5,LINK_10218,11139418715,2,0,GGr,r,False,False,0,,51.5,177.0,False,False,scenario_baseline
125.5,LINK_140740,11139418715,2,0,GGr,r,False,False,0,,51.5,177.0,False,False,scenario_baseline
125.5,NODE_9634,10974501473,4,0,GGGGr,r,False,False,0,,53.5,179.0,False,False,scenario_baseline
125.5,LINK_194891,11203052965,11,0,GGGGGGGGGGGr,r,False,False,4,ped_6_0_LINK_194891|ped_6_2_LINK_194891|ped_6_3_LINK_194891|ped_6_4_LINK_194891,51.5,177.0,False,False,scenario_baseline
125.5,NODE_10378,11139418715,2,0,GGr,r,False,False,0,,51.5,177.0,False,False,scenario_baseline
125.5,NODE_5681,11139418723,2,0,GGr,r,False,False,0,,51.5,177.0,False,False,scenario_baseline
125.5,NODE_10262,11203041635,4,0,GGGGr,r,False,False,5,ped_9_0_NODE_10262|ped_9_1_NODE_10262|ped_9_2_NODE_10262|ped_9_3_NODE_10262|ped_9_4_NODE_10262,51.5,177.0,False,False,scenario_baseline
126.0,LINK_249048,5161705573,2,0,GGr,r,False,False,0,,51.0,177.0,False,False,scenario_baseline
126.0,NODE_5837,5161705573,2,0,GGr,r,False,False,0,,51.0,177.0,False,False,scenario_baseline
126.0,LINK_10218,11139418715,2,0,GGr,r,False,False,0,,51.0,177.0,False,False,scenario_baseline
126.0,LINK_140740,11139418715,2,0,GGr,r,False,False,0,,51.0,177.0,False,False,scenario_baseline
126.0,NODE_9634,10974501473,4,0,GGGGr,r,False,False,0,,53.0,179.0,False,False,scenario_baseline
126.0,LINK_194891,11203052965,11,0,GGGGGGGGGGGr,r,False,False,4,ped_6_0_LINK_194891|ped_6_2_LINK_194891|ped_6_3_LINK_194891|ped_6_4_LINK_194891,51.0,177.0,False,False,scenario_baseline
126.0,NODE_10378,11139418715,2,0,GGr,r,False,False,0,,51.0,177.0,False,False,scenario_baseline
126.0,NODE_5681,11139418723,2,0,GGr,r,False,False,0,,51.0,177.0,False,False,scenario_baseline
126.0,NODE_10262,11203041635,4,0,GGGGr,r,False,False,5,ped_9_0_NODE_10262|ped_9_1_NODE_10262|ped_9_2_NODE_10262|ped_9_3_NODE_10262|ped_9_4_NODE_10262,51.0,177.0,False,False,scenario_baseline
126.5,LINK_249048,5161705573,2,0,GGr,r,False,False,0,,50.5,177.0,False,False,scenario_baseline
126.5,NODE_5837,5161705573,2,0,GGr,r,False,False,0,,50.5,177.0,False,False,scenario_baseline
126.5,LINK_10218,11139418715,2,0,GGr,r,False,False,0,,50.5,177.0,False,False,scenario_baseline
126.5,LINK_140740,11139418715,2,0,GGr,r,False,False,0,,50.5,177.0,False,False,scenario_baseline
126.5,NODE_9634,10974501473,4,0,GGGGr,r,False,False,0,,52.5,179.0,False,False,scenario_baseline
126.5,LINK_194891,11203052965,11,0,GGGGGGGGGGGr,r,False,False,4,ped_6_0_LINK_194891|ped_6_2_LINK_194891|ped_6_3_LINK_194891|ped_6_4_LINK_194891,50.5,177.0,False,False,scenario_baseline
126.5,NODE_10378,11139418715,2,0,GGr,r,False,False,0,,50.5,177.0,False,False,scenario_baseline
126.5,NODE_5681,11139418723,2,0,GGr,r,False,False,0,,50.5,177.0,False,False,scenario_baseline
126.5,NODE_10262,11203041635,4,0,GGGGr,r,False,False,5,ped_9_0_NODE_10262|ped_9_1_NODE_10262|ped_9_2_NODE_10262|ped_9_3_NODE_10262|ped_9_4_NODE_10262,50.5,177.0,False,False,scenario_baseline
127.0,LINK_249048,5161705573,2,0,GGr,r,False,False,0,,50.0,177.0,False,False,scenario_baseline
127.0,NODE_5837,5161705573,2,0,GGr,r,False,False,0,,50.0,177.0,False,False,scenario_baseline
127.0,LINK_10218,11139418715,2,0,GGr,r,False,False,0,,50.0,177.0,False,False,scenario_baseline
127.0,LINK_140740,11139418715,2,0,GGr,r,False,False,0,,50.0,177.0,False,False,scenario_baseline
127.0,NODE_9634,10974501473,4,0,GGGGr,r,False,False,0,,52.0,179.0,False,False,scenario_baseline
127.0,LINK_194891,11203052965,11,0,GGGGGGGGGGGr,r,False,False,4,ped_6_0_LINK_194891|ped_6_2_LINK_194891|ped_6_3_LINK_194891|ped_6_4_LINK_194891,50.0,177.0,False,False,scenario_baseline
127.0,NODE_10378,11139418715,2,0,GGr,r,False,False,0,,50.0,177.0,False,False,scenario_baseline
127.0,NODE_5681,11139418723,2,0,GGr,r,False,False,0,,50.0,177.0,False,False,scenario_baseline
127.0,NODE_10262,11203041635,4,0,GGGGr,r,False,False,5,ped_9_0_NODE_10262|ped_9_1_NODE_10262|ped_9_2_NODE_10262|ped_9_3_NODE_10262|ped_9_4_NODE_10262,50.0,177.0,False,False,scenario_baseline
127.5,LINK_249048,5161705573,2,0,GGr,r,False,False,0,,49.5,177.0,False,False,scenario_baseline
127.5,NODE_5837,5161705573,2,0,GGr,r,False,False,0,,49.5,177.0,False,False,scenario_baseline
127.5,LINK_10218,11139418715,2,0,GGr,r,False,False,0,,49.5,177.0,False,False,scenario_baseline
127.5,LINK_140740,11139418715,2,0,GGr,r,False,False,0,,49.5,177.0,False,False,scenario_baseline
127.5,NODE_9634,10974501473,4,0,GGGGr,r,False,False,0,,51.5,179.0,False,False,scenario_baseline
127.5,LINK_194891,11203052965,11,0,GGGGGGGGGGGr,r,False,False,4,ped_6_0_LINK_194891|ped_6_2_LINK_194891|ped_6_3_LINK_194891|ped_6_4_LINK_194891,49.5,177.0,False,False,scenario_baseline
127.5,NODE_10378,11139418715,2,0,GGr,r,False,False,0,,49.5,177.0,False,False,scenario_baseline
127.5,NODE_5681,11139418723,2,0,GGr,r,False,False,0,,49.5,177.0,False,False,scenario_baseline
127.5,NODE_10262,11203041635,4,0,GGGGr,r,False,False,5,ped_9_0_NODE_10262|ped_9_1_NODE_10262|ped_9_2_NODE_10262|ped_9_3_NODE_10262|ped_9_4_NODE_10262,49.5,177.0,False,False,scenario_baseline
128.0,LINK_249048,5161705573,2,0,GGr,r,False,False,0,,49.0,177.0,False,False,scenario_baseline
128.0,NODE_5837,5161705573,2,0,GGr,r,False,False,0,,49.0,177.0,False,False,scenario_baseline
128.0,LINK_10218,11139418715,2,0,GGr,r,False,False,0,,49.0,177.0,False,False,scenario_baseline
128.0,LINK_140740,11139418715,2,0,GGr,r,False,False,0,,49.0,177.0,False,False,scenario_baseline
128.0,NODE_9634,10974501473,4,0,GGGGr,r,False,False,0,,51.0,179.0,False,False,scenario_baseline
128.0,LINK_194891,11203052965,11,0,GGGGGGGGGGGr,r,False,False,4,ped_6_0_LINK_194891|ped_6_2_LINK_194891|ped_6_3_LINK_194891|ped_6_4_LINK_194891,49.0,177.0,False,False,scenario_baseline
128.0,NODE_10378,11139418715,2,0,GGr,r,False,False,0,,49.0,177.0,False,False,scenario_baseline
128.0,NODE_5681,11139418723,2,0,GGr,r,False,False,0,,49.0,177.0,False,False,scenario_baseline
128.0,NODE_10262,11203041635,4,0,GGGGr,r,False,False,5,ped_9_0_NODE_10262|ped_9_1_NODE_10262|ped_9_2_NODE_10262|ped_9_3_NODE_10262|ped_9_4_NODE_10262,49.0,177.0,False,False,scenario_baseline
128.5,LINK_249048,5161705573,2,0,GGr,r,False,False,0,,48.5,177.0,False,False,scenario_baseline
128.5,NODE_5837,5161705573,2,0,GGr,r,False,False,0,,48.5,177.0,False,False,scenario_baseline
128.5,LINK_10218,11139418715,2,0,GGr,r,False,False,0,,48.5,177.0,False,False,scenario_baseline
128.5,LINK_140740,11139418715,2,0,GGr,r,False,False,0,,48.5,177.0,False,False,scenario_baseline
128.5,NODE_9634,10974501473,4,0,GGGGr,r,False,False,0,,50.5,179.0,False,False,scenario_baseline
128.5,LINK_194891,11203052965,11,0,GGGGGGGGGGGr,r,False,False,4,ped_6_0_LINK_194891|ped_6_2_LINK_194891|ped_6_3_LINK_194891|ped_6_4_LINK_194891,48.5,177.0,False,False,scenario_baseline
128.5,NODE_10378,11139418715,2,0,GGr,r,False,False,0,,48.5,177.0,False,False,scenario_baseline
128.5,NODE_5681,11139418723,2,0,GGr,r,False,False,0,,48.5,177.0,False,False,scenario_baseline
128.5,NODE_10262,11203041635,4,0,GGGGr,r,False,False,5,ped_9_0_NODE_10262|ped_9_1_NODE_10262|ped_9_2_NODE_10262|ped_9_3_NODE_10262|ped_9_4_NODE_10262,48.5,177.0,False,False,scenario_baseline
129.0,LINK_249048,5161705573,2,0,GGr,r,False,False,0,,48.0,177.0,False,False,scenario_baseline
129.0,NODE_5837,5161705573,2,0,GGr,r,False,False,0,,48.0,177.0,False,False,scenario_baseline
129.0,LINK_10218,11139418715,2,0,GGr,r,False,False,0,,48.0,177.0,False,False,scenario_baseline
129.0,LINK_140740,11139418715,2,0,GGr,r,False,False,0,,48.0,177.0,False,False,scenario_baseline
129.0,NODE_9634,10974501473,4,0,GGGGr,r,False,False,0,,50.0,179.0,False,False,scenario_baseline
129.0,LINK_194891,11203052965,11,0,GGGGGGGGGGGr,r,False,False,3,ped_6_2_LINK_194891|ped_6_3_LINK_194891|ped_6_4_LINK_194891,48.0,177.0,False,False,scenario_baseline
129.0,NODE_10378,11139418715,2,0,GGr,r,False,False,0,,48.0,177.0,False,False,scenario_baseline
129.0,NODE_5681,11139418723,2,0,GGr,r,False,False,0,,48.0,177.0,False,False,scenario_baseline
129.0,NODE_10262,11203041635,4,0,GGGGr,r,False,False,5,ped_9_0_NODE_10262|ped_9_1_NODE_10262|ped_9_2_NODE_10262|ped_9_3_NODE_10262|ped_9_4_NODE_10262,48.0,177.0,False,False,scenario_baseline
129.5,LINK_249048,5161705573,2,0,GGr,r,False,False,0,,47.5,177.0,False,False,scenario_baseline
129.5,NODE_5837,5161705573,2,0,GGr,r,False,False,0,,47.5,177.0,False,False,scenario_baseline
129.5,LINK_10218,11139418715,2,0,GGr,r,False,False,0,,47.5,177.0,False,False,scenario_baseline
129.5,LINK_140740,11139418715,2,0,GGr,r,False,False,0,,47.5,177.0,False,False,scenario_baseline
129.5,NODE_9634,10974501473,4,0,GGGGr,r,False,False,0,,49.5,179.0,False,False,scenario_baseline
129.5,LINK_194891,11203052965,11,0,GGGGGGGGGGGr,r,False,False,3,ped_6_2_LINK_194891|ped_6_3_LINK_194891|ped_6_4_LINK_194891,47.5,177.0,False,False,scenario_baseline
129.5,NODE_10378,11139418715,2,0,GGr,r,False,False,0,,47.5,177.0,False,False,scenario_baseline
129.5,NODE_5681,11139418723,2,0,GGr,r,False,False,0,,47.5,177.0,False,False,scenario_baseline
129.5,NODE_10262,11203041635,4,0,GGGGr,r,False,False,5,ped_9_0_NODE_10262|ped_9_1_NODE_10262|ped_9_2_NODE_10262|ped_9_3_NODE_10262|ped_9_4_NODE_10262,47.5,177.0,False,False,scenario_baseline
130.0,LINK_249048,5161705573,2,0,GGr,r,False,False,0,,47.0,177.0,False,False,scenario_baseline
130.0,NODE_5837,5161705573,2,0,GGr,r,False,False,0,,47.0,177.0,False,False,scenario_baseline
130.0,LINK_10218,11139418715,2,0,GGr,r,False,False,0,,47.0,177.0,False,False,scenario_baseline
130.0,LINK_140740,11139418715,2,0,GGr,r,False,False,0,,47.0,177.0,False,False,scenario_baseline
130.0,NODE_9634,10974501473,4,0,GGGGr,r,False,False,0,,49.0,179.0,False,False,scenario_baseline
130.0,LINK_194891,11203052965,11,0,GGGGGGGGGGGr,r,False,False,2,ped_6_3_LINK_194891|ped_6_4_LINK_194891,47.0,177.0,False,False,scenario_baseline
130.0,NODE_10378,11139418715,2,0,GGr,r,False,False,0,,47.0,177.0,False,False,scenario_baseline
130.0,NODE_5681,11139418723,2,0,GGr,r,False,False,0,,47.0,177.0,False,False,scenario_baseline
130.0,NODE_10262,11203041635,4,0,GGGGr,r,False,False,5,ped_9_0_NODE_10262|ped_9_1_NODE_10262|ped_9_2_NODE_10262|ped_9_3_NODE_10262|ped_9_4_NODE_10262,47.0,177.0,False,False,scenario_baseline
130.5,LINK_249048,5161705573,2,0,GGr,r,False,False,0,,46.5,177.0,False,False,scenario_baseline
130.5,NODE_5837,5161705573,2,0,GGr,r,False,False,0,,46.5,177.0,False,False,scenario_baseline
130.5,LINK_10218,11139418715,2,0,GGr,r,False,False,0,,46.5,177.0,False,False,scenario_baseline
130.5,LINK_140740,11139418715,2,0,GGr,r,False,False,0,,46.5,177.0,False,False,scenario_baseline
130.5,NODE_9634,10974501473,4,0,GGGGr,r,False,False,0,,48.5,179.0,False,False,scenario_baseline
130.5,LINK_194891,11203052965,11,0,GGGGGGGGGGGr,r,False,False,2,ped_6_3_LINK_194891|ped_6_4_LINK_194891,46.5,177.0,False,False,scenario_baseline
130.5,NODE_10378,11139418715,2,0,GGr,r,False,False,0,,46.5,177.0,False,False,scenario_baseline
130.5,NODE_5681,11139418723,2,0,GGr,r,False,False,0,,46.5,177.0,False,False,scenario_baseline
130.5,NODE_10262,11203041635,4,0,GGGGr,r,False,False,5,ped_9_0_NODE_10262|ped_9_1_NODE_10262|ped_9_2_NODE_10262|ped_9_3_NODE_10262|ped_9_4_NODE_10262,46.5,177.0,False,False,scenario_baseline
131.0,LINK_249048,5161705573,2,0,GGr,r,False,False,0,,46.0,177.0,False,False,scenario_baseline
131.0,NODE_5837,5161705573,2,0,GGr,r,False,False,0,,46.0,177.0,False,False,scenario_baseline
131.0,LINK_10218,11139418715,2,0,GGr,r,False,False,0,,46.0,177.0,False,False,scenario_baseline
131.0,LINK_140740,11139418715,2,0,GGr,r,False,False,0,,46.0,177.0,False,False,scenario_baseline
131.0,NODE_9634,10974501473,4,0,GGGGr,r,False,False,0,,48.0,179.0,False,False,scenario_baseline
131.0,LINK_194891,11203052965,11,0,GGGGGGGGGGGr,r,False,False,2,ped_6_3_LINK_194891|ped_6_4_LINK_194891,46.0,177.0,False,False,scenario_baseline
131.0,NODE_10378,11139418715,2,0,GGr,r,False,False,0,,46.0,177.0,False,False,scenario_baseline
131.0,NODE_5681,11139418723,2,0,GGr,r,False,False,0,,46.0,177.0,False,False,scenario_baseline
131.0,NODE_10262,11203041635,4,0,GGGGr,r,False,False,5,ped_9_0_NODE_10262|ped_9_1_NODE_10262|ped_9_2_NODE_10262|ped_9_3_NODE_10262|ped_9_4_NODE_10262,46.0,177.0,False,False,scenario_baseline
131.5,LINK_249048,5161705573,2,0,GGr,r,False,False,0,,45.5,177.0,False,False,scenario_baseline
131.5,NODE_5837,5161705573,2,0,GGr,r,False,False,0,,45.5,177.0,False,False,scenario_baseline
131.5,LINK_10218,11139418715,2,0,GGr,r,False,False,0,,45.5,177.0,False,False,scenario_baseline
131.5,LINK_140740,11139418715,2,0,GGr,r,False,False,0,,45.5,177.0,False,False,scenario_baseline
131.5,NODE_9634,10974501473,4,0,GGGGr,r,False,False,0,,47.5,179.0,False,False,scenario_baseline
131.5,LINK_194891,11203052965,11,0,GGGGGGGGGGGr,r,False,False,2,ped_6_3_LINK_194891|ped_6_4_LINK_194891,45.5,177.0,False,False,scenario_baseline
131.5,NODE_10378,11139418715,2,0,GGr,r,False,False,0,,45.5,177.0,False,False,scenario_baseline
131.5,NODE_5681,11139418723,2,0,GGr,r,False,False,0,,45.5,177.0,False,False,scenario_baseline
131.5,NODE_10262,11203041635,4,0,GGGGr,r,False,False,5,ped_9_0_NODE_10262|ped_9_1_NODE_10262|ped_9_2_NODE_10262|ped_9_3_NODE_10262|ped_9_4_NODE_10262,45.5,177.0,False,False,scenario_baseline
132.0,LINK_249048,5161705573,2,0,GGr,r,False,False,0,,45.0,177.0,False,False,scenario_baseline
132.0,NODE_5837,5161705573,2,0,GGr,r,False,False,0,,45.0,177.0,False,False,scenario_baseline
132.0,LINK_10218,11139418715,2,0,GGr,r,False,False,0,,45.0,177.0,False,False,scenario_baseline
132.0,LINK_140740,11139418715,2,0,GGr,r,False,False,0,,45.0,177.0,False,False,scenario_baseline
132.0,NODE_9634,10974501473,4,0,GGGGr,r,False,False,0,,47.0,179.0,False,False,scenario_baseline
132.0,LINK_194891,11203052965,11,0,GGGGGGGGGGGr,r,False,False,2,ped_6_3_LINK_194891|ped_6_4_LINK_194891,45.0,177.0,False,False,scenario_baseline
132.0,NODE_10378,11139418715,2,0,GGr,r,False,False,0,,45.0,177.0,False,False,scenario_baseline
132.0,NODE_5681,11139418723,2,0,GGr,r,False,False,0,,45.0,177.0,False,False,scenario_baseline
132.0,NODE_10262,11203041635,4,0,GGGGr,r,False,False,5,ped_9_0_NODE_10262|ped_9_1_NODE_10262|ped_9_2_NODE_10262|ped_9_3_NODE_10262|ped_9_4_NODE_10262,45.0,177.0,False,False,scenario_baseline
132.5,LINK_249048,5161705573,2,0,GGr,r,False,False,0,,44.5,177.0,False,False,scenario_baseline
132.5,NODE_5837,5161705573,2,0,GGr,r,False,False,0,,44.5,177.0,False,False,scenario_baseline
132.5,LINK_10218,11139418715,2,0,GGr,r,False,False,0,,44.5,177.0,False,False,scenario_baseline
132.5,LINK_140740,11139418715,2,0,GGr,r,False,False,0,,44.5,177.0,False,False,scenario_baseline
132.5,NODE_9634,10974501473,4,0,GGGGr,r,False,False,0,,46.5,179.0,False,False,scenario_baseline
132.5,LINK_194891,11203052965,11,0,GGGGGGGGGGGr,r,False,False,1,ped_6_4_LINK_194891,44.5,177.0,False,False,scenario_baseline
132.5,NODE_10378,11139418715,2,0,GGr,r,False,False,0,,44.5,177.0,False,False,scenario_baseline
132.5,NODE_5681,11139418723,2,0,GGr,r,False,False,0,,44.5,177.0,False,False,scenario_baseline
132.5,NODE_10262,11203041635,4,0,GGGGr,r,False,False,5,ped_9_0_NODE_10262|ped_9_1_NODE_10262|ped_9_2_NODE_10262|ped_9_3_NODE_10262|ped_9_4_NODE_10262,44.5,177.0,False,False,scenario_baseline
133.0,LINK_249048,5161705573,2,0,GGr,r,False,False,0,,44.0,177.0,False,False,scenario_baseline
133.0,NODE_5837,5161705573,2,0,GGr,r,False,False,0,,44.0,177.0,False,False,scenario_baseline
133.0,LINK_10218,11139418715,2,0,GGr,r,False,False,0,,44.0,177.0,False,False,scenario_baseline
133.0,LINK_140740,11139418715,2,0,GGr,r,False,False,0,,44.0,177.0,False,False,scenario_baseline
133.0,NODE_9634,10974501473,4,0,GGGGr,r,False,False,0,,46.0,179.0,False,False,scenario_baseline
133.0,LINK_194891,11203052965,11,0,GGGGGGGGGGGr,r,False,False,1,ped_6_4_LINK_194891,44.0,177.0,False,False,scenario_baseline
133.0,NODE_10378,11139418715,2,0,GGr,r,False,False,0,,44.0,177.0,False,False,scenario_baseline
133.0,NODE_5681,11139418723,2,0,GGr,r,False,False,0,,44.0,177.0,False,False,scenario_baseline
133.0,NODE_10262,11203041635,4,0,GGGGr,r,False,False,5,ped_9_0_NODE_10262|ped_9_1_NODE_10262|ped_9_2_NODE_10262|ped_9_3_NODE_10262|ped_9_4_NODE_10262,44.0,177.0,False,False,scenario_baseline
133.5,LINK_249048,5161705573,2,0,GGr,r,False,False,0,,43.5,177.0,False,False,scenario_baseline
133.5,NODE_5837,5161705573,2,0,GGr,r,False,False,0,,43.5,177.0,False,False,scenario_baseline
133.5,LINK_10218,11139418715,2,0,GGr,r,False,False,0,,43.5,177.0,False,False,scenario_baseline
133.5,LINK_140740,11139418715,2,0,GGr,r,False,False,0,,43.5,177.0,False,False,scenario_baseline
133.5,NODE_9634,10974501473,4,0,GGGGr,r,False,False,0,,45.5,179.0,False,False,scenario_baseline
133.5,LINK_194891,11203052965,11,0,GGGGGGGGGGGr,r,False,False,1,ped_6_4_LINK_194891,43.5,177.0,False,False,scenario_baseline
133.5,NODE_10378,11139418715,2,0,GGr,r,False,False,0,,43.5,177.0,False,False,scenario_baseline
133.5,NODE_5681,11139418723,2,0,GGr,r,False,False,0,,43.5,177.0,False,False,scenario_baseline
133.5,NODE_10262,11203041635,4,0,GGGGr,r,False,False,5,ped_9_0_NODE_10262|ped_9_1_NODE_10262|ped_9_2_NODE_10262|ped_9_3_NODE_10262|ped_9_4_NODE_10262,43.5,177.0,False,False,scenario_baseline
134.0,LINK_249048,5161705573,2,0,GGr,r,False,False,0,,43.0,177.0,False,False,scenario_baseline
134.0,NODE_5837,5161705573,2,0,GGr,r,False,False,0,,43.0,177.0,False,False,scenario_baseline
134.0,LINK_10218,11139418715,2,0,GGr,r,False,False,0,,43.0,177.0,False,False,scenario_baseline
134.0,LINK_140740,11139418715,2,0,GGr,r,False,False,0,,43.0,177.0,False,False,scenario_baseline
134.0,NODE_9634,10974501473,4,0,GGGGr,r,False,False,0,,45.0,179.0,False,False,scenario_baseline
134.0,LINK_194891,11203052965,11,0,GGGGGGGGGGGr,r,False,False,1,ped_6_4_LINK_194891,43.0,177.0,False,False,scenario_baseline
134.0,NODE_10378,11139418715,2,0,GGr,r,False,False,0,,43.0,177.0,False,False,scenario_baseline
134.0,NODE_5681,11139418723,2,0,GGr,r,False,False,0,,43.0,177.0,False,False,scenario_baseline
134.0,NODE_10262,11203041635,4,0,GGGGr,r,False,False,5,ped_9_0_NODE_10262|ped_9_1_NODE_10262|ped_9_2_NODE_10262|ped_9_3_NODE_10262|ped_9_4_NODE_10262,43.0,177.0,False,False,scenario_baseline
134.5,LINK_249048,5161705573,2,0,GGr,r,False,False,0,,42.5,177.0,False,False,scenario_baseline
134.5,NODE_5837,5161705573,2,0,GGr,r,False,False,0,,42.5,177.0,False,False,scenario_baseline
134.5,LINK_10218,11139418715,2,0,GGr,r,False,False,0,,42.5,177.0,False,False,scenario_baseline
134.5,LINK_140740,11139418715,2,0,GGr,r,False,False,0,,42.5,177.0,False,False,scenario_baseline
134.5,NODE_9634,10974501473,4,0,GGGGr,r,False,False,0,,44.5,179.0,False,False,scenario_baseline
134.5,LINK_194891,11203052965,11,0,GGGGGGGGGGGr,r,False,False,1,ped_6_4_LINK_194891,42.5,177.0,False,False,scenario_baseline
134.5,NODE_10378,11139418715,2,0,GGr,r,False,False,0,,42.5,177.0,False,False,scenario_baseline
134.5,NODE_5681,11139418723,2,0,GGr,r,False,False,0,,42.5,177.0,False,False,scenario_baseline
134.5,NODE_10262,11203041635,4,0,GGGGr,r,False,False,5,ped_9_0_NODE_10262|ped_9_1_NODE_10262|ped_9_2_NODE_10262|ped_9_3_NODE_10262|ped_9_4_NODE_10262,42.5,177.0,False,False,scenario_baseline
135.0,LINK_249048,5161705573,2,0,GGr,r,False,False,0,,42.0,177.0,False,False,scenario_baseline
135.0,NODE_5837,5161705573,2,0,GGr,r,False,False,0,,42.0,177.0,False,False,scenario_baseline
135.0,LINK_10218,11139418715,2,0,GGr,r,False,False,0,,42.0,177.0,False,False,scenario_baseline
135.0,LINK_140740,11139418715,2,0,GGr,r,False,False,0,,42.0,177.0,False,False,scenario_baseline
135.0,NODE_9634,10974501473,4,0,GGGGr,r,False,False,0,,44.0,179.0,False,False,scenario_baseline
135.0,LINK_194891,11203052965,11,0,GGGGGGGGGGGr,r,False,False,1,ped_6_4_LINK_194891,42.0,177.0,False,False,scenario_baseline
135.0,NODE_10378,11139418715,2,0,GGr,r,False,False,0,,42.0,177.0,False,False,scenario_baseline
135.0,NODE_5681,11139418723,2,0,GGr,r,False,False,0,,42.0,177.0,False,False,scenario_baseline
135.0,NODE_10262,11203041635,4,0,GGGGr,r,False,False,5,ped_9_0_NODE_10262|ped_9_1_NODE_10262|ped_9_2_NODE_10262|ped_9_3_NODE_10262|ped_9_4_NODE_10262,42.0,177.0,False,False,scenario_baseline
135.5,LINK_249048,5161705573,2,0,GGr,r,False,False,0,,41.5,177.0,False,False,scenario_baseline
135.5,NODE_5837,5161705573,2,0,GGr,r,False,False,0,,41.5,177.0,False,False,scenario_baseline
135.5,LINK_10218,11139418715,2,0,GGr,r,False,False,0,,41.5,177.0,False,False,scenario_baseline
135.5,LINK_140740,11139418715,2,0,GGr,r,False,False,0,,41.5,177.0,False,False,scenario_baseline
135.5,NODE_9634,10974501473,4,0,GGGGr,r,False,False,0,,43.5,179.0,False,False,scenario_baseline
135.5,LINK_194891,11203052965,11,0,GGGGGGGGGGGr,r,False,False,1,ped_6_4_LINK_194891,41.5,177.0,False,False,scenario_baseline
135.5,NODE_10378,11139418715,2,0,GGr,r,False,False,0,,41.5,177.0,False,False,scenario_baseline
135.5,NODE_5681,11139418723,2,0,GGr,r,False,False,0,,41.5,177.0,False,False,scenario_baseline
135.5,NODE_10262,11203041635,4,0,GGGGr,r,False,False,5,ped_9_0_NODE_10262|ped_9_1_NODE_10262|ped_9_2_NODE_10262|ped_9_3_NODE_10262|ped_9_4_NODE_10262,41.5,177.0,False,False,scenario_baseline
136.0,LINK_249048,5161705573,2,0,GGr,r,False,False,0,,41.0,177.0,False,False,scenario_baseline
136.0,NODE_5837,5161705573,2,0,GGr,r,False,False,0,,41.0,177.0,False,False,scenario_baseline
136.0,LINK_10218,11139418715,2,0,GGr,r,False,False,0,,41.0,177.0,False,False,scenario_baseline
136.0,LINK_140740,11139418715,2,0,GGr,r,False,False,0,,41.0,177.0,False,False,scenario_baseline
136.0,NODE_9634,10974501473,4,0,GGGGr,r,False,False,0,,43.0,179.0,False,False,scenario_baseline
136.0,LINK_194891,11203052965,11,0,GGGGGGGGGGGr,r,False,False,1,ped_6_4_LINK_194891,41.0,177.0,False,False,scenario_baseline
136.0,NODE_10378,11139418715,2,0,GGr,r,False,False,0,,41.0,177.0,False,False,scenario_baseline
136.0,NODE_5681,11139418723,2,0,GGr,r,False,False,0,,41.0,177.0,False,False,scenario_baseline
136.0,NODE_10262,11203041635,4,0,GGGGr,r,False,False,5,ped_9_0_NODE_10262|ped_9_1_NODE_10262|ped_9_2_NODE_10262|ped_9_3_NODE_10262|ped_9_4_NODE_10262,41.0,177.0,False,False,scenario_baseline
136.5,LINK_249048,5161705573,2,0,GGr,r,False,False,0,,40.5,177.0,False,False,scenario_baseline
136.5,NODE_5837,5161705573,2,0,GGr,r,False,False,0,,40.5,177.0,False,False,scenario_baseline
136.5,LINK_10218,11139418715,2,0,GGr,r,False,False,0,,40.5,177.0,False,False,scenario_baseline
136.5,LINK_140740,11139418715,2,0,GGr,r,False,False,0,,40.5,177.0,False,False,scenario_baseline
136.5,NODE_9634,10974501473,4,0,GGGGr,r,False,False,0,,42.5,179.0,False,False,scenario_baseline
136.5,LINK_194891,11203052965,11,0,GGGGGGGGGGGr,r,False,False,1,ped_6_4_LINK_194891,40.5,177.0,False,False,scenario_baseline
136.5,NODE_10378,11139418715,2,0,GGr,r,False,False,0,,40.5,177.0,False,False,scenario_baseline
136.5,NODE_5681,11139418723,2,0,GGr,r,False,False,0,,40.5,177.0,False,False,scenario_baseline
136.5,NODE_10262,11203041635,4,0,GGGGr,r,False,False,5,ped_9_0_NODE_10262|ped_9_1_NODE_10262|ped_9_2_NODE_10262|ped_9_3_NODE_10262|ped_9_4_NODE_10262,40.5,177.0,False,False,scenario_baseline
137.0,LINK_249048,5161705573,2,0,GGr,r,False,False,0,,40.0,177.0,False,False,scenario_baseline
137.0,NODE_5837,5161705573,2,0,GGr,r,False,False,0,,40.0,177.0,False,False,scenario_baseline
137.0,LINK_10218,11139418715,2,0,GGr,r,False,False,0,,40.0,177.0,False,False,scenario_baseline
137.0,LINK_140740,11139418715,2,0,GGr,r,False,False,0,,40.0,177.0,False,False,scenario_baseline
137.0,NODE_9634,10974501473,4,0,GGGGr,r,False,False,0,,42.0,179.0,False,False,scenario_baseline
137.0,LINK_194891,11203052965,11,0,GGGGGGGGGGGr,r,False,False,1,ped_6_4_LINK_194891,40.0,177.0,False,False,scenario_baseline
137.0,NODE_10378,11139418715,2,0,GGr,r,False,False,0,,40.0,177.0,False,False,scenario_baseline
137.0,NODE_5681,11139418723,2,0,GGr,r,False,False,0,,40.0,177.0,False,False,scenario_baseline
137.0,NODE_10262,11203041635,4,0,GGGGr,r,False,False,5,ped_9_0_NODE_10262|ped_9_1_NODE_10262|ped_9_2_NODE_10262|ped_9_3_NODE_10262|ped_9_4_NODE_10262,40.0,177.0,False,False,scenario_baseline
137.5,LINK_249048,5161705573,2,0,GGr,r,False,False,0,,39.5,177.0,False,False,scenario_baseline
137.5,NODE_5837,5161705573,2,0,GGr,r,False,False,0,,39.5,177.0,False,False,scenario_baseline
137.5,LINK_10218,11139418715,2,0,GGr,r,False,False,0,,39.5,177.0,False,False,scenario_baseline
137.5,LINK_140740,11139418715,2,0,GGr,r,False,False,0,,39.5,177.0,False,False,scenario_baseline
137.5,NODE_9634,10974501473,4,0,GGGGr,r,False,False,0,,41.5,179.0,False,False,scenario_baseline
137.5,LINK_194891,11203052965,11,0,GGGGGGGGGGGr,r,False,False,1,ped_6_4_LINK_194891,39.5,177.0,False,False,scenario_baseline
137.5,NODE_10378,11139418715,2,0,GGr,r,False,False,0,,39.5,177.0,False,False,scenario_baseline
137.5,NODE_5681,11139418723,2,0,GGr,r,False,False,0,,39.5,177.0,False,False,scenario_baseline
137.5,NODE_10262,11203041635,4,0,GGGGr,r,False,False,5,ped_9_0_NODE_10262|ped_9_1_NODE_10262|ped_9_2_NODE_10262|ped_9_3_NODE_10262|ped_9_4_NODE_10262,39.5,177.0,False,False,scenario_baseline
138.0,LINK_249048,5161705573,2,0,GGr,r,False,False,0,,39.0,177.0,False,False,scenario_baseline
138.0,NODE_5837,5161705573,2,0,GGr,r,False,False,0,,39.0,177.0,False,False,scenario_baseline
138.0,LINK_10218,11139418715,2,0,GGr,r,False,False,0,,39.0,177.0,False,False,scenario_baseline
138.0,LINK_140740,11139418715,2,0,GGr,r,False,False,0,,39.0,177.0,False,False,scenario_baseline
138.0,NODE_9634,10974501473,4,0,GGGGr,r,False,False,0,,41.0,179.0,False,False,scenario_baseline
138.0,LINK_194891,11203052965,11,0,GGGGGGGGGGGr,r,False,False,1,ped_6_4_LINK_194891,39.0,177.0,False,False,scenario_baseline
138.0,NODE_10378,11139418715,2,0,GGr,r,False,False,0,,39.0,177.0,False,False,scenario_baseline
138.0,NODE_5681,11139418723,2,0,GGr,r,False,False,0,,39.0,177.0,False,False,scenario_baseline
138.0,NODE_10262,11203041635,4,0,GGGGr,r,False,False,5,ped_9_0_NODE_10262|ped_9_1_NODE_10262|ped_9_2_NODE_10262|ped_9_3_NODE_10262|ped_9_4_NODE_10262,39.0,177.0,False,False,scenario_baseline
138.5,LINK_249048,5161705573,2,0,GGr,r,False,False,0,,38.5,177.0,False,False,scenario_baseline
138.5,NODE_5837,5161705573,2,0,GGr,r,False,False,0,,38.5,177.0,False,False,scenario_baseline
138.5,LINK_10218,11139418715,2,0,GGr,r,False,False,0,,38.5,177.0,False,False,scenario_baseline
138.5,LINK_140740,11139418715,2,0,GGr,r,False,False,0,,38.5,177.0,False,False,scenario_baseline
138.5,NODE_9634,10974501473,4,0,GGGGr,r,False,False,0,,40.5,179.0,False,False,scenario_baseline
138.5,LINK_194891,11203052965,11,0,GGGGGGGGGGGr,r,False,False,1,ped_6_4_LINK_194891,38.5,177.0,False,False,scenario_baseline
138.5,NODE_10378,11139418715,2,0,GGr,r,False,False,0,,38.5,177.0,False,False,scenario_baseline
138.5,NODE_5681,11139418723,2,0,GGr,r,False,False,0,,38.5,177.0,False,False,scenario_baseline
138.5,NODE_10262,11203041635,4,0,GGGGr,r,False,False,5,ped_9_0_NODE_10262|ped_9_1_NODE_10262|ped_9_2_NODE_10262|ped_9_3_NODE_10262|ped_9_4_NODE_10262,38.5,177.0,False,False,scenario_baseline
139.0,LINK_249048,5161705573,2,0,GGr,r,False,False,0,,38.0,177.0,False,False,scenario_baseline
139.0,NODE_5837,5161705573,2,0,GGr,r,False,False,0,,38.0,177.0,False,False,scenario_baseline
139.0,LINK_10218,11139418715,2,0,GGr,r,False,False,0,,38.0,177.0,False,False,scenario_baseline
139.0,LINK_140740,11139418715,2,0,GGr,r,False,False,0,,38.0,177.0,False,False,scenario_baseline
139.0,NODE_9634,10974501473,4,0,GGGGr,r,False,False,0,,40.0,179.0,False,False,scenario_baseline
139.0,LINK_194891,11203052965,11,0,GGGGGGGGGGGr,r,False,False,1,ped_6_4_LINK_194891,38.0,177.0,False,False,scenario_baseline
139.0,NODE_10378,11139418715,2,0,GGr,r,False,False,0,,38.0,177.0,False,False,scenario_baseline
139.0,NODE_5681,11139418723,2,0,GGr,r,False,False,0,,38.0,177.0,False,False,scenario_baseline
139.0,NODE_10262,11203041635,4,0,GGGGr,r,False,False,5,ped_9_0_NODE_10262|ped_9_1_NODE_10262|ped_9_2_NODE_10262|ped_9_3_NODE_10262|ped_9_4_NODE_10262,38.0,177.0,False,False,scenario_baseline
139.5,LINK_249048,5161705573,2,0,GGr,r,False,False,0,,37.5,177.0,False,False,scenario_baseline
139.5,NODE_5837,5161705573,2,0,GGr,r,False,False,0,,37.5,177.0,False,False,scenario_baseline
139.5,LINK_10218,11139418715,2,0,GGr,r,False,False,0,,37.5,177.0,False,False,scenario_baseline
139.5,LINK_140740,11139418715,2,0,GGr,r,False,False,0,,37.5,177.0,False,False,scenario_baseline
139.5,NODE_9634,10974501473,4,0,GGGGr,r,False,False,0,,39.5,179.0,False,False,scenario_baseline
139.5,LINK_194891,11203052965,11,0,GGGGGGGGGGGr,r,False,False,1,ped_6_4_LINK_194891,37.5,177.0,False,False,scenario_baseline
139.5,NODE_10378,11139418715,2,0,GGr,r,False,False,0,,37.5,177.0,False,False,scenario_baseline
139.5,NODE_5681,11139418723,2,0,GGr,r,False,False,0,,37.5,177.0,False,False,scenario_baseline
139.5,NODE_10262,11203041635,4,0,GGGGr,r,False,False,5,ped_9_0_NODE_10262|ped_9_1_NODE_10262|ped_9_2_NODE_10262|ped_9_3_NODE_10262|ped_9_4_NODE_10262,37.5,177.0,False,False,scenario_baseline
140.0,LINK_249048,5161705573,2,0,GGr,r,False,False,0,,37.0,177.0,False,False,scenario_baseline
140.0,NODE_5837,5161705573,2,0,GGr,r,False,False,0,,37.0,177.0,False,False,scenario_baseline
140.0,LINK_10218,11139418715,2,0,GGr,r,False,False,0,,37.0,177.0,False,False,scenario_baseline
140.0,LINK_140740,11139418715,2,0,GGr,r,False,False,0,,37.0,177.0,False,False,scenario_baseline
140.0,NODE_9634,10974501473,4,0,GGGGr,r,False,False,0,,39.0,179.0,False,False,scenario_baseline
140.0,LINK_194891,11203052965,11,0,GGGGGGGGGGGr,r,False,False,1,ped_6_4_LINK_194891,37.0,177.0,False,False,scenario_baseline
140.0,NODE_10378,11139418715,2,0,GGr,r,False,False,0,,37.0,177.0,False,False,scenario_baseline
140.0,NODE_5681,11139418723,2,0,GGr,r,False,False,0,,37.0,177.0,False,False,scenario_baseline
140.0,NODE_10262,11203041635,4,0,GGGGr,r,False,False,5,ped_9_0_NODE_10262|ped_9_1_NODE_10262|ped_9_2_NODE_10262|ped_9_3_NODE_10262|ped_9_4_NODE_10262,37.0,177.0,False,False,scenario_baseline
140.5,LINK_249048,5161705573,2,0,GGr,r,False,False,0,,36.5,177.0,False,False,scenario_baseline
140.5,NODE_5837,5161705573,2,0,GGr,r,False,False,0,,36.5,177.0,False,False,scenario_baseline
140.5,LINK_10218,11139418715,2,0,GGr,r,False,False,0,,36.5,177.0,False,False,scenario_baseline
140.5,LINK_140740,11139418715,2,0,GGr,r,False,False,0,,36.5,177.0,False,False,scenario_baseline
140.5,NODE_9634,10974501473,4,0,GGGGr,r,False,False,0,,38.5,179.0,False,False,scenario_baseline
140.5,LINK_194891,11203052965,11,0,GGGGGGGGGGGr,r,False,False,1,ped_6_4_LINK_194891,36.5,177.0,False,False,scenario_baseline
140.5,NODE_10378,11139418715,2,0,GGr,r,False,False,0,,36.5,177.0,False,False,scenario_baseline
140.5,NODE_5681,11139418723,2,0,GGr,r,False,False,0,,36.5,177.0,False,False,scenario_baseline
140.5,NODE_10262,11203041635,4,0,GGGGr,r,False,False,5,ped_9_0_NODE_10262|ped_9_1_NODE_10262|ped_9_2_NODE_10262|ped_9_3_NODE_10262|ped_9_4_NODE_10262,36.5,177.0,False,False,scenario_baseline
141.0,LINK_249048,5161705573,2,0,GGr,r,False,False,0,,36.0,177.0,False,False,scenario_baseline
141.0,NODE_5837,5161705573,2,0,GGr,r,False,False,0,,36.0,177.0,False,False,scenario_baseline
141.0,LINK_10218,11139418715,2,0,GGr,r,False,False,0,,36.0,177.0,False,False,scenario_baseline
141.0,LINK_140740,11139418715,2,0,GGr,r,False,False,0,,36.0,177.0,False,False,scenario_baseline
141.0,NODE_9634,10974501473,4,0,GGGGr,r,False,False,0,,38.0,179.0,False,False,scenario_baseline
141.0,LINK_194891,11203052965,11,0,GGGGGGGGGGGr,r,False,False,1,ped_6_4_LINK_194891,36.0,177.0,False,False,scenario_baseline
141.0,NODE_10378,11139418715,2,0,GGr,r,False,False,0,,36.0,177.0,False,False,scenario_baseline
141.0,NODE_5681,11139418723,2,0,GGr,r,False,False,0,,36.0,177.0,False,False,scenario_baseline
141.0,NODE_10262,11203041635,4,0,GGGGr,r,False,False,5,ped_9_0_NODE_10262|ped_9_1_NODE_10262|ped_9_2_NODE_10262|ped_9_3_NODE_10262|ped_9_4_NODE_10262,36.0,177.0,False,False,scenario_baseline
141.5,LINK_249048,5161705573,2,0,GGr,r,False,False,0,,35.5,177.0,False,False,scenario_baseline
141.5,NODE_5837,5161705573,2,0,GGr,r,False,False,0,,35.5,177.0,False,False,scenario_baseline
141.5,LINK_10218,11139418715,2,0,GGr,r,False,False,0,,35.5,177.0,False,False,scenario_baseline
141.5,LINK_140740,11139418715,2,0,GGr,r,False,False,0,,35.5,177.0,False,False,scenario_baseline
141.5,NODE_9634,10974501473,4,0,GGGGr,r,False,False,0,,37.5,179.0,False,False,scenario_baseline
141.5,LINK_194891,11203052965,11,0,GGGGGGGGGGGr,r,False,False,1,ped_6_4_LINK_194891,35.5,177.0,False,False,scenario_baseline
141.5,NODE_10378,11139418715,2,0,GGr,r,False,False,0,,35.5,177.0,False,False,scenario_baseline
141.5,NODE_5681,11139418723,2,0,GGr,r,False,False,0,,35.5,177.0,False,False,scenario_baseline
141.5,NODE_10262,11203041635,4,0,GGGGr,r,False,False,5,ped_9_0_NODE_10262|ped_9_1_NODE_10262|ped_9_2_NODE_10262|ped_9_3_NODE_10262|ped_9_4_NODE_10262,35.5,177.0,False,False,scenario_baseline
142.0,LINK_249048,5161705573,2,0,GGr,r,False,False,0,,35.0,177.0,False,False,scenario_baseline
142.0,NODE_5837,5161705573,2,0,GGr,r,False,False,0,,35.0,177.0,False,False,scenario_baseline
142.0,LINK_10218,11139418715,2,0,GGr,r,False,False,0,,35.0,177.0,False,False,scenario_baseline
142.0,LINK_140740,11139418715,2,0,GGr,r,False,False,0,,35.0,177.0,False,False,scenario_baseline
142.0,NODE_9634,10974501473,4,0,GGGGr,r,False,False,0,,37.0,179.0,False,False,scenario_baseline
142.0,LINK_194891,11203052965,11,0,GGGGGGGGGGGr,r,False,False,1,ped_6_4_LINK_194891,35.0,177.0,False,False,scenario_baseline
142.0,NODE_10378,11139418715,2,0,GGr,r,False,False,0,,35.0,177.0,False,False,scenario_baseline
142.0,NODE_5681,11139418723,2,0,GGr,r,False,False,0,,35.0,177.0,False,False,scenario_baseline
142.0,NODE_10262,11203041635,4,0,GGGGr,r,False,False,5,ped_9_0_NODE_10262|ped_9_1_NODE_10262|ped_9_2_NODE_10262|ped_9_3_NODE_10262|ped_9_4_NODE_10262,35.0,177.0,False,False,scenario_baseline
142.5,LINK_249048,5161705573,2,0,GGr,r,False,False,0,,34.5,177.0,False,False,scenario_baseline
142.5,NODE_5837,5161705573,2,0,GGr,r,False,False,0,,34.5,177.0,False,False,scenario_baseline
142.5,LINK_10218,11139418715,2,0,GGr,r,False,False,0,,34.5,177.0,False,False,scenario_baseline
142.5,LINK_140740,11139418715,2,0,GGr,r,False,False,0,,34.5,177.0,False,False,scenario_baseline
142.5,NODE_9634,10974501473,4,0,GGGGr,r,False,False,0,,36.5,179.0,False,False,scenario_baseline
142.5,LINK_194891,11203052965,11,0,GGGGGGGGGGGr,r,False,False,1,ped_6_4_LINK_194891,34.5,177.0,False,False,scenario_baseline
142.5,NODE_10378,11139418715,2,0,GGr,r,False,False,0,,34.5,177.0,False,False,scenario_baseline
142.5,NODE_5681,11139418723,2,0,GGr,r,False,False,0,,34.5,177.0,False,False,scenario_baseline
142.5,NODE_10262,11203041635,4,0,GGGGr,r,False,False,5,ped_9_0_NODE_10262|ped_9_1_NODE_10262|ped_9_2_NODE_10262|ped_9_3_NODE_10262|ped_9_4_NODE_10262,34.5,177.0,False,False,scenario_baseline
143.0,LINK_249048,5161705573,2,0,GGr,r,False,False,0,,34.0,177.0,False,False,scenario_baseline
143.0,NODE_5837,5161705573,2,0,GGr,r,False,False,0,,34.0,177.0,False,False,scenario_baseline
143.0,LINK_10218,11139418715,2,0,GGr,r,False,False,0,,34.0,177.0,False,False,scenario_baseline
143.0,LINK_140740,11139418715,2,0,GGr,r,False,False,0,,34.0,177.0,False,False,scenario_baseline
143.0,NODE_9634,10974501473,4,0,GGGGr,r,False,False,0,,36.0,179.0,False,False,scenario_baseline
143.0,LINK_194891,11203052965,11,0,GGGGGGGGGGGr,r,False,False,1,ped_6_4_LINK_194891,34.0,177.0,False,False,scenario_baseline
143.0,NODE_10378,11139418715,2,0,GGr,r,False,False,0,,34.0,177.0,False,False,scenario_baseline
143.0,NODE_5681,11139418723,2,0,GGr,r,False,False,0,,34.0,177.0,False,False,scenario_baseline
143.0,NODE_10262,11203041635,4,0,GGGGr,r,False,False,5,ped_9_0_NODE_10262|ped_9_1_NODE_10262|ped_9_2_NODE_10262|ped_9_3_NODE_10262|ped_9_4_NODE_10262,34.0,177.0,False,False,scenario_baseline
143.5,LINK_249048,5161705573,2,0,GGr,r,False,False,0,,33.5,177.0,False,False,scenario_baseline
143.5,NODE_5837,5161705573,2,0,GGr,r,False,False,0,,33.5,177.0,False,False,scenario_baseline
143.5,LINK_10218,11139418715,2,0,GGr,r,False,False,0,,33.5,177.0,False,False,scenario_baseline
143.5,LINK_140740,11139418715,2,0,GGr,r,False,False,0,,33.5,177.0,False,False,scenario_baseline
143.5,NODE_9634,10974501473,4,0,GGGGr,r,False,False,0,,35.5,179.0,False,False,scenario_baseline
143.5,LINK_194891,11203052965,11,0,GGGGGGGGGGGr,r,False,False,1,ped_6_4_LINK_194891,33.5,177.0,False,False,scenario_baseline
143.5,NODE_10378,11139418715,2,0,GGr,r,False,False,0,,33.5,177.0,False,False,scenario_baseline
143.5,NODE_5681,11139418723,2,0,GGr,r,False,False,0,,33.5,177.0,False,False,scenario_baseline
143.5,NODE_10262,11203041635,4,0,GGGGr,r,False,False,5,ped_9_0_NODE_10262|ped_9_1_NODE_10262|ped_9_2_NODE_10262|ped_9_3_NODE_10262|ped_9_4_NODE_10262,33.5,177.0,False,False,scenario_baseline
144.0,LINK_249048,5161705573,2,0,GGr,r,False,False,0,,33.0,177.0,False,False,scenario_baseline
144.0,NODE_5837,5161705573,2,0,GGr,r,False,False,0,,33.0,177.0,False,False,scenario_baseline
144.0,LINK_10218,11139418715,2,0,GGr,r,False,False,0,,33.0,177.0,False,False,scenario_baseline
144.0,LINK_140740,11139418715,2,0,GGr,r,False,False,0,,33.0,177.0,False,False,scenario_baseline
144.0,NODE_9634,10974501473,4,0,GGGGr,r,False,False,0,,35.0,179.0,False,False,scenario_baseline
144.0,LINK_194891,11203052965,11,0,GGGGGGGGGGGr,r,False,False,1,ped_6_4_LINK_194891,33.0,177.0,False,False,scenario_baseline
144.0,NODE_10378,11139418715,2,0,GGr,r,False,False,0,,33.0,177.0,False,False,scenario_baseline
144.0,NODE_5681,11139418723,2,0,GGr,r,False,False,0,,33.0,177.0,False,False,scenario_baseline
144.0,NODE_10262,11203041635,4,0,GGGGr,r,False,False,5,ped_9_0_NODE_10262|ped_9_1_NODE_10262|ped_9_2_NODE_10262|ped_9_3_NODE_10262|ped_9_4_NODE_10262,33.0,177.0,False,False,scenario_baseline
144.5,LINK_249048,5161705573,2,0,GGr,r,False,False,0,,32.5,177.0,False,False,scenario_baseline
144.5,NODE_5837,5161705573,2,0,GGr,r,False,False,0,,32.5,177.0,False,False,scenario_baseline
144.5,LINK_10218,11139418715,2,0,GGr,r,False,False,0,,32.5,177.0,False,False,scenario_baseline
144.5,LINK_140740,11139418715,2,0,GGr,r,False,False,0,,32.5,177.0,False,False,scenario_baseline
144.5,NODE_9634,10974501473,4,0,GGGGr,r,False,False,0,,34.5,179.0,False,False,scenario_baseline
144.5,LINK_194891,11203052965,11,0,GGGGGGGGGGGr,r,False,False,1,ped_6_4_LINK_194891,32.5,177.0,False,False,scenario_baseline
144.5,NODE_10378,11139418715,2,0,GGr,r,False,False,0,,32.5,177.0,False,False,scenario_baseline
144.5,NODE_5681,11139418723,2,0,GGr,r,False,False,0,,32.5,177.0,False,False,scenario_baseline
144.5,NODE_10262,11203041635,4,0,GGGGr,r,False,False,5,ped_9_0_NODE_10262|ped_9_1_NODE_10262|ped_9_2_NODE_10262|ped_9_3_NODE_10262|ped_9_4_NODE_10262,32.5,177.0,False,False,scenario_baseline
145.0,LINK_249048,5161705573,2,0,GGr,r,False,False,0,,32.0,177.0,False,False,scenario_baseline
145.0,NODE_5837,5161705573,2,0,GGr,r,False,False,0,,32.0,177.0,False,False,scenario_baseline
145.0,LINK_10218,11139418715,2,0,GGr,r,False,False,0,,32.0,177.0,False,False,scenario_baseline
145.0,LINK_140740,11139418715,2,0,GGr,r,False,False,0,,32.0,177.0,False,False,scenario_baseline
145.0,NODE_9634,10974501473,4,0,GGGGr,r,False,False,0,,34.0,179.0,False,False,scenario_baseline
145.0,LINK_194891,11203052965,11,0,GGGGGGGGGGGr,r,False,False,1,ped_6_4_LINK_194891,32.0,177.0,False,False,scenario_baseline
145.0,NODE_10378,11139418715,2,0,GGr,r,False,False,0,,32.0,177.0,False,False,scenario_baseline
145.0,NODE_5681,11139418723,2,0,GGr,r,False,False,0,,32.0,177.0,False,False,scenario_baseline
145.0,NODE_10262,11203041635,4,0,GGGGr,r,False,False,5,ped_9_0_NODE_10262|ped_9_1_NODE_10262|ped_9_2_NODE_10262|ped_9_3_NODE_10262|ped_9_4_NODE_10262,32.0,177.0,False,False,scenario_baseline
145.5,LINK_249048,5161705573,2,0,GGr,r,False,False,0,,31.5,177.0,False,False,scenario_baseline
145.5,NODE_5837,5161705573,2,0,GGr,r,False,False,0,,31.5,177.0,False,False,scenario_baseline
145.5,LINK_10218,11139418715,2,0,GGr,r,False,False,0,,31.5,177.0,False,False,scenario_baseline
145.5,LINK_140740,11139418715,2,0,GGr,r,False,False,0,,31.5,177.0,False,False,scenario_baseline
145.5,NODE_9634,10974501473,4,0,GGGGr,r,False,False,0,,33.5,179.0,False,False,scenario_baseline
145.5,LINK_194891,11203052965,11,0,GGGGGGGGGGGr,r,False,False,1,ped_6_4_LINK_194891,31.5,177.0,False,False,scenario_baseline
145.5,NODE_10378,11139418715,2,0,GGr,r,False,False,0,,31.5,177.0,False,False,scenario_baseline
145.5,NODE_5681,11139418723,2,0,GGr,r,False,False,0,,31.5,177.0,False,False,scenario_baseline
145.5,NODE_10262,11203041635,4,0,GGGGr,r,False,False,5,ped_9_0_NODE_10262|ped_9_1_NODE_10262|ped_9_2_NODE_10262|ped_9_3_NODE_10262|ped_9_4_NODE_10262,31.5,177.0,False,False,scenario_baseline
146.0,LINK_249048,5161705573,2,0,GGr,r,False,False,0,,31.0,177.0,False,False,scenario_baseline
146.0,NODE_5837,5161705573,2,0,GGr,r,False,False,0,,31.0,177.0,False,False,scenario_baseline
146.0,LINK_10218,11139418715,2,0,GGr,r,False,False,0,,31.0,177.0,False,False,scenario_baseline
146.0,LINK_140740,11139418715,2,0,GGr,r,False,False,0,,31.0,177.0,False,False,scenario_baseline
146.0,NODE_9634,10974501473,4,0,GGGGr,r,False,False,0,,33.0,179.0,False,False,scenario_baseline
146.0,LINK_194891,11203052965,11,0,GGGGGGGGGGGr,r,False,False,1,ped_6_4_LINK_194891,31.0,177.0,False,False,scenario_baseline
146.0,NODE_10378,11139418715,2,0,GGr,r,False,False,0,,31.0,177.0,False,False,scenario_baseline
146.0,NODE_5681,11139418723,2,0,GGr,r,False,False,0,,31.0,177.0,False,False,scenario_baseline
146.0,NODE_10262,11203041635,4,0,GGGGr,r,False,False,5,ped_9_0_NODE_10262|ped_9_1_NODE_10262|ped_9_2_NODE_10262|ped_9_3_NODE_10262|ped_9_4_NODE_10262,31.0,177.0,False,False,scenario_baseline
146.5,LINK_249048,5161705573,2,0,GGr,r,False,False,0,,30.5,177.0,False,False,scenario_baseline
146.5,NODE_5837,5161705573,2,0,GGr,r,False,False,0,,30.5,177.0,False,False,scenario_baseline
146.5,LINK_10218,11139418715,2,0,GGr,r,False,False,0,,30.5,177.0,False,False,scenario_baseline
146.5,LINK_140740,11139418715,2,0,GGr,r,False,False,0,,30.5,177.0,False,False,scenario_baseline
146.5,NODE_9634,10974501473,4,0,GGGGr,r,False,False,0,,32.5,179.0,False,False,scenario_baseline
146.5,LINK_194891,11203052965,11,0,GGGGGGGGGGGr,r,False,False,1,ped_6_4_LINK_194891,30.5,177.0,False,False,scenario_baseline
146.5,NODE_10378,11139418715,2,0,GGr,r,False,False,0,,30.5,177.0,False,False,scenario_baseline
146.5,NODE_5681,11139418723,2,0,GGr,r,False,False,0,,30.5,177.0,False,False,scenario_baseline
146.5,NODE_10262,11203041635,4,0,GGGGr,r,False,False,5,ped_9_0_NODE_10262|ped_9_1_NODE_10262|ped_9_2_NODE_10262|ped_9_3_NODE_10262|ped_9_4_NODE_10262,30.5,177.0,False,False,scenario_baseline
147.0,LINK_249048,5161705573,2,0,GGr,r,False,False,0,,30.0,177.0,False,False,scenario_baseline
147.0,NODE_5837,5161705573,2,0,GGr,r,False,False,0,,30.0,177.0,False,False,scenario_baseline
147.0,LINK_10218,11139418715,2,0,GGr,r,False,False,0,,30.0,177.0,False,False,scenario_baseline
147.0,LINK_140740,11139418715,2,0,GGr,r,False,False,0,,30.0,177.0,False,False,scenario_baseline
147.0,NODE_9634,10974501473,4,0,GGGGr,r,False,False,0,,32.0,179.0,False,False,scenario_baseline
147.0,LINK_194891,11203052965,11,0,GGGGGGGGGGGr,r,False,False,1,ped_6_4_LINK_194891,30.0,177.0,False,False,scenario_baseline
147.0,NODE_10378,11139418715,2,0,GGr,r,False,False,0,,30.0,177.0,False,False,scenario_baseline
147.0,NODE_5681,11139418723,2,0,GGr,r,False,False,0,,30.0,177.0,False,False,scenario_baseline
147.0,NODE_10262,11203041635,4,0,GGGGr,r,False,False,5,ped_9_0_NODE_10262|ped_9_1_NODE_10262|ped_9_2_NODE_10262|ped_9_3_NODE_10262|ped_9_4_NODE_10262,30.0,177.0,False,False,scenario_baseline
147.5,LINK_249048,5161705573,2,0,GGr,r,False,False,0,,29.5,177.0,False,False,scenario_baseline
147.5,NODE_5837,5161705573,2,0,GGr,r,False,False,0,,29.5,177.0,False,False,scenario_baseline
147.5,LINK_10218,11139418715,2,0,GGr,r,False,False,0,,29.5,177.0,False,False,scenario_baseline
147.5,LINK_140740,11139418715,2,0,GGr,r,False,False,0,,29.5,177.0,False,False,scenario_baseline
147.5,NODE_9634,10974501473,4,0,GGGGr,r,False,False,0,,31.5,179.0,False,False,scenario_baseline
147.5,LINK_194891,11203052965,11,0,GGGGGGGGGGGr,r,False,False,1,ped_6_4_LINK_194891,29.5,177.0,False,False,scenario_baseline
147.5,NODE_10378,11139418715,2,0,GGr,r,False,False,0,,29.5,177.0,False,False,scenario_baseline
147.5,NODE_5681,11139418723,2,0,GGr,r,False,False,0,,29.5,177.0,False,False,scenario_baseline
147.5,NODE_10262,11203041635,4,0,GGGGr,r,False,False,5,ped_9_0_NODE_10262|ped_9_1_NODE_10262|ped_9_2_NODE_10262|ped_9_3_NODE_10262|ped_9_4_NODE_10262,29.5,177.0,False,False,scenario_baseline
148.0,LINK_249048,5161705573,2,0,GGr,r,False,False,0,,29.0,177.0,False,False,scenario_baseline
148.0,NODE_5837,5161705573,2,0,GGr,r,False,False,0,,29.0,177.0,False,False,scenario_baseline
148.0,LINK_10218,11139418715,2,0,GGr,r,False,False,0,,29.0,177.0,False,False,scenario_baseline
148.0,LINK_140740,11139418715,2,0,GGr,r,False,False,0,,29.0,177.0,False,False,scenario_baseline
148.0,NODE_9634,10974501473,4,0,GGGGr,r,False,False,0,,31.0,179.0,False,False,scenario_baseline
148.0,LINK_194891,11203052965,11,0,GGGGGGGGGGGr,r,False,False,1,ped_6_4_LINK_194891,29.0,177.0,False,False,scenario_baseline
148.0,NODE_10378,11139418715,2,0,GGr,r,False,False,0,,29.0,177.0,False,False,scenario_baseline
148.0,NODE_5681,11139418723,2,0,GGr,r,False,False,0,,29.0,177.0,False,False,scenario_baseline
148.0,NODE_10262,11203041635,4,0,GGGGr,r,False,False,5,ped_9_0_NODE_10262|ped_9_1_NODE_10262|ped_9_2_NODE_10262|ped_9_3_NODE_10262|ped_9_4_NODE_10262,29.0,177.0,False,False,scenario_baseline
148.5,LINK_249048,5161705573,2,0,GGr,r,False,False,0,,28.5,177.0,False,False,scenario_baseline
148.5,NODE_5837,5161705573,2,0,GGr,r,False,False,0,,28.5,177.0,False,False,scenario_baseline
148.5,LINK_10218,11139418715,2,0,GGr,r,False,False,0,,28.5,177.0,False,False,scenario_baseline
148.5,LINK_140740,11139418715,2,0,GGr,r,False,False,0,,28.5,177.0,False,False,scenario_baseline
148.5,NODE_9634,10974501473,4,0,GGGGr,r,False,False,0,,30.5,179.0,False,False,scenario_baseline
148.5,LINK_194891,11203052965,11,0,GGGGGGGGGGGr,r,False,False,1,ped_6_4_LINK_194891,28.5,177.0,False,False,scenario_baseline
148.5,NODE_10378,11139418715,2,0,GGr,r,False,False,0,,28.5,177.0,False,False,scenario_baseline
148.5,NODE_5681,11139418723,2,0,GGr,r,False,False,0,,28.5,177.0,False,False,scenario_baseline
148.5,NODE_10262,11203041635,4,0,GGGGr,r,False,False,5,ped_9_0_NODE_10262|ped_9_1_NODE_10262|ped_9_2_NODE_10262|ped_9_3_NODE_10262|ped_9_4_NODE_10262,28.5,177.0,False,False,scenario_baseline
149.0,LINK_249048,5161705573,2,0,GGr,r,False,False,0,,28.0,177.0,False,False,scenario_baseline
149.0,NODE_5837,5161705573,2,0,GGr,r,False,False,0,,28.0,177.0,False,False,scenario_baseline
149.0,LINK_10218,11139418715,2,0,GGr,r,False,False,0,,28.0,177.0,False,False,scenario_baseline
149.0,LINK_140740,11139418715,2,0,GGr,r,False,False,0,,28.0,177.0,False,False,scenario_baseline
149.0,NODE_9634,10974501473,4,0,GGGGr,r,False,False,0,,30.0,179.0,False,False,scenario_baseline
149.0,LINK_194891,11203052965,11,0,GGGGGGGGGGGr,r,False,False,1,ped_6_4_LINK_194891,28.0,177.0,False,False,scenario_baseline
149.0,NODE_10378,11139418715,2,0,GGr,r,False,False,0,,28.0,177.0,False,False,scenario_baseline
149.0,NODE_5681,11139418723,2,0,GGr,r,False,False,0,,28.0,177.0,False,False,scenario_baseline
149.0,NODE_10262,11203041635,4,0,GGGGr,r,False,False,5,ped_9_0_NODE_10262|ped_9_1_NODE_10262|ped_9_2_NODE_10262|ped_9_3_NODE_10262|ped_9_4_NODE_10262,28.0,177.0,False,False,scenario_baseline
149.5,LINK_249048,5161705573,2,0,GGr,r,False,False,0,,27.5,177.0,False,False,scenario_baseline
149.5,NODE_5837,5161705573,2,0,GGr,r,False,False,0,,27.5,177.0,False,False,scenario_baseline
149.5,LINK_10218,11139418715,2,0,GGr,r,False,False,0,,27.5,177.0,False,False,scenario_baseline
149.5,LINK_140740,11139418715,2,0,GGr,r,False,False,0,,27.5,177.0,False,False,scenario_baseline
149.5,NODE_9634,10974501473,4,0,GGGGr,r,False,False,0,,29.5,179.0,False,False,scenario_baseline
149.5,LINK_194891,11203052965,11,0,GGGGGGGGGGGr,r,False,False,1,ped_6_4_LINK_194891,27.5,177.0,False,False,scenario_baseline
149.5,NODE_10378,11139418715,2,0,GGr,r,False,False,0,,27.5,177.0,False,False,scenario_baseline
149.5,NODE_5681,11139418723,2,0,GGr,r,False,False,0,,27.5,177.0,False,False,scenario_baseline
149.5,NODE_10262,11203041635,4,0,GGGGr,r,False,False,5,ped_9_0_NODE_10262|ped_9_1_NODE_10262|ped_9_2_NODE_10262|ped_9_3_NODE_10262|ped_9_4_NODE_10262,27.5,177.0,False,False,scenario_baseline
150.0,LINK_249048,5161705573,2,0,GGr,r,False,False,0,,27.0,177.0,False,False,scenario_baseline
150.0,NODE_5837,5161705573,2,0,GGr,r,False,False,0,,27.0,177.0,False,False,scenario_baseline
150.0,LINK_10218,11139418715,2,0,GGr,r,False,False,0,,27.0,177.0,False,False,scenario_baseline
150.0,LINK_140740,11139418715,2,0,GGr,r,False,False,0,,27.0,177.0,False,False,scenario_baseline
150.0,NODE_9634,10974501473,4,0,GGGGr,r,False,False,0,,29.0,179.0,False,False,scenario_baseline
150.0,LINK_194891,11203052965,11,0,GGGGGGGGGGGr,r,False,False,1,ped_6_4_LINK_194891,27.0,177.0,False,False,scenario_baseline
150.0,NODE_10378,11139418715,2,0,GGr,r,False,False,0,,27.0,177.0,False,False,scenario_baseline
150.0,NODE_5681,11139418723,2,0,GGr,r,False,False,0,,27.0,177.0,False,False,scenario_baseline
150.0,NODE_10262,11203041635,4,0,GGGGr,r,False,False,5,ped_9_0_NODE_10262|ped_9_1_NODE_10262|ped_9_2_NODE_10262|ped_9_3_NODE_10262|ped_9_4_NODE_10262,27.0,177.0,False,False,scenario_baseline
150.5,LINK_249048,5161705573,2,0,GGr,r,False,False,0,,26.5,177.0,False,False,scenario_baseline
150.5,NODE_5837,5161705573,2,0,GGr,r,False,False,0,,26.5,177.0,False,False,scenario_baseline
150.5,LINK_10218,11139418715,2,0,GGr,r,False,False,0,,26.5,177.0,False,False,scenario_baseline
150.5,LINK_140740,11139418715,2,0,GGr,r,False,False,0,,26.5,177.0,False,False,scenario_baseline
150.5,NODE_9634,10974501473,4,0,GGGGr,r,False,False,0,,28.5,179.0,False,False,scenario_baseline
150.5,LINK_194891,11203052965,11,0,GGGGGGGGGGGr,r,False,False,1,ped_6_4_LINK_194891,26.5,177.0,False,False,scenario_baseline
150.5,NODE_10378,11139418715,2,0,GGr,r,False,False,0,,26.5,177.0,False,False,scenario_baseline
150.5,NODE_5681,11139418723,2,0,GGr,r,False,False,0,,26.5,177.0,False,False,scenario_baseline
150.5,NODE_10262,11203041635,4,0,GGGGr,r,False,False,5,ped_9_0_NODE_10262|ped_9_1_NODE_10262|ped_9_2_NODE_10262|ped_9_3_NODE_10262|ped_9_4_NODE_10262,26.5,177.0,False,False,scenario_baseline
151.0,LINK_249048,5161705573,2,0,GGr,r,False,False,0,,26.0,177.0,False,False,scenario_baseline
151.0,NODE_5837,5161705573,2,0,GGr,r,False,False,0,,26.0,177.0,False,False,scenario_baseline
151.0,LINK_10218,11139418715,2,0,GGr,r,False,False,0,,26.0,177.0,False,False,scenario_baseline
151.0,LINK_140740,11139418715,2,0,GGr,r,False,False,0,,26.0,177.0,False,False,scenario_baseline
151.0,NODE_9634,10974501473,4,0,GGGGr,r,False,False,0,,28.0,179.0,False,False,scenario_baseline
151.0,LINK_194891,11203052965,11,0,GGGGGGGGGGGr,r,False,False,1,ped_6_4_LINK_194891,26.0,177.0,False,False,scenario_baseline
151.0,NODE_10378,11139418715,2,0,GGr,r,False,False,0,,26.0,177.0,False,False,scenario_baseline
151.0,NODE_5681,11139418723,2,0,GGr,r,False,False,0,,26.0,177.0,False,False,scenario_baseline
151.0,NODE_10262,11203041635,4,0,GGGGr,r,False,False,5,ped_9_0_NODE_10262|ped_9_1_NODE_10262|ped_9_2_NODE_10262|ped_9_3_NODE_10262|ped_9_4_NODE_10262,26.0,177.0,False,False,scenario_baseline
151.5,LINK_249048,5161705573,2,0,GGr,r,False,False,0,,25.5,177.0,False,False,scenario_baseline
151.5,NODE_5837,5161705573,2,0,GGr,r,False,False,0,,25.5,177.0,False,False,scenario_baseline
151.5,LINK_10218,11139418715,2,0,GGr,r,False,False,0,,25.5,177.0,False,False,scenario_baseline
151.5,LINK_140740,11139418715,2,0,GGr,r,False,False,0,,25.5,177.0,False,False,scenario_baseline
151.5,NODE_9634,10974501473,4,0,GGGGr,r,False,False,0,,27.5,179.0,False,False,scenario_baseline
151.5,LINK_194891,11203052965,11,0,GGGGGGGGGGGr,r,False,False,1,ped_6_4_LINK_194891,25.5,177.0,False,False,scenario_baseline
151.5,NODE_10378,11139418715,2,0,GGr,r,False,False,0,,25.5,177.0,False,False,scenario_baseline
151.5,NODE_5681,11139418723,2,0,GGr,r,False,False,0,,25.5,177.0,False,False,scenario_baseline
151.5,NODE_10262,11203041635,4,0,GGGGr,r,False,False,5,ped_9_0_NODE_10262|ped_9_1_NODE_10262|ped_9_2_NODE_10262|ped_9_3_NODE_10262|ped_9_4_NODE_10262,25.5,177.0,False,False,scenario_baseline
152.0,LINK_249048,5161705573,2,0,GGr,r,False,False,0,,25.0,177.0,False,False,scenario_baseline
152.0,NODE_5837,5161705573,2,0,GGr,r,False,False,0,,25.0,177.0,False,False,scenario_baseline
152.0,LINK_10218,11139418715,2,0,GGr,r,False,False,0,,25.0,177.0,False,False,scenario_baseline
152.0,LINK_140740,11139418715,2,0,GGr,r,False,False,0,,25.0,177.0,False,False,scenario_baseline
152.0,NODE_9634,10974501473,4,0,GGGGr,r,False,False,0,,27.0,179.0,False,False,scenario_baseline
152.0,LINK_194891,11203052965,11,0,GGGGGGGGGGGr,r,False,False,1,ped_6_4_LINK_194891,25.0,177.0,False,False,scenario_baseline
152.0,NODE_10378,11139418715,2,0,GGr,r,False,False,0,,25.0,177.0,False,False,scenario_baseline
152.0,NODE_5681,11139418723,2,0,GGr,r,False,False,0,,25.0,177.0,False,False,scenario_baseline
152.0,NODE_10262,11203041635,4,0,GGGGr,r,False,False,5,ped_9_0_NODE_10262|ped_9_1_NODE_10262|ped_9_2_NODE_10262|ped_9_3_NODE_10262|ped_9_4_NODE_10262,25.0,177.0,False,False,scenario_baseline
152.5,LINK_249048,5161705573,2,0,GGr,r,False,False,0,,24.5,177.0,False,False,scenario_baseline
152.5,NODE_5837,5161705573,2,0,GGr,r,False,False,0,,24.5,177.0,False,False,scenario_baseline
152.5,LINK_10218,11139418715,2,0,GGr,r,False,False,0,,24.5,177.0,False,False,scenario_baseline
152.5,LINK_140740,11139418715,2,0,GGr,r,False,False,0,,24.5,177.0,False,False,scenario_baseline
152.5,NODE_9634,10974501473,4,0,GGGGr,r,False,False,0,,26.5,179.0,False,False,scenario_baseline
152.5,LINK_194891,11203052965,11,0,GGGGGGGGGGGr,r,False,False,1,ped_6_4_LINK_194891,24.5,177.0,False,False,scenario_baseline
152.5,NODE_10378,11139418715,2,0,GGr,r,False,False,0,,24.5,177.0,False,False,scenario_baseline
152.5,NODE_5681,11139418723,2,0,GGr,r,False,False,0,,24.5,177.0,False,False,scenario_baseline
152.5,NODE_10262,11203041635,4,0,GGGGr,r,False,False,5,ped_9_0_NODE_10262|ped_9_1_NODE_10262|ped_9_2_NODE_10262|ped_9_3_NODE_10262|ped_9_4_NODE_10262,24.5,177.0,False,False,scenario_baseline
153.0,LINK_249048,5161705573,2,0,GGr,r,False,False,0,,24.0,177.0,False,False,scenario_baseline
153.0,NODE_5837,5161705573,2,0,GGr,r,False,False,0,,24.0,177.0,False,False,scenario_baseline
153.0,LINK_10218,11139418715,2,0,GGr,r,False,False,0,,24.0,177.0,False,False,scenario_baseline
153.0,LINK_140740,11139418715,2,0,GGr,r,False,False,0,,24.0,177.0,False,False,scenario_baseline
153.0,NODE_9634,10974501473,4,0,GGGGr,r,False,False,0,,26.0,179.0,False,False,scenario_baseline
153.0,LINK_194891,11203052965,11,0,GGGGGGGGGGGr,r,False,False,1,ped_6_4_LINK_194891,24.0,177.0,False,False,scenario_baseline
153.0,NODE_10378,11139418715,2,0,GGr,r,False,False,0,,24.0,177.0,False,False,scenario_baseline
153.0,NODE_5681,11139418723,2,0,GGr,r,False,False,0,,24.0,177.0,False,False,scenario_baseline
153.0,NODE_10262,11203041635,4,0,GGGGr,r,False,False,5,ped_9_0_NODE_10262|ped_9_1_NODE_10262|ped_9_2_NODE_10262|ped_9_3_NODE_10262|ped_9_4_NODE_10262,24.0,177.0,False,False,scenario_baseline
153.5,LINK_249048,5161705573,2,0,GGr,r,False,False,0,,23.5,177.0,False,False,scenario_baseline
153.5,NODE_5837,5161705573,2,0,GGr,r,False,False,0,,23.5,177.0,False,False,scenario_baseline
153.5,LINK_10218,11139418715,2,0,GGr,r,False,False,0,,23.5,177.0,False,False,scenario_baseline
153.5,LINK_140740,11139418715,2,0,GGr,r,False,False,0,,23.5,177.0,False,False,scenario_baseline
153.5,NODE_9634,10974501473,4,0,GGGGr,r,False,False,0,,25.5,179.0,False,False,scenario_baseline
153.5,LINK_194891,11203052965,11,0,GGGGGGGGGGGr,r,False,False,1,ped_6_4_LINK_194891,23.5,177.0,False,False,scenario_baseline
153.5,NODE_10378,11139418715,2,0,GGr,r,False,False,0,,23.5,177.0,False,False,scenario_baseline
153.5,NODE_5681,11139418723,2,0,GGr,r,False,False,0,,23.5,177.0,False,False,scenario_baseline
153.5,NODE_10262,11203041635,4,0,GGGGr,r,False,False,5,ped_9_0_NODE_10262|ped_9_1_NODE_10262|ped_9_2_NODE_10262|ped_9_3_NODE_10262|ped_9_4_NODE_10262,23.5,177.0,False,False,scenario_baseline
154.0,LINK_249048,5161705573,2,0,GGr,r,False,False,0,,23.0,177.0,False,False,scenario_baseline
154.0,NODE_5837,5161705573,2,0,GGr,r,False,False,0,,23.0,177.0,False,False,scenario_baseline
154.0,LINK_10218,11139418715,2,0,GGr,r,False,False,0,,23.0,177.0,False,False,scenario_baseline
154.0,LINK_140740,11139418715,2,0,GGr,r,False,False,0,,23.0,177.0,False,False,scenario_baseline
154.0,NODE_9634,10974501473,4,0,GGGGr,r,False,False,0,,25.0,179.0,False,False,scenario_baseline
154.0,LINK_194891,11203052965,11,0,GGGGGGGGGGGr,r,False,False,1,ped_6_4_LINK_194891,23.0,177.0,False,False,scenario_baseline
154.0,NODE_10378,11139418715,2,0,GGr,r,False,False,0,,23.0,177.0,False,False,scenario_baseline
154.0,NODE_5681,11139418723,2,0,GGr,r,False,False,0,,23.0,177.0,False,False,scenario_baseline
154.0,NODE_10262,11203041635,4,0,GGGGr,r,False,False,5,ped_9_0_NODE_10262|ped_9_1_NODE_10262|ped_9_2_NODE_10262|ped_9_3_NODE_10262|ped_9_4_NODE_10262,23.0,177.0,False,False,scenario_baseline
154.5,LINK_249048,5161705573,2,0,GGr,r,False,False,0,,22.5,177.0,False,False,scenario_baseline
154.5,NODE_5837,5161705573,2,0,GGr,r,False,False,0,,22.5,177.0,False,False,scenario_baseline
154.5,LINK_10218,11139418715,2,0,GGr,r,False,False,0,,22.5,177.0,False,False,scenario_baseline
154.5,LINK_140740,11139418715,2,0,GGr,r,False,False,0,,22.5,177.0,False,False,scenario_baseline
154.5,NODE_9634,10974501473,4,0,GGGGr,r,False,False,0,,24.5,179.0,False,False,scenario_baseline
154.5,LINK_194891,11203052965,11,0,GGGGGGGGGGGr,r,False,False,1,ped_6_4_LINK_194891,22.5,177.0,False,False,scenario_baseline
154.5,NODE_10378,11139418715,2,0,GGr,r,False,False,0,,22.5,177.0,False,False,scenario_baseline
154.5,NODE_5681,11139418723,2,0,GGr,r,False,False,0,,22.5,177.0,False,False,scenario_baseline
154.5,NODE_10262,11203041635,4,0,GGGGr,r,False,False,5,ped_9_0_NODE_10262|ped_9_1_NODE_10262|ped_9_2_NODE_10262|ped_9_3_NODE_10262|ped_9_4_NODE_10262,22.5,177.0,False,False,scenario_baseline
155.0,LINK_249048,5161705573,2,0,GGr,r,False,False,0,,22.0,177.0,False,False,scenario_baseline
155.0,NODE_5837,5161705573,2,0,GGr,r,False,False,0,,22.0,177.0,False,False,scenario_baseline
155.0,LINK_10218,11139418715,2,0,GGr,r,False,False,0,,22.0,177.0,False,False,scenario_baseline
155.0,LINK_140740,11139418715,2,0,GGr,r,False,False,0,,22.0,177.0,False,False,scenario_baseline
155.0,NODE_9634,10974501473,4,0,GGGGr,r,False,False,0,,24.0,179.0,False,False,scenario_baseline
155.0,LINK_194891,11203052965,11,0,GGGGGGGGGGGr,r,False,False,1,ped_6_4_LINK_194891,22.0,177.0,False,False,scenario_baseline
155.0,NODE_10378,11139418715,2,0,GGr,r,False,False,0,,22.0,177.0,False,False,scenario_baseline
155.0,NODE_5681,11139418723,2,0,GGr,r,False,False,0,,22.0,177.0,False,False,scenario_baseline
155.0,NODE_10262,11203041635,4,0,GGGGr,r,False,False,5,ped_9_0_NODE_10262|ped_9_1_NODE_10262|ped_9_2_NODE_10262|ped_9_3_NODE_10262|ped_9_4_NODE_10262,22.0,177.0,False,False,scenario_baseline
155.5,LINK_249048,5161705573,2,0,GGr,r,False,False,0,,21.5,177.0,False,False,scenario_baseline
155.5,NODE_5837,5161705573,2,0,GGr,r,False,False,0,,21.5,177.0,False,False,scenario_baseline
155.5,LINK_10218,11139418715,2,0,GGr,r,False,False,0,,21.5,177.0,False,False,scenario_baseline
155.5,LINK_140740,11139418715,2,0,GGr,r,False,False,0,,21.5,177.0,False,False,scenario_baseline
155.5,NODE_9634,10974501473,4,0,GGGGr,r,False,False,0,,23.5,179.0,False,False,scenario_baseline
155.5,LINK_194891,11203052965,11,0,GGGGGGGGGGGr,r,False,False,1,ped_6_4_LINK_194891,21.5,177.0,False,False,scenario_baseline
155.5,NODE_10378,11139418715,2,0,GGr,r,False,False,0,,21.5,177.0,False,False,scenario_baseline
155.5,NODE_5681,11139418723,2,0,GGr,r,False,False,0,,21.5,177.0,False,False,scenario_baseline
155.5,NODE_10262,11203041635,4,0,GGGGr,r,False,False,5,ped_9_0_NODE_10262|ped_9_1_NODE_10262|ped_9_2_NODE_10262|ped_9_3_NODE_10262|ped_9_4_NODE_10262,21.5,177.0,False,False,scenario_baseline
156.0,LINK_249048,5161705573,2,0,GGr,r,False,False,0,,21.0,177.0,False,False,scenario_baseline
156.0,NODE_5837,5161705573,2,0,GGr,r,False,False,0,,21.0,177.0,False,False,scenario_baseline
156.0,LINK_10218,11139418715,2,0,GGr,r,False,False,0,,21.0,177.0,False,False,scenario_baseline
156.0,LINK_140740,11139418715,2,0,GGr,r,False,False,0,,21.0,177.0,False,False,scenario_baseline
156.0,NODE_9634,10974501473,4,0,GGGGr,r,False,False,0,,23.0,179.0,False,False,scenario_baseline
156.0,LINK_194891,11203052965,11,0,GGGGGGGGGGGr,r,False,False,1,ped_6_4_LINK_194891,21.0,177.0,False,False,scenario_baseline
156.0,NODE_10378,11139418715,2,0,GGr,r,False,False,0,,21.0,177.0,False,False,scenario_baseline
156.0,NODE_5681,11139418723,2,0,GGr,r,False,False,0,,21.0,177.0,False,False,scenario_baseline
156.0,NODE_10262,11203041635,4,0,GGGGr,r,False,False,5,ped_9_0_NODE_10262|ped_9_1_NODE_10262|ped_9_2_NODE_10262|ped_9_3_NODE_10262|ped_9_4_NODE_10262,21.0,177.0,False,False,scenario_baseline
156.5,LINK_249048,5161705573,2,0,GGr,r,False,False,0,,20.5,177.0,False,False,scenario_baseline
156.5,NODE_5837,5161705573,2,0,GGr,r,False,False,0,,20.5,177.0,False,False,scenario_baseline
156.5,LINK_10218,11139418715,2,0,GGr,r,False,False,0,,20.5,177.0,False,False,scenario_baseline
156.5,LINK_140740,11139418715,2,0,GGr,r,False,False,0,,20.5,177.0,False,False,scenario_baseline
156.5,NODE_9634,10974501473,4,0,GGGGr,r,False,False,0,,22.5,179.0,False,False,scenario_baseline
156.5,LINK_194891,11203052965,11,0,GGGGGGGGGGGr,r,False,False,1,ped_6_4_LINK_194891,20.5,177.0,False,False,scenario_baseline
156.5,NODE_10378,11139418715,2,0,GGr,r,False,False,0,,20.5,177.0,False,False,scenario_baseline
156.5,NODE_5681,11139418723,2,0,GGr,r,False,False,0,,20.5,177.0,False,False,scenario_baseline
156.5,NODE_10262,11203041635,4,0,GGGGr,r,False,False,5,ped_9_0_NODE_10262|ped_9_1_NODE_10262|ped_9_2_NODE_10262|ped_9_3_NODE_10262|ped_9_4_NODE_10262,20.5,177.0,False,False,scenario_baseline
157.0,LINK_249048,5161705573,2,0,GGr,r,False,False,0,,20.0,177.0,False,False,scenario_baseline
157.0,NODE_5837,5161705573,2,0,GGr,r,False,False,0,,20.0,177.0,False,False,scenario_baseline
157.0,LINK_10218,11139418715,2,0,GGr,r,False,False,0,,20.0,177.0,False,False,scenario_baseline
157.0,LINK_140740,11139418715,2,0,GGr,r,False,False,0,,20.0,177.0,False,False,scenario_baseline
157.0,NODE_9634,10974501473,4,0,GGGGr,r,False,False,0,,22.0,179.0,False,False,scenario_baseline
157.0,LINK_194891,11203052965,11,0,GGGGGGGGGGGr,r,False,False,1,ped_6_4_LINK_194891,20.0,177.0,False,False,scenario_baseline
157.0,NODE_10378,11139418715,2,0,GGr,r,False,False,0,,20.0,177.0,False,False,scenario_baseline
157.0,NODE_5681,11139418723,2,0,GGr,r,False,False,0,,20.0,177.0,False,False,scenario_baseline
157.0,NODE_10262,11203041635,4,0,GGGGr,r,False,False,5,ped_9_0_NODE_10262|ped_9_1_NODE_10262|ped_9_2_NODE_10262|ped_9_3_NODE_10262|ped_9_4_NODE_10262,20.0,177.0,False,False,scenario_baseline
157.5,LINK_249048,5161705573,2,0,GGr,r,False,False,0,,19.5,177.0,False,False,scenario_baseline
157.5,NODE_5837,5161705573,2,0,GGr,r,False,False,0,,19.5,177.0,False,False,scenario_baseline
157.5,LINK_10218,11139418715,2,0,GGr,r,False,False,0,,19.5,177.0,False,False,scenario_baseline
157.5,LINK_140740,11139418715,2,0,GGr,r,False,False,0,,19.5,177.0,False,False,scenario_baseline
157.5,NODE_9634,10974501473,4,0,GGGGr,r,False,False,0,,21.5,179.0,False,False,scenario_baseline
157.5,LINK_194891,11203052965,11,0,GGGGGGGGGGGr,r,False,False,1,ped_6_4_LINK_194891,19.5,177.0,False,False,scenario_baseline
157.5,NODE_10378,11139418715,2,0,GGr,r,False,False,0,,19.5,177.0,False,False,scenario_baseline
157.5,NODE_5681,11139418723,2,0,GGr,r,False,False,0,,19.5,177.0,False,False,scenario_baseline
157.5,NODE_10262,11203041635,4,0,GGGGr,r,False,False,5,ped_9_0_NODE_10262|ped_9_1_NODE_10262|ped_9_2_NODE_10262|ped_9_3_NODE_10262|ped_9_4_NODE_10262,19.5,177.0,False,False,scenario_baseline
158.0,LINK_249048,5161705573,2,0,GGr,r,False,False,0,,19.0,177.0,False,False,scenario_baseline
158.0,NODE_5837,5161705573,2,0,GGr,r,False,False,0,,19.0,177.0,False,False,scenario_baseline
158.0,LINK_10218,11139418715,2,0,GGr,r,False,False,0,,19.0,177.0,False,False,scenario_baseline
158.0,LINK_140740,11139418715,2,0,GGr,r,False,False,0,,19.0,177.0,False,False,scenario_baseline
158.0,NODE_9634,10974501473,4,0,GGGGr,r,False,False,0,,21.0,179.0,False,False,scenario_baseline
158.0,LINK_194891,11203052965,11,0,GGGGGGGGGGGr,r,False,False,1,ped_6_4_LINK_194891,19.0,177.0,False,False,scenario_baseline
158.0,NODE_10378,11139418715,2,0,GGr,r,False,False,0,,19.0,177.0,False,False,scenario_baseline
158.0,NODE_5681,11139418723,2,0,GGr,r,False,False,0,,19.0,177.0,False,False,scenario_baseline
158.0,NODE_10262,11203041635,4,0,GGGGr,r,False,False,5,ped_9_0_NODE_10262|ped_9_1_NODE_10262|ped_9_2_NODE_10262|ped_9_3_NODE_10262|ped_9_4_NODE_10262,19.0,177.0,False,False,scenario_baseline
158.5,LINK_249048,5161705573,2,0,GGr,r,False,False,0,,18.5,177.0,False,False,scenario_baseline
158.5,NODE_5837,5161705573,2,0,GGr,r,False,False,0,,18.5,177.0,False,False,scenario_baseline
158.5,LINK_10218,11139418715,2,0,GGr,r,False,False,0,,18.5,177.0,False,False,scenario_baseline
158.5,LINK_140740,11139418715,2,0,GGr,r,False,False,0,,18.5,177.0,False,False,scenario_baseline
158.5,NODE_9634,10974501473,4,0,GGGGr,r,False,False,0,,20.5,179.0,False,False,scenario_baseline
158.5,LINK_194891,11203052965,11,0,GGGGGGGGGGGr,r,False,False,1,ped_6_4_LINK_194891,18.5,177.0,False,False,scenario_baseline
158.5,NODE_10378,11139418715,2,0,GGr,r,False,False,0,,18.5,177.0,False,False,scenario_baseline
158.5,NODE_5681,11139418723,2,0,GGr,r,False,False,0,,18.5,177.0,False,False,scenario_baseline
158.5,NODE_10262,11203041635,4,0,GGGGr,r,False,False,5,ped_9_0_NODE_10262|ped_9_1_NODE_10262|ped_9_2_NODE_10262|ped_9_3_NODE_10262|ped_9_4_NODE_10262,18.5,177.0,False,False,scenario_baseline
159.0,LINK_249048,5161705573,2,0,GGr,r,False,False,0,,18.0,177.0,False,False,scenario_baseline
159.0,NODE_5837,5161705573,2,0,GGr,r,False,False,0,,18.0,177.0,False,False,scenario_baseline
159.0,LINK_10218,11139418715,2,0,GGr,r,False,False,0,,18.0,177.0,False,False,scenario_baseline
159.0,LINK_140740,11139418715,2,0,GGr,r,False,False,0,,18.0,177.0,False,False,scenario_baseline
159.0,NODE_9634,10974501473,4,0,GGGGr,r,False,False,0,,20.0,179.0,False,False,scenario_baseline
159.0,LINK_194891,11203052965,11,0,GGGGGGGGGGGr,r,False,False,1,ped_6_4_LINK_194891,18.0,177.0,False,False,scenario_baseline
159.0,NODE_10378,11139418715,2,0,GGr,r,False,False,0,,18.0,177.0,False,False,scenario_baseline
159.0,NODE_5681,11139418723,2,0,GGr,r,False,False,0,,18.0,177.0,False,False,scenario_baseline
159.0,NODE_10262,11203041635,4,0,GGGGr,r,False,False,5,ped_9_0_NODE_10262|ped_9_1_NODE_10262|ped_9_2_NODE_10262|ped_9_3_NODE_10262|ped_9_4_NODE_10262,18.0,177.0,False,False,scenario_baseline
159.5,LINK_249048,5161705573,2,0,GGr,r,False,False,0,,17.5,177.0,False,False,scenario_baseline
159.5,NODE_5837,5161705573,2,0,GGr,r,False,False,0,,17.5,177.0,False,False,scenario_baseline
159.5,LINK_10218,11139418715,2,0,GGr,r,False,False,0,,17.5,177.0,False,False,scenario_baseline
159.5,LINK_140740,11139418715,2,0,GGr,r,False,False,0,,17.5,177.0,False,False,scenario_baseline
159.5,NODE_9634,10974501473,4,0,GGGGr,r,False,False,0,,19.5,179.0,False,False,scenario_baseline
159.5,LINK_194891,11203052965,11,0,GGGGGGGGGGGr,r,False,False,1,ped_6_4_LINK_194891,17.5,177.0,False,False,scenario_baseline
159.5,NODE_10378,11139418715,2,0,GGr,r,False,False,0,,17.5,177.0,False,False,scenario_baseline
159.5,NODE_5681,11139418723,2,0,GGr,r,False,False,0,,17.5,177.0,False,False,scenario_baseline
159.5,NODE_10262,11203041635,4,0,GGGGr,r,False,False,5,ped_9_0_NODE_10262|ped_9_1_NODE_10262|ped_9_2_NODE_10262|ped_9_3_NODE_10262|ped_9_4_NODE_10262,17.5,177.0,False,False,scenario_baseline
160.0,LINK_249048,5161705573,2,0,GGr,r,False,False,0,,17.0,177.0,False,False,scenario_baseline
160.0,NODE_5837,5161705573,2,0,GGr,r,False,False,0,,17.0,177.0,False,False,scenario_baseline
160.0,LINK_10218,11139418715,2,0,GGr,r,False,False,0,,17.0,177.0,False,False,scenario_baseline
160.0,LINK_140740,11139418715,2,0,GGr,r,False,False,0,,17.0,177.0,False,False,scenario_baseline
160.0,NODE_9634,10974501473,4,0,GGGGr,r,False,False,0,,19.0,179.0,False,False,scenario_baseline
160.0,LINK_194891,11203052965,11,0,GGGGGGGGGGGr,r,False,False,1,ped_6_4_LINK_194891,17.0,177.0,False,False,scenario_baseline
160.0,NODE_10378,11139418715,2,0,GGr,r,False,False,0,,17.0,177.0,False,False,scenario_baseline
160.0,NODE_5681,11139418723,2,0,GGr,r,False,False,0,,17.0,177.0,False,False,scenario_baseline
160.0,NODE_10262,11203041635,4,0,GGGGr,r,False,False,5,ped_9_0_NODE_10262|ped_9_1_NODE_10262|ped_9_2_NODE_10262|ped_9_3_NODE_10262|ped_9_4_NODE_10262,17.0,177.0,False,False,scenario_baseline
160.5,LINK_249048,5161705573,2,0,GGr,r,False,False,0,,16.5,177.0,False,False,scenario_baseline
160.5,NODE_5837,5161705573,2,0,GGr,r,False,False,0,,16.5,177.0,False,False,scenario_baseline
160.5,LINK_10218,11139418715,2,0,GGr,r,False,False,0,,16.5,177.0,False,False,scenario_baseline
160.5,LINK_140740,11139418715,2,0,GGr,r,False,False,0,,16.5,177.0,False,False,scenario_baseline
160.5,NODE_9634,10974501473,4,0,GGGGr,r,False,False,0,,18.5,179.0,False,False,scenario_baseline
160.5,LINK_194891,11203052965,11,0,GGGGGGGGGGGr,r,False,False,1,ped_6_4_LINK_194891,16.5,177.0,False,False,scenario_baseline
160.5,NODE_10378,11139418715,2,0,GGr,r,False,False,0,,16.5,177.0,False,False,scenario_baseline
160.5,NODE_5681,11139418723,2,0,GGr,r,False,False,0,,16.5,177.0,False,False,scenario_baseline
160.5,NODE_10262,11203041635,4,0,GGGGr,r,False,False,5,ped_9_0_NODE_10262|ped_9_1_NODE_10262|ped_9_2_NODE_10262|ped_9_3_NODE_10262|ped_9_4_NODE_10262,16.5,177.0,False,False,scenario_baseline
161.0,LINK_249048,5161705573,2,0,GGr,r,False,False,0,,16.0,177.0,False,False,scenario_baseline
161.0,NODE_5837,5161705573,2,0,GGr,r,False,False,0,,16.0,177.0,False,False,scenario_baseline
161.0,LINK_10218,11139418715,2,0,GGr,r,False,False,0,,16.0,177.0,False,False,scenario_baseline
161.0,LINK_140740,11139418715,2,0,GGr,r,False,False,0,,16.0,177.0,False,False,scenario_baseline
161.0,NODE_9634,10974501473,4,0,GGGGr,r,False,False,0,,18.0,179.0,False,False,scenario_baseline
161.0,LINK_194891,11203052965,11,0,GGGGGGGGGGGr,r,False,False,1,ped_6_4_LINK_194891,16.0,177.0,False,False,scenario_baseline
161.0,NODE_10378,11139418715,2,0,GGr,r,False,False,0,,16.0,177.0,False,False,scenario_baseline
161.0,NODE_5681,11139418723,2,0,GGr,r,False,False,0,,16.0,177.0,False,False,scenario_baseline
161.0,NODE_10262,11203041635,4,0,GGGGr,r,False,False,5,ped_9_0_NODE_10262|ped_9_1_NODE_10262|ped_9_2_NODE_10262|ped_9_3_NODE_10262|ped_9_4_NODE_10262,16.0,177.0,False,False,scenario_baseline
161.5,LINK_249048,5161705573,2,0,GGr,r,False,False,0,,15.5,177.0,False,False,scenario_baseline
161.5,NODE_5837,5161705573,2,0,GGr,r,False,False,0,,15.5,177.0,False,False,scenario_baseline
161.5,LINK_10218,11139418715,2,0,GGr,r,False,False,0,,15.5,177.0,False,False,scenario_baseline
161.5,LINK_140740,11139418715,2,0,GGr,r,False,False,0,,15.5,177.0,False,False,scenario_baseline
161.5,NODE_9634,10974501473,4,0,GGGGr,r,False,False,0,,17.5,179.0,False,False,scenario_baseline
161.5,LINK_194891,11203052965,11,0,GGGGGGGGGGGr,r,False,False,1,ped_6_4_LINK_194891,15.5,177.0,False,False,scenario_baseline
161.5,NODE_10378,11139418715,2,0,GGr,r,False,False,0,,15.5,177.0,False,False,scenario_baseline
161.5,NODE_5681,11139418723,2,0,GGr,r,False,False,0,,15.5,177.0,False,False,scenario_baseline
161.5,NODE_10262,11203041635,4,0,GGGGr,r,False,False,5,ped_9_0_NODE_10262|ped_9_1_NODE_10262|ped_9_2_NODE_10262|ped_9_3_NODE_10262|ped_9_4_NODE_10262,15.5,177.0,False,False,scenario_baseline
162.0,LINK_249048,5161705573,2,0,GGr,r,False,False,0,,15.0,177.0,False,False,scenario_baseline
162.0,NODE_5837,5161705573,2,0,GGr,r,False,False,0,,15.0,177.0,False,False,scenario_baseline
162.0,LINK_10218,11139418715,2,0,GGr,r,False,False,0,,15.0,177.0,False,False,scenario_baseline
162.0,LINK_140740,11139418715,2,0,GGr,r,False,False,0,,15.0,177.0,False,False,scenario_baseline
162.0,NODE_9634,10974501473,4,0,GGGGr,r,False,False,0,,17.0,179.0,False,False,scenario_baseline
162.0,LINK_194891,11203052965,11,0,GGGGGGGGGGGr,r,False,False,1,ped_6_4_LINK_194891,15.0,177.0,False,False,scenario_baseline
162.0,NODE_10378,11139418715,2,0,GGr,r,False,False,0,,15.0,177.0,False,False,scenario_baseline
162.0,NODE_5681,11139418723,2,0,GGr,r,False,False,0,,15.0,177.0,False,False,scenario_baseline
162.0,NODE_10262,11203041635,4,0,GGGGr,r,False,False,5,ped_9_0_NODE_10262|ped_9_1_NODE_10262|ped_9_2_NODE_10262|ped_9_3_NODE_10262|ped_9_4_NODE_10262,15.0,177.0,False,False,scenario_baseline
162.5,LINK_249048,5161705573,2,0,GGr,r,False,False,0,,14.5,177.0,False,False,scenario_baseline
162.5,NODE_5837,5161705573,2,0,GGr,r,False,False,0,,14.5,177.0,False,False,scenario_baseline
162.5,LINK_10218,11139418715,2,0,GGr,r,False,False,0,,14.5,177.0,False,False,scenario_baseline
162.5,LINK_140740,11139418715,2,0,GGr,r,False,False,0,,14.5,177.0,False,False,scenario_baseline
162.5,NODE_9634,10974501473,4,0,GGGGr,r,False,False,0,,16.5,179.0,False,False,scenario_baseline
162.5,LINK_194891,11203052965,11,0,GGGGGGGGGGGr,r,False,False,1,ped_6_4_LINK_194891,14.5,177.0,False,False,scenario_baseline
162.5,NODE_10378,11139418715,2,0,GGr,r,False,False,0,,14.5,177.0,False,False,scenario_baseline
162.5,NODE_5681,11139418723,2,0,GGr,r,False,False,0,,14.5,177.0,False,False,scenario_baseline
162.5,NODE_10262,11203041635,4,0,GGGGr,r,False,False,5,ped_9_0_NODE_10262|ped_9_1_NODE_10262|ped_9_2_NODE_10262|ped_9_3_NODE_10262|ped_9_4_NODE_10262,14.5,177.0,False,False,scenario_baseline
163.0,LINK_249048,5161705573,2,0,GGr,r,False,False,0,,14.0,177.0,False,False,scenario_baseline
163.0,NODE_5837,5161705573,2,0,GGr,r,False,False,0,,14.0,177.0,False,False,scenario_baseline
163.0,LINK_10218,11139418715,2,0,GGr,r,False,False,0,,14.0,177.0,False,False,scenario_baseline
163.0,LINK_140740,11139418715,2,0,GGr,r,False,False,0,,14.0,177.0,False,False,scenario_baseline
163.0,NODE_9634,10974501473,4,0,GGGGr,r,False,False,0,,16.0,179.0,False,False,scenario_baseline
163.0,LINK_194891,11203052965,11,0,GGGGGGGGGGGr,r,False,False,1,ped_6_4_LINK_194891,14.0,177.0,False,False,scenario_baseline
163.0,NODE_10378,11139418715,2,0,GGr,r,False,False,0,,14.0,177.0,False,False,scenario_baseline
163.0,NODE_5681,11139418723,2,0,GGr,r,False,False,0,,14.0,177.0,False,False,scenario_baseline
163.0,NODE_10262,11203041635,4,0,GGGGr,r,False,False,5,ped_9_0_NODE_10262|ped_9_1_NODE_10262|ped_9_2_NODE_10262|ped_9_3_NODE_10262|ped_9_4_NODE_10262,14.0,177.0,False,False,scenario_baseline
163.5,LINK_249048,5161705573,2,0,GGr,r,False,False,0,,13.5,177.0,False,False,scenario_baseline
163.5,NODE_5837,5161705573,2,0,GGr,r,False,False,0,,13.5,177.0,False,False,scenario_baseline
163.5,LINK_10218,11139418715,2,0,GGr,r,False,False,0,,13.5,177.0,False,False,scenario_baseline
163.5,LINK_140740,11139418715,2,0,GGr,r,False,False,0,,13.5,177.0,False,False,scenario_baseline
163.5,NODE_9634,10974501473,4,0,GGGGr,r,False,False,0,,15.5,179.0,False,False,scenario_baseline
163.5,LINK_194891,11203052965,11,0,GGGGGGGGGGGr,r,False,False,1,ped_6_4_LINK_194891,13.5,177.0,False,False,scenario_baseline
163.5,NODE_10378,11139418715,2,0,GGr,r,False,False,0,,13.5,177.0,False,False,scenario_baseline
163.5,NODE_5681,11139418723,2,0,GGr,r,False,False,0,,13.5,177.0,False,False,scenario_baseline
163.5,NODE_10262,11203041635,4,0,GGGGr,r,False,False,5,ped_9_0_NODE_10262|ped_9_1_NODE_10262|ped_9_2_NODE_10262|ped_9_3_NODE_10262|ped_9_4_NODE_10262,13.5,177.0,False,False,scenario_baseline
164.0,LINK_249048,5161705573,2,0,GGr,r,False,False,0,,13.0,177.0,False,False,scenario_baseline
164.0,NODE_5837,5161705573,2,0,GGr,r,False,False,0,,13.0,177.0,False,False,scenario_baseline
164.0,LINK_10218,11139418715,2,0,GGr,r,False,False,0,,13.0,177.0,False,False,scenario_baseline
164.0,LINK_140740,11139418715,2,0,GGr,r,False,False,0,,13.0,177.0,False,False,scenario_baseline
164.0,NODE_9634,10974501473,4,0,GGGGr,r,False,False,0,,15.0,179.0,False,False,scenario_baseline
164.0,LINK_194891,11203052965,11,0,GGGGGGGGGGGr,r,False,False,1,ped_6_4_LINK_194891,13.0,177.0,False,False,scenario_baseline
164.0,NODE_10378,11139418715,2,0,GGr,r,False,False,0,,13.0,177.0,False,False,scenario_baseline
164.0,NODE_5681,11139418723,2,0,GGr,r,False,False,0,,13.0,177.0,False,False,scenario_baseline
164.0,NODE_10262,11203041635,4,0,GGGGr,r,False,False,5,ped_9_0_NODE_10262|ped_9_1_NODE_10262|ped_9_2_NODE_10262|ped_9_3_NODE_10262|ped_9_4_NODE_10262,13.0,177.0,False,False,scenario_baseline
164.5,LINK_249048,5161705573,2,0,GGr,r,False,False,0,,12.5,177.0,False,False,scenario_baseline
164.5,NODE_5837,5161705573,2,0,GGr,r,False,False,0,,12.5,177.0,False,False,scenario_baseline
164.5,LINK_10218,11139418715,2,0,GGr,r,False,False,0,,12.5,177.0,False,False,scenario_baseline
164.5,LINK_140740,11139418715,2,0,GGr,r,False,False,0,,12.5,177.0,False,False,scenario_baseline
164.5,NODE_9634,10974501473,4,0,GGGGr,r,False,False,0,,14.5,179.0,False,False,scenario_baseline
164.5,LINK_194891,11203052965,11,0,GGGGGGGGGGGr,r,False,False,1,ped_6_4_LINK_194891,12.5,177.0,False,False,scenario_baseline
164.5,NODE_10378,11139418715,2,0,GGr,r,False,False,0,,12.5,177.0,False,False,scenario_baseline
164.5,NODE_5681,11139418723,2,0,GGr,r,False,False,0,,12.5,177.0,False,False,scenario_baseline
164.5,NODE_10262,11203041635,4,0,GGGGr,r,False,False,5,ped_9_0_NODE_10262|ped_9_1_NODE_10262|ped_9_2_NODE_10262|ped_9_3_NODE_10262|ped_9_4_NODE_10262,12.5,177.0,False,False,scenario_baseline
165.0,LINK_249048,5161705573,2,0,GGr,r,False,False,0,,12.0,177.0,False,False,scenario_baseline
165.0,NODE_5837,5161705573,2,0,GGr,r,False,False,0,,12.0,177.0,False,False,scenario_baseline
165.0,LINK_10218,11139418715,2,0,GGr,r,False,False,0,,12.0,177.0,False,False,scenario_baseline
165.0,LINK_140740,11139418715,2,0,GGr,r,False,False,0,,12.0,177.0,False,False,scenario_baseline
165.0,NODE_9634,10974501473,4,0,GGGGr,r,False,False,0,,14.0,179.0,False,False,scenario_baseline
165.0,LINK_194891,11203052965,11,0,GGGGGGGGGGGr,r,False,False,1,ped_6_4_LINK_194891,12.0,177.0,False,False,scenario_baseline
165.0,NODE_10378,11139418715,2,0,GGr,r,False,False,0,,12.0,177.0,False,False,scenario_baseline
165.0,NODE_5681,11139418723,2,0,GGr,r,False,False,0,,12.0,177.0,False,False,scenario_baseline
165.0,NODE_10262,11203041635,4,0,GGGGr,r,False,False,5,ped_9_0_NODE_10262|ped_9_1_NODE_10262|ped_9_2_NODE_10262|ped_9_3_NODE_10262|ped_9_4_NODE_10262,12.0,177.0,False,False,scenario_baseline
165.5,LINK_249048,5161705573,2,0,GGr,r,False,False,0,,11.5,177.0,False,False,scenario_baseline
165.5,NODE_5837,5161705573,2,0,GGr,r,False,False,0,,11.5,177.0,False,False,scenario_baseline
165.5,LINK_10218,11139418715,2,0,GGr,r,False,False,0,,11.5,177.0,False,False,scenario_baseline
165.5,LINK_140740,11139418715,2,0,GGr,r,False,False,0,,11.5,177.0,False,False,scenario_baseline
165.5,NODE_9634,10974501473,4,0,GGGGr,r,False,False,0,,13.5,179.0,False,False,scenario_baseline
165.5,LINK_194891,11203052965,11,0,GGGGGGGGGGGr,r,False,False,1,ped_6_4_LINK_194891,11.5,177.0,False,False,scenario_baseline
165.5,NODE_10378,11139418715,2,0,GGr,r,False,False,0,,11.5,177.0,False,False,scenario_baseline
165.5,NODE_5681,11139418723,2,0,GGr,r,False,False,0,,11.5,177.0,False,False,scenario_baseline
165.5,NODE_10262,11203041635,4,0,GGGGr,r,False,False,5,ped_9_0_NODE_10262|ped_9_1_NODE_10262|ped_9_2_NODE_10262|ped_9_3_NODE_10262|ped_9_4_NODE_10262,11.5,177.0,False,False,scenario_baseline
166.0,LINK_249048,5161705573,2,0,GGr,r,False,False,0,,11.0,177.0,False,False,scenario_baseline
166.0,NODE_5837,5161705573,2,0,GGr,r,False,False,0,,11.0,177.0,False,False,scenario_baseline
166.0,LINK_10218,11139418715,2,0,GGr,r,False,False,0,,11.0,177.0,False,False,scenario_baseline
166.0,LINK_140740,11139418715,2,0,GGr,r,False,False,0,,11.0,177.0,False,False,scenario_baseline
166.0,NODE_9634,10974501473,4,0,GGGGr,r,False,False,0,,13.0,179.0,False,False,scenario_baseline
166.0,LINK_194891,11203052965,11,0,GGGGGGGGGGGr,r,False,False,1,ped_6_4_LINK_194891,11.0,177.0,False,False,scenario_baseline
166.0,NODE_10378,11139418715,2,0,GGr,r,False,False,0,,11.0,177.0,False,False,scenario_baseline
166.0,NODE_5681,11139418723,2,0,GGr,r,False,False,0,,11.0,177.0,False,False,scenario_baseline
166.0,NODE_10262,11203041635,4,0,GGGGr,r,False,False,5,ped_9_0_NODE_10262|ped_9_1_NODE_10262|ped_9_2_NODE_10262|ped_9_3_NODE_10262|ped_9_4_NODE_10262,11.0,177.0,False,False,scenario_baseline
166.5,LINK_249048,5161705573,2,0,GGr,r,False,False,0,,10.5,177.0,False,False,scenario_baseline
166.5,NODE_5837,5161705573,2,0,GGr,r,False,False,0,,10.5,177.0,False,False,scenario_baseline
166.5,LINK_10218,11139418715,2,0,GGr,r,False,False,0,,10.5,177.0,False,False,scenario_baseline
166.5,LINK_140740,11139418715,2,0,GGr,r,False,False,0,,10.5,177.0,False,False,scenario_baseline
166.5,NODE_9634,10974501473,4,0,GGGGr,r,False,False,0,,12.5,179.0,False,False,scenario_baseline
166.5,LINK_194891,11203052965,11,0,GGGGGGGGGGGr,r,False,False,1,ped_6_4_LINK_194891,10.5,177.0,False,False,scenario_baseline
166.5,NODE_10378,11139418715,2,0,GGr,r,False,False,0,,10.5,177.0,False,False,scenario_baseline
166.5,NODE_5681,11139418723,2,0,GGr,r,False,False,0,,10.5,177.0,False,False,scenario_baseline
166.5,NODE_10262,11203041635,4,0,GGGGr,r,False,False,5,ped_9_0_NODE_10262|ped_9_1_NODE_10262|ped_9_2_NODE_10262|ped_9_3_NODE_10262|ped_9_4_NODE_10262,10.5,177.0,False,False,scenario_baseline
167.0,LINK_249048,5161705573,2,0,GGr,r,False,False,0,,10.0,177.0,False,False,scenario_baseline
167.0,NODE_5837,5161705573,2,0,GGr,r,False,False,0,,10.0,177.0,False,False,scenario_baseline
167.0,LINK_10218,11139418715,2,0,GGr,r,False,False,0,,10.0,177.0,False,False,scenario_baseline
167.0,LINK_140740,11139418715,2,0,GGr,r,False,False,0,,10.0,177.0,False,False,scenario_baseline
167.0,NODE_9634,10974501473,4,0,GGGGr,r,False,False,0,,12.0,179.0,False,False,scenario_baseline
167.0,LINK_194891,11203052965,11,0,GGGGGGGGGGGr,r,False,False,1,ped_6_4_LINK_194891,10.0,177.0,False,False,scenario_baseline
167.0,NODE_10378,11139418715,2,0,GGr,r,False,False,0,,10.0,177.0,False,False,scenario_baseline
167.0,NODE_5681,11139418723,2,0,GGr,r,False,False,0,,10.0,177.0,False,False,scenario_baseline
167.0,NODE_10262,11203041635,4,0,GGGGr,r,False,False,5,ped_9_0_NODE_10262|ped_9_1_NODE_10262|ped_9_2_NODE_10262|ped_9_3_NODE_10262|ped_9_4_NODE_10262,10.0,177.0,False,False,scenario_baseline
167.5,LINK_249048,5161705573,2,0,GGr,r,False,False,0,,9.5,177.0,False,False,scenario_baseline
167.5,NODE_5837,5161705573,2,0,GGr,r,False,False,0,,9.5,177.0,False,False,scenario_baseline
167.5,LINK_10218,11139418715,2,0,GGr,r,False,False,0,,9.5,177.0,False,False,scenario_baseline
167.5,LINK_140740,11139418715,2,0,GGr,r,False,False,0,,9.5,177.0,False,False,scenario_baseline
167.5,NODE_9634,10974501473,4,0,GGGGr,r,False,False,0,,11.5,179.0,False,False,scenario_baseline
167.5,LINK_194891,11203052965,11,0,GGGGGGGGGGGr,r,False,False,1,ped_6_4_LINK_194891,9.5,177.0,False,False,scenario_baseline
167.5,NODE_10378,11139418715,2,0,GGr,r,False,False,0,,9.5,177.0,False,False,scenario_baseline
167.5,NODE_5681,11139418723,2,0,GGr,r,False,False,0,,9.5,177.0,False,False,scenario_baseline
167.5,NODE_10262,11203041635,4,0,GGGGr,r,False,False,5,ped_9_0_NODE_10262|ped_9_1_NODE_10262|ped_9_2_NODE_10262|ped_9_3_NODE_10262|ped_9_4_NODE_10262,9.5,177.0,False,False,scenario_baseline
168.0,LINK_249048,5161705573,2,0,GGr,r,False,False,0,,9.0,177.0,False,False,scenario_baseline
168.0,NODE_5837,5161705573,2,0,GGr,r,False,False,0,,9.0,177.0,False,False,scenario_baseline
168.0,LINK_10218,11139418715,2,0,GGr,r,False,False,0,,9.0,177.0,False,False,scenario_baseline
168.0,LINK_140740,11139418715,2,0,GGr,r,False,False,0,,9.0,177.0,False,False,scenario_baseline
168.0,NODE_9634,10974501473,4,0,GGGGr,r,False,False,0,,11.0,179.0,False,False,scenario_baseline
168.0,LINK_194891,11203052965,11,0,GGGGGGGGGGGr,r,False,False,1,ped_6_4_LINK_194891,9.0,177.0,False,False,scenario_baseline
168.0,NODE_10378,11139418715,2,0,GGr,r,False,False,0,,9.0,177.0,False,False,scenario_baseline
168.0,NODE_5681,11139418723,2,0,GGr,r,False,False,0,,9.0,177.0,False,False,scenario_baseline
168.0,NODE_10262,11203041635,4,0,GGGGr,r,False,False,5,ped_9_0_NODE_10262|ped_9_1_NODE_10262|ped_9_2_NODE_10262|ped_9_3_NODE_10262|ped_9_4_NODE_10262,9.0,177.0,False,False,scenario_baseline
168.5,LINK_249048,5161705573,2,0,GGr,r,False,False,0,,8.5,177.0,False,False,scenario_baseline
168.5,NODE_5837,5161705573,2,0,GGr,r,False,False,0,,8.5,177.0,False,False,scenario_baseline
168.5,LINK_10218,11139418715,2,0,GGr,r,False,False,0,,8.5,177.0,False,False,scenario_baseline
168.5,LINK_140740,11139418715,2,0,GGr,r,False,False,0,,8.5,177.0,False,False,scenario_baseline
168.5,NODE_9634,10974501473,4,0,GGGGr,r,False,False,0,,10.5,179.0,False,False,scenario_baseline
168.5,LINK_194891,11203052965,11,0,GGGGGGGGGGGr,r,False,False,1,ped_6_4_LINK_194891,8.5,177.0,False,False,scenario_baseline
168.5,NODE_10378,11139418715,2,0,GGr,r,False,False,0,,8.5,177.0,False,False,scenario_baseline
168.5,NODE_5681,11139418723,2,0,GGr,r,False,False,0,,8.5,177.0,False,False,scenario_baseline
168.5,NODE_10262,11203041635,4,0,GGGGr,r,False,False,5,ped_9_0_NODE_10262|ped_9_1_NODE_10262|ped_9_2_NODE_10262|ped_9_3_NODE_10262|ped_9_4_NODE_10262,8.5,177.0,False,False,scenario_baseline
169.0,LINK_249048,5161705573,2,0,GGr,r,False,False,0,,8.0,177.0,False,False,scenario_baseline
169.0,NODE_5837,5161705573,2,0,GGr,r,False,False,0,,8.0,177.0,False,False,scenario_baseline
169.0,LINK_10218,11139418715,2,0,GGr,r,False,False,0,,8.0,177.0,False,False,scenario_baseline
169.0,LINK_140740,11139418715,2,0,GGr,r,False,False,0,,8.0,177.0,False,False,scenario_baseline
169.0,NODE_9634,10974501473,4,0,GGGGr,r,False,False,0,,10.0,179.0,False,False,scenario_baseline
169.0,LINK_194891,11203052965,11,0,GGGGGGGGGGGr,r,False,False,1,ped_6_4_LINK_194891,8.0,177.0,False,False,scenario_baseline
169.0,NODE_10378,11139418715,2,0,GGr,r,False,False,0,,8.0,177.0,False,False,scenario_baseline
169.0,NODE_5681,11139418723,2,0,GGr,r,False,False,0,,8.0,177.0,False,False,scenario_baseline
169.0,NODE_10262,11203041635,4,0,GGGGr,r,False,False,5,ped_9_0_NODE_10262|ped_9_1_NODE_10262|ped_9_2_NODE_10262|ped_9_3_NODE_10262|ped_9_4_NODE_10262,8.0,177.0,False,False,scenario_baseline
169.5,LINK_249048,5161705573,2,0,GGr,r,False,False,0,,7.5,177.0,False,False,scenario_baseline
169.5,NODE_5837,5161705573,2,0,GGr,r,False,False,0,,7.5,177.0,False,False,scenario_baseline
169.5,LINK_10218,11139418715,2,0,GGr,r,False,False,0,,7.5,177.0,False,False,scenario_baseline
169.5,LINK_140740,11139418715,2,0,GGr,r,False,False,0,,7.5,177.0,False,False,scenario_baseline
169.5,NODE_9634,10974501473,4,0,GGGGr,r,False,False,0,,9.5,179.0,False,False,scenario_baseline
169.5,LINK_194891,11203052965,11,0,GGGGGGGGGGGr,r,False,False,1,ped_6_4_LINK_194891,7.5,177.0,False,False,scenario_baseline
169.5,NODE_10378,11139418715,2,0,GGr,r,False,False,0,,7.5,177.0,False,False,scenario_baseline
169.5,NODE_5681,11139418723,2,0,GGr,r,False,False,0,,7.5,177.0,False,False,scenario_baseline
169.5,NODE_10262,11203041635,4,0,GGGGr,r,False,False,5,ped_9_0_NODE_10262|ped_9_1_NODE_10262|ped_9_2_NODE_10262|ped_9_3_NODE_10262|ped_9_4_NODE_10262,7.5,177.0,False,False,scenario_baseline
170.0,LINK_249048,5161705573,2,0,GGr,r,False,False,0,,7.0,177.0,False,False,scenario_baseline
170.0,NODE_5837,5161705573,2,0,GGr,r,False,False,0,,7.0,177.0,False,False,scenario_baseline
170.0,LINK_10218,11139418715,2,0,GGr,r,False,False,0,,7.0,177.0,False,False,scenario_baseline
170.0,LINK_140740,11139418715,2,0,GGr,r,False,False,0,,7.0,177.0,False,False,scenario_baseline
170.0,NODE_9634,10974501473,4,0,GGGGr,r,False,False,0,,9.0,179.0,False,False,scenario_baseline
170.0,LINK_194891,11203052965,11,0,GGGGGGGGGGGr,r,False,False,1,ped_6_4_LINK_194891,7.0,177.0,False,False,scenario_baseline
170.0,NODE_10378,11139418715,2,0,GGr,r,False,False,0,,7.0,177.0,False,False,scenario_baseline
170.0,NODE_5681,11139418723,2,0,GGr,r,False,False,0,,7.0,177.0,False,False,scenario_baseline
170.0,NODE_10262,11203041635,4,0,GGGGr,r,False,False,5,ped_9_0_NODE_10262|ped_9_1_NODE_10262|ped_9_2_NODE_10262|ped_9_3_NODE_10262|ped_9_4_NODE_10262,7.0,177.0,False,False,scenario_baseline
170.5,LINK_249048,5161705573,2,0,GGr,r,False,False,0,,6.5,177.0,False,False,scenario_baseline
170.5,NODE_5837,5161705573,2,0,GGr,r,False,False,0,,6.5,177.0,False,False,scenario_baseline
170.5,LINK_10218,11139418715,2,0,GGr,r,False,False,0,,6.5,177.0,False,False,scenario_baseline
170.5,LINK_140740,11139418715,2,0,GGr,r,False,False,0,,6.5,177.0,False,False,scenario_baseline
170.5,NODE_9634,10974501473,4,0,GGGGr,r,False,False,0,,8.5,179.0,False,False,scenario_baseline
170.5,LINK_194891,11203052965,11,0,GGGGGGGGGGGr,r,False,False,1,ped_6_4_LINK_194891,6.5,177.0,False,False,scenario_baseline
170.5,NODE_10378,11139418715,2,0,GGr,r,False,False,0,,6.5,177.0,False,False,scenario_baseline
170.5,NODE_5681,11139418723,2,0,GGr,r,False,False,0,,6.5,177.0,False,False,scenario_baseline
170.5,NODE_10262,11203041635,4,0,GGGGr,r,False,False,5,ped_9_0_NODE_10262|ped_9_1_NODE_10262|ped_9_2_NODE_10262|ped_9_3_NODE_10262|ped_9_4_NODE_10262,6.5,177.0,False,False,scenario_baseline
171.0,LINK_249048,5161705573,2,0,GGr,r,False,False,0,,6.0,177.0,False,False,scenario_baseline
171.0,NODE_5837,5161705573,2,0,GGr,r,False,False,0,,6.0,177.0,False,False,scenario_baseline
171.0,LINK_10218,11139418715,2,0,GGr,r,False,False,0,,6.0,177.0,False,False,scenario_baseline
171.0,LINK_140740,11139418715,2,0,GGr,r,False,False,0,,6.0,177.0,False,False,scenario_baseline
171.0,NODE_9634,10974501473,4,0,GGGGr,r,False,False,0,,8.0,179.0,False,False,scenario_baseline
171.0,LINK_194891,11203052965,11,0,GGGGGGGGGGGr,r,False,False,1,ped_6_4_LINK_194891,6.0,177.0,False,False,scenario_baseline
171.0,NODE_10378,11139418715,2,0,GGr,r,False,False,0,,6.0,177.0,False,False,scenario_baseline
171.0,NODE_5681,11139418723,2,0,GGr,r,False,False,0,,6.0,177.0,False,False,scenario_baseline
171.0,NODE_10262,11203041635,4,0,GGGGr,r,False,False,5,ped_9_0_NODE_10262|ped_9_1_NODE_10262|ped_9_2_NODE_10262|ped_9_3_NODE_10262|ped_9_4_NODE_10262,6.0,177.0,False,False,scenario_baseline
171.5,LINK_249048,5161705573,2,0,GGr,r,False,False,0,,5.5,177.0,False,False,scenario_baseline
171.5,NODE_5837,5161705573,2,0,GGr,r,False,False,0,,5.5,177.0,False,False,scenario_baseline
171.5,LINK_10218,11139418715,2,0,GGr,r,False,False,0,,5.5,177.0,False,False,scenario_baseline
171.5,LINK_140740,11139418715,2,0,GGr,r,False,False,0,,5.5,177.0,False,False,scenario_baseline
171.5,NODE_9634,10974501473,4,0,GGGGr,r,False,False,0,,7.5,179.0,False,False,scenario_baseline
171.5,LINK_194891,11203052965,11,0,GGGGGGGGGGGr,r,False,False,1,ped_6_4_LINK_194891,5.5,177.0,False,False,scenario_baseline
171.5,NODE_10378,11139418715,2,0,GGr,r,False,False,0,,5.5,177.0,False,False,scenario_baseline
171.5,NODE_5681,11139418723,2,0,GGr,r,False,False,0,,5.5,177.0,False,False,scenario_baseline
171.5,NODE_10262,11203041635,4,0,GGGGr,r,False,False,5,ped_9_0_NODE_10262|ped_9_1_NODE_10262|ped_9_2_NODE_10262|ped_9_3_NODE_10262|ped_9_4_NODE_10262,5.5,177.0,False,False,scenario_baseline
172.0,LINK_249048,5161705573,2,0,GGr,r,False,False,0,,5.0,177.0,False,False,scenario_baseline
172.0,NODE_5837,5161705573,2,0,GGr,r,False,False,0,,5.0,177.0,False,False,scenario_baseline
172.0,LINK_10218,11139418715,2,0,GGr,r,False,False,0,,5.0,177.0,False,False,scenario_baseline
172.0,LINK_140740,11139418715,2,0,GGr,r,False,False,0,,5.0,177.0,False,False,scenario_baseline
172.0,NODE_9634,10974501473,4,0,GGGGr,r,False,False,0,,7.0,179.0,False,False,scenario_baseline
172.0,LINK_194891,11203052965,11,0,GGGGGGGGGGGr,r,False,False,1,ped_6_4_LINK_194891,5.0,177.0,False,False,scenario_baseline
172.0,NODE_10378,11139418715,2,0,GGr,r,False,False,0,,5.0,177.0,False,False,scenario_baseline
172.0,NODE_5681,11139418723,2,0,GGr,r,False,False,0,,5.0,177.0,False,False,scenario_baseline
172.0,NODE_10262,11203041635,4,0,GGGGr,r,False,False,5,ped_9_0_NODE_10262|ped_9_1_NODE_10262|ped_9_2_NODE_10262|ped_9_3_NODE_10262|ped_9_4_NODE_10262,5.0,177.0,False,False,scenario_baseline
172.5,LINK_249048,5161705573,2,0,GGr,r,False,False,0,,4.5,177.0,False,False,scenario_baseline
172.5,NODE_5837,5161705573,2,0,GGr,r,False,False,0,,4.5,177.0,False,False,scenario_baseline
172.5,LINK_10218,11139418715,2,0,GGr,r,False,False,0,,4.5,177.0,False,False,scenario_baseline
172.5,LINK_140740,11139418715,2,0,GGr,r,False,False,0,,4.5,177.0,False,False,scenario_baseline
172.5,NODE_9634,10974501473,4,0,GGGGr,r,False,False,0,,6.5,179.0,False,False,scenario_baseline
172.5,LINK_194891,11203052965,11,0,GGGGGGGGGGGr,r,False,False,1,ped_6_4_LINK_194891,4.5,177.0,False,False,scenario_baseline
172.5,NODE_10378,11139418715,2,0,GGr,r,False,False,0,,4.5,177.0,False,False,scenario_baseline
172.5,NODE_5681,11139418723,2,0,GGr,r,False,False,0,,4.5,177.0,False,False,scenario_baseline
172.5,NODE_10262,11203041635,4,0,GGGGr,r,False,False,5,ped_9_0_NODE_10262|ped_9_1_NODE_10262|ped_9_2_NODE_10262|ped_9_3_NODE_10262|ped_9_4_NODE_10262,4.5,177.0,False,False,scenario_baseline
173.0,LINK_249048,5161705573,2,0,GGr,r,False,False,0,,4.0,177.0,False,False,scenario_baseline
173.0,NODE_5837,5161705573,2,0,GGr,r,False,False,0,,4.0,177.0,False,False,scenario_baseline
173.0,LINK_10218,11139418715,2,0,GGr,r,False,False,0,,4.0,177.0,False,False,scenario_baseline
173.0,LINK_140740,11139418715,2,0,GGr,r,False,False,0,,4.0,177.0,False,False,scenario_baseline
173.0,NODE_9634,10974501473,4,0,GGGGr,r,False,False,0,,6.0,179.0,False,False,scenario_baseline
173.0,LINK_194891,11203052965,11,0,GGGGGGGGGGGr,r,False,False,1,ped_6_4_LINK_194891,4.0,177.0,False,False,scenario_baseline
173.0,NODE_10378,11139418715,2,0,GGr,r,False,False,0,,4.0,177.0,False,False,scenario_baseline
173.0,NODE_5681,11139418723,2,0,GGr,r,False,False,0,,4.0,177.0,False,False,scenario_baseline
173.0,NODE_10262,11203041635,4,0,GGGGr,r,False,False,5,ped_9_0_NODE_10262|ped_9_1_NODE_10262|ped_9_2_NODE_10262|ped_9_3_NODE_10262|ped_9_4_NODE_10262,4.0,177.0,False,False,scenario_baseline
173.5,LINK_249048,5161705573,2,0,GGr,r,False,False,0,,3.5,177.0,False,False,scenario_baseline
173.5,NODE_5837,5161705573,2,0,GGr,r,False,False,0,,3.5,177.0,False,False,scenario_baseline
173.5,LINK_10218,11139418715,2,0,GGr,r,False,False,0,,3.5,177.0,False,False,scenario_baseline
173.5,LINK_140740,11139418715,2,0,GGr,r,False,False,0,,3.5,177.0,False,False,scenario_baseline
173.5,NODE_9634,10974501473,4,0,GGGGr,r,False,False,0,,5.5,179.0,False,False,scenario_baseline
173.5,LINK_194891,11203052965,11,0,GGGGGGGGGGGr,r,False,False,1,ped_6_4_LINK_194891,3.5,177.0,False,False,scenario_baseline
173.5,NODE_10378,11139418715,2,0,GGr,r,False,False,0,,3.5,177.0,False,False,scenario_baseline
173.5,NODE_5681,11139418723,2,0,GGr,r,False,False,0,,3.5,177.0,False,False,scenario_baseline
173.5,NODE_10262,11203041635,4,0,GGGGr,r,False,False,5,ped_9_0_NODE_10262|ped_9_1_NODE_10262|ped_9_2_NODE_10262|ped_9_3_NODE_10262|ped_9_4_NODE_10262,3.5,177.0,False,False,scenario_baseline
174.0,LINK_249048,5161705573,2,0,GGr,r,False,False,0,,3.0,177.0,False,False,scenario_baseline
174.0,NODE_5837,5161705573,2,0,GGr,r,False,False,0,,3.0,177.0,False,False,scenario_baseline
174.0,LINK_10218,11139418715,2,0,GGr,r,False,False,0,,3.0,177.0,False,False,scenario_baseline
174.0,LINK_140740,11139418715,2,0,GGr,r,False,False,0,,3.0,177.0,False,False,scenario_baseline
174.0,NODE_9634,10974501473,4,0,GGGGr,r,False,False,0,,5.0,179.0,False,False,scenario_baseline
174.0,LINK_194891,11203052965,11,0,GGGGGGGGGGGr,r,False,False,1,ped_6_4_LINK_194891,3.0,177.0,False,False,scenario_baseline
174.0,NODE_10378,11139418715,2,0,GGr,r,False,False,0,,3.0,177.0,False,False,scenario_baseline
174.0,NODE_5681,11139418723,2,0,GGr,r,False,False,0,,3.0,177.0,False,False,scenario_baseline
174.0,NODE_10262,11203041635,4,0,GGGGr,r,False,False,5,ped_9_0_NODE_10262|ped_9_1_NODE_10262|ped_9_2_NODE_10262|ped_9_3_NODE_10262|ped_9_4_NODE_10262,3.0,177.0,False,False,scenario_baseline
174.5,LINK_249048,5161705573,2,0,GGr,r,False,False,0,,2.5,177.0,False,False,scenario_baseline
174.5,NODE_5837,5161705573,2,0,GGr,r,False,False,0,,2.5,177.0,False,False,scenario_baseline
174.5,LINK_10218,11139418715,2,0,GGr,r,False,False,0,,2.5,177.0,False,False,scenario_baseline
174.5,LINK_140740,11139418715,2,0,GGr,r,False,False,0,,2.5,177.0,False,False,scenario_baseline
174.5,NODE_9634,10974501473,4,0,GGGGr,r,False,False,0,,4.5,179.0,False,False,scenario_baseline
174.5,LINK_194891,11203052965,11,0,GGGGGGGGGGGr,r,False,False,1,ped_6_4_LINK_194891,2.5,177.0,False,False,scenario_baseline
174.5,NODE_10378,11139418715,2,0,GGr,r,False,False,0,,2.5,177.0,False,False,scenario_baseline
174.5,NODE_5681,11139418723,2,0,GGr,r,False,False,0,,2.5,177.0,False,False,scenario_baseline
174.5,NODE_10262,11203041635,4,0,GGGGr,r,False,False,5,ped_9_0_NODE_10262|ped_9_1_NODE_10262|ped_9_2_NODE_10262|ped_9_3_NODE_10262|ped_9_4_NODE_10262,2.5,177.0,False,False,scenario_baseline
175.0,LINK_249048,5161705573,2,0,GGr,r,False,False,0,,2.0,177.0,False,False,scenario_baseline
175.0,NODE_5837,5161705573,2,0,GGr,r,False,False,0,,2.0,177.0,False,False,scenario_baseline
175.0,LINK_10218,11139418715,2,0,GGr,r,False,False,0,,2.0,177.0,False,False,scenario_baseline
175.0,LINK_140740,11139418715,2,0,GGr,r,False,False,0,,2.0,177.0,False,False,scenario_baseline
175.0,NODE_9634,10974501473,4,0,GGGGr,r,False,False,0,,4.0,179.0,False,False,scenario_baseline
175.0,LINK_194891,11203052965,11,0,GGGGGGGGGGGr,r,False,False,1,ped_6_4_LINK_194891,2.0,177.0,False,False,scenario_baseline
175.0,NODE_10378,11139418715,2,0,GGr,r,False,False,0,,2.0,177.0,False,False,scenario_baseline
175.0,NODE_5681,11139418723,2,0,GGr,r,False,False,0,,2.0,177.0,False,False,scenario_baseline
175.0,NODE_10262,11203041635,4,0,GGGGr,r,False,False,5,ped_9_0_NODE_10262|ped_9_1_NODE_10262|ped_9_2_NODE_10262|ped_9_3_NODE_10262|ped_9_4_NODE_10262,2.0,177.0,False,False,scenario_baseline
175.5,LINK_249048,5161705573,2,0,GGr,r,False,False,0,,1.5,177.0,False,False,scenario_baseline
175.5,NODE_5837,5161705573,2,0,GGr,r,False,False,0,,1.5,177.0,False,False,scenario_baseline
175.5,LINK_10218,11139418715,2,0,GGr,r,False,False,0,,1.5,177.0,False,False,scenario_baseline
175.5,LINK_140740,11139418715,2,0,GGr,r,False,False,0,,1.5,177.0,False,False,scenario_baseline
175.5,NODE_9634,10974501473,4,0,GGGGr,r,False,False,0,,3.5,179.0,False,False,scenario_baseline
175.5,LINK_194891,11203052965,11,0,GGGGGGGGGGGr,r,False,False,1,ped_6_4_LINK_194891,1.5,177.0,False,False,scenario_baseline
175.5,NODE_10378,11139418715,2,0,GGr,r,False,False,0,,1.5,177.0,False,False,scenario_baseline
175.5,NODE_5681,11139418723,2,0,GGr,r,False,False,0,,1.5,177.0,False,False,scenario_baseline
175.5,NODE_10262,11203041635,4,0,GGGGr,r,False,False,5,ped_9_0_NODE_10262|ped_9_1_NODE_10262|ped_9_2_NODE_10262|ped_9_3_NODE_10262|ped_9_4_NODE_10262,1.5,177.0,False,False,scenario_baseline
176.0,LINK_249048,5161705573,2,0,GGr,r,False,False,0,,1.0,177.0,False,False,scenario_baseline
176.0,NODE_5837,5161705573,2,0,GGr,r,False,False,0,,1.0,177.0,False,False,scenario_baseline
176.0,LINK_10218,11139418715,2,0,GGr,r,False,False,0,,1.0,177.0,False,False,scenario_baseline
176.0,LINK_140740,11139418715,2,0,GGr,r,False,False,0,,1.0,177.0,False,False,scenario_baseline
176.0,NODE_9634,10974501473,4,0,GGGGr,r,False,False,0,,3.0,179.0,False,False,scenario_baseline
176.0,LINK_194891,11203052965,11,0,GGGGGGGGGGGr,r,False,False,1,ped_6_4_LINK_194891,1.0,177.0,False,False,scenario_baseline
176.0,NODE_10378,11139418715,2,0,GGr,r,False,False,0,,1.0,177.0,False,False,scenario_baseline
176.0,NODE_5681,11139418723,2,0,GGr,r,False,False,0,,1.0,177.0,False,False,scenario_baseline
176.0,NODE_10262,11203041635,4,0,GGGGr,r,False,False,5,ped_9_0_NODE_10262|ped_9_1_NODE_10262|ped_9_2_NODE_10262|ped_9_3_NODE_10262|ped_9_4_NODE_10262,1.0,177.0,False,False,scenario_baseline
176.5,LINK_249048,5161705573,2,0,GGr,r,False,False,0,,0.5,177.0,False,False,scenario_baseline
176.5,NODE_5837,5161705573,2,0,GGr,r,False,False,0,,0.5,177.0,False,False,scenario_baseline
176.5,LINK_10218,11139418715,2,0,GGr,r,False,False,0,,0.5,177.0,False,False,scenario_baseline
176.5,LINK_140740,11139418715,2,0,GGr,r,False,False,0,,0.5,177.0,False,False,scenario_baseline
176.5,NODE_9634,10974501473,4,0,GGGGr,r,False,False,0,,2.5,179.0,False,False,scenario_baseline
176.5,LINK_194891,11203052965,11,0,GGGGGGGGGGGr,r,False,False,1,ped_6_4_LINK_194891,0.5,177.0,False,False,scenario_baseline
176.5,NODE_10378,11139418715,2,0,GGr,r,False,False,0,,0.5,177.0,False,False,scenario_baseline
176.5,NODE_5681,11139418723,2,0,GGr,r,False,False,0,,0.5,177.0,False,False,scenario_baseline
176.5,NODE_10262,11203041635,4,0,GGGGr,r,False,False,5,ped_9_0_NODE_10262|ped_9_1_NODE_10262|ped_9_2_NODE_10262|ped_9_3_NODE_10262|ped_9_4_NODE_10262,0.5,177.0,False,False,scenario_baseline
177.0,LINK_249048,5161705573,2,0,GGr,r,False,False,0,,0.0,177.0,False,False,scenario_baseline
177.0,NODE_5837,5161705573,2,0,GGr,r,False,False,0,,0.0,177.0,False,False,scenario_baseline
177.0,LINK_10218,11139418715,2,0,GGr,r,False,False,0,,0.0,177.0,False,False,scenario_baseline
177.0,LINK_140740,11139418715,2,0,GGr,r,False,False,0,,0.0,177.0,False,False,scenario_baseline
177.0,NODE_9634,10974501473,4,0,GGGGr,r,False,False,0,,2.0,179.0,False,False,scenario_baseline
177.0,LINK_194891,11203052965,11,0,GGGGGGGGGGGr,r,False,False,1,ped_6_4_LINK_194891,0.0,177.0,False,False,scenario_baseline
177.0,NODE_10378,11139418715,2,0,GGr,r,False,False,0,,0.0,177.0,False,False,scenario_baseline
177.0,NODE_5681,11139418723,2,0,GGr,r,False,False,0,,0.0,177.0,False,False,scenario_baseline
177.0,NODE_10262,11203041635,4,0,GGGGr,r,False,False,5,ped_9_0_NODE_10262|ped_9_1_NODE_10262|ped_9_2_NODE_10262|ped_9_3_NODE_10262|ped_9_4_NODE_10262,0.0,177.0,False,False,scenario_baseline
177.5,LINK_249048,5161705573,2,1,yyr,r,False,False,0,,5.5,183.0,False,False,scenario_baseline
177.5,NODE_5837,5161705573,2,1,yyr,r,False,False,0,,5.5,183.0,False,False,scenario_baseline
177.5,LINK_10218,11139418715,2,1,yyr,r,False,False,0,,5.5,183.0,False,False,scenario_baseline
177.5,LINK_140740,11139418715,2,1,yyr,r,False,False,0,,5.5,183.0,False,False,scenario_baseline
177.5,NODE_9634,10974501473,4,0,GGGGr,r,False,False,0,,1.5,179.0,False,False,scenario_baseline
177.5,LINK_194891,11203052965,11,1,yyyyyyyyyyyr,r,False,False,1,ped_6_4_LINK_194891,5.5,183.0,False,False,scenario_baseline
177.5,NODE_10378,11139418715,2,1,yyr,r,False,False,0,,5.5,183.0,False,False,scenario_baseline
177.5,NODE_5681,11139418723,2,1,yyr,r,False,False,0,,5.5,183.0,False,False,scenario_baseline
177.5,NODE_10262,11203041635,4,1,yyyyr,r,False,False,5,ped_9_0_NODE_10262|ped_9_1_NODE_10262|ped_9_2_NODE_10262|ped_9_3_NODE_10262|ped_9_4_NODE_10262,5.5,183.0,False,False,scenario_baseline
178.0,LINK_249048,5161705573,2,1,yyr,r,False,False,0,,5.0,183.0,False,False,scenario_baseline
178.0,NODE_5837,5161705573,2,1,yyr,r,False,False,0,,5.0,183.0,False,False,scenario_baseline
178.0,LINK_10218,11139418715,2,1,yyr,r,False,False,0,,5.0,183.0,False,False,scenario_baseline
178.0,LINK_140740,11139418715,2,1,yyr,r,False,False,0,,5.0,183.0,False,False,scenario_baseline
178.0,NODE_9634,10974501473,4,0,GGGGr,r,False,False,0,,1.0,179.0,False,False,scenario_baseline
178.0,LINK_194891,11203052965,11,1,yyyyyyyyyyyr,r,False,False,1,ped_6_4_LINK_194891,5.0,183.0,False,False,scenario_baseline
178.0,NODE_10378,11139418715,2,1,yyr,r,False,False,0,,5.0,183.0,False,False,scenario_baseline
178.0,NODE_5681,11139418723,2,1,yyr,r,False,False,0,,5.0,183.0,False,False,scenario_baseline
178.0,NODE_10262,11203041635,4,1,yyyyr,r,False,False,5,ped_9_0_NODE_10262|ped_9_1_NODE_10262|ped_9_2_NODE_10262|ped_9_3_NODE_10262|ped_9_4_NODE_10262,5.0,183.0,False,False,scenario_baseline
178.5,LINK_249048,5161705573,2,1,yyr,r,False,False,0,,4.5,183.0,False,False,scenario_baseline
178.5,NODE_5837,5161705573,2,1,yyr,r,False,False,0,,4.5,183.0,False,False,scenario_baseline
178.5,LINK_10218,11139418715,2,1,yyr,r,False,False,0,,4.5,183.0,False,False,scenario_baseline
178.5,LINK_140740,11139418715,2,1,yyr,r,False,False,0,,4.5,183.0,False,False,scenario_baseline
178.5,NODE_9634,10974501473,4,0,GGGGr,r,False,False,0,,0.5,179.0,False,False,scenario_baseline
178.5,LINK_194891,11203052965,11,1,yyyyyyyyyyyr,r,False,False,1,ped_6_4_LINK_194891,4.5,183.0,False,False,scenario_baseline
178.5,NODE_10378,11139418715,2,1,yyr,r,False,False,0,,4.5,183.0,False,False,scenario_baseline
178.5,NODE_5681,11139418723,2,1,yyr,r,False,False,0,,4.5,183.0,False,False,scenario_baseline
178.5,NODE_10262,11203041635,4,1,yyyyr,r,False,False,5,ped_9_0_NODE_10262|ped_9_1_NODE_10262|ped_9_2_NODE_10262|ped_9_3_NODE_10262|ped_9_4_NODE_10262,4.5,183.0,False,False,scenario_baseline
179.0,LINK_249048,5161705573,2,1,yyr,r,False,False,0,,4.0,183.0,False,False,scenario_baseline
179.0,NODE_5837,5161705573,2,1,yyr,r,False,False,0,,4.0,183.0,False,False,scenario_baseline
179.0,LINK_10218,11139418715,2,1,yyr,r,False,False,0,,4.0,183.0,False,False,scenario_baseline
179.0,LINK_140740,11139418715,2,1,yyr,r,False,False,0,,4.0,183.0,False,False,scenario_baseline
179.0,NODE_9634,10974501473,4,0,GGGGr,r,False,False,0,,0.0,179.0,False,False,scenario_baseline
179.0,LINK_194891,11203052965,11,1,yyyyyyyyyyyr,r,False,False,1,ped_6_4_LINK_194891,4.0,183.0,False,False,scenario_baseline
179.0,NODE_10378,11139418715,2,1,yyr,r,False,False,0,,4.0,183.0,False,False,scenario_baseline
179.0,NODE_5681,11139418723,2,1,yyr,r,False,False,0,,4.0,183.0,False,False,scenario_baseline
179.0,NODE_10262,11203041635,4,1,yyyyr,r,False,False,5,ped_9_0_NODE_10262|ped_9_1_NODE_10262|ped_9_2_NODE_10262|ped_9_3_NODE_10262|ped_9_4_NODE_10262,4.0,183.0,False,False,scenario_baseline
179.5,LINK_249048,5161705573,2,1,yyr,r,False,False,0,,3.5,183.0,False,False,scenario_baseline
179.5,NODE_5837,5161705573,2,1,yyr,r,False,False,0,,3.5,183.0,False,False,scenario_baseline
179.5,LINK_10218,11139418715,2,1,yyr,r,False,False,0,,3.5,183.0,False,False,scenario_baseline
179.5,LINK_140740,11139418715,2,1,yyr,r,False,False,0,,3.5,183.0,False,False,scenario_baseline
179.5,NODE_9634,10974501473,4,1,yyyyr,r,False,False,0,,3.5,183.0,False,False,scenario_baseline
179.5,LINK_194891,11203052965,11,1,yyyyyyyyyyyr,r,False,False,1,ped_6_4_LINK_194891,3.5,183.0,False,False,scenario_baseline
179.5,NODE_10378,11139418715,2,1,yyr,r,False,False,0,,3.5,183.0,False,False,scenario_baseline
179.5,NODE_5681,11139418723,2,1,yyr,r,False,False,0,,3.5,183.0,False,False,scenario_baseline
179.5,NODE_10262,11203041635,4,1,yyyyr,r,False,False,5,ped_9_0_NODE_10262|ped_9_1_NODE_10262|ped_9_2_NODE_10262|ped_9_3_NODE_10262|ped_9_4_NODE_10262,3.5,183.0,False,False,scenario_baseline
180.0,LINK_249048,5161705573,2,1,yyr,r,False,False,0,,3.0,183.0,False,False,scenario_baseline
180.0,NODE_5837,5161705573,2,1,yyr,r,False,False,0,,3.0,183.0,False,False,scenario_baseline
180.0,LINK_10218,11139418715,2,1,yyr,r,False,False,0,,3.0,183.0,False,False,scenario_baseline
180.0,LINK_140740,11139418715,2,1,yyr,r,False,False,0,,3.0,183.0,False,False,scenario_baseline
180.0,NODE_9634,10974501473,4,1,yyyyr,r,False,False,0,,3.0,183.0,False,False,scenario_baseline
180.0,LINK_194891,11203052965,11,1,yyyyyyyyyyyr,r,False,False,1,ped_6_4_LINK_194891,3.0,183.0,False,False,scenario_baseline
180.0,NODE_10378,11139418715,2,1,yyr,r,False,False,0,,3.0,183.0,False,False,scenario_baseline
180.0,NODE_5681,11139418723,2,1,yyr,r,False,False,0,,3.0,183.0,False,False,scenario_baseline
180.0,NODE_10262,11203041635,4,1,yyyyr,r,False,False,5,ped_9_0_NODE_10262|ped_9_1_NODE_10262|ped_9_2_NODE_10262|ped_9_3_NODE_10262|ped_9_4_NODE_10262,3.0,183.0,False,False,scenario_baseline
180.5,LINK_249048,5161705573,2,1,yyr,r,False,False,0,,2.5,183.0,False,False,scenario_baseline
180.5,NODE_5837,5161705573,2,1,yyr,r,False,False,0,,2.5,183.0,False,False,scenario_baseline
180.5,LINK_10218,11139418715,2,1,yyr,r,False,False,0,,2.5,183.0,False,False,scenario_baseline
180.5,LINK_140740,11139418715,2,1,yyr,r,False,False,0,,2.5,183.0,False,False,scenario_baseline
180.5,NODE_9634,10974501473,4,1,yyyyr,r,False,False,0,,2.5,183.0,False,False,scenario_baseline
180.5,LINK_194891,11203052965,11,1,yyyyyyyyyyyr,r,False,False,1,ped_6_4_LINK_194891,2.5,183.0,False,False,scenario_baseline
180.5,NODE_10378,11139418715,2,1,yyr,r,False,False,0,,2.5,183.0,False,False,scenario_baseline
180.5,NODE_5681,11139418723,2,1,yyr,r,False,False,0,,2.5,183.0,False,False,scenario_baseline
180.5,NODE_10262,11203041635,4,1,yyyyr,r,False,False,5,ped_9_0_NODE_10262|ped_9_1_NODE_10262|ped_9_2_NODE_10262|ped_9_3_NODE_10262|ped_9_4_NODE_10262,2.5,183.0,False,False,scenario_baseline
181.0,LINK_249048,5161705573,2,1,yyr,r,False,False,0,,2.0,183.0,False,False,scenario_baseline
181.0,NODE_5837,5161705573,2,1,yyr,r,False,False,0,,2.0,183.0,False,False,scenario_baseline
181.0,LINK_10218,11139418715,2,1,yyr,r,False,False,0,,2.0,183.0,False,False,scenario_baseline
181.0,LINK_140740,11139418715,2,1,yyr,r,False,False,0,,2.0,183.0,False,False,scenario_baseline
181.0,NODE_9634,10974501473,4,1,yyyyr,r,False,False,0,,2.0,183.0,False,False,scenario_baseline
181.0,LINK_194891,11203052965,11,1,yyyyyyyyyyyr,r,False,False,1,ped_6_4_LINK_194891,2.0,183.0,False,False,scenario_baseline
181.0,NODE_10378,11139418715,2,1,yyr,r,False,False,0,,2.0,183.0,False,False,scenario_baseline
181.0,NODE_5681,11139418723,2,1,yyr,r,False,False,0,,2.0,183.0,False,False,scenario_baseline
181.0,NODE_10262,11203041635,4,1,yyyyr,r,False,False,5,ped_9_0_NODE_10262|ped_9_1_NODE_10262|ped_9_2_NODE_10262|ped_9_3_NODE_10262|ped_9_4_NODE_10262,2.0,183.0,False,False,scenario_baseline
181.5,LINK_249048,5161705573,2,1,yyr,r,False,False,0,,1.5,183.0,False,False,scenario_baseline
181.5,NODE_5837,5161705573,2,1,yyr,r,False,False,0,,1.5,183.0,False,False,scenario_baseline
181.5,LINK_10218,11139418715,2,1,yyr,r,False,False,0,,1.5,183.0,False,False,scenario_baseline
181.5,LINK_140740,11139418715,2,1,yyr,r,False,False,0,,1.5,183.0,False,False,scenario_baseline
181.5,NODE_9634,10974501473,4,1,yyyyr,r,False,False,0,,1.5,183.0,False,False,scenario_baseline
181.5,LINK_194891,11203052965,11,1,yyyyyyyyyyyr,r,False,False,1,ped_6_4_LINK_194891,1.5,183.0,False,False,scenario_baseline
181.5,NODE_10378,11139418715,2,1,yyr,r,False,False,0,,1.5,183.0,False,False,scenario_baseline
181.5,NODE_5681,11139418723,2,1,yyr,r,False,False,0,,1.5,183.0,False,False,scenario_baseline
181.5,NODE_10262,11203041635,4,1,yyyyr,r,False,False,5,ped_9_0_NODE_10262|ped_9_1_NODE_10262|ped_9_2_NODE_10262|ped_9_3_NODE_10262|ped_9_4_NODE_10262,1.5,183.0,False,False,scenario_baseline
182.0,LINK_249048,5161705573,2,1,yyr,r,False,False,0,,1.0,183.0,False,False,scenario_baseline
182.0,NODE_5837,5161705573,2,1,yyr,r,False,False,0,,1.0,183.0,False,False,scenario_baseline
182.0,LINK_10218,11139418715,2,1,yyr,r,False,False,0,,1.0,183.0,False,False,scenario_baseline
182.0,LINK_140740,11139418715,2,1,yyr,r,False,False,0,,1.0,183.0,False,False,scenario_baseline
182.0,NODE_9634,10974501473,4,1,yyyyr,r,False,False,0,,1.0,183.0,False,False,scenario_baseline
182.0,LINK_194891,11203052965,11,1,yyyyyyyyyyyr,r,False,False,1,ped_6_4_LINK_194891,1.0,183.0,False,False,scenario_baseline
182.0,NODE_10378,11139418715,2,1,yyr,r,False,False,0,,1.0,183.0,False,False,scenario_baseline
182.0,NODE_5681,11139418723,2,1,yyr,r,False,False,0,,1.0,183.0,False,False,scenario_baseline
182.0,NODE_10262,11203041635,4,1,yyyyr,r,False,False,5,ped_9_0_NODE_10262|ped_9_1_NODE_10262|ped_9_2_NODE_10262|ped_9_3_NODE_10262|ped_9_4_NODE_10262,1.0,183.0,False,False,scenario_baseline
182.5,LINK_249048,5161705573,2,1,yyr,r,False,False,0,,0.5,183.0,False,False,scenario_baseline
182.5,NODE_5837,5161705573,2,1,yyr,r,False,False,0,,0.5,183.0,False,False,scenario_baseline
182.5,LINK_10218,11139418715,2,1,yyr,r,False,False,0,,0.5,183.0,False,False,scenario_baseline
182.5,LINK_140740,11139418715,2,1,yyr,r,False,False,0,,0.5,183.0,False,False,scenario_baseline
182.5,NODE_9634,10974501473,4,1,yyyyr,r,False,False,0,,0.5,183.0,False,False,scenario_baseline
182.5,LINK_194891,11203052965,11,1,yyyyyyyyyyyr,r,False,False,1,ped_6_4_LINK_194891,0.5,183.0,False,False,scenario_baseline
182.5,NODE_10378,11139418715,2,1,yyr,r,False,False,0,,0.5,183.0,False,False,scenario_baseline
182.5,NODE_5681,11139418723,2,1,yyr,r,False,False,0,,0.5,183.0,False,False,scenario_baseline
182.5,NODE_10262,11203041635,4,1,yyyyr,r,False,False,5,ped_9_0_NODE_10262|ped_9_1_NODE_10262|ped_9_2_NODE_10262|ped_9_3_NODE_10262|ped_9_4_NODE_10262,0.5,183.0,False,False,scenario_baseline
183.0,LINK_249048,5161705573,2,1,yyr,r,False,False,0,,0.0,183.0,False,False,scenario_baseline
183.0,NODE_5837,5161705573,2,1,yyr,r,False,False,0,,0.0,183.0,False,False,scenario_baseline
183.0,LINK_10218,11139418715,2,1,yyr,r,False,False,0,,0.0,183.0,False,False,scenario_baseline
183.0,LINK_140740,11139418715,2,1,yyr,r,False,False,0,,0.0,183.0,False,False,scenario_baseline
183.0,NODE_9634,10974501473,4,1,yyyyr,r,False,False,0,,0.0,183.0,False,False,scenario_baseline
183.0,LINK_194891,11203052965,11,1,yyyyyyyyyyyr,r,False,False,1,ped_6_4_LINK_194891,0.0,183.0,False,False,scenario_baseline
183.0,NODE_10378,11139418715,2,1,yyr,r,False,False,0,,0.0,183.0,False,False,scenario_baseline
183.0,NODE_5681,11139418723,2,1,yyr,r,False,False,0,,0.0,183.0,False,False,scenario_baseline
183.0,NODE_10262,11203041635,4,1,yyyyr,r,False,False,5,ped_9_0_NODE_10262|ped_9_1_NODE_10262|ped_9_2_NODE_10262|ped_9_3_NODE_10262|ped_9_4_NODE_10262,0.0,183.0,False,False,scenario_baseline
183.5,LINK_249048,5161705573,2,2,rrG,G,True,True,0,,12.5,196.0,False,False,scenario_baseline
183.5,NODE_5837,5161705573,2,2,rrG,G,True,True,0,,12.5,196.0,False,False,scenario_baseline
183.5,LINK_10218,11139418715,2,2,rrG,G,True,True,0,,12.5,196.0,False,False,scenario_baseline
183.5,LINK_140740,11139418715,2,2,rrG,G,True,True,0,,12.5,196.0,False,False,scenario_baseline
183.5,NODE_9634,10974501473,4,2,rrrrG,G,True,True,0,,12.5,196.0,False,False,scenario_baseline
183.5,LINK_194891,11203052965,11,2,rrrrrrrrrrrG,G,True,True,1,ped_6_4_LINK_194891,12.5,196.0,False,False,scenario_baseline
183.5,NODE_10378,11139418715,2,2,rrG,G,True,True,0,,12.5,196.0,False,False,scenario_baseline
183.5,NODE_5681,11139418723,2,2,rrG,G,True,True,0,,12.5,196.0,False,False,scenario_baseline
183.5,NODE_10262,11203041635,4,2,rrrrG,G,True,True,5,ped_9_0_NODE_10262|ped_9_1_NODE_10262|ped_9_2_NODE_10262|ped_9_3_NODE_10262|ped_9_4_NODE_10262,12.5,196.0,False,False,scenario_baseline
184.0,LINK_249048,5161705573,2,2,rrG,G,True,True,0,,12.0,196.0,False,False,scenario_baseline
184.0,NODE_5837,5161705573,2,2,rrG,G,True,True,0,,12.0,196.0,False,False,scenario_baseline
184.0,LINK_10218,11139418715,2,2,rrG,G,True,True,0,,12.0,196.0,False,False,scenario_baseline
184.0,LINK_140740,11139418715,2,2,rrG,G,True,True,0,,12.0,196.0,False,False,scenario_baseline
184.0,NODE_9634,10974501473,4,2,rrrrG,G,True,True,0,,12.0,196.0,False,False,scenario_baseline
184.0,LINK_194891,11203052965,11,2,rrrrrrrrrrrG,G,True,True,1,ped_6_4_LINK_194891,12.0,196.0,False,False,scenario_baseline
184.0,NODE_10378,11139418715,2,2,rrG,G,True,True,0,,12.0,196.0,False,False,scenario_baseline
184.0,NODE_5681,11139418723,2,2,rrG,G,True,True,0,,12.0,196.0,False,False,scenario_baseline
184.0,NODE_10262,11203041635,4,2,rrrrG,G,True,True,5,ped_9_0_NODE_10262|ped_9_1_NODE_10262|ped_9_2_NODE_10262|ped_9_3_NODE_10262|ped_9_4_NODE_10262,12.0,196.0,False,False,scenario_baseline
184.5,LINK_249048,5161705573,2,2,rrG,G,True,True,0,,11.5,196.0,False,False,scenario_baseline
184.5,NODE_5837,5161705573,2,2,rrG,G,True,True,0,,11.5,196.0,False,False,scenario_baseline
184.5,LINK_10218,11139418715,2,2,rrG,G,True,True,0,,11.5,196.0,False,False,scenario_baseline
184.5,LINK_140740,11139418715,2,2,rrG,G,True,True,0,,11.5,196.0,False,False,scenario_baseline
184.5,NODE_9634,10974501473,4,2,rrrrG,G,True,True,0,,11.5,196.0,False,False,scenario_baseline
184.5,LINK_194891,11203052965,11,2,rrrrrrrrrrrG,G,True,True,1,ped_6_4_LINK_194891,11.5,196.0,False,False,scenario_baseline
184.5,NODE_10378,11139418715,2,2,rrG,G,True,True,0,,11.5,196.0,False,False,scenario_baseline
184.5,NODE_5681,11139418723,2,2,rrG,G,True,True,0,,11.5,196.0,False,False,scenario_baseline
184.5,NODE_10262,11203041635,4,2,rrrrG,G,True,True,5,ped_9_0_NODE_10262|ped_9_1_NODE_10262|ped_9_2_NODE_10262|ped_9_3_NODE_10262|ped_9_4_NODE_10262,11.5,196.0,False,False,scenario_baseline
185.0,LINK_249048,5161705573,2,2,rrG,G,True,True,0,,11.0,196.0,False,False,scenario_baseline
185.0,NODE_5837,5161705573,2,2,rrG,G,True,True,0,,11.0,196.0,False,False,scenario_baseline
185.0,LINK_10218,11139418715,2,2,rrG,G,True,True,0,,11.0,196.0,False,False,scenario_baseline
185.0,LINK_140740,11139418715,2,2,rrG,G,True,True,0,,11.0,196.0,False,False,scenario_baseline
185.0,NODE_9634,10974501473,4,2,rrrrG,G,True,True,0,,11.0,196.0,False,False,scenario_baseline
185.0,LINK_194891,11203052965,11,2,rrrrrrrrrrrG,G,True,True,1,ped_6_4_LINK_194891,11.0,196.0,False,False,scenario_baseline
185.0,NODE_10378,11139418715,2,2,rrG,G,True,True,0,,11.0,196.0,False,False,scenario_baseline
185.0,NODE_5681,11139418723,2,2,rrG,G,True,True,0,,11.0,196.0,False,False,scenario_baseline
185.0,NODE_10262,11203041635,4,2,rrrrG,G,True,True,5,ped_9_0_NODE_10262|ped_9_1_NODE_10262|ped_9_2_NODE_10262|ped_9_3_NODE_10262|ped_9_4_NODE_10262,11.0,196.0,False,False,scenario_baseline
185.5,LINK_249048,5161705573,2,2,rrG,G,True,True,0,,10.5,196.0,False,False,scenario_baseline
185.5,NODE_5837,5161705573,2,2,rrG,G,True,True,0,,10.5,196.0,False,False,scenario_baseline
185.5,LINK_10218,11139418715,2,2,rrG,G,True,True,0,,10.5,196.0,False,False,scenario_baseline
185.5,LINK_140740,11139418715,2,2,rrG,G,True,True,0,,10.5,196.0,False,False,scenario_baseline
185.5,NODE_9634,10974501473,4,2,rrrrG,G,True,True,0,,10.5,196.0,False,False,scenario_baseline
185.5,LINK_194891,11203052965,11,2,rrrrrrrrrrrG,G,True,True,1,ped_6_4_LINK_194891,10.5,196.0,False,False,scenario_baseline
185.5,NODE_10378,11139418715,2,2,rrG,G,True,True,0,,10.5,196.0,False,False,scenario_baseline
185.5,NODE_5681,11139418723,2,2,rrG,G,True,True,0,,10.5,196.0,False,False,scenario_baseline
185.5,NODE_10262,11203041635,4,2,rrrrG,G,True,True,5,ped_9_0_NODE_10262|ped_9_1_NODE_10262|ped_9_2_NODE_10262|ped_9_3_NODE_10262|ped_9_4_NODE_10262,10.5,196.0,False,False,scenario_baseline
186.0,LINK_249048,5161705573,2,2,rrG,G,True,True,0,,10.0,196.0,False,False,scenario_baseline
186.0,NODE_5837,5161705573,2,2,rrG,G,True,True,0,,10.0,196.0,False,False,scenario_baseline
186.0,LINK_10218,11139418715,2,2,rrG,G,True,True,0,,10.0,196.0,False,False,scenario_baseline
186.0,LINK_140740,11139418715,2,2,rrG,G,True,True,0,,10.0,196.0,False,False,scenario_baseline
186.0,NODE_9634,10974501473,4,2,rrrrG,G,True,True,0,,10.0,196.0,False,False,scenario_baseline
186.0,LINK_194891,11203052965,11,2,rrrrrrrrrrrG,G,True,True,1,ped_6_4_LINK_194891,10.0,196.0,False,False,scenario_baseline
186.0,NODE_10378,11139418715,2,2,rrG,G,True,True,0,,10.0,196.0,False,False,scenario_baseline
186.0,NODE_5681,11139418723,2,2,rrG,G,True,True,0,,10.0,196.0,False,False,scenario_baseline
186.0,NODE_10262,11203041635,4,2,rrrrG,G,True,True,5,ped_9_0_NODE_10262|ped_9_1_NODE_10262|ped_9_2_NODE_10262|ped_9_3_NODE_10262|ped_9_4_NODE_10262,10.0,196.0,False,False,scenario_baseline
186.5,LINK_249048,5161705573,2,2,rrG,G,True,True,0,,9.5,196.0,False,False,scenario_baseline
186.5,NODE_5837,5161705573,2,2,rrG,G,True,True,0,,9.5,196.0,False,False,scenario_baseline
186.5,LINK_10218,11139418715,2,2,rrG,G,True,True,0,,9.5,196.0,False,False,scenario_baseline
186.5,LINK_140740,11139418715,2,2,rrG,G,True,True,0,,9.5,196.0,False,False,scenario_baseline
186.5,NODE_9634,10974501473,4,2,rrrrG,G,True,True,0,,9.5,196.0,False,False,scenario_baseline
186.5,LINK_194891,11203052965,11,2,rrrrrrrrrrrG,G,True,True,1,ped_6_4_LINK_194891,9.5,196.0,False,False,scenario_baseline
186.5,NODE_10378,11139418715,2,2,rrG,G,True,True,0,,9.5,196.0,False,False,scenario_baseline
186.5,NODE_5681,11139418723,2,2,rrG,G,True,True,0,,9.5,196.0,False,False,scenario_baseline
186.5,NODE_10262,11203041635,4,2,rrrrG,G,True,True,5,ped_9_0_NODE_10262|ped_9_1_NODE_10262|ped_9_2_NODE_10262|ped_9_3_NODE_10262|ped_9_4_NODE_10262,9.5,196.0,False,False,scenario_baseline
187.0,LINK_249048,5161705573,2,2,rrG,G,True,True,0,,9.0,196.0,False,False,scenario_baseline
187.0,NODE_5837,5161705573,2,2,rrG,G,True,True,0,,9.0,196.0,False,False,scenario_baseline
187.0,LINK_10218,11139418715,2,2,rrG,G,True,True,0,,9.0,196.0,False,False,scenario_baseline
187.0,LINK_140740,11139418715,2,2,rrG,G,True,True,0,,9.0,196.0,False,False,scenario_baseline
187.0,NODE_9634,10974501473,4,2,rrrrG,G,True,True,0,,9.0,196.0,False,False,scenario_baseline
187.0,LINK_194891,11203052965,11,2,rrrrrrrrrrrG,G,True,True,1,ped_6_4_LINK_194891,9.0,196.0,False,False,scenario_baseline
187.0,NODE_10378,11139418715,2,2,rrG,G,True,True,0,,9.0,196.0,False,False,scenario_baseline
187.0,NODE_5681,11139418723,2,2,rrG,G,True,True,0,,9.0,196.0,False,False,scenario_baseline
187.0,NODE_10262,11203041635,4,2,rrrrG,G,True,True,5,ped_9_0_NODE_10262|ped_9_1_NODE_10262|ped_9_2_NODE_10262|ped_9_3_NODE_10262|ped_9_4_NODE_10262,9.0,196.0,False,False,scenario_baseline
187.5,LINK_249048,5161705573,2,2,rrG,G,True,True,0,,8.5,196.0,False,False,scenario_baseline
187.5,NODE_5837,5161705573,2,2,rrG,G,True,True,0,,8.5,196.0,False,False,scenario_baseline
187.5,LINK_10218,11139418715,2,2,rrG,G,True,True,0,,8.5,196.0,False,False,scenario_baseline
187.5,LINK_140740,11139418715,2,2,rrG,G,True,True,0,,8.5,196.0,False,False,scenario_baseline
187.5,NODE_9634,10974501473,4,2,rrrrG,G,True,True,0,,8.5,196.0,False,False,scenario_baseline
187.5,LINK_194891,11203052965,11,2,rrrrrrrrrrrG,G,True,True,1,ped_6_4_LINK_194891,8.5,196.0,False,False,scenario_baseline
187.5,NODE_10378,11139418715,2,2,rrG,G,True,True,0,,8.5,196.0,False,False,scenario_baseline
187.5,NODE_5681,11139418723,2,2,rrG,G,True,True,0,,8.5,196.0,False,False,scenario_baseline
187.5,NODE_10262,11203041635,4,2,rrrrG,G,True,True,5,ped_9_0_NODE_10262|ped_9_1_NODE_10262|ped_9_2_NODE_10262|ped_9_3_NODE_10262|ped_9_4_NODE_10262,8.5,196.0,False,False,scenario_baseline
188.0,LINK_249048,5161705573,2,2,rrG,G,True,True,0,,8.0,196.0,False,False,scenario_baseline
188.0,NODE_5837,5161705573,2,2,rrG,G,True,True,0,,8.0,196.0,False,False,scenario_baseline
188.0,LINK_10218,11139418715,2,2,rrG,G,True,True,0,,8.0,196.0,False,False,scenario_baseline
188.0,LINK_140740,11139418715,2,2,rrG,G,True,True,0,,8.0,196.0,False,False,scenario_baseline
188.0,NODE_9634,10974501473,4,2,rrrrG,G,True,True,0,,8.0,196.0,False,False,scenario_baseline
188.0,LINK_194891,11203052965,11,2,rrrrrrrrrrrG,G,True,True,1,ped_6_4_LINK_194891,8.0,196.0,False,False,scenario_baseline
188.0,NODE_10378,11139418715,2,2,rrG,G,True,True,0,,8.0,196.0,False,False,scenario_baseline
188.0,NODE_5681,11139418723,2,2,rrG,G,True,True,0,,8.0,196.0,False,False,scenario_baseline
188.0,NODE_10262,11203041635,4,2,rrrrG,G,True,True,5,ped_9_0_NODE_10262|ped_9_1_NODE_10262|ped_9_2_NODE_10262|ped_9_3_NODE_10262|ped_9_4_NODE_10262,8.0,196.0,False,False,scenario_baseline
188.5,LINK_249048,5161705573,2,2,rrG,G,True,True,0,,7.5,196.0,False,False,scenario_baseline
188.5,NODE_5837,5161705573,2,2,rrG,G,True,True,0,,7.5,196.0,False,False,scenario_baseline
188.5,LINK_10218,11139418715,2,2,rrG,G,True,True,0,,7.5,196.0,False,False,scenario_baseline
188.5,LINK_140740,11139418715,2,2,rrG,G,True,True,0,,7.5,196.0,False,False,scenario_baseline
188.5,NODE_9634,10974501473,4,2,rrrrG,G,True,True,0,,7.5,196.0,False,False,scenario_baseline
188.5,LINK_194891,11203052965,11,2,rrrrrrrrrrrG,G,True,True,1,ped_6_4_LINK_194891,7.5,196.0,False,False,scenario_baseline
188.5,NODE_10378,11139418715,2,2,rrG,G,True,True,0,,7.5,196.0,False,False,scenario_baseline
188.5,NODE_5681,11139418723,2,2,rrG,G,True,True,0,,7.5,196.0,False,False,scenario_baseline
188.5,NODE_10262,11203041635,4,2,rrrrG,G,True,True,5,ped_9_0_NODE_10262|ped_9_1_NODE_10262|ped_9_2_NODE_10262|ped_9_3_NODE_10262|ped_9_4_NODE_10262,7.5,196.0,False,False,scenario_baseline
189.0,LINK_249048,5161705573,2,2,rrG,G,True,True,0,,7.0,196.0,False,False,scenario_baseline
189.0,NODE_5837,5161705573,2,2,rrG,G,True,True,0,,7.0,196.0,False,False,scenario_baseline
189.0,LINK_10218,11139418715,2,2,rrG,G,True,True,0,,7.0,196.0,False,False,scenario_baseline
189.0,LINK_140740,11139418715,2,2,rrG,G,True,True,0,,7.0,196.0,False,False,scenario_baseline
189.0,NODE_9634,10974501473,4,2,rrrrG,G,True,True,0,,7.0,196.0,False,False,scenario_baseline
189.0,LINK_194891,11203052965,11,2,rrrrrrrrrrrG,G,True,True,1,ped_6_4_LINK_194891,7.0,196.0,False,False,scenario_baseline
189.0,NODE_10378,11139418715,2,2,rrG,G,True,True,0,,7.0,196.0,False,False,scenario_baseline
189.0,NODE_5681,11139418723,2,2,rrG,G,True,True,0,,7.0,196.0,False,False,scenario_baseline
189.0,NODE_10262,11203041635,4,2,rrrrG,G,True,True,5,ped_9_0_NODE_10262|ped_9_1_NODE_10262|ped_9_2_NODE_10262|ped_9_3_NODE_10262|ped_9_4_NODE_10262,7.0,196.0,False,False,scenario_baseline
189.5,LINK_249048,5161705573,2,2,rrG,G,True,True,0,,6.5,196.0,False,False,scenario_baseline
189.5,NODE_5837,5161705573,2,2,rrG,G,True,True,0,,6.5,196.0,False,False,scenario_baseline
189.5,LINK_10218,11139418715,2,2,rrG,G,True,True,0,,6.5,196.0,False,False,scenario_baseline
189.5,LINK_140740,11139418715,2,2,rrG,G,True,True,0,,6.5,196.0,False,False,scenario_baseline
189.5,NODE_9634,10974501473,4,2,rrrrG,G,True,True,0,,6.5,196.0,False,False,scenario_baseline
189.5,LINK_194891,11203052965,11,2,rrrrrrrrrrrG,G,True,True,1,ped_6_4_LINK_194891,6.5,196.0,False,False,scenario_baseline
189.5,NODE_10378,11139418715,2,2,rrG,G,True,True,0,,6.5,196.0,False,False,scenario_baseline
189.5,NODE_5681,11139418723,2,2,rrG,G,True,True,0,,6.5,196.0,False,False,scenario_baseline
189.5,NODE_10262,11203041635,4,2,rrrrG,G,True,True,5,ped_9_0_NODE_10262|ped_9_1_NODE_10262|ped_9_2_NODE_10262|ped_9_3_NODE_10262|ped_9_4_NODE_10262,6.5,196.0,False,False,scenario_baseline
190.0,LINK_249048,5161705573,2,2,rrG,G,True,True,0,,6.0,196.0,False,False,scenario_baseline
190.0,NODE_5837,5161705573,2,2,rrG,G,True,True,0,,6.0,196.0,False,False,scenario_baseline
190.0,LINK_10218,11139418715,2,2,rrG,G,True,True,0,,6.0,196.0,False,False,scenario_baseline
190.0,LINK_140740,11139418715,2,2,rrG,G,True,True,0,,6.0,196.0,False,False,scenario_baseline
190.0,NODE_9634,10974501473,4,2,rrrrG,G,True,True,0,,6.0,196.0,False,False,scenario_baseline
190.0,LINK_194891,11203052965,11,2,rrrrrrrrrrrG,G,True,True,1,ped_6_4_LINK_194891,6.0,196.0,False,False,scenario_baseline
190.0,NODE_10378,11139418715,2,2,rrG,G,True,True,0,,6.0,196.0,False,False,scenario_baseline
190.0,NODE_5681,11139418723,2,2,rrG,G,True,True,0,,6.0,196.0,False,False,scenario_baseline
190.0,NODE_10262,11203041635,4,2,rrrrG,G,True,True,5,ped_9_0_NODE_10262|ped_9_1_NODE_10262|ped_9_2_NODE_10262|ped_9_3_NODE_10262|ped_9_4_NODE_10262,6.0,196.0,False,False,scenario_baseline
190.5,LINK_249048,5161705573,2,2,rrG,G,True,True,0,,5.5,196.0,False,False,scenario_baseline
190.5,NODE_5837,5161705573,2,2,rrG,G,True,True,0,,5.5,196.0,False,False,scenario_baseline
190.5,LINK_10218,11139418715,2,2,rrG,G,True,True,0,,5.5,196.0,False,False,scenario_baseline
190.5,LINK_140740,11139418715,2,2,rrG,G,True,True,0,,5.5,196.0,False,False,scenario_baseline
190.5,NODE_9634,10974501473,4,2,rrrrG,G,True,True,0,,5.5,196.0,False,False,scenario_baseline
190.5,LINK_194891,11203052965,11,2,rrrrrrrrrrrG,G,True,True,1,ped_6_4_LINK_194891,5.5,196.0,False,False,scenario_baseline
190.5,NODE_10378,11139418715,2,2,rrG,G,True,True,0,,5.5,196.0,False,False,scenario_baseline
190.5,NODE_5681,11139418723,2,2,rrG,G,True,True,0,,5.5,196.0,False,False,scenario_baseline
190.5,NODE_10262,11203041635,4,2,rrrrG,G,True,True,5,ped_9_0_NODE_10262|ped_9_1_NODE_10262|ped_9_2_NODE_10262|ped_9_3_NODE_10262|ped_9_4_NODE_10262,5.5,196.0,False,False,scenario_baseline
191.0,LINK_249048,5161705573,2,2,rrG,G,True,True,0,,5.0,196.0,False,False,scenario_baseline
191.0,NODE_5837,5161705573,2,2,rrG,G,True,True,0,,5.0,196.0,False,False,scenario_baseline
191.0,LINK_10218,11139418715,2,2,rrG,G,True,True,0,,5.0,196.0,False,False,scenario_baseline
191.0,LINK_140740,11139418715,2,2,rrG,G,True,True,0,,5.0,196.0,False,False,scenario_baseline
191.0,NODE_9634,10974501473,4,2,rrrrG,G,True,True,0,,5.0,196.0,False,False,scenario_baseline
191.0,LINK_194891,11203052965,11,2,rrrrrrrrrrrG,G,True,True,1,ped_6_4_LINK_194891,5.0,196.0,False,False,scenario_baseline
191.0,NODE_10378,11139418715,2,2,rrG,G,True,True,0,,5.0,196.0,False,False,scenario_baseline
191.0,NODE_5681,11139418723,2,2,rrG,G,True,True,0,,5.0,196.0,False,False,scenario_baseline
191.0,NODE_10262,11203041635,4,2,rrrrG,G,True,True,5,ped_9_0_NODE_10262|ped_9_1_NODE_10262|ped_9_2_NODE_10262|ped_9_3_NODE_10262|ped_9_4_NODE_10262,5.0,196.0,False,False,scenario_baseline
191.5,LINK_249048,5161705573,2,2,rrG,G,True,True,0,,4.5,196.0,False,False,scenario_baseline
191.5,NODE_5837,5161705573,2,2,rrG,G,True,True,0,,4.5,196.0,False,False,scenario_baseline
191.5,LINK_10218,11139418715,2,2,rrG,G,True,True,0,,4.5,196.0,False,False,scenario_baseline
191.5,LINK_140740,11139418715,2,2,rrG,G,True,True,0,,4.5,196.0,False,False,scenario_baseline
191.5,NODE_9634,10974501473,4,2,rrrrG,G,True,True,0,,4.5,196.0,False,False,scenario_baseline
191.5,LINK_194891,11203052965,11,2,rrrrrrrrrrrG,G,True,True,1,ped_6_4_LINK_194891,4.5,196.0,False,False,scenario_baseline
191.5,NODE_10378,11139418715,2,2,rrG,G,True,True,0,,4.5,196.0,False,False,scenario_baseline
191.5,NODE_5681,11139418723,2,2,rrG,G,True,True,0,,4.5,196.0,False,False,scenario_baseline
191.5,NODE_10262,11203041635,4,2,rrrrG,G,True,True,5,ped_9_0_NODE_10262|ped_9_1_NODE_10262|ped_9_2_NODE_10262|ped_9_3_NODE_10262|ped_9_4_NODE_10262,4.5,196.0,False,False,scenario_baseline
192.0,LINK_249048,5161705573,2,2,rrG,G,True,True,0,,4.0,196.0,False,False,scenario_baseline
192.0,NODE_5837,5161705573,2,2,rrG,G,True,True,0,,4.0,196.0,False,False,scenario_baseline
192.0,LINK_10218,11139418715,2,2,rrG,G,True,True,0,,4.0,196.0,False,False,scenario_baseline
192.0,LINK_140740,11139418715,2,2,rrG,G,True,True,0,,4.0,196.0,False,False,scenario_baseline
192.0,NODE_9634,10974501473,4,2,rrrrG,G,True,True,0,,4.0,196.0,False,False,scenario_baseline
192.0,LINK_194891,11203052965,11,2,rrrrrrrrrrrG,G,True,True,1,ped_6_4_LINK_194891,4.0,196.0,False,False,scenario_baseline
192.0,NODE_10378,11139418715,2,2,rrG,G,True,True,0,,4.0,196.0,False,False,scenario_baseline
192.0,NODE_5681,11139418723,2,2,rrG,G,True,True,0,,4.0,196.0,False,False,scenario_baseline
192.0,NODE_10262,11203041635,4,2,rrrrG,G,True,True,5,ped_9_0_NODE_10262|ped_9_1_NODE_10262|ped_9_2_NODE_10262|ped_9_3_NODE_10262|ped_9_4_NODE_10262,4.0,196.0,False,False,scenario_baseline
192.5,LINK_249048,5161705573,2,2,rrG,G,True,True,0,,3.5,196.0,False,False,scenario_baseline
192.5,NODE_5837,5161705573,2,2,rrG,G,True,True,0,,3.5,196.0,False,False,scenario_baseline
192.5,LINK_10218,11139418715,2,2,rrG,G,True,True,0,,3.5,196.0,False,False,scenario_baseline
192.5,LINK_140740,11139418715,2,2,rrG,G,True,True,0,,3.5,196.0,False,False,scenario_baseline
192.5,NODE_9634,10974501473,4,2,rrrrG,G,True,True,0,,3.5,196.0,False,False,scenario_baseline
192.5,LINK_194891,11203052965,11,2,rrrrrrrrrrrG,G,True,True,1,ped_6_4_LINK_194891,3.5,196.0,False,False,scenario_baseline
192.5,NODE_10378,11139418715,2,2,rrG,G,True,True,0,,3.5,196.0,False,False,scenario_baseline
192.5,NODE_5681,11139418723,2,2,rrG,G,True,True,0,,3.5,196.0,False,False,scenario_baseline
192.5,NODE_10262,11203041635,4,2,rrrrG,G,True,True,5,ped_9_0_NODE_10262|ped_9_1_NODE_10262|ped_9_2_NODE_10262|ped_9_3_NODE_10262|ped_9_4_NODE_10262,3.5,196.0,False,False,scenario_baseline
193.0,LINK_249048,5161705573,2,2,rrG,G,True,True,0,,3.0,196.0,False,False,scenario_baseline
193.0,NODE_5837,5161705573,2,2,rrG,G,True,True,0,,3.0,196.0,False,False,scenario_baseline
193.0,LINK_10218,11139418715,2,2,rrG,G,True,True,0,,3.0,196.0,False,False,scenario_baseline
193.0,LINK_140740,11139418715,2,2,rrG,G,True,True,0,,3.0,196.0,False,False,scenario_baseline
193.0,NODE_9634,10974501473,4,2,rrrrG,G,True,True,0,,3.0,196.0,False,False,scenario_baseline
193.0,LINK_194891,11203052965,11,2,rrrrrrrrrrrG,G,True,True,1,ped_6_4_LINK_194891,3.0,196.0,False,False,scenario_baseline
193.0,NODE_10378,11139418715,2,2,rrG,G,True,True,0,,3.0,196.0,False,False,scenario_baseline
193.0,NODE_5681,11139418723,2,2,rrG,G,True,True,0,,3.0,196.0,False,False,scenario_baseline
193.0,NODE_10262,11203041635,4,2,rrrrG,G,True,True,5,ped_9_0_NODE_10262|ped_9_1_NODE_10262|ped_9_2_NODE_10262|ped_9_3_NODE_10262|ped_9_4_NODE_10262,3.0,196.0,False,False,scenario_baseline
193.5,LINK_249048,5161705573,2,2,rrG,G,True,True,0,,2.5,196.0,False,False,scenario_baseline
193.5,NODE_5837,5161705573,2,2,rrG,G,True,True,0,,2.5,196.0,False,False,scenario_baseline
193.5,LINK_10218,11139418715,2,2,rrG,G,True,True,0,,2.5,196.0,False,False,scenario_baseline
193.5,LINK_140740,11139418715,2,2,rrG,G,True,True,0,,2.5,196.0,False,False,scenario_baseline
193.5,NODE_9634,10974501473,4,2,rrrrG,G,True,True,0,,2.5,196.0,False,False,scenario_baseline
193.5,LINK_194891,11203052965,11,2,rrrrrrrrrrrG,G,True,True,1,ped_6_4_LINK_194891,2.5,196.0,False,False,scenario_baseline
193.5,NODE_10378,11139418715,2,2,rrG,G,True,True,0,,2.5,196.0,False,False,scenario_baseline
193.5,NODE_5681,11139418723,2,2,rrG,G,True,True,0,,2.5,196.0,False,False,scenario_baseline
193.5,NODE_10262,11203041635,4,2,rrrrG,G,True,True,5,ped_9_0_NODE_10262|ped_9_1_NODE_10262|ped_9_2_NODE_10262|ped_9_3_NODE_10262|ped_9_4_NODE_10262,2.5,196.0,False,False,scenario_baseline
194.0,LINK_249048,5161705573,2,2,rrG,G,True,True,0,,2.0,196.0,False,False,scenario_baseline
194.0,NODE_5837,5161705573,2,2,rrG,G,True,True,0,,2.0,196.0,False,False,scenario_baseline
194.0,LINK_10218,11139418715,2,2,rrG,G,True,True,0,,2.0,196.0,False,False,scenario_baseline
194.0,LINK_140740,11139418715,2,2,rrG,G,True,True,0,,2.0,196.0,False,False,scenario_baseline
194.0,NODE_9634,10974501473,4,2,rrrrG,G,True,True,0,,2.0,196.0,False,False,scenario_baseline
194.0,LINK_194891,11203052965,11,2,rrrrrrrrrrrG,G,True,True,1,ped_6_4_LINK_194891,2.0,196.0,False,False,scenario_baseline
194.0,NODE_10378,11139418715,2,2,rrG,G,True,True,0,,2.0,196.0,False,False,scenario_baseline
194.0,NODE_5681,11139418723,2,2,rrG,G,True,True,0,,2.0,196.0,False,False,scenario_baseline
194.0,NODE_10262,11203041635,4,2,rrrrG,G,True,True,5,ped_9_0_NODE_10262|ped_9_1_NODE_10262|ped_9_2_NODE_10262|ped_9_3_NODE_10262|ped_9_4_NODE_10262,2.0,196.0,False,False,scenario_baseline
194.5,LINK_249048,5161705573,2,2,rrG,G,True,True,0,,1.5,196.0,False,False,scenario_baseline
194.5,NODE_5837,5161705573,2,2,rrG,G,True,True,0,,1.5,196.0,False,False,scenario_baseline
194.5,LINK_10218,11139418715,2,2,rrG,G,True,True,0,,1.5,196.0,False,False,scenario_baseline
194.5,LINK_140740,11139418715,2,2,rrG,G,True,True,0,,1.5,196.0,False,False,scenario_baseline
194.5,NODE_9634,10974501473,4,2,rrrrG,G,True,True,0,,1.5,196.0,False,False,scenario_baseline
194.5,LINK_194891,11203052965,11,2,rrrrrrrrrrrG,G,True,True,1,ped_6_4_LINK_194891,1.5,196.0,False,False,scenario_baseline
194.5,NODE_10378,11139418715,2,2,rrG,G,True,True,0,,1.5,196.0,False,False,scenario_baseline
194.5,NODE_5681,11139418723,2,2,rrG,G,True,True,0,,1.5,196.0,False,False,scenario_baseline
194.5,NODE_10262,11203041635,4,2,rrrrG,G,True,True,5,ped_9_0_NODE_10262|ped_9_1_NODE_10262|ped_9_2_NODE_10262|ped_9_3_NODE_10262|ped_9_4_NODE_10262,1.5,196.0,False,False,scenario_baseline
195.0,LINK_249048,5161705573,2,2,rrG,G,True,True,0,,1.0,196.0,False,False,scenario_baseline
195.0,NODE_5837,5161705573,2,2,rrG,G,True,True,0,,1.0,196.0,False,False,scenario_baseline
195.0,LINK_10218,11139418715,2,2,rrG,G,True,True,0,,1.0,196.0,False,False,scenario_baseline
195.0,LINK_140740,11139418715,2,2,rrG,G,True,True,0,,1.0,196.0,False,False,scenario_baseline
195.0,NODE_9634,10974501473,4,2,rrrrG,G,True,True,0,,1.0,196.0,False,False,scenario_baseline
195.0,LINK_194891,11203052965,11,2,rrrrrrrrrrrG,G,True,True,1,ped_6_4_LINK_194891,1.0,196.0,False,False,scenario_baseline
195.0,NODE_10378,11139418715,2,2,rrG,G,True,True,0,,1.0,196.0,False,False,scenario_baseline
195.0,NODE_5681,11139418723,2,2,rrG,G,True,True,0,,1.0,196.0,False,False,scenario_baseline
195.0,NODE_10262,11203041635,4,2,rrrrG,G,True,True,5,ped_9_0_NODE_10262|ped_9_1_NODE_10262|ped_9_2_NODE_10262|ped_9_3_NODE_10262|ped_9_4_NODE_10262,1.0,196.0,False,False,scenario_baseline
195.5,LINK_249048,5161705573,2,2,rrG,G,True,True,0,,0.5,196.0,False,False,scenario_baseline
195.5,NODE_5837,5161705573,2,2,rrG,G,True,True,0,,0.5,196.0,False,False,scenario_baseline
195.5,LINK_10218,11139418715,2,2,rrG,G,True,True,0,,0.5,196.0,False,False,scenario_baseline
195.5,LINK_140740,11139418715,2,2,rrG,G,True,True,0,,0.5,196.0,False,False,scenario_baseline
195.5,NODE_9634,10974501473,4,2,rrrrG,G,True,True,0,,0.5,196.0,False,False,scenario_baseline
195.5,LINK_194891,11203052965,11,2,rrrrrrrrrrrG,G,True,True,1,ped_6_4_LINK_194891,0.5,196.0,False,False,scenario_baseline
195.5,NODE_10378,11139418715,2,2,rrG,G,True,True,0,,0.5,196.0,False,False,scenario_baseline
195.5,NODE_5681,11139418723,2,2,rrG,G,True,True,0,,0.5,196.0,False,False,scenario_baseline
195.5,NODE_10262,11203041635,4,2,rrrrG,G,True,True,5,ped_9_0_NODE_10262|ped_9_1_NODE_10262|ped_9_2_NODE_10262|ped_9_3_NODE_10262|ped_9_4_NODE_10262,0.5,196.0,False,False,scenario_baseline
196.0,LINK_249048,5161705573,2,2,rrG,G,True,True,0,,0.0,196.0,False,False,scenario_baseline
196.0,NODE_5837,5161705573,2,2,rrG,G,True,True,0,,0.0,196.0,False,False,scenario_baseline
196.0,LINK_10218,11139418715,2,2,rrG,G,True,True,0,,0.0,196.0,False,False,scenario_baseline
196.0,LINK_140740,11139418715,2,2,rrG,G,True,True,0,,0.0,196.0,False,False,scenario_baseline
196.0,NODE_9634,10974501473,4,2,rrrrG,G,True,True,0,,0.0,196.0,False,False,scenario_baseline
196.0,LINK_194891,11203052965,11,2,rrrrrrrrrrrG,G,True,True,1,ped_6_4_LINK_194891,0.0,196.0,False,False,scenario_baseline
196.0,NODE_10378,11139418715,2,2,rrG,G,True,True,0,,0.0,196.0,False,False,scenario_baseline
196.0,NODE_5681,11139418723,2,2,rrG,G,True,True,0,,0.0,196.0,False,False,scenario_baseline
196.0,NODE_10262,11203041635,4,2,rrrrG,G,True,True,5,ped_9_0_NODE_10262|ped_9_1_NODE_10262|ped_9_2_NODE_10262|ped_9_3_NODE_10262|ped_9_4_NODE_10262,0.0,196.0,False,False,scenario_baseline
196.5,LINK_249048,5161705573,2,0,GGr,r,False,False,0,,78.5,275.0,False,False,scenario_baseline
196.5,NODE_5837,5161705573,2,0,GGr,r,False,False,0,,78.5,275.0,False,False,scenario_baseline
196.5,LINK_10218,11139418715,2,0,GGr,r,False,False,0,,78.5,275.0,False,False,scenario_baseline
196.5,LINK_140740,11139418715,2,0,GGr,r,False,False,0,,78.5,275.0,False,False,scenario_baseline
196.5,NODE_9634,10974501473,4,0,GGGGr,r,False,False,0,,80.5,277.0,False,False,scenario_baseline
196.5,LINK_194891,11203052965,11,0,GGGGGGGGGGGr,r,False,False,1,ped_6_4_LINK_194891,78.5,275.0,False,False,scenario_baseline
196.5,NODE_10378,11139418715,2,0,GGr,r,False,False,0,,78.5,275.0,False,False,scenario_baseline
196.5,NODE_5681,11139418723,2,0,GGr,r,False,False,0,,78.5,275.0,False,False,scenario_baseline
196.5,NODE_10262,11203041635,4,0,GGGGr,r,False,False,5,ped_9_0_NODE_10262|ped_9_1_NODE_10262|ped_9_2_NODE_10262|ped_9_3_NODE_10262|ped_9_4_NODE_10262,78.5,275.0,False,False,scenario_baseline
197.0,LINK_249048,5161705573,2,0,GGr,r,False,False,0,,78.0,275.0,False,False,scenario_baseline
197.0,NODE_5837,5161705573,2,0,GGr,r,False,False,0,,78.0,275.0,False,False,scenario_baseline
197.0,LINK_10218,11139418715,2,0,GGr,r,False,False,0,,78.0,275.0,False,False,scenario_baseline
197.0,LINK_140740,11139418715,2,0,GGr,r,False,False,0,,78.0,275.0,False,False,scenario_baseline
197.0,NODE_9634,10974501473,4,0,GGGGr,r,False,False,0,,80.0,277.0,False,False,scenario_baseline
197.0,LINK_194891,11203052965,11,0,GGGGGGGGGGGr,r,False,False,1,ped_6_4_LINK_194891,78.0,275.0,False,False,scenario_baseline
197.0,NODE_10378,11139418715,2,0,GGr,r,False,False,0,,78.0,275.0,False,False,scenario_baseline
197.0,NODE_5681,11139418723,2,0,GGr,r,False,False,0,,78.0,275.0,False,False,scenario_baseline
197.0,NODE_10262,11203041635,4,0,GGGGr,r,False,False,5,ped_9_0_NODE_10262|ped_9_1_NODE_10262|ped_9_2_NODE_10262|ped_9_3_NODE_10262|ped_9_4_NODE_10262,78.0,275.0,False,False,scenario_baseline
197.5,LINK_249048,5161705573,2,0,GGr,r,False,False,0,,77.5,275.0,False,False,scenario_baseline
197.5,NODE_5837,5161705573,2,0,GGr,r,False,False,0,,77.5,275.0,False,False,scenario_baseline
197.5,LINK_10218,11139418715,2,0,GGr,r,False,False,0,,77.5,275.0,False,False,scenario_baseline
197.5,LINK_140740,11139418715,2,0,GGr,r,False,False,0,,77.5,275.0,False,False,scenario_baseline
197.5,NODE_9634,10974501473,4,0,GGGGr,r,False,False,0,,79.5,277.0,False,False,scenario_baseline
197.5,LINK_194891,11203052965,11,0,GGGGGGGGGGGr,r,False,False,1,ped_6_4_LINK_194891,77.5,275.0,False,False,scenario_baseline
197.5,NODE_10378,11139418715,2,0,GGr,r,False,False,0,,77.5,275.0,False,False,scenario_baseline
197.5,NODE_5681,11139418723,2,0,GGr,r,False,False,0,,77.5,275.0,False,False,scenario_baseline
197.5,NODE_10262,11203041635,4,0,GGGGr,r,False,False,5,ped_9_0_NODE_10262|ped_9_1_NODE_10262|ped_9_2_NODE_10262|ped_9_3_NODE_10262|ped_9_4_NODE_10262,77.5,275.0,False,False,scenario_baseline
198.0,LINK_249048,5161705573,2,0,GGr,r,False,False,0,,77.0,275.0,False,False,scenario_baseline
198.0,NODE_5837,5161705573,2,0,GGr,r,False,False,0,,77.0,275.0,False,False,scenario_baseline
198.0,LINK_10218,11139418715,2,0,GGr,r,False,False,0,,77.0,275.0,False,False,scenario_baseline
198.0,LINK_140740,11139418715,2,0,GGr,r,False,False,0,,77.0,275.0,False,False,scenario_baseline
198.0,NODE_9634,10974501473,4,0,GGGGr,r,False,False,0,,79.0,277.0,False,False,scenario_baseline
198.0,LINK_194891,11203052965,11,0,GGGGGGGGGGGr,r,False,False,1,ped_6_4_LINK_194891,77.0,275.0,False,False,scenario_baseline
198.0,NODE_10378,11139418715,2,0,GGr,r,False,False,0,,77.0,275.0,False,False,scenario_baseline
198.0,NODE_5681,11139418723,2,0,GGr,r,False,False,0,,77.0,275.0,False,False,scenario_baseline
198.0,NODE_10262,11203041635,4,0,GGGGr,r,False,False,5,ped_9_0_NODE_10262|ped_9_1_NODE_10262|ped_9_2_NODE_10262|ped_9_3_NODE_10262|ped_9_4_NODE_10262,77.0,275.0,False,False,scenario_baseline
198.5,LINK_249048,5161705573,2,0,GGr,r,False,False,0,,76.5,275.0,False,False,scenario_baseline
198.5,NODE_5837,5161705573,2,0,GGr,r,False,False,0,,76.5,275.0,False,False,scenario_baseline
198.5,LINK_10218,11139418715,2,0,GGr,r,False,False,0,,76.5,275.0,False,False,scenario_baseline
198.5,LINK_140740,11139418715,2,0,GGr,r,False,False,0,,76.5,275.0,False,False,scenario_baseline
198.5,NODE_9634,10974501473,4,0,GGGGr,r,False,False,0,,78.5,277.0,False,False,scenario_baseline
198.5,LINK_194891,11203052965,11,0,GGGGGGGGGGGr,r,False,False,1,ped_6_4_LINK_194891,76.5,275.0,False,False,scenario_baseline
198.5,NODE_10378,11139418715,2,0,GGr,r,False,False,0,,76.5,275.0,False,False,scenario_baseline
198.5,NODE_5681,11139418723,2,0,GGr,r,False,False,0,,76.5,275.0,False,False,scenario_baseline
198.5,NODE_10262,11203041635,4,0,GGGGr,r,False,False,5,ped_9_0_NODE_10262|ped_9_1_NODE_10262|ped_9_2_NODE_10262|ped_9_3_NODE_10262|ped_9_4_NODE_10262,76.5,275.0,False,False,scenario_baseline
199.0,LINK_249048,5161705573,2,0,GGr,r,False,False,0,,76.0,275.0,False,False,scenario_baseline
199.0,NODE_5837,5161705573,2,0,GGr,r,False,False,0,,76.0,275.0,False,False,scenario_baseline
199.0,LINK_10218,11139418715,2,0,GGr,r,False,False,0,,76.0,275.0,False,False,scenario_baseline
199.0,LINK_140740,11139418715,2,0,GGr,r,False,False,0,,76.0,275.0,False,False,scenario_baseline
199.0,NODE_9634,10974501473,4,0,GGGGr,r,False,False,0,,78.0,277.0,False,False,scenario_baseline
199.0,LINK_194891,11203052965,11,0,GGGGGGGGGGGr,r,False,False,1,ped_6_4_LINK_194891,76.0,275.0,False,False,scenario_baseline
199.0,NODE_10378,11139418715,2,0,GGr,r,False,False,0,,76.0,275.0,False,False,scenario_baseline
199.0,NODE_5681,11139418723,2,0,GGr,r,False,False,0,,76.0,275.0,False,False,scenario_baseline
199.0,NODE_10262,11203041635,4,0,GGGGr,r,False,False,5,ped_9_0_NODE_10262|ped_9_1_NODE_10262|ped_9_2_NODE_10262|ped_9_3_NODE_10262|ped_9_4_NODE_10262,76.0,275.0,False,False,scenario_baseline
199.5,LINK_249048,5161705573,2,0,GGr,r,False,False,0,,75.5,275.0,False,False,scenario_baseline
199.5,NODE_5837,5161705573,2,0,GGr,r,False,False,0,,75.5,275.0,False,False,scenario_baseline
199.5,LINK_10218,11139418715,2,0,GGr,r,False,False,0,,75.5,275.0,False,False,scenario_baseline
199.5,LINK_140740,11139418715,2,0,GGr,r,False,False,0,,75.5,275.0,False,False,scenario_baseline
199.5,NODE_9634,10974501473,4,0,GGGGr,r,False,False,0,,77.5,277.0,False,False,scenario_baseline
199.5,LINK_194891,11203052965,11,0,GGGGGGGGGGGr,r,False,False,1,ped_6_4_LINK_194891,75.5,275.0,False,False,scenario_baseline
199.5,NODE_10378,11139418715,2,0,GGr,r,False,False,0,,75.5,275.0,False,False,scenario_baseline
199.5,NODE_5681,11139418723,2,0,GGr,r,False,False,0,,75.5,275.0,False,False,scenario_baseline
199.5,NODE_10262,11203041635,4,0,GGGGr,r,False,False,5,ped_9_0_NODE_10262|ped_9_1_NODE_10262|ped_9_2_NODE_10262|ped_9_3_NODE_10262|ped_9_4_NODE_10262,75.5,275.0,False,False,scenario_baseline
200.0,LINK_249048,5161705573,2,0,GGr,r,False,False,0,,75.0,275.0,False,False,scenario_baseline
200.0,NODE_5837,5161705573,2,0,GGr,r,False,False,0,,75.0,275.0,False,False,scenario_baseline
200.0,LINK_10218,11139418715,2,0,GGr,r,False,False,0,,75.0,275.0,False,False,scenario_baseline
200.0,LINK_140740,11139418715,2,0,GGr,r,False,False,0,,75.0,275.0,False,False,scenario_baseline
200.0,NODE_9634,10974501473,4,0,GGGGr,r,False,False,0,,77.0,277.0,False,False,scenario_baseline
200.0,LINK_194891,11203052965,11,0,GGGGGGGGGGGr,r,False,False,1,ped_6_4_LINK_194891,75.0,275.0,False,False,scenario_baseline
200.0,NODE_10378,11139418715,2,0,GGr,r,False,False,0,,75.0,275.0,False,False,scenario_baseline
200.0,NODE_5681,11139418723,2,0,GGr,r,False,False,0,,75.0,275.0,False,False,scenario_baseline
200.0,NODE_10262,11203041635,4,0,GGGGr,r,False,False,5,ped_9_0_NODE_10262|ped_9_1_NODE_10262|ped_9_2_NODE_10262|ped_9_3_NODE_10262|ped_9_4_NODE_10262,75.0,275.0,False,False,scenario_baseline
200.5,LINK_249048,5161705573,2,0,GGr,r,False,False,0,,74.5,275.0,False,False,scenario_baseline
200.5,NODE_5837,5161705573,2,0,GGr,r,False,False,0,,74.5,275.0,False,False,scenario_baseline
200.5,LINK_10218,11139418715,2,0,GGr,r,False,False,0,,74.5,275.0,False,False,scenario_baseline
200.5,LINK_140740,11139418715,2,0,GGr,r,False,False,0,,74.5,275.0,False,False,scenario_baseline
200.5,NODE_9634,10974501473,4,0,GGGGr,r,False,False,0,,76.5,277.0,False,False,scenario_baseline
200.5,LINK_194891,11203052965,11,0,GGGGGGGGGGGr,r,False,False,1,ped_6_4_LINK_194891,74.5,275.0,False,False,scenario_baseline
200.5,NODE_10378,11139418715,2,0,GGr,r,False,False,0,,74.5,275.0,False,False,scenario_baseline
200.5,NODE_5681,11139418723,2,0,GGr,r,False,False,0,,74.5,275.0,False,False,scenario_baseline
200.5,NODE_10262,11203041635,4,0,GGGGr,r,False,False,5,ped_9_0_NODE_10262|ped_9_1_NODE_10262|ped_9_2_NODE_10262|ped_9_3_NODE_10262|ped_9_4_NODE_10262,74.5,275.0,False,False,scenario_baseline
201.0,LINK_249048,5161705573,2,0,GGr,r,False,False,0,,74.0,275.0,False,False,scenario_baseline
201.0,NODE_5837,5161705573,2,0,GGr,r,False,False,0,,74.0,275.0,False,False,scenario_baseline
201.0,LINK_10218,11139418715,2,0,GGr,r,False,False,0,,74.0,275.0,False,False,scenario_baseline
201.0,LINK_140740,11139418715,2,0,GGr,r,False,False,0,,74.0,275.0,False,False,scenario_baseline
201.0,NODE_9634,10974501473,4,0,GGGGr,r,False,False,0,,76.0,277.0,False,False,scenario_baseline
201.0,LINK_194891,11203052965,11,0,GGGGGGGGGGGr,r,False,False,1,ped_6_4_LINK_194891,74.0,275.0,False,False,scenario_baseline
201.0,NODE_10378,11139418715,2,0,GGr,r,False,False,0,,74.0,275.0,False,False,scenario_baseline
201.0,NODE_5681,11139418723,2,0,GGr,r,False,False,0,,74.0,275.0,False,False,scenario_baseline
201.0,NODE_10262,11203041635,4,0,GGGGr,r,False,False,5,ped_9_0_NODE_10262|ped_9_1_NODE_10262|ped_9_2_NODE_10262|ped_9_3_NODE_10262|ped_9_4_NODE_10262,74.0,275.0,False,False,scenario_baseline
201.5,LINK_249048,5161705573,2,0,GGr,r,False,False,0,,73.5,275.0,False,False,scenario_baseline
201.5,NODE_5837,5161705573,2,0,GGr,r,False,False,0,,73.5,275.0,False,False,scenario_baseline
201.5,LINK_10218,11139418715,2,0,GGr,r,False,False,0,,73.5,275.0,False,False,scenario_baseline
201.5,LINK_140740,11139418715,2,0,GGr,r,False,False,0,,73.5,275.0,False,False,scenario_baseline
201.5,NODE_9634,10974501473,4,0,GGGGr,r,False,False,0,,75.5,277.0,False,False,scenario_baseline
201.5,LINK_194891,11203052965,11,0,GGGGGGGGGGGr,r,False,False,1,ped_6_4_LINK_194891,73.5,275.0,False,False,scenario_baseline
201.5,NODE_10378,11139418715,2,0,GGr,r,False,False,0,,73.5,275.0,False,False,scenario_baseline
201.5,NODE_5681,11139418723,2,0,GGr,r,False,False,0,,73.5,275.0,False,False,scenario_baseline
201.5,NODE_10262,11203041635,4,0,GGGGr,r,False,False,5,ped_9_0_NODE_10262|ped_9_1_NODE_10262|ped_9_2_NODE_10262|ped_9_3_NODE_10262|ped_9_4_NODE_10262,73.5,275.0,False,False,scenario_baseline
202.0,LINK_249048,5161705573,2,0,GGr,r,False,False,0,,73.0,275.0,False,False,scenario_baseline
202.0,NODE_5837,5161705573,2,0,GGr,r,False,False,0,,73.0,275.0,False,False,scenario_baseline
202.0,LINK_10218,11139418715,2,0,GGr,r,False,False,0,,73.0,275.0,False,False,scenario_baseline
202.0,LINK_140740,11139418715,2,0,GGr,r,False,False,0,,73.0,275.0,False,False,scenario_baseline
202.0,NODE_9634,10974501473,4,0,GGGGr,r,False,False,0,,75.0,277.0,False,False,scenario_baseline
202.0,LINK_194891,11203052965,11,0,GGGGGGGGGGGr,r,False,False,1,ped_6_4_LINK_194891,73.0,275.0,False,False,scenario_baseline
202.0,NODE_10378,11139418715,2,0,GGr,r,False,False,0,,73.0,275.0,False,False,scenario_baseline
202.0,NODE_5681,11139418723,2,0,GGr,r,False,False,0,,73.0,275.0,False,False,scenario_baseline
202.0,NODE_10262,11203041635,4,0,GGGGr,r,False,False,5,ped_9_0_NODE_10262|ped_9_1_NODE_10262|ped_9_2_NODE_10262|ped_9_3_NODE_10262|ped_9_4_NODE_10262,73.0,275.0,False,False,scenario_baseline
202.5,LINK_249048,5161705573,2,0,GGr,r,False,False,0,,72.5,275.0,False,False,scenario_baseline
202.5,NODE_5837,5161705573,2,0,GGr,r,False,False,0,,72.5,275.0,False,False,scenario_baseline
202.5,LINK_10218,11139418715,2,0,GGr,r,False,False,0,,72.5,275.0,False,False,scenario_baseline
202.5,LINK_140740,11139418715,2,0,GGr,r,False,False,0,,72.5,275.0,False,False,scenario_baseline
202.5,NODE_9634,10974501473,4,0,GGGGr,r,False,False,0,,74.5,277.0,False,False,scenario_baseline
202.5,LINK_194891,11203052965,11,0,GGGGGGGGGGGr,r,False,False,1,ped_6_4_LINK_194891,72.5,275.0,False,False,scenario_baseline
202.5,NODE_10378,11139418715,2,0,GGr,r,False,False,0,,72.5,275.0,False,False,scenario_baseline
202.5,NODE_5681,11139418723,2,0,GGr,r,False,False,0,,72.5,275.0,False,False,scenario_baseline
202.5,NODE_10262,11203041635,4,0,GGGGr,r,False,False,5,ped_9_0_NODE_10262|ped_9_1_NODE_10262|ped_9_2_NODE_10262|ped_9_3_NODE_10262|ped_9_4_NODE_10262,72.5,275.0,False,False,scenario_baseline
203.0,LINK_249048,5161705573,2,0,GGr,r,False,False,0,,72.0,275.0,False,False,scenario_baseline
203.0,NODE_5837,5161705573,2,0,GGr,r,False,False,0,,72.0,275.0,False,False,scenario_baseline
203.0,LINK_10218,11139418715,2,0,GGr,r,False,False,0,,72.0,275.0,False,False,scenario_baseline
203.0,LINK_140740,11139418715,2,0,GGr,r,False,False,0,,72.0,275.0,False,False,scenario_baseline
203.0,NODE_9634,10974501473,4,0,GGGGr,r,False,False,0,,74.0,277.0,False,False,scenario_baseline
203.0,LINK_194891,11203052965,11,0,GGGGGGGGGGGr,r,False,False,1,ped_6_4_LINK_194891,72.0,275.0,False,False,scenario_baseline
203.0,NODE_10378,11139418715,2,0,GGr,r,False,False,0,,72.0,275.0,False,False,scenario_baseline
203.0,NODE_5681,11139418723,2,0,GGr,r,False,False,0,,72.0,275.0,False,False,scenario_baseline
203.0,NODE_10262,11203041635,4,0,GGGGr,r,False,False,5,ped_9_0_NODE_10262|ped_9_1_NODE_10262|ped_9_2_NODE_10262|ped_9_3_NODE_10262|ped_9_4_NODE_10262,72.0,275.0,False,False,scenario_baseline
203.5,LINK_249048,5161705573,2,0,GGr,r,False,False,0,,71.5,275.0,False,False,scenario_baseline
203.5,NODE_5837,5161705573,2,0,GGr,r,False,False,0,,71.5,275.0,False,False,scenario_baseline
203.5,LINK_10218,11139418715,2,0,GGr,r,False,False,0,,71.5,275.0,False,False,scenario_baseline
203.5,LINK_140740,11139418715,2,0,GGr,r,False,False,0,,71.5,275.0,False,False,scenario_baseline
203.5,NODE_9634,10974501473,4,0,GGGGr,r,False,False,0,,73.5,277.0,False,False,scenario_baseline
203.5,LINK_194891,11203052965,11,0,GGGGGGGGGGGr,r,False,False,1,ped_6_4_LINK_194891,71.5,275.0,False,False,scenario_baseline
203.5,NODE_10378,11139418715,2,0,GGr,r,False,False,0,,71.5,275.0,False,False,scenario_baseline
203.5,NODE_5681,11139418723,2,0,GGr,r,False,False,0,,71.5,275.0,False,False,scenario_baseline
203.5,NODE_10262,11203041635,4,0,GGGGr,r,False,False,5,ped_9_0_NODE_10262|ped_9_1_NODE_10262|ped_9_2_NODE_10262|ped_9_3_NODE_10262|ped_9_4_NODE_10262,71.5,275.0,False,False,scenario_baseline
204.0,LINK_249048,5161705573,2,0,GGr,r,False,False,0,,71.0,275.0,False,False,scenario_baseline
204.0,NODE_5837,5161705573,2,0,GGr,r,False,False,0,,71.0,275.0,False,False,scenario_baseline
204.0,LINK_10218,11139418715,2,0,GGr,r,False,False,0,,71.0,275.0,False,False,scenario_baseline
204.0,LINK_140740,11139418715,2,0,GGr,r,False,False,0,,71.0,275.0,False,False,scenario_baseline
204.0,NODE_9634,10974501473,4,0,GGGGr,r,False,False,0,,73.0,277.0,False,False,scenario_baseline
204.0,LINK_194891,11203052965,11,0,GGGGGGGGGGGr,r,False,False,1,ped_6_4_LINK_194891,71.0,275.0,False,False,scenario_baseline
204.0,NODE_10378,11139418715,2,0,GGr,r,False,False,0,,71.0,275.0,False,False,scenario_baseline
204.0,NODE_5681,11139418723,2,0,GGr,r,False,False,0,,71.0,275.0,False,False,scenario_baseline
204.0,NODE_10262,11203041635,4,0,GGGGr,r,False,False,5,ped_9_0_NODE_10262|ped_9_1_NODE_10262|ped_9_2_NODE_10262|ped_9_3_NODE_10262|ped_9_4_NODE_10262,71.0,275.0,False,False,scenario_baseline
204.5,LINK_249048,5161705573,2,0,GGr,r,False,False,0,,70.5,275.0,False,False,scenario_baseline
204.5,NODE_5837,5161705573,2,0,GGr,r,False,False,0,,70.5,275.0,False,False,scenario_baseline
204.5,LINK_10218,11139418715,2,0,GGr,r,False,False,0,,70.5,275.0,False,False,scenario_baseline
204.5,LINK_140740,11139418715,2,0,GGr,r,False,False,0,,70.5,275.0,False,False,scenario_baseline
204.5,NODE_9634,10974501473,4,0,GGGGr,r,False,False,0,,72.5,277.0,False,False,scenario_baseline
204.5,LINK_194891,11203052965,11,0,GGGGGGGGGGGr,r,False,False,1,ped_6_4_LINK_194891,70.5,275.0,False,False,scenario_baseline
204.5,NODE_10378,11139418715,2,0,GGr,r,False,False,0,,70.5,275.0,False,False,scenario_baseline
204.5,NODE_5681,11139418723,2,0,GGr,r,False,False,0,,70.5,275.0,False,False,scenario_baseline
204.5,NODE_10262,11203041635,4,0,GGGGr,r,False,False,5,ped_9_0_NODE_10262|ped_9_1_NODE_10262|ped_9_2_NODE_10262|ped_9_3_NODE_10262|ped_9_4_NODE_10262,70.5,275.0,False,False,scenario_baseline
205.0,LINK_249048,5161705573,2,0,GGr,r,False,False,0,,70.0,275.0,False,False,scenario_baseline
205.0,NODE_5837,5161705573,2,0,GGr,r,False,False,0,,70.0,275.0,False,False,scenario_baseline
205.0,LINK_10218,11139418715,2,0,GGr,r,False,False,0,,70.0,275.0,False,False,scenario_baseline
205.0,LINK_140740,11139418715,2,0,GGr,r,False,False,0,,70.0,275.0,False,False,scenario_baseline
205.0,NODE_9634,10974501473,4,0,GGGGr,r,False,False,0,,72.0,277.0,False,False,scenario_baseline
205.0,LINK_194891,11203052965,11,0,GGGGGGGGGGGr,r,False,False,1,ped_6_4_LINK_194891,70.0,275.0,False,False,scenario_baseline
205.0,NODE_10378,11139418715,2,0,GGr,r,False,False,0,,70.0,275.0,False,False,scenario_baseline
205.0,NODE_5681,11139418723,2,0,GGr,r,False,False,0,,70.0,275.0,False,False,scenario_baseline
205.0,NODE_10262,11203041635,4,0,GGGGr,r,False,False,5,ped_9_0_NODE_10262|ped_9_1_NODE_10262|ped_9_2_NODE_10262|ped_9_3_NODE_10262|ped_9_4_NODE_10262,70.0,275.0,False,False,scenario_baseline
205.5,LINK_249048,5161705573,2,0,GGr,r,False,False,0,,69.5,275.0,False,False,scenario_baseline
205.5,NODE_5837,5161705573,2,0,GGr,r,False,False,0,,69.5,275.0,False,False,scenario_baseline
205.5,LINK_10218,11139418715,2,0,GGr,r,False,False,0,,69.5,275.0,False,False,scenario_baseline
205.5,LINK_140740,11139418715,2,0,GGr,r,False,False,0,,69.5,275.0,False,False,scenario_baseline
205.5,NODE_9634,10974501473,4,0,GGGGr,r,False,False,0,,71.5,277.0,False,False,scenario_baseline
205.5,LINK_194891,11203052965,11,0,GGGGGGGGGGGr,r,False,False,1,ped_6_4_LINK_194891,69.5,275.0,False,False,scenario_baseline
205.5,NODE_10378,11139418715,2,0,GGr,r,False,False,0,,69.5,275.0,False,False,scenario_baseline
205.5,NODE_5681,11139418723,2,0,GGr,r,False,False,0,,69.5,275.0,False,False,scenario_baseline
205.5,NODE_10262,11203041635,4,0,GGGGr,r,False,False,5,ped_9_0_NODE_10262|ped_9_1_NODE_10262|ped_9_2_NODE_10262|ped_9_3_NODE_10262|ped_9_4_NODE_10262,69.5,275.0,False,False,scenario_baseline
206.0,LINK_249048,5161705573,2,0,GGr,r,False,False,0,,69.0,275.0,False,False,scenario_baseline
206.0,NODE_5837,5161705573,2,0,GGr,r,False,False,0,,69.0,275.0,False,False,scenario_baseline
206.0,LINK_10218,11139418715,2,0,GGr,r,False,False,0,,69.0,275.0,False,False,scenario_baseline
206.0,LINK_140740,11139418715,2,0,GGr,r,False,False,0,,69.0,275.0,False,False,scenario_baseline
206.0,NODE_9634,10974501473,4,0,GGGGr,r,False,False,0,,71.0,277.0,False,False,scenario_baseline
206.0,LINK_194891,11203052965,11,0,GGGGGGGGGGGr,r,False,False,1,ped_6_4_LINK_194891,69.0,275.0,False,False,scenario_baseline
206.0,NODE_10378,11139418715,2,0,GGr,r,False,False,0,,69.0,275.0,False,False,scenario_baseline
206.0,NODE_5681,11139418723,2,0,GGr,r,False,False,0,,69.0,275.0,False,False,scenario_baseline
206.0,NODE_10262,11203041635,4,0,GGGGr,r,False,False,5,ped_9_0_NODE_10262|ped_9_1_NODE_10262|ped_9_2_NODE_10262|ped_9_3_NODE_10262|ped_9_4_NODE_10262,69.0,275.0,False,False,scenario_baseline
206.5,LINK_249048,5161705573,2,0,GGr,r,False,False,0,,68.5,275.0,False,False,scenario_baseline
206.5,NODE_5837,5161705573,2,0,GGr,r,False,False,0,,68.5,275.0,False,False,scenario_baseline
206.5,LINK_10218,11139418715,2,0,GGr,r,False,False,0,,68.5,275.0,False,False,scenario_baseline
206.5,LINK_140740,11139418715,2,0,GGr,r,False,False,0,,68.5,275.0,False,False,scenario_baseline
206.5,NODE_9634,10974501473,4,0,GGGGr,r,False,False,0,,70.5,277.0,False,False,scenario_baseline
206.5,LINK_194891,11203052965,11,0,GGGGGGGGGGGr,r,False,False,1,ped_6_4_LINK_194891,68.5,275.0,False,False,scenario_baseline
206.5,NODE_10378,11139418715,2,0,GGr,r,False,False,0,,68.5,275.0,False,False,scenario_baseline
206.5,NODE_5681,11139418723,2,0,GGr,r,False,False,0,,68.5,275.0,False,False,scenario_baseline
206.5,NODE_10262,11203041635,4,0,GGGGr,r,False,False,5,ped_9_0_NODE_10262|ped_9_1_NODE_10262|ped_9_2_NODE_10262|ped_9_3_NODE_10262|ped_9_4_NODE_10262,68.5,275.0,False,False,scenario_baseline
207.0,LINK_249048,5161705573,2,0,GGr,r,False,False,0,,68.0,275.0,False,False,scenario_baseline
207.0,NODE_5837,5161705573,2,0,GGr,r,False,False,0,,68.0,275.0,False,False,scenario_baseline
207.0,LINK_10218,11139418715,2,0,GGr,r,False,False,0,,68.0,275.0,False,False,scenario_baseline
207.0,LINK_140740,11139418715,2,0,GGr,r,False,False,0,,68.0,275.0,False,False,scenario_baseline
207.0,NODE_9634,10974501473,4,0,GGGGr,r,False,False,0,,70.0,277.0,False,False,scenario_baseline
207.0,LINK_194891,11203052965,11,0,GGGGGGGGGGGr,r,False,False,1,ped_6_4_LINK_194891,68.0,275.0,False,False,scenario_baseline
207.0,NODE_10378,11139418715,2,0,GGr,r,False,False,0,,68.0,275.0,False,False,scenario_baseline
207.0,NODE_5681,11139418723,2,0,GGr,r,False,False,0,,68.0,275.0,False,False,scenario_baseline
207.0,NODE_10262,11203041635,4,0,GGGGr,r,False,False,5,ped_9_0_NODE_10262|ped_9_1_NODE_10262|ped_9_2_NODE_10262|ped_9_3_NODE_10262|ped_9_4_NODE_10262,68.0,275.0,False,False,scenario_baseline
207.5,LINK_249048,5161705573,2,0,GGr,r,False,False,0,,67.5,275.0,False,False,scenario_baseline
207.5,NODE_5837,5161705573,2,0,GGr,r,False,False,0,,67.5,275.0,False,False,scenario_baseline
207.5,LINK_10218,11139418715,2,0,GGr,r,False,False,0,,67.5,275.0,False,False,scenario_baseline
207.5,LINK_140740,11139418715,2,0,GGr,r,False,False,0,,67.5,275.0,False,False,scenario_baseline
207.5,NODE_9634,10974501473,4,0,GGGGr,r,False,False,0,,69.5,277.0,False,False,scenario_baseline
207.5,LINK_194891,11203052965,11,0,GGGGGGGGGGGr,r,False,False,1,ped_6_4_LINK_194891,67.5,275.0,False,False,scenario_baseline
207.5,NODE_10378,11139418715,2,0,GGr,r,False,False,0,,67.5,275.0,False,False,scenario_baseline
207.5,NODE_5681,11139418723,2,0,GGr,r,False,False,0,,67.5,275.0,False,False,scenario_baseline
207.5,NODE_10262,11203041635,4,0,GGGGr,r,False,False,5,ped_9_0_NODE_10262|ped_9_1_NODE_10262|ped_9_2_NODE_10262|ped_9_3_NODE_10262|ped_9_4_NODE_10262,67.5,275.0,False,False,scenario_baseline
208.0,LINK_249048,5161705573,2,0,GGr,r,False,False,0,,67.0,275.0,False,False,scenario_baseline
208.0,NODE_5837,5161705573,2,0,GGr,r,False,False,0,,67.0,275.0,False,False,scenario_baseline
208.0,LINK_10218,11139418715,2,0,GGr,r,False,False,0,,67.0,275.0,False,False,scenario_baseline
208.0,LINK_140740,11139418715,2,0,GGr,r,False,False,0,,67.0,275.0,False,False,scenario_baseline
208.0,NODE_9634,10974501473,4,0,GGGGr,r,False,False,0,,69.0,277.0,False,False,scenario_baseline
208.0,LINK_194891,11203052965,11,0,GGGGGGGGGGGr,r,False,False,1,ped_6_4_LINK_194891,67.0,275.0,False,False,scenario_baseline
208.0,NODE_10378,11139418715,2,0,GGr,r,False,False,0,,67.0,275.0,False,False,scenario_baseline
208.0,NODE_5681,11139418723,2,0,GGr,r,False,False,0,,67.0,275.0,False,False,scenario_baseline
208.0,NODE_10262,11203041635,4,0,GGGGr,r,False,False,5,ped_9_0_NODE_10262|ped_9_1_NODE_10262|ped_9_2_NODE_10262|ped_9_3_NODE_10262|ped_9_4_NODE_10262,67.0,275.0,False,False,scenario_baseline
208.5,LINK_249048,5161705573,2,0,GGr,r,False,False,0,,66.5,275.0,False,False,scenario_baseline
208.5,NODE_5837,5161705573,2,0,GGr,r,False,False,0,,66.5,275.0,False,False,scenario_baseline
208.5,LINK_10218,11139418715,2,0,GGr,r,False,False,0,,66.5,275.0,False,False,scenario_baseline
208.5,LINK_140740,11139418715,2,0,GGr,r,False,False,0,,66.5,275.0,False,False,scenario_baseline
208.5,NODE_9634,10974501473,4,0,GGGGr,r,False,False,0,,68.5,277.0,False,False,scenario_baseline
208.5,LINK_194891,11203052965,11,0,GGGGGGGGGGGr,r,False,False,1,ped_6_4_LINK_194891,66.5,275.0,False,False,scenario_baseline
208.5,NODE_10378,11139418715,2,0,GGr,r,False,False,0,,66.5,275.0,False,False,scenario_baseline
208.5,NODE_5681,11139418723,2,0,GGr,r,False,False,0,,66.5,275.0,False,False,scenario_baseline
208.5,NODE_10262,11203041635,4,0,GGGGr,r,False,False,5,ped_9_0_NODE_10262|ped_9_1_NODE_10262|ped_9_2_NODE_10262|ped_9_3_NODE_10262|ped_9_4_NODE_10262,66.5,275.0,False,False,scenario_baseline
209.0,LINK_249048,5161705573,2,0,GGr,r,False,False,0,,66.0,275.0,False,False,scenario_baseline
209.0,NODE_5837,5161705573,2,0,GGr,r,False,False,0,,66.0,275.0,False,False,scenario_baseline
209.0,LINK_10218,11139418715,2,0,GGr,r,False,False,0,,66.0,275.0,False,False,scenario_baseline
209.0,LINK_140740,11139418715,2,0,GGr,r,False,False,0,,66.0,275.0,False,False,scenario_baseline
209.0,NODE_9634,10974501473,4,0,GGGGr,r,False,False,0,,68.0,277.0,False,False,scenario_baseline
209.0,LINK_194891,11203052965,11,0,GGGGGGGGGGGr,r,False,False,1,ped_6_4_LINK_194891,66.0,275.0,False,False,scenario_baseline
209.0,NODE_10378,11139418715,2,0,GGr,r,False,False,0,,66.0,275.0,False,False,scenario_baseline
209.0,NODE_5681,11139418723,2,0,GGr,r,False,False,0,,66.0,275.0,False,False,scenario_baseline
209.0,NODE_10262,11203041635,4,0,GGGGr,r,False,False,5,ped_9_0_NODE_10262|ped_9_1_NODE_10262|ped_9_2_NODE_10262|ped_9_3_NODE_10262|ped_9_4_NODE_10262,66.0,275.0,False,False,scenario_baseline
209.5,LINK_249048,5161705573,2,0,GGr,r,False,False,0,,65.5,275.0,False,False,scenario_baseline
209.5,NODE_5837,5161705573,2,0,GGr,r,False,False,0,,65.5,275.0,False,False,scenario_baseline
209.5,LINK_10218,11139418715,2,0,GGr,r,False,False,0,,65.5,275.0,False,False,scenario_baseline
209.5,LINK_140740,11139418715,2,0,GGr,r,False,False,0,,65.5,275.0,False,False,scenario_baseline
209.5,NODE_9634,10974501473,4,0,GGGGr,r,False,False,0,,67.5,277.0,False,False,scenario_baseline
209.5,LINK_194891,11203052965,11,0,GGGGGGGGGGGr,r,False,False,1,ped_6_4_LINK_194891,65.5,275.0,False,False,scenario_baseline
209.5,NODE_10378,11139418715,2,0,GGr,r,False,False,0,,65.5,275.0,False,False,scenario_baseline
209.5,NODE_5681,11139418723,2,0,GGr,r,False,False,0,,65.5,275.0,False,False,scenario_baseline
209.5,NODE_10262,11203041635,4,0,GGGGr,r,False,False,5,ped_9_0_NODE_10262|ped_9_1_NODE_10262|ped_9_2_NODE_10262|ped_9_3_NODE_10262|ped_9_4_NODE_10262,65.5,275.0,False,False,scenario_baseline
210.0,LINK_249048,5161705573,2,0,GGr,r,False,False,0,,65.0,275.0,False,False,scenario_baseline
210.0,NODE_5837,5161705573,2,0,GGr,r,False,False,0,,65.0,275.0,False,False,scenario_baseline
210.0,LINK_10218,11139418715,2,0,GGr,r,False,False,0,,65.0,275.0,False,False,scenario_baseline
210.0,LINK_140740,11139418715,2,0,GGr,r,False,False,0,,65.0,275.0,False,False,scenario_baseline
210.0,NODE_9634,10974501473,4,0,GGGGr,r,False,False,0,,67.0,277.0,False,False,scenario_baseline
210.0,LINK_194891,11203052965,11,0,GGGGGGGGGGGr,r,False,False,1,ped_6_4_LINK_194891,65.0,275.0,False,False,scenario_baseline
210.0,NODE_10378,11139418715,2,0,GGr,r,False,False,0,,65.0,275.0,False,False,scenario_baseline
210.0,NODE_5681,11139418723,2,0,GGr,r,False,False,0,,65.0,275.0,False,False,scenario_baseline
210.0,NODE_10262,11203041635,4,0,GGGGr,r,False,False,5,ped_9_0_NODE_10262|ped_9_1_NODE_10262|ped_9_2_NODE_10262|ped_9_3_NODE_10262|ped_9_4_NODE_10262,65.0,275.0,False,False,scenario_baseline
210.5,LINK_249048,5161705573,2,0,GGr,r,False,False,0,,64.5,275.0,False,False,scenario_baseline
210.5,NODE_5837,5161705573,2,0,GGr,r,False,False,0,,64.5,275.0,False,False,scenario_baseline
210.5,LINK_10218,11139418715,2,0,GGr,r,False,False,0,,64.5,275.0,False,False,scenario_baseline
210.5,LINK_140740,11139418715,2,0,GGr,r,False,False,0,,64.5,275.0,False,False,scenario_baseline
210.5,NODE_9634,10974501473,4,0,GGGGr,r,False,False,0,,66.5,277.0,False,False,scenario_baseline
210.5,LINK_194891,11203052965,11,0,GGGGGGGGGGGr,r,False,False,1,ped_6_4_LINK_194891,64.5,275.0,False,False,scenario_baseline
210.5,NODE_10378,11139418715,2,0,GGr,r,False,False,0,,64.5,275.0,False,False,scenario_baseline
210.5,NODE_5681,11139418723,2,0,GGr,r,False,False,0,,64.5,275.0,False,False,scenario_baseline
210.5,NODE_10262,11203041635,4,0,GGGGr,r,False,False,5,ped_9_0_NODE_10262|ped_9_1_NODE_10262|ped_9_2_NODE_10262|ped_9_3_NODE_10262|ped_9_4_NODE_10262,64.5,275.0,False,False,scenario_baseline
211.0,LINK_249048,5161705573,2,0,GGr,r,False,False,0,,64.0,275.0,False,False,scenario_baseline
211.0,NODE_5837,5161705573,2,0,GGr,r,False,False,0,,64.0,275.0,False,False,scenario_baseline
211.0,LINK_10218,11139418715,2,0,GGr,r,False,False,0,,64.0,275.0,False,False,scenario_baseline
211.0,LINK_140740,11139418715,2,0,GGr,r,False,False,0,,64.0,275.0,False,False,scenario_baseline
211.0,NODE_9634,10974501473,4,0,GGGGr,r,False,False,0,,66.0,277.0,False,False,scenario_baseline
211.0,LINK_194891,11203052965,11,0,GGGGGGGGGGGr,r,False,False,1,ped_6_4_LINK_194891,64.0,275.0,False,False,scenario_baseline
211.0,NODE_10378,11139418715,2,0,GGr,r,False,False,0,,64.0,275.0,False,False,scenario_baseline
211.0,NODE_5681,11139418723,2,0,GGr,r,False,False,0,,64.0,275.0,False,False,scenario_baseline
211.0,NODE_10262,11203041635,4,0,GGGGr,r,False,False,5,ped_9_0_NODE_10262|ped_9_1_NODE_10262|ped_9_2_NODE_10262|ped_9_3_NODE_10262|ped_9_4_NODE_10262,64.0,275.0,False,False,scenario_baseline
211.5,LINK_249048,5161705573,2,0,GGr,r,False,False,0,,63.5,275.0,False,False,scenario_baseline
211.5,NODE_5837,5161705573,2,0,GGr,r,False,False,0,,63.5,275.0,False,False,scenario_baseline
211.5,LINK_10218,11139418715,2,0,GGr,r,False,False,0,,63.5,275.0,False,False,scenario_baseline
211.5,LINK_140740,11139418715,2,0,GGr,r,False,False,0,,63.5,275.0,False,False,scenario_baseline
211.5,NODE_9634,10974501473,4,0,GGGGr,r,False,False,0,,65.5,277.0,False,False,scenario_baseline
211.5,LINK_194891,11203052965,11,0,GGGGGGGGGGGr,r,False,False,1,ped_6_4_LINK_194891,63.5,275.0,False,False,scenario_baseline
211.5,NODE_10378,11139418715,2,0,GGr,r,False,False,0,,63.5,275.0,False,False,scenario_baseline
211.5,NODE_5681,11139418723,2,0,GGr,r,False,False,0,,63.5,275.0,False,False,scenario_baseline
211.5,NODE_10262,11203041635,4,0,GGGGr,r,False,False,5,ped_9_0_NODE_10262|ped_9_1_NODE_10262|ped_9_2_NODE_10262|ped_9_3_NODE_10262|ped_9_4_NODE_10262,63.5,275.0,False,False,scenario_baseline
212.0,LINK_249048,5161705573,2,0,GGr,r,False,False,0,,63.0,275.0,False,False,scenario_baseline
212.0,NODE_5837,5161705573,2,0,GGr,r,False,False,0,,63.0,275.0,False,False,scenario_baseline
212.0,LINK_10218,11139418715,2,0,GGr,r,False,False,0,,63.0,275.0,False,False,scenario_baseline
212.0,LINK_140740,11139418715,2,0,GGr,r,False,False,0,,63.0,275.0,False,False,scenario_baseline
212.0,NODE_9634,10974501473,4,0,GGGGr,r,False,False,0,,65.0,277.0,False,False,scenario_baseline
212.0,LINK_194891,11203052965,11,0,GGGGGGGGGGGr,r,False,False,1,ped_6_4_LINK_194891,63.0,275.0,False,False,scenario_baseline
212.0,NODE_10378,11139418715,2,0,GGr,r,False,False,0,,63.0,275.0,False,False,scenario_baseline
212.0,NODE_5681,11139418723,2,0,GGr,r,False,False,0,,63.0,275.0,False,False,scenario_baseline
212.0,NODE_10262,11203041635,4,0,GGGGr,r,False,False,5,ped_9_0_NODE_10262|ped_9_1_NODE_10262|ped_9_2_NODE_10262|ped_9_3_NODE_10262|ped_9_4_NODE_10262,63.0,275.0,False,False,scenario_baseline
212.5,LINK_249048,5161705573,2,0,GGr,r,False,False,0,,62.5,275.0,False,False,scenario_baseline
212.5,NODE_5837,5161705573,2,0,GGr,r,False,False,0,,62.5,275.0,False,False,scenario_baseline
212.5,LINK_10218,11139418715,2,0,GGr,r,False,False,0,,62.5,275.0,False,False,scenario_baseline
212.5,LINK_140740,11139418715,2,0,GGr,r,False,False,0,,62.5,275.0,False,False,scenario_baseline
212.5,NODE_9634,10974501473,4,0,GGGGr,r,False,False,0,,64.5,277.0,False,False,scenario_baseline
212.5,LINK_194891,11203052965,11,0,GGGGGGGGGGGr,r,False,False,1,ped_6_4_LINK_194891,62.5,275.0,False,False,scenario_baseline
212.5,NODE_10378,11139418715,2,0,GGr,r,False,False,0,,62.5,275.0,False,False,scenario_baseline
212.5,NODE_5681,11139418723,2,0,GGr,r,False,False,0,,62.5,275.0,False,False,scenario_baseline
212.5,NODE_10262,11203041635,4,0,GGGGr,r,False,False,5,ped_9_0_NODE_10262|ped_9_1_NODE_10262|ped_9_2_NODE_10262|ped_9_3_NODE_10262|ped_9_4_NODE_10262,62.5,275.0,False,False,scenario_baseline
213.0,LINK_249048,5161705573,2,0,GGr,r,False,False,0,,62.0,275.0,False,False,scenario_baseline
213.0,NODE_5837,5161705573,2,0,GGr,r,False,False,0,,62.0,275.0,False,False,scenario_baseline
213.0,LINK_10218,11139418715,2,0,GGr,r,False,False,0,,62.0,275.0,False,False,scenario_baseline
213.0,LINK_140740,11139418715,2,0,GGr,r,False,False,0,,62.0,275.0,False,False,scenario_baseline
213.0,NODE_9634,10974501473,4,0,GGGGr,r,False,False,0,,64.0,277.0,False,False,scenario_baseline
213.0,LINK_194891,11203052965,11,0,GGGGGGGGGGGr,r,False,False,1,ped_6_4_LINK_194891,62.0,275.0,False,False,scenario_baseline
213.0,NODE_10378,11139418715,2,0,GGr,r,False,False,0,,62.0,275.0,False,False,scenario_baseline
213.0,NODE_5681,11139418723,2,0,GGr,r,False,False,0,,62.0,275.0,False,False,scenario_baseline
213.0,NODE_10262,11203041635,4,0,GGGGr,r,False,False,5,ped_9_0_NODE_10262|ped_9_1_NODE_10262|ped_9_2_NODE_10262|ped_9_3_NODE_10262|ped_9_4_NODE_10262,62.0,275.0,False,False,scenario_baseline
213.5,LINK_249048,5161705573,2,0,GGr,r,False,False,0,,61.5,275.0,False,False,scenario_baseline
213.5,NODE_5837,5161705573,2,0,GGr,r,False,False,0,,61.5,275.0,False,False,scenario_baseline
213.5,LINK_10218,11139418715,2,0,GGr,r,False,False,0,,61.5,275.0,False,False,scenario_baseline
213.5,LINK_140740,11139418715,2,0,GGr,r,False,False,0,,61.5,275.0,False,False,scenario_baseline
213.5,NODE_9634,10974501473,4,0,GGGGr,r,False,False,0,,63.5,277.0,False,False,scenario_baseline
213.5,LINK_194891,11203052965,11,0,GGGGGGGGGGGr,r,False,False,0,,61.5,275.0,False,False,scenario_baseline
213.5,NODE_10378,11139418715,2,0,GGr,r,False,False,0,,61.5,275.0,False,False,scenario_baseline
213.5,NODE_5681,11139418723,2,0,GGr,r,False,False,0,,61.5,275.0,False,False,scenario_baseline
213.5,NODE_10262,11203041635,4,0,GGGGr,r,False,False,5,ped_9_0_NODE_10262|ped_9_1_NODE_10262|ped_9_2_NODE_10262|ped_9_3_NODE_10262|ped_9_4_NODE_10262,61.5,275.0,False,False,scenario_baseline
214.0,LINK_249048,5161705573,2,0,GGr,r,False,False,0,,61.0,275.0,False,False,scenario_baseline
214.0,NODE_5837,5161705573,2,0,GGr,r,False,False,0,,61.0,275.0,False,False,scenario_baseline
214.0,LINK_10218,11139418715,2,0,GGr,r,False,False,0,,61.0,275.0,False,False,scenario_baseline
214.0,LINK_140740,11139418715,2,0,GGr,r,False,False,0,,61.0,275.0,False,False,scenario_baseline
214.0,NODE_9634,10974501473,4,0,GGGGr,r,False,False,0,,63.0,277.0,False,False,scenario_baseline
214.0,LINK_194891,11203052965,11,0,GGGGGGGGGGGr,r,False,False,0,,61.0,275.0,False,False,scenario_baseline
214.0,NODE_10378,11139418715,2,0,GGr,r,False,False,0,,61.0,275.0,False,False,scenario_baseline
214.0,NODE_5681,11139418723,2,0,GGr,r,False,False,0,,61.0,275.0,False,False,scenario_baseline
214.0,NODE_10262,11203041635,4,0,GGGGr,r,False,False,5,ped_9_0_NODE_10262|ped_9_1_NODE_10262|ped_9_2_NODE_10262|ped_9_3_NODE_10262|ped_9_4_NODE_10262,61.0,275.0,False,False,scenario_baseline
214.5,LINK_249048,5161705573,2,0,GGr,r,False,False,0,,60.5,275.0,False,False,scenario_baseline
214.5,NODE_5837,5161705573,2,0,GGr,r,False,False,0,,60.5,275.0,False,False,scenario_baseline
214.5,LINK_10218,11139418715,2,0,GGr,r,False,False,0,,60.5,275.0,False,False,scenario_baseline
214.5,LINK_140740,11139418715,2,0,GGr,r,False,False,0,,60.5,275.0,False,False,scenario_baseline
214.5,NODE_9634,10974501473,4,0,GGGGr,r,False,False,0,,62.5,277.0,False,False,scenario_baseline
214.5,LINK_194891,11203052965,11,0,GGGGGGGGGGGr,r,False,False,0,,60.5,275.0,False,False,scenario_baseline
214.5,NODE_10378,11139418715,2,0,GGr,r,False,False,0,,60.5,275.0,False,False,scenario_baseline
214.5,NODE_5681,11139418723,2,0,GGr,r,False,False,0,,60.5,275.0,False,False,scenario_baseline
214.5,NODE_10262,11203041635,4,0,GGGGr,r,False,False,5,ped_9_0_NODE_10262|ped_9_1_NODE_10262|ped_9_2_NODE_10262|ped_9_3_NODE_10262|ped_9_4_NODE_10262,60.5,275.0,False,False,scenario_baseline
215.0,LINK_249048,5161705573,2,0,GGr,r,False,False,0,,60.0,275.0,False,False,scenario_baseline
215.0,NODE_5837,5161705573,2,0,GGr,r,False,False,0,,60.0,275.0,False,False,scenario_baseline
215.0,LINK_10218,11139418715,2,0,GGr,r,False,False,0,,60.0,275.0,False,False,scenario_baseline
215.0,LINK_140740,11139418715,2,0,GGr,r,False,False,0,,60.0,275.0,False,False,scenario_baseline
215.0,NODE_9634,10974501473,4,0,GGGGr,r,False,False,0,,62.0,277.0,False,False,scenario_baseline
215.0,LINK_194891,11203052965,11,0,GGGGGGGGGGGr,r,False,False,0,,60.0,275.0,False,False,scenario_baseline
215.0,NODE_10378,11139418715,2,0,GGr,r,False,False,0,,60.0,275.0,False,False,scenario_baseline
215.0,NODE_5681,11139418723,2,0,GGr,r,False,False,0,,60.0,275.0,False,False,scenario_baseline
215.0,NODE_10262,11203041635,4,0,GGGGr,r,False,False,5,ped_9_0_NODE_10262|ped_9_1_NODE_10262|ped_9_2_NODE_10262|ped_9_3_NODE_10262|ped_9_4_NODE_10262,60.0,275.0,False,False,scenario_baseline
215.5,LINK_249048,5161705573,2,0,GGr,r,False,False,0,,59.5,275.0,False,False,scenario_baseline
215.5,NODE_5837,5161705573,2,0,GGr,r,False,False,0,,59.5,275.0,False,False,scenario_baseline
215.5,LINK_10218,11139418715,2,0,GGr,r,False,False,0,,59.5,275.0,False,False,scenario_baseline
215.5,LINK_140740,11139418715,2,0,GGr,r,False,False,0,,59.5,275.0,False,False,scenario_baseline
215.5,NODE_9634,10974501473,4,0,GGGGr,r,False,False,0,,61.5,277.0,False,False,scenario_baseline
215.5,LINK_194891,11203052965,11,0,GGGGGGGGGGGr,r,False,False,0,,59.5,275.0,False,False,scenario_baseline
215.5,NODE_10378,11139418715,2,0,GGr,r,False,False,0,,59.5,275.0,False,False,scenario_baseline
215.5,NODE_5681,11139418723,2,0,GGr,r,False,False,0,,59.5,275.0,False,False,scenario_baseline
215.5,NODE_10262,11203041635,4,0,GGGGr,r,False,False,5,ped_9_0_NODE_10262|ped_9_1_NODE_10262|ped_9_2_NODE_10262|ped_9_3_NODE_10262|ped_9_4_NODE_10262,59.5,275.0,False,False,scenario_baseline
216.0,LINK_249048,5161705573,2,0,GGr,r,False,False,0,,59.0,275.0,False,False,scenario_baseline
216.0,NODE_5837,5161705573,2,0,GGr,r,False,False,0,,59.0,275.0,False,False,scenario_baseline
216.0,LINK_10218,11139418715,2,0,GGr,r,False,False,0,,59.0,275.0,False,False,scenario_baseline
216.0,LINK_140740,11139418715,2,0,GGr,r,False,False,0,,59.0,275.0,False,False,scenario_baseline
216.0,NODE_9634,10974501473,4,0,GGGGr,r,False,False,0,,61.0,277.0,False,False,scenario_baseline
216.0,LINK_194891,11203052965,11,0,GGGGGGGGGGGr,r,False,False,0,,59.0,275.0,False,False,scenario_baseline
216.0,NODE_10378,11139418715,2,0,GGr,r,False,False,0,,59.0,275.0,False,False,scenario_baseline
216.0,NODE_5681,11139418723,2,0,GGr,r,False,False,0,,59.0,275.0,False,False,scenario_baseline
216.0,NODE_10262,11203041635,4,0,GGGGr,r,False,False,5,ped_9_0_NODE_10262|ped_9_1_NODE_10262|ped_9_2_NODE_10262|ped_9_3_NODE_10262|ped_9_4_NODE_10262,59.0,275.0,False,False,scenario_baseline
216.5,LINK_249048,5161705573,2,0,GGr,r,False,False,0,,58.5,275.0,False,False,scenario_baseline
216.5,NODE_5837,5161705573,2,0,GGr,r,False,False,0,,58.5,275.0,False,False,scenario_baseline
216.5,LINK_10218,11139418715,2,0,GGr,r,False,False,0,,58.5,275.0,False,False,scenario_baseline
216.5,LINK_140740,11139418715,2,0,GGr,r,False,False,0,,58.5,275.0,False,False,scenario_baseline
216.5,NODE_9634,10974501473,4,0,GGGGr,r,False,False,0,,60.5,277.0,False,False,scenario_baseline
216.5,LINK_194891,11203052965,11,0,GGGGGGGGGGGr,r,False,False,0,,58.5,275.0,False,False,scenario_baseline
216.5,NODE_10378,11139418715,2,0,GGr,r,False,False,0,,58.5,275.0,False,False,scenario_baseline
216.5,NODE_5681,11139418723,2,0,GGr,r,False,False,0,,58.5,275.0,False,False,scenario_baseline
216.5,NODE_10262,11203041635,4,0,GGGGr,r,False,False,5,ped_9_0_NODE_10262|ped_9_1_NODE_10262|ped_9_2_NODE_10262|ped_9_3_NODE_10262|ped_9_4_NODE_10262,58.5,275.0,False,False,scenario_baseline
217.0,LINK_249048,5161705573,2,0,GGr,r,False,False,0,,58.0,275.0,False,False,scenario_baseline
217.0,NODE_5837,5161705573,2,0,GGr,r,False,False,0,,58.0,275.0,False,False,scenario_baseline
217.0,LINK_10218,11139418715,2,0,GGr,r,False,False,0,,58.0,275.0,False,False,scenario_baseline
217.0,LINK_140740,11139418715,2,0,GGr,r,False,False,0,,58.0,275.0,False,False,scenario_baseline
217.0,NODE_9634,10974501473,4,0,GGGGr,r,False,False,0,,60.0,277.0,False,False,scenario_baseline
217.0,LINK_194891,11203052965,11,0,GGGGGGGGGGGr,r,False,False,0,,58.0,275.0,False,False,scenario_baseline
217.0,NODE_10378,11139418715,2,0,GGr,r,False,False,0,,58.0,275.0,False,False,scenario_baseline
217.0,NODE_5681,11139418723,2,0,GGr,r,False,False,0,,58.0,275.0,False,False,scenario_baseline
217.0,NODE_10262,11203041635,4,0,GGGGr,r,False,False,5,ped_9_0_NODE_10262|ped_9_1_NODE_10262|ped_9_2_NODE_10262|ped_9_3_NODE_10262|ped_9_4_NODE_10262,58.0,275.0,False,False,scenario_baseline
217.5,LINK_249048,5161705573,2,0,GGr,r,False,False,0,,57.5,275.0,False,False,scenario_baseline
217.5,NODE_5837,5161705573,2,0,GGr,r,False,False,0,,57.5,275.0,False,False,scenario_baseline
217.5,LINK_10218,11139418715,2,0,GGr,r,False,False,0,,57.5,275.0,False,False,scenario_baseline
217.5,LINK_140740,11139418715,2,0,GGr,r,False,False,0,,57.5,275.0,False,False,scenario_baseline
217.5,NODE_9634,10974501473,4,0,GGGGr,r,False,False,0,,59.5,277.0,False,False,scenario_baseline
217.5,LINK_194891,11203052965,11,0,GGGGGGGGGGGr,r,False,False,0,,57.5,275.0,False,False,scenario_baseline
217.5,NODE_10378,11139418715,2,0,GGr,r,False,False,0,,57.5,275.0,False,False,scenario_baseline
217.5,NODE_5681,11139418723,2,0,GGr,r,False,False,0,,57.5,275.0,False,False,scenario_baseline
217.5,NODE_10262,11203041635,4,0,GGGGr,r,False,False,5,ped_9_0_NODE_10262|ped_9_1_NODE_10262|ped_9_2_NODE_10262|ped_9_3_NODE_10262|ped_9_4_NODE_10262,57.5,275.0,False,False,scenario_baseline
218.0,LINK_249048,5161705573,2,0,GGr,r,False,False,0,,57.0,275.0,False,False,scenario_baseline
218.0,NODE_5837,5161705573,2,0,GGr,r,False,False,0,,57.0,275.0,False,False,scenario_baseline
218.0,LINK_10218,11139418715,2,0,GGr,r,False,False,0,,57.0,275.0,False,False,scenario_baseline
218.0,LINK_140740,11139418715,2,0,GGr,r,False,False,0,,57.0,275.0,False,False,scenario_baseline
218.0,NODE_9634,10974501473,4,0,GGGGr,r,False,False,0,,59.0,277.0,False,False,scenario_baseline
218.0,LINK_194891,11203052965,11,0,GGGGGGGGGGGr,r,False,False,0,,57.0,275.0,False,False,scenario_baseline
218.0,NODE_10378,11139418715,2,0,GGr,r,False,False,0,,57.0,275.0,False,False,scenario_baseline
218.0,NODE_5681,11139418723,2,0,GGr,r,False,False,0,,57.0,275.0,False,False,scenario_baseline
218.0,NODE_10262,11203041635,4,0,GGGGr,r,False,False,5,ped_9_0_NODE_10262|ped_9_1_NODE_10262|ped_9_2_NODE_10262|ped_9_3_NODE_10262|ped_9_4_NODE_10262,57.0,275.0,False,False,scenario_baseline
218.5,LINK_249048,5161705573,2,0,GGr,r,False,False,0,,56.5,275.0,False,False,scenario_baseline
218.5,NODE_5837,5161705573,2,0,GGr,r,False,False,0,,56.5,275.0,False,False,scenario_baseline
218.5,LINK_10218,11139418715,2,0,GGr,r,False,False,0,,56.5,275.0,False,False,scenario_baseline
218.5,LINK_140740,11139418715,2,0,GGr,r,False,False,0,,56.5,275.0,False,False,scenario_baseline
218.5,NODE_9634,10974501473,4,0,GGGGr,r,False,False,0,,58.5,277.0,False,False,scenario_baseline
218.5,LINK_194891,11203052965,11,0,GGGGGGGGGGGr,r,False,False,0,,56.5,275.0,False,False,scenario_baseline
218.5,NODE_10378,11139418715,2,0,GGr,r,False,False,0,,56.5,275.0,False,False,scenario_baseline
218.5,NODE_5681,11139418723,2,0,GGr,r,False,False,0,,56.5,275.0,False,False,scenario_baseline
218.5,NODE_10262,11203041635,4,0,GGGGr,r,False,False,5,ped_9_0_NODE_10262|ped_9_1_NODE_10262|ped_9_2_NODE_10262|ped_9_3_NODE_10262|ped_9_4_NODE_10262,56.5,275.0,False,False,scenario_baseline
219.0,LINK_249048,5161705573,2,0,GGr,r,False,False,0,,56.0,275.0,False,False,scenario_baseline
219.0,NODE_5837,5161705573,2,0,GGr,r,False,False,0,,56.0,275.0,False,False,scenario_baseline
219.0,LINK_10218,11139418715,2,0,GGr,r,False,False,0,,56.0,275.0,False,False,scenario_baseline
219.0,LINK_140740,11139418715,2,0,GGr,r,False,False,0,,56.0,275.0,False,False,scenario_baseline
219.0,NODE_9634,10974501473,4,0,GGGGr,r,False,False,0,,58.0,277.0,False,False,scenario_baseline
219.0,LINK_194891,11203052965,11,0,GGGGGGGGGGGr,r,False,False,0,,56.0,275.0,False,False,scenario_baseline
219.0,NODE_10378,11139418715,2,0,GGr,r,False,False,0,,56.0,275.0,False,False,scenario_baseline
219.0,NODE_5681,11139418723,2,0,GGr,r,False,False,0,,56.0,275.0,False,False,scenario_baseline
219.0,NODE_10262,11203041635,4,0,GGGGr,r,False,False,4,ped_9_0_NODE_10262|ped_9_1_NODE_10262|ped_9_2_NODE_10262|ped_9_3_NODE_10262,56.0,275.0,False,False,scenario_baseline
219.5,LINK_249048,5161705573,2,0,GGr,r,False,False,0,,55.5,275.0,False,False,scenario_baseline
219.5,NODE_5837,5161705573,2,0,GGr,r,False,False,0,,55.5,275.0,False,False,scenario_baseline
219.5,LINK_10218,11139418715,2,0,GGr,r,False,False,0,,55.5,275.0,False,False,scenario_baseline
219.5,LINK_140740,11139418715,2,0,GGr,r,False,False,0,,55.5,275.0,False,False,scenario_baseline
219.5,NODE_9634,10974501473,4,0,GGGGr,r,False,False,0,,57.5,277.0,False,False,scenario_baseline
219.5,LINK_194891,11203052965,11,0,GGGGGGGGGGGr,r,False,False,0,,55.5,275.0,False,False,scenario_baseline
219.5,NODE_10378,11139418715,2,0,GGr,r,False,False,0,,55.5,275.0,False,False,scenario_baseline
219.5,NODE_5681,11139418723,2,0,GGr,r,False,False,0,,55.5,275.0,False,False,scenario_baseline
219.5,NODE_10262,11203041635,4,0,GGGGr,r,False,False,4,ped_9_0_NODE_10262|ped_9_1_NODE_10262|ped_9_2_NODE_10262|ped_9_3_NODE_10262,55.5,275.0,False,False,scenario_baseline
220.0,LINK_249048,5161705573,2,0,GGr,r,False,False,0,,55.0,275.0,False,False,scenario_baseline
220.0,NODE_5837,5161705573,2,0,GGr,r,False,False,0,,55.0,275.0,False,False,scenario_baseline
220.0,LINK_10218,11139418715,2,0,GGr,r,False,False,0,,55.0,275.0,False,False,scenario_baseline
220.0,LINK_140740,11139418715,2,0,GGr,r,False,False,0,,55.0,275.0,False,False,scenario_baseline
220.0,NODE_9634,10974501473,4,0,GGGGr,r,False,False,0,,57.0,277.0,False,False,scenario_baseline
220.0,LINK_194891,11203052965,11,0,GGGGGGGGGGGr,r,False,False,0,,55.0,275.0,False,False,scenario_baseline
220.0,NODE_10378,11139418715,2,0,GGr,r,False,False,0,,55.0,275.0,False,False,scenario_baseline
220.0,NODE_5681,11139418723,2,0,GGr,r,False,False,0,,55.0,275.0,False,False,scenario_baseline
220.0,NODE_10262,11203041635,4,0,GGGGr,r,False,False,4,ped_9_0_NODE_10262|ped_9_1_NODE_10262|ped_9_2_NODE_10262|ped_9_3_NODE_10262,55.0,275.0,False,False,scenario_baseline
220.5,LINK_249048,5161705573,2,0,GGr,r,False,False,0,,54.5,275.0,False,False,scenario_baseline
220.5,NODE_5837,5161705573,2,0,GGr,r,False,False,0,,54.5,275.0,False,False,scenario_baseline
220.5,LINK_10218,11139418715,2,0,GGr,r,False,False,0,,54.5,275.0,False,False,scenario_baseline
220.5,LINK_140740,11139418715,2,0,GGr,r,False,False,0,,54.5,275.0,False,False,scenario_baseline
220.5,NODE_9634,10974501473,4,0,GGGGr,r,False,False,0,,56.5,277.0,False,False,scenario_baseline
220.5,LINK_194891,11203052965,11,0,GGGGGGGGGGGr,r,False,False,0,,54.5,275.0,False,False,scenario_baseline
220.5,NODE_10378,11139418715,2,0,GGr,r,False,False,0,,54.5,275.0,False,False,scenario_baseline
220.5,NODE_5681,11139418723,2,0,GGr,r,False,False,0,,54.5,275.0,False,False,scenario_baseline
220.5,NODE_10262,11203041635,4,0,GGGGr,r,False,False,3,ped_9_0_NODE_10262|ped_9_1_NODE_10262|ped_9_2_NODE_10262,54.5,275.0,False,False,scenario_baseline
221.0,LINK_249048,5161705573,2,0,GGr,r,False,False,0,,54.0,275.0,False,False,scenario_baseline
221.0,NODE_5837,5161705573,2,0,GGr,r,False,False,0,,54.0,275.0,False,False,scenario_baseline
221.0,LINK_10218,11139418715,2,0,GGr,r,False,False,0,,54.0,275.0,False,False,scenario_baseline
221.0,LINK_140740,11139418715,2,0,GGr,r,False,False,0,,54.0,275.0,False,False,scenario_baseline
221.0,NODE_9634,10974501473,4,0,GGGGr,r,False,False,0,,56.0,277.0,False,False,scenario_baseline
221.0,LINK_194891,11203052965,11,0,GGGGGGGGGGGr,r,False,False,0,,54.0,275.0,False,False,scenario_baseline
221.0,NODE_10378,11139418715,2,0,GGr,r,False,False,0,,54.0,275.0,False,False,scenario_baseline
221.0,NODE_5681,11139418723,2,0,GGr,r,False,False,0,,54.0,275.0,False,False,scenario_baseline
221.0,NODE_10262,11203041635,4,0,GGGGr,r,False,False,3,ped_9_0_NODE_10262|ped_9_1_NODE_10262|ped_9_2_NODE_10262,54.0,275.0,False,False,scenario_baseline
221.5,LINK_249048,5161705573,2,0,GGr,r,False,False,0,,53.5,275.0,False,False,scenario_baseline
221.5,NODE_5837,5161705573,2,0,GGr,r,False,False,0,,53.5,275.0,False,False,scenario_baseline
221.5,LINK_10218,11139418715,2,0,GGr,r,False,False,0,,53.5,275.0,False,False,scenario_baseline
221.5,LINK_140740,11139418715,2,0,GGr,r,False,False,0,,53.5,275.0,False,False,scenario_baseline
221.5,NODE_9634,10974501473,4,0,GGGGr,r,False,False,0,,55.5,277.0,False,False,scenario_baseline
221.5,LINK_194891,11203052965,11,0,GGGGGGGGGGGr,r,False,False,0,,53.5,275.0,False,False,scenario_baseline
221.5,NODE_10378,11139418715,2,0,GGr,r,False,False,0,,53.5,275.0,False,False,scenario_baseline
221.5,NODE_5681,11139418723,2,0,GGr,r,False,False,0,,53.5,275.0,False,False,scenario_baseline
221.5,NODE_10262,11203041635,4,0,GGGGr,r,False,False,3,ped_9_0_NODE_10262|ped_9_1_NODE_10262|ped_9_2_NODE_10262,53.5,275.0,False,False,scenario_baseline
222.0,LINK_249048,5161705573,2,0,GGr,r,False,False,0,,53.0,275.0,False,False,scenario_baseline
222.0,NODE_5837,5161705573,2,0,GGr,r,False,False,0,,53.0,275.0,False,False,scenario_baseline
222.0,LINK_10218,11139418715,2,0,GGr,r,False,False,0,,53.0,275.0,False,False,scenario_baseline
222.0,LINK_140740,11139418715,2,0,GGr,r,False,False,0,,53.0,275.0,False,False,scenario_baseline
222.0,NODE_9634,10974501473,4,0,GGGGr,r,False,False,0,,55.0,277.0,False,False,scenario_baseline
222.0,LINK_194891,11203052965,11,0,GGGGGGGGGGGr,r,False,False,0,,53.0,275.0,False,False,scenario_baseline
222.0,NODE_10378,11139418715,2,0,GGr,r,False,False,0,,53.0,275.0,False,False,scenario_baseline
222.0,NODE_5681,11139418723,2,0,GGr,r,False,False,0,,53.0,275.0,False,False,scenario_baseline
222.0,NODE_10262,11203041635,4,0,GGGGr,r,False,False,3,ped_9_0_NODE_10262|ped_9_1_NODE_10262|ped_9_2_NODE_10262,53.0,275.0,False,False,scenario_baseline
222.5,LINK_249048,5161705573,2,0,GGr,r,False,False,0,,52.5,275.0,False,False,scenario_baseline
222.5,NODE_5837,5161705573,2,0,GGr,r,False,False,0,,52.5,275.0,False,False,scenario_baseline
222.5,LINK_10218,11139418715,2,0,GGr,r,False,False,0,,52.5,275.0,False,False,scenario_baseline
222.5,LINK_140740,11139418715,2,0,GGr,r,False,False,0,,52.5,275.0,False,False,scenario_baseline
222.5,NODE_9634,10974501473,4,0,GGGGr,r,False,False,0,,54.5,277.0,False,False,scenario_baseline
222.5,LINK_194891,11203052965,11,0,GGGGGGGGGGGr,r,False,False,0,,52.5,275.0,False,False,scenario_baseline
222.5,NODE_10378,11139418715,2,0,GGr,r,False,False,0,,52.5,275.0,False,False,scenario_baseline
222.5,NODE_5681,11139418723,2,0,GGr,r,False,False,0,,52.5,275.0,False,False,scenario_baseline
222.5,NODE_10262,11203041635,4,0,GGGGr,r,False,False,3,ped_9_0_NODE_10262|ped_9_1_NODE_10262|ped_9_2_NODE_10262,52.5,275.0,False,False,scenario_baseline
223.0,LINK_249048,5161705573,2,0,GGr,r,False,False,0,,52.0,275.0,False,False,scenario_baseline
223.0,NODE_5837,5161705573,2,0,GGr,r,False,False,0,,52.0,275.0,False,False,scenario_baseline
223.0,LINK_10218,11139418715,2,0,GGr,r,False,False,0,,52.0,275.0,False,False,scenario_baseline
223.0,LINK_140740,11139418715,2,0,GGr,r,False,False,0,,52.0,275.0,False,False,scenario_baseline
223.0,NODE_9634,10974501473,4,0,GGGGr,r,False,False,0,,54.0,277.0,False,False,scenario_baseline
223.0,LINK_194891,11203052965,11,0,GGGGGGGGGGGr,r,False,False,0,,52.0,275.0,False,False,scenario_baseline
223.0,NODE_10378,11139418715,2,0,GGr,r,False,False,0,,52.0,275.0,False,False,scenario_baseline
223.0,NODE_5681,11139418723,2,0,GGr,r,False,False,0,,52.0,275.0,False,False,scenario_baseline
223.0,NODE_10262,11203041635,4,0,GGGGr,r,False,False,2,ped_9_0_NODE_10262|ped_9_2_NODE_10262,52.0,275.0,False,False,scenario_baseline
223.5,LINK_249048,5161705573,2,0,GGr,r,False,False,0,,51.5,275.0,False,False,scenario_baseline
223.5,NODE_5837,5161705573,2,0,GGr,r,False,False,0,,51.5,275.0,False,False,scenario_baseline
223.5,LINK_10218,11139418715,2,0,GGr,r,False,False,0,,51.5,275.0,False,False,scenario_baseline
223.5,LINK_140740,11139418715,2,0,GGr,r,False,False,0,,51.5,275.0,False,False,scenario_baseline
223.5,NODE_9634,10974501473,4,0,GGGGr,r,False,False,0,,53.5,277.0,False,False,scenario_baseline
223.5,LINK_194891,11203052965,11,0,GGGGGGGGGGGr,r,False,False,0,,51.5,275.0,False,False,scenario_baseline
223.5,NODE_10378,11139418715,2,0,GGr,r,False,False,0,,51.5,275.0,False,False,scenario_baseline
223.5,NODE_5681,11139418723,2,0,GGr,r,False,False,0,,51.5,275.0,False,False,scenario_baseline
223.5,NODE_10262,11203041635,4,0,GGGGr,r,False,False,2,ped_9_0_NODE_10262|ped_9_2_NODE_10262,51.5,275.0,False,False,scenario_baseline
224.0,LINK_249048,5161705573,2,0,GGr,r,False,False,0,,51.0,275.0,False,False,scenario_baseline
224.0,NODE_5837,5161705573,2,0,GGr,r,False,False,0,,51.0,275.0,False,False,scenario_baseline
224.0,LINK_10218,11139418715,2,0,GGr,r,False,False,0,,51.0,275.0,False,False,scenario_baseline
224.0,LINK_140740,11139418715,2,0,GGr,r,False,False,0,,51.0,275.0,False,False,scenario_baseline
224.0,NODE_9634,10974501473,4,0,GGGGr,r,False,False,0,,53.0,277.0,False,False,scenario_baseline
224.0,LINK_194891,11203052965,11,0,GGGGGGGGGGGr,r,False,False,0,,51.0,275.0,False,False,scenario_baseline
224.0,NODE_10378,11139418715,2,0,GGr,r,False,False,0,,51.0,275.0,False,False,scenario_baseline
224.0,NODE_5681,11139418723,2,0,GGr,r,False,False,0,,51.0,275.0,False,False,scenario_baseline
224.0,NODE_10262,11203041635,4,0,GGGGr,r,False,False,1,ped_9_2_NODE_10262,51.0,275.0,False,False,scenario_baseline
224.5,LINK_249048,5161705573,2,0,GGr,r,False,False,0,,50.5,275.0,False,False,scenario_baseline
224.5,NODE_5837,5161705573,2,0,GGr,r,False,False,0,,50.5,275.0,False,False,scenario_baseline
224.5,LINK_10218,11139418715,2,0,GGr,r,False,False,0,,50.5,275.0,False,False,scenario_baseline
224.5,LINK_140740,11139418715,2,0,GGr,r,False,False,0,,50.5,275.0,False,False,scenario_baseline
224.5,NODE_9634,10974501473,4,0,GGGGr,r,False,False,0,,52.5,277.0,False,False,scenario_baseline
224.5,LINK_194891,11203052965,11,0,GGGGGGGGGGGr,r,False,False,0,,50.5,275.0,False,False,scenario_baseline
224.5,NODE_10378,11139418715,2,0,GGr,r,False,False,0,,50.5,275.0,False,False,scenario_baseline
224.5,NODE_5681,11139418723,2,0,GGr,r,False,False,0,,50.5,275.0,False,False,scenario_baseline
224.5,NODE_10262,11203041635,4,0,GGGGr,r,False,False,1,ped_9_2_NODE_10262,50.5,275.0,False,False,scenario_baseline
225.0,LINK_249048,5161705573,2,0,GGr,r,False,False,0,,50.0,275.0,False,False,scenario_baseline
225.0,NODE_5837,5161705573,2,0,GGr,r,False,False,0,,50.0,275.0,False,False,scenario_baseline
225.0,LINK_10218,11139418715,2,0,GGr,r,False,False,0,,50.0,275.0,False,False,scenario_baseline
225.0,LINK_140740,11139418715,2,0,GGr,r,False,False,0,,50.0,275.0,False,False,scenario_baseline
225.0,NODE_9634,10974501473,4,0,GGGGr,r,False,False,0,,52.0,277.0,False,False,scenario_baseline
225.0,LINK_194891,11203052965,11,0,GGGGGGGGGGGr,r,False,False,0,,50.0,275.0,False,False,scenario_baseline
225.0,NODE_10378,11139418715,2,0,GGr,r,False,False,0,,50.0,275.0,False,False,scenario_baseline
225.0,NODE_5681,11139418723,2,0,GGr,r,False,False,0,,50.0,275.0,False,False,scenario_baseline
225.0,NODE_10262,11203041635,4,0,GGGGr,r,False,False,0,,50.0,275.0,False,False,scenario_baseline
225.5,LINK_249048,5161705573,2,0,GGr,r,False,False,0,,49.5,275.0,False,False,scenario_baseline
225.5,NODE_5837,5161705573,2,0,GGr,r,False,False,0,,49.5,275.0,False,False,scenario_baseline
225.5,LINK_10218,11139418715,2,0,GGr,r,False,False,0,,49.5,275.0,False,False,scenario_baseline
225.5,LINK_140740,11139418715,2,0,GGr,r,False,False,0,,49.5,275.0,False,False,scenario_baseline
225.5,NODE_9634,10974501473,4,0,GGGGr,r,False,False,0,,51.5,277.0,False,False,scenario_baseline
225.5,LINK_194891,11203052965,11,0,GGGGGGGGGGGr,r,False,False,0,,49.5,275.0,False,False,scenario_baseline
225.5,NODE_10378,11139418715,2,0,GGr,r,False,False,0,,49.5,275.0,False,False,scenario_baseline
225.5,NODE_5681,11139418723,2,0,GGr,r,False,False,0,,49.5,275.0,False,False,scenario_baseline
225.5,NODE_10262,11203041635,4,0,GGGGr,r,False,False,0,,49.5,275.0,False,False,scenario_baseline
226.0,LINK_249048,5161705573,2,0,GGr,r,False,False,0,,49.0,275.0,False,False,scenario_baseline
226.0,NODE_5837,5161705573,2,0,GGr,r,False,False,0,,49.0,275.0,False,False,scenario_baseline
226.0,LINK_10218,11139418715,2,0,GGr,r,False,False,0,,49.0,275.0,False,False,scenario_baseline
226.0,LINK_140740,11139418715,2,0,GGr,r,False,False,0,,49.0,275.0,False,False,scenario_baseline
226.0,NODE_9634,10974501473,4,0,GGGGr,r,False,False,0,,51.0,277.0,False,False,scenario_baseline
226.0,LINK_194891,11203052965,11,0,GGGGGGGGGGGr,r,False,False,0,,49.0,275.0,False,False,scenario_baseline
226.0,NODE_10378,11139418715,2,0,GGr,r,False,False,0,,49.0,275.0,False,False,scenario_baseline
226.0,NODE_5681,11139418723,2,0,GGr,r,False,False,0,,49.0,275.0,False,False,scenario_baseline
226.0,NODE_10262,11203041635,4,0,GGGGr,r,False,False,0,,49.0,275.0,False,False,scenario_baseline
226.5,LINK_249048,5161705573,2,0,GGr,r,False,False,0,,48.5,275.0,False,False,scenario_baseline
226.5,NODE_5837,5161705573,2,0,GGr,r,False,False,0,,48.5,275.0,False,False,scenario_baseline
226.5,LINK_10218,11139418715,2,0,GGr,r,False,False,0,,48.5,275.0,False,False,scenario_baseline
226.5,LINK_140740,11139418715,2,0,GGr,r,False,False,0,,48.5,275.0,False,False,scenario_baseline
226.5,NODE_9634,10974501473,4,0,GGGGr,r,False,False,0,,50.5,277.0,False,False,scenario_baseline
226.5,LINK_194891,11203052965,11,0,GGGGGGGGGGGr,r,False,False,0,,48.5,275.0,False,False,scenario_baseline
226.5,NODE_10378,11139418715,2,0,GGr,r,False,False,0,,48.5,275.0,False,False,scenario_baseline
226.5,NODE_5681,11139418723,2,0,GGr,r,False,False,0,,48.5,275.0,False,False,scenario_baseline
226.5,NODE_10262,11203041635,4,0,GGGGr,r,False,False,0,,48.5,275.0,False,False,scenario_baseline
227.0,LINK_249048,5161705573,2,0,GGr,r,False,False,0,,48.0,275.0,False,False,scenario_baseline
227.0,NODE_5837,5161705573,2,0,GGr,r,False,False,0,,48.0,275.0,False,False,scenario_baseline
227.0,LINK_10218,11139418715,2,0,GGr,r,False,False,0,,48.0,275.0,False,False,scenario_baseline
227.0,LINK_140740,11139418715,2,0,GGr,r,False,False,0,,48.0,275.0,False,False,scenario_baseline
227.0,NODE_9634,10974501473,4,0,GGGGr,r,False,False,0,,50.0,277.0,False,False,scenario_baseline
227.0,LINK_194891,11203052965,11,0,GGGGGGGGGGGr,r,False,False,0,,48.0,275.0,False,False,scenario_baseline
227.0,NODE_10378,11139418715,2,0,GGr,r,False,False,0,,48.0,275.0,False,False,scenario_baseline
227.0,NODE_5681,11139418723,2,0,GGr,r,False,False,0,,48.0,275.0,False,False,scenario_baseline
227.0,NODE_10262,11203041635,4,0,GGGGr,r,False,False,0,,48.0,275.0,False,False,scenario_baseline
227.5,LINK_249048,5161705573,2,0,GGr,r,False,False,0,,47.5,275.0,False,False,scenario_baseline
227.5,NODE_5837,5161705573,2,0,GGr,r,False,False,0,,47.5,275.0,False,False,scenario_baseline
227.5,LINK_10218,11139418715,2,0,GGr,r,False,False,0,,47.5,275.0,False,False,scenario_baseline
227.5,LINK_140740,11139418715,2,0,GGr,r,False,False,0,,47.5,275.0,False,False,scenario_baseline
227.5,NODE_9634,10974501473,4,0,GGGGr,r,False,False,0,,49.5,277.0,False,False,scenario_baseline
227.5,LINK_194891,11203052965,11,0,GGGGGGGGGGGr,r,False,False,0,,47.5,275.0,False,False,scenario_baseline
227.5,NODE_10378,11139418715,2,0,GGr,r,False,False,0,,47.5,275.0,False,False,scenario_baseline
227.5,NODE_5681,11139418723,2,0,GGr,r,False,False,0,,47.5,275.0,False,False,scenario_baseline
227.5,NODE_10262,11203041635,4,0,GGGGr,r,False,False,0,,47.5,275.0,False,False,scenario_baseline
228.0,LINK_249048,5161705573,2,0,GGr,r,False,False,0,,47.0,275.0,False,False,scenario_baseline
228.0,NODE_5837,5161705573,2,0,GGr,r,False,False,0,,47.0,275.0,False,False,scenario_baseline
228.0,LINK_10218,11139418715,2,0,GGr,r,False,False,0,,47.0,275.0,False,False,scenario_baseline
228.0,LINK_140740,11139418715,2,0,GGr,r,False,False,0,,47.0,275.0,False,False,scenario_baseline
228.0,NODE_9634,10974501473,4,0,GGGGr,r,False,False,0,,49.0,277.0,False,False,scenario_baseline
228.0,LINK_194891,11203052965,11,0,GGGGGGGGGGGr,r,False,False,0,,47.0,275.0,False,False,scenario_baseline
228.0,NODE_10378,11139418715,2,0,GGr,r,False,False,0,,47.0,275.0,False,False,scenario_baseline
228.0,NODE_5681,11139418723,2,0,GGr,r,False,False,0,,47.0,275.0,False,False,scenario_baseline
228.0,NODE_10262,11203041635,4,0,GGGGr,r,False,False,0,,47.0,275.0,False,False,scenario_baseline
228.5,LINK_249048,5161705573,2,0,GGr,r,False,False,0,,46.5,275.0,False,False,scenario_baseline
228.5,NODE_5837,5161705573,2,0,GGr,r,False,False,0,,46.5,275.0,False,False,scenario_baseline
228.5,LINK_10218,11139418715,2,0,GGr,r,False,False,0,,46.5,275.0,False,False,scenario_baseline
228.5,LINK_140740,11139418715,2,0,GGr,r,False,False,0,,46.5,275.0,False,False,scenario_baseline
228.5,NODE_9634,10974501473,4,0,GGGGr,r,False,False,0,,48.5,277.0,False,False,scenario_baseline
228.5,LINK_194891,11203052965,11,0,GGGGGGGGGGGr,r,False,False,0,,46.5,275.0,False,False,scenario_baseline
228.5,NODE_10378,11139418715,2,0,GGr,r,False,False,0,,46.5,275.0,False,False,scenario_baseline
228.5,NODE_5681,11139418723,2,0,GGr,r,False,False,0,,46.5,275.0,False,False,scenario_baseline
228.5,NODE_10262,11203041635,4,0,GGGGr,r,False,False,0,,46.5,275.0,False,False,scenario_baseline
229.0,LINK_249048,5161705573,2,0,GGr,r,False,False,0,,46.0,275.0,False,False,scenario_baseline
229.0,NODE_5837,5161705573,2,0,GGr,r,False,False,0,,46.0,275.0,False,False,scenario_baseline
229.0,LINK_10218,11139418715,2,0,GGr,r,False,False,0,,46.0,275.0,False,False,scenario_baseline
229.0,LINK_140740,11139418715,2,0,GGr,r,False,False,0,,46.0,275.0,False,False,scenario_baseline
229.0,NODE_9634,10974501473,4,0,GGGGr,r,False,False,0,,48.0,277.0,False,False,scenario_baseline
229.0,LINK_194891,11203052965,11,0,GGGGGGGGGGGr,r,False,False,0,,46.0,275.0,False,False,scenario_baseline
229.0,NODE_10378,11139418715,2,0,GGr,r,False,False,0,,46.0,275.0,False,False,scenario_baseline
229.0,NODE_5681,11139418723,2,0,GGr,r,False,False,0,,46.0,275.0,False,False,scenario_baseline
229.0,NODE_10262,11203041635,4,0,GGGGr,r,False,False,0,,46.0,275.0,False,False,scenario_baseline
229.5,LINK_249048,5161705573,2,0,GGr,r,False,False,0,,45.5,275.0,False,False,scenario_baseline
229.5,NODE_5837,5161705573,2,0,GGr,r,False,False,0,,45.5,275.0,False,False,scenario_baseline
229.5,LINK_10218,11139418715,2,0,GGr,r,False,False,0,,45.5,275.0,False,False,scenario_baseline
229.5,LINK_140740,11139418715,2,0,GGr,r,False,False,0,,45.5,275.0,False,False,scenario_baseline
229.5,NODE_9634,10974501473,4,0,GGGGr,r,False,False,0,,47.5,277.0,False,False,scenario_baseline
229.5,LINK_194891,11203052965,11,0,GGGGGGGGGGGr,r,False,False,0,,45.5,275.0,False,False,scenario_baseline
229.5,NODE_10378,11139418715,2,0,GGr,r,False,False,0,,45.5,275.0,False,False,scenario_baseline
229.5,NODE_5681,11139418723,2,0,GGr,r,False,False,0,,45.5,275.0,False,False,scenario_baseline
229.5,NODE_10262,11203041635,4,0,GGGGr,r,False,False,0,,45.5,275.0,False,False,scenario_baseline
230.0,LINK_249048,5161705573,2,0,GGr,r,False,False,0,,45.0,275.0,False,False,scenario_baseline
230.0,NODE_5837,5161705573,2,0,GGr,r,False,False,0,,45.0,275.0,False,False,scenario_baseline
230.0,LINK_10218,11139418715,2,0,GGr,r,False,False,0,,45.0,275.0,False,False,scenario_baseline
230.0,LINK_140740,11139418715,2,0,GGr,r,False,False,0,,45.0,275.0,False,False,scenario_baseline
230.0,NODE_9634,10974501473,4,0,GGGGr,r,False,False,0,,47.0,277.0,False,False,scenario_baseline
230.0,LINK_194891,11203052965,11,0,GGGGGGGGGGGr,r,False,False,0,,45.0,275.0,False,False,scenario_baseline
230.0,NODE_10378,11139418715,2,0,GGr,r,False,False,0,,45.0,275.0,False,False,scenario_baseline
230.0,NODE_5681,11139418723,2,0,GGr,r,False,False,0,,45.0,275.0,False,False,scenario_baseline
230.0,NODE_10262,11203041635,4,0,GGGGr,r,False,False,0,,45.0,275.0,False,False,scenario_baseline
230.5,LINK_249048,5161705573,2,0,GGr,r,False,False,0,,44.5,275.0,False,False,scenario_baseline
230.5,NODE_5837,5161705573,2,0,GGr,r,False,False,0,,44.5,275.0,False,False,scenario_baseline
230.5,LINK_10218,11139418715,2,0,GGr,r,False,False,0,,44.5,275.0,False,False,scenario_baseline
230.5,LINK_140740,11139418715,2,0,GGr,r,False,False,0,,44.5,275.0,False,False,scenario_baseline
230.5,NODE_9634,10974501473,4,0,GGGGr,r,False,False,0,,46.5,277.0,False,False,scenario_baseline
230.5,LINK_194891,11203052965,11,0,GGGGGGGGGGGr,r,False,False,0,,44.5,275.0,False,False,scenario_baseline
230.5,NODE_10378,11139418715,2,0,GGr,r,False,False,0,,44.5,275.0,False,False,scenario_baseline
230.5,NODE_5681,11139418723,2,0,GGr,r,False,False,0,,44.5,275.0,False,False,scenario_baseline
230.5,NODE_10262,11203041635,4,0,GGGGr,r,False,False,0,,44.5,275.0,False,False,scenario_baseline
231.0,LINK_249048,5161705573,2,0,GGr,r,False,False,0,,44.0,275.0,False,False,scenario_baseline
231.0,NODE_5837,5161705573,2,0,GGr,r,False,False,0,,44.0,275.0,False,False,scenario_baseline
231.0,LINK_10218,11139418715,2,0,GGr,r,False,False,0,,44.0,275.0,False,False,scenario_baseline
231.0,LINK_140740,11139418715,2,0,GGr,r,False,False,0,,44.0,275.0,False,False,scenario_baseline
231.0,NODE_9634,10974501473,4,0,GGGGr,r,False,False,0,,46.0,277.0,False,False,scenario_baseline
231.0,LINK_194891,11203052965,11,0,GGGGGGGGGGGr,r,False,False,0,,44.0,275.0,False,False,scenario_baseline
231.0,NODE_10378,11139418715,2,0,GGr,r,False,False,0,,44.0,275.0,False,False,scenario_baseline
231.0,NODE_5681,11139418723,2,0,GGr,r,False,False,0,,44.0,275.0,False,False,scenario_baseline
231.0,NODE_10262,11203041635,4,0,GGGGr,r,False,False,0,,44.0,275.0,False,False,scenario_baseline
231.5,LINK_249048,5161705573,2,0,GGr,r,False,False,0,,43.5,275.0,False,False,scenario_baseline
231.5,NODE_5837,5161705573,2,0,GGr,r,False,False,0,,43.5,275.0,False,False,scenario_baseline
231.5,LINK_10218,11139418715,2,0,GGr,r,False,False,0,,43.5,275.0,False,False,scenario_baseline
231.5,LINK_140740,11139418715,2,0,GGr,r,False,False,0,,43.5,275.0,False,False,scenario_baseline
231.5,NODE_9634,10974501473,4,0,GGGGr,r,False,False,0,,45.5,277.0,False,False,scenario_baseline
231.5,LINK_194891,11203052965,11,0,GGGGGGGGGGGr,r,False,False,0,,43.5,275.0,False,False,scenario_baseline
231.5,NODE_10378,11139418715,2,0,GGr,r,False,False,0,,43.5,275.0,False,False,scenario_baseline
231.5,NODE_5681,11139418723,2,0,GGr,r,False,False,0,,43.5,275.0,False,False,scenario_baseline
231.5,NODE_10262,11203041635,4,0,GGGGr,r,False,False,0,,43.5,275.0,False,False,scenario_baseline
232.0,LINK_249048,5161705573,2,0,GGr,r,False,False,0,,43.0,275.0,False,False,scenario_baseline
232.0,NODE_5837,5161705573,2,0,GGr,r,False,False,0,,43.0,275.0,False,False,scenario_baseline
232.0,LINK_10218,11139418715,2,0,GGr,r,False,False,0,,43.0,275.0,False,False,scenario_baseline
232.0,LINK_140740,11139418715,2,0,GGr,r,False,False,0,,43.0,275.0,False,False,scenario_baseline
232.0,NODE_9634,10974501473,4,0,GGGGr,r,False,False,0,,45.0,277.0,False,False,scenario_baseline
232.0,LINK_194891,11203052965,11,0,GGGGGGGGGGGr,r,False,False,0,,43.0,275.0,False,False,scenario_baseline
232.0,NODE_10378,11139418715,2,0,GGr,r,False,False,0,,43.0,275.0,False,False,scenario_baseline
232.0,NODE_5681,11139418723,2,0,GGr,r,False,False,0,,43.0,275.0,False,False,scenario_baseline
232.0,NODE_10262,11203041635,4,0,GGGGr,r,False,False,0,,43.0,275.0,False,False,scenario_baseline
232.5,LINK_249048,5161705573,2,0,GGr,r,False,False,0,,42.5,275.0,False,False,scenario_baseline
232.5,NODE_5837,5161705573,2,0,GGr,r,False,False,0,,42.5,275.0,False,False,scenario_baseline
232.5,LINK_10218,11139418715,2,0,GGr,r,False,False,0,,42.5,275.0,False,False,scenario_baseline
232.5,LINK_140740,11139418715,2,0,GGr,r,False,False,0,,42.5,275.0,False,False,scenario_baseline
232.5,NODE_9634,10974501473,4,0,GGGGr,r,False,False,0,,44.5,277.0,False,False,scenario_baseline
232.5,LINK_194891,11203052965,11,0,GGGGGGGGGGGr,r,False,False,0,,42.5,275.0,False,False,scenario_baseline
232.5,NODE_10378,11139418715,2,0,GGr,r,False,False,0,,42.5,275.0,False,False,scenario_baseline
232.5,NODE_5681,11139418723,2,0,GGr,r,False,False,0,,42.5,275.0,False,False,scenario_baseline
232.5,NODE_10262,11203041635,4,0,GGGGr,r,False,False,0,,42.5,275.0,False,False,scenario_baseline
233.0,LINK_249048,5161705573,2,0,GGr,r,False,False,0,,42.0,275.0,False,False,scenario_baseline
233.0,NODE_5837,5161705573,2,0,GGr,r,False,False,0,,42.0,275.0,False,False,scenario_baseline
233.0,LINK_10218,11139418715,2,0,GGr,r,False,False,0,,42.0,275.0,False,False,scenario_baseline
233.0,LINK_140740,11139418715,2,0,GGr,r,False,False,0,,42.0,275.0,False,False,scenario_baseline
233.0,NODE_9634,10974501473,4,0,GGGGr,r,False,False,0,,44.0,277.0,False,False,scenario_baseline
233.0,LINK_194891,11203052965,11,0,GGGGGGGGGGGr,r,False,False,0,,42.0,275.0,False,False,scenario_baseline
233.0,NODE_10378,11139418715,2,0,GGr,r,False,False,0,,42.0,275.0,False,False,scenario_baseline
233.0,NODE_5681,11139418723,2,0,GGr,r,False,False,0,,42.0,275.0,False,False,scenario_baseline
233.0,NODE_10262,11203041635,4,0,GGGGr,r,False,False,0,,42.0,275.0,False,False,scenario_baseline
233.5,LINK_249048,5161705573,2,0,GGr,r,False,False,0,,41.5,275.0,False,False,scenario_baseline
233.5,NODE_5837,5161705573,2,0,GGr,r,False,False,0,,41.5,275.0,False,False,scenario_baseline
233.5,LINK_10218,11139418715,2,0,GGr,r,False,False,0,,41.5,275.0,False,False,scenario_baseline
233.5,LINK_140740,11139418715,2,0,GGr,r,False,False,0,,41.5,275.0,False,False,scenario_baseline
233.5,NODE_9634,10974501473,4,0,GGGGr,r,False,False,0,,43.5,277.0,False,False,scenario_baseline
233.5,LINK_194891,11203052965,11,0,GGGGGGGGGGGr,r,False,False,0,,41.5,275.0,False,False,scenario_baseline
233.5,NODE_10378,11139418715,2,0,GGr,r,False,False,0,,41.5,275.0,False,False,scenario_baseline
233.5,NODE_5681,11139418723,2,0,GGr,r,False,False,0,,41.5,275.0,False,False,scenario_baseline
233.5,NODE_10262,11203041635,4,0,GGGGr,r,False,False,0,,41.5,275.0,False,False,scenario_baseline
234.0,LINK_249048,5161705573,2,0,GGr,r,False,False,0,,41.0,275.0,False,False,scenario_baseline
234.0,NODE_5837,5161705573,2,0,GGr,r,False,False,0,,41.0,275.0,False,False,scenario_baseline
234.0,LINK_10218,11139418715,2,0,GGr,r,False,False,0,,41.0,275.0,False,False,scenario_baseline
234.0,LINK_140740,11139418715,2,0,GGr,r,False,False,0,,41.0,275.0,False,False,scenario_baseline
234.0,NODE_9634,10974501473,4,0,GGGGr,r,False,False,0,,43.0,277.0,False,False,scenario_baseline
234.0,LINK_194891,11203052965,11,0,GGGGGGGGGGGr,r,False,False,0,,41.0,275.0,False,False,scenario_baseline
234.0,NODE_10378,11139418715,2,0,GGr,r,False,False,0,,41.0,275.0,False,False,scenario_baseline
234.0,NODE_5681,11139418723,2,0,GGr,r,False,False,0,,41.0,275.0,False,False,scenario_baseline
234.0,NODE_10262,11203041635,4,0,GGGGr,r,False,False,0,,41.0,275.0,False,False,scenario_baseline
234.5,LINK_249048,5161705573,2,0,GGr,r,False,False,0,,40.5,275.0,False,False,scenario_baseline
234.5,NODE_5837,5161705573,2,0,GGr,r,False,False,0,,40.5,275.0,False,False,scenario_baseline
234.5,LINK_10218,11139418715,2,0,GGr,r,False,False,0,,40.5,275.0,False,False,scenario_baseline
234.5,LINK_140740,11139418715,2,0,GGr,r,False,False,0,,40.5,275.0,False,False,scenario_baseline
234.5,NODE_9634,10974501473,4,0,GGGGr,r,False,False,0,,42.5,277.0,False,False,scenario_baseline
234.5,LINK_194891,11203052965,11,0,GGGGGGGGGGGr,r,False,False,0,,40.5,275.0,False,False,scenario_baseline
234.5,NODE_10378,11139418715,2,0,GGr,r,False,False,0,,40.5,275.0,False,False,scenario_baseline
234.5,NODE_5681,11139418723,2,0,GGr,r,False,False,0,,40.5,275.0,False,False,scenario_baseline
234.5,NODE_10262,11203041635,4,0,GGGGr,r,False,False,0,,40.5,275.0,False,False,scenario_baseline
235.0,LINK_249048,5161705573,2,0,GGr,r,False,False,0,,40.0,275.0,False,False,scenario_baseline
235.0,NODE_5837,5161705573,2,0,GGr,r,False,False,0,,40.0,275.0,False,False,scenario_baseline
235.0,LINK_10218,11139418715,2,0,GGr,r,False,False,0,,40.0,275.0,False,False,scenario_baseline
235.0,LINK_140740,11139418715,2,0,GGr,r,False,False,0,,40.0,275.0,False,False,scenario_baseline
235.0,NODE_9634,10974501473,4,0,GGGGr,r,False,False,0,,42.0,277.0,False,False,scenario_baseline
235.0,LINK_194891,11203052965,11,0,GGGGGGGGGGGr,r,False,False,0,,40.0,275.0,False,False,scenario_baseline
235.0,NODE_10378,11139418715,2,0,GGr,r,False,False,0,,40.0,275.0,False,False,scenario_baseline
235.0,NODE_5681,11139418723,2,0,GGr,r,False,False,0,,40.0,275.0,False,False,scenario_baseline
235.0,NODE_10262,11203041635,4,0,GGGGr,r,False,False,0,,40.0,275.0,False,False,scenario_baseline
235.5,LINK_249048,5161705573,2,0,GGr,r,False,False,0,,39.5,275.0,False,False,scenario_baseline
235.5,NODE_5837,5161705573,2,0,GGr,r,False,False,0,,39.5,275.0,False,False,scenario_baseline
235.5,LINK_10218,11139418715,2,0,GGr,r,False,False,0,,39.5,275.0,False,False,scenario_baseline
235.5,LINK_140740,11139418715,2,0,GGr,r,False,False,0,,39.5,275.0,False,False,scenario_baseline
235.5,NODE_9634,10974501473,4,0,GGGGr,r,False,False,0,,41.5,277.0,False,False,scenario_baseline
235.5,LINK_194891,11203052965,11,0,GGGGGGGGGGGr,r,False,False,0,,39.5,275.0,False,False,scenario_baseline
235.5,NODE_10378,11139418715,2,0,GGr,r,False,False,0,,39.5,275.0,False,False,scenario_baseline
235.5,NODE_5681,11139418723,2,0,GGr,r,False,False,0,,39.5,275.0,False,False,scenario_baseline
235.5,NODE_10262,11203041635,4,0,GGGGr,r,False,False,0,,39.5,275.0,False,False,scenario_baseline
236.0,LINK_249048,5161705573,2,0,GGr,r,False,False,0,,39.0,275.0,False,False,scenario_baseline
236.0,NODE_5837,5161705573,2,0,GGr,r,False,False,0,,39.0,275.0,False,False,scenario_baseline
236.0,LINK_10218,11139418715,2,0,GGr,r,False,False,0,,39.0,275.0,False,False,scenario_baseline
236.0,LINK_140740,11139418715,2,0,GGr,r,False,False,0,,39.0,275.0,False,False,scenario_baseline
236.0,NODE_9634,10974501473,4,0,GGGGr,r,False,False,0,,41.0,277.0,False,False,scenario_baseline
236.0,LINK_194891,11203052965,11,0,GGGGGGGGGGGr,r,False,False,0,,39.0,275.0,False,False,scenario_baseline
236.0,NODE_10378,11139418715,2,0,GGr,r,False,False,0,,39.0,275.0,False,False,scenario_baseline
236.0,NODE_5681,11139418723,2,0,GGr,r,False,False,0,,39.0,275.0,False,False,scenario_baseline
236.0,NODE_10262,11203041635,4,0,GGGGr,r,False,False,0,,39.0,275.0,False,False,scenario_baseline
236.5,LINK_249048,5161705573,2,0,GGr,r,False,False,0,,38.5,275.0,False,False,scenario_baseline
236.5,NODE_5837,5161705573,2,0,GGr,r,False,False,0,,38.5,275.0,False,False,scenario_baseline
236.5,LINK_10218,11139418715,2,0,GGr,r,False,False,0,,38.5,275.0,False,False,scenario_baseline
236.5,LINK_140740,11139418715,2,0,GGr,r,False,False,0,,38.5,275.0,False,False,scenario_baseline
236.5,NODE_9634,10974501473,4,0,GGGGr,r,False,False,0,,40.5,277.0,False,False,scenario_baseline
236.5,LINK_194891,11203052965,11,0,GGGGGGGGGGGr,r,False,False,0,,38.5,275.0,False,False,scenario_baseline
236.5,NODE_10378,11139418715,2,0,GGr,r,False,False,0,,38.5,275.0,False,False,scenario_baseline
236.5,NODE_5681,11139418723,2,0,GGr,r,False,False,0,,38.5,275.0,False,False,scenario_baseline
236.5,NODE_10262,11203041635,4,0,GGGGr,r,False,False,0,,38.5,275.0,False,False,scenario_baseline
237.0,LINK_249048,5161705573,2,0,GGr,r,False,False,0,,38.0,275.0,False,False,scenario_baseline
237.0,NODE_5837,5161705573,2,0,GGr,r,False,False,0,,38.0,275.0,False,False,scenario_baseline
237.0,LINK_10218,11139418715,2,0,GGr,r,False,False,0,,38.0,275.0,False,False,scenario_baseline
237.0,LINK_140740,11139418715,2,0,GGr,r,False,False,0,,38.0,275.0,False,False,scenario_baseline
237.0,NODE_9634,10974501473,4,0,GGGGr,r,False,False,0,,40.0,277.0,False,False,scenario_baseline
237.0,LINK_194891,11203052965,11,0,GGGGGGGGGGGr,r,False,False,0,,38.0,275.0,False,False,scenario_baseline
237.0,NODE_10378,11139418715,2,0,GGr,r,False,False,0,,38.0,275.0,False,False,scenario_baseline
237.0,NODE_5681,11139418723,2,0,GGr,r,False,False,0,,38.0,275.0,False,False,scenario_baseline
237.0,NODE_10262,11203041635,4,0,GGGGr,r,False,False,0,,38.0,275.0,False,False,scenario_baseline
237.5,LINK_249048,5161705573,2,0,GGr,r,False,False,0,,37.5,275.0,False,False,scenario_baseline
237.5,NODE_5837,5161705573,2,0,GGr,r,False,False,0,,37.5,275.0,False,False,scenario_baseline
237.5,LINK_10218,11139418715,2,0,GGr,r,False,False,0,,37.5,275.0,False,False,scenario_baseline
237.5,LINK_140740,11139418715,2,0,GGr,r,False,False,0,,37.5,275.0,False,False,scenario_baseline
237.5,NODE_9634,10974501473,4,0,GGGGr,r,False,False,0,,39.5,277.0,False,False,scenario_baseline
237.5,LINK_194891,11203052965,11,0,GGGGGGGGGGGr,r,False,False,0,,37.5,275.0,False,False,scenario_baseline
237.5,NODE_10378,11139418715,2,0,GGr,r,False,False,0,,37.5,275.0,False,False,scenario_baseline
237.5,NODE_5681,11139418723,2,0,GGr,r,False,False,0,,37.5,275.0,False,False,scenario_baseline
237.5,NODE_10262,11203041635,4,0,GGGGr,r,False,False,0,,37.5,275.0,False,False,scenario_baseline
238.0,LINK_249048,5161705573,2,0,GGr,r,False,False,0,,37.0,275.0,False,False,scenario_baseline
238.0,NODE_5837,5161705573,2,0,GGr,r,False,False,0,,37.0,275.0,False,False,scenario_baseline
238.0,LINK_10218,11139418715,2,0,GGr,r,False,False,0,,37.0,275.0,False,False,scenario_baseline
238.0,LINK_140740,11139418715,2,0,GGr,r,False,False,0,,37.0,275.0,False,False,scenario_baseline
238.0,NODE_9634,10974501473,4,0,GGGGr,r,False,False,0,,39.0,277.0,False,False,scenario_baseline
238.0,LINK_194891,11203052965,11,0,GGGGGGGGGGGr,r,False,False,0,,37.0,275.0,False,False,scenario_baseline
238.0,NODE_10378,11139418715,2,0,GGr,r,False,False,0,,37.0,275.0,False,False,scenario_baseline
238.0,NODE_5681,11139418723,2,0,GGr,r,False,False,0,,37.0,275.0,False,False,scenario_baseline
238.0,NODE_10262,11203041635,4,0,GGGGr,r,False,False,0,,37.0,275.0,False,False,scenario_baseline
238.5,LINK_249048,5161705573,2,0,GGr,r,False,False,0,,36.5,275.0,False,False,scenario_baseline
238.5,NODE_5837,5161705573,2,0,GGr,r,False,False,0,,36.5,275.0,False,False,scenario_baseline
238.5,LINK_10218,11139418715,2,0,GGr,r,False,False,0,,36.5,275.0,False,False,scenario_baseline
238.5,LINK_140740,11139418715,2,0,GGr,r,False,False,0,,36.5,275.0,False,False,scenario_baseline
238.5,NODE_9634,10974501473,4,0,GGGGr,r,False,False,0,,38.5,277.0,False,False,scenario_baseline
238.5,LINK_194891,11203052965,11,0,GGGGGGGGGGGr,r,False,False,0,,36.5,275.0,False,False,scenario_baseline
238.5,NODE_10378,11139418715,2,0,GGr,r,False,False,0,,36.5,275.0,False,False,scenario_baseline
238.5,NODE_5681,11139418723,2,0,GGr,r,False,False,0,,36.5,275.0,False,False,scenario_baseline
238.5,NODE_10262,11203041635,4,0,GGGGr,r,False,False,0,,36.5,275.0,False,False,scenario_baseline
239.0,LINK_249048,5161705573,2,0,GGr,r,False,False,0,,36.0,275.0,False,False,scenario_baseline
239.0,NODE_5837,5161705573,2,0,GGr,r,False,False,0,,36.0,275.0,False,False,scenario_baseline
239.0,LINK_10218,11139418715,2,0,GGr,r,False,False,0,,36.0,275.0,False,False,scenario_baseline
239.0,LINK_140740,11139418715,2,0,GGr,r,False,False,0,,36.0,275.0,False,False,scenario_baseline
239.0,NODE_9634,10974501473,4,0,GGGGr,r,False,False,0,,38.0,277.0,False,False,scenario_baseline
239.0,LINK_194891,11203052965,11,0,GGGGGGGGGGGr,r,False,False,0,,36.0,275.0,False,False,scenario_baseline
239.0,NODE_10378,11139418715,2,0,GGr,r,False,False,0,,36.0,275.0,False,False,scenario_baseline
239.0,NODE_5681,11139418723,2,0,GGr,r,False,False,0,,36.0,275.0,False,False,scenario_baseline
239.0,NODE_10262,11203041635,4,0,GGGGr,r,False,False,0,,36.0,275.0,False,False,scenario_baseline
239.5,LINK_249048,5161705573,2,0,GGr,r,False,False,0,,35.5,275.0,False,False,scenario_baseline
239.5,NODE_5837,5161705573,2,0,GGr,r,False,False,0,,35.5,275.0,False,False,scenario_baseline
239.5,LINK_10218,11139418715,2,0,GGr,r,False,False,0,,35.5,275.0,False,False,scenario_baseline
239.5,LINK_140740,11139418715,2,0,GGr,r,False,False,0,,35.5,275.0,False,False,scenario_baseline
239.5,NODE_9634,10974501473,4,0,GGGGr,r,False,False,0,,37.5,277.0,False,False,scenario_baseline
239.5,LINK_194891,11203052965,11,0,GGGGGGGGGGGr,r,False,False,0,,35.5,275.0,False,False,scenario_baseline
239.5,NODE_10378,11139418715,2,0,GGr,r,False,False,0,,35.5,275.0,False,False,scenario_baseline
239.5,NODE_5681,11139418723,2,0,GGr,r,False,False,0,,35.5,275.0,False,False,scenario_baseline
239.5,NODE_10262,11203041635,4,0,GGGGr,r,False,False,0,,35.5,275.0,False,False,scenario_baseline
240.0,LINK_249048,5161705573,2,0,GGr,r,False,False,0,,35.0,275.0,False,False,scenario_baseline
240.0,NODE_5837,5161705573,2,0,GGr,r,False,False,0,,35.0,275.0,False,False,scenario_baseline
240.0,LINK_10218,11139418715,2,0,GGr,r,False,False,0,,35.0,275.0,False,False,scenario_baseline
240.0,LINK_140740,11139418715,2,0,GGr,r,False,False,0,,35.0,275.0,False,False,scenario_baseline
240.0,NODE_9634,10974501473,4,0,GGGGr,r,False,False,0,,37.0,277.0,False,False,scenario_baseline
240.0,LINK_194891,11203052965,11,0,GGGGGGGGGGGr,r,False,False,0,,35.0,275.0,False,False,scenario_baseline
240.0,NODE_10378,11139418715,2,0,GGr,r,False,False,0,,35.0,275.0,False,False,scenario_baseline
240.0,NODE_5681,11139418723,2,0,GGr,r,False,False,0,,35.0,275.0,False,False,scenario_baseline
240.0,NODE_10262,11203041635,4,0,GGGGr,r,False,False,0,,35.0,275.0,False,False,scenario_baseline
240.5,LINK_249048,5161705573,2,0,GGr,r,False,False,0,,34.5,275.0,False,False,scenario_baseline
240.5,NODE_5837,5161705573,2,0,GGr,r,False,False,0,,34.5,275.0,False,False,scenario_baseline
240.5,LINK_10218,11139418715,2,0,GGr,r,False,False,0,,34.5,275.0,False,False,scenario_baseline
240.5,LINK_140740,11139418715,2,0,GGr,r,False,False,0,,34.5,275.0,False,False,scenario_baseline
240.5,NODE_9634,10974501473,4,0,GGGGr,r,False,False,0,,36.5,277.0,False,False,scenario_baseline
240.5,LINK_194891,11203052965,11,0,GGGGGGGGGGGr,r,False,False,0,,34.5,275.0,False,False,scenario_baseline
240.5,NODE_10378,11139418715,2,0,GGr,r,False,False,0,,34.5,275.0,False,False,scenario_baseline
240.5,NODE_5681,11139418723,2,0,GGr,r,False,False,0,,34.5,275.0,False,False,scenario_baseline
240.5,NODE_10262,11203041635,4,0,GGGGr,r,False,False,0,,34.5,275.0,False,False,scenario_baseline
241.0,LINK_249048,5161705573,2,0,GGr,r,False,False,0,,34.0,275.0,False,False,scenario_baseline
241.0,NODE_5837,5161705573,2,0,GGr,r,False,False,0,,34.0,275.0,False,False,scenario_baseline
241.0,LINK_10218,11139418715,2,0,GGr,r,False,False,0,,34.0,275.0,False,False,scenario_baseline
241.0,LINK_140740,11139418715,2,0,GGr,r,False,False,0,,34.0,275.0,False,False,scenario_baseline
241.0,NODE_9634,10974501473,4,0,GGGGr,r,False,False,0,,36.0,277.0,False,False,scenario_baseline
241.0,LINK_194891,11203052965,11,0,GGGGGGGGGGGr,r,False,False,0,,34.0,275.0,False,False,scenario_baseline
241.0,NODE_10378,11139418715,2,0,GGr,r,False,False,0,,34.0,275.0,False,False,scenario_baseline
241.0,NODE_5681,11139418723,2,0,GGr,r,False,False,0,,34.0,275.0,False,False,scenario_baseline
241.0,NODE_10262,11203041635,4,0,GGGGr,r,False,False,0,,34.0,275.0,False,False,scenario_baseline
241.5,LINK_249048,5161705573,2,0,GGr,r,False,False,0,,33.5,275.0,False,False,scenario_baseline
241.5,NODE_5837,5161705573,2,0,GGr,r,False,False,0,,33.5,275.0,False,False,scenario_baseline
241.5,LINK_10218,11139418715,2,0,GGr,r,False,False,0,,33.5,275.0,False,False,scenario_baseline
241.5,LINK_140740,11139418715,2,0,GGr,r,False,False,0,,33.5,275.0,False,False,scenario_baseline
241.5,NODE_9634,10974501473,4,0,GGGGr,r,False,False,0,,35.5,277.0,False,False,scenario_baseline
241.5,LINK_194891,11203052965,11,0,GGGGGGGGGGGr,r,False,False,0,,33.5,275.0,False,False,scenario_baseline
241.5,NODE_10378,11139418715,2,0,GGr,r,False,False,0,,33.5,275.0,False,False,scenario_baseline
241.5,NODE_5681,11139418723,2,0,GGr,r,False,False,0,,33.5,275.0,False,False,scenario_baseline
241.5,NODE_10262,11203041635,4,0,GGGGr,r,False,False,0,,33.5,275.0,False,False,scenario_baseline
242.0,LINK_249048,5161705573,2,0,GGr,r,False,False,0,,33.0,275.0,False,False,scenario_baseline
242.0,NODE_5837,5161705573,2,0,GGr,r,False,False,0,,33.0,275.0,False,False,scenario_baseline
242.0,LINK_10218,11139418715,2,0,GGr,r,False,False,0,,33.0,275.0,False,False,scenario_baseline
242.0,LINK_140740,11139418715,2,0,GGr,r,False,False,0,,33.0,275.0,False,False,scenario_baseline
242.0,NODE_9634,10974501473,4,0,GGGGr,r,False,False,0,,35.0,277.0,False,False,scenario_baseline
242.0,LINK_194891,11203052965,11,0,GGGGGGGGGGGr,r,False,False,0,,33.0,275.0,False,False,scenario_baseline
242.0,NODE_10378,11139418715,2,0,GGr,r,False,False,0,,33.0,275.0,False,False,scenario_baseline
242.0,NODE_5681,11139418723,2,0,GGr,r,False,False,0,,33.0,275.0,False,False,scenario_baseline
242.0,NODE_10262,11203041635,4,0,GGGGr,r,False,False,0,,33.0,275.0,False,False,scenario_baseline
242.5,LINK_249048,5161705573,2,0,GGr,r,False,False,0,,32.5,275.0,False,False,scenario_baseline
242.5,NODE_5837,5161705573,2,0,GGr,r,False,False,0,,32.5,275.0,False,False,scenario_baseline
242.5,LINK_10218,11139418715,2,0,GGr,r,False,False,0,,32.5,275.0,False,False,scenario_baseline
242.5,LINK_140740,11139418715,2,0,GGr,r,False,False,0,,32.5,275.0,False,False,scenario_baseline
242.5,NODE_9634,10974501473,4,0,GGGGr,r,False,False,0,,34.5,277.0,False,False,scenario_baseline
242.5,LINK_194891,11203052965,11,0,GGGGGGGGGGGr,r,False,False,0,,32.5,275.0,False,False,scenario_baseline
242.5,NODE_10378,11139418715,2,0,GGr,r,False,False,0,,32.5,275.0,False,False,scenario_baseline
242.5,NODE_5681,11139418723,2,0,GGr,r,False,False,0,,32.5,275.0,False,False,scenario_baseline
242.5,NODE_10262,11203041635,4,0,GGGGr,r,False,False,0,,32.5,275.0,False,False,scenario_baseline
243.0,LINK_249048,5161705573,2,0,GGr,r,False,False,0,,32.0,275.0,False,False,scenario_baseline
243.0,NODE_5837,5161705573,2,0,GGr,r,False,False,0,,32.0,275.0,False,False,scenario_baseline
243.0,LINK_10218,11139418715,2,0,GGr,r,False,False,0,,32.0,275.0,False,False,scenario_baseline
243.0,LINK_140740,11139418715,2,0,GGr,r,False,False,0,,32.0,275.0,False,False,scenario_baseline
243.0,NODE_9634,10974501473,4,0,GGGGr,r,False,False,0,,34.0,277.0,False,False,scenario_baseline
243.0,LINK_194891,11203052965,11,0,GGGGGGGGGGGr,r,False,False,0,,32.0,275.0,False,False,scenario_baseline
243.0,NODE_10378,11139418715,2,0,GGr,r,False,False,0,,32.0,275.0,False,False,scenario_baseline
243.0,NODE_5681,11139418723,2,0,GGr,r,False,False,0,,32.0,275.0,False,False,scenario_baseline
243.0,NODE_10262,11203041635,4,0,GGGGr,r,False,False,0,,32.0,275.0,False,False,scenario_baseline
243.5,LINK_249048,5161705573,2,0,GGr,r,False,False,0,,31.5,275.0,False,False,scenario_baseline
243.5,NODE_5837,5161705573,2,0,GGr,r,False,False,0,,31.5,275.0,False,False,scenario_baseline
243.5,LINK_10218,11139418715,2,0,GGr,r,False,False,0,,31.5,275.0,False,False,scenario_baseline
243.5,LINK_140740,11139418715,2,0,GGr,r,False,False,0,,31.5,275.0,False,False,scenario_baseline
243.5,NODE_9634,10974501473,4,0,GGGGr,r,False,False,0,,33.5,277.0,False,False,scenario_baseline
243.5,LINK_194891,11203052965,11,0,GGGGGGGGGGGr,r,False,False,0,,31.5,275.0,False,False,scenario_baseline
243.5,NODE_10378,11139418715,2,0,GGr,r,False,False,0,,31.5,275.0,False,False,scenario_baseline
243.5,NODE_5681,11139418723,2,0,GGr,r,False,False,0,,31.5,275.0,False,False,scenario_baseline
243.5,NODE_10262,11203041635,4,0,GGGGr,r,False,False,0,,31.5,275.0,False,False,scenario_baseline
244.0,LINK_249048,5161705573,2,0,GGr,r,False,False,0,,31.0,275.0,False,False,scenario_baseline
244.0,NODE_5837,5161705573,2,0,GGr,r,False,False,0,,31.0,275.0,False,False,scenario_baseline
244.0,LINK_10218,11139418715,2,0,GGr,r,False,False,0,,31.0,275.0,False,False,scenario_baseline
244.0,LINK_140740,11139418715,2,0,GGr,r,False,False,0,,31.0,275.0,False,False,scenario_baseline
244.0,NODE_9634,10974501473,4,0,GGGGr,r,False,False,0,,33.0,277.0,False,False,scenario_baseline
244.0,LINK_194891,11203052965,11,0,GGGGGGGGGGGr,r,False,False,0,,31.0,275.0,False,False,scenario_baseline
244.0,NODE_10378,11139418715,2,0,GGr,r,False,False,0,,31.0,275.0,False,False,scenario_baseline
244.0,NODE_5681,11139418723,2,0,GGr,r,False,False,0,,31.0,275.0,False,False,scenario_baseline
244.0,NODE_10262,11203041635,4,0,GGGGr,r,False,False,0,,31.0,275.0,False,False,scenario_baseline
244.5,LINK_249048,5161705573,2,0,GGr,r,False,False,0,,30.5,275.0,False,False,scenario_baseline
244.5,NODE_5837,5161705573,2,0,GGr,r,False,False,0,,30.5,275.0,False,False,scenario_baseline
244.5,LINK_10218,11139418715,2,0,GGr,r,False,False,0,,30.5,275.0,False,False,scenario_baseline
244.5,LINK_140740,11139418715,2,0,GGr,r,False,False,0,,30.5,275.0,False,False,scenario_baseline
244.5,NODE_9634,10974501473,4,0,GGGGr,r,False,False,0,,32.5,277.0,False,False,scenario_baseline
244.5,LINK_194891,11203052965,11,0,GGGGGGGGGGGr,r,False,False,0,,30.5,275.0,False,False,scenario_baseline
244.5,NODE_10378,11139418715,2,0,GGr,r,False,False,0,,30.5,275.0,False,False,scenario_baseline
244.5,NODE_5681,11139418723,2,0,GGr,r,False,False,0,,30.5,275.0,False,False,scenario_baseline
244.5,NODE_10262,11203041635,4,0,GGGGr,r,False,False,0,,30.5,275.0,False,False,scenario_baseline
245.0,LINK_249048,5161705573,2,0,GGr,r,False,False,0,,30.0,275.0,False,False,scenario_baseline
245.0,NODE_5837,5161705573,2,0,GGr,r,False,False,0,,30.0,275.0,False,False,scenario_baseline
245.0,LINK_10218,11139418715,2,0,GGr,r,False,False,0,,30.0,275.0,False,False,scenario_baseline
245.0,LINK_140740,11139418715,2,0,GGr,r,False,False,0,,30.0,275.0,False,False,scenario_baseline
245.0,NODE_9634,10974501473,4,0,GGGGr,r,False,False,0,,32.0,277.0,False,False,scenario_baseline
245.0,LINK_194891,11203052965,11,0,GGGGGGGGGGGr,r,False,False,0,,30.0,275.0,False,False,scenario_baseline
245.0,NODE_10378,11139418715,2,0,GGr,r,False,False,0,,30.0,275.0,False,False,scenario_baseline
245.0,NODE_5681,11139418723,2,0,GGr,r,False,False,0,,30.0,275.0,False,False,scenario_baseline
245.0,NODE_10262,11203041635,4,0,GGGGr,r,False,False,0,,30.0,275.0,False,False,scenario_baseline
245.5,LINK_249048,5161705573,2,0,GGr,r,False,False,0,,29.5,275.0,False,False,scenario_baseline
245.5,NODE_5837,5161705573,2,0,GGr,r,False,False,0,,29.5,275.0,False,False,scenario_baseline
245.5,LINK_10218,11139418715,2,0,GGr,r,False,False,0,,29.5,275.0,False,False,scenario_baseline
245.5,LINK_140740,11139418715,2,0,GGr,r,False,False,0,,29.5,275.0,False,False,scenario_baseline
245.5,NODE_9634,10974501473,4,0,GGGGr,r,False,False,0,,31.5,277.0,False,False,scenario_baseline
245.5,LINK_194891,11203052965,11,0,GGGGGGGGGGGr,r,False,False,0,,29.5,275.0,False,False,scenario_baseline
245.5,NODE_10378,11139418715,2,0,GGr,r,False,False,0,,29.5,275.0,False,False,scenario_baseline
245.5,NODE_5681,11139418723,2,0,GGr,r,False,False,0,,29.5,275.0,False,False,scenario_baseline
245.5,NODE_10262,11203041635,4,0,GGGGr,r,False,False,0,,29.5,275.0,False,False,scenario_baseline
246.0,LINK_249048,5161705573,2,0,GGr,r,False,False,0,,29.0,275.0,False,False,scenario_baseline
246.0,NODE_5837,5161705573,2,0,GGr,r,False,False,0,,29.0,275.0,False,False,scenario_baseline
246.0,LINK_10218,11139418715,2,0,GGr,r,False,False,0,,29.0,275.0,False,False,scenario_baseline
246.0,LINK_140740,11139418715,2,0,GGr,r,False,False,0,,29.0,275.0,False,False,scenario_baseline
246.0,NODE_9634,10974501473,4,0,GGGGr,r,False,False,0,,31.0,277.0,False,False,scenario_baseline
246.0,LINK_194891,11203052965,11,0,GGGGGGGGGGGr,r,False,False,0,,29.0,275.0,False,False,scenario_baseline
246.0,NODE_10378,11139418715,2,0,GGr,r,False,False,0,,29.0,275.0,False,False,scenario_baseline
246.0,NODE_5681,11139418723,2,0,GGr,r,False,False,0,,29.0,275.0,False,False,scenario_baseline
246.0,NODE_10262,11203041635,4,0,GGGGr,r,False,False,0,,29.0,275.0,False,False,scenario_baseline
246.5,LINK_249048,5161705573,2,0,GGr,r,False,False,0,,28.5,275.0,False,False,scenario_baseline
246.5,NODE_5837,5161705573,2,0,GGr,r,False,False,0,,28.5,275.0,False,False,scenario_baseline
246.5,LINK_10218,11139418715,2,0,GGr,r,False,False,0,,28.5,275.0,False,False,scenario_baseline
246.5,LINK_140740,11139418715,2,0,GGr,r,False,False,0,,28.5,275.0,False,False,scenario_baseline
246.5,NODE_9634,10974501473,4,0,GGGGr,r,False,False,0,,30.5,277.0,False,False,scenario_baseline
246.5,LINK_194891,11203052965,11,0,GGGGGGGGGGGr,r,False,False,0,,28.5,275.0,False,False,scenario_baseline
246.5,NODE_10378,11139418715,2,0,GGr,r,False,False,0,,28.5,275.0,False,False,scenario_baseline
246.5,NODE_5681,11139418723,2,0,GGr,r,False,False,0,,28.5,275.0,False,False,scenario_baseline
246.5,NODE_10262,11203041635,4,0,GGGGr,r,False,False,0,,28.5,275.0,False,False,scenario_baseline
247.0,LINK_249048,5161705573,2,0,GGr,r,False,False,0,,28.0,275.0,False,False,scenario_baseline
247.0,NODE_5837,5161705573,2,0,GGr,r,False,False,0,,28.0,275.0,False,False,scenario_baseline
247.0,LINK_10218,11139418715,2,0,GGr,r,False,False,0,,28.0,275.0,False,False,scenario_baseline
247.0,LINK_140740,11139418715,2,0,GGr,r,False,False,0,,28.0,275.0,False,False,scenario_baseline
247.0,NODE_9634,10974501473,4,0,GGGGr,r,False,False,0,,30.0,277.0,False,False,scenario_baseline
247.0,LINK_194891,11203052965,11,0,GGGGGGGGGGGr,r,False,False,0,,28.0,275.0,False,False,scenario_baseline
247.0,NODE_10378,11139418715,2,0,GGr,r,False,False,0,,28.0,275.0,False,False,scenario_baseline
247.0,NODE_5681,11139418723,2,0,GGr,r,False,False,0,,28.0,275.0,False,False,scenario_baseline
247.0,NODE_10262,11203041635,4,0,GGGGr,r,False,False,0,,28.0,275.0,False,False,scenario_baseline
247.5,LINK_249048,5161705573,2,0,GGr,r,False,False,0,,27.5,275.0,False,False,scenario_baseline
247.5,NODE_5837,5161705573,2,0,GGr,r,False,False,0,,27.5,275.0,False,False,scenario_baseline
247.5,LINK_10218,11139418715,2,0,GGr,r,False,False,0,,27.5,275.0,False,False,scenario_baseline
247.5,LINK_140740,11139418715,2,0,GGr,r,False,False,0,,27.5,275.0,False,False,scenario_baseline
247.5,NODE_9634,10974501473,4,0,GGGGr,r,False,False,0,,29.5,277.0,False,False,scenario_baseline
247.5,LINK_194891,11203052965,11,0,GGGGGGGGGGGr,r,False,False,0,,27.5,275.0,False,False,scenario_baseline
247.5,NODE_10378,11139418715,2,0,GGr,r,False,False,0,,27.5,275.0,False,False,scenario_baseline
247.5,NODE_5681,11139418723,2,0,GGr,r,False,False,0,,27.5,275.0,False,False,scenario_baseline
247.5,NODE_10262,11203041635,4,0,GGGGr,r,False,False,0,,27.5,275.0,False,False,scenario_baseline
248.0,LINK_249048,5161705573,2,0,GGr,r,False,False,0,,27.0,275.0,False,False,scenario_baseline
248.0,NODE_5837,5161705573,2,0,GGr,r,False,False,0,,27.0,275.0,False,False,scenario_baseline
248.0,LINK_10218,11139418715,2,0,GGr,r,False,False,0,,27.0,275.0,False,False,scenario_baseline
248.0,LINK_140740,11139418715,2,0,GGr,r,False,False,0,,27.0,275.0,False,False,scenario_baseline
248.0,NODE_9634,10974501473,4,0,GGGGr,r,False,False,0,,29.0,277.0,False,False,scenario_baseline
248.0,LINK_194891,11203052965,11,0,GGGGGGGGGGGr,r,False,False,0,,27.0,275.0,False,False,scenario_baseline
248.0,NODE_10378,11139418715,2,0,GGr,r,False,False,0,,27.0,275.0,False,False,scenario_baseline
248.0,NODE_5681,11139418723,2,0,GGr,r,False,False,0,,27.0,275.0,False,False,scenario_baseline
248.0,NODE_10262,11203041635,4,0,GGGGr,r,False,False,0,,27.0,275.0,False,False,scenario_baseline
248.5,LINK_249048,5161705573,2,0,GGr,r,False,False,0,,26.5,275.0,False,False,scenario_baseline
248.5,NODE_5837,5161705573,2,0,GGr,r,False,False,0,,26.5,275.0,False,False,scenario_baseline
248.5,LINK_10218,11139418715,2,0,GGr,r,False,False,0,,26.5,275.0,False,False,scenario_baseline
248.5,LINK_140740,11139418715,2,0,GGr,r,False,False,0,,26.5,275.0,False,False,scenario_baseline
248.5,NODE_9634,10974501473,4,0,GGGGr,r,False,False,0,,28.5,277.0,False,False,scenario_baseline
248.5,LINK_194891,11203052965,11,0,GGGGGGGGGGGr,r,False,False,0,,26.5,275.0,False,False,scenario_baseline
248.5,NODE_10378,11139418715,2,0,GGr,r,False,False,0,,26.5,275.0,False,False,scenario_baseline
248.5,NODE_5681,11139418723,2,0,GGr,r,False,False,0,,26.5,275.0,False,False,scenario_baseline
248.5,NODE_10262,11203041635,4,0,GGGGr,r,False,False,0,,26.5,275.0,False,False,scenario_baseline
249.0,LINK_249048,5161705573,2,0,GGr,r,False,False,0,,26.0,275.0,False,False,scenario_baseline
249.0,NODE_5837,5161705573,2,0,GGr,r,False,False,0,,26.0,275.0,False,False,scenario_baseline
249.0,LINK_10218,11139418715,2,0,GGr,r,False,False,0,,26.0,275.0,False,False,scenario_baseline
249.0,LINK_140740,11139418715,2,0,GGr,r,False,False,0,,26.0,275.0,False,False,scenario_baseline
249.0,NODE_9634,10974501473,4,0,GGGGr,r,False,False,0,,28.0,277.0,False,False,scenario_baseline
249.0,LINK_194891,11203052965,11,0,GGGGGGGGGGGr,r,False,False,0,,26.0,275.0,False,False,scenario_baseline
249.0,NODE_10378,11139418715,2,0,GGr,r,False,False,0,,26.0,275.0,False,False,scenario_baseline
249.0,NODE_5681,11139418723,2,0,GGr,r,False,False,0,,26.0,275.0,False,False,scenario_baseline
249.0,NODE_10262,11203041635,4,0,GGGGr,r,False,False,0,,26.0,275.0,False,False,scenario_baseline
249.5,LINK_249048,5161705573,2,0,GGr,r,False,False,0,,25.5,275.0,False,False,scenario_baseline
249.5,NODE_5837,5161705573,2,0,GGr,r,False,False,0,,25.5,275.0,False,False,scenario_baseline
249.5,LINK_10218,11139418715,2,0,GGr,r,False,False,0,,25.5,275.0,False,False,scenario_baseline
249.5,LINK_140740,11139418715,2,0,GGr,r,False,False,0,,25.5,275.0,False,False,scenario_baseline
249.5,NODE_9634,10974501473,4,0,GGGGr,r,False,False,0,,27.5,277.0,False,False,scenario_baseline
249.5,LINK_194891,11203052965,11,0,GGGGGGGGGGGr,r,False,False,0,,25.5,275.0,False,False,scenario_baseline
249.5,NODE_10378,11139418715,2,0,GGr,r,False,False,0,,25.5,275.0,False,False,scenario_baseline
249.5,NODE_5681,11139418723,2,0,GGr,r,False,False,0,,25.5,275.0,False,False,scenario_baseline
249.5,NODE_10262,11203041635,4,0,GGGGr,r,False,False,0,,25.5,275.0,False,False,scenario_baseline
250.0,LINK_249048,5161705573,2,0,GGr,r,False,False,0,,25.0,275.0,False,False,scenario_baseline
250.0,NODE_5837,5161705573,2,0,GGr,r,False,False,0,,25.0,275.0,False,False,scenario_baseline
250.0,LINK_10218,11139418715,2,0,GGr,r,False,False,0,,25.0,275.0,False,False,scenario_baseline
250.0,LINK_140740,11139418715,2,0,GGr,r,False,False,0,,25.0,275.0,False,False,scenario_baseline
250.0,NODE_9634,10974501473,4,0,GGGGr,r,False,False,0,,27.0,277.0,False,False,scenario_baseline
250.0,LINK_194891,11203052965,11,0,GGGGGGGGGGGr,r,False,False,0,,25.0,275.0,False,False,scenario_baseline
250.0,NODE_10378,11139418715,2,0,GGr,r,False,False,0,,25.0,275.0,False,False,scenario_baseline
250.0,NODE_5681,11139418723,2,0,GGr,r,False,False,0,,25.0,275.0,False,False,scenario_baseline
250.0,NODE_10262,11203041635,4,0,GGGGr,r,False,False,0,,25.0,275.0,False,False,scenario_baseline
250.5,LINK_249048,5161705573,2,0,GGr,r,False,False,0,,24.5,275.0,False,False,scenario_baseline
250.5,NODE_5837,5161705573,2,0,GGr,r,False,False,0,,24.5,275.0,False,False,scenario_baseline
250.5,LINK_10218,11139418715,2,0,GGr,r,False,False,0,,24.5,275.0,False,False,scenario_baseline
250.5,LINK_140740,11139418715,2,0,GGr,r,False,False,0,,24.5,275.0,False,False,scenario_baseline
250.5,NODE_9634,10974501473,4,0,GGGGr,r,False,False,0,,26.5,277.0,False,False,scenario_baseline
250.5,LINK_194891,11203052965,11,0,GGGGGGGGGGGr,r,False,False,0,,24.5,275.0,False,False,scenario_baseline
250.5,NODE_10378,11139418715,2,0,GGr,r,False,False,0,,24.5,275.0,False,False,scenario_baseline
250.5,NODE_5681,11139418723,2,0,GGr,r,False,False,0,,24.5,275.0,False,False,scenario_baseline
250.5,NODE_10262,11203041635,4,0,GGGGr,r,False,False,0,,24.5,275.0,False,False,scenario_baseline
251.0,LINK_249048,5161705573,2,0,GGr,r,False,False,0,,24.0,275.0,False,False,scenario_baseline
251.0,NODE_5837,5161705573,2,0,GGr,r,False,False,0,,24.0,275.0,False,False,scenario_baseline
251.0,LINK_10218,11139418715,2,0,GGr,r,False,False,0,,24.0,275.0,False,False,scenario_baseline
251.0,LINK_140740,11139418715,2,0,GGr,r,False,False,0,,24.0,275.0,False,False,scenario_baseline
251.0,NODE_9634,10974501473,4,0,GGGGr,r,False,False,0,,26.0,277.0,False,False,scenario_baseline
251.0,LINK_194891,11203052965,11,0,GGGGGGGGGGGr,r,False,False,0,,24.0,275.0,False,False,scenario_baseline
251.0,NODE_10378,11139418715,2,0,GGr,r,False,False,0,,24.0,275.0,False,False,scenario_baseline
251.0,NODE_5681,11139418723,2,0,GGr,r,False,False,0,,24.0,275.0,False,False,scenario_baseline
251.0,NODE_10262,11203041635,4,0,GGGGr,r,False,False,0,,24.0,275.0,False,False,scenario_baseline
251.5,LINK_249048,5161705573,2,0,GGr,r,False,False,0,,23.5,275.0,False,False,scenario_baseline
251.5,NODE_5837,5161705573,2,0,GGr,r,False,False,0,,23.5,275.0,False,False,scenario_baseline
251.5,LINK_10218,11139418715,2,0,GGr,r,False,False,0,,23.5,275.0,False,False,scenario_baseline
251.5,LINK_140740,11139418715,2,0,GGr,r,False,False,0,,23.5,275.0,False,False,scenario_baseline
251.5,NODE_9634,10974501473,4,0,GGGGr,r,False,False,0,,25.5,277.0,False,False,scenario_baseline
251.5,LINK_194891,11203052965,11,0,GGGGGGGGGGGr,r,False,False,0,,23.5,275.0,False,False,scenario_baseline
251.5,NODE_10378,11139418715,2,0,GGr,r,False,False,0,,23.5,275.0,False,False,scenario_baseline
251.5,NODE_5681,11139418723,2,0,GGr,r,False,False,0,,23.5,275.0,False,False,scenario_baseline
251.5,NODE_10262,11203041635,4,0,GGGGr,r,False,False,0,,23.5,275.0,False,False,scenario_baseline
252.0,LINK_249048,5161705573,2,0,GGr,r,False,False,0,,23.0,275.0,False,False,scenario_baseline
252.0,NODE_5837,5161705573,2,0,GGr,r,False,False,0,,23.0,275.0,False,False,scenario_baseline
252.0,LINK_10218,11139418715,2,0,GGr,r,False,False,0,,23.0,275.0,False,False,scenario_baseline
252.0,LINK_140740,11139418715,2,0,GGr,r,False,False,0,,23.0,275.0,False,False,scenario_baseline
252.0,NODE_9634,10974501473,4,0,GGGGr,r,False,False,0,,25.0,277.0,False,False,scenario_baseline
252.0,LINK_194891,11203052965,11,0,GGGGGGGGGGGr,r,False,False,0,,23.0,275.0,False,False,scenario_baseline
252.0,NODE_10378,11139418715,2,0,GGr,r,False,False,0,,23.0,275.0,False,False,scenario_baseline
252.0,NODE_5681,11139418723,2,0,GGr,r,False,False,0,,23.0,275.0,False,False,scenario_baseline
252.0,NODE_10262,11203041635,4,0,GGGGr,r,False,False,0,,23.0,275.0,False,False,scenario_baseline
252.5,LINK_249048,5161705573,2,0,GGr,r,False,False,0,,22.5,275.0,False,False,scenario_baseline
252.5,NODE_5837,5161705573,2,0,GGr,r,False,False,0,,22.5,275.0,False,False,scenario_baseline
252.5,LINK_10218,11139418715,2,0,GGr,r,False,False,0,,22.5,275.0,False,False,scenario_baseline
252.5,LINK_140740,11139418715,2,0,GGr,r,False,False,0,,22.5,275.0,False,False,scenario_baseline
252.5,NODE_9634,10974501473,4,0,GGGGr,r,False,False,0,,24.5,277.0,False,False,scenario_baseline
252.5,LINK_194891,11203052965,11,0,GGGGGGGGGGGr,r,False,False,0,,22.5,275.0,False,False,scenario_baseline
252.5,NODE_10378,11139418715,2,0,GGr,r,False,False,0,,22.5,275.0,False,False,scenario_baseline
252.5,NODE_5681,11139418723,2,0,GGr,r,False,False,0,,22.5,275.0,False,False,scenario_baseline
252.5,NODE_10262,11203041635,4,0,GGGGr,r,False,False,0,,22.5,275.0,False,False,scenario_baseline
253.0,LINK_249048,5161705573,2,0,GGr,r,False,False,0,,22.0,275.0,False,False,scenario_baseline
253.0,NODE_5837,5161705573,2,0,GGr,r,False,False,0,,22.0,275.0,False,False,scenario_baseline
253.0,LINK_10218,11139418715,2,0,GGr,r,False,False,0,,22.0,275.0,False,False,scenario_baseline
253.0,LINK_140740,11139418715,2,0,GGr,r,False,False,0,,22.0,275.0,False,False,scenario_baseline
253.0,NODE_9634,10974501473,4,0,GGGGr,r,False,False,0,,24.0,277.0,False,False,scenario_baseline
253.0,LINK_194891,11203052965,11,0,GGGGGGGGGGGr,r,False,False,0,,22.0,275.0,False,False,scenario_baseline
253.0,NODE_10378,11139418715,2,0,GGr,r,False,False,0,,22.0,275.0,False,False,scenario_baseline
253.0,NODE_5681,11139418723,2,0,GGr,r,False,False,0,,22.0,275.0,False,False,scenario_baseline
253.0,NODE_10262,11203041635,4,0,GGGGr,r,False,False,0,,22.0,275.0,False,False,scenario_baseline
253.5,LINK_249048,5161705573,2,0,GGr,r,False,False,0,,21.5,275.0,False,False,scenario_baseline
253.5,NODE_5837,5161705573,2,0,GGr,r,False,False,0,,21.5,275.0,False,False,scenario_baseline
253.5,LINK_10218,11139418715,2,0,GGr,r,False,False,0,,21.5,275.0,False,False,scenario_baseline
253.5,LINK_140740,11139418715,2,0,GGr,r,False,False,0,,21.5,275.0,False,False,scenario_baseline
253.5,NODE_9634,10974501473,4,0,GGGGr,r,False,False,0,,23.5,277.0,False,False,scenario_baseline
253.5,LINK_194891,11203052965,11,0,GGGGGGGGGGGr,r,False,False,0,,21.5,275.0,False,False,scenario_baseline
253.5,NODE_10378,11139418715,2,0,GGr,r,False,False,0,,21.5,275.0,False,False,scenario_baseline
253.5,NODE_5681,11139418723,2,0,GGr,r,False,False,0,,21.5,275.0,False,False,scenario_baseline
253.5,NODE_10262,11203041635,4,0,GGGGr,r,False,False,0,,21.5,275.0,False,False,scenario_baseline
254.0,LINK_249048,5161705573,2,0,GGr,r,False,False,0,,21.0,275.0,False,False,scenario_baseline
254.0,NODE_5837,5161705573,2,0,GGr,r,False,False,0,,21.0,275.0,False,False,scenario_baseline
254.0,LINK_10218,11139418715,2,0,GGr,r,False,False,0,,21.0,275.0,False,False,scenario_baseline
254.0,LINK_140740,11139418715,2,0,GGr,r,False,False,0,,21.0,275.0,False,False,scenario_baseline
254.0,NODE_9634,10974501473,4,0,GGGGr,r,False,False,0,,23.0,277.0,False,False,scenario_baseline
254.0,LINK_194891,11203052965,11,0,GGGGGGGGGGGr,r,False,False,0,,21.0,275.0,False,False,scenario_baseline
254.0,NODE_10378,11139418715,2,0,GGr,r,False,False,0,,21.0,275.0,False,False,scenario_baseline
254.0,NODE_5681,11139418723,2,0,GGr,r,False,False,0,,21.0,275.0,False,False,scenario_baseline
254.0,NODE_10262,11203041635,4,0,GGGGr,r,False,False,0,,21.0,275.0,False,False,scenario_baseline
254.5,LINK_249048,5161705573,2,0,GGr,r,False,False,0,,20.5,275.0,False,False,scenario_baseline
254.5,NODE_5837,5161705573,2,0,GGr,r,False,False,0,,20.5,275.0,False,False,scenario_baseline
254.5,LINK_10218,11139418715,2,0,GGr,r,False,False,0,,20.5,275.0,False,False,scenario_baseline
254.5,LINK_140740,11139418715,2,0,GGr,r,False,False,0,,20.5,275.0,False,False,scenario_baseline
254.5,NODE_9634,10974501473,4,0,GGGGr,r,False,False,0,,22.5,277.0,False,False,scenario_baseline
254.5,LINK_194891,11203052965,11,0,GGGGGGGGGGGr,r,False,False,0,,20.5,275.0,False,False,scenario_baseline
254.5,NODE_10378,11139418715,2,0,GGr,r,False,False,0,,20.5,275.0,False,False,scenario_baseline
254.5,NODE_5681,11139418723,2,0,GGr,r,False,False,0,,20.5,275.0,False,False,scenario_baseline
254.5,NODE_10262,11203041635,4,0,GGGGr,r,False,False,0,,20.5,275.0,False,False,scenario_baseline
255.0,LINK_249048,5161705573,2,0,GGr,r,False,False,0,,20.0,275.0,False,False,scenario_baseline
255.0,NODE_5837,5161705573,2,0,GGr,r,False,False,0,,20.0,275.0,False,False,scenario_baseline
255.0,LINK_10218,11139418715,2,0,GGr,r,False,False,0,,20.0,275.0,False,False,scenario_baseline
255.0,LINK_140740,11139418715,2,0,GGr,r,False,False,0,,20.0,275.0,False,False,scenario_baseline
255.0,NODE_9634,10974501473,4,0,GGGGr,r,False,False,0,,22.0,277.0,False,False,scenario_baseline
255.0,LINK_194891,11203052965,11,0,GGGGGGGGGGGr,r,False,False,0,,20.0,275.0,False,False,scenario_baseline
255.0,NODE_10378,11139418715,2,0,GGr,r,False,False,0,,20.0,275.0,False,False,scenario_baseline
255.0,NODE_5681,11139418723,2,0,GGr,r,False,False,0,,20.0,275.0,False,False,scenario_baseline
255.0,NODE_10262,11203041635,4,0,GGGGr,r,False,False,0,,20.0,275.0,False,False,scenario_baseline
255.5,LINK_249048,5161705573,2,0,GGr,r,False,False,0,,19.5,275.0,False,False,scenario_baseline
255.5,NODE_5837,5161705573,2,0,GGr,r,False,False,0,,19.5,275.0,False,False,scenario_baseline
255.5,LINK_10218,11139418715,2,0,GGr,r,False,False,0,,19.5,275.0,False,False,scenario_baseline
255.5,LINK_140740,11139418715,2,0,GGr,r,False,False,0,,19.5,275.0,False,False,scenario_baseline
255.5,NODE_9634,10974501473,4,0,GGGGr,r,False,False,0,,21.5,277.0,False,False,scenario_baseline
255.5,LINK_194891,11203052965,11,0,GGGGGGGGGGGr,r,False,False,0,,19.5,275.0,False,False,scenario_baseline
255.5,NODE_10378,11139418715,2,0,GGr,r,False,False,0,,19.5,275.0,False,False,scenario_baseline
255.5,NODE_5681,11139418723,2,0,GGr,r,False,False,0,,19.5,275.0,False,False,scenario_baseline
255.5,NODE_10262,11203041635,4,0,GGGGr,r,False,False,0,,19.5,275.0,False,False,scenario_baseline
256.0,LINK_249048,5161705573,2,0,GGr,r,False,False,0,,19.0,275.0,False,False,scenario_baseline
256.0,NODE_5837,5161705573,2,0,GGr,r,False,False,0,,19.0,275.0,False,False,scenario_baseline
256.0,LINK_10218,11139418715,2,0,GGr,r,False,False,0,,19.0,275.0,False,False,scenario_baseline
256.0,LINK_140740,11139418715,2,0,GGr,r,False,False,0,,19.0,275.0,False,False,scenario_baseline
256.0,NODE_9634,10974501473,4,0,GGGGr,r,False,False,0,,21.0,277.0,False,False,scenario_baseline
256.0,LINK_194891,11203052965,11,0,GGGGGGGGGGGr,r,False,False,0,,19.0,275.0,False,False,scenario_baseline
256.0,NODE_10378,11139418715,2,0,GGr,r,False,False,0,,19.0,275.0,False,False,scenario_baseline
256.0,NODE_5681,11139418723,2,0,GGr,r,False,False,0,,19.0,275.0,False,False,scenario_baseline
256.0,NODE_10262,11203041635,4,0,GGGGr,r,False,False,0,,19.0,275.0,False,False,scenario_baseline
256.5,LINK_249048,5161705573,2,0,GGr,r,False,False,0,,18.5,275.0,False,False,scenario_baseline
256.5,NODE_5837,5161705573,2,0,GGr,r,False,False,0,,18.5,275.0,False,False,scenario_baseline
256.5,LINK_10218,11139418715,2,0,GGr,r,False,False,0,,18.5,275.0,False,False,scenario_baseline
256.5,LINK_140740,11139418715,2,0,GGr,r,False,False,0,,18.5,275.0,False,False,scenario_baseline
256.5,NODE_9634,10974501473,4,0,GGGGr,r,False,False,0,,20.5,277.0,False,False,scenario_baseline
256.5,LINK_194891,11203052965,11,0,GGGGGGGGGGGr,r,False,False,0,,18.5,275.0,False,False,scenario_baseline
256.5,NODE_10378,11139418715,2,0,GGr,r,False,False,0,,18.5,275.0,False,False,scenario_baseline
256.5,NODE_5681,11139418723,2,0,GGr,r,False,False,0,,18.5,275.0,False,False,scenario_baseline
256.5,NODE_10262,11203041635,4,0,GGGGr,r,False,False,0,,18.5,275.0,False,False,scenario_baseline
257.0,LINK_249048,5161705573,2,0,GGr,r,False,False,0,,18.0,275.0,False,False,scenario_baseline
257.0,NODE_5837,5161705573,2,0,GGr,r,False,False,0,,18.0,275.0,False,False,scenario_baseline
257.0,LINK_10218,11139418715,2,0,GGr,r,False,False,0,,18.0,275.0,False,False,scenario_baseline
257.0,LINK_140740,11139418715,2,0,GGr,r,False,False,0,,18.0,275.0,False,False,scenario_baseline
257.0,NODE_9634,10974501473,4,0,GGGGr,r,False,False,0,,20.0,277.0,False,False,scenario_baseline
257.0,LINK_194891,11203052965,11,0,GGGGGGGGGGGr,r,False,False,0,,18.0,275.0,False,False,scenario_baseline
257.0,NODE_10378,11139418715,2,0,GGr,r,False,False,0,,18.0,275.0,False,False,scenario_baseline
257.0,NODE_5681,11139418723,2,0,GGr,r,False,False,0,,18.0,275.0,False,False,scenario_baseline
257.0,NODE_10262,11203041635,4,0,GGGGr,r,False,False,0,,18.0,275.0,False,False,scenario_baseline
257.5,LINK_249048,5161705573,2,0,GGr,r,False,False,0,,17.5,275.0,False,False,scenario_baseline
257.5,NODE_5837,5161705573,2,0,GGr,r,False,False,0,,17.5,275.0,False,False,scenario_baseline
257.5,LINK_10218,11139418715,2,0,GGr,r,False,False,0,,17.5,275.0,False,False,scenario_baseline
257.5,LINK_140740,11139418715,2,0,GGr,r,False,False,0,,17.5,275.0,False,False,scenario_baseline
257.5,NODE_9634,10974501473,4,0,GGGGr,r,False,False,0,,19.5,277.0,False,False,scenario_baseline
257.5,LINK_194891,11203052965,11,0,GGGGGGGGGGGr,r,False,False,0,,17.5,275.0,False,False,scenario_baseline
257.5,NODE_10378,11139418715,2,0,GGr,r,False,False,0,,17.5,275.0,False,False,scenario_baseline
257.5,NODE_5681,11139418723,2,0,GGr,r,False,False,0,,17.5,275.0,False,False,scenario_baseline
257.5,NODE_10262,11203041635,4,0,GGGGr,r,False,False,0,,17.5,275.0,False,False,scenario_baseline
258.0,LINK_249048,5161705573,2,0,GGr,r,False,False,0,,17.0,275.0,False,False,scenario_baseline
258.0,NODE_5837,5161705573,2,0,GGr,r,False,False,0,,17.0,275.0,False,False,scenario_baseline
258.0,LINK_10218,11139418715,2,0,GGr,r,False,False,0,,17.0,275.0,False,False,scenario_baseline
258.0,LINK_140740,11139418715,2,0,GGr,r,False,False,0,,17.0,275.0,False,False,scenario_baseline
258.0,NODE_9634,10974501473,4,0,GGGGr,r,False,False,0,,19.0,277.0,False,False,scenario_baseline
258.0,LINK_194891,11203052965,11,0,GGGGGGGGGGGr,r,False,False,0,,17.0,275.0,False,False,scenario_baseline
258.0,NODE_10378,11139418715,2,0,GGr,r,False,False,0,,17.0,275.0,False,False,scenario_baseline
258.0,NODE_5681,11139418723,2,0,GGr,r,False,False,0,,17.0,275.0,False,False,scenario_baseline
258.0,NODE_10262,11203041635,4,0,GGGGr,r,False,False,0,,17.0,275.0,False,False,scenario_baseline
258.5,LINK_249048,5161705573,2,0,GGr,r,False,False,0,,16.5,275.0,False,False,scenario_baseline
258.5,NODE_5837,5161705573,2,0,GGr,r,False,False,0,,16.5,275.0,False,False,scenario_baseline
258.5,LINK_10218,11139418715,2,0,GGr,r,False,False,0,,16.5,275.0,False,False,scenario_baseline
258.5,LINK_140740,11139418715,2,0,GGr,r,False,False,0,,16.5,275.0,False,False,scenario_baseline
258.5,NODE_9634,10974501473,4,0,GGGGr,r,False,False,0,,18.5,277.0,False,False,scenario_baseline
258.5,LINK_194891,11203052965,11,0,GGGGGGGGGGGr,r,False,False,0,,16.5,275.0,False,False,scenario_baseline
258.5,NODE_10378,11139418715,2,0,GGr,r,False,False,0,,16.5,275.0,False,False,scenario_baseline
258.5,NODE_5681,11139418723,2,0,GGr,r,False,False,0,,16.5,275.0,False,False,scenario_baseline
258.5,NODE_10262,11203041635,4,0,GGGGr,r,False,False,0,,16.5,275.0,False,False,scenario_baseline
259.0,LINK_249048,5161705573,2,0,GGr,r,False,False,0,,16.0,275.0,False,False,scenario_baseline
259.0,NODE_5837,5161705573,2,0,GGr,r,False,False,0,,16.0,275.0,False,False,scenario_baseline
259.0,LINK_10218,11139418715,2,0,GGr,r,False,False,0,,16.0,275.0,False,False,scenario_baseline
259.0,LINK_140740,11139418715,2,0,GGr,r,False,False,0,,16.0,275.0,False,False,scenario_baseline
259.0,NODE_9634,10974501473,4,0,GGGGr,r,False,False,0,,18.0,277.0,False,False,scenario_baseline
259.0,LINK_194891,11203052965,11,0,GGGGGGGGGGGr,r,False,False,0,,16.0,275.0,False,False,scenario_baseline
259.0,NODE_10378,11139418715,2,0,GGr,r,False,False,0,,16.0,275.0,False,False,scenario_baseline
259.0,NODE_5681,11139418723,2,0,GGr,r,False,False,0,,16.0,275.0,False,False,scenario_baseline
259.0,NODE_10262,11203041635,4,0,GGGGr,r,False,False,0,,16.0,275.0,False,False,scenario_baseline
259.5,LINK_249048,5161705573,2,0,GGr,r,False,False,0,,15.5,275.0,False,False,scenario_baseline
259.5,NODE_5837,5161705573,2,0,GGr,r,False,False,0,,15.5,275.0,False,False,scenario_baseline
259.5,LINK_10218,11139418715,2,0,GGr,r,False,False,0,,15.5,275.0,False,False,scenario_baseline
259.5,LINK_140740,11139418715,2,0,GGr,r,False,False,0,,15.5,275.0,False,False,scenario_baseline
259.5,NODE_9634,10974501473,4,0,GGGGr,r,False,False,0,,17.5,277.0,False,False,scenario_baseline
259.5,LINK_194891,11203052965,11,0,GGGGGGGGGGGr,r,False,False,0,,15.5,275.0,False,False,scenario_baseline
259.5,NODE_10378,11139418715,2,0,GGr,r,False,False,0,,15.5,275.0,False,False,scenario_baseline
259.5,NODE_5681,11139418723,2,0,GGr,r,False,False,0,,15.5,275.0,False,False,scenario_baseline
259.5,NODE_10262,11203041635,4,0,GGGGr,r,False,False,0,,15.5,275.0,False,False,scenario_baseline
260.0,LINK_249048,5161705573,2,0,GGr,r,False,False,0,,15.0,275.0,False,False,scenario_baseline
260.0,NODE_5837,5161705573,2,0,GGr,r,False,False,0,,15.0,275.0,False,False,scenario_baseline
260.0,LINK_10218,11139418715,2,0,GGr,r,False,False,0,,15.0,275.0,False,False,scenario_baseline
260.0,LINK_140740,11139418715,2,0,GGr,r,False,False,0,,15.0,275.0,False,False,scenario_baseline
260.0,NODE_9634,10974501473,4,0,GGGGr,r,False,False,0,,17.0,277.0,False,False,scenario_baseline
260.0,LINK_194891,11203052965,11,0,GGGGGGGGGGGr,r,False,False,0,,15.0,275.0,False,False,scenario_baseline
260.0,NODE_10378,11139418715,2,0,GGr,r,False,False,0,,15.0,275.0,False,False,scenario_baseline
260.0,NODE_5681,11139418723,2,0,GGr,r,False,False,0,,15.0,275.0,False,False,scenario_baseline
260.0,NODE_10262,11203041635,4,0,GGGGr,r,False,False,0,,15.0,275.0,False,False,scenario_baseline
260.5,LINK_249048,5161705573,2,0,GGr,r,False,False,0,,14.5,275.0,False,False,scenario_baseline
260.5,NODE_5837,5161705573,2,0,GGr,r,False,False,0,,14.5,275.0,False,False,scenario_baseline
260.5,LINK_10218,11139418715,2,0,GGr,r,False,False,0,,14.5,275.0,False,False,scenario_baseline
260.5,LINK_140740,11139418715,2,0,GGr,r,False,False,0,,14.5,275.0,False,False,scenario_baseline
260.5,NODE_9634,10974501473,4,0,GGGGr,r,False,False,0,,16.5,277.0,False,False,scenario_baseline
260.5,LINK_194891,11203052965,11,0,GGGGGGGGGGGr,r,False,False,0,,14.5,275.0,False,False,scenario_baseline
260.5,NODE_10378,11139418715,2,0,GGr,r,False,False,0,,14.5,275.0,False,False,scenario_baseline
260.5,NODE_5681,11139418723,2,0,GGr,r,False,False,0,,14.5,275.0,False,False,scenario_baseline
260.5,NODE_10262,11203041635,4,0,GGGGr,r,False,False,0,,14.5,275.0,False,False,scenario_baseline
261.0,LINK_249048,5161705573,2,0,GGr,r,False,False,0,,14.0,275.0,False,False,scenario_baseline
261.0,NODE_5837,5161705573,2,0,GGr,r,False,False,0,,14.0,275.0,False,False,scenario_baseline
261.0,LINK_10218,11139418715,2,0,GGr,r,False,False,0,,14.0,275.0,False,False,scenario_baseline
261.0,LINK_140740,11139418715,2,0,GGr,r,False,False,0,,14.0,275.0,False,False,scenario_baseline
261.0,NODE_9634,10974501473,4,0,GGGGr,r,False,False,0,,16.0,277.0,False,False,scenario_baseline
261.0,LINK_194891,11203052965,11,0,GGGGGGGGGGGr,r,False,False,0,,14.0,275.0,False,False,scenario_baseline
261.0,NODE_10378,11139418715,2,0,GGr,r,False,False,0,,14.0,275.0,False,False,scenario_baseline
261.0,NODE_5681,11139418723,2,0,GGr,r,False,False,0,,14.0,275.0,False,False,scenario_baseline
261.0,NODE_10262,11203041635,4,0,GGGGr,r,False,False,0,,14.0,275.0,False,False,scenario_baseline
261.5,LINK_249048,5161705573,2,0,GGr,r,False,False,0,,13.5,275.0,False,False,scenario_baseline
261.5,NODE_5837,5161705573,2,0,GGr,r,False,False,0,,13.5,275.0,False,False,scenario_baseline
261.5,LINK_10218,11139418715,2,0,GGr,r,False,False,0,,13.5,275.0,False,False,scenario_baseline
261.5,LINK_140740,11139418715,2,0,GGr,r,False,False,0,,13.5,275.0,False,False,scenario_baseline
261.5,NODE_9634,10974501473,4,0,GGGGr,r,False,False,0,,15.5,277.0,False,False,scenario_baseline
261.5,LINK_194891,11203052965,11,0,GGGGGGGGGGGr,r,False,False,0,,13.5,275.0,False,False,scenario_baseline
261.5,NODE_10378,11139418715,2,0,GGr,r,False,False,0,,13.5,275.0,False,False,scenario_baseline
261.5,NODE_5681,11139418723,2,0,GGr,r,False,False,0,,13.5,275.0,False,False,scenario_baseline
261.5,NODE_10262,11203041635,4,0,GGGGr,r,False,False,0,,13.5,275.0,False,False,scenario_baseline
262.0,LINK_249048,5161705573,2,0,GGr,r,False,False,0,,13.0,275.0,False,False,scenario_baseline
262.0,NODE_5837,5161705573,2,0,GGr,r,False,False,0,,13.0,275.0,False,False,scenario_baseline
262.0,LINK_10218,11139418715,2,0,GGr,r,False,False,0,,13.0,275.0,False,False,scenario_baseline
262.0,LINK_140740,11139418715,2,0,GGr,r,False,False,0,,13.0,275.0,False,False,scenario_baseline
262.0,NODE_9634,10974501473,4,0,GGGGr,r,False,False,0,,15.0,277.0,False,False,scenario_baseline
262.0,LINK_194891,11203052965,11,0,GGGGGGGGGGGr,r,False,False,0,,13.0,275.0,False,False,scenario_baseline
262.0,NODE_10378,11139418715,2,0,GGr,r,False,False,0,,13.0,275.0,False,False,scenario_baseline
262.0,NODE_5681,11139418723,2,0,GGr,r,False,False,0,,13.0,275.0,False,False,scenario_baseline
262.0,NODE_10262,11203041635,4,0,GGGGr,r,False,False,0,,13.0,275.0,False,False,scenario_baseline
262.5,LINK_249048,5161705573,2,0,GGr,r,False,False,0,,12.5,275.0,False,False,scenario_baseline
262.5,NODE_5837,5161705573,2,0,GGr,r,False,False,0,,12.5,275.0,False,False,scenario_baseline
262.5,LINK_10218,11139418715,2,0,GGr,r,False,False,0,,12.5,275.0,False,False,scenario_baseline
262.5,LINK_140740,11139418715,2,0,GGr,r,False,False,0,,12.5,275.0,False,False,scenario_baseline
262.5,NODE_9634,10974501473,4,0,GGGGr,r,False,False,0,,14.5,277.0,False,False,scenario_baseline
262.5,LINK_194891,11203052965,11,0,GGGGGGGGGGGr,r,False,False,0,,12.5,275.0,False,False,scenario_baseline
262.5,NODE_10378,11139418715,2,0,GGr,r,False,False,0,,12.5,275.0,False,False,scenario_baseline
262.5,NODE_5681,11139418723,2,0,GGr,r,False,False,0,,12.5,275.0,False,False,scenario_baseline
262.5,NODE_10262,11203041635,4,0,GGGGr,r,False,False,0,,12.5,275.0,False,False,scenario_baseline
263.0,LINK_249048,5161705573,2,0,GGr,r,False,False,0,,12.0,275.0,False,False,scenario_baseline
263.0,NODE_5837,5161705573,2,0,GGr,r,False,False,0,,12.0,275.0,False,False,scenario_baseline
263.0,LINK_10218,11139418715,2,0,GGr,r,False,False,0,,12.0,275.0,False,False,scenario_baseline
263.0,LINK_140740,11139418715,2,0,GGr,r,False,False,0,,12.0,275.0,False,False,scenario_baseline
263.0,NODE_9634,10974501473,4,0,GGGGr,r,False,False,0,,14.0,277.0,False,False,scenario_baseline
263.0,LINK_194891,11203052965,11,0,GGGGGGGGGGGr,r,False,False,0,,12.0,275.0,False,False,scenario_baseline
263.0,NODE_10378,11139418715,2,0,GGr,r,False,False,0,,12.0,275.0,False,False,scenario_baseline
263.0,NODE_5681,11139418723,2,0,GGr,r,False,False,0,,12.0,275.0,False,False,scenario_baseline
263.0,NODE_10262,11203041635,4,0,GGGGr,r,False,False,0,,12.0,275.0,False,False,scenario_baseline
263.5,LINK_249048,5161705573,2,0,GGr,r,False,False,0,,11.5,275.0,False,False,scenario_baseline
263.5,NODE_5837,5161705573,2,0,GGr,r,False,False,0,,11.5,275.0,False,False,scenario_baseline
263.5,LINK_10218,11139418715,2,0,GGr,r,False,False,0,,11.5,275.0,False,False,scenario_baseline
263.5,LINK_140740,11139418715,2,0,GGr,r,False,False,0,,11.5,275.0,False,False,scenario_baseline
263.5,NODE_9634,10974501473,4,0,GGGGr,r,False,False,0,,13.5,277.0,False,False,scenario_baseline
263.5,LINK_194891,11203052965,11,0,GGGGGGGGGGGr,r,False,False,0,,11.5,275.0,False,False,scenario_baseline
263.5,NODE_10378,11139418715,2,0,GGr,r,False,False,0,,11.5,275.0,False,False,scenario_baseline
263.5,NODE_5681,11139418723,2,0,GGr,r,False,False,0,,11.5,275.0,False,False,scenario_baseline
263.5,NODE_10262,11203041635,4,0,GGGGr,r,False,False,0,,11.5,275.0,False,False,scenario_baseline
264.0,LINK_249048,5161705573,2,0,GGr,r,False,False,0,,11.0,275.0,False,False,scenario_baseline
264.0,NODE_5837,5161705573,2,0,GGr,r,False,False,0,,11.0,275.0,False,False,scenario_baseline
264.0,LINK_10218,11139418715,2,0,GGr,r,False,False,0,,11.0,275.0,False,False,scenario_baseline
264.0,LINK_140740,11139418715,2,0,GGr,r,False,False,0,,11.0,275.0,False,False,scenario_baseline
264.0,NODE_9634,10974501473,4,0,GGGGr,r,False,False,0,,13.0,277.0,False,False,scenario_baseline
264.0,LINK_194891,11203052965,11,0,GGGGGGGGGGGr,r,False,False,0,,11.0,275.0,False,False,scenario_baseline
264.0,NODE_10378,11139418715,2,0,GGr,r,False,False,0,,11.0,275.0,False,False,scenario_baseline
264.0,NODE_5681,11139418723,2,0,GGr,r,False,False,0,,11.0,275.0,False,False,scenario_baseline
264.0,NODE_10262,11203041635,4,0,GGGGr,r,False,False,0,,11.0,275.0,False,False,scenario_baseline
264.5,LINK_249048,5161705573,2,0,GGr,r,False,False,0,,10.5,275.0,False,False,scenario_baseline
264.5,NODE_5837,5161705573,2,0,GGr,r,False,False,0,,10.5,275.0,False,False,scenario_baseline
264.5,LINK_10218,11139418715,2,0,GGr,r,False,False,0,,10.5,275.0,False,False,scenario_baseline
264.5,LINK_140740,11139418715,2,0,GGr,r,False,False,0,,10.5,275.0,False,False,scenario_baseline
264.5,NODE_9634,10974501473,4,0,GGGGr,r,False,False,0,,12.5,277.0,False,False,scenario_baseline
264.5,LINK_194891,11203052965,11,0,GGGGGGGGGGGr,r,False,False,0,,10.5,275.0,False,False,scenario_baseline
264.5,NODE_10378,11139418715,2,0,GGr,r,False,False,0,,10.5,275.0,False,False,scenario_baseline
264.5,NODE_5681,11139418723,2,0,GGr,r,False,False,0,,10.5,275.0,False,False,scenario_baseline
264.5,NODE_10262,11203041635,4,0,GGGGr,r,False,False,0,,10.5,275.0,False,False,scenario_baseline
265.0,LINK_249048,5161705573,2,0,GGr,r,False,False,0,,10.0,275.0,False,False,scenario_baseline
265.0,NODE_5837,5161705573,2,0,GGr,r,False,False,0,,10.0,275.0,False,False,scenario_baseline
265.0,LINK_10218,11139418715,2,0,GGr,r,False,False,0,,10.0,275.0,False,False,scenario_baseline
265.0,LINK_140740,11139418715,2,0,GGr,r,False,False,0,,10.0,275.0,False,False,scenario_baseline
265.0,NODE_9634,10974501473,4,0,GGGGr,r,False,False,0,,12.0,277.0,False,False,scenario_baseline
265.0,LINK_194891,11203052965,11,0,GGGGGGGGGGGr,r,False,False,0,,10.0,275.0,False,False,scenario_baseline
265.0,NODE_10378,11139418715,2,0,GGr,r,False,False,0,,10.0,275.0,False,False,scenario_baseline
265.0,NODE_5681,11139418723,2,0,GGr,r,False,False,0,,10.0,275.0,False,False,scenario_baseline
265.0,NODE_10262,11203041635,4,0,GGGGr,r,False,False,0,,10.0,275.0,False,False,scenario_baseline
265.5,LINK_249048,5161705573,2,0,GGr,r,False,False,0,,9.5,275.0,False,False,scenario_baseline
265.5,NODE_5837,5161705573,2,0,GGr,r,False,False,0,,9.5,275.0,False,False,scenario_baseline
265.5,LINK_10218,11139418715,2,0,GGr,r,False,False,0,,9.5,275.0,False,False,scenario_baseline
265.5,LINK_140740,11139418715,2,0,GGr,r,False,False,0,,9.5,275.0,False,False,scenario_baseline
265.5,NODE_9634,10974501473,4,0,GGGGr,r,False,False,0,,11.5,277.0,False,False,scenario_baseline
265.5,LINK_194891,11203052965,11,0,GGGGGGGGGGGr,r,False,False,0,,9.5,275.0,False,False,scenario_baseline
265.5,NODE_10378,11139418715,2,0,GGr,r,False,False,0,,9.5,275.0,False,False,scenario_baseline
265.5,NODE_5681,11139418723,2,0,GGr,r,False,False,0,,9.5,275.0,False,False,scenario_baseline
265.5,NODE_10262,11203041635,4,0,GGGGr,r,False,False,0,,9.5,275.0,False,False,scenario_baseline
266.0,LINK_249048,5161705573,2,0,GGr,r,False,False,0,,9.0,275.0,False,False,scenario_baseline
266.0,NODE_5837,5161705573,2,0,GGr,r,False,False,0,,9.0,275.0,False,False,scenario_baseline
266.0,LINK_10218,11139418715,2,0,GGr,r,False,False,0,,9.0,275.0,False,False,scenario_baseline
266.0,LINK_140740,11139418715,2,0,GGr,r,False,False,0,,9.0,275.0,False,False,scenario_baseline
266.0,NODE_9634,10974501473,4,0,GGGGr,r,False,False,0,,11.0,277.0,False,False,scenario_baseline
266.0,LINK_194891,11203052965,11,0,GGGGGGGGGGGr,r,False,False,0,,9.0,275.0,False,False,scenario_baseline
266.0,NODE_10378,11139418715,2,0,GGr,r,False,False,0,,9.0,275.0,False,False,scenario_baseline
266.0,NODE_5681,11139418723,2,0,GGr,r,False,False,0,,9.0,275.0,False,False,scenario_baseline
266.0,NODE_10262,11203041635,4,0,GGGGr,r,False,False,0,,9.0,275.0,False,False,scenario_baseline
266.5,LINK_249048,5161705573,2,0,GGr,r,False,False,0,,8.5,275.0,False,False,scenario_baseline
266.5,NODE_5837,5161705573,2,0,GGr,r,False,False,0,,8.5,275.0,False,False,scenario_baseline
266.5,LINK_10218,11139418715,2,0,GGr,r,False,False,0,,8.5,275.0,False,False,scenario_baseline
266.5,LINK_140740,11139418715,2,0,GGr,r,False,False,0,,8.5,275.0,False,False,scenario_baseline
266.5,NODE_9634,10974501473,4,0,GGGGr,r,False,False,0,,10.5,277.0,False,False,scenario_baseline
266.5,LINK_194891,11203052965,11,0,GGGGGGGGGGGr,r,False,False,0,,8.5,275.0,False,False,scenario_baseline
266.5,NODE_10378,11139418715,2,0,GGr,r,False,False,0,,8.5,275.0,False,False,scenario_baseline
266.5,NODE_5681,11139418723,2,0,GGr,r,False,False,0,,8.5,275.0,False,False,scenario_baseline
266.5,NODE_10262,11203041635,4,0,GGGGr,r,False,False,0,,8.5,275.0,False,False,scenario_baseline
267.0,LINK_249048,5161705573,2,0,GGr,r,False,False,0,,8.0,275.0,False,False,scenario_baseline
267.0,NODE_5837,5161705573,2,0,GGr,r,False,False,0,,8.0,275.0,False,False,scenario_baseline
267.0,LINK_10218,11139418715,2,0,GGr,r,False,False,0,,8.0,275.0,False,False,scenario_baseline
267.0,LINK_140740,11139418715,2,0,GGr,r,False,False,0,,8.0,275.0,False,False,scenario_baseline
267.0,NODE_9634,10974501473,4,0,GGGGr,r,False,False,0,,10.0,277.0,False,False,scenario_baseline
267.0,LINK_194891,11203052965,11,0,GGGGGGGGGGGr,r,False,False,0,,8.0,275.0,False,False,scenario_baseline
267.0,NODE_10378,11139418715,2,0,GGr,r,False,False,0,,8.0,275.0,False,False,scenario_baseline
267.0,NODE_5681,11139418723,2,0,GGr,r,False,False,0,,8.0,275.0,False,False,scenario_baseline
267.0,NODE_10262,11203041635,4,0,GGGGr,r,False,False,0,,8.0,275.0,False,False,scenario_baseline
267.5,LINK_249048,5161705573,2,0,GGr,r,False,False,0,,7.5,275.0,False,False,scenario_baseline
267.5,NODE_5837,5161705573,2,0,GGr,r,False,False,0,,7.5,275.0,False,False,scenario_baseline
267.5,LINK_10218,11139418715,2,0,GGr,r,False,False,0,,7.5,275.0,False,False,scenario_baseline
267.5,LINK_140740,11139418715,2,0,GGr,r,False,False,0,,7.5,275.0,False,False,scenario_baseline
267.5,NODE_9634,10974501473,4,0,GGGGr,r,False,False,0,,9.5,277.0,False,False,scenario_baseline
267.5,LINK_194891,11203052965,11,0,GGGGGGGGGGGr,r,False,False,0,,7.5,275.0,False,False,scenario_baseline
267.5,NODE_10378,11139418715,2,0,GGr,r,False,False,0,,7.5,275.0,False,False,scenario_baseline
267.5,NODE_5681,11139418723,2,0,GGr,r,False,False,0,,7.5,275.0,False,False,scenario_baseline
267.5,NODE_10262,11203041635,4,0,GGGGr,r,False,False,0,,7.5,275.0,False,False,scenario_baseline
268.0,LINK_249048,5161705573,2,0,GGr,r,False,False,0,,7.0,275.0,False,False,scenario_baseline
268.0,NODE_5837,5161705573,2,0,GGr,r,False,False,0,,7.0,275.0,False,False,scenario_baseline
268.0,LINK_10218,11139418715,2,0,GGr,r,False,False,0,,7.0,275.0,False,False,scenario_baseline
268.0,LINK_140740,11139418715,2,0,GGr,r,False,False,0,,7.0,275.0,False,False,scenario_baseline
268.0,NODE_9634,10974501473,4,0,GGGGr,r,False,False,0,,9.0,277.0,False,False,scenario_baseline
268.0,LINK_194891,11203052965,11,0,GGGGGGGGGGGr,r,False,False,0,,7.0,275.0,False,False,scenario_baseline
268.0,NODE_10378,11139418715,2,0,GGr,r,False,False,0,,7.0,275.0,False,False,scenario_baseline
268.0,NODE_5681,11139418723,2,0,GGr,r,False,False,0,,7.0,275.0,False,False,scenario_baseline
268.0,NODE_10262,11203041635,4,0,GGGGr,r,False,False,0,,7.0,275.0,False,False,scenario_baseline
268.5,LINK_249048,5161705573,2,0,GGr,r,False,False,0,,6.5,275.0,False,False,scenario_baseline
268.5,NODE_5837,5161705573,2,0,GGr,r,False,False,0,,6.5,275.0,False,False,scenario_baseline
268.5,LINK_10218,11139418715,2,0,GGr,r,False,False,0,,6.5,275.0,False,False,scenario_baseline
268.5,LINK_140740,11139418715,2,0,GGr,r,False,False,0,,6.5,275.0,False,False,scenario_baseline
268.5,NODE_9634,10974501473,4,0,GGGGr,r,False,False,0,,8.5,277.0,False,False,scenario_baseline
268.5,LINK_194891,11203052965,11,0,GGGGGGGGGGGr,r,False,False,0,,6.5,275.0,False,False,scenario_baseline
268.5,NODE_10378,11139418715,2,0,GGr,r,False,False,0,,6.5,275.0,False,False,scenario_baseline
268.5,NODE_5681,11139418723,2,0,GGr,r,False,False,0,,6.5,275.0,False,False,scenario_baseline
268.5,NODE_10262,11203041635,4,0,GGGGr,r,False,False,0,,6.5,275.0,False,False,scenario_baseline
269.0,LINK_249048,5161705573,2,0,GGr,r,False,False,0,,6.0,275.0,False,False,scenario_baseline
269.0,NODE_5837,5161705573,2,0,GGr,r,False,False,0,,6.0,275.0,False,False,scenario_baseline
269.0,LINK_10218,11139418715,2,0,GGr,r,False,False,0,,6.0,275.0,False,False,scenario_baseline
269.0,LINK_140740,11139418715,2,0,GGr,r,False,False,0,,6.0,275.0,False,False,scenario_baseline
269.0,NODE_9634,10974501473,4,0,GGGGr,r,False,False,0,,8.0,277.0,False,False,scenario_baseline
269.0,LINK_194891,11203052965,11,0,GGGGGGGGGGGr,r,False,False,0,,6.0,275.0,False,False,scenario_baseline
269.0,NODE_10378,11139418715,2,0,GGr,r,False,False,0,,6.0,275.0,False,False,scenario_baseline
269.0,NODE_5681,11139418723,2,0,GGr,r,False,False,0,,6.0,275.0,False,False,scenario_baseline
269.0,NODE_10262,11203041635,4,0,GGGGr,r,False,False,0,,6.0,275.0,False,False,scenario_baseline
269.5,LINK_249048,5161705573,2,0,GGr,r,False,False,0,,5.5,275.0,False,False,scenario_baseline
269.5,NODE_5837,5161705573,2,0,GGr,r,False,False,0,,5.5,275.0,False,False,scenario_baseline
269.5,LINK_10218,11139418715,2,0,GGr,r,False,False,0,,5.5,275.0,False,False,scenario_baseline
269.5,LINK_140740,11139418715,2,0,GGr,r,False,False,0,,5.5,275.0,False,False,scenario_baseline
269.5,NODE_9634,10974501473,4,0,GGGGr,r,False,False,0,,7.5,277.0,False,False,scenario_baseline
269.5,LINK_194891,11203052965,11,0,GGGGGGGGGGGr,r,False,False,0,,5.5,275.0,False,False,scenario_baseline
269.5,NODE_10378,11139418715,2,0,GGr,r,False,False,0,,5.5,275.0,False,False,scenario_baseline
269.5,NODE_5681,11139418723,2,0,GGr,r,False,False,0,,5.5,275.0,False,False,scenario_baseline
269.5,NODE_10262,11203041635,4,0,GGGGr,r,False,False,0,,5.5,275.0,False,False,scenario_baseline
270.0,LINK_249048,5161705573,2,0,GGr,r,False,False,0,,5.0,275.0,False,False,scenario_baseline
270.0,NODE_5837,5161705573,2,0,GGr,r,False,False,0,,5.0,275.0,False,False,scenario_baseline
270.0,LINK_10218,11139418715,2,0,GGr,r,False,False,0,,5.0,275.0,False,False,scenario_baseline
270.0,LINK_140740,11139418715,2,0,GGr,r,False,False,0,,5.0,275.0,False,False,scenario_baseline
270.0,NODE_9634,10974501473,4,0,GGGGr,r,False,False,0,,7.0,277.0,False,False,scenario_baseline
270.0,LINK_194891,11203052965,11,0,GGGGGGGGGGGr,r,False,False,0,,5.0,275.0,False,False,scenario_baseline
270.0,NODE_10378,11139418715,2,0,GGr,r,False,False,0,,5.0,275.0,False,False,scenario_baseline
270.0,NODE_5681,11139418723,2,0,GGr,r,False,False,0,,5.0,275.0,False,False,scenario_baseline
270.0,NODE_10262,11203041635,4,0,GGGGr,r,False,False,0,,5.0,275.0,False,False,scenario_baseline
270.5,LINK_249048,5161705573,2,0,GGr,r,False,False,0,,4.5,275.0,False,False,scenario_baseline
270.5,NODE_5837,5161705573,2,0,GGr,r,False,False,0,,4.5,275.0,False,False,scenario_baseline
270.5,LINK_10218,11139418715,2,0,GGr,r,False,False,0,,4.5,275.0,False,False,scenario_baseline
270.5,LINK_140740,11139418715,2,0,GGr,r,False,False,0,,4.5,275.0,False,False,scenario_baseline
270.5,NODE_9634,10974501473,4,0,GGGGr,r,False,False,0,,6.5,277.0,False,False,scenario_baseline
270.5,LINK_194891,11203052965,11,0,GGGGGGGGGGGr,r,False,False,0,,4.5,275.0,False,False,scenario_baseline
270.5,NODE_10378,11139418715,2,0,GGr,r,False,False,0,,4.5,275.0,False,False,scenario_baseline
270.5,NODE_5681,11139418723,2,0,GGr,r,False,False,0,,4.5,275.0,False,False,scenario_baseline
270.5,NODE_10262,11203041635,4,0,GGGGr,r,False,False,0,,4.5,275.0,False,False,scenario_baseline
271.0,LINK_249048,5161705573,2,0,GGr,r,False,False,0,,4.0,275.0,False,False,scenario_baseline
271.0,NODE_5837,5161705573,2,0,GGr,r,False,False,0,,4.0,275.0,False,False,scenario_baseline
271.0,LINK_10218,11139418715,2,0,GGr,r,False,False,0,,4.0,275.0,False,False,scenario_baseline
271.0,LINK_140740,11139418715,2,0,GGr,r,False,False,0,,4.0,275.0,False,False,scenario_baseline
271.0,NODE_9634,10974501473,4,0,GGGGr,r,False,False,0,,6.0,277.0,False,False,scenario_baseline
271.0,LINK_194891,11203052965,11,0,GGGGGGGGGGGr,r,False,False,0,,4.0,275.0,False,False,scenario_baseline
271.0,NODE_10378,11139418715,2,0,GGr,r,False,False,0,,4.0,275.0,False,False,scenario_baseline
271.0,NODE_5681,11139418723,2,0,GGr,r,False,False,0,,4.0,275.0,False,False,scenario_baseline
271.0,NODE_10262,11203041635,4,0,GGGGr,r,False,False,0,,4.0,275.0,False,False,scenario_baseline
271.5,LINK_249048,5161705573,2,0,GGr,r,False,False,0,,3.5,275.0,False,False,scenario_baseline
271.5,NODE_5837,5161705573,2,0,GGr,r,False,False,0,,3.5,275.0,False,False,scenario_baseline
271.5,LINK_10218,11139418715,2,0,GGr,r,False,False,0,,3.5,275.0,False,False,scenario_baseline
271.5,LINK_140740,11139418715,2,0,GGr,r,False,False,0,,3.5,275.0,False,False,scenario_baseline
271.5,NODE_9634,10974501473,4,0,GGGGr,r,False,False,0,,5.5,277.0,False,False,scenario_baseline
271.5,LINK_194891,11203052965,11,0,GGGGGGGGGGGr,r,False,False,0,,3.5,275.0,False,False,scenario_baseline
271.5,NODE_10378,11139418715,2,0,GGr,r,False,False,0,,3.5,275.0,False,False,scenario_baseline
271.5,NODE_5681,11139418723,2,0,GGr,r,False,False,0,,3.5,275.0,False,False,scenario_baseline
271.5,NODE_10262,11203041635,4,0,GGGGr,r,False,False,0,,3.5,275.0,False,False,scenario_baseline
272.0,LINK_249048,5161705573,2,0,GGr,r,False,False,0,,3.0,275.0,False,False,scenario_baseline
272.0,NODE_5837,5161705573,2,0,GGr,r,False,False,0,,3.0,275.0,False,False,scenario_baseline
272.0,LINK_10218,11139418715,2,0,GGr,r,False,False,0,,3.0,275.0,False,False,scenario_baseline
272.0,LINK_140740,11139418715,2,0,GGr,r,False,False,0,,3.0,275.0,False,False,scenario_baseline
272.0,NODE_9634,10974501473,4,0,GGGGr,r,False,False,0,,5.0,277.0,False,False,scenario_baseline
272.0,LINK_194891,11203052965,11,0,GGGGGGGGGGGr,r,False,False,0,,3.0,275.0,False,False,scenario_baseline
272.0,NODE_10378,11139418715,2,0,GGr,r,False,False,0,,3.0,275.0,False,False,scenario_baseline
272.0,NODE_5681,11139418723,2,0,GGr,r,False,False,0,,3.0,275.0,False,False,scenario_baseline
272.0,NODE_10262,11203041635,4,0,GGGGr,r,False,False,0,,3.0,275.0,False,False,scenario_baseline
272.5,LINK_249048,5161705573,2,0,GGr,r,False,False,0,,2.5,275.0,False,False,scenario_baseline
272.5,NODE_5837,5161705573,2,0,GGr,r,False,False,0,,2.5,275.0,False,False,scenario_baseline
272.5,LINK_10218,11139418715,2,0,GGr,r,False,False,0,,2.5,275.0,False,False,scenario_baseline
272.5,LINK_140740,11139418715,2,0,GGr,r,False,False,0,,2.5,275.0,False,False,scenario_baseline
272.5,NODE_9634,10974501473,4,0,GGGGr,r,False,False,0,,4.5,277.0,False,False,scenario_baseline
272.5,LINK_194891,11203052965,11,0,GGGGGGGGGGGr,r,False,False,0,,2.5,275.0,False,False,scenario_baseline
272.5,NODE_10378,11139418715,2,0,GGr,r,False,False,0,,2.5,275.0,False,False,scenario_baseline
272.5,NODE_5681,11139418723,2,0,GGr,r,False,False,0,,2.5,275.0,False,False,scenario_baseline
272.5,NODE_10262,11203041635,4,0,GGGGr,r,False,False,0,,2.5,275.0,False,False,scenario_baseline
273.0,LINK_249048,5161705573,2,0,GGr,r,False,False,0,,2.0,275.0,False,False,scenario_baseline
273.0,NODE_5837,5161705573,2,0,GGr,r,False,False,0,,2.0,275.0,False,False,scenario_baseline
273.0,LINK_10218,11139418715,2,0,GGr,r,False,False,0,,2.0,275.0,False,False,scenario_baseline
273.0,LINK_140740,11139418715,2,0,GGr,r,False,False,0,,2.0,275.0,False,False,scenario_baseline
273.0,NODE_9634,10974501473,4,0,GGGGr,r,False,False,0,,4.0,277.0,False,False,scenario_baseline
273.0,LINK_194891,11203052965,11,0,GGGGGGGGGGGr,r,False,False,0,,2.0,275.0,False,False,scenario_baseline
273.0,NODE_10378,11139418715,2,0,GGr,r,False,False,0,,2.0,275.0,False,False,scenario_baseline
273.0,NODE_5681,11139418723,2,0,GGr,r,False,False,0,,2.0,275.0,False,False,scenario_baseline
273.0,NODE_10262,11203041635,4,0,GGGGr,r,False,False,0,,2.0,275.0,False,False,scenario_baseline
273.5,LINK_249048,5161705573,2,0,GGr,r,False,False,0,,1.5,275.0,False,False,scenario_baseline
273.5,NODE_5837,5161705573,2,0,GGr,r,False,False,0,,1.5,275.0,False,False,scenario_baseline
273.5,LINK_10218,11139418715,2,0,GGr,r,False,False,0,,1.5,275.0,False,False,scenario_baseline
273.5,LINK_140740,11139418715,2,0,GGr,r,False,False,0,,1.5,275.0,False,False,scenario_baseline
273.5,NODE_9634,10974501473,4,0,GGGGr,r,False,False,0,,3.5,277.0,False,False,scenario_baseline
273.5,LINK_194891,11203052965,11,0,GGGGGGGGGGGr,r,False,False,0,,1.5,275.0,False,False,scenario_baseline
273.5,NODE_10378,11139418715,2,0,GGr,r,False,False,0,,1.5,275.0,False,False,scenario_baseline
273.5,NODE_5681,11139418723,2,0,GGr,r,False,False,0,,1.5,275.0,False,False,scenario_baseline
273.5,NODE_10262,11203041635,4,0,GGGGr,r,False,False,0,,1.5,275.0,False,False,scenario_baseline
274.0,LINK_249048,5161705573,2,0,GGr,r,False,False,0,,1.0,275.0,False,False,scenario_baseline
274.0,NODE_5837,5161705573,2,0,GGr,r,False,False,0,,1.0,275.0,False,False,scenario_baseline
274.0,LINK_10218,11139418715,2,0,GGr,r,False,False,0,,1.0,275.0,False,False,scenario_baseline
274.0,LINK_140740,11139418715,2,0,GGr,r,False,False,0,,1.0,275.0,False,False,scenario_baseline
274.0,NODE_9634,10974501473,4,0,GGGGr,r,False,False,0,,3.0,277.0,False,False,scenario_baseline
274.0,LINK_194891,11203052965,11,0,GGGGGGGGGGGr,r,False,False,0,,1.0,275.0,False,False,scenario_baseline
274.0,NODE_10378,11139418715,2,0,GGr,r,False,False,0,,1.0,275.0,False,False,scenario_baseline
274.0,NODE_5681,11139418723,2,0,GGr,r,False,False,0,,1.0,275.0,False,False,scenario_baseline
274.0,NODE_10262,11203041635,4,0,GGGGr,r,False,False,0,,1.0,275.0,False,False,scenario_baseline
274.5,LINK_249048,5161705573,2,0,GGr,r,False,False,0,,0.5,275.0,False,False,scenario_baseline
274.5,NODE_5837,5161705573,2,0,GGr,r,False,False,0,,0.5,275.0,False,False,scenario_baseline
274.5,LINK_10218,11139418715,2,0,GGr,r,False,False,0,,0.5,275.0,False,False,scenario_baseline
274.5,LINK_140740,11139418715,2,0,GGr,r,False,False,0,,0.5,275.0,False,False,scenario_baseline
274.5,NODE_9634,10974501473,4,0,GGGGr,r,False,False,0,,2.5,277.0,False,False,scenario_baseline
274.5,LINK_194891,11203052965,11,0,GGGGGGGGGGGr,r,False,False,0,,0.5,275.0,False,False,scenario_baseline
274.5,NODE_10378,11139418715,2,0,GGr,r,False,False,0,,0.5,275.0,False,False,scenario_baseline
274.5,NODE_5681,11139418723,2,0,GGr,r,False,False,0,,0.5,275.0,False,False,scenario_baseline
274.5,NODE_10262,11203041635,4,0,GGGGr,r,False,False,0,,0.5,275.0,False,False,scenario_baseline
275.0,LINK_249048,5161705573,2,0,GGr,r,False,False,0,,0.0,275.0,False,False,scenario_baseline
275.0,NODE_5837,5161705573,2,0,GGr,r,False,False,0,,0.0,275.0,False,False,scenario_baseline
275.0,LINK_10218,11139418715,2,0,GGr,r,False,False,0,,0.0,275.0,False,False,scenario_baseline
275.0,LINK_140740,11139418715,2,0,GGr,r,False,False,0,,0.0,275.0,False,False,scenario_baseline
275.0,NODE_9634,10974501473,4,0,GGGGr,r,False,False,0,,2.0,277.0,False,False,scenario_baseline
275.0,LINK_194891,11203052965,11,0,GGGGGGGGGGGr,r,False,False,0,,0.0,275.0,False,False,scenario_baseline
275.0,NODE_10378,11139418715,2,0,GGr,r,False,False,0,,0.0,275.0,False,False,scenario_baseline
275.0,NODE_5681,11139418723,2,0,GGr,r,False,False,0,,0.0,275.0,False,False,scenario_baseline
275.0,NODE_10262,11203041635,4,0,GGGGr,r,False,False,0,,0.0,275.0,False,False,scenario_baseline
275.5,LINK_249048,5161705573,2,1,yyr,r,False,False,0,,5.5,281.0,False,False,scenario_baseline
275.5,NODE_5837,5161705573,2,1,yyr,r,False,False,0,,5.5,281.0,False,False,scenario_baseline
275.5,LINK_10218,11139418715,2,1,yyr,r,False,False,0,,5.5,281.0,False,False,scenario_baseline
275.5,LINK_140740,11139418715,2,1,yyr,r,False,False,0,,5.5,281.0,False,False,scenario_baseline
275.5,NODE_9634,10974501473,4,0,GGGGr,r,False,False,0,,1.5,277.0,False,False,scenario_baseline
275.5,LINK_194891,11203052965,11,1,yyyyyyyyyyyr,r,False,False,0,,5.5,281.0,False,False,scenario_baseline
275.5,NODE_10378,11139418715,2,1,yyr,r,False,False,0,,5.5,281.0,False,False,scenario_baseline
275.5,NODE_5681,11139418723,2,1,yyr,r,False,False,0,,5.5,281.0,False,False,scenario_baseline
275.5,NODE_10262,11203041635,4,1,yyyyr,r,False,False,0,,5.5,281.0,False,False,scenario_baseline
276.0,LINK_249048,5161705573,2,1,yyr,r,False,False,0,,5.0,281.0,False,False,scenario_baseline
276.0,NODE_5837,5161705573,2,1,yyr,r,False,False,0,,5.0,281.0,False,False,scenario_baseline
276.0,LINK_10218,11139418715,2,1,yyr,r,False,False,0,,5.0,281.0,False,False,scenario_baseline
276.0,LINK_140740,11139418715,2,1,yyr,r,False,False,0,,5.0,281.0,False,False,scenario_baseline
276.0,NODE_9634,10974501473,4,0,GGGGr,r,False,False,0,,1.0,277.0,False,False,scenario_baseline
276.0,LINK_194891,11203052965,11,1,yyyyyyyyyyyr,r,False,False,0,,5.0,281.0,False,False,scenario_baseline
276.0,NODE_10378,11139418715,2,1,yyr,r,False,False,0,,5.0,281.0,False,False,scenario_baseline
276.0,NODE_5681,11139418723,2,1,yyr,r,False,False,0,,5.0,281.0,False,False,scenario_baseline
276.0,NODE_10262,11203041635,4,1,yyyyr,r,False,False,0,,5.0,281.0,False,False,scenario_baseline
276.5,LINK_249048,5161705573,2,1,yyr,r,False,False,0,,4.5,281.0,False,False,scenario_baseline
276.5,NODE_5837,5161705573,2,1,yyr,r,False,False,0,,4.5,281.0,False,False,scenario_baseline
276.5,LINK_10218,11139418715,2,1,yyr,r,False,False,0,,4.5,281.0,False,False,scenario_baseline
276.5,LINK_140740,11139418715,2,1,yyr,r,False,False,0,,4.5,281.0,False,False,scenario_baseline
276.5,NODE_9634,10974501473,4,0,GGGGr,r,False,False,0,,0.5,277.0,False,False,scenario_baseline
276.5,LINK_194891,11203052965,11,1,yyyyyyyyyyyr,r,False,False,0,,4.5,281.0,False,False,scenario_baseline
276.5,NODE_10378,11139418715,2,1,yyr,r,False,False,0,,4.5,281.0,False,False,scenario_baseline
276.5,NODE_5681,11139418723,2,1,yyr,r,False,False,0,,4.5,281.0,False,False,scenario_baseline
276.5,NODE_10262,11203041635,4,1,yyyyr,r,False,False,0,,4.5,281.0,False,False,scenario_baseline
277.0,LINK_249048,5161705573,2,1,yyr,r,False,False,0,,4.0,281.0,False,False,scenario_baseline
277.0,NODE_5837,5161705573,2,1,yyr,r,False,False,0,,4.0,281.0,False,False,scenario_baseline
277.0,LINK_10218,11139418715,2,1,yyr,r,False,False,0,,4.0,281.0,False,False,scenario_baseline
277.0,LINK_140740,11139418715,2,1,yyr,r,False,False,0,,4.0,281.0,False,False,scenario_baseline
277.0,NODE_9634,10974501473,4,0,GGGGr,r,False,False,0,,0.0,277.0,False,False,scenario_baseline
277.0,LINK_194891,11203052965,11,1,yyyyyyyyyyyr,r,False,False,0,,4.0,281.0,False,False,scenario_baseline
277.0,NODE_10378,11139418715,2,1,yyr,r,False,False,0,,4.0,281.0,False,False,scenario_baseline
277.0,NODE_5681,11139418723,2,1,yyr,r,False,False,0,,4.0,281.0,False,False,scenario_baseline
277.0,NODE_10262,11203041635,4,1,yyyyr,r,False,False,0,,4.0,281.0,False,False,scenario_baseline
277.5,LINK_249048,5161705573,2,1,yyr,r,False,False,0,,3.5,281.0,False,False,scenario_baseline
277.5,NODE_5837,5161705573,2,1,yyr,r,False,False,0,,3.5,281.0,False,False,scenario_baseline
277.5,LINK_10218,11139418715,2,1,yyr,r,False,False,0,,3.5,281.0,False,False,scenario_baseline
277.5,LINK_140740,11139418715,2,1,yyr,r,False,False,0,,3.5,281.0,False,False,scenario_baseline
277.5,NODE_9634,10974501473,4,1,yyyyr,r,False,False,0,,3.5,281.0,False,False,scenario_baseline
277.5,LINK_194891,11203052965,11,1,yyyyyyyyyyyr,r,False,False,0,,3.5,281.0,False,False,scenario_baseline
277.5,NODE_10378,11139418715,2,1,yyr,r,False,False,0,,3.5,281.0,False,False,scenario_baseline
277.5,NODE_5681,11139418723,2,1,yyr,r,False,False,0,,3.5,281.0,False,False,scenario_baseline
277.5,NODE_10262,11203041635,4,1,yyyyr,r,False,False,0,,3.5,281.0,False,False,scenario_baseline
278.0,LINK_249048,5161705573,2,1,yyr,r,False,False,0,,3.0,281.0,False,False,scenario_baseline
278.0,NODE_5837,5161705573,2,1,yyr,r,False,False,0,,3.0,281.0,False,False,scenario_baseline
278.0,LINK_10218,11139418715,2,1,yyr,r,False,False,0,,3.0,281.0,False,False,scenario_baseline
278.0,LINK_140740,11139418715,2,1,yyr,r,False,False,0,,3.0,281.0,False,False,scenario_baseline
278.0,NODE_9634,10974501473,4,1,yyyyr,r,False,False,0,,3.0,281.0,False,False,scenario_baseline
278.0,LINK_194891,11203052965,11,1,yyyyyyyyyyyr,r,False,False,0,,3.0,281.0,False,False,scenario_baseline
278.0,NODE_10378,11139418715,2,1,yyr,r,False,False,0,,3.0,281.0,False,False,scenario_baseline
278.0,NODE_5681,11139418723,2,1,yyr,r,False,False,0,,3.0,281.0,False,False,scenario_baseline
278.0,NODE_10262,11203041635,4,1,yyyyr,r,False,False,0,,3.0,281.0,False,False,scenario_baseline
278.5,LINK_249048,5161705573,2,1,yyr,r,False,False,0,,2.5,281.0,False,False,scenario_baseline
278.5,NODE_5837,5161705573,2,1,yyr,r,False,False,0,,2.5,281.0,False,False,scenario_baseline
278.5,LINK_10218,11139418715,2,1,yyr,r,False,False,0,,2.5,281.0,False,False,scenario_baseline
278.5,LINK_140740,11139418715,2,1,yyr,r,False,False,0,,2.5,281.0,False,False,scenario_baseline
278.5,NODE_9634,10974501473,4,1,yyyyr,r,False,False,0,,2.5,281.0,False,False,scenario_baseline
278.5,LINK_194891,11203052965,11,1,yyyyyyyyyyyr,r,False,False,0,,2.5,281.0,False,False,scenario_baseline
278.5,NODE_10378,11139418715,2,1,yyr,r,False,False,0,,2.5,281.0,False,False,scenario_baseline
278.5,NODE_5681,11139418723,2,1,yyr,r,False,False,0,,2.5,281.0,False,False,scenario_baseline
278.5,NODE_10262,11203041635,4,1,yyyyr,r,False,False,0,,2.5,281.0,False,False,scenario_baseline
279.0,LINK_249048,5161705573,2,1,yyr,r,False,False,0,,2.0,281.0,False,False,scenario_baseline
279.0,NODE_5837,5161705573,2,1,yyr,r,False,False,0,,2.0,281.0,False,False,scenario_baseline
279.0,LINK_10218,11139418715,2,1,yyr,r,False,False,0,,2.0,281.0,False,False,scenario_baseline
279.0,LINK_140740,11139418715,2,1,yyr,r,False,False,0,,2.0,281.0,False,False,scenario_baseline
279.0,NODE_9634,10974501473,4,1,yyyyr,r,False,False,0,,2.0,281.0,False,False,scenario_baseline
279.0,LINK_194891,11203052965,11,1,yyyyyyyyyyyr,r,False,False,0,,2.0,281.0,False,False,scenario_baseline
279.0,NODE_10378,11139418715,2,1,yyr,r,False,False,0,,2.0,281.0,False,False,scenario_baseline
279.0,NODE_5681,11139418723,2,1,yyr,r,False,False,0,,2.0,281.0,False,False,scenario_baseline
279.0,NODE_10262,11203041635,4,1,yyyyr,r,False,False,0,,2.0,281.0,False,False,scenario_baseline
279.5,LINK_249048,5161705573,2,1,yyr,r,False,False,0,,1.5,281.0,False,False,scenario_baseline
279.5,NODE_5837,5161705573,2,1,yyr,r,False,False,0,,1.5,281.0,False,False,scenario_baseline
279.5,LINK_10218,11139418715,2,1,yyr,r,False,False,0,,1.5,281.0,False,False,scenario_baseline
279.5,LINK_140740,11139418715,2,1,yyr,r,False,False,0,,1.5,281.0,False,False,scenario_baseline
279.5,NODE_9634,10974501473,4,1,yyyyr,r,False,False,0,,1.5,281.0,False,False,scenario_baseline
279.5,LINK_194891,11203052965,11,1,yyyyyyyyyyyr,r,False,False,0,,1.5,281.0,False,False,scenario_baseline
279.5,NODE_10378,11139418715,2,1,yyr,r,False,False,0,,1.5,281.0,False,False,scenario_baseline
279.5,NODE_5681,11139418723,2,1,yyr,r,False,False,0,,1.5,281.0,False,False,scenario_baseline
279.5,NODE_10262,11203041635,4,1,yyyyr,r,False,False,0,,1.5,281.0,False,False,scenario_baseline
280.0,LINK_249048,5161705573,2,1,yyr,r,False,False,0,,1.0,281.0,False,False,scenario_baseline
280.0,NODE_5837,5161705573,2,1,yyr,r,False,False,0,,1.0,281.0,False,False,scenario_baseline
280.0,LINK_10218,11139418715,2,1,yyr,r,False,False,0,,1.0,281.0,False,False,scenario_baseline
280.0,LINK_140740,11139418715,2,1,yyr,r,False,False,0,,1.0,281.0,False,False,scenario_baseline
280.0,NODE_9634,10974501473,4,1,yyyyr,r,False,False,0,,1.0,281.0,False,False,scenario_baseline
280.0,LINK_194891,11203052965,11,1,yyyyyyyyyyyr,r,False,False,0,,1.0,281.0,False,False,scenario_baseline
280.0,NODE_10378,11139418715,2,1,yyr,r,False,False,0,,1.0,281.0,False,False,scenario_baseline
280.0,NODE_5681,11139418723,2,1,yyr,r,False,False,0,,1.0,281.0,False,False,scenario_baseline
280.0,NODE_10262,11203041635,4,1,yyyyr,r,False,False,0,,1.0,281.0,False,False,scenario_baseline
280.5,LINK_249048,5161705573,2,1,yyr,r,False,False,0,,0.5,281.0,False,False,scenario_baseline
280.5,NODE_5837,5161705573,2,1,yyr,r,False,False,0,,0.5,281.0,False,False,scenario_baseline
280.5,LINK_10218,11139418715,2,1,yyr,r,False,False,0,,0.5,281.0,False,False,scenario_baseline
280.5,LINK_140740,11139418715,2,1,yyr,r,False,False,0,,0.5,281.0,False,False,scenario_baseline
280.5,NODE_9634,10974501473,4,1,yyyyr,r,False,False,0,,0.5,281.0,False,False,scenario_baseline
280.5,LINK_194891,11203052965,11,1,yyyyyyyyyyyr,r,False,False,0,,0.5,281.0,False,False,scenario_baseline
280.5,NODE_10378,11139418715,2,1,yyr,r,False,False,0,,0.5,281.0,False,False,scenario_baseline
280.5,NODE_5681,11139418723,2,1,yyr,r,False,False,0,,0.5,281.0,False,False,scenario_baseline
280.5,NODE_10262,11203041635,4,1,yyyyr,r,False,False,0,,0.5,281.0,False,False,scenario_baseline
281.0,LINK_249048,5161705573,2,1,yyr,r,False,False,0,,0.0,281.0,False,False,scenario_baseline
281.0,NODE_5837,5161705573,2,1,yyr,r,False,False,0,,0.0,281.0,False,False,scenario_baseline
281.0,LINK_10218,11139418715,2,1,yyr,r,False,False,0,,0.0,281.0,False,False,scenario_baseline
281.0,LINK_140740,11139418715,2,1,yyr,r,False,False,0,,0.0,281.0,False,False,scenario_baseline
281.0,NODE_9634,10974501473,4,1,yyyyr,r,False,False,0,,0.0,281.0,False,False,scenario_baseline
281.0,LINK_194891,11203052965,11,1,yyyyyyyyyyyr,r,False,False,0,,0.0,281.0,False,False,scenario_baseline
281.0,NODE_10378,11139418715,2,1,yyr,r,False,False,0,,0.0,281.0,False,False,scenario_baseline
281.0,NODE_5681,11139418723,2,1,yyr,r,False,False,0,,0.0,281.0,False,False,scenario_baseline
281.0,NODE_10262,11203041635,4,1,yyyyr,r,False,False,0,,0.0,281.0,False,False,scenario_baseline
281.5,LINK_249048,5161705573,2,2,rrG,G,True,True,0,,12.5,294.0,False,False,scenario_baseline
281.5,NODE_5837,5161705573,2,2,rrG,G,True,True,0,,12.5,294.0,False,False,scenario_baseline
281.5,LINK_10218,11139418715,2,2,rrG,G,True,True,0,,12.5,294.0,False,False,scenario_baseline
281.5,LINK_140740,11139418715,2,2,rrG,G,True,True,0,,12.5,294.0,False,False,scenario_baseline
281.5,NODE_9634,10974501473,4,2,rrrrG,G,True,True,0,,12.5,294.0,False,False,scenario_baseline
281.5,LINK_194891,11203052965,11,2,rrrrrrrrrrrG,G,True,True,0,,12.5,294.0,False,False,scenario_baseline
281.5,NODE_10378,11139418715,2,2,rrG,G,True,True,0,,12.5,294.0,False,False,scenario_baseline
281.5,NODE_5681,11139418723,2,2,rrG,G,True,True,0,,12.5,294.0,False,False,scenario_baseline
281.5,NODE_10262,11203041635,4,2,rrrrG,G,True,True,0,,12.5,294.0,False,False,scenario_baseline
282.0,LINK_249048,5161705573,2,2,rrG,G,True,True,0,,12.0,294.0,False,False,scenario_baseline
282.0,NODE_5837,5161705573,2,2,rrG,G,True,True,0,,12.0,294.0,False,False,scenario_baseline
282.0,LINK_10218,11139418715,2,2,rrG,G,True,True,0,,12.0,294.0,False,False,scenario_baseline
282.0,LINK_140740,11139418715,2,2,rrG,G,True,True,0,,12.0,294.0,False,False,scenario_baseline
282.0,NODE_9634,10974501473,4,2,rrrrG,G,True,True,0,,12.0,294.0,False,False,scenario_baseline
282.0,LINK_194891,11203052965,11,2,rrrrrrrrrrrG,G,True,True,0,,12.0,294.0,False,False,scenario_baseline
282.0,NODE_10378,11139418715,2,2,rrG,G,True,True,0,,12.0,294.0,False,False,scenario_baseline
282.0,NODE_5681,11139418723,2,2,rrG,G,True,True,0,,12.0,294.0,False,False,scenario_baseline
282.0,NODE_10262,11203041635,4,2,rrrrG,G,True,True,0,,12.0,294.0,False,False,scenario_baseline
282.5,LINK_249048,5161705573,2,2,rrG,G,True,True,0,,11.5,294.0,False,False,scenario_baseline
282.5,NODE_5837,5161705573,2,2,rrG,G,True,True,0,,11.5,294.0,False,False,scenario_baseline
282.5,LINK_10218,11139418715,2,2,rrG,G,True,True,0,,11.5,294.0,False,False,scenario_baseline
282.5,LINK_140740,11139418715,2,2,rrG,G,True,True,0,,11.5,294.0,False,False,scenario_baseline
282.5,NODE_9634,10974501473,4,2,rrrrG,G,True,True,0,,11.5,294.0,False,False,scenario_baseline
282.5,LINK_194891,11203052965,11,2,rrrrrrrrrrrG,G,True,True,0,,11.5,294.0,False,False,scenario_baseline
282.5,NODE_10378,11139418715,2,2,rrG,G,True,True,0,,11.5,294.0,False,False,scenario_baseline
282.5,NODE_5681,11139418723,2,2,rrG,G,True,True,0,,11.5,294.0,False,False,scenario_baseline
282.5,NODE_10262,11203041635,4,2,rrrrG,G,True,True,0,,11.5,294.0,False,False,scenario_baseline
283.0,LINK_249048,5161705573,2,2,rrG,G,True,True,0,,11.0,294.0,False,False,scenario_baseline
283.0,NODE_5837,5161705573,2,2,rrG,G,True,True,0,,11.0,294.0,False,False,scenario_baseline
283.0,LINK_10218,11139418715,2,2,rrG,G,True,True,0,,11.0,294.0,False,False,scenario_baseline
283.0,LINK_140740,11139418715,2,2,rrG,G,True,True,0,,11.0,294.0,False,False,scenario_baseline
283.0,NODE_9634,10974501473,4,2,rrrrG,G,True,True,0,,11.0,294.0,False,False,scenario_baseline
283.0,LINK_194891,11203052965,11,2,rrrrrrrrrrrG,G,True,True,0,,11.0,294.0,False,False,scenario_baseline
283.0,NODE_10378,11139418715,2,2,rrG,G,True,True,0,,11.0,294.0,False,False,scenario_baseline
283.0,NODE_5681,11139418723,2,2,rrG,G,True,True,0,,11.0,294.0,False,False,scenario_baseline
283.0,NODE_10262,11203041635,4,2,rrrrG,G,True,True,0,,11.0,294.0,False,False,scenario_baseline
283.5,LINK_249048,5161705573,2,2,rrG,G,True,True,0,,10.5,294.0,False,False,scenario_baseline
283.5,NODE_5837,5161705573,2,2,rrG,G,True,True,0,,10.5,294.0,False,False,scenario_baseline
283.5,LINK_10218,11139418715,2,2,rrG,G,True,True,0,,10.5,294.0,False,False,scenario_baseline
283.5,LINK_140740,11139418715,2,2,rrG,G,True,True,0,,10.5,294.0,False,False,scenario_baseline
283.5,NODE_9634,10974501473,4,2,rrrrG,G,True,True,0,,10.5,294.0,False,False,scenario_baseline
283.5,LINK_194891,11203052965,11,2,rrrrrrrrrrrG,G,True,True,0,,10.5,294.0,False,False,scenario_baseline
283.5,NODE_10378,11139418715,2,2,rrG,G,True,True,0,,10.5,294.0,False,False,scenario_baseline
283.5,NODE_5681,11139418723,2,2,rrG,G,True,True,0,,10.5,294.0,False,False,scenario_baseline
283.5,NODE_10262,11203041635,4,2,rrrrG,G,True,True,0,,10.5,294.0,False,False,scenario_baseline
284.0,LINK_249048,5161705573,2,2,rrG,G,True,True,0,,10.0,294.0,False,False,scenario_baseline
284.0,NODE_5837,5161705573,2,2,rrG,G,True,True,0,,10.0,294.0,False,False,scenario_baseline
284.0,LINK_10218,11139418715,2,2,rrG,G,True,True,0,,10.0,294.0,False,False,scenario_baseline
284.0,LINK_140740,11139418715,2,2,rrG,G,True,True,0,,10.0,294.0,False,False,scenario_baseline
284.0,NODE_9634,10974501473,4,2,rrrrG,G,True,True,0,,10.0,294.0,False,False,scenario_baseline
284.0,LINK_194891,11203052965,11,2,rrrrrrrrrrrG,G,True,True,0,,10.0,294.0,False,False,scenario_baseline
284.0,NODE_10378,11139418715,2,2,rrG,G,True,True,0,,10.0,294.0,False,False,scenario_baseline
284.0,NODE_5681,11139418723,2,2,rrG,G,True,True,0,,10.0,294.0,False,False,scenario_baseline
284.0,NODE_10262,11203041635,4,2,rrrrG,G,True,True,0,,10.0,294.0,False,False,scenario_baseline
284.5,LINK_249048,5161705573,2,2,rrG,G,True,True,0,,9.5,294.0,False,False,scenario_baseline
284.5,NODE_5837,5161705573,2,2,rrG,G,True,True,0,,9.5,294.0,False,False,scenario_baseline
284.5,LINK_10218,11139418715,2,2,rrG,G,True,True,0,,9.5,294.0,False,False,scenario_baseline
284.5,LINK_140740,11139418715,2,2,rrG,G,True,True,0,,9.5,294.0,False,False,scenario_baseline
284.5,NODE_9634,10974501473,4,2,rrrrG,G,True,True,0,,9.5,294.0,False,False,scenario_baseline
284.5,LINK_194891,11203052965,11,2,rrrrrrrrrrrG,G,True,True,0,,9.5,294.0,False,False,scenario_baseline
284.5,NODE_10378,11139418715,2,2,rrG,G,True,True,0,,9.5,294.0,False,False,scenario_baseline
284.5,NODE_5681,11139418723,2,2,rrG,G,True,True,0,,9.5,294.0,False,False,scenario_baseline
284.5,NODE_10262,11203041635,4,2,rrrrG,G,True,True,0,,9.5,294.0,False,False,scenario_baseline
285.0,LINK_249048,5161705573,2,2,rrG,G,True,True,0,,9.0,294.0,False,False,scenario_baseline
285.0,NODE_5837,5161705573,2,2,rrG,G,True,True,0,,9.0,294.0,False,False,scenario_baseline
285.0,LINK_10218,11139418715,2,2,rrG,G,True,True,0,,9.0,294.0,False,False,scenario_baseline
285.0,LINK_140740,11139418715,2,2,rrG,G,True,True,0,,9.0,294.0,False,False,scenario_baseline
285.0,NODE_9634,10974501473,4,2,rrrrG,G,True,True,0,,9.0,294.0,False,False,scenario_baseline
285.0,LINK_194891,11203052965,11,2,rrrrrrrrrrrG,G,True,True,0,,9.0,294.0,False,False,scenario_baseline
285.0,NODE_10378,11139418715,2,2,rrG,G,True,True,0,,9.0,294.0,False,False,scenario_baseline
285.0,NODE_5681,11139418723,2,2,rrG,G,True,True,0,,9.0,294.0,False,False,scenario_baseline
285.0,NODE_10262,11203041635,4,2,rrrrG,G,True,True,0,,9.0,294.0,False,False,scenario_baseline
285.5,LINK_249048,5161705573,2,2,rrG,G,True,True,0,,8.5,294.0,False,False,scenario_baseline
285.5,NODE_5837,5161705573,2,2,rrG,G,True,True,0,,8.5,294.0,False,False,scenario_baseline
285.5,LINK_10218,11139418715,2,2,rrG,G,True,True,0,,8.5,294.0,False,False,scenario_baseline
285.5,LINK_140740,11139418715,2,2,rrG,G,True,True,0,,8.5,294.0,False,False,scenario_baseline
285.5,NODE_9634,10974501473,4,2,rrrrG,G,True,True,0,,8.5,294.0,False,False,scenario_baseline
285.5,LINK_194891,11203052965,11,2,rrrrrrrrrrrG,G,True,True,0,,8.5,294.0,False,False,scenario_baseline
285.5,NODE_10378,11139418715,2,2,rrG,G,True,True,0,,8.5,294.0,False,False,scenario_baseline
285.5,NODE_5681,11139418723,2,2,rrG,G,True,True,0,,8.5,294.0,False,False,scenario_baseline
285.5,NODE_10262,11203041635,4,2,rrrrG,G,True,True,0,,8.5,294.0,False,False,scenario_baseline
286.0,LINK_249048,5161705573,2,2,rrG,G,True,True,0,,8.0,294.0,False,False,scenario_baseline
286.0,NODE_5837,5161705573,2,2,rrG,G,True,True,0,,8.0,294.0,False,False,scenario_baseline
286.0,LINK_10218,11139418715,2,2,rrG,G,True,True,0,,8.0,294.0,False,False,scenario_baseline
286.0,LINK_140740,11139418715,2,2,rrG,G,True,True,0,,8.0,294.0,False,False,scenario_baseline
286.0,NODE_9634,10974501473,4,2,rrrrG,G,True,True,0,,8.0,294.0,False,False,scenario_baseline
286.0,LINK_194891,11203052965,11,2,rrrrrrrrrrrG,G,True,True,0,,8.0,294.0,False,False,scenario_baseline
286.0,NODE_10378,11139418715,2,2,rrG,G,True,True,0,,8.0,294.0,False,False,scenario_baseline
286.0,NODE_5681,11139418723,2,2,rrG,G,True,True,0,,8.0,294.0,False,False,scenario_baseline
286.0,NODE_10262,11203041635,4,2,rrrrG,G,True,True,0,,8.0,294.0,False,False,scenario_baseline
286.5,LINK_249048,5161705573,2,2,rrG,G,True,True,0,,7.5,294.0,False,False,scenario_baseline
286.5,NODE_5837,5161705573,2,2,rrG,G,True,True,0,,7.5,294.0,False,False,scenario_baseline
286.5,LINK_10218,11139418715,2,2,rrG,G,True,True,0,,7.5,294.0,False,False,scenario_baseline
286.5,LINK_140740,11139418715,2,2,rrG,G,True,True,0,,7.5,294.0,False,False,scenario_baseline
286.5,NODE_9634,10974501473,4,2,rrrrG,G,True,True,0,,7.5,294.0,False,False,scenario_baseline
286.5,LINK_194891,11203052965,11,2,rrrrrrrrrrrG,G,True,True,0,,7.5,294.0,False,False,scenario_baseline
286.5,NODE_10378,11139418715,2,2,rrG,G,True,True,0,,7.5,294.0,False,False,scenario_baseline
286.5,NODE_5681,11139418723,2,2,rrG,G,True,True,0,,7.5,294.0,False,False,scenario_baseline
286.5,NODE_10262,11203041635,4,2,rrrrG,G,True,True,0,,7.5,294.0,False,False,scenario_baseline
287.0,LINK_249048,5161705573,2,2,rrG,G,True,True,0,,7.0,294.0,False,False,scenario_baseline
287.0,NODE_5837,5161705573,2,2,rrG,G,True,True,0,,7.0,294.0,False,False,scenario_baseline
287.0,LINK_10218,11139418715,2,2,rrG,G,True,True,0,,7.0,294.0,False,False,scenario_baseline
287.0,LINK_140740,11139418715,2,2,rrG,G,True,True,0,,7.0,294.0,False,False,scenario_baseline
287.0,NODE_9634,10974501473,4,2,rrrrG,G,True,True,0,,7.0,294.0,False,False,scenario_baseline
287.0,LINK_194891,11203052965,11,2,rrrrrrrrrrrG,G,True,True,0,,7.0,294.0,False,False,scenario_baseline
287.0,NODE_10378,11139418715,2,2,rrG,G,True,True,0,,7.0,294.0,False,False,scenario_baseline
287.0,NODE_5681,11139418723,2,2,rrG,G,True,True,0,,7.0,294.0,False,False,scenario_baseline
287.0,NODE_10262,11203041635,4,2,rrrrG,G,True,True,0,,7.0,294.0,False,False,scenario_baseline
287.5,LINK_249048,5161705573,2,2,rrG,G,True,True,0,,6.5,294.0,False,False,scenario_baseline
287.5,NODE_5837,5161705573,2,2,rrG,G,True,True,0,,6.5,294.0,False,False,scenario_baseline
287.5,LINK_10218,11139418715,2,2,rrG,G,True,True,0,,6.5,294.0,False,False,scenario_baseline
287.5,LINK_140740,11139418715,2,2,rrG,G,True,True,0,,6.5,294.0,False,False,scenario_baseline
287.5,NODE_9634,10974501473,4,2,rrrrG,G,True,True,0,,6.5,294.0,False,False,scenario_baseline
287.5,LINK_194891,11203052965,11,2,rrrrrrrrrrrG,G,True,True,0,,6.5,294.0,False,False,scenario_baseline
287.5,NODE_10378,11139418715,2,2,rrG,G,True,True,0,,6.5,294.0,False,False,scenario_baseline
287.5,NODE_5681,11139418723,2,2,rrG,G,True,True,0,,6.5,294.0,False,False,scenario_baseline
287.5,NODE_10262,11203041635,4,2,rrrrG,G,True,True,0,,6.5,294.0,False,False,scenario_baseline
288.0,LINK_249048,5161705573,2,2,rrG,G,True,True,0,,6.0,294.0,False,False,scenario_baseline
288.0,NODE_5837,5161705573,2,2,rrG,G,True,True,0,,6.0,294.0,False,False,scenario_baseline
288.0,LINK_10218,11139418715,2,2,rrG,G,True,True,0,,6.0,294.0,False,False,scenario_baseline
288.0,LINK_140740,11139418715,2,2,rrG,G,True,True,0,,6.0,294.0,False,False,scenario_baseline
288.0,NODE_9634,10974501473,4,2,rrrrG,G,True,True,0,,6.0,294.0,False,False,scenario_baseline
288.0,LINK_194891,11203052965,11,2,rrrrrrrrrrrG,G,True,True,0,,6.0,294.0,False,False,scenario_baseline
288.0,NODE_10378,11139418715,2,2,rrG,G,True,True,0,,6.0,294.0,False,False,scenario_baseline
288.0,NODE_5681,11139418723,2,2,rrG,G,True,True,0,,6.0,294.0,False,False,scenario_baseline
288.0,NODE_10262,11203041635,4,2,rrrrG,G,True,True,0,,6.0,294.0,False,False,scenario_baseline
288.5,LINK_249048,5161705573,2,2,rrG,G,True,True,0,,5.5,294.0,False,False,scenario_baseline
288.5,NODE_5837,5161705573,2,2,rrG,G,True,True,0,,5.5,294.0,False,False,scenario_baseline
288.5,LINK_10218,11139418715,2,2,rrG,G,True,True,0,,5.5,294.0,False,False,scenario_baseline
288.5,LINK_140740,11139418715,2,2,rrG,G,True,True,0,,5.5,294.0,False,False,scenario_baseline
288.5,NODE_9634,10974501473,4,2,rrrrG,G,True,True,0,,5.5,294.0,False,False,scenario_baseline
288.5,LINK_194891,11203052965,11,2,rrrrrrrrrrrG,G,True,True,0,,5.5,294.0,False,False,scenario_baseline
288.5,NODE_10378,11139418715,2,2,rrG,G,True,True,0,,5.5,294.0,False,False,scenario_baseline
288.5,NODE_5681,11139418723,2,2,rrG,G,True,True,0,,5.5,294.0,False,False,scenario_baseline
288.5,NODE_10262,11203041635,4,2,rrrrG,G,True,True,0,,5.5,294.0,False,False,scenario_baseline
289.0,LINK_249048,5161705573,2,2,rrG,G,True,True,0,,5.0,294.0,False,False,scenario_baseline
289.0,NODE_5837,5161705573,2,2,rrG,G,True,True,0,,5.0,294.0,False,False,scenario_baseline
289.0,LINK_10218,11139418715,2,2,rrG,G,True,True,0,,5.0,294.0,False,False,scenario_baseline
289.0,LINK_140740,11139418715,2,2,rrG,G,True,True,0,,5.0,294.0,False,False,scenario_baseline
289.0,NODE_9634,10974501473,4,2,rrrrG,G,True,True,0,,5.0,294.0,False,False,scenario_baseline
289.0,LINK_194891,11203052965,11,2,rrrrrrrrrrrG,G,True,True,0,,5.0,294.0,False,False,scenario_baseline
289.0,NODE_10378,11139418715,2,2,rrG,G,True,True,0,,5.0,294.0,False,False,scenario_baseline
289.0,NODE_5681,11139418723,2,2,rrG,G,True,True,0,,5.0,294.0,False,False,scenario_baseline
289.0,NODE_10262,11203041635,4,2,rrrrG,G,True,True,0,,5.0,294.0,False,False,scenario_baseline
289.5,LINK_249048,5161705573,2,2,rrG,G,True,True,0,,4.5,294.0,False,False,scenario_baseline
289.5,NODE_5837,5161705573,2,2,rrG,G,True,True,0,,4.5,294.0,False,False,scenario_baseline
289.5,LINK_10218,11139418715,2,2,rrG,G,True,True,0,,4.5,294.0,False,False,scenario_baseline
289.5,LINK_140740,11139418715,2,2,rrG,G,True,True,0,,4.5,294.0,False,False,scenario_baseline
289.5,NODE_9634,10974501473,4,2,rrrrG,G,True,True,0,,4.5,294.0,False,False,scenario_baseline
289.5,LINK_194891,11203052965,11,2,rrrrrrrrrrrG,G,True,True,0,,4.5,294.0,False,False,scenario_baseline
289.5,NODE_10378,11139418715,2,2,rrG,G,True,True,0,,4.5,294.0,False,False,scenario_baseline
289.5,NODE_5681,11139418723,2,2,rrG,G,True,True,0,,4.5,294.0,False,False,scenario_baseline
289.5,NODE_10262,11203041635,4,2,rrrrG,G,True,True,0,,4.5,294.0,False,False,scenario_baseline
290.0,LINK_249048,5161705573,2,2,rrG,G,True,True,0,,4.0,294.0,False,False,scenario_baseline
290.0,NODE_5837,5161705573,2,2,rrG,G,True,True,0,,4.0,294.0,False,False,scenario_baseline
290.0,LINK_10218,11139418715,2,2,rrG,G,True,True,0,,4.0,294.0,False,False,scenario_baseline
290.0,LINK_140740,11139418715,2,2,rrG,G,True,True,0,,4.0,294.0,False,False,scenario_baseline
290.0,NODE_9634,10974501473,4,2,rrrrG,G,True,True,0,,4.0,294.0,False,False,scenario_baseline
290.0,LINK_194891,11203052965,11,2,rrrrrrrrrrrG,G,True,True,0,,4.0,294.0,False,False,scenario_baseline
290.0,NODE_10378,11139418715,2,2,rrG,G,True,True,0,,4.0,294.0,False,False,scenario_baseline
290.0,NODE_5681,11139418723,2,2,rrG,G,True,True,0,,4.0,294.0,False,False,scenario_baseline
290.0,NODE_10262,11203041635,4,2,rrrrG,G,True,True,0,,4.0,294.0,False,False,scenario_baseline
290.5,LINK_249048,5161705573,2,2,rrG,G,True,True,0,,3.5,294.0,False,False,scenario_baseline
290.5,NODE_5837,5161705573,2,2,rrG,G,True,True,0,,3.5,294.0,False,False,scenario_baseline
290.5,LINK_10218,11139418715,2,2,rrG,G,True,True,0,,3.5,294.0,False,False,scenario_baseline
290.5,LINK_140740,11139418715,2,2,rrG,G,True,True,0,,3.5,294.0,False,False,scenario_baseline
290.5,NODE_9634,10974501473,4,2,rrrrG,G,True,True,0,,3.5,294.0,False,False,scenario_baseline
290.5,LINK_194891,11203052965,11,2,rrrrrrrrrrrG,G,True,True,0,,3.5,294.0,False,False,scenario_baseline
290.5,NODE_10378,11139418715,2,2,rrG,G,True,True,0,,3.5,294.0,False,False,scenario_baseline
290.5,NODE_5681,11139418723,2,2,rrG,G,True,True,0,,3.5,294.0,False,False,scenario_baseline
290.5,NODE_10262,11203041635,4,2,rrrrG,G,True,True,0,,3.5,294.0,False,False,scenario_baseline
291.0,LINK_249048,5161705573,2,2,rrG,G,True,True,0,,3.0,294.0,False,False,scenario_baseline
291.0,NODE_5837,5161705573,2,2,rrG,G,True,True,0,,3.0,294.0,False,False,scenario_baseline
291.0,LINK_10218,11139418715,2,2,rrG,G,True,True,0,,3.0,294.0,False,False,scenario_baseline
291.0,LINK_140740,11139418715,2,2,rrG,G,True,True,0,,3.0,294.0,False,False,scenario_baseline
291.0,NODE_9634,10974501473,4,2,rrrrG,G,True,True,0,,3.0,294.0,False,False,scenario_baseline
291.0,LINK_194891,11203052965,11,2,rrrrrrrrrrrG,G,True,True,0,,3.0,294.0,False,False,scenario_baseline
291.0,NODE_10378,11139418715,2,2,rrG,G,True,True,0,,3.0,294.0,False,False,scenario_baseline
291.0,NODE_5681,11139418723,2,2,rrG,G,True,True,0,,3.0,294.0,False,False,scenario_baseline
291.0,NODE_10262,11203041635,4,2,rrrrG,G,True,True,0,,3.0,294.0,False,False,scenario_baseline
291.5,LINK_249048,5161705573,2,2,rrG,G,True,True,0,,2.5,294.0,False,False,scenario_baseline
291.5,NODE_5837,5161705573,2,2,rrG,G,True,True,0,,2.5,294.0,False,False,scenario_baseline
291.5,LINK_10218,11139418715,2,2,rrG,G,True,True,0,,2.5,294.0,False,False,scenario_baseline
291.5,LINK_140740,11139418715,2,2,rrG,G,True,True,0,,2.5,294.0,False,False,scenario_baseline
291.5,NODE_9634,10974501473,4,2,rrrrG,G,True,True,0,,2.5,294.0,False,False,scenario_baseline
291.5,LINK_194891,11203052965,11,2,rrrrrrrrrrrG,G,True,True,0,,2.5,294.0,False,False,scenario_baseline
291.5,NODE_10378,11139418715,2,2,rrG,G,True,True,0,,2.5,294.0,False,False,scenario_baseline
291.5,NODE_5681,11139418723,2,2,rrG,G,True,True,0,,2.5,294.0,False,False,scenario_baseline
291.5,NODE_10262,11203041635,4,2,rrrrG,G,True,True,0,,2.5,294.0,False,False,scenario_baseline
292.0,LINK_249048,5161705573,2,2,rrG,G,True,True,0,,2.0,294.0,False,False,scenario_baseline
292.0,NODE_5837,5161705573,2,2,rrG,G,True,True,0,,2.0,294.0,False,False,scenario_baseline
292.0,LINK_10218,11139418715,2,2,rrG,G,True,True,0,,2.0,294.0,False,False,scenario_baseline
292.0,LINK_140740,11139418715,2,2,rrG,G,True,True,0,,2.0,294.0,False,False,scenario_baseline
292.0,NODE_9634,10974501473,4,2,rrrrG,G,True,True,0,,2.0,294.0,False,False,scenario_baseline
292.0,LINK_194891,11203052965,11,2,rrrrrrrrrrrG,G,True,True,0,,2.0,294.0,False,False,scenario_baseline
292.0,NODE_10378,11139418715,2,2,rrG,G,True,True,0,,2.0,294.0,False,False,scenario_baseline
292.0,NODE_5681,11139418723,2,2,rrG,G,True,True,0,,2.0,294.0,False,False,scenario_baseline
292.0,NODE_10262,11203041635,4,2,rrrrG,G,True,True,0,,2.0,294.0,False,False,scenario_baseline
292.5,LINK_249048,5161705573,2,2,rrG,G,True,True,0,,1.5,294.0,False,False,scenario_baseline
292.5,NODE_5837,5161705573,2,2,rrG,G,True,True,0,,1.5,294.0,False,False,scenario_baseline
292.5,LINK_10218,11139418715,2,2,rrG,G,True,True,0,,1.5,294.0,False,False,scenario_baseline
292.5,LINK_140740,11139418715,2,2,rrG,G,True,True,0,,1.5,294.0,False,False,scenario_baseline
292.5,NODE_9634,10974501473,4,2,rrrrG,G,True,True,0,,1.5,294.0,False,False,scenario_baseline
292.5,LINK_194891,11203052965,11,2,rrrrrrrrrrrG,G,True,True,0,,1.5,294.0,False,False,scenario_baseline
292.5,NODE_10378,11139418715,2,2,rrG,G,True,True,0,,1.5,294.0,False,False,scenario_baseline
292.5,NODE_5681,11139418723,2,2,rrG,G,True,True,0,,1.5,294.0,False,False,scenario_baseline
292.5,NODE_10262,11203041635,4,2,rrrrG,G,True,True,0,,1.5,294.0,False,False,scenario_baseline
293.0,LINK_249048,5161705573,2,2,rrG,G,True,True,0,,1.0,294.0,False,False,scenario_baseline
293.0,NODE_5837,5161705573,2,2,rrG,G,True,True,0,,1.0,294.0,False,False,scenario_baseline
293.0,LINK_10218,11139418715,2,2,rrG,G,True,True,0,,1.0,294.0,False,False,scenario_baseline
293.0,LINK_140740,11139418715,2,2,rrG,G,True,True,0,,1.0,294.0,False,False,scenario_baseline
293.0,NODE_9634,10974501473,4,2,rrrrG,G,True,True,0,,1.0,294.0,False,False,scenario_baseline
293.0,LINK_194891,11203052965,11,2,rrrrrrrrrrrG,G,True,True,0,,1.0,294.0,False,False,scenario_baseline
293.0,NODE_10378,11139418715,2,2,rrG,G,True,True,0,,1.0,294.0,False,False,scenario_baseline
293.0,NODE_5681,11139418723,2,2,rrG,G,True,True,0,,1.0,294.0,False,False,scenario_baseline
293.0,NODE_10262,11203041635,4,2,rrrrG,G,True,True,0,,1.0,294.0,False,False,scenario_baseline
293.5,LINK_249048,5161705573,2,2,rrG,G,True,True,0,,0.5,294.0,False,False,scenario_baseline
293.5,NODE_5837,5161705573,2,2,rrG,G,True,True,0,,0.5,294.0,False,False,scenario_baseline
293.5,LINK_10218,11139418715,2,2,rrG,G,True,True,0,,0.5,294.0,False,False,scenario_baseline
293.5,LINK_140740,11139418715,2,2,rrG,G,True,True,0,,0.5,294.0,False,False,scenario_baseline
293.5,NODE_9634,10974501473,4,2,rrrrG,G,True,True,0,,0.5,294.0,False,False,scenario_baseline
293.5,LINK_194891,11203052965,11,2,rrrrrrrrrrrG,G,True,True,0,,0.5,294.0,False,False,scenario_baseline
293.5,NODE_10378,11139418715,2,2,rrG,G,True,True,0,,0.5,294.0,False,False,scenario_baseline
293.5,NODE_5681,11139418723,2,2,rrG,G,True,True,0,,0.5,294.0,False,False,scenario_baseline
293.5,NODE_10262,11203041635,4,2,rrrrG,G,True,True,0,,0.5,294.0,False,False,scenario_baseline
294.0,LINK_249048,5161705573,2,2,rrG,G,True,True,0,,0.0,294.0,False,False,scenario_baseline
294.0,NODE_5837,5161705573,2,2,rrG,G,True,True,0,,0.0,294.0,False,False,scenario_baseline
294.0,LINK_10218,11139418715,2,2,rrG,G,True,True,0,,0.0,294.0,False,False,scenario_baseline
294.0,LINK_140740,11139418715,2,2,rrG,G,True,True,0,,0.0,294.0,False,False,scenario_baseline
294.0,NODE_9634,10974501473,4,2,rrrrG,G,True,True,0,,0.0,294.0,False,False,scenario_baseline
294.0,LINK_194891,11203052965,11,2,rrrrrrrrrrrG,G,True,True,0,,0.0,294.0,False,False,scenario_baseline
294.0,NODE_10378,11139418715,2,2,rrG,G,True,True,0,,0.0,294.0,False,False,scenario_baseline
294.0,NODE_5681,11139418723,2,2,rrG,G,True,True,0,,0.0,294.0,False,False,scenario_baseline
294.0,NODE_10262,11203041635,4,2,rrrrG,G,True,True,0,,0.0,294.0,False,False,scenario_baseline
294.5,LINK_249048,5161705573,2,0,GGr,r,False,False,0,,78.5,373.0,False,False,scenario_baseline
294.5,NODE_5837,5161705573,2,0,GGr,r,False,False,0,,78.5,373.0,False,False,scenario_baseline
294.5,LINK_10218,11139418715,2,0,GGr,r,False,False,0,,78.5,373.0,False,False,scenario_baseline
294.5,LINK_140740,11139418715,2,0,GGr,r,False,False,0,,78.5,373.0,False,False,scenario_baseline
294.5,NODE_9634,10974501473,4,0,GGGGr,r,False,False,0,,80.5,375.0,False,False,scenario_baseline
294.5,LINK_194891,11203052965,11,0,GGGGGGGGGGGr,r,False,False,0,,78.5,373.0,False,False,scenario_baseline
294.5,NODE_10378,11139418715,2,0,GGr,r,False,False,0,,78.5,373.0,False,False,scenario_baseline
294.5,NODE_5681,11139418723,2,0,GGr,r,False,False,0,,78.5,373.0,False,False,scenario_baseline
294.5,NODE_10262,11203041635,4,0,GGGGr,r,False,False,0,,78.5,373.0,False,False,scenario_baseline
295.0,LINK_249048,5161705573,2,0,GGr,r,False,False,0,,78.0,373.0,False,False,scenario_baseline
295.0,NODE_5837,5161705573,2,0,GGr,r,False,False,0,,78.0,373.0,False,False,scenario_baseline
295.0,LINK_10218,11139418715,2,0,GGr,r,False,False,0,,78.0,373.0,False,False,scenario_baseline
295.0,LINK_140740,11139418715,2,0,GGr,r,False,False,0,,78.0,373.0,False,False,scenario_baseline
295.0,NODE_9634,10974501473,4,0,GGGGr,r,False,False,0,,80.0,375.0,False,False,scenario_baseline
295.0,LINK_194891,11203052965,11,0,GGGGGGGGGGGr,r,False,False,0,,78.0,373.0,False,False,scenario_baseline
295.0,NODE_10378,11139418715,2,0,GGr,r,False,False,0,,78.0,373.0,False,False,scenario_baseline
295.0,NODE_5681,11139418723,2,0,GGr,r,False,False,0,,78.0,373.0,False,False,scenario_baseline
295.0,NODE_10262,11203041635,4,0,GGGGr,r,False,False,0,,78.0,373.0,False,False,scenario_baseline
295.5,LINK_249048,5161705573,2,0,GGr,r,False,False,0,,77.5,373.0,False,False,scenario_baseline
295.5,NODE_5837,5161705573,2,0,GGr,r,False,False,0,,77.5,373.0,False,False,scenario_baseline
295.5,LINK_10218,11139418715,2,0,GGr,r,False,False,0,,77.5,373.0,False,False,scenario_baseline
295.5,LINK_140740,11139418715,2,0,GGr,r,False,False,0,,77.5,373.0,False,False,scenario_baseline
295.5,NODE_9634,10974501473,4,0,GGGGr,r,False,False,0,,79.5,375.0,False,False,scenario_baseline
295.5,LINK_194891,11203052965,11,0,GGGGGGGGGGGr,r,False,False,0,,77.5,373.0,False,False,scenario_baseline
295.5,NODE_10378,11139418715,2,0,GGr,r,False,False,0,,77.5,373.0,False,False,scenario_baseline
295.5,NODE_5681,11139418723,2,0,GGr,r,False,False,0,,77.5,373.0,False,False,scenario_baseline
295.5,NODE_10262,11203041635,4,0,GGGGr,r,False,False,0,,77.5,373.0,False,False,scenario_baseline
296.0,LINK_249048,5161705573,2,0,GGr,r,False,False,0,,77.0,373.0,False,False,scenario_baseline
296.0,NODE_5837,5161705573,2,0,GGr,r,False,False,0,,77.0,373.0,False,False,scenario_baseline
296.0,LINK_10218,11139418715,2,0,GGr,r,False,False,0,,77.0,373.0,False,False,scenario_baseline
296.0,LINK_140740,11139418715,2,0,GGr,r,False,False,0,,77.0,373.0,False,False,scenario_baseline
296.0,NODE_9634,10974501473,4,0,GGGGr,r,False,False,0,,79.0,375.0,False,False,scenario_baseline
296.0,LINK_194891,11203052965,11,0,GGGGGGGGGGGr,r,False,False,0,,77.0,373.0,False,False,scenario_baseline
296.0,NODE_10378,11139418715,2,0,GGr,r,False,False,0,,77.0,373.0,False,False,scenario_baseline
296.0,NODE_5681,11139418723,2,0,GGr,r,False,False,0,,77.0,373.0,False,False,scenario_baseline
296.0,NODE_10262,11203041635,4,0,GGGGr,r,False,False,0,,77.0,373.0,False,False,scenario_baseline
296.5,LINK_249048,5161705573,2,0,GGr,r,False,False,0,,76.5,373.0,False,False,scenario_baseline
296.5,NODE_5837,5161705573,2,0,GGr,r,False,False,0,,76.5,373.0,False,False,scenario_baseline
296.5,LINK_10218,11139418715,2,0,GGr,r,False,False,0,,76.5,373.0,False,False,scenario_baseline
296.5,LINK_140740,11139418715,2,0,GGr,r,False,False,0,,76.5,373.0,False,False,scenario_baseline
296.5,NODE_9634,10974501473,4,0,GGGGr,r,False,False,0,,78.5,375.0,False,False,scenario_baseline
296.5,LINK_194891,11203052965,11,0,GGGGGGGGGGGr,r,False,False,0,,76.5,373.0,False,False,scenario_baseline
296.5,NODE_10378,11139418715,2,0,GGr,r,False,False,0,,76.5,373.0,False,False,scenario_baseline
296.5,NODE_5681,11139418723,2,0,GGr,r,False,False,0,,76.5,373.0,False,False,scenario_baseline
296.5,NODE_10262,11203041635,4,0,GGGGr,r,False,False,0,,76.5,373.0,False,False,scenario_baseline
297.0,LINK_249048,5161705573,2,0,GGr,r,False,False,0,,76.0,373.0,False,False,scenario_baseline
297.0,NODE_5837,5161705573,2,0,GGr,r,False,False,0,,76.0,373.0,False,False,scenario_baseline
297.0,LINK_10218,11139418715,2,0,GGr,r,False,False,0,,76.0,373.0,False,False,scenario_baseline
297.0,LINK_140740,11139418715,2,0,GGr,r,False,False,0,,76.0,373.0,False,False,scenario_baseline
297.0,NODE_9634,10974501473,4,0,GGGGr,r,False,False,0,,78.0,375.0,False,False,scenario_baseline
297.0,LINK_194891,11203052965,11,0,GGGGGGGGGGGr,r,False,False,0,,76.0,373.0,False,False,scenario_baseline
297.0,NODE_10378,11139418715,2,0,GGr,r,False,False,0,,76.0,373.0,False,False,scenario_baseline
297.0,NODE_5681,11139418723,2,0,GGr,r,False,False,0,,76.0,373.0,False,False,scenario_baseline
297.0,NODE_10262,11203041635,4,0,GGGGr,r,False,False,0,,76.0,373.0,False,False,scenario_baseline
297.5,LINK_249048,5161705573,2,0,GGr,r,False,False,0,,75.5,373.0,False,False,scenario_baseline
297.5,NODE_5837,5161705573,2,0,GGr,r,False,False,0,,75.5,373.0,False,False,scenario_baseline
297.5,LINK_10218,11139418715,2,0,GGr,r,False,False,0,,75.5,373.0,False,False,scenario_baseline
297.5,LINK_140740,11139418715,2,0,GGr,r,False,False,0,,75.5,373.0,False,False,scenario_baseline
297.5,NODE_9634,10974501473,4,0,GGGGr,r,False,False,0,,77.5,375.0,False,False,scenario_baseline
297.5,LINK_194891,11203052965,11,0,GGGGGGGGGGGr,r,False,False,0,,75.5,373.0,False,False,scenario_baseline
297.5,NODE_10378,11139418715,2,0,GGr,r,False,False,0,,75.5,373.0,False,False,scenario_baseline
297.5,NODE_5681,11139418723,2,0,GGr,r,False,False,0,,75.5,373.0,False,False,scenario_baseline
297.5,NODE_10262,11203041635,4,0,GGGGr,r,False,False,0,,75.5,373.0,False,False,scenario_baseline
298.0,LINK_249048,5161705573,2,0,GGr,r,False,False,0,,75.0,373.0,False,False,scenario_baseline
298.0,NODE_5837,5161705573,2,0,GGr,r,False,False,0,,75.0,373.0,False,False,scenario_baseline
298.0,LINK_10218,11139418715,2,0,GGr,r,False,False,0,,75.0,373.0,False,False,scenario_baseline
298.0,LINK_140740,11139418715,2,0,GGr,r,False,False,0,,75.0,373.0,False,False,scenario_baseline
298.0,NODE_9634,10974501473,4,0,GGGGr,r,False,False,0,,77.0,375.0,False,False,scenario_baseline
298.0,LINK_194891,11203052965,11,0,GGGGGGGGGGGr,r,False,False,0,,75.0,373.0,False,False,scenario_baseline
298.0,NODE_10378,11139418715,2,0,GGr,r,False,False,0,,75.0,373.0,False,False,scenario_baseline
298.0,NODE_5681,11139418723,2,0,GGr,r,False,False,0,,75.0,373.0,False,False,scenario_baseline
298.0,NODE_10262,11203041635,4,0,GGGGr,r,False,False,0,,75.0,373.0,False,False,scenario_baseline
298.5,LINK_249048,5161705573,2,0,GGr,r,False,False,0,,74.5,373.0,False,False,scenario_baseline
298.5,NODE_5837,5161705573,2,0,GGr,r,False,False,0,,74.5,373.0,False,False,scenario_baseline
298.5,LINK_10218,11139418715,2,0,GGr,r,False,False,0,,74.5,373.0,False,False,scenario_baseline
298.5,LINK_140740,11139418715,2,0,GGr,r,False,False,0,,74.5,373.0,False,False,scenario_baseline
298.5,NODE_9634,10974501473,4,0,GGGGr,r,False,False,0,,76.5,375.0,False,False,scenario_baseline
298.5,LINK_194891,11203052965,11,0,GGGGGGGGGGGr,r,False,False,0,,74.5,373.0,False,False,scenario_baseline
298.5,NODE_10378,11139418715,2,0,GGr,r,False,False,0,,74.5,373.0,False,False,scenario_baseline
298.5,NODE_5681,11139418723,2,0,GGr,r,False,False,0,,74.5,373.0,False,False,scenario_baseline
298.5,NODE_10262,11203041635,4,0,GGGGr,r,False,False,0,,74.5,373.0,False,False,scenario_baseline
299.0,LINK_249048,5161705573,2,0,GGr,r,False,False,0,,74.0,373.0,False,False,scenario_baseline
299.0,NODE_5837,5161705573,2,0,GGr,r,False,False,0,,74.0,373.0,False,False,scenario_baseline
299.0,LINK_10218,11139418715,2,0,GGr,r,False,False,0,,74.0,373.0,False,False,scenario_baseline
299.0,LINK_140740,11139418715,2,0,GGr,r,False,False,0,,74.0,373.0,False,False,scenario_baseline
299.0,NODE_9634,10974501473,4,0,GGGGr,r,False,False,0,,76.0,375.0,False,False,scenario_baseline
299.0,LINK_194891,11203052965,11,0,GGGGGGGGGGGr,r,False,False,0,,74.0,373.0,False,False,scenario_baseline
299.0,NODE_10378,11139418715,2,0,GGr,r,False,False,0,,74.0,373.0,False,False,scenario_baseline
299.0,NODE_5681,11139418723,2,0,GGr,r,False,False,0,,74.0,373.0,False,False,scenario_baseline
299.0,NODE_10262,11203041635,4,0,GGGGr,r,False,False,0,,74.0,373.0,False,False,scenario_baseline
299.5,LINK_249048,5161705573,2,0,GGr,r,False,False,0,,73.5,373.0,False,False,scenario_baseline
299.5,NODE_5837,5161705573,2,0,GGr,r,False,False,0,,73.5,373.0,False,False,scenario_baseline
299.5,LINK_10218,11139418715,2,0,GGr,r,False,False,0,,73.5,373.0,False,False,scenario_baseline
299.5,LINK_140740,11139418715,2,0,GGr,r,False,False,0,,73.5,373.0,False,False,scenario_baseline
299.5,NODE_9634,10974501473,4,0,GGGGr,r,False,False,0,,75.5,375.0,False,False,scenario_baseline
299.5,LINK_194891,11203052965,11,0,GGGGGGGGGGGr,r,False,False,0,,73.5,373.0,False,False,scenario_baseline
299.5,NODE_10378,11139418715,2,0,GGr,r,False,False,0,,73.5,373.0,False,False,scenario_baseline
299.5,NODE_5681,11139418723,2,0,GGr,r,False,False,0,,73.5,373.0,False,False,scenario_baseline
299.5,NODE_10262,11203041635,4,0,GGGGr,r,False,False,0,,73.5,373.0,False,False,scenario_baseline
300.0,LINK_249048,5161705573,2,0,GGr,r,False,False,0,,73.0,373.0,False,False,scenario_baseline
300.0,NODE_5837,5161705573,2,0,GGr,r,False,False,0,,73.0,373.0,False,False,scenario_baseline
300.0,LINK_10218,11139418715,2,0,GGr,r,False,False,0,,73.0,373.0,False,False,scenario_baseline
300.0,LINK_140740,11139418715,2,0,GGr,r,False,False,0,,73.0,373.0,False,False,scenario_baseline
300.0,NODE_9634,10974501473,4,0,GGGGr,r,False,False,0,,75.0,375.0,False,False,scenario_baseline
300.0,LINK_194891,11203052965,11,0,GGGGGGGGGGGr,r,False,False,0,,73.0,373.0,False,False,scenario_baseline
300.0,NODE_10378,11139418715,2,0,GGr,r,False,False,0,,73.0,373.0,False,False,scenario_baseline
300.0,NODE_5681,11139418723,2,0,GGr,r,False,False,0,,73.0,373.0,False,False,scenario_baseline
300.0,NODE_10262,11203041635,4,0,GGGGr,r,False,False,0,,73.0,373.0,False,False,scenario_baseline
