sim_time,crosswalk_id,tls_id,ped_link_index,current_phase_index,current_tls_state,ped_link_state,is_ped_green,is_pedestrian_only_phase,ped_near,detected_person_ids,remaining_phase_time,next_switch_time,extension_allowed,extension_decision,extension_skip_reason
0.5,NODE_10060,11203052964,11,0,GGGGGGGGGGGr,r,False,False,0,,78.5,79.0,False,False,ped_link_not_green
0.5,NODE_122781,11203041635,4,0,GGGGr,r,False,False,0,,78.5,79.0,False,False,ped_link_not_green
0.5,NODE_14937,11139418723,2,0,GGr,r,False,False,0,,78.5,79.0,False,False,ped_link_not_green
0.5,NODE_5647,10974501473,4,0,GGGGr,r,False,False,0,,80.5,81.0,False,False,ped_link_not_green
0.5,NODE_6342,11203041633,9,0,GGGGGGGGGr,r,False,False,0,,78.5,79.0,False,False,ped_link_not_green
1.0,NODE_10060,11203052964,11,0,GGGGGGGGGGGr,r,False,False,0,,78.0,79.0,False,False,ped_link_not_green
1.0,NODE_122781,11203041635,4,0,GGGGr,r,False,False,0,,78.0,79.0,False,False,ped_link_not_green
1.0,NODE_14937,11139418723,2,0,GGr,r,False,False,0,,78.0,79.0,False,False,ped_link_not_green
1.0,NODE_5647,10974501473,4,0,GGGGr,r,False,False,0,,80.0,81.0,False,False,ped_link_not_green
1.0,NODE_6342,11203041633,9,0,GGGGGGGGGr,r,False,False,0,,78.0,79.0,False,False,ped_link_not_green
1.5,NODE_10060,11203052964,11,0,GGGGGGGGGGGr,r,False,False,0,,77.5,79.0,False,False,ped_link_not_green
1.5,NODE_122781,11203041635,4,0,GGGGr,r,False,False,0,,77.5,79.0,False,False,ped_link_not_green
1.5,NODE_14937,11139418723,2,0,GGr,r,False,False,0,,77.5,79.0,False,False,ped_link_not_green
1.5,NODE_5647,10974501473,4,0,GGGGr,r,False,False,0,,79.5,81.0,False,False,ped_link_not_green
1.5,NODE_6342,11203041633,9,0,GGGGGGGGGr,r,False,False,0,,77.5,79.0,False,False,ped_link_not_green
2.0,NODE_10060,11203052964,11,0,GGGGGGGGGGGr,r,False,False,0,,77.0,79.0,False,False,ped_link_not_green
2.0,NODE_122781,11203041635,4,0,GGGGr,r,False,False,0,,77.0,79.0,False,False,ped_link_not_green
2.0,NODE_14937,11139418723,2,0,GGr,r,False,False,0,,77.0,79.0,False,False,ped_link_not_green
2.0,NODE_5647,10974501473,4,0,GGGGr,r,False,False,0,,79.0,81.0,False,False,ped_link_not_green
2.0,NODE_6342,11203041633,9,0,GGGGGGGGGr,r,False,False,0,,77.0,79.0,False,False,ped_link_not_green
2.5,NODE_10060,11203052964,11,0,GGGGGGGGGGGr,r,False,False,0,,76.5,79.0,False,False,ped_link_not_green
2.5,NODE_122781,11203041635,4,0,GGGGr,r,False,False,0,,76.5,79.0,False,False,ped_link_not_green
2.5,NODE_14937,11139418723,2,0,GGr,r,False,False,0,,76.5,79.0,False,False,ped_link_not_green
2.5,NODE_5647,10974501473,4,0,GGGGr,r,False,False,0,,78.5,81.0,False,False,ped_link_not_green
2.5,NODE_6342,11203041633,9,0,GGGGGGGGGr,r,False,False,0,,76.5,79.0,False,False,ped_link_not_green
3.0,NODE_10060,11203052964,11,0,GGGGGGGGGGGr,r,False,False,0,,76.0,79.0,False,False,ped_link_not_green
3.0,NODE_122781,11203041635,4,0,GGGGr,r,False,False,0,,76.0,79.0,False,False,ped_link_not_green
3.0,NODE_14937,11139418723,2,0,GGr,r,False,False,0,,76.0,79.0,False,False,ped_link_not_green
3.0,NODE_5647,10974501473,4,0,GGGGr,r,False,False,0,,78.0,81.0,False,False,ped_link_not_green
3.0,NODE_6342,11203041633,9,0,GGGGGGGGGr,r,False,False,0,,76.0,79.0,False,False,ped_link_not_green
3.5,NODE_10060,11203052964,11,0,GGGGGGGGGGGr,r,False,False,0,,75.5,79.0,False,False,ped_link_not_green
3.5,NODE_122781,11203041635,4,0,GGGGr,r,False,False,0,,75.5,79.0,False,False,ped_link_not_green
3.5,NODE_14937,11139418723,2,0,GGr,r,False,False,0,,75.5,79.0,False,False,ped_link_not_green
3.5,NODE_5647,10974501473,4,0,GGGGr,r,False,False,0,,77.5,81.0,False,False,ped_link_not_green
3.5,NODE_6342,11203041633,9,0,GGGGGGGGGr,r,False,False,0,,75.5,79.0,False,False,ped_link_not_green
4.0,NODE_10060,11203052964,11,0,GGGGGGGGGGGr,r,False,False,0,,75.0,79.0,False,False,ped_link_not_green
4.0,NODE_122781,11203041635,4,0,GGGGr,r,False,False,0,,75.0,79.0,False,False,ped_link_not_green
4.0,NODE_14937,11139418723,2,0,GGr,r,False,False,0,,75.0,79.0,False,False,ped_link_not_green
4.0,NODE_5647,10974501473,4,0,GGGGr,r,False,False,0,,77.0,81.0,False,False,ped_link_not_green
4.0,NODE_6342,11203041633,9,0,GGGGGGGGGr,r,False,False,0,,75.0,79.0,False,False,ped_link_not_green
4.5,NODE_10060,11203052964,11,0,GGGGGGGGGGGr,r,False,False,0,,74.5,79.0,False,False,ped_link_not_green
4.5,NODE_122781,11203041635,4,0,GGGGr,r,False,False,0,,74.5,79.0,False,False,ped_link_not_green
4.5,NODE_14937,11139418723,2,0,GGr,r,False,False,0,,74.5,79.0,False,False,ped_link_not_green
4.5,NODE_5647,10974501473,4,0,GGGGr,r,False,False,0,,76.5,81.0,False,False,ped_link_not_green
4.5,NODE_6342,11203041633,9,0,GGGGGGGGGr,r,False,False,0,,74.5,79.0,False,False,ped_link_not_green
5.0,NODE_10060,11203052964,11,0,GGGGGGGGGGGr,r,False,False,0,,74.0,79.0,False,False,ped_link_not_green
5.0,NODE_122781,11203041635,4,0,GGGGr,r,False,False,0,,74.0,79.0,False,False,ped_link_not_green
5.0,NODE_14937,11139418723,2,0,GGr,r,False,False,0,,74.0,79.0,False,False,ped_link_not_green
5.0,NODE_5647,10974501473,4,0,GGGGr,r,False,False,0,,76.0,81.0,False,False,ped_link_not_green
5.0,NODE_6342,11203041633,9,0,GGGGGGGGGr,r,False,False,0,,74.0,79.0,False,False,ped_link_not_green
5.5,NODE_10060,11203052964,11,0,GGGGGGGGGGGr,r,False,False,0,,73.5,79.0,False,False,ped_link_not_green
5.5,NODE_122781,11203041635,4,0,GGGGr,r,False,False,0,,73.5,79.0,False,False,ped_link_not_green
5.5,NODE_14937,11139418723,2,0,GGr,r,False,False,0,,73.5,79.0,False,False,ped_link_not_green
5.5,NODE_5647,10974501473,4,0,GGGGr,r,False,False,0,,75.5,81.0,False,False,ped_link_not_green
5.5,NODE_6342,11203041633,9,0,GGGGGGGGGr,r,False,False,0,,73.5,79.0,False,False,ped_link_not_green
6.0,NODE_10060,11203052964,11,0,GGGGGGGGGGGr,r,False,False,0,,73.0,79.0,False,False,ped_link_not_green
6.0,NODE_122781,11203041635,4,0,GGGGr,r,False,False,0,,73.0,79.0,False,False,ped_link_not_green
6.0,NODE_14937,11139418723,2,0,GGr,r,False,False,0,,73.0,79.0,False,False,ped_link_not_green
6.0,NODE_5647,10974501473,4,0,GGGGr,r,False,False,0,,75.0,81.0,False,False,ped_link_not_green
6.0,NODE_6342,11203041633,9,0,GGGGGGGGGr,r,False,False,0,,73.0,79.0,False,False,ped_link_not_green
6.5,NODE_10060,11203052964,11,0,GGGGGGGGGGGr,r,False,False,0,,72.5,79.0,False,False,ped_link_not_green
6.5,NODE_122781,11203041635,4,0,GGGGr,r,False,False,0,,72.5,79.0,False,False,ped_link_not_green
6.5,NODE_14937,11139418723,2,0,GGr,r,False,False,0,,72.5,79.0,False,False,ped_link_not_green
6.5,NODE_5647,10974501473,4,0,GGGGr,r,False,False,0,,74.5,81.0,False,False,ped_link_not_green
6.5,NODE_6342,11203041633,9,0,GGGGGGGGGr,r,False,False,0,,72.5,79.0,False,False,ped_link_not_green
7.0,NODE_10060,11203052964,11,0,GGGGGGGGGGGr,r,False,False,0,,72.0,79.0,False,False,ped_link_not_green
7.0,NODE_122781,11203041635,4,0,GGGGr,r,False,False,0,,72.0,79.0,False,False,ped_link_not_green
7.0,NODE_14937,11139418723,2,0,GGr,r,False,False,0,,72.0,79.0,False,False,ped_link_not_green
7.0,NODE_5647,10974501473,4,0,GGGGr,r,False,False,0,,74.0,81.0,False,False,ped_link_not_green
7.0,NODE_6342,11203041633,9,0,GGGGGGGGGr,r,False,False,0,,72.0,79.0,False,False,ped_link_not_green
7.5,NODE_10060,11203052964,11,0,GGGGGGGGGGGr,r,False,False,0,,71.5,79.0,False,False,ped_link_not_green
7.5,NODE_122781,11203041635,4,0,GGGGr,r,False,False,0,,71.5,79.0,False,False,ped_link_not_green
7.5,NODE_14937,11139418723,2,0,GGr,r,False,False,0,,71.5,79.0,False,False,ped_link_not_green
7.5,NODE_5647,10974501473,4,0,GGGGr,r,False,False,0,,73.5,81.0,False,False,ped_link_not_green
7.5,NODE_6342,11203041633,9,0,GGGGGGGGGr,r,False,False,0,,71.5,79.0,False,False,ped_link_not_green
8.0,NODE_10060,11203052964,11,0,GGGGGGGGGGGr,r,False,False,0,,71.0,79.0,False,False,ped_link_not_green
8.0,NODE_122781,11203041635,4,0,GGGGr,r,False,False,0,,71.0,79.0,False,False,ped_link_not_green
8.0,NODE_14937,11139418723,2,0,GGr,r,False,False,0,,71.0,79.0,False,False,ped_link_not_green
8.0,NODE_5647,10974501473,4,0,GGGGr,r,False,False,0,,73.0,81.0,False,False,ped_link_not_green
8.0,NODE_6342,11203041633,9,0,GGGGGGGGGr,r,False,False,0,,71.0,79.0,False,False,ped_link_not_green
8.5,NODE_10060,11203052964,11,0,GGGGGGGGGGGr,r,False,False,0,,70.5,79.0,False,False,ped_link_not_green
8.5,NODE_122781,11203041635,4,0,GGGGr,r,False,False,0,,70.5,79.0,False,False,ped_link_not_green
8.5,NODE_14937,11139418723,2,0,GGr,r,False,False,0,,70.5,79.0,False,False,ped_link_not_green
8.5,NODE_5647,10974501473,4,0,GGGGr,r,False,False,0,,72.5,81.0,False,False,ped_link_not_green
8.5,NODE_6342,11203041633,9,0,GGGGGGGGGr,r,False,False,0,,70.5,79.0,False,False,ped_link_not_green
9.0,NODE_10060,11203052964,11,0,GGGGGGGGGGGr,r,False,False,0,,70.0,79.0,False,False,ped_link_not_green
9.0,NODE_122781,11203041635,4,0,GGGGr,r,False,False,0,,70.0,79.0,False,False,ped_link_not_green
9.0,NODE_14937,11139418723,2,0,GGr,r,False,False,0,,70.0,79.0,False,False,ped_link_not_green
9.0,NODE_5647,10974501473,4,0,GGGGr,r,False,False,0,,72.0,81.0,False,False,ped_link_not_green
9.0,NODE_6342,11203041633,9,0,GGGGGGGGGr,r,False,False,0,,70.0,79.0,False,False,ped_link_not_green
9.5,NODE_10060,11203052964,11,0,GGGGGGGGGGGr,r,False,False,0,,69.5,79.0,False,False,ped_link_not_green
9.5,NODE_122781,11203041635,4,0,GGGGr,r,False,False,0,,69.5,79.0,False,False,ped_link_not_green
9.5,NODE_14937,11139418723,2,0,GGr,r,False,False,0,,69.5,79.0,False,False,ped_link_not_green
9.5,NODE_5647,10974501473,4,0,GGGGr,r,False,False,0,,71.5,81.0,False,False,ped_link_not_green
9.5,NODE_6342,11203041633,9,0,GGGGGGGGGr,r,False,False,0,,69.5,79.0,False,False,ped_link_not_green
10.0,NODE_10060,11203052964,11,0,GGGGGGGGGGGr,r,False,False,0,,69.0,79.0,False,False,ped_link_not_green
10.0,NODE_122781,11203041635,4,0,GGGGr,r,False,False,0,,69.0,79.0,False,False,ped_link_not_green
10.0,NODE_14937,11139418723,2,0,GGr,r,False,False,0,,69.0,79.0,False,False,ped_link_not_green
10.0,NODE_5647,10974501473,4,0,GGGGr,r,False,False,0,,71.0,81.0,False,False,ped_link_not_green
10.0,NODE_6342,11203041633,9,0,GGGGGGGGGr,r,False,False,0,,69.0,79.0,False,False,ped_link_not_green
10.5,NODE_10060,11203052964,11,0,GGGGGGGGGGGr,r,False,False,0,,68.5,79.0,False,False,ped_link_not_green
10.5,NODE_122781,11203041635,4,0,GGGGr,r,False,False,0,,68.5,79.0,False,False,ped_link_not_green
10.5,NODE_14937,11139418723,2,0,GGr,r,False,False,0,,68.5,79.0,False,False,ped_link_not_green
10.5,NODE_5647,10974501473,4,0,GGGGr,r,False,False,0,,70.5,81.0,False,False,ped_link_not_green
10.5,NODE_6342,11203041633,9,0,GGGGGGGGGr,r,False,False,0,,68.5,79.0,False,False,ped_link_not_green
11.0,NODE_10060,11203052964,11,0,GGGGGGGGGGGr,r,False,False,0,,68.0,79.0,False,False,ped_link_not_green
11.0,NODE_122781,11203041635,4,0,GGGGr,r,False,False,0,,68.0,79.0,False,False,ped_link_not_green
11.0,NODE_14937,11139418723,2,0,GGr,r,False,False,0,,68.0,79.0,False,False,ped_link_not_green
11.0,NODE_5647,10974501473,4,0,GGGGr,r,False,False,0,,70.0,81.0,False,False,ped_link_not_green
11.0,NODE_6342,11203041633,9,0,GGGGGGGGGr,r,False,False,0,,68.0,79.0,False,False,ped_link_not_green
11.5,NODE_10060,11203052964,11,0,GGGGGGGGGGGr,r,False,False,0,,67.5,79.0,False,False,ped_link_not_green
11.5,NODE_122781,11203041635,4,0,GGGGr,r,False,False,0,,67.5,79.0,False,False,ped_link_not_green
11.5,NODE_14937,11139418723,2,0,GGr,r,False,False,0,,67.5,79.0,False,False,ped_link_not_green
11.5,NODE_5647,10974501473,4,0,GGGGr,r,False,False,0,,69.5,81.0,False,False,ped_link_not_green
11.5,NODE_6342,11203041633,9,0,GGGGGGGGGr,r,False,False,0,,67.5,79.0,False,False,ped_link_not_green
12.0,NODE_10060,11203052964,11,0,GGGGGGGGGGGr,r,False,False,0,,67.0,79.0,False,False,ped_link_not_green
12.0,NODE_122781,11203041635,4,0,GGGGr,r,False,False,0,,67.0,79.0,False,False,ped_link_not_green
12.0,NODE_14937,11139418723,2,0,GGr,r,False,False,0,,67.0,79.0,False,False,ped_link_not_green
12.0,NODE_5647,10974501473,4,0,GGGGr,r,False,False,0,,69.0,81.0,False,False,ped_link_not_green
12.0,NODE_6342,11203041633,9,0,GGGGGGGGGr,r,False,False,0,,67.0,79.0,False,False,ped_link_not_green
12.5,NODE_10060,11203052964,11,0,GGGGGGGGGGGr,r,False,False,0,,66.5,79.0,False,False,ped_link_not_green
12.5,NODE_122781,11203041635,4,0,GGGGr,r,False,False,0,,66.5,79.0,False,False,ped_link_not_green
12.5,NODE_14937,11139418723,2,0,GGr,r,False,False,0,,66.5,79.0,False,False,ped_link_not_green
12.5,NODE_5647,10974501473,4,0,GGGGr,r,False,False,0,,68.5,81.0,False,False,ped_link_not_green
12.5,NODE_6342,11203041633,9,0,GGGGGGGGGr,r,False,False,0,,66.5,79.0,False,False,ped_link_not_green
13.0,NODE_10060,11203052964,11,0,GGGGGGGGGGGr,r,False,False,0,,66.0,79.0,False,False,ped_link_not_green
13.0,NODE_122781,11203041635,4,0,GGGGr,r,False,False,0,,66.0,79.0,False,False,ped_link_not_green
13.0,NODE_14937,11139418723,2,0,GGr,r,False,False,0,,66.0,79.0,False,False,ped_link_not_green
13.0,NODE_5647,10974501473,4,0,GGGGr,r,False,False,0,,68.0,81.0,False,False,ped_link_not_green
13.0,NODE_6342,11203041633,9,0,GGGGGGGGGr,r,False,False,0,,66.0,79.0,False,False,ped_link_not_green
13.5,NODE_10060,11203052964,11,0,GGGGGGGGGGGr,r,False,False,0,,65.5,79.0,False,False,ped_link_not_green
13.5,NODE_122781,11203041635,4,0,GGGGr,r,False,False,0,,65.5,79.0,False,False,ped_link_not_green
13.5,NODE_14937,11139418723,2,0,GGr,r,False,False,0,,65.5,79.0,False,False,ped_link_not_green
13.5,NODE_5647,10974501473,4,0,GGGGr,r,False,False,0,,67.5,81.0,False,False,ped_link_not_green
13.5,NODE_6342,11203041633,9,0,GGGGGGGGGr,r,False,False,0,,65.5,79.0,False,False,ped_link_not_green
14.0,NODE_10060,11203052964,11,0,GGGGGGGGGGGr,r,False,False,0,,65.0,79.0,False,False,ped_link_not_green
14.0,NODE_122781,11203041635,4,0,GGGGr,r,False,False,0,,65.0,79.0,False,False,ped_link_not_green
14.0,NODE_14937,11139418723,2,0,GGr,r,False,False,0,,65.0,79.0,False,False,ped_link_not_green
14.0,NODE_5647,10974501473,4,0,GGGGr,r,False,False,0,,67.0,81.0,False,False,ped_link_not_green
14.0,NODE_6342,11203041633,9,0,GGGGGGGGGr,r,False,False,0,,65.0,79.0,False,False,ped_link_not_green
14.5,NODE_10060,11203052964,11,0,GGGGGGGGGGGr,r,False,False,0,,64.5,79.0,False,False,ped_link_not_green
14.5,NODE_122781,11203041635,4,0,GGGGr,r,False,False,0,,64.5,79.0,False,False,ped_link_not_green
14.5,NODE_14937,11139418723,2,0,GGr,r,False,False,0,,64.5,79.0,False,False,ped_link_not_green
14.5,NODE_5647,10974501473,4,0,GGGGr,r,False,False,0,,66.5,81.0,False,False,ped_link_not_green
14.5,NODE_6342,11203041633,9,0,GGGGGGGGGr,r,False,False,0,,64.5,79.0,False,False,ped_link_not_green
15.0,NODE_10060,11203052964,11,0,GGGGGGGGGGGr,r,False,False,0,,64.0,79.0,False,False,ped_link_not_green
15.0,NODE_122781,11203041635,4,0,GGGGr,r,False,False,0,,64.0,79.0,False,False,ped_link_not_green
15.0,NODE_14937,11139418723,2,0,GGr,r,False,False,0,,64.0,79.0,False,False,ped_link_not_green
15.0,NODE_5647,10974501473,4,0,GGGGr,r,False,False,0,,66.0,81.0,False,False,ped_link_not_green
15.0,NODE_6342,11203041633,9,0,GGGGGGGGGr,r,False,False,0,,64.0,79.0,False,False,ped_link_not_green
15.5,NODE_10060,11203052964,11,0,GGGGGGGGGGGr,r,False,False,0,,63.5,79.0,False,False,ped_link_not_green
15.5,NODE_122781,11203041635,4,0,GGGGr,r,False,False,0,,63.5,79.0,False,False,ped_link_not_green
15.5,NODE_14937,11139418723,2,0,GGr,r,False,False,0,,63.5,79.0,False,False,ped_link_not_green
15.5,NODE_5647,10974501473,4,0,GGGGr,r,False,False,0,,65.5,81.0,False,False,ped_link_not_green
15.5,NODE_6342,11203041633,9,0,GGGGGGGGGr,r,False,False,0,,63.5,79.0,False,False,ped_link_not_green
16.0,NODE_10060,11203052964,11,0,GGGGGGGGGGGr,r,False,False,0,,63.0,79.0,False,False,ped_link_not_green
16.0,NODE_122781,11203041635,4,0,GGGGr,r,False,False,0,,63.0,79.0,False,False,ped_link_not_green
16.0,NODE_14937,11139418723,2,0,GGr,r,False,False,0,,63.0,79.0,False,False,ped_link_not_green
16.0,NODE_5647,10974501473,4,0,GGGGr,r,False,False,0,,65.0,81.0,False,False,ped_link_not_green
16.0,NODE_6342,11203041633,9,0,GGGGGGGGGr,r,False,False,0,,63.0,79.0,False,False,ped_link_not_green
16.5,NODE_10060,11203052964,11,0,GGGGGGGGGGGr,r,False,False,0,,62.5,79.0,False,False,ped_link_not_green
16.5,NODE_122781,11203041635,4,0,GGGGr,r,False,False,0,,62.5,79.0,False,False,ped_link_not_green
16.5,NODE_14937,11139418723,2,0,GGr,r,False,False,0,,62.5,79.0,False,False,ped_link_not_green
16.5,NODE_5647,10974501473,4,0,GGGGr,r,False,False,0,,64.5,81.0,False,False,ped_link_not_green
16.5,NODE_6342,11203041633,9,0,GGGGGGGGGr,r,False,False,0,,62.5,79.0,False,False,ped_link_not_green
17.0,NODE_10060,11203052964,11,0,GGGGGGGGGGGr,r,False,False,0,,62.0,79.0,False,False,ped_link_not_green
17.0,NODE_122781,11203041635,4,0,GGGGr,r,False,False,0,,62.0,79.0,False,False,ped_link_not_green
17.0,NODE_14937,11139418723,2,0,GGr,r,False,False,0,,62.0,79.0,False,False,ped_link_not_green
17.0,NODE_5647,10974501473,4,0,GGGGr,r,False,False,0,,64.0,81.0,False,False,ped_link_not_green
17.0,NODE_6342,11203041633,9,0,GGGGGGGGGr,r,False,False,0,,62.0,79.0,False,False,ped_link_not_green
17.5,NODE_10060,11203052964,11,0,GGGGGGGGGGGr,r,False,False,0,,61.5,79.0,False,False,ped_link_not_green
17.5,NODE_122781,11203041635,4,0,GGGGr,r,False,False,0,,61.5,79.0,False,False,ped_link_not_green
17.5,NODE_14937,11139418723,2,0,GGr,r,False,False,0,,61.5,79.0,False,False,ped_link_not_green
17.5,NODE_5647,10974501473,4,0,GGGGr,r,False,False,0,,63.5,81.0,False,False,ped_link_not_green
17.5,NODE_6342,11203041633,9,0,GGGGGGGGGr,r,False,False,0,,61.5,79.0,False,False,ped_link_not_green
18.0,NODE_10060,11203052964,11,0,GGGGGGGGGGGr,r,False,False,0,,61.0,79.0,False,False,ped_link_not_green
18.0,NODE_122781,11203041635,4,0,GGGGr,r,False,False,0,,61.0,79.0,False,False,ped_link_not_green
18.0,NODE_14937,11139418723,2,0,GGr,r,False,False,0,,61.0,79.0,False,False,ped_link_not_green
18.0,NODE_5647,10974501473,4,0,GGGGr,r,False,False,0,,63.0,81.0,False,False,ped_link_not_green
18.0,NODE_6342,11203041633,9,0,GGGGGGGGGr,r,False,False,0,,61.0,79.0,False,False,ped_link_not_green
18.5,NODE_10060,11203052964,11,0,GGGGGGGGGGGr,r,False,False,0,,60.5,79.0,False,False,ped_link_not_green
18.5,NODE_122781,11203041635,4,0,GGGGr,r,False,False,0,,60.5,79.0,False,False,ped_link_not_green
18.5,NODE_14937,11139418723,2,0,GGr,r,False,False,0,,60.5,79.0,False,False,ped_link_not_green
18.5,NODE_5647,10974501473,4,0,GGGGr,r,False,False,0,,62.5,81.0,False,False,ped_link_not_green
18.5,NODE_6342,11203041633,9,0,GGGGGGGGGr,r,False,False,0,,60.5,79.0,False,False,ped_link_not_green
19.0,NODE_10060,11203052964,11,0,GGGGGGGGGGGr,r,False,False,0,,60.0,79.0,False,False,ped_link_not_green
19.0,NODE_122781,11203041635,4,0,GGGGr,r,False,False,0,,60.0,79.0,False,False,ped_link_not_green
19.0,NODE_14937,11139418723,2,0,GGr,r,False,False,0,,60.0,79.0,False,False,ped_link_not_green
19.0,NODE_5647,10974501473,4,0,GGGGr,r,False,False,0,,62.0,81.0,False,False,ped_link_not_green
19.0,NODE_6342,11203041633,9,0,GGGGGGGGGr,r,False,False,0,,60.0,79.0,False,False,ped_link_not_green
19.5,NODE_10060,11203052964,11,0,GGGGGGGGGGGr,r,False,False,0,,59.5,79.0,False,False,ped_link_not_green
19.5,NODE_122781,11203041635,4,0,GGGGr,r,False,False,0,,59.5,79.0,False,False,ped_link_not_green
19.5,NODE_14937,11139418723,2,0,GGr,r,False,False,0,,59.5,79.0,False,False,ped_link_not_green
19.5,NODE_5647,10974501473,4,0,GGGGr,r,False,False,0,,61.5,81.0,False,False,ped_link_not_green
19.5,NODE_6342,11203041633,9,0,GGGGGGGGGr,r,False,False,0,,59.5,79.0,False,False,ped_link_not_green
20.0,NODE_10060,11203052964,11,0,GGGGGGGGGGGr,r,False,False,0,,59.0,79.0,False,False,ped_link_not_green
20.0,NODE_122781,11203041635,4,0,GGGGr,r,False,False,0,,59.0,79.0,False,False,ped_link_not_green
20.0,NODE_14937,11139418723,2,0,GGr,r,False,False,0,,59.0,79.0,False,False,ped_link_not_green
20.0,NODE_5647,10974501473,4,0,GGGGr,r,False,False,0,,61.0,81.0,False,False,ped_link_not_green
20.0,NODE_6342,11203041633,9,0,GGGGGGGGGr,r,False,False,0,,59.0,79.0,False,False,ped_link_not_green
20.5,NODE_10060,11203052964,11,0,GGGGGGGGGGGr,r,False,False,0,,58.5,79.0,False,False,ped_link_not_green
20.5,NODE_122781,11203041635,4,0,GGGGr,r,False,False,0,,58.5,79.0,False,False,ped_link_not_green
20.5,NODE_14937,11139418723,2,0,GGr,r,False,False,0,,58.5,79.0,False,False,ped_link_not_green
20.5,NODE_5647,10974501473,4,0,GGGGr,r,False,False,0,,60.5,81.0,False,False,ped_link_not_green
20.5,NODE_6342,11203041633,9,0,GGGGGGGGGr,r,False,False,0,,58.5,79.0,False,False,ped_link_not_green
21.0,NODE_10060,11203052964,11,0,GGGGGGGGGGGr,r,False,False,0,,58.0,79.0,False,False,ped_link_not_green
21.0,NODE_122781,11203041635,4,0,GGGGr,r,False,False,0,,58.0,79.0,False,False,ped_link_not_green
21.0,NODE_14937,11139418723,2,0,GGr,r,False,False,0,,58.0,79.0,False,False,ped_link_not_green
21.0,NODE_5647,10974501473,4,0,GGGGr,r,False,False,0,,60.0,81.0,False,False,ped_link_not_green
21.0,NODE_6342,11203041633,9,0,GGGGGGGGGr,r,False,False,0,,58.0,79.0,False,False,ped_link_not_green
21.5,NODE_10060,11203052964,11,0,GGGGGGGGGGGr,r,False,False,0,,57.5,79.0,False,False,ped_link_not_green
21.5,NODE_122781,11203041635,4,0,GGGGr,r,False,False,0,,57.5,79.0,False,False,ped_link_not_green
21.5,NODE_14937,11139418723,2,0,GGr,r,False,False,0,,57.5,79.0,False,False,ped_link_not_green
21.5,NODE_5647,10974501473,4,0,GGGGr,r,False,False,0,,59.5,81.0,False,False,ped_link_not_green
21.5,NODE_6342,11203041633,9,0,GGGGGGGGGr,r,False,False,0,,57.5,79.0,False,False,ped_link_not_green
22.0,NODE_10060,11203052964,11,0,GGGGGGGGGGGr,r,False,False,0,,57.0,79.0,False,False,ped_link_not_green
22.0,NODE_122781,11203041635,4,0,GGGGr,r,False,False,0,,57.0,79.0,False,False,ped_link_not_green
22.0,NODE_14937,11139418723,2,0,GGr,r,False,False,0,,57.0,79.0,False,False,ped_link_not_green
22.0,NODE_5647,10974501473,4,0,GGGGr,r,False,False,0,,59.0,81.0,False,False,ped_link_not_green
22.0,NODE_6342,11203041633,9,0,GGGGGGGGGr,r,False,False,0,,57.0,79.0,False,False,ped_link_not_green
22.5,NODE_10060,11203052964,11,0,GGGGGGGGGGGr,r,False,False,0,,56.5,79.0,False,False,ped_link_not_green
22.5,NODE_122781,11203041635,4,0,GGGGr,r,False,False,0,,56.5,79.0,False,False,ped_link_not_green
22.5,NODE_14937,11139418723,2,0,GGr,r,False,False,0,,56.5,79.0,False,False,ped_link_not_green
22.5,NODE_5647,10974501473,4,0,GGGGr,r,False,False,0,,58.5,81.0,False,False,ped_link_not_green
22.5,NODE_6342,11203041633,9,0,GGGGGGGGGr,r,False,False,0,,56.5,79.0,False,False,ped_link_not_green
23.0,NODE_10060,11203052964,11,0,GGGGGGGGGGGr,r,False,False,0,,56.0,79.0,False,False,ped_link_not_green
23.0,NODE_122781,11203041635,4,0,GGGGr,r,False,False,0,,56.0,79.0,False,False,ped_link_not_green
23.0,NODE_14937,11139418723,2,0,GGr,r,False,False,0,,56.0,79.0,False,False,ped_link_not_green
23.0,NODE_5647,10974501473,4,0,GGGGr,r,False,False,0,,58.0,81.0,False,False,ped_link_not_green
23.0,NODE_6342,11203041633,9,0,GGGGGGGGGr,r,False,False,0,,56.0,79.0,False,False,ped_link_not_green
23.5,NODE_10060,11203052964,11,0,GGGGGGGGGGGr,r,False,False,0,,55.5,79.0,False,False,ped_link_not_green
23.5,NODE_122781,11203041635,4,0,GGGGr,r,False,False,0,,55.5,79.0,False,False,ped_link_not_green
23.5,NODE_14937,11139418723,2,0,GGr,r,False,False,0,,55.5,79.0,False,False,ped_link_not_green
23.5,NODE_5647,10974501473,4,0,GGGGr,r,False,False,0,,57.5,81.0,False,False,ped_link_not_green
23.5,NODE_6342,11203041633,9,0,GGGGGGGGGr,r,False,False,0,,55.5,79.0,False,False,ped_link_not_green
24.0,NODE_10060,11203052964,11,0,GGGGGGGGGGGr,r,False,False,0,,55.0,79.0,False,False,ped_link_not_green
24.0,NODE_122781,11203041635,4,0,GGGGr,r,False,False,0,,55.0,79.0,False,False,ped_link_not_green
24.0,NODE_14937,11139418723,2,0,GGr,r,False,False,0,,55.0,79.0,False,False,ped_link_not_green
24.0,NODE_5647,10974501473,4,0,GGGGr,r,False,False,0,,57.0,81.0,False,False,ped_link_not_green
24.0,NODE_6342,11203041633,9,0,GGGGGGGGGr,r,False,False,0,,55.0,79.0,False,False,ped_link_not_green
24.5,NODE_10060,11203052964,11,0,GGGGGGGGGGGr,r,False,False,0,,54.5,79.0,False,False,ped_link_not_green
24.5,NODE_122781,11203041635,4,0,GGGGr,r,False,False,0,,54.5,79.0,False,False,ped_link_not_green
24.5,NODE_14937,11139418723,2,0,GGr,r,False,False,0,,54.5,79.0,False,False,ped_link_not_green
24.5,NODE_5647,10974501473,4,0,GGGGr,r,False,False,0,,56.5,81.0,False,False,ped_link_not_green
24.5,NODE_6342,11203041633,9,0,GGGGGGGGGr,r,False,False,0,,54.5,79.0,False,False,ped_link_not_green
25.0,NODE_10060,11203052964,11,0,GGGGGGGGGGGr,r,False,False,0,,54.0,79.0,False,False,ped_link_not_green
25.0,NODE_122781,11203041635,4,0,GGGGr,r,False,False,0,,54.0,79.0,False,False,ped_link_not_green
25.0,NODE_14937,11139418723,2,0,GGr,r,False,False,0,,54.0,79.0,False,False,ped_link_not_green
25.0,NODE_5647,10974501473,4,0,GGGGr,r,False,False,0,,56.0,81.0,False,False,ped_link_not_green
25.0,NODE_6342,11203041633,9,0,GGGGGGGGGr,r,False,False,0,,54.0,79.0,False,False,ped_link_not_green
25.5,NODE_10060,11203052964,11,0,GGGGGGGGGGGr,r,False,False,0,,53.5,79.0,False,False,ped_link_not_green
25.5,NODE_122781,11203041635,4,0,GGGGr,r,False,False,0,,53.5,79.0,False,False,ped_link_not_green
25.5,NODE_14937,11139418723,2,0,GGr,r,False,False,0,,53.5,79.0,False,False,ped_link_not_green
25.5,NODE_5647,10974501473,4,0,GGGGr,r,False,False,0,,55.5,81.0,False,False,ped_link_not_green
25.5,NODE_6342,11203041633,9,0,GGGGGGGGGr,r,False,False,0,,53.5,79.0,False,False,ped_link_not_green
26.0,NODE_10060,11203052964,11,0,GGGGGGGGGGGr,r,False,False,0,,53.0,79.0,False,False,ped_link_not_green
26.0,NODE_122781,11203041635,4,0,GGGGr,r,False,False,0,,53.0,79.0,False,False,ped_link_not_green
26.0,NODE_14937,11139418723,2,0,GGr,r,False,False,0,,53.0,79.0,False,False,ped_link_not_green
26.0,NODE_5647,10974501473,4,0,GGGGr,r,False,False,0,,55.0,81.0,False,False,ped_link_not_green
26.0,NODE_6342,11203041633,9,0,GGGGGGGGGr,r,False,False,0,,53.0,79.0,False,False,ped_link_not_green
26.5,NODE_10060,11203052964,11,0,GGGGGGGGGGGr,r,False,False,0,,52.5,79.0,False,False,ped_link_not_green
26.5,NODE_122781,11203041635,4,0,GGGGr,r,False,False,0,,52.5,79.0,False,False,ped_link_not_green
26.5,NODE_14937,11139418723,2,0,GGr,r,False,False,0,,52.5,79.0,False,False,ped_link_not_green
26.5,NODE_5647,10974501473,4,0,GGGGr,r,False,False,0,,54.5,81.0,False,False,ped_link_not_green
26.5,NODE_6342,11203041633,9,0,GGGGGGGGGr,r,False,False,0,,52.5,79.0,False,False,ped_link_not_green
27.0,NODE_10060,11203052964,11,0,GGGGGGGGGGGr,r,False,False,0,,52.0,79.0,False,False,ped_link_not_green
27.0,NODE_122781,11203041635,4,0,GGGGr,r,False,False,0,,52.0,79.0,False,False,ped_link_not_green
27.0,NODE_14937,11139418723,2,0,GGr,r,False,False,0,,52.0,79.0,False,False,ped_link_not_green
27.0,NODE_5647,10974501473,4,0,GGGGr,r,False,False,0,,54.0,81.0,False,False,ped_link_not_green
27.0,NODE_6342,11203041633,9,0,GGGGGGGGGr,r,False,False,0,,52.0,79.0,False,False,ped_link_not_green
27.5,NODE_10060,11203052964,11,0,GGGGGGGGGGGr,r,False,False,0,,51.5,79.0,False,False,ped_link_not_green
27.5,NODE_122781,11203041635,4,0,GGGGr,r,False,False,0,,51.5,79.0,False,False,ped_link_not_green
27.5,NODE_14937,11139418723,2,0,GGr,r,False,False,0,,51.5,79.0,False,False,ped_link_not_green
27.5,NODE_5647,10974501473,4,0,GGGGr,r,False,False,0,,53.5,81.0,False,False,ped_link_not_green
27.5,NODE_6342,11203041633,9,0,GGGGGGGGGr,r,False,False,0,,51.5,79.0,False,False,ped_link_not_green
28.0,NODE_10060,11203052964,11,0,GGGGGGGGGGGr,r,False,False,0,,51.0,79.0,False,False,ped_link_not_green
28.0,NODE_122781,11203041635,4,0,GGGGr,r,False,False,0,,51.0,79.0,False,False,ped_link_not_green
28.0,NODE_14937,11139418723,2,0,GGr,r,False,False,0,,51.0,79.0,False,False,ped_link_not_green
28.0,NODE_5647,10974501473,4,0,GGGGr,r,False,False,0,,53.0,81.0,False,False,ped_link_not_green
28.0,NODE_6342,11203041633,9,0,GGGGGGGGGr,r,False,False,0,,51.0,79.0,False,False,ped_link_not_green
28.5,NODE_10060,11203052964,11,0,GGGGGGGGGGGr,r,False,False,0,,50.5,79.0,False,False,ped_link_not_green
28.5,NODE_122781,11203041635,4,0,GGGGr,r,False,False,0,,50.5,79.0,False,False,ped_link_not_green
28.5,NODE_14937,11139418723,2,0,GGr,r,False,False,0,,50.5,79.0,False,False,ped_link_not_green
28.5,NODE_5647,10974501473,4,0,GGGGr,r,False,False,0,,52.5,81.0,False,False,ped_link_not_green
28.5,NODE_6342,11203041633,9,0,GGGGGGGGGr,r,False,False,0,,50.5,79.0,False,False,ped_link_not_green
29.0,NODE_10060,11203052964,11,0,GGGGGGGGGGGr,r,False,False,0,,50.0,79.0,False,False,ped_link_not_green
29.0,NODE_122781,11203041635,4,0,GGGGr,r,False,False,0,,50.0,79.0,False,False,ped_link_not_green
29.0,NODE_14937,11139418723,2,0,GGr,r,False,False,0,,50.0,79.0,False,False,ped_link_not_green
29.0,NODE_5647,10974501473,4,0,GGGGr,r,False,False,0,,52.0,81.0,False,False,ped_link_not_green
29.0,NODE_6342,11203041633,9,0,GGGGGGGGGr,r,False,False,0,,50.0,79.0,False,False,ped_link_not_green
29.5,NODE_10060,11203052964,11,0,GGGGGGGGGGGr,r,False,False,0,,49.5,79.0,False,False,ped_link_not_green
29.5,NODE_122781,11203041635,4,0,GGGGr,r,False,False,0,,49.5,79.0,False,False,ped_link_not_green
29.5,NODE_14937,11139418723,2,0,GGr,r,False,False,0,,49.5,79.0,False,False,ped_link_not_green
29.5,NODE_5647,10974501473,4,0,GGGGr,r,False,False,0,,51.5,81.0,False,False,ped_link_not_green
29.5,NODE_6342,11203041633,9,0,GGGGGGGGGr,r,False,False,0,,49.5,79.0,False,False,ped_link_not_green
30.0,NODE_10060,11203052964,11,0,GGGGGGGGGGGr,r,False,False,0,,49.0,79.0,False,False,ped_link_not_green
30.0,NODE_122781,11203041635,4,0,GGGGr,r,False,False,0,,49.0,79.0,False,False,ped_link_not_green
30.0,NODE_14937,11139418723,2,0,GGr,r,False,False,0,,49.0,79.0,False,False,ped_link_not_green
30.0,NODE_5647,10974501473,4,0,GGGGr,r,False,False,0,,51.0,81.0,False,False,ped_link_not_green
30.0,NODE_6342,11203041633,9,0,GGGGGGGGGr,r,False,False,0,,49.0,79.0,False,False,ped_link_not_green
30.5,NODE_10060,11203052964,11,0,GGGGGGGGGGGr,r,False,False,0,,48.5,79.0,False,False,ped_link_not_green
30.5,NODE_122781,11203041635,4,0,GGGGr,r,False,False,0,,48.5,79.0,False,False,ped_link_not_green
30.5,NODE_14937,11139418723,2,0,GGr,r,False,False,0,,48.5,79.0,False,False,ped_link_not_green
30.5,NODE_5647,10974501473,4,0,GGGGr,r,False,False,0,,50.5,81.0,False,False,ped_link_not_green
30.5,NODE_6342,11203041633,9,0,GGGGGGGGGr,r,False,False,0,,48.5,79.0,False,False,ped_link_not_green
31.0,NODE_10060,11203052964,11,0,GGGGGGGGGGGr,r,False,False,0,,48.0,79.0,False,False,ped_link_not_green
31.0,NODE_122781,11203041635,4,0,GGGGr,r,False,False,0,,48.0,79.0,False,False,ped_link_not_green
31.0,NODE_14937,11139418723,2,0,GGr,r,False,False,0,,48.0,79.0,False,False,ped_link_not_green
31.0,NODE_5647,10974501473,4,0,GGGGr,r,False,False,0,,50.0,81.0,False,False,ped_link_not_green
31.0,NODE_6342,11203041633,9,0,GGGGGGGGGr,r,False,False,0,,48.0,79.0,False,False,ped_link_not_green
31.5,NODE_10060,11203052964,11,0,GGGGGGGGGGGr,r,False,False,0,,47.5,79.0,False,False,ped_link_not_green
31.5,NODE_122781,11203041635,4,0,GGGGr,r,False,False,0,,47.5,79.0,False,False,ped_link_not_green
31.5,NODE_14937,11139418723,2,0,GGr,r,False,False,0,,47.5,79.0,False,False,ped_link_not_green
31.5,NODE_5647,10974501473,4,0,GGGGr,r,False,False,0,,49.5,81.0,False,False,ped_link_not_green
31.5,NODE_6342,11203041633,9,0,GGGGGGGGGr,r,False,False,0,,47.5,79.0,False,False,ped_link_not_green
32.0,NODE_10060,11203052964,11,0,GGGGGGGGGGGr,r,False,False,0,,47.0,79.0,False,False,ped_link_not_green
32.0,NODE_122781,11203041635,4,0,GGGGr,r,False,False,0,,47.0,79.0,False,False,ped_link_not_green
32.0,NODE_14937,11139418723,2,0,GGr,r,False,False,0,,47.0,79.0,False,False,ped_link_not_green
32.0,NODE_5647,10974501473,4,0,GGGGr,r,False,False,0,,49.0,81.0,False,False,ped_link_not_green
32.0,NODE_6342,11203041633,9,0,GGGGGGGGGr,r,False,False,0,,47.0,79.0,False,False,ped_link_not_green
32.5,NODE_10060,11203052964,11,0,GGGGGGGGGGGr,r,False,False,0,,46.5,79.0,False,False,ped_link_not_green
32.5,NODE_122781,11203041635,4,0,GGGGr,r,False,False,0,,46.5,79.0,False,False,ped_link_not_green
32.5,NODE_14937,11139418723,2,0,GGr,r,False,False,0,,46.5,79.0,False,False,ped_link_not_green
32.5,NODE_5647,10974501473,4,0,GGGGr,r,False,False,0,,48.5,81.0,False,False,ped_link_not_green
32.5,NODE_6342,11203041633,9,0,GGGGGGGGGr,r,False,False,0,,46.5,79.0,False,False,ped_link_not_green
33.0,NODE_10060,11203052964,11,0,GGGGGGGGGGGr,r,False,False,0,,46.0,79.0,False,False,ped_link_not_green
33.0,NODE_122781,11203041635,4,0,GGGGr,r,False,False,0,,46.0,79.0,False,False,ped_link_not_green
33.0,NODE_14937,11139418723,2,0,GGr,r,False,False,0,,46.0,79.0,False,False,ped_link_not_green
33.0,NODE_5647,10974501473,4,0,GGGGr,r,False,False,0,,48.0,81.0,False,False,ped_link_not_green
33.0,NODE_6342,11203041633,9,0,GGGGGGGGGr,r,False,False,0,,46.0,79.0,False,False,ped_link_not_green
33.5,NODE_10060,11203052964,11,0,GGGGGGGGGGGr,r,False,False,0,,45.5,79.0,False,False,ped_link_not_green
33.5,NODE_122781,11203041635,4,0,GGGGr,r,False,False,0,,45.5,79.0,False,False,ped_link_not_green
33.5,NODE_14937,11139418723,2,0,GGr,r,False,False,0,,45.5,79.0,False,False,ped_link_not_green
33.5,NODE_5647,10974501473,4,0,GGGGr,r,False,False,0,,47.5,81.0,False,False,ped_link_not_green
33.5,NODE_6342,11203041633,9,0,GGGGGGGGGr,r,False,False,0,,45.5,79.0,False,False,ped_link_not_green
34.0,NODE_10060,11203052964,11,0,GGGGGGGGGGGr,r,False,False,0,,45.0,79.0,False,False,ped_link_not_green
34.0,NODE_122781,11203041635,4,0,GGGGr,r,False,False,0,,45.0,79.0,False,False,ped_link_not_green
34.0,NODE_14937,11139418723,2,0,GGr,r,False,False,0,,45.0,79.0,False,False,ped_link_not_green
34.0,NODE_5647,10974501473,4,0,GGGGr,r,False,False,0,,47.0,81.0,False,False,ped_link_not_green
34.0,NODE_6342,11203041633,9,0,GGGGGGGGGr,r,False,False,0,,45.0,79.0,False,False,ped_link_not_green
34.5,NODE_10060,11203052964,11,0,GGGGGGGGGGGr,r,False,False,0,,44.5,79.0,False,False,ped_link_not_green
34.5,NODE_122781,11203041635,4,0,GGGGr,r,False,False,0,,44.5,79.0,False,False,ped_link_not_green
34.5,NODE_14937,11139418723,2,0,GGr,r,False,False,0,,44.5,79.0,False,False,ped_link_not_green
34.5,NODE_5647,10974501473,4,0,GGGGr,r,False,False,0,,46.5,81.0,False,False,ped_link_not_green
34.5,NODE_6342,11203041633,9,0,GGGGGGGGGr,r,False,False,0,,44.5,79.0,False,False,ped_link_not_green
35.0,NODE_10060,11203052964,11,0,GGGGGGGGGGGr,r,False,False,0,,44.0,79.0,False,False,ped_link_not_green
35.0,NODE_122781,11203041635,4,0,GGGGr,r,False,False,0,,44.0,79.0,False,False,ped_link_not_green
35.0,NODE_14937,11139418723,2,0,GGr,r,False,False,0,,44.0,79.0,False,False,ped_link_not_green
35.0,NODE_5647,10974501473,4,0,GGGGr,r,False,False,0,,46.0,81.0,False,False,ped_link_not_green
35.0,NODE_6342,11203041633,9,0,GGGGGGGGGr,r,False,False,0,,44.0,79.0,False,False,ped_link_not_green
35.5,NODE_10060,11203052964,11,0,GGGGGGGGGGGr,r,False,False,0,,43.5,79.0,False,False,ped_link_not_green
35.5,NODE_122781,11203041635,4,0,GGGGr,r,False,False,0,,43.5,79.0,False,False,ped_link_not_green
35.5,NODE_14937,11139418723,2,0,GGr,r,False,False,0,,43.5,79.0,False,False,ped_link_not_green
35.5,NODE_5647,10974501473,4,0,GGGGr,r,False,False,0,,45.5,81.0,False,False,ped_link_not_green
35.5,NODE_6342,11203041633,9,0,GGGGGGGGGr,r,False,False,0,,43.5,79.0,False,False,ped_link_not_green
36.0,NODE_10060,11203052964,11,0,GGGGGGGGGGGr,r,False,False,0,,43.0,79.0,False,False,ped_link_not_green
36.0,NODE_122781,11203041635,4,0,GGGGr,r,False,False,0,,43.0,79.0,False,False,ped_link_not_green
36.0,NODE_14937,11139418723,2,0,GGr,r,False,False,0,,43.0,79.0,False,False,ped_link_not_green
36.0,NODE_5647,10974501473,4,0,GGGGr,r,False,False,0,,45.0,81.0,False,False,ped_link_not_green
36.0,NODE_6342,11203041633,9,0,GGGGGGGGGr,r,False,False,0,,43.0,79.0,False,False,ped_link_not_green
36.5,NODE_10060,11203052964,11,0,GGGGGGGGGGGr,r,False,False,0,,42.5,79.0,False,False,ped_link_not_green
36.5,NODE_122781,11203041635,4,0,GGGGr,r,False,False,0,,42.5,79.0,False,False,ped_link_not_green
36.5,NODE_14937,11139418723,2,0,GGr,r,False,False,0,,42.5,79.0,False,False,ped_link_not_green
36.5,NODE_5647,10974501473,4,0,GGGGr,r,False,False,0,,44.5,81.0,False,False,ped_link_not_green
36.5,NODE_6342,11203041633,9,0,GGGGGGGGGr,r,False,False,0,,42.5,79.0,False,False,ped_link_not_green
37.0,NODE_10060,11203052964,11,0,GGGGGGGGGGGr,r,False,False,0,,42.0,79.0,False,False,ped_link_not_green
37.0,NODE_122781,11203041635,4,0,GGGGr,r,False,False,0,,42.0,79.0,False,False,ped_link_not_green
37.0,NODE_14937,11139418723,2,0,GGr,r,False,False,0,,42.0,79.0,False,False,ped_link_not_green
37.0,NODE_5647,10974501473,4,0,GGGGr,r,False,False,0,,44.0,81.0,False,False,ped_link_not_green
37.0,NODE_6342,11203041633,9,0,GGGGGGGGGr,r,False,False,0,,42.0,79.0,False,False,ped_link_not_green
37.5,NODE_10060,11203052964,11,0,GGGGGGGGGGGr,r,False,False,0,,41.5,79.0,False,False,ped_link_not_green
37.5,NODE_122781,11203041635,4,0,GGGGr,r,False,False,0,,41.5,79.0,False,False,ped_link_not_green
37.5,NODE_14937,11139418723,2,0,GGr,r,False,False,0,,41.5,79.0,False,False,ped_link_not_green
37.5,NODE_5647,10974501473,4,0,GGGGr,r,False,False,0,,43.5,81.0,False,False,ped_link_not_green
37.5,NODE_6342,11203041633,9,0,GGGGGGGGGr,r,False,False,0,,41.5,79.0,False,False,ped_link_not_green
38.0,NODE_10060,11203052964,11,0,GGGGGGGGGGGr,r,False,False,0,,41.0,79.0,False,False,ped_link_not_green
38.0,NODE_122781,11203041635,4,0,GGGGr,r,False,False,0,,41.0,79.0,False,False,ped_link_not_green
38.0,NODE_14937,11139418723,2,0,GGr,r,False,False,0,,41.0,79.0,False,False,ped_link_not_green
38.0,NODE_5647,10974501473,4,0,GGGGr,r,False,False,0,,43.0,81.0,False,False,ped_link_not_green
38.0,NODE_6342,11203041633,9,0,GGGGGGGGGr,r,False,False,0,,41.0,79.0,False,False,ped_link_not_green
38.5,NODE_10060,11203052964,11,0,GGGGGGGGGGGr,r,False,False,0,,40.5,79.0,False,False,ped_link_not_green
38.5,NODE_122781,11203041635,4,0,GGGGr,r,False,False,0,,40.5,79.0,False,False,ped_link_not_green
38.5,NODE_14937,11139418723,2,0,GGr,r,False,False,0,,40.5,79.0,False,False,ped_link_not_green
38.5,NODE_5647,10974501473,4,0,GGGGr,r,False,False,0,,42.5,81.0,False,False,ped_link_not_green
38.5,NODE_6342,11203041633,9,0,GGGGGGGGGr,r,False,False,0,,40.5,79.0,False,False,ped_link_not_green
39.0,NODE_10060,11203052964,11,0,GGGGGGGGGGGr,r,False,False,0,,40.0,79.0,False,False,ped_link_not_green
39.0,NODE_122781,11203041635,4,0,GGGGr,r,False,False,0,,40.0,79.0,False,False,ped_link_not_green
39.0,NODE_14937,11139418723,2,0,GGr,r,False,False,0,,40.0,79.0,False,False,ped_link_not_green
39.0,NODE_5647,10974501473,4,0,GGGGr,r,False,False,0,,42.0,81.0,False,False,ped_link_not_green
39.0,NODE_6342,11203041633,9,0,GGGGGGGGGr,r,False,False,0,,40.0,79.0,False,False,ped_link_not_green
39.5,NODE_10060,11203052964,11,0,GGGGGGGGGGGr,r,False,False,0,,39.5,79.0,False,False,ped_link_not_green
39.5,NODE_122781,11203041635,4,0,GGGGr,r,False,False,0,,39.5,79.0,False,False,ped_link_not_green
39.5,NODE_14937,11139418723,2,0,GGr,r,False,False,0,,39.5,79.0,False,False,ped_link_not_green
39.5,NODE_5647,10974501473,4,0,GGGGr,r,False,False,0,,41.5,81.0,False,False,ped_link_not_green
39.5,NODE_6342,11203041633,9,0,GGGGGGGGGr,r,False,False,0,,39.5,79.0,False,False,ped_link_not_green
40.0,NODE_10060,11203052964,11,0,GGGGGGGGGGGr,r,False,False,0,,39.0,79.0,False,False,ped_link_not_green
40.0,NODE_122781,11203041635,4,0,GGGGr,r,False,False,0,,39.0,79.0,False,False,ped_link_not_green
40.0,NODE_14937,11139418723,2,0,GGr,r,False,False,0,,39.0,79.0,False,False,ped_link_not_green
40.0,NODE_5647,10974501473,4,0,GGGGr,r,False,False,0,,41.0,81.0,False,False,ped_link_not_green
40.0,NODE_6342,11203041633,9,0,GGGGGGGGGr,r,False,False,0,,39.0,79.0,False,False,ped_link_not_green
40.5,NODE_10060,11203052964,11,0,GGGGGGGGGGGr,r,False,False,0,,38.5,79.0,False,False,ped_link_not_green
40.5,NODE_122781,11203041635,4,0,GGGGr,r,False,False,0,,38.5,79.0,False,False,ped_link_not_green
40.5,NODE_14937,11139418723,2,0,GGr,r,False,False,0,,38.5,79.0,False,False,ped_link_not_green
40.5,NODE_5647,10974501473,4,0,GGGGr,r,False,False,0,,40.5,81.0,False,False,ped_link_not_green
40.5,NODE_6342,11203041633,9,0,GGGGGGGGGr,r,False,False,0,,38.5,79.0,False,False,ped_link_not_green
41.0,NODE_10060,11203052964,11,0,GGGGGGGGGGGr,r,False,False,0,,38.0,79.0,False,False,ped_link_not_green
41.0,NODE_122781,11203041635,4,0,GGGGr,r,False,False,0,,38.0,79.0,False,False,ped_link_not_green
41.0,NODE_14937,11139418723,2,0,GGr,r,False,False,0,,38.0,79.0,False,False,ped_link_not_green
41.0,NODE_5647,10974501473,4,0,GGGGr,r,False,False,0,,40.0,81.0,False,False,ped_link_not_green
41.0,NODE_6342,11203041633,9,0,GGGGGGGGGr,r,False,False,0,,38.0,79.0,False,False,ped_link_not_green
41.5,NODE_10060,11203052964,11,0,GGGGGGGGGGGr,r,False,False,0,,37.5,79.0,False,False,ped_link_not_green
41.5,NODE_122781,11203041635,4,0,GGGGr,r,False,False,0,,37.5,79.0,False,False,ped_link_not_green
41.5,NODE_14937,11139418723,2,0,GGr,r,False,False,0,,37.5,79.0,False,False,ped_link_not_green
41.5,NODE_5647,10974501473,4,0,GGGGr,r,False,False,0,,39.5,81.0,False,False,ped_link_not_green
41.5,NODE_6342,11203041633,9,0,GGGGGGGGGr,r,False,False,0,,37.5,79.0,False,False,ped_link_not_green
42.0,NODE_10060,11203052964,11,0,GGGGGGGGGGGr,r,False,False,0,,37.0,79.0,False,False,ped_link_not_green
42.0,NODE_122781,11203041635,4,0,GGGGr,r,False,False,0,,37.0,79.0,False,False,ped_link_not_green
42.0,NODE_14937,11139418723,2,0,GGr,r,False,False,0,,37.0,79.0,False,False,ped_link_not_green
42.0,NODE_5647,10974501473,4,0,GGGGr,r,False,False,0,,39.0,81.0,False,False,ped_link_not_green
42.0,NODE_6342,11203041633,9,0,GGGGGGGGGr,r,False,False,0,,37.0,79.0,False,False,ped_link_not_green
42.5,NODE_10060,11203052964,11,0,GGGGGGGGGGGr,r,False,False,0,,36.5,79.0,False,False,ped_link_not_green
42.5,NODE_122781,11203041635,4,0,GGGGr,r,False,False,0,,36.5,79.0,False,False,ped_link_not_green
42.5,NODE_14937,11139418723,2,0,GGr,r,False,False,0,,36.5,79.0,False,False,ped_link_not_green
42.5,NODE_5647,10974501473,4,0,GGGGr,r,False,False,0,,38.5,81.0,False,False,ped_link_not_green
42.5,NODE_6342,11203041633,9,0,GGGGGGGGGr,r,False,False,0,,36.5,79.0,False,False,ped_link_not_green
43.0,NODE_10060,11203052964,11,0,GGGGGGGGGGGr,r,False,False,0,,36.0,79.0,False,False,ped_link_not_green
43.0,NODE_122781,11203041635,4,0,GGGGr,r,False,False,0,,36.0,79.0,False,False,ped_link_not_green
43.0,NODE_14937,11139418723,2,0,GGr,r,False,False,0,,36.0,79.0,False,False,ped_link_not_green
43.0,NODE_5647,10974501473,4,0,GGGGr,r,False,False,0,,38.0,81.0,False,False,ped_link_not_green
43.0,NODE_6342,11203041633,9,0,GGGGGGGGGr,r,False,False,0,,36.0,79.0,False,False,ped_link_not_green
43.5,NODE_10060,11203052964,11,0,GGGGGGGGGGGr,r,False,False,0,,35.5,79.0,False,False,ped_link_not_green
43.5,NODE_122781,11203041635,4,0,GGGGr,r,False,False,0,,35.5,79.0,False,False,ped_link_not_green
43.5,NODE_14937,11139418723,2,0,GGr,r,False,False,0,,35.5,79.0,False,False,ped_link_not_green
43.5,NODE_5647,10974501473,4,0,GGGGr,r,False,False,0,,37.5,81.0,False,False,ped_link_not_green
43.5,NODE_6342,11203041633,9,0,GGGGGGGGGr,r,False,False,0,,35.5,79.0,False,False,ped_link_not_green
44.0,NODE_10060,11203052964,11,0,GGGGGGGGGGGr,r,False,False,0,,35.0,79.0,False,False,ped_link_not_green
44.0,NODE_122781,11203041635,4,0,GGGGr,r,False,False,0,,35.0,79.0,False,False,ped_link_not_green
44.0,NODE_14937,11139418723,2,0,GGr,r,False,False,0,,35.0,79.0,False,False,ped_link_not_green
44.0,NODE_5647,10974501473,4,0,GGGGr,r,False,False,0,,37.0,81.0,False,False,ped_link_not_green
44.0,NODE_6342,11203041633,9,0,GGGGGGGGGr,r,False,False,0,,35.0,79.0,False,False,ped_link_not_green
44.5,NODE_10060,11203052964,11,0,GGGGGGGGGGGr,r,False,False,0,,34.5,79.0,False,False,ped_link_not_green
44.5,NODE_122781,11203041635,4,0,GGGGr,r,False,False,0,,34.5,79.0,False,False,ped_link_not_green
44.5,NODE_14937,11139418723,2,0,GGr,r,False,False,0,,34.5,79.0,False,False,ped_link_not_green
44.5,NODE_5647,10974501473,4,0,GGGGr,r,False,False,0,,36.5,81.0,False,False,ped_link_not_green
44.5,NODE_6342,11203041633,9,0,GGGGGGGGGr,r,False,False,0,,34.5,79.0,False,False,ped_link_not_green
45.0,NODE_10060,11203052964,11,0,GGGGGGGGGGGr,r,False,False,0,,34.0,79.0,False,False,ped_link_not_green
45.0,NODE_122781,11203041635,4,0,GGGGr,r,False,False,0,,34.0,79.0,False,False,ped_link_not_green
45.0,NODE_14937,11139418723,2,0,GGr,r,False,False,0,,34.0,79.0,False,False,ped_link_not_green
45.0,NODE_5647,10974501473,4,0,GGGGr,r,False,False,0,,36.0,81.0,False,False,ped_link_not_green
45.0,NODE_6342,11203041633,9,0,GGGGGGGGGr,r,False,False,0,,34.0,79.0,False,False,ped_link_not_green
45.5,NODE_10060,11203052964,11,0,GGGGGGGGGGGr,r,False,False,0,,33.5,79.0,False,False,ped_link_not_green
45.5,NODE_122781,11203041635,4,0,GGGGr,r,False,False,0,,33.5,79.0,False,False,ped_link_not_green
45.5,NODE_14937,11139418723,2,0,GGr,r,False,False,0,,33.5,79.0,False,False,ped_link_not_green
45.5,NODE_5647,10974501473,4,0,GGGGr,r,False,False,0,,35.5,81.0,False,False,ped_link_not_green
45.5,NODE_6342,11203041633,9,0,GGGGGGGGGr,r,False,False,0,,33.5,79.0,False,False,ped_link_not_green
46.0,NODE_10060,11203052964,11,0,GGGGGGGGGGGr,r,False,False,0,,33.0,79.0,False,False,ped_link_not_green
46.0,NODE_122781,11203041635,4,0,GGGGr,r,False,False,0,,33.0,79.0,False,False,ped_link_not_green
46.0,NODE_14937,11139418723,2,0,GGr,r,False,False,0,,33.0,79.0,False,False,ped_link_not_green
46.0,NODE_5647,10974501473,4,0,GGGGr,r,False,False,0,,35.0,81.0,False,False,ped_link_not_green
46.0,NODE_6342,11203041633,9,0,GGGGGGGGGr,r,False,False,0,,33.0,79.0,False,False,ped_link_not_green
46.5,NODE_10060,11203052964,11,0,GGGGGGGGGGGr,r,False,False,0,,32.5,79.0,False,False,ped_link_not_green
46.5,NODE_122781,11203041635,4,0,GGGGr,r,False,False,0,,32.5,79.0,False,False,ped_link_not_green
46.5,NODE_14937,11139418723,2,0,GGr,r,False,False,0,,32.5,79.0,False,False,ped_link_not_green
46.5,NODE_5647,10974501473,4,0,GGGGr,r,False,False,0,,34.5,81.0,False,False,ped_link_not_green
46.5,NODE_6342,11203041633,9,0,GGGGGGGGGr,r,False,False,0,,32.5,79.0,False,False,ped_link_not_green
47.0,NODE_10060,11203052964,11,0,GGGGGGGGGGGr,r,False,False,0,,32.0,79.0,False,False,ped_link_not_green
47.0,NODE_122781,11203041635,4,0,GGGGr,r,False,False,0,,32.0,79.0,False,False,ped_link_not_green
47.0,NODE_14937,11139418723,2,0,GGr,r,False,False,0,,32.0,79.0,False,False,ped_link_not_green
47.0,NODE_5647,10974501473,4,0,GGGGr,r,False,False,0,,34.0,81.0,False,False,ped_link_not_green
47.0,NODE_6342,11203041633,9,0,GGGGGGGGGr,r,False,False,0,,32.0,79.0,False,False,ped_link_not_green
47.5,NODE_10060,11203052964,11,0,GGGGGGGGGGGr,r,False,False,0,,31.5,79.0,False,False,ped_link_not_green
47.5,NODE_122781,11203041635,4,0,GGGGr,r,False,False,0,,31.5,79.0,False,False,ped_link_not_green
47.5,NODE_14937,11139418723,2,0,GGr,r,False,False,0,,31.5,79.0,False,False,ped_link_not_green
47.5,NODE_5647,10974501473,4,0,GGGGr,r,False,False,0,,33.5,81.0,False,False,ped_link_not_green
47.5,NODE_6342,11203041633,9,0,GGGGGGGGGr,r,False,False,0,,31.5,79.0,False,False,ped_link_not_green
48.0,NODE_10060,11203052964,11,0,GGGGGGGGGGGr,r,False,False,0,,31.0,79.0,False,False,ped_link_not_green
48.0,NODE_122781,11203041635,4,0,GGGGr,r,False,False,0,,31.0,79.0,False,False,ped_link_not_green
48.0,NODE_14937,11139418723,2,0,GGr,r,False,False,0,,31.0,79.0,False,False,ped_link_not_green
48.0,NODE_5647,10974501473,4,0,GGGGr,r,False,False,0,,33.0,81.0,False,False,ped_link_not_green
48.0,NODE_6342,11203041633,9,0,GGGGGGGGGr,r,False,False,0,,31.0,79.0,False,False,ped_link_not_green
48.5,NODE_10060,11203052964,11,0,GGGGGGGGGGGr,r,False,False,0,,30.5,79.0,False,False,ped_link_not_green
48.5,NODE_122781,11203041635,4,0,GGGGr,r,False,False,0,,30.5,79.0,False,False,ped_link_not_green
48.5,NODE_14937,11139418723,2,0,GGr,r,False,False,0,,30.5,79.0,False,False,ped_link_not_green
48.5,NODE_5647,10974501473,4,0,GGGGr,r,False,False,0,,32.5,81.0,False,False,ped_link_not_green
48.5,NODE_6342,11203041633,9,0,GGGGGGGGGr,r,False,False,0,,30.5,79.0,False,False,ped_link_not_green
49.0,NODE_10060,11203052964,11,0,GGGGGGGGGGGr,r,False,False,0,,30.0,79.0,False,False,ped_link_not_green
49.0,NODE_122781,11203041635,4,0,GGGGr,r,False,False,0,,30.0,79.0,False,False,ped_link_not_green
49.0,NODE_14937,11139418723,2,0,GGr,r,False,False,0,,30.0,79.0,False,False,ped_link_not_green
49.0,NODE_5647,10974501473,4,0,GGGGr,r,False,False,0,,32.0,81.0,False,False,ped_link_not_green
49.0,NODE_6342,11203041633,9,0,GGGGGGGGGr,r,False,False,0,,30.0,79.0,False,False,ped_link_not_green
49.5,NODE_10060,11203052964,11,0,GGGGGGGGGGGr,r,False,False,0,,29.5,79.0,False,False,ped_link_not_green
49.5,NODE_122781,11203041635,4,0,GGGGr,r,False,False,0,,29.5,79.0,False,False,ped_link_not_green
49.5,NODE_14937,11139418723,2,0,GGr,r,False,False,0,,29.5,79.0,False,False,ped_link_not_green
49.5,NODE_5647,10974501473,4,0,GGGGr,r,False,False,0,,31.5,81.0,False,False,ped_link_not_green
49.5,NODE_6342,11203041633,9,0,GGGGGGGGGr,r,False,False,0,,29.5,79.0,False,False,ped_link_not_green
50.0,NODE_10060,11203052964,11,0,GGGGGGGGGGGr,r,False,False,0,,29.0,79.0,False,False,ped_link_not_green
50.0,NODE_122781,11203041635,4,0,GGGGr,r,False,False,0,,29.0,79.0,False,False,ped_link_not_green
50.0,NODE_14937,11139418723,2,0,GGr,r,False,False,0,,29.0,79.0,False,False,ped_link_not_green
50.0,NODE_5647,10974501473,4,0,GGGGr,r,False,False,0,,31.0,81.0,False,False,ped_link_not_green
50.0,NODE_6342,11203041633,9,0,GGGGGGGGGr,r,False,False,0,,29.0,79.0,False,False,ped_link_not_green
50.5,NODE_10060,11203052964,11,0,GGGGGGGGGGGr,r,False,False,0,,28.5,79.0,False,False,ped_link_not_green
50.5,NODE_122781,11203041635,4,0,GGGGr,r,False,False,0,,28.5,79.0,False,False,ped_link_not_green
50.5,NODE_14937,11139418723,2,0,GGr,r,False,False,0,,28.5,79.0,False,False,ped_link_not_green
50.5,NODE_5647,10974501473,4,0,GGGGr,r,False,False,0,,30.5,81.0,False,False,ped_link_not_green
50.5,NODE_6342,11203041633,9,0,GGGGGGGGGr,r,False,False,0,,28.5,79.0,False,False,ped_link_not_green
51.0,NODE_10060,11203052964,11,0,GGGGGGGGGGGr,r,False,False,0,,28.0,79.0,False,False,ped_link_not_green
51.0,NODE_122781,11203041635,4,0,GGGGr,r,False,False,0,,28.0,79.0,False,False,ped_link_not_green
51.0,NODE_14937,11139418723,2,0,GGr,r,False,False,0,,28.0,79.0,False,False,ped_link_not_green
51.0,NODE_5647,10974501473,4,0,GGGGr,r,False,False,0,,30.0,81.0,False,False,ped_link_not_green
51.0,NODE_6342,11203041633,9,0,GGGGGGGGGr,r,False,False,0,,28.0,79.0,False,False,ped_link_not_green
51.5,NODE_10060,11203052964,11,0,GGGGGGGGGGGr,r,False,False,0,,27.5,79.0,False,False,ped_link_not_green
51.5,NODE_122781,11203041635,4,0,GGGGr,r,False,False,0,,27.5,79.0,False,False,ped_link_not_green
51.5,NODE_14937,11139418723,2,0,GGr,r,False,False,0,,27.5,79.0,False,False,ped_link_not_green
51.5,NODE_5647,10974501473,4,0,GGGGr,r,False,False,0,,29.5,81.0,False,False,ped_link_not_green
51.5,NODE_6342,11203041633,9,0,GGGGGGGGGr,r,False,False,0,,27.5,79.0,False,False,ped_link_not_green
52.0,NODE_10060,11203052964,11,0,GGGGGGGGGGGr,r,False,False,0,,27.0,79.0,False,False,ped_link_not_green
52.0,NODE_122781,11203041635,4,0,GGGGr,r,False,False,0,,27.0,79.0,False,False,ped_link_not_green
52.0,NODE_14937,11139418723,2,0,GGr,r,False,False,0,,27.0,79.0,False,False,ped_link_not_green
52.0,NODE_5647,10974501473,4,0,GGGGr,r,False,False,0,,29.0,81.0,False,False,ped_link_not_green
52.0,NODE_6342,11203041633,9,0,GGGGGGGGGr,r,False,False,0,,27.0,79.0,False,False,ped_link_not_green
52.5,NODE_10060,11203052964,11,0,GGGGGGGGGGGr,r,False,False,0,,26.5,79.0,False,False,ped_link_not_green
52.5,NODE_122781,11203041635,4,0,GGGGr,r,False,False,0,,26.5,79.0,False,False,ped_link_not_green
52.5,NODE_14937,11139418723,2,0,GGr,r,False,False,0,,26.5,79.0,False,False,ped_link_not_green
52.5,NODE_5647,10974501473,4,0,GGGGr,r,False,False,0,,28.5,81.0,False,False,ped_link_not_green
52.5,NODE_6342,11203041633,9,0,GGGGGGGGGr,r,False,False,0,,26.5,79.0,False,False,ped_link_not_green
53.0,NODE_10060,11203052964,11,0,GGGGGGGGGGGr,r,False,False,0,,26.0,79.0,False,False,ped_link_not_green
53.0,NODE_122781,11203041635,4,0,GGGGr,r,False,False,0,,26.0,79.0,False,False,ped_link_not_green
53.0,NODE_14937,11139418723,2,0,GGr,r,False,False,0,,26.0,79.0,False,False,ped_link_not_green
53.0,NODE_5647,10974501473,4,0,GGGGr,r,False,False,0,,28.0,81.0,False,False,ped_link_not_green
53.0,NODE_6342,11203041633,9,0,GGGGGGGGGr,r,False,False,0,,26.0,79.0,False,False,ped_link_not_green
53.5,NODE_10060,11203052964,11,0,GGGGGGGGGGGr,r,False,False,0,,25.5,79.0,False,False,ped_link_not_green
53.5,NODE_122781,11203041635,4,0,GGGGr,r,False,False,0,,25.5,79.0,False,False,ped_link_not_green
53.5,NODE_14937,11139418723,2,0,GGr,r,False,False,0,,25.5,79.0,False,False,ped_link_not_green
53.5,NODE_5647,10974501473,4,0,GGGGr,r,False,False,0,,27.5,81.0,False,False,ped_link_not_green
53.5,NODE_6342,11203041633,9,0,GGGGGGGGGr,r,False,False,0,,25.5,79.0,False,False,ped_link_not_green
54.0,NODE_10060,11203052964,11,0,GGGGGGGGGGGr,r,False,False,0,,25.0,79.0,False,False,ped_link_not_green
54.0,NODE_122781,11203041635,4,0,GGGGr,r,False,False,0,,25.0,79.0,False,False,ped_link_not_green
54.0,NODE_14937,11139418723,2,0,GGr,r,False,False,0,,25.0,79.0,False,False,ped_link_not_green
54.0,NODE_5647,10974501473,4,0,GGGGr,r,False,False,0,,27.0,81.0,False,False,ped_link_not_green
54.0,NODE_6342,11203041633,9,0,GGGGGGGGGr,r,False,False,0,,25.0,79.0,False,False,ped_link_not_green
54.5,NODE_10060,11203052964,11,0,GGGGGGGGGGGr,r,False,False,0,,24.5,79.0,False,False,ped_link_not_green
54.5,NODE_122781,11203041635,4,0,GGGGr,r,False,False,0,,24.5,79.0,False,False,ped_link_not_green
54.5,NODE_14937,11139418723,2,0,GGr,r,False,False,0,,24.5,79.0,False,False,ped_link_not_green
54.5,NODE_5647,10974501473,4,0,GGGGr,r,False,False,0,,26.5,81.0,False,False,ped_link_not_green
54.5,NODE_6342,11203041633,9,0,GGGGGGGGGr,r,False,False,0,,24.5,79.0,False,False,ped_link_not_green
55.0,NODE_10060,11203052964,11,0,GGGGGGGGGGGr,r,False,False,0,,24.0,79.0,False,False,ped_link_not_green
55.0,NODE_122781,11203041635,4,0,GGGGr,r,False,False,0,,24.0,79.0,False,False,ped_link_not_green
55.0,NODE_14937,11139418723,2,0,GGr,r,False,False,0,,24.0,79.0,False,False,ped_link_not_green
55.0,NODE_5647,10974501473,4,0,GGGGr,r,False,False,0,,26.0,81.0,False,False,ped_link_not_green
55.0,NODE_6342,11203041633,9,0,GGGGGGGGGr,r,False,False,0,,24.0,79.0,False,False,ped_link_not_green
55.5,NODE_10060,11203052964,11,0,GGGGGGGGGGGr,r,False,False,0,,23.5,79.0,False,False,ped_link_not_green
55.5,NODE_122781,11203041635,4,0,GGGGr,r,False,False,0,,23.5,79.0,False,False,ped_link_not_green
55.5,NODE_14937,11139418723,2,0,GGr,r,False,False,0,,23.5,79.0,False,False,ped_link_not_green
55.5,NODE_5647,10974501473,4,0,GGGGr,r,False,False,0,,25.5,81.0,False,False,ped_link_not_green
55.5,NODE_6342,11203041633,9,0,GGGGGGGGGr,r,False,False,0,,23.5,79.0,False,False,ped_link_not_green
56.0,NODE_10060,11203052964,11,0,GGGGGGGGGGGr,r,False,False,0,,23.0,79.0,False,False,ped_link_not_green
56.0,NODE_122781,11203041635,4,0,GGGGr,r,False,False,0,,23.0,79.0,False,False,ped_link_not_green
56.0,NODE_14937,11139418723,2,0,GGr,r,False,False,0,,23.0,79.0,False,False,ped_link_not_green
56.0,NODE_5647,10974501473,4,0,GGGGr,r,False,False,0,,25.0,81.0,False,False,ped_link_not_green
56.0,NODE_6342,11203041633,9,0,GGGGGGGGGr,r,False,False,0,,23.0,79.0,False,False,ped_link_not_green
56.5,NODE_10060,11203052964,11,0,GGGGGGGGGGGr,r,False,False,0,,22.5,79.0,False,False,ped_link_not_green
56.5,NODE_122781,11203041635,4,0,GGGGr,r,False,False,0,,22.5,79.0,False,False,ped_link_not_green
56.5,NODE_14937,11139418723,2,0,GGr,r,False,False,0,,22.5,79.0,False,False,ped_link_not_green
56.5,NODE_5647,10974501473,4,0,GGGGr,r,False,False,0,,24.5,81.0,False,False,ped_link_not_green
56.5,NODE_6342,11203041633,9,0,GGGGGGGGGr,r,False,False,0,,22.5,79.0,False,False,ped_link_not_green
57.0,NODE_10060,11203052964,11,0,GGGGGGGGGGGr,r,False,False,0,,22.0,79.0,False,False,ped_link_not_green
57.0,NODE_122781,11203041635,4,0,GGGGr,r,False,False,0,,22.0,79.0,False,False,ped_link_not_green
57.0,NODE_14937,11139418723,2,0,GGr,r,False,False,0,,22.0,79.0,False,False,ped_link_not_green
57.0,NODE_5647,10974501473,4,0,GGGGr,r,False,False,0,,24.0,81.0,False,False,ped_link_not_green
57.0,NODE_6342,11203041633,9,0,GGGGGGGGGr,r,False,False,0,,22.0,79.0,False,False,ped_link_not_green
57.5,NODE_10060,11203052964,11,0,GGGGGGGGGGGr,r,False,False,0,,21.5,79.0,False,False,ped_link_not_green
57.5,NODE_122781,11203041635,4,0,GGGGr,r,False,False,0,,21.5,79.0,False,False,ped_link_not_green
57.5,NODE_14937,11139418723,2,0,GGr,r,False,False,0,,21.5,79.0,False,False,ped_link_not_green
57.5,NODE_5647,10974501473,4,0,GGGGr,r,False,False,0,,23.5,81.0,False,False,ped_link_not_green
57.5,NODE_6342,11203041633,9,0,GGGGGGGGGr,r,False,False,0,,21.5,79.0,False,False,ped_link_not_green
58.0,NODE_10060,11203052964,11,0,GGGGGGGGGGGr,r,False,False,0,,21.0,79.0,False,False,ped_link_not_green
58.0,NODE_122781,11203041635,4,0,GGGGr,r,False,False,0,,21.0,79.0,False,False,ped_link_not_green
58.0,NODE_14937,11139418723,2,0,GGr,r,False,False,0,,21.0,79.0,False,False,ped_link_not_green
58.0,NODE_5647,10974501473,4,0,GGGGr,r,False,False,0,,23.0,81.0,False,False,ped_link_not_green
58.0,NODE_6342,11203041633,9,0,GGGGGGGGGr,r,False,False,0,,21.0,79.0,False,False,ped_link_not_green
58.5,NODE_10060,11203052964,11,0,GGGGGGGGGGGr,r,False,False,0,,20.5,79.0,False,False,ped_link_not_green
58.5,NODE_122781,11203041635,4,0,GGGGr,r,False,False,0,,20.5,79.0,False,False,ped_link_not_green
58.5,NODE_14937,11139418723,2,0,GGr,r,False,False,0,,20.5,79.0,False,False,ped_link_not_green
58.5,NODE_5647,10974501473,4,0,GGGGr,r,False,False,0,,22.5,81.0,False,False,ped_link_not_green
58.5,NODE_6342,11203041633,9,0,GGGGGGGGGr,r,False,False,0,,20.5,79.0,False,False,ped_link_not_green
59.0,NODE_10060,11203052964,11,0,GGGGGGGGGGGr,r,False,False,0,,20.0,79.0,False,False,ped_link_not_green
59.0,NODE_122781,11203041635,4,0,GGGGr,r,False,False,0,,20.0,79.0,False,False,ped_link_not_green
59.0,NODE_14937,11139418723,2,0,GGr,r,False,False,0,,20.0,79.0,False,False,ped_link_not_green
59.0,NODE_5647,10974501473,4,0,GGGGr,r,False,False,0,,22.0,81.0,False,False,ped_link_not_green
59.0,NODE_6342,11203041633,9,0,GGGGGGGGGr,r,False,False,0,,20.0,79.0,False,False,ped_link_not_green
59.5,NODE_10060,11203052964,11,0,GGGGGGGGGGGr,r,False,False,0,,19.5,79.0,False,False,ped_link_not_green
59.5,NODE_122781,11203041635,4,0,GGGGr,r,False,False,0,,19.5,79.0,False,False,ped_link_not_green
59.5,NODE_14937,11139418723,2,0,GGr,r,False,False,0,,19.5,79.0,False,False,ped_link_not_green
59.5,NODE_5647,10974501473,4,0,GGGGr,r,False,False,0,,21.5,81.0,False,False,ped_link_not_green
59.5,NODE_6342,11203041633,9,0,GGGGGGGGGr,r,False,False,0,,19.5,79.0,False,False,ped_link_not_green
60.0,NODE_10060,11203052964,11,0,GGGGGGGGGGGr,r,False,False,0,,19.0,79.0,False,False,ped_link_not_green
60.0,NODE_122781,11203041635,4,0,GGGGr,r,False,False,0,,19.0,79.0,False,False,ped_link_not_green
60.0,NODE_14937,11139418723,2,0,GGr,r,False,False,0,,19.0,79.0,False,False,ped_link_not_green
60.0,NODE_5647,10974501473,4,0,GGGGr,r,False,False,0,,21.0,81.0,False,False,ped_link_not_green
60.0,NODE_6342,11203041633,9,0,GGGGGGGGGr,r,False,False,0,,19.0,79.0,False,False,ped_link_not_green
60.5,NODE_10060,11203052964,11,0,GGGGGGGGGGGr,r,False,False,0,,18.5,79.0,False,False,ped_link_not_green
60.5,NODE_122781,11203041635,4,0,GGGGr,r,False,False,0,,18.5,79.0,False,False,ped_link_not_green
60.5,NODE_14937,11139418723,2,0,GGr,r,False,False,0,,18.5,79.0,False,False,ped_link_not_green
60.5,NODE_5647,10974501473,4,0,GGGGr,r,False,False,0,,20.5,81.0,False,False,ped_link_not_green
60.5,NODE_6342,11203041633,9,0,GGGGGGGGGr,r,False,False,0,,18.5,79.0,False,False,ped_link_not_green
61.0,NODE_10060,11203052964,11,0,GGGGGGGGGGGr,r,False,False,0,,18.0,79.0,False,False,ped_link_not_green
61.0,NODE_122781,11203041635,4,0,GGGGr,r,False,False,0,,18.0,79.0,False,False,ped_link_not_green
61.0,NODE_14937,11139418723,2,0,GGr,r,False,False,0,,18.0,79.0,False,False,ped_link_not_green
61.0,NODE_5647,10974501473,4,0,GGGGr,r,False,False,0,,20.0,81.0,False,False,ped_link_not_green
61.0,NODE_6342,11203041633,9,0,GGGGGGGGGr,r,False,False,0,,18.0,79.0,False,False,ped_link_not_green
61.5,NODE_10060,11203052964,11,0,GGGGGGGGGGGr,r,False,False,0,,17.5,79.0,False,False,ped_link_not_green
61.5,NODE_122781,11203041635,4,0,GGGGr,r,False,False,0,,17.5,79.0,False,False,ped_link_not_green
61.5,NODE_14937,11139418723,2,0,GGr,r,False,False,0,,17.5,79.0,False,False,ped_link_not_green
61.5,NODE_5647,10974501473,4,0,GGGGr,r,False,False,0,,19.5,81.0,False,False,ped_link_not_green
61.5,NODE_6342,11203041633,9,0,GGGGGGGGGr,r,False,False,0,,17.5,79.0,False,False,ped_link_not_green
62.0,NODE_10060,11203052964,11,0,GGGGGGGGGGGr,r,False,False,0,,17.0,79.0,False,False,ped_link_not_green
62.0,NODE_122781,11203041635,4,0,GGGGr,r,False,False,0,,17.0,79.0,False,False,ped_link_not_green
62.0,NODE_14937,11139418723,2,0,GGr,r,False,False,0,,17.0,79.0,False,False,ped_link_not_green
62.0,NODE_5647,10974501473,4,0,GGGGr,r,False,False,0,,19.0,81.0,False,False,ped_link_not_green
62.0,NODE_6342,11203041633,9,0,GGGGGGGGGr,r,False,False,0,,17.0,79.0,False,False,ped_link_not_green
62.5,NODE_10060,11203052964,11,0,GGGGGGGGGGGr,r,False,False,0,,16.5,79.0,False,False,ped_link_not_green
62.5,NODE_122781,11203041635,4,0,GGGGr,r,False,False,0,,16.5,79.0,False,False,ped_link_not_green
62.5,NODE_14937,11139418723,2,0,GGr,r,False,False,0,,16.5,79.0,False,False,ped_link_not_green
62.5,NODE_5647,10974501473,4,0,GGGGr,r,False,False,0,,18.5,81.0,False,False,ped_link_not_green
62.5,NODE_6342,11203041633,9,0,GGGGGGGGGr,r,False,False,0,,16.5,79.0,False,False,ped_link_not_green
63.0,NODE_10060,11203052964,11,0,GGGGGGGGGGGr,r,False,False,0,,16.0,79.0,False,False,ped_link_not_green
63.0,NODE_122781,11203041635,4,0,GGGGr,r,False,False,0,,16.0,79.0,False,False,ped_link_not_green
63.0,NODE_14937,11139418723,2,0,GGr,r,False,False,0,,16.0,79.0,False,False,ped_link_not_green
63.0,NODE_5647,10974501473,4,0,GGGGr,r,False,False,0,,18.0,81.0,False,False,ped_link_not_green
63.0,NODE_6342,11203041633,9,0,GGGGGGGGGr,r,False,False,0,,16.0,79.0,False,False,ped_link_not_green
63.5,NODE_10060,11203052964,11,0,GGGGGGGGGGGr,r,False,False,0,,15.5,79.0,False,False,ped_link_not_green
63.5,NODE_122781,11203041635,4,0,GGGGr,r,False,False,0,,15.5,79.0,False,False,ped_link_not_green
63.5,NODE_14937,11139418723,2,0,GGr,r,False,False,0,,15.5,79.0,False,False,ped_link_not_green
63.5,NODE_5647,10974501473,4,0,GGGGr,r,False,False,0,,17.5,81.0,False,False,ped_link_not_green
63.5,NODE_6342,11203041633,9,0,GGGGGGGGGr,r,False,False,0,,15.5,79.0,False,False,ped_link_not_green
64.0,NODE_10060,11203052964,11,0,GGGGGGGGGGGr,r,False,False,0,,15.0,79.0,False,False,ped_link_not_green
64.0,NODE_122781,11203041635,4,0,GGGGr,r,False,False,0,,15.0,79.0,False,False,ped_link_not_green
64.0,NODE_14937,11139418723,2,0,GGr,r,False,False,0,,15.0,79.0,False,False,ped_link_not_green
64.0,NODE_5647,10974501473,4,0,GGGGr,r,False,False,0,,17.0,81.0,False,False,ped_link_not_green
64.0,NODE_6342,11203041633,9,0,GGGGGGGGGr,r,False,False,0,,15.0,79.0,False,False,ped_link_not_green
64.5,NODE_10060,11203052964,11,0,GGGGGGGGGGGr,r,False,False,0,,14.5,79.0,False,False,ped_link_not_green
64.5,NODE_122781,11203041635,4,0,GGGGr,r,False,False,0,,14.5,79.0,False,False,ped_link_not_green
64.5,NODE_14937,11139418723,2,0,GGr,r,False,False,0,,14.5,79.0,False,False,ped_link_not_green
64.5,NODE_5647,10974501473,4,0,GGGGr,r,False,False,0,,16.5,81.0,False,False,ped_link_not_green
64.5,NODE_6342,11203041633,9,0,GGGGGGGGGr,r,False,False,0,,14.5,79.0,False,False,ped_link_not_green
65.0,NODE_10060,11203052964,11,0,GGGGGGGGGGGr,r,False,False,0,,14.0,79.0,False,False,ped_link_not_green
65.0,NODE_122781,11203041635,4,0,GGGGr,r,False,False,0,,14.0,79.0,False,False,ped_link_not_green
65.0,NODE_14937,11139418723,2,0,GGr,r,False,False,0,,14.0,79.0,False,False,ped_link_not_green
65.0,NODE_5647,10974501473,4,0,GGGGr,r,False,False,0,,16.0,81.0,False,False,ped_link_not_green
65.0,NODE_6342,11203041633,9,0,GGGGGGGGGr,r,False,False,0,,14.0,79.0,False,False,ped_link_not_green
65.5,NODE_10060,11203052964,11,0,GGGGGGGGGGGr,r,False,False,0,,13.5,79.0,False,False,ped_link_not_green
65.5,NODE_122781,11203041635,4,0,GGGGr,r,False,False,0,,13.5,79.0,False,False,ped_link_not_green
65.5,NODE_14937,11139418723,2,0,GGr,r,False,False,0,,13.5,79.0,False,False,ped_link_not_green
65.5,NODE_5647,10974501473,4,0,GGGGr,r,False,False,0,,15.5,81.0,False,False,ped_link_not_green
65.5,NODE_6342,11203041633,9,0,GGGGGGGGGr,r,False,False,0,,13.5,79.0,False,False,ped_link_not_green
66.0,NODE_10060,11203052964,11,0,GGGGGGGGGGGr,r,False,False,0,,13.0,79.0,False,False,ped_link_not_green
66.0,NODE_122781,11203041635,4,0,GGGGr,r,False,False,0,,13.0,79.0,False,False,ped_link_not_green
66.0,NODE_14937,11139418723,2,0,GGr,r,False,False,0,,13.0,79.0,False,False,ped_link_not_green
66.0,NODE_5647,10974501473,4,0,GGGGr,r,False,False,0,,15.0,81.0,False,False,ped_link_not_green
66.0,NODE_6342,11203041633,9,0,GGGGGGGGGr,r,False,False,0,,13.0,79.0,False,False,ped_link_not_green
66.5,NODE_10060,11203052964,11,0,GGGGGGGGGGGr,r,False,False,0,,12.5,79.0,False,False,ped_link_not_green
66.5,NODE_122781,11203041635,4,0,GGGGr,r,False,False,0,,12.5,79.0,False,False,ped_link_not_green
66.5,NODE_14937,11139418723,2,0,GGr,r,False,False,0,,12.5,79.0,False,False,ped_link_not_green
66.5,NODE_5647,10974501473,4,0,GGGGr,r,False,False,0,,14.5,81.0,False,False,ped_link_not_green
66.5,NODE_6342,11203041633,9,0,GGGGGGGGGr,r,False,False,0,,12.5,79.0,False,False,ped_link_not_green
67.0,NODE_10060,11203052964,11,0,GGGGGGGGGGGr,r,False,False,0,,12.0,79.0,False,False,ped_link_not_green
67.0,NODE_122781,11203041635,4,0,GGGGr,r,False,False,0,,12.0,79.0,False,False,ped_link_not_green
67.0,NODE_14937,11139418723,2,0,GGr,r,False,False,0,,12.0,79.0,False,False,ped_link_not_green
67.0,NODE_5647,10974501473,4,0,GGGGr,r,False,False,0,,14.0,81.0,False,False,ped_link_not_green
67.0,NODE_6342,11203041633,9,0,GGGGGGGGGr,r,False,False,0,,12.0,79.0,False,False,ped_link_not_green
67.5,NODE_10060,11203052964,11,0,GGGGGGGGGGGr,r,False,False,0,,11.5,79.0,False,False,ped_link_not_green
67.5,NODE_122781,11203041635,4,0,GGGGr,r,False,False,0,,11.5,79.0,False,False,ped_link_not_green
67.5,NODE_14937,11139418723,2,0,GGr,r,False,False,0,,11.5,79.0,False,False,ped_link_not_green
67.5,NODE_5647,10974501473,4,0,GGGGr,r,False,False,0,,13.5,81.0,False,False,ped_link_not_green
67.5,NODE_6342,11203041633,9,0,GGGGGGGGGr,r,False,False,0,,11.5,79.0,False,False,ped_link_not_green
68.0,NODE_10060,11203052964,11,0,GGGGGGGGGGGr,r,False,False,0,,11.0,79.0,False,False,ped_link_not_green
68.0,NODE_122781,11203041635,4,0,GGGGr,r,False,False,0,,11.0,79.0,False,False,ped_link_not_green
68.0,NODE_14937,11139418723,2,0,GGr,r,False,False,0,,11.0,79.0,False,False,ped_link_not_green
68.0,NODE_5647,10974501473,4,0,GGGGr,r,False,False,0,,13.0,81.0,False,False,ped_link_not_green
68.0,NODE_6342,11203041633,9,0,GGGGGGGGGr,r,False,False,0,,11.0,79.0,False,False,ped_link_not_green
68.5,NODE_10060,11203052964,11,0,GGGGGGGGGGGr,r,False,False,0,,10.5,79.0,False,False,ped_link_not_green
68.5,NODE_122781,11203041635,4,0,GGGGr,r,False,False,0,,10.5,79.0,False,False,ped_link_not_green
68.5,NODE_14937,11139418723,2,0,GGr,r,False,False,0,,10.5,79.0,False,False,ped_link_not_green
68.5,NODE_5647,10974501473,4,0,GGGGr,r,False,False,0,,12.5,81.0,False,False,ped_link_not_green
68.5,NODE_6342,11203041633,9,0,GGGGGGGGGr,r,False,False,0,,10.5,79.0,False,False,ped_link_not_green
69.0,NODE_10060,11203052964,11,0,GGGGGGGGGGGr,r,False,False,0,,10.0,79.0,False,False,ped_link_not_green
69.0,NODE_122781,11203041635,4,0,GGGGr,r,False,False,0,,10.0,79.0,False,False,ped_link_not_green
69.0,NODE_14937,11139418723,2,0,GGr,r,False,False,0,,10.0,79.0,False,False,ped_link_not_green
69.0,NODE_5647,10974501473,4,0,GGGGr,r,False,False,0,,12.0,81.0,False,False,ped_link_not_green
69.0,NODE_6342,11203041633,9,0,GGGGGGGGGr,r,False,False,0,,10.0,79.0,False,False,ped_link_not_green
69.5,NODE_10060,11203052964,11,0,GGGGGGGGGGGr,r,False,False,0,,9.5,79.0,False,False,ped_link_not_green
69.5,NODE_122781,11203041635,4,0,GGGGr,r,False,False,0,,9.5,79.0,False,False,ped_link_not_green
69.5,NODE_14937,11139418723,2,0,GGr,r,False,False,0,,9.5,79.0,False,False,ped_link_not_green
69.5,NODE_5647,10974501473,4,0,GGGGr,r,False,False,0,,11.5,81.0,False,False,ped_link_not_green
69.5,NODE_6342,11203041633,9,0,GGGGGGGGGr,r,False,False,0,,9.5,79.0,False,False,ped_link_not_green
70.0,NODE_10060,11203052964,11,0,GGGGGGGGGGGr,r,False,False,0,,9.0,79.0,False,False,ped_link_not_green
70.0,NODE_122781,11203041635,4,0,GGGGr,r,False,False,0,,9.0,79.0,False,False,ped_link_not_green
70.0,NODE_14937,11139418723,2,0,GGr,r,False,False,0,,9.0,79.0,False,False,ped_link_not_green
70.0,NODE_5647,10974501473,4,0,GGGGr,r,False,False,0,,11.0,81.0,False,False,ped_link_not_green
70.0,NODE_6342,11203041633,9,0,GGGGGGGGGr,r,False,False,0,,9.0,79.0,False,False,ped_link_not_green
70.5,NODE_10060,11203052964,11,0,GGGGGGGGGGGr,r,False,False,0,,8.5,79.0,False,False,ped_link_not_green
70.5,NODE_122781,11203041635,4,0,GGGGr,r,False,False,0,,8.5,79.0,False,False,ped_link_not_green
70.5,NODE_14937,11139418723,2,0,GGr,r,False,False,0,,8.5,79.0,False,False,ped_link_not_green
70.5,NODE_5647,10974501473,4,0,GGGGr,r,False,False,0,,10.5,81.0,False,False,ped_link_not_green
70.5,NODE_6342,11203041633,9,0,GGGGGGGGGr,r,False,False,0,,8.5,79.0,False,False,ped_link_not_green
71.0,NODE_10060,11203052964,11,0,GGGGGGGGGGGr,r,False,False,0,,8.0,79.0,False,False,ped_link_not_green
71.0,NODE_122781,11203041635,4,0,GGGGr,r,False,False,0,,8.0,79.0,False,False,ped_link_not_green
71.0,NODE_14937,11139418723,2,0,GGr,r,False,False,0,,8.0,79.0,False,False,ped_link_not_green
71.0,NODE_5647,10974501473,4,0,GGGGr,r,False,False,0,,10.0,81.0,False,False,ped_link_not_green
71.0,NODE_6342,11203041633,9,0,GGGGGGGGGr,r,False,False,0,,8.0,79.0,False,False,ped_link_not_green
71.5,NODE_10060,11203052964,11,0,GGGGGGGGGGGr,r,False,False,0,,7.5,79.0,False,False,ped_link_not_green
71.5,NODE_122781,11203041635,4,0,GGGGr,r,False,False,0,,7.5,79.0,False,False,ped_link_not_green
71.5,NODE_14937,11139418723,2,0,GGr,r,False,False,0,,7.5,79.0,False,False,ped_link_not_green
71.5,NODE_5647,10974501473,4,0,GGGGr,r,False,False,0,,9.5,81.0,False,False,ped_link_not_green
71.5,NODE_6342,11203041633,9,0,GGGGGGGGGr,r,False,False,0,,7.5,79.0,False,False,ped_link_not_green
72.0,NODE_10060,11203052964,11,0,GGGGGGGGGGGr,r,False,False,0,,7.0,79.0,False,False,ped_link_not_green
72.0,NODE_122781,11203041635,4,0,GGGGr,r,False,False,0,,7.0,79.0,False,False,ped_link_not_green
72.0,NODE_14937,11139418723,2,0,GGr,r,False,False,0,,7.0,79.0,False,False,ped_link_not_green
72.0,NODE_5647,10974501473,4,0,GGGGr,r,False,False,0,,9.0,81.0,False,False,ped_link_not_green
72.0,NODE_6342,11203041633,9,0,GGGGGGGGGr,r,False,False,0,,7.0,79.0,False,False,ped_link_not_green
72.5,NODE_10060,11203052964,11,0,GGGGGGGGGGGr,r,False,False,0,,6.5,79.0,False,False,ped_link_not_green
72.5,NODE_122781,11203041635,4,0,GGGGr,r,False,False,0,,6.5,79.0,False,False,ped_link_not_green
72.5,NODE_14937,11139418723,2,0,GGr,r,False,False,0,,6.5,79.0,False,False,ped_link_not_green
72.5,NODE_5647,10974501473,4,0,GGGGr,r,False,False,0,,8.5,81.0,False,False,ped_link_not_green
72.5,NODE_6342,11203041633,9,0,GGGGGGGGGr,r,False,False,0,,6.5,79.0,False,False,ped_link_not_green
73.0,NODE_10060,11203052964,11,0,GGGGGGGGGGGr,r,False,False,0,,6.0,79.0,False,False,ped_link_not_green
73.0,NODE_122781,11203041635,4,0,GGGGr,r,False,False,0,,6.0,79.0,False,False,ped_link_not_green
73.0,NODE_14937,11139418723,2,0,GGr,r,False,False,0,,6.0,79.0,False,False,ped_link_not_green
73.0,NODE_5647,10974501473,4,0,GGGGr,r,False,False,0,,8.0,81.0,False,False,ped_link_not_green
73.0,NODE_6342,11203041633,9,0,GGGGGGGGGr,r,False,False,0,,6.0,79.0,False,False,ped_link_not_green
73.5,NODE_10060,11203052964,11,0,GGGGGGGGGGGr,r,False,False,0,,5.5,79.0,False,False,ped_link_not_green
73.5,NODE_122781,11203041635,4,0,GGGGr,r,False,False,0,,5.5,79.0,False,False,ped_link_not_green
73.5,NODE_14937,11139418723,2,0,GGr,r,False,False,0,,5.5,79.0,False,False,ped_link_not_green
73.5,NODE_5647,10974501473,4,0,GGGGr,r,False,False,0,,7.5,81.0,False,False,ped_link_not_green
73.5,NODE_6342,11203041633,9,0,GGGGGGGGGr,r,False,False,0,,5.5,79.0,False,False,ped_link_not_green
74.0,NODE_10060,11203052964,11,0,GGGGGGGGGGGr,r,False,False,0,,5.0,79.0,False,False,ped_link_not_green
74.0,NODE_122781,11203041635,4,0,GGGGr,r,False,False,0,,5.0,79.0,False,False,ped_link_not_green
74.0,NODE_14937,11139418723,2,0,GGr,r,False,False,0,,5.0,79.0,False,False,ped_link_not_green
74.0,NODE_5647,10974501473,4,0,GGGGr,r,False,False,0,,7.0,81.0,False,False,ped_link_not_green
74.0,NODE_6342,11203041633,9,0,GGGGGGGGGr,r,False,False,0,,5.0,79.0,False,False,ped_link_not_green
74.5,NODE_10060,11203052964,11,0,GGGGGGGGGGGr,r,False,False,0,,4.5,79.0,False,False,ped_link_not_green
74.5,NODE_122781,11203041635,4,0,GGGGr,r,False,False,0,,4.5,79.0,False,False,ped_link_not_green
74.5,NODE_14937,11139418723,2,0,GGr,r,False,False,0,,4.5,79.0,False,False,ped_link_not_green
74.5,NODE_5647,10974501473,4,0,GGGGr,r,False,False,0,,6.5,81.0,False,False,ped_link_not_green
74.5,NODE_6342,11203041633,9,0,GGGGGGGGGr,r,False,False,0,,4.5,79.0,False,False,ped_link_not_green
75.0,NODE_10060,11203052964,11,0,GGGGGGGGGGGr,r,False,False,0,,4.0,79.0,False,False,ped_link_not_green
75.0,NODE_122781,11203041635,4,0,GGGGr,r,False,False,0,,4.0,79.0,False,False,ped_link_not_green
75.0,NODE_14937,11139418723,2,0,GGr,r,False,False,0,,4.0,79.0,False,False,ped_link_not_green
75.0,NODE_5647,10974501473,4,0,GGGGr,r,False,False,0,,6.0,81.0,False,False,ped_link_not_green
75.0,NODE_6342,11203041633,9,0,GGGGGGGGGr,r,False,False,0,,4.0,79.0,False,False,ped_link_not_green
75.5,NODE_10060,11203052964,11,0,GGGGGGGGGGGr,r,False,False,0,,3.5,79.0,False,False,ped_link_not_green
75.5,NODE_122781,11203041635,4,0,GGGGr,r,False,False,0,,3.5,79.0,False,False,ped_link_not_green
75.5,NODE_14937,11139418723,2,0,GGr,r,False,False,0,,3.5,79.0,False,False,ped_link_not_green
75.5,NODE_5647,10974501473,4,0,GGGGr,r,False,False,0,,5.5,81.0,False,False,ped_link_not_green
75.5,NODE_6342,11203041633,9,0,GGGGGGGGGr,r,False,False,0,,3.5,79.0,False,False,ped_link_not_green
76.0,NODE_10060,11203052964,11,0,GGGGGGGGGGGr,r,False,False,0,,3.0,79.0,False,False,ped_link_not_green
76.0,NODE_122781,11203041635,4,0,GGGGr,r,False,False,0,,3.0,79.0,False,False,ped_link_not_green
76.0,NODE_14937,11139418723,2,0,GGr,r,False,False,0,,3.0,79.0,False,False,ped_link_not_green
76.0,NODE_5647,10974501473,4,0,GGGGr,r,False,False,0,,5.0,81.0,False,False,ped_link_not_green
76.0,NODE_6342,11203041633,9,0,GGGGGGGGGr,r,False,False,0,,3.0,79.0,False,False,ped_link_not_green
76.5,NODE_10060,11203052964,11,0,GGGGGGGGGGGr,r,False,False,0,,2.5,79.0,False,False,ped_link_not_green
76.5,NODE_122781,11203041635,4,0,GGGGr,r,False,False,0,,2.5,79.0,False,False,ped_link_not_green
76.5,NODE_14937,11139418723,2,0,GGr,r,False,False,0,,2.5,79.0,False,False,ped_link_not_green
76.5,NODE_5647,10974501473,4,0,GGGGr,r,False,False,0,,4.5,81.0,False,False,ped_link_not_green
76.5,NODE_6342,11203041633,9,0,GGGGGGGGGr,r,False,False,0,,2.5,79.0,False,False,ped_link_not_green
77.0,NODE_10060,11203052964,11,0,GGGGGGGGGGGr,r,False,False,0,,2.0,79.0,False,False,ped_link_not_green
77.0,NODE_122781,11203041635,4,0,GGGGr,r,False,False,0,,2.0,79.0,False,False,ped_link_not_green
77.0,NODE_14937,11139418723,2,0,GGr,r,False,False,0,,2.0,79.0,False,False,ped_link_not_green
77.0,NODE_5647,10974501473,4,0,GGGGr,r,False,False,0,,4.0,81.0,False,False,ped_link_not_green
77.0,NODE_6342,11203041633,9,0,GGGGGGGGGr,r,False,False,0,,2.0,79.0,False,False,ped_link_not_green
77.5,NODE_10060,11203052964,11,0,GGGGGGGGGGGr,r,False,False,0,,1.5,79.0,False,False,ped_link_not_green
77.5,NODE_122781,11203041635,4,0,GGGGr,r,False,False,0,,1.5,79.0,False,False,ped_link_not_green
77.5,NODE_14937,11139418723,2,0,GGr,r,False,False,0,,1.5,79.0,False,False,ped_link_not_green
77.5,NODE_5647,10974501473,4,0,GGGGr,r,False,False,0,,3.5,81.0,False,False,ped_link_not_green
77.5,NODE_6342,11203041633,9,0,GGGGGGGGGr,r,False,False,0,,1.5,79.0,False,False,ped_link_not_green
78.0,NODE_10060,11203052964,11,0,GGGGGGGGGGGr,r,False,False,0,,1.0,79.0,False,False,ped_link_not_green
78.0,NODE_122781,11203041635,4,0,GGGGr,r,False,False,0,,1.0,79.0,False,False,ped_link_not_green
78.0,NODE_14937,11139418723,2,0,GGr,r,False,False,0,,1.0,79.0,False,False,ped_link_not_green
78.0,NODE_5647,10974501473,4,0,GGGGr,r,False,False,0,,3.0,81.0,False,False,ped_link_not_green
78.0,NODE_6342,11203041633,9,0,GGGGGGGGGr,r,False,False,0,,1.0,79.0,False,False,ped_link_not_green
78.5,NODE_10060,11203052964,11,0,GGGGGGGGGGGr,r,False,False,0,,0.5,79.0,False,False,ped_link_not_green
78.5,NODE_122781,11203041635,4,0,GGGGr,r,False,False,0,,0.5,79.0,False,False,ped_link_not_green
78.5,NODE_14937,11139418723,2,0,GGr,r,False,False,0,,0.5,79.0,False,False,ped_link_not_green
78.5,NODE_5647,10974501473,4,0,GGGGr,r,False,False,0,,2.5,81.0,False,False,ped_link_not_green
78.5,NODE_6342,11203041633,9,0,GGGGGGGGGr,r,False,False,0,,0.5,79.0,False,False,ped_link_not_green
79.0,NODE_10060,11203052964,11,0,GGGGGGGGGGGr,r,False,False,0,,0.0,79.0,False,False,ped_link_not_green
79.0,NODE_122781,11203041635,4,0,GGGGr,r,False,False,0,,0.0,79.0,False,False,ped_link_not_green
79.0,NODE_14937,11139418723,2,0,GGr,r,False,False,0,,0.0,79.0,False,False,ped_link_not_green
79.0,NODE_5647,10974501473,4,0,GGGGr,r,False,False,0,,2.0,81.0,False,False,ped_link_not_green
79.0,NODE_6342,11203041633,9,0,GGGGGGGGGr,r,False,False,0,,0.0,79.0,False,False,ped_link_not_green
79.5,NODE_10060,11203052964,11,1,yyyyyyyyyyyr,r,False,False,0,,5.5,85.0,False,False,ped_link_not_green
79.5,NODE_122781,11203041635,4,1,yyyyr,r,False,False,0,,5.5,85.0,False,False,ped_link_not_green
79.5,NODE_14937,11139418723,2,1,yyr,r,False,False,0,,5.5,85.0,False,False,ped_link_not_green
79.5,NODE_5647,10974501473,4,0,GGGGr,r,False,False,0,,1.5,81.0,False,False,ped_link_not_green
79.5,NODE_6342,11203041633,9,1,yyyyyyyyyr,r,False,False,0,,5.5,85.0,False,False,ped_link_not_green
80.0,NODE_10060,11203052964,11,1,yyyyyyyyyyyr,r,False,False,0,,5.0,85.0,False,False,ped_link_not_green
80.0,NODE_122781,11203041635,4,1,yyyyr,r,False,False,0,,5.0,85.0,False,False,ped_link_not_green
80.0,NODE_14937,11139418723,2,1,yyr,r,False,False,0,,5.0,85.0,False,False,ped_link_not_green
80.0,NODE_5647,10974501473,4,0,GGGGr,r,False,False,0,,1.0,81.0,False,False,ped_link_not_green
80.0,NODE_6342,11203041633,9,1,yyyyyyyyyr,r,False,False,0,,5.0,85.0,False,False,ped_link_not_green
80.5,NODE_10060,11203052964,11,1,yyyyyyyyyyyr,r,False,False,0,,4.5,85.0,False,False,ped_link_not_green
80.5,NODE_122781,11203041635,4,1,yyyyr,r,False,False,0,,4.5,85.0,False,False,ped_link_not_green
80.5,NODE_14937,11139418723,2,1,yyr,r,False,False,0,,4.5,85.0,False,False,ped_link_not_green
80.5,NODE_5647,10974501473,4,0,GGGGr,r,False,False,0,,0.5,81.0,False,False,ped_link_not_green
80.5,NODE_6342,11203041633,9,1,yyyyyyyyyr,r,False,False,0,,4.5,85.0,False,False,ped_link_not_green
81.0,NODE_10060,11203052964,11,1,yyyyyyyyyyyr,r,False,False,0,,4.0,85.0,False,False,ped_link_not_green
81.0,NODE_122781,11203041635,4,1,yyyyr,r,False,False,0,,4.0,85.0,False,False,ped_link_not_green
81.0,NODE_14937,11139418723,2,1,yyr,r,False,False,0,,4.0,85.0,False,False,ped_link_not_green
81.0,NODE_5647,10974501473,4,0,GGGGr,r,False,False,0,,0.0,81.0,False,False,ped_link_not_green
81.0,NODE_6342,11203041633,9,1,yyyyyyyyyr,r,False,False,0,,4.0,85.0,False,False,ped_link_not_green
81.5,NODE_10060,11203052964,11,1,yyyyyyyyyyyr,r,False,False,0,,3.5,85.0,False,False,ped_link_not_green
81.5,NODE_122781,11203041635,4,1,yyyyr,r,False,False,0,,3.5,85.0,False,False,ped_link_not_green
81.5,NODE_14937,11139418723,2,1,yyr,r,False,False,0,,3.5,85.0,False,False,ped_link_not_green
81.5,NODE_5647,10974501473,4,1,yyyyr,r,False,False,0,,3.5,85.0,False,False,ped_link_not_green
81.5,NODE_6342,11203041633,9,1,yyyyyyyyyr,r,False,False,0,,3.5,85.0,False,False,ped_link_not_green
82.0,NODE_10060,11203052964,11,1,yyyyyyyyyyyr,r,False,False,0,,3.0,85.0,False,False,ped_link_not_green
82.0,NODE_122781,11203041635,4,1,yyyyr,r,False,False,0,,3.0,85.0,False,False,ped_link_not_green
82.0,NODE_14937,11139418723,2,1,yyr,r,False,False,0,,3.0,85.0,False,False,ped_link_not_green
82.0,NODE_5647,10974501473,4,1,yyyyr,r,False,False,0,,3.0,85.0,False,False,ped_link_not_green
82.0,NODE_6342,11203041633,9,1,yyyyyyyyyr,r,False,False,0,,3.0,85.0,False,False,ped_link_not_green
82.5,NODE_10060,11203052964,11,1,yyyyyyyyyyyr,r,False,False,0,,2.5,85.0,False,False,ped_link_not_green
82.5,NODE_122781,11203041635,4,1,yyyyr,r,False,False,0,,2.5,85.0,False,False,ped_link_not_green
82.5,NODE_14937,11139418723,2,1,yyr,r,False,False,0,,2.5,85.0,False,False,ped_link_not_green
82.5,NODE_5647,10974501473,4,1,yyyyr,r,False,False,0,,2.5,85.0,False,False,ped_link_not_green
82.5,NODE_6342,11203041633,9,1,yyyyyyyyyr,r,False,False,0,,2.5,85.0,False,False,ped_link_not_green
83.0,NODE_10060,11203052964,11,1,yyyyyyyyyyyr,r,False,False,0,,2.0,85.0,False,False,ped_link_not_green
83.0,NODE_122781,11203041635,4,1,yyyyr,r,False,False,0,,2.0,85.0,False,False,ped_link_not_green
83.0,NODE_14937,11139418723,2,1,yyr,r,False,False,0,,2.0,85.0,False,False,ped_link_not_green
83.0,NODE_5647,10974501473,4,1,yyyyr,r,False,False,0,,2.0,85.0,False,False,ped_link_not_green
83.0,NODE_6342,11203041633,9,1,yyyyyyyyyr,r,False,False,0,,2.0,85.0,False,False,ped_link_not_green
83.5,NODE_10060,11203052964,11,1,yyyyyyyyyyyr,r,False,False,0,,1.5,85.0,False,False,ped_link_not_green
83.5,NODE_122781,11203041635,4,1,yyyyr,r,False,False,0,,1.5,85.0,False,False,ped_link_not_green
83.5,NODE_14937,11139418723,2,1,yyr,r,False,False,0,,1.5,85.0,False,False,ped_link_not_green
83.5,NODE_5647,10974501473,4,1,yyyyr,r,False,False,0,,1.5,85.0,False,False,ped_link_not_green
83.5,NODE_6342,11203041633,9,1,yyyyyyyyyr,r,False,False,0,,1.5,85.0,False,False,ped_link_not_green
84.0,NODE_10060,11203052964,11,1,yyyyyyyyyyyr,r,False,False,1,ped_1_0_NODE_10060,1.0,85.0,False,False,ped_link_not_green
84.0,NODE_122781,11203041635,4,1,yyyyr,r,False,False,1,ped_2_0_NODE_122781,1.0,85.0,False,False,ped_link_not_green
84.0,NODE_14937,11139418723,2,1,yyr,r,False,False,1,ped_3_0_NODE_14937,1.0,85.0,False,False,ped_link_not_green
84.0,NODE_5647,10974501473,4,1,yyyyr,r,False,False,1,ped_4_0_NODE_5647,1.0,85.0,False,False,ped_link_not_green
84.0,NODE_6342,11203041633,9,1,yyyyyyyyyr,r,False,False,1,ped_5_0_NODE_6342,1.0,85.0,False,False,ped_link_not_green
84.5,NODE_10060,11203052964,11,1,yyyyyyyyyyyr,r,False,False,1,ped_1_0_NODE_10060,0.5,85.0,False,False,ped_link_not_green
84.5,NODE_122781,11203041635,4,1,yyyyr,r,False,False,1,ped_2_0_NODE_122781,0.5,85.0,False,False,ped_link_not_green
84.5,NODE_14937,11139418723,2,1,yyr,r,False,False,1,ped_3_0_NODE_14937,0.5,85.0,False,False,ped_link_not_green
84.5,NODE_5647,10974501473,4,1,yyyyr,r,False,False,1,ped_4_0_NODE_5647,0.5,85.0,False,False,ped_link_not_green
84.5,NODE_6342,11203041633,9,1,yyyyyyyyyr,r,False,False,1,ped_5_0_NODE_6342,0.5,85.0,False,False,ped_link_not_green
85.0,NODE_10060,11203052964,11,1,yyyyyyyyyyyr,r,False,False,1,ped_1_0_NODE_10060,0.0,85.0,False,False,ped_link_not_green
85.0,NODE_122781,11203041635,4,1,yyyyr,r,False,False,1,ped_2_0_NODE_122781,0.0,85.0,False,False,ped_link_not_green
85.0,NODE_14937,11139418723,2,1,yyr,r,False,False,1,ped_3_0_NODE_14937,0.0,85.0,False,False,ped_link_not_green
85.0,NODE_5647,10974501473,4,1,yyyyr,r,False,False,1,ped_4_0_NODE_5647,0.0,85.0,False,False,ped_link_not_green
85.0,NODE_6342,11203041633,9,1,yyyyyyyyyr,r,False,False,1,ped_5_0_NODE_6342,0.0,85.0,False,False,ped_link_not_green
85.5,NODE_10060,11203052964,11,2,rrrrrrrrrrrG,G,True,True,2,ped_1_0_NODE_10060|ped_1_1_NODE_10060,12.5,98.0,False,False,outside_extension_window
85.5,NODE_122781,11203041635,4,2,rrrrG,G,True,True,2,ped_2_0_NODE_122781|ped_2_1_NODE_122781,12.5,98.0,False,False,outside_extension_window
85.5,NODE_14937,11139418723,2,2,rrG,G,True,True,2,ped_3_0_NODE_14937|ped_3_1_NODE_14937,12.5,98.0,False,False,outside_extension_window
85.5,NODE_5647,10974501473,4,2,rrrrG,G,True,True,2,ped_4_0_NODE_5647|ped_4_1_NODE_5647,12.5,98.0,False,False,outside_extension_window
85.5,NODE_6342,11203041633,9,2,rrrrrrrrrG,G,True,True,2,ped_5_0_NODE_6342|ped_5_1_NODE_6342,12.5,98.0,False,False,outside_extension_window
86.0,NODE_10060,11203052964,11,2,rrrrrrrrrrrG,G,True,True,2,ped_1_0_NODE_10060|ped_1_1_NODE_10060,12.0,98.0,True,True,
86.0,NODE_122781,11203041635,4,2,rrrrG,G,True,True,2,ped_2_0_NODE_122781|ped_2_1_NODE_122781,12.0,98.0,True,True,
86.0,NODE_14937,11139418723,2,2,rrG,G,True,True,2,ped_3_0_NODE_14937|ped_3_1_NODE_14937,12.0,98.0,True,True,
86.0,NODE_5647,10974501473,4,2,rrrrG,G,True,True,2,ped_4_0_NODE_5647|ped_4_1_NODE_5647,12.0,98.0,True,True,
86.0,NODE_6342,11203041633,9,2,rrrrrrrrrG,G,True,True,2,ped_5_0_NODE_6342|ped_5_1_NODE_6342,12.0,98.0,True,True,
86.5,NODE_10060,11203052964,11,2,rrrrrrrrrrrG,G,True,True,2,ped_1_0_NODE_10060|ped_1_1_NODE_10060,16.5,103.0,False,False,outside_extension_window
86.5,NODE_122781,11203041635,4,2,rrrrG,G,True,True,2,ped_2_0_NODE_122781|ped_2_1_NODE_122781,16.5,103.0,False,False,outside_extension_window
86.5,NODE_14937,11139418723,2,2,rrG,G,True,True,2,ped_3_0_NODE_14937|ped_3_1_NODE_14937,16.5,103.0,False,False,outside_extension_window
86.5,NODE_5647,10974501473,4,2,rrrrG,G,True,True,2,ped_4_0_NODE_5647|ped_4_1_NODE_5647,16.5,103.0,False,False,outside_extension_window
86.5,NODE_6342,11203041633,9,2,rrrrrrrrrG,G,True,True,2,ped_5_0_NODE_6342|ped_5_1_NODE_6342,16.5,103.0,False,False,outside_extension_window
87.0,NODE_10060,11203052964,11,2,rrrrrrrrrrrG,G,True,True,3,ped_1_0_NODE_10060|ped_1_1_NODE_10060|ped_1_2_NODE_10060,16.0,103.0,False,False,outside_extension_window
87.0,NODE_122781,11203041635,4,2,rrrrG,G,True,True,3,ped_2_0_NODE_122781|ped_2_1_NODE_122781|ped_2_2_NODE_122781,16.0,103.0,False,False,outside_extension_window
87.0,NODE_14937,11139418723,2,2,rrG,G,True,True,3,ped_3_0_NODE_14937|ped_3_1_NODE_14937|ped_3_2_NODE_14937,16.0,103.0,False,False,outside_extension_window
87.0,NODE_5647,10974501473,4,2,rrrrG,G,True,True,3,ped_4_0_NODE_5647|ped_4_1_NODE_5647|ped_4_2_NODE_5647,16.0,103.0,False,False,outside_extension_window
87.0,NODE_6342,11203041633,9,2,rrrrrrrrrG,G,True,True,3,ped_5_0_NODE_6342|ped_5_1_NODE_6342|ped_5_2_NODE_6342,16.0,103.0,False,False,outside_extension_window
87.5,NODE_10060,11203052964,11,2,rrrrrrrrrrrG,G,True,True,3,ped_1_0_NODE_10060|ped_1_1_NODE_10060|ped_1_2_NODE_10060,15.5,103.0,False,False,outside_extension_window
87.5,NODE_122781,11203041635,4,2,rrrrG,G,True,True,3,ped_2_0_NODE_122781|ped_2_1_NODE_122781|ped_2_2_NODE_122781,15.5,103.0,False,False,outside_extension_window
87.5,NODE_14937,11139418723,2,2,rrG,G,True,True,3,ped_3_0_NODE_14937|ped_3_1_NODE_14937|ped_3_2_NODE_14937,15.5,103.0,False,False,outside_extension_window
87.5,NODE_5647,10974501473,4,2,rrrrG,G,True,True,3,ped_4_0_NODE_5647|ped_4_1_NODE_5647|ped_4_2_NODE_5647,15.5,103.0,False,False,outside_extension_window
87.5,NODE_6342,11203041633,9,2,rrrrrrrrrG,G,True,True,3,ped_5_0_NODE_6342|ped_5_1_NODE_6342|ped_5_2_NODE_6342,15.5,103.0,False,False,outside_extension_window
88.0,NODE_10060,11203052964,11,2,rrrrrrrrrrrG,G,True,True,3,ped_1_0_NODE_10060|ped_1_1_NODE_10060|ped_1_2_NODE_10060,15.0,103.0,False,False,outside_extension_window
88.0,NODE_122781,11203041635,4,2,rrrrG,G,True,True,3,ped_2_0_NODE_122781|ped_2_1_NODE_122781|ped_2_2_NODE_122781,15.0,103.0,False,False,outside_extension_window
88.0,NODE_14937,11139418723,2,2,rrG,G,True,True,3,ped_3_0_NODE_14937|ped_3_1_NODE_14937|ped_3_2_NODE_14937,15.0,103.0,False,False,outside_extension_window
88.0,NODE_5647,10974501473,4,2,rrrrG,G,True,True,3,ped_4_0_NODE_5647|ped_4_1_NODE_5647|ped_4_2_NODE_5647,15.0,103.0,False,False,outside_extension_window
88.0,NODE_6342,11203041633,9,2,rrrrrrrrrG,G,True,True,3,ped_5_0_NODE_6342|ped_5_1_NODE_6342|ped_5_2_NODE_6342,15.0,103.0,False,False,outside_extension_window
88.5,NODE_10060,11203052964,11,2,rrrrrrrrrrrG,G,True,True,4,ped_1_0_NODE_10060|ped_1_1_NODE_10060|ped_1_2_NODE_10060|ped_1_3_NODE_10060,14.5,103.0,False,False,outside_extension_window
88.5,NODE_122781,11203041635,4,2,rrrrG,G,True,True,4,ped_2_0_NODE_122781|ped_2_1_NODE_122781|ped_2_2_NODE_122781|ped_2_3_NODE_122781,14.5,103.0,False,False,outside_extension_window
88.5,NODE_14937,11139418723,2,2,rrG,G,True,True,4,ped_3_0_NODE_14937|ped_3_1_NODE_14937|ped_3_2_NODE_14937|ped_3_3_NODE_14937,14.5,103.0,False,False,outside_extension_window
88.5,NODE_5647,10974501473,4,2,rrrrG,G,True,True,4,ped_4_0_NODE_5647|ped_4_1_NODE_5647|ped_4_2_NODE_5647|ped_4_3_NODE_5647,14.5,103.0,False,False,outside_extension_window
88.5,NODE_6342,11203041633,9,2,rrrrrrrrrG,G,True,True,4,ped_5_0_NODE_6342|ped_5_1_NODE_6342|ped_5_2_NODE_6342|ped_5_3_NODE_6342,14.5,103.0,False,False,outside_extension_window
89.0,NODE_10060,11203052964,11,2,rrrrrrrrrrrG,G,True,True,4,ped_1_0_NODE_10060|ped_1_1_NODE_10060|ped_1_2_NODE_10060|ped_1_3_NODE_10060,14.0,103.0,False,False,outside_extension_window
89.0,NODE_122781,11203041635,4,2,rrrrG,G,True,True,4,ped_2_0_NODE_122781|ped_2_1_NODE_122781|ped_2_2_NODE_122781|ped_2_3_NODE_122781,14.0,103.0,False,False,outside_extension_window
89.0,NODE_14937,11139418723,2,2,rrG,G,True,True,4,ped_3_0_NODE_14937|ped_3_1_NODE_14937|ped_3_2_NODE_14937|ped_3_3_NODE_14937,14.0,103.0,False,False,outside_extension_window
89.0,NODE_5647,10974501473,4,2,rrrrG,G,True,True,4,ped_4_0_NODE_5647|ped_4_1_NODE_5647|ped_4_2_NODE_5647|ped_4_3_NODE_5647,14.0,103.0,False,False,outside_extension_window
89.0,NODE_6342,11203041633,9,2,rrrrrrrrrG,G,True,True,4,ped_5_0_NODE_6342|ped_5_1_NODE_6342|ped_5_2_NODE_6342|ped_5_3_NODE_6342,14.0,103.0,False,False,outside_extension_window
89.5,NODE_10060,11203052964,11,2,rrrrrrrrrrrG,G,True,True,4,ped_1_0_NODE_10060|ped_1_1_NODE_10060|ped_1_2_NODE_10060|ped_1_3_NODE_10060,13.5,103.0,False,False,outside_extension_window
89.5,NODE_122781,11203041635,4,2,rrrrG,G,True,True,4,ped_2_0_NODE_122781|ped_2_1_NODE_122781|ped_2_2_NODE_122781|ped_2_3_NODE_122781,13.5,103.0,False,False,outside_extension_window
89.5,NODE_14937,11139418723,2,2,rrG,G,True,True,4,ped_3_0_NODE_14937|ped_3_1_NODE_14937|ped_3_2_NODE_14937|ped_3_3_NODE_14937,13.5,103.0,False,False,outside_extension_window
89.5,NODE_5647,10974501473,4,2,rrrrG,G,True,True,4,ped_4_0_NODE_5647|ped_4_1_NODE_5647|ped_4_2_NODE_5647|ped_4_3_NODE_5647,13.5,103.0,False,False,outside_extension_window
89.5,NODE_6342,11203041633,9,2,rrrrrrrrrG,G,True,True,4,ped_5_0_NODE_6342|ped_5_1_NODE_6342|ped_5_2_NODE_6342|ped_5_3_NODE_6342,13.5,103.0,False,False,outside_extension_window
90.0,NODE_10060,11203052964,11,2,rrrrrrrrrrrG,G,True,True,5,ped_1_0_NODE_10060|ped_1_1_NODE_10060|ped_1_2_NODE_10060|ped_1_3_NODE_10060|ped_1_4_NODE_10060,13.0,103.0,False,False,outside_extension_window
90.0,NODE_122781,11203041635,4,2,rrrrG,G,True,True,5,ped_2_0_NODE_122781|ped_2_1_NODE_122781|ped_2_2_NODE_122781|ped_2_3_NODE_122781|ped_2_4_NODE_122781,13.0,103.0,False,False,outside_extension_window
90.0,NODE_14937,11139418723,2,2,rrG,G,True,True,5,ped_3_0_NODE_14937|ped_3_1_NODE_14937|ped_3_2_NODE_14937|ped_3_3_NODE_14937|ped_3_4_NODE_14937,13.0,103.0,False,False,outside_extension_window
90.0,NODE_5647,10974501473,4,2,rrrrG,G,True,True,5,ped_4_0_NODE_5647|ped_4_1_NODE_5647|ped_4_2_NODE_5647|ped_4_3_NODE_5647|ped_4_4_NODE_5647,13.0,103.0,False,False,outside_extension_window
90.0,NODE_6342,11203041633,9,2,rrrrrrrrrG,G,True,True,5,ped_5_0_NODE_6342|ped_5_1_NODE_6342|ped_5_2_NODE_6342|ped_5_3_NODE_6342|ped_5_4_NODE_6342,13.0,103.0,False,False,outside_extension_window
90.5,NODE_10060,11203052964,11,2,rrrrrrrrrrrG,G,True,True,5,ped_1_0_NODE_10060|ped_1_1_NODE_10060|ped_1_2_NODE_10060|ped_1_3_NODE_10060|ped_1_4_NODE_10060,12.5,103.0,False,False,outside_extension_window
90.5,NODE_122781,11203041635,4,2,rrrrG,G,True,True,5,ped_2_0_NODE_122781|ped_2_1_NODE_122781|ped_2_2_NODE_122781|ped_2_3_NODE_122781|ped_2_4_NODE_122781,12.5,103.0,False,False,outside_extension_window
90.5,NODE_14937,11139418723,2,2,rrG,G,True,True,5,ped_3_0_NODE_14937|ped_3_1_NODE_14937|ped_3_2_NODE_14937|ped_3_3_NODE_14937|ped_3_4_NODE_14937,12.5,103.0,False,False,outside_extension_window
90.5,NODE_5647,10974501473,4,2,rrrrG,G,True,True,5,ped_4_0_NODE_5647|ped_4_1_NODE_5647|ped_4_2_NODE_5647|ped_4_3_NODE_5647|ped_4_4_NODE_5647,12.5,103.0,False,False,outside_extension_window
90.5,NODE_6342,11203041633,9,2,rrrrrrrrrG,G,True,True,5,ped_5_0_NODE_6342|ped_5_1_NODE_6342|ped_5_2_NODE_6342|ped_5_3_NODE_6342|ped_5_4_NODE_6342,12.5,103.0,False,False,outside_extension_window
91.0,NODE_10060,11203052964,11,2,rrrrrrrrrrrG,G,True,True,5,ped_1_0_NODE_10060|ped_1_1_NODE_10060|ped_1_2_NODE_10060|ped_1_3_NODE_10060|ped_1_4_NODE_10060,12.0,103.0,False,False,already_extended_this_phase
91.0,NODE_122781,11203041635,4,2,rrrrG,G,True,True,5,ped_2_0_NODE_122781|ped_2_1_NODE_122781|ped_2_2_NODE_122781|ped_2_3_NODE_122781|ped_2_4_NODE_122781,12.0,103.0,False,False,already_extended_this_phase
91.0,NODE_14937,11139418723,2,2,rrG,G,True,True,5,ped_3_0_NODE_14937|ped_3_1_NODE_14937|ped_3_2_NODE_14937|ped_3_3_NODE_14937|ped_3_4_NODE_14937,12.0,103.0,False,False,already_extended_this_phase
91.0,NODE_5647,10974501473,4,2,rrrrG,G,True,True,5,ped_4_0_NODE_5647|ped_4_1_NODE_5647|ped_4_2_NODE_5647|ped_4_3_NODE_5647|ped_4_4_NODE_5647,12.0,103.0,False,False,already_extended_this_phase
91.0,NODE_6342,11203041633,9,2,rrrrrrrrrG,G,True,True,5,ped_5_0_NODE_6342|ped_5_1_NODE_6342|ped_5_2_NODE_6342|ped_5_3_NODE_6342|ped_5_4_NODE_6342,12.0,103.0,False,False,already_extended_this_phase
91.5,NODE_10060,11203052964,11,2,rrrrrrrrrrrG,G,True,True,5,ped_1_0_NODE_10060|ped_1_1_NODE_10060|ped_1_2_NODE_10060|ped_1_3_NODE_10060|ped_1_4_NODE_10060,11.5,103.0,False,False,already_extended_this_phase
91.5,NODE_122781,11203041635,4,2,rrrrG,G,True,True,5,ped_2_0_NODE_122781|ped_2_1_NODE_122781|ped_2_2_NODE_122781|ped_2_3_NODE_122781|ped_2_4_NODE_122781,11.5,103.0,False,False,already_extended_this_phase
91.5,NODE_14937,11139418723,2,2,rrG,G,True,True,5,ped_3_0_NODE_14937|ped_3_1_NODE_14937|ped_3_2_NODE_14937|ped_3_3_NODE_14937|ped_3_4_NODE_14937,11.5,103.0,False,False,already_extended_this_phase
91.5,NODE_5647,10974501473,4,2,rrrrG,G,True,True,5,ped_4_0_NODE_5647|ped_4_1_NODE_5647|ped_4_2_NODE_5647|ped_4_3_NODE_5647|ped_4_4_NODE_5647,11.5,103.0,False,False,already_extended_this_phase
91.5,NODE_6342,11203041633,9,2,rrrrrrrrrG,G,True,True,5,ped_5_0_NODE_6342|ped_5_1_NODE_6342|ped_5_2_NODE_6342|ped_5_3_NODE_6342|ped_5_4_NODE_6342,11.5,103.0,False,False,already_extended_this_phase
92.0,NODE_10060,11203052964,11,2,rrrrrrrrrrrG,G,True,True,5,ped_1_0_NODE_10060|ped_1_1_NODE_10060|ped_1_2_NODE_10060|ped_1_3_NODE_10060|ped_1_4_NODE_10060,11.0,103.0,False,False,already_extended_this_phase
92.0,NODE_122781,11203041635,4,2,rrrrG,G,True,True,5,ped_2_0_NODE_122781|ped_2_1_NODE_122781|ped_2_2_NODE_122781|ped_2_3_NODE_122781|ped_2_4_NODE_122781,11.0,103.0,False,False,already_extended_this_phase
92.0,NODE_14937,11139418723,2,2,rrG,G,True,True,5,ped_3_0_NODE_14937|ped_3_1_NODE_14937|ped_3_2_NODE_14937|ped_3_3_NODE_14937|ped_3_4_NODE_14937,11.0,103.0,False,False,already_extended_this_phase
92.0,NODE_5647,10974501473,4,2,rrrrG,G,True,True,5,ped_4_0_NODE_5647|ped_4_1_NODE_5647|ped_4_2_NODE_5647|ped_4_3_NODE_5647|ped_4_4_NODE_5647,11.0,103.0,False,False,already_extended_this_phase
92.0,NODE_6342,11203041633,9,2,rrrrrrrrrG,G,True,True,5,ped_5_0_NODE_6342|ped_5_1_NODE_6342|ped_5_2_NODE_6342|ped_5_3_NODE_6342|ped_5_4_NODE_6342,11.0,103.0,False,False,already_extended_this_phase
92.5,NODE_10060,11203052964,11,2,rrrrrrrrrrrG,G,True,True,5,ped_1_0_NODE_10060|ped_1_1_NODE_10060|ped_1_2_NODE_10060|ped_1_3_NODE_10060|ped_1_4_NODE_10060,10.5,103.0,False,False,already_extended_this_phase
92.5,NODE_122781,11203041635,4,2,rrrrG,G,True,True,5,ped_2_0_NODE_122781|ped_2_1_NODE_122781|ped_2_2_NODE_122781|ped_2_3_NODE_122781|ped_2_4_NODE_122781,10.5,103.0,False,False,already_extended_this_phase
92.5,NODE_14937,11139418723,2,2,rrG,G,True,True,5,ped_3_0_NODE_14937|ped_3_1_NODE_14937|ped_3_2_NODE_14937|ped_3_3_NODE_14937|ped_3_4_NODE_14937,10.5,103.0,False,False,already_extended_this_phase
92.5,NODE_5647,10974501473,4,2,rrrrG,G,True,True,5,ped_4_0_NODE_5647|ped_4_1_NODE_5647|ped_4_2_NODE_5647|ped_4_3_NODE_5647|ped_4_4_NODE_5647,10.5,103.0,False,False,already_extended_this_phase
92.5,NODE_6342,11203041633,9,2,rrrrrrrrrG,G,True,True,5,ped_5_0_NODE_6342|ped_5_1_NODE_6342|ped_5_2_NODE_6342|ped_5_3_NODE_6342|ped_5_4_NODE_6342,10.5,103.0,False,False,already_extended_this_phase
93.0,NODE_10060,11203052964,11,2,rrrrrrrrrrrG,G,True,True,5,ped_1_0_NODE_10060|ped_1_1_NODE_10060|ped_1_2_NODE_10060|ped_1_3_NODE_10060|ped_1_4_NODE_10060,10.0,103.0,False,False,already_extended_this_phase
93.0,NODE_122781,11203041635,4,2,rrrrG,G,True,True,5,ped_2_0_NODE_122781|ped_2_1_NODE_122781|ped_2_2_NODE_122781|ped_2_3_NODE_122781|ped_2_4_NODE_122781,10.0,103.0,False,False,already_extended_this_phase
93.0,NODE_14937,11139418723,2,2,rrG,G,True,True,5,ped_3_0_NODE_14937|ped_3_1_NODE_14937|ped_3_2_NODE_14937|ped_3_3_NODE_14937|ped_3_4_NODE_14937,10.0,103.0,False,False,already_extended_this_phase
93.0,NODE_5647,10974501473,4,2,rrrrG,G,True,True,5,ped_4_0_NODE_5647|ped_4_1_NODE_5647|ped_4_2_NODE_5647|ped_4_3_NODE_5647|ped_4_4_NODE_5647,10.0,103.0,False,False,already_extended_this_phase
93.0,NODE_6342,11203041633,9,2,rrrrrrrrrG,G,True,True,5,ped_5_0_NODE_6342|ped_5_1_NODE_6342|ped_5_2_NODE_6342|ped_5_3_NODE_6342|ped_5_4_NODE_6342,10.0,103.0,False,False,already_extended_this_phase
93.5,NODE_10060,11203052964,11,2,rrrrrrrrrrrG,G,True,True,5,ped_1_0_NODE_10060|ped_1_1_NODE_10060|ped_1_2_NODE_10060|ped_1_3_NODE_10060|ped_1_4_NODE_10060,9.5,103.0,False,False,already_extended_this_phase
93.5,NODE_122781,11203041635,4,2,rrrrG,G,True,True,5,ped_2_0_NODE_122781|ped_2_1_NODE_122781|ped_2_2_NODE_122781|ped_2_3_NODE_122781|ped_2_4_NODE_122781,9.5,103.0,False,False,already_extended_this_phase
93.5,NODE_14937,11139418723,2,2,rrG,G,True,True,5,ped_3_0_NODE_14937|ped_3_1_NODE_14937|ped_3_2_NODE_14937|ped_3_3_NODE_14937|ped_3_4_NODE_14937,9.5,103.0,False,False,already_extended_this_phase
93.5,NODE_5647,10974501473,4,2,rrrrG,G,True,True,5,ped_4_0_NODE_5647|ped_4_1_NODE_5647|ped_4_2_NODE_5647|ped_4_3_NODE_5647|ped_4_4_NODE_5647,9.5,103.0,False,False,already_extended_this_phase
93.5,NODE_6342,11203041633,9,2,rrrrrrrrrG,G,True,True,5,ped_5_0_NODE_6342|ped_5_1_NODE_6342|ped_5_2_NODE_6342|ped_5_3_NODE_6342|ped_5_4_NODE_6342,9.5,103.0,False,False,already_extended_this_phase
94.0,NODE_10060,11203052964,11,2,rrrrrrrrrrrG,G,True,True,5,ped_1_0_NODE_10060|ped_1_1_NODE_10060|ped_1_2_NODE_10060|ped_1_3_NODE_10060|ped_1_4_NODE_10060,9.0,103.0,False,False,already_extended_this_phase
94.0,NODE_122781,11203041635,4,2,rrrrG,G,True,True,5,ped_2_0_NODE_122781|ped_2_1_NODE_122781|ped_2_2_NODE_122781|ped_2_3_NODE_122781|ped_2_4_NODE_122781,9.0,103.0,False,False,already_extended_this_phase
94.0,NODE_14937,11139418723,2,2,rrG,G,True,True,5,ped_3_0_NODE_14937|ped_3_1_NODE_14937|ped_3_2_NODE_14937|ped_3_3_NODE_14937|ped_3_4_NODE_14937,9.0,103.0,False,False,already_extended_this_phase
94.0,NODE_5647,10974501473,4,2,rrrrG,G,True,True,5,ped_4_0_NODE_5647|ped_4_1_NODE_5647|ped_4_2_NODE_5647|ped_4_3_NODE_5647|ped_4_4_NODE_5647,9.0,103.0,False,False,already_extended_this_phase
94.0,NODE_6342,11203041633,9,2,rrrrrrrrrG,G,True,True,5,ped_5_0_NODE_6342|ped_5_1_NODE_6342|ped_5_2_NODE_6342|ped_5_3_NODE_6342|ped_5_4_NODE_6342,9.0,103.0,False,False,already_extended_this_phase
94.5,NODE_10060,11203052964,11,2,rrrrrrrrrrrG,G,True,True,5,ped_1_0_NODE_10060|ped_1_1_NODE_10060|ped_1_2_NODE_10060|ped_1_3_NODE_10060|ped_1_4_NODE_10060,8.5,103.0,False,False,already_extended_this_phase
94.5,NODE_122781,11203041635,4,2,rrrrG,G,True,True,5,ped_2_0_NODE_122781|ped_2_1_NODE_122781|ped_2_2_NODE_122781|ped_2_3_NODE_122781|ped_2_4_NODE_122781,8.5,103.0,False,False,already_extended_this_phase
94.5,NODE_14937,11139418723,2,2,rrG,G,True,True,5,ped_3_0_NODE_14937|ped_3_1_NODE_14937|ped_3_2_NODE_14937|ped_3_3_NODE_14937|ped_3_4_NODE_14937,8.5,103.0,False,False,already_extended_this_phase
94.5,NODE_5647,10974501473,4,2,rrrrG,G,True,True,5,ped_4_0_NODE_5647|ped_4_1_NODE_5647|ped_4_2_NODE_5647|ped_4_3_NODE_5647|ped_4_4_NODE_5647,8.5,103.0,False,False,already_extended_this_phase
94.5,NODE_6342,11203041633,9,2,rrrrrrrrrG,G,True,True,5,ped_5_0_NODE_6342|ped_5_1_NODE_6342|ped_5_2_NODE_6342|ped_5_3_NODE_6342|ped_5_4_NODE_6342,8.5,103.0,False,False,already_extended_this_phase
95.0,NODE_10060,11203052964,11,2,rrrrrrrrrrrG,G,True,True,5,ped_1_0_NODE_10060|ped_1_1_NODE_10060|ped_1_2_NODE_10060|ped_1_3_NODE_10060|ped_1_4_NODE_10060,8.0,103.0,False,False,already_extended_this_phase
95.0,NODE_122781,11203041635,4,2,rrrrG,G,True,True,5,ped_2_0_NODE_122781|ped_2_1_NODE_122781|ped_2_2_NODE_122781|ped_2_3_NODE_122781|ped_2_4_NODE_122781,8.0,103.0,False,False,already_extended_this_phase
95.0,NODE_14937,11139418723,2,2,rrG,G,True,True,5,ped_3_0_NODE_14937|ped_3_1_NODE_14937|ped_3_2_NODE_14937|ped_3_3_NODE_14937|ped_3_4_NODE_14937,8.0,103.0,False,False,already_extended_this_phase
95.0,NODE_5647,10974501473,4,2,rrrrG,G,True,True,5,ped_4_0_NODE_5647|ped_4_1_NODE_5647|ped_4_2_NODE_5647|ped_4_3_NODE_5647|ped_4_4_NODE_5647,8.0,103.0,False,False,already_extended_this_phase
95.0,NODE_6342,11203041633,9,2,rrrrrrrrrG,G,True,True,5,ped_5_0_NODE_6342|ped_5_1_NODE_6342|ped_5_2_NODE_6342|ped_5_3_NODE_6342|ped_5_4_NODE_6342,8.0,103.0,False,False,already_extended_this_phase
95.5,NODE_10060,11203052964,11,2,rrrrrrrrrrrG,G,True,True,5,ped_1_0_NODE_10060|ped_1_1_NODE_10060|ped_1_2_NODE_10060|ped_1_3_NODE_10060|ped_1_4_NODE_10060,7.5,103.0,False,False,already_extended_this_phase
95.5,NODE_122781,11203041635,4,2,rrrrG,G,True,True,5,ped_2_0_NODE_122781|ped_2_1_NODE_122781|ped_2_2_NODE_122781|ped_2_3_NODE_122781|ped_2_4_NODE_122781,7.5,103.0,False,False,already_extended_this_phase
95.5,NODE_14937,11139418723,2,2,rrG,G,True,True,5,ped_3_0_NODE_14937|ped_3_1_NODE_14937|ped_3_2_NODE_14937|ped_3_3_NODE_14937|ped_3_4_NODE_14937,7.5,103.0,False,False,already_extended_this_phase
95.5,NODE_5647,10974501473,4,2,rrrrG,G,True,True,5,ped_4_0_NODE_5647|ped_4_1_NODE_5647|ped_4_2_NODE_5647|ped_4_3_NODE_5647|ped_4_4_NODE_5647,7.5,103.0,False,False,already_extended_this_phase
95.5,NODE_6342,11203041633,9,2,rrrrrrrrrG,G,True,True,5,ped_5_0_NODE_6342|ped_5_1_NODE_6342|ped_5_2_NODE_6342|ped_5_3_NODE_6342|ped_5_4_NODE_6342,7.5,103.0,False,False,already_extended_this_phase
96.0,NODE_10060,11203052964,11,2,rrrrrrrrrrrG,G,True,True,5,ped_1_0_NODE_10060|ped_1_1_NODE_10060|ped_1_2_NODE_10060|ped_1_3_NODE_10060|ped_1_4_NODE_10060,7.0,103.0,False,False,already_extended_this_phase
96.0,NODE_122781,11203041635,4,2,rrrrG,G,True,True,5,ped_2_0_NODE_122781|ped_2_1_NODE_122781|ped_2_2_NODE_122781|ped_2_3_NODE_122781|ped_2_4_NODE_122781,7.0,103.0,False,False,already_extended_this_phase
96.0,NODE_14937,11139418723,2,2,rrG,G,True,True,5,ped_3_0_NODE_14937|ped_3_1_NODE_14937|ped_3_2_NODE_14937|ped_3_3_NODE_14937|ped_3_4_NODE_14937,7.0,103.0,False,False,already_extended_this_phase
96.0,NODE_5647,10974501473,4,2,rrrrG,G,True,True,5,ped_4_0_NODE_5647|ped_4_1_NODE_5647|ped_4_2_NODE_5647|ped_4_3_NODE_5647|ped_4_4_NODE_5647,7.0,103.0,False,False,already_extended_this_phase
96.0,NODE_6342,11203041633,9,2,rrrrrrrrrG,G,True,True,5,ped_5_0_NODE_6342|ped_5_1_NODE_6342|ped_5_2_NODE_6342|ped_5_3_NODE_6342|ped_5_4_NODE_6342,7.0,103.0,False,False,already_extended_this_phase
96.5,NODE_10060,11203052964,11,2,rrrrrrrrrrrG,G,True,True,5,ped_1_0_NODE_10060|ped_1_1_NODE_10060|ped_1_2_NODE_10060|ped_1_3_NODE_10060|ped_1_4_NODE_10060,6.5,103.0,False,False,already_extended_this_phase
96.5,NODE_122781,11203041635,4,2,rrrrG,G,True,True,5,ped_2_0_NODE_122781|ped_2_1_NODE_122781|ped_2_2_NODE_122781|ped_2_3_NODE_122781|ped_2_4_NODE_122781,6.5,103.0,False,False,already_extended_this_phase
96.5,NODE_14937,11139418723,2,2,rrG,G,True,True,5,ped_3_0_NODE_14937|ped_3_1_NODE_14937|ped_3_2_NODE_14937|ped_3_3_NODE_14937|ped_3_4_NODE_14937,6.5,103.0,False,False,already_extended_this_phase
96.5,NODE_5647,10974501473,4,2,rrrrG,G,True,True,5,ped_4_0_NODE_5647|ped_4_1_NODE_5647|ped_4_2_NODE_5647|ped_4_3_NODE_5647|ped_4_4_NODE_5647,6.5,103.0,False,False,already_extended_this_phase
96.5,NODE_6342,11203041633,9,2,rrrrrrrrrG,G,True,True,5,ped_5_0_NODE_6342|ped_5_1_NODE_6342|ped_5_2_NODE_6342|ped_5_3_NODE_6342|ped_5_4_NODE_6342,6.5,103.0,False,False,already_extended_this_phase
97.0,NODE_10060,11203052964,11,2,rrrrrrrrrrrG,G,True,True,5,ped_1_0_NODE_10060|ped_1_1_NODE_10060|ped_1_2_NODE_10060|ped_1_3_NODE_10060|ped_1_4_NODE_10060,6.0,103.0,False,False,already_extended_this_phase
97.0,NODE_122781,11203041635,4,2,rrrrG,G,True,True,5,ped_2_0_NODE_122781|ped_2_1_NODE_122781|ped_2_2_NODE_122781|ped_2_3_NODE_122781|ped_2_4_NODE_122781,6.0,103.0,False,False,already_extended_this_phase
97.0,NODE_14937,11139418723,2,2,rrG,G,True,True,5,ped_3_0_NODE_14937|ped_3_1_NODE_14937|ped_3_2_NODE_14937|ped_3_3_NODE_14937|ped_3_4_NODE_14937,6.0,103.0,False,False,already_extended_this_phase
97.0,NODE_5647,10974501473,4,2,rrrrG,G,True,True,5,ped_4_0_NODE_5647|ped_4_1_NODE_5647|ped_4_2_NODE_5647|ped_4_3_NODE_5647|ped_4_4_NODE_5647,6.0,103.0,False,False,already_extended_this_phase
97.0,NODE_6342,11203041633,9,2,rrrrrrrrrG,G,True,True,5,ped_5_0_NODE_6342|ped_5_1_NODE_6342|ped_5_2_NODE_6342|ped_5_3_NODE_6342|ped_5_4_NODE_6342,6.0,103.0,False,False,already_extended_this_phase
97.5,NODE_10060,11203052964,11,2,rrrrrrrrrrrG,G,True,True,5,ped_1_0_NODE_10060|ped_1_1_NODE_10060|ped_1_2_NODE_10060|ped_1_3_NODE_10060|ped_1_4_NODE_10060,5.5,103.0,False,False,already_extended_this_phase
97.5,NODE_122781,11203041635,4,2,rrrrG,G,True,True,5,ped_2_0_NODE_122781|ped_2_1_NODE_122781|ped_2_2_NODE_122781|ped_2_3_NODE_122781|ped_2_4_NODE_122781,5.5,103.0,False,False,already_extended_this_phase
97.5,NODE_14937,11139418723,2,2,rrG,G,True,True,5,ped_3_0_NODE_14937|ped_3_1_NODE_14937|ped_3_2_NODE_14937|ped_3_3_NODE_14937|ped_3_4_NODE_14937,5.5,103.0,False,False,already_extended_this_phase
97.5,NODE_5647,10974501473,4,2,rrrrG,G,True,True,5,ped_4_0_NODE_5647|ped_4_1_NODE_5647|ped_4_2_NODE_5647|ped_4_3_NODE_5647|ped_4_4_NODE_5647,5.5,103.0,False,False,already_extended_this_phase
97.5,NODE_6342,11203041633,9,2,rrrrrrrrrG,G,True,True,5,ped_5_0_NODE_6342|ped_5_1_NODE_6342|ped_5_2_NODE_6342|ped_5_3_NODE_6342|ped_5_4_NODE_6342,5.5,103.0,False,False,already_extended_this_phase
98.0,NODE_10060,11203052964,11,2,rrrrrrrrrrrG,G,True,True,5,ped_1_0_NODE_10060|ped_1_1_NODE_10060|ped_1_2_NODE_10060|ped_1_3_NODE_10060|ped_1_4_NODE_10060,5.0,103.0,False,False,already_extended_this_phase
98.0,NODE_122781,11203041635,4,2,rrrrG,G,True,True,5,ped_2_0_NODE_122781|ped_2_1_NODE_122781|ped_2_2_NODE_122781|ped_2_3_NODE_122781|ped_2_4_NODE_122781,5.0,103.0,False,False,already_extended_this_phase
98.0,NODE_14937,11139418723,2,2,rrG,G,True,True,5,ped_3_0_NODE_14937|ped_3_1_NODE_14937|ped_3_2_NODE_14937|ped_3_3_NODE_14937|ped_3_4_NODE_14937,5.0,103.0,False,False,already_extended_this_phase
98.0,NODE_5647,10974501473,4,2,rrrrG,G,True,True,5,ped_4_0_NODE_5647|ped_4_1_NODE_5647|ped_4_2_NODE_5647|ped_4_3_NODE_5647|ped_4_4_NODE_5647,5.0,103.0,False,False,already_extended_this_phase
98.0,NODE_6342,11203041633,9,2,rrrrrrrrrG,G,True,True,5,ped_5_0_NODE_6342|ped_5_1_NODE_6342|ped_5_2_NODE_6342|ped_5_3_NODE_6342|ped_5_4_NODE_6342,5.0,103.0,False,False,already_extended_this_phase
98.5,NODE_10060,11203052964,11,2,rrrrrrrrrrrG,G,True,True,5,ped_1_0_NODE_10060|ped_1_1_NODE_10060|ped_1_2_NODE_10060|ped_1_3_NODE_10060|ped_1_4_NODE_10060,4.5,103.0,False,False,already_extended_this_phase
98.5,NODE_122781,11203041635,4,2,rrrrG,G,True,True,5,ped_2_0_NODE_122781|ped_2_1_NODE_122781|ped_2_2_NODE_122781|ped_2_3_NODE_122781|ped_2_4_NODE_122781,4.5,103.0,False,False,already_extended_this_phase
98.5,NODE_14937,11139418723,2,2,rrG,G,True,True,5,ped_3_0_NODE_14937|ped_3_1_NODE_14937|ped_3_2_NODE_14937|ped_3_3_NODE_14937|ped_3_4_NODE_14937,4.5,103.0,False,False,already_extended_this_phase
98.5,NODE_5647,10974501473,4,2,rrrrG,G,True,True,5,ped_4_0_NODE_5647|ped_4_1_NODE_5647|ped_4_2_NODE_5647|ped_4_3_NODE_5647|ped_4_4_NODE_5647,4.5,103.0,False,False,already_extended_this_phase
98.5,NODE_6342,11203041633,9,2,rrrrrrrrrG,G,True,True,5,ped_5_0_NODE_6342|ped_5_1_NODE_6342|ped_5_2_NODE_6342|ped_5_3_NODE_6342|ped_5_4_NODE_6342,4.5,103.0,False,False,already_extended_this_phase
99.0,NODE_10060,11203052964,11,2,rrrrrrrrrrrG,G,True,True,5,ped_1_0_NODE_10060|ped_1_1_NODE_10060|ped_1_2_NODE_10060|ped_1_3_NODE_10060|ped_1_4_NODE_10060,4.0,103.0,False,False,already_extended_this_phase
99.0,NODE_122781,11203041635,4,2,rrrrG,G,True,True,5,ped_2_0_NODE_122781|ped_2_1_NODE_122781|ped_2_2_NODE_122781|ped_2_3_NODE_122781|ped_2_4_NODE_122781,4.0,103.0,False,False,already_extended_this_phase
99.0,NODE_14937,11139418723,2,2,rrG,G,True,True,5,ped_3_0_NODE_14937|ped_3_1_NODE_14937|ped_3_2_NODE_14937|ped_3_3_NODE_14937|ped_3_4_NODE_14937,4.0,103.0,False,False,already_extended_this_phase
99.0,NODE_5647,10974501473,4,2,rrrrG,G,True,True,5,ped_4_0_NODE_5647|ped_4_1_NODE_5647|ped_4_2_NODE_5647|ped_4_3_NODE_5647|ped_4_4_NODE_5647,4.0,103.0,False,False,already_extended_this_phase
99.0,NODE_6342,11203041633,9,2,rrrrrrrrrG,G,True,True,5,ped_5_0_NODE_6342|ped_5_1_NODE_6342|ped_5_2_NODE_6342|ped_5_3_NODE_6342|ped_5_4_NODE_6342,4.0,103.0,False,False,already_extended_this_phase
99.5,NODE_10060,11203052964,11,2,rrrrrrrrrrrG,G,True,True,5,ped_1_0_NODE_10060|ped_1_1_NODE_10060|ped_1_2_NODE_10060|ped_1_3_NODE_10060|ped_1_4_NODE_10060,3.5,103.0,False,False,already_extended_this_phase
99.5,NODE_122781,11203041635,4,2,rrrrG,G,True,True,5,ped_2_0_NODE_122781|ped_2_1_NODE_122781|ped_2_2_NODE_122781|ped_2_3_NODE_122781|ped_2_4_NODE_122781,3.5,103.0,False,False,already_extended_this_phase
99.5,NODE_14937,11139418723,2,2,rrG,G,True,True,4,ped_3_1_NODE_14937|ped_3_2_NODE_14937|ped_3_3_NODE_14937|ped_3_4_NODE_14937,3.5,103.0,False,False,already_extended_this_phase
99.5,NODE_5647,10974501473,4,2,rrrrG,G,True,True,5,ped_4_0_NODE_5647|ped_4_1_NODE_5647|ped_4_2_NODE_5647|ped_4_3_NODE_5647|ped_4_4_NODE_5647,3.5,103.0,False,False,already_extended_this_phase
99.5,NODE_6342,11203041633,9,2,rrrrrrrrrG,G,True,True,5,ped_5_0_NODE_6342|ped_5_1_NODE_6342|ped_5_2_NODE_6342|ped_5_3_NODE_6342|ped_5_4_NODE_6342,3.5,103.0,False,False,already_extended_this_phase
100.0,NODE_10060,11203052964,11,2,rrrrrrrrrrrG,G,True,True,5,ped_1_0_NODE_10060|ped_1_1_NODE_10060|ped_1_2_NODE_10060|ped_1_3_NODE_10060|ped_1_4_NODE_10060,3.0,103.0,False,False,already_extended_this_phase
100.0,NODE_122781,11203041635,4,2,rrrrG,G,True,True,5,ped_2_0_NODE_122781|ped_2_1_NODE_122781|ped_2_2_NODE_122781|ped_2_3_NODE_122781|ped_2_4_NODE_122781,3.0,103.0,False,False,already_extended_this_phase
100.0,NODE_14937,11139418723,2,2,rrG,G,True,True,4,ped_3_1_NODE_14937|ped_3_2_NODE_14937|ped_3_3_NODE_14937|ped_3_4_NODE_14937,3.0,103.0,False,False,already_extended_this_phase
100.0,NODE_5647,10974501473,4,2,rrrrG,G,True,True,5,ped_4_0_NODE_5647|ped_4_1_NODE_5647|ped_4_2_NODE_5647|ped_4_3_NODE_5647|ped_4_4_NODE_5647,3.0,103.0,False,False,already_extended_this_phase
100.0,NODE_6342,11203041633,9,2,rrrrrrrrrG,G,True,True,5,ped_5_0_NODE_6342|ped_5_1_NODE_6342|ped_5_2_NODE_6342|ped_5_3_NODE_6342|ped_5_4_NODE_6342,3.0,103.0,False,False,already_extended_this_phase
100.5,NODE_10060,11203052964,11,2,rrrrrrrrrrrG,G,True,True,5,ped_1_0_NODE_10060|ped_1_1_NODE_10060|ped_1_2_NODE_10060|ped_1_3_NODE_10060|ped_1_4_NODE_10060,2.5,103.0,False,False,already_extended_this_phase
100.5,NODE_122781,11203041635,4,2,rrrrG,G,True,True,5,ped_2_0_NODE_122781|ped_2_1_NODE_122781|ped_2_2_NODE_122781|ped_2_3_NODE_122781|ped_2_4_NODE_122781,2.5,103.0,False,False,already_extended_this_phase
100.5,NODE_14937,11139418723,2,2,rrG,G,True,True,4,ped_3_1_NODE_14937|ped_3_2_NODE_14937|ped_3_3_NODE_14937|ped_3_4_NODE_14937,2.5,103.0,False,False,already_extended_this_phase
100.5,NODE_5647,10974501473,4,2,rrrrG,G,True,True,5,ped_4_0_NODE_5647|ped_4_1_NODE_5647|ped_4_2_NODE_5647|ped_4_3_NODE_5647|ped_4_4_NODE_5647,2.5,103.0,False,False,already_extended_this_phase
100.5,NODE_6342,11203041633,9,2,rrrrrrrrrG,G,True,True,5,ped_5_0_NODE_6342|ped_5_1_NODE_6342|ped_5_2_NODE_6342|ped_5_3_NODE_6342|ped_5_4_NODE_6342,2.5,103.0,False,False,already_extended_this_phase
101.0,NODE_10060,11203052964,11,2,rrrrrrrrrrrG,G,True,True,5,ped_1_0_NODE_10060|ped_1_1_NODE_10060|ped_1_2_NODE_10060|ped_1_3_NODE_10060|ped_1_4_NODE_10060,2.0,103.0,False,False,already_extended_this_phase
101.0,NODE_122781,11203041635,4,2,rrrrG,G,True,True,5,ped_2_0_NODE_122781|ped_2_1_NODE_122781|ped_2_2_NODE_122781|ped_2_3_NODE_122781|ped_2_4_NODE_122781,2.0,103.0,False,False,already_extended_this_phase
101.0,NODE_14937,11139418723,2,2,rrG,G,True,True,4,ped_3_1_NODE_14937|ped_3_2_NODE_14937|ped_3_3_NODE_14937|ped_3_4_NODE_14937,2.0,103.0,False,False,already_extended_this_phase
101.0,NODE_5647,10974501473,4,2,rrrrG,G,True,True,5,ped_4_0_NODE_5647|ped_4_1_NODE_5647|ped_4_2_NODE_5647|ped_4_3_NODE_5647|ped_4_4_NODE_5647,2.0,103.0,False,False,already_extended_this_phase
101.0,NODE_6342,11203041633,9,2,rrrrrrrrrG,G,True,True,5,ped_5_0_NODE_6342|ped_5_1_NODE_6342|ped_5_2_NODE_6342|ped_5_3_NODE_6342|ped_5_4_NODE_6342,2.0,103.0,False,False,already_extended_this_phase
101.5,NODE_10060,11203052964,11,2,rrrrrrrrrrrG,G,True,True,5,ped_1_0_NODE_10060|ped_1_1_NODE_10060|ped_1_2_NODE_10060|ped_1_3_NODE_10060|ped_1_4_NODE_10060,1.5,103.0,False,False,already_extended_this_phase
101.5,NODE_122781,11203041635,4,2,rrrrG,G,True,True,5,ped_2_0_NODE_122781|ped_2_1_NODE_122781|ped_2_2_NODE_122781|ped_2_3_NODE_122781|ped_2_4_NODE_122781,1.5,103.0,False,False,already_extended_this_phase
101.5,NODE_14937,11139418723,2,2,rrG,G,True,True,4,ped_3_1_NODE_14937|ped_3_2_NODE_14937|ped_3_3_NODE_14937|ped_3_4_NODE_14937,1.5,103.0,False,False,already_extended_this_phase
101.5,NODE_5647,10974501473,4,2,rrrrG,G,True,True,5,ped_4_0_NODE_5647|ped_4_1_NODE_5647|ped_4_2_NODE_5647|ped_4_3_NODE_5647|ped_4_4_NODE_5647,1.5,103.0,False,False,already_extended_this_phase
101.5,NODE_6342,11203041633,9,2,rrrrrrrrrG,G,True,True,5,ped_5_0_NODE_6342|ped_5_1_NODE_6342|ped_5_2_NODE_6342|ped_5_3_NODE_6342|ped_5_4_NODE_6342,1.5,103.0,False,False,already_extended_this_phase
102.0,NODE_10060,11203052964,11,2,rrrrrrrrrrrG,G,True,True,5,ped_1_0_NODE_10060|ped_1_1_NODE_10060|ped_1_2_NODE_10060|ped_1_3_NODE_10060|ped_1_4_NODE_10060,1.0,103.0,False,False,already_extended_this_phase
102.0,NODE_122781,11203041635,4,2,rrrrG,G,True,True,5,ped_2_0_NODE_122781|ped_2_1_NODE_122781|ped_2_2_NODE_122781|ped_2_3_NODE_122781|ped_2_4_NODE_122781,1.0,103.0,False,False,already_extended_this_phase
102.0,NODE_14937,11139418723,2,2,rrG,G,True,True,3,ped_3_1_NODE_14937|ped_3_3_NODE_14937|ped_3_4_NODE_14937,1.0,103.0,False,False,already_extended_this_phase
102.0,NODE_5647,10974501473,4,2,rrrrG,G,True,True,5,ped_4_0_NODE_5647|ped_4_1_NODE_5647|ped_4_2_NODE_5647|ped_4_3_NODE_5647|ped_4_4_NODE_5647,1.0,103.0,False,False,already_extended_this_phase
102.0,NODE_6342,11203041633,9,2,rrrrrrrrrG,G,True,True,5,ped_5_0_NODE_6342|ped_5_1_NODE_6342|ped_5_2_NODE_6342|ped_5_3_NODE_6342|ped_5_4_NODE_6342,1.0,103.0,False,False,already_extended_this_phase
102.5,NODE_10060,11203052964,11,2,rrrrrrrrrrrG,G,True,True,5,ped_1_0_NODE_10060|ped_1_1_NODE_10060|ped_1_2_NODE_10060|ped_1_3_NODE_10060|ped_1_4_NODE_10060,0.5,103.0,False,False,already_extended_this_phase
102.5,NODE_122781,11203041635,4,2,rrrrG,G,True,True,5,ped_2_0_NODE_122781|ped_2_1_NODE_122781|ped_2_2_NODE_122781|ped_2_3_NODE_122781|ped_2_4_NODE_122781,0.5,103.0,False,False,already_extended_this_phase
102.5,NODE_14937,11139418723,2,2,rrG,G,True,True,3,ped_3_1_NODE_14937|ped_3_3_NODE_14937|ped_3_4_NODE_14937,0.5,103.0,False,False,already_extended_this_phase
102.5,NODE_5647,10974501473,4,2,rrrrG,G,True,True,5,ped_4_0_NODE_5647|ped_4_1_NODE_5647|ped_4_2_NODE_5647|ped_4_3_NODE_5647|ped_4_4_NODE_5647,0.5,103.0,False,False,already_extended_this_phase
102.5,NODE_6342,11203041633,9,2,rrrrrrrrrG,G,True,True,5,ped_5_0_NODE_6342|ped_5_1_NODE_6342|ped_5_2_NODE_6342|ped_5_3_NODE_6342|ped_5_4_NODE_6342,0.5,103.0,False,False,already_extended_this_phase
103.0,NODE_10060,11203052964,11,2,rrrrrrrrrrrG,G,True,True,5,ped_1_0_NODE_10060|ped_1_1_NODE_10060|ped_1_2_NODE_10060|ped_1_3_NODE_10060|ped_1_4_NODE_10060,0.0,103.0,False,False,already_extended_this_phase
103.0,NODE_122781,11203041635,4,2,rrrrG,G,True,True,5,ped_2_0_NODE_122781|ped_2_1_NODE_122781|ped_2_2_NODE_122781|ped_2_3_NODE_122781|ped_2_4_NODE_122781,0.0,103.0,False,False,already_extended_this_phase
103.0,NODE_14937,11139418723,2,2,rrG,G,True,True,2,ped_3_3_NODE_14937|ped_3_4_NODE_14937,0.0,103.0,False,False,already_extended_this_phase
103.0,NODE_5647,10974501473,4,2,rrrrG,G,True,True,5,ped_4_0_NODE_5647|ped_4_1_NODE_5647|ped_4_2_NODE_5647|ped_4_3_NODE_5647|ped_4_4_NODE_5647,0.0,103.0,False,False,already_extended_this_phase
103.0,NODE_6342,11203041633,9,2,rrrrrrrrrG,G,True,True,5,ped_5_0_NODE_6342|ped_5_1_NODE_6342|ped_5_2_NODE_6342|ped_5_3_NODE_6342|ped_5_4_NODE_6342,0.0,103.0,False,False,already_extended_this_phase
103.5,NODE_10060,11203052964,11,0,GGGGGGGGGGGr,r,False,False,5,ped_1_0_NODE_10060|ped_1_1_NODE_10060|ped_1_2_NODE_10060|ped_1_3_NODE_10060|ped_1_4_NODE_10060,78.5,182.0,False,False,ped_link_not_green
103.5,NODE_122781,11203041635,4,0,GGGGr,r,False,False,5,ped_2_0_NODE_122781|ped_2_1_NODE_122781|ped_2_2_NODE_122781|ped_2_3_NODE_122781|ped_2_4_NODE_122781,78.5,182.0,False,False,ped_link_not_green
103.5,NODE_14937,11139418723,2,0,GGr,r,False,False,2,ped_3_3_NODE_14937|ped_3_4_NODE_14937,78.5,182.0,False,False,ped_link_not_green
103.5,NODE_5647,10974501473,4,0,GGGGr,r,False,False,4,ped_4_1_NODE_5647|ped_4_2_NODE_5647|ped_4_3_NODE_5647|ped_4_4_NODE_5647,80.5,184.0,False,False,ped_link_not_green
103.5,NODE_6342,11203041633,9,0,GGGGGGGGGr,r,False,False,5,ped_5_0_NODE_6342|ped_5_1_NODE_6342|ped_5_2_NODE_6342|ped_5_3_NODE_6342|ped_5_4_NODE_6342,78.5,182.0,False,False,ped_link_not_green
104.0,NODE_10060,11203052964,11,0,GGGGGGGGGGGr,r,False,False,5,ped_1_0_NODE_10060|ped_1_1_NODE_10060|ped_1_2_NODE_10060|ped_1_3_NODE_10060|ped_1_4_NODE_10060,78.0,182.0,False,False,ped_link_not_green
104.0,NODE_122781,11203041635,4,0,GGGGr,r,False,False,5,ped_2_0_NODE_122781|ped_2_1_NODE_122781|ped_2_2_NODE_122781|ped_2_3_NODE_122781|ped_2_4_NODE_122781,78.0,182.0,False,False,ped_link_not_green
104.0,NODE_14937,11139418723,2,0,GGr,r,False,False,2,ped_3_3_NODE_14937|ped_3_4_NODE_14937,78.0,182.0,False,False,ped_link_not_green
104.0,NODE_5647,10974501473,4,0,GGGGr,r,False,False,4,ped_4_1_NODE_5647|ped_4_2_NODE_5647|ped_4_3_NODE_5647|ped_4_4_NODE_5647,80.0,184.0,False,False,ped_link_not_green
104.0,NODE_6342,11203041633,9,0,GGGGGGGGGr,r,False,False,5,ped_5_0_NODE_6342|ped_5_1_NODE_6342|ped_5_2_NODE_6342|ped_5_3_NODE_6342|ped_5_4_NODE_6342,78.0,182.0,False,False,ped_link_not_green
104.5,NODE_10060,11203052964,11,0,GGGGGGGGGGGr,r,False,False,5,ped_1_0_NODE_10060|ped_1_1_NODE_10060|ped_1_2_NODE_10060|ped_1_3_NODE_10060|ped_1_4_NODE_10060,77.5,182.0,False,False,ped_link_not_green
104.5,NODE_122781,11203041635,4,0,GGGGr,r,False,False,5,ped_2_0_NODE_122781|ped_2_1_NODE_122781|ped_2_2_NODE_122781|ped_2_3_NODE_122781|ped_2_4_NODE_122781,77.5,182.0,False,False,ped_link_not_green
104.5,NODE_14937,11139418723,2,0,GGr,r,False,False,2,ped_3_3_NODE_14937|ped_3_4_NODE_14937,77.5,182.0,False,False,ped_link_not_green
104.5,NODE_5647,10974501473,4,0,GGGGr,r,False,False,4,ped_4_1_NODE_5647|ped_4_2_NODE_5647|ped_4_3_NODE_5647|ped_4_4_NODE_5647,79.5,184.0,False,False,ped_link_not_green
104.5,NODE_6342,11203041633,9,0,GGGGGGGGGr,r,False,False,5,ped_5_0_NODE_6342|ped_5_1_NODE_6342|ped_5_2_NODE_6342|ped_5_3_NODE_6342|ped_5_4_NODE_6342,77.5,182.0,False,False,ped_link_not_green
105.0,NODE_10060,11203052964,11,0,GGGGGGGGGGGr,r,False,False,5,ped_1_0_NODE_10060|ped_1_1_NODE_10060|ped_1_2_NODE_10060|ped_1_3_NODE_10060|ped_1_4_NODE_10060,77.0,182.0,False,False,ped_link_not_green
105.0,NODE_122781,11203041635,4,0,GGGGr,r,False,False,5,ped_2_0_NODE_122781|ped_2_1_NODE_122781|ped_2_2_NODE_122781|ped_2_3_NODE_122781|ped_2_4_NODE_122781,77.0,182.0,False,False,ped_link_not_green
105.0,NODE_14937,11139418723,2,0,GGr,r,False,False,1,ped_3_4_NODE_14937,77.0,182.0,False,False,ped_link_not_green
105.0,NODE_5647,10974501473,4,0,GGGGr,r,False,False,4,ped_4_1_NODE_5647|ped_4_2_NODE_5647|ped_4_3_NODE_5647|ped_4_4_NODE_5647,79.0,184.0,False,False,ped_link_not_green
105.0,NODE_6342,11203041633,9,0,GGGGGGGGGr,r,False,False,5,ped_5_0_NODE_6342|ped_5_1_NODE_6342|ped_5_2_NODE_6342|ped_5_3_NODE_6342|ped_5_4_NODE_6342,77.0,182.0,False,False,ped_link_not_green
105.5,NODE_10060,11203052964,11,0,GGGGGGGGGGGr,r,False,False,5,ped_1_0_NODE_10060|ped_1_1_NODE_10060|ped_1_2_NODE_10060|ped_1_3_NODE_10060|ped_1_4_NODE_10060,76.5,182.0,False,False,ped_link_not_green
105.5,NODE_122781,11203041635,4,0,GGGGr,r,False,False,5,ped_2_0_NODE_122781|ped_2_1_NODE_122781|ped_2_2_NODE_122781|ped_2_3_NODE_122781|ped_2_4_NODE_122781,76.5,182.0,False,False,ped_link_not_green
105.5,NODE_14937,11139418723,2,0,GGr,r,False,False,1,ped_3_4_NODE_14937,76.5,182.0,False,False,ped_link_not_green
105.5,NODE_5647,10974501473,4,0,GGGGr,r,False,False,4,ped_4_1_NODE_5647|ped_4_2_NODE_5647|ped_4_3_NODE_5647|ped_4_4_NODE_5647,78.5,184.0,False,False,ped_link_not_green
105.5,NODE_6342,11203041633,9,0,GGGGGGGGGr,r,False,False,5,ped_5_0_NODE_6342|ped_5_1_NODE_6342|ped_5_2_NODE_6342|ped_5_3_NODE_6342|ped_5_4_NODE_6342,76.5,182.0,False,False,ped_link_not_green
106.0,NODE_10060,11203052964,11,0,GGGGGGGGGGGr,r,False,False,5,ped_1_0_NODE_10060|ped_1_1_NODE_10060|ped_1_2_NODE_10060|ped_1_3_NODE_10060|ped_1_4_NODE_10060,76.0,182.0,False,False,ped_link_not_green
106.0,NODE_122781,11203041635,4,0,GGGGr,r,False,False,5,ped_2_0_NODE_122781|ped_2_1_NODE_122781|ped_2_2_NODE_122781|ped_2_3_NODE_122781|ped_2_4_NODE_122781,76.0,182.0,False,False,ped_link_not_green
106.0,NODE_14937,11139418723,2,0,GGr,r,False,False,0,,76.0,182.0,False,False,ped_link_not_green
106.0,NODE_5647,10974501473,4,0,GGGGr,r,False,False,3,ped_4_1_NODE_5647|ped_4_3_NODE_5647|ped_4_4_NODE_5647,78.0,184.0,False,False,ped_link_not_green
106.0,NODE_6342,11203041633,9,0,GGGGGGGGGr,r,False,False,5,ped_5_0_NODE_6342|ped_5_1_NODE_6342|ped_5_2_NODE_6342|ped_5_3_NODE_6342|ped_5_4_NODE_6342,76.0,182.0,False,False,ped_link_not_green
106.5,NODE_10060,11203052964,11,0,GGGGGGGGGGGr,r,False,False,5,ped_1_0_NODE_10060|ped_1_1_NODE_10060|ped_1_2_NODE_10060|ped_1_3_NODE_10060|ped_1_4_NODE_10060,75.5,182.0,False,False,ped_link_not_green
106.5,NODE_122781,11203041635,4,0,GGGGr,r,False,False,5,ped_2_0_NODE_122781|ped_2_1_NODE_122781|ped_2_2_NODE_122781|ped_2_3_NODE_122781|ped_2_4_NODE_122781,75.5,182.0,False,False,ped_link_not_green
106.5,NODE_14937,11139418723,2,0,GGr,r,False,False,0,,75.5,182.0,False,False,ped_link_not_green
106.5,NODE_5647,10974501473,4,0,GGGGr,r,False,False,3,ped_4_1_NODE_5647|ped_4_3_NODE_5647|ped_4_4_NODE_5647,77.5,184.0,False,False,ped_link_not_green
106.5,NODE_6342,11203041633,9,0,GGGGGGGGGr,r,False,False,5,ped_5_0_NODE_6342|ped_5_1_NODE_6342|ped_5_2_NODE_6342|ped_5_3_NODE_6342|ped_5_4_NODE_6342,75.5,182.0,False,False,ped_link_not_green
107.0,NODE_10060,11203052964,11,0,GGGGGGGGGGGr,r,False,False,5,ped_1_0_NODE_10060|ped_1_1_NODE_10060|ped_1_2_NODE_10060|ped_1_3_NODE_10060|ped_1_4_NODE_10060,75.0,182.0,False,False,ped_link_not_green
107.0,NODE_122781,11203041635,4,0,GGGGr,r,False,False,5,ped_2_0_NODE_122781|ped_2_1_NODE_122781|ped_2_2_NODE_122781|ped_2_3_NODE_122781|ped_2_4_NODE_122781,75.0,182.0,False,False,ped_link_not_green
107.0,NODE_14937,11139418723,2,0,GGr,r,False,False,0,,75.0,182.0,False,False,ped_link_not_green
107.0,NODE_5647,10974501473,4,0,GGGGr,r,False,False,3,ped_4_1_NODE_5647|ped_4_3_NODE_5647|ped_4_4_NODE_5647,77.0,184.0,False,False,ped_link_not_green
107.0,NODE_6342,11203041633,9,0,GGGGGGGGGr,r,False,False,5,ped_5_0_NODE_6342|ped_5_1_NODE_6342|ped_5_2_NODE_6342|ped_5_3_NODE_6342|ped_5_4_NODE_6342,75.0,182.0,False,False,ped_link_not_green
107.5,NODE_10060,11203052964,11,0,GGGGGGGGGGGr,r,False,False,5,ped_1_0_NODE_10060|ped_1_1_NODE_10060|ped_1_2_NODE_10060|ped_1_3_NODE_10060|ped_1_4_NODE_10060,74.5,182.0,False,False,ped_link_not_green
107.5,NODE_122781,11203041635,4,0,GGGGr,r,False,False,5,ped_2_0_NODE_122781|ped_2_1_NODE_122781|ped_2_2_NODE_122781|ped_2_3_NODE_122781|ped_2_4_NODE_122781,74.5,182.0,False,False,ped_link_not_green
107.5,NODE_14937,11139418723,2,0,GGr,r,False,False,0,,74.5,182.0,False,False,ped_link_not_green
107.5,NODE_5647,10974501473,4,0,GGGGr,r,False,False,3,ped_4_1_NODE_5647|ped_4_3_NODE_5647|ped_4_4_NODE_5647,76.5,184.0,False,False,ped_link_not_green
107.5,NODE_6342,11203041633,9,0,GGGGGGGGGr,r,False,False,5,ped_5_0_NODE_6342|ped_5_1_NODE_6342|ped_5_2_NODE_6342|ped_5_3_NODE_6342|ped_5_4_NODE_6342,74.5,182.0,False,False,ped_link_not_green
108.0,NODE_10060,11203052964,11,0,GGGGGGGGGGGr,r,False,False,5,ped_1_0_NODE_10060|ped_1_1_NODE_10060|ped_1_2_NODE_10060|ped_1_3_NODE_10060|ped_1_4_NODE_10060,74.0,182.0,False,False,ped_link_not_green
108.0,NODE_122781,11203041635,4,0,GGGGr,r,False,False,5,ped_2_0_NODE_122781|ped_2_1_NODE_122781|ped_2_2_NODE_122781|ped_2_3_NODE_122781|ped_2_4_NODE_122781,74.0,182.0,False,False,ped_link_not_green
108.0,NODE_14937,11139418723,2,0,GGr,r,False,False,0,,74.0,182.0,False,False,ped_link_not_green
108.0,NODE_5647,10974501473,4,0,GGGGr,r,False,False,2,ped_4_3_NODE_5647|ped_4_4_NODE_5647,76.0,184.0,False,False,ped_link_not_green
108.0,NODE_6342,11203041633,9,0,GGGGGGGGGr,r,False,False,5,ped_5_0_NODE_6342|ped_5_1_NODE_6342|ped_5_2_NODE_6342|ped_5_3_NODE_6342|ped_5_4_NODE_6342,74.0,182.0,False,False,ped_link_not_green
108.5,NODE_10060,11203052964,11,0,GGGGGGGGGGGr,r,False,False,5,ped_1_0_NODE_10060|ped_1_1_NODE_10060|ped_1_2_NODE_10060|ped_1_3_NODE_10060|ped_1_4_NODE_10060,73.5,182.0,False,False,ped_link_not_green
108.5,NODE_122781,11203041635,4,0,GGGGr,r,False,False,5,ped_2_0_NODE_122781|ped_2_1_NODE_122781|ped_2_2_NODE_122781|ped_2_3_NODE_122781|ped_2_4_NODE_122781,73.5,182.0,False,False,ped_link_not_green
108.5,NODE_14937,11139418723,2,0,GGr,r,False,False,0,,73.5,182.0,False,False,ped_link_not_green
108.5,NODE_5647,10974501473,4,0,GGGGr,r,False,False,2,ped_4_3_NODE_5647|ped_4_4_NODE_5647,75.5,184.0,False,False,ped_link_not_green
108.5,NODE_6342,11203041633,9,0,GGGGGGGGGr,r,False,False,5,ped_5_0_NODE_6342|ped_5_1_NODE_6342|ped_5_2_NODE_6342|ped_5_3_NODE_6342|ped_5_4_NODE_6342,73.5,182.0,False,False,ped_link_not_green
109.0,NODE_10060,11203052964,11,0,GGGGGGGGGGGr,r,False,False,5,ped_1_0_NODE_10060|ped_1_1_NODE_10060|ped_1_2_NODE_10060|ped_1_3_NODE_10060|ped_1_4_NODE_10060,73.0,182.0,False,False,ped_link_not_green
109.0,NODE_122781,11203041635,4,0,GGGGr,r,False,False,5,ped_2_0_NODE_122781|ped_2_1_NODE_122781|ped_2_2_NODE_122781|ped_2_3_NODE_122781|ped_2_4_NODE_122781,73.0,182.0,False,False,ped_link_not_green
109.0,NODE_14937,11139418723,2,0,GGr,r,False,False,0,,73.0,182.0,False,False,ped_link_not_green
109.0,NODE_5647,10974501473,4,0,GGGGr,r,False,False,2,ped_4_3_NODE_5647|ped_4_4_NODE_5647,75.0,184.0,False,False,ped_link_not_green
109.0,NODE_6342,11203041633,9,0,GGGGGGGGGr,r,False,False,5,ped_5_0_NODE_6342|ped_5_1_NODE_6342|ped_5_2_NODE_6342|ped_5_3_NODE_6342|ped_5_4_NODE_6342,73.0,182.0,False,False,ped_link_not_green
109.5,NODE_10060,11203052964,11,0,GGGGGGGGGGGr,r,False,False,5,ped_1_0_NODE_10060|ped_1_1_NODE_10060|ped_1_2_NODE_10060|ped_1_3_NODE_10060|ped_1_4_NODE_10060,72.5,182.0,False,False,ped_link_not_green
109.5,NODE_122781,11203041635,4,0,GGGGr,r,False,False,5,ped_2_0_NODE_122781|ped_2_1_NODE_122781|ped_2_2_NODE_122781|ped_2_3_NODE_122781|ped_2_4_NODE_122781,72.5,182.0,False,False,ped_link_not_green
109.5,NODE_14937,11139418723,2,0,GGr,r,False,False,0,,72.5,182.0,False,False,ped_link_not_green
109.5,NODE_5647,10974501473,4,0,GGGGr,r,False,False,2,ped_4_3_NODE_5647|ped_4_4_NODE_5647,74.5,184.0,False,False,ped_link_not_green
109.5,NODE_6342,11203041633,9,0,GGGGGGGGGr,r,False,False,5,ped_5_0_NODE_6342|ped_5_1_NODE_6342|ped_5_2_NODE_6342|ped_5_3_NODE_6342|ped_5_4_NODE_6342,72.5,182.0,False,False,ped_link_not_green
110.0,NODE_10060,11203052964,11,0,GGGGGGGGGGGr,r,False,False,5,ped_1_0_NODE_10060|ped_1_1_NODE_10060|ped_1_2_NODE_10060|ped_1_3_NODE_10060|ped_1_4_NODE_10060,72.0,182.0,False,False,ped_link_not_green
110.0,NODE_122781,11203041635,4,0,GGGGr,r,False,False,5,ped_2_0_NODE_122781|ped_2_1_NODE_122781|ped_2_2_NODE_122781|ped_2_3_NODE_122781|ped_2_4_NODE_122781,72.0,182.0,False,False,ped_link_not_green
110.0,NODE_14937,11139418723,2,0,GGr,r,False,False,0,,72.0,182.0,False,False,ped_link_not_green
110.0,NODE_5647,10974501473,4,0,GGGGr,r,False,False,2,ped_4_3_NODE_5647|ped_4_4_NODE_5647,74.0,184.0,False,False,ped_link_not_green
110.0,NODE_6342,11203041633,9,0,GGGGGGGGGr,r,False,False,5,ped_5_0_NODE_6342|ped_5_1_NODE_6342|ped_5_2_NODE_6342|ped_5_3_NODE_6342|ped_5_4_NODE_6342,72.0,182.0,False,False,ped_link_not_green
110.5,NODE_10060,11203052964,11,0,GGGGGGGGGGGr,r,False,False,5,ped_1_0_NODE_10060|ped_1_1_NODE_10060|ped_1_2_NODE_10060|ped_1_3_NODE_10060|ped_1_4_NODE_10060,71.5,182.0,False,False,ped_link_not_green
110.5,NODE_122781,11203041635,4,0,GGGGr,r,False,False,5,ped_2_0_NODE_122781|ped_2_1_NODE_122781|ped_2_2_NODE_122781|ped_2_3_NODE_122781|ped_2_4_NODE_122781,71.5,182.0,False,False,ped_link_not_green
110.5,NODE_14937,11139418723,2,0,GGr,r,False,False,0,,71.5,182.0,False,False,ped_link_not_green
110.5,NODE_5647,10974501473,4,0,GGGGr,r,False,False,2,ped_4_3_NODE_5647|ped_4_4_NODE_5647,73.5,184.0,False,False,ped_link_not_green
110.5,NODE_6342,11203041633,9,0,GGGGGGGGGr,r,False,False,5,ped_5_0_NODE_6342|ped_5_1_NODE_6342|ped_5_2_NODE_6342|ped_5_3_NODE_6342|ped_5_4_NODE_6342,71.5,182.0,False,False,ped_link_not_green
111.0,NODE_10060,11203052964,11,0,GGGGGGGGGGGr,r,False,False,5,ped_1_0_NODE_10060|ped_1_1_NODE_10060|ped_1_2_NODE_10060|ped_1_3_NODE_10060|ped_1_4_NODE_10060,71.0,182.0,False,False,ped_link_not_green
111.0,NODE_122781,11203041635,4,0,GGGGr,r,False,False,5,ped_2_0_NODE_122781|ped_2_1_NODE_122781|ped_2_2_NODE_122781|ped_2_3_NODE_122781|ped_2_4_NODE_122781,71.0,182.0,False,False,ped_link_not_green
111.0,NODE_14937,11139418723,2,0,GGr,r,False,False,0,,71.0,182.0,False,False,ped_link_not_green
111.0,NODE_5647,10974501473,4,0,GGGGr,r,False,False,1,ped_4_4_NODE_5647,73.0,184.0,False,False,ped_link_not_green
111.0,NODE_6342,11203041633,9,0,GGGGGGGGGr,r,False,False,5,ped_5_0_NODE_6342|ped_5_1_NODE_6342|ped_5_2_NODE_6342|ped_5_3_NODE_6342|ped_5_4_NODE_6342,71.0,182.0,False,False,ped_link_not_green
111.5,NODE_10060,11203052964,11,0,GGGGGGGGGGGr,r,False,False,5,ped_1_0_NODE_10060|ped_1_1_NODE_10060|ped_1_2_NODE_10060|ped_1_3_NODE_10060|ped_1_4_NODE_10060,70.5,182.0,False,False,ped_link_not_green
111.5,NODE_122781,11203041635,4,0,GGGGr,r,False,False,5,ped_2_0_NODE_122781|ped_2_1_NODE_122781|ped_2_2_NODE_122781|ped_2_3_NODE_122781|ped_2_4_NODE_122781,70.5,182.0,False,False,ped_link_not_green
111.5,NODE_14937,11139418723,2,0,GGr,r,False,False,0,,70.5,182.0,False,False,ped_link_not_green
111.5,NODE_5647,10974501473,4,0,GGGGr,r,False,False,1,ped_4_4_NODE_5647,72.5,184.0,False,False,ped_link_not_green
111.5,NODE_6342,11203041633,9,0,GGGGGGGGGr,r,False,False,5,ped_5_0_NODE_6342|ped_5_1_NODE_6342|ped_5_2_NODE_6342|ped_5_3_NODE_6342|ped_5_4_NODE_6342,70.5,182.0,False,False,ped_link_not_green
112.0,NODE_10060,11203052964,11,0,GGGGGGGGGGGr,r,False,False,5,ped_1_0_NODE_10060|ped_1_1_NODE_10060|ped_1_2_NODE_10060|ped_1_3_NODE_10060|ped_1_4_NODE_10060,70.0,182.0,False,False,ped_link_not_green
112.0,NODE_122781,11203041635,4,0,GGGGr,r,False,False,5,ped_2_0_NODE_122781|ped_2_1_NODE_122781|ped_2_2_NODE_122781|ped_2_3_NODE_122781|ped_2_4_NODE_122781,70.0,182.0,False,False,ped_link_not_green
112.0,NODE_14937,11139418723,2,0,GGr,r,False,False,0,,70.0,182.0,False,False,ped_link_not_green
112.0,NODE_5647,10974501473,4,0,GGGGr,r,False,False,1,ped_4_4_NODE_5647,72.0,184.0,False,False,ped_link_not_green
112.0,NODE_6342,11203041633,9,0,GGGGGGGGGr,r,False,False,5,ped_5_0_NODE_6342|ped_5_1_NODE_6342|ped_5_2_NODE_6342|ped_5_3_NODE_6342|ped_5_4_NODE_6342,70.0,182.0,False,False,ped_link_not_green
112.5,NODE_10060,11203052964,11,0,GGGGGGGGGGGr,r,False,False,5,ped_1_0_NODE_10060|ped_1_1_NODE_10060|ped_1_2_NODE_10060|ped_1_3_NODE_10060|ped_1_4_NODE_10060,69.5,182.0,False,False,ped_link_not_green
112.5,NODE_122781,11203041635,4,0,GGGGr,r,False,False,5,ped_2_0_NODE_122781|ped_2_1_NODE_122781|ped_2_2_NODE_122781|ped_2_3_NODE_122781|ped_2_4_NODE_122781,69.5,182.0,False,False,ped_link_not_green
112.5,NODE_14937,11139418723,2,0,GGr,r,False,False,0,,69.5,182.0,False,False,ped_link_not_green
112.5,NODE_5647,10974501473,4,0,GGGGr,r,False,False,1,ped_4_4_NODE_5647,71.5,184.0,False,False,ped_link_not_green
112.5,NODE_6342,11203041633,9,0,GGGGGGGGGr,r,False,False,5,ped_5_0_NODE_6342|ped_5_1_NODE_6342|ped_5_2_NODE_6342|ped_5_3_NODE_6342|ped_5_4_NODE_6342,69.5,182.0,False,False,ped_link_not_green
113.0,NODE_10060,11203052964,11,0,GGGGGGGGGGGr,r,False,False,5,ped_1_0_NODE_10060|ped_1_1_NODE_10060|ped_1_2_NODE_10060|ped_1_3_NODE_10060|ped_1_4_NODE_10060,69.0,182.0,False,False,ped_link_not_green
113.0,NODE_122781,11203041635,4,0,GGGGr,r,False,False,5,ped_2_0_NODE_122781|ped_2_1_NODE_122781|ped_2_2_NODE_122781|ped_2_3_NODE_122781|ped_2_4_NODE_122781,69.0,182.0,False,False,ped_link_not_green
113.0,NODE_14937,11139418723,2,0,GGr,r,False,False,0,,69.0,182.0,False,False,ped_link_not_green
113.0,NODE_5647,10974501473,4,0,GGGGr,r,False,False,1,ped_4_4_NODE_5647,71.0,184.0,False,False,ped_link_not_green
113.0,NODE_6342,11203041633,9,0,GGGGGGGGGr,r,False,False,5,ped_5_0_NODE_6342|ped_5_1_NODE_6342|ped_5_2_NODE_6342|ped_5_3_NODE_6342|ped_5_4_NODE_6342,69.0,182.0,False,False,ped_link_not_green
113.5,NODE_10060,11203052964,11,0,GGGGGGGGGGGr,r,False,False,5,ped_1_0_NODE_10060|ped_1_1_NODE_10060|ped_1_2_NODE_10060|ped_1_3_NODE_10060|ped_1_4_NODE_10060,68.5,182.0,False,False,ped_link_not_green
113.5,NODE_122781,11203041635,4,0,GGGGr,r,False,False,5,ped_2_0_NODE_122781|ped_2_1_NODE_122781|ped_2_2_NODE_122781|ped_2_3_NODE_122781|ped_2_4_NODE_122781,68.5,182.0,False,False,ped_link_not_green
113.5,NODE_14937,11139418723,2,0,GGr,r,False,False,0,,68.5,182.0,False,False,ped_link_not_green
113.5,NODE_5647,10974501473,4,0,GGGGr,r,False,False,1,ped_4_4_NODE_5647,70.5,184.0,False,False,ped_link_not_green
113.5,NODE_6342,11203041633,9,0,GGGGGGGGGr,r,False,False,5,ped_5_0_NODE_6342|ped_5_1_NODE_6342|ped_5_2_NODE_6342|ped_5_3_NODE_6342|ped_5_4_NODE_6342,68.5,182.0,False,False,ped_link_not_green
114.0,NODE_10060,11203052964,11,0,GGGGGGGGGGGr,r,False,False,5,ped_1_0_NODE_10060|ped_1_1_NODE_10060|ped_1_2_NODE_10060|ped_1_3_NODE_10060|ped_1_4_NODE_10060,68.0,182.0,False,False,ped_link_not_green
114.0,NODE_122781,11203041635,4,0,GGGGr,r,False,False,5,ped_2_0_NODE_122781|ped_2_1_NODE_122781|ped_2_2_NODE_122781|ped_2_3_NODE_122781|ped_2_4_NODE_122781,68.0,182.0,False,False,ped_link_not_green
114.0,NODE_14937,11139418723,2,0,GGr,r,False,False,0,,68.0,182.0,False,False,ped_link_not_green
114.0,NODE_5647,10974501473,4,0,GGGGr,r,False,False,0,,70.0,184.0,False,False,ped_link_not_green
114.0,NODE_6342,11203041633,9,0,GGGGGGGGGr,r,False,False,5,ped_5_0_NODE_6342|ped_5_1_NODE_6342|ped_5_2_NODE_6342|ped_5_3_NODE_6342|ped_5_4_NODE_6342,68.0,182.0,False,False,ped_link_not_green
114.5,NODE_10060,11203052964,11,0,GGGGGGGGGGGr,r,False,False,5,ped_1_0_NODE_10060|ped_1_1_NODE_10060|ped_1_2_NODE_10060|ped_1_3_NODE_10060|ped_1_4_NODE_10060,67.5,182.0,False,False,ped_link_not_green
114.5,NODE_122781,11203041635,4,0,GGGGr,r,False,False,5,ped_2_0_NODE_122781|ped_2_1_NODE_122781|ped_2_2_NODE_122781|ped_2_3_NODE_122781|ped_2_4_NODE_122781,67.5,182.0,False,False,ped_link_not_green
114.5,NODE_14937,11139418723,2,0,GGr,r,False,False,0,,67.5,182.0,False,False,ped_link_not_green
114.5,NODE_5647,10974501473,4,0,GGGGr,r,False,False,0,,69.5,184.0,False,False,ped_link_not_green
114.5,NODE_6342,11203041633,9,0,GGGGGGGGGr,r,False,False,5,ped_5_0_NODE_6342|ped_5_1_NODE_6342|ped_5_2_NODE_6342|ped_5_3_NODE_6342|ped_5_4_NODE_6342,67.5,182.0,False,False,ped_link_not_green
115.0,NODE_10060,11203052964,11,0,GGGGGGGGGGGr,r,False,False,5,ped_1_0_NODE_10060|ped_1_1_NODE_10060|ped_1_2_NODE_10060|ped_1_3_NODE_10060|ped_1_4_NODE_10060,67.0,182.0,False,False,ped_link_not_green
115.0,NODE_122781,11203041635,4,0,GGGGr,r,False,False,5,ped_2_0_NODE_122781|ped_2_1_NODE_122781|ped_2_2_NODE_122781|ped_2_3_NODE_122781|ped_2_4_NODE_122781,67.0,182.0,False,False,ped_link_not_green
115.0,NODE_14937,11139418723,2,0,GGr,r,False,False,0,,67.0,182.0,False,False,ped_link_not_green
115.0,NODE_5647,10974501473,4,0,GGGGr,r,False,False,0,,69.0,184.0,False,False,ped_link_not_green
115.0,NODE_6342,11203041633,9,0,GGGGGGGGGr,r,False,False,5,ped_5_0_NODE_6342|ped_5_1_NODE_6342|ped_5_2_NODE_6342|ped_5_3_NODE_6342|ped_5_4_NODE_6342,67.0,182.0,False,False,ped_link_not_green
115.5,NODE_10060,11203052964,11,0,GGGGGGGGGGGr,r,False,False,5,ped_1_0_NODE_10060|ped_1_1_NODE_10060|ped_1_2_NODE_10060|ped_1_3_NODE_10060|ped_1_4_NODE_10060,66.5,182.0,False,False,ped_link_not_green
115.5,NODE_122781,11203041635,4,0,GGGGr,r,False,False,5,ped_2_0_NODE_122781|ped_2_1_NODE_122781|ped_2_2_NODE_122781|ped_2_3_NODE_122781|ped_2_4_NODE_122781,66.5,182.0,False,False,ped_link_not_green
115.5,NODE_14937,11139418723,2,0,GGr,r,False,False,0,,66.5,182.0,False,False,ped_link_not_green
115.5,NODE_5647,10974501473,4,0,GGGGr,r,False,False,0,,68.5,184.0,False,False,ped_link_not_green
115.5,NODE_6342,11203041633,9,0,GGGGGGGGGr,r,False,False,5,ped_5_0_NODE_6342|ped_5_1_NODE_6342|ped_5_2_NODE_6342|ped_5_3_NODE_6342|ped_5_4_NODE_6342,66.5,182.0,False,False,ped_link_not_green
116.0,NODE_10060,11203052964,11,0,GGGGGGGGGGGr,r,False,False,5,ped_1_0_NODE_10060|ped_1_1_NODE_10060|ped_1_2_NODE_10060|ped_1_3_NODE_10060|ped_1_4_NODE_10060,66.0,182.0,False,False,ped_link_not_green
116.0,NODE_122781,11203041635,4,0,GGGGr,r,False,False,5,ped_2_0_NODE_122781|ped_2_1_NODE_122781|ped_2_2_NODE_122781|ped_2_3_NODE_122781|ped_2_4_NODE_122781,66.0,182.0,False,False,ped_link_not_green
116.0,NODE_14937,11139418723,2,0,GGr,r,False,False,0,,66.0,182.0,False,False,ped_link_not_green
116.0,NODE_5647,10974501473,4,0,GGGGr,r,False,False,0,,68.0,184.0,False,False,ped_link_not_green
116.0,NODE_6342,11203041633,9,0,GGGGGGGGGr,r,False,False,5,ped_5_0_NODE_6342|ped_5_1_NODE_6342|ped_5_2_NODE_6342|ped_5_3_NODE_6342|ped_5_4_NODE_6342,66.0,182.0,False,False,ped_link_not_green
116.5,NODE_10060,11203052964,11,0,GGGGGGGGGGGr,r,False,False,5,ped_1_0_NODE_10060|ped_1_1_NODE_10060|ped_1_2_NODE_10060|ped_1_3_NODE_10060|ped_1_4_NODE_10060,65.5,182.0,False,False,ped_link_not_green
116.5,NODE_122781,11203041635,4,0,GGGGr,r,False,False,5,ped_2_0_NODE_122781|ped_2_1_NODE_122781|ped_2_2_NODE_122781|ped_2_3_NODE_122781|ped_2_4_NODE_122781,65.5,182.0,False,False,ped_link_not_green
116.5,NODE_14937,11139418723,2,0,GGr,r,False,False,0,,65.5,182.0,False,False,ped_link_not_green
116.5,NODE_5647,10974501473,4,0,GGGGr,r,False,False,0,,67.5,184.0,False,False,ped_link_not_green
116.5,NODE_6342,11203041633,9,0,GGGGGGGGGr,r,False,False,5,ped_5_0_NODE_6342|ped_5_1_NODE_6342|ped_5_2_NODE_6342|ped_5_3_NODE_6342|ped_5_4_NODE_6342,65.5,182.0,False,False,ped_link_not_green
117.0,NODE_10060,11203052964,11,0,GGGGGGGGGGGr,r,False,False,5,ped_1_0_NODE_10060|ped_1_1_NODE_10060|ped_1_2_NODE_10060|ped_1_3_NODE_10060|ped_1_4_NODE_10060,65.0,182.0,False,False,ped_link_not_green
117.0,NODE_122781,11203041635,4,0,GGGGr,r,False,False,5,ped_2_0_NODE_122781|ped_2_1_NODE_122781|ped_2_2_NODE_122781|ped_2_3_NODE_122781|ped_2_4_NODE_122781,65.0,182.0,False,False,ped_link_not_green
117.0,NODE_14937,11139418723,2,0,GGr,r,False,False,0,,65.0,182.0,False,False,ped_link_not_green
117.0,NODE_5647,10974501473,4,0,GGGGr,r,False,False,0,,67.0,184.0,False,False,ped_link_not_green
117.0,NODE_6342,11203041633,9,0,GGGGGGGGGr,r,False,False,5,ped_5_0_NODE_6342|ped_5_1_NODE_6342|ped_5_2_NODE_6342|ped_5_3_NODE_6342|ped_5_4_NODE_6342,65.0,182.0,False,False,ped_link_not_green
117.5,NODE_10060,11203052964,11,0,GGGGGGGGGGGr,r,False,False,4,ped_1_0_NODE_10060|ped_1_1_NODE_10060|ped_1_3_NODE_10060|ped_1_4_NODE_10060,64.5,182.0,False,False,ped_link_not_green
117.5,NODE_122781,11203041635,4,0,GGGGr,r,False,False,5,ped_2_0_NODE_122781|ped_2_1_NODE_122781|ped_2_2_NODE_122781|ped_2_3_NODE_122781|ped_2_4_NODE_122781,64.5,182.0,False,False,ped_link_not_green
117.5,NODE_14937,11139418723,2,0,GGr,r,False,False,0,,64.5,182.0,False,False,ped_link_not_green
117.5,NODE_5647,10974501473,4,0,GGGGr,r,False,False,0,,66.5,184.0,False,False,ped_link_not_green
117.5,NODE_6342,11203041633,9,0,GGGGGGGGGr,r,False,False,5,ped_5_0_NODE_6342|ped_5_1_NODE_6342|ped_5_2_NODE_6342|ped_5_3_NODE_6342|ped_5_4_NODE_6342,64.5,182.0,False,False,ped_link_not_green
118.0,NODE_10060,11203052964,11,0,GGGGGGGGGGGr,r,False,False,4,ped_1_0_NODE_10060|ped_1_1_NODE_10060|ped_1_3_NODE_10060|ped_1_4_NODE_10060,64.0,182.0,False,False,ped_link_not_green
118.0,NODE_122781,11203041635,4,0,GGGGr,r,False,False,5,ped_2_0_NODE_122781|ped_2_1_NODE_122781|ped_2_2_NODE_122781|ped_2_3_NODE_122781|ped_2_4_NODE_122781,64.0,182.0,False,False,ped_link_not_green
118.0,NODE_14937,11139418723,2,0,GGr,r,False,False,0,,64.0,182.0,False,False,ped_link_not_green
118.0,NODE_5647,10974501473,4,0,GGGGr,r,False,False,0,,66.0,184.0,False,False,ped_link_not_green
118.0,NODE_6342,11203041633,9,0,GGGGGGGGGr,r,False,False,5,ped_5_0_NODE_6342|ped_5_1_NODE_6342|ped_5_2_NODE_6342|ped_5_3_NODE_6342|ped_5_4_NODE_6342,64.0,182.0,False,False,ped_link_not_green
118.5,NODE_10060,11203052964,11,0,GGGGGGGGGGGr,r,False,False,4,ped_1_0_NODE_10060|ped_1_1_NODE_10060|ped_1_3_NODE_10060|ped_1_4_NODE_10060,63.5,182.0,False,False,ped_link_not_green
118.5,NODE_122781,11203041635,4,0,GGGGr,r,False,False,5,ped_2_0_NODE_122781|ped_2_1_NODE_122781|ped_2_2_NODE_122781|ped_2_3_NODE_122781|ped_2_4_NODE_122781,63.5,182.0,False,False,ped_link_not_green
118.5,NODE_14937,11139418723,2,0,GGr,r,False,False,0,,63.5,182.0,False,False,ped_link_not_green
118.5,NODE_5647,10974501473,4,0,GGGGr,r,False,False,0,,65.5,184.0,False,False,ped_link_not_green
118.5,NODE_6342,11203041633,9,0,GGGGGGGGGr,r,False,False,5,ped_5_0_NODE_6342|ped_5_1_NODE_6342|ped_5_2_NODE_6342|ped_5_3_NODE_6342|ped_5_4_NODE_6342,63.5,182.0,False,False,ped_link_not_green
119.0,NODE_10060,11203052964,11,0,GGGGGGGGGGGr,r,False,False,4,ped_1_0_NODE_10060|ped_1_1_NODE_10060|ped_1_3_NODE_10060|ped_1_4_NODE_10060,63.0,182.0,False,False,ped_link_not_green
119.0,NODE_122781,11203041635,4,0,GGGGr,r,False,False,5,ped_2_0_NODE_122781|ped_2_1_NODE_122781|ped_2_2_NODE_122781|ped_2_3_NODE_122781|ped_2_4_NODE_122781,63.0,182.0,False,False,ped_link_not_green
119.0,NODE_14937,11139418723,2,0,GGr,r,False,False,0,,63.0,182.0,False,False,ped_link_not_green
119.0,NODE_5647,10974501473,4,0,GGGGr,r,False,False,0,,65.0,184.0,False,False,ped_link_not_green
119.0,NODE_6342,11203041633,9,0,GGGGGGGGGr,r,False,False,5,ped_5_0_NODE_6342|ped_5_1_NODE_6342|ped_5_2_NODE_6342|ped_5_3_NODE_6342|ped_5_4_NODE_6342,63.0,182.0,False,False,ped_link_not_green
119.5,NODE_10060,11203052964,11,0,GGGGGGGGGGGr,r,False,False,4,ped_1_0_NODE_10060|ped_1_1_NODE_10060|ped_1_3_NODE_10060|ped_1_4_NODE_10060,62.5,182.0,False,False,ped_link_not_green
119.5,NODE_122781,11203041635,4,0,GGGGr,r,False,False,5,ped_2_0_NODE_122781|ped_2_1_NODE_122781|ped_2_2_NODE_122781|ped_2_3_NODE_122781|ped_2_4_NODE_122781,62.5,182.0,False,False,ped_link_not_green
119.5,NODE_14937,11139418723,2,0,GGr,r,False,False,0,,62.5,182.0,False,False,ped_link_not_green
119.5,NODE_5647,10974501473,4,0,GGGGr,r,False,False,0,,64.5,184.0,False,False,ped_link_not_green
119.5,NODE_6342,11203041633,9,0,GGGGGGGGGr,r,False,False,5,ped_5_0_NODE_6342|ped_5_1_NODE_6342|ped_5_2_NODE_6342|ped_5_3_NODE_6342|ped_5_4_NODE_6342,62.5,182.0,False,False,ped_link_not_green
120.0,NODE_10060,11203052964,11,0,GGGGGGGGGGGr,r,False,False,4,ped_1_0_NODE_10060|ped_1_1_NODE_10060|ped_1_3_NODE_10060|ped_1_4_NODE_10060,62.0,182.0,False,False,ped_link_not_green
120.0,NODE_122781,11203041635,4,0,GGGGr,r,False,False,5,ped_2_0_NODE_122781|ped_2_1_NODE_122781|ped_2_2_NODE_122781|ped_2_3_NODE_122781|ped_2_4_NODE_122781,62.0,182.0,False,False,ped_link_not_green
120.0,NODE_14937,11139418723,2,0,GGr,r,False,False,0,,62.0,182.0,False,False,ped_link_not_green
120.0,NODE_5647,10974501473,4,0,GGGGr,r,False,False,0,,64.0,184.0,False,False,ped_link_not_green
120.0,NODE_6342,11203041633,9,0,GGGGGGGGGr,r,False,False,5,ped_5_0_NODE_6342|ped_5_1_NODE_6342|ped_5_2_NODE_6342|ped_5_3_NODE_6342|ped_5_4_NODE_6342,62.0,182.0,False,False,ped_link_not_green
120.5,NODE_10060,11203052964,11,0,GGGGGGGGGGGr,r,False,False,4,ped_1_0_NODE_10060|ped_1_1_NODE_10060|ped_1_3_NODE_10060|ped_1_4_NODE_10060,61.5,182.0,False,False,ped_link_not_green
120.5,NODE_122781,11203041635,4,0,GGGGr,r,False,False,5,ped_2_0_NODE_122781|ped_2_1_NODE_122781|ped_2_2_NODE_122781|ped_2_3_NODE_122781|ped_2_4_NODE_122781,61.5,182.0,False,False,ped_link_not_green
120.5,NODE_14937,11139418723,2,0,GGr,r,False,False,0,,61.5,182.0,False,False,ped_link_not_green
120.5,NODE_5647,10974501473,4,0,GGGGr,r,False,False,0,,63.5,184.0,False,False,ped_link_not_green
120.5,NODE_6342,11203041633,9,0,GGGGGGGGGr,r,False,False,5,ped_5_0_NODE_6342|ped_5_1_NODE_6342|ped_5_2_NODE_6342|ped_5_3_NODE_6342|ped_5_4_NODE_6342,61.5,182.0,False,False,ped_link_not_green
121.0,NODE_10060,11203052964,11,0,GGGGGGGGGGGr,r,False,False,4,ped_1_0_NODE_10060|ped_1_1_NODE_10060|ped_1_3_NODE_10060|ped_1_4_NODE_10060,61.0,182.0,False,False,ped_link_not_green
121.0,NODE_122781,11203041635,4,0,GGGGr,r,False,False,5,ped_2_0_NODE_122781|ped_2_1_NODE_122781|ped_2_2_NODE_122781|ped_2_3_NODE_122781|ped_2_4_NODE_122781,61.0,182.0,False,False,ped_link_not_green
121.0,NODE_14937,11139418723,2,0,GGr,r,False,False,0,,61.0,182.0,False,False,ped_link_not_green
121.0,NODE_5647,10974501473,4,0,GGGGr,r,False,False,0,,63.0,184.0,False,False,ped_link_not_green
121.0,NODE_6342,11203041633,9,0,GGGGGGGGGr,r,False,False,5,ped_5_0_NODE_6342|ped_5_1_NODE_6342|ped_5_2_NODE_6342|ped_5_3_NODE_6342|ped_5_4_NODE_6342,61.0,182.0,False,False,ped_link_not_green
121.5,NODE_10060,11203052964,11,0,GGGGGGGGGGGr,r,False,False,4,ped_1_0_NODE_10060|ped_1_1_NODE_10060|ped_1_3_NODE_10060|ped_1_4_NODE_10060,60.5,182.0,False,False,ped_link_not_green
121.5,NODE_122781,11203041635,4,0,GGGGr,r,False,False,5,ped_2_0_NODE_122781|ped_2_1_NODE_122781|ped_2_2_NODE_122781|ped_2_3_NODE_122781|ped_2_4_NODE_122781,60.5,182.0,False,False,ped_link_not_green
121.5,NODE_14937,11139418723,2,0,GGr,r,False,False,0,,60.5,182.0,False,False,ped_link_not_green
121.5,NODE_5647,10974501473,4,0,GGGGr,r,False,False,0,,62.5,184.0,False,False,ped_link_not_green
121.5,NODE_6342,11203041633,9,0,GGGGGGGGGr,r,False,False,5,ped_5_0_NODE_6342|ped_5_1_NODE_6342|ped_5_2_NODE_6342|ped_5_3_NODE_6342|ped_5_4_NODE_6342,60.5,182.0,False,False,ped_link_not_green
122.0,NODE_10060,11203052964,11,0,GGGGGGGGGGGr,r,False,False,4,ped_1_0_NODE_10060|ped_1_1_NODE_10060|ped_1_3_NODE_10060|ped_1_4_NODE_10060,60.0,182.0,False,False,ped_link_not_green
122.0,NODE_122781,11203041635,4,0,GGGGr,r,False,False,5,ped_2_0_NODE_122781|ped_2_1_NODE_122781|ped_2_2_NODE_122781|ped_2_3_NODE_122781|ped_2_4_NODE_122781,60.0,182.0,False,False,ped_link_not_green
122.0,NODE_14937,11139418723,2,0,GGr,r,False,False,0,,60.0,182.0,False,False,ped_link_not_green
122.0,NODE_5647,10974501473,4,0,GGGGr,r,False,False,0,,62.0,184.0,False,False,ped_link_not_green
122.0,NODE_6342,11203041633,9,0,GGGGGGGGGr,r,False,False,5,ped_5_0_NODE_6342|ped_5_1_NODE_6342|ped_5_2_NODE_6342|ped_5_3_NODE_6342|ped_5_4_NODE_6342,60.0,182.0,False,False,ped_link_not_green
122.5,NODE_10060,11203052964,11,0,GGGGGGGGGGGr,r,False,False,4,ped_1_0_NODE_10060|ped_1_1_NODE_10060|ped_1_3_NODE_10060|ped_1_4_NODE_10060,59.5,182.0,False,False,ped_link_not_green
122.5,NODE_122781,11203041635,4,0,GGGGr,r,False,False,5,ped_2_0_NODE_122781|ped_2_1_NODE_122781|ped_2_2_NODE_122781|ped_2_3_NODE_122781|ped_2_4_NODE_122781,59.5,182.0,False,False,ped_link_not_green
122.5,NODE_14937,11139418723,2,0,GGr,r,False,False,0,,59.5,182.0,False,False,ped_link_not_green
122.5,NODE_5647,10974501473,4,0,GGGGr,r,False,False,0,,61.5,184.0,False,False,ped_link_not_green
122.5,NODE_6342,11203041633,9,0,GGGGGGGGGr,r,False,False,5,ped_5_0_NODE_6342|ped_5_1_NODE_6342|ped_5_2_NODE_6342|ped_5_3_NODE_6342|ped_5_4_NODE_6342,59.5,182.0,False,False,ped_link_not_green
123.0,NODE_10060,11203052964,11,0,GGGGGGGGGGGr,r,False,False,4,ped_1_0_NODE_10060|ped_1_1_NODE_10060|ped_1_3_NODE_10060|ped_1_4_NODE_10060,59.0,182.0,False,False,ped_link_not_green
123.0,NODE_122781,11203041635,4,0,GGGGr,r,False,False,5,ped_2_0_NODE_122781|ped_2_1_NODE_122781|ped_2_2_NODE_122781|ped_2_3_NODE_122781|ped_2_4_NODE_122781,59.0,182.0,False,False,ped_link_not_green
123.0,NODE_14937,11139418723,2,0,GGr,r,False,False,0,,59.0,182.0,False,False,ped_link_not_green
123.0,NODE_5647,10974501473,4,0,GGGGr,r,False,False,0,,61.0,184.0,False,False,ped_link_not_green
123.0,NODE_6342,11203041633,9,0,GGGGGGGGGr,r,False,False,4,ped_5_1_NODE_6342|ped_5_2_NODE_6342|ped_5_3_NODE_6342|ped_5_4_NODE_6342,59.0,182.0,False,False,ped_link_not_green
123.5,NODE_10060,11203052964,11,0,GGGGGGGGGGGr,r,False,False,4,ped_1_0_NODE_10060|ped_1_1_NODE_10060|ped_1_3_NODE_10060|ped_1_4_NODE_10060,58.5,182.0,False,False,ped_link_not_green
123.5,NODE_122781,11203041635,4,0,GGGGr,r,False,False,5,ped_2_0_NODE_122781|ped_2_1_NODE_122781|ped_2_2_NODE_122781|ped_2_3_NODE_122781|ped_2_4_NODE_122781,58.5,182.0,False,False,ped_link_not_green
123.5,NODE_14937,11139418723,2,0,GGr,r,False,False,0,,58.5,182.0,False,False,ped_link_not_green
123.5,NODE_5647,10974501473,4,0,GGGGr,r,False,False,0,,60.5,184.0,False,False,ped_link_not_green
123.5,NODE_6342,11203041633,9,0,GGGGGGGGGr,r,False,False,3,ped_5_1_NODE_6342|ped_5_2_NODE_6342|ped_5_4_NODE_6342,58.5,182.0,False,False,ped_link_not_green
124.0,NODE_10060,11203052964,11,0,GGGGGGGGGGGr,r,False,False,4,ped_1_0_NODE_10060|ped_1_1_NODE_10060|ped_1_3_NODE_10060|ped_1_4_NODE_10060,58.0,182.0,False,False,ped_link_not_green
124.0,NODE_122781,11203041635,4,0,GGGGr,r,False,False,5,ped_2_0_NODE_122781|ped_2_1_NODE_122781|ped_2_2_NODE_122781|ped_2_3_NODE_122781|ped_2_4_NODE_122781,58.0,182.0,False,False,ped_link_not_green
124.0,NODE_14937,11139418723,2,0,GGr,r,False,False,0,,58.0,182.0,False,False,ped_link_not_green
124.0,NODE_5647,10974501473,4,0,GGGGr,r,False,False,0,,60.0,184.0,False,False,ped_link_not_green
124.0,NODE_6342,11203041633,9,0,GGGGGGGGGr,r,False,False,3,ped_5_1_NODE_6342|ped_5_2_NODE_6342|ped_5_4_NODE_6342,58.0,182.0,False,False,ped_link_not_green
124.5,NODE_10060,11203052964,11,0,GGGGGGGGGGGr,r,False,False,3,ped_1_0_NODE_10060|ped_1_1_NODE_10060|ped_1_4_NODE_10060,57.5,182.0,False,False,ped_link_not_green
124.5,NODE_122781,11203041635,4,0,GGGGr,r,False,False,5,ped_2_0_NODE_122781|ped_2_1_NODE_122781|ped_2_2_NODE_122781|ped_2_3_NODE_122781|ped_2_4_NODE_122781,57.5,182.0,False,False,ped_link_not_green
124.5,NODE_14937,11139418723,2,0,GGr,r,False,False,0,,57.5,182.0,False,False,ped_link_not_green
124.5,NODE_5647,10974501473,4,0,GGGGr,r,False,False,0,,59.5,184.0,False,False,ped_link_not_green
124.5,NODE_6342,11203041633,9,0,GGGGGGGGGr,r,False,False,3,ped_5_1_NODE_6342|ped_5_2_NODE_6342|ped_5_4_NODE_6342,57.5,182.0,False,False,ped_link_not_green
125.0,NODE_10060,11203052964,11,0,GGGGGGGGGGGr,r,False,False,3,ped_1_0_NODE_10060|ped_1_1_NODE_10060|ped_1_4_NODE_10060,57.0,182.0,False,False,ped_link_not_green
125.0,NODE_122781,11203041635,4,0,GGGGr,r,False,False,5,ped_2_0_NODE_122781|ped_2_1_NODE_122781|ped_2_2_NODE_122781|ped_2_3_NODE_122781|ped_2_4_NODE_122781,57.0,182.0,False,False,ped_link_not_green
125.0,NODE_14937,11139418723,2,0,GGr,r,False,False,0,,57.0,182.0,False,False,ped_link_not_green
125.0,NODE_5647,10974501473,4,0,GGGGr,r,False,False,0,,59.0,184.0,False,False,ped_link_not_green
125.0,NODE_6342,11203041633,9,0,GGGGGGGGGr,r,False,False,3,ped_5_1_NODE_6342|ped_5_2_NODE_6342|ped_5_4_NODE_6342,57.0,182.0,False,False,ped_link_not_green
125.5,NODE_10060,11203052964,11,0,GGGGGGGGGGGr,r,False,False,2,ped_1_0_NODE_10060|ped_1_1_NODE_10060,56.5,182.0,False,False,ped_link_not_green
125.5,NODE_122781,11203041635,4,0,GGGGr,r,False,False,5,ped_2_0_NODE_122781|ped_2_1_NODE_122781|ped_2_2_NODE_122781|ped_2_3_NODE_122781|ped_2_4_NODE_122781,56.5,182.0,False,False,ped_link_not_green
125.5,NODE_14937,11139418723,2,0,GGr,r,False,False,0,,56.5,182.0,False,False,ped_link_not_green
125.5,NODE_5647,10974501473,4,0,GGGGr,r,False,False,0,,58.5,184.0,False,False,ped_link_not_green
125.5,NODE_6342,11203041633,9,0,GGGGGGGGGr,r,False,False,3,ped_5_1_NODE_6342|ped_5_2_NODE_6342|ped_5_4_NODE_6342,56.5,182.0,False,False,ped_link_not_green
126.0,NODE_10060,11203052964,11,0,GGGGGGGGGGGr,r,False,False,2,ped_1_0_NODE_10060|ped_1_1_NODE_10060,56.0,182.0,False,False,ped_link_not_green
126.0,NODE_122781,11203041635,4,0,GGGGr,r,False,False,5,ped_2_0_NODE_122781|ped_2_1_NODE_122781|ped_2_2_NODE_122781|ped_2_3_NODE_122781|ped_2_4_NODE_122781,56.0,182.0,False,False,ped_link_not_green
126.0,NODE_14937,11139418723,2,0,GGr,r,False,False,0,,56.0,182.0,False,False,ped_link_not_green
126.0,NODE_5647,10974501473,4,0,GGGGr,r,False,False,0,,58.0,184.0,False,False,ped_link_not_green
126.0,NODE_6342,11203041633,9,0,GGGGGGGGGr,r,False,False,3,ped_5_1_NODE_6342|ped_5_2_NODE_6342|ped_5_4_NODE_6342,56.0,182.0,False,False,ped_link_not_green
126.5,NODE_10060,11203052964,11,0,GGGGGGGGGGGr,r,False,False,1,ped_1_0_NODE_10060,55.5,182.0,False,False,ped_link_not_green
126.5,NODE_122781,11203041635,4,0,GGGGr,r,False,False,5,ped_2_0_NODE_122781|ped_2_1_NODE_122781|ped_2_2_NODE_122781|ped_2_3_NODE_122781|ped_2_4_NODE_122781,55.5,182.0,False,False,ped_link_not_green
126.5,NODE_14937,11139418723,2,0,GGr,r,False,False,0,,55.5,182.0,False,False,ped_link_not_green
126.5,NODE_5647,10974501473,4,0,GGGGr,r,False,False,0,,57.5,184.0,False,False,ped_link_not_green
126.5,NODE_6342,11203041633,9,0,GGGGGGGGGr,r,False,False,3,ped_5_1_NODE_6342|ped_5_2_NODE_6342|ped_5_4_NODE_6342,55.5,182.0,False,False,ped_link_not_green
127.0,NODE_10060,11203052964,11,0,GGGGGGGGGGGr,r,False,False,1,ped_1_0_NODE_10060,55.0,182.0,False,False,ped_link_not_green
127.0,NODE_122781,11203041635,4,0,GGGGr,r,False,False,5,ped_2_0_NODE_122781|ped_2_1_NODE_122781|ped_2_2_NODE_122781|ped_2_3_NODE_122781|ped_2_4_NODE_122781,55.0,182.0,False,False,ped_link_not_green
127.0,NODE_14937,11139418723,2,0,GGr,r,False,False,0,,55.0,182.0,False,False,ped_link_not_green
127.0,NODE_5647,10974501473,4,0,GGGGr,r,False,False,0,,57.0,184.0,False,False,ped_link_not_green
127.0,NODE_6342,11203041633,9,0,GGGGGGGGGr,r,False,False,3,ped_5_1_NODE_6342|ped_5_2_NODE_6342|ped_5_4_NODE_6342,55.0,182.0,False,False,ped_link_not_green
127.5,NODE_10060,11203052964,11,0,GGGGGGGGGGGr,r,False,False,1,ped_1_0_NODE_10060,54.5,182.0,False,False,ped_link_not_green
127.5,NODE_122781,11203041635,4,0,GGGGr,r,False,False,5,ped_2_0_NODE_122781|ped_2_1_NODE_122781|ped_2_2_NODE_122781|ped_2_3_NODE_122781|ped_2_4_NODE_122781,54.5,182.0,False,False,ped_link_not_green
127.5,NODE_14937,11139418723,2,0,GGr,r,False,False,0,,54.5,182.0,False,False,ped_link_not_green
127.5,NODE_5647,10974501473,4,0,GGGGr,r,False,False,0,,56.5,184.0,False,False,ped_link_not_green
127.5,NODE_6342,11203041633,9,0,GGGGGGGGGr,r,False,False,3,ped_5_1_NODE_6342|ped_5_2_NODE_6342|ped_5_4_NODE_6342,54.5,182.0,False,False,ped_link_not_green
128.0,NODE_10060,11203052964,11,0,GGGGGGGGGGGr,r,False,False,1,ped_1_0_NODE_10060,54.0,182.0,False,False,ped_link_not_green
128.0,NODE_122781,11203041635,4,0,GGGGr,r,False,False,5,ped_2_0_NODE_122781|ped_2_1_NODE_122781|ped_2_2_NODE_122781|ped_2_3_NODE_122781|ped_2_4_NODE_122781,54.0,182.0,False,False,ped_link_not_green
128.0,NODE_14937,11139418723,2,0,GGr,r,False,False,0,,54.0,182.0,False,False,ped_link_not_green
128.0,NODE_5647,10974501473,4,0,GGGGr,r,False,False,0,,56.0,184.0,False,False,ped_link_not_green
128.0,NODE_6342,11203041633,9,0,GGGGGGGGGr,r,False,False,3,ped_5_1_NODE_6342|ped_5_2_NODE_6342|ped_5_4_NODE_6342,54.0,182.0,False,False,ped_link_not_green
128.5,NODE_10060,11203052964,11,0,GGGGGGGGGGGr,r,False,False,1,ped_1_0_NODE_10060,53.5,182.0,False,False,ped_link_not_green
128.5,NODE_122781,11203041635,4,0,GGGGr,r,False,False,5,ped_2_0_NODE_122781|ped_2_1_NODE_122781|ped_2_2_NODE_122781|ped_2_3_NODE_122781|ped_2_4_NODE_122781,53.5,182.0,False,False,ped_link_not_green
128.5,NODE_14937,11139418723,2,0,GGr,r,False,False,0,,53.5,182.0,False,False,ped_link_not_green
128.5,NODE_5647,10974501473,4,0,GGGGr,r,False,False,0,,55.5,184.0,False,False,ped_link_not_green
128.5,NODE_6342,11203041633,9,0,GGGGGGGGGr,r,False,False,3,ped_5_1_NODE_6342|ped_5_2_NODE_6342|ped_5_4_NODE_6342,53.5,182.0,False,False,ped_link_not_green
129.0,NODE_10060,11203052964,11,0,GGGGGGGGGGGr,r,False,False,1,ped_1_0_NODE_10060,53.0,182.0,False,False,ped_link_not_green
129.0,NODE_122781,11203041635,4,0,GGGGr,r,False,False,5,ped_2_0_NODE_122781|ped_2_1_NODE_122781|ped_2_2_NODE_122781|ped_2_3_NODE_122781|ped_2_4_NODE_122781,53.0,182.0,False,False,ped_link_not_green
129.0,NODE_14937,11139418723,2,0,GGr,r,False,False,0,,53.0,182.0,False,False,ped_link_not_green
129.0,NODE_5647,10974501473,4,0,GGGGr,r,False,False,0,,55.0,184.0,False,False,ped_link_not_green
129.0,NODE_6342,11203041633,9,0,GGGGGGGGGr,r,False,False,3,ped_5_1_NODE_6342|ped_5_2_NODE_6342|ped_5_4_NODE_6342,53.0,182.0,False,False,ped_link_not_green
129.5,NODE_10060,11203052964,11,0,GGGGGGGGGGGr,r,False,False,1,ped_1_0_NODE_10060,52.5,182.0,False,False,ped_link_not_green
129.5,NODE_122781,11203041635,4,0,GGGGr,r,False,False,5,ped_2_0_NODE_122781|ped_2_1_NODE_122781|ped_2_2_NODE_122781|ped_2_3_NODE_122781|ped_2_4_NODE_122781,52.5,182.0,False,False,ped_link_not_green
129.5,NODE_14937,11139418723,2,0,GGr,r,False,False,0,,52.5,182.0,False,False,ped_link_not_green
129.5,NODE_5647,10974501473,4,0,GGGGr,r,False,False,0,,54.5,184.0,False,False,ped_link_not_green
129.5,NODE_6342,11203041633,9,0,GGGGGGGGGr,r,False,False,3,ped_5_1_NODE_6342|ped_5_2_NODE_6342|ped_5_4_NODE_6342,52.5,182.0,False,False,ped_link_not_green
130.0,NODE_10060,11203052964,11,0,GGGGGGGGGGGr,r,False,False,1,ped_1_0_NODE_10060,52.0,182.0,False,False,ped_link_not_green
130.0,NODE_122781,11203041635,4,0,GGGGr,r,False,False,5,ped_2_0_NODE_122781|ped_2_1_NODE_122781|ped_2_2_NODE_122781|ped_2_3_NODE_122781|ped_2_4_NODE_122781,52.0,182.0,False,False,ped_link_not_green
130.0,NODE_14937,11139418723,2,0,GGr,r,False,False,0,,52.0,182.0,False,False,ped_link_not_green
130.0,NODE_5647,10974501473,4,0,GGGGr,r,False,False,0,,54.0,184.0,False,False,ped_link_not_green
130.0,NODE_6342,11203041633,9,0,GGGGGGGGGr,r,False,False,3,ped_5_1_NODE_6342|ped_5_2_NODE_6342|ped_5_4_NODE_6342,52.0,182.0,False,False,ped_link_not_green
130.5,NODE_10060,11203052964,11,0,GGGGGGGGGGGr,r,False,False,1,ped_1_0_NODE_10060,51.5,182.0,False,False,ped_link_not_green
130.5,NODE_122781,11203041635,4,0,GGGGr,r,False,False,5,ped_2_0_NODE_122781|ped_2_1_NODE_122781|ped_2_2_NODE_122781|ped_2_3_NODE_122781|ped_2_4_NODE_122781,51.5,182.0,False,False,ped_link_not_green
130.5,NODE_14937,11139418723,2,0,GGr,r,False,False,0,,51.5,182.0,False,False,ped_link_not_green
130.5,NODE_5647,10974501473,4,0,GGGGr,r,False,False,0,,53.5,184.0,False,False,ped_link_not_green
130.5,NODE_6342,11203041633,9,0,GGGGGGGGGr,r,False,False,3,ped_5_1_NODE_6342|ped_5_2_NODE_6342|ped_5_4_NODE_6342,51.5,182.0,False,False,ped_link_not_green
131.0,NODE_10060,11203052964,11,0,GGGGGGGGGGGr,r,False,False,1,ped_1_0_NODE_10060,51.0,182.0,False,False,ped_link_not_green
131.0,NODE_122781,11203041635,4,0,GGGGr,r,False,False,5,ped_2_0_NODE_122781|ped_2_1_NODE_122781|ped_2_2_NODE_122781|ped_2_3_NODE_122781|ped_2_4_NODE_122781,51.0,182.0,False,False,ped_link_not_green
131.0,NODE_14937,11139418723,2,0,GGr,r,False,False,0,,51.0,182.0,False,False,ped_link_not_green
131.0,NODE_5647,10974501473,4,0,GGGGr,r,False,False,0,,53.0,184.0,False,False,ped_link_not_green
131.0,NODE_6342,11203041633,9,0,GGGGGGGGGr,r,False,False,3,ped_5_1_NODE_6342|ped_5_2_NODE_6342|ped_5_4_NODE_6342,51.0,182.0,False,False,ped_link_not_green
131.5,NODE_10060,11203052964,11,0,GGGGGGGGGGGr,r,False,False,1,ped_1_0_NODE_10060,50.5,182.0,False,False,ped_link_not_green
131.5,NODE_122781,11203041635,4,0,GGGGr,r,False,False,5,ped_2_0_NODE_122781|ped_2_1_NODE_122781|ped_2_2_NODE_122781|ped_2_3_NODE_122781|ped_2_4_NODE_122781,50.5,182.0,False,False,ped_link_not_green
131.5,NODE_14937,11139418723,2,0,GGr,r,False,False,0,,50.5,182.0,False,False,ped_link_not_green
131.5,NODE_5647,10974501473,4,0,GGGGr,r,False,False,0,,52.5,184.0,False,False,ped_link_not_green
131.5,NODE_6342,11203041633,9,0,GGGGGGGGGr,r,False,False,2,ped_5_2_NODE_6342|ped_5_4_NODE_6342,50.5,182.0,False,False,ped_link_not_green
132.0,NODE_10060,11203052964,11,0,GGGGGGGGGGGr,r,False,False,1,ped_1_0_NODE_10060,50.0,182.0,False,False,ped_link_not_green
132.0,NODE_122781,11203041635,4,0,GGGGr,r,False,False,5,ped_2_0_NODE_122781|ped_2_1_NODE_122781|ped_2_2_NODE_122781|ped_2_3_NODE_122781|ped_2_4_NODE_122781,50.0,182.0,False,False,ped_link_not_green
132.0,NODE_14937,11139418723,2,0,GGr,r,False,False,0,,50.0,182.0,False,False,ped_link_not_green
132.0,NODE_5647,10974501473,4,0,GGGGr,r,False,False,0,,52.0,184.0,False,False,ped_link_not_green
132.0,NODE_6342,11203041633,9,0,GGGGGGGGGr,r,False,False,1,ped_5_4_NODE_6342,50.0,182.0,False,False,ped_link_not_green
132.5,NODE_10060,11203052964,11,0,GGGGGGGGGGGr,r,False,False,1,ped_1_0_NODE_10060,49.5,182.0,False,False,ped_link_not_green
132.5,NODE_122781,11203041635,4,0,GGGGr,r,False,False,5,ped_2_0_NODE_122781|ped_2_1_NODE_122781|ped_2_2_NODE_122781|ped_2_3_NODE_122781|ped_2_4_NODE_122781,49.5,182.0,False,False,ped_link_not_green
132.5,NODE_14937,11139418723,2,0,GGr,r,False,False,0,,49.5,182.0,False,False,ped_link_not_green
132.5,NODE_5647,10974501473,4,0,GGGGr,r,False,False,0,,51.5,184.0,False,False,ped_link_not_green
132.5,NODE_6342,11203041633,9,0,GGGGGGGGGr,r,False,False,1,ped_5_4_NODE_6342,49.5,182.0,False,False,ped_link_not_green
133.0,NODE_10060,11203052964,11,0,GGGGGGGGGGGr,r,False,False,1,ped_1_0_NODE_10060,49.0,182.0,False,False,ped_link_not_green
133.0,NODE_122781,11203041635,4,0,GGGGr,r,False,False,5,ped_2_0_NODE_122781|ped_2_1_NODE_122781|ped_2_2_NODE_122781|ped_2_3_NODE_122781|ped_2_4_NODE_122781,49.0,182.0,False,False,ped_link_not_green
133.0,NODE_14937,11139418723,2,0,GGr,r,False,False,0,,49.0,182.0,False,False,ped_link_not_green
133.0,NODE_5647,10974501473,4,0,GGGGr,r,False,False,0,,51.0,184.0,False,False,ped_link_not_green
133.0,NODE_6342,11203041633,9,0,GGGGGGGGGr,r,False,False,1,ped_5_4_NODE_6342,49.0,182.0,False,False,ped_link_not_green
133.5,NODE_10060,11203052964,11,0,GGGGGGGGGGGr,r,False,False,1,ped_1_0_NODE_10060,48.5,182.0,False,False,ped_link_not_green
133.5,NODE_122781,11203041635,4,0,GGGGr,r,False,False,5,ped_2_0_NODE_122781|ped_2_1_NODE_122781|ped_2_2_NODE_122781|ped_2_3_NODE_122781|ped_2_4_NODE_122781,48.5,182.0,False,False,ped_link_not_green
133.5,NODE_14937,11139418723,2,0,GGr,r,False,False,0,,48.5,182.0,False,False,ped_link_not_green
133.5,NODE_5647,10974501473,4,0,GGGGr,r,False,False,0,,50.5,184.0,False,False,ped_link_not_green
133.5,NODE_6342,11203041633,9,0,GGGGGGGGGr,r,False,False,1,ped_5_4_NODE_6342,48.5,182.0,False,False,ped_link_not_green
134.0,NODE_10060,11203052964,11,0,GGGGGGGGGGGr,r,False,False,1,ped_1_0_NODE_10060,48.0,182.0,False,False,ped_link_not_green
134.0,NODE_122781,11203041635,4,0,GGGGr,r,False,False,5,ped_2_0_NODE_122781|ped_2_1_NODE_122781|ped_2_2_NODE_122781|ped_2_3_NODE_122781|ped_2_4_NODE_122781,48.0,182.0,False,False,ped_link_not_green
134.0,NODE_14937,11139418723,2,0,GGr,r,False,False,0,,48.0,182.0,False,False,ped_link_not_green
134.0,NODE_5647,10974501473,4,0,GGGGr,r,False,False,0,,50.0,184.0,False,False,ped_link_not_green
134.0,NODE_6342,11203041633,9,0,GGGGGGGGGr,r,False,False,1,ped_5_4_NODE_6342,48.0,182.0,False,False,ped_link_not_green
134.5,NODE_10060,11203052964,11,0,GGGGGGGGGGGr,r,False,False,1,ped_1_0_NODE_10060,47.5,182.0,False,False,ped_link_not_green
134.5,NODE_122781,11203041635,4,0,GGGGr,r,False,False,5,ped_2_0_NODE_122781|ped_2_1_NODE_122781|ped_2_2_NODE_122781|ped_2_3_NODE_122781|ped_2_4_NODE_122781,47.5,182.0,False,False,ped_link_not_green
134.5,NODE_14937,11139418723,2,0,GGr,r,False,False,0,,47.5,182.0,False,False,ped_link_not_green
134.5,NODE_5647,10974501473,4,0,GGGGr,r,False,False,0,,49.5,184.0,False,False,ped_link_not_green
134.5,NODE_6342,11203041633,9,0,GGGGGGGGGr,r,False,False,1,ped_5_4_NODE_6342,47.5,182.0,False,False,ped_link_not_green
135.0,NODE_10060,11203052964,11,0,GGGGGGGGGGGr,r,False,False,1,ped_1_0_NODE_10060,47.0,182.0,False,False,ped_link_not_green
135.0,NODE_122781,11203041635,4,0,GGGGr,r,False,False,5,ped_2_0_NODE_122781|ped_2_1_NODE_122781|ped_2_2_NODE_122781|ped_2_3_NODE_122781|ped_2_4_NODE_122781,47.0,182.0,False,False,ped_link_not_green
135.0,NODE_14937,11139418723,2,0,GGr,r,False,False,0,,47.0,182.0,False,False,ped_link_not_green
135.0,NODE_5647,10974501473,4,0,GGGGr,r,False,False,0,,49.0,184.0,False,False,ped_link_not_green
135.0,NODE_6342,11203041633,9,0,GGGGGGGGGr,r,False,False,1,ped_5_4_NODE_6342,47.0,182.0,False,False,ped_link_not_green
135.5,NODE_10060,11203052964,11,0,GGGGGGGGGGGr,r,False,False,1,ped_1_0_NODE_10060,46.5,182.0,False,False,ped_link_not_green
135.5,NODE_122781,11203041635,4,0,GGGGr,r,False,False,5,ped_2_0_NODE_122781|ped_2_1_NODE_122781|ped_2_2_NODE_122781|ped_2_3_NODE_122781|ped_2_4_NODE_122781,46.5,182.0,False,False,ped_link_not_green
135.5,NODE_14937,11139418723,2,0,GGr,r,False,False,0,,46.5,182.0,False,False,ped_link_not_green
135.5,NODE_5647,10974501473,4,0,GGGGr,r,False,False,0,,48.5,184.0,False,False,ped_link_not_green
135.5,NODE_6342,11203041633,9,0,GGGGGGGGGr,r,False,False,1,ped_5_4_NODE_6342,46.5,182.0,False,False,ped_link_not_green
136.0,NODE_10060,11203052964,11,0,GGGGGGGGGGGr,r,False,False,1,ped_1_0_NODE_10060,46.0,182.0,False,False,ped_link_not_green
136.0,NODE_122781,11203041635,4,0,GGGGr,r,False,False,5,ped_2_0_NODE_122781|ped_2_1_NODE_122781|ped_2_2_NODE_122781|ped_2_3_NODE_122781|ped_2_4_NODE_122781,46.0,182.0,False,False,ped_link_not_green
136.0,NODE_14937,11139418723,2,0,GGr,r,False,False,0,,46.0,182.0,False,False,ped_link_not_green
136.0,NODE_5647,10974501473,4,0,GGGGr,r,False,False,0,,48.0,184.0,False,False,ped_link_not_green
136.0,NODE_6342,11203041633,9,0,GGGGGGGGGr,r,False,False,1,ped_5_4_NODE_6342,46.0,182.0,False,False,ped_link_not_green
136.5,NODE_10060,11203052964,11,0,GGGGGGGGGGGr,r,False,False,1,ped_1_0_NODE_10060,45.5,182.0,False,False,ped_link_not_green
136.5,NODE_122781,11203041635,4,0,GGGGr,r,False,False,5,ped_2_0_NODE_122781|ped_2_1_NODE_122781|ped_2_2_NODE_122781|ped_2_3_NODE_122781|ped_2_4_NODE_122781,45.5,182.0,False,False,ped_link_not_green
136.5,NODE_14937,11139418723,2,0,GGr,r,False,False,0,,45.5,182.0,False,False,ped_link_not_green
136.5,NODE_5647,10974501473,4,0,GGGGr,r,False,False,0,,47.5,184.0,False,False,ped_link_not_green
136.5,NODE_6342,11203041633,9,0,GGGGGGGGGr,r,False,False,1,ped_5_4_NODE_6342,45.5,182.0,False,False,ped_link_not_green
137.0,NODE_10060,11203052964,11,0,GGGGGGGGGGGr,r,False,False,1,ped_1_0_NODE_10060,45.0,182.0,False,False,ped_link_not_green
137.0,NODE_122781,11203041635,4,0,GGGGr,r,False,False,5,ped_2_0_NODE_122781|ped_2_1_NODE_122781|ped_2_2_NODE_122781|ped_2_3_NODE_122781|ped_2_4_NODE_122781,45.0,182.0,False,False,ped_link_not_green
137.0,NODE_14937,11139418723,2,0,GGr,r,False,False,0,,45.0,182.0,False,False,ped_link_not_green
137.0,NODE_5647,10974501473,4,0,GGGGr,r,False,False,0,,47.0,184.0,False,False,ped_link_not_green
137.0,NODE_6342,11203041633,9,0,GGGGGGGGGr,r,False,False,1,ped_5_4_NODE_6342,45.0,182.0,False,False,ped_link_not_green
137.5,NODE_10060,11203052964,11,0,GGGGGGGGGGGr,r,False,False,1,ped_1_0_NODE_10060,44.5,182.0,False,False,ped_link_not_green
137.5,NODE_122781,11203041635,4,0,GGGGr,r,False,False,5,ped_2_0_NODE_122781|ped_2_1_NODE_122781|ped_2_2_NODE_122781|ped_2_3_NODE_122781|ped_2_4_NODE_122781,44.5,182.0,False,False,ped_link_not_green
137.5,NODE_14937,11139418723,2,0,GGr,r,False,False,0,,44.5,182.0,False,False,ped_link_not_green
137.5,NODE_5647,10974501473,4,0,GGGGr,r,False,False,0,,46.5,184.0,False,False,ped_link_not_green
137.5,NODE_6342,11203041633,9,0,GGGGGGGGGr,r,False,False,1,ped_5_4_NODE_6342,44.5,182.0,False,False,ped_link_not_green
138.0,NODE_10060,11203052964,11,0,GGGGGGGGGGGr,r,False,False,1,ped_1_0_NODE_10060,44.0,182.0,False,False,ped_link_not_green
138.0,NODE_122781,11203041635,4,0,GGGGr,r,False,False,5,ped_2_0_NODE_122781|ped_2_1_NODE_122781|ped_2_2_NODE_122781|ped_2_3_NODE_122781|ped_2_4_NODE_122781,44.0,182.0,False,False,ped_link_not_green
138.0,NODE_14937,11139418723,2,0,GGr,r,False,False,0,,44.0,182.0,False,False,ped_link_not_green
138.0,NODE_5647,10974501473,4,0,GGGGr,r,False,False,0,,46.0,184.0,False,False,ped_link_not_green
138.0,NODE_6342,11203041633,9,0,GGGGGGGGGr,r,False,False,0,,44.0,182.0,False,False,ped_link_not_green
138.5,NODE_10060,11203052964,11,0,GGGGGGGGGGGr,r,False,False,1,ped_1_0_NODE_10060,43.5,182.0,False,False,ped_link_not_green
138.5,NODE_122781,11203041635,4,0,GGGGr,r,False,False,5,ped_2_0_NODE_122781|ped_2_1_NODE_122781|ped_2_2_NODE_122781|ped_2_3_NODE_122781|ped_2_4_NODE_122781,43.5,182.0,False,False,ped_link_not_green
138.5,NODE_14937,11139418723,2,0,GGr,r,False,False,0,,43.5,182.0,False,False,ped_link_not_green
138.5,NODE_5647,10974501473,4,0,GGGGr,r,False,False,0,,45.5,184.0,False,False,ped_link_not_green
138.5,NODE_6342,11203041633,9,0,GGGGGGGGGr,r,False,False,0,,43.5,182.0,False,False,ped_link_not_green
139.0,NODE_10060,11203052964,11,0,GGGGGGGGGGGr,r,False,False,1,ped_1_0_NODE_10060,43.0,182.0,False,False,ped_link_not_green
139.0,NODE_122781,11203041635,4,0,GGGGr,r,False,False,5,ped_2_0_NODE_122781|ped_2_1_NODE_122781|ped_2_2_NODE_122781|ped_2_3_NODE_122781|ped_2_4_NODE_122781,43.0,182.0,False,False,ped_link_not_green
139.0,NODE_14937,11139418723,2,0,GGr,r,False,False,0,,43.0,182.0,False,False,ped_link_not_green
139.0,NODE_5647,10974501473,4,0,GGGGr,r,False,False,0,,45.0,184.0,False,False,ped_link_not_green
139.0,NODE_6342,11203041633,9,0,GGGGGGGGGr,r,False,False,0,,43.0,182.0,False,False,ped_link_not_green
139.5,NODE_10060,11203052964,11,0,GGGGGGGGGGGr,r,False,False,1,ped_1_0_NODE_10060,42.5,182.0,False,False,ped_link_not_green
139.5,NODE_122781,11203041635,4,0,GGGGr,r,False,False,5,ped_2_0_NODE_122781|ped_2_1_NODE_122781|ped_2_2_NODE_122781|ped_2_3_NODE_122781|ped_2_4_NODE_122781,42.5,182.0,False,False,ped_link_not_green
139.5,NODE_14937,11139418723,2,0,GGr,r,False,False,0,,42.5,182.0,False,False,ped_link_not_green
139.5,NODE_5647,10974501473,4,0,GGGGr,r,False,False,0,,44.5,184.0,False,False,ped_link_not_green
139.5,NODE_6342,11203041633,9,0,GGGGGGGGGr,r,False,False,0,,42.5,182.0,False,False,ped_link_not_green
140.0,NODE_10060,11203052964,11,0,GGGGGGGGGGGr,r,False,False,1,ped_1_0_NODE_10060,42.0,182.0,False,False,ped_link_not_green
140.0,NODE_122781,11203041635,4,0,GGGGr,r,False,False,5,ped_2_0_NODE_122781|ped_2_1_NODE_122781|ped_2_2_NODE_122781|ped_2_3_NODE_122781|ped_2_4_NODE_122781,42.0,182.0,False,False,ped_link_not_green
140.0,NODE_14937,11139418723,2,0,GGr,r,False,False,0,,42.0,182.0,False,False,ped_link_not_green
140.0,NODE_5647,10974501473,4,0,GGGGr,r,False,False,0,,44.0,184.0,False,False,ped_link_not_green
140.0,NODE_6342,11203041633,9,0,GGGGGGGGGr,r,False,False,0,,42.0,182.0,False,False,ped_link_not_green
140.5,NODE_10060,11203052964,11,0,GGGGGGGGGGGr,r,False,False,1,ped_1_0_NODE_10060,41.5,182.0,False,False,ped_link_not_green
140.5,NODE_122781,11203041635,4,0,GGGGr,r,False,False,5,ped_2_0_NODE_122781|ped_2_1_NODE_122781|ped_2_2_NODE_122781|ped_2_3_NODE_122781|ped_2_4_NODE_122781,41.5,182.0,False,False,ped_link_not_green
140.5,NODE_14937,11139418723,2,0,GGr,r,False,False,0,,41.5,182.0,False,False,ped_link_not_green
140.5,NODE_5647,10974501473,4,0,GGGGr,r,False,False,0,,43.5,184.0,False,False,ped_link_not_green
140.5,NODE_6342,11203041633,9,0,GGGGGGGGGr,r,False,False,0,,41.5,182.0,False,False,ped_link_not_green
141.0,NODE_10060,11203052964,11,0,GGGGGGGGGGGr,r,False,False,1,ped_1_0_NODE_10060,41.0,182.0,False,False,ped_link_not_green
141.0,NODE_122781,11203041635,4,0,GGGGr,r,False,False,5,ped_2_0_NODE_122781|ped_2_1_NODE_122781|ped_2_2_NODE_122781|ped_2_3_NODE_122781|ped_2_4_NODE_122781,41.0,182.0,False,False,ped_link_not_green
141.0,NODE_14937,11139418723,2,0,GGr,r,False,False,0,,41.0,182.0,False,False,ped_link_not_green
141.0,NODE_5647,10974501473,4,0,GGGGr,r,False,False,0,,43.0,184.0,False,False,ped_link_not_green
141.0,NODE_6342,11203041633,9,0,GGGGGGGGGr,r,False,False,0,,41.0,182.0,False,False,ped_link_not_green
141.5,NODE_10060,11203052964,11,0,GGGGGGGGGGGr,r,False,False,1,ped_1_0_NODE_10060,40.5,182.0,False,False,ped_link_not_green
141.5,NODE_122781,11203041635,4,0,GGGGr,r,False,False,5,ped_2_0_NODE_122781|ped_2_1_NODE_122781|ped_2_2_NODE_122781|ped_2_3_NODE_122781|ped_2_4_NODE_122781,40.5,182.0,False,False,ped_link_not_green
141.5,NODE_14937,11139418723,2,0,GGr,r,False,False,0,,40.5,182.0,False,False,ped_link_not_green
141.5,NODE_5647,10974501473,4,0,GGGGr,r,False,False,0,,42.5,184.0,False,False,ped_link_not_green
141.5,NODE_6342,11203041633,9,0,GGGGGGGGGr,r,False,False,0,,40.5,182.0,False,False,ped_link_not_green
142.0,NODE_10060,11203052964,11,0,GGGGGGGGGGGr,r,False,False,1,ped_1_0_NODE_10060,40.0,182.0,False,False,ped_link_not_green
142.0,NODE_122781,11203041635,4,0,GGGGr,r,False,False,5,ped_2_0_NODE_122781|ped_2_1_NODE_122781|ped_2_2_NODE_122781|ped_2_3_NODE_122781|ped_2_4_NODE_122781,40.0,182.0,False,False,ped_link_not_green
142.0,NODE_14937,11139418723,2,0,GGr,r,False,False,0,,40.0,182.0,False,False,ped_link_not_green
142.0,NODE_5647,10974501473,4,0,GGGGr,r,False,False,0,,42.0,184.0,False,False,ped_link_not_green
142.0,NODE_6342,11203041633,9,0,GGGGGGGGGr,r,False,False,0,,40.0,182.0,False,False,ped_link_not_green
142.5,NODE_10060,11203052964,11,0,GGGGGGGGGGGr,r,False,False,1,ped_1_0_NODE_10060,39.5,182.0,False,False,ped_link_not_green
142.5,NODE_122781,11203041635,4,0,GGGGr,r,False,False,5,ped_2_0_NODE_122781|ped_2_1_NODE_122781|ped_2_2_NODE_122781|ped_2_3_NODE_122781|ped_2_4_NODE_122781,39.5,182.0,False,False,ped_link_not_green
142.5,NODE_14937,11139418723,2,0,GGr,r,False,False,0,,39.5,182.0,False,False,ped_link_not_green
142.5,NODE_5647,10974501473,4,0,GGGGr,r,False,False,0,,41.5,184.0,False,False,ped_link_not_green
142.5,NODE_6342,11203041633,9,0,GGGGGGGGGr,r,False,False,0,,39.5,182.0,False,False,ped_link_not_green
143.0,NODE_10060,11203052964,11,0,GGGGGGGGGGGr,r,False,False,1,ped_1_0_NODE_10060,39.0,182.0,False,False,ped_link_not_green
143.0,NODE_122781,11203041635,4,0,GGGGr,r,False,False,5,ped_2_0_NODE_122781|ped_2_1_NODE_122781|ped_2_2_NODE_122781|ped_2_3_NODE_122781|ped_2_4_NODE_122781,39.0,182.0,False,False,ped_link_not_green
143.0,NODE_14937,11139418723,2,0,GGr,r,False,False,0,,39.0,182.0,False,False,ped_link_not_green
143.0,NODE_5647,10974501473,4,0,GGGGr,r,False,False,0,,41.0,184.0,False,False,ped_link_not_green
143.0,NODE_6342,11203041633,9,0,GGGGGGGGGr,r,False,False,0,,39.0,182.0,False,False,ped_link_not_green
143.5,NODE_10060,11203052964,11,0,GGGGGGGGGGGr,r,False,False,1,ped_1_0_NODE_10060,38.5,182.0,False,False,ped_link_not_green
143.5,NODE_122781,11203041635,4,0,GGGGr,r,False,False,5,ped_2_0_NODE_122781|ped_2_1_NODE_122781|ped_2_2_NODE_122781|ped_2_3_NODE_122781|ped_2_4_NODE_122781,38.5,182.0,False,False,ped_link_not_green
143.5,NODE_14937,11139418723,2,0,GGr,r,False,False,0,,38.5,182.0,False,False,ped_link_not_green
143.5,NODE_5647,10974501473,4,0,GGGGr,r,False,False,0,,40.5,184.0,False,False,ped_link_not_green
143.5,NODE_6342,11203041633,9,0,GGGGGGGGGr,r,False,False,0,,38.5,182.0,False,False,ped_link_not_green
144.0,NODE_10060,11203052964,11,0,GGGGGGGGGGGr,r,False,False,1,ped_1_0_NODE_10060,38.0,182.0,False,False,ped_link_not_green
144.0,NODE_122781,11203041635,4,0,GGGGr,r,False,False,5,ped_2_0_NODE_122781|ped_2_1_NODE_122781|ped_2_2_NODE_122781|ped_2_3_NODE_122781|ped_2_4_NODE_122781,38.0,182.0,False,False,ped_link_not_green
144.0,NODE_14937,11139418723,2,0,GGr,r,False,False,0,,38.0,182.0,False,False,ped_link_not_green
144.0,NODE_5647,10974501473,4,0,GGGGr,r,False,False,0,,40.0,184.0,False,False,ped_link_not_green
144.0,NODE_6342,11203041633,9,0,GGGGGGGGGr,r,False,False,0,,38.0,182.0,False,False,ped_link_not_green
144.5,NODE_10060,11203052964,11,0,GGGGGGGGGGGr,r,False,False,1,ped_1_0_NODE_10060,37.5,182.0,False,False,ped_link_not_green
144.5,NODE_122781,11203041635,4,0,GGGGr,r,False,False,5,ped_2_0_NODE_122781|ped_2_1_NODE_122781|ped_2_2_NODE_122781|ped_2_3_NODE_122781|ped_2_4_NODE_122781,37.5,182.0,False,False,ped_link_not_green
144.5,NODE_14937,11139418723,2,0,GGr,r,False,False,0,,37.5,182.0,False,False,ped_link_not_green
144.5,NODE_5647,10974501473,4,0,GGGGr,r,False,False,0,,39.5,184.0,False,False,ped_link_not_green
144.5,NODE_6342,11203041633,9,0,GGGGGGGGGr,r,False,False,0,,37.5,182.0,False,False,ped_link_not_green
145.0,NODE_10060,11203052964,11,0,GGGGGGGGGGGr,r,False,False,1,ped_1_0_NODE_10060,37.0,182.0,False,False,ped_link_not_green
145.0,NODE_122781,11203041635,4,0,GGGGr,r,False,False,5,ped_2_0_NODE_122781|ped_2_1_NODE_122781|ped_2_2_NODE_122781|ped_2_3_NODE_122781|ped_2_4_NODE_122781,37.0,182.0,False,False,ped_link_not_green
145.0,NODE_14937,11139418723,2,0,GGr,r,False,False,0,,37.0,182.0,False,False,ped_link_not_green
145.0,NODE_5647,10974501473,4,0,GGGGr,r,False,False,0,,39.0,184.0,False,False,ped_link_not_green
145.0,NODE_6342,11203041633,9,0,GGGGGGGGGr,r,False,False,0,,37.0,182.0,False,False,ped_link_not_green
145.5,NODE_10060,11203052964,11,0,GGGGGGGGGGGr,r,False,False,1,ped_1_0_NODE_10060,36.5,182.0,False,False,ped_link_not_green
145.5,NODE_122781,11203041635,4,0,GGGGr,r,False,False,5,ped_2_0_NODE_122781|ped_2_1_NODE_122781|ped_2_2_NODE_122781|ped_2_3_NODE_122781|ped_2_4_NODE_122781,36.5,182.0,False,False,ped_link_not_green
145.5,NODE_14937,11139418723,2,0,GGr,r,False,False,0,,36.5,182.0,False,False,ped_link_not_green
145.5,NODE_5647,10974501473,4,0,GGGGr,r,False,False,0,,38.5,184.0,False,False,ped_link_not_green
145.5,NODE_6342,11203041633,9,0,GGGGGGGGGr,r,False,False,0,,36.5,182.0,False,False,ped_link_not_green
146.0,NODE_10060,11203052964,11,0,GGGGGGGGGGGr,r,False,False,1,ped_1_0_NODE_10060,36.0,182.0,False,False,ped_link_not_green
146.0,NODE_122781,11203041635,4,0,GGGGr,r,False,False,5,ped_2_0_NODE_122781|ped_2_1_NODE_122781|ped_2_2_NODE_122781|ped_2_3_NODE_122781|ped_2_4_NODE_122781,36.0,182.0,False,False,ped_link_not_green
146.0,NODE_14937,11139418723,2,0,GGr,r,False,False,0,,36.0,182.0,False,False,ped_link_not_green
146.0,NODE_5647,10974501473,4,0,GGGGr,r,False,False,0,,38.0,184.0,False,False,ped_link_not_green
146.0,NODE_6342,11203041633,9,0,GGGGGGGGGr,r,False,False,0,,36.0,182.0,False,False,ped_link_not_green
146.5,NODE_10060,11203052964,11,0,GGGGGGGGGGGr,r,False,False,1,ped_1_0_NODE_10060,35.5,182.0,False,False,ped_link_not_green
146.5,NODE_122781,11203041635,4,0,GGGGr,r,False,False,5,ped_2_0_NODE_122781|ped_2_1_NODE_122781|ped_2_2_NODE_122781|ped_2_3_NODE_122781|ped_2_4_NODE_122781,35.5,182.0,False,False,ped_link_not_green
146.5,NODE_14937,11139418723,2,0,GGr,r,False,False,0,,35.5,182.0,False,False,ped_link_not_green
146.5,NODE_5647,10974501473,4,0,GGGGr,r,False,False,0,,37.5,184.0,False,False,ped_link_not_green
146.5,NODE_6342,11203041633,9,0,GGGGGGGGGr,r,False,False,0,,35.5,182.0,False,False,ped_link_not_green
147.0,NODE_10060,11203052964,11,0,GGGGGGGGGGGr,r,False,False,1,ped_1_0_NODE_10060,35.0,182.0,False,False,ped_link_not_green
147.0,NODE_122781,11203041635,4,0,GGGGr,r,False,False,5,ped_2_0_NODE_122781|ped_2_1_NODE_122781|ped_2_2_NODE_122781|ped_2_3_NODE_122781|ped_2_4_NODE_122781,35.0,182.0,False,False,ped_link_not_green
147.0,NODE_14937,11139418723,2,0,GGr,r,False,False,0,,35.0,182.0,False,False,ped_link_not_green
147.0,NODE_5647,10974501473,4,0,GGGGr,r,False,False,0,,37.0,184.0,False,False,ped_link_not_green
147.0,NODE_6342,11203041633,9,0,GGGGGGGGGr,r,False,False,0,,35.0,182.0,False,False,ped_link_not_green
147.5,NODE_10060,11203052964,11,0,GGGGGGGGGGGr,r,False,False,1,ped_1_0_NODE_10060,34.5,182.0,False,False,ped_link_not_green
147.5,NODE_122781,11203041635,4,0,GGGGr,r,False,False,5,ped_2_0_NODE_122781|ped_2_1_NODE_122781|ped_2_2_NODE_122781|ped_2_3_NODE_122781|ped_2_4_NODE_122781,34.5,182.0,False,False,ped_link_not_green
147.5,NODE_14937,11139418723,2,0,GGr,r,False,False,0,,34.5,182.0,False,False,ped_link_not_green
147.5,NODE_5647,10974501473,4,0,GGGGr,r,False,False,0,,36.5,184.0,False,False,ped_link_not_green
147.5,NODE_6342,11203041633,9,0,GGGGGGGGGr,r,False,False,0,,34.5,182.0,False,False,ped_link_not_green
148.0,NODE_10060,11203052964,11,0,GGGGGGGGGGGr,r,False,False,1,ped_1_0_NODE_10060,34.0,182.0,False,False,ped_link_not_green
148.0,NODE_122781,11203041635,4,0,GGGGr,r,False,False,5,ped_2_0_NODE_122781|ped_2_1_NODE_122781|ped_2_2_NODE_122781|ped_2_3_NODE_122781|ped_2_4_NODE_122781,34.0,182.0,False,False,ped_link_not_green
148.0,NODE_14937,11139418723,2,0,GGr,r,False,False,0,,34.0,182.0,False,False,ped_link_not_green
148.0,NODE_5647,10974501473,4,0,GGGGr,r,False,False,0,,36.0,184.0,False,False,ped_link_not_green
148.0,NODE_6342,11203041633,9,0,GGGGGGGGGr,r,False,False,0,,34.0,182.0,False,False,ped_link_not_green
148.5,NODE_10060,11203052964,11,0,GGGGGGGGGGGr,r,False,False,1,ped_1_0_NODE_10060,33.5,182.0,False,False,ped_link_not_green
148.5,NODE_122781,11203041635,4,0,GGGGr,r,False,False,5,ped_2_0_NODE_122781|ped_2_1_NODE_122781|ped_2_2_NODE_122781|ped_2_3_NODE_122781|ped_2_4_NODE_122781,33.5,182.0,False,False,ped_link_not_green
148.5,NODE_14937,11139418723,2,0,GGr,r,False,False,0,,33.5,182.0,False,False,ped_link_not_green
148.5,NODE_5647,10974501473,4,0,GGGGr,r,False,False,0,,35.5,184.0,False,False,ped_link_not_green
148.5,NODE_6342,11203041633,9,0,GGGGGGGGGr,r,False,False,0,,33.5,182.0,False,False,ped_link_not_green
149.0,NODE_10060,11203052964,11,0,GGGGGGGGGGGr,r,False,False,1,ped_1_0_NODE_10060,33.0,182.0,False,False,ped_link_not_green
149.0,NODE_122781,11203041635,4,0,GGGGr,r,False,False,5,ped_2_0_NODE_122781|ped_2_1_NODE_122781|ped_2_2_NODE_122781|ped_2_3_NODE_122781|ped_2_4_NODE_122781,33.0,182.0,False,False,ped_link_not_green
149.0,NODE_14937,11139418723,2,0,GGr,r,False,False,0,,33.0,182.0,False,False,ped_link_not_green
149.0,NODE_5647,10974501473,4,0,GGGGr,r,False,False,0,,35.0,184.0,False,False,ped_link_not_green
149.0,NODE_6342,11203041633,9,0,GGGGGGGGGr,r,False,False,0,,33.0,182.0,False,False,ped_link_not_green
149.5,NODE_10060,11203052964,11,0,GGGGGGGGGGGr,r,False,False,1,ped_1_0_NODE_10060,32.5,182.0,False,False,ped_link_not_green
149.5,NODE_122781,11203041635,4,0,GGGGr,r,False,False,5,ped_2_0_NODE_122781|ped_2_1_NODE_122781|ped_2_2_NODE_122781|ped_2_3_NODE_122781|ped_2_4_NODE_122781,32.5,182.0,False,False,ped_link_not_green
149.5,NODE_14937,11139418723,2,0,GGr,r,False,False,0,,32.5,182.0,False,False,ped_link_not_green
149.5,NODE_5647,10974501473,4,0,GGGGr,r,False,False,0,,34.5,184.0,False,False,ped_link_not_green
149.5,NODE_6342,11203041633,9,0,GGGGGGGGGr,r,False,False,0,,32.5,182.0,False,False,ped_link_not_green
150.0,NODE_10060,11203052964,11,0,GGGGGGGGGGGr,r,False,False,1,ped_1_0_NODE_10060,32.0,182.0,False,False,ped_link_not_green
150.0,NODE_122781,11203041635,4,0,GGGGr,r,False,False,5,ped_2_0_NODE_122781|ped_2_1_NODE_122781|ped_2_2_NODE_122781|ped_2_3_NODE_122781|ped_2_4_NODE_122781,32.0,182.0,False,False,ped_link_not_green
150.0,NODE_14937,11139418723,2,0,GGr,r,False,False,0,,32.0,182.0,False,False,ped_link_not_green
150.0,NODE_5647,10974501473,4,0,GGGGr,r,False,False,0,,34.0,184.0,False,False,ped_link_not_green
150.0,NODE_6342,11203041633,9,0,GGGGGGGGGr,r,False,False,0,,32.0,182.0,False,False,ped_link_not_green
150.5,NODE_10060,11203052964,11,0,GGGGGGGGGGGr,r,False,False,1,ped_1_0_NODE_10060,31.5,182.0,False,False,ped_link_not_green
150.5,NODE_122781,11203041635,4,0,GGGGr,r,False,False,5,ped_2_0_NODE_122781|ped_2_1_NODE_122781|ped_2_2_NODE_122781|ped_2_3_NODE_122781|ped_2_4_NODE_122781,31.5,182.0,False,False,ped_link_not_green
150.5,NODE_14937,11139418723,2,0,GGr,r,False,False,0,,31.5,182.0,False,False,ped_link_not_green
150.5,NODE_5647,10974501473,4,0,GGGGr,r,False,False,0,,33.5,184.0,False,False,ped_link_not_green
150.5,NODE_6342,11203041633,9,0,GGGGGGGGGr,r,False,False,0,,31.5,182.0,False,False,ped_link_not_green
151.0,NODE_10060,11203052964,11,0,GGGGGGGGGGGr,r,False,False,1,ped_1_0_NODE_10060,31.0,182.0,False,False,ped_link_not_green
151.0,NODE_122781,11203041635,4,0,GGGGr,r,False,False,5,ped_2_0_NODE_122781|ped_2_1_NODE_122781|ped_2_2_NODE_122781|ped_2_3_NODE_122781|ped_2_4_NODE_122781,31.0,182.0,False,False,ped_link_not_green
151.0,NODE_14937,11139418723,2,0,GGr,r,False,False,0,,31.0,182.0,False,False,ped_link_not_green
151.0,NODE_5647,10974501473,4,0,GGGGr,r,False,False,0,,33.0,184.0,False,False,ped_link_not_green
151.0,NODE_6342,11203041633,9,0,GGGGGGGGGr,r,False,False,0,,31.0,182.0,False,False,ped_link_not_green
151.5,NODE_10060,11203052964,11,0,GGGGGGGGGGGr,r,False,False,1,ped_1_0_NODE_10060,30.5,182.0,False,False,ped_link_not_green
151.5,NODE_122781,11203041635,4,0,GGGGr,r,False,False,5,ped_2_0_NODE_122781|ped_2_1_NODE_122781|ped_2_2_NODE_122781|ped_2_3_NODE_122781|ped_2_4_NODE_122781,30.5,182.0,False,False,ped_link_not_green
151.5,NODE_14937,11139418723,2,0,GGr,r,False,False,0,,30.5,182.0,False,False,ped_link_not_green
151.5,NODE_5647,10974501473,4,0,GGGGr,r,False,False,0,,32.5,184.0,False,False,ped_link_not_green
151.5,NODE_6342,11203041633,9,0,GGGGGGGGGr,r,False,False,0,,30.5,182.0,False,False,ped_link_not_green
152.0,NODE_10060,11203052964,11,0,GGGGGGGGGGGr,r,False,False,1,ped_1_0_NODE_10060,30.0,182.0,False,False,ped_link_not_green
152.0,NODE_122781,11203041635,4,0,GGGGr,r,False,False,5,ped_2_0_NODE_122781|ped_2_1_NODE_122781|ped_2_2_NODE_122781|ped_2_3_NODE_122781|ped_2_4_NODE_122781,30.0,182.0,False,False,ped_link_not_green
152.0,NODE_14937,11139418723,2,0,GGr,r,False,False,0,,30.0,182.0,False,False,ped_link_not_green
152.0,NODE_5647,10974501473,4,0,GGGGr,r,False,False,0,,32.0,184.0,False,False,ped_link_not_green
152.0,NODE_6342,11203041633,9,0,GGGGGGGGGr,r,False,False,0,,30.0,182.0,False,False,ped_link_not_green
152.5,NODE_10060,11203052964,11,0,GGGGGGGGGGGr,r,False,False,1,ped_1_0_NODE_10060,29.5,182.0,False,False,ped_link_not_green
152.5,NODE_122781,11203041635,4,0,GGGGr,r,False,False,5,ped_2_0_NODE_122781|ped_2_1_NODE_122781|ped_2_2_NODE_122781|ped_2_3_NODE_122781|ped_2_4_NODE_122781,29.5,182.0,False,False,ped_link_not_green
152.5,NODE_14937,11139418723,2,0,GGr,r,False,False,0,,29.5,182.0,False,False,ped_link_not_green
152.5,NODE_5647,10974501473,4,0,GGGGr,r,False,False,0,,31.5,184.0,False,False,ped_link_not_green
152.5,NODE_6342,11203041633,9,0,GGGGGGGGGr,r,False,False,0,,29.5,182.0,False,False,ped_link_not_green
153.0,NODE_10060,11203052964,11,0,GGGGGGGGGGGr,r,False,False,1,ped_1_0_NODE_10060,29.0,182.0,False,False,ped_link_not_green
153.0,NODE_122781,11203041635,4,0,GGGGr,r,False,False,5,ped_2_0_NODE_122781|ped_2_1_NODE_122781|ped_2_2_NODE_122781|ped_2_3_NODE_122781|ped_2_4_NODE_122781,29.0,182.0,False,False,ped_link_not_green
153.0,NODE_14937,11139418723,2,0,GGr,r,False,False,0,,29.0,182.0,False,False,ped_link_not_green
153.0,NODE_5647,10974501473,4,0,GGGGr,r,False,False,0,,31.0,184.0,False,False,ped_link_not_green
153.0,NODE_6342,11203041633,9,0,GGGGGGGGGr,r,False,False,0,,29.0,182.0,False,False,ped_link_not_green
153.5,NODE_10060,11203052964,11,0,GGGGGGGGGGGr,r,False,False,1,ped_1_0_NODE_10060,28.5,182.0,False,False,ped_link_not_green
153.5,NODE_122781,11203041635,4,0,GGGGr,r,False,False,5,ped_2_0_NODE_122781|ped_2_1_NODE_122781|ped_2_2_NODE_122781|ped_2_3_NODE_122781|ped_2_4_NODE_122781,28.5,182.0,False,False,ped_link_not_green
153.5,NODE_14937,11139418723,2,0,GGr,r,False,False,0,,28.5,182.0,False,False,ped_link_not_green
153.5,NODE_5647,10974501473,4,0,GGGGr,r,False,False,0,,30.5,184.0,False,False,ped_link_not_green
153.5,NODE_6342,11203041633,9,0,GGGGGGGGGr,r,False,False,0,,28.5,182.0,False,False,ped_link_not_green
154.0,NODE_10060,11203052964,11,0,GGGGGGGGGGGr,r,False,False,1,ped_1_0_NODE_10060,28.0,182.0,False,False,ped_link_not_green
154.0,NODE_122781,11203041635,4,0,GGGGr,r,False,False,5,ped_2_0_NODE_122781|ped_2_1_NODE_122781|ped_2_2_NODE_122781|ped_2_3_NODE_122781|ped_2_4_NODE_122781,28.0,182.0,False,False,ped_link_not_green
154.0,NODE_14937,11139418723,2,0,GGr,r,False,False,0,,28.0,182.0,False,False,ped_link_not_green
154.0,NODE_5647,10974501473,4,0,GGGGr,r,False,False,0,,30.0,184.0,False,False,ped_link_not_green
154.0,NODE_6342,11203041633,9,0,GGGGGGGGGr,r,False,False,0,,28.0,182.0,False,False,ped_link_not_green
154.5,NODE_10060,11203052964,11,0,GGGGGGGGGGGr,r,False,False,1,ped_1_0_NODE_10060,27.5,182.0,False,False,ped_link_not_green
154.5,NODE_122781,11203041635,4,0,GGGGr,r,False,False,5,ped_2_0_NODE_122781|ped_2_1_NODE_122781|ped_2_2_NODE_122781|ped_2_3_NODE_122781|ped_2_4_NODE_122781,27.5,182.0,False,False,ped_link_not_green
154.5,NODE_14937,11139418723,2,0,GGr,r,False,False,0,,27.5,182.0,False,False,ped_link_not_green
154.5,NODE_5647,10974501473,4,0,GGGGr,r,False,False,0,,29.5,184.0,False,False,ped_link_not_green
154.5,NODE_6342,11203041633,9,0,GGGGGGGGGr,r,False,False,0,,27.5,182.0,False,False,ped_link_not_green
155.0,NODE_10060,11203052964,11,0,GGGGGGGGGGGr,r,False,False,1,ped_1_0_NODE_10060,27.0,182.0,False,False,ped_link_not_green
155.0,NODE_122781,11203041635,4,0,GGGGr,r,False,False,5,ped_2_0_NODE_122781|ped_2_1_NODE_122781|ped_2_2_NODE_122781|ped_2_3_NODE_122781|ped_2_4_NODE_122781,27.0,182.0,False,False,ped_link_not_green
155.0,NODE_14937,11139418723,2,0,GGr,r,False,False,0,,27.0,182.0,False,False,ped_link_not_green
155.0,NODE_5647,10974501473,4,0,GGGGr,r,False,False,0,,29.0,184.0,False,False,ped_link_not_green
155.0,NODE_6342,11203041633,9,0,GGGGGGGGGr,r,False,False,0,,27.0,182.0,False,False,ped_link_not_green
155.5,NODE_10060,11203052964,11,0,GGGGGGGGGGGr,r,False,False,1,ped_1_0_NODE_10060,26.5,182.0,False,False,ped_link_not_green
155.5,NODE_122781,11203041635,4,0,GGGGr,r,False,False,5,ped_2_0_NODE_122781|ped_2_1_NODE_122781|ped_2_2_NODE_122781|ped_2_3_NODE_122781|ped_2_4_NODE_122781,26.5,182.0,False,False,ped_link_not_green
155.5,NODE_14937,11139418723,2,0,GGr,r,False,False,0,,26.5,182.0,False,False,ped_link_not_green
155.5,NODE_5647,10974501473,4,0,GGGGr,r,False,False,0,,28.5,184.0,False,False,ped_link_not_green
155.5,NODE_6342,11203041633,9,0,GGGGGGGGGr,r,False,False,0,,26.5,182.0,False,False,ped_link_not_green
156.0,NODE_10060,11203052964,11,0,GGGGGGGGGGGr,r,False,False,1,ped_1_0_NODE_10060,26.0,182.0,False,False,ped_link_not_green
156.0,NODE_122781,11203041635,4,0,GGGGr,r,False,False,5,ped_2_0_NODE_122781|ped_2_1_NODE_122781|ped_2_2_NODE_122781|ped_2_3_NODE_122781|ped_2_4_NODE_122781,26.0,182.0,False,False,ped_link_not_green
156.0,NODE_14937,11139418723,2,0,GGr,r,False,False,0,,26.0,182.0,False,False,ped_link_not_green
156.0,NODE_5647,10974501473,4,0,GGGGr,r,False,False,0,,28.0,184.0,False,False,ped_link_not_green
156.0,NODE_6342,11203041633,9,0,GGGGGGGGGr,r,False,False,0,,26.0,182.0,False,False,ped_link_not_green
156.5,NODE_10060,11203052964,11,0,GGGGGGGGGGGr,r,False,False,1,ped_1_0_NODE_10060,25.5,182.0,False,False,ped_link_not_green
156.5,NODE_122781,11203041635,4,0,GGGGr,r,False,False,5,ped_2_0_NODE_122781|ped_2_1_NODE_122781|ped_2_2_NODE_122781|ped_2_3_NODE_122781|ped_2_4_NODE_122781,25.5,182.0,False,False,ped_link_not_green
156.5,NODE_14937,11139418723,2,0,GGr,r,False,False,0,,25.5,182.0,False,False,ped_link_not_green
156.5,NODE_5647,10974501473,4,0,GGGGr,r,False,False,0,,27.5,184.0,False,False,ped_link_not_green
156.5,NODE_6342,11203041633,9,0,GGGGGGGGGr,r,False,False,0,,25.5,182.0,False,False,ped_link_not_green
157.0,NODE_10060,11203052964,11,0,GGGGGGGGGGGr,r,False,False,1,ped_1_0_NODE_10060,25.0,182.0,False,False,ped_link_not_green
157.0,NODE_122781,11203041635,4,0,GGGGr,r,False,False,5,ped_2_0_NODE_122781|ped_2_1_NODE_122781|ped_2_2_NODE_122781|ped_2_3_NODE_122781|ped_2_4_NODE_122781,25.0,182.0,False,False,ped_link_not_green
157.0,NODE_14937,11139418723,2,0,GGr,r,False,False,0,,25.0,182.0,False,False,ped_link_not_green
157.0,NODE_5647,10974501473,4,0,GGGGr,r,False,False,0,,27.0,184.0,False,False,ped_link_not_green
157.0,NODE_6342,11203041633,9,0,GGGGGGGGGr,r,False,False,0,,25.0,182.0,False,False,ped_link_not_green
157.5,NODE_10060,11203052964,11,0,GGGGGGGGGGGr,r,False,False,1,ped_1_0_NODE_10060,24.5,182.0,False,False,ped_link_not_green
157.5,NODE_122781,11203041635,4,0,GGGGr,r,False,False,5,ped_2_0_NODE_122781|ped_2_1_NODE_122781|ped_2_2_NODE_122781|ped_2_3_NODE_122781|ped_2_4_NODE_122781,24.5,182.0,False,False,ped_link_not_green
157.5,NODE_14937,11139418723,2,0,GGr,r,False,False,0,,24.5,182.0,False,False,ped_link_not_green
157.5,NODE_5647,10974501473,4,0,GGGGr,r,False,False,0,,26.5,184.0,False,False,ped_link_not_green
157.5,NODE_6342,11203041633,9,0,GGGGGGGGGr,r,False,False,0,,24.5,182.0,False,False,ped_link_not_green
158.0,NODE_10060,11203052964,11,0,GGGGGGGGGGGr,r,False,False,1,ped_1_0_NODE_10060,24.0,182.0,False,False,ped_link_not_green
158.0,NODE_122781,11203041635,4,0,GGGGr,r,False,False,5,ped_2_0_NODE_122781|ped_2_1_NODE_122781|ped_2_2_NODE_122781|ped_2_3_NODE_122781|ped_2_4_NODE_122781,24.0,182.0,False,False,ped_link_not_green
158.0,NODE_14937,11139418723,2,0,GGr,r,False,False,0,,24.0,182.0,False,False,ped_link_not_green
158.0,NODE_5647,10974501473,4,0,GGGGr,r,False,False,0,,26.0,184.0,False,False,ped_link_not_green
158.0,NODE_6342,11203041633,9,0,GGGGGGGGGr,r,False,False,0,,24.0,182.0,False,False,ped_link_not_green
158.5,NODE_10060,11203052964,11,0,GGGGGGGGGGGr,r,False,False,1,ped_1_0_NODE_10060,23.5,182.0,False,False,ped_link_not_green
158.5,NODE_122781,11203041635,4,0,GGGGr,r,False,False,5,ped_2_0_NODE_122781|ped_2_1_NODE_122781|ped_2_2_NODE_122781|ped_2_3_NODE_122781|ped_2_4_NODE_122781,23.5,182.0,False,False,ped_link_not_green
158.5,NODE_14937,11139418723,2,0,GGr,r,False,False,0,,23.5,182.0,False,False,ped_link_not_green
158.5,NODE_5647,10974501473,4,0,GGGGr,r,False,False,0,,25.5,184.0,False,False,ped_link_not_green
158.5,NODE_6342,11203041633,9,0,GGGGGGGGGr,r,False,False,0,,23.5,182.0,False,False,ped_link_not_green
159.0,NODE_10060,11203052964,11,0,GGGGGGGGGGGr,r,False,False,1,ped_1_0_NODE_10060,23.0,182.0,False,False,ped_link_not_green
159.0,NODE_122781,11203041635,4,0,GGGGr,r,False,False,5,ped_2_0_NODE_122781|ped_2_1_NODE_122781|ped_2_2_NODE_122781|ped_2_3_NODE_122781|ped_2_4_NODE_122781,23.0,182.0,False,False,ped_link_not_green
159.0,NODE_14937,11139418723,2,0,GGr,r,False,False,0,,23.0,182.0,False,False,ped_link_not_green
159.0,NODE_5647,10974501473,4,0,GGGGr,r,False,False,0,,25.0,184.0,False,False,ped_link_not_green
159.0,NODE_6342,11203041633,9,0,GGGGGGGGGr,r,False,False,0,,23.0,182.0,False,False,ped_link_not_green
159.5,NODE_10060,11203052964,11,0,GGGGGGGGGGGr,r,False,False,1,ped_1_0_NODE_10060,22.5,182.0,False,False,ped_link_not_green
159.5,NODE_122781,11203041635,4,0,GGGGr,r,False,False,5,ped_2_0_NODE_122781|ped_2_1_NODE_122781|ped_2_2_NODE_122781|ped_2_3_NODE_122781|ped_2_4_NODE_122781,22.5,182.0,False,False,ped_link_not_green
159.5,NODE_14937,11139418723,2,0,GGr,r,False,False,0,,22.5,182.0,False,False,ped_link_not_green
159.5,NODE_5647,10974501473,4,0,GGGGr,r,False,False,0,,24.5,184.0,False,False,ped_link_not_green
159.5,NODE_6342,11203041633,9,0,GGGGGGGGGr,r,False,False,0,,22.5,182.0,False,False,ped_link_not_green
160.0,NODE_10060,11203052964,11,0,GGGGGGGGGGGr,r,False,False,1,ped_1_0_NODE_10060,22.0,182.0,False,False,ped_link_not_green
160.0,NODE_122781,11203041635,4,0,GGGGr,r,False,False,5,ped_2_0_NODE_122781|ped_2_1_NODE_122781|ped_2_2_NODE_122781|ped_2_3_NODE_122781|ped_2_4_NODE_122781,22.0,182.0,False,False,ped_link_not_green
160.0,NODE_14937,11139418723,2,0,GGr,r,False,False,0,,22.0,182.0,False,False,ped_link_not_green
160.0,NODE_5647,10974501473,4,0,GGGGr,r,False,False,0,,24.0,184.0,False,False,ped_link_not_green
160.0,NODE_6342,11203041633,9,0,GGGGGGGGGr,r,False,False,0,,22.0,182.0,False,False,ped_link_not_green
160.5,NODE_10060,11203052964,11,0,GGGGGGGGGGGr,r,False,False,1,ped_1_0_NODE_10060,21.5,182.0,False,False,ped_link_not_green
160.5,NODE_122781,11203041635,4,0,GGGGr,r,False,False,5,ped_2_0_NODE_122781|ped_2_1_NODE_122781|ped_2_2_NODE_122781|ped_2_3_NODE_122781|ped_2_4_NODE_122781,21.5,182.0,False,False,ped_link_not_green
160.5,NODE_14937,11139418723,2,0,GGr,r,False,False,0,,21.5,182.0,False,False,ped_link_not_green
160.5,NODE_5647,10974501473,4,0,GGGGr,r,False,False,0,,23.5,184.0,False,False,ped_link_not_green
160.5,NODE_6342,11203041633,9,0,GGGGGGGGGr,r,False,False,0,,21.5,182.0,False,False,ped_link_not_green
161.0,NODE_10060,11203052964,11,0,GGGGGGGGGGGr,r,False,False,1,ped_1_0_NODE_10060,21.0,182.0,False,False,ped_link_not_green
161.0,NODE_122781,11203041635,4,0,GGGGr,r,False,False,5,ped_2_0_NODE_122781|ped_2_1_NODE_122781|ped_2_2_NODE_122781|ped_2_3_NODE_122781|ped_2_4_NODE_122781,21.0,182.0,False,False,ped_link_not_green
161.0,NODE_14937,11139418723,2,0,GGr,r,False,False,0,,21.0,182.0,False,False,ped_link_not_green
161.0,NODE_5647,10974501473,4,0,GGGGr,r,False,False,0,,23.0,184.0,False,False,ped_link_not_green
161.0,NODE_6342,11203041633,9,0,GGGGGGGGGr,r,False,False,0,,21.0,182.0,False,False,ped_link_not_green
161.5,NODE_10060,11203052964,11,0,GGGGGGGGGGGr,r,False,False,1,ped_1_0_NODE_10060,20.5,182.0,False,False,ped_link_not_green
161.5,NODE_122781,11203041635,4,0,GGGGr,r,False,False,5,ped_2_0_NODE_122781|ped_2_1_NODE_122781|ped_2_2_NODE_122781|ped_2_3_NODE_122781|ped_2_4_NODE_122781,20.5,182.0,False,False,ped_link_not_green
161.5,NODE_14937,11139418723,2,0,GGr,r,False,False,0,,20.5,182.0,False,False,ped_link_not_green
161.5,NODE_5647,10974501473,4,0,GGGGr,r,False,False,0,,22.5,184.0,False,False,ped_link_not_green
161.5,NODE_6342,11203041633,9,0,GGGGGGGGGr,r,False,False,0,,20.5,182.0,False,False,ped_link_not_green
162.0,NODE_10060,11203052964,11,0,GGGGGGGGGGGr,r,False,False,1,ped_1_0_NODE_10060,20.0,182.0,False,False,ped_link_not_green
162.0,NODE_122781,11203041635,4,0,GGGGr,r,False,False,5,ped_2_0_NODE_122781|ped_2_1_NODE_122781|ped_2_2_NODE_122781|ped_2_3_NODE_122781|ped_2_4_NODE_122781,20.0,182.0,False,False,ped_link_not_green
162.0,NODE_14937,11139418723,2,0,GGr,r,False,False,0,,20.0,182.0,False,False,ped_link_not_green
162.0,NODE_5647,10974501473,4,0,GGGGr,r,False,False,0,,22.0,184.0,False,False,ped_link_not_green
162.0,NODE_6342,11203041633,9,0,GGGGGGGGGr,r,False,False,0,,20.0,182.0,False,False,ped_link_not_green
162.5,NODE_10060,11203052964,11,0,GGGGGGGGGGGr,r,False,False,1,ped_1_0_NODE_10060,19.5,182.0,False,False,ped_link_not_green
162.5,NODE_122781,11203041635,4,0,GGGGr,r,False,False,5,ped_2_0_NODE_122781|ped_2_1_NODE_122781|ped_2_2_NODE_122781|ped_2_3_NODE_122781|ped_2_4_NODE_122781,19.5,182.0,False,False,ped_link_not_green
162.5,NODE_14937,11139418723,2,0,GGr,r,False,False,0,,19.5,182.0,False,False,ped_link_not_green
162.5,NODE_5647,10974501473,4,0,GGGGr,r,False,False,0,,21.5,184.0,False,False,ped_link_not_green
162.5,NODE_6342,11203041633,9,0,GGGGGGGGGr,r,False,False,0,,19.5,182.0,False,False,ped_link_not_green
163.0,NODE_10060,11203052964,11,0,GGGGGGGGGGGr,r,False,False,1,ped_1_0_NODE_10060,19.0,182.0,False,False,ped_link_not_green
163.0,NODE_122781,11203041635,4,0,GGGGr,r,False,False,5,ped_2_0_NODE_122781|ped_2_1_NODE_122781|ped_2_2_NODE_122781|ped_2_3_NODE_122781|ped_2_4_NODE_122781,19.0,182.0,False,False,ped_link_not_green
163.0,NODE_14937,11139418723,2,0,GGr,r,False,False,0,,19.0,182.0,False,False,ped_link_not_green
163.0,NODE_5647,10974501473,4,0,GGGGr,r,False,False,0,,21.0,184.0,False,False,ped_link_not_green
163.0,NODE_6342,11203041633,9,0,GGGGGGGGGr,r,False,False,0,,19.0,182.0,False,False,ped_link_not_green
163.5,NODE_10060,11203052964,11,0,GGGGGGGGGGGr,r,False,False,1,ped_1_0_NODE_10060,18.5,182.0,False,False,ped_link_not_green
163.5,NODE_122781,11203041635,4,0,GGGGr,r,False,False,5,ped_2_0_NODE_122781|ped_2_1_NODE_122781|ped_2_2_NODE_122781|ped_2_3_NODE_122781|ped_2_4_NODE_122781,18.5,182.0,False,False,ped_link_not_green
163.5,NODE_14937,11139418723,2,0,GGr,r,False,False,0,,18.5,182.0,False,False,ped_link_not_green
163.5,NODE_5647,10974501473,4,0,GGGGr,r,False,False,0,,20.5,184.0,False,False,ped_link_not_green
163.5,NODE_6342,11203041633,9,0,GGGGGGGGGr,r,False,False,0,,18.5,182.0,False,False,ped_link_not_green
164.0,NODE_10060,11203052964,11,0,GGGGGGGGGGGr,r,False,False,1,ped_1_0_NODE_10060,18.0,182.0,False,False,ped_link_not_green
164.0,NODE_122781,11203041635,4,0,GGGGr,r,False,False,5,ped_2_0_NODE_122781|ped_2_1_NODE_122781|ped_2_2_NODE_122781|ped_2_3_NODE_122781|ped_2_4_NODE_122781,18.0,182.0,False,False,ped_link_not_green
164.0,NODE_14937,11139418723,2,0,GGr,r,False,False,0,,18.0,182.0,False,False,ped_link_not_green
164.0,NODE_5647,10974501473,4,0,GGGGr,r,False,False,0,,20.0,184.0,False,False,ped_link_not_green
164.0,NODE_6342,11203041633,9,0,GGGGGGGGGr,r,False,False,0,,18.0,182.0,False,False,ped_link_not_green
164.5,NODE_10060,11203052964,11,0,GGGGGGGGGGGr,r,False,False,1,ped_1_0_NODE_10060,17.5,182.0,False,False,ped_link_not_green
164.5,NODE_122781,11203041635,4,0,GGGGr,r,False,False,5,ped_2_0_NODE_122781|ped_2_1_NODE_122781|ped_2_2_NODE_122781|ped_2_3_NODE_122781|ped_2_4_NODE_122781,17.5,182.0,False,False,ped_link_not_green
164.5,NODE_14937,11139418723,2,0,GGr,r,False,False,0,,17.5,182.0,False,False,ped_link_not_green
164.5,NODE_5647,10974501473,4,0,GGGGr,r,False,False,0,,19.5,184.0,False,False,ped_link_not_green
164.5,NODE_6342,11203041633,9,0,GGGGGGGGGr,r,False,False,0,,17.5,182.0,False,False,ped_link_not_green
165.0,NODE_10060,11203052964,11,0,GGGGGGGGGGGr,r,False,False,1,ped_1_0_NODE_10060,17.0,182.0,False,False,ped_link_not_green
165.0,NODE_122781,11203041635,4,0,GGGGr,r,False,False,5,ped_2_0_NODE_122781|ped_2_1_NODE_122781|ped_2_2_NODE_122781|ped_2_3_NODE_122781|ped_2_4_NODE_122781,17.0,182.0,False,False,ped_link_not_green
165.0,NODE_14937,11139418723,2,0,GGr,r,False,False,0,,17.0,182.0,False,False,ped_link_not_green
165.0,NODE_5647,10974501473,4,0,GGGGr,r,False,False,0,,19.0,184.0,False,False,ped_link_not_green
165.0,NODE_6342,11203041633,9,0,GGGGGGGGGr,r,False,False,0,,17.0,182.0,False,False,ped_link_not_green
165.5,NODE_10060,11203052964,11,0,GGGGGGGGGGGr,r,False,False,1,ped_1_0_NODE_10060,16.5,182.0,False,False,ped_link_not_green
165.5,NODE_122781,11203041635,4,0,GGGGr,r,False,False,5,ped_2_0_NODE_122781|ped_2_1_NODE_122781|ped_2_2_NODE_122781|ped_2_3_NODE_122781|ped_2_4_NODE_122781,16.5,182.0,False,False,ped_link_not_green
165.5,NODE_14937,11139418723,2,0,GGr,r,False,False,0,,16.5,182.0,False,False,ped_link_not_green
165.5,NODE_5647,10974501473,4,0,GGGGr,r,False,False,0,,18.5,184.0,False,False,ped_link_not_green
165.5,NODE_6342,11203041633,9,0,GGGGGGGGGr,r,False,False,0,,16.5,182.0,False,False,ped_link_not_green
166.0,NODE_10060,11203052964,11,0,GGGGGGGGGGGr,r,False,False,1,ped_1_0_NODE_10060,16.0,182.0,False,False,ped_link_not_green
166.0,NODE_122781,11203041635,4,0,GGGGr,r,False,False,5,ped_2_0_NODE_122781|ped_2_1_NODE_122781|ped_2_2_NODE_122781|ped_2_3_NODE_122781|ped_2_4_NODE_122781,16.0,182.0,False,False,ped_link_not_green
166.0,NODE_14937,11139418723,2,0,GGr,r,False,False,0,,16.0,182.0,False,False,ped_link_not_green
166.0,NODE_5647,10974501473,4,0,GGGGr,r,False,False,0,,18.0,184.0,False,False,ped_link_not_green
166.0,NODE_6342,11203041633,9,0,GGGGGGGGGr,r,False,False,0,,16.0,182.0,False,False,ped_link_not_green
166.5,NODE_10060,11203052964,11,0,GGGGGGGGGGGr,r,False,False,1,ped_1_0_NODE_10060,15.5,182.0,False,False,ped_link_not_green
166.5,NODE_122781,11203041635,4,0,GGGGr,r,False,False,5,ped_2_0_NODE_122781|ped_2_1_NODE_122781|ped_2_2_NODE_122781|ped_2_3_NODE_122781|ped_2_4_NODE_122781,15.5,182.0,False,False,ped_link_not_green
166.5,NODE_14937,11139418723,2,0,GGr,r,False,False,0,,15.5,182.0,False,False,ped_link_not_green
166.5,NODE_5647,10974501473,4,0,GGGGr,r,False,False,0,,17.5,184.0,False,False,ped_link_not_green
166.5,NODE_6342,11203041633,9,0,GGGGGGGGGr,r,False,False,0,,15.5,182.0,False,False,ped_link_not_green
167.0,NODE_10060,11203052964,11,0,GGGGGGGGGGGr,r,False,False,1,ped_1_0_NODE_10060,15.0,182.0,False,False,ped_link_not_green
167.0,NODE_122781,11203041635,4,0,GGGGr,r,False,False,5,ped_2_0_NODE_122781|ped_2_1_NODE_122781|ped_2_2_NODE_122781|ped_2_3_NODE_122781|ped_2_4_NODE_122781,15.0,182.0,False,False,ped_link_not_green
167.0,NODE_14937,11139418723,2,0,GGr,r,False,False,0,,15.0,182.0,False,False,ped_link_not_green
167.0,NODE_5647,10974501473,4,0,GGGGr,r,False,False,0,,17.0,184.0,False,False,ped_link_not_green
167.0,NODE_6342,11203041633,9,0,GGGGGGGGGr,r,False,False,0,,15.0,182.0,False,False,ped_link_not_green
167.5,NODE_10060,11203052964,11,0,GGGGGGGGGGGr,r,False,False,1,ped_1_0_NODE_10060,14.5,182.0,False,False,ped_link_not_green
167.5,NODE_122781,11203041635,4,0,GGGGr,r,False,False,5,ped_2_0_NODE_122781|ped_2_1_NODE_122781|ped_2_2_NODE_122781|ped_2_3_NODE_122781|ped_2_4_NODE_122781,14.5,182.0,False,False,ped_link_not_green
167.5,NODE_14937,11139418723,2,0,GGr,r,False,False,0,,14.5,182.0,False,False,ped_link_not_green
167.5,NODE_5647,10974501473,4,0,GGGGr,r,False,False,0,,16.5,184.0,False,False,ped_link_not_green
167.5,NODE_6342,11203041633,9,0,GGGGGGGGGr,r,False,False,0,,14.5,182.0,False,False,ped_link_not_green
168.0,NODE_10060,11203052964,11,0,GGGGGGGGGGGr,r,False,False,1,ped_1_0_NODE_10060,14.0,182.0,False,False,ped_link_not_green
168.0,NODE_122781,11203041635,4,0,GGGGr,r,False,False,5,ped_2_0_NODE_122781|ped_2_1_NODE_122781|ped_2_2_NODE_122781|ped_2_3_NODE_122781|ped_2_4_NODE_122781,14.0,182.0,False,False,ped_link_not_green
168.0,NODE_14937,11139418723,2,0,GGr,r,False,False,0,,14.0,182.0,False,False,ped_link_not_green
168.0,NODE_5647,10974501473,4,0,GGGGr,r,False,False,0,,16.0,184.0,False,False,ped_link_not_green
168.0,NODE_6342,11203041633,9,0,GGGGGGGGGr,r,False,False,0,,14.0,182.0,False,False,ped_link_not_green
168.5,NODE_10060,11203052964,11,0,GGGGGGGGGGGr,r,False,False,1,ped_1_0_NODE_10060,13.5,182.0,False,False,ped_link_not_green
168.5,NODE_122781,11203041635,4,0,GGGGr,r,False,False,5,ped_2_0_NODE_122781|ped_2_1_NODE_122781|ped_2_2_NODE_122781|ped_2_3_NODE_122781|ped_2_4_NODE_122781,13.5,182.0,False,False,ped_link_not_green
168.5,NODE_14937,11139418723,2,0,GGr,r,False,False,0,,13.5,182.0,False,False,ped_link_not_green
168.5,NODE_5647,10974501473,4,0,GGGGr,r,False,False,0,,15.5,184.0,False,False,ped_link_not_green
168.5,NODE_6342,11203041633,9,0,GGGGGGGGGr,r,False,False,0,,13.5,182.0,False,False,ped_link_not_green
169.0,NODE_10060,11203052964,11,0,GGGGGGGGGGGr,r,False,False,1,ped_1_0_NODE_10060,13.0,182.0,False,False,ped_link_not_green
169.0,NODE_122781,11203041635,4,0,GGGGr,r,False,False,5,ped_2_0_NODE_122781|ped_2_1_NODE_122781|ped_2_2_NODE_122781|ped_2_3_NODE_122781|ped_2_4_NODE_122781,13.0,182.0,False,False,ped_link_not_green
169.0,NODE_14937,11139418723,2,0,GGr,r,False,False,0,,13.0,182.0,False,False,ped_link_not_green
169.0,NODE_5647,10974501473,4,0,GGGGr,r,False,False,0,,15.0,184.0,False,False,ped_link_not_green
169.0,NODE_6342,11203041633,9,0,GGGGGGGGGr,r,False,False,0,,13.0,182.0,False,False,ped_link_not_green
169.5,NODE_10060,11203052964,11,0,GGGGGGGGGGGr,r,False,False,1,ped_1_0_NODE_10060,12.5,182.0,False,False,ped_link_not_green
169.5,NODE_122781,11203041635,4,0,GGGGr,r,False,False,5,ped_2_0_NODE_122781|ped_2_1_NODE_122781|ped_2_2_NODE_122781|ped_2_3_NODE_122781|ped_2_4_NODE_122781,12.5,182.0,False,False,ped_link_not_green
169.5,NODE_14937,11139418723,2,0,GGr,r,False,False,0,,12.5,182.0,False,False,ped_link_not_green
169.5,NODE_5647,10974501473,4,0,GGGGr,r,False,False,0,,14.5,184.0,False,False,ped_link_not_green
169.5,NODE_6342,11203041633,9,0,GGGGGGGGGr,r,False,False,0,,12.5,182.0,False,False,ped_link_not_green
170.0,NODE_10060,11203052964,11,0,GGGGGGGGGGGr,r,False,False,1,ped_1_0_NODE_10060,12.0,182.0,False,False,ped_link_not_green
170.0,NODE_122781,11203041635,4,0,GGGGr,r,False,False,5,ped_2_0_NODE_122781|ped_2_1_NODE_122781|ped_2_2_NODE_122781|ped_2_3_NODE_122781|ped_2_4_NODE_122781,12.0,182.0,False,False,ped_link_not_green
170.0,NODE_14937,11139418723,2,0,GGr,r,False,False,0,,12.0,182.0,False,False,ped_link_not_green
170.0,NODE_5647,10974501473,4,0,GGGGr,r,False,False,0,,14.0,184.0,False,False,ped_link_not_green
170.0,NODE_6342,11203041633,9,0,GGGGGGGGGr,r,False,False,0,,12.0,182.0,False,False,ped_link_not_green
170.5,NODE_10060,11203052964,11,0,GGGGGGGGGGGr,r,False,False,1,ped_1_0_NODE_10060,11.5,182.0,False,False,ped_link_not_green
170.5,NODE_122781,11203041635,4,0,GGGGr,r,False,False,5,ped_2_0_NODE_122781|ped_2_1_NODE_122781|ped_2_2_NODE_122781|ped_2_3_NODE_122781|ped_2_4_NODE_122781,11.5,182.0,False,False,ped_link_not_green
170.5,NODE_14937,11139418723,2,0,GGr,r,False,False,0,,11.5,182.0,False,False,ped_link_not_green
170.5,NODE_5647,10974501473,4,0,GGGGr,r,False,False,0,,13.5,184.0,False,False,ped_link_not_green
170.5,NODE_6342,11203041633,9,0,GGGGGGGGGr,r,False,False,0,,11.5,182.0,False,False,ped_link_not_green
171.0,NODE_10060,11203052964,11,0,GGGGGGGGGGGr,r,False,False,1,ped_1_0_NODE_10060,11.0,182.0,False,False,ped_link_not_green
171.0,NODE_122781,11203041635,4,0,GGGGr,r,False,False,5,ped_2_0_NODE_122781|ped_2_1_NODE_122781|ped_2_2_NODE_122781|ped_2_3_NODE_122781|ped_2_4_NODE_122781,11.0,182.0,False,False,ped_link_not_green
171.0,NODE_14937,11139418723,2,0,GGr,r,False,False,0,,11.0,182.0,False,False,ped_link_not_green
171.0,NODE_5647,10974501473,4,0,GGGGr,r,False,False,0,,13.0,184.0,False,False,ped_link_not_green
171.0,NODE_6342,11203041633,9,0,GGGGGGGGGr,r,False,False,0,,11.0,182.0,False,False,ped_link_not_green
171.5,NODE_10060,11203052964,11,0,GGGGGGGGGGGr,r,False,False,1,ped_1_0_NODE_10060,10.5,182.0,False,False,ped_link_not_green
171.5,NODE_122781,11203041635,4,0,GGGGr,r,False,False,5,ped_2_0_NODE_122781|ped_2_1_NODE_122781|ped_2_2_NODE_122781|ped_2_3_NODE_122781|ped_2_4_NODE_122781,10.5,182.0,False,False,ped_link_not_green
171.5,NODE_14937,11139418723,2,0,GGr,r,False,False,0,,10.5,182.0,False,False,ped_link_not_green
171.5,NODE_5647,10974501473,4,0,GGGGr,r,False,False,0,,12.5,184.0,False,False,ped_link_not_green
171.5,NODE_6342,11203041633,9,0,GGGGGGGGGr,r,False,False,0,,10.5,182.0,False,False,ped_link_not_green
172.0,NODE_10060,11203052964,11,0,GGGGGGGGGGGr,r,False,False,1,ped_1_0_NODE_10060,10.0,182.0,False,False,ped_link_not_green
172.0,NODE_122781,11203041635,4,0,GGGGr,r,False,False,5,ped_2_0_NODE_122781|ped_2_1_NODE_122781|ped_2_2_NODE_122781|ped_2_3_NODE_122781|ped_2_4_NODE_122781,10.0,182.0,False,False,ped_link_not_green
172.0,NODE_14937,11139418723,2,0,GGr,r,False,False,0,,10.0,182.0,False,False,ped_link_not_green
172.0,NODE_5647,10974501473,4,0,GGGGr,r,False,False,0,,12.0,184.0,False,False,ped_link_not_green
172.0,NODE_6342,11203041633,9,0,GGGGGGGGGr,r,False,False,0,,10.0,182.0,False,False,ped_link_not_green
172.5,NODE_10060,11203052964,11,0,GGGGGGGGGGGr,r,False,False,1,ped_1_0_NODE_10060,9.5,182.0,False,False,ped_link_not_green
172.5,NODE_122781,11203041635,4,0,GGGGr,r,False,False,5,ped_2_0_NODE_122781|ped_2_1_NODE_122781|ped_2_2_NODE_122781|ped_2_3_NODE_122781|ped_2_4_NODE_122781,9.5,182.0,False,False,ped_link_not_green
172.5,NODE_14937,11139418723,2,0,GGr,r,False,False,0,,9.5,182.0,False,False,ped_link_not_green
172.5,NODE_5647,10974501473,4,0,GGGGr,r,False,False,0,,11.5,184.0,False,False,ped_link_not_green
172.5,NODE_6342,11203041633,9,0,GGGGGGGGGr,r,False,False,0,,9.5,182.0,False,False,ped_link_not_green
173.0,NODE_10060,11203052964,11,0,GGGGGGGGGGGr,r,False,False,1,ped_1_0_NODE_10060,9.0,182.0,False,False,ped_link_not_green
173.0,NODE_122781,11203041635,4,0,GGGGr,r,False,False,5,ped_2_0_NODE_122781|ped_2_1_NODE_122781|ped_2_2_NODE_122781|ped_2_3_NODE_122781|ped_2_4_NODE_122781,9.0,182.0,False,False,ped_link_not_green
173.0,NODE_14937,11139418723,2,0,GGr,r,False,False,0,,9.0,182.0,False,False,ped_link_not_green
173.0,NODE_5647,10974501473,4,0,GGGGr,r,False,False,0,,11.0,184.0,False,False,ped_link_not_green
173.0,NODE_6342,11203041633,9,0,GGGGGGGGGr,r,False,False,0,,9.0,182.0,False,False,ped_link_not_green
173.5,NODE_10060,11203052964,11,0,GGGGGGGGGGGr,r,False,False,1,ped_1_0_NODE_10060,8.5,182.0,False,False,ped_link_not_green
173.5,NODE_122781,11203041635,4,0,GGGGr,r,False,False,5,ped_2_0_NODE_122781|ped_2_1_NODE_122781|ped_2_2_NODE_122781|ped_2_3_NODE_122781|ped_2_4_NODE_122781,8.5,182.0,False,False,ped_link_not_green
173.5,NODE_14937,11139418723,2,0,GGr,r,False,False,0,,8.5,182.0,False,False,ped_link_not_green
173.5,NODE_5647,10974501473,4,0,GGGGr,r,False,False,0,,10.5,184.0,False,False,ped_link_not_green
173.5,NODE_6342,11203041633,9,0,GGGGGGGGGr,r,False,False,0,,8.5,182.0,False,False,ped_link_not_green
174.0,NODE_10060,11203052964,11,0,GGGGGGGGGGGr,r,False,False,1,ped_1_0_NODE_10060,8.0,182.0,False,False,ped_link_not_green
174.0,NODE_122781,11203041635,4,0,GGGGr,r,False,False,5,ped_2_0_NODE_122781|ped_2_1_NODE_122781|ped_2_2_NODE_122781|ped_2_3_NODE_122781|ped_2_4_NODE_122781,8.0,182.0,False,False,ped_link_not_green
174.0,NODE_14937,11139418723,2,0,GGr,r,False,False,0,,8.0,182.0,False,False,ped_link_not_green
174.0,NODE_5647,10974501473,4,0,GGGGr,r,False,False,0,,10.0,184.0,False,False,ped_link_not_green
174.0,NODE_6342,11203041633,9,0,GGGGGGGGGr,r,False,False,0,,8.0,182.0,False,False,ped_link_not_green
174.5,NODE_10060,11203052964,11,0,GGGGGGGGGGGr,r,False,False,1,ped_1_0_NODE_10060,7.5,182.0,False,False,ped_link_not_green
174.5,NODE_122781,11203041635,4,0,GGGGr,r,False,False,5,ped_2_0_NODE_122781|ped_2_1_NODE_122781|ped_2_2_NODE_122781|ped_2_3_NODE_122781|ped_2_4_NODE_122781,7.5,182.0,False,False,ped_link_not_green
174.5,NODE_14937,11139418723,2,0,GGr,r,False,False,0,,7.5,182.0,False,False,ped_link_not_green
174.5,NODE_5647,10974501473,4,0,GGGGr,r,False,False,0,,9.5,184.0,False,False,ped_link_not_green
174.5,NODE_6342,11203041633,9,0,GGGGGGGGGr,r,False,False,0,,7.5,182.0,False,False,ped_link_not_green
175.0,NODE_10060,11203052964,11,0,GGGGGGGGGGGr,r,False,False,1,ped_1_0_NODE_10060,7.0,182.0,False,False,ped_link_not_green
175.0,NODE_122781,11203041635,4,0,GGGGr,r,False,False,5,ped_2_0_NODE_122781|ped_2_1_NODE_122781|ped_2_2_NODE_122781|ped_2_3_NODE_122781|ped_2_4_NODE_122781,7.0,182.0,False,False,ped_link_not_green
175.0,NODE_14937,11139418723,2,0,GGr,r,False,False,0,,7.0,182.0,False,False,ped_link_not_green
175.0,NODE_5647,10974501473,4,0,GGGGr,r,False,False,0,,9.0,184.0,False,False,ped_link_not_green
175.0,NODE_6342,11203041633,9,0,GGGGGGGGGr,r,False,False,0,,7.0,182.0,False,False,ped_link_not_green
175.5,NODE_10060,11203052964,11,0,GGGGGGGGGGGr,r,False,False,1,ped_1_0_NODE_10060,6.5,182.0,False,False,ped_link_not_green
175.5,NODE_122781,11203041635,4,0,GGGGr,r,False,False,5,ped_2_0_NODE_122781|ped_2_1_NODE_122781|ped_2_2_NODE_122781|ped_2_3_NODE_122781|ped_2_4_NODE_122781,6.5,182.0,False,False,ped_link_not_green
175.5,NODE_14937,11139418723,2,0,GGr,r,False,False,0,,6.5,182.0,False,False,ped_link_not_green
175.5,NODE_5647,10974501473,4,0,GGGGr,r,False,False,0,,8.5,184.0,False,False,ped_link_not_green
175.5,NODE_6342,11203041633,9,0,GGGGGGGGGr,r,False,False,0,,6.5,182.0,False,False,ped_link_not_green
176.0,NODE_10060,11203052964,11,0,GGGGGGGGGGGr,r,False,False,1,ped_1_0_NODE_10060,6.0,182.0,False,False,ped_link_not_green
176.0,NODE_122781,11203041635,4,0,GGGGr,r,False,False,5,ped_2_0_NODE_122781|ped_2_1_NODE_122781|ped_2_2_NODE_122781|ped_2_3_NODE_122781|ped_2_4_NODE_122781,6.0,182.0,False,False,ped_link_not_green
176.0,NODE_14937,11139418723,2,0,GGr,r,False,False,0,,6.0,182.0,False,False,ped_link_not_green
176.0,NODE_5647,10974501473,4,0,GGGGr,r,False,False,0,,8.0,184.0,False,False,ped_link_not_green
176.0,NODE_6342,11203041633,9,0,GGGGGGGGGr,r,False,False,0,,6.0,182.0,False,False,ped_link_not_green
176.5,NODE_10060,11203052964,11,0,GGGGGGGGGGGr,r,False,False,1,ped_1_0_NODE_10060,5.5,182.0,False,False,ped_link_not_green
176.5,NODE_122781,11203041635,4,0,GGGGr,r,False,False,5,ped_2_0_NODE_122781|ped_2_1_NODE_122781|ped_2_2_NODE_122781|ped_2_3_NODE_122781|ped_2_4_NODE_122781,5.5,182.0,False,False,ped_link_not_green
176.5,NODE_14937,11139418723,2,0,GGr,r,False,False,0,,5.5,182.0,False,False,ped_link_not_green
176.5,NODE_5647,10974501473,4,0,GGGGr,r,False,False,0,,7.5,184.0,False,False,ped_link_not_green
176.5,NODE_6342,11203041633,9,0,GGGGGGGGGr,r,False,False,0,,5.5,182.0,False,False,ped_link_not_green
177.0,NODE_10060,11203052964,11,0,GGGGGGGGGGGr,r,False,False,1,ped_1_0_NODE_10060,5.0,182.0,False,False,ped_link_not_green
177.0,NODE_122781,11203041635,4,0,GGGGr,r,False,False,5,ped_2_0_NODE_122781|ped_2_1_NODE_122781|ped_2_2_NODE_122781|ped_2_3_NODE_122781|ped_2_4_NODE_122781,5.0,182.0,False,False,ped_link_not_green
177.0,NODE_14937,11139418723,2,0,GGr,r,False,False,0,,5.0,182.0,False,False,ped_link_not_green
177.0,NODE_5647,10974501473,4,0,GGGGr,r,False,False,0,,7.0,184.0,False,False,ped_link_not_green
177.0,NODE_6342,11203041633,9,0,GGGGGGGGGr,r,False,False,0,,5.0,182.0,False,False,ped_link_not_green
177.5,NODE_10060,11203052964,11,0,GGGGGGGGGGGr,r,False,False,1,ped_1_0_NODE_10060,4.5,182.0,False,False,ped_link_not_green
177.5,NODE_122781,11203041635,4,0,GGGGr,r,False,False,5,ped_2_0_NODE_122781|ped_2_1_NODE_122781|ped_2_2_NODE_122781|ped_2_3_NODE_122781|ped_2_4_NODE_122781,4.5,182.0,False,False,ped_link_not_green
177.5,NODE_14937,11139418723,2,0,GGr,r,False,False,0,,4.5,182.0,False,False,ped_link_not_green
177.5,NODE_5647,10974501473,4,0,GGGGr,r,False,False,0,,6.5,184.0,False,False,ped_link_not_green
177.5,NODE_6342,11203041633,9,0,GGGGGGGGGr,r,False,False,0,,4.5,182.0,False,False,ped_link_not_green
178.0,NODE_10060,11203052964,11,0,GGGGGGGGGGGr,r,False,False,1,ped_1_0_NODE_10060,4.0,182.0,False,False,ped_link_not_green
178.0,NODE_122781,11203041635,4,0,GGGGr,r,False,False,5,ped_2_0_NODE_122781|ped_2_1_NODE_122781|ped_2_2_NODE_122781|ped_2_3_NODE_122781|ped_2_4_NODE_122781,4.0,182.0,False,False,ped_link_not_green
178.0,NODE_14937,11139418723,2,0,GGr,r,False,False,0,,4.0,182.0,False,False,ped_link_not_green
178.0,NODE_5647,10974501473,4,0,GGGGr,r,False,False,0,,6.0,184.0,False,False,ped_link_not_green
178.0,NODE_6342,11203041633,9,0,GGGGGGGGGr,r,False,False,0,,4.0,182.0,False,False,ped_link_not_green
178.5,NODE_10060,11203052964,11,0,GGGGGGGGGGGr,r,False,False,1,ped_1_0_NODE_10060,3.5,182.0,False,False,ped_link_not_green
178.5,NODE_122781,11203041635,4,0,GGGGr,r,False,False,5,ped_2_0_NODE_122781|ped_2_1_NODE_122781|ped_2_2_NODE_122781|ped_2_3_NODE_122781|ped_2_4_NODE_122781,3.5,182.0,False,False,ped_link_not_green
178.5,NODE_14937,11139418723,2,0,GGr,r,False,False,0,,3.5,182.0,False,False,ped_link_not_green
178.5,NODE_5647,10974501473,4,0,GGGGr,r,False,False,0,,5.5,184.0,False,False,ped_link_not_green
178.5,NODE_6342,11203041633,9,0,GGGGGGGGGr,r,False,False,0,,3.5,182.0,False,False,ped_link_not_green
179.0,NODE_10060,11203052964,11,0,GGGGGGGGGGGr,r,False,False,1,ped_1_0_NODE_10060,3.0,182.0,False,False,ped_link_not_green
179.0,NODE_122781,11203041635,4,0,GGGGr,r,False,False,5,ped_2_0_NODE_122781|ped_2_1_NODE_122781|ped_2_2_NODE_122781|ped_2_3_NODE_122781|ped_2_4_NODE_122781,3.0,182.0,False,False,ped_link_not_green
179.0,NODE_14937,11139418723,2,0,GGr,r,False,False,0,,3.0,182.0,False,False,ped_link_not_green
179.0,NODE_5647,10974501473,4,0,GGGGr,r,False,False,0,,5.0,184.0,False,False,ped_link_not_green
179.0,NODE_6342,11203041633,9,0,GGGGGGGGGr,r,False,False,0,,3.0,182.0,False,False,ped_link_not_green
179.5,NODE_10060,11203052964,11,0,GGGGGGGGGGGr,r,False,False,1,ped_1_0_NODE_10060,2.5,182.0,False,False,ped_link_not_green
179.5,NODE_122781,11203041635,4,0,GGGGr,r,False,False,5,ped_2_0_NODE_122781|ped_2_1_NODE_122781|ped_2_2_NODE_122781|ped_2_3_NODE_122781|ped_2_4_NODE_122781,2.5,182.0,False,False,ped_link_not_green
179.5,NODE_14937,11139418723,2,0,GGr,r,False,False,0,,2.5,182.0,False,False,ped_link_not_green
179.5,NODE_5647,10974501473,4,0,GGGGr,r,False,False,0,,4.5,184.0,False,False,ped_link_not_green
179.5,NODE_6342,11203041633,9,0,GGGGGGGGGr,r,False,False,0,,2.5,182.0,False,False,ped_link_not_green
180.0,NODE_10060,11203052964,11,0,GGGGGGGGGGGr,r,False,False,1,ped_1_0_NODE_10060,2.0,182.0,False,False,ped_link_not_green
180.0,NODE_122781,11203041635,4,0,GGGGr,r,False,False,5,ped_2_0_NODE_122781|ped_2_1_NODE_122781|ped_2_2_NODE_122781|ped_2_3_NODE_122781|ped_2_4_NODE_122781,2.0,182.0,False,False,ped_link_not_green
180.0,NODE_14937,11139418723,2,0,GGr,r,False,False,0,,2.0,182.0,False,False,ped_link_not_green
180.0,NODE_5647,10974501473,4,0,GGGGr,r,False,False,0,,4.0,184.0,False,False,ped_link_not_green
180.0,NODE_6342,11203041633,9,0,GGGGGGGGGr,r,False,False,0,,2.0,182.0,False,False,ped_link_not_green
180.5,NODE_10060,11203052964,11,0,GGGGGGGGGGGr,r,False,False,1,ped_1_0_NODE_10060,1.5,182.0,False,False,ped_link_not_green
180.5,NODE_122781,11203041635,4,0,GGGGr,r,False,False,5,ped_2_0_NODE_122781|ped_2_1_NODE_122781|ped_2_2_NODE_122781|ped_2_3_NODE_122781|ped_2_4_NODE_122781,1.5,182.0,False,False,ped_link_not_green
180.5,NODE_14937,11139418723,2,0,GGr,r,False,False,0,,1.5,182.0,False,False,ped_link_not_green
180.5,NODE_5647,10974501473,4,0,GGGGr,r,False,False,0,,3.5,184.0,False,False,ped_link_not_green
180.5,NODE_6342,11203041633,9,0,GGGGGGGGGr,r,False,False,0,,1.5,182.0,False,False,ped_link_not_green
181.0,NODE_10060,11203052964,11,0,GGGGGGGGGGGr,r,False,False,1,ped_1_0_NODE_10060,1.0,182.0,False,False,ped_link_not_green
181.0,NODE_122781,11203041635,4,0,GGGGr,r,False,False,5,ped_2_0_NODE_122781|ped_2_1_NODE_122781|ped_2_2_NODE_122781|ped_2_3_NODE_122781|ped_2_4_NODE_122781,1.0,182.0,False,False,ped_link_not_green
181.0,NODE_14937,11139418723,2,0,GGr,r,False,False,0,,1.0,182.0,False,False,ped_link_not_green
181.0,NODE_5647,10974501473,4,0,GGGGr,r,False,False,0,,3.0,184.0,False,False,ped_link_not_green
181.0,NODE_6342,11203041633,9,0,GGGGGGGGGr,r,False,False,0,,1.0,182.0,False,False,ped_link_not_green
181.5,NODE_10060,11203052964,11,0,GGGGGGGGGGGr,r,False,False,1,ped_1_0_NODE_10060,0.5,182.0,False,False,ped_link_not_green
181.5,NODE_122781,11203041635,4,0,GGGGr,r,False,False,5,ped_2_0_NODE_122781|ped_2_1_NODE_122781|ped_2_2_NODE_122781|ped_2_3_NODE_122781|ped_2_4_NODE_122781,0.5,182.0,False,False,ped_link_not_green
181.5,NODE_14937,11139418723,2,0,GGr,r,False,False,0,,0.5,182.0,False,False,ped_link_not_green
181.5,NODE_5647,10974501473,4,0,GGGGr,r,False,False,0,,2.5,184.0,False,False,ped_link_not_green
181.5,NODE_6342,11203041633,9,0,GGGGGGGGGr,r,False,False,0,,0.5,182.0,False,False,ped_link_not_green
182.0,NODE_10060,11203052964,11,0,GGGGGGGGGGGr,r,False,False,1,ped_1_0_NODE_10060,0.0,182.0,False,False,ped_link_not_green
182.0,NODE_122781,11203041635,4,0,GGGGr,r,False,False,5,ped_2_0_NODE_122781|ped_2_1_NODE_122781|ped_2_2_NODE_122781|ped_2_3_NODE_122781|ped_2_4_NODE_122781,0.0,182.0,False,False,ped_link_not_green
182.0,NODE_14937,11139418723,2,0,GGr,r,False,False,0,,0.0,182.0,False,False,ped_link_not_green
182.0,NODE_5647,10974501473,4,0,GGGGr,r,False,False,0,,2.0,184.0,False,False,ped_link_not_green
182.0,NODE_6342,11203041633,9,0,GGGGGGGGGr,r,False,False,0,,0.0,182.0,False,False,ped_link_not_green
182.5,NODE_10060,11203052964,11,1,yyyyyyyyyyyr,r,False,False,1,ped_1_0_NODE_10060,5.5,188.0,False,False,ped_link_not_green
182.5,NODE_122781,11203041635,4,1,yyyyr,r,False,False,5,ped_2_0_NODE_122781|ped_2_1_NODE_122781|ped_2_2_NODE_122781|ped_2_3_NODE_122781|ped_2_4_NODE_122781,5.5,188.0,False,False,ped_link_not_green
182.5,NODE_14937,11139418723,2,1,yyr,r,False,False,0,,5.5,188.0,False,False,ped_link_not_green
182.5,NODE_5647,10974501473,4,0,GGGGr,r,False,False,0,,1.5,184.0,False,False,ped_link_not_green
182.5,NODE_6342,11203041633,9,1,yyyyyyyyyr,r,False,False,0,,5.5,188.0,False,False,ped_link_not_green
183.0,NODE_10060,11203052964,11,1,yyyyyyyyyyyr,r,False,False,1,ped_1_0_NODE_10060,5.0,188.0,False,False,ped_link_not_green
183.0,NODE_122781,11203041635,4,1,yyyyr,r,False,False,5,ped_2_0_NODE_122781|ped_2_1_NODE_122781|ped_2_2_NODE_122781|ped_2_3_NODE_122781|ped_2_4_NODE_122781,5.0,188.0,False,False,ped_link_not_green
183.0,NODE_14937,11139418723,2,1,yyr,r,False,False,0,,5.0,188.0,False,False,ped_link_not_green
183.0,NODE_5647,10974501473,4,0,GGGGr,r,False,False,0,,1.0,184.0,False,False,ped_link_not_green
183.0,NODE_6342,11203041633,9,1,yyyyyyyyyr,r,False,False,0,,5.0,188.0,False,False,ped_link_not_green
183.5,NODE_10060,11203052964,11,1,yyyyyyyyyyyr,r,False,False,1,ped_1_0_NODE_10060,4.5,188.0,False,False,ped_link_not_green
183.5,NODE_122781,11203041635,4,1,yyyyr,r,False,False,5,ped_2_0_NODE_122781|ped_2_1_NODE_122781|ped_2_2_NODE_122781|ped_2_3_NODE_122781|ped_2_4_NODE_122781,4.5,188.0,False,False,ped_link_not_green
183.5,NODE_14937,11139418723,2,1,yyr,r,False,False,0,,4.5,188.0,False,False,ped_link_not_green
183.5,NODE_5647,10974501473,4,0,GGGGr,r,False,False,0,,0.5,184.0,False,False,ped_link_not_green
183.5,NODE_6342,11203041633,9,1,yyyyyyyyyr,r,False,False,0,,4.5,188.0,False,False,ped_link_not_green
184.0,NODE_10060,11203052964,11,1,yyyyyyyyyyyr,r,False,False,1,ped_1_0_NODE_10060,4.0,188.0,False,False,ped_link_not_green
184.0,NODE_122781,11203041635,4,1,yyyyr,r,False,False,5,ped_2_0_NODE_122781|ped_2_1_NODE_122781|ped_2_2_NODE_122781|ped_2_3_NODE_122781|ped_2_4_NODE_122781,4.0,188.0,False,False,ped_link_not_green
184.0,NODE_14937,11139418723,2,1,yyr,r,False,False,0,,4.0,188.0,False,False,ped_link_not_green
184.0,NODE_5647,10974501473,4,0,GGGGr,r,False,False,0,,0.0,184.0,False,False,ped_link_not_green
184.0,NODE_6342,11203041633,9,1,yyyyyyyyyr,r,False,False,0,,4.0,188.0,False,False,ped_link_not_green
184.5,NODE_10060,11203052964,11,1,yyyyyyyyyyyr,r,False,False,1,ped_1_0_NODE_10060,3.5,188.0,False,False,ped_link_not_green
184.5,NODE_122781,11203041635,4,1,yyyyr,r,False,False,5,ped_2_0_NODE_122781|ped_2_1_NODE_122781|ped_2_2_NODE_122781|ped_2_3_NODE_122781|ped_2_4_NODE_122781,3.5,188.0,False,False,ped_link_not_green
184.5,NODE_14937,11139418723,2,1,yyr,r,False,False,0,,3.5,188.0,False,False,ped_link_not_green
184.5,NODE_5647,10974501473,4,1,yyyyr,r,False,False,0,,3.5,188.0,False,False,ped_link_not_green
184.5,NODE_6342,11203041633,9,1,yyyyyyyyyr,r,False,False,0,,3.5,188.0,False,False,ped_link_not_green
185.0,NODE_10060,11203052964,11,1,yyyyyyyyyyyr,r,False,False,1,ped_1_0_NODE_10060,3.0,188.0,False,False,ped_link_not_green
185.0,NODE_122781,11203041635,4,1,yyyyr,r,False,False,5,ped_2_0_NODE_122781|ped_2_1_NODE_122781|ped_2_2_NODE_122781|ped_2_3_NODE_122781|ped_2_4_NODE_122781,3.0,188.0,False,False,ped_link_not_green
185.0,NODE_14937,11139418723,2,1,yyr,r,False,False,0,,3.0,188.0,False,False,ped_link_not_green
185.0,NODE_5647,10974501473,4,1,yyyyr,r,False,False,0,,3.0,188.0,False,False,ped_link_not_green
185.0,NODE_6342,11203041633,9,1,yyyyyyyyyr,r,False,False,0,,3.0,188.0,False,False,ped_link_not_green
185.5,NODE_10060,11203052964,11,1,yyyyyyyyyyyr,r,False,False,1,ped_1_0_NODE_10060,2.5,188.0,False,False,ped_link_not_green
185.5,NODE_122781,11203041635,4,1,yyyyr,r,False,False,5,ped_2_0_NODE_122781|ped_2_1_NODE_122781|ped_2_2_NODE_122781|ped_2_3_NODE_122781|ped_2_4_NODE_122781,2.5,188.0,False,False,ped_link_not_green
185.5,NODE_14937,11139418723,2,1,yyr,r,False,False,0,,2.5,188.0,False,False,ped_link_not_green
185.5,NODE_5647,10974501473,4,1,yyyyr,r,False,False,0,,2.5,188.0,False,False,ped_link_not_green
185.5,NODE_6342,11203041633,9,1,yyyyyyyyyr,r,False,False,0,,2.5,188.0,False,False,ped_link_not_green
186.0,NODE_10060,11203052964,11,1,yyyyyyyyyyyr,r,False,False,1,ped_1_0_NODE_10060,2.0,188.0,False,False,ped_link_not_green
186.0,NODE_122781,11203041635,4,1,yyyyr,r,False,False,5,ped_2_0_NODE_122781|ped_2_1_NODE_122781|ped_2_2_NODE_122781|ped_2_3_NODE_122781|ped_2_4_NODE_122781,2.0,188.0,False,False,ped_link_not_green
186.0,NODE_14937,11139418723,2,1,yyr,r,False,False,0,,2.0,188.0,False,False,ped_link_not_green
186.0,NODE_5647,10974501473,4,1,yyyyr,r,False,False,0,,2.0,188.0,False,False,ped_link_not_green
186.0,NODE_6342,11203041633,9,1,yyyyyyyyyr,r,False,False,0,,2.0,188.0,False,False,ped_link_not_green
186.5,NODE_10060,11203052964,11,1,yyyyyyyyyyyr,r,False,False,1,ped_1_0_NODE_10060,1.5,188.0,False,False,ped_link_not_green
186.5,NODE_122781,11203041635,4,1,yyyyr,r,False,False,5,ped_2_0_NODE_122781|ped_2_1_NODE_122781|ped_2_2_NODE_122781|ped_2_3_NODE_122781|ped_2_4_NODE_122781,1.5,188.0,False,False,ped_link_not_green
186.5,NODE_14937,11139418723,2,1,yyr,r,False,False,0,,1.5,188.0,False,False,ped_link_not_green
186.5,NODE_5647,10974501473,4,1,yyyyr,r,False,False,0,,1.5,188.0,False,False,ped_link_not_green
186.5,NODE_6342,11203041633,9,1,yyyyyyyyyr,r,False,False,0,,1.5,188.0,False,False,ped_link_not_green
187.0,NODE_10060,11203052964,11,1,yyyyyyyyyyyr,r,False,False,1,ped_1_0_NODE_10060,1.0,188.0,False,False,ped_link_not_green
187.0,NODE_122781,11203041635,4,1,yyyyr,r,False,False,5,ped_2_0_NODE_122781|ped_2_1_NODE_122781|ped_2_2_NODE_122781|ped_2_3_NODE_122781|ped_2_4_NODE_122781,1.0,188.0,False,False,ped_link_not_green
187.0,NODE_14937,11139418723,2,1,yyr,r,False,False,0,,1.0,188.0,False,False,ped_link_not_green
187.0,NODE_5647,10974501473,4,1,yyyyr,r,False,False,0,,1.0,188.0,False,False,ped_link_not_green
187.0,NODE_6342,11203041633,9,1,yyyyyyyyyr,r,False,False,0,,1.0,188.0,False,False,ped_link_not_green
187.5,NODE_10060,11203052964,11,1,yyyyyyyyyyyr,r,False,False,1,ped_1_0_NODE_10060,0.5,188.0,False,False,ped_link_not_green
187.5,NODE_122781,11203041635,4,1,yyyyr,r,False,False,5,ped_2_0_NODE_122781|ped_2_1_NODE_122781|ped_2_2_NODE_122781|ped_2_3_NODE_122781|ped_2_4_NODE_122781,0.5,188.0,False,False,ped_link_not_green
187.5,NODE_14937,11139418723,2,1,yyr,r,False,False,0,,0.5,188.0,False,False,ped_link_not_green
187.5,NODE_5647,10974501473,4,1,yyyyr,r,False,False,0,,0.5,188.0,False,False,ped_link_not_green
187.5,NODE_6342,11203041633,9,1,yyyyyyyyyr,r,False,False,0,,0.5,188.0,False,False,ped_link_not_green
188.0,NODE_10060,11203052964,11,1,yyyyyyyyyyyr,r,False,False,1,ped_1_0_NODE_10060,0.0,188.0,False,False,ped_link_not_green
188.0,NODE_122781,11203041635,4,1,yyyyr,r,False,False,5,ped_2_0_NODE_122781|ped_2_1_NODE_122781|ped_2_2_NODE_122781|ped_2_3_NODE_122781|ped_2_4_NODE_122781,0.0,188.0,False,False,ped_link_not_green
188.0,NODE_14937,11139418723,2,1,yyr,r,False,False,0,,0.0,188.0,False,False,ped_link_not_green
188.0,NODE_5647,10974501473,4,1,yyyyr,r,False,False,0,,0.0,188.0,False,False,ped_link_not_green
188.0,NODE_6342,11203041633,9,1,yyyyyyyyyr,r,False,False,0,,0.0,188.0,False,False,ped_link_not_green
188.5,NODE_10060,11203052964,11,2,rrrrrrrrrrrG,G,True,True,1,ped_1_0_NODE_10060,12.5,201.0,False,False,outside_extension_window
188.5,NODE_122781,11203041635,4,2,rrrrG,G,True,True,5,ped_2_0_NODE_122781|ped_2_1_NODE_122781|ped_2_2_NODE_122781|ped_2_3_NODE_122781|ped_2_4_NODE_122781,12.5,201.0,False,False,outside_extension_window
188.5,NODE_14937,11139418723,2,2,rrG,G,True,True,0,,12.5,201.0,False,False,outside_extension_window
188.5,NODE_5647,10974501473,4,2,rrrrG,G,True,True,0,,12.5,201.0,False,False,outside_extension_window
188.5,NODE_6342,11203041633,9,2,rrrrrrrrrG,G,True,True,0,,12.5,201.0,False,False,outside_extension_window
189.0,NODE_10060,11203052964,11,2,rrrrrrrrrrrG,G,True,True,1,ped_1_0_NODE_10060,12.0,201.0,False,False,already_extended_this_phase
189.0,NODE_122781,11203041635,4,2,rrrrG,G,True,True,5,ped_2_0_NODE_122781|ped_2_1_NODE_122781|ped_2_2_NODE_122781|ped_2_3_NODE_122781|ped_2_4_NODE_122781,12.0,201.0,False,False,already_extended_this_phase
189.0,NODE_14937,11139418723,2,2,rrG,G,True,True,0,,12.0,201.0,False,False,no_ped_near
189.0,NODE_5647,10974501473,4,2,rrrrG,G,True,True,0,,12.0,201.0,False,False,no_ped_near
189.0,NODE_6342,11203041633,9,2,rrrrrrrrrG,G,True,True,0,,12.0,201.0,False,False,no_ped_near
189.5,NODE_10060,11203052964,11,2,rrrrrrrrrrrG,G,True,True,1,ped_1_0_NODE_10060,11.5,201.0,False,False,already_extended_this_phase
189.5,NODE_122781,11203041635,4,2,rrrrG,G,True,True,5,ped_2_0_NODE_122781|ped_2_1_NODE_122781|ped_2_2_NODE_122781|ped_2_3_NODE_122781|ped_2_4_NODE_122781,11.5,201.0,False,False,already_extended_this_phase
189.5,NODE_14937,11139418723,2,2,rrG,G,True,True,0,,11.5,201.0,False,False,no_ped_near
189.5,NODE_5647,10974501473,4,2,rrrrG,G,True,True,0,,11.5,201.0,False,False,no_ped_near
189.5,NODE_6342,11203041633,9,2,rrrrrrrrrG,G,True,True,0,,11.5,201.0,False,False,no_ped_near
190.0,NODE_10060,11203052964,11,2,rrrrrrrrrrrG,G,True,True,1,ped_1_0_NODE_10060,11.0,201.0,False,False,already_extended_this_phase
190.0,NODE_122781,11203041635,4,2,rrrrG,G,True,True,5,ped_2_0_NODE_122781|ped_2_1_NODE_122781|ped_2_2_NODE_122781|ped_2_3_NODE_122781|ped_2_4_NODE_122781,11.0,201.0,False,False,already_extended_this_phase
190.0,NODE_14937,11139418723,2,2,rrG,G,True,True,0,,11.0,201.0,False,False,no_ped_near
190.0,NODE_5647,10974501473,4,2,rrrrG,G,True,True,0,,11.0,201.0,False,False,no_ped_near
190.0,NODE_6342,11203041633,9,2,rrrrrrrrrG,G,True,True,0,,11.0,201.0,False,False,no_ped_near
190.5,NODE_10060,11203052964,11,2,rrrrrrrrrrrG,G,True,True,1,ped_1_0_NODE_10060,10.5,201.0,False,False,already_extended_this_phase
190.5,NODE_122781,11203041635,4,2,rrrrG,G,True,True,5,ped_2_0_NODE_122781|ped_2_1_NODE_122781|ped_2_2_NODE_122781|ped_2_3_NODE_122781|ped_2_4_NODE_122781,10.5,201.0,False,False,already_extended_this_phase
190.5,NODE_14937,11139418723,2,2,rrG,G,True,True,0,,10.5,201.0,False,False,no_ped_near
190.5,NODE_5647,10974501473,4,2,rrrrG,G,True,True,0,,10.5,201.0,False,False,no_ped_near
190.5,NODE_6342,11203041633,9,2,rrrrrrrrrG,G,True,True,0,,10.5,201.0,False,False,no_ped_near
191.0,NODE_10060,11203052964,11,2,rrrrrrrrrrrG,G,True,True,1,ped_1_0_NODE_10060,10.0,201.0,False,False,already_extended_this_phase
191.0,NODE_122781,11203041635,4,2,rrrrG,G,True,True,5,ped_2_0_NODE_122781|ped_2_1_NODE_122781|ped_2_2_NODE_122781|ped_2_3_NODE_122781|ped_2_4_NODE_122781,10.0,201.0,False,False,already_extended_this_phase
191.0,NODE_14937,11139418723,2,2,rrG,G,True,True,0,,10.0,201.0,False,False,no_ped_near
191.0,NODE_5647,10974501473,4,2,rrrrG,G,True,True,0,,10.0,201.0,False,False,no_ped_near
191.0,NODE_6342,11203041633,9,2,rrrrrrrrrG,G,True,True,0,,10.0,201.0,False,False,no_ped_near
191.5,NODE_10060,11203052964,11,2,rrrrrrrrrrrG,G,True,True,1,ped_1_0_NODE_10060,9.5,201.0,False,False,already_extended_this_phase
191.5,NODE_122781,11203041635,4,2,rrrrG,G,True,True,5,ped_2_0_NODE_122781|ped_2_1_NODE_122781|ped_2_2_NODE_122781|ped_2_3_NODE_122781|ped_2_4_NODE_122781,9.5,201.0,False,False,already_extended_this_phase
191.5,NODE_14937,11139418723,2,2,rrG,G,True,True,0,,9.5,201.0,False,False,no_ped_near
191.5,NODE_5647,10974501473,4,2,rrrrG,G,True,True,0,,9.5,201.0,False,False,no_ped_near
191.5,NODE_6342,11203041633,9,2,rrrrrrrrrG,G,True,True,0,,9.5,201.0,False,False,no_ped_near
192.0,NODE_10060,11203052964,11,2,rrrrrrrrrrrG,G,True,True,1,ped_1_0_NODE_10060,9.0,201.0,False,False,already_extended_this_phase
192.0,NODE_122781,11203041635,4,2,rrrrG,G,True,True,5,ped_2_0_NODE_122781|ped_2_1_NODE_122781|ped_2_2_NODE_122781|ped_2_3_NODE_122781|ped_2_4_NODE_122781,9.0,201.0,False,False,already_extended_this_phase
192.0,NODE_14937,11139418723,2,2,rrG,G,True,True,0,,9.0,201.0,False,False,no_ped_near
192.0,NODE_5647,10974501473,4,2,rrrrG,G,True,True,0,,9.0,201.0,False,False,no_ped_near
192.0,NODE_6342,11203041633,9,2,rrrrrrrrrG,G,True,True,0,,9.0,201.0,False,False,no_ped_near
192.5,NODE_10060,11203052964,11,2,rrrrrrrrrrrG,G,True,True,1,ped_1_0_NODE_10060,8.5,201.0,False,False,already_extended_this_phase
192.5,NODE_122781,11203041635,4,2,rrrrG,G,True,True,5,ped_2_0_NODE_122781|ped_2_1_NODE_122781|ped_2_2_NODE_122781|ped_2_3_NODE_122781|ped_2_4_NODE_122781,8.5,201.0,False,False,already_extended_this_phase
192.5,NODE_14937,11139418723,2,2,rrG,G,True,True,0,,8.5,201.0,False,False,no_ped_near
192.5,NODE_5647,10974501473,4,2,rrrrG,G,True,True,0,,8.5,201.0,False,False,no_ped_near
192.5,NODE_6342,11203041633,9,2,rrrrrrrrrG,G,True,True,0,,8.5,201.0,False,False,no_ped_near
193.0,NODE_10060,11203052964,11,2,rrrrrrrrrrrG,G,True,True,1,ped_1_0_NODE_10060,8.0,201.0,False,False,already_extended_this_phase
193.0,NODE_122781,11203041635,4,2,rrrrG,G,True,True,5,ped_2_0_NODE_122781|ped_2_1_NODE_122781|ped_2_2_NODE_122781|ped_2_3_NODE_122781|ped_2_4_NODE_122781,8.0,201.0,False,False,already_extended_this_phase
193.0,NODE_14937,11139418723,2,2,rrG,G,True,True,0,,8.0,201.0,False,False,no_ped_near
193.0,NODE_5647,10974501473,4,2,rrrrG,G,True,True,0,,8.0,201.0,False,False,no_ped_near
193.0,NODE_6342,11203041633,9,2,rrrrrrrrrG,G,True,True,0,,8.0,201.0,False,False,no_ped_near
193.5,NODE_10060,11203052964,11,2,rrrrrrrrrrrG,G,True,True,1,ped_1_0_NODE_10060,7.5,201.0,False,False,already_extended_this_phase
193.5,NODE_122781,11203041635,4,2,rrrrG,G,True,True,5,ped_2_0_NODE_122781|ped_2_1_NODE_122781|ped_2_2_NODE_122781|ped_2_3_NODE_122781|ped_2_4_NODE_122781,7.5,201.0,False,False,already_extended_this_phase
193.5,NODE_14937,11139418723,2,2,rrG,G,True,True,0,,7.5,201.0,False,False,no_ped_near
193.5,NODE_5647,10974501473,4,2,rrrrG,G,True,True,0,,7.5,201.0,False,False,no_ped_near
193.5,NODE_6342,11203041633,9,2,rrrrrrrrrG,G,True,True,0,,7.5,201.0,False,False,no_ped_near
194.0,NODE_10060,11203052964,11,2,rrrrrrrrrrrG,G,True,True,1,ped_1_0_NODE_10060,7.0,201.0,False,False,already_extended_this_phase
194.0,NODE_122781,11203041635,4,2,rrrrG,G,True,True,5,ped_2_0_NODE_122781|ped_2_1_NODE_122781|ped_2_2_NODE_122781|ped_2_3_NODE_122781|ped_2_4_NODE_122781,7.0,201.0,False,False,already_extended_this_phase
194.0,NODE_14937,11139418723,2,2,rrG,G,True,True,0,,7.0,201.0,False,False,no_ped_near
194.0,NODE_5647,10974501473,4,2,rrrrG,G,True,True,0,,7.0,201.0,False,False,no_ped_near
194.0,NODE_6342,11203041633,9,2,rrrrrrrrrG,G,True,True,0,,7.0,201.0,False,False,no_ped_near
194.5,NODE_10060,11203052964,11,2,rrrrrrrrrrrG,G,True,True,1,ped_1_0_NODE_10060,6.5,201.0,False,False,already_extended_this_phase
194.5,NODE_122781,11203041635,4,2,rrrrG,G,True,True,5,ped_2_0_NODE_122781|ped_2_1_NODE_122781|ped_2_2_NODE_122781|ped_2_3_NODE_122781|ped_2_4_NODE_122781,6.5,201.0,False,False,already_extended_this_phase
194.5,NODE_14937,11139418723,2,2,rrG,G,True,True,0,,6.5,201.0,False,False,no_ped_near
194.5,NODE_5647,10974501473,4,2,rrrrG,G,True,True,0,,6.5,201.0,False,False,no_ped_near
194.5,NODE_6342,11203041633,9,2,rrrrrrrrrG,G,True,True,0,,6.5,201.0,False,False,no_ped_near
195.0,NODE_10060,11203052964,11,2,rrrrrrrrrrrG,G,True,True,1,ped_1_0_NODE_10060,6.0,201.0,False,False,already_extended_this_phase
195.0,NODE_122781,11203041635,4,2,rrrrG,G,True,True,5,ped_2_0_NODE_122781|ped_2_1_NODE_122781|ped_2_2_NODE_122781|ped_2_3_NODE_122781|ped_2_4_NODE_122781,6.0,201.0,False,False,already_extended_this_phase
195.0,NODE_14937,11139418723,2,2,rrG,G,True,True,0,,6.0,201.0,False,False,no_ped_near
195.0,NODE_5647,10974501473,4,2,rrrrG,G,True,True,0,,6.0,201.0,False,False,no_ped_near
195.0,NODE_6342,11203041633,9,2,rrrrrrrrrG,G,True,True,0,,6.0,201.0,False,False,no_ped_near
195.5,NODE_10060,11203052964,11,2,rrrrrrrrrrrG,G,True,True,1,ped_1_0_NODE_10060,5.5,201.0,False,False,already_extended_this_phase
195.5,NODE_122781,11203041635,4,2,rrrrG,G,True,True,5,ped_2_0_NODE_122781|ped_2_1_NODE_122781|ped_2_2_NODE_122781|ped_2_3_NODE_122781|ped_2_4_NODE_122781,5.5,201.0,False,False,already_extended_this_phase
195.5,NODE_14937,11139418723,2,2,rrG,G,True,True,0,,5.5,201.0,False,False,no_ped_near
195.5,NODE_5647,10974501473,4,2,rrrrG,G,True,True,0,,5.5,201.0,False,False,no_ped_near
195.5,NODE_6342,11203041633,9,2,rrrrrrrrrG,G,True,True,0,,5.5,201.0,False,False,no_ped_near
196.0,NODE_10060,11203052964,11,2,rrrrrrrrrrrG,G,True,True,1,ped_1_0_NODE_10060,5.0,201.0,False,False,already_extended_this_phase
196.0,NODE_122781,11203041635,4,2,rrrrG,G,True,True,5,ped_2_0_NODE_122781|ped_2_1_NODE_122781|ped_2_2_NODE_122781|ped_2_3_NODE_122781|ped_2_4_NODE_122781,5.0,201.0,False,False,already_extended_this_phase
196.0,NODE_14937,11139418723,2,2,rrG,G,True,True,0,,5.0,201.0,False,False,no_ped_near
196.0,NODE_5647,10974501473,4,2,rrrrG,G,True,True,0,,5.0,201.0,False,False,no_ped_near
196.0,NODE_6342,11203041633,9,2,rrrrrrrrrG,G,True,True,0,,5.0,201.0,False,False,no_ped_near
196.5,NODE_10060,11203052964,11,2,rrrrrrrrrrrG,G,True,True,1,ped_1_0_NODE_10060,4.5,201.0,False,False,already_extended_this_phase
196.5,NODE_122781,11203041635,4,2,rrrrG,G,True,True,5,ped_2_0_NODE_122781|ped_2_1_NODE_122781|ped_2_2_NODE_122781|ped_2_3_NODE_122781|ped_2_4_NODE_122781,4.5,201.0,False,False,already_extended_this_phase
196.5,NODE_14937,11139418723,2,2,rrG,G,True,True,0,,4.5,201.0,False,False,no_ped_near
196.5,NODE_5647,10974501473,4,2,rrrrG,G,True,True,0,,4.5,201.0,False,False,no_ped_near
196.5,NODE_6342,11203041633,9,2,rrrrrrrrrG,G,True,True,0,,4.5,201.0,False,False,no_ped_near
197.0,NODE_10060,11203052964,11,2,rrrrrrrrrrrG,G,True,True,1,ped_1_0_NODE_10060,4.0,201.0,False,False,already_extended_this_phase
197.0,NODE_122781,11203041635,4,2,rrrrG,G,True,True,5,ped_2_0_NODE_122781|ped_2_1_NODE_122781|ped_2_2_NODE_122781|ped_2_3_NODE_122781|ped_2_4_NODE_122781,4.0,201.0,False,False,already_extended_this_phase
197.0,NODE_14937,11139418723,2,2,rrG,G,True,True,0,,4.0,201.0,False,False,no_ped_near
197.0,NODE_5647,10974501473,4,2,rrrrG,G,True,True,0,,4.0,201.0,False,False,no_ped_near
197.0,NODE_6342,11203041633,9,2,rrrrrrrrrG,G,True,True,0,,4.0,201.0,False,False,no_ped_near
197.5,NODE_10060,11203052964,11,2,rrrrrrrrrrrG,G,True,True,1,ped_1_0_NODE_10060,3.5,201.0,False,False,already_extended_this_phase
197.5,NODE_122781,11203041635,4,2,rrrrG,G,True,True,5,ped_2_0_NODE_122781|ped_2_1_NODE_122781|ped_2_2_NODE_122781|ped_2_3_NODE_122781|ped_2_4_NODE_122781,3.5,201.0,False,False,already_extended_this_phase
197.5,NODE_14937,11139418723,2,2,rrG,G,True,True,0,,3.5,201.0,False,False,no_ped_near
197.5,NODE_5647,10974501473,4,2,rrrrG,G,True,True,0,,3.5,201.0,False,False,no_ped_near
197.5,NODE_6342,11203041633,9,2,rrrrrrrrrG,G,True,True,0,,3.5,201.0,False,False,no_ped_near
198.0,NODE_10060,11203052964,11,2,rrrrrrrrrrrG,G,True,True,1,ped_1_0_NODE_10060,3.0,201.0,False,False,already_extended_this_phase
198.0,NODE_122781,11203041635,4,2,rrrrG,G,True,True,5,ped_2_0_NODE_122781|ped_2_1_NODE_122781|ped_2_2_NODE_122781|ped_2_3_NODE_122781|ped_2_4_NODE_122781,3.0,201.0,False,False,already_extended_this_phase
198.0,NODE_14937,11139418723,2,2,rrG,G,True,True,0,,3.0,201.0,False,False,no_ped_near
198.0,NODE_5647,10974501473,4,2,rrrrG,G,True,True,0,,3.0,201.0,False,False,no_ped_near
198.0,NODE_6342,11203041633,9,2,rrrrrrrrrG,G,True,True,0,,3.0,201.0,False,False,no_ped_near
198.5,NODE_10060,11203052964,11,2,rrrrrrrrrrrG,G,True,True,1,ped_1_0_NODE_10060,2.5,201.0,False,False,already_extended_this_phase
198.5,NODE_122781,11203041635,4,2,rrrrG,G,True,True,5,ped_2_0_NODE_122781|ped_2_1_NODE_122781|ped_2_2_NODE_122781|ped_2_3_NODE_122781|ped_2_4_NODE_122781,2.5,201.0,False,False,already_extended_this_phase
198.5,NODE_14937,11139418723,2,2,rrG,G,True,True,0,,2.5,201.0,False,False,no_ped_near
198.5,NODE_5647,10974501473,4,2,rrrrG,G,True,True,0,,2.5,201.0,False,False,no_ped_near
198.5,NODE_6342,11203041633,9,2,rrrrrrrrrG,G,True,True,0,,2.5,201.0,False,False,no_ped_near
199.0,NODE_10060,11203052964,11,2,rrrrrrrrrrrG,G,True,True,1,ped_1_0_NODE_10060,2.0,201.0,False,False,already_extended_this_phase
199.0,NODE_122781,11203041635,4,2,rrrrG,G,True,True,5,ped_2_0_NODE_122781|ped_2_1_NODE_122781|ped_2_2_NODE_122781|ped_2_3_NODE_122781|ped_2_4_NODE_122781,2.0,201.0,False,False,already_extended_this_phase
199.0,NODE_14937,11139418723,2,2,rrG,G,True,True,0,,2.0,201.0,False,False,no_ped_near
199.0,NODE_5647,10974501473,4,2,rrrrG,G,True,True,0,,2.0,201.0,False,False,no_ped_near
199.0,NODE_6342,11203041633,9,2,rrrrrrrrrG,G,True,True,0,,2.0,201.0,False,False,no_ped_near
199.5,NODE_10060,11203052964,11,2,rrrrrrrrrrrG,G,True,True,1,ped_1_0_NODE_10060,1.5,201.0,False,False,already_extended_this_phase
199.5,NODE_122781,11203041635,4,2,rrrrG,G,True,True,5,ped_2_0_NODE_122781|ped_2_1_NODE_122781|ped_2_2_NODE_122781|ped_2_3_NODE_122781|ped_2_4_NODE_122781,1.5,201.0,False,False,already_extended_this_phase
199.5,NODE_14937,11139418723,2,2,rrG,G,True,True,0,,1.5,201.0,False,False,no_ped_near
199.5,NODE_5647,10974501473,4,2,rrrrG,G,True,True,0,,1.5,201.0,False,False,no_ped_near
199.5,NODE_6342,11203041633,9,2,rrrrrrrrrG,G,True,True,0,,1.5,201.0,False,False,no_ped_near
200.0,NODE_10060,11203052964,11,2,rrrrrrrrrrrG,G,True,True,1,ped_1_0_NODE_10060,1.0,201.0,False,False,already_extended_this_phase
200.0,NODE_122781,11203041635,4,2,rrrrG,G,True,True,5,ped_2_0_NODE_122781|ped_2_1_NODE_122781|ped_2_2_NODE_122781|ped_2_3_NODE_122781|ped_2_4_NODE_122781,1.0,201.0,False,False,already_extended_this_phase
200.0,NODE_14937,11139418723,2,2,rrG,G,True,True,0,,1.0,201.0,False,False,no_ped_near
200.0,NODE_5647,10974501473,4,2,rrrrG,G,True,True,0,,1.0,201.0,False,False,no_ped_near
200.0,NODE_6342,11203041633,9,2,rrrrrrrrrG,G,True,True,0,,1.0,201.0,False,False,no_ped_near
200.5,NODE_10060,11203052964,11,2,rrrrrrrrrrrG,G,True,True,1,ped_1_0_NODE_10060,0.5,201.0,False,False,already_extended_this_phase
200.5,NODE_122781,11203041635,4,2,rrrrG,G,True,True,5,ped_2_0_NODE_122781|ped_2_1_NODE_122781|ped_2_2_NODE_122781|ped_2_3_NODE_122781|ped_2_4_NODE_122781,0.5,201.0,False,False,already_extended_this_phase
200.5,NODE_14937,11139418723,2,2,rrG,G,True,True,0,,0.5,201.0,False,False,no_ped_near
200.5,NODE_5647,10974501473,4,2,rrrrG,G,True,True,0,,0.5,201.0,False,False,no_ped_near
200.5,NODE_6342,11203041633,9,2,rrrrrrrrrG,G,True,True,0,,0.5,201.0,False,False,no_ped_near
201.0,NODE_10060,11203052964,11,2,rrrrrrrrrrrG,G,True,True,1,ped_1_0_NODE_10060,0.0,201.0,False,False,already_extended_this_phase
201.0,NODE_122781,11203041635,4,2,rrrrG,G,True,True,5,ped_2_0_NODE_122781|ped_2_1_NODE_122781|ped_2_2_NODE_122781|ped_2_3_NODE_122781|ped_2_4_NODE_122781,0.0,201.0,False,False,already_extended_this_phase
201.0,NODE_14937,11139418723,2,2,rrG,G,True,True,0,,0.0,201.0,False,False,no_ped_near
201.0,NODE_5647,10974501473,4,2,rrrrG,G,True,True,0,,0.0,201.0,False,False,no_ped_near
201.0,NODE_6342,11203041633,9,2,rrrrrrrrrG,G,True,True,0,,0.0,201.0,False,False,no_ped_near
201.5,NODE_10060,11203052964,11,0,GGGGGGGGGGGr,r,False,False,1,ped_1_0_NODE_10060,78.5,280.0,False,False,ped_link_not_green
201.5,NODE_122781,11203041635,4,0,GGGGr,r,False,False,5,ped_2_0_NODE_122781|ped_2_1_NODE_122781|ped_2_2_NODE_122781|ped_2_3_NODE_122781|ped_2_4_NODE_122781,78.5,280.0,False,False,ped_link_not_green
201.5,NODE_14937,11139418723,2,0,GGr,r,False,False,0,,78.5,280.0,False,False,ped_link_not_green
201.5,NODE_5647,10974501473,4,0,GGGGr,r,False,False,0,,80.5,282.0,False,False,ped_link_not_green
201.5,NODE_6342,11203041633,9,0,GGGGGGGGGr,r,False,False,0,,78.5,280.0,False,False,ped_link_not_green
202.0,NODE_10060,11203052964,11,0,GGGGGGGGGGGr,r,False,False,1,ped_1_0_NODE_10060,78.0,280.0,False,False,ped_link_not_green
202.0,NODE_122781,11203041635,4,0,GGGGr,r,False,False,5,ped_2_0_NODE_122781|ped_2_1_NODE_122781|ped_2_2_NODE_122781|ped_2_3_NODE_122781|ped_2_4_NODE_122781,78.0,280.0,False,False,ped_link_not_green
202.0,NODE_14937,11139418723,2,0,GGr,r,False,False,0,,78.0,280.0,False,False,ped_link_not_green
202.0,NODE_5647,10974501473,4,0,GGGGr,r,False,False,0,,80.0,282.0,False,False,ped_link_not_green
202.0,NODE_6342,11203041633,9,0,GGGGGGGGGr,r,False,False,0,,78.0,280.0,False,False,ped_link_not_green
202.5,NODE_10060,11203052964,11,0,GGGGGGGGGGGr,r,False,False,1,ped_1_0_NODE_10060,77.5,280.0,False,False,ped_link_not_green
202.5,NODE_122781,11203041635,4,0,GGGGr,r,False,False,5,ped_2_0_NODE_122781|ped_2_1_NODE_122781|ped_2_2_NODE_122781|ped_2_3_NODE_122781|ped_2_4_NODE_122781,77.5,280.0,False,False,ped_link_not_green
202.5,NODE_14937,11139418723,2,0,GGr,r,False,False,0,,77.5,280.0,False,False,ped_link_not_green
202.5,NODE_5647,10974501473,4,0,GGGGr,r,False,False,0,,79.5,282.0,False,False,ped_link_not_green
202.5,NODE_6342,11203041633,9,0,GGGGGGGGGr,r,False,False,0,,77.5,280.0,False,False,ped_link_not_green
203.0,NODE_10060,11203052964,11,0,GGGGGGGGGGGr,r,False,False,1,ped_1_0_NODE_10060,77.0,280.0,False,False,ped_link_not_green
203.0,NODE_122781,11203041635,4,0,GGGGr,r,False,False,5,ped_2_0_NODE_122781|ped_2_1_NODE_122781|ped_2_2_NODE_122781|ped_2_3_NODE_122781|ped_2_4_NODE_122781,77.0,280.0,False,False,ped_link_not_green
203.0,NODE_14937,11139418723,2,0,GGr,r,False,False,0,,77.0,280.0,False,False,ped_link_not_green
203.0,NODE_5647,10974501473,4,0,GGGGr,r,False,False,0,,79.0,282.0,False,False,ped_link_not_green
203.0,NODE_6342,11203041633,9,0,GGGGGGGGGr,r,False,False,0,,77.0,280.0,False,False,ped_link_not_green
203.5,NODE_10060,11203052964,11,0,GGGGGGGGGGGr,r,False,False,1,ped_1_0_NODE_10060,76.5,280.0,False,False,ped_link_not_green
203.5,NODE_122781,11203041635,4,0,GGGGr,r,False,False,5,ped_2_0_NODE_122781|ped_2_1_NODE_122781|ped_2_2_NODE_122781|ped_2_3_NODE_122781|ped_2_4_NODE_122781,76.5,280.0,False,False,ped_link_not_green
203.5,NODE_14937,11139418723,2,0,GGr,r,False,False,0,,76.5,280.0,False,False,ped_link_not_green
203.5,NODE_5647,10974501473,4,0,GGGGr,r,False,False,0,,78.5,282.0,False,False,ped_link_not_green
203.5,NODE_6342,11203041633,9,0,GGGGGGGGGr,r,False,False,0,,76.5,280.0,False,False,ped_link_not_green
204.0,NODE_10060,11203052964,11,0,GGGGGGGGGGGr,r,False,False,1,ped_1_0_NODE_10060,76.0,280.0,False,False,ped_link_not_green
204.0,NODE_122781,11203041635,4,0,GGGGr,r,False,False,5,ped_2_0_NODE_122781|ped_2_1_NODE_122781|ped_2_2_NODE_122781|ped_2_3_NODE_122781|ped_2_4_NODE_122781,76.0,280.0,False,False,ped_link_not_green
204.0,NODE_14937,11139418723,2,0,GGr,r,False,False,0,,76.0,280.0,False,False,ped_link_not_green
204.0,NODE_5647,10974501473,4,0,GGGGr,r,False,False,0,,78.0,282.0,False,False,ped_link_not_green
204.0,NODE_6342,11203041633,9,0,GGGGGGGGGr,r,False,False,0,,76.0,280.0,False,False,ped_link_not_green
204.5,NODE_10060,11203052964,11,0,GGGGGGGGGGGr,r,False,False,1,ped_1_0_NODE_10060,75.5,280.0,False,False,ped_link_not_green
204.5,NODE_122781,11203041635,4,0,GGGGr,r,False,False,5,ped_2_0_NODE_122781|ped_2_1_NODE_122781|ped_2_2_NODE_122781|ped_2_3_NODE_122781|ped_2_4_NODE_122781,75.5,280.0,False,False,ped_link_not_green
204.5,NODE_14937,11139418723,2,0,GGr,r,False,False,0,,75.5,280.0,False,False,ped_link_not_green
204.5,NODE_5647,10974501473,4,0,GGGGr,r,False,False,0,,77.5,282.0,False,False,ped_link_not_green
204.5,NODE_6342,11203041633,9,0,GGGGGGGGGr,r,False,False,0,,75.5,280.0,False,False,ped_link_not_green
205.0,NODE_10060,11203052964,11,0,GGGGGGGGGGGr,r,False,False,1,ped_1_0_NODE_10060,75.0,280.0,False,False,ped_link_not_green
205.0,NODE_122781,11203041635,4,0,GGGGr,r,False,False,5,ped_2_0_NODE_122781|ped_2_1_NODE_122781|ped_2_2_NODE_122781|ped_2_3_NODE_122781|ped_2_4_NODE_122781,75.0,280.0,False,False,ped_link_not_green
205.0,NODE_14937,11139418723,2,0,GGr,r,False,False,0,,75.0,280.0,False,False,ped_link_not_green
205.0,NODE_5647,10974501473,4,0,GGGGr,r,False,False,0,,77.0,282.0,False,False,ped_link_not_green
205.0,NODE_6342,11203041633,9,0,GGGGGGGGGr,r,False,False,0,,75.0,280.0,False,False,ped_link_not_green
205.5,NODE_10060,11203052964,11,0,GGGGGGGGGGGr,r,False,False,1,ped_1_0_NODE_10060,74.5,280.0,False,False,ped_link_not_green
205.5,NODE_122781,11203041635,4,0,GGGGr,r,False,False,5,ped_2_0_NODE_122781|ped_2_1_NODE_122781|ped_2_2_NODE_122781|ped_2_3_NODE_122781|ped_2_4_NODE_122781,74.5,280.0,False,False,ped_link_not_green
205.5,NODE_14937,11139418723,2,0,GGr,r,False,False,0,,74.5,280.0,False,False,ped_link_not_green
205.5,NODE_5647,10974501473,4,0,GGGGr,r,False,False,0,,76.5,282.0,False,False,ped_link_not_green
205.5,NODE_6342,11203041633,9,0,GGGGGGGGGr,r,False,False,0,,74.5,280.0,False,False,ped_link_not_green
206.0,NODE_10060,11203052964,11,0,GGGGGGGGGGGr,r,False,False,1,ped_1_0_NODE_10060,74.0,280.0,False,False,ped_link_not_green
206.0,NODE_122781,11203041635,4,0,GGGGr,r,False,False,5,ped_2_0_NODE_122781|ped_2_1_NODE_122781|ped_2_2_NODE_122781|ped_2_3_NODE_122781|ped_2_4_NODE_122781,74.0,280.0,False,False,ped_link_not_green
206.0,NODE_14937,11139418723,2,0,GGr,r,False,False,0,,74.0,280.0,False,False,ped_link_not_green
206.0,NODE_5647,10974501473,4,0,GGGGr,r,False,False,0,,76.0,282.0,False,False,ped_link_not_green
206.0,NODE_6342,11203041633,9,0,GGGGGGGGGr,r,False,False,0,,74.0,280.0,False,False,ped_link_not_green
206.5,NODE_10060,11203052964,11,0,GGGGGGGGGGGr,r,False,False,1,ped_1_0_NODE_10060,73.5,280.0,False,False,ped_link_not_green
206.5,NODE_122781,11203041635,4,0,GGGGr,r,False,False,5,ped_2_0_NODE_122781|ped_2_1_NODE_122781|ped_2_2_NODE_122781|ped_2_3_NODE_122781|ped_2_4_NODE_122781,73.5,280.0,False,False,ped_link_not_green
206.5,NODE_14937,11139418723,2,0,GGr,r,False,False,0,,73.5,280.0,False,False,ped_link_not_green
206.5,NODE_5647,10974501473,4,0,GGGGr,r,False,False,0,,75.5,282.0,False,False,ped_link_not_green
206.5,NODE_6342,11203041633,9,0,GGGGGGGGGr,r,False,False,0,,73.5,280.0,False,False,ped_link_not_green
207.0,NODE_10060,11203052964,11,0,GGGGGGGGGGGr,r,False,False,1,ped_1_0_NODE_10060,73.0,280.0,False,False,ped_link_not_green
207.0,NODE_122781,11203041635,4,0,GGGGr,r,False,False,5,ped_2_0_NODE_122781|ped_2_1_NODE_122781|ped_2_2_NODE_122781|ped_2_3_NODE_122781|ped_2_4_NODE_122781,73.0,280.0,False,False,ped_link_not_green
207.0,NODE_14937,11139418723,2,0,GGr,r,False,False,0,,73.0,280.0,False,False,ped_link_not_green
207.0,NODE_5647,10974501473,4,0,GGGGr,r,False,False,0,,75.0,282.0,False,False,ped_link_not_green
207.0,NODE_6342,11203041633,9,0,GGGGGGGGGr,r,False,False,0,,73.0,280.0,False,False,ped_link_not_green
207.5,NODE_10060,11203052964,11,0,GGGGGGGGGGGr,r,False,False,1,ped_1_0_NODE_10060,72.5,280.0,False,False,ped_link_not_green
207.5,NODE_122781,11203041635,4,0,GGGGr,r,False,False,5,ped_2_0_NODE_122781|ped_2_1_NODE_122781|ped_2_2_NODE_122781|ped_2_3_NODE_122781|ped_2_4_NODE_122781,72.5,280.0,False,False,ped_link_not_green
207.5,NODE_14937,11139418723,2,0,GGr,r,False,False,0,,72.5,280.0,False,False,ped_link_not_green
207.5,NODE_5647,10974501473,4,0,GGGGr,r,False,False,0,,74.5,282.0,False,False,ped_link_not_green
207.5,NODE_6342,11203041633,9,0,GGGGGGGGGr,r,False,False,0,,72.5,280.0,False,False,ped_link_not_green
208.0,NODE_10060,11203052964,11,0,GGGGGGGGGGGr,r,False,False,1,ped_1_0_NODE_10060,72.0,280.0,False,False,ped_link_not_green
208.0,NODE_122781,11203041635,4,0,GGGGr,r,False,False,5,ped_2_0_NODE_122781|ped_2_1_NODE_122781|ped_2_2_NODE_122781|ped_2_3_NODE_122781|ped_2_4_NODE_122781,72.0,280.0,False,False,ped_link_not_green
208.0,NODE_14937,11139418723,2,0,GGr,r,False,False,0,,72.0,280.0,False,False,ped_link_not_green
208.0,NODE_5647,10974501473,4,0,GGGGr,r,False,False,0,,74.0,282.0,False,False,ped_link_not_green
208.0,NODE_6342,11203041633,9,0,GGGGGGGGGr,r,False,False,0,,72.0,280.0,False,False,ped_link_not_green
208.5,NODE_10060,11203052964,11,0,GGGGGGGGGGGr,r,False,False,1,ped_1_0_NODE_10060,71.5,280.0,False,False,ped_link_not_green
208.5,NODE_122781,11203041635,4,0,GGGGr,r,False,False,5,ped_2_0_NODE_122781|ped_2_1_NODE_122781|ped_2_2_NODE_122781|ped_2_3_NODE_122781|ped_2_4_NODE_122781,71.5,280.0,False,False,ped_link_not_green
208.5,NODE_14937,11139418723,2,0,GGr,r,False,False,0,,71.5,280.0,False,False,ped_link_not_green
208.5,NODE_5647,10974501473,4,0,GGGGr,r,False,False,0,,73.5,282.0,False,False,ped_link_not_green
208.5,NODE_6342,11203041633,9,0,GGGGGGGGGr,r,False,False,0,,71.5,280.0,False,False,ped_link_not_green
209.0,NODE_10060,11203052964,11,0,GGGGGGGGGGGr,r,False,False,1,ped_1_0_NODE_10060,71.0,280.0,False,False,ped_link_not_green
209.0,NODE_122781,11203041635,4,0,GGGGr,r,False,False,5,ped_2_0_NODE_122781|ped_2_1_NODE_122781|ped_2_2_NODE_122781|ped_2_3_NODE_122781|ped_2_4_NODE_122781,71.0,280.0,False,False,ped_link_not_green
209.0,NODE_14937,11139418723,2,0,GGr,r,False,False,0,,71.0,280.0,False,False,ped_link_not_green
209.0,NODE_5647,10974501473,4,0,GGGGr,r,False,False,0,,73.0,282.0,False,False,ped_link_not_green
209.0,NODE_6342,11203041633,9,0,GGGGGGGGGr,r,False,False,0,,71.0,280.0,False,False,ped_link_not_green
209.5,NODE_10060,11203052964,11,0,GGGGGGGGGGGr,r,False,False,1,ped_1_0_NODE_10060,70.5,280.0,False,False,ped_link_not_green
209.5,NODE_122781,11203041635,4,0,GGGGr,r,False,False,5,ped_2_0_NODE_122781|ped_2_1_NODE_122781|ped_2_2_NODE_122781|ped_2_3_NODE_122781|ped_2_4_NODE_122781,70.5,280.0,False,False,ped_link_not_green
209.5,NODE_14937,11139418723,2,0,GGr,r,False,False,0,,70.5,280.0,False,False,ped_link_not_green
209.5,NODE_5647,10974501473,4,0,GGGGr,r,False,False,0,,72.5,282.0,False,False,ped_link_not_green
209.5,NODE_6342,11203041633,9,0,GGGGGGGGGr,r,False,False,0,,70.5,280.0,False,False,ped_link_not_green
210.0,NODE_10060,11203052964,11,0,GGGGGGGGGGGr,r,False,False,1,ped_1_0_NODE_10060,70.0,280.0,False,False,ped_link_not_green
210.0,NODE_122781,11203041635,4,0,GGGGr,r,False,False,5,ped_2_0_NODE_122781|ped_2_1_NODE_122781|ped_2_2_NODE_122781|ped_2_3_NODE_122781|ped_2_4_NODE_122781,70.0,280.0,False,False,ped_link_not_green
210.0,NODE_14937,11139418723,2,0,GGr,r,False,False,0,,70.0,280.0,False,False,ped_link_not_green
210.0,NODE_5647,10974501473,4,0,GGGGr,r,False,False,0,,72.0,282.0,False,False,ped_link_not_green
210.0,NODE_6342,11203041633,9,0,GGGGGGGGGr,r,False,False,0,,70.0,280.0,False,False,ped_link_not_green
210.5,NODE_10060,11203052964,11,0,GGGGGGGGGGGr,r,False,False,1,ped_1_0_NODE_10060,69.5,280.0,False,False,ped_link_not_green
210.5,NODE_122781,11203041635,4,0,GGGGr,r,False,False,5,ped_2_0_NODE_122781|ped_2_1_NODE_122781|ped_2_2_NODE_122781|ped_2_3_NODE_122781|ped_2_4_NODE_122781,69.5,280.0,False,False,ped_link_not_green
210.5,NODE_14937,11139418723,2,0,GGr,r,False,False,0,,69.5,280.0,False,False,ped_link_not_green
210.5,NODE_5647,10974501473,4,0,GGGGr,r,False,False,0,,71.5,282.0,False,False,ped_link_not_green
210.5,NODE_6342,11203041633,9,0,GGGGGGGGGr,r,False,False,0,,69.5,280.0,False,False,ped_link_not_green
211.0,NODE_10060,11203052964,11,0,GGGGGGGGGGGr,r,False,False,1,ped_1_0_NODE_10060,69.0,280.0,False,False,ped_link_not_green
211.0,NODE_122781,11203041635,4,0,GGGGr,r,False,False,5,ped_2_0_NODE_122781|ped_2_1_NODE_122781|ped_2_2_NODE_122781|ped_2_3_NODE_122781|ped_2_4_NODE_122781,69.0,280.0,False,False,ped_link_not_green
211.0,NODE_14937,11139418723,2,0,GGr,r,False,False,0,,69.0,280.0,False,False,ped_link_not_green
211.0,NODE_5647,10974501473,4,0,GGGGr,r,False,False,0,,71.0,282.0,False,False,ped_link_not_green
211.0,NODE_6342,11203041633,9,0,GGGGGGGGGr,r,False,False,0,,69.0,280.0,False,False,ped_link_not_green
211.5,NODE_10060,11203052964,11,0,GGGGGGGGGGGr,r,False,False,1,ped_1_0_NODE_10060,68.5,280.0,False,False,ped_link_not_green
211.5,NODE_122781,11203041635,4,0,GGGGr,r,False,False,5,ped_2_0_NODE_122781|ped_2_1_NODE_122781|ped_2_2_NODE_122781|ped_2_3_NODE_122781|ped_2_4_NODE_122781,68.5,280.0,False,False,ped_link_not_green
211.5,NODE_14937,11139418723,2,0,GGr,r,False,False,0,,68.5,280.0,False,False,ped_link_not_green
211.5,NODE_5647,10974501473,4,0,GGGGr,r,False,False,0,,70.5,282.0,False,False,ped_link_not_green
211.5,NODE_6342,11203041633,9,0,GGGGGGGGGr,r,False,False,0,,68.5,280.0,False,False,ped_link_not_green
212.0,NODE_10060,11203052964,11,0,GGGGGGGGGGGr,r,False,False,1,ped_1_0_NODE_10060,68.0,280.0,False,False,ped_link_not_green
212.0,NODE_122781,11203041635,4,0,GGGGr,r,False,False,5,ped_2_0_NODE_122781|ped_2_1_NODE_122781|ped_2_2_NODE_122781|ped_2_3_NODE_122781|ped_2_4_NODE_122781,68.0,280.0,False,False,ped_link_not_green
212.0,NODE_14937,11139418723,2,0,GGr,r,False,False,0,,68.0,280.0,False,False,ped_link_not_green
212.0,NODE_5647,10974501473,4,0,GGGGr,r,False,False,0,,70.0,282.0,False,False,ped_link_not_green
212.0,NODE_6342,11203041633,9,0,GGGGGGGGGr,r,False,False,0,,68.0,280.0,False,False,ped_link_not_green
212.5,NODE_10060,11203052964,11,0,GGGGGGGGGGGr,r,False,False,1,ped_1_0_NODE_10060,67.5,280.0,False,False,ped_link_not_green
212.5,NODE_122781,11203041635,4,0,GGGGr,r,False,False,5,ped_2_0_NODE_122781|ped_2_1_NODE_122781|ped_2_2_NODE_122781|ped_2_3_NODE_122781|ped_2_4_NODE_122781,67.5,280.0,False,False,ped_link_not_green
212.5,NODE_14937,11139418723,2,0,GGr,r,False,False,0,,67.5,280.0,False,False,ped_link_not_green
212.5,NODE_5647,10974501473,4,0,GGGGr,r,False,False,0,,69.5,282.0,False,False,ped_link_not_green
212.5,NODE_6342,11203041633,9,0,GGGGGGGGGr,r,False,False,0,,67.5,280.0,False,False,ped_link_not_green
213.0,NODE_10060,11203052964,11,0,GGGGGGGGGGGr,r,False,False,1,ped_1_0_NODE_10060,67.0,280.0,False,False,ped_link_not_green
213.0,NODE_122781,11203041635,4,0,GGGGr,r,False,False,5,ped_2_0_NODE_122781|ped_2_1_NODE_122781|ped_2_2_NODE_122781|ped_2_3_NODE_122781|ped_2_4_NODE_122781,67.0,280.0,False,False,ped_link_not_green
213.0,NODE_14937,11139418723,2,0,GGr,r,False,False,0,,67.0,280.0,False,False,ped_link_not_green
213.0,NODE_5647,10974501473,4,0,GGGGr,r,False,False,0,,69.0,282.0,False,False,ped_link_not_green
213.0,NODE_6342,11203041633,9,0,GGGGGGGGGr,r,False,False,0,,67.0,280.0,False,False,ped_link_not_green
213.5,NODE_10060,11203052964,11,0,GGGGGGGGGGGr,r,False,False,1,ped_1_0_NODE_10060,66.5,280.0,False,False,ped_link_not_green
213.5,NODE_122781,11203041635,4,0,GGGGr,r,False,False,5,ped_2_0_NODE_122781|ped_2_1_NODE_122781|ped_2_2_NODE_122781|ped_2_3_NODE_122781|ped_2_4_NODE_122781,66.5,280.0,False,False,ped_link_not_green
213.5,NODE_14937,11139418723,2,0,GGr,r,False,False,0,,66.5,280.0,False,False,ped_link_not_green
213.5,NODE_5647,10974501473,4,0,GGGGr,r,False,False,0,,68.5,282.0,False,False,ped_link_not_green
213.5,NODE_6342,11203041633,9,0,GGGGGGGGGr,r,False,False,0,,66.5,280.0,False,False,ped_link_not_green
214.0,NODE_10060,11203052964,11,0,GGGGGGGGGGGr,r,False,False,1,ped_1_0_NODE_10060,66.0,280.0,False,False,ped_link_not_green
214.0,NODE_122781,11203041635,4,0,GGGGr,r,False,False,5,ped_2_0_NODE_122781|ped_2_1_NODE_122781|ped_2_2_NODE_122781|ped_2_3_NODE_122781|ped_2_4_NODE_122781,66.0,280.0,False,False,ped_link_not_green
214.0,NODE_14937,11139418723,2,0,GGr,r,False,False,0,,66.0,280.0,False,False,ped_link_not_green
214.0,NODE_5647,10974501473,4,0,GGGGr,r,False,False,0,,68.0,282.0,False,False,ped_link_not_green
214.0,NODE_6342,11203041633,9,0,GGGGGGGGGr,r,False,False,0,,66.0,280.0,False,False,ped_link_not_green
214.5,NODE_10060,11203052964,11,0,GGGGGGGGGGGr,r,False,False,1,ped_1_0_NODE_10060,65.5,280.0,False,False,ped_link_not_green
214.5,NODE_122781,11203041635,4,0,GGGGr,r,False,False,5,ped_2_0_NODE_122781|ped_2_1_NODE_122781|ped_2_2_NODE_122781|ped_2_3_NODE_122781|ped_2_4_NODE_122781,65.5,280.0,False,False,ped_link_not_green
214.5,NODE_14937,11139418723,2,0,GGr,r,False,False,0,,65.5,280.0,False,False,ped_link_not_green
214.5,NODE_5647,10974501473,4,0,GGGGr,r,False,False,0,,67.5,282.0,False,False,ped_link_not_green
214.5,NODE_6342,11203041633,9,0,GGGGGGGGGr,r,False,False,0,,65.5,280.0,False,False,ped_link_not_green
215.0,NODE_10060,11203052964,11,0,GGGGGGGGGGGr,r,False,False,1,ped_1_0_NODE_10060,65.0,280.0,False,False,ped_link_not_green
215.0,NODE_122781,11203041635,4,0,GGGGr,r,False,False,5,ped_2_0_NODE_122781|ped_2_1_NODE_122781|ped_2_2_NODE_122781|ped_2_3_NODE_122781|ped_2_4_NODE_122781,65.0,280.0,False,False,ped_link_not_green
215.0,NODE_14937,11139418723,2,0,GGr,r,False,False,0,,65.0,280.0,False,False,ped_link_not_green
215.0,NODE_5647,10974501473,4,0,GGGGr,r,False,False,0,,67.0,282.0,False,False,ped_link_not_green
215.0,NODE_6342,11203041633,9,0,GGGGGGGGGr,r,False,False,0,,65.0,280.0,False,False,ped_link_not_green
215.5,NODE_10060,11203052964,11,0,GGGGGGGGGGGr,r,False,False,1,ped_1_0_NODE_10060,64.5,280.0,False,False,ped_link_not_green
215.5,NODE_122781,11203041635,4,0,GGGGr,r,False,False,5,ped_2_0_NODE_122781|ped_2_1_NODE_122781|ped_2_2_NODE_122781|ped_2_3_NODE_122781|ped_2_4_NODE_122781,64.5,280.0,False,False,ped_link_not_green
215.5,NODE_14937,11139418723,2,0,GGr,r,False,False,0,,64.5,280.0,False,False,ped_link_not_green
215.5,NODE_5647,10974501473,4,0,GGGGr,r,False,False,0,,66.5,282.0,False,False,ped_link_not_green
215.5,NODE_6342,11203041633,9,0,GGGGGGGGGr,r,False,False,0,,64.5,280.0,False,False,ped_link_not_green
216.0,NODE_10060,11203052964,11,0,GGGGGGGGGGGr,r,False,False,1,ped_1_0_NODE_10060,64.0,280.0,False,False,ped_link_not_green
216.0,NODE_122781,11203041635,4,0,GGGGr,r,False,False,5,ped_2_0_NODE_122781|ped_2_1_NODE_122781|ped_2_2_NODE_122781|ped_2_3_NODE_122781|ped_2_4_NODE_122781,64.0,280.0,False,False,ped_link_not_green
216.0,NODE_14937,11139418723,2,0,GGr,r,False,False,0,,64.0,280.0,False,False,ped_link_not_green
216.0,NODE_5647,10974501473,4,0,GGGGr,r,False,False,0,,66.0,282.0,False,False,ped_link_not_green
216.0,NODE_6342,11203041633,9,0,GGGGGGGGGr,r,False,False,0,,64.0,280.0,False,False,ped_link_not_green
216.5,NODE_10060,11203052964,11,0,GGGGGGGGGGGr,r,False,False,1,ped_1_0_NODE_10060,63.5,280.0,False,False,ped_link_not_green
216.5,NODE_122781,11203041635,4,0,GGGGr,r,False,False,5,ped_2_0_NODE_122781|ped_2_1_NODE_122781|ped_2_2_NODE_122781|ped_2_3_NODE_122781|ped_2_4_NODE_122781,63.5,280.0,False,False,ped_link_not_green
216.5,NODE_14937,11139418723,2,0,GGr,r,False,False,0,,63.5,280.0,False,False,ped_link_not_green
216.5,NODE_5647,10974501473,4,0,GGGGr,r,False,False,0,,65.5,282.0,False,False,ped_link_not_green
216.5,NODE_6342,11203041633,9,0,GGGGGGGGGr,r,False,False,0,,63.5,280.0,False,False,ped_link_not_green
217.0,NODE_10060,11203052964,11,0,GGGGGGGGGGGr,r,False,False,1,ped_1_0_NODE_10060,63.0,280.0,False,False,ped_link_not_green
217.0,NODE_122781,11203041635,4,0,GGGGr,r,False,False,5,ped_2_0_NODE_122781|ped_2_1_NODE_122781|ped_2_2_NODE_122781|ped_2_3_NODE_122781|ped_2_4_NODE_122781,63.0,280.0,False,False,ped_link_not_green
217.0,NODE_14937,11139418723,2,0,GGr,r,False,False,0,,63.0,280.0,False,False,ped_link_not_green
217.0,NODE_5647,10974501473,4,0,GGGGr,r,False,False,0,,65.0,282.0,False,False,ped_link_not_green
217.0,NODE_6342,11203041633,9,0,GGGGGGGGGr,r,False,False,0,,63.0,280.0,False,False,ped_link_not_green
217.5,NODE_10060,11203052964,11,0,GGGGGGGGGGGr,r,False,False,1,ped_1_0_NODE_10060,62.5,280.0,False,False,ped_link_not_green
217.5,NODE_122781,11203041635,4,0,GGGGr,r,False,False,5,ped_2_0_NODE_122781|ped_2_1_NODE_122781|ped_2_2_NODE_122781|ped_2_3_NODE_122781|ped_2_4_NODE_122781,62.5,280.0,False,False,ped_link_not_green
217.5,NODE_14937,11139418723,2,0,GGr,r,False,False,0,,62.5,280.0,False,False,ped_link_not_green
217.5,NODE_5647,10974501473,4,0,GGGGr,r,False,False,0,,64.5,282.0,False,False,ped_link_not_green
217.5,NODE_6342,11203041633,9,0,GGGGGGGGGr,r,False,False,0,,62.5,280.0,False,False,ped_link_not_green
218.0,NODE_10060,11203052964,11,0,GGGGGGGGGGGr,r,False,False,1,ped_1_0_NODE_10060,62.0,280.0,False,False,ped_link_not_green
218.0,NODE_122781,11203041635,4,0,GGGGr,r,False,False,5,ped_2_0_NODE_122781|ped_2_1_NODE_122781|ped_2_2_NODE_122781|ped_2_3_NODE_122781|ped_2_4_NODE_122781,62.0,280.0,False,False,ped_link_not_green
218.0,NODE_14937,11139418723,2,0,GGr,r,False,False,0,,62.0,280.0,False,False,ped_link_not_green
218.0,NODE_5647,10974501473,4,0,GGGGr,r,False,False,0,,64.0,282.0,False,False,ped_link_not_green
218.0,NODE_6342,11203041633,9,0,GGGGGGGGGr,r,False,False,0,,62.0,280.0,False,False,ped_link_not_green
218.5,NODE_10060,11203052964,11,0,GGGGGGGGGGGr,r,False,False,1,ped_1_0_NODE_10060,61.5,280.0,False,False,ped_link_not_green
218.5,NODE_122781,11203041635,4,0,GGGGr,r,False,False,5,ped_2_0_NODE_122781|ped_2_1_NODE_122781|ped_2_2_NODE_122781|ped_2_3_NODE_122781|ped_2_4_NODE_122781,61.5,280.0,False,False,ped_link_not_green
218.5,NODE_14937,11139418723,2,0,GGr,r,False,False,0,,61.5,280.0,False,False,ped_link_not_green
218.5,NODE_5647,10974501473,4,0,GGGGr,r,False,False,0,,63.5,282.0,False,False,ped_link_not_green
218.5,NODE_6342,11203041633,9,0,GGGGGGGGGr,r,False,False,0,,61.5,280.0,False,False,ped_link_not_green
219.0,NODE_10060,11203052964,11,0,GGGGGGGGGGGr,r,False,False,1,ped_1_0_NODE_10060,61.0,280.0,False,False,ped_link_not_green
219.0,NODE_122781,11203041635,4,0,GGGGr,r,False,False,5,ped_2_0_NODE_122781|ped_2_1_NODE_122781|ped_2_2_NODE_122781|ped_2_3_NODE_122781|ped_2_4_NODE_122781,61.0,280.0,False,False,ped_link_not_green
219.0,NODE_14937,11139418723,2,0,GGr,r,False,False,0,,61.0,280.0,False,False,ped_link_not_green
219.0,NODE_5647,10974501473,4,0,GGGGr,r,False,False,0,,63.0,282.0,False,False,ped_link_not_green
219.0,NODE_6342,11203041633,9,0,GGGGGGGGGr,r,False,False,0,,61.0,280.0,False,False,ped_link_not_green
219.5,NODE_10060,11203052964,11,0,GGGGGGGGGGGr,r,False,False,1,ped_1_0_NODE_10060,60.5,280.0,False,False,ped_link_not_green
219.5,NODE_122781,11203041635,4,0,GGGGr,r,False,False,5,ped_2_0_NODE_122781|ped_2_1_NODE_122781|ped_2_2_NODE_122781|ped_2_3_NODE_122781|ped_2_4_NODE_122781,60.5,280.0,False,False,ped_link_not_green
219.5,NODE_14937,11139418723,2,0,GGr,r,False,False,0,,60.5,280.0,False,False,ped_link_not_green
219.5,NODE_5647,10974501473,4,0,GGGGr,r,False,False,0,,62.5,282.0,False,False,ped_link_not_green
219.5,NODE_6342,11203041633,9,0,GGGGGGGGGr,r,False,False,0,,60.5,280.0,False,False,ped_link_not_green
220.0,NODE_10060,11203052964,11,0,GGGGGGGGGGGr,r,False,False,1,ped_1_0_NODE_10060,60.0,280.0,False,False,ped_link_not_green
220.0,NODE_122781,11203041635,4,0,GGGGr,r,False,False,5,ped_2_0_NODE_122781|ped_2_1_NODE_122781|ped_2_2_NODE_122781|ped_2_3_NODE_122781|ped_2_4_NODE_122781,60.0,280.0,False,False,ped_link_not_green
220.0,NODE_14937,11139418723,2,0,GGr,r,False,False,0,,60.0,280.0,False,False,ped_link_not_green
220.0,NODE_5647,10974501473,4,0,GGGGr,r,False,False,0,,62.0,282.0,False,False,ped_link_not_green
220.0,NODE_6342,11203041633,9,0,GGGGGGGGGr,r,False,False,0,,60.0,280.0,False,False,ped_link_not_green
220.5,NODE_10060,11203052964,11,0,GGGGGGGGGGGr,r,False,False,1,ped_1_0_NODE_10060,59.5,280.0,False,False,ped_link_not_green
220.5,NODE_122781,11203041635,4,0,GGGGr,r,False,False,5,ped_2_0_NODE_122781|ped_2_1_NODE_122781|ped_2_2_NODE_122781|ped_2_3_NODE_122781|ped_2_4_NODE_122781,59.5,280.0,False,False,ped_link_not_green
220.5,NODE_14937,11139418723,2,0,GGr,r,False,False,0,,59.5,280.0,False,False,ped_link_not_green
220.5,NODE_5647,10974501473,4,0,GGGGr,r,False,False,0,,61.5,282.0,False,False,ped_link_not_green
220.5,NODE_6342,11203041633,9,0,GGGGGGGGGr,r,False,False,0,,59.5,280.0,False,False,ped_link_not_green
221.0,NODE_10060,11203052964,11,0,GGGGGGGGGGGr,r,False,False,1,ped_1_0_NODE_10060,59.0,280.0,False,False,ped_link_not_green
221.0,NODE_122781,11203041635,4,0,GGGGr,r,False,False,5,ped_2_0_NODE_122781|ped_2_1_NODE_122781|ped_2_2_NODE_122781|ped_2_3_NODE_122781|ped_2_4_NODE_122781,59.0,280.0,False,False,ped_link_not_green
221.0,NODE_14937,11139418723,2,0,GGr,r,False,False,0,,59.0,280.0,False,False,ped_link_not_green
221.0,NODE_5647,10974501473,4,0,GGGGr,r,False,False,0,,61.0,282.0,False,False,ped_link_not_green
221.0,NODE_6342,11203041633,9,0,GGGGGGGGGr,r,False,False,0,,59.0,280.0,False,False,ped_link_not_green
221.5,NODE_10060,11203052964,11,0,GGGGGGGGGGGr,r,False,False,1,ped_1_0_NODE_10060,58.5,280.0,False,False,ped_link_not_green
221.5,NODE_122781,11203041635,4,0,GGGGr,r,False,False,5,ped_2_0_NODE_122781|ped_2_1_NODE_122781|ped_2_2_NODE_122781|ped_2_3_NODE_122781|ped_2_4_NODE_122781,58.5,280.0,False,False,ped_link_not_green
221.5,NODE_14937,11139418723,2,0,GGr,r,False,False,0,,58.5,280.0,False,False,ped_link_not_green
221.5,NODE_5647,10974501473,4,0,GGGGr,r,False,False,0,,60.5,282.0,False,False,ped_link_not_green
221.5,NODE_6342,11203041633,9,0,GGGGGGGGGr,r,False,False,0,,58.5,280.0,False,False,ped_link_not_green
222.0,NODE_10060,11203052964,11,0,GGGGGGGGGGGr,r,False,False,1,ped_1_0_NODE_10060,58.0,280.0,False,False,ped_link_not_green
222.0,NODE_122781,11203041635,4,0,GGGGr,r,False,False,5,ped_2_0_NODE_122781|ped_2_1_NODE_122781|ped_2_2_NODE_122781|ped_2_3_NODE_122781|ped_2_4_NODE_122781,58.0,280.0,False,False,ped_link_not_green
222.0,NODE_14937,11139418723,2,0,GGr,r,False,False,0,,58.0,280.0,False,False,ped_link_not_green
222.0,NODE_5647,10974501473,4,0,GGGGr,r,False,False,0,,60.0,282.0,False,False,ped_link_not_green
222.0,NODE_6342,11203041633,9,0,GGGGGGGGGr,r,False,False,0,,58.0,280.0,False,False,ped_link_not_green
222.5,NODE_10060,11203052964,11,0,GGGGGGGGGGGr,r,False,False,1,ped_1_0_NODE_10060,57.5,280.0,False,False,ped_link_not_green
222.5,NODE_122781,11203041635,4,0,GGGGr,r,False,False,5,ped_2_0_NODE_122781|ped_2_1_NODE_122781|ped_2_2_NODE_122781|ped_2_3_NODE_122781|ped_2_4_NODE_122781,57.5,280.0,False,False,ped_link_not_green
222.5,NODE_14937,11139418723,2,0,GGr,r,False,False,0,,57.5,280.0,False,False,ped_link_not_green
222.5,NODE_5647,10974501473,4,0,GGGGr,r,False,False,0,,59.5,282.0,False,False,ped_link_not_green
222.5,NODE_6342,11203041633,9,0,GGGGGGGGGr,r,False,False,0,,57.5,280.0,False,False,ped_link_not_green
223.0,NODE_10060,11203052964,11,0,GGGGGGGGGGGr,r,False,False,1,ped_1_0_NODE_10060,57.0,280.0,False,False,ped_link_not_green
223.0,NODE_122781,11203041635,4,0,GGGGr,r,False,False,5,ped_2_0_NODE_122781|ped_2_1_NODE_122781|ped_2_2_NODE_122781|ped_2_3_NODE_122781|ped_2_4_NODE_122781,57.0,280.0,False,False,ped_link_not_green
223.0,NODE_14937,11139418723,2,0,GGr,r,False,False,0,,57.0,280.0,False,False,ped_link_not_green
223.0,NODE_5647,10974501473,4,0,GGGGr,r,False,False,0,,59.0,282.0,False,False,ped_link_not_green
223.0,NODE_6342,11203041633,9,0,GGGGGGGGGr,r,False,False,0,,57.0,280.0,False,False,ped_link_not_green
223.5,NODE_10060,11203052964,11,0,GGGGGGGGGGGr,r,False,False,0,,56.5,280.0,False,False,ped_link_not_green
223.5,NODE_122781,11203041635,4,0,GGGGr,r,False,False,5,ped_2_0_NODE_122781|ped_2_1_NODE_122781|ped_2_2_NODE_122781|ped_2_3_NODE_122781|ped_2_4_NODE_122781,56.5,280.0,False,False,ped_link_not_green
223.5,NODE_14937,11139418723,2,0,GGr,r,False,False,0,,56.5,280.0,False,False,ped_link_not_green
223.5,NODE_5647,10974501473,4,0,GGGGr,r,False,False,0,,58.5,282.0,False,False,ped_link_not_green
223.5,NODE_6342,11203041633,9,0,GGGGGGGGGr,r,False,False,0,,56.5,280.0,False,False,ped_link_not_green
224.0,NODE_10060,11203052964,11,0,GGGGGGGGGGGr,r,False,False,0,,56.0,280.0,False,False,ped_link_not_green
224.0,NODE_122781,11203041635,4,0,GGGGr,r,False,False,5,ped_2_0_NODE_122781|ped_2_1_NODE_122781|ped_2_2_NODE_122781|ped_2_3_NODE_122781|ped_2_4_NODE_122781,56.0,280.0,False,False,ped_link_not_green
224.0,NODE_14937,11139418723,2,0,GGr,r,False,False,0,,56.0,280.0,False,False,ped_link_not_green
224.0,NODE_5647,10974501473,4,0,GGGGr,r,False,False,0,,58.0,282.0,False,False,ped_link_not_green
224.0,NODE_6342,11203041633,9,0,GGGGGGGGGr,r,False,False,0,,56.0,280.0,False,False,ped_link_not_green
224.5,NODE_10060,11203052964,11,0,GGGGGGGGGGGr,r,False,False,0,,55.5,280.0,False,False,ped_link_not_green
224.5,NODE_122781,11203041635,4,0,GGGGr,r,False,False,4,ped_2_0_NODE_122781|ped_2_2_NODE_122781|ped_2_3_NODE_122781|ped_2_4_NODE_122781,55.5,280.0,False,False,ped_link_not_green
224.5,NODE_14937,11139418723,2,0,GGr,r,False,False,0,,55.5,280.0,False,False,ped_link_not_green
224.5,NODE_5647,10974501473,4,0,GGGGr,r,False,False,0,,57.5,282.0,False,False,ped_link_not_green
224.5,NODE_6342,11203041633,9,0,GGGGGGGGGr,r,False,False,0,,55.5,280.0,False,False,ped_link_not_green
225.0,NODE_10060,11203052964,11,0,GGGGGGGGGGGr,r,False,False,0,,55.0,280.0,False,False,ped_link_not_green
225.0,NODE_122781,11203041635,4,0,GGGGr,r,False,False,4,ped_2_0_NODE_122781|ped_2_2_NODE_122781|ped_2_3_NODE_122781|ped_2_4_NODE_122781,55.0,280.0,False,False,ped_link_not_green
225.0,NODE_14937,11139418723,2,0,GGr,r,False,False,0,,55.0,280.0,False,False,ped_link_not_green
225.0,NODE_5647,10974501473,4,0,GGGGr,r,False,False,0,,57.0,282.0,False,False,ped_link_not_green
225.0,NODE_6342,11203041633,9,0,GGGGGGGGGr,r,False,False,0,,55.0,280.0,False,False,ped_link_not_green
225.5,NODE_10060,11203052964,11,0,GGGGGGGGGGGr,r,False,False,0,,54.5,280.0,False,False,ped_link_not_green
225.5,NODE_122781,11203041635,4,0,GGGGr,r,False,False,4,ped_2_0_NODE_122781|ped_2_2_NODE_122781|ped_2_3_NODE_122781|ped_2_4_NODE_122781,54.5,280.0,False,False,ped_link_not_green
225.5,NODE_14937,11139418723,2,0,GGr,r,False,False,0,,54.5,280.0,False,False,ped_link_not_green
225.5,NODE_5647,10974501473,4,0,GGGGr,r,False,False,0,,56.5,282.0,False,False,ped_link_not_green
225.5,NODE_6342,11203041633,9,0,GGGGGGGGGr,r,False,False,0,,54.5,280.0,False,False,ped_link_not_green
226.0,NODE_10060,11203052964,11,0,GGGGGGGGGGGr,r,False,False,0,,54.0,280.0,False,False,ped_link_not_green
226.0,NODE_122781,11203041635,4,0,GGGGr,r,False,False,3,ped_2_0_NODE_122781|ped_2_3_NODE_122781|ped_2_4_NODE_122781,54.0,280.0,False,False,ped_link_not_green
226.0,NODE_14937,11139418723,2,0,GGr,r,False,False,0,,54.0,280.0,False,False,ped_link_not_green
226.0,NODE_5647,10974501473,4,0,GGGGr,r,False,False,0,,56.0,282.0,False,False,ped_link_not_green
226.0,NODE_6342,11203041633,9,0,GGGGGGGGGr,r,False,False,0,,54.0,280.0,False,False,ped_link_not_green
226.5,NODE_10060,11203052964,11,0,GGGGGGGGGGGr,r,False,False,0,,53.5,280.0,False,False,ped_link_not_green
226.5,NODE_122781,11203041635,4,0,GGGGr,r,False,False,3,ped_2_0_NODE_122781|ped_2_3_NODE_122781|ped_2_4_NODE_122781,53.5,280.0,False,False,ped_link_not_green
226.5,NODE_14937,11139418723,2,0,GGr,r,False,False,0,,53.5,280.0,False,False,ped_link_not_green
226.5,NODE_5647,10974501473,4,0,GGGGr,r,False,False,0,,55.5,282.0,False,False,ped_link_not_green
226.5,NODE_6342,11203041633,9,0,GGGGGGGGGr,r,False,False,0,,53.5,280.0,False,False,ped_link_not_green
227.0,NODE_10060,11203052964,11,0,GGGGGGGGGGGr,r,False,False,0,,53.0,280.0,False,False,ped_link_not_green
227.0,NODE_122781,11203041635,4,0,GGGGr,r,False,False,2,ped_2_0_NODE_122781|ped_2_3_NODE_122781,53.0,280.0,False,False,ped_link_not_green
227.0,NODE_14937,11139418723,2,0,GGr,r,False,False,0,,53.0,280.0,False,False,ped_link_not_green
227.0,NODE_5647,10974501473,4,0,GGGGr,r,False,False,0,,55.0,282.0,False,False,ped_link_not_green
227.0,NODE_6342,11203041633,9,0,GGGGGGGGGr,r,False,False,0,,53.0,280.0,False,False,ped_link_not_green
227.5,NODE_10060,11203052964,11,0,GGGGGGGGGGGr,r,False,False,0,,52.5,280.0,False,False,ped_link_not_green
227.5,NODE_122781,11203041635,4,0,GGGGr,r,False,False,2,ped_2_0_NODE_122781|ped_2_3_NODE_122781,52.5,280.0,False,False,ped_link_not_green
227.5,NODE_14937,11139418723,2,0,GGr,r,False,False,0,,52.5,280.0,False,False,ped_link_not_green
227.5,NODE_5647,10974501473,4,0,GGGGr,r,False,False,0,,54.5,282.0,False,False,ped_link_not_green
227.5,NODE_6342,11203041633,9,0,GGGGGGGGGr,r,False,False,0,,52.5,280.0,False,False,ped_link_not_green
228.0,NODE_10060,11203052964,11,0,GGGGGGGGGGGr,r,False,False,0,,52.0,280.0,False,False,ped_link_not_green
228.0,NODE_122781,11203041635,4,0,GGGGr,r,False,False,2,ped_2_0_NODE_122781|ped_2_3_NODE_122781,52.0,280.0,False,False,ped_link_not_green
228.0,NODE_14937,11139418723,2,0,GGr,r,False,False,0,,52.0,280.0,False,False,ped_link_not_green
228.0,NODE_5647,10974501473,4,0,GGGGr,r,False,False,0,,54.0,282.0,False,False,ped_link_not_green
228.0,NODE_6342,11203041633,9,0,GGGGGGGGGr,r,False,False,0,,52.0,280.0,False,False,ped_link_not_green
228.5,NODE_10060,11203052964,11,0,GGGGGGGGGGGr,r,False,False,0,,51.5,280.0,False,False,ped_link_not_green
228.5,NODE_122781,11203041635,4,0,GGGGr,r,False,False,2,ped_2_0_NODE_122781|ped_2_3_NODE_122781,51.5,280.0,False,False,ped_link_not_green
228.5,NODE_14937,11139418723,2,0,GGr,r,False,False,0,,51.5,280.0,False,False,ped_link_not_green
228.5,NODE_5647,10974501473,4,0,GGGGr,r,False,False,0,,53.5,282.0,False,False,ped_link_not_green
228.5,NODE_6342,11203041633,9,0,GGGGGGGGGr,r,False,False,0,,51.5,280.0,False,False,ped_link_not_green
229.0,NODE_10060,11203052964,11,0,GGGGGGGGGGGr,r,False,False,0,,51.0,280.0,False,False,ped_link_not_green
229.0,NODE_122781,11203041635,4,0,GGGGr,r,False,False,2,ped_2_0_NODE_122781|ped_2_3_NODE_122781,51.0,280.0,False,False,ped_link_not_green
229.0,NODE_14937,11139418723,2,0,GGr,r,False,False,0,,51.0,280.0,False,False,ped_link_not_green
229.0,NODE_5647,10974501473,4,0,GGGGr,r,False,False,0,,53.0,282.0,False,False,ped_link_not_green
229.0,NODE_6342,11203041633,9,0,GGGGGGGGGr,r,False,False,0,,51.0,280.0,False,False,ped_link_not_green
229.5,NODE_10060,11203052964,11,0,GGGGGGGGGGGr,r,False,False,0,,50.5,280.0,False,False,ped_link_not_green
229.5,NODE_122781,11203041635,4,0,GGGGr,r,False,False,2,ped_2_0_NODE_122781|ped_2_3_NODE_122781,50.5,280.0,False,False,ped_link_not_green
229.5,NODE_14937,11139418723,2,0,GGr,r,False,False,0,,50.5,280.0,False,False,ped_link_not_green
229.5,NODE_5647,10974501473,4,0,GGGGr,r,False,False,0,,52.5,282.0,False,False,ped_link_not_green
229.5,NODE_6342,11203041633,9,0,GGGGGGGGGr,r,False,False,0,,50.5,280.0,False,False,ped_link_not_green
230.0,NODE_10060,11203052964,11,0,GGGGGGGGGGGr,r,False,False,0,,50.0,280.0,False,False,ped_link_not_green
230.0,NODE_122781,11203041635,4,0,GGGGr,r,False,False,1,ped_2_3_NODE_122781,50.0,280.0,False,False,ped_link_not_green
230.0,NODE_14937,11139418723,2,0,GGr,r,False,False,0,,50.0,280.0,False,False,ped_link_not_green
230.0,NODE_5647,10974501473,4,0,GGGGr,r,False,False,0,,52.0,282.0,False,False,ped_link_not_green
230.0,NODE_6342,11203041633,9,0,GGGGGGGGGr,r,False,False,0,,50.0,280.0,False,False,ped_link_not_green
230.5,NODE_10060,11203052964,11,0,GGGGGGGGGGGr,r,False,False,0,,49.5,280.0,False,False,ped_link_not_green
230.5,NODE_122781,11203041635,4,0,GGGGr,r,False,False,1,ped_2_3_NODE_122781,49.5,280.0,False,False,ped_link_not_green
230.5,NODE_14937,11139418723,2,0,GGr,r,False,False,0,,49.5,280.0,False,False,ped_link_not_green
230.5,NODE_5647,10974501473,4,0,GGGGr,r,False,False,0,,51.5,282.0,False,False,ped_link_not_green
230.5,NODE_6342,11203041633,9,0,GGGGGGGGGr,r,False,False,0,,49.5,280.0,False,False,ped_link_not_green
231.0,NODE_10060,11203052964,11,0,GGGGGGGGGGGr,r,False,False,0,,49.0,280.0,False,False,ped_link_not_green
231.0,NODE_122781,11203041635,4,0,GGGGr,r,False,False,1,ped_2_3_NODE_122781,49.0,280.0,False,False,ped_link_not_green
231.0,NODE_14937,11139418723,2,0,GGr,r,False,False,0,,49.0,280.0,False,False,ped_link_not_green
231.0,NODE_5647,10974501473,4,0,GGGGr,r,False,False,0,,51.0,282.0,False,False,ped_link_not_green
231.0,NODE_6342,11203041633,9,0,GGGGGGGGGr,r,False,False,0,,49.0,280.0,False,False,ped_link_not_green
231.5,NODE_10060,11203052964,11,0,GGGGGGGGGGGr,r,False,False,0,,48.5,280.0,False,False,ped_link_not_green
231.5,NODE_122781,11203041635,4,0,GGGGr,r,False,False,1,ped_2_3_NODE_122781,48.5,280.0,False,False,ped_link_not_green
231.5,NODE_14937,11139418723,2,0,GGr,r,False,False,0,,48.5,280.0,False,False,ped_link_not_green
231.5,NODE_5647,10974501473,4,0,GGGGr,r,False,False,0,,50.5,282.0,False,False,ped_link_not_green
231.5,NODE_6342,11203041633,9,0,GGGGGGGGGr,r,False,False,0,,48.5,280.0,False,False,ped_link_not_green
232.0,NODE_10060,11203052964,11,0,GGGGGGGGGGGr,r,False,False,0,,48.0,280.0,False,False,ped_link_not_green
232.0,NODE_122781,11203041635,4,0,GGGGr,r,False,False,1,ped_2_3_NODE_122781,48.0,280.0,False,False,ped_link_not_green
232.0,NODE_14937,11139418723,2,0,GGr,r,False,False,0,,48.0,280.0,False,False,ped_link_not_green
232.0,NODE_5647,10974501473,4,0,GGGGr,r,False,False,0,,50.0,282.0,False,False,ped_link_not_green
232.0,NODE_6342,11203041633,9,0,GGGGGGGGGr,r,False,False,0,,48.0,280.0,False,False,ped_link_not_green
232.5,NODE_10060,11203052964,11,0,GGGGGGGGGGGr,r,False,False,0,,47.5,280.0,False,False,ped_link_not_green
232.5,NODE_122781,11203041635,4,0,GGGGr,r,False,False,1,ped_2_3_NODE_122781,47.5,280.0,False,False,ped_link_not_green
232.5,NODE_14937,11139418723,2,0,GGr,r,False,False,0,,47.5,280.0,False,False,ped_link_not_green
232.5,NODE_5647,10974501473,4,0,GGGGr,r,False,False,0,,49.5,282.0,False,False,ped_link_not_green
232.5,NODE_6342,11203041633,9,0,GGGGGGGGGr,r,False,False,0,,47.5,280.0,False,False,ped_link_not_green
233.0,NODE_10060,11203052964,11,0,GGGGGGGGGGGr,r,False,False,0,,47.0,280.0,False,False,ped_link_not_green
233.0,NODE_122781,11203041635,4,0,GGGGr,r,False,False,0,,47.0,280.0,False,False,ped_link_not_green
233.0,NODE_14937,11139418723,2,0,GGr,r,False,False,0,,47.0,280.0,False,False,ped_link_not_green
233.0,NODE_5647,10974501473,4,0,GGGGr,r,False,False,0,,49.0,282.0,False,False,ped_link_not_green
233.0,NODE_6342,11203041633,9,0,GGGGGGGGGr,r,False,False,0,,47.0,280.0,False,False,ped_link_not_green
233.5,NODE_10060,11203052964,11,0,GGGGGGGGGGGr,r,False,False,0,,46.5,280.0,False,False,ped_link_not_green
233.5,NODE_122781,11203041635,4,0,GGGGr,r,False,False,0,,46.5,280.0,False,False,ped_link_not_green
233.5,NODE_14937,11139418723,2,0,GGr,r,False,False,0,,46.5,280.0,False,False,ped_link_not_green
233.5,NODE_5647,10974501473,4,0,GGGGr,r,False,False,0,,48.5,282.0,False,False,ped_link_not_green
233.5,NODE_6342,11203041633,9,0,GGGGGGGGGr,r,False,False,0,,46.5,280.0,False,False,ped_link_not_green
234.0,NODE_10060,11203052964,11,0,GGGGGGGGGGGr,r,False,False,0,,46.0,280.0,False,False,ped_link_not_green
234.0,NODE_122781,11203041635,4,0,GGGGr,r,False,False,0,,46.0,280.0,False,False,ped_link_not_green
234.0,NODE_14937,11139418723,2,0,GGr,r,False,False,0,,46.0,280.0,False,False,ped_link_not_green
234.0,NODE_5647,10974501473,4,0,GGGGr,r,False,False,0,,48.0,282.0,False,False,ped_link_not_green
234.0,NODE_6342,11203041633,9,0,GGGGGGGGGr,r,False,False,0,,46.0,280.0,False,False,ped_link_not_green
234.5,NODE_10060,11203052964,11,0,GGGGGGGGGGGr,r,False,False,0,,45.5,280.0,False,False,ped_link_not_green
234.5,NODE_122781,11203041635,4,0,GGGGr,r,False,False,0,,45.5,280.0,False,False,ped_link_not_green
234.5,NODE_14937,11139418723,2,0,GGr,r,False,False,0,,45.5,280.0,False,False,ped_link_not_green
234.5,NODE_5647,10974501473,4,0,GGGGr,r,False,False,0,,47.5,282.0,False,False,ped_link_not_green
234.5,NODE_6342,11203041633,9,0,GGGGGGGGGr,r,False,False,0,,45.5,280.0,False,False,ped_link_not_green
235.0,NODE_10060,11203052964,11,0,GGGGGGGGGGGr,r,False,False,0,,45.0,280.0,False,False,ped_link_not_green
235.0,NODE_122781,11203041635,4,0,GGGGr,r,False,False,0,,45.0,280.0,False,False,ped_link_not_green
235.0,NODE_14937,11139418723,2,0,GGr,r,False,False,0,,45.0,280.0,False,False,ped_link_not_green
235.0,NODE_5647,10974501473,4,0,GGGGr,r,False,False,0,,47.0,282.0,False,False,ped_link_not_green
235.0,NODE_6342,11203041633,9,0,GGGGGGGGGr,r,False,False,0,,45.0,280.0,False,False,ped_link_not_green
235.5,NODE_10060,11203052964,11,0,GGGGGGGGGGGr,r,False,False,0,,44.5,280.0,False,False,ped_link_not_green
235.5,NODE_122781,11203041635,4,0,GGGGr,r,False,False,0,,44.5,280.0,False,False,ped_link_not_green
235.5,NODE_14937,11139418723,2,0,GGr,r,False,False,0,,44.5,280.0,False,False,ped_link_not_green
235.5,NODE_5647,10974501473,4,0,GGGGr,r,False,False,0,,46.5,282.0,False,False,ped_link_not_green
235.5,NODE_6342,11203041633,9,0,GGGGGGGGGr,r,False,False,0,,44.5,280.0,False,False,ped_link_not_green
236.0,NODE_10060,11203052964,11,0,GGGGGGGGGGGr,r,False,False,0,,44.0,280.0,False,False,ped_link_not_green
236.0,NODE_122781,11203041635,4,0,GGGGr,r,False,False,0,,44.0,280.0,False,False,ped_link_not_green
236.0,NODE_14937,11139418723,2,0,GGr,r,False,False,0,,44.0,280.0,False,False,ped_link_not_green
236.0,NODE_5647,10974501473,4,0,GGGGr,r,False,False,0,,46.0,282.0,False,False,ped_link_not_green
236.0,NODE_6342,11203041633,9,0,GGGGGGGGGr,r,False,False,0,,44.0,280.0,False,False,ped_link_not_green
236.5,NODE_10060,11203052964,11,0,GGGGGGGGGGGr,r,False,False,0,,43.5,280.0,False,False,ped_link_not_green
236.5,NODE_122781,11203041635,4,0,GGGGr,r,False,False,0,,43.5,280.0,False,False,ped_link_not_green
236.5,NODE_14937,11139418723,2,0,GGr,r,False,False,0,,43.5,280.0,False,False,ped_link_not_green
236.5,NODE_5647,10974501473,4,0,GGGGr,r,False,False,0,,45.5,282.0,False,False,ped_link_not_green
236.5,NODE_6342,11203041633,9,0,GGGGGGGGGr,r,False,False,0,,43.5,280.0,False,False,ped_link_not_green
237.0,NODE_10060,11203052964,11,0,GGGGGGGGGGGr,r,False,False,0,,43.0,280.0,False,False,ped_link_not_green
237.0,NODE_122781,11203041635,4,0,GGGGr,r,False,False,0,,43.0,280.0,False,False,ped_link_not_green
237.0,NODE_14937,11139418723,2,0,GGr,r,False,False,0,,43.0,280.0,False,False,ped_link_not_green
237.0,NODE_5647,10974501473,4,0,GGGGr,r,False,False,0,,45.0,282.0,False,False,ped_link_not_green
237.0,NODE_6342,11203041633,9,0,GGGGGGGGGr,r,False,False,0,,43.0,280.0,False,False,ped_link_not_green
237.5,NODE_10060,11203052964,11,0,GGGGGGGGGGGr,r,False,False,0,,42.5,280.0,False,False,ped_link_not_green
237.5,NODE_122781,11203041635,4,0,GGGGr,r,False,False,0,,42.5,280.0,False,False,ped_link_not_green
237.5,NODE_14937,11139418723,2,0,GGr,r,False,False,0,,42.5,280.0,False,False,ped_link_not_green
237.5,NODE_5647,10974501473,4,0,GGGGr,r,False,False,0,,44.5,282.0,False,False,ped_link_not_green
237.5,NODE_6342,11203041633,9,0,GGGGGGGGGr,r,False,False,0,,42.5,280.0,False,False,ped_link_not_green
238.0,NODE_10060,11203052964,11,0,GGGGGGGGGGGr,r,False,False,0,,42.0,280.0,False,False,ped_link_not_green
238.0,NODE_122781,11203041635,4,0,GGGGr,r,False,False,0,,42.0,280.0,False,False,ped_link_not_green
238.0,NODE_14937,11139418723,2,0,GGr,r,False,False,0,,42.0,280.0,False,False,ped_link_not_green
238.0,NODE_5647,10974501473,4,0,GGGGr,r,False,False,0,,44.0,282.0,False,False,ped_link_not_green
238.0,NODE_6342,11203041633,9,0,GGGGGGGGGr,r,False,False,0,,42.0,280.0,False,False,ped_link_not_green
238.5,NODE_10060,11203052964,11,0,GGGGGGGGGGGr,r,False,False,0,,41.5,280.0,False,False,ped_link_not_green
238.5,NODE_122781,11203041635,4,0,GGGGr,r,False,False,0,,41.5,280.0,False,False,ped_link_not_green
238.5,NODE_14937,11139418723,2,0,GGr,r,False,False,0,,41.5,280.0,False,False,ped_link_not_green
238.5,NODE_5647,10974501473,4,0,GGGGr,r,False,False,0,,43.5,282.0,False,False,ped_link_not_green
238.5,NODE_6342,11203041633,9,0,GGGGGGGGGr,r,False,False,0,,41.5,280.0,False,False,ped_link_not_green
239.0,NODE_10060,11203052964,11,0,GGGGGGGGGGGr,r,False,False,0,,41.0,280.0,False,False,ped_link_not_green
239.0,NODE_122781,11203041635,4,0,GGGGr,r,False,False,0,,41.0,280.0,False,False,ped_link_not_green
239.0,NODE_14937,11139418723,2,0,GGr,r,False,False,0,,41.0,280.0,False,False,ped_link_not_green
239.0,NODE_5647,10974501473,4,0,GGGGr,r,False,False,0,,43.0,282.0,False,False,ped_link_not_green
239.0,NODE_6342,11203041633,9,0,GGGGGGGGGr,r,False,False,0,,41.0,280.0,False,False,ped_link_not_green
239.5,NODE_10060,11203052964,11,0,GGGGGGGGGGGr,r,False,False,0,,40.5,280.0,False,False,ped_link_not_green
239.5,NODE_122781,11203041635,4,0,GGGGr,r,False,False,0,,40.5,280.0,False,False,ped_link_not_green
239.5,NODE_14937,11139418723,2,0,GGr,r,False,False,0,,40.5,280.0,False,False,ped_link_not_green
239.5,NODE_5647,10974501473,4,0,GGGGr,r,False,False,0,,42.5,282.0,False,False,ped_link_not_green
239.5,NODE_6342,11203041633,9,0,GGGGGGGGGr,r,False,False,0,,40.5,280.0,False,False,ped_link_not_green
240.0,NODE_10060,11203052964,11,0,GGGGGGGGGGGr,r,False,False,0,,40.0,280.0,False,False,ped_link_not_green
240.0,NODE_122781,11203041635,4,0,GGGGr,r,False,False,0,,40.0,280.0,False,False,ped_link_not_green
240.0,NODE_14937,11139418723,2,0,GGr,r,False,False,0,,40.0,280.0,False,False,ped_link_not_green
240.0,NODE_5647,10974501473,4,0,GGGGr,r,False,False,0,,42.0,282.0,False,False,ped_link_not_green
240.0,NODE_6342,11203041633,9,0,GGGGGGGGGr,r,False,False,0,,40.0,280.0,False,False,ped_link_not_green
240.5,NODE_10060,11203052964,11,0,GGGGGGGGGGGr,r,False,False,0,,39.5,280.0,False,False,ped_link_not_green
240.5,NODE_122781,11203041635,4,0,GGGGr,r,False,False,0,,39.5,280.0,False,False,ped_link_not_green
240.5,NODE_14937,11139418723,2,0,GGr,r,False,False,0,,39.5,280.0,False,False,ped_link_not_green
240.5,NODE_5647,10974501473,4,0,GGGGr,r,False,False,0,,41.5,282.0,False,False,ped_link_not_green
240.5,NODE_6342,11203041633,9,0,GGGGGGGGGr,r,False,False,0,,39.5,280.0,False,False,ped_link_not_green
241.0,NODE_10060,11203052964,11,0,GGGGGGGGGGGr,r,False,False,0,,39.0,280.0,False,False,ped_link_not_green
241.0,NODE_122781,11203041635,4,0,GGGGr,r,False,False,0,,39.0,280.0,False,False,ped_link_not_green
241.0,NODE_14937,11139418723,2,0,GGr,r,False,False,0,,39.0,280.0,False,False,ped_link_not_green
241.0,NODE_5647,10974501473,4,0,GGGGr,r,False,False,0,,41.0,282.0,False,False,ped_link_not_green
241.0,NODE_6342,11203041633,9,0,GGGGGGGGGr,r,False,False,0,,39.0,280.0,False,False,ped_link_not_green
241.5,NODE_10060,11203052964,11,0,GGGGGGGGGGGr,r,False,False,0,,38.5,280.0,False,False,ped_link_not_green
241.5,NODE_122781,11203041635,4,0,GGGGr,r,False,False,0,,38.5,280.0,False,False,ped_link_not_green
241.5,NODE_14937,11139418723,2,0,GGr,r,False,False,0,,38.5,280.0,False,False,ped_link_not_green
241.5,NODE_5647,10974501473,4,0,GGGGr,r,False,False,0,,40.5,282.0,False,False,ped_link_not_green
241.5,NODE_6342,11203041633,9,0,GGGGGGGGGr,r,False,False,0,,38.5,280.0,False,False,ped_link_not_green
242.0,NODE_10060,11203052964,11,0,GGGGGGGGGGGr,r,False,False,0,,38.0,280.0,False,False,ped_link_not_green
242.0,NODE_122781,11203041635,4,0,GGGGr,r,False,False,0,,38.0,280.0,False,False,ped_link_not_green
242.0,NODE_14937,11139418723,2,0,GGr,r,False,False,0,,38.0,280.0,False,False,ped_link_not_green
242.0,NODE_5647,10974501473,4,0,GGGGr,r,False,False,0,,40.0,282.0,False,False,ped_link_not_green
242.0,NODE_6342,11203041633,9,0,GGGGGGGGGr,r,False,False,0,,38.0,280.0,False,False,ped_link_not_green
242.5,NODE_10060,11203052964,11,0,GGGGGGGGGGGr,r,False,False,0,,37.5,280.0,False,False,ped_link_not_green
242.5,NODE_122781,11203041635,4,0,GGGGr,r,False,False,0,,37.5,280.0,False,False,ped_link_not_green
242.5,NODE_14937,11139418723,2,0,GGr,r,False,False,0,,37.5,280.0,False,False,ped_link_not_green
242.5,NODE_5647,10974501473,4,0,GGGGr,r,False,False,0,,39.5,282.0,False,False,ped_link_not_green
242.5,NODE_6342,11203041633,9,0,GGGGGGGGGr,r,False,False,0,,37.5,280.0,False,False,ped_link_not_green
243.0,NODE_10060,11203052964,11,0,GGGGGGGGGGGr,r,False,False,0,,37.0,280.0,False,False,ped_link_not_green
243.0,NODE_122781,11203041635,4,0,GGGGr,r,False,False,0,,37.0,280.0,False,False,ped_link_not_green
243.0,NODE_14937,11139418723,2,0,GGr,r,False,False,0,,37.0,280.0,False,False,ped_link_not_green
243.0,NODE_5647,10974501473,4,0,GGGGr,r,False,False,0,,39.0,282.0,False,False,ped_link_not_green
243.0,NODE_6342,11203041633,9,0,GGGGGGGGGr,r,False,False,0,,37.0,280.0,False,False,ped_link_not_green
243.5,NODE_10060,11203052964,11,0,GGGGGGGGGGGr,r,False,False,0,,36.5,280.0,False,False,ped_link_not_green
243.5,NODE_122781,11203041635,4,0,GGGGr,r,False,False,0,,36.5,280.0,False,False,ped_link_not_green
243.5,NODE_14937,11139418723,2,0,GGr,r,False,False,0,,36.5,280.0,False,False,ped_link_not_green
243.5,NODE_5647,10974501473,4,0,GGGGr,r,False,False,0,,38.5,282.0,False,False,ped_link_not_green
243.5,NODE_6342,11203041633,9,0,GGGGGGGGGr,r,False,False,0,,36.5,280.0,False,False,ped_link_not_green
244.0,NODE_10060,11203052964,11,0,GGGGGGGGGGGr,r,False,False,0,,36.0,280.0,False,False,ped_link_not_green
244.0,NODE_122781,11203041635,4,0,GGGGr,r,False,False,0,,36.0,280.0,False,False,ped_link_not_green
244.0,NODE_14937,11139418723,2,0,GGr,r,False,False,0,,36.0,280.0,False,False,ped_link_not_green
244.0,NODE_5647,10974501473,4,0,GGGGr,r,False,False,0,,38.0,282.0,False,False,ped_link_not_green
244.0,NODE_6342,11203041633,9,0,GGGGGGGGGr,r,False,False,0,,36.0,280.0,False,False,ped_link_not_green
244.5,NODE_10060,11203052964,11,0,GGGGGGGGGGGr,r,False,False,0,,35.5,280.0,False,False,ped_link_not_green
244.5,NODE_122781,11203041635,4,0,GGGGr,r,False,False,0,,35.5,280.0,False,False,ped_link_not_green
244.5,NODE_14937,11139418723,2,0,GGr,r,False,False,0,,35.5,280.0,False,False,ped_link_not_green
244.5,NODE_5647,10974501473,4,0,GGGGr,r,False,False,0,,37.5,282.0,False,False,ped_link_not_green
244.5,NODE_6342,11203041633,9,0,GGGGGGGGGr,r,False,False,0,,35.5,280.0,False,False,ped_link_not_green
245.0,NODE_10060,11203052964,11,0,GGGGGGGGGGGr,r,False,False,0,,35.0,280.0,False,False,ped_link_not_green
245.0,NODE_122781,11203041635,4,0,GGGGr,r,False,False,0,,35.0,280.0,False,False,ped_link_not_green
245.0,NODE_14937,11139418723,2,0,GGr,r,False,False,0,,35.0,280.0,False,False,ped_link_not_green
245.0,NODE_5647,10974501473,4,0,GGGGr,r,False,False,0,,37.0,282.0,False,False,ped_link_not_green
245.0,NODE_6342,11203041633,9,0,GGGGGGGGGr,r,False,False,0,,35.0,280.0,False,False,ped_link_not_green
245.5,NODE_10060,11203052964,11,0,GGGGGGGGGGGr,r,False,False,0,,34.5,280.0,False,False,ped_link_not_green
245.5,NODE_122781,11203041635,4,0,GGGGr,r,False,False,0,,34.5,280.0,False,False,ped_link_not_green
245.5,NODE_14937,11139418723,2,0,GGr,r,False,False,0,,34.5,280.0,False,False,ped_link_not_green
245.5,NODE_5647,10974501473,4,0,GGGGr,r,False,False,0,,36.5,282.0,False,False,ped_link_not_green
245.5,NODE_6342,11203041633,9,0,GGGGGGGGGr,r,False,False,0,,34.5,280.0,False,False,ped_link_not_green
246.0,NODE_10060,11203052964,11,0,GGGGGGGGGGGr,r,False,False,0,,34.0,280.0,False,False,ped_link_not_green
246.0,NODE_122781,11203041635,4,0,GGGGr,r,False,False,0,,34.0,280.0,False,False,ped_link_not_green
246.0,NODE_14937,11139418723,2,0,GGr,r,False,False,0,,34.0,280.0,False,False,ped_link_not_green
246.0,NODE_5647,10974501473,4,0,GGGGr,r,False,False,0,,36.0,282.0,False,False,ped_link_not_green
246.0,NODE_6342,11203041633,9,0,GGGGGGGGGr,r,False,False,0,,34.0,280.0,False,False,ped_link_not_green
246.5,NODE_10060,11203052964,11,0,GGGGGGGGGGGr,r,False,False,0,,33.5,280.0,False,False,ped_link_not_green
246.5,NODE_122781,11203041635,4,0,GGGGr,r,False,False,0,,33.5,280.0,False,False,ped_link_not_green
246.5,NODE_14937,11139418723,2,0,GGr,r,False,False,0,,33.5,280.0,False,False,ped_link_not_green
246.5,NODE_5647,10974501473,4,0,GGGGr,r,False,False,0,,35.5,282.0,False,False,ped_link_not_green
246.5,NODE_6342,11203041633,9,0,GGGGGGGGGr,r,False,False,0,,33.5,280.0,False,False,ped_link_not_green
247.0,NODE_10060,11203052964,11,0,GGGGGGGGGGGr,r,False,False,0,,33.0,280.0,False,False,ped_link_not_green
247.0,NODE_122781,11203041635,4,0,GGGGr,r,False,False,0,,33.0,280.0,False,False,ped_link_not_green
247.0,NODE_14937,11139418723,2,0,GGr,r,False,False,0,,33.0,280.0,False,False,ped_link_not_green
247.0,NODE_5647,10974501473,4,0,GGGGr,r,False,False,0,,35.0,282.0,False,False,ped_link_not_green
247.0,NODE_6342,11203041633,9,0,GGGGGGGGGr,r,False,False,0,,33.0,280.0,False,False,ped_link_not_green
247.5,NODE_10060,11203052964,11,0,GGGGGGGGGGGr,r,False,False,0,,32.5,280.0,False,False,ped_link_not_green
247.5,NODE_122781,11203041635,4,0,GGGGr,r,False,False,0,,32.5,280.0,False,False,ped_link_not_green
247.5,NODE_14937,11139418723,2,0,GGr,r,False,False,0,,32.5,280.0,False,False,ped_link_not_green
247.5,NODE_5647,10974501473,4,0,GGGGr,r,False,False,0,,34.5,282.0,False,False,ped_link_not_green
247.5,NODE_6342,11203041633,9,0,GGGGGGGGGr,r,False,False,0,,32.5,280.0,False,False,ped_link_not_green
248.0,NODE_10060,11203052964,11,0,GGGGGGGGGGGr,r,False,False,0,,32.0,280.0,False,False,ped_link_not_green
248.0,NODE_122781,11203041635,4,0,GGGGr,r,False,False,0,,32.0,280.0,False,False,ped_link_not_green
248.0,NODE_14937,11139418723,2,0,GGr,r,False,False,0,,32.0,280.0,False,False,ped_link_not_green
248.0,NODE_5647,10974501473,4,0,GGGGr,r,False,False,0,,34.0,282.0,False,False,ped_link_not_green
248.0,NODE_6342,11203041633,9,0,GGGGGGGGGr,r,False,False,0,,32.0,280.0,False,False,ped_link_not_green
248.5,NODE_10060,11203052964,11,0,GGGGGGGGGGGr,r,False,False,0,,31.5,280.0,False,False,ped_link_not_green
248.5,NODE_122781,11203041635,4,0,GGGGr,r,False,False,0,,31.5,280.0,False,False,ped_link_not_green
248.5,NODE_14937,11139418723,2,0,GGr,r,False,False,0,,31.5,280.0,False,False,ped_link_not_green
248.5,NODE_5647,10974501473,4,0,GGGGr,r,False,False,0,,33.5,282.0,False,False,ped_link_not_green
248.5,NODE_6342,11203041633,9,0,GGGGGGGGGr,r,False,False,0,,31.5,280.0,False,False,ped_link_not_green
249.0,NODE_10060,11203052964,11,0,GGGGGGGGGGGr,r,False,False,0,,31.0,280.0,False,False,ped_link_not_green
249.0,NODE_122781,11203041635,4,0,GGGGr,r,False,False,0,,31.0,280.0,False,False,ped_link_not_green
249.0,NODE_14937,11139418723,2,0,GGr,r,False,False,0,,31.0,280.0,False,False,ped_link_not_green
249.0,NODE_5647,10974501473,4,0,GGGGr,r,False,False,0,,33.0,282.0,False,False,ped_link_not_green
249.0,NODE_6342,11203041633,9,0,GGGGGGGGGr,r,False,False,0,,31.0,280.0,False,False,ped_link_not_green
249.5,NODE_10060,11203052964,11,0,GGGGGGGGGGGr,r,False,False,0,,30.5,280.0,False,False,ped_link_not_green
249.5,NODE_122781,11203041635,4,0,GGGGr,r,False,False,0,,30.5,280.0,False,False,ped_link_not_green
249.5,NODE_14937,11139418723,2,0,GGr,r,False,False,0,,30.5,280.0,False,False,ped_link_not_green
249.5,NODE_5647,10974501473,4,0,GGGGr,r,False,False,0,,32.5,282.0,False,False,ped_link_not_green
249.5,NODE_6342,11203041633,9,0,GGGGGGGGGr,r,False,False,0,,30.5,280.0,False,False,ped_link_not_green
250.0,NODE_10060,11203052964,11,0,GGGGGGGGGGGr,r,False,False,0,,30.0,280.0,False,False,ped_link_not_green
250.0,NODE_122781,11203041635,4,0,GGGGr,r,False,False,0,,30.0,280.0,False,False,ped_link_not_green
250.0,NODE_14937,11139418723,2,0,GGr,r,False,False,0,,30.0,280.0,False,False,ped_link_not_green
250.0,NODE_5647,10974501473,4,0,GGGGr,r,False,False,0,,32.0,282.0,False,False,ped_link_not_green
250.0,NODE_6342,11203041633,9,0,GGGGGGGGGr,r,False,False,0,,30.0,280.0,False,False,ped_link_not_green
250.5,NODE_10060,11203052964,11,0,GGGGGGGGGGGr,r,False,False,0,,29.5,280.0,False,False,ped_link_not_green
250.5,NODE_122781,11203041635,4,0,GGGGr,r,False,False,0,,29.5,280.0,False,False,ped_link_not_green
250.5,NODE_14937,11139418723,2,0,GGr,r,False,False,0,,29.5,280.0,False,False,ped_link_not_green
250.5,NODE_5647,10974501473,4,0,GGGGr,r,False,False,0,,31.5,282.0,False,False,ped_link_not_green
250.5,NODE_6342,11203041633,9,0,GGGGGGGGGr,r,False,False,0,,29.5,280.0,False,False,ped_link_not_green
251.0,NODE_10060,11203052964,11,0,GGGGGGGGGGGr,r,False,False,0,,29.0,280.0,False,False,ped_link_not_green
251.0,NODE_122781,11203041635,4,0,GGGGr,r,False,False,0,,29.0,280.0,False,False,ped_link_not_green
251.0,NODE_14937,11139418723,2,0,GGr,r,False,False,0,,29.0,280.0,False,False,ped_link_not_green
251.0,NODE_5647,10974501473,4,0,GGGGr,r,False,False,0,,31.0,282.0,False,False,ped_link_not_green
251.0,NODE_6342,11203041633,9,0,GGGGGGGGGr,r,False,False,0,,29.0,280.0,False,False,ped_link_not_green
251.5,NODE_10060,11203052964,11,0,GGGGGGGGGGGr,r,False,False,0,,28.5,280.0,False,False,ped_link_not_green
251.5,NODE_122781,11203041635,4,0,GGGGr,r,False,False,0,,28.5,280.0,False,False,ped_link_not_green
251.5,NODE_14937,11139418723,2,0,GGr,r,False,False,0,,28.5,280.0,False,False,ped_link_not_green
251.5,NODE_5647,10974501473,4,0,GGGGr,r,False,False,0,,30.5,282.0,False,False,ped_link_not_green
251.5,NODE_6342,11203041633,9,0,GGGGGGGGGr,r,False,False,0,,28.5,280.0,False,False,ped_link_not_green
252.0,NODE_10060,11203052964,11,0,GGGGGGGGGGGr,r,False,False,0,,28.0,280.0,False,False,ped_link_not_green
252.0,NODE_122781,11203041635,4,0,GGGGr,r,False,False,0,,28.0,280.0,False,False,ped_link_not_green
252.0,NODE_14937,11139418723,2,0,GGr,r,False,False,0,,28.0,280.0,False,False,ped_link_not_green
252.0,NODE_5647,10974501473,4,0,GGGGr,r,False,False,0,,30.0,282.0,False,False,ped_link_not_green
252.0,NODE_6342,11203041633,9,0,GGGGGGGGGr,r,False,False,0,,28.0,280.0,False,False,ped_link_not_green
252.5,NODE_10060,11203052964,11,0,GGGGGGGGGGGr,r,False,False,0,,27.5,280.0,False,False,ped_link_not_green
252.5,NODE_122781,11203041635,4,0,GGGGr,r,False,False,0,,27.5,280.0,False,False,ped_link_not_green
252.5,NODE_14937,11139418723,2,0,GGr,r,False,False,0,,27.5,280.0,False,False,ped_link_not_green
252.5,NODE_5647,10974501473,4,0,GGGGr,r,False,False,0,,29.5,282.0,False,False,ped_link_not_green
252.5,NODE_6342,11203041633,9,0,GGGGGGGGGr,r,False,False,0,,27.5,280.0,False,False,ped_link_not_green
253.0,NODE_10060,11203052964,11,0,GGGGGGGGGGGr,r,False,False,0,,27.0,280.0,False,False,ped_link_not_green
253.0,NODE_122781,11203041635,4,0,GGGGr,r,False,False,0,,27.0,280.0,False,False,ped_link_not_green
253.0,NODE_14937,11139418723,2,0,GGr,r,False,False,0,,27.0,280.0,False,False,ped_link_not_green
253.0,NODE_5647,10974501473,4,0,GGGGr,r,False,False,0,,29.0,282.0,False,False,ped_link_not_green
253.0,NODE_6342,11203041633,9,0,GGGGGGGGGr,r,False,False,0,,27.0,280.0,False,False,ped_link_not_green
253.5,NODE_10060,11203052964,11,0,GGGGGGGGGGGr,r,False,False,0,,26.5,280.0,False,False,ped_link_not_green
253.5,NODE_122781,11203041635,4,0,GGGGr,r,False,False,0,,26.5,280.0,False,False,ped_link_not_green
253.5,NODE_14937,11139418723,2,0,GGr,r,False,False,0,,26.5,280.0,False,False,ped_link_not_green
253.5,NODE_5647,10974501473,4,0,GGGGr,r,False,False,0,,28.5,282.0,False,False,ped_link_not_green
253.5,NODE_6342,11203041633,9,0,GGGGGGGGGr,r,False,False,0,,26.5,280.0,False,False,ped_link_not_green
254.0,NODE_10060,11203052964,11,0,GGGGGGGGGGGr,r,False,False,0,,26.0,280.0,False,False,ped_link_not_green
254.0,NODE_122781,11203041635,4,0,GGGGr,r,False,False,0,,26.0,280.0,False,False,ped_link_not_green
254.0,NODE_14937,11139418723,2,0,GGr,r,False,False,0,,26.0,280.0,False,False,ped_link_not_green
254.0,NODE_5647,10974501473,4,0,GGGGr,r,False,False,0,,28.0,282.0,False,False,ped_link_not_green
254.0,NODE_6342,11203041633,9,0,GGGGGGGGGr,r,False,False,0,,26.0,280.0,False,False,ped_link_not_green
254.5,NODE_10060,11203052964,11,0,GGGGGGGGGGGr,r,False,False,0,,25.5,280.0,False,False,ped_link_not_green
254.5,NODE_122781,11203041635,4,0,GGGGr,r,False,False,0,,25.5,280.0,False,False,ped_link_not_green
254.5,NODE_14937,11139418723,2,0,GGr,r,False,False,0,,25.5,280.0,False,False,ped_link_not_green
254.5,NODE_5647,10974501473,4,0,GGGGr,r,False,False,0,,27.5,282.0,False,False,ped_link_not_green
254.5,NODE_6342,11203041633,9,0,GGGGGGGGGr,r,False,False,0,,25.5,280.0,False,False,ped_link_not_green
255.0,NODE_10060,11203052964,11,0,GGGGGGGGGGGr,r,False,False,0,,25.0,280.0,False,False,ped_link_not_green
255.0,NODE_122781,11203041635,4,0,GGGGr,r,False,False,0,,25.0,280.0,False,False,ped_link_not_green
255.0,NODE_14937,11139418723,2,0,GGr,r,False,False,0,,25.0,280.0,False,False,ped_link_not_green
255.0,NODE_5647,10974501473,4,0,GGGGr,r,False,False,0,,27.0,282.0,False,False,ped_link_not_green
255.0,NODE_6342,11203041633,9,0,GGGGGGGGGr,r,False,False,0,,25.0,280.0,False,False,ped_link_not_green
255.5,NODE_10060,11203052964,11,0,GGGGGGGGGGGr,r,False,False,0,,24.5,280.0,False,False,ped_link_not_green
255.5,NODE_122781,11203041635,4,0,GGGGr,r,False,False,0,,24.5,280.0,False,False,ped_link_not_green
255.5,NODE_14937,11139418723,2,0,GGr,r,False,False,0,,24.5,280.0,False,False,ped_link_not_green
255.5,NODE_5647,10974501473,4,0,GGGGr,r,False,False,0,,26.5,282.0,False,False,ped_link_not_green
255.5,NODE_6342,11203041633,9,0,GGGGGGGGGr,r,False,False,0,,24.5,280.0,False,False,ped_link_not_green
256.0,NODE_10060,11203052964,11,0,GGGGGGGGGGGr,r,False,False,0,,24.0,280.0,False,False,ped_link_not_green
256.0,NODE_122781,11203041635,4,0,GGGGr,r,False,False,0,,24.0,280.0,False,False,ped_link_not_green
256.0,NODE_14937,11139418723,2,0,GGr,r,False,False,0,,24.0,280.0,False,False,ped_link_not_green
256.0,NODE_5647,10974501473,4,0,GGGGr,r,False,False,0,,26.0,282.0,False,False,ped_link_not_green
256.0,NODE_6342,11203041633,9,0,GGGGGGGGGr,r,False,False,0,,24.0,280.0,False,False,ped_link_not_green
256.5,NODE_10060,11203052964,11,0,GGGGGGGGGGGr,r,False,False,0,,23.5,280.0,False,False,ped_link_not_green
256.5,NODE_122781,11203041635,4,0,GGGGr,r,False,False,0,,23.5,280.0,False,False,ped_link_not_green
256.5,NODE_14937,11139418723,2,0,GGr,r,False,False,0,,23.5,280.0,False,False,ped_link_not_green
256.5,NODE_5647,10974501473,4,0,GGGGr,r,False,False,0,,25.5,282.0,False,False,ped_link_not_green
256.5,NODE_6342,11203041633,9,0,GGGGGGGGGr,r,False,False,0,,23.5,280.0,False,False,ped_link_not_green
257.0,NODE_10060,11203052964,11,0,GGGGGGGGGGGr,r,False,False,0,,23.0,280.0,False,False,ped_link_not_green
257.0,NODE_122781,11203041635,4,0,GGGGr,r,False,False,0,,23.0,280.0,False,False,ped_link_not_green
257.0,NODE_14937,11139418723,2,0,GGr,r,False,False,0,,23.0,280.0,False,False,ped_link_not_green
257.0,NODE_5647,10974501473,4,0,GGGGr,r,False,False,0,,25.0,282.0,False,False,ped_link_not_green
257.0,NODE_6342,11203041633,9,0,GGGGGGGGGr,r,False,False,0,,23.0,280.0,False,False,ped_link_not_green
257.5,NODE_10060,11203052964,11,0,GGGGGGGGGGGr,r,False,False,0,,22.5,280.0,False,False,ped_link_not_green
257.5,NODE_122781,11203041635,4,0,GGGGr,r,False,False,0,,22.5,280.0,False,False,ped_link_not_green
257.5,NODE_14937,11139418723,2,0,GGr,r,False,False,0,,22.5,280.0,False,False,ped_link_not_green
257.5,NODE_5647,10974501473,4,0,GGGGr,r,False,False,0,,24.5,282.0,False,False,ped_link_not_green
257.5,NODE_6342,11203041633,9,0,GGGGGGGGGr,r,False,False,0,,22.5,280.0,False,False,ped_link_not_green
258.0,NODE_10060,11203052964,11,0,GGGGGGGGGGGr,r,False,False,0,,22.0,280.0,False,False,ped_link_not_green
258.0,NODE_122781,11203041635,4,0,GGGGr,r,False,False,0,,22.0,280.0,False,False,ped_link_not_green
258.0,NODE_14937,11139418723,2,0,GGr,r,False,False,0,,22.0,280.0,False,False,ped_link_not_green
258.0,NODE_5647,10974501473,4,0,GGGGr,r,False,False,0,,24.0,282.0,False,False,ped_link_not_green
258.0,NODE_6342,11203041633,9,0,GGGGGGGGGr,r,False,False,0,,22.0,280.0,False,False,ped_link_not_green
258.5,NODE_10060,11203052964,11,0,GGGGGGGGGGGr,r,False,False,0,,21.5,280.0,False,False,ped_link_not_green
258.5,NODE_122781,11203041635,4,0,GGGGr,r,False,False,0,,21.5,280.0,False,False,ped_link_not_green
258.5,NODE_14937,11139418723,2,0,GGr,r,False,False,0,,21.5,280.0,False,False,ped_link_not_green
258.5,NODE_5647,10974501473,4,0,GGGGr,r,False,False,0,,23.5,282.0,False,False,ped_link_not_green
258.5,NODE_6342,11203041633,9,0,GGGGGGGGGr,r,False,False,0,,21.5,280.0,False,False,ped_link_not_green
259.0,NODE_10060,11203052964,11,0,GGGGGGGGGGGr,r,False,False,0,,21.0,280.0,False,False,ped_link_not_green
259.0,NODE_122781,11203041635,4,0,GGGGr,r,False,False,0,,21.0,280.0,False,False,ped_link_not_green
259.0,NODE_14937,11139418723,2,0,GGr,r,False,False,0,,21.0,280.0,False,False,ped_link_not_green
259.0,NODE_5647,10974501473,4,0,GGGGr,r,False,False,0,,23.0,282.0,False,False,ped_link_not_green
259.0,NODE_6342,11203041633,9,0,GGGGGGGGGr,r,False,False,0,,21.0,280.0,False,False,ped_link_not_green
259.5,NODE_10060,11203052964,11,0,GGGGGGGGGGGr,r,False,False,0,,20.5,280.0,False,False,ped_link_not_green
259.5,NODE_122781,11203041635,4,0,GGGGr,r,False,False,0,,20.5,280.0,False,False,ped_link_not_green
259.5,NODE_14937,11139418723,2,0,GGr,r,False,False,0,,20.5,280.0,False,False,ped_link_not_green
259.5,NODE_5647,10974501473,4,0,GGGGr,r,False,False,0,,22.5,282.0,False,False,ped_link_not_green
259.5,NODE_6342,11203041633,9,0,GGGGGGGGGr,r,False,False,0,,20.5,280.0,False,False,ped_link_not_green
260.0,NODE_10060,11203052964,11,0,GGGGGGGGGGGr,r,False,False,0,,20.0,280.0,False,False,ped_link_not_green
260.0,NODE_122781,11203041635,4,0,GGGGr,r,False,False,0,,20.0,280.0,False,False,ped_link_not_green
260.0,NODE_14937,11139418723,2,0,GGr,r,False,False,0,,20.0,280.0,False,False,ped_link_not_green
260.0,NODE_5647,10974501473,4,0,GGGGr,r,False,False,0,,22.0,282.0,False,False,ped_link_not_green
260.0,NODE_6342,11203041633,9,0,GGGGGGGGGr,r,False,False,0,,20.0,280.0,False,False,ped_link_not_green
260.5,NODE_10060,11203052964,11,0,GGGGGGGGGGGr,r,False,False,0,,19.5,280.0,False,False,ped_link_not_green
260.5,NODE_122781,11203041635,4,0,GGGGr,r,False,False,0,,19.5,280.0,False,False,ped_link_not_green
260.5,NODE_14937,11139418723,2,0,GGr,r,False,False,0,,19.5,280.0,False,False,ped_link_not_green
260.5,NODE_5647,10974501473,4,0,GGGGr,r,False,False,0,,21.5,282.0,False,False,ped_link_not_green
260.5,NODE_6342,11203041633,9,0,GGGGGGGGGr,r,False,False,0,,19.5,280.0,False,False,ped_link_not_green
261.0,NODE_10060,11203052964,11,0,GGGGGGGGGGGr,r,False,False,0,,19.0,280.0,False,False,ped_link_not_green
261.0,NODE_122781,11203041635,4,0,GGGGr,r,False,False,0,,19.0,280.0,False,False,ped_link_not_green
261.0,NODE_14937,11139418723,2,0,GGr,r,False,False,0,,19.0,280.0,False,False,ped_link_not_green
261.0,NODE_5647,10974501473,4,0,GGGGr,r,False,False,0,,21.0,282.0,False,False,ped_link_not_green
261.0,NODE_6342,11203041633,9,0,GGGGGGGGGr,r,False,False,0,,19.0,280.0,False,False,ped_link_not_green
261.5,NODE_10060,11203052964,11,0,GGGGGGGGGGGr,r,False,False,0,,18.5,280.0,False,False,ped_link_not_green
261.5,NODE_122781,11203041635,4,0,GGGGr,r,False,False,0,,18.5,280.0,False,False,ped_link_not_green
261.5,NODE_14937,11139418723,2,0,GGr,r,False,False,0,,18.5,280.0,False,False,ped_link_not_green
261.5,NODE_5647,10974501473,4,0,GGGGr,r,False,False,0,,20.5,282.0,False,False,ped_link_not_green
261.5,NODE_6342,11203041633,9,0,GGGGGGGGGr,r,False,False,0,,18.5,280.0,False,False,ped_link_not_green
262.0,NODE_10060,11203052964,11,0,GGGGGGGGGGGr,r,False,False,0,,18.0,280.0,False,False,ped_link_not_green
262.0,NODE_122781,11203041635,4,0,GGGGr,r,False,False,0,,18.0,280.0,False,False,ped_link_not_green
262.0,NODE_14937,11139418723,2,0,GGr,r,False,False,0,,18.0,280.0,False,False,ped_link_not_green
262.0,NODE_5647,10974501473,4,0,GGGGr,r,False,False,0,,20.0,282.0,False,False,ped_link_not_green
262.0,NODE_6342,11203041633,9,0,GGGGGGGGGr,r,False,False,0,,18.0,280.0,False,False,ped_link_not_green
262.5,NODE_10060,11203052964,11,0,GGGGGGGGGGGr,r,False,False,0,,17.5,280.0,False,False,ped_link_not_green
262.5,NODE_122781,11203041635,4,0,GGGGr,r,False,False,0,,17.5,280.0,False,False,ped_link_not_green
262.5,NODE_14937,11139418723,2,0,GGr,r,False,False,0,,17.5,280.0,False,False,ped_link_not_green
262.5,NODE_5647,10974501473,4,0,GGGGr,r,False,False,0,,19.5,282.0,False,False,ped_link_not_green
262.5,NODE_6342,11203041633,9,0,GGGGGGGGGr,r,False,False,0,,17.5,280.0,False,False,ped_link_not_green
263.0,NODE_10060,11203052964,11,0,GGGGGGGGGGGr,r,False,False,0,,17.0,280.0,False,False,ped_link_not_green
263.0,NODE_122781,11203041635,4,0,GGGGr,r,False,False,0,,17.0,280.0,False,False,ped_link_not_green
263.0,NODE_14937,11139418723,2,0,GGr,r,False,False,0,,17.0,280.0,False,False,ped_link_not_green
263.0,NODE_5647,10974501473,4,0,GGGGr,r,False,False,0,,19.0,282.0,False,False,ped_link_not_green
263.0,NODE_6342,11203041633,9,0,GGGGGGGGGr,r,False,False,0,,17.0,280.0,False,False,ped_link_not_green
263.5,NODE_10060,11203052964,11,0,GGGGGGGGGGGr,r,False,False,0,,16.5,280.0,False,False,ped_link_not_green
263.5,NODE_122781,11203041635,4,0,GGGGr,r,False,False,0,,16.5,280.0,False,False,ped_link_not_green
263.5,NODE_14937,11139418723,2,0,GGr,r,False,False,0,,16.5,280.0,False,False,ped_link_not_green
263.5,NODE_5647,10974501473,4,0,GGGGr,r,False,False,0,,18.5,282.0,False,False,ped_link_not_green
263.5,NODE_6342,11203041633,9,0,GGGGGGGGGr,r,False,False,0,,16.5,280.0,False,False,ped_link_not_green
264.0,NODE_10060,11203052964,11,0,GGGGGGGGGGGr,r,False,False,0,,16.0,280.0,False,False,ped_link_not_green
264.0,NODE_122781,11203041635,4,0,GGGGr,r,False,False,0,,16.0,280.0,False,False,ped_link_not_green
264.0,NODE_14937,11139418723,2,0,GGr,r,False,False,0,,16.0,280.0,False,False,ped_link_not_green
264.0,NODE_5647,10974501473,4,0,GGGGr,r,False,False,0,,18.0,282.0,False,False,ped_link_not_green
264.0,NODE_6342,11203041633,9,0,GGGGGGGGGr,r,False,False,0,,16.0,280.0,False,False,ped_link_not_green
264.5,NODE_10060,11203052964,11,0,GGGGGGGGGGGr,r,False,False,0,,15.5,280.0,False,False,ped_link_not_green
264.5,NODE_122781,11203041635,4,0,GGGGr,r,False,False,0,,15.5,280.0,False,False,ped_link_not_green
264.5,NODE_14937,11139418723,2,0,GGr,r,False,False,0,,15.5,280.0,False,False,ped_link_not_green
264.5,NODE_5647,10974501473,4,0,GGGGr,r,False,False,0,,17.5,282.0,False,False,ped_link_not_green
264.5,NODE_6342,11203041633,9,0,GGGGGGGGGr,r,False,False,0,,15.5,280.0,False,False,ped_link_not_green
265.0,NODE_10060,11203052964,11,0,GGGGGGGGGGGr,r,False,False,0,,15.0,280.0,False,False,ped_link_not_green
265.0,NODE_122781,11203041635,4,0,GGGGr,r,False,False,0,,15.0,280.0,False,False,ped_link_not_green
265.0,NODE_14937,11139418723,2,0,GGr,r,False,False,0,,15.0,280.0,False,False,ped_link_not_green
265.0,NODE_5647,10974501473,4,0,GGGGr,r,False,False,0,,17.0,282.0,False,False,ped_link_not_green
265.0,NODE_6342,11203041633,9,0,GGGGGGGGGr,r,False,False,0,,15.0,280.0,False,False,ped_link_not_green
265.5,NODE_10060,11203052964,11,0,GGGGGGGGGGGr,r,False,False,0,,14.5,280.0,False,False,ped_link_not_green
265.5,NODE_122781,11203041635,4,0,GGGGr,r,False,False,0,,14.5,280.0,False,False,ped_link_not_green
265.5,NODE_14937,11139418723,2,0,GGr,r,False,False,0,,14.5,280.0,False,False,ped_link_not_green
265.5,NODE_5647,10974501473,4,0,GGGGr,r,False,False,0,,16.5,282.0,False,False,ped_link_not_green
265.5,NODE_6342,11203041633,9,0,GGGGGGGGGr,r,False,False,0,,14.5,280.0,False,False,ped_link_not_green
266.0,NODE_10060,11203052964,11,0,GGGGGGGGGGGr,r,False,False,0,,14.0,280.0,False,False,ped_link_not_green
266.0,NODE_122781,11203041635,4,0,GGGGr,r,False,False,0,,14.0,280.0,False,False,ped_link_not_green
266.0,NODE_14937,11139418723,2,0,GGr,r,False,False,0,,14.0,280.0,False,False,ped_link_not_green
266.0,NODE_5647,10974501473,4,0,GGGGr,r,False,False,0,,16.0,282.0,False,False,ped_link_not_green
266.0,NODE_6342,11203041633,9,0,GGGGGGGGGr,r,False,False,0,,14.0,280.0,False,False,ped_link_not_green
266.5,NODE_10060,11203052964,11,0,GGGGGGGGGGGr,r,False,False,0,,13.5,280.0,False,False,ped_link_not_green
266.5,NODE_122781,11203041635,4,0,GGGGr,r,False,False,0,,13.5,280.0,False,False,ped_link_not_green
266.5,NODE_14937,11139418723,2,0,GGr,r,False,False,0,,13.5,280.0,False,False,ped_link_not_green
266.5,NODE_5647,10974501473,4,0,GGGGr,r,False,False,0,,15.5,282.0,False,False,ped_link_not_green
266.5,NODE_6342,11203041633,9,0,GGGGGGGGGr,r,False,False,0,,13.5,280.0,False,False,ped_link_not_green
267.0,NODE_10060,11203052964,11,0,GGGGGGGGGGGr,r,False,False,0,,13.0,280.0,False,False,ped_link_not_green
267.0,NODE_122781,11203041635,4,0,GGGGr,r,False,False,0,,13.0,280.0,False,False,ped_link_not_green
267.0,NODE_14937,11139418723,2,0,GGr,r,False,False,0,,13.0,280.0,False,False,ped_link_not_green
267.0,NODE_5647,10974501473,4,0,GGGGr,r,False,False,0,,15.0,282.0,False,False,ped_link_not_green
267.0,NODE_6342,11203041633,9,0,GGGGGGGGGr,r,False,False,0,,13.0,280.0,False,False,ped_link_not_green
267.5,NODE_10060,11203052964,11,0,GGGGGGGGGGGr,r,False,False,0,,12.5,280.0,False,False,ped_link_not_green
267.5,NODE_122781,11203041635,4,0,GGGGr,r,False,False,0,,12.5,280.0,False,False,ped_link_not_green
267.5,NODE_14937,11139418723,2,0,GGr,r,False,False,0,,12.5,280.0,False,False,ped_link_not_green
267.5,NODE_5647,10974501473,4,0,GGGGr,r,False,False,0,,14.5,282.0,False,False,ped_link_not_green
267.5,NODE_6342,11203041633,9,0,GGGGGGGGGr,r,False,False,0,,12.5,280.0,False,False,ped_link_not_green
268.0,NODE_10060,11203052964,11,0,GGGGGGGGGGGr,r,False,False,0,,12.0,280.0,False,False,ped_link_not_green
268.0,NODE_122781,11203041635,4,0,GGGGr,r,False,False,0,,12.0,280.0,False,False,ped_link_not_green
268.0,NODE_14937,11139418723,2,0,GGr,r,False,False,0,,12.0,280.0,False,False,ped_link_not_green
268.0,NODE_5647,10974501473,4,0,GGGGr,r,False,False,0,,14.0,282.0,False,False,ped_link_not_green
268.0,NODE_6342,11203041633,9,0,GGGGGGGGGr,r,False,False,0,,12.0,280.0,False,False,ped_link_not_green
268.5,NODE_10060,11203052964,11,0,GGGGGGGGGGGr,r,False,False,0,,11.5,280.0,False,False,ped_link_not_green
268.5,NODE_122781,11203041635,4,0,GGGGr,r,False,False,0,,11.5,280.0,False,False,ped_link_not_green
268.5,NODE_14937,11139418723,2,0,GGr,r,False,False,0,,11.5,280.0,False,False,ped_link_not_green
268.5,NODE_5647,10974501473,4,0,GGGGr,r,False,False,0,,13.5,282.0,False,False,ped_link_not_green
268.5,NODE_6342,11203041633,9,0,GGGGGGGGGr,r,False,False,0,,11.5,280.0,False,False,ped_link_not_green
269.0,NODE_10060,11203052964,11,0,GGGGGGGGGGGr,r,False,False,0,,11.0,280.0,False,False,ped_link_not_green
269.0,NODE_122781,11203041635,4,0,GGGGr,r,False,False,0,,11.0,280.0,False,False,ped_link_not_green
269.0,NODE_14937,11139418723,2,0,GGr,r,False,False,0,,11.0,280.0,False,False,ped_link_not_green
269.0,NODE_5647,10974501473,4,0,GGGGr,r,False,False,0,,13.0,282.0,False,False,ped_link_not_green
269.0,NODE_6342,11203041633,9,0,GGGGGGGGGr,r,False,False,0,,11.0,280.0,False,False,ped_link_not_green
269.5,NODE_10060,11203052964,11,0,GGGGGGGGGGGr,r,False,False,0,,10.5,280.0,False,False,ped_link_not_green
269.5,NODE_122781,11203041635,4,0,GGGGr,r,False,False,0,,10.5,280.0,False,False,ped_link_not_green
269.5,NODE_14937,11139418723,2,0,GGr,r,False,False,0,,10.5,280.0,False,False,ped_link_not_green
269.5,NODE_5647,10974501473,4,0,GGGGr,r,False,False,0,,12.5,282.0,False,False,ped_link_not_green
269.5,NODE_6342,11203041633,9,0,GGGGGGGGGr,r,False,False,0,,10.5,280.0,False,False,ped_link_not_green
270.0,NODE_10060,11203052964,11,0,GGGGGGGGGGGr,r,False,False,0,,10.0,280.0,False,False,ped_link_not_green
270.0,NODE_122781,11203041635,4,0,GGGGr,r,False,False,0,,10.0,280.0,False,False,ped_link_not_green
270.0,NODE_14937,11139418723,2,0,GGr,r,False,False,0,,10.0,280.0,False,False,ped_link_not_green
270.0,NODE_5647,10974501473,4,0,GGGGr,r,False,False,0,,12.0,282.0,False,False,ped_link_not_green
270.0,NODE_6342,11203041633,9,0,GGGGGGGGGr,r,False,False,0,,10.0,280.0,False,False,ped_link_not_green
270.5,NODE_10060,11203052964,11,0,GGGGGGGGGGGr,r,False,False,0,,9.5,280.0,False,False,ped_link_not_green
270.5,NODE_122781,11203041635,4,0,GGGGr,r,False,False,0,,9.5,280.0,False,False,ped_link_not_green
270.5,NODE_14937,11139418723,2,0,GGr,r,False,False,0,,9.5,280.0,False,False,ped_link_not_green
270.5,NODE_5647,10974501473,4,0,GGGGr,r,False,False,0,,11.5,282.0,False,False,ped_link_not_green
270.5,NODE_6342,11203041633,9,0,GGGGGGGGGr,r,False,False,0,,9.5,280.0,False,False,ped_link_not_green
271.0,NODE_10060,11203052964,11,0,GGGGGGGGGGGr,r,False,False,0,,9.0,280.0,False,False,ped_link_not_green
271.0,NODE_122781,11203041635,4,0,GGGGr,r,False,False,0,,9.0,280.0,False,False,ped_link_not_green
271.0,NODE_14937,11139418723,2,0,GGr,r,False,False,0,,9.0,280.0,False,False,ped_link_not_green
271.0,NODE_5647,10974501473,4,0,GGGGr,r,False,False,0,,11.0,282.0,False,False,ped_link_not_green
271.0,NODE_6342,11203041633,9,0,GGGGGGGGGr,r,False,False,0,,9.0,280.0,False,False,ped_link_not_green
271.5,NODE_10060,11203052964,11,0,GGGGGGGGGGGr,r,False,False,0,,8.5,280.0,False,False,ped_link_not_green
271.5,NODE_122781,11203041635,4,0,GGGGr,r,False,False,0,,8.5,280.0,False,False,ped_link_not_green
271.5,NODE_14937,11139418723,2,0,GGr,r,False,False,0,,8.5,280.0,False,False,ped_link_not_green
271.5,NODE_5647,10974501473,4,0,GGGGr,r,False,False,0,,10.5,282.0,False,False,ped_link_not_green
271.5,NODE_6342,11203041633,9,0,GGGGGGGGGr,r,False,False,0,,8.5,280.0,False,False,ped_link_not_green
272.0,NODE_10060,11203052964,11,0,GGGGGGGGGGGr,r,False,False,0,,8.0,280.0,False,False,ped_link_not_green
272.0,NODE_122781,11203041635,4,0,GGGGr,r,False,False,0,,8.0,280.0,False,False,ped_link_not_green
272.0,NODE_14937,11139418723,2,0,GGr,r,False,False,0,,8.0,280.0,False,False,ped_link_not_green
272.0,NODE_5647,10974501473,4,0,GGGGr,r,False,False,0,,10.0,282.0,False,False,ped_link_not_green
272.0,NODE_6342,11203041633,9,0,GGGGGGGGGr,r,False,False,0,,8.0,280.0,False,False,ped_link_not_green
272.5,NODE_10060,11203052964,11,0,GGGGGGGGGGGr,r,False,False,0,,7.5,280.0,False,False,ped_link_not_green
272.5,NODE_122781,11203041635,4,0,GGGGr,r,False,False,0,,7.5,280.0,False,False,ped_link_not_green
272.5,NODE_14937,11139418723,2,0,GGr,r,False,False,0,,7.5,280.0,False,False,ped_link_not_green
272.5,NODE_5647,10974501473,4,0,GGGGr,r,False,False,0,,9.5,282.0,False,False,ped_link_not_green
272.5,NODE_6342,11203041633,9,0,GGGGGGGGGr,r,False,False,0,,7.5,280.0,False,False,ped_link_not_green
273.0,NODE_10060,11203052964,11,0,GGGGGGGGGGGr,r,False,False,0,,7.0,280.0,False,False,ped_link_not_green
273.0,NODE_122781,11203041635,4,0,GGGGr,r,False,False,0,,7.0,280.0,False,False,ped_link_not_green
273.0,NODE_14937,11139418723,2,0,GGr,r,False,False,0,,7.0,280.0,False,False,ped_link_not_green
273.0,NODE_5647,10974501473,4,0,GGGGr,r,False,False,0,,9.0,282.0,False,False,ped_link_not_green
273.0,NODE_6342,11203041633,9,0,GGGGGGGGGr,r,False,False,0,,7.0,280.0,False,False,ped_link_not_green
273.5,NODE_10060,11203052964,11,0,GGGGGGGGGGGr,r,False,False,0,,6.5,280.0,False,False,ped_link_not_green
273.5,NODE_122781,11203041635,4,0,GGGGr,r,False,False,0,,6.5,280.0,False,False,ped_link_not_green
273.5,NODE_14937,11139418723,2,0,GGr,r,False,False,0,,6.5,280.0,False,False,ped_link_not_green
273.5,NODE_5647,10974501473,4,0,GGGGr,r,False,False,0,,8.5,282.0,False,False,ped_link_not_green
273.5,NODE_6342,11203041633,9,0,GGGGGGGGGr,r,False,False,0,,6.5,280.0,False,False,ped_link_not_green
274.0,NODE_10060,11203052964,11,0,GGGGGGGGGGGr,r,False,False,0,,6.0,280.0,False,False,ped_link_not_green
274.0,NODE_122781,11203041635,4,0,GGGGr,r,False,False,0,,6.0,280.0,False,False,ped_link_not_green
274.0,NODE_14937,11139418723,2,0,GGr,r,False,False,0,,6.0,280.0,False,False,ped_link_not_green
274.0,NODE_5647,10974501473,4,0,GGGGr,r,False,False,0,,8.0,282.0,False,False,ped_link_not_green
274.0,NODE_6342,11203041633,9,0,GGGGGGGGGr,r,False,False,0,,6.0,280.0,False,False,ped_link_not_green
274.5,NODE_10060,11203052964,11,0,GGGGGGGGGGGr,r,False,False,0,,5.5,280.0,False,False,ped_link_not_green
274.5,NODE_122781,11203041635,4,0,GGGGr,r,False,False,0,,5.5,280.0,False,False,ped_link_not_green
274.5,NODE_14937,11139418723,2,0,GGr,r,False,False,0,,5.5,280.0,False,False,ped_link_not_green
274.5,NODE_5647,10974501473,4,0,GGGGr,r,False,False,0,,7.5,282.0,False,False,ped_link_not_green
274.5,NODE_6342,11203041633,9,0,GGGGGGGGGr,r,False,False,0,,5.5,280.0,False,False,ped_link_not_green
275.0,NODE_10060,11203052964,11,0,GGGGGGGGGGGr,r,False,False,0,,5.0,280.0,False,False,ped_link_not_green
275.0,NODE_122781,11203041635,4,0,GGGGr,r,False,False,0,,5.0,280.0,False,False,ped_link_not_green
275.0,NODE_14937,11139418723,2,0,GGr,r,False,False,0,,5.0,280.0,False,False,ped_link_not_green
275.0,NODE_5647,10974501473,4,0,GGGGr,r,False,False,0,,7.0,282.0,False,False,ped_link_not_green
275.0,NODE_6342,11203041633,9,0,GGGGGGGGGr,r,False,False,0,,5.0,280.0,False,False,ped_link_not_green
275.5,NODE_10060,11203052964,11,0,GGGGGGGGGGGr,r,False,False,0,,4.5,280.0,False,False,ped_link_not_green
275.5,NODE_122781,11203041635,4,0,GGGGr,r,False,False,0,,4.5,280.0,False,False,ped_link_not_green
275.5,NODE_14937,11139418723,2,0,GGr,r,False,False,0,,4.5,280.0,False,False,ped_link_not_green
275.5,NODE_5647,10974501473,4,0,GGGGr,r,False,False,0,,6.5,282.0,False,False,ped_link_not_green
275.5,NODE_6342,11203041633,9,0,GGGGGGGGGr,r,False,False,0,,4.5,280.0,False,False,ped_link_not_green
276.0,NODE_10060,11203052964,11,0,GGGGGGGGGGGr,r,False,False,0,,4.0,280.0,False,False,ped_link_not_green
276.0,NODE_122781,11203041635,4,0,GGGGr,r,False,False,0,,4.0,280.0,False,False,ped_link_not_green
276.0,NODE_14937,11139418723,2,0,GGr,r,False,False,0,,4.0,280.0,False,False,ped_link_not_green
276.0,NODE_5647,10974501473,4,0,GGGGr,r,False,False,0,,6.0,282.0,False,False,ped_link_not_green
276.0,NODE_6342,11203041633,9,0,GGGGGGGGGr,r,False,False,0,,4.0,280.0,False,False,ped_link_not_green
276.5,NODE_10060,11203052964,11,0,GGGGGGGGGGGr,r,False,False,0,,3.5,280.0,False,False,ped_link_not_green
276.5,NODE_122781,11203041635,4,0,GGGGr,r,False,False,0,,3.5,280.0,False,False,ped_link_not_green
276.5,NODE_14937,11139418723,2,0,GGr,r,False,False,0,,3.5,280.0,False,False,ped_link_not_green
276.5,NODE_5647,10974501473,4,0,GGGGr,r,False,False,0,,5.5,282.0,False,False,ped_link_not_green
276.5,NODE_6342,11203041633,9,0,GGGGGGGGGr,r,False,False,0,,3.5,280.0,False,False,ped_link_not_green
277.0,NODE_10060,11203052964,11,0,GGGGGGGGGGGr,r,False,False,0,,3.0,280.0,False,False,ped_link_not_green
277.0,NODE_122781,11203041635,4,0,GGGGr,r,False,False,0,,3.0,280.0,False,False,ped_link_not_green
277.0,NODE_14937,11139418723,2,0,GGr,r,False,False,0,,3.0,280.0,False,False,ped_link_not_green
277.0,NODE_5647,10974501473,4,0,GGGGr,r,False,False,0,,5.0,282.0,False,False,ped_link_not_green
277.0,NODE_6342,11203041633,9,0,GGGGGGGGGr,r,False,False,0,,3.0,280.0,False,False,ped_link_not_green
277.5,NODE_10060,11203052964,11,0,GGGGGGGGGGGr,r,False,False,0,,2.5,280.0,False,False,ped_link_not_green
277.5,NODE_122781,11203041635,4,0,GGGGr,r,False,False,0,,2.5,280.0,False,False,ped_link_not_green
277.5,NODE_14937,11139418723,2,0,GGr,r,False,False,0,,2.5,280.0,False,False,ped_link_not_green
277.5,NODE_5647,10974501473,4,0,GGGGr,r,False,False,0,,4.5,282.0,False,False,ped_link_not_green
277.5,NODE_6342,11203041633,9,0,GGGGGGGGGr,r,False,False,0,,2.5,280.0,False,False,ped_link_not_green
278.0,NODE_10060,11203052964,11,0,GGGGGGGGGGGr,r,False,False,0,,2.0,280.0,False,False,ped_link_not_green
278.0,NODE_122781,11203041635,4,0,GGGGr,r,False,False,0,,2.0,280.0,False,False,ped_link_not_green
278.0,NODE_14937,11139418723,2,0,GGr,r,False,False,0,,2.0,280.0,False,False,ped_link_not_green
278.0,NODE_5647,10974501473,4,0,GGGGr,r,False,False,0,,4.0,282.0,False,False,ped_link_not_green
278.0,NODE_6342,11203041633,9,0,GGGGGGGGGr,r,False,False,0,,2.0,280.0,False,False,ped_link_not_green
278.5,NODE_10060,11203052964,11,0,GGGGGGGGGGGr,r,False,False,0,,1.5,280.0,False,False,ped_link_not_green
278.5,NODE_122781,11203041635,4,0,GGGGr,r,False,False,0,,1.5,280.0,False,False,ped_link_not_green
278.5,NODE_14937,11139418723,2,0,GGr,r,False,False,0,,1.5,280.0,False,False,ped_link_not_green
278.5,NODE_5647,10974501473,4,0,GGGGr,r,False,False,0,,3.5,282.0,False,False,ped_link_not_green
278.5,NODE_6342,11203041633,9,0,GGGGGGGGGr,r,False,False,0,,1.5,280.0,False,False,ped_link_not_green
279.0,NODE_10060,11203052964,11,0,GGGGGGGGGGGr,r,False,False,0,,1.0,280.0,False,False,ped_link_not_green
279.0,NODE_122781,11203041635,4,0,GGGGr,r,False,False,0,,1.0,280.0,False,False,ped_link_not_green
279.0,NODE_14937,11139418723,2,0,GGr,r,False,False,0,,1.0,280.0,False,False,ped_link_not_green
279.0,NODE_5647,10974501473,4,0,GGGGr,r,False,False,0,,3.0,282.0,False,False,ped_link_not_green
279.0,NODE_6342,11203041633,9,0,GGGGGGGGGr,r,False,False,0,,1.0,280.0,False,False,ped_link_not_green
279.5,NODE_10060,11203052964,11,0,GGGGGGGGGGGr,r,False,False,0,,0.5,280.0,False,False,ped_link_not_green
279.5,NODE_122781,11203041635,4,0,GGGGr,r,False,False,0,,0.5,280.0,False,False,ped_link_not_green
279.5,NODE_14937,11139418723,2,0,GGr,r,False,False,0,,0.5,280.0,False,False,ped_link_not_green
279.5,NODE_5647,10974501473,4,0,GGGGr,r,False,False,0,,2.5,282.0,False,False,ped_link_not_green
279.5,NODE_6342,11203041633,9,0,GGGGGGGGGr,r,False,False,0,,0.5,280.0,False,False,ped_link_not_green
280.0,NODE_10060,11203052964,11,0,GGGGGGGGGGGr,r,False,False,0,,0.0,280.0,False,False,ped_link_not_green
280.0,NODE_122781,11203041635,4,0,GGGGr,r,False,False,0,,0.0,280.0,False,False,ped_link_not_green
280.0,NODE_14937,11139418723,2,0,GGr,r,False,False,0,,0.0,280.0,False,False,ped_link_not_green
280.0,NODE_5647,10974501473,4,0,GGGGr,r,False,False,0,,2.0,282.0,False,False,ped_link_not_green
280.0,NODE_6342,11203041633,9,0,GGGGGGGGGr,r,False,False,0,,0.0,280.0,False,False,ped_link_not_green
280.5,NODE_10060,11203052964,11,1,yyyyyyyyyyyr,r,False,False,0,,5.5,286.0,False,False,ped_link_not_green
280.5,NODE_122781,11203041635,4,1,yyyyr,r,False,False,0,,5.5,286.0,False,False,ped_link_not_green
280.5,NODE_14937,11139418723,2,1,yyr,r,False,False,0,,5.5,286.0,False,False,ped_link_not_green
280.5,NODE_5647,10974501473,4,0,GGGGr,r,False,False,0,,1.5,282.0,False,False,ped_link_not_green
280.5,NODE_6342,11203041633,9,1,yyyyyyyyyr,r,False,False,0,,5.5,286.0,False,False,ped_link_not_green
281.0,NODE_10060,11203052964,11,1,yyyyyyyyyyyr,r,False,False,0,,5.0,286.0,False,False,ped_link_not_green
281.0,NODE_122781,11203041635,4,1,yyyyr,r,False,False,0,,5.0,286.0,False,False,ped_link_not_green
281.0,NODE_14937,11139418723,2,1,yyr,r,False,False,0,,5.0,286.0,False,False,ped_link_not_green
281.0,NODE_5647,10974501473,4,0,GGGGr,r,False,False,0,,1.0,282.0,False,False,ped_link_not_green
281.0,NODE_6342,11203041633,9,1,yyyyyyyyyr,r,False,False,0,,5.0,286.0,False,False,ped_link_not_green
281.5,NODE_10060,11203052964,11,1,yyyyyyyyyyyr,r,False,False,0,,4.5,286.0,False,False,ped_link_not_green
281.5,NODE_122781,11203041635,4,1,yyyyr,r,False,False,0,,4.5,286.0,False,False,ped_link_not_green
281.5,NODE_14937,11139418723,2,1,yyr,r,False,False,0,,4.5,286.0,False,False,ped_link_not_green
281.5,NODE_5647,10974501473,4,0,GGGGr,r,False,False,0,,0.5,282.0,False,False,ped_link_not_green
281.5,NODE_6342,11203041633,9,1,yyyyyyyyyr,r,False,False,0,,4.5,286.0,False,False,ped_link_not_green
282.0,NODE_10060,11203052964,11,1,yyyyyyyyyyyr,r,False,False,0,,4.0,286.0,False,False,ped_link_not_green
282.0,NODE_122781,11203041635,4,1,yyyyr,r,False,False,0,,4.0,286.0,False,False,ped_link_not_green
282.0,NODE_14937,11139418723,2,1,yyr,r,False,False,0,,4.0,286.0,False,False,ped_link_not_green
282.0,NODE_5647,10974501473,4,0,GGGGr,r,False,False,0,,0.0,282.0,False,False,ped_link_not_green
282.0,NODE_6342,11203041633,9,1,yyyyyyyyyr,r,False,False,0,,4.0,286.0,False,False,ped_link_not_green
282.5,NODE_10060,11203052964,11,1,yyyyyyyyyyyr,r,False,False,0,,3.5,286.0,False,False,ped_link_not_green
282.5,NODE_122781,11203041635,4,1,yyyyr,r,False,False,0,,3.5,286.0,False,False,ped_link_not_green
282.5,NODE_14937,11139418723,2,1,yyr,r,False,False,0,,3.5,286.0,False,False,ped_link_not_green
282.5,NODE_5647,10974501473,4,1,yyyyr,r,False,False,0,,3.5,286.0,False,False,ped_link_not_green
282.5,NODE_6342,11203041633,9,1,yyyyyyyyyr,r,False,False,0,,3.5,286.0,False,False,ped_link_not_green
283.0,NODE_10060,11203052964,11,1,yyyyyyyyyyyr,r,False,False,0,,3.0,286.0,False,False,ped_link_not_green
283.0,NODE_122781,11203041635,4,1,yyyyr,r,False,False,0,,3.0,286.0,False,False,ped_link_not_green
283.0,NODE_14937,11139418723,2,1,yyr,r,False,False,0,,3.0,286.0,False,False,ped_link_not_green
283.0,NODE_5647,10974501473,4,1,yyyyr,r,False,False,0,,3.0,286.0,False,False,ped_link_not_green
283.0,NODE_6342,11203041633,9,1,yyyyyyyyyr,r,False,False,0,,3.0,286.0,False,False,ped_link_not_green
283.5,NODE_10060,11203052964,11,1,yyyyyyyyyyyr,r,False,False,0,,2.5,286.0,False,False,ped_link_not_green
283.5,NODE_122781,11203041635,4,1,yyyyr,r,False,False,0,,2.5,286.0,False,False,ped_link_not_green
283.5,NODE_14937,11139418723,2,1,yyr,r,False,False,0,,2.5,286.0,False,False,ped_link_not_green
283.5,NODE_5647,10974501473,4,1,yyyyr,r,False,False,0,,2.5,286.0,False,False,ped_link_not_green
283.5,NODE_6342,11203041633,9,1,yyyyyyyyyr,r,False,False,0,,2.5,286.0,False,False,ped_link_not_green
284.0,NODE_10060,11203052964,11,1,yyyyyyyyyyyr,r,False,False,0,,2.0,286.0,False,False,ped_link_not_green
284.0,NODE_122781,11203041635,4,1,yyyyr,r,False,False,0,,2.0,286.0,False,False,ped_link_not_green
284.0,NODE_14937,11139418723,2,1,yyr,r,False,False,0,,2.0,286.0,False,False,ped_link_not_green
284.0,NODE_5647,10974501473,4,1,yyyyr,r,False,False,0,,2.0,286.0,False,False,ped_link_not_green
284.0,NODE_6342,11203041633,9,1,yyyyyyyyyr,r,False,False,0,,2.0,286.0,False,False,ped_link_not_green
284.5,NODE_10060,11203052964,11,1,yyyyyyyyyyyr,r,False,False,0,,1.5,286.0,False,False,ped_link_not_green
284.5,NODE_122781,11203041635,4,1,yyyyr,r,False,False,0,,1.5,286.0,False,False,ped_link_not_green
284.5,NODE_14937,11139418723,2,1,yyr,r,False,False,0,,1.5,286.0,False,False,ped_link_not_green
284.5,NODE_5647,10974501473,4,1,yyyyr,r,False,False,0,,1.5,286.0,False,False,ped_link_not_green
284.5,NODE_6342,11203041633,9,1,yyyyyyyyyr,r,False,False,0,,1.5,286.0,False,False,ped_link_not_green
285.0,NODE_10060,11203052964,11,1,yyyyyyyyyyyr,r,False,False,0,,1.0,286.0,False,False,ped_link_not_green
285.0,NODE_122781,11203041635,4,1,yyyyr,r,False,False,0,,1.0,286.0,False,False,ped_link_not_green
285.0,NODE_14937,11139418723,2,1,yyr,r,False,False,0,,1.0,286.0,False,False,ped_link_not_green
285.0,NODE_5647,10974501473,4,1,yyyyr,r,False,False,0,,1.0,286.0,False,False,ped_link_not_green
285.0,NODE_6342,11203041633,9,1,yyyyyyyyyr,r,False,False,0,,1.0,286.0,False,False,ped_link_not_green
285.5,NODE_10060,11203052964,11,1,yyyyyyyyyyyr,r,False,False,0,,0.5,286.0,False,False,ped_link_not_green
285.5,NODE_122781,11203041635,4,1,yyyyr,r,False,False,0,,0.5,286.0,False,False,ped_link_not_green
285.5,NODE_14937,11139418723,2,1,yyr,r,False,False,0,,0.5,286.0,False,False,ped_link_not_green
285.5,NODE_5647,10974501473,4,1,yyyyr,r,False,False,0,,0.5,286.0,False,False,ped_link_not_green
285.5,NODE_6342,11203041633,9,1,yyyyyyyyyr,r,False,False,0,,0.5,286.0,False,False,ped_link_not_green
286.0,NODE_10060,11203052964,11,1,yyyyyyyyyyyr,r,False,False,0,,0.0,286.0,False,False,ped_link_not_green
286.0,NODE_122781,11203041635,4,1,yyyyr,r,False,False,0,,0.0,286.0,False,False,ped_link_not_green
286.0,NODE_14937,11139418723,2,1,yyr,r,False,False,0,,0.0,286.0,False,False,ped_link_not_green
286.0,NODE_5647,10974501473,4,1,yyyyr,r,False,False,0,,0.0,286.0,False,False,ped_link_not_green
286.0,NODE_6342,11203041633,9,1,yyyyyyyyyr,r,False,False,0,,0.0,286.0,False,False,ped_link_not_green
286.5,NODE_10060,11203052964,11,2,rrrrrrrrrrrG,G,True,True,0,,12.5,299.0,False,False,outside_extension_window
286.5,NODE_122781,11203041635,4,2,rrrrG,G,True,True,0,,12.5,299.0,False,False,outside_extension_window
286.5,NODE_14937,11139418723,2,2,rrG,G,True,True,0,,12.5,299.0,False,False,outside_extension_window
286.5,NODE_5647,10974501473,4,2,rrrrG,G,True,True,0,,12.5,299.0,False,False,outside_extension_window
286.5,NODE_6342,11203041633,9,2,rrrrrrrrrG,G,True,True,0,,12.5,299.0,False,False,outside_extension_window
287.0,NODE_10060,11203052964,11,2,rrrrrrrrrrrG,G,True,True,0,,12.0,299.0,False,False,no_ped_near
287.0,NODE_122781,11203041635,4,2,rrrrG,G,True,True,0,,12.0,299.0,False,False,no_ped_near
287.0,NODE_14937,11139418723,2,2,rrG,G,True,True,0,,12.0,299.0,False,False,no_ped_near
287.0,NODE_5647,10974501473,4,2,rrrrG,G,True,True,0,,12.0,299.0,False,False,no_ped_near
287.0,NODE_6342,11203041633,9,2,rrrrrrrrrG,G,True,True,0,,12.0,299.0,False,False,no_ped_near
287.5,NODE_10060,11203052964,11,2,rrrrrrrrrrrG,G,True,True,0,,11.5,299.0,False,False,no_ped_near
287.5,NODE_122781,11203041635,4,2,rrrrG,G,True,True,0,,11.5,299.0,False,False,no_ped_near
287.5,NODE_14937,11139418723,2,2,rrG,G,True,True,0,,11.5,299.0,False,False,no_ped_near
287.5,NODE_5647,10974501473,4,2,rrrrG,G,True,True,0,,11.5,299.0,False,False,no_ped_near
287.5,NODE_6342,11203041633,9,2,rrrrrrrrrG,G,True,True,0,,11.5,299.0,False,False,no_ped_near
288.0,NODE_10060,11203052964,11,2,rrrrrrrrrrrG,G,True,True,0,,11.0,299.0,False,False,no_ped_near
288.0,NODE_122781,11203041635,4,2,rrrrG,G,True,True,0,,11.0,299.0,False,False,no_ped_near
288.0,NODE_14937,11139418723,2,2,rrG,G,True,True,0,,11.0,299.0,False,False,no_ped_near
288.0,NODE_5647,10974501473,4,2,rrrrG,G,True,True,0,,11.0,299.0,False,False,no_ped_near
288.0,NODE_6342,11203041633,9,2,rrrrrrrrrG,G,True,True,0,,11.0,299.0,False,False,no_ped_near
288.5,NODE_10060,11203052964,11,2,rrrrrrrrrrrG,G,True,True,0,,10.5,299.0,False,False,no_ped_near
288.5,NODE_122781,11203041635,4,2,rrrrG,G,True,True,0,,10.5,299.0,False,False,no_ped_near
288.5,NODE_14937,11139418723,2,2,rrG,G,True,True,0,,10.5,299.0,False,False,no_ped_near
288.5,NODE_5647,10974501473,4,2,rrrrG,G,True,True,0,,10.5,299.0,False,False,no_ped_near
288.5,NODE_6342,11203041633,9,2,rrrrrrrrrG,G,True,True,0,,10.5,299.0,False,False,no_ped_near
289.0,NODE_10060,11203052964,11,2,rrrrrrrrrrrG,G,True,True,0,,10.0,299.0,False,False,no_ped_near
289.0,NODE_122781,11203041635,4,2,rrrrG,G,True,True,0,,10.0,299.0,False,False,no_ped_near
289.0,NODE_14937,11139418723,2,2,rrG,G,True,True,0,,10.0,299.0,False,False,no_ped_near
289.0,NODE_5647,10974501473,4,2,rrrrG,G,True,True,0,,10.0,299.0,False,False,no_ped_near
289.0,NODE_6342,11203041633,9,2,rrrrrrrrrG,G,True,True,0,,10.0,299.0,False,False,no_ped_near
289.5,NODE_10060,11203052964,11,2,rrrrrrrrrrrG,G,True,True,0,,9.5,299.0,False,False,no_ped_near
289.5,NODE_122781,11203041635,4,2,rrrrG,G,True,True,0,,9.5,299.0,False,False,no_ped_near
289.5,NODE_14937,11139418723,2,2,rrG,G,True,True,0,,9.5,299.0,False,False,no_ped_near
289.5,NODE_5647,10974501473,4,2,rrrrG,G,True,True,0,,9.5,299.0,False,False,no_ped_near
289.5,NODE_6342,11203041633,9,2,rrrrrrrrrG,G,True,True,0,,9.5,299.0,False,False,no_ped_near
290.0,NODE_10060,11203052964,11,2,rrrrrrrrrrrG,G,True,True,0,,9.0,299.0,False,False,no_ped_near
290.0,NODE_122781,11203041635,4,2,rrrrG,G,True,True,0,,9.0,299.0,False,False,no_ped_near
290.0,NODE_14937,11139418723,2,2,rrG,G,True,True,0,,9.0,299.0,False,False,no_ped_near
290.0,NODE_5647,10974501473,4,2,rrrrG,G,True,True,0,,9.0,299.0,False,False,no_ped_near
290.0,NODE_6342,11203041633,9,2,rrrrrrrrrG,G,True,True,0,,9.0,299.0,False,False,no_ped_near
290.5,NODE_10060,11203052964,11,2,rrrrrrrrrrrG,G,True,True,0,,8.5,299.0,False,False,no_ped_near
290.5,NODE_122781,11203041635,4,2,rrrrG,G,True,True,0,,8.5,299.0,False,False,no_ped_near
290.5,NODE_14937,11139418723,2,2,rrG,G,True,True,0,,8.5,299.0,False,False,no_ped_near
290.5,NODE_5647,10974501473,4,2,rrrrG,G,True,True,0,,8.5,299.0,False,False,no_ped_near
290.5,NODE_6342,11203041633,9,2,rrrrrrrrrG,G,True,True,0,,8.5,299.0,False,False,no_ped_near
291.0,NODE_10060,11203052964,11,2,rrrrrrrrrrrG,G,True,True,0,,8.0,299.0,False,False,no_ped_near
291.0,NODE_122781,11203041635,4,2,rrrrG,G,True,True,0,,8.0,299.0,False,False,no_ped_near
291.0,NODE_14937,11139418723,2,2,rrG,G,True,True,0,,8.0,299.0,False,False,no_ped_near
291.0,NODE_5647,10974501473,4,2,rrrrG,G,True,True,0,,8.0,299.0,False,False,no_ped_near
291.0,NODE_6342,11203041633,9,2,rrrrrrrrrG,G,True,True,0,,8.0,299.0,False,False,no_ped_near
291.5,NODE_10060,11203052964,11,2,rrrrrrrrrrrG,G,True,True,0,,7.5,299.0,False,False,no_ped_near
291.5,NODE_122781,11203041635,4,2,rrrrG,G,True,True,0,,7.5,299.0,False,False,no_ped_near
291.5,NODE_14937,11139418723,2,2,rrG,G,True,True,0,,7.5,299.0,False,False,no_ped_near
291.5,NODE_5647,10974501473,4,2,rrrrG,G,True,True,0,,7.5,299.0,False,False,no_ped_near
291.5,NODE_6342,11203041633,9,2,rrrrrrrrrG,G,True,True,0,,7.5,299.0,False,False,no_ped_near
292.0,NODE_10060,11203052964,11,2,rrrrrrrrrrrG,G,True,True,0,,7.0,299.0,False,False,no_ped_near
292.0,NODE_122781,11203041635,4,2,rrrrG,G,True,True,0,,7.0,299.0,False,False,no_ped_near
292.0,NODE_14937,11139418723,2,2,rrG,G,True,True,0,,7.0,299.0,False,False,no_ped_near
292.0,NODE_5647,10974501473,4,2,rrrrG,G,True,True,0,,7.0,299.0,False,False,no_ped_near
292.0,NODE_6342,11203041633,9,2,rrrrrrrrrG,G,True,True,0,,7.0,299.0,False,False,no_ped_near
292.5,NODE_10060,11203052964,11,2,rrrrrrrrrrrG,G,True,True,0,,6.5,299.0,False,False,no_ped_near
292.5,NODE_122781,11203041635,4,2,rrrrG,G,True,True,0,,6.5,299.0,False,False,no_ped_near
292.5,NODE_14937,11139418723,2,2,rrG,G,True,True,0,,6.5,299.0,False,False,no_ped_near
292.5,NODE_5647,10974501473,4,2,rrrrG,G,True,True,0,,6.5,299.0,False,False,no_ped_near
292.5,NODE_6342,11203041633,9,2,rrrrrrrrrG,G,True,True,0,,6.5,299.0,False,False,no_ped_near
293.0,NODE_10060,11203052964,11,2,rrrrrrrrrrrG,G,True,True,0,,6.0,299.0,False,False,no_ped_near
293.0,NODE_122781,11203041635,4,2,rrrrG,G,True,True,0,,6.0,299.0,False,False,no_ped_near
293.0,NODE_14937,11139418723,2,2,rrG,G,True,True,0,,6.0,299.0,False,False,no_ped_near
293.0,NODE_5647,10974501473,4,2,rrrrG,G,True,True,0,,6.0,299.0,False,False,no_ped_near
293.0,NODE_6342,11203041633,9,2,rrrrrrrrrG,G,True,True,0,,6.0,299.0,False,False,no_ped_near
293.5,NODE_10060,11203052964,11,2,rrrrrrrrrrrG,G,True,True,0,,5.5,299.0,False,False,no_ped_near
293.5,NODE_122781,11203041635,4,2,rrrrG,G,True,True,0,,5.5,299.0,False,False,no_ped_near
293.5,NODE_14937,11139418723,2,2,rrG,G,True,True,0,,5.5,299.0,False,False,no_ped_near
293.5,NODE_5647,10974501473,4,2,rrrrG,G,True,True,0,,5.5,299.0,False,False,no_ped_near
293.5,NODE_6342,11203041633,9,2,rrrrrrrrrG,G,True,True,0,,5.5,299.0,False,False,no_ped_near
294.0,NODE_10060,11203052964,11,2,rrrrrrrrrrrG,G,True,True,0,,5.0,299.0,False,False,no_ped_near
294.0,NODE_122781,11203041635,4,2,rrrrG,G,True,True,0,,5.0,299.0,False,False,no_ped_near
294.0,NODE_14937,11139418723,2,2,rrG,G,True,True,0,,5.0,299.0,False,False,no_ped_near
294.0,NODE_5647,10974501473,4,2,rrrrG,G,True,True,0,,5.0,299.0,False,False,no_ped_near
294.0,NODE_6342,11203041633,9,2,rrrrrrrrrG,G,True,True,0,,5.0,299.0,False,False,no_ped_near
294.5,NODE_10060,11203052964,11,2,rrrrrrrrrrrG,G,True,True,0,,4.5,299.0,False,False,no_ped_near
294.5,NODE_122781,11203041635,4,2,rrrrG,G,True,True,0,,4.5,299.0,False,False,no_ped_near
294.5,NODE_14937,11139418723,2,2,rrG,G,True,True,0,,4.5,299.0,False,False,no_ped_near
294.5,NODE_5647,10974501473,4,2,rrrrG,G,True,True,0,,4.5,299.0,False,False,no_ped_near
294.5,NODE_6342,11203041633,9,2,rrrrrrrrrG,G,True,True,0,,4.5,299.0,False,False,no_ped_near
295.0,NODE_10060,11203052964,11,2,rrrrrrrrrrrG,G,True,True,0,,4.0,299.0,False,False,no_ped_near
295.0,NODE_122781,11203041635,4,2,rrrrG,G,True,True,0,,4.0,299.0,False,False,no_ped_near
295.0,NODE_14937,11139418723,2,2,rrG,G,True,True,0,,4.0,299.0,False,False,no_ped_near
295.0,NODE_5647,10974501473,4,2,rrrrG,G,True,True,0,,4.0,299.0,False,False,no_ped_near
295.0,NODE_6342,11203041633,9,2,rrrrrrrrrG,G,True,True,0,,4.0,299.0,False,False,no_ped_near
295.5,NODE_10060,11203052964,11,2,rrrrrrrrrrrG,G,True,True,0,,3.5,299.0,False,False,no_ped_near
295.5,NODE_122781,11203041635,4,2,rrrrG,G,True,True,0,,3.5,299.0,False,False,no_ped_near
295.5,NODE_14937,11139418723,2,2,rrG,G,True,True,0,,3.5,299.0,False,False,no_ped_near
295.5,NODE_5647,10974501473,4,2,rrrrG,G,True,True,0,,3.5,299.0,False,False,no_ped_near
295.5,NODE_6342,11203041633,9,2,rrrrrrrrrG,G,True,True,0,,3.5,299.0,False,False,no_ped_near
296.0,NODE_10060,11203052964,11,2,rrrrrrrrrrrG,G,True,True,0,,3.0,299.0,False,False,no_ped_near
296.0,NODE_122781,11203041635,4,2,rrrrG,G,True,True,0,,3.0,299.0,False,False,no_ped_near
296.0,NODE_14937,11139418723,2,2,rrG,G,True,True,0,,3.0,299.0,False,False,no_ped_near
296.0,NODE_5647,10974501473,4,2,rrrrG,G,True,True,0,,3.0,299.0,False,False,no_ped_near
296.0,NODE_6342,11203041633,9,2,rrrrrrrrrG,G,True,True,0,,3.0,299.0,False,False,no_ped_near
296.5,NODE_10060,11203052964,11,2,rrrrrrrrrrrG,G,True,True,0,,2.5,299.0,False,False,no_ped_near
296.5,NODE_122781,11203041635,4,2,rrrrG,G,True,True,0,,2.5,299.0,False,False,no_ped_near
296.5,NODE_14937,11139418723,2,2,rrG,G,True,True,0,,2.5,299.0,False,False,no_ped_near
296.5,NODE_5647,10974501473,4,2,rrrrG,G,True,True,0,,2.5,299.0,False,False,no_ped_near
296.5,NODE_6342,11203041633,9,2,rrrrrrrrrG,G,True,True,0,,2.5,299.0,False,False,no_ped_near
297.0,NODE_10060,11203052964,11,2,rrrrrrrrrrrG,G,True,True,0,,2.0,299.0,False,False,no_ped_near
297.0,NODE_122781,11203041635,4,2,rrrrG,G,True,True,0,,2.0,299.0,False,False,no_ped_near
297.0,NODE_14937,11139418723,2,2,rrG,G,True,True,0,,2.0,299.0,False,False,no_ped_near
297.0,NODE_5647,10974501473,4,2,rrrrG,G,True,True,0,,2.0,299.0,False,False,no_ped_near
297.0,NODE_6342,11203041633,9,2,rrrrrrrrrG,G,True,True,0,,2.0,299.0,False,False,no_ped_near
297.5,NODE_10060,11203052964,11,2,rrrrrrrrrrrG,G,True,True,0,,1.5,299.0,False,False,no_ped_near
297.5,NODE_122781,11203041635,4,2,rrrrG,G,True,True,0,,1.5,299.0,False,False,no_ped_near
297.5,NODE_14937,11139418723,2,2,rrG,G,True,True,0,,1.5,299.0,False,False,no_ped_near
297.5,NODE_5647,10974501473,4,2,rrrrG,G,True,True,0,,1.5,299.0,False,False,no_ped_near
297.5,NODE_6342,11203041633,9,2,rrrrrrrrrG,G,True,True,0,,1.5,299.0,False,False,no_ped_near
298.0,NODE_10060,11203052964,11,2,rrrrrrrrrrrG,G,True,True,0,,1.0,299.0,False,False,no_ped_near
298.0,NODE_122781,11203041635,4,2,rrrrG,G,True,True,0,,1.0,299.0,False,False,no_ped_near
298.0,NODE_14937,11139418723,2,2,rrG,G,True,True,0,,1.0,299.0,False,False,no_ped_near
298.0,NODE_5647,10974501473,4,2,rrrrG,G,True,True,0,,1.0,299.0,False,False,no_ped_near
298.0,NODE_6342,11203041633,9,2,rrrrrrrrrG,G,True,True,0,,1.0,299.0,False,False,no_ped_near
298.5,NODE_10060,11203052964,11,2,rrrrrrrrrrrG,G,True,True,0,,0.5,299.0,False,False,no_ped_near
298.5,NODE_122781,11203041635,4,2,rrrrG,G,True,True,0,,0.5,299.0,False,False,no_ped_near
298.5,NODE_14937,11139418723,2,2,rrG,G,True,True,0,,0.5,299.0,False,False,no_ped_near
298.5,NODE_5647,10974501473,4,2,rrrrG,G,True,True,0,,0.5,299.0,False,False,no_ped_near
298.5,NODE_6342,11203041633,9,2,rrrrrrrrrG,G,True,True,0,,0.5,299.0,False,False,no_ped_near
299.0,NODE_10060,11203052964,11,2,rrrrrrrrrrrG,G,True,True,0,,0.0,299.0,False,False,no_ped_near
299.0,NODE_122781,11203041635,4,2,rrrrG,G,True,True,0,,0.0,299.0,False,False,no_ped_near
299.0,NODE_14937,11139418723,2,2,rrG,G,True,True,0,,0.0,299.0,False,False,no_ped_near
299.0,NODE_5647,10974501473,4,2,rrrrG,G,True,True,0,,0.0,299.0,False,False,no_ped_near
299.0,NODE_6342,11203041633,9,2,rrrrrrrrrG,G,True,True,0,,0.0,299.0,False,False,no_ped_near
299.5,NODE_10060,11203052964,11,0,GGGGGGGGGGGr,r,False,False,0,,78.5,378.0,False,False,ped_link_not_green
299.5,NODE_122781,11203041635,4,0,GGGGr,r,False,False,0,,78.5,378.0,False,False,ped_link_not_green
299.5,NODE_14937,11139418723,2,0,GGr,r,False,False,0,,78.5,378.0,False,False,ped_link_not_green
299.5,NODE_5647,10974501473,4,0,GGGGr,r,False,False,0,,80.5,380.0,False,False,ped_link_not_green
299.5,NODE_6342,11203041633,9,0,GGGGGGGGGr,r,False,False,0,,78.5,378.0,False,False,ped_link_not_green
300.0,NODE_10060,11203052964,11,0,GGGGGGGGGGGr,r,False,False,0,,78.0,378.0,False,False,ped_link_not_green
300.0,NODE_122781,11203041635,4,0,GGGGr,r,False,False,0,,78.0,378.0,False,False,ped_link_not_green
300.0,NODE_14937,11139418723,2,0,GGr,r,False,False,0,,78.0,378.0,False,False,ped_link_not_green
300.0,NODE_5647,10974501473,4,0,GGGGr,r,False,False,0,,80.0,380.0,False,False,ped_link_not_green
300.0,NODE_6342,11203041633,9,0,GGGGGGGGGr,r,False,False,0,,78.0,378.0,False,False,ped_link_not_green
