sim_time,crosswalk_id,tls_id,ped_link_index,current_phase_index,current_tls_state,ped_link_state,is_ped_green,is_pedestrian_only_phase,ped_near,detected_person_ids,remaining_phase_time,next_switch_time,extension_allowed,extension_decision,extension_skip_reason
0.5,LINK_212169,11449716078,5,0,gGrrrGr,G,True,False,0,,35.5,36.0,False,False,not_pedestrian_only_phase
0.5,NODE_8452,3846603653,2,0,GGr,r,False,False,0,,78.5,79.0,False,False,ped_link_not_green
0.5,NODE_6082,11449716078,5,0,gGrrrGr,G,True,False,0,,35.5,36.0,False,False,not_pedestrian_only_phase
0.5,NODE_6123,7300992884,5,0,GgGrrrr,r,False,False,0,,63.5,64.0,False,False,ped_link_not_green
0.5,NODE_8426,3849142980,16,0,gggGrrrrrrrrrrrrrGGG,r,False,False,0,,13.5,14.0,False,False,ped_link_not_green
0.5,NODE_74388,436883130,16,0,GGrrrrrrgGrrrrrrG,G,True,False,0,,31.5,32.0,False,False,not_pedestrian_only_phase
0.5,NODE_10273,3846533030,12,0,rrrgGGgGGrrGr,r,False,False,0,,29.5,30.0,False,False,ped_link_not_green
1.0,LINK_212169,11449716078,5,0,gGrrrGr,G,True,False,0,,35.0,36.0,False,False,not_pedestrian_only_phase
1.0,NODE_8452,3846603653,2,0,GGr,r,False,False,0,,78.0,79.0,False,False,ped_link_not_green
1.0,NODE_6082,11449716078,5,0,gGrrrGr,G,True,False,0,,35.0,36.0,False,False,not_pedestrian_only_phase
1.0,NODE_6123,7300992884,5,0,GgGrrrr,r,False,False,0,,63.0,64.0,False,False,ped_link_not_green
1.0,NODE_8426,3849142980,16,0,gggGrrrrrrrrrrrrrGGG,r,False,False,0,,13.0,14.0,False,False,ped_link_not_green
1.0,NODE_74388,436883130,16,0,GGrrrrrrgGrrrrrrG,G,True,False,0,,31.0,32.0,False,False,not_pedestrian_only_phase
1.0,NODE_10273,3846533030,12,0,rrrgGGgGGrrGr,r,False,False,0,,29.0,30.0,False,False,ped_link_not_green
1.5,LINK_212169,11449716078,5,0,gGrrrGr,G,True,False,0,,34.5,36.0,False,False,not_pedestrian_only_phase
1.5,NODE_8452,3846603653,2,0,GGr,r,False,False,0,,77.5,79.0,False,False,ped_link_not_green
1.5,NODE_6082,11449716078,5,0,gGrrrGr,G,True,False,0,,34.5,36.0,False,False,not_pedestrian_only_phase
1.5,NODE_6123,7300992884,5,0,GgGrrrr,r,False,False,0,,62.5,64.0,False,False,ped_link_not_green
1.5,NODE_8426,3849142980,16,0,gggGrrrrrrrrrrrrrGGG,r,False,False,0,,12.5,14.0,False,False,ped_link_not_green
1.5,NODE_74388,436883130,16,0,GGrrrrrrgGrrrrrrG,G,True,False,0,,30.5,32.0,False,False,not_pedestrian_only_phase
1.5,NODE_10273,3846533030,12,0,rrrgGGgGGrrGr,r,False,False,0,,28.5,30.0,False,False,ped_link_not_green
2.0,LINK_212169,11449716078,5,0,gGrrrGr,G,True,False,0,,34.0,36.0,False,False,not_pedestrian_only_phase
2.0,NODE_8452,3846603653,2,0,GGr,r,False,False,0,,77.0,79.0,False,False,ped_link_not_green
2.0,NODE_6082,11449716078,5,0,gGrrrGr,G,True,False,0,,34.0,36.0,False,False,not_pedestrian_only_phase
2.0,NODE_6123,7300992884,5,0,GgGrrrr,r,False,False,0,,62.0,64.0,False,False,ped_link_not_green
2.0,NODE_8426,3849142980,16,0,gggGrrrrrrrrrrrrrGGG,r,False,False,0,,12.0,14.0,False,False,ped_link_not_green
2.0,NODE_74388,436883130,16,0,GGrrrrrrgGrrrrrrG,G,True,False,0,,30.0,32.0,False,False,not_pedestrian_only_phase
2.0,NODE_10273,3846533030,12,0,rrrgGGgGGrrGr,r,False,False,0,,28.0,30.0,False,False,ped_link_not_green
2.5,LINK_212169,11449716078,5,0,gGrrrGr,G,True,False,0,,33.5,36.0,False,False,not_pedestrian_only_phase
2.5,NODE_8452,3846603653,2,0,GGr,r,False,False,0,,76.5,79.0,False,False,ped_link_not_green
2.5,NODE_6082,11449716078,5,0,gGrrrGr,G,True,False,0,,33.5,36.0,False,False,not_pedestrian_only_phase
2.5,NODE_6123,7300992884,5,0,GgGrrrr,r,False,False,0,,61.5,64.0,False,False,ped_link_not_green
2.5,NODE_8426,3849142980,16,0,gggGrrrrrrrrrrrrrGGG,r,False,False,0,,11.5,14.0,False,False,ped_link_not_green
2.5,NODE_74388,436883130,16,0,GGrrrrrrgGrrrrrrG,G,True,False,0,,29.5,32.0,False,False,not_pedestrian_only_phase
2.5,NODE_10273,3846533030,12,0,rrrgGGgGGrrGr,r,False,False,0,,27.5,30.0,False,False,ped_link_not_green
3.0,LINK_212169,11449716078,5,0,gGrrrGr,G,True,False,0,,33.0,36.0,False,False,not_pedestrian_only_phase
3.0,NODE_8452,3846603653,2,0,GGr,r,False,False,0,,76.0,79.0,False,False,ped_link_not_green
3.0,NODE_6082,11449716078,5,0,gGrrrGr,G,True,False,0,,33.0,36.0,False,False,not_pedestrian_only_phase
3.0,NODE_6123,7300992884,5,0,GgGrrrr,r,False,False,0,,61.0,64.0,False,False,ped_link_not_green
3.0,NODE_8426,3849142980,16,0,gggGrrrrrrrrrrrrrGGG,r,False,False,0,,11.0,14.0,False,False,ped_link_not_green
3.0,NODE_74388,436883130,16,0,GGrrrrrrgGrrrrrrG,G,True,False,0,,29.0,32.0,False,False,not_pedestrian_only_phase
3.0,NODE_10273,3846533030,12,0,rrrgGGgGGrrGr,r,False,False,0,,27.0,30.0,False,False,ped_link_not_green
3.5,LINK_212169,11449716078,5,0,gGrrrGr,G,True,False,0,,32.5,36.0,False,False,not_pedestrian_only_phase
3.5,NODE_8452,3846603653,2,0,GGr,r,False,False,0,,75.5,79.0,False,False,ped_link_not_green
3.5,NODE_6082,11449716078,5,0,gGrrrGr,G,True,False,0,,32.5,36.0,False,False,not_pedestrian_only_phase
3.5,NODE_6123,7300992884,5,0,GgGrrrr,r,False,False,0,,60.5,64.0,False,False,ped_link_not_green
3.5,NODE_8426,3849142980,16,0,gggGrrrrrrrrrrrrrGGG,r,False,False,0,,10.5,14.0,False,False,ped_link_not_green
3.5,NODE_74388,436883130,16,0,GGrrrrrrgGrrrrrrG,G,True,False,0,,28.5,32.0,False,False,not_pedestrian_only_phase
3.5,NODE_10273,3846533030,12,0,rrrgGGgGGrrGr,r,False,False,0,,26.5,30.0,False,False,ped_link_not_green
4.0,LINK_212169,11449716078,5,0,gGrrrGr,G,True,False,0,,32.0,36.0,False,False,not_pedestrian_only_phase
4.0,NODE_8452,3846603653,2,0,GGr,r,False,False,0,,75.0,79.0,False,False,ped_link_not_green
4.0,NODE_6082,11449716078,5,0,gGrrrGr,G,True,False,0,,32.0,36.0,False,False,not_pedestrian_only_phase
4.0,NODE_6123,7300992884,5,0,GgGrrrr,r,False,False,0,,60.0,64.0,False,False,ped_link_not_green
4.0,NODE_8426,3849142980,16,0,gggGrrrrrrrrrrrrrGGG,r,False,False,0,,10.0,14.0,False,False,ped_link_not_green
4.0,NODE_74388,436883130,16,0,GGrrrrrrgGrrrrrrG,G,True,False,0,,28.0,32.0,False,False,not_pedestrian_only_phase
4.0,NODE_10273,3846533030,12,0,rrrgGGgGGrrGr,r,False,False,0,,26.0,30.0,False,False,ped_link_not_green
4.5,LINK_212169,11449716078,5,0,gGrrrGr,G,True,False,0,,31.5,36.0,False,False,not_pedestrian_only_phase
4.5,NODE_8452,3846603653,2,0,GGr,r,False,False,0,,74.5,79.0,False,False,ped_link_not_green
4.5,NODE_6082,11449716078,5,0,gGrrrGr,G,True,False,0,,31.5,36.0,False,False,not_pedestrian_only_phase
4.5,NODE_6123,7300992884,5,0,GgGrrrr,r,False,False,0,,59.5,64.0,False,False,ped_link_not_green
4.5,NODE_8426,3849142980,16,0,gggGrrrrrrrrrrrrrGGG,r,False,False,0,,9.5,14.0,False,False,ped_link_not_green
4.5,NODE_74388,436883130,16,0,GGrrrrrrgGrrrrrrG,G,True,False,0,,27.5,32.0,False,False,not_pedestrian_only_phase
4.5,NODE_10273,3846533030,12,0,rrrgGGgGGrrGr,r,False,False,0,,25.5,30.0,False,False,ped_link_not_green
5.0,LINK_212169,11449716078,5,0,gGrrrGr,G,True,False,0,,31.0,36.0,False,False,not_pedestrian_only_phase
5.0,NODE_8452,3846603653,2,0,GGr,r,False,False,0,,74.0,79.0,False,False,ped_link_not_green
5.0,NODE_6082,11449716078,5,0,gGrrrGr,G,True,False,0,,31.0,36.0,False,False,not_pedestrian_only_phase
5.0,NODE_6123,7300992884,5,0,GgGrrrr,r,False,False,0,,59.0,64.0,False,False,ped_link_not_green
5.0,NODE_8426,3849142980,16,0,gggGrrrrrrrrrrrrrGGG,r,False,False,0,,9.0,14.0,False,False,ped_link_not_green
5.0,NODE_74388,436883130,16,0,GGrrrrrrgGrrrrrrG,G,True,False,0,,27.0,32.0,False,False,not_pedestrian_only_phase
5.0,NODE_10273,3846533030,12,0,rrrgGGgGGrrGr,r,False,False,0,,25.0,30.0,False,False,ped_link_not_green
5.5,LINK_212169,11449716078,5,0,gGrrrGr,G,True,False,0,,30.5,36.0,False,False,not_pedestrian_only_phase
5.5,NODE_8452,3846603653,2,0,GGr,r,False,False,0,,73.5,79.0,False,False,ped_link_not_green
5.5,NODE_6082,11449716078,5,0,gGrrrGr,G,True,False,0,,30.5,36.0,False,False,not_pedestrian_only_phase
5.5,NODE_6123,7300992884,5,0,GgGrrrr,r,False,False,0,,58.5,64.0,False,False,ped_link_not_green
5.5,NODE_8426,3849142980,16,0,gggGrrrrrrrrrrrrrGGG,r,False,False,0,,8.5,14.0,False,False,ped_link_not_green
5.5,NODE_74388,436883130,16,0,GGrrrrrrgGrrrrrrG,G,True,False,0,,26.5,32.0,False,False,not_pedestrian_only_phase
5.5,NODE_10273,3846533030,12,0,rrrgGGgGGrrGr,r,False,False,0,,24.5,30.0,False,False,ped_link_not_green
6.0,LINK_212169,11449716078,5,0,gGrrrGr,G,True,False,0,,30.0,36.0,False,False,not_pedestrian_only_phase
6.0,NODE_8452,3846603653,2,0,GGr,r,False,False,0,,73.0,79.0,False,False,ped_link_not_green
6.0,NODE_6082,11449716078,5,0,gGrrrGr,G,True,False,0,,30.0,36.0,False,False,not_pedestrian_only_phase
6.0,NODE_6123,7300992884,5,0,GgGrrrr,r,False,False,0,,58.0,64.0,False,False,ped_link_not_green
6.0,NODE_8426,3849142980,16,0,gggGrrrrrrrrrrrrrGGG,r,False,False,0,,8.0,14.0,False,False,ped_link_not_green
6.0,NODE_74388,436883130,16,0,GGrrrrrrgGrrrrrrG,G,True,False,0,,26.0,32.0,False,False,not_pedestrian_only_phase
6.0,NODE_10273,3846533030,12,0,rrrgGGgGGrrGr,r,False,False,0,,24.0,30.0,False,False,ped_link_not_green
6.5,LINK_212169,11449716078,5,0,gGrrrGr,G,True,False,0,,29.5,36.0,False,False,not_pedestrian_only_phase
6.5,NODE_8452,3846603653,2,0,GGr,r,False,False,0,,72.5,79.0,False,False,ped_link_not_green
6.5,NODE_6082,11449716078,5,0,gGrrrGr,G,True,False,0,,29.5,36.0,False,False,not_pedestrian_only_phase
6.5,NODE_6123,7300992884,5,0,GgGrrrr,r,False,False,0,,57.5,64.0,False,False,ped_link_not_green
6.5,NODE_8426,3849142980,16,0,gggGrrrrrrrrrrrrrGGG,r,False,False,0,,7.5,14.0,False,False,ped_link_not_green
6.5,NODE_74388,436883130,16,0,GGrrrrrrgGrrrrrrG,G,True,False,0,,25.5,32.0,False,False,not_pedestrian_only_phase
6.5,NODE_10273,3846533030,12,0,rrrgGGgGGrrGr,r,False,False,0,,23.5,30.0,False,False,ped_link_not_green
7.0,LINK_212169,11449716078,5,0,gGrrrGr,G,True,False,0,,29.0,36.0,False,False,not_pedestrian_only_phase
7.0,NODE_8452,3846603653,2,0,GGr,r,False,False,0,,72.0,79.0,False,False,ped_link_not_green
7.0,NODE_6082,11449716078,5,0,gGrrrGr,G,True,False,0,,29.0,36.0,False,False,not_pedestrian_only_phase
7.0,NODE_6123,7300992884,5,0,GgGrrrr,r,False,False,0,,57.0,64.0,False,False,ped_link_not_green
7.0,NODE_8426,3849142980,16,0,gggGrrrrrrrrrrrrrGGG,r,False,False,0,,7.0,14.0,False,False,ped_link_not_green
7.0,NODE_74388,436883130,16,0,GGrrrrrrgGrrrrrrG,G,True,False,0,,25.0,32.0,False,False,not_pedestrian_only_phase
7.0,NODE_10273,3846533030,12,0,rrrgGGgGGrrGr,r,False,False,0,,23.0,30.0,False,False,ped_link_not_green
7.5,LINK_212169,11449716078,5,0,gGrrrGr,G,True,False,0,,28.5,36.0,False,False,not_pedestrian_only_phase
7.5,NODE_8452,3846603653,2,0,GGr,r,False,False,0,,71.5,79.0,False,False,ped_link_not_green
7.5,NODE_6082,11449716078,5,0,gGrrrGr,G,True,False,0,,28.5,36.0,False,False,not_pedestrian_only_phase
7.5,NODE_6123,7300992884,5,0,GgGrrrr,r,False,False,0,,56.5,64.0,False,False,ped_link_not_green
7.5,NODE_8426,3849142980,16,0,gggGrrrrrrrrrrrrrGGG,r,False,False,0,,6.5,14.0,False,False,ped_link_not_green
7.5,NODE_74388,436883130,16,0,GGrrrrrrgGrrrrrrG,G,True,False,0,,24.5,32.0,False,False,not_pedestrian_only_phase
7.5,NODE_10273,3846533030,12,0,rrrgGGgGGrrGr,r,False,False,0,,22.5,30.0,False,False,ped_link_not_green
8.0,LINK_212169,11449716078,5,0,gGrrrGr,G,True,False,0,,28.0,36.0,False,False,not_pedestrian_only_phase
8.0,NODE_8452,3846603653,2,0,GGr,r,False,False,0,,71.0,79.0,False,False,ped_link_not_green
8.0,NODE_6082,11449716078,5,0,gGrrrGr,G,True,False,0,,28.0,36.0,False,False,not_pedestrian_only_phase
8.0,NODE_6123,7300992884,5,0,GgGrrrr,r,False,False,0,,56.0,64.0,False,False,ped_link_not_green
8.0,NODE_8426,3849142980,16,0,gggGrrrrrrrrrrrrrGGG,r,False,False,0,,6.0,14.0,False,False,ped_link_not_green
8.0,NODE_74388,436883130,16,0,GGrrrrrrgGrrrrrrG,G,True,False,0,,24.0,32.0,False,False,not_pedestrian_only_phase
8.0,NODE_10273,3846533030,12,0,rrrgGGgGGrrGr,r,False,False,0,,22.0,30.0,False,False,ped_link_not_green
8.5,LINK_212169,11449716078,5,0,gGrrrGr,G,True,False,0,,27.5,36.0,False,False,not_pedestrian_only_phase
8.5,NODE_8452,3846603653,2,0,GGr,r,False,False,0,,70.5,79.0,False,False,ped_link_not_green
8.5,NODE_6082,11449716078,5,0,gGrrrGr,G,True,False,0,,27.5,36.0,False,False,not_pedestrian_only_phase
8.5,NODE_6123,7300992884,5,0,GgGrrrr,r,False,False,0,,55.5,64.0,False,False,ped_link_not_green
8.5,NODE_8426,3849142980,16,0,gggGrrrrrrrrrrrrrGGG,r,False,False,0,,5.5,14.0,False,False,ped_link_not_green
8.5,NODE_74388,436883130,16,0,GGrrrrrrgGrrrrrrG,G,True,False,0,,23.5,32.0,False,False,not_pedestrian_only_phase
8.5,NODE_10273,3846533030,12,0,rrrgGGgGGrrGr,r,False,False,0,,21.5,30.0,False,False,ped_link_not_green
9.0,LINK_212169,11449716078,5,0,gGrrrGr,G,True,False,0,,27.0,36.0,False,False,not_pedestrian_only_phase
9.0,NODE_8452,3846603653,2,0,GGr,r,False,False,0,,70.0,79.0,False,False,ped_link_not_green
9.0,NODE_6082,11449716078,5,0,gGrrrGr,G,True,False,0,,27.0,36.0,False,False,not_pedestrian_only_phase
9.0,NODE_6123,7300992884,5,0,GgGrrrr,r,False,False,0,,55.0,64.0,False,False,ped_link_not_green
9.0,NODE_8426,3849142980,16,0,gggGrrrrrrrrrrrrrGGG,r,False,False,0,,5.0,14.0,False,False,ped_link_not_green
9.0,NODE_74388,436883130,16,0,GGrrrrrrgGrrrrrrG,G,True,False,0,,23.0,32.0,False,False,not_pedestrian_only_phase
9.0,NODE_10273,3846533030,12,0,rrrgGGgGGrrGr,r,False,False,0,,21.0,30.0,False,False,ped_link_not_green
9.5,LINK_212169,11449716078,5,0,gGrrrGr,G,True,False,0,,26.5,36.0,False,False,not_pedestrian_only_phase
9.5,NODE_8452,3846603653,2,0,GGr,r,False,False,0,,69.5,79.0,False,False,ped_link_not_green
9.5,NODE_6082,11449716078,5,0,gGrrrGr,G,True,False,0,,26.5,36.0,False,False,not_pedestrian_only_phase
9.5,NODE_6123,7300992884,5,0,GgGrrrr,r,False,False,0,,54.5,64.0,False,False,ped_link_not_green
9.5,NODE_8426,3849142980,16,0,gggGrrrrrrrrrrrrrGGG,r,False,False,0,,4.5,14.0,False,False,ped_link_not_green
9.5,NODE_74388,436883130,16,0,GGrrrrrrgGrrrrrrG,G,True,False,0,,22.5,32.0,False,False,not_pedestrian_only_phase
9.5,NODE_10273,3846533030,12,0,rrrgGGgGGrrGr,r,False,False,0,,20.5,30.0,False,False,ped_link_not_green
10.0,LINK_212169,11449716078,5,0,gGrrrGr,G,True,False,0,,26.0,36.0,False,False,not_pedestrian_only_phase
10.0,NODE_8452,3846603653,2,0,GGr,r,False,False,0,,69.0,79.0,False,False,ped_link_not_green
10.0,NODE_6082,11449716078,5,0,gGrrrGr,G,True,False,0,,26.0,36.0,False,False,not_pedestrian_only_phase
10.0,NODE_6123,7300992884,5,0,GgGrrrr,r,False,False,0,,54.0,64.0,False,False,ped_link_not_green
10.0,NODE_8426,3849142980,16,0,gggGrrrrrrrrrrrrrGGG,r,False,False,0,,4.0,14.0,False,False,ped_link_not_green
10.0,NODE_74388,436883130,16,0,GGrrrrrrgGrrrrrrG,G,True,False,0,,22.0,32.0,False,False,not_pedestrian_only_phase
10.0,NODE_10273,3846533030,12,0,rrrgGGgGGrrGr,r,False,False,0,,20.0,30.0,False,False,ped_link_not_green
10.5,LINK_212169,11449716078,5,0,gGrrrGr,G,True,False,0,,25.5,36.0,False,False,not_pedestrian_only_phase
10.5,NODE_8452,3846603653,2,0,GGr,r,False,False,0,,68.5,79.0,False,False,ped_link_not_green
10.5,NODE_6082,11449716078,5,0,gGrrrGr,G,True,False,0,,25.5,36.0,False,False,not_pedestrian_only_phase
10.5,NODE_6123,7300992884,5,0,GgGrrrr,r,False,False,0,,53.5,64.0,False,False,ped_link_not_green
10.5,NODE_8426,3849142980,16,0,gggGrrrrrrrrrrrrrGGG,r,False,False,0,,3.5,14.0,False,False,ped_link_not_green
10.5,NODE_74388,436883130,16,0,GGrrrrrrgGrrrrrrG,G,True,False,0,,21.5,32.0,False,False,not_pedestrian_only_phase
10.5,NODE_10273,3846533030,12,0,rrrgGGgGGrrGr,r,False,False,0,,19.5,30.0,False,False,ped_link_not_green
11.0,LINK_212169,11449716078,5,0,gGrrrGr,G,True,False,0,,25.0,36.0,False,False,not_pedestrian_only_phase
11.0,NODE_8452,3846603653,2,0,GGr,r,False,False,0,,68.0,79.0,False,False,ped_link_not_green
11.0,NODE_6082,11449716078,5,0,gGrrrGr,G,True,False,0,,25.0,36.0,False,False,not_pedestrian_only_phase
11.0,NODE_6123,7300992884,5,0,GgGrrrr,r,False,False,0,,53.0,64.0,False,False,ped_link_not_green
11.0,NODE_8426,3849142980,16,0,gggGrrrrrrrrrrrrrGGG,r,False,False,0,,3.0,14.0,False,False,ped_link_not_green
11.0,NODE_74388,436883130,16,0,GGrrrrrrgGrrrrrrG,G,True,False,0,,21.0,32.0,False,False,not_pedestrian_only_phase
11.0,NODE_10273,3846533030,12,0,rrrgGGgGGrrGr,r,False,False,0,,19.0,30.0,False,False,ped_link_not_green
11.5,LINK_212169,11449716078,5,0,gGrrrGr,G,True,False,0,,24.5,36.0,False,False,not_pedestrian_only_phase
11.5,NODE_8452,3846603653,2,0,GGr,r,False,False,0,,67.5,79.0,False,False,ped_link_not_green
11.5,NODE_6082,11449716078,5,0,gGrrrGr,G,True,False,0,,24.5,36.0,False,False,not_pedestrian_only_phase
11.5,NODE_6123,7300992884,5,0,GgGrrrr,r,False,False,0,,52.5,64.0,False,False,ped_link_not_green
11.5,NODE_8426,3849142980,16,0,gggGrrrrrrrrrrrrrGGG,r,False,False,0,,2.5,14.0,False,False,ped_link_not_green
11.5,NODE_74388,436883130,16,0,GGrrrrrrgGrrrrrrG,G,True,False,0,,20.5,32.0,False,False,not_pedestrian_only_phase
11.5,NODE_10273,3846533030,12,0,rrrgGGgGGrrGr,r,False,False,0,,18.5,30.0,False,False,ped_link_not_green
12.0,LINK_212169,11449716078,5,0,gGrrrGr,G,True,False,0,,24.0,36.0,False,False,not_pedestrian_only_phase
12.0,NODE_8452,3846603653,2,0,GGr,r,False,False,0,,67.0,79.0,False,False,ped_link_not_green
12.0,NODE_6082,11449716078,5,0,gGrrrGr,G,True,False,0,,24.0,36.0,False,False,not_pedestrian_only_phase
12.0,NODE_6123,7300992884,5,0,GgGrrrr,r,False,False,0,,52.0,64.0,False,False,ped_link_not_green
12.0,NODE_8426,3849142980,16,0,gggGrrrrrrrrrrrrrGGG,r,False,False,0,,2.0,14.0,False,False,ped_link_not_green
12.0,NODE_74388,436883130,16,0,GGrrrrrrgGrrrrrrG,G,True,False,0,,20.0,32.0,False,False,not_pedestrian_only_phase
12.0,NODE_10273,3846533030,12,0,rrrgGGgGGrrGr,r,False,False,0,,18.0,30.0,False,False,ped_link_not_green
12.5,LINK_212169,11449716078,5,0,gGrrrGr,G,True,False,0,,23.5,36.0,False,False,not_pedestrian_only_phase
12.5,NODE_8452,3846603653,2,0,GGr,r,False,False,0,,66.5,79.0,False,False,ped_link_not_green
12.5,NODE_6082,11449716078,5,0,gGrrrGr,G,True,False,0,,23.5,36.0,False,False,not_pedestrian_only_phase
12.5,NODE_6123,7300992884,5,0,GgGrrrr,r,False,False,0,,51.5,64.0,False,False,ped_link_not_green
12.5,NODE_8426,3849142980,16,0,gggGrrrrrrrrrrrrrGGG,r,False,False,0,,1.5,14.0,False,False,ped_link_not_green
12.5,NODE_74388,436883130,16,0,GGrrrrrrgGrrrrrrG,G,True,False,0,,19.5,32.0,False,False,not_pedestrian_only_phase
12.5,NODE_10273,3846533030,12,0,rrrgGGgGGrrGr,r,False,False,0,,17.5,30.0,False,False,ped_link_not_green
13.0,LINK_212169,11449716078,5,0,gGrrrGr,G,True,False,0,,23.0,36.0,False,False,not_pedestrian_only_phase
13.0,NODE_8452,3846603653,2,0,GGr,r,False,False,0,,66.0,79.0,False,False,ped_link_not_green
13.0,NODE_6082,11449716078,5,0,gGrrrGr,G,True,False,0,,23.0,36.0,False,False,not_pedestrian_only_phase
13.0,NODE_6123,7300992884,5,0,GgGrrrr,r,False,False,0,,51.0,64.0,False,False,ped_link_not_green
13.0,NODE_8426,3849142980,16,0,gggGrrrrrrrrrrrrrGGG,r,False,False,0,,1.0,14.0,False,False,ped_link_not_green
13.0,NODE_74388,436883130,16,0,GGrrrrrrgGrrrrrrG,G,True,False,0,,19.0,32.0,False,False,not_pedestrian_only_phase
13.0,NODE_10273,3846533030,12,0,rrrgGGgGGrrGr,r,False,False,0,,17.0,30.0,False,False,ped_link_not_green
13.5,LINK_212169,11449716078,5,0,gGrrrGr,G,True,False,0,,22.5,36.0,False,False,not_pedestrian_only_phase
13.5,NODE_8452,3846603653,2,0,GGr,r,False,False,0,,65.5,79.0,False,False,ped_link_not_green
13.5,NODE_6082,11449716078,5,0,gGrrrGr,G,True,False,0,,22.5,36.0,False,False,not_pedestrian_only_phase
13.5,NODE_6123,7300992884,5,0,GgGrrrr,r,False,False,0,,50.5,64.0,False,False,ped_link_not_green
13.5,NODE_8426,3849142980,16,0,gggGrrrrrrrrrrrrrGGG,r,False,False,0,,0.5,14.0,False,False,ped_link_not_green
13.5,NODE_74388,436883130,16,0,GGrrrrrrgGrrrrrrG,G,True,False,0,,18.5,32.0,False,False,not_pedestrian_only_phase
13.5,NODE_10273,3846533030,12,0,rrrgGGgGGrrGr,r,False,False,0,,16.5,30.0,False,False,ped_link_not_green
14.0,LINK_212169,11449716078,5,0,gGrrrGr,G,True,False,0,,22.0,36.0,False,False,not_pedestrian_only_phase
14.0,NODE_8452,3846603653,2,0,GGr,r,False,False,0,,65.0,79.0,False,False,ped_link_not_green
14.0,NODE_6082,11449716078,5,0,gGrrrGr,G,True,False,0,,22.0,36.0,False,False,not_pedestrian_only_phase
14.0,NODE_6123,7300992884,5,0,GgGrrrr,r,False,False,0,,50.0,64.0,False,False,ped_link_not_green
14.0,NODE_8426,3849142980,16,0,gggGrrrrrrrrrrrrrGGG,r,False,False,0,,0.0,14.0,False,False,ped_link_not_green
14.0,NODE_74388,436883130,16,0,GGrrrrrrgGrrrrrrG,G,True,False,0,,18.0,32.0,False,False,not_pedestrian_only_phase
14.0,NODE_10273,3846533030,12,0,rrrgGGgGGrrGr,r,False,False,0,,16.0,30.0,False,False,ped_link_not_green
14.5,LINK_212169,11449716078,5,0,gGrrrGr,G,True,False,0,,21.5,36.0,False,False,not_pedestrian_only_phase
14.5,NODE_8452,3846603653,2,0,GGr,r,False,False,0,,64.5,79.0,False,False,ped_link_not_green
14.5,NODE_6082,11449716078,5,0,gGrrrGr,G,True,False,0,,21.5,36.0,False,False,not_pedestrian_only_phase
14.5,NODE_6123,7300992884,5,0,GgGrrrr,r,False,False,0,,49.5,64.0,False,False,ped_link_not_green
14.5,NODE_8426,3849142980,16,1,gggGrrrrrrrrrrrrrrrr,r,False,False,0,,2.5,17.0,False,False,ped_link_not_green
14.5,NODE_74388,436883130,16,0,GGrrrrrrgGrrrrrrG,G,True,False,0,,17.5,32.0,False,False,not_pedestrian_only_phase
14.5,NODE_10273,3846533030,12,0,rrrgGGgGGrrGr,r,False,False,0,,15.5,30.0,False,False,ped_link_not_green
15.0,LINK_212169,11449716078,5,0,gGrrrGr,G,True,False,0,,21.0,36.0,False,False,not_pedestrian_only_phase
15.0,NODE_8452,3846603653,2,0,GGr,r,False,False,0,,64.0,79.0,False,False,ped_link_not_green
15.0,NODE_6082,11449716078,5,0,gGrrrGr,G,True,False,0,,21.0,36.0,False,False,not_pedestrian_only_phase
15.0,NODE_6123,7300992884,5,0,GgGrrrr,r,False,False,0,,49.0,64.0,False,False,ped_link_not_green
15.0,NODE_8426,3849142980,16,1,gggGrrrrrrrrrrrrrrrr,r,False,False,0,,2.0,17.0,False,False,ped_link_not_green
15.0,NODE_74388,436883130,16,0,GGrrrrrrgGrrrrrrG,G,True,False,0,,17.0,32.0,False,False,not_pedestrian_only_phase
15.0,NODE_10273,3846533030,12,0,rrrgGGgGGrrGr,r,False,False,0,,15.0,30.0,False,False,ped_link_not_green
15.5,LINK_212169,11449716078,5,0,gGrrrGr,G,True,False,0,,20.5,36.0,False,False,not_pedestrian_only_phase
15.5,NODE_8452,3846603653,2,0,GGr,r,False,False,0,,63.5,79.0,False,False,ped_link_not_green
15.5,NODE_6082,11449716078,5,0,gGrrrGr,G,True,False,0,,20.5,36.0,False,False,not_pedestrian_only_phase
15.5,NODE_6123,7300992884,5,0,GgGrrrr,r,False,False,0,,48.5,64.0,False,False,ped_link_not_green
15.5,NODE_8426,3849142980,16,1,gggGrrrrrrrrrrrrrrrr,r,False,False,0,,1.5,17.0,False,False,ped_link_not_green
15.5,NODE_74388,436883130,16,0,GGrrrrrrgGrrrrrrG,G,True,False,0,,16.5,32.0,False,False,not_pedestrian_only_phase
15.5,NODE_10273,3846533030,12,0,rrrgGGgGGrrGr,r,False,False,0,,14.5,30.0,False,False,ped_link_not_green
16.0,LINK_212169,11449716078,5,0,gGrrrGr,G,True,False,0,,20.0,36.0,False,False,not_pedestrian_only_phase
16.0,NODE_8452,3846603653,2,0,GGr,r,False,False,0,,63.0,79.0,False,False,ped_link_not_green
16.0,NODE_6082,11449716078,5,0,gGrrrGr,G,True,False,0,,20.0,36.0,False,False,not_pedestrian_only_phase
16.0,NODE_6123,7300992884,5,0,GgGrrrr,r,False,False,0,,48.0,64.0,False,False,ped_link_not_green
16.0,NODE_8426,3849142980,16,1,gggGrrrrrrrrrrrrrrrr,r,False,False,0,,1.0,17.0,False,False,ped_link_not_green
16.0,NODE_74388,436883130,16,0,GGrrrrrrgGrrrrrrG,G,True,False,0,,16.0,32.0,False,False,not_pedestrian_only_phase
16.0,NODE_10273,3846533030,12,0,rrrgGGgGGrrGr,r,False,False,0,,14.0,30.0,False,False,ped_link_not_green
16.5,LINK_212169,11449716078,5,0,gGrrrGr,G,True,False,0,,19.5,36.0,False,False,not_pedestrian_only_phase
16.5,NODE_8452,3846603653,2,0,GGr,r,False,False,0,,62.5,79.0,False,False,ped_link_not_green
16.5,NODE_6082,11449716078,5,0,gGrrrGr,G,True,False,0,,19.5,36.0,False,False,not_pedestrian_only_phase
16.5,NODE_6123,7300992884,5,0,GgGrrrr,r,False,False,0,,47.5,64.0,False,False,ped_link_not_green
16.5,NODE_8426,3849142980,16,1,gggGrrrrrrrrrrrrrrrr,r,False,False,0,,0.5,17.0,False,False,ped_link_not_green
16.5,NODE_74388,436883130,16,0,GGrrrrrrgGrrrrrrG,G,True,False,0,,15.5,32.0,False,False,not_pedestrian_only_phase
16.5,NODE_10273,3846533030,12,0,rrrgGGgGGrrGr,r,False,False,0,,13.5,30.0,False,False,ped_link_not_green
17.0,LINK_212169,11449716078,5,0,gGrrrGr,G,True,False,0,,19.0,36.0,False,False,not_pedestrian_only_phase
17.0,NODE_8452,3846603653,2,0,GGr,r,False,False,0,,62.0,79.0,False,False,ped_link_not_green
17.0,NODE_6082,11449716078,5,0,gGrrrGr,G,True,False,0,,19.0,36.0,False,False,not_pedestrian_only_phase
17.0,NODE_6123,7300992884,5,0,GgGrrrr,r,False,False,0,,47.0,64.0,False,False,ped_link_not_green
17.0,NODE_8426,3849142980,16,1,gggGrrrrrrrrrrrrrrrr,r,False,False,0,,0.0,17.0,False,False,ped_link_not_green
17.0,NODE_74388,436883130,16,0,GGrrrrrrgGrrrrrrG,G,True,False,0,,15.0,32.0,False,False,not_pedestrian_only_phase
17.0,NODE_10273,3846533030,12,0,rrrgGGgGGrrGr,r,False,False,0,,13.0,30.0,False,False,ped_link_not_green
17.5,LINK_212169,11449716078,5,0,gGrrrGr,G,True,False,0,,18.5,36.0,False,False,not_pedestrian_only_phase
17.5,NODE_8452,3846603653,2,0,GGr,r,False,False,0,,61.5,79.0,False,False,ped_link_not_green
17.5,NODE_6082,11449716078,5,0,gGrrrGr,G,True,False,0,,18.5,36.0,False,False,not_pedestrian_only_phase
17.5,NODE_6123,7300992884,5,0,GgGrrrr,r,False,False,0,,46.5,64.0,False,False,ped_link_not_green
17.5,NODE_8426,3849142980,16,2,yyyyrrrrrrrrrrrrrrrr,r,False,False,0,,2.5,20.0,False,False,ped_link_not_green
17.5,NODE_74388,436883130,16,0,GGrrrrrrgGrrrrrrG,G,True,False,0,,14.5,32.0,False,False,not_pedestrian_only_phase
17.5,NODE_10273,3846533030,12,0,rrrgGGgGGrrGr,r,False,False,0,,12.5,30.0,False,False,ped_link_not_green
18.0,LINK_212169,11449716078,5,0,gGrrrGr,G,True,False,0,,18.0,36.0,False,False,not_pedestrian_only_phase
18.0,NODE_8452,3846603653,2,0,GGr,r,False,False,0,,61.0,79.0,False,False,ped_link_not_green
18.0,NODE_6082,11449716078,5,0,gGrrrGr,G,True,False,0,,18.0,36.0,False,False,not_pedestrian_only_phase
18.0,NODE_6123,7300992884,5,0,GgGrrrr,r,False,False,0,,46.0,64.0,False,False,ped_link_not_green
18.0,NODE_8426,3849142980,16,2,yyyyrrrrrrrrrrrrrrrr,r,False,False,0,,2.0,20.0,False,False,ped_link_not_green
18.0,NODE_74388,436883130,16,0,GGrrrrrrgGrrrrrrG,G,True,False,0,,14.0,32.0,False,False,not_pedestrian_only_phase
18.0,NODE_10273,3846533030,12,0,rrrgGGgGGrrGr,r,False,False,0,,12.0,30.0,False,False,ped_link_not_green
18.5,LINK_212169,11449716078,5,0,gGrrrGr,G,True,False,0,,17.5,36.0,False,False,not_pedestrian_only_phase
18.5,NODE_8452,3846603653,2,0,GGr,r,False,False,0,,60.5,79.0,False,False,ped_link_not_green
18.5,NODE_6082,11449716078,5,0,gGrrrGr,G,True,False,0,,17.5,36.0,False,False,not_pedestrian_only_phase
18.5,NODE_6123,7300992884,5,0,GgGrrrr,r,False,False,0,,45.5,64.0,False,False,ped_link_not_green
18.5,NODE_8426,3849142980,16,2,yyyyrrrrrrrrrrrrrrrr,r,False,False,0,,1.5,20.0,False,False,ped_link_not_green
18.5,NODE_74388,436883130,16,0,GGrrrrrrgGrrrrrrG,G,True,False,0,,13.5,32.0,False,False,not_pedestrian_only_phase
18.5,NODE_10273,3846533030,12,0,rrrgGGgGGrrGr,r,False,False,0,,11.5,30.0,False,False,ped_link_not_green
19.0,LINK_212169,11449716078,5,0,gGrrrGr,G,True,False,0,,17.0,36.0,False,False,not_pedestrian_only_phase
19.0,NODE_8452,3846603653,2,0,GGr,r,False,False,0,,60.0,79.0,False,False,ped_link_not_green
19.0,NODE_6082,11449716078,5,0,gGrrrGr,G,True,False,0,,17.0,36.0,False,False,not_pedestrian_only_phase
19.0,NODE_6123,7300992884,5,0,GgGrrrr,r,False,False,0,,45.0,64.0,False,False,ped_link_not_green
19.0,NODE_8426,3849142980,16,2,yyyyrrrrrrrrrrrrrrrr,r,False,False,0,,1.0,20.0,False,False,ped_link_not_green
19.0,NODE_74388,436883130,16,0,GGrrrrrrgGrrrrrrG,G,True,False,0,,13.0,32.0,False,False,not_pedestrian_only_phase
19.0,NODE_10273,3846533030,12,0,rrrgGGgGGrrGr,r,False,False,0,,11.0,30.0,False,False,ped_link_not_green
19.5,LINK_212169,11449716078,5,0,gGrrrGr,G,True,False,0,,16.5,36.0,False,False,not_pedestrian_only_phase
19.5,NODE_8452,3846603653,2,0,GGr,r,False,False,0,,59.5,79.0,False,False,ped_link_not_green
19.5,NODE_6082,11449716078,5,0,gGrrrGr,G,True,False,0,,16.5,36.0,False,False,not_pedestrian_only_phase
19.5,NODE_6123,7300992884,5,0,GgGrrrr,r,False,False,0,,44.5,64.0,False,False,ped_link_not_green
19.5,NODE_8426,3849142980,16,2,yyyyrrrrrrrrrrrrrrrr,r,False,False,0,,0.5,20.0,False,False,ped_link_not_green
19.5,NODE_74388,436883130,16,0,GGrrrrrrgGrrrrrrG,G,True,False,0,,12.5,32.0,False,False,not_pedestrian_only_phase
19.5,NODE_10273,3846533030,12,0,rrrgGGgGGrrGr,r,False,False,0,,10.5,30.0,False,False,ped_link_not_green
20.0,LINK_212169,11449716078,5,0,gGrrrGr,G,True,False,0,,16.0,36.0,False,False,not_pedestrian_only_phase
20.0,NODE_8452,3846603653,2,0,GGr,r,False,False,0,,59.0,79.0,False,False,ped_link_not_green
20.0,NODE_6082,11449716078,5,0,gGrrrGr,G,True,False,0,,16.0,36.0,False,False,not_pedestrian_only_phase
20.0,NODE_6123,7300992884,5,0,GgGrrrr,r,False,False,0,,44.0,64.0,False,False,ped_link_not_green
20.0,NODE_8426,3849142980,16,2,yyyyrrrrrrrrrrrrrrrr,r,False,False,0,,0.0,20.0,False,False,ped_link_not_green
20.0,NODE_74388,436883130,16,0,GGrrrrrrgGrrrrrrG,G,True,False,0,,12.0,32.0,False,False,not_pedestrian_only_phase
20.0,NODE_10273,3846533030,12,0,rrrgGGgGGrrGr,r,False,False,0,,10.0,30.0,False,False,ped_link_not_green
20.5,LINK_212169,11449716078,5,0,gGrrrGr,G,True,False,0,,15.5,36.0,False,False,not_pedestrian_only_phase
20.5,NODE_8452,3846603653,2,0,GGr,r,False,False,0,,58.5,79.0,False,False,ped_link_not_green
20.5,NODE_6082,11449716078,5,0,gGrrrGr,G,True,False,0,,15.5,36.0,False,False,not_pedestrian_only_phase
20.5,NODE_6123,7300992884,5,0,GgGrrrr,r,False,False,0,,43.5,64.0,False,False,ped_link_not_green
20.5,NODE_8426,3849142980,16,3,rrrrgggGrrrrrrrrGrGG,G,True,False,0,,16.5,37.0,False,False,not_pedestrian_only_phase
20.5,NODE_74388,436883130,16,0,GGrrrrrrgGrrrrrrG,G,True,False,0,,11.5,32.0,False,False,not_pedestrian_only_phase
20.5,NODE_10273,3846533030,12,0,rrrgGGgGGrrGr,r,False,False,0,,9.5,30.0,False,False,ped_link_not_green
21.0,LINK_212169,11449716078,5,0,gGrrrGr,G,True,False,0,,15.0,36.0,False,False,not_pedestrian_only_phase
21.0,NODE_8452,3846603653,2,0,GGr,r,False,False,0,,58.0,79.0,False,False,ped_link_not_green
21.0,NODE_6082,11449716078,5,0,gGrrrGr,G,True,False,0,,15.0,36.0,False,False,not_pedestrian_only_phase
21.0,NODE_6123,7300992884,5,0,GgGrrrr,r,False,False,0,,43.0,64.0,False,False,ped_link_not_green
21.0,NODE_8426,3849142980,16,3,rrrrgggGrrrrrrrrGrGG,G,True,False,0,,16.0,37.0,False,False,not_pedestrian_only_phase
21.0,NODE_74388,436883130,16,0,GGrrrrrrgGrrrrrrG,G,True,False,0,,11.0,32.0,False,False,not_pedestrian_only_phase
21.0,NODE_10273,3846533030,12,0,rrrgGGgGGrrGr,r,False,False,0,,9.0,30.0,False,False,ped_link_not_green
21.5,LINK_212169,11449716078,5,0,gGrrrGr,G,True,False,0,,14.5,36.0,False,False,not_pedestrian_only_phase
21.5,NODE_8452,3846603653,2,0,GGr,r,False,False,0,,57.5,79.0,False,False,ped_link_not_green
21.5,NODE_6082,11449716078,5,0,gGrrrGr,G,True,False,0,,14.5,36.0,False,False,not_pedestrian_only_phase
21.5,NODE_6123,7300992884,5,0,GgGrrrr,r,False,False,0,,42.5,64.0,False,False,ped_link_not_green
21.5,NODE_8426,3849142980,16,3,rrrrgggGrrrrrrrrGrGG,G,True,False,0,,15.5,37.0,False,False,not_pedestrian_only_phase
21.5,NODE_74388,436883130,16,0,GGrrrrrrgGrrrrrrG,G,True,False,0,,10.5,32.0,False,False,not_pedestrian_only_phase
21.5,NODE_10273,3846533030,12,0,rrrgGGgGGrrGr,r,False,False,0,,8.5,30.0,False,False,ped_link_not_green
22.0,LINK_212169,11449716078,5,0,gGrrrGr,G,True,False,0,,14.0,36.0,False,False,not_pedestrian_only_phase
22.0,NODE_8452,3846603653,2,0,GGr,r,False,False,0,,57.0,79.0,False,False,ped_link_not_green
22.0,NODE_6082,11449716078,5,0,gGrrrGr,G,True,False,0,,14.0,36.0,False,False,not_pedestrian_only_phase
22.0,NODE_6123,7300992884,5,0,GgGrrrr,r,False,False,0,,42.0,64.0,False,False,ped_link_not_green
22.0,NODE_8426,3849142980,16,3,rrrrgggGrrrrrrrrGrGG,G,True,False,0,,15.0,37.0,False,False,not_pedestrian_only_phase
22.0,NODE_74388,436883130,16,0,GGrrrrrrgGrrrrrrG,G,True,False,0,,10.0,32.0,False,False,not_pedestrian_only_phase
22.0,NODE_10273,3846533030,12,0,rrrgGGgGGrrGr,r,False,False,0,,8.0,30.0,False,False,ped_link_not_green
22.5,LINK_212169,11449716078,5,0,gGrrrGr,G,True,False,0,,13.5,36.0,False,False,not_pedestrian_only_phase
22.5,NODE_8452,3846603653,2,0,GGr,r,False,False,0,,56.5,79.0,False,False,ped_link_not_green
22.5,NODE_6082,11449716078,5,0,gGrrrGr,G,True,False,0,,13.5,36.0,False,False,not_pedestrian_only_phase
22.5,NODE_6123,7300992884,5,0,GgGrrrr,r,False,False,0,,41.5,64.0,False,False,ped_link_not_green
22.5,NODE_8426,3849142980,16,3,rrrrgggGrrrrrrrrGrGG,G,True,False,0,,14.5,37.0,False,False,not_pedestrian_only_phase
22.5,NODE_74388,436883130,16,0,GGrrrrrrgGrrrrrrG,G,True,False,0,,9.5,32.0,False,False,not_pedestrian_only_phase
22.5,NODE_10273,3846533030,12,0,rrrgGGgGGrrGr,r,False,False,0,,7.5,30.0,False,False,ped_link_not_green
23.0,LINK_212169,11449716078,5,0,gGrrrGr,G,True,False,0,,13.0,36.0,False,False,not_pedestrian_only_phase
23.0,NODE_8452,3846603653,2,0,GGr,r,False,False,0,,56.0,79.0,False,False,ped_link_not_green
23.0,NODE_6082,11449716078,5,0,gGrrrGr,G,True,False,0,,13.0,36.0,False,False,not_pedestrian_only_phase
23.0,NODE_6123,7300992884,5,0,GgGrrrr,r,False,False,0,,41.0,64.0,False,False,ped_link_not_green
23.0,NODE_8426,3849142980,16,3,rrrrgggGrrrrrrrrGrGG,G,True,False,0,,14.0,37.0,False,False,not_pedestrian_only_phase
23.0,NODE_74388,436883130,16,0,GGrrrrrrgGrrrrrrG,G,True,False,0,,9.0,32.0,False,False,not_pedestrian_only_phase
23.0,NODE_10273,3846533030,12,0,rrrgGGgGGrrGr,r,False,False,0,,7.0,30.0,False,False,ped_link_not_green
23.5,LINK_212169,11449716078,5,0,gGrrrGr,G,True,False,0,,12.5,36.0,False,False,not_pedestrian_only_phase
23.5,NODE_8452,3846603653,2,0,GGr,r,False,False,0,,55.5,79.0,False,False,ped_link_not_green
23.5,NODE_6082,11449716078,5,0,gGrrrGr,G,True,False,0,,12.5,36.0,False,False,not_pedestrian_only_phase
23.5,NODE_6123,7300992884,5,0,GgGrrrr,r,False,False,0,,40.5,64.0,False,False,ped_link_not_green
23.5,NODE_8426,3849142980,16,3,rrrrgggGrrrrrrrrGrGG,G,True,False,0,,13.5,37.0,False,False,not_pedestrian_only_phase
23.5,NODE_74388,436883130,16,0,GGrrrrrrgGrrrrrrG,G,True,False,0,,8.5,32.0,False,False,not_pedestrian_only_phase
23.5,NODE_10273,3846533030,12,0,rrrgGGgGGrrGr,r,False,False,0,,6.5,30.0,False,False,ped_link_not_green
24.0,LINK_212169,11449716078,5,0,gGrrrGr,G,True,False,0,,12.0,36.0,False,False,not_pedestrian_only_phase
24.0,NODE_8452,3846603653,2,0,GGr,r,False,False,0,,55.0,79.0,False,False,ped_link_not_green
24.0,NODE_6082,11449716078,5,0,gGrrrGr,G,True,False,0,,12.0,36.0,False,False,not_pedestrian_only_phase
24.0,NODE_6123,7300992884,5,0,GgGrrrr,r,False,False,0,,40.0,64.0,False,False,ped_link_not_green
24.0,NODE_8426,3849142980,16,3,rrrrgggGrrrrrrrrGrGG,G,True,False,0,,13.0,37.0,False,False,not_pedestrian_only_phase
24.0,NODE_74388,436883130,16,0,GGrrrrrrgGrrrrrrG,G,True,False,0,,8.0,32.0,False,False,not_pedestrian_only_phase
24.0,NODE_10273,3846533030,12,0,rrrgGGgGGrrGr,r,False,False,0,,6.0,30.0,False,False,ped_link_not_green
24.5,LINK_212169,11449716078,5,0,gGrrrGr,G,True,False,0,,11.5,36.0,False,False,not_pedestrian_only_phase
24.5,NODE_8452,3846603653,2,0,GGr,r,False,False,0,,54.5,79.0,False,False,ped_link_not_green
24.5,NODE_6082,11449716078,5,0,gGrrrGr,G,True,False,0,,11.5,36.0,False,False,not_pedestrian_only_phase
24.5,NODE_6123,7300992884,5,0,GgGrrrr,r,False,False,0,,39.5,64.0,False,False,ped_link_not_green
24.5,NODE_8426,3849142980,16,3,rrrrgggGrrrrrrrrGrGG,G,True,False,0,,12.5,37.0,False,False,not_pedestrian_only_phase
24.5,NODE_74388,436883130,16,0,GGrrrrrrgGrrrrrrG,G,True,False,0,,7.5,32.0,False,False,not_pedestrian_only_phase
24.5,NODE_10273,3846533030,12,0,rrrgGGgGGrrGr,r,False,False,0,,5.5,30.0,False,False,ped_link_not_green
25.0,LINK_212169,11449716078,5,0,gGrrrGr,G,True,False,0,,11.0,36.0,False,False,not_pedestrian_only_phase
25.0,NODE_8452,3846603653,2,0,GGr,r,False,False,0,,54.0,79.0,False,False,ped_link_not_green
25.0,NODE_6082,11449716078,5,0,gGrrrGr,G,True,False,0,,11.0,36.0,False,False,not_pedestrian_only_phase
25.0,NODE_6123,7300992884,5,0,GgGrrrr,r,False,False,0,,39.0,64.0,False,False,ped_link_not_green
25.0,NODE_8426,3849142980,16,3,rrrrgggGrrrrrrrrGrGG,G,True,False,0,,12.0,37.0,False,False,not_pedestrian_only_phase
25.0,NODE_74388,436883130,16,0,GGrrrrrrgGrrrrrrG,G,True,False,0,,7.0,32.0,False,False,not_pedestrian_only_phase
25.0,NODE_10273,3846533030,12,0,rrrgGGgGGrrGr,r,False,False,0,,5.0,30.0,False,False,ped_link_not_green
25.5,LINK_212169,11449716078,5,0,gGrrrGr,G,True,False,0,,10.5,36.0,False,False,not_pedestrian_only_phase
25.5,NODE_8452,3846603653,2,0,GGr,r,False,False,0,,53.5,79.0,False,False,ped_link_not_green
25.5,NODE_6082,11449716078,5,0,gGrrrGr,G,True,False,0,,10.5,36.0,False,False,not_pedestrian_only_phase
25.5,NODE_6123,7300992884,5,0,GgGrrrr,r,False,False,0,,38.5,64.0,False,False,ped_link_not_green
25.5,NODE_8426,3849142980,16,3,rrrrgggGrrrrrrrrGrGG,G,True,False,0,,11.5,37.0,False,False,not_pedestrian_only_phase
25.5,NODE_74388,436883130,16,0,GGrrrrrrgGrrrrrrG,G,True,False,0,,6.5,32.0,False,False,not_pedestrian_only_phase
25.5,NODE_10273,3846533030,12,0,rrrgGGgGGrrGr,r,False,False,0,,4.5,30.0,False,False,ped_link_not_green
26.0,LINK_212169,11449716078,5,0,gGrrrGr,G,True,False,0,,10.0,36.0,False,False,not_pedestrian_only_phase
26.0,NODE_8452,3846603653,2,0,GGr,r,False,False,0,,53.0,79.0,False,False,ped_link_not_green
26.0,NODE_6082,11449716078,5,0,gGrrrGr,G,True,False,0,,10.0,36.0,False,False,not_pedestrian_only_phase
26.0,NODE_6123,7300992884,5,0,GgGrrrr,r,False,False,0,,38.0,64.0,False,False,ped_link_not_green
26.0,NODE_8426,3849142980,16,3,rrrrgggGrrrrrrrrGrGG,G,True,False,0,,11.0,37.0,False,False,not_pedestrian_only_phase
26.0,NODE_74388,436883130,16,0,GGrrrrrrgGrrrrrrG,G,True,False,0,,6.0,32.0,False,False,not_pedestrian_only_phase
26.0,NODE_10273,3846533030,12,0,rrrgGGgGGrrGr,r,False,False,0,,4.0,30.0,False,False,ped_link_not_green
26.5,LINK_212169,11449716078,5,0,gGrrrGr,G,True,False,0,,9.5,36.0,False,False,not_pedestrian_only_phase
26.5,NODE_8452,3846603653,2,0,GGr,r,False,False,0,,52.5,79.0,False,False,ped_link_not_green
26.5,NODE_6082,11449716078,5,0,gGrrrGr,G,True,False,0,,9.5,36.0,False,False,not_pedestrian_only_phase
26.5,NODE_6123,7300992884,5,0,GgGrrrr,r,False,False,0,,37.5,64.0,False,False,ped_link_not_green
26.5,NODE_8426,3849142980,16,3,rrrrgggGrrrrrrrrGrGG,G,True,False,0,,10.5,37.0,False,False,not_pedestrian_only_phase
26.5,NODE_74388,436883130,16,0,GGrrrrrrgGrrrrrrG,G,True,False,0,,5.5,32.0,False,False,not_pedestrian_only_phase
26.5,NODE_10273,3846533030,12,0,rrrgGGgGGrrGr,r,False,False,0,,3.5,30.0,False,False,ped_link_not_green
27.0,LINK_212169,11449716078,5,0,gGrrrGr,G,True,False,0,,9.0,36.0,False,False,not_pedestrian_only_phase
27.0,NODE_8452,3846603653,2,0,GGr,r,False,False,0,,52.0,79.0,False,False,ped_link_not_green
27.0,NODE_6082,11449716078,5,0,gGrrrGr,G,True,False,0,,9.0,36.0,False,False,not_pedestrian_only_phase
27.0,NODE_6123,7300992884,5,0,GgGrrrr,r,False,False,0,,37.0,64.0,False,False,ped_link_not_green
27.0,NODE_8426,3849142980,16,3,rrrrgggGrrrrrrrrGrGG,G,True,False,0,,10.0,37.0,False,False,not_pedestrian_only_phase
27.0,NODE_74388,436883130,16,0,GGrrrrrrgGrrrrrrG,G,True,False,0,,5.0,32.0,False,False,not_pedestrian_only_phase
27.0,NODE_10273,3846533030,12,0,rrrgGGgGGrrGr,r,False,False,0,,3.0,30.0,False,False,ped_link_not_green
27.5,LINK_212169,11449716078,5,0,gGrrrGr,G,True,False,0,,8.5,36.0,False,False,not_pedestrian_only_phase
27.5,NODE_8452,3846603653,2,0,GGr,r,False,False,0,,51.5,79.0,False,False,ped_link_not_green
27.5,NODE_6082,11449716078,5,0,gGrrrGr,G,True,False,0,,8.5,36.0,False,False,not_pedestrian_only_phase
27.5,NODE_6123,7300992884,5,0,GgGrrrr,r,False,False,0,,36.5,64.0,False,False,ped_link_not_green
27.5,NODE_8426,3849142980,16,3,rrrrgggGrrrrrrrrGrGG,G,True,False,0,,9.5,37.0,False,False,not_pedestrian_only_phase
27.5,NODE_74388,436883130,16,0,GGrrrrrrgGrrrrrrG,G,True,False,0,,4.5,32.0,False,False,not_pedestrian_only_phase
27.5,NODE_10273,3846533030,12,0,rrrgGGgGGrrGr,r,False,False,0,,2.5,30.0,False,False,ped_link_not_green
28.0,LINK_212169,11449716078,5,0,gGrrrGr,G,True,False,0,,8.0,36.0,False,False,not_pedestrian_only_phase
28.0,NODE_8452,3846603653,2,0,GGr,r,False,False,0,,51.0,79.0,False,False,ped_link_not_green
28.0,NODE_6082,11449716078,5,0,gGrrrGr,G,True,False,0,,8.0,36.0,False,False,not_pedestrian_only_phase
28.0,NODE_6123,7300992884,5,0,GgGrrrr,r,False,False,0,,36.0,64.0,False,False,ped_link_not_green
28.0,NODE_8426,3849142980,16,3,rrrrgggGrrrrrrrrGrGG,G,True,False,0,,9.0,37.0,False,False,not_pedestrian_only_phase
28.0,NODE_74388,436883130,16,0,GGrrrrrrgGrrrrrrG,G,True,False,0,,4.0,32.0,False,False,not_pedestrian_only_phase
28.0,NODE_10273,3846533030,12,0,rrrgGGgGGrrGr,r,False,False,0,,2.0,30.0,False,False,ped_link_not_green
28.5,LINK_212169,11449716078,5,0,gGrrrGr,G,True,False,0,,7.5,36.0,False,False,not_pedestrian_only_phase
28.5,NODE_8452,3846603653,2,0,GGr,r,False,False,0,,50.5,79.0,False,False,ped_link_not_green
28.5,NODE_6082,11449716078,5,0,gGrrrGr,G,True,False,0,,7.5,36.0,False,False,not_pedestrian_only_phase
28.5,NODE_6123,7300992884,5,0,GgGrrrr,r,False,False,0,,35.5,64.0,False,False,ped_link_not_green
28.5,NODE_8426,3849142980,16,3,rrrrgggGrrrrrrrrGrGG,G,True,False,0,,8.5,37.0,False,False,not_pedestrian_only_phase
28.5,NODE_74388,436883130,16,0,GGrrrrrrgGrrrrrrG,G,True,False,0,,3.5,32.0,False,False,not_pedestrian_only_phase
28.5,NODE_10273,3846533030,12,0,rrrgGGgGGrrGr,r,False,False,0,,1.5,30.0,False,False,ped_link_not_green
29.0,LINK_212169,11449716078,5,0,gGrrrGr,G,True,False,0,,7.0,36.0,False,False,not_pedestrian_only_phase
29.0,NODE_8452,3846603653,2,0,GGr,r,False,False,0,,50.0,79.0,False,False,ped_link_not_green
29.0,NODE_6082,11449716078,5,0,gGrrrGr,G,True,False,0,,7.0,36.0,False,False,not_pedestrian_only_phase
29.0,NODE_6123,7300992884,5,0,GgGrrrr,r,False,False,0,,35.0,64.0,False,False,ped_link_not_green
29.0,NODE_8426,3849142980,16,3,rrrrgggGrrrrrrrrGrGG,G,True,False,0,,8.0,37.0,False,False,not_pedestrian_only_phase
29.0,NODE_74388,436883130,16,0,GGrrrrrrgGrrrrrrG,G,True,False,0,,3.0,32.0,False,False,not_pedestrian_only_phase
29.0,NODE_10273,3846533030,12,0,rrrgGGgGGrrGr,r,False,False,0,,1.0,30.0,False,False,ped_link_not_green
29.5,LINK_212169,11449716078,5,0,gGrrrGr,G,True,False,0,,6.5,36.0,False,False,not_pedestrian_only_phase
29.5,NODE_8452,3846603653,2,0,GGr,r,False,False,0,,49.5,79.0,False,False,ped_link_not_green
29.5,NODE_6082,11449716078,5,0,gGrrrGr,G,True,False,0,,6.5,36.0,False,False,not_pedestrian_only_phase
29.5,NODE_6123,7300992884,5,0,GgGrrrr,r,False,False,0,,34.5,64.0,False,False,ped_link_not_green
29.5,NODE_8426,3849142980,16,3,rrrrgggGrrrrrrrrGrGG,G,True,False,0,,7.5,37.0,False,False,not_pedestrian_only_phase
29.5,NODE_74388,436883130,16,0,GGrrrrrrgGrrrrrrG,G,True,False,0,,2.5,32.0,False,False,not_pedestrian_only_phase
29.5,NODE_10273,3846533030,12,0,rrrgGGgGGrrGr,r,False,False,0,,0.5,30.0,False,False,ped_link_not_green
30.0,LINK_212169,11449716078,5,0,gGrrrGr,G,True,False,0,,6.0,36.0,False,False,not_pedestrian_only_phase
30.0,NODE_8452,3846603653,2,0,GGr,r,False,False,0,,49.0,79.0,False,False,ped_link_not_green
30.0,NODE_6082,11449716078,5,0,gGrrrGr,G,True,False,0,,6.0,36.0,False,False,not_pedestrian_only_phase
30.0,NODE_6123,7300992884,5,0,GgGrrrr,r,False,False,0,,34.0,64.0,False,False,ped_link_not_green
30.0,NODE_8426,3849142980,16,3,rrrrgggGrrrrrrrrGrGG,G,True,False,0,,7.0,37.0,False,False,not_pedestrian_only_phase
30.0,NODE_74388,436883130,16,0,GGrrrrrrgGrrrrrrG,G,True,False,0,,2.0,32.0,False,False,not_pedestrian_only_phase
30.0,NODE_10273,3846533030,12,0,rrrgGGgGGrrGr,r,False,False,0,,0.0,30.0,False,False,ped_link_not_green
30.5,LINK_212169,11449716078,5,0,gGrrrGr,G,True,False,0,,5.5,36.0,False,False,not_pedestrian_only_phase
30.5,NODE_8452,3846603653,2,0,GGr,r,False,False,0,,48.5,79.0,False,False,ped_link_not_green
30.5,NODE_6082,11449716078,5,0,gGrrrGr,G,True,False,0,,5.5,36.0,False,False,not_pedestrian_only_phase
30.5,NODE_6123,7300992884,5,0,GgGrrrr,r,False,False,0,,33.5,64.0,False,False,ped_link_not_green
30.5,NODE_8426,3849142980,16,3,rrrrgggGrrrrrrrrGrGG,G,True,False,0,,6.5,37.0,False,False,not_pedestrian_only_phase
30.5,NODE_74388,436883130,16,0,GGrrrrrrgGrrrrrrG,G,True,False,0,,1.5,32.0,False,False,not_pedestrian_only_phase
30.5,NODE_10273,3846533030,12,1,rrrgGGgGGrrrr,r,False,False,0,,2.5,33.0,False,False,ped_link_not_green
31.0,LINK_212169,11449716078,5,0,gGrrrGr,G,True,False,0,,5.0,36.0,False,False,not_pedestrian_only_phase
31.0,NODE_8452,3846603653,2,0,GGr,r,False,False,0,,48.0,79.0,False,False,ped_link_not_green
31.0,NODE_6082,11449716078,5,0,gGrrrGr,G,True,False,0,,5.0,36.0,False,False,not_pedestrian_only_phase
31.0,NODE_6123,7300992884,5,0,GgGrrrr,r,False,False,0,,33.0,64.0,False,False,ped_link_not_green
31.0,NODE_8426,3849142980,16,3,rrrrgggGrrrrrrrrGrGG,G,True,False,0,,6.0,37.0,False,False,not_pedestrian_only_phase
31.0,NODE_74388,436883130,16,0,GGrrrrrrgGrrrrrrG,G,True,False,0,,1.0,32.0,False,False,not_pedestrian_only_phase
31.0,NODE_10273,3846533030,12,1,rrrgGGgGGrrrr,r,False,False,0,,2.0,33.0,False,False,ped_link_not_green
31.5,LINK_212169,11449716078,5,0,gGrrrGr,G,True,False,0,,4.5,36.0,False,False,not_pedestrian_only_phase
31.5,NODE_8452,3846603653,2,0,GGr,r,False,False,0,,47.5,79.0,False,False,ped_link_not_green
31.5,NODE_6082,11449716078,5,0,gGrrrGr,G,True,False,0,,4.5,36.0,False,False,not_pedestrian_only_phase
31.5,NODE_6123,7300992884,5,0,GgGrrrr,r,False,False,0,,32.5,64.0,False,False,ped_link_not_green
31.5,NODE_8426,3849142980,16,3,rrrrgggGrrrrrrrrGrGG,G,True,False,0,,5.5,37.0,False,False,not_pedestrian_only_phase
31.5,NODE_74388,436883130,16,0,GGrrrrrrgGrrrrrrG,G,True,False,0,,0.5,32.0,False,False,not_pedestrian_only_phase
31.5,NODE_10273,3846533030,12,1,rrrgGGgGGrrrr,r,False,False,0,,1.5,33.0,False,False,ped_link_not_green
32.0,LINK_212169,11449716078,5,0,gGrrrGr,G,True,False,0,,4.0,36.0,False,False,not_pedestrian_only_phase
32.0,NODE_8452,3846603653,2,0,GGr,r,False,False,0,,47.0,79.0,False,False,ped_link_not_green
32.0,NODE_6082,11449716078,5,0,gGrrrGr,G,True,False,0,,4.0,36.0,False,False,not_pedestrian_only_phase
32.0,NODE_6123,7300992884,5,0,GgGrrrr,r,False,False,0,,32.0,64.0,False,False,ped_link_not_green
32.0,NODE_8426,3849142980,16,3,rrrrgggGrrrrrrrrGrGG,G,True,False,0,,5.0,37.0,False,False,not_pedestrian_only_phase
32.0,NODE_74388,436883130,16,0,GGrrrrrrgGrrrrrrG,G,True,False,0,,0.0,32.0,False,False,not_pedestrian_only_phase
32.0,NODE_10273,3846533030,12,1,rrrgGGgGGrrrr,r,False,False,0,,1.0,33.0,False,False,ped_link_not_green
32.5,LINK_212169,11449716078,5,0,gGrrrGr,G,True,False,0,,3.5,36.0,False,False,not_pedestrian_only_phase
32.5,NODE_8452,3846603653,2,0,GGr,r,False,False,0,,46.5,79.0,False,False,ped_link_not_green
32.5,NODE_6082,11449716078,5,0,gGrrrGr,G,True,False,0,,3.5,36.0,False,False,not_pedestrian_only_phase
32.5,NODE_6123,7300992884,5,0,GgGrrrr,r,False,False,0,,31.5,64.0,False,False,ped_link_not_green
32.5,NODE_8426,3849142980,16,3,rrrrgggGrrrrrrrrGrGG,G,True,False,0,,4.5,37.0,False,False,not_pedestrian_only_phase
32.5,NODE_74388,436883130,16,1,GGrrrrrrgGrrrrrrr,r,False,False,0,,2.5,35.0,False,False,ped_link_not_green
32.5,NODE_10273,3846533030,12,1,rrrgGGgGGrrrr,r,False,False,0,,0.5,33.0,False,False,ped_link_not_green
33.0,LINK_212169,11449716078,5,0,gGrrrGr,G,True,False,0,,3.0,36.0,False,False,not_pedestrian_only_phase
33.0,NODE_8452,3846603653,2,0,GGr,r,False,False,0,,46.0,79.0,False,False,ped_link_not_green
33.0,NODE_6082,11449716078,5,0,gGrrrGr,G,True,False,0,,3.0,36.0,False,False,not_pedestrian_only_phase
33.0,NODE_6123,7300992884,5,0,GgGrrrr,r,False,False,0,,31.0,64.0,False,False,ped_link_not_green
33.0,NODE_8426,3849142980,16,3,rrrrgggGrrrrrrrrGrGG,G,True,False,0,,4.0,37.0,False,False,not_pedestrian_only_phase
33.0,NODE_74388,436883130,16,1,GGrrrrrrgGrrrrrrr,r,False,False,0,,2.0,35.0,False,False,ped_link_not_green
33.0,NODE_10273,3846533030,12,1,rrrgGGgGGrrrr,r,False,False,0,,0.0,33.0,False,False,ped_link_not_green
33.5,LINK_212169,11449716078,5,0,gGrrrGr,G,True,False,0,,2.5,36.0,False,False,not_pedestrian_only_phase
33.5,NODE_8452,3846603653,2,0,GGr,r,False,False,0,,45.5,79.0,False,False,ped_link_not_green
33.5,NODE_6082,11449716078,5,0,gGrrrGr,G,True,False,0,,2.5,36.0,False,False,not_pedestrian_only_phase
33.5,NODE_6123,7300992884,5,0,GgGrrrr,r,False,False,0,,30.5,64.0,False,False,ped_link_not_green
33.5,NODE_8426,3849142980,16,3,rrrrgggGrrrrrrrrGrGG,G,True,False,0,,3.5,37.0,False,False,not_pedestrian_only_phase
33.5,NODE_74388,436883130,16,1,GGrrrrrrgGrrrrrrr,r,False,False,0,,1.5,35.0,False,False,ped_link_not_green
33.5,NODE_10273,3846533030,12,2,rrryyyyGGrrrr,r,False,False,0,,5.5,39.0,False,False,ped_link_not_green
34.0,LINK_212169,11449716078,5,0,gGrrrGr,G,True,False,0,,2.0,36.0,False,False,not_pedestrian_only_phase
34.0,NODE_8452,3846603653,2,0,GGr,r,False,False,0,,45.0,79.0,False,False,ped_link_not_green
34.0,NODE_6082,11449716078,5,0,gGrrrGr,G,True,False,0,,2.0,36.0,False,False,not_pedestrian_only_phase
34.0,NODE_6123,7300992884,5,0,GgGrrrr,r,False,False,0,,30.0,64.0,False,False,ped_link_not_green
34.0,NODE_8426,3849142980,16,3,rrrrgggGrrrrrrrrGrGG,G,True,False,0,,3.0,37.0,False,False,not_pedestrian_only_phase
34.0,NODE_74388,436883130,16,1,GGrrrrrrgGrrrrrrr,r,False,False,0,,1.0,35.0,False,False,ped_link_not_green
34.0,NODE_10273,3846533030,12,2,rrryyyyGGrrrr,r,False,False,0,,5.0,39.0,False,False,ped_link_not_green
34.5,LINK_212169,11449716078,5,0,gGrrrGr,G,True,False,0,,1.5,36.0,False,False,not_pedestrian_only_phase
34.5,NODE_8452,3846603653,2,0,GGr,r,False,False,0,,44.5,79.0,False,False,ped_link_not_green
34.5,NODE_6082,11449716078,5,0,gGrrrGr,G,True,False,0,,1.5,36.0,False,False,not_pedestrian_only_phase
34.5,NODE_6123,7300992884,5,0,GgGrrrr,r,False,False,0,,29.5,64.0,False,False,ped_link_not_green
34.5,NODE_8426,3849142980,16,3,rrrrgggGrrrrrrrrGrGG,G,True,False,0,,2.5,37.0,False,False,not_pedestrian_only_phase
34.5,NODE_74388,436883130,16,1,GGrrrrrrgGrrrrrrr,r,False,False,0,,0.5,35.0,False,False,ped_link_not_green
34.5,NODE_10273,3846533030,12,2,rrryyyyGGrrrr,r,False,False,0,,4.5,39.0,False,False,ped_link_not_green
35.0,LINK_212169,11449716078,5,0,gGrrrGr,G,True,False,0,,1.0,36.0,False,False,not_pedestrian_only_phase
35.0,NODE_8452,3846603653,2,0,GGr,r,False,False,0,,44.0,79.0,False,False,ped_link_not_green
35.0,NODE_6082,11449716078,5,0,gGrrrGr,G,True,False,0,,1.0,36.0,False,False,not_pedestrian_only_phase
35.0,NODE_6123,7300992884,5,0,GgGrrrr,r,False,False,0,,29.0,64.0,False,False,ped_link_not_green
35.0,NODE_8426,3849142980,16,3,rrrrgggGrrrrrrrrGrGG,G,True,False,0,,2.0,37.0,False,False,not_pedestrian_only_phase
35.0,NODE_74388,436883130,16,1,GGrrrrrrgGrrrrrrr,r,False,False,0,,0.0,35.0,False,False,ped_link_not_green
35.0,NODE_10273,3846533030,12,2,rrryyyyGGrrrr,r,False,False,0,,4.0,39.0,False,False,ped_link_not_green
35.5,LINK_212169,11449716078,5,0,gGrrrGr,G,True,False,0,,0.5,36.0,False,False,not_pedestrian_only_phase
35.5,NODE_8452,3846603653,2,0,GGr,r,False,False,0,,43.5,79.0,False,False,ped_link_not_green
35.5,NODE_6082,11449716078,5,0,gGrrrGr,G,True,False,0,,0.5,36.0,False,False,not_pedestrian_only_phase
35.5,NODE_6123,7300992884,5,0,GgGrrrr,r,False,False,0,,28.5,64.0,False,False,ped_link_not_green
35.5,NODE_8426,3849142980,16,3,rrrrgggGrrrrrrrrGrGG,G,True,False,0,,1.5,37.0,False,False,not_pedestrian_only_phase
35.5,NODE_74388,436883130,16,2,yyrrrrrryyrrrrrrr,r,False,False,0,,4.5,40.0,False,False,ped_link_not_green
35.5,NODE_10273,3846533030,12,2,rrryyyyGGrrrr,r,False,False,0,,3.5,39.0,False,False,ped_link_not_green
36.0,LINK_212169,11449716078,5,0,gGrrrGr,G,True,False,0,,0.0,36.0,False,False,not_pedestrian_only_phase
36.0,NODE_8452,3846603653,2,0,GGr,r,False,False,0,,43.0,79.0,False,False,ped_link_not_green
36.0,NODE_6082,11449716078,5,0,gGrrrGr,G,True,False,0,,0.0,36.0,False,False,not_pedestrian_only_phase
36.0,NODE_6123,7300992884,5,0,GgGrrrr,r,False,False,0,,28.0,64.0,False,False,ped_link_not_green
36.0,NODE_8426,3849142980,16,3,rrrrgggGrrrrrrrrGrGG,G,True,False,0,,1.0,37.0,False,False,not_pedestrian_only_phase
36.0,NODE_74388,436883130,16,2,yyrrrrrryyrrrrrrr,r,False,False,0,,4.0,40.0,False,False,ped_link_not_green
36.0,NODE_10273,3846533030,12,2,rrryyyyGGrrrr,r,False,False,0,,3.0,39.0,False,False,ped_link_not_green
36.5,LINK_212169,11449716078,5,1,gGrrrrr,r,False,False,0,,2.5,39.0,False,False,ped_link_not_green
36.5,NODE_8452,3846603653,2,0,GGr,r,False,False,0,,42.5,79.0,False,False,ped_link_not_green
36.5,NODE_6082,11449716078,5,1,gGrrrrr,r,False,False,0,,2.5,39.0,False,False,ped_link_not_green
36.5,NODE_6123,7300992884,5,0,GgGrrrr,r,False,False,0,,27.5,64.0,False,False,ped_link_not_green
36.5,NODE_8426,3849142980,16,3,rrrrgggGrrrrrrrrGrGG,G,True,False,0,,0.5,37.0,False,False,not_pedestrian_only_phase
36.5,NODE_74388,436883130,16,2,yyrrrrrryyrrrrrrr,r,False,False,0,,3.5,40.0,False,False,ped_link_not_green
36.5,NODE_10273,3846533030,12,2,rrryyyyGGrrrr,r,False,False,0,,2.5,39.0,False,False,ped_link_not_green
37.0,LINK_212169,11449716078,5,1,gGrrrrr,r,False,False,0,,2.0,39.0,False,False,ped_link_not_green
37.0,NODE_8452,3846603653,2,0,GGr,r,False,False,0,,42.0,79.0,False,False,ped_link_not_green
37.0,NODE_6082,11449716078,5,1,gGrrrrr,r,False,False,0,,2.0,39.0,False,False,ped_link_not_green
37.0,NODE_6123,7300992884,5,0,GgGrrrr,r,False,False,0,,27.0,64.0,False,False,ped_link_not_green
37.0,NODE_8426,3849142980,16,3,rrrrgggGrrrrrrrrGrGG,G,True,False,0,,0.0,37.0,False,False,not_pedestrian_only_phase
37.0,NODE_74388,436883130,16,2,yyrrrrrryyrrrrrrr,r,False,False,0,,3.0,40.0,False,False,ped_link_not_green
37.0,NODE_10273,3846533030,12,2,rrryyyyGGrrrr,r,False,False,0,,2.0,39.0,False,False,ped_link_not_green
37.5,LINK_212169,11449716078,5,1,gGrrrrr,r,False,False,0,,1.5,39.0,False,False,ped_link_not_green
37.5,NODE_8452,3846603653,2,0,GGr,r,False,False,0,,41.5,79.0,False,False,ped_link_not_green
37.5,NODE_6082,11449716078,5,1,gGrrrrr,r,False,False,0,,1.5,39.0,False,False,ped_link_not_green
37.5,NODE_6123,7300992884,5,0,GgGrrrr,r,False,False,0,,26.5,64.0,False,False,ped_link_not_green
37.5,NODE_8426,3849142980,16,4,rrrrgggGrrrrrrrrrrrr,r,False,False,0,,2.5,40.0,False,False,ped_link_not_green
37.5,NODE_74388,436883130,16,2,yyrrrrrryyrrrrrrr,r,False,False,0,,2.5,40.0,False,False,ped_link_not_green
37.5,NODE_10273,3846533030,12,2,rrryyyyGGrrrr,r,False,False,0,,1.5,39.0,False,False,ped_link_not_green
38.0,LINK_212169,11449716078,5,1,gGrrrrr,r,False,False,0,,1.0,39.0,False,False,ped_link_not_green
38.0,NODE_8452,3846603653,2,0,GGr,r,False,False,0,,41.0,79.0,False,False,ped_link_not_green
38.0,NODE_6082,11449716078,5,1,gGrrrrr,r,False,False,0,,1.0,39.0,False,False,ped_link_not_green
38.0,NODE_6123,7300992884,5,0,GgGrrrr,r,False,False,0,,26.0,64.0,False,False,ped_link_not_green
38.0,NODE_8426,3849142980,16,4,rrrrgggGrrrrrrrrrrrr,r,False,False,0,,2.0,40.0,False,False,ped_link_not_green
38.0,NODE_74388,436883130,16,2,yyrrrrrryyrrrrrrr,r,False,False,0,,2.0,40.0,False,False,ped_link_not_green
38.0,NODE_10273,3846533030,12,2,rrryyyyGGrrrr,r,False,False,0,,1.0,39.0,False,False,ped_link_not_green
38.5,LINK_212169,11449716078,5,1,gGrrrrr,r,False,False,0,,0.5,39.0,False,False,ped_link_not_green
38.5,NODE_8452,3846603653,2,0,GGr,r,False,False,0,,40.5,79.0,False,False,ped_link_not_green
38.5,NODE_6082,11449716078,5,1,gGrrrrr,r,False,False,0,,0.5,39.0,False,False,ped_link_not_green
38.5,NODE_6123,7300992884,5,0,GgGrrrr,r,False,False,0,,25.5,64.0,False,False,ped_link_not_green
38.5,NODE_8426,3849142980,16,4,rrrrgggGrrrrrrrrrrrr,r,False,False,0,,1.5,40.0,False,False,ped_link_not_green
38.5,NODE_74388,436883130,16,2,yyrrrrrryyrrrrrrr,r,False,False,0,,1.5,40.0,False,False,ped_link_not_green
38.5,NODE_10273,3846533030,12,2,rrryyyyGGrrrr,r,False,False,0,,0.5,39.0,False,False,ped_link_not_green
39.0,LINK_212169,11449716078,5,1,gGrrrrr,r,False,False,0,,0.0,39.0,False,False,ped_link_not_green
39.0,NODE_8452,3846603653,2,0,GGr,r,False,False,0,,40.0,79.0,False,False,ped_link_not_green
39.0,NODE_6082,11449716078,5,1,gGrrrrr,r,False,False,0,,0.0,39.0,False,False,ped_link_not_green
39.0,NODE_6123,7300992884,5,0,GgGrrrr,r,False,False,0,,25.0,64.0,False,False,ped_link_not_green
39.0,NODE_8426,3849142980,16,4,rrrrgggGrrrrrrrrrrrr,r,False,False,0,,1.0,40.0,False,False,ped_link_not_green
39.0,NODE_74388,436883130,16,2,yyrrrrrryyrrrrrrr,r,False,False,0,,1.0,40.0,False,False,ped_link_not_green
39.0,NODE_10273,3846533030,12,2,rrryyyyGGrrrr,r,False,False,0,,0.0,39.0,False,False,ped_link_not_green
39.5,LINK_212169,11449716078,5,2,yyrrrrr,r,False,False,0,,5.5,45.0,False,False,ped_link_not_green
39.5,NODE_8452,3846603653,2,0,GGr,r,False,False,0,,39.5,79.0,False,False,ped_link_not_green
39.5,NODE_6082,11449716078,5,2,yyrrrrr,r,False,False,0,,5.5,45.0,False,False,ped_link_not_green
39.5,NODE_6123,7300992884,5,0,GgGrrrr,r,False,False,0,,24.5,64.0,False,False,ped_link_not_green
39.5,NODE_8426,3849142980,16,4,rrrrgggGrrrrrrrrrrrr,r,False,False,0,,0.5,40.0,False,False,ped_link_not_green
39.5,NODE_74388,436883130,16,2,yyrrrrrryyrrrrrrr,r,False,False,0,,0.5,40.0,False,False,ped_link_not_green
39.5,NODE_10273,3846533030,12,3,rrrrrrrGGGGrr,r,False,False,0,,5.5,45.0,False,False,ped_link_not_green
40.0,LINK_212169,11449716078,5,2,yyrrrrr,r,False,False,0,,5.0,45.0,False,False,ped_link_not_green
40.0,NODE_8452,3846603653,2,0,GGr,r,False,False,0,,39.0,79.0,False,False,ped_link_not_green
40.0,NODE_6082,11449716078,5,2,yyrrrrr,r,False,False,0,,5.0,45.0,False,False,ped_link_not_green
40.0,NODE_6123,7300992884,5,0,GgGrrrr,r,False,False,0,,24.0,64.0,False,False,ped_link_not_green
40.0,NODE_8426,3849142980,16,4,rrrrgggGrrrrrrrrrrrr,r,False,False,0,,0.0,40.0,False,False,ped_link_not_green
40.0,NODE_74388,436883130,16,2,yyrrrrrryyrrrrrrr,r,False,False,0,,0.0,40.0,False,False,ped_link_not_green
40.0,NODE_10273,3846533030,12,3,rrrrrrrGGGGrr,r,False,False,0,,5.0,45.0,False,False,ped_link_not_green
40.5,LINK_212169,11449716078,5,2,yyrrrrr,r,False,False,0,,4.5,45.0,False,False,ped_link_not_green
40.5,NODE_8452,3846603653,2,0,GGr,r,False,False,0,,38.5,79.0,False,False,ped_link_not_green
40.5,NODE_6082,11449716078,5,2,yyrrrrr,r,False,False,0,,4.5,45.0,False,False,ped_link_not_green
40.5,NODE_6123,7300992884,5,0,GgGrrrr,r,False,False,0,,23.5,64.0,False,False,ped_link_not_green
40.5,NODE_8426,3849142980,16,5,rrrryyyyrrrrrrrrrrrr,r,False,False,0,,2.5,43.0,False,False,ped_link_not_green
40.5,NODE_74388,436883130,16,3,rrGGrrrrrrGGrrrrr,r,False,False,0,,5.5,46.0,False,False,ped_link_not_green
40.5,NODE_10273,3846533030,12,3,rrrrrrrGGGGrr,r,False,False,0,,4.5,45.0,False,False,ped_link_not_green
41.0,LINK_212169,11449716078,5,2,yyrrrrr,r,False,False,0,,4.0,45.0,False,False,ped_link_not_green
41.0,NODE_8452,3846603653,2,0,GGr,r,False,False,0,,38.0,79.0,False,False,ped_link_not_green
41.0,NODE_6082,11449716078,5,2,yyrrrrr,r,False,False,0,,4.0,45.0,False,False,ped_link_not_green
41.0,NODE_6123,7300992884,5,0,GgGrrrr,r,False,False,0,,23.0,64.0,False,False,ped_link_not_green
41.0,NODE_8426,3849142980,16,5,rrrryyyyrrrrrrrrrrrr,r,False,False,0,,2.0,43.0,False,False,ped_link_not_green
41.0,NODE_74388,436883130,16,3,rrGGrrrrrrGGrrrrr,r,False,False,0,,5.0,46.0,False,False,ped_link_not_green
41.0,NODE_10273,3846533030,12,3,rrrrrrrGGGGrr,r,False,False,0,,4.0,45.0,False,False,ped_link_not_green
41.5,LINK_212169,11449716078,5,2,yyrrrrr,r,False,False,0,,3.5,45.0,False,False,ped_link_not_green
41.5,NODE_8452,3846603653,2,0,GGr,r,False,False,0,,37.5,79.0,False,False,ped_link_not_green
41.5,NODE_6082,11449716078,5,2,yyrrrrr,r,False,False,0,,3.5,45.0,False,False,ped_link_not_green
41.5,NODE_6123,7300992884,5,0,GgGrrrr,r,False,False,0,,22.5,64.0,False,False,ped_link_not_green
41.5,NODE_8426,3849142980,16,5,rrrryyyyrrrrrrrrrrrr,r,False,False,0,,1.5,43.0,False,False,ped_link_not_green
41.5,NODE_74388,436883130,16,3,rrGGrrrrrrGGrrrrr,r,False,False,0,,4.5,46.0,False,False,ped_link_not_green
41.5,NODE_10273,3846533030,12,3,rrrrrrrGGGGrr,r,False,False,0,,3.5,45.0,False,False,ped_link_not_green
42.0,LINK_212169,11449716078,5,2,yyrrrrr,r,False,False,0,,3.0,45.0,False,False,ped_link_not_green
42.0,NODE_8452,3846603653,2,0,GGr,r,False,False,0,,37.0,79.0,False,False,ped_link_not_green
42.0,NODE_6082,11449716078,5,2,yyrrrrr,r,False,False,0,,3.0,45.0,False,False,ped_link_not_green
42.0,NODE_6123,7300992884,5,0,GgGrrrr,r,False,False,0,,22.0,64.0,False,False,ped_link_not_green
42.0,NODE_8426,3849142980,16,5,rrrryyyyrrrrrrrrrrrr,r,False,False,1,ped_5_0_NODE_8426,1.0,43.0,False,False,ped_link_not_green
42.0,NODE_74388,436883130,16,3,rrGGrrrrrrGGrrrrr,r,False,False,0,,4.0,46.0,False,False,ped_link_not_green
42.0,NODE_10273,3846533030,12,3,rrrrrrrGGGGrr,r,False,False,0,,3.0,45.0,False,False,ped_link_not_green
42.5,LINK_212169,11449716078,5,2,yyrrrrr,r,False,False,0,,2.5,45.0,False,False,ped_link_not_green
42.5,NODE_8452,3846603653,2,0,GGr,r,False,False,0,,36.5,79.0,False,False,ped_link_not_green
42.5,NODE_6082,11449716078,5,2,yyrrrrr,r,False,False,0,,2.5,45.0,False,False,ped_link_not_green
42.5,NODE_6123,7300992884,5,0,GgGrrrr,r,False,False,0,,21.5,64.0,False,False,ped_link_not_green
42.5,NODE_8426,3849142980,16,5,rrrryyyyrrrrrrrrrrrr,r,False,False,1,ped_5_0_NODE_8426,0.5,43.0,False,False,ped_link_not_green
42.5,NODE_74388,436883130,16,3,rrGGrrrrrrGGrrrrr,r,False,False,0,,3.5,46.0,False,False,ped_link_not_green
42.5,NODE_10273,3846533030,12,3,rrrrrrrGGGGrr,r,False,False,0,,2.5,45.0,False,False,ped_link_not_green
43.0,LINK_212169,11449716078,5,2,yyrrrrr,r,False,False,0,,2.0,45.0,False,False,ped_link_not_green
43.0,NODE_8452,3846603653,2,0,GGr,r,False,False,0,,36.0,79.0,False,False,ped_link_not_green
43.0,NODE_6082,11449716078,5,2,yyrrrrr,r,False,False,0,,2.0,45.0,False,False,ped_link_not_green
43.0,NODE_6123,7300992884,5,0,GgGrrrr,r,False,False,0,,21.0,64.0,False,False,ped_link_not_green
43.0,NODE_8426,3849142980,16,5,rrrryyyyrrrrrrrrrrrr,r,False,False,1,ped_5_0_NODE_8426,0.0,43.0,False,False,ped_link_not_green
43.0,NODE_74388,436883130,16,3,rrGGrrrrrrGGrrrrr,r,False,False,0,,3.0,46.0,False,False,ped_link_not_green
43.0,NODE_10273,3846533030,12,3,rrrrrrrGGGGrr,r,False,False,0,,2.0,45.0,False,False,ped_link_not_green
43.5,LINK_212169,11449716078,5,2,yyrrrrr,r,False,False,0,,1.5,45.0,False,False,ped_link_not_green
43.5,NODE_8452,3846603653,2,0,GGr,r,False,False,0,,35.5,79.0,False,False,ped_link_not_green
43.5,NODE_6082,11449716078,5,2,yyrrrrr,r,False,False,0,,1.5,45.0,False,False,ped_link_not_green
43.5,NODE_6123,7300992884,5,0,GgGrrrr,r,False,False,0,,20.5,64.0,False,False,ped_link_not_green
43.5,NODE_8426,3849142980,16,6,rrrrrrrrrrrrrrrrGrrr,G,True,True,2,ped_5_0_NODE_8426|ped_5_1_NODE_8426,0.5,44.0,True,True,
43.5,NODE_74388,436883130,16,3,rrGGrrrrrrGGrrrrr,r,False,False,0,,2.5,46.0,False,False,ped_link_not_green
43.5,NODE_10273,3846533030,12,3,rrrrrrrGGGGrr,r,False,False,0,,1.5,45.0,False,False,ped_link_not_green
44.0,LINK_212169,11449716078,5,2,yyrrrrr,r,False,False,0,,1.0,45.0,False,False,ped_link_not_green
44.0,NODE_8452,3846603653,2,0,GGr,r,False,False,0,,35.0,79.0,False,False,ped_link_not_green
44.0,NODE_6082,11449716078,5,2,yyrrrrr,r,False,False,0,,1.0,45.0,False,False,ped_link_not_green
44.0,NODE_6123,7300992884,5,0,GgGrrrr,r,False,False,0,,20.0,64.0,False,False,ped_link_not_green
44.0,NODE_8426,3849142980,16,6,rrrrrrrrrrrrrrrrGrrr,G,True,True,2,ped_5_0_NODE_8426|ped_5_1_NODE_8426,5.0,49.0,False,False,already_extended_this_phase
44.0,NODE_74388,436883130,16,3,rrGGrrrrrrGGrrrrr,r,False,False,0,,2.0,46.0,False,False,ped_link_not_green
44.0,NODE_10273,3846533030,12,3,rrrrrrrGGGGrr,r,False,False,0,,1.0,45.0,False,False,ped_link_not_green
44.5,LINK_212169,11449716078,5,2,yyrrrrr,r,False,False,0,,0.5,45.0,False,False,ped_link_not_green
44.5,NODE_8452,3846603653,2,0,GGr,r,False,False,0,,34.5,79.0,False,False,ped_link_not_green
44.5,NODE_6082,11449716078,5,2,yyrrrrr,r,False,False,0,,0.5,45.0,False,False,ped_link_not_green
44.5,NODE_6123,7300992884,5,0,GgGrrrr,r,False,False,0,,19.5,64.0,False,False,ped_link_not_green
44.5,NODE_8426,3849142980,16,6,rrrrrrrrrrrrrrrrGrrr,G,True,True,2,ped_5_0_NODE_8426|ped_5_1_NODE_8426,4.5,49.0,False,False,already_extended_this_phase
44.5,NODE_74388,436883130,16,3,rrGGrrrrrrGGrrrrr,r,False,False,0,,1.5,46.0,False,False,ped_link_not_green
44.5,NODE_10273,3846533030,12,3,rrrrrrrGGGGrr,r,False,False,0,,0.5,45.0,False,False,ped_link_not_green
45.0,LINK_212169,11449716078,5,2,yyrrrrr,r,False,False,0,,0.0,45.0,False,False,ped_link_not_green
45.0,NODE_8452,3846603653,2,0,GGr,r,False,False,0,,34.0,79.0,False,False,ped_link_not_green
45.0,NODE_6082,11449716078,5,2,yyrrrrr,r,False,False,0,,0.0,45.0,False,False,ped_link_not_green
45.0,NODE_6123,7300992884,5,0,GgGrrrr,r,False,False,0,,19.0,64.0,False,False,ped_link_not_green
45.0,NODE_8426,3849142980,16,6,rrrrrrrrrrrrrrrrGrrr,G,True,True,3,ped_5_0_NODE_8426|ped_5_1_NODE_8426|ped_5_2_NODE_8426,4.0,49.0,False,False,already_extended_this_phase
45.0,NODE_74388,436883130,16,3,rrGGrrrrrrGGrrrrr,r,False,False,0,,1.0,46.0,False,False,ped_link_not_green
45.0,NODE_10273,3846533030,12,3,rrrrrrrGGGGrr,r,False,False,0,,0.0,45.0,False,False,ped_link_not_green
45.5,LINK_212169,11449716078,5,3,rrgGGrG,r,False,False,0,,35.5,81.0,False,False,ped_link_not_green
45.5,NODE_8452,3846603653,2,0,GGr,r,False,False,0,,33.5,79.0,False,False,ped_link_not_green
45.5,NODE_6082,11449716078,5,3,rrgGGrG,r,False,False,0,,35.5,81.0,False,False,ped_link_not_green
45.5,NODE_6123,7300992884,5,0,GgGrrrr,r,False,False,0,,18.5,64.0,False,False,ped_link_not_green
45.5,NODE_8426,3849142980,16,6,rrrrrrrrrrrrrrrrGrrr,G,True,True,3,ped_5_0_NODE_8426|ped_5_1_NODE_8426|ped_5_2_NODE_8426,3.5,49.0,False,False,already_extended_this_phase
45.5,NODE_74388,436883130,16,3,rrGGrrrrrrGGrrrrr,r,False,False,0,,0.5,46.0,False,False,ped_link_not_green
45.5,NODE_10273,3846533030,12,4,rrrrrrryyyyrr,r,False,False,0,,5.5,51.0,False,False,ped_link_not_green
46.0,LINK_212169,11449716078,5,3,rrgGGrG,r,False,False,0,,35.0,81.0,False,False,ped_link_not_green
46.0,NODE_8452,3846603653,2,0,GGr,r,False,False,0,,33.0,79.0,False,False,ped_link_not_green
46.0,NODE_6082,11449716078,5,3,rrgGGrG,r,False,False,0,,35.0,81.0,False,False,ped_link_not_green
46.0,NODE_6123,7300992884,5,0,GgGrrrr,r,False,False,0,,18.0,64.0,False,False,ped_link_not_green
46.0,NODE_8426,3849142980,16,6,rrrrrrrrrrrrrrrrGrrr,G,True,True,3,ped_5_0_NODE_8426|ped_5_1_NODE_8426|ped_5_2_NODE_8426,3.0,49.0,False,False,already_extended_this_phase
46.0,NODE_74388,436883130,16,3,rrGGrrrrrrGGrrrrr,r,False,False,0,,0.0,46.0,False,False,ped_link_not_green
46.0,NODE_10273,3846533030,12,4,rrrrrrryyyyrr,r,False,False,0,,5.0,51.0,False,False,ped_link_not_green
46.5,LINK_212169,11449716078,5,3,rrgGGrG,r,False,False,0,,34.5,81.0,False,False,ped_link_not_green
46.5,NODE_8452,3846603653,2,0,GGr,r,False,False,0,,32.5,79.0,False,False,ped_link_not_green
46.5,NODE_6082,11449716078,5,3,rrgGGrG,r,False,False,0,,34.5,81.0,False,False,ped_link_not_green
46.5,NODE_6123,7300992884,5,0,GgGrrrr,r,False,False,0,,17.5,64.0,False,False,ped_link_not_green
46.5,NODE_8426,3849142980,16,6,rrrrrrrrrrrrrrrrGrrr,G,True,True,4,ped_5_0_NODE_8426|ped_5_1_NODE_8426|ped_5_2_NODE_8426|ped_5_3_NODE_8426,2.5,49.0,False,False,already_extended_this_phase
46.5,NODE_74388,436883130,16,4,rryyrrrrrryyrrrrr,r,False,False,0,,4.5,51.0,False,False,ped_link_not_green
46.5,NODE_10273,3846533030,12,4,rrrrrrryyyyrr,r,False,False,0,,4.5,51.0,False,False,ped_link_not_green
47.0,LINK_212169,11449716078,5,3,rrgGGrG,r,False,False,0,,34.0,81.0,False,False,ped_link_not_green
47.0,NODE_8452,3846603653,2,0,GGr,r,False,False,0,,32.0,79.0,False,False,ped_link_not_green
47.0,NODE_6082,11449716078,5,3,rrgGGrG,r,False,False,0,,34.0,81.0,False,False,ped_link_not_green
47.0,NODE_6123,7300992884,5,0,GgGrrrr,r,False,False,0,,17.0,64.0,False,False,ped_link_not_green
47.0,NODE_8426,3849142980,16,6,rrrrrrrrrrrrrrrrGrrr,G,True,True,4,ped_5_0_NODE_8426|ped_5_1_NODE_8426|ped_5_2_NODE_8426|ped_5_3_NODE_8426,2.0,49.0,False,False,already_extended_this_phase
47.0,NODE_74388,436883130,16,4,rryyrrrrrryyrrrrr,r,False,False,0,,4.0,51.0,False,False,ped_link_not_green
47.0,NODE_10273,3846533030,12,4,rrrrrrryyyyrr,r,False,False,0,,4.0,51.0,False,False,ped_link_not_green
47.5,LINK_212169,11449716078,5,3,rrgGGrG,r,False,False,0,,33.5,81.0,False,False,ped_link_not_green
47.5,NODE_8452,3846603653,2,0,GGr,r,False,False,0,,31.5,79.0,False,False,ped_link_not_green
47.5,NODE_6082,11449716078,5,3,rrgGGrG,r,False,False,0,,33.5,81.0,False,False,ped_link_not_green
47.5,NODE_6123,7300992884,5,0,GgGrrrr,r,False,False,0,,16.5,64.0,False,False,ped_link_not_green
47.5,NODE_8426,3849142980,16,6,rrrrrrrrrrrrrrrrGrrr,G,True,True,4,ped_5_0_NODE_8426|ped_5_1_NODE_8426|ped_5_2_NODE_8426|ped_5_3_NODE_8426,1.5,49.0,False,False,already_extended_this_phase
47.5,NODE_74388,436883130,16,4,rryyrrrrrryyrrrrr,r,False,False,0,,3.5,51.0,False,False,ped_link_not_green
47.5,NODE_10273,3846533030,12,4,rrrrrrryyyyrr,r,False,False,0,,3.5,51.0,False,False,ped_link_not_green
48.0,LINK_212169,11449716078,5,3,rrgGGrG,r,False,False,0,,33.0,81.0,False,False,ped_link_not_green
48.0,NODE_8452,3846603653,2,0,GGr,r,False,False,0,,31.0,79.0,False,False,ped_link_not_green
48.0,NODE_6082,11449716078,5,3,rrgGGrG,r,False,False,0,,33.0,81.0,False,False,ped_link_not_green
48.0,NODE_6123,7300992884,5,0,GgGrrrr,r,False,False,0,,16.0,64.0,False,False,ped_link_not_green
48.0,NODE_8426,3849142980,16,6,rrrrrrrrrrrrrrrrGrrr,G,True,True,5,ped_5_0_NODE_8426|ped_5_1_NODE_8426|ped_5_2_NODE_8426|ped_5_3_NODE_8426|ped_5_4_NODE_8426,1.0,49.0,False,False,already_extended_this_phase
48.0,NODE_74388,436883130,16,4,rryyrrrrrryyrrrrr,r,False,False,0,,3.0,51.0,False,False,ped_link_not_green
48.0,NODE_10273,3846533030,12,4,rrrrrrryyyyrr,r,False,False,0,,3.0,51.0,False,False,ped_link_not_green
48.5,LINK_212169,11449716078,5,3,rrgGGrG,r,False,False,0,,32.5,81.0,False,False,ped_link_not_green
48.5,NODE_8452,3846603653,2,0,GGr,r,False,False,0,,30.5,79.0,False,False,ped_link_not_green
48.5,NODE_6082,11449716078,5,3,rrgGGrG,r,False,False,0,,32.5,81.0,False,False,ped_link_not_green
48.5,NODE_6123,7300992884,5,0,GgGrrrr,r,False,False,0,,15.5,64.0,False,False,ped_link_not_green
48.5,NODE_8426,3849142980,16,6,rrrrrrrrrrrrrrrrGrrr,G,True,True,5,ped_5_0_NODE_8426|ped_5_1_NODE_8426|ped_5_2_NODE_8426|ped_5_3_NODE_8426|ped_5_4_NODE_8426,0.5,49.0,False,False,already_extended_this_phase
48.5,NODE_74388,436883130,16,4,rryyrrrrrryyrrrrr,r,False,False,0,,2.5,51.0,False,False,ped_link_not_green
48.5,NODE_10273,3846533030,12,4,rrrrrrryyyyrr,r,False,False,0,,2.5,51.0,False,False,ped_link_not_green
49.0,LINK_212169,11449716078,5,3,rrgGGrG,r,False,False,0,,32.0,81.0,False,False,ped_link_not_green
49.0,NODE_8452,3846603653,2,0,GGr,r,False,False,0,,30.0,79.0,False,False,ped_link_not_green
49.0,NODE_6082,11449716078,5,3,rrgGGrG,r,False,False,0,,32.0,81.0,False,False,ped_link_not_green
49.0,NODE_6123,7300992884,5,0,GgGrrrr,r,False,False,0,,15.0,64.0,False,False,ped_link_not_green
49.0,NODE_8426,3849142980,16,6,rrrrrrrrrrrrrrrrGrrr,G,True,True,5,ped_5_0_NODE_8426|ped_5_1_NODE_8426|ped_5_2_NODE_8426|ped_5_3_NODE_8426|ped_5_4_NODE_8426,0.0,49.0,False,False,already_extended_this_phase
49.0,NODE_74388,436883130,16,4,rryyrrrrrryyrrrrr,r,False,False,0,,2.0,51.0,False,False,ped_link_not_green
49.0,NODE_10273,3846533030,12,4,rrrrrrryyyyrr,r,False,False,0,,2.0,51.0,False,False,ped_link_not_green
49.5,LINK_212169,11449716078,5,3,rrgGGrG,r,False,False,0,,31.5,81.0,False,False,ped_link_not_green
49.5,NODE_8452,3846603653,2,0,GGr,r,False,False,0,,29.5,79.0,False,False,ped_link_not_green
49.5,NODE_6082,11449716078,5,3,rrgGGrG,r,False,False,0,,31.5,81.0,False,False,ped_link_not_green
49.5,NODE_6123,7300992884,5,0,GgGrrrr,r,False,False,0,,14.5,64.0,False,False,ped_link_not_green
49.5,NODE_8426,3849142980,16,7,rrrrrrrrrrrrgggGGGGr,G,True,False,5,ped_5_0_NODE_8426|ped_5_1_NODE_8426|ped_5_2_NODE_8426|ped_5_3_NODE_8426|ped_5_4_NODE_8426,16.5,66.0,False,False,not_pedestrian_only_phase
49.5,NODE_74388,436883130,16,4,rryyrrrrrryyrrrrr,r,False,False,0,,1.5,51.0,False,False,ped_link_not_green
49.5,NODE_10273,3846533030,12,4,rrrrrrryyyyrr,r,False,False,0,,1.5,51.0,False,False,ped_link_not_green
50.0,LINK_212169,11449716078,5,3,rrgGGrG,r,False,False,0,,31.0,81.0,False,False,ped_link_not_green
50.0,NODE_8452,3846603653,2,0,GGr,r,False,False,0,,29.0,79.0,False,False,ped_link_not_green
50.0,NODE_6082,11449716078,5,3,rrgGGrG,r,False,False,0,,31.0,81.0,False,False,ped_link_not_green
50.0,NODE_6123,7300992884,5,0,GgGrrrr,r,False,False,0,,14.0,64.0,False,False,ped_link_not_green
50.0,NODE_8426,3849142980,16,7,rrrrrrrrrrrrgggGGGGr,G,True,False,5,ped_5_0_NODE_8426|ped_5_1_NODE_8426|ped_5_2_NODE_8426|ped_5_3_NODE_8426|ped_5_4_NODE_8426,16.0,66.0,False,False,not_pedestrian_only_phase
50.0,NODE_74388,436883130,16,4,rryyrrrrrryyrrrrr,r,False,False,0,,1.0,51.0,False,False,ped_link_not_green
50.0,NODE_10273,3846533030,12,4,rrrrrrryyyyrr,r,False,False,0,,1.0,51.0,False,False,ped_link_not_green
50.5,LINK_212169,11449716078,5,3,rrgGGrG,r,False,False,0,,30.5,81.0,False,False,ped_link_not_green
50.5,NODE_8452,3846603653,2,0,GGr,r,False,False,0,,28.5,79.0,False,False,ped_link_not_green
50.5,NODE_6082,11449716078,5,3,rrgGGrG,r,False,False,0,,30.5,81.0,False,False,ped_link_not_green
50.5,NODE_6123,7300992884,5,0,GgGrrrr,r,False,False,0,,13.5,64.0,False,False,ped_link_not_green
50.5,NODE_8426,3849142980,16,7,rrrrrrrrrrrrgggGGGGr,G,True,False,5,ped_5_0_NODE_8426|ped_5_1_NODE_8426|ped_5_2_NODE_8426|ped_5_3_NODE_8426|ped_5_4_NODE_8426,15.5,66.0,False,False,not_pedestrian_only_phase
50.5,NODE_74388,436883130,16,4,rryyrrrrrryyrrrrr,r,False,False,0,,0.5,51.0,False,False,ped_link_not_green
50.5,NODE_10273,3846533030,12,4,rrrrrrryyyyrr,r,False,False,0,,0.5,51.0,False,False,ped_link_not_green
51.0,LINK_212169,11449716078,5,3,rrgGGrG,r,False,False,0,,30.0,81.0,False,False,ped_link_not_green
51.0,NODE_8452,3846603653,2,0,GGr,r,False,False,0,,28.0,79.0,False,False,ped_link_not_green
51.0,NODE_6082,11449716078,5,3,rrgGGrG,r,False,False,0,,30.0,81.0,False,False,ped_link_not_green
51.0,NODE_6123,7300992884,5,0,GgGrrrr,r,False,False,0,,13.0,64.0,False,False,ped_link_not_green
51.0,NODE_8426,3849142980,16,7,rrrrrrrrrrrrgggGGGGr,G,True,False,5,ped_5_0_NODE_8426|ped_5_1_NODE_8426|ped_5_2_NODE_8426|ped_5_3_NODE_8426|ped_5_4_NODE_8426,15.0,66.0,False,False,not_pedestrian_only_phase
51.0,NODE_74388,436883130,16,4,rryyrrrrrryyrrrrr,r,False,False,0,,0.0,51.0,False,False,ped_link_not_green
51.0,NODE_10273,3846533030,12,4,rrrrrrryyyyrr,r,False,False,0,,0.0,51.0,False,False,ped_link_not_green
51.5,LINK_212169,11449716078,5,3,rrgGGrG,r,False,False,0,,29.5,81.0,False,False,ped_link_not_green
51.5,NODE_8452,3846603653,2,0,GGr,r,False,False,0,,27.5,79.0,False,False,ped_link_not_green
51.5,NODE_6082,11449716078,5,3,rrgGGrG,r,False,False,0,,29.5,81.0,False,False,ped_link_not_green
51.5,NODE_6123,7300992884,5,0,GgGrrrr,r,False,False,0,,12.5,64.0,False,False,ped_link_not_green
51.5,NODE_8426,3849142980,16,7,rrrrrrrrrrrrgggGGGGr,G,True,False,5,ped_5_0_NODE_8426|ped_5_1_NODE_8426|ped_5_2_NODE_8426|ped_5_3_NODE_8426|ped_5_4_NODE_8426,14.5,66.0,False,False,not_pedestrian_only_phase
51.5,NODE_74388,436883130,16,5,rrrrGGggrrrrGGggr,r,False,False,0,,33.5,85.0,False,False,ped_link_not_green
51.5,NODE_10273,3846533030,12,5,gGGrrrrrrrrrG,G,True,False,0,,29.5,81.0,False,False,not_pedestrian_only_phase
52.0,LINK_212169,11449716078,5,3,rrgGGrG,r,False,False,0,,29.0,81.0,False,False,ped_link_not_green
52.0,NODE_8452,3846603653,2,0,GGr,r,False,False,0,,27.0,79.0,False,False,ped_link_not_green
52.0,NODE_6082,11449716078,5,3,rrgGGrG,r,False,False,0,,29.0,81.0,False,False,ped_link_not_green
52.0,NODE_6123,7300992884,5,0,GgGrrrr,r,False,False,0,,12.0,64.0,False,False,ped_link_not_green
52.0,NODE_8426,3849142980,16,7,rrrrrrrrrrrrgggGGGGr,G,True,False,5,ped_5_0_NODE_8426|ped_5_1_NODE_8426|ped_5_2_NODE_8426|ped_5_3_NODE_8426|ped_5_4_NODE_8426,14.0,66.0,False,False,not_pedestrian_only_phase
52.0,NODE_74388,436883130,16,5,rrrrGGggrrrrGGggr,r,False,False,0,,33.0,85.0,False,False,ped_link_not_green
52.0,NODE_10273,3846533030,12,5,gGGrrrrrrrrrG,G,True,False,0,,29.0,81.0,False,False,not_pedestrian_only_phase
52.5,LINK_212169,11449716078,5,3,rrgGGrG,r,False,False,0,,28.5,81.0,False,False,ped_link_not_green
52.5,NODE_8452,3846603653,2,0,GGr,r,False,False,0,,26.5,79.0,False,False,ped_link_not_green
52.5,NODE_6082,11449716078,5,3,rrgGGrG,r,False,False,0,,28.5,81.0,False,False,ped_link_not_green
52.5,NODE_6123,7300992884,5,0,GgGrrrr,r,False,False,0,,11.5,64.0,False,False,ped_link_not_green
52.5,NODE_8426,3849142980,16,7,rrrrrrrrrrrrgggGGGGr,G,True,False,5,ped_5_0_NODE_8426|ped_5_1_NODE_8426|ped_5_2_NODE_8426|ped_5_3_NODE_8426|ped_5_4_NODE_8426,13.5,66.0,False,False,not_pedestrian_only_phase
52.5,NODE_74388,436883130,16,5,rrrrGGggrrrrGGggr,r,False,False,0,,32.5,85.0,False,False,ped_link_not_green
52.5,NODE_10273,3846533030,12,5,gGGrrrrrrrrrG,G,True,False,0,,28.5,81.0,False,False,not_pedestrian_only_phase
53.0,LINK_212169,11449716078,5,3,rrgGGrG,r,False,False,0,,28.0,81.0,False,False,ped_link_not_green
53.0,NODE_8452,3846603653,2,0,GGr,r,False,False,0,,26.0,79.0,False,False,ped_link_not_green
53.0,NODE_6082,11449716078,5,3,rrgGGrG,r,False,False,0,,28.0,81.0,False,False,ped_link_not_green
53.0,NODE_6123,7300992884,5,0,GgGrrrr,r,False,False,0,,11.0,64.0,False,False,ped_link_not_green
53.0,NODE_8426,3849142980,16,7,rrrrrrrrrrrrgggGGGGr,G,True,False,5,ped_5_0_NODE_8426|ped_5_1_NODE_8426|ped_5_2_NODE_8426|ped_5_3_NODE_8426|ped_5_4_NODE_8426,13.0,66.0,False,False,not_pedestrian_only_phase
53.0,NODE_74388,436883130,16,5,rrrrGGggrrrrGGggr,r,False,False,0,,32.0,85.0,False,False,ped_link_not_green
53.0,NODE_10273,3846533030,12,5,gGGrrrrrrrrrG,G,True,False,0,,28.0,81.0,False,False,not_pedestrian_only_phase
53.5,LINK_212169,11449716078,5,3,rrgGGrG,r,False,False,0,,27.5,81.0,False,False,ped_link_not_green
53.5,NODE_8452,3846603653,2,0,GGr,r,False,False,0,,25.5,79.0,False,False,ped_link_not_green
53.5,NODE_6082,11449716078,5,3,rrgGGrG,r,False,False,0,,27.5,81.0,False,False,ped_link_not_green
53.5,NODE_6123,7300992884,5,0,GgGrrrr,r,False,False,0,,10.5,64.0,False,False,ped_link_not_green
53.5,NODE_8426,3849142980,16,7,rrrrrrrrrrrrgggGGGGr,G,True,False,5,ped_5_0_NODE_8426|ped_5_1_NODE_8426|ped_5_2_NODE_8426|ped_5_3_NODE_8426|ped_5_4_NODE_8426,12.5,66.0,False,False,not_pedestrian_only_phase
53.5,NODE_74388,436883130,16,5,rrrrGGggrrrrGGggr,r,False,False,0,,31.5,85.0,False,False,ped_link_not_green
53.5,NODE_10273,3846533030,12,5,gGGrrrrrrrrrG,G,True,False,0,,27.5,81.0,False,False,not_pedestrian_only_phase
54.0,LINK_212169,11449716078,5,3,rrgGGrG,r,False,False,0,,27.0,81.0,False,False,ped_link_not_green
54.0,NODE_8452,3846603653,2,0,GGr,r,False,False,0,,25.0,79.0,False,False,ped_link_not_green
54.0,NODE_6082,11449716078,5,3,rrgGGrG,r,False,False,0,,27.0,81.0,False,False,ped_link_not_green
54.0,NODE_6123,7300992884,5,0,GgGrrrr,r,False,False,0,,10.0,64.0,False,False,ped_link_not_green
54.0,NODE_8426,3849142980,16,7,rrrrrrrrrrrrgggGGGGr,G,True,False,5,ped_5_0_NODE_8426|ped_5_1_NODE_8426|ped_5_2_NODE_8426|ped_5_3_NODE_8426|ped_5_4_NODE_8426,12.0,66.0,False,False,not_pedestrian_only_phase
54.0,NODE_74388,436883130,16,5,rrrrGGggrrrrGGggr,r,False,False,0,,31.0,85.0,False,False,ped_link_not_green
54.0,NODE_10273,3846533030,12,5,gGGrrrrrrrrrG,G,True,False,0,,27.0,81.0,False,False,not_pedestrian_only_phase
54.5,LINK_212169,11449716078,5,3,rrgGGrG,r,False,False,0,,26.5,81.0,False,False,ped_link_not_green
54.5,NODE_8452,3846603653,2,0,GGr,r,False,False,0,,24.5,79.0,False,False,ped_link_not_green
54.5,NODE_6082,11449716078,5,3,rrgGGrG,r,False,False,0,,26.5,81.0,False,False,ped_link_not_green
54.5,NODE_6123,7300992884,5,0,GgGrrrr,r,False,False,0,,9.5,64.0,False,False,ped_link_not_green
54.5,NODE_8426,3849142980,16,7,rrrrrrrrrrrrgggGGGGr,G,True,False,5,ped_5_0_NODE_8426|ped_5_1_NODE_8426|ped_5_2_NODE_8426|ped_5_3_NODE_8426|ped_5_4_NODE_8426,11.5,66.0,False,False,not_pedestrian_only_phase
54.5,NODE_74388,436883130,16,5,rrrrGGggrrrrGGggr,r,False,False,0,,30.5,85.0,False,False,ped_link_not_green
54.5,NODE_10273,3846533030,12,5,gGGrrrrrrrrrG,G,True,False,0,,26.5,81.0,False,False,not_pedestrian_only_phase
55.0,LINK_212169,11449716078,5,3,rrgGGrG,r,False,False,0,,26.0,81.0,False,False,ped_link_not_green
55.0,NODE_8452,3846603653,2,0,GGr,r,False,False,0,,24.0,79.0,False,False,ped_link_not_green
55.0,NODE_6082,11449716078,5,3,rrgGGrG,r,False,False,0,,26.0,81.0,False,False,ped_link_not_green
55.0,NODE_6123,7300992884,5,0,GgGrrrr,r,False,False,0,,9.0,64.0,False,False,ped_link_not_green
55.0,NODE_8426,3849142980,16,7,rrrrrrrrrrrrgggGGGGr,G,True,False,5,ped_5_0_NODE_8426|ped_5_1_NODE_8426|ped_5_2_NODE_8426|ped_5_3_NODE_8426|ped_5_4_NODE_8426,11.0,66.0,False,False,not_pedestrian_only_phase
55.0,NODE_74388,436883130,16,5,rrrrGGggrrrrGGggr,r,False,False,0,,30.0,85.0,False,False,ped_link_not_green
55.0,NODE_10273,3846533030,12,5,gGGrrrrrrrrrG,G,True,False,0,,26.0,81.0,False,False,not_pedestrian_only_phase
55.5,LINK_212169,11449716078,5,3,rrgGGrG,r,False,False,0,,25.5,81.0,False,False,ped_link_not_green
55.5,NODE_8452,3846603653,2,0,GGr,r,False,False,0,,23.5,79.0,False,False,ped_link_not_green
55.5,NODE_6082,11449716078,5,3,rrgGGrG,r,False,False,0,,25.5,81.0,False,False,ped_link_not_green
55.5,NODE_6123,7300992884,5,0,GgGrrrr,r,False,False,0,,8.5,64.0,False,False,ped_link_not_green
55.5,NODE_8426,3849142980,16,7,rrrrrrrrrrrrgggGGGGr,G,True,False,5,ped_5_0_NODE_8426|ped_5_1_NODE_8426|ped_5_2_NODE_8426|ped_5_3_NODE_8426|ped_5_4_NODE_8426,10.5,66.0,False,False,not_pedestrian_only_phase
55.5,NODE_74388,436883130,16,5,rrrrGGggrrrrGGggr,r,False,False,0,,29.5,85.0,False,False,ped_link_not_green
55.5,NODE_10273,3846533030,12,5,gGGrrrrrrrrrG,G,True,False,0,,25.5,81.0,False,False,not_pedestrian_only_phase
56.0,LINK_212169,11449716078,5,3,rrgGGrG,r,False,False,0,,25.0,81.0,False,False,ped_link_not_green
56.0,NODE_8452,3846603653,2,0,GGr,r,False,False,0,,23.0,79.0,False,False,ped_link_not_green
56.0,NODE_6082,11449716078,5,3,rrgGGrG,r,False,False,0,,25.0,81.0,False,False,ped_link_not_green
56.0,NODE_6123,7300992884,5,0,GgGrrrr,r,False,False,0,,8.0,64.0,False,False,ped_link_not_green
56.0,NODE_8426,3849142980,16,7,rrrrrrrrrrrrgggGGGGr,G,True,False,5,ped_5_0_NODE_8426|ped_5_1_NODE_8426|ped_5_2_NODE_8426|ped_5_3_NODE_8426|ped_5_4_NODE_8426,10.0,66.0,False,False,not_pedestrian_only_phase
56.0,NODE_74388,436883130,16,5,rrrrGGggrrrrGGggr,r,False,False,0,,29.0,85.0,False,False,ped_link_not_green
56.0,NODE_10273,3846533030,12,5,gGGrrrrrrrrrG,G,True,False,0,,25.0,81.0,False,False,not_pedestrian_only_phase
56.5,LINK_212169,11449716078,5,3,rrgGGrG,r,False,False,0,,24.5,81.0,False,False,ped_link_not_green
56.5,NODE_8452,3846603653,2,0,GGr,r,False,False,0,,22.5,79.0,False,False,ped_link_not_green
56.5,NODE_6082,11449716078,5,3,rrgGGrG,r,False,False,0,,24.5,81.0,False,False,ped_link_not_green
56.5,NODE_6123,7300992884,5,0,GgGrrrr,r,False,False,0,,7.5,64.0,False,False,ped_link_not_green
56.5,NODE_8426,3849142980,16,7,rrrrrrrrrrrrgggGGGGr,G,True,False,5,ped_5_0_NODE_8426|ped_5_1_NODE_8426|ped_5_2_NODE_8426|ped_5_3_NODE_8426|ped_5_4_NODE_8426,9.5,66.0,False,False,not_pedestrian_only_phase
56.5,NODE_74388,436883130,16,5,rrrrGGggrrrrGGggr,r,False,False,0,,28.5,85.0,False,False,ped_link_not_green
56.5,NODE_10273,3846533030,12,5,gGGrrrrrrrrrG,G,True,False,0,,24.5,81.0,False,False,not_pedestrian_only_phase
57.0,LINK_212169,11449716078,5,3,rrgGGrG,r,False,False,0,,24.0,81.0,False,False,ped_link_not_green
57.0,NODE_8452,3846603653,2,0,GGr,r,False,False,0,,22.0,79.0,False,False,ped_link_not_green
57.0,NODE_6082,11449716078,5,3,rrgGGrG,r,False,False,0,,24.0,81.0,False,False,ped_link_not_green
57.0,NODE_6123,7300992884,5,0,GgGrrrr,r,False,False,0,,7.0,64.0,False,False,ped_link_not_green
57.0,NODE_8426,3849142980,16,7,rrrrrrrrrrrrgggGGGGr,G,True,False,5,ped_5_0_NODE_8426|ped_5_1_NODE_8426|ped_5_2_NODE_8426|ped_5_3_NODE_8426|ped_5_4_NODE_8426,9.0,66.0,False,False,not_pedestrian_only_phase
57.0,NODE_74388,436883130,16,5,rrrrGGggrrrrGGggr,r,False,False,0,,28.0,85.0,False,False,ped_link_not_green
57.0,NODE_10273,3846533030,12,5,gGGrrrrrrrrrG,G,True,False,0,,24.0,81.0,False,False,not_pedestrian_only_phase
57.5,LINK_212169,11449716078,5,3,rrgGGrG,r,False,False,0,,23.5,81.0,False,False,ped_link_not_green
57.5,NODE_8452,3846603653,2,0,GGr,r,False,False,0,,21.5,79.0,False,False,ped_link_not_green
57.5,NODE_6082,11449716078,5,3,rrgGGrG,r,False,False,0,,23.5,81.0,False,False,ped_link_not_green
57.5,NODE_6123,7300992884,5,0,GgGrrrr,r,False,False,0,,6.5,64.0,False,False,ped_link_not_green
57.5,NODE_8426,3849142980,16,7,rrrrrrrrrrrrgggGGGGr,G,True,False,5,ped_5_0_NODE_8426|ped_5_1_NODE_8426|ped_5_2_NODE_8426|ped_5_3_NODE_8426|ped_5_4_NODE_8426,8.5,66.0,False,False,not_pedestrian_only_phase
57.5,NODE_74388,436883130,16,5,rrrrGGggrrrrGGggr,r,False,False,0,,27.5,85.0,False,False,ped_link_not_green
57.5,NODE_10273,3846533030,12,5,gGGrrrrrrrrrG,G,True,False,0,,23.5,81.0,False,False,not_pedestrian_only_phase
58.0,LINK_212169,11449716078,5,3,rrgGGrG,r,False,False,0,,23.0,81.0,False,False,ped_link_not_green
58.0,NODE_8452,3846603653,2,0,GGr,r,False,False,0,,21.0,79.0,False,False,ped_link_not_green
58.0,NODE_6082,11449716078,5,3,rrgGGrG,r,False,False,0,,23.0,81.0,False,False,ped_link_not_green
58.0,NODE_6123,7300992884,5,0,GgGrrrr,r,False,False,0,,6.0,64.0,False,False,ped_link_not_green
58.0,NODE_8426,3849142980,16,7,rrrrrrrrrrrrgggGGGGr,G,True,False,5,ped_5_0_NODE_8426|ped_5_1_NODE_8426|ped_5_2_NODE_8426|ped_5_3_NODE_8426|ped_5_4_NODE_8426,8.0,66.0,False,False,not_pedestrian_only_phase
58.0,NODE_74388,436883130,16,5,rrrrGGggrrrrGGggr,r,False,False,0,,27.0,85.0,False,False,ped_link_not_green
58.0,NODE_10273,3846533030,12,5,gGGrrrrrrrrrG,G,True,False,0,,23.0,81.0,False,False,not_pedestrian_only_phase
58.5,LINK_212169,11449716078,5,3,rrgGGrG,r,False,False,0,,22.5,81.0,False,False,ped_link_not_green
58.5,NODE_8452,3846603653,2,0,GGr,r,False,False,0,,20.5,79.0,False,False,ped_link_not_green
58.5,NODE_6082,11449716078,5,3,rrgGGrG,r,False,False,0,,22.5,81.0,False,False,ped_link_not_green
58.5,NODE_6123,7300992884,5,0,GgGrrrr,r,False,False,0,,5.5,64.0,False,False,ped_link_not_green
58.5,NODE_8426,3849142980,16,7,rrrrrrrrrrrrgggGGGGr,G,True,False,5,ped_5_0_NODE_8426|ped_5_1_NODE_8426|ped_5_2_NODE_8426|ped_5_3_NODE_8426|ped_5_4_NODE_8426,7.5,66.0,False,False,not_pedestrian_only_phase
58.5,NODE_74388,436883130,16,5,rrrrGGggrrrrGGggr,r,False,False,0,,26.5,85.0,False,False,ped_link_not_green
58.5,NODE_10273,3846533030,12,5,gGGrrrrrrrrrG,G,True,False,0,,22.5,81.0,False,False,not_pedestrian_only_phase
59.0,LINK_212169,11449716078,5,3,rrgGGrG,r,False,False,0,,22.0,81.0,False,False,ped_link_not_green
59.0,NODE_8452,3846603653,2,0,GGr,r,False,False,0,,20.0,79.0,False,False,ped_link_not_green
59.0,NODE_6082,11449716078,5,3,rrgGGrG,r,False,False,0,,22.0,81.0,False,False,ped_link_not_green
59.0,NODE_6123,7300992884,5,0,GgGrrrr,r,False,False,0,,5.0,64.0,False,False,ped_link_not_green
59.0,NODE_8426,3849142980,16,7,rrrrrrrrrrrrgggGGGGr,G,True,False,5,ped_5_0_NODE_8426|ped_5_1_NODE_8426|ped_5_2_NODE_8426|ped_5_3_NODE_8426|ped_5_4_NODE_8426,7.0,66.0,False,False,not_pedestrian_only_phase
59.0,NODE_74388,436883130,16,5,rrrrGGggrrrrGGggr,r,False,False,0,,26.0,85.0,False,False,ped_link_not_green
59.0,NODE_10273,3846533030,12,5,gGGrrrrrrrrrG,G,True,False,0,,22.0,81.0,False,False,not_pedestrian_only_phase
59.5,LINK_212169,11449716078,5,3,rrgGGrG,r,False,False,0,,21.5,81.0,False,False,ped_link_not_green
59.5,NODE_8452,3846603653,2,0,GGr,r,False,False,0,,19.5,79.0,False,False,ped_link_not_green
59.5,NODE_6082,11449716078,5,3,rrgGGrG,r,False,False,0,,21.5,81.0,False,False,ped_link_not_green
59.5,NODE_6123,7300992884,5,0,GgGrrrr,r,False,False,0,,4.5,64.0,False,False,ped_link_not_green
59.5,NODE_8426,3849142980,16,7,rrrrrrrrrrrrgggGGGGr,G,True,False,5,ped_5_0_NODE_8426|ped_5_1_NODE_8426|ped_5_2_NODE_8426|ped_5_3_NODE_8426|ped_5_4_NODE_8426,6.5,66.0,False,False,not_pedestrian_only_phase
59.5,NODE_74388,436883130,16,5,rrrrGGggrrrrGGggr,r,False,False,0,,25.5,85.0,False,False,ped_link_not_green
59.5,NODE_10273,3846533030,12,5,gGGrrrrrrrrrG,G,True,False,0,,21.5,81.0,False,False,not_pedestrian_only_phase
60.0,LINK_212169,11449716078,5,3,rrgGGrG,r,False,False,0,,21.0,81.0,False,False,ped_link_not_green
60.0,NODE_8452,3846603653,2,0,GGr,r,False,False,0,,19.0,79.0,False,False,ped_link_not_green
60.0,NODE_6082,11449716078,5,3,rrgGGrG,r,False,False,0,,21.0,81.0,False,False,ped_link_not_green
60.0,NODE_6123,7300992884,5,0,GgGrrrr,r,False,False,0,,4.0,64.0,False,False,ped_link_not_green
60.0,NODE_8426,3849142980,16,7,rrrrrrrrrrrrgggGGGGr,G,True,False,5,ped_5_0_NODE_8426|ped_5_1_NODE_8426|ped_5_2_NODE_8426|ped_5_3_NODE_8426|ped_5_4_NODE_8426,6.0,66.0,False,False,not_pedestrian_only_phase
60.0,NODE_74388,436883130,16,5,rrrrGGggrrrrGGggr,r,False,False,0,,25.0,85.0,False,False,ped_link_not_green
60.0,NODE_10273,3846533030,12,5,gGGrrrrrrrrrG,G,True,False,0,,21.0,81.0,False,False,not_pedestrian_only_phase
60.5,LINK_212169,11449716078,5,3,rrgGGrG,r,False,False,0,,20.5,81.0,False,False,ped_link_not_green
60.5,NODE_8452,3846603653,2,0,GGr,r,False,False,0,,18.5,79.0,False,False,ped_link_not_green
60.5,NODE_6082,11449716078,5,3,rrgGGrG,r,False,False,0,,20.5,81.0,False,False,ped_link_not_green
60.5,NODE_6123,7300992884,5,0,GgGrrrr,r,False,False,0,,3.5,64.0,False,False,ped_link_not_green
60.5,NODE_8426,3849142980,16,7,rrrrrrrrrrrrgggGGGGr,G,True,False,5,ped_5_0_NODE_8426|ped_5_1_NODE_8426|ped_5_2_NODE_8426|ped_5_3_NODE_8426|ped_5_4_NODE_8426,5.5,66.0,False,False,not_pedestrian_only_phase
60.5,NODE_74388,436883130,16,5,rrrrGGggrrrrGGggr,r,False,False,0,,24.5,85.0,False,False,ped_link_not_green
60.5,NODE_10273,3846533030,12,5,gGGrrrrrrrrrG,G,True,False,0,,20.5,81.0,False,False,not_pedestrian_only_phase
61.0,LINK_212169,11449716078,5,3,rrgGGrG,r,False,False,0,,20.0,81.0,False,False,ped_link_not_green
61.0,NODE_8452,3846603653,2,0,GGr,r,False,False,0,,18.0,79.0,False,False,ped_link_not_green
61.0,NODE_6082,11449716078,5,3,rrgGGrG,r,False,False,0,,20.0,81.0,False,False,ped_link_not_green
61.0,NODE_6123,7300992884,5,0,GgGrrrr,r,False,False,0,,3.0,64.0,False,False,ped_link_not_green
61.0,NODE_8426,3849142980,16,7,rrrrrrrrrrrrgggGGGGr,G,True,False,5,ped_5_0_NODE_8426|ped_5_1_NODE_8426|ped_5_2_NODE_8426|ped_5_3_NODE_8426|ped_5_4_NODE_8426,5.0,66.0,False,False,not_pedestrian_only_phase
61.0,NODE_74388,436883130,16,5,rrrrGGggrrrrGGggr,r,False,False,0,,24.0,85.0,False,False,ped_link_not_green
61.0,NODE_10273,3846533030,12,5,gGGrrrrrrrrrG,G,True,False,0,,20.0,81.0,False,False,not_pedestrian_only_phase
61.5,LINK_212169,11449716078,5,3,rrgGGrG,r,False,False,0,,19.5,81.0,False,False,ped_link_not_green
61.5,NODE_8452,3846603653,2,0,GGr,r,False,False,0,,17.5,79.0,False,False,ped_link_not_green
61.5,NODE_6082,11449716078,5,3,rrgGGrG,r,False,False,0,,19.5,81.0,False,False,ped_link_not_green
61.5,NODE_6123,7300992884,5,0,GgGrrrr,r,False,False,0,,2.5,64.0,False,False,ped_link_not_green
61.5,NODE_8426,3849142980,16,7,rrrrrrrrrrrrgggGGGGr,G,True,False,5,ped_5_0_NODE_8426|ped_5_1_NODE_8426|ped_5_2_NODE_8426|ped_5_3_NODE_8426|ped_5_4_NODE_8426,4.5,66.0,False,False,not_pedestrian_only_phase
61.5,NODE_74388,436883130,16,5,rrrrGGggrrrrGGggr,r,False,False,0,,23.5,85.0,False,False,ped_link_not_green
61.5,NODE_10273,3846533030,12,5,gGGrrrrrrrrrG,G,True,False,0,,19.5,81.0,False,False,not_pedestrian_only_phase
62.0,LINK_212169,11449716078,5,3,rrgGGrG,r,False,False,0,,19.0,81.0,False,False,ped_link_not_green
62.0,NODE_8452,3846603653,2,0,GGr,r,False,False,0,,17.0,79.0,False,False,ped_link_not_green
62.0,NODE_6082,11449716078,5,3,rrgGGrG,r,False,False,0,,19.0,81.0,False,False,ped_link_not_green
62.0,NODE_6123,7300992884,5,0,GgGrrrr,r,False,False,0,,2.0,64.0,False,False,ped_link_not_green
62.0,NODE_8426,3849142980,16,7,rrrrrrrrrrrrgggGGGGr,G,True,False,5,ped_5_0_NODE_8426|ped_5_1_NODE_8426|ped_5_2_NODE_8426|ped_5_3_NODE_8426|ped_5_4_NODE_8426,4.0,66.0,False,False,not_pedestrian_only_phase
62.0,NODE_74388,436883130,16,5,rrrrGGggrrrrGGggr,r,False,False,0,,23.0,85.0,False,False,ped_link_not_green
62.0,NODE_10273,3846533030,12,5,gGGrrrrrrrrrG,G,True,False,0,,19.0,81.0,False,False,not_pedestrian_only_phase
62.5,LINK_212169,11449716078,5,3,rrgGGrG,r,False,False,0,,18.5,81.0,False,False,ped_link_not_green
62.5,NODE_8452,3846603653,2,0,GGr,r,False,False,0,,16.5,79.0,False,False,ped_link_not_green
62.5,NODE_6082,11449716078,5,3,rrgGGrG,r,False,False,0,,18.5,81.0,False,False,ped_link_not_green
62.5,NODE_6123,7300992884,5,0,GgGrrrr,r,False,False,0,,1.5,64.0,False,False,ped_link_not_green
62.5,NODE_8426,3849142980,16,7,rrrrrrrrrrrrgggGGGGr,G,True,False,5,ped_5_0_NODE_8426|ped_5_1_NODE_8426|ped_5_2_NODE_8426|ped_5_3_NODE_8426|ped_5_4_NODE_8426,3.5,66.0,False,False,not_pedestrian_only_phase
62.5,NODE_74388,436883130,16,5,rrrrGGggrrrrGGggr,r,False,False,0,,22.5,85.0,False,False,ped_link_not_green
62.5,NODE_10273,3846533030,12,5,gGGrrrrrrrrrG,G,True,False,0,,18.5,81.0,False,False,not_pedestrian_only_phase
63.0,LINK_212169,11449716078,5,3,rrgGGrG,r,False,False,0,,18.0,81.0,False,False,ped_link_not_green
63.0,NODE_8452,3846603653,2,0,GGr,r,False,False,0,,16.0,79.0,False,False,ped_link_not_green
63.0,NODE_6082,11449716078,5,3,rrgGGrG,r,False,False,0,,18.0,81.0,False,False,ped_link_not_green
63.0,NODE_6123,7300992884,5,0,GgGrrrr,r,False,False,0,,1.0,64.0,False,False,ped_link_not_green
63.0,NODE_8426,3849142980,16,7,rrrrrrrrrrrrgggGGGGr,G,True,False,5,ped_5_0_NODE_8426|ped_5_1_NODE_8426|ped_5_2_NODE_8426|ped_5_3_NODE_8426|ped_5_4_NODE_8426,3.0,66.0,False,False,not_pedestrian_only_phase
63.0,NODE_74388,436883130,16,5,rrrrGGggrrrrGGggr,r,False,False,0,,22.0,85.0,False,False,ped_link_not_green
63.0,NODE_10273,3846533030,12,5,gGGrrrrrrrrrG,G,True,False,0,,18.0,81.0,False,False,not_pedestrian_only_phase
63.5,LINK_212169,11449716078,5,3,rrgGGrG,r,False,False,0,,17.5,81.0,False,False,ped_link_not_green
63.5,NODE_8452,3846603653,2,0,GGr,r,False,False,0,,15.5,79.0,False,False,ped_link_not_green
63.5,NODE_6082,11449716078,5,3,rrgGGrG,r,False,False,0,,17.5,81.0,False,False,ped_link_not_green
63.5,NODE_6123,7300992884,5,0,GgGrrrr,r,False,False,0,,0.5,64.0,False,False,ped_link_not_green
63.5,NODE_8426,3849142980,16,7,rrrrrrrrrrrrgggGGGGr,G,True,False,5,ped_5_0_NODE_8426|ped_5_1_NODE_8426|ped_5_2_NODE_8426|ped_5_3_NODE_8426|ped_5_4_NODE_8426,2.5,66.0,False,False,not_pedestrian_only_phase
63.5,NODE_74388,436883130,16,5,rrrrGGggrrrrGGggr,r,False,False,0,,21.5,85.0,False,False,ped_link_not_green
63.5,NODE_10273,3846533030,12,5,gGGrrrrrrrrrG,G,True,False,0,,17.5,81.0,False,False,not_pedestrian_only_phase
64.0,LINK_212169,11449716078,5,3,rrgGGrG,r,False,False,0,,17.0,81.0,False,False,ped_link_not_green
64.0,NODE_8452,3846603653,2,0,GGr,r,False,False,0,,15.0,79.0,False,False,ped_link_not_green
64.0,NODE_6082,11449716078,5,3,rrgGGrG,r,False,False,0,,17.0,81.0,False,False,ped_link_not_green
64.0,NODE_6123,7300992884,5,0,GgGrrrr,r,False,False,0,,0.0,64.0,False,False,ped_link_not_green
64.0,NODE_8426,3849142980,16,7,rrrrrrrrrrrrgggGGGGr,G,True,False,5,ped_5_0_NODE_8426|ped_5_1_NODE_8426|ped_5_2_NODE_8426|ped_5_3_NODE_8426|ped_5_4_NODE_8426,2.0,66.0,False,False,not_pedestrian_only_phase
64.0,NODE_74388,436883130,16,5,rrrrGGggrrrrGGggr,r,False,False,0,,21.0,85.0,False,False,ped_link_not_green
64.0,NODE_10273,3846533030,12,5,gGGrrrrrrrrrG,G,True,False,0,,17.0,81.0,False,False,not_pedestrian_only_phase
64.5,LINK_212169,11449716078,5,3,rrgGGrG,r,False,False,0,,16.5,81.0,False,False,ped_link_not_green
64.5,NODE_8452,3846603653,2,0,GGr,r,False,False,0,,14.5,79.0,False,False,ped_link_not_green
64.5,NODE_6082,11449716078,5,3,rrgGGrG,r,False,False,0,,16.5,81.0,False,False,ped_link_not_green
64.5,NODE_6123,7300992884,5,1,yyGrrrr,r,False,False,0,,5.5,70.0,False,False,ped_link_not_green
64.5,NODE_8426,3849142980,16,7,rrrrrrrrrrrrgggGGGGr,G,True,False,5,ped_5_0_NODE_8426|ped_5_1_NODE_8426|ped_5_2_NODE_8426|ped_5_3_NODE_8426|ped_5_4_NODE_8426,1.5,66.0,False,False,not_pedestrian_only_phase
64.5,NODE_74388,436883130,16,5,rrrrGGggrrrrGGggr,r,False,False,0,,20.5,85.0,False,False,ped_link_not_green
64.5,NODE_10273,3846533030,12,5,gGGrrrrrrrrrG,G,True,False,0,,16.5,81.0,False,False,not_pedestrian_only_phase
65.0,LINK_212169,11449716078,5,3,rrgGGrG,r,False,False,0,,16.0,81.0,False,False,ped_link_not_green
65.0,NODE_8452,3846603653,2,0,GGr,r,False,False,0,,14.0,79.0,False,False,ped_link_not_green
65.0,NODE_6082,11449716078,5,3,rrgGGrG,r,False,False,0,,16.0,81.0,False,False,ped_link_not_green
65.0,NODE_6123,7300992884,5,1,yyGrrrr,r,False,False,0,,5.0,70.0,False,False,ped_link_not_green
65.0,NODE_8426,3849142980,16,7,rrrrrrrrrrrrgggGGGGr,G,True,False,5,ped_5_0_NODE_8426|ped_5_1_NODE_8426|ped_5_2_NODE_8426|ped_5_3_NODE_8426|ped_5_4_NODE_8426,1.0,66.0,False,False,not_pedestrian_only_phase
65.0,NODE_74388,436883130,16,5,rrrrGGggrrrrGGggr,r,False,False,0,,20.0,85.0,False,False,ped_link_not_green
65.0,NODE_10273,3846533030,12,5,gGGrrrrrrrrrG,G,True,False,0,,16.0,81.0,False,False,not_pedestrian_only_phase
65.5,LINK_212169,11449716078,5,3,rrgGGrG,r,False,False,0,,15.5,81.0,False,False,ped_link_not_green
65.5,NODE_8452,3846603653,2,0,GGr,r,False,False,0,,13.5,79.0,False,False,ped_link_not_green
65.5,NODE_6082,11449716078,5,3,rrgGGrG,r,False,False,0,,15.5,81.0,False,False,ped_link_not_green
65.5,NODE_6123,7300992884,5,1,yyGrrrr,r,False,False,0,,4.5,70.0,False,False,ped_link_not_green
65.5,NODE_8426,3849142980,16,7,rrrrrrrrrrrrgggGGGGr,G,True,False,5,ped_5_0_NODE_8426|ped_5_1_NODE_8426|ped_5_2_NODE_8426|ped_5_3_NODE_8426|ped_5_4_NODE_8426,0.5,66.0,False,False,not_pedestrian_only_phase
65.5,NODE_74388,436883130,16,5,rrrrGGggrrrrGGggr,r,False,False,0,,19.5,85.0,False,False,ped_link_not_green
65.5,NODE_10273,3846533030,12,5,gGGrrrrrrrrrG,G,True,False,0,,15.5,81.0,False,False,not_pedestrian_only_phase
66.0,LINK_212169,11449716078,5,3,rrgGGrG,r,False,False,0,,15.0,81.0,False,False,ped_link_not_green
66.0,NODE_8452,3846603653,2,0,GGr,r,False,False,0,,13.0,79.0,False,False,ped_link_not_green
66.0,NODE_6082,11449716078,5,3,rrgGGrG,r,False,False,0,,15.0,81.0,False,False,ped_link_not_green
66.0,NODE_6123,7300992884,5,1,yyGrrrr,r,False,False,0,,4.0,70.0,False,False,ped_link_not_green
66.0,NODE_8426,3849142980,16,7,rrrrrrrrrrrrgggGGGGr,G,True,False,5,ped_5_0_NODE_8426|ped_5_1_NODE_8426|ped_5_2_NODE_8426|ped_5_3_NODE_8426|ped_5_4_NODE_8426,0.0,66.0,False,False,not_pedestrian_only_phase
66.0,NODE_74388,436883130,16,5,rrrrGGggrrrrGGggr,r,False,False,0,,19.0,85.0,False,False,ped_link_not_green
66.0,NODE_10273,3846533030,12,5,gGGrrrrrrrrrG,G,True,False,0,,15.0,81.0,False,False,not_pedestrian_only_phase
66.5,LINK_212169,11449716078,5,3,rrgGGrG,r,False,False,0,,14.5,81.0,False,False,ped_link_not_green
66.5,NODE_8452,3846603653,2,0,GGr,r,False,False,0,,12.5,79.0,False,False,ped_link_not_green
66.5,NODE_6082,11449716078,5,3,rrgGGrG,r,False,False,0,,14.5,81.0,False,False,ped_link_not_green
66.5,NODE_6123,7300992884,5,1,yyGrrrr,r,False,False,0,,3.5,70.0,False,False,ped_link_not_green
66.5,NODE_8426,3849142980,16,8,rrrrrrrrrrrrgggGrrrr,r,False,False,5,ped_5_0_NODE_8426|ped_5_1_NODE_8426|ped_5_2_NODE_8426|ped_5_3_NODE_8426|ped_5_4_NODE_8426,2.5,69.0,False,False,ped_link_not_green
66.5,NODE_74388,436883130,16,5,rrrrGGggrrrrGGggr,r,False,False,0,,18.5,85.0,False,False,ped_link_not_green
66.5,NODE_10273,3846533030,12,5,gGGrrrrrrrrrG,G,True,False,0,,14.5,81.0,False,False,not_pedestrian_only_phase
67.0,LINK_212169,11449716078,5,3,rrgGGrG,r,False,False,0,,14.0,81.0,False,False,ped_link_not_green
67.0,NODE_8452,3846603653,2,0,GGr,r,False,False,0,,12.0,79.0,False,False,ped_link_not_green
67.0,NODE_6082,11449716078,5,3,rrgGGrG,r,False,False,0,,14.0,81.0,False,False,ped_link_not_green
67.0,NODE_6123,7300992884,5,1,yyGrrrr,r,False,False,0,,3.0,70.0,False,False,ped_link_not_green
67.0,NODE_8426,3849142980,16,8,rrrrrrrrrrrrgggGrrrr,r,False,False,5,ped_5_0_NODE_8426|ped_5_1_NODE_8426|ped_5_2_NODE_8426|ped_5_3_NODE_8426|ped_5_4_NODE_8426,2.0,69.0,False,False,ped_link_not_green
67.0,NODE_74388,436883130,16,5,rrrrGGggrrrrGGggr,r,False,False,0,,18.0,85.0,False,False,ped_link_not_green
67.0,NODE_10273,3846533030,12,5,gGGrrrrrrrrrG,G,True,False,0,,14.0,81.0,False,False,not_pedestrian_only_phase
67.5,LINK_212169,11449716078,5,3,rrgGGrG,r,False,False,0,,13.5,81.0,False,False,ped_link_not_green
67.5,NODE_8452,3846603653,2,0,GGr,r,False,False,0,,11.5,79.0,False,False,ped_link_not_green
67.5,NODE_6082,11449716078,5,3,rrgGGrG,r,False,False,0,,13.5,81.0,False,False,ped_link_not_green
67.5,NODE_6123,7300992884,5,1,yyGrrrr,r,False,False,0,,2.5,70.0,False,False,ped_link_not_green
67.5,NODE_8426,3849142980,16,8,rrrrrrrrrrrrgggGrrrr,r,False,False,5,ped_5_0_NODE_8426|ped_5_1_NODE_8426|ped_5_2_NODE_8426|ped_5_3_NODE_8426|ped_5_4_NODE_8426,1.5,69.0,False,False,ped_link_not_green
67.5,NODE_74388,436883130,16,5,rrrrGGggrrrrGGggr,r,False,False,0,,17.5,85.0,False,False,ped_link_not_green
67.5,NODE_10273,3846533030,12,5,gGGrrrrrrrrrG,G,True,False,0,,13.5,81.0,False,False,not_pedestrian_only_phase
68.0,LINK_212169,11449716078,5,3,rrgGGrG,r,False,False,0,,13.0,81.0,False,False,ped_link_not_green
68.0,NODE_8452,3846603653,2,0,GGr,r,False,False,0,,11.0,79.0,False,False,ped_link_not_green
68.0,NODE_6082,11449716078,5,3,rrgGGrG,r,False,False,0,,13.0,81.0,False,False,ped_link_not_green
68.0,NODE_6123,7300992884,5,1,yyGrrrr,r,False,False,0,,2.0,70.0,False,False,ped_link_not_green
68.0,NODE_8426,3849142980,16,8,rrrrrrrrrrrrgggGrrrr,r,False,False,5,ped_5_0_NODE_8426|ped_5_1_NODE_8426|ped_5_2_NODE_8426|ped_5_3_NODE_8426|ped_5_4_NODE_8426,1.0,69.0,False,False,ped_link_not_green
68.0,NODE_74388,436883130,16,5,rrrrGGggrrrrGGggr,r,False,False,0,,17.0,85.0,False,False,ped_link_not_green
68.0,NODE_10273,3846533030,12,5,gGGrrrrrrrrrG,G,True,False,0,,13.0,81.0,False,False,not_pedestrian_only_phase
68.5,LINK_212169,11449716078,5,3,rrgGGrG,r,False,False,0,,12.5,81.0,False,False,ped_link_not_green
68.5,NODE_8452,3846603653,2,0,GGr,r,False,False,0,,10.5,79.0,False,False,ped_link_not_green
68.5,NODE_6082,11449716078,5,3,rrgGGrG,r,False,False,0,,12.5,81.0,False,False,ped_link_not_green
68.5,NODE_6123,7300992884,5,1,yyGrrrr,r,False,False,0,,1.5,70.0,False,False,ped_link_not_green
68.5,NODE_8426,3849142980,16,8,rrrrrrrrrrrrgggGrrrr,r,False,False,5,ped_5_0_NODE_8426|ped_5_1_NODE_8426|ped_5_2_NODE_8426|ped_5_3_NODE_8426|ped_5_4_NODE_8426,0.5,69.0,False,False,ped_link_not_green
68.5,NODE_74388,436883130,16,5,rrrrGGggrrrrGGggr,r,False,False,0,,16.5,85.0,False,False,ped_link_not_green
68.5,NODE_10273,3846533030,12,5,gGGrrrrrrrrrG,G,True,False,0,,12.5,81.0,False,False,not_pedestrian_only_phase
69.0,LINK_212169,11449716078,5,3,rrgGGrG,r,False,False,0,,12.0,81.0,False,False,ped_link_not_green
69.0,NODE_8452,3846603653,2,0,GGr,r,False,False,0,,10.0,79.0,False,False,ped_link_not_green
69.0,NODE_6082,11449716078,5,3,rrgGGrG,r,False,False,0,,12.0,81.0,False,False,ped_link_not_green
69.0,NODE_6123,7300992884,5,1,yyGrrrr,r,False,False,0,,1.0,70.0,False,False,ped_link_not_green
69.0,NODE_8426,3849142980,16,8,rrrrrrrrrrrrgggGrrrr,r,False,False,5,ped_5_0_NODE_8426|ped_5_1_NODE_8426|ped_5_2_NODE_8426|ped_5_3_NODE_8426|ped_5_4_NODE_8426,0.0,69.0,False,False,ped_link_not_green
69.0,NODE_74388,436883130,16,5,rrrrGGggrrrrGGggr,r,False,False,0,,16.0,85.0,False,False,ped_link_not_green
69.0,NODE_10273,3846533030,12,5,gGGrrrrrrrrrG,G,True,False,0,,12.0,81.0,False,False,not_pedestrian_only_phase
69.5,LINK_212169,11449716078,5,3,rrgGGrG,r,False,False,0,,11.5,81.0,False,False,ped_link_not_green
69.5,NODE_8452,3846603653,2,0,GGr,r,False,False,0,,9.5,79.0,False,False,ped_link_not_green
69.5,NODE_6082,11449716078,5,3,rrgGGrG,r,False,False,0,,11.5,81.0,False,False,ped_link_not_green
69.5,NODE_6123,7300992884,5,1,yyGrrrr,r,False,False,0,,0.5,70.0,False,False,ped_link_not_green
69.5,NODE_8426,3849142980,16,9,rrrrrrrrrrrryyyyrrrr,r,False,False,5,ped_5_0_NODE_8426|ped_5_1_NODE_8426|ped_5_2_NODE_8426|ped_5_3_NODE_8426|ped_5_4_NODE_8426,2.5,72.0,False,False,ped_link_not_green
69.5,NODE_74388,436883130,16,5,rrrrGGggrrrrGGggr,r,False,False,0,,15.5,85.0,False,False,ped_link_not_green
69.5,NODE_10273,3846533030,12,5,gGGrrrrrrrrrG,G,True,False,0,,11.5,81.0,False,False,not_pedestrian_only_phase
70.0,LINK_212169,11449716078,5,3,rrgGGrG,r,False,False,0,,11.0,81.0,False,False,ped_link_not_green
70.0,NODE_8452,3846603653,2,0,GGr,r,False,False,0,,9.0,79.0,False,False,ped_link_not_green
70.0,NODE_6082,11449716078,5,3,rrgGGrG,r,False,False,0,,11.0,81.0,False,False,ped_link_not_green
70.0,NODE_6123,7300992884,5,1,yyGrrrr,r,False,False,0,,0.0,70.0,False,False,ped_link_not_green
70.0,NODE_8426,3849142980,16,9,rrrrrrrrrrrryyyyrrrr,r,False,False,5,ped_5_0_NODE_8426|ped_5_1_NODE_8426|ped_5_2_NODE_8426|ped_5_3_NODE_8426|ped_5_4_NODE_8426,2.0,72.0,False,False,ped_link_not_green
70.0,NODE_74388,436883130,16,5,rrrrGGggrrrrGGggr,r,False,False,0,,15.0,85.0,False,False,ped_link_not_green
70.0,NODE_10273,3846533030,12,5,gGGrrrrrrrrrG,G,True,False,0,,11.0,81.0,False,False,not_pedestrian_only_phase
70.5,LINK_212169,11449716078,5,3,rrgGGrG,r,False,False,0,,10.5,81.0,False,False,ped_link_not_green
70.5,NODE_8452,3846603653,2,0,GGr,r,False,False,0,,8.5,79.0,False,False,ped_link_not_green
70.5,NODE_6082,11449716078,5,3,rrgGGrG,r,False,False,0,,10.5,81.0,False,False,ped_link_not_green
70.5,NODE_6123,7300992884,5,2,rrGGGrr,r,False,False,0,,5.5,76.0,False,False,ped_link_not_green
70.5,NODE_8426,3849142980,16,9,rrrrrrrrrrrryyyyrrrr,r,False,False,5,ped_5_0_NODE_8426|ped_5_1_NODE_8426|ped_5_2_NODE_8426|ped_5_3_NODE_8426|ped_5_4_NODE_8426,1.5,72.0,False,False,ped_link_not_green
70.5,NODE_74388,436883130,16,5,rrrrGGggrrrrGGggr,r,False,False,0,,14.5,85.0,False,False,ped_link_not_green
70.5,NODE_10273,3846533030,12,5,gGGrrrrrrrrrG,G,True,False,0,,10.5,81.0,False,False,not_pedestrian_only_phase
71.0,LINK_212169,11449716078,5,3,rrgGGrG,r,False,False,0,,10.0,81.0,False,False,ped_link_not_green
71.0,NODE_8452,3846603653,2,0,GGr,r,False,False,0,,8.0,79.0,False,False,ped_link_not_green
71.0,NODE_6082,11449716078,5,3,rrgGGrG,r,False,False,0,,10.0,81.0,False,False,ped_link_not_green
71.0,NODE_6123,7300992884,5,2,rrGGGrr,r,False,False,0,,5.0,76.0,False,False,ped_link_not_green
71.0,NODE_8426,3849142980,16,9,rrrrrrrrrrrryyyyrrrr,r,False,False,5,ped_5_0_NODE_8426|ped_5_1_NODE_8426|ped_5_2_NODE_8426|ped_5_3_NODE_8426|ped_5_4_NODE_8426,1.0,72.0,False,False,ped_link_not_green
71.0,NODE_74388,436883130,16,5,rrrrGGggrrrrGGggr,r,False,False,0,,14.0,85.0,False,False,ped_link_not_green
71.0,NODE_10273,3846533030,12,5,gGGrrrrrrrrrG,G,True,False,0,,10.0,81.0,False,False,not_pedestrian_only_phase
71.5,LINK_212169,11449716078,5,3,rrgGGrG,r,False,False,0,,9.5,81.0,False,False,ped_link_not_green
71.5,NODE_8452,3846603653,2,0,GGr,r,False,False,0,,7.5,79.0,False,False,ped_link_not_green
71.5,NODE_6082,11449716078,5,3,rrgGGrG,r,False,False,0,,9.5,81.0,False,False,ped_link_not_green
71.5,NODE_6123,7300992884,5,2,rrGGGrr,r,False,False,0,,4.5,76.0,False,False,ped_link_not_green
71.5,NODE_8426,3849142980,16,9,rrrrrrrrrrrryyyyrrrr,r,False,False,5,ped_5_0_NODE_8426|ped_5_1_NODE_8426|ped_5_2_NODE_8426|ped_5_3_NODE_8426|ped_5_4_NODE_8426,0.5,72.0,False,False,ped_link_not_green
71.5,NODE_74388,436883130,16,5,rrrrGGggrrrrGGggr,r,False,False,0,,13.5,85.0,False,False,ped_link_not_green
71.5,NODE_10273,3846533030,12,5,gGGrrrrrrrrrG,G,True,False,0,,9.5,81.0,False,False,not_pedestrian_only_phase
72.0,LINK_212169,11449716078,5,3,rrgGGrG,r,False,False,0,,9.0,81.0,False,False,ped_link_not_green
72.0,NODE_8452,3846603653,2,0,GGr,r,False,False,0,,7.0,79.0,False,False,ped_link_not_green
72.0,NODE_6082,11449716078,5,3,rrgGGrG,r,False,False,0,,9.0,81.0,False,False,ped_link_not_green
72.0,NODE_6123,7300992884,5,2,rrGGGrr,r,False,False,0,,4.0,76.0,False,False,ped_link_not_green
72.0,NODE_8426,3849142980,16,9,rrrrrrrrrrrryyyyrrrr,r,False,False,5,ped_5_0_NODE_8426|ped_5_1_NODE_8426|ped_5_2_NODE_8426|ped_5_3_NODE_8426|ped_5_4_NODE_8426,0.0,72.0,False,False,ped_link_not_green
72.0,NODE_74388,436883130,16,5,rrrrGGggrrrrGGggr,r,False,False,0,,13.0,85.0,False,False,ped_link_not_green
72.0,NODE_10273,3846533030,12,5,gGGrrrrrrrrrG,G,True,False,0,,9.0,81.0,False,False,not_pedestrian_only_phase
72.5,LINK_212169,11449716078,5,3,rrgGGrG,r,False,False,0,,8.5,81.0,False,False,ped_link_not_green
72.5,NODE_8452,3846603653,2,0,GGr,r,False,False,0,,6.5,79.0,False,False,ped_link_not_green
72.5,NODE_6082,11449716078,5,3,rrgGGrG,r,False,False,0,,8.5,81.0,False,False,ped_link_not_green
72.5,NODE_6123,7300992884,5,2,rrGGGrr,r,False,False,0,,3.5,76.0,False,False,ped_link_not_green
72.5,NODE_8426,3849142980,16,10,rrrrrrrrgggGrrrrGGrG,G,True,False,5,ped_5_0_NODE_8426|ped_5_1_NODE_8426|ped_5_2_NODE_8426|ped_5_3_NODE_8426|ped_5_4_NODE_8426,16.5,89.0,False,False,not_pedestrian_only_phase
72.5,NODE_74388,436883130,16,5,rrrrGGggrrrrGGggr,r,False,False,0,,12.5,85.0,False,False,ped_link_not_green
72.5,NODE_10273,3846533030,12,5,gGGrrrrrrrrrG,G,True,False,0,,8.5,81.0,False,False,not_pedestrian_only_phase
73.0,LINK_212169,11449716078,5,3,rrgGGrG,r,False,False,0,,8.0,81.0,False,False,ped_link_not_green
73.0,NODE_8452,3846603653,2,0,GGr,r,False,False,0,,6.0,79.0,False,False,ped_link_not_green
73.0,NODE_6082,11449716078,5,3,rrgGGrG,r,False,False,0,,8.0,81.0,False,False,ped_link_not_green
73.0,NODE_6123,7300992884,5,2,rrGGGrr,r,False,False,0,,3.0,76.0,False,False,ped_link_not_green
73.0,NODE_8426,3849142980,16,10,rrrrrrrrgggGrrrrGGrG,G,True,False,5,ped_5_0_NODE_8426|ped_5_1_NODE_8426|ped_5_2_NODE_8426|ped_5_3_NODE_8426|ped_5_4_NODE_8426,16.0,89.0,False,False,not_pedestrian_only_phase
73.0,NODE_74388,436883130,16,5,rrrrGGggrrrrGGggr,r,False,False,0,,12.0,85.0,False,False,ped_link_not_green
73.0,NODE_10273,3846533030,12,5,gGGrrrrrrrrrG,G,True,False,0,,8.0,81.0,False,False,not_pedestrian_only_phase
73.5,LINK_212169,11449716078,5,3,rrgGGrG,r,False,False,0,,7.5,81.0,False,False,ped_link_not_green
73.5,NODE_8452,3846603653,2,0,GGr,r,False,False,0,,5.5,79.0,False,False,ped_link_not_green
73.5,NODE_6082,11449716078,5,3,rrgGGrG,r,False,False,0,,7.5,81.0,False,False,ped_link_not_green
73.5,NODE_6123,7300992884,5,2,rrGGGrr,r,False,False,0,,2.5,76.0,False,False,ped_link_not_green
73.5,NODE_8426,3849142980,16,10,rrrrrrrrgggGrrrrGGrG,G,True,False,5,ped_5_0_NODE_8426|ped_5_1_NODE_8426|ped_5_2_NODE_8426|ped_5_3_NODE_8426|ped_5_4_NODE_8426,15.5,89.0,False,False,not_pedestrian_only_phase
73.5,NODE_74388,436883130,16,5,rrrrGGggrrrrGGggr,r,False,False,0,,11.5,85.0,False,False,ped_link_not_green
73.5,NODE_10273,3846533030,12,5,gGGrrrrrrrrrG,G,True,False,0,,7.5,81.0,False,False,not_pedestrian_only_phase
74.0,LINK_212169,11449716078,5,3,rrgGGrG,r,False,False,0,,7.0,81.0,False,False,ped_link_not_green
74.0,NODE_8452,3846603653,2,0,GGr,r,False,False,0,,5.0,79.0,False,False,ped_link_not_green
74.0,NODE_6082,11449716078,5,3,rrgGGrG,r,False,False,0,,7.0,81.0,False,False,ped_link_not_green
74.0,NODE_6123,7300992884,5,2,rrGGGrr,r,False,False,0,,2.0,76.0,False,False,ped_link_not_green
74.0,NODE_8426,3849142980,16,10,rrrrrrrrgggGrrrrGGrG,G,True,False,5,ped_5_0_NODE_8426|ped_5_1_NODE_8426|ped_5_2_NODE_8426|ped_5_3_NODE_8426|ped_5_4_NODE_8426,15.0,89.0,False,False,not_pedestrian_only_phase
74.0,NODE_74388,436883130,16,5,rrrrGGggrrrrGGggr,r,False,False,0,,11.0,85.0,False,False,ped_link_not_green
74.0,NODE_10273,3846533030,12,5,gGGrrrrrrrrrG,G,True,False,0,,7.0,81.0,False,False,not_pedestrian_only_phase
74.5,LINK_212169,11449716078,5,3,rrgGGrG,r,False,False,0,,6.5,81.0,False,False,ped_link_not_green
74.5,NODE_8452,3846603653,2,0,GGr,r,False,False,0,,4.5,79.0,False,False,ped_link_not_green
74.5,NODE_6082,11449716078,5,3,rrgGGrG,r,False,False,0,,6.5,81.0,False,False,ped_link_not_green
74.5,NODE_6123,7300992884,5,2,rrGGGrr,r,False,False,0,,1.5,76.0,False,False,ped_link_not_green
74.5,NODE_8426,3849142980,16,10,rrrrrrrrgggGrrrrGGrG,G,True,False,5,ped_5_0_NODE_8426|ped_5_1_NODE_8426|ped_5_2_NODE_8426|ped_5_3_NODE_8426|ped_5_4_NODE_8426,14.5,89.0,False,False,not_pedestrian_only_phase
74.5,NODE_74388,436883130,16,5,rrrrGGggrrrrGGggr,r,False,False,0,,10.5,85.0,False,False,ped_link_not_green
74.5,NODE_10273,3846533030,12,5,gGGrrrrrrrrrG,G,True,False,0,,6.5,81.0,False,False,not_pedestrian_only_phase
75.0,LINK_212169,11449716078,5,3,rrgGGrG,r,False,False,0,,6.0,81.0,False,False,ped_link_not_green
75.0,NODE_8452,3846603653,2,0,GGr,r,False,False,0,,4.0,79.0,False,False,ped_link_not_green
75.0,NODE_6082,11449716078,5,3,rrgGGrG,r,False,False,0,,6.0,81.0,False,False,ped_link_not_green
75.0,NODE_6123,7300992884,5,2,rrGGGrr,r,False,False,0,,1.0,76.0,False,False,ped_link_not_green
75.0,NODE_8426,3849142980,16,10,rrrrrrrrgggGrrrrGGrG,G,True,False,5,ped_5_0_NODE_8426|ped_5_1_NODE_8426|ped_5_2_NODE_8426|ped_5_3_NODE_8426|ped_5_4_NODE_8426,14.0,89.0,False,False,not_pedestrian_only_phase
75.0,NODE_74388,436883130,16,5,rrrrGGggrrrrGGggr,r,False,False,0,,10.0,85.0,False,False,ped_link_not_green
75.0,NODE_10273,3846533030,12,5,gGGrrrrrrrrrG,G,True,False,0,,6.0,81.0,False,False,not_pedestrian_only_phase
75.5,LINK_212169,11449716078,5,3,rrgGGrG,r,False,False,0,,5.5,81.0,False,False,ped_link_not_green
75.5,NODE_8452,3846603653,2,0,GGr,r,False,False,0,,3.5,79.0,False,False,ped_link_not_green
75.5,NODE_6082,11449716078,5,3,rrgGGrG,r,False,False,0,,5.5,81.0,False,False,ped_link_not_green
75.5,NODE_6123,7300992884,5,2,rrGGGrr,r,False,False,0,,0.5,76.0,False,False,ped_link_not_green
75.5,NODE_8426,3849142980,16,10,rrrrrrrrgggGrrrrGGrG,G,True,False,5,ped_5_0_NODE_8426|ped_5_1_NODE_8426|ped_5_2_NODE_8426|ped_5_3_NODE_8426|ped_5_4_NODE_8426,13.5,89.0,False,False,not_pedestrian_only_phase
75.5,NODE_74388,436883130,16,5,rrrrGGggrrrrGGggr,r,False,False,0,,9.5,85.0,False,False,ped_link_not_green
75.5,NODE_10273,3846533030,12,5,gGGrrrrrrrrrG,G,True,False,0,,5.5,81.0,False,False,not_pedestrian_only_phase
76.0,LINK_212169,11449716078,5,3,rrgGGrG,r,False,False,0,,5.0,81.0,False,False,ped_link_not_green
76.0,NODE_8452,3846603653,2,0,GGr,r,False,False,0,,3.0,79.0,False,False,ped_link_not_green
76.0,NODE_6082,11449716078,5,3,rrgGGrG,r,False,False,0,,5.0,81.0,False,False,ped_link_not_green
76.0,NODE_6123,7300992884,5,2,rrGGGrr,r,False,False,0,,0.0,76.0,False,False,ped_link_not_green
76.0,NODE_8426,3849142980,16,10,rrrrrrrrgggGrrrrGGrG,G,True,False,5,ped_5_0_NODE_8426|ped_5_1_NODE_8426|ped_5_2_NODE_8426|ped_5_3_NODE_8426|ped_5_4_NODE_8426,13.0,89.0,False,False,not_pedestrian_only_phase
76.0,NODE_74388,436883130,16,5,rrrrGGggrrrrGGggr,r,False,False,0,,9.0,85.0,False,False,ped_link_not_green
76.0,NODE_10273,3846533030,12,5,gGGrrrrrrrrrG,G,True,False,0,,5.0,81.0,False,False,not_pedestrian_only_phase
76.5,LINK_212169,11449716078,5,3,rrgGGrG,r,False,False,0,,4.5,81.0,False,False,ped_link_not_green
76.5,NODE_8452,3846603653,2,0,GGr,r,False,False,0,,2.5,79.0,False,False,ped_link_not_green
76.5,NODE_6082,11449716078,5,3,rrgGGrG,r,False,False,0,,4.5,81.0,False,False,ped_link_not_green
76.5,NODE_6123,7300992884,5,3,rryyyrr,r,False,False,0,,5.5,82.0,False,False,ped_link_not_green
76.5,NODE_8426,3849142980,16,10,rrrrrrrrgggGrrrrGGrG,G,True,False,5,ped_5_0_NODE_8426|ped_5_1_NODE_8426|ped_5_2_NODE_8426|ped_5_3_NODE_8426|ped_5_4_NODE_8426,12.5,89.0,False,False,not_pedestrian_only_phase
76.5,NODE_74388,436883130,16,5,rrrrGGggrrrrGGggr,r,False,False,0,,8.5,85.0,False,False,ped_link_not_green
76.5,NODE_10273,3846533030,12,5,gGGrrrrrrrrrG,G,True,False,0,,4.5,81.0,False,False,not_pedestrian_only_phase
77.0,LINK_212169,11449716078,5,3,rrgGGrG,r,False,False,0,,4.0,81.0,False,False,ped_link_not_green
77.0,NODE_8452,3846603653,2,0,GGr,r,False,False,0,,2.0,79.0,False,False,ped_link_not_green
77.0,NODE_6082,11449716078,5,3,rrgGGrG,r,False,False,0,,4.0,81.0,False,False,ped_link_not_green
77.0,NODE_6123,7300992884,5,3,rryyyrr,r,False,False,0,,5.0,82.0,False,False,ped_link_not_green
77.0,NODE_8426,3849142980,16,10,rrrrrrrrgggGrrrrGGrG,G,True,False,5,ped_5_0_NODE_8426|ped_5_1_NODE_8426|ped_5_2_NODE_8426|ped_5_3_NODE_8426|ped_5_4_NODE_8426,12.0,89.0,False,False,not_pedestrian_only_phase
77.0,NODE_74388,436883130,16,5,rrrrGGggrrrrGGggr,r,False,False,0,,8.0,85.0,False,False,ped_link_not_green
77.0,NODE_10273,3846533030,12,5,gGGrrrrrrrrrG,G,True,False,0,,4.0,81.0,False,False,not_pedestrian_only_phase
77.5,LINK_212169,11449716078,5,3,rrgGGrG,r,False,False,0,,3.5,81.0,False,False,ped_link_not_green
77.5,NODE_8452,3846603653,2,0,GGr,r,False,False,0,,1.5,79.0,False,False,ped_link_not_green
77.5,NODE_6082,11449716078,5,3,rrgGGrG,r,False,False,0,,3.5,81.0,False,False,ped_link_not_green
77.5,NODE_6123,7300992884,5,3,rryyyrr,r,False,False,0,,4.5,82.0,False,False,ped_link_not_green
77.5,NODE_8426,3849142980,16,10,rrrrrrrrgggGrrrrGGrG,G,True,False,5,ped_5_0_NODE_8426|ped_5_1_NODE_8426|ped_5_2_NODE_8426|ped_5_3_NODE_8426|ped_5_4_NODE_8426,11.5,89.0,False,False,not_pedestrian_only_phase
77.5,NODE_74388,436883130,16,5,rrrrGGggrrrrGGggr,r,False,False,0,,7.5,85.0,False,False,ped_link_not_green
77.5,NODE_10273,3846533030,12,5,gGGrrrrrrrrrG,G,True,False,0,,3.5,81.0,False,False,not_pedestrian_only_phase
78.0,LINK_212169,11449716078,5,3,rrgGGrG,r,False,False,0,,3.0,81.0,False,False,ped_link_not_green
78.0,NODE_8452,3846603653,2,0,GGr,r,False,False,0,,1.0,79.0,False,False,ped_link_not_green
78.0,NODE_6082,11449716078,5,3,rrgGGrG,r,False,False,0,,3.0,81.0,False,False,ped_link_not_green
78.0,NODE_6123,7300992884,5,3,rryyyrr,r,False,False,0,,4.0,82.0,False,False,ped_link_not_green
78.0,NODE_8426,3849142980,16,10,rrrrrrrrgggGrrrrGGrG,G,True,False,5,ped_5_0_NODE_8426|ped_5_1_NODE_8426|ped_5_2_NODE_8426|ped_5_3_NODE_8426|ped_5_4_NODE_8426,11.0,89.0,False,False,not_pedestrian_only_phase
78.0,NODE_74388,436883130,16,5,rrrrGGggrrrrGGggr,r,False,False,0,,7.0,85.0,False,False,ped_link_not_green
78.0,NODE_10273,3846533030,12,5,gGGrrrrrrrrrG,G,True,False,0,,3.0,81.0,False,False,not_pedestrian_only_phase
78.5,LINK_212169,11449716078,5,3,rrgGGrG,r,False,False,0,,2.5,81.0,False,False,ped_link_not_green
78.5,NODE_8452,3846603653,2,0,GGr,r,False,False,0,,0.5,79.0,False,False,ped_link_not_green
78.5,NODE_6082,11449716078,5,3,rrgGGrG,r,False,False,0,,2.5,81.0,False,False,ped_link_not_green
78.5,NODE_6123,7300992884,5,3,rryyyrr,r,False,False,0,,3.5,82.0,False,False,ped_link_not_green
78.5,NODE_8426,3849142980,16,10,rrrrrrrrgggGrrrrGGrG,G,True,False,5,ped_5_0_NODE_8426|ped_5_1_NODE_8426|ped_5_2_NODE_8426|ped_5_3_NODE_8426|ped_5_4_NODE_8426,10.5,89.0,False,False,not_pedestrian_only_phase
78.5,NODE_74388,436883130,16,5,rrrrGGggrrrrGGggr,r,False,False,0,,6.5,85.0,False,False,ped_link_not_green
78.5,NODE_10273,3846533030,12,5,gGGrrrrrrrrrG,G,True,False,0,,2.5,81.0,False,False,not_pedestrian_only_phase
79.0,LINK_212169,11449716078,5,3,rrgGGrG,r,False,False,0,,2.0,81.0,False,False,ped_link_not_green
79.0,NODE_8452,3846603653,2,0,GGr,r,False,False,0,,0.0,79.0,False,False,ped_link_not_green
79.0,NODE_6082,11449716078,5,3,rrgGGrG,r,False,False,0,,2.0,81.0,False,False,ped_link_not_green
79.0,NODE_6123,7300992884,5,3,rryyyrr,r,False,False,0,,3.0,82.0,False,False,ped_link_not_green
79.0,NODE_8426,3849142980,16,10,rrrrrrrrgggGrrrrGGrG,G,True,False,5,ped_5_0_NODE_8426|ped_5_1_NODE_8426|ped_5_2_NODE_8426|ped_5_3_NODE_8426|ped_5_4_NODE_8426,10.0,89.0,False,False,not_pedestrian_only_phase
79.0,NODE_74388,436883130,16,5,rrrrGGggrrrrGGggr,r,False,False,0,,6.0,85.0,False,False,ped_link_not_green
79.0,NODE_10273,3846533030,12,5,gGGrrrrrrrrrG,G,True,False,0,,2.0,81.0,False,False,not_pedestrian_only_phase
79.5,LINK_212169,11449716078,5,3,rrgGGrG,r,False,False,0,,1.5,81.0,False,False,ped_link_not_green
79.5,NODE_8452,3846603653,2,1,yyr,r,False,False,0,,2.5,82.0,False,False,ped_link_not_green
79.5,NODE_6082,11449716078,5,3,rrgGGrG,r,False,False,0,,1.5,81.0,False,False,ped_link_not_green
79.5,NODE_6123,7300992884,5,3,rryyyrr,r,False,False,0,,2.5,82.0,False,False,ped_link_not_green
79.5,NODE_8426,3849142980,16,10,rrrrrrrrgggGrrrrGGrG,G,True,False,5,ped_5_0_NODE_8426|ped_5_1_NODE_8426|ped_5_2_NODE_8426|ped_5_3_NODE_8426|ped_5_4_NODE_8426,9.5,89.0,False,False,not_pedestrian_only_phase
79.5,NODE_74388,436883130,16,5,rrrrGGggrrrrGGggr,r,False,False,0,,5.5,85.0,False,False,ped_link_not_green
79.5,NODE_10273,3846533030,12,5,gGGrrrrrrrrrG,G,True,False,0,,1.5,81.0,False,False,not_pedestrian_only_phase
80.0,LINK_212169,11449716078,5,3,rrgGGrG,r,False,False,0,,1.0,81.0,False,False,ped_link_not_green
80.0,NODE_8452,3846603653,2,1,yyr,r,False,False,0,,2.0,82.0,False,False,ped_link_not_green
80.0,NODE_6082,11449716078,5,3,rrgGGrG,r,False,False,0,,1.0,81.0,False,False,ped_link_not_green
80.0,NODE_6123,7300992884,5,3,rryyyrr,r,False,False,0,,2.0,82.0,False,False,ped_link_not_green
80.0,NODE_8426,3849142980,16,10,rrrrrrrrgggGrrrrGGrG,G,True,False,5,ped_5_0_NODE_8426|ped_5_1_NODE_8426|ped_5_2_NODE_8426|ped_5_3_NODE_8426|ped_5_4_NODE_8426,9.0,89.0,False,False,not_pedestrian_only_phase
80.0,NODE_74388,436883130,16,5,rrrrGGggrrrrGGggr,r,False,False,0,,5.0,85.0,False,False,ped_link_not_green
80.0,NODE_10273,3846533030,12,5,gGGrrrrrrrrrG,G,True,False,0,,1.0,81.0,False,False,not_pedestrian_only_phase
80.5,LINK_212169,11449716078,5,3,rrgGGrG,r,False,False,0,,0.5,81.0,False,False,ped_link_not_green
80.5,NODE_8452,3846603653,2,1,yyr,r,False,False,0,,1.5,82.0,False,False,ped_link_not_green
80.5,NODE_6082,11449716078,5,3,rrgGGrG,r,False,False,0,,0.5,81.0,False,False,ped_link_not_green
80.5,NODE_6123,7300992884,5,3,rryyyrr,r,False,False,0,,1.5,82.0,False,False,ped_link_not_green
80.5,NODE_8426,3849142980,16,10,rrrrrrrrgggGrrrrGGrG,G,True,False,5,ped_5_0_NODE_8426|ped_5_1_NODE_8426|ped_5_2_NODE_8426|ped_5_3_NODE_8426|ped_5_4_NODE_8426,8.5,89.0,False,False,not_pedestrian_only_phase
80.5,NODE_74388,436883130,16,5,rrrrGGggrrrrGGggr,r,False,False,0,,4.5,85.0,False,False,ped_link_not_green
80.5,NODE_10273,3846533030,12,5,gGGrrrrrrrrrG,G,True,False,0,,0.5,81.0,False,False,not_pedestrian_only_phase
81.0,LINK_212169,11449716078,5,3,rrgGGrG,r,False,False,0,,0.0,81.0,False,False,ped_link_not_green
81.0,NODE_8452,3846603653,2,1,yyr,r,False,False,1,ped_2_0_NODE_8452,1.0,82.0,False,False,ped_link_not_green
81.0,NODE_6082,11449716078,5,3,rrgGGrG,r,False,False,0,,0.0,81.0,False,False,ped_link_not_green
81.0,NODE_6123,7300992884,5,3,rryyyrr,r,False,False,1,ped_4_0_NODE_6123,1.0,82.0,False,False,ped_link_not_green
81.0,NODE_8426,3849142980,16,10,rrrrrrrrgggGrrrrGGrG,G,True,False,5,ped_5_0_NODE_8426|ped_5_1_NODE_8426|ped_5_2_NODE_8426|ped_5_3_NODE_8426|ped_5_4_NODE_8426,8.0,89.0,False,False,not_pedestrian_only_phase
81.0,NODE_74388,436883130,16,5,rrrrGGggrrrrGGggr,r,False,False,0,,4.0,85.0,False,False,ped_link_not_green
81.0,NODE_10273,3846533030,12,5,gGGrrrrrrrrrG,G,True,False,0,,0.0,81.0,False,False,not_pedestrian_only_phase
81.5,LINK_212169,11449716078,5,4,rrgGGrr,r,False,False,0,,2.5,84.0,False,False,ped_link_not_green
81.5,NODE_8452,3846603653,2,1,yyr,r,False,False,0,,0.5,82.0,False,False,ped_link_not_green
81.5,NODE_6082,11449716078,5,4,rrgGGrr,r,False,False,0,,2.5,84.0,False,False,ped_link_not_green
81.5,NODE_6123,7300992884,5,3,rryyyrr,r,False,False,0,,0.5,82.0,False,False,ped_link_not_green
81.5,NODE_8426,3849142980,16,10,rrrrrrrrgggGrrrrGGrG,G,True,False,5,ped_5_0_NODE_8426|ped_5_1_NODE_8426|ped_5_2_NODE_8426|ped_5_3_NODE_8426|ped_5_4_NODE_8426,7.5,89.0,False,False,not_pedestrian_only_phase
81.5,NODE_74388,436883130,16,5,rrrrGGggrrrrGGggr,r,False,False,0,,3.5,85.0,False,False,ped_link_not_green
81.5,NODE_10273,3846533030,12,6,gGGrrrrrrrrrr,r,False,False,0,,2.5,84.0,False,False,ped_link_not_green
82.0,LINK_212169,11449716078,5,4,rrgGGrr,r,False,False,0,,2.0,84.0,False,False,ped_link_not_green
82.0,NODE_8452,3846603653,2,1,yyr,r,False,False,0,,0.0,82.0,False,False,ped_link_not_green
82.0,NODE_6082,11449716078,5,4,rrgGGrr,r,False,False,0,,2.0,84.0,False,False,ped_link_not_green
82.0,NODE_6123,7300992884,5,3,rryyyrr,r,False,False,0,,0.0,82.0,False,False,ped_link_not_green
82.0,NODE_8426,3849142980,16,10,rrrrrrrrgggGrrrrGGrG,G,True,False,5,ped_5_0_NODE_8426|ped_5_1_NODE_8426|ped_5_2_NODE_8426|ped_5_3_NODE_8426|ped_5_4_NODE_8426,7.0,89.0,False,False,not_pedestrian_only_phase
82.0,NODE_74388,436883130,16,5,rrrrGGggrrrrGGggr,r,False,False,0,,3.0,85.0,False,False,ped_link_not_green
82.0,NODE_10273,3846533030,12,6,gGGrrrrrrrrrr,r,False,False,0,,2.0,84.0,False,False,ped_link_not_green
82.5,LINK_212169,11449716078,5,4,rrgGGrr,r,False,False,0,,1.5,84.0,False,False,ped_link_not_green
82.5,NODE_8452,3846603653,2,2,rrG,G,True,True,1,ped_2_1_NODE_8452,7.5,90.0,True,True,
82.5,NODE_6082,11449716078,5,4,rrgGGrr,r,False,False,0,,1.5,84.0,False,False,ped_link_not_green
82.5,NODE_6123,7300992884,5,4,rrrrrGr,G,True,True,1,ped_4_1_NODE_6123,7.5,90.0,True,True,
82.5,NODE_8426,3849142980,16,10,rrrrrrrrgggGrrrrGGrG,G,True,False,5,ped_5_0_NODE_8426|ped_5_1_NODE_8426|ped_5_2_NODE_8426|ped_5_3_NODE_8426|ped_5_4_NODE_8426,6.5,89.0,False,False,not_pedestrian_only_phase
82.5,NODE_74388,436883130,16,5,rrrrGGggrrrrGGggr,r,False,False,0,,2.5,85.0,False,False,ped_link_not_green
82.5,NODE_10273,3846533030,12,6,gGGrrrrrrrrrr,r,False,False,0,,1.5,84.0,False,False,ped_link_not_green
83.0,LINK_212169,11449716078,5,4,rrgGGrr,r,False,False,0,,1.0,84.0,False,False,ped_link_not_green
83.0,NODE_8452,3846603653,2,2,rrG,G,True,True,0,,12.0,95.0,False,False,no_ped_near
83.0,NODE_6082,11449716078,5,4,rrgGGrr,r,False,False,0,,1.0,84.0,False,False,ped_link_not_green
83.0,NODE_6123,7300992884,5,4,rrrrrGr,G,True,True,0,,12.0,95.0,False,False,no_ped_near
83.0,NODE_8426,3849142980,16,10,rrrrrrrrgggGrrrrGGrG,G,True,False,5,ped_5_0_NODE_8426|ped_5_1_NODE_8426|ped_5_2_NODE_8426|ped_5_3_NODE_8426|ped_5_4_NODE_8426,6.0,89.0,False,False,not_pedestrian_only_phase
83.0,NODE_74388,436883130,16,5,rrrrGGggrrrrGGggr,r,False,False,0,,2.0,85.0,False,False,ped_link_not_green
83.0,NODE_10273,3846533030,12,6,gGGrrrrrrrrrr,r,False,False,0,,1.0,84.0,False,False,ped_link_not_green
83.5,LINK_212169,11449716078,5,4,rrgGGrr,r,False,False,0,,0.5,84.0,False,False,ped_link_not_green
83.5,NODE_8452,3846603653,2,2,rrG,G,True,True,0,,11.5,95.0,False,False,no_ped_near
83.5,NODE_6082,11449716078,5,4,rrgGGrr,r,False,False,0,,0.5,84.0,False,False,ped_link_not_green
83.5,NODE_6123,7300992884,5,4,rrrrrGr,G,True,True,0,,11.5,95.0,False,False,no_ped_near
83.5,NODE_8426,3849142980,16,10,rrrrrrrrgggGrrrrGGrG,G,True,False,5,ped_5_0_NODE_8426|ped_5_1_NODE_8426|ped_5_2_NODE_8426|ped_5_3_NODE_8426|ped_5_4_NODE_8426,5.5,89.0,False,False,not_pedestrian_only_phase
83.5,NODE_74388,436883130,16,5,rrrrGGggrrrrGGggr,r,False,False,0,,1.5,85.0,False,False,ped_link_not_green
83.5,NODE_10273,3846533030,12,6,gGGrrrrrrrrrr,r,False,False,0,,0.5,84.0,False,False,ped_link_not_green
84.0,LINK_212169,11449716078,5,4,rrgGGrr,r,False,False,0,,0.0,84.0,False,False,ped_link_not_green
84.0,NODE_8452,3846603653,2,2,rrG,G,True,True,1,ped_2_2_NODE_8452,11.0,95.0,False,False,already_extended_this_phase
84.0,NODE_6082,11449716078,5,4,rrgGGrr,r,False,False,0,,0.0,84.0,False,False,ped_link_not_green
84.0,NODE_6123,7300992884,5,4,rrrrrGr,G,True,True,1,ped_4_2_NODE_6123,11.0,95.0,False,False,already_extended_this_phase
84.0,NODE_8426,3849142980,16,10,rrrrrrrrgggGrrrrGGrG,G,True,False,5,ped_5_0_NODE_8426|ped_5_1_NODE_8426|ped_5_2_NODE_8426|ped_5_3_NODE_8426|ped_5_4_NODE_8426,5.0,89.0,False,False,not_pedestrian_only_phase
84.0,NODE_74388,436883130,16,5,rrrrGGggrrrrGGggr,r,False,False,0,,1.0,85.0,False,False,ped_link_not_green
84.0,NODE_10273,3846533030,12,6,gGGrrrrrrrrrr,r,False,False,0,,0.0,84.0,False,False,ped_link_not_green
84.5,LINK_212169,11449716078,5,5,rryyyrr,r,False,False,0,,5.5,90.0,False,False,ped_link_not_green
84.5,NODE_8452,3846603653,2,2,rrG,G,True,True,0,,10.5,95.0,False,False,no_ped_near
84.5,NODE_6082,11449716078,5,5,rryyyrr,r,False,False,0,,5.5,90.0,False,False,ped_link_not_green
84.5,NODE_6123,7300992884,5,4,rrrrrGr,G,True,True,0,,10.5,95.0,False,False,no_ped_near
84.5,NODE_8426,3849142980,16,10,rrrrrrrrgggGrrrrGGrG,G,True,False,5,ped_5_0_NODE_8426|ped_5_1_NODE_8426|ped_5_2_NODE_8426|ped_5_3_NODE_8426|ped_5_4_NODE_8426,4.5,89.0,False,False,not_pedestrian_only_phase
84.5,NODE_74388,436883130,16,5,rrrrGGggrrrrGGggr,r,False,False,0,,0.5,85.0,False,False,ped_link_not_green
84.5,NODE_10273,3846533030,12,7,yyyrrrrrrrrrr,r,False,False,0,,5.5,90.0,False,False,ped_link_not_green
85.0,LINK_212169,11449716078,5,5,rryyyrr,r,False,False,0,,5.0,90.0,False,False,ped_link_not_green
85.0,NODE_8452,3846603653,2,2,rrG,G,True,True,0,,10.0,95.0,False,False,no_ped_near
85.0,NODE_6082,11449716078,5,5,rryyyrr,r,False,False,0,,5.0,90.0,False,False,ped_link_not_green
85.0,NODE_6123,7300992884,5,4,rrrrrGr,G,True,True,0,,10.0,95.0,False,False,no_ped_near
85.0,NODE_8426,3849142980,16,10,rrrrrrrrgggGrrrrGGrG,G,True,False,5,ped_5_0_NODE_8426|ped_5_1_NODE_8426|ped_5_2_NODE_8426|ped_5_3_NODE_8426|ped_5_4_NODE_8426,4.0,89.0,False,False,not_pedestrian_only_phase
85.0,NODE_74388,436883130,16,5,rrrrGGggrrrrGGggr,r,False,False,0,,0.0,85.0,False,False,ped_link_not_green
85.0,NODE_10273,3846533030,12,7,yyyrrrrrrrrrr,r,False,False,0,,5.0,90.0,False,False,ped_link_not_green
85.5,LINK_212169,11449716078,5,5,rryyyrr,r,False,False,0,,4.5,90.0,False,False,ped_link_not_green
85.5,NODE_8452,3846603653,2,2,rrG,G,True,True,1,ped_2_3_NODE_8452,9.5,95.0,False,False,already_extended_this_phase
85.5,NODE_6082,11449716078,5,5,rryyyrr,r,False,False,0,,4.5,90.0,False,False,ped_link_not_green
85.5,NODE_6123,7300992884,5,4,rrrrrGr,G,True,True,1,ped_4_3_NODE_6123,9.5,95.0,False,False,already_extended_this_phase
85.5,NODE_8426,3849142980,16,10,rrrrrrrrgggGrrrrGGrG,G,True,False,5,ped_5_0_NODE_8426|ped_5_1_NODE_8426|ped_5_2_NODE_8426|ped_5_3_NODE_8426|ped_5_4_NODE_8426,3.5,89.0,False,False,not_pedestrian_only_phase
85.5,NODE_74388,436883130,16,6,rrrryyyyrrrryyyyr,r,False,False,0,,4.5,90.0,False,False,ped_link_not_green
85.5,NODE_10273,3846533030,12,7,yyyrrrrrrrrrr,r,False,False,0,,4.5,90.0,False,False,ped_link_not_green
86.0,LINK_212169,11449716078,5,5,rryyyrr,r,False,False,0,,4.0,90.0,False,False,ped_link_not_green
86.0,NODE_8452,3846603653,2,2,rrG,G,True,True,0,,9.0,95.0,False,False,no_ped_near
86.0,NODE_6082,11449716078,5,5,rryyyrr,r,False,False,0,,4.0,90.0,False,False,ped_link_not_green
86.0,NODE_6123,7300992884,5,4,rrrrrGr,G,True,True,0,,9.0,95.0,False,False,no_ped_near
86.0,NODE_8426,3849142980,16,10,rrrrrrrrgggGrrrrGGrG,G,True,False,5,ped_5_0_NODE_8426|ped_5_1_NODE_8426|ped_5_2_NODE_8426|ped_5_3_NODE_8426|ped_5_4_NODE_8426,3.0,89.0,False,False,not_pedestrian_only_phase
86.0,NODE_74388,436883130,16,6,rrrryyyyrrrryyyyr,r,False,False,0,,4.0,90.0,False,False,ped_link_not_green
86.0,NODE_10273,3846533030,12,7,yyyrrrrrrrrrr,r,False,False,0,,4.0,90.0,False,False,ped_link_not_green
86.5,LINK_212169,11449716078,5,5,rryyyrr,r,False,False,0,,3.5,90.0,False,False,ped_link_not_green
86.5,NODE_8452,3846603653,2,2,rrG,G,True,True,0,,8.5,95.0,False,False,no_ped_near
86.5,NODE_6082,11449716078,5,5,rryyyrr,r,False,False,0,,3.5,90.0,False,False,ped_link_not_green
86.5,NODE_6123,7300992884,5,4,rrrrrGr,G,True,True,0,,8.5,95.0,False,False,no_ped_near
86.5,NODE_8426,3849142980,16,10,rrrrrrrrgggGrrrrGGrG,G,True,False,5,ped_5_0_NODE_8426|ped_5_1_NODE_8426|ped_5_2_NODE_8426|ped_5_3_NODE_8426|ped_5_4_NODE_8426,2.5,89.0,False,False,not_pedestrian_only_phase
86.5,NODE_74388,436883130,16,6,rrrryyyyrrrryyyyr,r,False,False,0,,3.5,90.0,False,False,ped_link_not_green
86.5,NODE_10273,3846533030,12,7,yyyrrrrrrrrrr,r,False,False,0,,3.5,90.0,False,False,ped_link_not_green
87.0,LINK_212169,11449716078,5,5,rryyyrr,r,False,False,0,,3.0,90.0,False,False,ped_link_not_green
87.0,NODE_8452,3846603653,2,2,rrG,G,True,True,1,ped_2_4_NODE_8452,8.0,95.0,False,False,already_extended_this_phase
87.0,NODE_6082,11449716078,5,5,rryyyrr,r,False,False,0,,3.0,90.0,False,False,ped_link_not_green
87.0,NODE_6123,7300992884,5,4,rrrrrGr,G,True,True,1,ped_4_4_NODE_6123,8.0,95.0,False,False,already_extended_this_phase
87.0,NODE_8426,3849142980,16,10,rrrrrrrrgggGrrrrGGrG,G,True,False,5,ped_5_0_NODE_8426|ped_5_1_NODE_8426|ped_5_2_NODE_8426|ped_5_3_NODE_8426|ped_5_4_NODE_8426,2.0,89.0,False,False,not_pedestrian_only_phase
87.0,NODE_74388,436883130,16,6,rrrryyyyrrrryyyyr,r,False,False,0,,3.0,90.0,False,False,ped_link_not_green
87.0,NODE_10273,3846533030,12,7,yyyrrrrrrrrrr,r,False,False,0,,3.0,90.0,False,False,ped_link_not_green
87.5,LINK_212169,11449716078,5,5,rryyyrr,r,False,False,0,,2.5,90.0,False,False,ped_link_not_green
87.5,NODE_8452,3846603653,2,2,rrG,G,True,True,0,,7.5,95.0,False,False,no_ped_near
87.5,NODE_6082,11449716078,5,5,rryyyrr,r,False,False,0,,2.5,90.0,False,False,ped_link_not_green
87.5,NODE_6123,7300992884,5,4,rrrrrGr,G,True,True,0,,7.5,95.0,False,False,no_ped_near
87.5,NODE_8426,3849142980,16,10,rrrrrrrrgggGrrrrGGrG,G,True,False,5,ped_5_0_NODE_8426|ped_5_1_NODE_8426|ped_5_2_NODE_8426|ped_5_3_NODE_8426|ped_5_4_NODE_8426,1.5,89.0,False,False,not_pedestrian_only_phase
87.5,NODE_74388,436883130,16,6,rrrryyyyrrrryyyyr,r,False,False,0,,2.5,90.0,False,False,ped_link_not_green
87.5,NODE_10273,3846533030,12,7,yyyrrrrrrrrrr,r,False,False,0,,2.5,90.0,False,False,ped_link_not_green
88.0,LINK_212169,11449716078,5,5,rryyyrr,r,False,False,0,,2.0,90.0,False,False,ped_link_not_green
88.0,NODE_8452,3846603653,2,2,rrG,G,True,True,0,,7.0,95.0,False,False,no_ped_near
88.0,NODE_6082,11449716078,5,5,rryyyrr,r,False,False,0,,2.0,90.0,False,False,ped_link_not_green
88.0,NODE_6123,7300992884,5,4,rrrrrGr,G,True,True,0,,7.0,95.0,False,False,no_ped_near
88.0,NODE_8426,3849142980,16,10,rrrrrrrrgggGrrrrGGrG,G,True,False,5,ped_5_0_NODE_8426|ped_5_1_NODE_8426|ped_5_2_NODE_8426|ped_5_3_NODE_8426|ped_5_4_NODE_8426,1.0,89.0,False,False,not_pedestrian_only_phase
88.0,NODE_74388,436883130,16,6,rrrryyyyrrrryyyyr,r,False,False,0,,2.0,90.0,False,False,ped_link_not_green
88.0,NODE_10273,3846533030,12,7,yyyrrrrrrrrrr,r,False,False,0,,2.0,90.0,False,False,ped_link_not_green
88.5,LINK_212169,11449716078,5,5,rryyyrr,r,False,False,0,,1.5,90.0,False,False,ped_link_not_green
88.5,NODE_8452,3846603653,2,2,rrG,G,True,True,0,,6.5,95.0,False,False,no_ped_near
88.5,NODE_6082,11449716078,5,5,rryyyrr,r,False,False,0,,1.5,90.0,False,False,ped_link_not_green
88.5,NODE_6123,7300992884,5,4,rrrrrGr,G,True,True,0,,6.5,95.0,False,False,no_ped_near
88.5,NODE_8426,3849142980,16,10,rrrrrrrrgggGrrrrGGrG,G,True,False,5,ped_5_0_NODE_8426|ped_5_1_NODE_8426|ped_5_2_NODE_8426|ped_5_3_NODE_8426|ped_5_4_NODE_8426,0.5,89.0,False,False,not_pedestrian_only_phase
88.5,NODE_74388,436883130,16,6,rrrryyyyrrrryyyyr,r,False,False,0,,1.5,90.0,False,False,ped_link_not_green
88.5,NODE_10273,3846533030,12,7,yyyrrrrrrrrrr,r,False,False,0,,1.5,90.0,False,False,ped_link_not_green
89.0,LINK_212169,11449716078,5,5,rryyyrr,r,False,False,2,ped_1_0_LINK_212169|ped_3_0_NODE_6082,1.0,90.0,False,False,ped_link_not_green
89.0,NODE_8452,3846603653,2,2,rrG,G,True,True,0,,6.0,95.0,False,False,no_ped_near
89.0,NODE_6082,11449716078,5,5,rryyyrr,r,False,False,2,ped_1_0_LINK_212169|ped_3_0_NODE_6082,1.0,90.0,False,False,ped_link_not_green
89.0,NODE_6123,7300992884,5,4,rrrrrGr,G,True,True,0,,6.0,95.0,False,False,no_ped_near
89.0,NODE_8426,3849142980,16,10,rrrrrrrrgggGrrrrGGrG,G,True,False,5,ped_5_0_NODE_8426|ped_5_1_NODE_8426|ped_5_2_NODE_8426|ped_5_3_NODE_8426|ped_5_4_NODE_8426,0.0,89.0,False,False,not_pedestrian_only_phase
89.0,NODE_74388,436883130,16,6,rrrryyyyrrrryyyyr,r,False,False,1,ped_6_0_NODE_74388,1.0,90.0,False,False,ped_link_not_green
89.0,NODE_10273,3846533030,12,7,yyyrrrrrrrrrr,r,False,False,1,ped_7_0_NODE_10273,1.0,90.0,False,False,ped_link_not_green
89.5,LINK_212169,11449716078,5,5,rryyyrr,r,False,False,1,ped_3_0_NODE_6082,0.5,90.0,False,False,ped_link_not_green
89.5,NODE_8452,3846603653,2,2,rrG,G,True,True,0,,5.5,95.0,False,False,no_ped_near
89.5,NODE_6082,11449716078,5,5,rryyyrr,r,False,False,1,ped_3_0_NODE_6082,0.5,90.0,False,False,ped_link_not_green
89.5,NODE_6123,7300992884,5,4,rrrrrGr,G,True,True,0,,5.5,95.0,False,False,no_ped_near
89.5,NODE_8426,3849142980,16,11,rrrrrrrrgggGrrrrrrrr,r,False,False,5,ped_5_0_NODE_8426|ped_5_1_NODE_8426|ped_5_2_NODE_8426|ped_5_3_NODE_8426|ped_5_4_NODE_8426,2.5,92.0,False,False,ped_link_not_green
89.5,NODE_74388,436883130,16,6,rrrryyyyrrrryyyyr,r,False,False,1,ped_6_0_NODE_74388,0.5,90.0,False,False,ped_link_not_green
89.5,NODE_10273,3846533030,12,7,yyyrrrrrrrrrr,r,False,False,0,,0.5,90.0,False,False,ped_link_not_green
90.0,LINK_212169,11449716078,5,5,rryyyrr,r,False,False,1,ped_3_0_NODE_6082,0.0,90.0,False,False,ped_link_not_green
90.0,NODE_8452,3846603653,2,2,rrG,G,True,True,0,,5.0,95.0,False,False,no_ped_near
90.0,NODE_6082,11449716078,5,5,rryyyrr,r,False,False,1,ped_3_0_NODE_6082,0.0,90.0,False,False,ped_link_not_green
90.0,NODE_6123,7300992884,5,4,rrrrrGr,G,True,True,1,ped_4_0_NODE_6123,5.0,95.0,False,False,already_extended_this_phase
90.0,NODE_8426,3849142980,16,11,rrrrrrrrgggGrrrrrrrr,r,False,False,5,ped_5_0_NODE_8426|ped_5_1_NODE_8426|ped_5_2_NODE_8426|ped_5_3_NODE_8426|ped_5_4_NODE_8426,2.0,92.0,False,False,ped_link_not_green
90.0,NODE_74388,436883130,16,6,rrrryyyyrrrryyyyr,r,False,False,1,ped_6_0_NODE_74388,0.0,90.0,False,False,ped_link_not_green
90.0,NODE_10273,3846533030,12,7,yyyrrrrrrrrrr,r,False,False,0,,0.0,90.0,False,False,ped_link_not_green
90.5,LINK_212169,11449716078,5,6,rrrrrGr,G,True,True,2,ped_1_1_LINK_212169|ped_3_1_NODE_6082,5.5,96.0,True,True,
90.5,NODE_8452,3846603653,2,2,rrG,G,True,True,0,,4.5,95.0,False,False,no_ped_near
90.5,NODE_6082,11449716078,5,6,rrrrrGr,G,True,True,2,ped_1_1_LINK_212169|ped_3_1_NODE_6082,10.5,101.0,True,True,
90.5,NODE_6123,7300992884,5,4,rrrrrGr,G,True,True,1,ped_4_0_NODE_6123,4.5,95.0,False,False,already_extended_this_phase
90.5,NODE_8426,3849142980,16,11,rrrrrrrrgggGrrrrrrrr,r,False,False,5,ped_5_0_NODE_8426|ped_5_1_NODE_8426|ped_5_2_NODE_8426|ped_5_3_NODE_8426|ped_5_4_NODE_8426,1.5,92.0,False,False,ped_link_not_green
90.5,NODE_74388,436883130,16,7,rrrrrrrrrrrrrrrrG,G,True,True,2,ped_6_0_NODE_74388|ped_6_1_NODE_74388,5.5,96.0,True,True,
90.5,NODE_10273,3846533030,12,8,rrrrrrrrrrrrG,G,True,True,1,ped_7_1_NODE_10273,5.5,96.0,True,True,
91.0,LINK_212169,11449716078,5,6,rrrrrGr,G,True,True,1,ped_3_1_NODE_6082,15.0,106.0,False,False,outside_extension_window
91.0,NODE_8452,3846603653,2,2,rrG,G,True,True,0,,4.0,95.0,False,False,no_ped_near
91.0,NODE_6082,11449716078,5,6,rrrrrGr,G,True,True,1,ped_3_1_NODE_6082,15.0,106.0,False,False,outside_extension_window
91.0,NODE_6123,7300992884,5,4,rrrrrGr,G,True,True,0,,4.0,95.0,False,False,no_ped_near
91.0,NODE_8426,3849142980,16,11,rrrrrrrrgggGrrrrrrrr,r,False,False,5,ped_5_0_NODE_8426|ped_5_1_NODE_8426|ped_5_2_NODE_8426|ped_5_3_NODE_8426|ped_5_4_NODE_8426,1.0,92.0,False,False,ped_link_not_green
91.0,NODE_74388,436883130,16,7,rrrrrrrrrrrrrrrrG,G,True,True,2,ped_6_0_NODE_74388|ped_6_1_NODE_74388,10.0,101.0,False,False,already_extended_this_phase
91.0,NODE_10273,3846533030,12,8,rrrrrrrrrrrrG,G,True,True,0,,10.0,101.0,False,False,no_ped_near
91.5,LINK_212169,11449716078,5,6,rrrrrGr,G,True,True,1,ped_3_1_NODE_6082,14.5,106.0,False,False,outside_extension_window
91.5,NODE_8452,3846603653,2,2,rrG,G,True,True,0,,3.5,95.0,False,False,no_ped_near
91.5,NODE_6082,11449716078,5,6,rrrrrGr,G,True,True,1,ped_3_1_NODE_6082,14.5,106.0,False,False,outside_extension_window
91.5,NODE_6123,7300992884,5,4,rrrrrGr,G,True,True,0,,3.5,95.0,False,False,no_ped_near
91.5,NODE_8426,3849142980,16,11,rrrrrrrrgggGrrrrrrrr,r,False,False,5,ped_5_0_NODE_8426|ped_5_1_NODE_8426|ped_5_2_NODE_8426|ped_5_3_NODE_8426|ped_5_4_NODE_8426,0.5,92.0,False,False,ped_link_not_green
91.5,NODE_74388,436883130,16,7,rrrrrrrrrrrrrrrrG,G,True,True,2,ped_6_0_NODE_74388|ped_6_1_NODE_74388,9.5,101.0,False,False,already_extended_this_phase
91.5,NODE_10273,3846533030,12,8,rrrrrrrrrrrrG,G,True,True,0,,9.5,101.0,False,False,no_ped_near
92.0,LINK_212169,11449716078,5,6,rrrrrGr,G,True,True,2,ped_1_2_LINK_212169|ped_3_2_NODE_6082,14.0,106.0,False,False,outside_extension_window
92.0,NODE_8452,3846603653,2,2,rrG,G,True,True,0,,3.0,95.0,False,False,no_ped_near
92.0,NODE_6082,11449716078,5,6,rrrrrGr,G,True,True,2,ped_1_2_LINK_212169|ped_3_2_NODE_6082,14.0,106.0,False,False,outside_extension_window
92.0,NODE_6123,7300992884,5,4,rrrrrGr,G,True,True,0,,3.0,95.0,False,False,no_ped_near
92.0,NODE_8426,3849142980,16,11,rrrrrrrrgggGrrrrrrrr,r,False,False,5,ped_5_0_NODE_8426|ped_5_1_NODE_8426|ped_5_2_NODE_8426|ped_5_3_NODE_8426|ped_5_4_NODE_8426,0.0,92.0,False,False,ped_link_not_green
92.0,NODE_74388,436883130,16,7,rrrrrrrrrrrrrrrrG,G,True,True,3,ped_6_0_NODE_74388|ped_6_1_NODE_74388|ped_6_2_NODE_74388,9.0,101.0,False,False,already_extended_this_phase
92.0,NODE_10273,3846533030,12,8,rrrrrrrrrrrrG,G,True,True,1,ped_7_2_NODE_10273,9.0,101.0,False,False,already_extended_this_phase
92.5,LINK_212169,11449716078,5,6,rrrrrGr,G,True,True,1,ped_3_2_NODE_6082,13.5,106.0,False,False,outside_extension_window
92.5,NODE_8452,3846603653,2,2,rrG,G,True,True,1,ped_2_0_NODE_8452,2.5,95.0,False,False,already_extended_this_phase
92.5,NODE_6082,11449716078,5,6,rrrrrGr,G,True,True,1,ped_3_2_NODE_6082,13.5,106.0,False,False,outside_extension_window
92.5,NODE_6123,7300992884,5,4,rrrrrGr,G,True,True,0,,2.5,95.0,False,False,no_ped_near
92.5,NODE_8426,3849142980,16,12,rrrrrrrryyyyrrrrrrrr,r,False,False,5,ped_5_0_NODE_8426|ped_5_1_NODE_8426|ped_5_2_NODE_8426|ped_5_3_NODE_8426|ped_5_4_NODE_8426,2.5,95.0,False,False,ped_link_not_green
92.5,NODE_74388,436883130,16,7,rrrrrrrrrrrrrrrrG,G,True,True,3,ped_6_0_NODE_74388|ped_6_1_NODE_74388|ped_6_2_NODE_74388,8.5,101.0,False,False,already_extended_this_phase
92.5,NODE_10273,3846533030,12,8,rrrrrrrrrrrrG,G,True,True,0,,8.5,101.0,False,False,no_ped_near
93.0,LINK_212169,11449716078,5,6,rrrrrGr,G,True,True,1,ped_3_2_NODE_6082,13.0,106.0,False,False,outside_extension_window
93.0,NODE_8452,3846603653,2,2,rrG,G,True,True,1,ped_2_0_NODE_8452,2.0,95.0,False,False,already_extended_this_phase
93.0,NODE_6082,11449716078,5,6,rrrrrGr,G,True,True,1,ped_3_2_NODE_6082,13.0,106.0,False,False,outside_extension_window
93.0,NODE_6123,7300992884,5,4,rrrrrGr,G,True,True,0,,2.0,95.0,False,False,no_ped_near
93.0,NODE_8426,3849142980,16,12,rrrrrrrryyyyrrrrrrrr,r,False,False,5,ped_5_0_NODE_8426|ped_5_1_NODE_8426|ped_5_2_NODE_8426|ped_5_3_NODE_8426|ped_5_4_NODE_8426,2.0,95.0,False,False,ped_link_not_green
93.0,NODE_74388,436883130,16,7,rrrrrrrrrrrrrrrrG,G,True,True,3,ped_6_0_NODE_74388|ped_6_1_NODE_74388|ped_6_2_NODE_74388,8.0,101.0,False,False,already_extended_this_phase
93.0,NODE_10273,3846533030,12,8,rrrrrrrrrrrrG,G,True,True,0,,8.0,101.0,False,False,no_ped_near
93.5,LINK_212169,11449716078,5,6,rrrrrGr,G,True,True,2,ped_1_3_LINK_212169|ped_3_3_NODE_6082,12.5,106.0,False,False,outside_extension_window
93.5,NODE_8452,3846603653,2,2,rrG,G,True,True,1,ped_2_0_NODE_8452,1.5,95.0,False,False,already_extended_this_phase
93.5,NODE_6082,11449716078,5,6,rrrrrGr,G,True,True,2,ped_1_3_LINK_212169|ped_3_3_NODE_6082,12.5,106.0,False,False,outside_extension_window
93.5,NODE_6123,7300992884,5,4,rrrrrGr,G,True,True,1,ped_4_2_NODE_6123,1.5,95.0,False,False,already_extended_this_phase
93.5,NODE_8426,3849142980,16,12,rrrrrrrryyyyrrrrrrrr,r,False,False,5,ped_5_0_NODE_8426|ped_5_1_NODE_8426|ped_5_2_NODE_8426|ped_5_3_NODE_8426|ped_5_4_NODE_8426,1.5,95.0,False,False,ped_link_not_green
93.5,NODE_74388,436883130,16,7,rrrrrrrrrrrrrrrrG,G,True,True,4,ped_6_0_NODE_74388|ped_6_1_NODE_74388|ped_6_2_NODE_74388|ped_6_3_NODE_74388,7.5,101.0,False,False,already_extended_this_phase
93.5,NODE_10273,3846533030,12,8,rrrrrrrrrrrrG,G,True,True,1,ped_7_3_NODE_10273,7.5,101.0,False,False,already_extended_this_phase
94.0,LINK_212169,11449716078,5,6,rrrrrGr,G,True,True,1,ped_3_3_NODE_6082,12.0,106.0,False,False,already_extended_this_phase
94.0,NODE_8452,3846603653,2,2,rrG,G,True,True,2,ped_2_0_NODE_8452|ped_2_1_NODE_8452,1.0,95.0,False,False,already_extended_this_phase
94.0,NODE_6082,11449716078,5,6,rrrrrGr,G,True,True,1,ped_3_3_NODE_6082,12.0,106.0,False,False,already_extended_this_phase
94.0,NODE_6123,7300992884,5,4,rrrrrGr,G,True,True,1,ped_4_1_NODE_6123,1.0,95.0,False,False,already_extended_this_phase
94.0,NODE_8426,3849142980,16,12,rrrrrrrryyyyrrrrrrrr,r,False,False,5,ped_5_0_NODE_8426|ped_5_1_NODE_8426|ped_5_2_NODE_8426|ped_5_3_NODE_8426|ped_5_4_NODE_8426,1.0,95.0,False,False,ped_link_not_green
94.0,NODE_74388,436883130,16,7,rrrrrrrrrrrrrrrrG,G,True,True,4,ped_6_0_NODE_74388|ped_6_1_NODE_74388|ped_6_2_NODE_74388|ped_6_3_NODE_74388,7.0,101.0,False,False,already_extended_this_phase
94.0,NODE_10273,3846533030,12,8,rrrrrrrrrrrrG,G,True,True,0,,7.0,101.0,False,False,no_ped_near
94.5,LINK_212169,11449716078,5,6,rrrrrGr,G,True,True,1,ped_3_3_NODE_6082,11.5,106.0,False,False,already_extended_this_phase
94.5,NODE_8452,3846603653,2,2,rrG,G,True,True,2,ped_2_0_NODE_8452|ped_2_1_NODE_8452,0.5,95.0,False,False,already_extended_this_phase
94.5,NODE_6082,11449716078,5,6,rrrrrGr,G,True,True,1,ped_3_3_NODE_6082,11.5,106.0,False,False,already_extended_this_phase
94.5,NODE_6123,7300992884,5,4,rrrrrGr,G,True,True,1,ped_4_1_NODE_6123,0.5,95.0,False,False,already_extended_this_phase
94.5,NODE_8426,3849142980,16,12,rrrrrrrryyyyrrrrrrrr,r,False,False,5,ped_5_0_NODE_8426|ped_5_1_NODE_8426|ped_5_2_NODE_8426|ped_5_3_NODE_8426|ped_5_4_NODE_8426,0.5,95.0,False,False,ped_link_not_green
94.5,NODE_74388,436883130,16,7,rrrrrrrrrrrrrrrrG,G,True,True,4,ped_6_0_NODE_74388|ped_6_1_NODE_74388|ped_6_2_NODE_74388|ped_6_3_NODE_74388,6.5,101.0,False,False,already_extended_this_phase
94.5,NODE_10273,3846533030,12,8,rrrrrrrrrrrrG,G,True,True,0,,6.5,101.0,False,False,no_ped_near
95.0,LINK_212169,11449716078,5,6,rrrrrGr,G,True,True,2,ped_1_4_LINK_212169|ped_3_4_NODE_6082,11.0,106.0,False,False,already_extended_this_phase
95.0,NODE_8452,3846603653,2,2,rrG,G,True,True,3,ped_2_0_NODE_8452|ped_2_1_NODE_8452|ped_2_2_NODE_8452,0.0,95.0,False,False,already_extended_this_phase
95.0,NODE_6082,11449716078,5,6,rrrrrGr,G,True,True,2,ped_1_4_LINK_212169|ped_3_4_NODE_6082,11.0,106.0,False,False,already_extended_this_phase
95.0,NODE_6123,7300992884,5,4,rrrrrGr,G,True,True,1,ped_4_3_NODE_6123,0.0,95.0,False,False,already_extended_this_phase
95.0,NODE_8426,3849142980,16,12,rrrrrrrryyyyrrrrrrrr,r,False,False,5,ped_5_0_NODE_8426|ped_5_1_NODE_8426|ped_5_2_NODE_8426|ped_5_3_NODE_8426|ped_5_4_NODE_8426,0.0,95.0,False,False,ped_link_not_green
95.0,NODE_74388,436883130,16,7,rrrrrrrrrrrrrrrrG,G,True,True,5,ped_6_0_NODE_74388|ped_6_1_NODE_74388|ped_6_2_NODE_74388|ped_6_3_NODE_74388|ped_6_4_NODE_74388,6.0,101.0,False,False,already_extended_this_phase
95.0,NODE_10273,3846533030,12,8,rrrrrrrrrrrrG,G,True,True,1,ped_7_4_NODE_10273,6.0,101.0,False,False,already_extended_this_phase
95.5,LINK_212169,11449716078,5,6,rrrrrGr,G,True,True,1,ped_3_4_NODE_6082,10.5,106.0,False,False,already_extended_this_phase
95.5,NODE_8452,3846603653,2,0,GGr,r,False,False,3,ped_2_0_NODE_8452|ped_2_1_NODE_8452|ped_2_2_NODE_8452,78.5,174.0,False,False,ped_link_not_green
95.5,NODE_6082,11449716078,5,6,rrrrrGr,G,True,True,1,ped_3_4_NODE_6082,10.5,106.0,False,False,already_extended_this_phase
95.5,NODE_6123,7300992884,5,0,GgGrrrr,r,False,False,1,ped_4_3_NODE_6123,63.5,159.0,False,False,ped_link_not_green
95.5,NODE_8426,3849142980,16,0,gggGrrrrrrrrrrrrrGGG,r,False,False,5,ped_5_0_NODE_8426|ped_5_1_NODE_8426|ped_5_2_NODE_8426|ped_5_3_NODE_8426|ped_5_4_NODE_8426,13.5,109.0,False,False,ped_link_not_green
95.5,NODE_74388,436883130,16,7,rrrrrrrrrrrrrrrrG,G,True,True,5,ped_6_0_NODE_74388|ped_6_1_NODE_74388|ped_6_2_NODE_74388|ped_6_3_NODE_74388|ped_6_4_NODE_74388,5.5,101.0,False,False,already_extended_this_phase
95.5,NODE_10273,3846533030,12,8,rrrrrrrrrrrrG,G,True,True,0,,5.5,101.0,False,False,no_ped_near
96.0,LINK_212169,11449716078,5,6,rrrrrGr,G,True,True,0,,10.0,106.0,False,False,no_ped_near
96.0,NODE_8452,3846603653,2,0,GGr,r,False,False,4,ped_2_0_NODE_8452|ped_2_1_NODE_8452|ped_2_2_NODE_8452|ped_2_3_NODE_8452,78.0,174.0,False,False,ped_link_not_green
96.0,NODE_6082,11449716078,5,6,rrrrrGr,G,True,True,0,,10.0,106.0,False,False,no_ped_near
96.0,NODE_6123,7300992884,5,0,GgGrrrr,r,False,False,0,,63.0,159.0,False,False,ped_link_not_green
96.0,NODE_8426,3849142980,16,0,gggGrrrrrrrrrrrrrGGG,r,False,False,5,ped_5_0_NODE_8426|ped_5_1_NODE_8426|ped_5_2_NODE_8426|ped_5_3_NODE_8426|ped_5_4_NODE_8426,13.0,109.0,False,False,ped_link_not_green
96.0,NODE_74388,436883130,16,7,rrrrrrrrrrrrrrrrG,G,True,True,5,ped_6_0_NODE_74388|ped_6_1_NODE_74388|ped_6_2_NODE_74388|ped_6_3_NODE_74388|ped_6_4_NODE_74388,5.0,101.0,False,False,already_extended_this_phase
96.0,NODE_10273,3846533030,12,8,rrrrrrrrrrrrG,G,True,True,0,,5.0,101.0,False,False,no_ped_near
96.5,LINK_212169,11449716078,5,6,rrrrrGr,G,True,True,0,,9.5,106.0,False,False,no_ped_near
96.5,NODE_8452,3846603653,2,0,GGr,r,False,False,4,ped_2_0_NODE_8452|ped_2_1_NODE_8452|ped_2_2_NODE_8452|ped_2_3_NODE_8452,77.5,174.0,False,False,ped_link_not_green
96.5,NODE_6082,11449716078,5,6,rrrrrGr,G,True,True,0,,9.5,106.0,False,False,no_ped_near
96.5,NODE_6123,7300992884,5,0,GgGrrrr,r,False,False,1,ped_4_4_NODE_6123,62.5,159.0,False,False,ped_link_not_green
96.5,NODE_8426,3849142980,16,0,gggGrrrrrrrrrrrrrGGG,r,False,False,5,ped_5_0_NODE_8426|ped_5_1_NODE_8426|ped_5_2_NODE_8426|ped_5_3_NODE_8426|ped_5_4_NODE_8426,12.5,109.0,False,False,ped_link_not_green
96.5,NODE_74388,436883130,16,7,rrrrrrrrrrrrrrrrG,G,True,True,5,ped_6_0_NODE_74388|ped_6_1_NODE_74388|ped_6_2_NODE_74388|ped_6_3_NODE_74388|ped_6_4_NODE_74388,4.5,101.0,False,False,already_extended_this_phase
96.5,NODE_10273,3846533030,12,8,rrrrrrrrrrrrG,G,True,True,0,,4.5,101.0,False,False,no_ped_near
97.0,LINK_212169,11449716078,5,6,rrrrrGr,G,True,True,0,,9.0,106.0,False,False,no_ped_near
97.0,NODE_8452,3846603653,2,0,GGr,r,False,False,4,ped_2_0_NODE_8452|ped_2_1_NODE_8452|ped_2_2_NODE_8452|ped_2_3_NODE_8452,77.0,174.0,False,False,ped_link_not_green
97.0,NODE_6082,11449716078,5,6,rrrrrGr,G,True,True,0,,9.0,106.0,False,False,no_ped_near
97.0,NODE_6123,7300992884,5,0,GgGrrrr,r,False,False,1,ped_4_4_NODE_6123,62.0,159.0,False,False,ped_link_not_green
97.0,NODE_8426,3849142980,16,0,gggGrrrrrrrrrrrrrGGG,r,False,False,5,ped_5_0_NODE_8426|ped_5_1_NODE_8426|ped_5_2_NODE_8426|ped_5_3_NODE_8426|ped_5_4_NODE_8426,12.0,109.0,False,False,ped_link_not_green
97.0,NODE_74388,436883130,16,7,rrrrrrrrrrrrrrrrG,G,True,True,5,ped_6_0_NODE_74388|ped_6_1_NODE_74388|ped_6_2_NODE_74388|ped_6_3_NODE_74388|ped_6_4_NODE_74388,4.0,101.0,False,False,already_extended_this_phase
97.0,NODE_10273,3846533030,12,8,rrrrrrrrrrrrG,G,True,True,0,,4.0,101.0,False,False,no_ped_near
97.5,LINK_212169,11449716078,5,6,rrrrrGr,G,True,True,0,,8.5,106.0,False,False,no_ped_near
97.5,NODE_8452,3846603653,2,0,GGr,r,False,False,5,ped_2_0_NODE_8452|ped_2_1_NODE_8452|ped_2_2_NODE_8452|ped_2_3_NODE_8452|ped_2_4_NODE_8452,76.5,174.0,False,False,ped_link_not_green
97.5,NODE_6082,11449716078,5,6,rrrrrGr,G,True,True,0,,8.5,106.0,False,False,no_ped_near
97.5,NODE_6123,7300992884,5,0,GgGrrrr,r,False,False,0,,61.5,159.0,False,False,ped_link_not_green
97.5,NODE_8426,3849142980,16,0,gggGrrrrrrrrrrrrrGGG,r,False,False,5,ped_5_0_NODE_8426|ped_5_1_NODE_8426|ped_5_2_NODE_8426|ped_5_3_NODE_8426|ped_5_4_NODE_8426,11.5,109.0,False,False,ped_link_not_green
97.5,NODE_74388,436883130,16,7,rrrrrrrrrrrrrrrrG,G,True,True,5,ped_6_0_NODE_74388|ped_6_1_NODE_74388|ped_6_2_NODE_74388|ped_6_3_NODE_74388|ped_6_4_NODE_74388,3.5,101.0,False,False,already_extended_this_phase
97.5,NODE_10273,3846533030,12,8,rrrrrrrrrrrrG,G,True,True,0,,3.5,101.0,False,False,no_ped_near
98.0,LINK_212169,11449716078,5,6,rrrrrGr,G,True,True,0,,8.0,106.0,False,False,no_ped_near
98.0,NODE_8452,3846603653,2,0,GGr,r,False,False,5,ped_2_0_NODE_8452|ped_2_1_NODE_8452|ped_2_2_NODE_8452|ped_2_3_NODE_8452|ped_2_4_NODE_8452,76.0,174.0,False,False,ped_link_not_green
98.0,NODE_6082,11449716078,5,6,rrrrrGr,G,True,True,0,,8.0,106.0,False,False,no_ped_near
98.0,NODE_6123,7300992884,5,0,GgGrrrr,r,False,False,0,,61.0,159.0,False,False,ped_link_not_green
98.0,NODE_8426,3849142980,16,0,gggGrrrrrrrrrrrrrGGG,r,False,False,5,ped_5_0_NODE_8426|ped_5_1_NODE_8426|ped_5_2_NODE_8426|ped_5_3_NODE_8426|ped_5_4_NODE_8426,11.0,109.0,False,False,ped_link_not_green
98.0,NODE_74388,436883130,16,7,rrrrrrrrrrrrrrrrG,G,True,True,5,ped_6_0_NODE_74388|ped_6_1_NODE_74388|ped_6_2_NODE_74388|ped_6_3_NODE_74388|ped_6_4_NODE_74388,3.0,101.0,False,False,already_extended_this_phase
98.0,NODE_10273,3846533030,12,8,rrrrrrrrrrrrG,G,True,True,0,,3.0,101.0,False,False,no_ped_near
98.5,LINK_212169,11449716078,5,6,rrrrrGr,G,True,True,0,,7.5,106.0,False,False,no_ped_near
98.5,NODE_8452,3846603653,2,0,GGr,r,False,False,5,ped_2_0_NODE_8452|ped_2_1_NODE_8452|ped_2_2_NODE_8452|ped_2_3_NODE_8452|ped_2_4_NODE_8452,75.5,174.0,False,False,ped_link_not_green
98.5,NODE_6082,11449716078,5,6,rrrrrGr,G,True,True,0,,7.5,106.0,False,False,no_ped_near
98.5,NODE_6123,7300992884,5,0,GgGrrrr,r,False,False,0,,60.5,159.0,False,False,ped_link_not_green
98.5,NODE_8426,3849142980,16,0,gggGrrrrrrrrrrrrrGGG,r,False,False,5,ped_5_0_NODE_8426|ped_5_1_NODE_8426|ped_5_2_NODE_8426|ped_5_3_NODE_8426|ped_5_4_NODE_8426,10.5,109.0,False,False,ped_link_not_green
98.5,NODE_74388,436883130,16,7,rrrrrrrrrrrrrrrrG,G,True,True,5,ped_6_0_NODE_74388|ped_6_1_NODE_74388|ped_6_2_NODE_74388|ped_6_3_NODE_74388|ped_6_4_NODE_74388,2.5,101.0,False,False,already_extended_this_phase
98.5,NODE_10273,3846533030,12,8,rrrrrrrrrrrrG,G,True,True,0,,2.5,101.0,False,False,no_ped_near
99.0,LINK_212169,11449716078,5,6,rrrrrGr,G,True,True,1,ped_1_0_LINK_212169,7.0,106.0,False,False,already_extended_this_phase
99.0,NODE_8452,3846603653,2,0,GGr,r,False,False,5,ped_2_0_NODE_8452|ped_2_1_NODE_8452|ped_2_2_NODE_8452|ped_2_3_NODE_8452|ped_2_4_NODE_8452,75.0,174.0,False,False,ped_link_not_green
99.0,NODE_6082,11449716078,5,6,rrrrrGr,G,True,True,1,ped_1_0_LINK_212169,7.0,106.0,False,False,already_extended_this_phase
99.0,NODE_6123,7300992884,5,0,GgGrrrr,r,False,False,0,,60.0,159.0,False,False,ped_link_not_green
99.0,NODE_8426,3849142980,16,0,gggGrrrrrrrrrrrrrGGG,r,False,False,5,ped_5_0_NODE_8426|ped_5_1_NODE_8426|ped_5_2_NODE_8426|ped_5_3_NODE_8426|ped_5_4_NODE_8426,10.0,109.0,False,False,ped_link_not_green
99.0,NODE_74388,436883130,16,7,rrrrrrrrrrrrrrrrG,G,True,True,5,ped_6_0_NODE_74388|ped_6_1_NODE_74388|ped_6_2_NODE_74388|ped_6_3_NODE_74388|ped_6_4_NODE_74388,2.0,101.0,False,False,already_extended_this_phase
99.0,NODE_10273,3846533030,12,8,rrrrrrrrrrrrG,G,True,True,0,,2.0,101.0,False,False,no_ped_near
99.5,LINK_212169,11449716078,5,6,rrrrrGr,G,True,True,1,ped_1_0_LINK_212169,6.5,106.0,False,False,already_extended_this_phase
99.5,NODE_8452,3846603653,2,0,GGr,r,False,False,5,ped_2_0_NODE_8452|ped_2_1_NODE_8452|ped_2_2_NODE_8452|ped_2_3_NODE_8452|ped_2_4_NODE_8452,74.5,174.0,False,False,ped_link_not_green
99.5,NODE_6082,11449716078,5,6,rrrrrGr,G,True,True,1,ped_1_0_LINK_212169,6.5,106.0,False,False,already_extended_this_phase
99.5,NODE_6123,7300992884,5,0,GgGrrrr,r,False,False,0,,59.5,159.0,False,False,ped_link_not_green
99.5,NODE_8426,3849142980,16,0,gggGrrrrrrrrrrrrrGGG,r,False,False,5,ped_5_0_NODE_8426|ped_5_1_NODE_8426|ped_5_2_NODE_8426|ped_5_3_NODE_8426|ped_5_4_NODE_8426,9.5,109.0,False,False,ped_link_not_green
99.5,NODE_74388,436883130,16,7,rrrrrrrrrrrrrrrrG,G,True,True,5,ped_6_0_NODE_74388|ped_6_1_NODE_74388|ped_6_2_NODE_74388|ped_6_3_NODE_74388|ped_6_4_NODE_74388,1.5,101.0,False,False,already_extended_this_phase
99.5,NODE_10273,3846533030,12,8,rrrrrrrrrrrrG,G,True,True,1,ped_7_0_NODE_10273,1.5,101.0,False,False,already_extended_this_phase
100.0,LINK_212169,11449716078,5,6,rrrrrGr,G,True,True,2,ped_1_0_LINK_212169|ped_1_1_LINK_212169,6.0,106.0,False,False,already_extended_this_phase
100.0,NODE_8452,3846603653,2,0,GGr,r,False,False,5,ped_2_0_NODE_8452|ped_2_1_NODE_8452|ped_2_2_NODE_8452|ped_2_3_NODE_8452|ped_2_4_NODE_8452,74.0,174.0,False,False,ped_link_not_green
100.0,NODE_6082,11449716078,5,6,rrrrrGr,G,True,True,2,ped_1_0_LINK_212169|ped_1_1_LINK_212169,6.0,106.0,False,False,already_extended_this_phase
100.0,NODE_6123,7300992884,5,0,GgGrrrr,r,False,False,0,,59.0,159.0,False,False,ped_link_not_green
100.0,NODE_8426,3849142980,16,0,gggGrrrrrrrrrrrrrGGG,r,False,False,5,ped_5_0_NODE_8426|ped_5_1_NODE_8426|ped_5_2_NODE_8426|ped_5_3_NODE_8426|ped_5_4_NODE_8426,9.0,109.0,False,False,ped_link_not_green
100.0,NODE_74388,436883130,16,7,rrrrrrrrrrrrrrrrG,G,True,True,5,ped_6_0_NODE_74388|ped_6_1_NODE_74388|ped_6_2_NODE_74388|ped_6_3_NODE_74388|ped_6_4_NODE_74388,1.0,101.0,False,False,already_extended_this_phase
100.0,NODE_10273,3846533030,12,8,rrrrrrrrrrrrG,G,True,True,1,ped_7_0_NODE_10273,1.0,101.0,False,False,already_extended_this_phase
100.5,LINK_212169,11449716078,5,6,rrrrrGr,G,True,True,2,ped_1_0_LINK_212169|ped_1_1_LINK_212169,5.5,106.0,False,False,already_extended_this_phase
100.5,NODE_8452,3846603653,2,0,GGr,r,False,False,5,ped_2_0_NODE_8452|ped_2_1_NODE_8452|ped_2_2_NODE_8452|ped_2_3_NODE_8452|ped_2_4_NODE_8452,73.5,174.0,False,False,ped_link_not_green
100.5,NODE_6082,11449716078,5,6,rrrrrGr,G,True,True,2,ped_1_0_LINK_212169|ped_1_1_LINK_212169,5.5,106.0,False,False,already_extended_this_phase
100.5,NODE_6123,7300992884,5,0,GgGrrrr,r,False,False,0,,58.5,159.0,False,False,ped_link_not_green
100.5,NODE_8426,3849142980,16,0,gggGrrrrrrrrrrrrrGGG,r,False,False,5,ped_5_0_NODE_8426|ped_5_1_NODE_8426|ped_5_2_NODE_8426|ped_5_3_NODE_8426|ped_5_4_NODE_8426,8.5,109.0,False,False,ped_link_not_green
100.5,NODE_74388,436883130,16,7,rrrrrrrrrrrrrrrrG,G,True,True,5,ped_6_0_NODE_74388|ped_6_1_NODE_74388|ped_6_2_NODE_74388|ped_6_3_NODE_74388|ped_6_4_NODE_74388,0.5,101.0,False,False,already_extended_this_phase
100.5,NODE_10273,3846533030,12,8,rrrrrrrrrrrrG,G,True,True,2,ped_7_0_NODE_10273|ped_7_1_NODE_10273,0.5,101.0,False,False,already_extended_this_phase
101.0,LINK_212169,11449716078,5,6,rrrrrGr,G,True,True,3,ped_1_0_LINK_212169|ped_1_1_LINK_212169|ped_3_0_NODE_6082,5.0,106.0,False,False,already_extended_this_phase
101.0,NODE_8452,3846603653,2,0,GGr,r,False,False,5,ped_2_0_NODE_8452|ped_2_1_NODE_8452|ped_2_2_NODE_8452|ped_2_3_NODE_8452|ped_2_4_NODE_8452,73.0,174.0,False,False,ped_link_not_green
101.0,NODE_6082,11449716078,5,6,rrrrrGr,G,True,True,3,ped_1_0_LINK_212169|ped_1_1_LINK_212169|ped_3_0_NODE_6082,5.0,106.0,False,False,already_extended_this_phase
101.0,NODE_6123,7300992884,5,0,GgGrrrr,r,False,False,0,,58.0,159.0,False,False,ped_link_not_green
101.0,NODE_8426,3849142980,16,0,gggGrrrrrrrrrrrrrGGG,r,False,False,5,ped_5_0_NODE_8426|ped_5_1_NODE_8426|ped_5_2_NODE_8426|ped_5_3_NODE_8426|ped_5_4_NODE_8426,8.0,109.0,False,False,ped_link_not_green
101.0,NODE_74388,436883130,16,7,rrrrrrrrrrrrrrrrG,G,True,True,5,ped_6_0_NODE_74388|ped_6_1_NODE_74388|ped_6_2_NODE_74388|ped_6_3_NODE_74388|ped_6_4_NODE_74388,0.0,101.0,False,False,already_extended_this_phase
101.0,NODE_10273,3846533030,12,8,rrrrrrrrrrrrG,G,True,True,2,ped_7_0_NODE_10273|ped_7_1_NODE_10273,0.0,101.0,False,False,already_extended_this_phase
101.5,LINK_212169,11449716078,5,6,rrrrrGr,G,True,True,3,ped_1_0_LINK_212169|ped_1_1_LINK_212169|ped_3_0_NODE_6082,4.5,106.0,False,False,already_extended_this_phase
101.5,NODE_8452,3846603653,2,0,GGr,r,False,False,5,ped_2_0_NODE_8452|ped_2_1_NODE_8452|ped_2_2_NODE_8452|ped_2_3_NODE_8452|ped_2_4_NODE_8452,72.5,174.0,False,False,ped_link_not_green
101.5,NODE_6082,11449716078,5,6,rrrrrGr,G,True,True,3,ped_1_0_LINK_212169|ped_1_1_LINK_212169|ped_3_0_NODE_6082,4.5,106.0,False,False,already_extended_this_phase
101.5,NODE_6123,7300992884,5,0,GgGrrrr,r,False,False,0,,57.5,159.0,False,False,ped_link_not_green
101.5,NODE_8426,3849142980,16,0,gggGrrrrrrrrrrrrrGGG,r,False,False,5,ped_5_0_NODE_8426|ped_5_1_NODE_8426|ped_5_2_NODE_8426|ped_5_3_NODE_8426|ped_5_4_NODE_8426,7.5,109.0,False,False,ped_link_not_green
101.5,NODE_74388,436883130,16,0,GGrrrrrrgGrrrrrrG,G,True,False,5,ped_6_0_NODE_74388|ped_6_1_NODE_74388|ped_6_2_NODE_74388|ped_6_3_NODE_74388|ped_6_4_NODE_74388,31.5,133.0,False,False,not_pedestrian_only_phase
101.5,NODE_10273,3846533030,12,0,rrrgGGgGGrrGr,r,False,False,2,ped_7_0_NODE_10273|ped_7_1_NODE_10273,29.5,131.0,False,False,ped_link_not_green
102.0,LINK_212169,11449716078,5,6,rrrrrGr,G,True,True,4,ped_1_0_LINK_212169|ped_1_1_LINK_212169|ped_3_0_NODE_6082|ped_3_1_NODE_6082,4.0,106.0,False,False,already_extended_this_phase
102.0,NODE_8452,3846603653,2,0,GGr,r,False,False,5,ped_2_0_NODE_8452|ped_2_1_NODE_8452|ped_2_2_NODE_8452|ped_2_3_NODE_8452|ped_2_4_NODE_8452,72.0,174.0,False,False,ped_link_not_green
102.0,NODE_6082,11449716078,5,6,rrrrrGr,G,True,True,4,ped_1_0_LINK_212169|ped_1_1_LINK_212169|ped_3_0_NODE_6082|ped_3_1_NODE_6082,4.0,106.0,False,False,already_extended_this_phase
102.0,NODE_6123,7300992884,5,0,GgGrrrr,r,False,False,0,,57.0,159.0,False,False,ped_link_not_green
102.0,NODE_8426,3849142980,16,0,gggGrrrrrrrrrrrrrGGG,r,False,False,5,ped_5_0_NODE_8426|ped_5_1_NODE_8426|ped_5_2_NODE_8426|ped_5_3_NODE_8426|ped_5_4_NODE_8426,7.0,109.0,False,False,ped_link_not_green
102.0,NODE_74388,436883130,16,0,GGrrrrrrgGrrrrrrG,G,True,False,5,ped_6_0_NODE_74388|ped_6_1_NODE_74388|ped_6_2_NODE_74388|ped_6_3_NODE_74388|ped_6_4_NODE_74388,31.0,133.0,False,False,not_pedestrian_only_phase
102.0,NODE_10273,3846533030,12,0,rrrgGGgGGrrGr,r,False,False,2,ped_7_0_NODE_10273|ped_7_1_NODE_10273,29.0,131.0,False,False,ped_link_not_green
102.5,LINK_212169,11449716078,5,6,rrrrrGr,G,True,True,4,ped_1_0_LINK_212169|ped_1_1_LINK_212169|ped_3_0_NODE_6082|ped_3_1_NODE_6082,3.5,106.0,False,False,already_extended_this_phase
102.5,NODE_8452,3846603653,2,0,GGr,r,False,False,5,ped_2_0_NODE_8452|ped_2_1_NODE_8452|ped_2_2_NODE_8452|ped_2_3_NODE_8452|ped_2_4_NODE_8452,71.5,174.0,False,False,ped_link_not_green
102.5,NODE_6082,11449716078,5,6,rrrrrGr,G,True,True,4,ped_1_0_LINK_212169|ped_1_1_LINK_212169|ped_3_0_NODE_6082|ped_3_1_NODE_6082,3.5,106.0,False,False,already_extended_this_phase
102.5,NODE_6123,7300992884,5,0,GgGrrrr,r,False,False,0,,56.5,159.0,False,False,ped_link_not_green
102.5,NODE_8426,3849142980,16,0,gggGrrrrrrrrrrrrrGGG,r,False,False,5,ped_5_0_NODE_8426|ped_5_1_NODE_8426|ped_5_2_NODE_8426|ped_5_3_NODE_8426|ped_5_4_NODE_8426,6.5,109.0,False,False,ped_link_not_green
102.5,NODE_74388,436883130,16,0,GGrrrrrrgGrrrrrrG,G,True,False,5,ped_6_0_NODE_74388|ped_6_1_NODE_74388|ped_6_2_NODE_74388|ped_6_3_NODE_74388|ped_6_4_NODE_74388,30.5,133.0,False,False,not_pedestrian_only_phase
102.5,NODE_10273,3846533030,12,0,rrrgGGgGGrrGr,r,False,False,3,ped_7_0_NODE_10273|ped_7_1_NODE_10273|ped_7_2_NODE_10273,28.5,131.0,False,False,ped_link_not_green
103.0,LINK_212169,11449716078,5,6,rrrrrGr,G,True,True,4,ped_1_0_LINK_212169|ped_1_1_LINK_212169|ped_3_0_NODE_6082|ped_3_1_NODE_6082,3.0,106.0,False,False,already_extended_this_phase
103.0,NODE_8452,3846603653,2,0,GGr,r,False,False,5,ped_2_0_NODE_8452|ped_2_1_NODE_8452|ped_2_2_NODE_8452|ped_2_3_NODE_8452|ped_2_4_NODE_8452,71.0,174.0,False,False,ped_link_not_green
103.0,NODE_6082,11449716078,5,6,rrrrrGr,G,True,True,4,ped_1_0_LINK_212169|ped_1_1_LINK_212169|ped_3_0_NODE_6082|ped_3_1_NODE_6082,3.0,106.0,False,False,already_extended_this_phase
103.0,NODE_6123,7300992884,5,0,GgGrrrr,r,False,False,0,,56.0,159.0,False,False,ped_link_not_green
103.0,NODE_8426,3849142980,16,0,gggGrrrrrrrrrrrrrGGG,r,False,False,5,ped_5_0_NODE_8426|ped_5_1_NODE_8426|ped_5_2_NODE_8426|ped_5_3_NODE_8426|ped_5_4_NODE_8426,6.0,109.0,False,False,ped_link_not_green
103.0,NODE_74388,436883130,16,0,GGrrrrrrgGrrrrrrG,G,True,False,5,ped_6_0_NODE_74388|ped_6_1_NODE_74388|ped_6_2_NODE_74388|ped_6_3_NODE_74388|ped_6_4_NODE_74388,30.0,133.0,False,False,not_pedestrian_only_phase
103.0,NODE_10273,3846533030,12,0,rrrgGGgGGrrGr,r,False,False,3,ped_7_0_NODE_10273|ped_7_1_NODE_10273|ped_7_2_NODE_10273,28.0,131.0,False,False,ped_link_not_green
103.5,LINK_212169,11449716078,5,6,rrrrrGr,G,True,True,5,ped_1_0_LINK_212169|ped_1_1_LINK_212169|ped_1_2_LINK_212169|ped_3_0_NODE_6082|ped_3_1_NODE_6082,2.5,106.0,False,False,already_extended_this_phase
103.5,NODE_8452,3846603653,2,0,GGr,r,False,False,5,ped_2_0_NODE_8452|ped_2_1_NODE_8452|ped_2_2_NODE_8452|ped_2_3_NODE_8452|ped_2_4_NODE_8452,70.5,174.0,False,False,ped_link_not_green
103.5,NODE_6082,11449716078,5,6,rrrrrGr,G,True,True,5,ped_1_0_LINK_212169|ped_1_1_LINK_212169|ped_1_2_LINK_212169|ped_3_0_NODE_6082|ped_3_1_NODE_6082,2.5,106.0,False,False,already_extended_this_phase
103.5,NODE_6123,7300992884,5,0,GgGrrrr,r,False,False,0,,55.5,159.0,False,False,ped_link_not_green
103.5,NODE_8426,3849142980,16,0,gggGrrrrrrrrrrrrrGGG,r,False,False,5,ped_5_0_NODE_8426|ped_5_1_NODE_8426|ped_5_2_NODE_8426|ped_5_3_NODE_8426|ped_5_4_NODE_8426,5.5,109.0,False,False,ped_link_not_green
103.5,NODE_74388,436883130,16,0,GGrrrrrrgGrrrrrrG,G,True,False,5,ped_6_0_NODE_74388|ped_6_1_NODE_74388|ped_6_2_NODE_74388|ped_6_3_NODE_74388|ped_6_4_NODE_74388,29.5,133.0,False,False,not_pedestrian_only_phase
103.5,NODE_10273,3846533030,12,0,rrrgGGgGGrrGr,r,False,False,4,ped_7_0_NODE_10273|ped_7_1_NODE_10273|ped_7_2_NODE_10273|ped_7_3_NODE_10273,27.5,131.0,False,False,ped_link_not_green
104.0,LINK_212169,11449716078,5,6,rrrrrGr,G,True,True,5,ped_1_0_LINK_212169|ped_1_1_LINK_212169|ped_1_2_LINK_212169|ped_3_0_NODE_6082|ped_3_1_NODE_6082,2.0,106.0,False,False,already_extended_this_phase
104.0,NODE_8452,3846603653,2,0,GGr,r,False,False,5,ped_2_0_NODE_8452|ped_2_1_NODE_8452|ped_2_2_NODE_8452|ped_2_3_NODE_8452|ped_2_4_NODE_8452,70.0,174.0,False,False,ped_link_not_green
104.0,NODE_6082,11449716078,5,6,rrrrrGr,G,True,True,5,ped_1_0_LINK_212169|ped_1_1_LINK_212169|ped_1_2_LINK_212169|ped_3_0_NODE_6082|ped_3_1_NODE_6082,2.0,106.0,False,False,already_extended_this_phase
104.0,NODE_6123,7300992884,5,0,GgGrrrr,r,False,False,0,,55.0,159.0,False,False,ped_link_not_green
104.0,NODE_8426,3849142980,16,0,gggGrrrrrrrrrrrrrGGG,r,False,False,5,ped_5_0_NODE_8426|ped_5_1_NODE_8426|ped_5_2_NODE_8426|ped_5_3_NODE_8426|ped_5_4_NODE_8426,5.0,109.0,False,False,ped_link_not_green
104.0,NODE_74388,436883130,16,0,GGrrrrrrgGrrrrrrG,G,True,False,5,ped_6_0_NODE_74388|ped_6_1_NODE_74388|ped_6_2_NODE_74388|ped_6_3_NODE_74388|ped_6_4_NODE_74388,29.0,133.0,False,False,not_pedestrian_only_phase
104.0,NODE_10273,3846533030,12,0,rrrgGGgGGrrGr,r,False,False,4,ped_7_0_NODE_10273|ped_7_1_NODE_10273|ped_7_2_NODE_10273|ped_7_3_NODE_10273,27.0,131.0,False,False,ped_link_not_green
104.5,LINK_212169,11449716078,5,6,rrrrrGr,G,True,True,6,ped_1_0_LINK_212169|ped_1_1_LINK_212169|ped_1_2_LINK_212169|ped_1_3_LINK_212169|ped_3_0_NODE_6082|ped_3_1_NODE_6082,1.5,106.0,False,False,already_extended_this_phase
104.5,NODE_8452,3846603653,2,0,GGr,r,False,False,5,ped_2_0_NODE_8452|ped_2_1_NODE_8452|ped_2_2_NODE_8452|ped_2_3_NODE_8452|ped_2_4_NODE_8452,69.5,174.0,False,False,ped_link_not_green
104.5,NODE_6082,11449716078,5,6,rrrrrGr,G,True,True,6,ped_1_0_LINK_212169|ped_1_1_LINK_212169|ped_1_2_LINK_212169|ped_1_3_LINK_212169|ped_3_0_NODE_6082|ped_3_1_NODE_6082,1.5,106.0,False,False,already_extended_this_phase
104.5,NODE_6123,7300992884,5,0,GgGrrrr,r,False,False,0,,54.5,159.0,False,False,ped_link_not_green
104.5,NODE_8426,3849142980,16,0,gggGrrrrrrrrrrrrrGGG,r,False,False,5,ped_5_0_NODE_8426|ped_5_1_NODE_8426|ped_5_2_NODE_8426|ped_5_3_NODE_8426|ped_5_4_NODE_8426,4.5,109.0,False,False,ped_link_not_green
104.5,NODE_74388,436883130,16,0,GGrrrrrrgGrrrrrrG,G,True,False,5,ped_6_0_NODE_74388|ped_6_1_NODE_74388|ped_6_2_NODE_74388|ped_6_3_NODE_74388|ped_6_4_NODE_74388,28.5,133.0,False,False,not_pedestrian_only_phase
104.5,NODE_10273,3846533030,12,0,rrrgGGgGGrrGr,r,False,False,5,ped_7_0_NODE_10273|ped_7_1_NODE_10273|ped_7_2_NODE_10273|ped_7_3_NODE_10273|ped_7_4_NODE_10273,26.5,131.0,False,False,ped_link_not_green
105.0,LINK_212169,11449716078,5,6,rrrrrGr,G,True,True,7,ped_1_0_LINK_212169|ped_1_1_LINK_212169|ped_1_2_LINK_212169|ped_1_3_LINK_212169|ped_3_0_NODE_6082|ped_3_1_NODE_6082|ped_3_2_NODE_6082,1.0,106.0,False,False,already_extended_this_phase
105.0,NODE_8452,3846603653,2,0,GGr,r,False,False,5,ped_2_0_NODE_8452|ped_2_1_NODE_8452|ped_2_2_NODE_8452|ped_2_3_NODE_8452|ped_2_4_NODE_8452,69.0,174.0,False,False,ped_link_not_green
105.0,NODE_6082,11449716078,5,6,rrrrrGr,G,True,True,7,ped_1_0_LINK_212169|ped_1_1_LINK_212169|ped_1_2_LINK_212169|ped_1_3_LINK_212169|ped_3_0_NODE_6082|ped_3_1_NODE_6082|ped_3_2_NODE_6082,1.0,106.0,False,False,already_extended_this_phase
105.0,NODE_6123,7300992884,5,0,GgGrrrr,r,False,False,0,,54.0,159.0,False,False,ped_link_not_green
105.0,NODE_8426,3849142980,16,0,gggGrrrrrrrrrrrrrGGG,r,False,False,4,ped_5_0_NODE_8426|ped_5_1_NODE_8426|ped_5_2_NODE_8426|ped_5_4_NODE_8426,4.0,109.0,False,False,ped_link_not_green
105.0,NODE_74388,436883130,16,0,GGrrrrrrgGrrrrrrG,G,True,False,5,ped_6_0_NODE_74388|ped_6_1_NODE_74388|ped_6_2_NODE_74388|ped_6_3_NODE_74388|ped_6_4_NODE_74388,28.0,133.0,False,False,not_pedestrian_only_phase
105.0,NODE_10273,3846533030,12,0,rrrgGGgGGrrGr,r,False,False,5,ped_7_0_NODE_10273|ped_7_1_NODE_10273|ped_7_2_NODE_10273|ped_7_3_NODE_10273|ped_7_4_NODE_10273,26.0,131.0,False,False,ped_link_not_green
105.5,LINK_212169,11449716078,5,6,rrrrrGr,G,True,True,8,ped_1_0_LINK_212169|ped_1_1_LINK_212169|ped_1_2_LINK_212169|ped_1_3_LINK_212169|ped_1_4_LINK_212169|ped_3_0_NODE_6082|ped_3_1_NODE_6082|ped_3_2_NODE_6082,0.5,106.0,False,False,already_extended_this_phase
105.5,NODE_8452,3846603653,2,0,GGr,r,False,False,5,ped_2_0_NODE_8452|ped_2_1_NODE_8452|ped_2_2_NODE_8452|ped_2_3_NODE_8452|ped_2_4_NODE_8452,68.5,174.0,False,False,ped_link_not_green
105.5,NODE_6082,11449716078,5,6,rrrrrGr,G,True,True,8,ped_1_0_LINK_212169|ped_1_1_LINK_212169|ped_1_2_LINK_212169|ped_1_3_LINK_212169|ped_1_4_LINK_212169|ped_3_0_NODE_6082|ped_3_1_NODE_6082|ped_3_2_NODE_6082,0.5,106.0,False,False,already_extended_this_phase
105.5,NODE_6123,7300992884,5,0,GgGrrrr,r,False,False,0,,53.5,159.0,False,False,ped_link_not_green
105.5,NODE_8426,3849142980,16,0,gggGrrrrrrrrrrrrrGGG,r,False,False,4,ped_5_0_NODE_8426|ped_5_1_NODE_8426|ped_5_2_NODE_8426|ped_5_4_NODE_8426,3.5,109.0,False,False,ped_link_not_green
105.5,NODE_74388,436883130,16,0,GGrrrrrrgGrrrrrrG,G,True,False,5,ped_6_0_NODE_74388|ped_6_1_NODE_74388|ped_6_2_NODE_74388|ped_6_3_NODE_74388|ped_6_4_NODE_74388,27.5,133.0,False,False,not_pedestrian_only_phase
105.5,NODE_10273,3846533030,12,0,rrrgGGgGGrrGr,r,False,False,5,ped_7_0_NODE_10273|ped_7_1_NODE_10273|ped_7_2_NODE_10273|ped_7_3_NODE_10273|ped_7_4_NODE_10273,25.5,131.0,False,False,ped_link_not_green
106.0,LINK_212169,11449716078,5,6,rrrrrGr,G,True,True,8,ped_1_0_LINK_212169|ped_1_1_LINK_212169|ped_1_2_LINK_212169|ped_1_3_LINK_212169|ped_1_4_LINK_212169|ped_3_0_NODE_6082|ped_3_1_NODE_6082|ped_3_2_NODE_6082,0.0,106.0,False,False,already_extended_this_phase
106.0,NODE_8452,3846603653,2,0,GGr,r,False,False,5,ped_2_0_NODE_8452|ped_2_1_NODE_8452|ped_2_2_NODE_8452|ped_2_3_NODE_8452|ped_2_4_NODE_8452,68.0,174.0,False,False,ped_link_not_green
106.0,NODE_6082,11449716078,5,6,rrrrrGr,G,True,True,8,ped_1_0_LINK_212169|ped_1_1_LINK_212169|ped_1_2_LINK_212169|ped_1_3_LINK_212169|ped_1_4_LINK_212169|ped_3_0_NODE_6082|ped_3_1_NODE_6082|ped_3_2_NODE_6082,0.0,106.0,False,False,already_extended_this_phase
106.0,NODE_6123,7300992884,5,0,GgGrrrr,r,False,False,0,,53.0,159.0,False,False,ped_link_not_green
106.0,NODE_8426,3849142980,16,0,gggGrrrrrrrrrrrrrGGG,r,False,False,4,ped_5_0_NODE_8426|ped_5_1_NODE_8426|ped_5_2_NODE_8426|ped_5_4_NODE_8426,3.0,109.0,False,False,ped_link_not_green
106.0,NODE_74388,436883130,16,0,GGrrrrrrgGrrrrrrG,G,True,False,5,ped_6_0_NODE_74388|ped_6_1_NODE_74388|ped_6_2_NODE_74388|ped_6_3_NODE_74388|ped_6_4_NODE_74388,27.0,133.0,False,False,not_pedestrian_only_phase
106.0,NODE_10273,3846533030,12,0,rrrgGGgGGrrGr,r,False,False,5,ped_7_0_NODE_10273|ped_7_1_NODE_10273|ped_7_2_NODE_10273|ped_7_3_NODE_10273|ped_7_4_NODE_10273,25.0,131.0,False,False,ped_link_not_green
106.5,LINK_212169,11449716078,5,0,gGrrrGr,G,True,False,9,ped_1_0_LINK_212169|ped_1_1_LINK_212169|ped_1_2_LINK_212169|ped_1_3_LINK_212169|ped_1_4_LINK_212169|ped_3_0_NODE_6082|ped_3_1_NODE_6082|ped_3_2_NODE_6082|ped_3_4_NODE_6082,35.5,142.0,False,False,not_pedestrian_only_phase
106.5,NODE_8452,3846603653,2,0,GGr,r,False,False,5,ped_2_0_NODE_8452|ped_2_1_NODE_8452|ped_2_2_NODE_8452|ped_2_3_NODE_8452|ped_2_4_NODE_8452,67.5,174.0,False,False,ped_link_not_green
106.5,NODE_6082,11449716078,5,0,gGrrrGr,G,True,False,9,ped_1_0_LINK_212169|ped_1_1_LINK_212169|ped_1_2_LINK_212169|ped_1_3_LINK_212169|ped_1_4_LINK_212169|ped_3_0_NODE_6082|ped_3_1_NODE_6082|ped_3_2_NODE_6082|ped_3_4_NODE_6082,35.5,142.0,False,False,not_pedestrian_only_phase
106.5,NODE_6123,7300992884,5,0,GgGrrrr,r,False,False,0,,52.5,159.0,False,False,ped_link_not_green
106.5,NODE_8426,3849142980,16,0,gggGrrrrrrrrrrrrrGGG,r,False,False,4,ped_5_0_NODE_8426|ped_5_1_NODE_8426|ped_5_2_NODE_8426|ped_5_4_NODE_8426,2.5,109.0,False,False,ped_link_not_green
106.5,NODE_74388,436883130,16,0,GGrrrrrrgGrrrrrrG,G,True,False,5,ped_6_0_NODE_74388|ped_6_1_NODE_74388|ped_6_2_NODE_74388|ped_6_3_NODE_74388|ped_6_4_NODE_74388,26.5,133.0,False,False,not_pedestrian_only_phase
106.5,NODE_10273,3846533030,12,0,rrrgGGgGGrrGr,r,False,False,5,ped_7_0_NODE_10273|ped_7_1_NODE_10273|ped_7_2_NODE_10273|ped_7_3_NODE_10273|ped_7_4_NODE_10273,24.5,131.0,False,False,ped_link_not_green
107.0,LINK_212169,11449716078,5,0,gGrrrGr,G,True,False,9,ped_1_0_LINK_212169|ped_1_1_LINK_212169|ped_1_2_LINK_212169|ped_1_3_LINK_212169|ped_1_4_LINK_212169|ped_3_0_NODE_6082|ped_3_1_NODE_6082|ped_3_2_NODE_6082|ped_3_4_NODE_6082,35.0,142.0,False,False,not_pedestrian_only_phase
107.0,NODE_8452,3846603653,2,0,GGr,r,False,False,5,ped_2_0_NODE_8452|ped_2_1_NODE_8452|ped_2_2_NODE_8452|ped_2_3_NODE_8452|ped_2_4_NODE_8452,67.0,174.0,False,False,ped_link_not_green
107.0,NODE_6082,11449716078,5,0,gGrrrGr,G,True,False,9,ped_1_0_LINK_212169|ped_1_1_LINK_212169|ped_1_2_LINK_212169|ped_1_3_LINK_212169|ped_1_4_LINK_212169|ped_3_0_NODE_6082|ped_3_1_NODE_6082|ped_3_2_NODE_6082|ped_3_4_NODE_6082,35.0,142.0,False,False,not_pedestrian_only_phase
107.0,NODE_6123,7300992884,5,0,GgGrrrr,r,False,False,0,,52.0,159.0,False,False,ped_link_not_green
107.0,NODE_8426,3849142980,16,0,gggGrrrrrrrrrrrrrGGG,r,False,False,4,ped_5_0_NODE_8426|ped_5_1_NODE_8426|ped_5_2_NODE_8426|ped_5_4_NODE_8426,2.0,109.0,False,False,ped_link_not_green
107.0,NODE_74388,436883130,16,0,GGrrrrrrgGrrrrrrG,G,True,False,5,ped_6_0_NODE_74388|ped_6_1_NODE_74388|ped_6_2_NODE_74388|ped_6_3_NODE_74388|ped_6_4_NODE_74388,26.0,133.0,False,False,not_pedestrian_only_phase
107.0,NODE_10273,3846533030,12,0,rrrgGGgGGrrGr,r,False,False,5,ped_7_0_NODE_10273|ped_7_1_NODE_10273|ped_7_2_NODE_10273|ped_7_3_NODE_10273|ped_7_4_NODE_10273,24.0,131.0,False,False,ped_link_not_green
107.5,LINK_212169,11449716078,5,0,gGrrrGr,G,True,False,9,ped_1_0_LINK_212169|ped_1_1_LINK_212169|ped_1_2_LINK_212169|ped_1_3_LINK_212169|ped_1_4_LINK_212169|ped_3_0_NODE_6082|ped_3_1_NODE_6082|ped_3_2_NODE_6082|ped_3_4_NODE_6082,34.5,142.0,False,False,not_pedestrian_only_phase
107.5,NODE_8452,3846603653,2,0,GGr,r,False,False,5,ped_2_0_NODE_8452|ped_2_1_NODE_8452|ped_2_2_NODE_8452|ped_2_3_NODE_8452|ped_2_4_NODE_8452,66.5,174.0,False,False,ped_link_not_green
107.5,NODE_6082,11449716078,5,0,gGrrrGr,G,True,False,9,ped_1_0_LINK_212169|ped_1_1_LINK_212169|ped_1_2_LINK_212169|ped_1_3_LINK_212169|ped_1_4_LINK_212169|ped_3_0_NODE_6082|ped_3_1_NODE_6082|ped_3_2_NODE_6082|ped_3_4_NODE_6082,34.5,142.0,False,False,not_pedestrian_only_phase
107.5,NODE_6123,7300992884,5,0,GgGrrrr,r,False,False,0,,51.5,159.0,False,False,ped_link_not_green
107.5,NODE_8426,3849142980,16,0,gggGrrrrrrrrrrrrrGGG,r,False,False,4,ped_5_0_NODE_8426|ped_5_1_NODE_8426|ped_5_2_NODE_8426|ped_5_4_NODE_8426,1.5,109.0,False,False,ped_link_not_green
107.5,NODE_74388,436883130,16,0,GGrrrrrrgGrrrrrrG,G,True,False,5,ped_6_0_NODE_74388|ped_6_1_NODE_74388|ped_6_2_NODE_74388|ped_6_3_NODE_74388|ped_6_4_NODE_74388,25.5,133.0,False,False,not_pedestrian_only_phase
107.5,NODE_10273,3846533030,12,0,rrrgGGgGGrrGr,r,False,False,5,ped_7_0_NODE_10273|ped_7_1_NODE_10273|ped_7_2_NODE_10273|ped_7_3_NODE_10273|ped_7_4_NODE_10273,23.5,131.0,False,False,ped_link_not_green
108.0,LINK_212169,11449716078,5,0,gGrrrGr,G,True,False,9,ped_1_0_LINK_212169|ped_1_1_LINK_212169|ped_1_2_LINK_212169|ped_1_3_LINK_212169|ped_1_4_LINK_212169|ped_3_0_NODE_6082|ped_3_1_NODE_6082|ped_3_2_NODE_6082|ped_3_4_NODE_6082,34.0,142.0,False,False,not_pedestrian_only_phase
108.0,NODE_8452,3846603653,2,0,GGr,r,False,False,5,ped_2_0_NODE_8452|ped_2_1_NODE_8452|ped_2_2_NODE_8452|ped_2_3_NODE_8452|ped_2_4_NODE_8452,66.0,174.0,False,False,ped_link_not_green
108.0,NODE_6082,11449716078,5,0,gGrrrGr,G,True,False,9,ped_1_0_LINK_212169|ped_1_1_LINK_212169|ped_1_2_LINK_212169|ped_1_3_LINK_212169|ped_1_4_LINK_212169|ped_3_0_NODE_6082|ped_3_1_NODE_6082|ped_3_2_NODE_6082|ped_3_4_NODE_6082,34.0,142.0,False,False,not_pedestrian_only_phase
108.0,NODE_6123,7300992884,5,0,GgGrrrr,r,False,False,0,,51.0,159.0,False,False,ped_link_not_green
108.0,NODE_8426,3849142980,16,0,gggGrrrrrrrrrrrrrGGG,r,False,False,4,ped_5_0_NODE_8426|ped_5_1_NODE_8426|ped_5_2_NODE_8426|ped_5_4_NODE_8426,1.0,109.0,False,False,ped_link_not_green
108.0,NODE_74388,436883130,16,0,GGrrrrrrgGrrrrrrG,G,True,False,5,ped_6_0_NODE_74388|ped_6_1_NODE_74388|ped_6_2_NODE_74388|ped_6_3_NODE_74388|ped_6_4_NODE_74388,25.0,133.0,False,False,not_pedestrian_only_phase
108.0,NODE_10273,3846533030,12,0,rrrgGGgGGrrGr,r,False,False,5,ped_7_0_NODE_10273|ped_7_1_NODE_10273|ped_7_2_NODE_10273|ped_7_3_NODE_10273|ped_7_4_NODE_10273,23.0,131.0,False,False,ped_link_not_green
108.5,LINK_212169,11449716078,5,0,gGrrrGr,G,True,False,10,ped_1_0_LINK_212169|ped_1_1_LINK_212169|ped_1_2_LINK_212169|ped_1_3_LINK_212169|ped_1_4_LINK_212169|ped_3_0_NODE_6082|ped_3_1_NODE_6082|ped_3_2_NODE_6082|ped_3_3_NODE_6082|ped_3_4_NODE_6082,33.5,142.0,False,False,not_pedestrian_only_phase
108.5,NODE_8452,3846603653,2,0,GGr,r,False,False,5,ped_2_0_NODE_8452|ped_2_1_NODE_8452|ped_2_2_NODE_8452|ped_2_3_NODE_8452|ped_2_4_NODE_8452,65.5,174.0,False,False,ped_link_not_green
108.5,NODE_6082,11449716078,5,0,gGrrrGr,G,True,False,10,ped_1_0_LINK_212169|ped_1_1_LINK_212169|ped_1_2_LINK_212169|ped_1_3_LINK_212169|ped_1_4_LINK_212169|ped_3_0_NODE_6082|ped_3_1_NODE_6082|ped_3_2_NODE_6082|ped_3_3_NODE_6082|ped_3_4_NODE_6082,33.5,142.0,False,False,not_pedestrian_only_phase
108.5,NODE_6123,7300992884,5,0,GgGrrrr,r,False,False,0,,50.5,159.0,False,False,ped_link_not_green
108.5,NODE_8426,3849142980,16,0,gggGrrrrrrrrrrrrrGGG,r,False,False,4,ped_5_0_NODE_8426|ped_5_1_NODE_8426|ped_5_2_NODE_8426|ped_5_4_NODE_8426,0.5,109.0,False,False,ped_link_not_green
108.5,NODE_74388,436883130,16,0,GGrrrrrrgGrrrrrrG,G,True,False,5,ped_6_0_NODE_74388|ped_6_1_NODE_74388|ped_6_2_NODE_74388|ped_6_3_NODE_74388|ped_6_4_NODE_74388,24.5,133.0,False,False,not_pedestrian_only_phase
108.5,NODE_10273,3846533030,12,0,rrrgGGgGGrrGr,r,False,False,5,ped_7_0_NODE_10273|ped_7_1_NODE_10273|ped_7_2_NODE_10273|ped_7_3_NODE_10273|ped_7_4_NODE_10273,22.5,131.0,False,False,ped_link_not_green
109.0,LINK_212169,11449716078,5,0,gGrrrGr,G,True,False,10,ped_1_0_LINK_212169|ped_1_1_LINK_212169|ped_1_2_LINK_212169|ped_1_3_LINK_212169|ped_1_4_LINK_212169|ped_3_0_NODE_6082|ped_3_1_NODE_6082|ped_3_2_NODE_6082|ped_3_3_NODE_6082|ped_3_4_NODE_6082,33.0,142.0,False,False,not_pedestrian_only_phase
109.0,NODE_8452,3846603653,2,0,GGr,r,False,False,5,ped_2_0_NODE_8452|ped_2_1_NODE_8452|ped_2_2_NODE_8452|ped_2_3_NODE_8452|ped_2_4_NODE_8452,65.0,174.0,False,False,ped_link_not_green
109.0,NODE_6082,11449716078,5,0,gGrrrGr,G,True,False,10,ped_1_0_LINK_212169|ped_1_1_LINK_212169|ped_1_2_LINK_212169|ped_1_3_LINK_212169|ped_1_4_LINK_212169|ped_3_0_NODE_6082|ped_3_1_NODE_6082|ped_3_2_NODE_6082|ped_3_3_NODE_6082|ped_3_4_NODE_6082,33.0,142.0,False,False,not_pedestrian_only_phase
109.0,NODE_6123,7300992884,5,0,GgGrrrr,r,False,False,0,,50.0,159.0,False,False,ped_link_not_green
109.0,NODE_8426,3849142980,16,0,gggGrrrrrrrrrrrrrGGG,r,False,False,4,ped_5_0_NODE_8426|ped_5_1_NODE_8426|ped_5_2_NODE_8426|ped_5_4_NODE_8426,0.0,109.0,False,False,ped_link_not_green
109.0,NODE_74388,436883130,16,0,GGrrrrrrgGrrrrrrG,G,True,False,5,ped_6_0_NODE_74388|ped_6_1_NODE_74388|ped_6_2_NODE_74388|ped_6_3_NODE_74388|ped_6_4_NODE_74388,24.0,133.0,False,False,not_pedestrian_only_phase
109.0,NODE_10273,3846533030,12,0,rrrgGGgGGrrGr,r,False,False,5,ped_7_0_NODE_10273|ped_7_1_NODE_10273|ped_7_2_NODE_10273|ped_7_3_NODE_10273|ped_7_4_NODE_10273,22.0,131.0,False,False,ped_link_not_green
109.5,LINK_212169,11449716078,5,0,gGrrrGr,G,True,False,10,ped_1_0_LINK_212169|ped_1_1_LINK_212169|ped_1_2_LINK_212169|ped_1_3_LINK_212169|ped_1_4_LINK_212169|ped_3_0_NODE_6082|ped_3_1_NODE_6082|ped_3_2_NODE_6082|ped_3_3_NODE_6082|ped_3_4_NODE_6082,32.5,142.0,False,False,not_pedestrian_only_phase
109.5,NODE_8452,3846603653,2,0,GGr,r,False,False,5,ped_2_0_NODE_8452|ped_2_1_NODE_8452|ped_2_2_NODE_8452|ped_2_3_NODE_8452|ped_2_4_NODE_8452,64.5,174.0,False,False,ped_link_not_green
109.5,NODE_6082,11449716078,5,0,gGrrrGr,G,True,False,10,ped_1_0_LINK_212169|ped_1_1_LINK_212169|ped_1_2_LINK_212169|ped_1_3_LINK_212169|ped_1_4_LINK_212169|ped_3_0_NODE_6082|ped_3_1_NODE_6082|ped_3_2_NODE_6082|ped_3_3_NODE_6082|ped_3_4_NODE_6082,32.5,142.0,False,False,not_pedestrian_only_phase
109.5,NODE_6123,7300992884,5,0,GgGrrrr,r,False,False,0,,49.5,159.0,False,False,ped_link_not_green
109.5,NODE_8426,3849142980,16,1,gggGrrrrrrrrrrrrrrrr,r,False,False,3,ped_5_0_NODE_8426|ped_5_1_NODE_8426|ped_5_2_NODE_8426,2.5,112.0,False,False,ped_link_not_green
109.5,NODE_74388,436883130,16,0,GGrrrrrrgGrrrrrrG,G,True,False,5,ped_6_0_NODE_74388|ped_6_1_NODE_74388|ped_6_2_NODE_74388|ped_6_3_NODE_74388|ped_6_4_NODE_74388,23.5,133.0,False,False,not_pedestrian_only_phase
109.5,NODE_10273,3846533030,12,0,rrrgGGgGGrrGr,r,False,False,5,ped_7_0_NODE_10273|ped_7_1_NODE_10273|ped_7_2_NODE_10273|ped_7_3_NODE_10273|ped_7_4_NODE_10273,21.5,131.0,False,False,ped_link_not_green
110.0,LINK_212169,11449716078,5,0,gGrrrGr,G,True,False,10,ped_1_0_LINK_212169|ped_1_1_LINK_212169|ped_1_2_LINK_212169|ped_1_3_LINK_212169|ped_1_4_LINK_212169|ped_3_0_NODE_6082|ped_3_1_NODE_6082|ped_3_2_NODE_6082|ped_3_3_NODE_6082|ped_3_4_NODE_6082,32.0,142.0,False,False,not_pedestrian_only_phase
110.0,NODE_8452,3846603653,2,0,GGr,r,False,False,5,ped_2_0_NODE_8452|ped_2_1_NODE_8452|ped_2_2_NODE_8452|ped_2_3_NODE_8452|ped_2_4_NODE_8452,64.0,174.0,False,False,ped_link_not_green
110.0,NODE_6082,11449716078,5,0,gGrrrGr,G,True,False,10,ped_1_0_LINK_212169|ped_1_1_LINK_212169|ped_1_2_LINK_212169|ped_1_3_LINK_212169|ped_1_4_LINK_212169|ped_3_0_NODE_6082|ped_3_1_NODE_6082|ped_3_2_NODE_6082|ped_3_3_NODE_6082|ped_3_4_NODE_6082,32.0,142.0,False,False,not_pedestrian_only_phase
110.0,NODE_6123,7300992884,5,0,GgGrrrr,r,False,False,0,,49.0,159.0,False,False,ped_link_not_green
110.0,NODE_8426,3849142980,16,1,gggGrrrrrrrrrrrrrrrr,r,False,False,3,ped_5_0_NODE_8426|ped_5_1_NODE_8426|ped_5_2_NODE_8426,2.0,112.0,False,False,ped_link_not_green
110.0,NODE_74388,436883130,16,0,GGrrrrrrgGrrrrrrG,G,True,False,5,ped_6_0_NODE_74388|ped_6_1_NODE_74388|ped_6_2_NODE_74388|ped_6_3_NODE_74388|ped_6_4_NODE_74388,23.0,133.0,False,False,not_pedestrian_only_phase
110.0,NODE_10273,3846533030,12,0,rrrgGGgGGrrGr,r,False,False,5,ped_7_0_NODE_10273|ped_7_1_NODE_10273|ped_7_2_NODE_10273|ped_7_3_NODE_10273|ped_7_4_NODE_10273,21.0,131.0,False,False,ped_link_not_green
110.5,LINK_212169,11449716078,5,0,gGrrrGr,G,True,False,10,ped_1_0_LINK_212169|ped_1_1_LINK_212169|ped_1_2_LINK_212169|ped_1_3_LINK_212169|ped_1_4_LINK_212169|ped_3_0_NODE_6082|ped_3_1_NODE_6082|ped_3_2_NODE_6082|ped_3_3_NODE_6082|ped_3_4_NODE_6082,31.5,142.0,False,False,not_pedestrian_only_phase
110.5,NODE_8452,3846603653,2,0,GGr,r,False,False,5,ped_2_0_NODE_8452|ped_2_1_NODE_8452|ped_2_2_NODE_8452|ped_2_3_NODE_8452|ped_2_4_NODE_8452,63.5,174.0,False,False,ped_link_not_green
110.5,NODE_6082,11449716078,5,0,gGrrrGr,G,True,False,10,ped_1_0_LINK_212169|ped_1_1_LINK_212169|ped_1_2_LINK_212169|ped_1_3_LINK_212169|ped_1_4_LINK_212169|ped_3_0_NODE_6082|ped_3_1_NODE_6082|ped_3_2_NODE_6082|ped_3_3_NODE_6082|ped_3_4_NODE_6082,31.5,142.0,False,False,not_pedestrian_only_phase
110.5,NODE_6123,7300992884,5,0,GgGrrrr,r,False,False,0,,48.5,159.0,False,False,ped_link_not_green
110.5,NODE_8426,3849142980,16,1,gggGrrrrrrrrrrrrrrrr,r,False,False,2,ped_5_0_NODE_8426|ped_5_1_NODE_8426,1.5,112.0,False,False,ped_link_not_green
110.5,NODE_74388,436883130,16,0,GGrrrrrrgGrrrrrrG,G,True,False,5,ped_6_0_NODE_74388|ped_6_1_NODE_74388|ped_6_2_NODE_74388|ped_6_3_NODE_74388|ped_6_4_NODE_74388,22.5,133.0,False,False,not_pedestrian_only_phase
110.5,NODE_10273,3846533030,12,0,rrrgGGgGGrrGr,r,False,False,5,ped_7_0_NODE_10273|ped_7_1_NODE_10273|ped_7_2_NODE_10273|ped_7_3_NODE_10273|ped_7_4_NODE_10273,20.5,131.0,False,False,ped_link_not_green
111.0,LINK_212169,11449716078,5,0,gGrrrGr,G,True,False,10,ped_1_0_LINK_212169|ped_1_1_LINK_212169|ped_1_2_LINK_212169|ped_1_3_LINK_212169|ped_1_4_LINK_212169|ped_3_0_NODE_6082|ped_3_1_NODE_6082|ped_3_2_NODE_6082|ped_3_3_NODE_6082|ped_3_4_NODE_6082,31.0,142.0,False,False,not_pedestrian_only_phase
111.0,NODE_8452,3846603653,2,0,GGr,r,False,False,5,ped_2_0_NODE_8452|ped_2_1_NODE_8452|ped_2_2_NODE_8452|ped_2_3_NODE_8452|ped_2_4_NODE_8452,63.0,174.0,False,False,ped_link_not_green
111.0,NODE_6082,11449716078,5,0,gGrrrGr,G,True,False,10,ped_1_0_LINK_212169|ped_1_1_LINK_212169|ped_1_2_LINK_212169|ped_1_3_LINK_212169|ped_1_4_LINK_212169|ped_3_0_NODE_6082|ped_3_1_NODE_6082|ped_3_2_NODE_6082|ped_3_3_NODE_6082|ped_3_4_NODE_6082,31.0,142.0,False,False,not_pedestrian_only_phase
111.0,NODE_6123,7300992884,5,0,GgGrrrr,r,False,False,0,,48.0,159.0,False,False,ped_link_not_green
111.0,NODE_8426,3849142980,16,1,gggGrrrrrrrrrrrrrrrr,r,False,False,2,ped_5_0_NODE_8426|ped_5_1_NODE_8426,1.0,112.0,False,False,ped_link_not_green
111.0,NODE_74388,436883130,16,0,GGrrrrrrgGrrrrrrG,G,True,False,5,ped_6_0_NODE_74388|ped_6_1_NODE_74388|ped_6_2_NODE_74388|ped_6_3_NODE_74388|ped_6_4_NODE_74388,22.0,133.0,False,False,not_pedestrian_only_phase
111.0,NODE_10273,3846533030,12,0,rrrgGGgGGrrGr,r,False,False,5,ped_7_0_NODE_10273|ped_7_1_NODE_10273|ped_7_2_NODE_10273|ped_7_3_NODE_10273|ped_7_4_NODE_10273,20.0,131.0,False,False,ped_link_not_green
111.5,LINK_212169,11449716078,5,0,gGrrrGr,G,True,False,10,ped_1_0_LINK_212169|ped_1_1_LINK_212169|ped_1_2_LINK_212169|ped_1_3_LINK_212169|ped_1_4_LINK_212169|ped_3_0_NODE_6082|ped_3_1_NODE_6082|ped_3_2_NODE_6082|ped_3_3_NODE_6082|ped_3_4_NODE_6082,30.5,142.0,False,False,not_pedestrian_only_phase
111.5,NODE_8452,3846603653,2,0,GGr,r,False,False,5,ped_2_0_NODE_8452|ped_2_1_NODE_8452|ped_2_2_NODE_8452|ped_2_3_NODE_8452|ped_2_4_NODE_8452,62.5,174.0,False,False,ped_link_not_green
111.5,NODE_6082,11449716078,5,0,gGrrrGr,G,True,False,10,ped_1_0_LINK_212169|ped_1_1_LINK_212169|ped_1_2_LINK_212169|ped_1_3_LINK_212169|ped_1_4_LINK_212169|ped_3_0_NODE_6082|ped_3_1_NODE_6082|ped_3_2_NODE_6082|ped_3_3_NODE_6082|ped_3_4_NODE_6082,30.5,142.0,False,False,not_pedestrian_only_phase
111.5,NODE_6123,7300992884,5,0,GgGrrrr,r,False,False,0,,47.5,159.0,False,False,ped_link_not_green
111.5,NODE_8426,3849142980,16,1,gggGrrrrrrrrrrrrrrrr,r,False,False,1,ped_5_0_NODE_8426,0.5,112.0,False,False,ped_link_not_green
111.5,NODE_74388,436883130,16,0,GGrrrrrrgGrrrrrrG,G,True,False,5,ped_6_0_NODE_74388|ped_6_1_NODE_74388|ped_6_2_NODE_74388|ped_6_3_NODE_74388|ped_6_4_NODE_74388,21.5,133.0,False,False,not_pedestrian_only_phase
111.5,NODE_10273,3846533030,12,0,rrrgGGgGGrrGr,r,False,False,5,ped_7_0_NODE_10273|ped_7_1_NODE_10273|ped_7_2_NODE_10273|ped_7_3_NODE_10273|ped_7_4_NODE_10273,19.5,131.0,False,False,ped_link_not_green
112.0,LINK_212169,11449716078,5,0,gGrrrGr,G,True,False,10,ped_1_0_LINK_212169|ped_1_1_LINK_212169|ped_1_2_LINK_212169|ped_1_3_LINK_212169|ped_1_4_LINK_212169|ped_3_0_NODE_6082|ped_3_1_NODE_6082|ped_3_2_NODE_6082|ped_3_3_NODE_6082|ped_3_4_NODE_6082,30.0,142.0,False,False,not_pedestrian_only_phase
112.0,NODE_8452,3846603653,2,0,GGr,r,False,False,5,ped_2_0_NODE_8452|ped_2_1_NODE_8452|ped_2_2_NODE_8452|ped_2_3_NODE_8452|ped_2_4_NODE_8452,62.0,174.0,False,False,ped_link_not_green
112.0,NODE_6082,11449716078,5,0,gGrrrGr,G,True,False,10,ped_1_0_LINK_212169|ped_1_1_LINK_212169|ped_1_2_LINK_212169|ped_1_3_LINK_212169|ped_1_4_LINK_212169|ped_3_0_NODE_6082|ped_3_1_NODE_6082|ped_3_2_NODE_6082|ped_3_3_NODE_6082|ped_3_4_NODE_6082,30.0,142.0,False,False,not_pedestrian_only_phase
112.0,NODE_6123,7300992884,5,0,GgGrrrr,r,False,False,0,,47.0,159.0,False,False,ped_link_not_green
112.0,NODE_8426,3849142980,16,1,gggGrrrrrrrrrrrrrrrr,r,False,False,1,ped_5_0_NODE_8426,0.0,112.0,False,False,ped_link_not_green
112.0,NODE_74388,436883130,16,0,GGrrrrrrgGrrrrrrG,G,True,False,5,ped_6_0_NODE_74388|ped_6_1_NODE_74388|ped_6_2_NODE_74388|ped_6_3_NODE_74388|ped_6_4_NODE_74388,21.0,133.0,False,False,not_pedestrian_only_phase
112.0,NODE_10273,3846533030,12,0,rrrgGGgGGrrGr,r,False,False,5,ped_7_0_NODE_10273|ped_7_1_NODE_10273|ped_7_2_NODE_10273|ped_7_3_NODE_10273|ped_7_4_NODE_10273,19.0,131.0,False,False,ped_link_not_green
112.5,LINK_212169,11449716078,5,0,gGrrrGr,G,True,False,10,ped_1_0_LINK_212169|ped_1_1_LINK_212169|ped_1_2_LINK_212169|ped_1_3_LINK_212169|ped_1_4_LINK_212169|ped_3_0_NODE_6082|ped_3_1_NODE_6082|ped_3_2_NODE_6082|ped_3_3_NODE_6082|ped_3_4_NODE_6082,29.5,142.0,False,False,not_pedestrian_only_phase
112.5,NODE_8452,3846603653,2,0,GGr,r,False,False,5,ped_2_0_NODE_8452|ped_2_1_NODE_8452|ped_2_2_NODE_8452|ped_2_3_NODE_8452|ped_2_4_NODE_8452,61.5,174.0,False,False,ped_link_not_green
112.5,NODE_6082,11449716078,5,0,gGrrrGr,G,True,False,10,ped_1_0_LINK_212169|ped_1_1_LINK_212169|ped_1_2_LINK_212169|ped_1_3_LINK_212169|ped_1_4_LINK_212169|ped_3_0_NODE_6082|ped_3_1_NODE_6082|ped_3_2_NODE_6082|ped_3_3_NODE_6082|ped_3_4_NODE_6082,29.5,142.0,False,False,not_pedestrian_only_phase
112.5,NODE_6123,7300992884,5,0,GgGrrrr,r,False,False,0,,46.5,159.0,False,False,ped_link_not_green
112.5,NODE_8426,3849142980,16,2,yyyyrrrrrrrrrrrrrrrr,r,False,False,1,ped_5_0_NODE_8426,2.5,115.0,False,False,ped_link_not_green
112.5,NODE_74388,436883130,16,0,GGrrrrrrgGrrrrrrG,G,True,False,5,ped_6_0_NODE_74388|ped_6_1_NODE_74388|ped_6_2_NODE_74388|ped_6_3_NODE_74388|ped_6_4_NODE_74388,20.5,133.0,False,False,not_pedestrian_only_phase
112.5,NODE_10273,3846533030,12,0,rrrgGGgGGrrGr,r,False,False,5,ped_7_0_NODE_10273|ped_7_1_NODE_10273|ped_7_2_NODE_10273|ped_7_3_NODE_10273|ped_7_4_NODE_10273,18.5,131.0,False,False,ped_link_not_green
113.0,LINK_212169,11449716078,5,0,gGrrrGr,G,True,False,9,ped_1_0_LINK_212169|ped_1_2_LINK_212169|ped_1_3_LINK_212169|ped_1_4_LINK_212169|ped_3_0_NODE_6082|ped_3_1_NODE_6082|ped_3_2_NODE_6082|ped_3_3_NODE_6082|ped_3_4_NODE_6082,29.0,142.0,False,False,not_pedestrian_only_phase
113.0,NODE_8452,3846603653,2,0,GGr,r,False,False,5,ped_2_0_NODE_8452|ped_2_1_NODE_8452|ped_2_2_NODE_8452|ped_2_3_NODE_8452|ped_2_4_NODE_8452,61.0,174.0,False,False,ped_link_not_green
113.0,NODE_6082,11449716078,5,0,gGrrrGr,G,True,False,9,ped_1_0_LINK_212169|ped_1_2_LINK_212169|ped_1_3_LINK_212169|ped_1_4_LINK_212169|ped_3_0_NODE_6082|ped_3_1_NODE_6082|ped_3_2_NODE_6082|ped_3_3_NODE_6082|ped_3_4_NODE_6082,29.0,142.0,False,False,not_pedestrian_only_phase
113.0,NODE_6123,7300992884,5,0,GgGrrrr,r,False,False,0,,46.0,159.0,False,False,ped_link_not_green
113.0,NODE_8426,3849142980,16,2,yyyyrrrrrrrrrrrrrrrr,r,False,False,1,ped_5_0_NODE_8426,2.0,115.0,False,False,ped_link_not_green
113.0,NODE_74388,436883130,16,0,GGrrrrrrgGrrrrrrG,G,True,False,5,ped_6_0_NODE_74388|ped_6_1_NODE_74388|ped_6_2_NODE_74388|ped_6_3_NODE_74388|ped_6_4_NODE_74388,20.0,133.0,False,False,not_pedestrian_only_phase
113.0,NODE_10273,3846533030,12,0,rrrgGGgGGrrGr,r,False,False,4,ped_7_1_NODE_10273|ped_7_2_NODE_10273|ped_7_3_NODE_10273|ped_7_4_NODE_10273,18.0,131.0,False,False,ped_link_not_green
113.5,LINK_212169,11449716078,5,0,gGrrrGr,G,True,False,9,ped_1_0_LINK_212169|ped_1_2_LINK_212169|ped_1_3_LINK_212169|ped_1_4_LINK_212169|ped_3_0_NODE_6082|ped_3_1_NODE_6082|ped_3_2_NODE_6082|ped_3_3_NODE_6082|ped_3_4_NODE_6082,28.5,142.0,False,False,not_pedestrian_only_phase
113.5,NODE_8452,3846603653,2,0,GGr,r,False,False,5,ped_2_0_NODE_8452|ped_2_1_NODE_8452|ped_2_2_NODE_8452|ped_2_3_NODE_8452|ped_2_4_NODE_8452,60.5,174.0,False,False,ped_link_not_green
113.5,NODE_6082,11449716078,5,0,gGrrrGr,G,True,False,9,ped_1_0_LINK_212169|ped_1_2_LINK_212169|ped_1_3_LINK_212169|ped_1_4_LINK_212169|ped_3_0_NODE_6082|ped_3_1_NODE_6082|ped_3_2_NODE_6082|ped_3_3_NODE_6082|ped_3_4_NODE_6082,28.5,142.0,False,False,not_pedestrian_only_phase
113.5,NODE_6123,7300992884,5,0,GgGrrrr,r,False,False,0,,45.5,159.0,False,False,ped_link_not_green
113.5,NODE_8426,3849142980,16,2,yyyyrrrrrrrrrrrrrrrr,r,False,False,1,ped_5_0_NODE_8426,1.5,115.0,False,False,ped_link_not_green
113.5,NODE_74388,436883130,16,0,GGrrrrrrgGrrrrrrG,G,True,False,5,ped_6_0_NODE_74388|ped_6_1_NODE_74388|ped_6_2_NODE_74388|ped_6_3_NODE_74388|ped_6_4_NODE_74388,19.5,133.0,False,False,not_pedestrian_only_phase
113.5,NODE_10273,3846533030,12,0,rrrgGGgGGrrGr,r,False,False,3,ped_7_2_NODE_10273|ped_7_3_NODE_10273|ped_7_4_NODE_10273,17.5,131.0,False,False,ped_link_not_green
114.0,LINK_212169,11449716078,5,0,gGrrrGr,G,True,False,9,ped_1_0_LINK_212169|ped_1_2_LINK_212169|ped_1_3_LINK_212169|ped_1_4_LINK_212169|ped_3_0_NODE_6082|ped_3_1_NODE_6082|ped_3_2_NODE_6082|ped_3_3_NODE_6082|ped_3_4_NODE_6082,28.0,142.0,False,False,not_pedestrian_only_phase
114.0,NODE_8452,3846603653,2,0,GGr,r,False,False,5,ped_2_0_NODE_8452|ped_2_1_NODE_8452|ped_2_2_NODE_8452|ped_2_3_NODE_8452|ped_2_4_NODE_8452,60.0,174.0,False,False,ped_link_not_green
114.0,NODE_6082,11449716078,5,0,gGrrrGr,G,True,False,9,ped_1_0_LINK_212169|ped_1_2_LINK_212169|ped_1_3_LINK_212169|ped_1_4_LINK_212169|ped_3_0_NODE_6082|ped_3_1_NODE_6082|ped_3_2_NODE_6082|ped_3_3_NODE_6082|ped_3_4_NODE_6082,28.0,142.0,False,False,not_pedestrian_only_phase
114.0,NODE_6123,7300992884,5,0,GgGrrrr,r,False,False,0,,45.0,159.0,False,False,ped_link_not_green
114.0,NODE_8426,3849142980,16,2,yyyyrrrrrrrrrrrrrrrr,r,False,False,1,ped_5_0_NODE_8426,1.0,115.0,False,False,ped_link_not_green
114.0,NODE_74388,436883130,16,0,GGrrrrrrgGrrrrrrG,G,True,False,5,ped_6_0_NODE_74388|ped_6_1_NODE_74388|ped_6_2_NODE_74388|ped_6_3_NODE_74388|ped_6_4_NODE_74388,19.0,133.0,False,False,not_pedestrian_only_phase
114.0,NODE_10273,3846533030,12,0,rrrgGGgGGrrGr,r,False,False,3,ped_7_2_NODE_10273|ped_7_3_NODE_10273|ped_7_4_NODE_10273,17.0,131.0,False,False,ped_link_not_green
114.5,LINK_212169,11449716078,5,0,gGrrrGr,G,True,False,9,ped_1_0_LINK_212169|ped_1_2_LINK_212169|ped_1_3_LINK_212169|ped_1_4_LINK_212169|ped_3_0_NODE_6082|ped_3_1_NODE_6082|ped_3_2_NODE_6082|ped_3_3_NODE_6082|ped_3_4_NODE_6082,27.5,142.0,False,False,not_pedestrian_only_phase
114.5,NODE_8452,3846603653,2,0,GGr,r,False,False,5,ped_2_0_NODE_8452|ped_2_1_NODE_8452|ped_2_2_NODE_8452|ped_2_3_NODE_8452|ped_2_4_NODE_8452,59.5,174.0,False,False,ped_link_not_green
114.5,NODE_6082,11449716078,5,0,gGrrrGr,G,True,False,9,ped_1_0_LINK_212169|ped_1_2_LINK_212169|ped_1_3_LINK_212169|ped_1_4_LINK_212169|ped_3_0_NODE_6082|ped_3_1_NODE_6082|ped_3_2_NODE_6082|ped_3_3_NODE_6082|ped_3_4_NODE_6082,27.5,142.0,False,False,not_pedestrian_only_phase
114.5,NODE_6123,7300992884,5,0,GgGrrrr,r,False,False,0,,44.5,159.0,False,False,ped_link_not_green
114.5,NODE_8426,3849142980,16,2,yyyyrrrrrrrrrrrrrrrr,r,False,False,1,ped_5_0_NODE_8426,0.5,115.0,False,False,ped_link_not_green
114.5,NODE_74388,436883130,16,0,GGrrrrrrgGrrrrrrG,G,True,False,5,ped_6_0_NODE_74388|ped_6_1_NODE_74388|ped_6_2_NODE_74388|ped_6_3_NODE_74388|ped_6_4_NODE_74388,18.5,133.0,False,False,not_pedestrian_only_phase
114.5,NODE_10273,3846533030,12,0,rrrgGGgGGrrGr,r,False,False,3,ped_7_2_NODE_10273|ped_7_3_NODE_10273|ped_7_4_NODE_10273,16.5,131.0,False,False,ped_link_not_green
115.0,LINK_212169,11449716078,5,0,gGrrrGr,G,True,False,8,ped_1_2_LINK_212169|ped_1_3_LINK_212169|ped_1_4_LINK_212169|ped_3_0_NODE_6082|ped_3_1_NODE_6082|ped_3_2_NODE_6082|ped_3_3_NODE_6082|ped_3_4_NODE_6082,27.0,142.0,False,False,not_pedestrian_only_phase
115.0,NODE_8452,3846603653,2,0,GGr,r,False,False,5,ped_2_0_NODE_8452|ped_2_1_NODE_8452|ped_2_2_NODE_8452|ped_2_3_NODE_8452|ped_2_4_NODE_8452,59.0,174.0,False,False,ped_link_not_green
115.0,NODE_6082,11449716078,5,0,gGrrrGr,G,True,False,8,ped_1_2_LINK_212169|ped_1_3_LINK_212169|ped_1_4_LINK_212169|ped_3_0_NODE_6082|ped_3_1_NODE_6082|ped_3_2_NODE_6082|ped_3_3_NODE_6082|ped_3_4_NODE_6082,27.0,142.0,False,False,not_pedestrian_only_phase
115.0,NODE_6123,7300992884,5,0,GgGrrrr,r,False,False,0,,44.0,159.0,False,False,ped_link_not_green
115.0,NODE_8426,3849142980,16,2,yyyyrrrrrrrrrrrrrrrr,r,False,False,1,ped_5_0_NODE_8426,0.0,115.0,False,False,ped_link_not_green
115.0,NODE_74388,436883130,16,0,GGrrrrrrgGrrrrrrG,G,True,False,5,ped_6_0_NODE_74388|ped_6_1_NODE_74388|ped_6_2_NODE_74388|ped_6_3_NODE_74388|ped_6_4_NODE_74388,18.0,133.0,False,False,not_pedestrian_only_phase
115.0,NODE_10273,3846533030,12,0,rrrgGGgGGrrGr,r,False,False,2,ped_7_2_NODE_10273|ped_7_4_NODE_10273,16.0,131.0,False,False,ped_link_not_green
115.5,LINK_212169,11449716078,5,0,gGrrrGr,G,True,False,8,ped_1_2_LINK_212169|ped_1_3_LINK_212169|ped_1_4_LINK_212169|ped_3_0_NODE_6082|ped_3_1_NODE_6082|ped_3_2_NODE_6082|ped_3_3_NODE_6082|ped_3_4_NODE_6082,26.5,142.0,False,False,not_pedestrian_only_phase
115.5,NODE_8452,3846603653,2,0,GGr,r,False,False,5,ped_2_0_NODE_8452|ped_2_1_NODE_8452|ped_2_2_NODE_8452|ped_2_3_NODE_8452|ped_2_4_NODE_8452,58.5,174.0,False,False,ped_link_not_green
115.5,NODE_6082,11449716078,5,0,gGrrrGr,G,True,False,8,ped_1_2_LINK_212169|ped_1_3_LINK_212169|ped_1_4_LINK_212169|ped_3_0_NODE_6082|ped_3_1_NODE_6082|ped_3_2_NODE_6082|ped_3_3_NODE_6082|ped_3_4_NODE_6082,26.5,142.0,False,False,not_pedestrian_only_phase
115.5,NODE_6123,7300992884,5,0,GgGrrrr,r,False,False,0,,43.5,159.0,False,False,ped_link_not_green
115.5,NODE_8426,3849142980,16,3,rrrrgggGrrrrrrrrGrGG,G,True,False,1,ped_5_0_NODE_8426,16.5,132.0,False,False,not_pedestrian_only_phase
115.5,NODE_74388,436883130,16,0,GGrrrrrrgGrrrrrrG,G,True,False,5,ped_6_0_NODE_74388|ped_6_1_NODE_74388|ped_6_2_NODE_74388|ped_6_3_NODE_74388|ped_6_4_NODE_74388,17.5,133.0,False,False,not_pedestrian_only_phase
115.5,NODE_10273,3846533030,12,0,rrrgGGgGGrrGr,r,False,False,2,ped_7_2_NODE_10273|ped_7_4_NODE_10273,15.5,131.0,False,False,ped_link_not_green
116.0,LINK_212169,11449716078,5,0,gGrrrGr,G,True,False,8,ped_1_2_LINK_212169|ped_1_3_LINK_212169|ped_1_4_LINK_212169|ped_3_0_NODE_6082|ped_3_1_NODE_6082|ped_3_2_NODE_6082|ped_3_3_NODE_6082|ped_3_4_NODE_6082,26.0,142.0,False,False,not_pedestrian_only_phase
116.0,NODE_8452,3846603653,2,0,GGr,r,False,False,5,ped_2_0_NODE_8452|ped_2_1_NODE_8452|ped_2_2_NODE_8452|ped_2_3_NODE_8452|ped_2_4_NODE_8452,58.0,174.0,False,False,ped_link_not_green
116.0,NODE_6082,11449716078,5,0,gGrrrGr,G,True,False,8,ped_1_2_LINK_212169|ped_1_3_LINK_212169|ped_1_4_LINK_212169|ped_3_0_NODE_6082|ped_3_1_NODE_6082|ped_3_2_NODE_6082|ped_3_3_NODE_6082|ped_3_4_NODE_6082,26.0,142.0,False,False,not_pedestrian_only_phase
116.0,NODE_6123,7300992884,5,0,GgGrrrr,r,False,False,0,,43.0,159.0,False,False,ped_link_not_green
116.0,NODE_8426,3849142980,16,3,rrrrgggGrrrrrrrrGrGG,G,True,False,1,ped_5_0_NODE_8426,16.0,132.0,False,False,not_pedestrian_only_phase
116.0,NODE_74388,436883130,16,0,GGrrrrrrgGrrrrrrG,G,True,False,5,ped_6_0_NODE_74388|ped_6_1_NODE_74388|ped_6_2_NODE_74388|ped_6_3_NODE_74388|ped_6_4_NODE_74388,17.0,133.0,False,False,not_pedestrian_only_phase
116.0,NODE_10273,3846533030,12,0,rrrgGGgGGrrGr,r,False,False,2,ped_7_2_NODE_10273|ped_7_4_NODE_10273,15.0,131.0,False,False,ped_link_not_green
116.5,LINK_212169,11449716078,5,0,gGrrrGr,G,True,False,7,ped_1_2_LINK_212169|ped_1_3_LINK_212169|ped_1_4_LINK_212169|ped_3_0_NODE_6082|ped_3_2_NODE_6082|ped_3_3_NODE_6082|ped_3_4_NODE_6082,25.5,142.0,False,False,not_pedestrian_only_phase
116.5,NODE_8452,3846603653,2,0,GGr,r,False,False,5,ped_2_0_NODE_8452|ped_2_1_NODE_8452|ped_2_2_NODE_8452|ped_2_3_NODE_8452|ped_2_4_NODE_8452,57.5,174.0,False,False,ped_link_not_green
116.5,NODE_6082,11449716078,5,0,gGrrrGr,G,True,False,7,ped_1_2_LINK_212169|ped_1_3_LINK_212169|ped_1_4_LINK_212169|ped_3_0_NODE_6082|ped_3_2_NODE_6082|ped_3_3_NODE_6082|ped_3_4_NODE_6082,25.5,142.0,False,False,not_pedestrian_only_phase
116.5,NODE_6123,7300992884,5,0,GgGrrrr,r,False,False,0,,42.5,159.0,False,False,ped_link_not_green
116.5,NODE_8426,3849142980,16,3,rrrrgggGrrrrrrrrGrGG,G,True,False,2,ped_5_0_NODE_8426|ped_5_3_NODE_8426,15.5,132.0,False,False,not_pedestrian_only_phase
116.5,NODE_74388,436883130,16,0,GGrrrrrrgGrrrrrrG,G,True,False,5,ped_6_0_NODE_74388|ped_6_1_NODE_74388|ped_6_2_NODE_74388|ped_6_3_NODE_74388|ped_6_4_NODE_74388,16.5,133.0,False,False,not_pedestrian_only_phase
116.5,NODE_10273,3846533030,12,0,rrrgGGgGGrrGr,r,False,False,2,ped_7_2_NODE_10273|ped_7_4_NODE_10273,14.5,131.0,False,False,ped_link_not_green
117.0,LINK_212169,11449716078,5,0,gGrrrGr,G,True,False,7,ped_1_2_LINK_212169|ped_1_3_LINK_212169|ped_1_4_LINK_212169|ped_3_0_NODE_6082|ped_3_2_NODE_6082|ped_3_3_NODE_6082|ped_3_4_NODE_6082,25.0,142.0,False,False,not_pedestrian_only_phase
117.0,NODE_8452,3846603653,2,0,GGr,r,False,False,5,ped_2_0_NODE_8452|ped_2_1_NODE_8452|ped_2_2_NODE_8452|ped_2_3_NODE_8452|ped_2_4_NODE_8452,57.0,174.0,False,False,ped_link_not_green
117.0,NODE_6082,11449716078,5,0,gGrrrGr,G,True,False,7,ped_1_2_LINK_212169|ped_1_3_LINK_212169|ped_1_4_LINK_212169|ped_3_0_NODE_6082|ped_3_2_NODE_6082|ped_3_3_NODE_6082|ped_3_4_NODE_6082,25.0,142.0,False,False,not_pedestrian_only_phase
117.0,NODE_6123,7300992884,5,0,GgGrrrr,r,False,False,0,,42.0,159.0,False,False,ped_link_not_green
117.0,NODE_8426,3849142980,16,3,rrrrgggGrrrrrrrrGrGG,G,True,False,2,ped_5_0_NODE_8426|ped_5_3_NODE_8426,15.0,132.0,False,False,not_pedestrian_only_phase
117.0,NODE_74388,436883130,16,0,GGrrrrrrgGrrrrrrG,G,True,False,5,ped_6_0_NODE_74388|ped_6_1_NODE_74388|ped_6_2_NODE_74388|ped_6_3_NODE_74388|ped_6_4_NODE_74388,16.0,133.0,False,False,not_pedestrian_only_phase
117.0,NODE_10273,3846533030,12,0,rrrgGGgGGrrGr,r,False,False,1,ped_7_4_NODE_10273,14.0,131.0,False,False,ped_link_not_green
117.5,LINK_212169,11449716078,5,0,gGrrrGr,G,True,False,6,ped_1_2_LINK_212169|ped_1_3_LINK_212169|ped_1_4_LINK_212169|ped_3_2_NODE_6082|ped_3_3_NODE_6082|ped_3_4_NODE_6082,24.5,142.0,False,False,not_pedestrian_only_phase
117.5,NODE_8452,3846603653,2,0,GGr,r,False,False,5,ped_2_0_NODE_8452|ped_2_1_NODE_8452|ped_2_2_NODE_8452|ped_2_3_NODE_8452|ped_2_4_NODE_8452,56.5,174.0,False,False,ped_link_not_green
117.5,NODE_6082,11449716078,5,0,gGrrrGr,G,True,False,6,ped_1_2_LINK_212169|ped_1_3_LINK_212169|ped_1_4_LINK_212169|ped_3_2_NODE_6082|ped_3_3_NODE_6082|ped_3_4_NODE_6082,24.5,142.0,False,False,not_pedestrian_only_phase
117.5,NODE_6123,7300992884,5,0,GgGrrrr,r,False,False,0,,41.5,159.0,False,False,ped_link_not_green
117.5,NODE_8426,3849142980,16,3,rrrrgggGrrrrrrrrGrGG,G,True,False,2,ped_5_0_NODE_8426|ped_5_3_NODE_8426,14.5,132.0,False,False,not_pedestrian_only_phase
117.5,NODE_74388,436883130,16,0,GGrrrrrrgGrrrrrrG,G,True,False,5,ped_6_0_NODE_74388|ped_6_1_NODE_74388|ped_6_2_NODE_74388|ped_6_3_NODE_74388|ped_6_4_NODE_74388,15.5,133.0,False,False,not_pedestrian_only_phase
117.5,NODE_10273,3846533030,12,0,rrrgGGgGGrrGr,r,False,False,0,,13.5,131.0,False,False,ped_link_not_green
118.0,LINK_212169,11449716078,5,0,gGrrrGr,G,True,False,6,ped_1_2_LINK_212169|ped_1_3_LINK_212169|ped_1_4_LINK_212169|ped_3_2_NODE_6082|ped_3_3_NODE_6082|ped_3_4_NODE_6082,24.0,142.0,False,False,not_pedestrian_only_phase
118.0,NODE_8452,3846603653,2,0,GGr,r,False,False,5,ped_2_0_NODE_8452|ped_2_1_NODE_8452|ped_2_2_NODE_8452|ped_2_3_NODE_8452|ped_2_4_NODE_8452,56.0,174.0,False,False,ped_link_not_green
118.0,NODE_6082,11449716078,5,0,gGrrrGr,G,True,False,6,ped_1_2_LINK_212169|ped_1_3_LINK_212169|ped_1_4_LINK_212169|ped_3_2_NODE_6082|ped_3_3_NODE_6082|ped_3_4_NODE_6082,24.0,142.0,False,False,not_pedestrian_only_phase
118.0,NODE_6123,7300992884,5,0,GgGrrrr,r,False,False,0,,41.0,159.0,False,False,ped_link_not_green
118.0,NODE_8426,3849142980,16,3,rrrrgggGrrrrrrrrGrGG,G,True,False,2,ped_5_0_NODE_8426|ped_5_3_NODE_8426,14.0,132.0,False,False,not_pedestrian_only_phase
118.0,NODE_74388,436883130,16,0,GGrrrrrrgGrrrrrrG,G,True,False,5,ped_6_0_NODE_74388|ped_6_1_NODE_74388|ped_6_2_NODE_74388|ped_6_3_NODE_74388|ped_6_4_NODE_74388,15.0,133.0,False,False,not_pedestrian_only_phase
118.0,NODE_10273,3846533030,12,0,rrrgGGgGGrrGr,r,False,False,0,,13.0,131.0,False,False,ped_link_not_green
118.5,LINK_212169,11449716078,5,0,gGrrrGr,G,True,False,6,ped_1_2_LINK_212169|ped_1_3_LINK_212169|ped_1_4_LINK_212169|ped_3_2_NODE_6082|ped_3_3_NODE_6082|ped_3_4_NODE_6082,23.5,142.0,False,False,not_pedestrian_only_phase
118.5,NODE_8452,3846603653,2,0,GGr,r,False,False,5,ped_2_0_NODE_8452|ped_2_1_NODE_8452|ped_2_2_NODE_8452|ped_2_3_NODE_8452|ped_2_4_NODE_8452,55.5,174.0,False,False,ped_link_not_green
118.5,NODE_6082,11449716078,5,0,gGrrrGr,G,True,False,6,ped_1_2_LINK_212169|ped_1_3_LINK_212169|ped_1_4_LINK_212169|ped_3_2_NODE_6082|ped_3_3_NODE_6082|ped_3_4_NODE_6082,23.5,142.0,False,False,not_pedestrian_only_phase
118.5,NODE_6123,7300992884,5,0,GgGrrrr,r,False,False,0,,40.5,159.0,False,False,ped_link_not_green
118.5,NODE_8426,3849142980,16,3,rrrrgggGrrrrrrrrGrGG,G,True,False,2,ped_5_0_NODE_8426|ped_5_3_NODE_8426,13.5,132.0,False,False,not_pedestrian_only_phase
118.5,NODE_74388,436883130,16,0,GGrrrrrrgGrrrrrrG,G,True,False,5,ped_6_0_NODE_74388|ped_6_1_NODE_74388|ped_6_2_NODE_74388|ped_6_3_NODE_74388|ped_6_4_NODE_74388,14.5,133.0,False,False,not_pedestrian_only_phase
118.5,NODE_10273,3846533030,12,0,rrrgGGgGGrrGr,r,False,False,0,,12.5,131.0,False,False,ped_link_not_green
119.0,LINK_212169,11449716078,5,0,gGrrrGr,G,True,False,6,ped_1_2_LINK_212169|ped_1_3_LINK_212169|ped_1_4_LINK_212169|ped_3_2_NODE_6082|ped_3_3_NODE_6082|ped_3_4_NODE_6082,23.0,142.0,False,False,not_pedestrian_only_phase
119.0,NODE_8452,3846603653,2,0,GGr,r,False,False,5,ped_2_0_NODE_8452|ped_2_1_NODE_8452|ped_2_2_NODE_8452|ped_2_3_NODE_8452|ped_2_4_NODE_8452,55.0,174.0,False,False,ped_link_not_green
119.0,NODE_6082,11449716078,5,0,gGrrrGr,G,True,False,6,ped_1_2_LINK_212169|ped_1_3_LINK_212169|ped_1_4_LINK_212169|ped_3_2_NODE_6082|ped_3_3_NODE_6082|ped_3_4_NODE_6082,23.0,142.0,False,False,not_pedestrian_only_phase
119.0,NODE_6123,7300992884,5,0,GgGrrrr,r,False,False,0,,40.0,159.0,False,False,ped_link_not_green
119.0,NODE_8426,3849142980,16,3,rrrrgggGrrrrrrrrGrGG,G,True,False,2,ped_5_0_NODE_8426|ped_5_3_NODE_8426,13.0,132.0,False,False,not_pedestrian_only_phase
119.0,NODE_74388,436883130,16,0,GGrrrrrrgGrrrrrrG,G,True,False,5,ped_6_0_NODE_74388|ped_6_1_NODE_74388|ped_6_2_NODE_74388|ped_6_3_NODE_74388|ped_6_4_NODE_74388,14.0,133.0,False,False,not_pedestrian_only_phase
119.0,NODE_10273,3846533030,12,0,rrrgGGgGGrrGr,r,False,False,0,,12.0,131.0,False,False,ped_link_not_green
119.5,LINK_212169,11449716078,5,0,gGrrrGr,G,True,False,6,ped_1_2_LINK_212169|ped_1_3_LINK_212169|ped_1_4_LINK_212169|ped_3_2_NODE_6082|ped_3_3_NODE_6082|ped_3_4_NODE_6082,22.5,142.0,False,False,not_pedestrian_only_phase
119.5,NODE_8452,3846603653,2,0,GGr,r,False,False,5,ped_2_0_NODE_8452|ped_2_1_NODE_8452|ped_2_2_NODE_8452|ped_2_3_NODE_8452|ped_2_4_NODE_8452,54.5,174.0,False,False,ped_link_not_green
119.5,NODE_6082,11449716078,5,0,gGrrrGr,G,True,False,6,ped_1_2_LINK_212169|ped_1_3_LINK_212169|ped_1_4_LINK_212169|ped_3_2_NODE_6082|ped_3_3_NODE_6082|ped_3_4_NODE_6082,22.5,142.0,False,False,not_pedestrian_only_phase
119.5,NODE_6123,7300992884,5,0,GgGrrrr,r,False,False,0,,39.5,159.0,False,False,ped_link_not_green
119.5,NODE_8426,3849142980,16,3,rrrrgggGrrrrrrrrGrGG,G,True,False,2,ped_5_0_NODE_8426|ped_5_3_NODE_8426,12.5,132.0,False,False,not_pedestrian_only_phase
119.5,NODE_74388,436883130,16,0,GGrrrrrrgGrrrrrrG,G,True,False,5,ped_6_0_NODE_74388|ped_6_1_NODE_74388|ped_6_2_NODE_74388|ped_6_3_NODE_74388|ped_6_4_NODE_74388,13.5,133.0,False,False,not_pedestrian_only_phase
119.5,NODE_10273,3846533030,12,0,rrrgGGgGGrrGr,r,False,False,0,,11.5,131.0,False,False,ped_link_not_green
120.0,LINK_212169,11449716078,5,0,gGrrrGr,G,True,False,4,ped_1_4_LINK_212169|ped_3_2_NODE_6082|ped_3_3_NODE_6082|ped_3_4_NODE_6082,22.0,142.0,False,False,not_pedestrian_only_phase
120.0,NODE_8452,3846603653,2,0,GGr,r,False,False,5,ped_2_0_NODE_8452|ped_2_1_NODE_8452|ped_2_2_NODE_8452|ped_2_3_NODE_8452|ped_2_4_NODE_8452,54.0,174.0,False,False,ped_link_not_green
120.0,NODE_6082,11449716078,5,0,gGrrrGr,G,True,False,4,ped_1_4_LINK_212169|ped_3_2_NODE_6082|ped_3_3_NODE_6082|ped_3_4_NODE_6082,22.0,142.0,False,False,not_pedestrian_only_phase
120.0,NODE_6123,7300992884,5,0,GgGrrrr,r,False,False,0,,39.0,159.0,False,False,ped_link_not_green
120.0,NODE_8426,3849142980,16,3,rrrrgggGrrrrrrrrGrGG,G,True,False,2,ped_5_0_NODE_8426|ped_5_3_NODE_8426,12.0,132.0,False,False,not_pedestrian_only_phase
120.0,NODE_74388,436883130,16,0,GGrrrrrrgGrrrrrrG,G,True,False,5,ped_6_0_NODE_74388|ped_6_1_NODE_74388|ped_6_2_NODE_74388|ped_6_3_NODE_74388|ped_6_4_NODE_74388,13.0,133.0,False,False,not_pedestrian_only_phase
120.0,NODE_10273,3846533030,12,0,rrrgGGgGGrrGr,r,False,False,0,,11.0,131.0,False,False,ped_link_not_green
120.5,LINK_212169,11449716078,5,0,gGrrrGr,G,True,False,3,ped_3_2_NODE_6082|ped_3_3_NODE_6082|ped_3_4_NODE_6082,21.5,142.0,False,False,not_pedestrian_only_phase
120.5,NODE_8452,3846603653,2,0,GGr,r,False,False,5,ped_2_0_NODE_8452|ped_2_1_NODE_8452|ped_2_2_NODE_8452|ped_2_3_NODE_8452|ped_2_4_NODE_8452,53.5,174.0,False,False,ped_link_not_green
120.5,NODE_6082,11449716078,5,0,gGrrrGr,G,True,False,3,ped_3_2_NODE_6082|ped_3_3_NODE_6082|ped_3_4_NODE_6082,21.5,142.0,False,False,not_pedestrian_only_phase
120.5,NODE_6123,7300992884,5,0,GgGrrrr,r,False,False,0,,38.5,159.0,False,False,ped_link_not_green
120.5,NODE_8426,3849142980,16,3,rrrrgggGrrrrrrrrGrGG,G,True,False,2,ped_5_0_NODE_8426|ped_5_3_NODE_8426,11.5,132.0,False,False,not_pedestrian_only_phase
120.5,NODE_74388,436883130,16,0,GGrrrrrrgGrrrrrrG,G,True,False,5,ped_6_0_NODE_74388|ped_6_1_NODE_74388|ped_6_2_NODE_74388|ped_6_3_NODE_74388|ped_6_4_NODE_74388,12.5,133.0,False,False,not_pedestrian_only_phase
120.5,NODE_10273,3846533030,12,0,rrrgGGgGGrrGr,r,False,False,0,,10.5,131.0,False,False,ped_link_not_green
121.0,LINK_212169,11449716078,5,0,gGrrrGr,G,True,False,2,ped_3_2_NODE_6082|ped_3_3_NODE_6082,21.0,142.0,False,False,not_pedestrian_only_phase
121.0,NODE_8452,3846603653,2,0,GGr,r,False,False,5,ped_2_0_NODE_8452|ped_2_1_NODE_8452|ped_2_2_NODE_8452|ped_2_3_NODE_8452|ped_2_4_NODE_8452,53.0,174.0,False,False,ped_link_not_green
121.0,NODE_6082,11449716078,5,0,gGrrrGr,G,True,False,2,ped_3_2_NODE_6082|ped_3_3_NODE_6082,21.0,142.0,False,False,not_pedestrian_only_phase
121.0,NODE_6123,7300992884,5,0,GgGrrrr,r,False,False,0,,38.0,159.0,False,False,ped_link_not_green
121.0,NODE_8426,3849142980,16,3,rrrrgggGrrrrrrrrGrGG,G,True,False,2,ped_5_0_NODE_8426|ped_5_3_NODE_8426,11.0,132.0,False,False,not_pedestrian_only_phase
121.0,NODE_74388,436883130,16,0,GGrrrrrrgGrrrrrrG,G,True,False,5,ped_6_0_NODE_74388|ped_6_1_NODE_74388|ped_6_2_NODE_74388|ped_6_3_NODE_74388|ped_6_4_NODE_74388,12.0,133.0,False,False,not_pedestrian_only_phase
121.0,NODE_10273,3846533030,12,0,rrrgGGgGGrrGr,r,False,False,0,,10.0,131.0,False,False,ped_link_not_green
121.5,LINK_212169,11449716078,5,0,gGrrrGr,G,True,False,1,ped_3_2_NODE_6082,20.5,142.0,False,False,not_pedestrian_only_phase
121.5,NODE_8452,3846603653,2,0,GGr,r,False,False,5,ped_2_0_NODE_8452|ped_2_1_NODE_8452|ped_2_2_NODE_8452|ped_2_3_NODE_8452|ped_2_4_NODE_8452,52.5,174.0,False,False,ped_link_not_green
121.5,NODE_6082,11449716078,5,0,gGrrrGr,G,True,False,1,ped_3_2_NODE_6082,20.5,142.0,False,False,not_pedestrian_only_phase
121.5,NODE_6123,7300992884,5,0,GgGrrrr,r,False,False,0,,37.5,159.0,False,False,ped_link_not_green
121.5,NODE_8426,3849142980,16,3,rrrrgggGrrrrrrrrGrGG,G,True,False,2,ped_5_0_NODE_8426|ped_5_3_NODE_8426,10.5,132.0,False,False,not_pedestrian_only_phase
121.5,NODE_74388,436883130,16,0,GGrrrrrrgGrrrrrrG,G,True,False,5,ped_6_0_NODE_74388|ped_6_1_NODE_74388|ped_6_2_NODE_74388|ped_6_3_NODE_74388|ped_6_4_NODE_74388,11.5,133.0,False,False,not_pedestrian_only_phase
121.5,NODE_10273,3846533030,12,0,rrrgGGgGGrrGr,r,False,False,0,,9.5,131.0,False,False,ped_link_not_green
122.0,LINK_212169,11449716078,5,0,gGrrrGr,G,True,False,1,ped_3_2_NODE_6082,20.0,142.0,False,False,not_pedestrian_only_phase
122.0,NODE_8452,3846603653,2,0,GGr,r,False,False,5,ped_2_0_NODE_8452|ped_2_1_NODE_8452|ped_2_2_NODE_8452|ped_2_3_NODE_8452|ped_2_4_NODE_8452,52.0,174.0,False,False,ped_link_not_green
122.0,NODE_6082,11449716078,5,0,gGrrrGr,G,True,False,1,ped_3_2_NODE_6082,20.0,142.0,False,False,not_pedestrian_only_phase
122.0,NODE_6123,7300992884,5,0,GgGrrrr,r,False,False,0,,37.0,159.0,False,False,ped_link_not_green
122.0,NODE_8426,3849142980,16,3,rrrrgggGrrrrrrrrGrGG,G,True,False,3,ped_5_0_NODE_8426|ped_5_3_NODE_8426|ped_5_4_NODE_8426,10.0,132.0,False,False,not_pedestrian_only_phase
122.0,NODE_74388,436883130,16,0,GGrrrrrrgGrrrrrrG,G,True,False,5,ped_6_0_NODE_74388|ped_6_1_NODE_74388|ped_6_2_NODE_74388|ped_6_3_NODE_74388|ped_6_4_NODE_74388,11.0,133.0,False,False,not_pedestrian_only_phase
122.0,NODE_10273,3846533030,12,0,rrrgGGgGGrrGr,r,False,False,0,,9.0,131.0,False,False,ped_link_not_green
122.5,LINK_212169,11449716078,5,0,gGrrrGr,G,True,False,0,,19.5,142.0,False,False,not_pedestrian_only_phase
122.5,NODE_8452,3846603653,2,0,GGr,r,False,False,5,ped_2_0_NODE_8452|ped_2_1_NODE_8452|ped_2_2_NODE_8452|ped_2_3_NODE_8452|ped_2_4_NODE_8452,51.5,174.0,False,False,ped_link_not_green
122.5,NODE_6082,11449716078,5,0,gGrrrGr,G,True,False,0,,19.5,142.0,False,False,not_pedestrian_only_phase
122.5,NODE_6123,7300992884,5,0,GgGrrrr,r,False,False,0,,36.5,159.0,False,False,ped_link_not_green
122.5,NODE_8426,3849142980,16,3,rrrrgggGrrrrrrrrGrGG,G,True,False,3,ped_5_0_NODE_8426|ped_5_3_NODE_8426|ped_5_4_NODE_8426,9.5,132.0,False,False,not_pedestrian_only_phase
122.5,NODE_74388,436883130,16,0,GGrrrrrrgGrrrrrrG,G,True,False,5,ped_6_0_NODE_74388|ped_6_1_NODE_74388|ped_6_2_NODE_74388|ped_6_3_NODE_74388|ped_6_4_NODE_74388,10.5,133.0,False,False,not_pedestrian_only_phase
122.5,NODE_10273,3846533030,12,0,rrrgGGgGGrrGr,r,False,False,0,,8.5,131.0,False,False,ped_link_not_green
123.0,LINK_212169,11449716078,5,0,gGrrrGr,G,True,False,0,,19.0,142.0,False,False,not_pedestrian_only_phase
123.0,NODE_8452,3846603653,2,0,GGr,r,False,False,5,ped_2_0_NODE_8452|ped_2_1_NODE_8452|ped_2_2_NODE_8452|ped_2_3_NODE_8452|ped_2_4_NODE_8452,51.0,174.0,False,False,ped_link_not_green
123.0,NODE_6082,11449716078,5,0,gGrrrGr,G,True,False,0,,19.0,142.0,False,False,not_pedestrian_only_phase
123.0,NODE_6123,7300992884,5,0,GgGrrrr,r,False,False,0,,36.0,159.0,False,False,ped_link_not_green
123.0,NODE_8426,3849142980,16,3,rrrrgggGrrrrrrrrGrGG,G,True,False,3,ped_5_0_NODE_8426|ped_5_3_NODE_8426|ped_5_4_NODE_8426,9.0,132.0,False,False,not_pedestrian_only_phase
123.0,NODE_74388,436883130,16,0,GGrrrrrrgGrrrrrrG,G,True,False,5,ped_6_0_NODE_74388|ped_6_1_NODE_74388|ped_6_2_NODE_74388|ped_6_3_NODE_74388|ped_6_4_NODE_74388,10.0,133.0,False,False,not_pedestrian_only_phase
123.0,NODE_10273,3846533030,12,0,rrrgGGgGGrrGr,r,False,False,0,,8.0,131.0,False,False,ped_link_not_green
123.5,LINK_212169,11449716078,5,0,gGrrrGr,G,True,False,0,,18.5,142.0,False,False,not_pedestrian_only_phase
123.5,NODE_8452,3846603653,2,0,GGr,r,False,False,5,ped_2_0_NODE_8452|ped_2_1_NODE_8452|ped_2_2_NODE_8452|ped_2_3_NODE_8452|ped_2_4_NODE_8452,50.5,174.0,False,False,ped_link_not_green
123.5,NODE_6082,11449716078,5,0,gGrrrGr,G,True,False,0,,18.5,142.0,False,False,not_pedestrian_only_phase
123.5,NODE_6123,7300992884,5,0,GgGrrrr,r,False,False,0,,35.5,159.0,False,False,ped_link_not_green
123.5,NODE_8426,3849142980,16,3,rrrrgggGrrrrrrrrGrGG,G,True,False,4,ped_5_0_NODE_8426|ped_5_2_NODE_8426|ped_5_3_NODE_8426|ped_5_4_NODE_8426,8.5,132.0,False,False,not_pedestrian_only_phase
123.5,NODE_74388,436883130,16,0,GGrrrrrrgGrrrrrrG,G,True,False,5,ped_6_0_NODE_74388|ped_6_1_NODE_74388|ped_6_2_NODE_74388|ped_6_3_NODE_74388|ped_6_4_NODE_74388,9.5,133.0,False,False,not_pedestrian_only_phase
123.5,NODE_10273,3846533030,12,0,rrrgGGgGGrrGr,r,False,False,0,,7.5,131.0,False,False,ped_link_not_green
124.0,LINK_212169,11449716078,5,0,gGrrrGr,G,True,False,0,,18.0,142.0,False,False,not_pedestrian_only_phase
124.0,NODE_8452,3846603653,2,0,GGr,r,False,False,5,ped_2_0_NODE_8452|ped_2_1_NODE_8452|ped_2_2_NODE_8452|ped_2_3_NODE_8452|ped_2_4_NODE_8452,50.0,174.0,False,False,ped_link_not_green
124.0,NODE_6082,11449716078,5,0,gGrrrGr,G,True,False,0,,18.0,142.0,False,False,not_pedestrian_only_phase
124.0,NODE_6123,7300992884,5,0,GgGrrrr,r,False,False,0,,35.0,159.0,False,False,ped_link_not_green
124.0,NODE_8426,3849142980,16,3,rrrrgggGrrrrrrrrGrGG,G,True,False,4,ped_5_0_NODE_8426|ped_5_2_NODE_8426|ped_5_3_NODE_8426|ped_5_4_NODE_8426,8.0,132.0,False,False,not_pedestrian_only_phase
124.0,NODE_74388,436883130,16,0,GGrrrrrrgGrrrrrrG,G,True,False,5,ped_6_0_NODE_74388|ped_6_1_NODE_74388|ped_6_2_NODE_74388|ped_6_3_NODE_74388|ped_6_4_NODE_74388,9.0,133.0,False,False,not_pedestrian_only_phase
124.0,NODE_10273,3846533030,12,0,rrrgGGgGGrrGr,r,False,False,0,,7.0,131.0,False,False,ped_link_not_green
124.5,LINK_212169,11449716078,5,0,gGrrrGr,G,True,False,0,,17.5,142.0,False,False,not_pedestrian_only_phase
124.5,NODE_8452,3846603653,2,0,GGr,r,False,False,5,ped_2_0_NODE_8452|ped_2_1_NODE_8452|ped_2_2_NODE_8452|ped_2_3_NODE_8452|ped_2_4_NODE_8452,49.5,174.0,False,False,ped_link_not_green
124.5,NODE_6082,11449716078,5,0,gGrrrGr,G,True,False,0,,17.5,142.0,False,False,not_pedestrian_only_phase
124.5,NODE_6123,7300992884,5,0,GgGrrrr,r,False,False,0,,34.5,159.0,False,False,ped_link_not_green
124.5,NODE_8426,3849142980,16,3,rrrrgggGrrrrrrrrGrGG,G,True,False,4,ped_5_0_NODE_8426|ped_5_2_NODE_8426|ped_5_3_NODE_8426|ped_5_4_NODE_8426,7.5,132.0,False,False,not_pedestrian_only_phase
124.5,NODE_74388,436883130,16,0,GGrrrrrrgGrrrrrrG,G,True,False,5,ped_6_0_NODE_74388|ped_6_1_NODE_74388|ped_6_2_NODE_74388|ped_6_3_NODE_74388|ped_6_4_NODE_74388,8.5,133.0,False,False,not_pedestrian_only_phase
124.5,NODE_10273,3846533030,12,0,rrrgGGgGGrrGr,r,False,False,0,,6.5,131.0,False,False,ped_link_not_green
125.0,LINK_212169,11449716078,5,0,gGrrrGr,G,True,False,0,,17.0,142.0,False,False,not_pedestrian_only_phase
125.0,NODE_8452,3846603653,2,0,GGr,r,False,False,5,ped_2_0_NODE_8452|ped_2_1_NODE_8452|ped_2_2_NODE_8452|ped_2_3_NODE_8452|ped_2_4_NODE_8452,49.0,174.0,False,False,ped_link_not_green
125.0,NODE_6082,11449716078,5,0,gGrrrGr,G,True,False,0,,17.0,142.0,False,False,not_pedestrian_only_phase
125.0,NODE_6123,7300992884,5,0,GgGrrrr,r,False,False,0,,34.0,159.0,False,False,ped_link_not_green
125.0,NODE_8426,3849142980,16,3,rrrrgggGrrrrrrrrGrGG,G,True,False,5,ped_5_0_NODE_8426|ped_5_1_NODE_8426|ped_5_2_NODE_8426|ped_5_3_NODE_8426|ped_5_4_NODE_8426,7.0,132.0,False,False,not_pedestrian_only_phase
125.0,NODE_74388,436883130,16,0,GGrrrrrrgGrrrrrrG,G,True,False,5,ped_6_0_NODE_74388|ped_6_1_NODE_74388|ped_6_2_NODE_74388|ped_6_3_NODE_74388|ped_6_4_NODE_74388,8.0,133.0,False,False,not_pedestrian_only_phase
125.0,NODE_10273,3846533030,12,0,rrrgGGgGGrrGr,r,False,False,0,,6.0,131.0,False,False,ped_link_not_green
125.5,LINK_212169,11449716078,5,0,gGrrrGr,G,True,False,0,,16.5,142.0,False,False,not_pedestrian_only_phase
125.5,NODE_8452,3846603653,2,0,GGr,r,False,False,5,ped_2_0_NODE_8452|ped_2_1_NODE_8452|ped_2_2_NODE_8452|ped_2_3_NODE_8452|ped_2_4_NODE_8452,48.5,174.0,False,False,ped_link_not_green
125.5,NODE_6082,11449716078,5,0,gGrrrGr,G,True,False,0,,16.5,142.0,False,False,not_pedestrian_only_phase
125.5,NODE_6123,7300992884,5,0,GgGrrrr,r,False,False,0,,33.5,159.0,False,False,ped_link_not_green
125.5,NODE_8426,3849142980,16,3,rrrrgggGrrrrrrrrGrGG,G,True,False,5,ped_5_0_NODE_8426|ped_5_1_NODE_8426|ped_5_2_NODE_8426|ped_5_3_NODE_8426|ped_5_4_NODE_8426,6.5,132.0,False,False,not_pedestrian_only_phase
125.5,NODE_74388,436883130,16,0,GGrrrrrrgGrrrrrrG,G,True,False,5,ped_6_0_NODE_74388|ped_6_1_NODE_74388|ped_6_2_NODE_74388|ped_6_3_NODE_74388|ped_6_4_NODE_74388,7.5,133.0,False,False,not_pedestrian_only_phase
125.5,NODE_10273,3846533030,12,0,rrrgGGgGGrrGr,r,False,False,0,,5.5,131.0,False,False,ped_link_not_green
126.0,LINK_212169,11449716078,5,0,gGrrrGr,G,True,False,0,,16.0,142.0,False,False,not_pedestrian_only_phase
126.0,NODE_8452,3846603653,2,0,GGr,r,False,False,5,ped_2_0_NODE_8452|ped_2_1_NODE_8452|ped_2_2_NODE_8452|ped_2_3_NODE_8452|ped_2_4_NODE_8452,48.0,174.0,False,False,ped_link_not_green
126.0,NODE_6082,11449716078,5,0,gGrrrGr,G,True,False,0,,16.0,142.0,False,False,not_pedestrian_only_phase
126.0,NODE_6123,7300992884,5,0,GgGrrrr,r,False,False,0,,33.0,159.0,False,False,ped_link_not_green
126.0,NODE_8426,3849142980,16,3,rrrrgggGrrrrrrrrGrGG,G,True,False,5,ped_5_0_NODE_8426|ped_5_1_NODE_8426|ped_5_2_NODE_8426|ped_5_3_NODE_8426|ped_5_4_NODE_8426,6.0,132.0,False,False,not_pedestrian_only_phase
126.0,NODE_74388,436883130,16,0,GGrrrrrrgGrrrrrrG,G,True,False,5,ped_6_0_NODE_74388|ped_6_1_NODE_74388|ped_6_2_NODE_74388|ped_6_3_NODE_74388|ped_6_4_NODE_74388,7.0,133.0,False,False,not_pedestrian_only_phase
126.0,NODE_10273,3846533030,12,0,rrrgGGgGGrrGr,r,False,False,0,,5.0,131.0,False,False,ped_link_not_green
126.5,LINK_212169,11449716078,5,0,gGrrrGr,G,True,False,0,,15.5,142.0,False,False,not_pedestrian_only_phase
126.5,NODE_8452,3846603653,2,0,GGr,r,False,False,5,ped_2_0_NODE_8452|ped_2_1_NODE_8452|ped_2_2_NODE_8452|ped_2_3_NODE_8452|ped_2_4_NODE_8452,47.5,174.0,False,False,ped_link_not_green
126.5,NODE_6082,11449716078,5,0,gGrrrGr,G,True,False,0,,15.5,142.0,False,False,not_pedestrian_only_phase
126.5,NODE_6123,7300992884,5,0,GgGrrrr,r,False,False,0,,32.5,159.0,False,False,ped_link_not_green
126.5,NODE_8426,3849142980,16,3,rrrrgggGrrrrrrrrGrGG,G,True,False,5,ped_5_0_NODE_8426|ped_5_1_NODE_8426|ped_5_2_NODE_8426|ped_5_3_NODE_8426|ped_5_4_NODE_8426,5.5,132.0,False,False,not_pedestrian_only_phase
126.5,NODE_74388,436883130,16,0,GGrrrrrrgGrrrrrrG,G,True,False,5,ped_6_0_NODE_74388|ped_6_1_NODE_74388|ped_6_2_NODE_74388|ped_6_3_NODE_74388|ped_6_4_NODE_74388,6.5,133.0,False,False,not_pedestrian_only_phase
126.5,NODE_10273,3846533030,12,0,rrrgGGgGGrrGr,r,False,False,0,,4.5,131.0,False,False,ped_link_not_green
127.0,LINK_212169,11449716078,5,0,gGrrrGr,G,True,False,0,,15.0,142.0,False,False,not_pedestrian_only_phase
127.0,NODE_8452,3846603653,2,0,GGr,r,False,False,5,ped_2_0_NODE_8452|ped_2_1_NODE_8452|ped_2_2_NODE_8452|ped_2_3_NODE_8452|ped_2_4_NODE_8452,47.0,174.0,False,False,ped_link_not_green
127.0,NODE_6082,11449716078,5,0,gGrrrGr,G,True,False,0,,15.0,142.0,False,False,not_pedestrian_only_phase
127.0,NODE_6123,7300992884,5,0,GgGrrrr,r,False,False,0,,32.0,159.0,False,False,ped_link_not_green
127.0,NODE_8426,3849142980,16,3,rrrrgggGrrrrrrrrGrGG,G,True,False,5,ped_5_0_NODE_8426|ped_5_1_NODE_8426|ped_5_2_NODE_8426|ped_5_3_NODE_8426|ped_5_4_NODE_8426,5.0,132.0,False,False,not_pedestrian_only_phase
127.0,NODE_74388,436883130,16,0,GGrrrrrrgGrrrrrrG,G,True,False,5,ped_6_0_NODE_74388|ped_6_1_NODE_74388|ped_6_2_NODE_74388|ped_6_3_NODE_74388|ped_6_4_NODE_74388,6.0,133.0,False,False,not_pedestrian_only_phase
127.0,NODE_10273,3846533030,12,0,rrrgGGgGGrrGr,r,False,False,0,,4.0,131.0,False,False,ped_link_not_green
127.5,LINK_212169,11449716078,5,0,gGrrrGr,G,True,False,0,,14.5,142.0,False,False,not_pedestrian_only_phase
127.5,NODE_8452,3846603653,2,0,GGr,r,False,False,5,ped_2_0_NODE_8452|ped_2_1_NODE_8452|ped_2_2_NODE_8452|ped_2_3_NODE_8452|ped_2_4_NODE_8452,46.5,174.0,False,False,ped_link_not_green
127.5,NODE_6082,11449716078,5,0,gGrrrGr,G,True,False,0,,14.5,142.0,False,False,not_pedestrian_only_phase
127.5,NODE_6123,7300992884,5,0,GgGrrrr,r,False,False,0,,31.5,159.0,False,False,ped_link_not_green
127.5,NODE_8426,3849142980,16,3,rrrrgggGrrrrrrrrGrGG,G,True,False,5,ped_5_0_NODE_8426|ped_5_1_NODE_8426|ped_5_2_NODE_8426|ped_5_3_NODE_8426|ped_5_4_NODE_8426,4.5,132.0,False,False,not_pedestrian_only_phase
127.5,NODE_74388,436883130,16,0,GGrrrrrrgGrrrrrrG,G,True,False,5,ped_6_0_NODE_74388|ped_6_1_NODE_74388|ped_6_2_NODE_74388|ped_6_3_NODE_74388|ped_6_4_NODE_74388,5.5,133.0,False,False,not_pedestrian_only_phase
127.5,NODE_10273,3846533030,12,0,rrrgGGgGGrrGr,r,False,False,0,,3.5,131.0,False,False,ped_link_not_green
128.0,LINK_212169,11449716078,5,0,gGrrrGr,G,True,False,0,,14.0,142.0,False,False,not_pedestrian_only_phase
128.0,NODE_8452,3846603653,2,0,GGr,r,False,False,5,ped_2_0_NODE_8452|ped_2_1_NODE_8452|ped_2_2_NODE_8452|ped_2_3_NODE_8452|ped_2_4_NODE_8452,46.0,174.0,False,False,ped_link_not_green
128.0,NODE_6082,11449716078,5,0,gGrrrGr,G,True,False,0,,14.0,142.0,False,False,not_pedestrian_only_phase
128.0,NODE_6123,7300992884,5,0,GgGrrrr,r,False,False,0,,31.0,159.0,False,False,ped_link_not_green
128.0,NODE_8426,3849142980,16,3,rrrrgggGrrrrrrrrGrGG,G,True,False,5,ped_5_0_NODE_8426|ped_5_1_NODE_8426|ped_5_2_NODE_8426|ped_5_3_NODE_8426|ped_5_4_NODE_8426,4.0,132.0,False,False,not_pedestrian_only_phase
128.0,NODE_74388,436883130,16,0,GGrrrrrrgGrrrrrrG,G,True,False,5,ped_6_0_NODE_74388|ped_6_1_NODE_74388|ped_6_2_NODE_74388|ped_6_3_NODE_74388|ped_6_4_NODE_74388,5.0,133.0,False,False,not_pedestrian_only_phase
128.0,NODE_10273,3846533030,12,0,rrrgGGgGGrrGr,r,False,False,0,,3.0,131.0,False,False,ped_link_not_green
128.5,LINK_212169,11449716078,5,0,gGrrrGr,G,True,False,0,,13.5,142.0,False,False,not_pedestrian_only_phase
128.5,NODE_8452,3846603653,2,0,GGr,r,False,False,5,ped_2_0_NODE_8452|ped_2_1_NODE_8452|ped_2_2_NODE_8452|ped_2_3_NODE_8452|ped_2_4_NODE_8452,45.5,174.0,False,False,ped_link_not_green
128.5,NODE_6082,11449716078,5,0,gGrrrGr,G,True,False,0,,13.5,142.0,False,False,not_pedestrian_only_phase
128.5,NODE_6123,7300992884,5,0,GgGrrrr,r,False,False,0,,30.5,159.0,False,False,ped_link_not_green
128.5,NODE_8426,3849142980,16,3,rrrrgggGrrrrrrrrGrGG,G,True,False,5,ped_5_0_NODE_8426|ped_5_1_NODE_8426|ped_5_2_NODE_8426|ped_5_3_NODE_8426|ped_5_4_NODE_8426,3.5,132.0,False,False,not_pedestrian_only_phase
128.5,NODE_74388,436883130,16,0,GGrrrrrrgGrrrrrrG,G,True,False,5,ped_6_0_NODE_74388|ped_6_1_NODE_74388|ped_6_2_NODE_74388|ped_6_3_NODE_74388|ped_6_4_NODE_74388,4.5,133.0,False,False,not_pedestrian_only_phase
128.5,NODE_10273,3846533030,12,0,rrrgGGgGGrrGr,r,False,False,0,,2.5,131.0,False,False,ped_link_not_green
129.0,LINK_212169,11449716078,5,0,gGrrrGr,G,True,False,0,,13.0,142.0,False,False,not_pedestrian_only_phase
129.0,NODE_8452,3846603653,2,0,GGr,r,False,False,5,ped_2_0_NODE_8452|ped_2_1_NODE_8452|ped_2_2_NODE_8452|ped_2_3_NODE_8452|ped_2_4_NODE_8452,45.0,174.0,False,False,ped_link_not_green
129.0,NODE_6082,11449716078,5,0,gGrrrGr,G,True,False,0,,13.0,142.0,False,False,not_pedestrian_only_phase
129.0,NODE_6123,7300992884,5,0,GgGrrrr,r,False,False,0,,30.0,159.0,False,False,ped_link_not_green
129.0,NODE_8426,3849142980,16,3,rrrrgggGrrrrrrrrGrGG,G,True,False,5,ped_5_0_NODE_8426|ped_5_1_NODE_8426|ped_5_2_NODE_8426|ped_5_3_NODE_8426|ped_5_4_NODE_8426,3.0,132.0,False,False,not_pedestrian_only_phase
129.0,NODE_74388,436883130,16,0,GGrrrrrrgGrrrrrrG,G,True,False,5,ped_6_0_NODE_74388|ped_6_1_NODE_74388|ped_6_2_NODE_74388|ped_6_3_NODE_74388|ped_6_4_NODE_74388,4.0,133.0,False,False,not_pedestrian_only_phase
129.0,NODE_10273,3846533030,12,0,rrrgGGgGGrrGr,r,False,False,0,,2.0,131.0,False,False,ped_link_not_green
129.5,LINK_212169,11449716078,5,0,gGrrrGr,G,True,False,0,,12.5,142.0,False,False,not_pedestrian_only_phase
129.5,NODE_8452,3846603653,2,0,GGr,r,False,False,5,ped_2_0_NODE_8452|ped_2_1_NODE_8452|ped_2_2_NODE_8452|ped_2_3_NODE_8452|ped_2_4_NODE_8452,44.5,174.0,False,False,ped_link_not_green
129.5,NODE_6082,11449716078,5,0,gGrrrGr,G,True,False,0,,12.5,142.0,False,False,not_pedestrian_only_phase
129.5,NODE_6123,7300992884,5,0,GgGrrrr,r,False,False,0,,29.5,159.0,False,False,ped_link_not_green
129.5,NODE_8426,3849142980,16,3,rrrrgggGrrrrrrrrGrGG,G,True,False,5,ped_5_0_NODE_8426|ped_5_1_NODE_8426|ped_5_2_NODE_8426|ped_5_3_NODE_8426|ped_5_4_NODE_8426,2.5,132.0,False,False,not_pedestrian_only_phase
129.5,NODE_74388,436883130,16,0,GGrrrrrrgGrrrrrrG,G,True,False,5,ped_6_0_NODE_74388|ped_6_1_NODE_74388|ped_6_2_NODE_74388|ped_6_3_NODE_74388|ped_6_4_NODE_74388,3.5,133.0,False,False,not_pedestrian_only_phase
129.5,NODE_10273,3846533030,12,0,rrrgGGgGGrrGr,r,False,False,0,,1.5,131.0,False,False,ped_link_not_green
130.0,LINK_212169,11449716078,5,0,gGrrrGr,G,True,False,0,,12.0,142.0,False,False,not_pedestrian_only_phase
130.0,NODE_8452,3846603653,2,0,GGr,r,False,False,5,ped_2_0_NODE_8452|ped_2_1_NODE_8452|ped_2_2_NODE_8452|ped_2_3_NODE_8452|ped_2_4_NODE_8452,44.0,174.0,False,False,ped_link_not_green
130.0,NODE_6082,11449716078,5,0,gGrrrGr,G,True,False,0,,12.0,142.0,False,False,not_pedestrian_only_phase
130.0,NODE_6123,7300992884,5,0,GgGrrrr,r,False,False,0,,29.0,159.0,False,False,ped_link_not_green
130.0,NODE_8426,3849142980,16,3,rrrrgggGrrrrrrrrGrGG,G,True,False,5,ped_5_0_NODE_8426|ped_5_1_NODE_8426|ped_5_2_NODE_8426|ped_5_3_NODE_8426|ped_5_4_NODE_8426,2.0,132.0,False,False,not_pedestrian_only_phase
130.0,NODE_74388,436883130,16,0,GGrrrrrrgGrrrrrrG,G,True,False,5,ped_6_0_NODE_74388|ped_6_1_NODE_74388|ped_6_2_NODE_74388|ped_6_3_NODE_74388|ped_6_4_NODE_74388,3.0,133.0,False,False,not_pedestrian_only_phase
130.0,NODE_10273,3846533030,12,0,rrrgGGgGGrrGr,r,False,False,0,,1.0,131.0,False,False,ped_link_not_green
130.5,LINK_212169,11449716078,5,0,gGrrrGr,G,True,False,0,,11.5,142.0,False,False,not_pedestrian_only_phase
130.5,NODE_8452,3846603653,2,0,GGr,r,False,False,5,ped_2_0_NODE_8452|ped_2_1_NODE_8452|ped_2_2_NODE_8452|ped_2_3_NODE_8452|ped_2_4_NODE_8452,43.5,174.0,False,False,ped_link_not_green
130.5,NODE_6082,11449716078,5,0,gGrrrGr,G,True,False,0,,11.5,142.0,False,False,not_pedestrian_only_phase
130.5,NODE_6123,7300992884,5,0,GgGrrrr,r,False,False,0,,28.5,159.0,False,False,ped_link_not_green
130.5,NODE_8426,3849142980,16,3,rrrrgggGrrrrrrrrGrGG,G,True,False,5,ped_5_0_NODE_8426|ped_5_1_NODE_8426|ped_5_2_NODE_8426|ped_5_3_NODE_8426|ped_5_4_NODE_8426,1.5,132.0,False,False,not_pedestrian_only_phase
130.5,NODE_74388,436883130,16,0,GGrrrrrrgGrrrrrrG,G,True,False,5,ped_6_0_NODE_74388|ped_6_1_NODE_74388|ped_6_2_NODE_74388|ped_6_3_NODE_74388|ped_6_4_NODE_74388,2.5,133.0,False,False,not_pedestrian_only_phase
130.5,NODE_10273,3846533030,12,0,rrrgGGgGGrrGr,r,False,False,0,,0.5,131.0,False,False,ped_link_not_green
131.0,LINK_212169,11449716078,5,0,gGrrrGr,G,True,False,0,,11.0,142.0,False,False,not_pedestrian_only_phase
131.0,NODE_8452,3846603653,2,0,GGr,r,False,False,5,ped_2_0_NODE_8452|ped_2_1_NODE_8452|ped_2_2_NODE_8452|ped_2_3_NODE_8452|ped_2_4_NODE_8452,43.0,174.0,False,False,ped_link_not_green
131.0,NODE_6082,11449716078,5,0,gGrrrGr,G,True,False,0,,11.0,142.0,False,False,not_pedestrian_only_phase
131.0,NODE_6123,7300992884,5,0,GgGrrrr,r,False,False,0,,28.0,159.0,False,False,ped_link_not_green
131.0,NODE_8426,3849142980,16,3,rrrrgggGrrrrrrrrGrGG,G,True,False,5,ped_5_0_NODE_8426|ped_5_1_NODE_8426|ped_5_2_NODE_8426|ped_5_3_NODE_8426|ped_5_4_NODE_8426,1.0,132.0,False,False,not_pedestrian_only_phase
131.0,NODE_74388,436883130,16,0,GGrrrrrrgGrrrrrrG,G,True,False,5,ped_6_0_NODE_74388|ped_6_1_NODE_74388|ped_6_2_NODE_74388|ped_6_3_NODE_74388|ped_6_4_NODE_74388,2.0,133.0,False,False,not_pedestrian_only_phase
131.0,NODE_10273,3846533030,12,0,rrrgGGgGGrrGr,r,False,False,0,,0.0,131.0,False,False,ped_link_not_green
131.5,LINK_212169,11449716078,5,0,gGrrrGr,G,True,False,0,,10.5,142.0,False,False,not_pedestrian_only_phase
131.5,NODE_8452,3846603653,2,0,GGr,r,False,False,5,ped_2_0_NODE_8452|ped_2_1_NODE_8452|ped_2_2_NODE_8452|ped_2_3_NODE_8452|ped_2_4_NODE_8452,42.5,174.0,False,False,ped_link_not_green
131.5,NODE_6082,11449716078,5,0,gGrrrGr,G,True,False,0,,10.5,142.0,False,False,not_pedestrian_only_phase
131.5,NODE_6123,7300992884,5,0,GgGrrrr,r,False,False,0,,27.5,159.0,False,False,ped_link_not_green
131.5,NODE_8426,3849142980,16,3,rrrrgggGrrrrrrrrGrGG,G,True,False,5,ped_5_0_NODE_8426|ped_5_1_NODE_8426|ped_5_2_NODE_8426|ped_5_3_NODE_8426|ped_5_4_NODE_8426,0.5,132.0,False,False,not_pedestrian_only_phase
131.5,NODE_74388,436883130,16,0,GGrrrrrrgGrrrrrrG,G,True,False,5,ped_6_0_NODE_74388|ped_6_1_NODE_74388|ped_6_2_NODE_74388|ped_6_3_NODE_74388|ped_6_4_NODE_74388,1.5,133.0,False,False,not_pedestrian_only_phase
131.5,NODE_10273,3846533030,12,1,rrrgGGgGGrrrr,r,False,False,0,,2.5,134.0,False,False,ped_link_not_green
132.0,LINK_212169,11449716078,5,0,gGrrrGr,G,True,False,0,,10.0,142.0,False,False,not_pedestrian_only_phase
132.0,NODE_8452,3846603653,2,0,GGr,r,False,False,5,ped_2_0_NODE_8452|ped_2_1_NODE_8452|ped_2_2_NODE_8452|ped_2_3_NODE_8452|ped_2_4_NODE_8452,42.0,174.0,False,False,ped_link_not_green
132.0,NODE_6082,11449716078,5,0,gGrrrGr,G,True,False,0,,10.0,142.0,False,False,not_pedestrian_only_phase
132.0,NODE_6123,7300992884,5,0,GgGrrrr,r,False,False,0,,27.0,159.0,False,False,ped_link_not_green
132.0,NODE_8426,3849142980,16,3,rrrrgggGrrrrrrrrGrGG,G,True,False,5,ped_5_0_NODE_8426|ped_5_1_NODE_8426|ped_5_2_NODE_8426|ped_5_3_NODE_8426|ped_5_4_NODE_8426,0.0,132.0,False,False,not_pedestrian_only_phase
132.0,NODE_74388,436883130,16,0,GGrrrrrrgGrrrrrrG,G,True,False,5,ped_6_0_NODE_74388|ped_6_1_NODE_74388|ped_6_2_NODE_74388|ped_6_3_NODE_74388|ped_6_4_NODE_74388,1.0,133.0,False,False,not_pedestrian_only_phase
132.0,NODE_10273,3846533030,12,1,rrrgGGgGGrrrr,r,False,False,0,,2.0,134.0,False,False,ped_link_not_green
132.5,LINK_212169,11449716078,5,0,gGrrrGr,G,True,False,0,,9.5,142.0,False,False,not_pedestrian_only_phase
132.5,NODE_8452,3846603653,2,0,GGr,r,False,False,5,ped_2_0_NODE_8452|ped_2_1_NODE_8452|ped_2_2_NODE_8452|ped_2_3_NODE_8452|ped_2_4_NODE_8452,41.5,174.0,False,False,ped_link_not_green
132.5,NODE_6082,11449716078,5,0,gGrrrGr,G,True,False,0,,9.5,142.0,False,False,not_pedestrian_only_phase
132.5,NODE_6123,7300992884,5,0,GgGrrrr,r,False,False,0,,26.5,159.0,False,False,ped_link_not_green
132.5,NODE_8426,3849142980,16,4,rrrrgggGrrrrrrrrrrrr,r,False,False,5,ped_5_0_NODE_8426|ped_5_1_NODE_8426|ped_5_2_NODE_8426|ped_5_3_NODE_8426|ped_5_4_NODE_8426,2.5,135.0,False,False,ped_link_not_green
132.5,NODE_74388,436883130,16,0,GGrrrrrrgGrrrrrrG,G,True,False,5,ped_6_0_NODE_74388|ped_6_1_NODE_74388|ped_6_2_NODE_74388|ped_6_3_NODE_74388|ped_6_4_NODE_74388,0.5,133.0,False,False,not_pedestrian_only_phase
132.5,NODE_10273,3846533030,12,1,rrrgGGgGGrrrr,r,False,False,0,,1.5,134.0,False,False,ped_link_not_green
133.0,LINK_212169,11449716078,5,0,gGrrrGr,G,True,False,0,,9.0,142.0,False,False,not_pedestrian_only_phase
133.0,NODE_8452,3846603653,2,0,GGr,r,False,False,5,ped_2_0_NODE_8452|ped_2_1_NODE_8452|ped_2_2_NODE_8452|ped_2_3_NODE_8452|ped_2_4_NODE_8452,41.0,174.0,False,False,ped_link_not_green
133.0,NODE_6082,11449716078,5,0,gGrrrGr,G,True,False,0,,9.0,142.0,False,False,not_pedestrian_only_phase
133.0,NODE_6123,7300992884,5,0,GgGrrrr,r,False,False,0,,26.0,159.0,False,False,ped_link_not_green
133.0,NODE_8426,3849142980,16,4,rrrrgggGrrrrrrrrrrrr,r,False,False,5,ped_5_0_NODE_8426|ped_5_1_NODE_8426|ped_5_2_NODE_8426|ped_5_3_NODE_8426|ped_5_4_NODE_8426,2.0,135.0,False,False,ped_link_not_green
133.0,NODE_74388,436883130,16,0,GGrrrrrrgGrrrrrrG,G,True,False,5,ped_6_0_NODE_74388|ped_6_1_NODE_74388|ped_6_2_NODE_74388|ped_6_3_NODE_74388|ped_6_4_NODE_74388,0.0,133.0,False,False,not_pedestrian_only_phase
133.0,NODE_10273,3846533030,12,1,rrrgGGgGGrrrr,r,False,False,0,,1.0,134.0,False,False,ped_link_not_green
133.5,LINK_212169,11449716078,5,0,gGrrrGr,G,True,False,0,,8.5,142.0,False,False,not_pedestrian_only_phase
133.5,NODE_8452,3846603653,2,0,GGr,r,False,False,5,ped_2_0_NODE_8452|ped_2_1_NODE_8452|ped_2_2_NODE_8452|ped_2_3_NODE_8452|ped_2_4_NODE_8452,40.5,174.0,False,False,ped_link_not_green
133.5,NODE_6082,11449716078,5,0,gGrrrGr,G,True,False,0,,8.5,142.0,False,False,not_pedestrian_only_phase
133.5,NODE_6123,7300992884,5,0,GgGrrrr,r,False,False,0,,25.5,159.0,False,False,ped_link_not_green
133.5,NODE_8426,3849142980,16,4,rrrrgggGrrrrrrrrrrrr,r,False,False,5,ped_5_0_NODE_8426|ped_5_1_NODE_8426|ped_5_2_NODE_8426|ped_5_3_NODE_8426|ped_5_4_NODE_8426,1.5,135.0,False,False,ped_link_not_green
133.5,NODE_74388,436883130,16,1,GGrrrrrrgGrrrrrrr,r,False,False,5,ped_6_0_NODE_74388|ped_6_1_NODE_74388|ped_6_2_NODE_74388|ped_6_3_NODE_74388|ped_6_4_NODE_74388,2.5,136.0,False,False,ped_link_not_green
133.5,NODE_10273,3846533030,12,1,rrrgGGgGGrrrr,r,False,False,0,,0.5,134.0,False,False,ped_link_not_green
134.0,LINK_212169,11449716078,5,0,gGrrrGr,G,True,False,0,,8.0,142.0,False,False,not_pedestrian_only_phase
134.0,NODE_8452,3846603653,2,0,GGr,r,False,False,5,ped_2_0_NODE_8452|ped_2_1_NODE_8452|ped_2_2_NODE_8452|ped_2_3_NODE_8452|ped_2_4_NODE_8452,40.0,174.0,False,False,ped_link_not_green
134.0,NODE_6082,11449716078,5,0,gGrrrGr,G,True,False,0,,8.0,142.0,False,False,not_pedestrian_only_phase
134.0,NODE_6123,7300992884,5,0,GgGrrrr,r,False,False,0,,25.0,159.0,False,False,ped_link_not_green
134.0,NODE_8426,3849142980,16,4,rrrrgggGrrrrrrrrrrrr,r,False,False,5,ped_5_0_NODE_8426|ped_5_1_NODE_8426|ped_5_2_NODE_8426|ped_5_3_NODE_8426|ped_5_4_NODE_8426,1.0,135.0,False,False,ped_link_not_green
134.0,NODE_74388,436883130,16,1,GGrrrrrrgGrrrrrrr,r,False,False,5,ped_6_0_NODE_74388|ped_6_1_NODE_74388|ped_6_2_NODE_74388|ped_6_3_NODE_74388|ped_6_4_NODE_74388,2.0,136.0,False,False,ped_link_not_green
134.0,NODE_10273,3846533030,12,1,rrrgGGgGGrrrr,r,False,False,0,,0.0,134.0,False,False,ped_link_not_green
134.5,LINK_212169,11449716078,5,0,gGrrrGr,G,True,False,0,,7.5,142.0,False,False,not_pedestrian_only_phase
134.5,NODE_8452,3846603653,2,0,GGr,r,False,False,5,ped_2_0_NODE_8452|ped_2_1_NODE_8452|ped_2_2_NODE_8452|ped_2_3_NODE_8452|ped_2_4_NODE_8452,39.5,174.0,False,False,ped_link_not_green
134.5,NODE_6082,11449716078,5,0,gGrrrGr,G,True,False,0,,7.5,142.0,False,False,not_pedestrian_only_phase
134.5,NODE_6123,7300992884,5,0,GgGrrrr,r,False,False,0,,24.5,159.0,False,False,ped_link_not_green
134.5,NODE_8426,3849142980,16,4,rrrrgggGrrrrrrrrrrrr,r,False,False,5,ped_5_0_NODE_8426|ped_5_1_NODE_8426|ped_5_2_NODE_8426|ped_5_3_NODE_8426|ped_5_4_NODE_8426,0.5,135.0,False,False,ped_link_not_green
134.5,NODE_74388,436883130,16,1,GGrrrrrrgGrrrrrrr,r,False,False,5,ped_6_0_NODE_74388|ped_6_1_NODE_74388|ped_6_2_NODE_74388|ped_6_3_NODE_74388|ped_6_4_NODE_74388,1.5,136.0,False,False,ped_link_not_green
134.5,NODE_10273,3846533030,12,2,rrryyyyGGrrrr,r,False,False,0,,5.5,140.0,False,False,ped_link_not_green
135.0,LINK_212169,11449716078,5,0,gGrrrGr,G,True,False,0,,7.0,142.0,False,False,not_pedestrian_only_phase
135.0,NODE_8452,3846603653,2,0,GGr,r,False,False,5,ped_2_0_NODE_8452|ped_2_1_NODE_8452|ped_2_2_NODE_8452|ped_2_3_NODE_8452|ped_2_4_NODE_8452,39.0,174.0,False,False,ped_link_not_green
135.0,NODE_6082,11449716078,5,0,gGrrrGr,G,True,False,0,,7.0,142.0,False,False,not_pedestrian_only_phase
135.0,NODE_6123,7300992884,5,0,GgGrrrr,r,False,False,0,,24.0,159.0,False,False,ped_link_not_green
135.0,NODE_8426,3849142980,16,4,rrrrgggGrrrrrrrrrrrr,r,False,False,5,ped_5_0_NODE_8426|ped_5_1_NODE_8426|ped_5_2_NODE_8426|ped_5_3_NODE_8426|ped_5_4_NODE_8426,0.0,135.0,False,False,ped_link_not_green
135.0,NODE_74388,436883130,16,1,GGrrrrrrgGrrrrrrr,r,False,False,5,ped_6_0_NODE_74388|ped_6_1_NODE_74388|ped_6_2_NODE_74388|ped_6_3_NODE_74388|ped_6_4_NODE_74388,1.0,136.0,False,False,ped_link_not_green
135.0,NODE_10273,3846533030,12,2,rrryyyyGGrrrr,r,False,False,0,,5.0,140.0,False,False,ped_link_not_green
135.5,LINK_212169,11449716078,5,0,gGrrrGr,G,True,False,0,,6.5,142.0,False,False,not_pedestrian_only_phase
135.5,NODE_8452,3846603653,2,0,GGr,r,False,False,5,ped_2_0_NODE_8452|ped_2_1_NODE_8452|ped_2_2_NODE_8452|ped_2_3_NODE_8452|ped_2_4_NODE_8452,38.5,174.0,False,False,ped_link_not_green
135.5,NODE_6082,11449716078,5,0,gGrrrGr,G,True,False,0,,6.5,142.0,False,False,not_pedestrian_only_phase
135.5,NODE_6123,7300992884,5,0,GgGrrrr,r,False,False,0,,23.5,159.0,False,False,ped_link_not_green
135.5,NODE_8426,3849142980,16,5,rrrryyyyrrrrrrrrrrrr,r,False,False,5,ped_5_0_NODE_8426|ped_5_1_NODE_8426|ped_5_2_NODE_8426|ped_5_3_NODE_8426|ped_5_4_NODE_8426,2.5,138.0,False,False,ped_link_not_green
135.5,NODE_74388,436883130,16,1,GGrrrrrrgGrrrrrrr,r,False,False,5,ped_6_0_NODE_74388|ped_6_1_NODE_74388|ped_6_2_NODE_74388|ped_6_3_NODE_74388|ped_6_4_NODE_74388,0.5,136.0,False,False,ped_link_not_green
135.5,NODE_10273,3846533030,12,2,rrryyyyGGrrrr,r,False,False,0,,4.5,140.0,False,False,ped_link_not_green
136.0,LINK_212169,11449716078,5,0,gGrrrGr,G,True,False,0,,6.0,142.0,False,False,not_pedestrian_only_phase
136.0,NODE_8452,3846603653,2,0,GGr,r,False,False,5,ped_2_0_NODE_8452|ped_2_1_NODE_8452|ped_2_2_NODE_8452|ped_2_3_NODE_8452|ped_2_4_NODE_8452,38.0,174.0,False,False,ped_link_not_green
136.0,NODE_6082,11449716078,5,0,gGrrrGr,G,True,False,0,,6.0,142.0,False,False,not_pedestrian_only_phase
136.0,NODE_6123,7300992884,5,0,GgGrrrr,r,False,False,0,,23.0,159.0,False,False,ped_link_not_green
136.0,NODE_8426,3849142980,16,5,rrrryyyyrrrrrrrrrrrr,r,False,False,5,ped_5_0_NODE_8426|ped_5_1_NODE_8426|ped_5_2_NODE_8426|ped_5_3_NODE_8426|ped_5_4_NODE_8426,2.0,138.0,False,False,ped_link_not_green
136.0,NODE_74388,436883130,16,1,GGrrrrrrgGrrrrrrr,r,False,False,5,ped_6_0_NODE_74388|ped_6_1_NODE_74388|ped_6_2_NODE_74388|ped_6_3_NODE_74388|ped_6_4_NODE_74388,0.0,136.0,False,False,ped_link_not_green
136.0,NODE_10273,3846533030,12,2,rrryyyyGGrrrr,r,False,False,0,,4.0,140.0,False,False,ped_link_not_green
136.5,LINK_212169,11449716078,5,0,gGrrrGr,G,True,False,0,,5.5,142.0,False,False,not_pedestrian_only_phase
136.5,NODE_8452,3846603653,2,0,GGr,r,False,False,3,ped_2_0_NODE_8452|ped_2_1_NODE_8452|ped_2_2_NODE_8452,37.5,174.0,False,False,ped_link_not_green
136.5,NODE_6082,11449716078,5,0,gGrrrGr,G,True,False,0,,5.5,142.0,False,False,not_pedestrian_only_phase
136.5,NODE_6123,7300992884,5,0,GgGrrrr,r,False,False,0,,22.5,159.0,False,False,ped_link_not_green
136.5,NODE_8426,3849142980,16,5,rrrryyyyrrrrrrrrrrrr,r,False,False,5,ped_5_0_NODE_8426|ped_5_1_NODE_8426|ped_5_2_NODE_8426|ped_5_3_NODE_8426|ped_5_4_NODE_8426,1.5,138.0,False,False,ped_link_not_green
136.5,NODE_74388,436883130,16,2,yyrrrrrryyrrrrrrr,r,False,False,5,ped_6_0_NODE_74388|ped_6_1_NODE_74388|ped_6_2_NODE_74388|ped_6_3_NODE_74388|ped_6_4_NODE_74388,4.5,141.0,False,False,ped_link_not_green
136.5,NODE_10273,3846533030,12,2,rrryyyyGGrrrr,r,False,False,0,,3.5,140.0,False,False,ped_link_not_green
137.0,LINK_212169,11449716078,5,0,gGrrrGr,G,True,False,0,,5.0,142.0,False,False,not_pedestrian_only_phase
137.0,NODE_8452,3846603653,2,0,GGr,r,False,False,3,ped_2_0_NODE_8452|ped_2_1_NODE_8452|ped_2_2_NODE_8452,37.0,174.0,False,False,ped_link_not_green
137.0,NODE_6082,11449716078,5,0,gGrrrGr,G,True,False,0,,5.0,142.0,False,False,not_pedestrian_only_phase
137.0,NODE_6123,7300992884,5,0,GgGrrrr,r,False,False,0,,22.0,159.0,False,False,ped_link_not_green
137.0,NODE_8426,3849142980,16,5,rrrryyyyrrrrrrrrrrrr,r,False,False,5,ped_5_0_NODE_8426|ped_5_1_NODE_8426|ped_5_2_NODE_8426|ped_5_3_NODE_8426|ped_5_4_NODE_8426,1.0,138.0,False,False,ped_link_not_green
137.0,NODE_74388,436883130,16,2,yyrrrrrryyrrrrrrr,r,False,False,5,ped_6_0_NODE_74388|ped_6_1_NODE_74388|ped_6_2_NODE_74388|ped_6_3_NODE_74388|ped_6_4_NODE_74388,4.0,141.0,False,False,ped_link_not_green
137.0,NODE_10273,3846533030,12,2,rrryyyyGGrrrr,r,False,False,0,,3.0,140.0,False,False,ped_link_not_green
137.5,LINK_212169,11449716078,5,0,gGrrrGr,G,True,False,0,,4.5,142.0,False,False,not_pedestrian_only_phase
137.5,NODE_8452,3846603653,2,0,GGr,r,False,False,3,ped_2_0_NODE_8452|ped_2_1_NODE_8452|ped_2_2_NODE_8452,36.5,174.0,False,False,ped_link_not_green
137.5,NODE_6082,11449716078,5,0,gGrrrGr,G,True,False,0,,4.5,142.0,False,False,not_pedestrian_only_phase
137.5,NODE_6123,7300992884,5,0,GgGrrrr,r,False,False,0,,21.5,159.0,False,False,ped_link_not_green
137.5,NODE_8426,3849142980,16,5,rrrryyyyrrrrrrrrrrrr,r,False,False,5,ped_5_0_NODE_8426|ped_5_1_NODE_8426|ped_5_2_NODE_8426|ped_5_3_NODE_8426|ped_5_4_NODE_8426,0.5,138.0,False,False,ped_link_not_green
137.5,NODE_74388,436883130,16,2,yyrrrrrryyrrrrrrr,r,False,False,5,ped_6_0_NODE_74388|ped_6_1_NODE_74388|ped_6_2_NODE_74388|ped_6_3_NODE_74388|ped_6_4_NODE_74388,3.5,141.0,False,False,ped_link_not_green
137.5,NODE_10273,3846533030,12,2,rrryyyyGGrrrr,r,False,False,0,,2.5,140.0,False,False,ped_link_not_green
138.0,LINK_212169,11449716078,5,0,gGrrrGr,G,True,False,0,,4.0,142.0,False,False,not_pedestrian_only_phase
138.0,NODE_8452,3846603653,2,0,GGr,r,False,False,3,ped_2_0_NODE_8452|ped_2_1_NODE_8452|ped_2_2_NODE_8452,36.0,174.0,False,False,ped_link_not_green
138.0,NODE_6082,11449716078,5,0,gGrrrGr,G,True,False,0,,4.0,142.0,False,False,not_pedestrian_only_phase
138.0,NODE_6123,7300992884,5,0,GgGrrrr,r,False,False,0,,21.0,159.0,False,False,ped_link_not_green
138.0,NODE_8426,3849142980,16,5,rrrryyyyrrrrrrrrrrrr,r,False,False,5,ped_5_0_NODE_8426|ped_5_1_NODE_8426|ped_5_2_NODE_8426|ped_5_3_NODE_8426|ped_5_4_NODE_8426,0.0,138.0,False,False,ped_link_not_green
138.0,NODE_74388,436883130,16,2,yyrrrrrryyrrrrrrr,r,False,False,5,ped_6_0_NODE_74388|ped_6_1_NODE_74388|ped_6_2_NODE_74388|ped_6_3_NODE_74388|ped_6_4_NODE_74388,3.0,141.0,False,False,ped_link_not_green
138.0,NODE_10273,3846533030,12,2,rrryyyyGGrrrr,r,False,False,0,,2.0,140.0,False,False,ped_link_not_green
138.5,LINK_212169,11449716078,5,0,gGrrrGr,G,True,False,0,,3.5,142.0,False,False,not_pedestrian_only_phase
138.5,NODE_8452,3846603653,2,0,GGr,r,False,False,3,ped_2_0_NODE_8452|ped_2_1_NODE_8452|ped_2_2_NODE_8452,35.5,174.0,False,False,ped_link_not_green
138.5,NODE_6082,11449716078,5,0,gGrrrGr,G,True,False,0,,3.5,142.0,False,False,not_pedestrian_only_phase
138.5,NODE_6123,7300992884,5,0,GgGrrrr,r,False,False,0,,20.5,159.0,False,False,ped_link_not_green
138.5,NODE_8426,3849142980,16,6,rrrrrrrrrrrrrrrrGrrr,G,True,True,5,ped_5_0_NODE_8426|ped_5_1_NODE_8426|ped_5_2_NODE_8426|ped_5_3_NODE_8426|ped_5_4_NODE_8426,0.5,139.0,False,False,already_extended_this_phase
138.5,NODE_74388,436883130,16,2,yyrrrrrryyrrrrrrr,r,False,False,5,ped_6_0_NODE_74388|ped_6_1_NODE_74388|ped_6_2_NODE_74388|ped_6_3_NODE_74388|ped_6_4_NODE_74388,2.5,141.0,False,False,ped_link_not_green
138.5,NODE_10273,3846533030,12,2,rrryyyyGGrrrr,r,False,False,0,,1.5,140.0,False,False,ped_link_not_green
139.0,LINK_212169,11449716078,5,0,gGrrrGr,G,True,False,0,,3.0,142.0,False,False,not_pedestrian_only_phase
139.0,NODE_8452,3846603653,2,0,GGr,r,False,False,3,ped_2_0_NODE_8452|ped_2_1_NODE_8452|ped_2_2_NODE_8452,35.0,174.0,False,False,ped_link_not_green
139.0,NODE_6082,11449716078,5,0,gGrrrGr,G,True,False,0,,3.0,142.0,False,False,not_pedestrian_only_phase
139.0,NODE_6123,7300992884,5,0,GgGrrrr,r,False,False,0,,20.0,159.0,False,False,ped_link_not_green
139.0,NODE_8426,3849142980,16,6,rrrrrrrrrrrrrrrrGrrr,G,True,True,5,ped_5_0_NODE_8426|ped_5_1_NODE_8426|ped_5_2_NODE_8426|ped_5_3_NODE_8426|ped_5_4_NODE_8426,0.0,139.0,False,False,already_extended_this_phase
139.0,NODE_74388,436883130,16,2,yyrrrrrryyrrrrrrr,r,False,False,5,ped_6_0_NODE_74388|ped_6_1_NODE_74388|ped_6_2_NODE_74388|ped_6_3_NODE_74388|ped_6_4_NODE_74388,2.0,141.0,False,False,ped_link_not_green
139.0,NODE_10273,3846533030,12,2,rrryyyyGGrrrr,r,False,False,0,,1.0,140.0,False,False,ped_link_not_green
139.5,LINK_212169,11449716078,5,0,gGrrrGr,G,True,False,0,,2.5,142.0,False,False,not_pedestrian_only_phase
139.5,NODE_8452,3846603653,2,0,GGr,r,False,False,3,ped_2_0_NODE_8452|ped_2_1_NODE_8452|ped_2_2_NODE_8452,34.5,174.0,False,False,ped_link_not_green
139.5,NODE_6082,11449716078,5,0,gGrrrGr,G,True,False,0,,2.5,142.0,False,False,not_pedestrian_only_phase
139.5,NODE_6123,7300992884,5,0,GgGrrrr,r,False,False,0,,19.5,159.0,False,False,ped_link_not_green
139.5,NODE_8426,3849142980,16,7,rrrrrrrrrrrrgggGGGGr,G,True,False,5,ped_5_0_NODE_8426|ped_5_1_NODE_8426|ped_5_2_NODE_8426|ped_5_3_NODE_8426|ped_5_4_NODE_8426,16.5,156.0,False,False,not_pedestrian_only_phase
139.5,NODE_74388,436883130,16,2,yyrrrrrryyrrrrrrr,r,False,False,5,ped_6_0_NODE_74388|ped_6_1_NODE_74388|ped_6_2_NODE_74388|ped_6_3_NODE_74388|ped_6_4_NODE_74388,1.5,141.0,False,False,ped_link_not_green
139.5,NODE_10273,3846533030,12,2,rrryyyyGGrrrr,r,False,False,0,,0.5,140.0,False,False,ped_link_not_green
140.0,LINK_212169,11449716078,5,0,gGrrrGr,G,True,False,0,,2.0,142.0,False,False,not_pedestrian_only_phase
140.0,NODE_8452,3846603653,2,0,GGr,r,False,False,3,ped_2_0_NODE_8452|ped_2_1_NODE_8452|ped_2_2_NODE_8452,34.0,174.0,False,False,ped_link_not_green
140.0,NODE_6082,11449716078,5,0,gGrrrGr,G,True,False,0,,2.0,142.0,False,False,not_pedestrian_only_phase
140.0,NODE_6123,7300992884,5,0,GgGrrrr,r,False,False,0,,19.0,159.0,False,False,ped_link_not_green
140.0,NODE_8426,3849142980,16,7,rrrrrrrrrrrrgggGGGGr,G,True,False,5,ped_5_0_NODE_8426|ped_5_1_NODE_8426|ped_5_2_NODE_8426|ped_5_3_NODE_8426|ped_5_4_NODE_8426,16.0,156.0,False,False,not_pedestrian_only_phase
140.0,NODE_74388,436883130,16,2,yyrrrrrryyrrrrrrr,r,False,False,5,ped_6_0_NODE_74388|ped_6_1_NODE_74388|ped_6_2_NODE_74388|ped_6_3_NODE_74388|ped_6_4_NODE_74388,1.0,141.0,False,False,ped_link_not_green
140.0,NODE_10273,3846533030,12,2,rrryyyyGGrrrr,r,False,False,0,,0.0,140.0,False,False,ped_link_not_green
140.5,LINK_212169,11449716078,5,0,gGrrrGr,G,True,False,0,,1.5,142.0,False,False,not_pedestrian_only_phase
140.5,NODE_8452,3846603653,2,0,GGr,r,False,False,3,ped_2_0_NODE_8452|ped_2_1_NODE_8452|ped_2_2_NODE_8452,33.5,174.0,False,False,ped_link_not_green
140.5,NODE_6082,11449716078,5,0,gGrrrGr,G,True,False,0,,1.5,142.0,False,False,not_pedestrian_only_phase
140.5,NODE_6123,7300992884,5,0,GgGrrrr,r,False,False,0,,18.5,159.0,False,False,ped_link_not_green
140.5,NODE_8426,3849142980,16,7,rrrrrrrrrrrrgggGGGGr,G,True,False,5,ped_5_0_NODE_8426|ped_5_1_NODE_8426|ped_5_2_NODE_8426|ped_5_3_NODE_8426|ped_5_4_NODE_8426,15.5,156.0,False,False,not_pedestrian_only_phase
140.5,NODE_74388,436883130,16,2,yyrrrrrryyrrrrrrr,r,False,False,5,ped_6_0_NODE_74388|ped_6_1_NODE_74388|ped_6_2_NODE_74388|ped_6_3_NODE_74388|ped_6_4_NODE_74388,0.5,141.0,False,False,ped_link_not_green
140.5,NODE_10273,3846533030,12,3,rrrrrrrGGGGrr,r,False,False,0,,5.5,146.0,False,False,ped_link_not_green
141.0,LINK_212169,11449716078,5,0,gGrrrGr,G,True,False,0,,1.0,142.0,False,False,not_pedestrian_only_phase
141.0,NODE_8452,3846603653,2,0,GGr,r,False,False,3,ped_2_0_NODE_8452|ped_2_1_NODE_8452|ped_2_2_NODE_8452,33.0,174.0,False,False,ped_link_not_green
141.0,NODE_6082,11449716078,5,0,gGrrrGr,G,True,False,0,,1.0,142.0,False,False,not_pedestrian_only_phase
141.0,NODE_6123,7300992884,5,0,GgGrrrr,r,False,False,0,,18.0,159.0,False,False,ped_link_not_green
141.0,NODE_8426,3849142980,16,7,rrrrrrrrrrrrgggGGGGr,G,True,False,5,ped_5_0_NODE_8426|ped_5_1_NODE_8426|ped_5_2_NODE_8426|ped_5_3_NODE_8426|ped_5_4_NODE_8426,15.0,156.0,False,False,not_pedestrian_only_phase
141.0,NODE_74388,436883130,16,2,yyrrrrrryyrrrrrrr,r,False,False,5,ped_6_0_NODE_74388|ped_6_1_NODE_74388|ped_6_2_NODE_74388|ped_6_3_NODE_74388|ped_6_4_NODE_74388,0.0,141.0,False,False,ped_link_not_green
141.0,NODE_10273,3846533030,12,3,rrrrrrrGGGGrr,r,False,False,0,,5.0,146.0,False,False,ped_link_not_green
141.5,LINK_212169,11449716078,5,0,gGrrrGr,G,True,False,0,,0.5,142.0,False,False,not_pedestrian_only_phase
141.5,NODE_8452,3846603653,2,0,GGr,r,False,False,3,ped_2_0_NODE_8452|ped_2_1_NODE_8452|ped_2_2_NODE_8452,32.5,174.0,False,False,ped_link_not_green
141.5,NODE_6082,11449716078,5,0,gGrrrGr,G,True,False,0,,0.5,142.0,False,False,not_pedestrian_only_phase
141.5,NODE_6123,7300992884,5,0,GgGrrrr,r,False,False,0,,17.5,159.0,False,False,ped_link_not_green
141.5,NODE_8426,3849142980,16,7,rrrrrrrrrrrrgggGGGGr,G,True,False,5,ped_5_0_NODE_8426|ped_5_1_NODE_8426|ped_5_2_NODE_8426|ped_5_3_NODE_8426|ped_5_4_NODE_8426,14.5,156.0,False,False,not_pedestrian_only_phase
141.5,NODE_74388,436883130,16,3,rrGGrrrrrrGGrrrrr,r,False,False,5,ped_6_0_NODE_74388|ped_6_1_NODE_74388|ped_6_2_NODE_74388|ped_6_3_NODE_74388|ped_6_4_NODE_74388,5.5,147.0,False,False,ped_link_not_green
141.5,NODE_10273,3846533030,12,3,rrrrrrrGGGGrr,r,False,False,0,,4.5,146.0,False,False,ped_link_not_green
142.0,LINK_212169,11449716078,5,0,gGrrrGr,G,True,False,0,,0.0,142.0,False,False,not_pedestrian_only_phase
142.0,NODE_8452,3846603653,2,0,GGr,r,False,False,2,ped_2_1_NODE_8452|ped_2_2_NODE_8452,32.0,174.0,False,False,ped_link_not_green
142.0,NODE_6082,11449716078,5,0,gGrrrGr,G,True,False,0,,0.0,142.0,False,False,not_pedestrian_only_phase
142.0,NODE_6123,7300992884,5,0,GgGrrrr,r,False,False,0,,17.0,159.0,False,False,ped_link_not_green
142.0,NODE_8426,3849142980,16,7,rrrrrrrrrrrrgggGGGGr,G,True,False,5,ped_5_0_NODE_8426|ped_5_1_NODE_8426|ped_5_2_NODE_8426|ped_5_3_NODE_8426|ped_5_4_NODE_8426,14.0,156.0,False,False,not_pedestrian_only_phase
142.0,NODE_74388,436883130,16,3,rrGGrrrrrrGGrrrrr,r,False,False,5,ped_6_0_NODE_74388|ped_6_1_NODE_74388|ped_6_2_NODE_74388|ped_6_3_NODE_74388|ped_6_4_NODE_74388,5.0,147.0,False,False,ped_link_not_green
142.0,NODE_10273,3846533030,12,3,rrrrrrrGGGGrr,r,False,False,0,,4.0,146.0,False,False,ped_link_not_green
142.5,LINK_212169,11449716078,5,1,gGrrrrr,r,False,False,0,,2.5,145.0,False,False,ped_link_not_green
142.5,NODE_8452,3846603653,2,0,GGr,r,False,False,1,ped_2_2_NODE_8452,31.5,174.0,False,False,ped_link_not_green
142.5,NODE_6082,11449716078,5,1,gGrrrrr,r,False,False,0,,2.5,145.0,False,False,ped_link_not_green
142.5,NODE_6123,7300992884,5,0,GgGrrrr,r,False,False,0,,16.5,159.0,False,False,ped_link_not_green
142.5,NODE_8426,3849142980,16,7,rrrrrrrrrrrrgggGGGGr,G,True,False,5,ped_5_0_NODE_8426|ped_5_1_NODE_8426|ped_5_2_NODE_8426|ped_5_3_NODE_8426|ped_5_4_NODE_8426,13.5,156.0,False,False,not_pedestrian_only_phase
142.5,NODE_74388,436883130,16,3,rrGGrrrrrrGGrrrrr,r,False,False,5,ped_6_0_NODE_74388|ped_6_1_NODE_74388|ped_6_2_NODE_74388|ped_6_3_NODE_74388|ped_6_4_NODE_74388,4.5,147.0,False,False,ped_link_not_green
142.5,NODE_10273,3846533030,12,3,rrrrrrrGGGGrr,r,False,False,0,,3.5,146.0,False,False,ped_link_not_green
143.0,LINK_212169,11449716078,5,1,gGrrrrr,r,False,False,0,,2.0,145.0,False,False,ped_link_not_green
143.0,NODE_8452,3846603653,2,0,GGr,r,False,False,1,ped_2_2_NODE_8452,31.0,174.0,False,False,ped_link_not_green
143.0,NODE_6082,11449716078,5,1,gGrrrrr,r,False,False,0,,2.0,145.0,False,False,ped_link_not_green
143.0,NODE_6123,7300992884,5,0,GgGrrrr,r,False,False,0,,16.0,159.0,False,False,ped_link_not_green
143.0,NODE_8426,3849142980,16,7,rrrrrrrrrrrrgggGGGGr,G,True,False,5,ped_5_0_NODE_8426|ped_5_1_NODE_8426|ped_5_2_NODE_8426|ped_5_3_NODE_8426|ped_5_4_NODE_8426,13.0,156.0,False,False,not_pedestrian_only_phase
143.0,NODE_74388,436883130,16,3,rrGGrrrrrrGGrrrrr,r,False,False,5,ped_6_0_NODE_74388|ped_6_1_NODE_74388|ped_6_2_NODE_74388|ped_6_3_NODE_74388|ped_6_4_NODE_74388,4.0,147.0,False,False,ped_link_not_green
143.0,NODE_10273,3846533030,12,3,rrrrrrrGGGGrr,r,False,False,0,,3.0,146.0,False,False,ped_link_not_green
143.5,LINK_212169,11449716078,5,1,gGrrrrr,r,False,False,0,,1.5,145.0,False,False,ped_link_not_green
143.5,NODE_8452,3846603653,2,0,GGr,r,False,False,0,,30.5,174.0,False,False,ped_link_not_green
143.5,NODE_6082,11449716078,5,1,gGrrrrr,r,False,False,0,,1.5,145.0,False,False,ped_link_not_green
143.5,NODE_6123,7300992884,5,0,GgGrrrr,r,False,False,0,,15.5,159.0,False,False,ped_link_not_green
143.5,NODE_8426,3849142980,16,7,rrrrrrrrrrrrgggGGGGr,G,True,False,5,ped_5_0_NODE_8426|ped_5_1_NODE_8426|ped_5_2_NODE_8426|ped_5_3_NODE_8426|ped_5_4_NODE_8426,12.5,156.0,False,False,not_pedestrian_only_phase
143.5,NODE_74388,436883130,16,3,rrGGrrrrrrGGrrrrr,r,False,False,5,ped_6_0_NODE_74388|ped_6_1_NODE_74388|ped_6_2_NODE_74388|ped_6_3_NODE_74388|ped_6_4_NODE_74388,3.5,147.0,False,False,ped_link_not_green
143.5,NODE_10273,3846533030,12,3,rrrrrrrGGGGrr,r,False,False,0,,2.5,146.0,False,False,ped_link_not_green
144.0,LINK_212169,11449716078,5,1,gGrrrrr,r,False,False,0,,1.0,145.0,False,False,ped_link_not_green
144.0,NODE_8452,3846603653,2,0,GGr,r,False,False,0,,30.0,174.0,False,False,ped_link_not_green
144.0,NODE_6082,11449716078,5,1,gGrrrrr,r,False,False,0,,1.0,145.0,False,False,ped_link_not_green
144.0,NODE_6123,7300992884,5,0,GgGrrrr,r,False,False,0,,15.0,159.0,False,False,ped_link_not_green
144.0,NODE_8426,3849142980,16,7,rrrrrrrrrrrrgggGGGGr,G,True,False,5,ped_5_0_NODE_8426|ped_5_1_NODE_8426|ped_5_2_NODE_8426|ped_5_3_NODE_8426|ped_5_4_NODE_8426,12.0,156.0,False,False,not_pedestrian_only_phase
144.0,NODE_74388,436883130,16,3,rrGGrrrrrrGGrrrrr,r,False,False,5,ped_6_0_NODE_74388|ped_6_1_NODE_74388|ped_6_2_NODE_74388|ped_6_3_NODE_74388|ped_6_4_NODE_74388,3.0,147.0,False,False,ped_link_not_green
144.0,NODE_10273,3846533030,12,3,rrrrrrrGGGGrr,r,False,False,0,,2.0,146.0,False,False,ped_link_not_green
144.5,LINK_212169,11449716078,5,1,gGrrrrr,r,False,False,0,,0.5,145.0,False,False,ped_link_not_green
144.5,NODE_8452,3846603653,2,0,GGr,r,False,False,0,,29.5,174.0,False,False,ped_link_not_green
144.5,NODE_6082,11449716078,5,1,gGrrrrr,r,False,False,0,,0.5,145.0,False,False,ped_link_not_green
144.5,NODE_6123,7300992884,5,0,GgGrrrr,r,False,False,0,,14.5,159.0,False,False,ped_link_not_green
144.5,NODE_8426,3849142980,16,7,rrrrrrrrrrrrgggGGGGr,G,True,False,5,ped_5_0_NODE_8426|ped_5_1_NODE_8426|ped_5_2_NODE_8426|ped_5_3_NODE_8426|ped_5_4_NODE_8426,11.5,156.0,False,False,not_pedestrian_only_phase
144.5,NODE_74388,436883130,16,3,rrGGrrrrrrGGrrrrr,r,False,False,5,ped_6_0_NODE_74388|ped_6_1_NODE_74388|ped_6_2_NODE_74388|ped_6_3_NODE_74388|ped_6_4_NODE_74388,2.5,147.0,False,False,ped_link_not_green
144.5,NODE_10273,3846533030,12,3,rrrrrrrGGGGrr,r,False,False,0,,1.5,146.0,False,False,ped_link_not_green
145.0,LINK_212169,11449716078,5,1,gGrrrrr,r,False,False,0,,0.0,145.0,False,False,ped_link_not_green
145.0,NODE_8452,3846603653,2,0,GGr,r,False,False,0,,29.0,174.0,False,False,ped_link_not_green
145.0,NODE_6082,11449716078,5,1,gGrrrrr,r,False,False,0,,0.0,145.0,False,False,ped_link_not_green
145.0,NODE_6123,7300992884,5,0,GgGrrrr,r,False,False,0,,14.0,159.0,False,False,ped_link_not_green
145.0,NODE_8426,3849142980,16,7,rrrrrrrrrrrrgggGGGGr,G,True,False,5,ped_5_0_NODE_8426|ped_5_1_NODE_8426|ped_5_2_NODE_8426|ped_5_3_NODE_8426|ped_5_4_NODE_8426,11.0,156.0,False,False,not_pedestrian_only_phase
145.0,NODE_74388,436883130,16,3,rrGGrrrrrrGGrrrrr,r,False,False,5,ped_6_0_NODE_74388|ped_6_1_NODE_74388|ped_6_2_NODE_74388|ped_6_3_NODE_74388|ped_6_4_NODE_74388,2.0,147.0,False,False,ped_link_not_green
145.0,NODE_10273,3846533030,12,3,rrrrrrrGGGGrr,r,False,False,0,,1.0,146.0,False,False,ped_link_not_green
145.5,LINK_212169,11449716078,5,2,yyrrrrr,r,False,False,0,,5.5,151.0,False,False,ped_link_not_green
145.5,NODE_8452,3846603653,2,0,GGr,r,False,False,0,,28.5,174.0,False,False,ped_link_not_green
145.5,NODE_6082,11449716078,5,2,yyrrrrr,r,False,False,0,,5.5,151.0,False,False,ped_link_not_green
145.5,NODE_6123,7300992884,5,0,GgGrrrr,r,False,False,0,,13.5,159.0,False,False,ped_link_not_green
145.5,NODE_8426,3849142980,16,7,rrrrrrrrrrrrgggGGGGr,G,True,False,5,ped_5_0_NODE_8426|ped_5_1_NODE_8426|ped_5_2_NODE_8426|ped_5_3_NODE_8426|ped_5_4_NODE_8426,10.5,156.0,False,False,not_pedestrian_only_phase
145.5,NODE_74388,436883130,16,3,rrGGrrrrrrGGrrrrr,r,False,False,5,ped_6_0_NODE_74388|ped_6_1_NODE_74388|ped_6_2_NODE_74388|ped_6_3_NODE_74388|ped_6_4_NODE_74388,1.5,147.0,False,False,ped_link_not_green
145.5,NODE_10273,3846533030,12,3,rrrrrrrGGGGrr,r,False,False,0,,0.5,146.0,False,False,ped_link_not_green
146.0,LINK_212169,11449716078,5,2,yyrrrrr,r,False,False,0,,5.0,151.0,False,False,ped_link_not_green
146.0,NODE_8452,3846603653,2,0,GGr,r,False,False,0,,28.0,174.0,False,False,ped_link_not_green
146.0,NODE_6082,11449716078,5,2,yyrrrrr,r,False,False,0,,5.0,151.0,False,False,ped_link_not_green
146.0,NODE_6123,7300992884,5,0,GgGrrrr,r,False,False,0,,13.0,159.0,False,False,ped_link_not_green
146.0,NODE_8426,3849142980,16,7,rrrrrrrrrrrrgggGGGGr,G,True,False,5,ped_5_0_NODE_8426|ped_5_1_NODE_8426|ped_5_2_NODE_8426|ped_5_3_NODE_8426|ped_5_4_NODE_8426,10.0,156.0,False,False,not_pedestrian_only_phase
146.0,NODE_74388,436883130,16,3,rrGGrrrrrrGGrrrrr,r,False,False,5,ped_6_0_NODE_74388|ped_6_1_NODE_74388|ped_6_2_NODE_74388|ped_6_3_NODE_74388|ped_6_4_NODE_74388,1.0,147.0,False,False,ped_link_not_green
146.0,NODE_10273,3846533030,12,3,rrrrrrrGGGGrr,r,False,False,0,,0.0,146.0,False,False,ped_link_not_green
146.5,LINK_212169,11449716078,5,2,yyrrrrr,r,False,False,0,,4.5,151.0,False,False,ped_link_not_green
146.5,NODE_8452,3846603653,2,0,GGr,r,False,False,0,,27.5,174.0,False,False,ped_link_not_green
146.5,NODE_6082,11449716078,5,2,yyrrrrr,r,False,False,0,,4.5,151.0,False,False,ped_link_not_green
146.5,NODE_6123,7300992884,5,0,GgGrrrr,r,False,False,0,,12.5,159.0,False,False,ped_link_not_green
146.5,NODE_8426,3849142980,16,7,rrrrrrrrrrrrgggGGGGr,G,True,False,5,ped_5_0_NODE_8426|ped_5_1_NODE_8426|ped_5_2_NODE_8426|ped_5_3_NODE_8426|ped_5_4_NODE_8426,9.5,156.0,False,False,not_pedestrian_only_phase
146.5,NODE_74388,436883130,16,3,rrGGrrrrrrGGrrrrr,r,False,False,5,ped_6_0_NODE_74388|ped_6_1_NODE_74388|ped_6_2_NODE_74388|ped_6_3_NODE_74388|ped_6_4_NODE_74388,0.5,147.0,False,False,ped_link_not_green
146.5,NODE_10273,3846533030,12,4,rrrrrrryyyyrr,r,False,False,0,,5.5,152.0,False,False,ped_link_not_green
147.0,LINK_212169,11449716078,5,2,yyrrrrr,r,False,False,0,,4.0,151.0,False,False,ped_link_not_green
147.0,NODE_8452,3846603653,2,0,GGr,r,False,False,0,,27.0,174.0,False,False,ped_link_not_green
147.0,NODE_6082,11449716078,5,2,yyrrrrr,r,False,False,0,,4.0,151.0,False,False,ped_link_not_green
147.0,NODE_6123,7300992884,5,0,GgGrrrr,r,False,False,0,,12.0,159.0,False,False,ped_link_not_green
147.0,NODE_8426,3849142980,16,7,rrrrrrrrrrrrgggGGGGr,G,True,False,5,ped_5_0_NODE_8426|ped_5_1_NODE_8426|ped_5_2_NODE_8426|ped_5_3_NODE_8426|ped_5_4_NODE_8426,9.0,156.0,False,False,not_pedestrian_only_phase
147.0,NODE_74388,436883130,16,3,rrGGrrrrrrGGrrrrr,r,False,False,5,ped_6_0_NODE_74388|ped_6_1_NODE_74388|ped_6_2_NODE_74388|ped_6_3_NODE_74388|ped_6_4_NODE_74388,0.0,147.0,False,False,ped_link_not_green
147.0,NODE_10273,3846533030,12,4,rrrrrrryyyyrr,r,False,False,0,,5.0,152.0,False,False,ped_link_not_green
147.5,LINK_212169,11449716078,5,2,yyrrrrr,r,False,False,0,,3.5,151.0,False,False,ped_link_not_green
147.5,NODE_8452,3846603653,2,0,GGr,r,False,False,0,,26.5,174.0,False,False,ped_link_not_green
147.5,NODE_6082,11449716078,5,2,yyrrrrr,r,False,False,0,,3.5,151.0,False,False,ped_link_not_green
147.5,NODE_6123,7300992884,5,0,GgGrrrr,r,False,False,0,,11.5,159.0,False,False,ped_link_not_green
147.5,NODE_8426,3849142980,16,7,rrrrrrrrrrrrgggGGGGr,G,True,False,5,ped_5_0_NODE_8426|ped_5_1_NODE_8426|ped_5_2_NODE_8426|ped_5_3_NODE_8426|ped_5_4_NODE_8426,8.5,156.0,False,False,not_pedestrian_only_phase
147.5,NODE_74388,436883130,16,4,rryyrrrrrryyrrrrr,r,False,False,4,ped_6_0_NODE_74388|ped_6_1_NODE_74388|ped_6_2_NODE_74388|ped_6_3_NODE_74388,4.5,152.0,False,False,ped_link_not_green
147.5,NODE_10273,3846533030,12,4,rrrrrrryyyyrr,r,False,False,0,,4.5,152.0,False,False,ped_link_not_green
148.0,LINK_212169,11449716078,5,2,yyrrrrr,r,False,False,0,,3.0,151.0,False,False,ped_link_not_green
148.0,NODE_8452,3846603653,2,0,GGr,r,False,False,0,,26.0,174.0,False,False,ped_link_not_green
148.0,NODE_6082,11449716078,5,2,yyrrrrr,r,False,False,0,,3.0,151.0,False,False,ped_link_not_green
148.0,NODE_6123,7300992884,5,0,GgGrrrr,r,False,False,0,,11.0,159.0,False,False,ped_link_not_green
148.0,NODE_8426,3849142980,16,7,rrrrrrrrrrrrgggGGGGr,G,True,False,5,ped_5_0_NODE_8426|ped_5_1_NODE_8426|ped_5_2_NODE_8426|ped_5_3_NODE_8426|ped_5_4_NODE_8426,8.0,156.0,False,False,not_pedestrian_only_phase
148.0,NODE_74388,436883130,16,4,rryyrrrrrryyrrrrr,r,False,False,4,ped_6_0_NODE_74388|ped_6_1_NODE_74388|ped_6_2_NODE_74388|ped_6_3_NODE_74388,4.0,152.0,False,False,ped_link_not_green
148.0,NODE_10273,3846533030,12,4,rrrrrrryyyyrr,r,False,False,0,,4.0,152.0,False,False,ped_link_not_green
148.5,LINK_212169,11449716078,5,2,yyrrrrr,r,False,False,0,,2.5,151.0,False,False,ped_link_not_green
148.5,NODE_8452,3846603653,2,0,GGr,r,False,False,0,,25.5,174.0,False,False,ped_link_not_green
148.5,NODE_6082,11449716078,5,2,yyrrrrr,r,False,False,0,,2.5,151.0,False,False,ped_link_not_green
148.5,NODE_6123,7300992884,5,0,GgGrrrr,r,False,False,0,,10.5,159.0,False,False,ped_link_not_green
148.5,NODE_8426,3849142980,16,7,rrrrrrrrrrrrgggGGGGr,G,True,False,5,ped_5_0_NODE_8426|ped_5_1_NODE_8426|ped_5_2_NODE_8426|ped_5_3_NODE_8426|ped_5_4_NODE_8426,7.5,156.0,False,False,not_pedestrian_only_phase
148.5,NODE_74388,436883130,16,4,rryyrrrrrryyrrrrr,r,False,False,4,ped_6_0_NODE_74388|ped_6_1_NODE_74388|ped_6_2_NODE_74388|ped_6_3_NODE_74388,3.5,152.0,False,False,ped_link_not_green
148.5,NODE_10273,3846533030,12,4,rrrrrrryyyyrr,r,False,False,0,,3.5,152.0,False,False,ped_link_not_green
149.0,LINK_212169,11449716078,5,2,yyrrrrr,r,False,False,0,,2.0,151.0,False,False,ped_link_not_green
149.0,NODE_8452,3846603653,2,0,GGr,r,False,False,0,,25.0,174.0,False,False,ped_link_not_green
149.0,NODE_6082,11449716078,5,2,yyrrrrr,r,False,False,0,,2.0,151.0,False,False,ped_link_not_green
149.0,NODE_6123,7300992884,5,0,GgGrrrr,r,False,False,0,,10.0,159.0,False,False,ped_link_not_green
149.0,NODE_8426,3849142980,16,7,rrrrrrrrrrrrgggGGGGr,G,True,False,5,ped_5_0_NODE_8426|ped_5_1_NODE_8426|ped_5_2_NODE_8426|ped_5_3_NODE_8426|ped_5_4_NODE_8426,7.0,156.0,False,False,not_pedestrian_only_phase
149.0,NODE_74388,436883130,16,4,rryyrrrrrryyrrrrr,r,False,False,4,ped_6_0_NODE_74388|ped_6_1_NODE_74388|ped_6_2_NODE_74388|ped_6_3_NODE_74388,3.0,152.0,False,False,ped_link_not_green
149.0,NODE_10273,3846533030,12,4,rrrrrrryyyyrr,r,False,False,0,,3.0,152.0,False,False,ped_link_not_green
149.5,LINK_212169,11449716078,5,2,yyrrrrr,r,False,False,0,,1.5,151.0,False,False,ped_link_not_green
149.5,NODE_8452,3846603653,2,0,GGr,r,False,False,0,,24.5,174.0,False,False,ped_link_not_green
149.5,NODE_6082,11449716078,5,2,yyrrrrr,r,False,False,0,,1.5,151.0,False,False,ped_link_not_green
149.5,NODE_6123,7300992884,5,0,GgGrrrr,r,False,False,0,,9.5,159.0,False,False,ped_link_not_green
149.5,NODE_8426,3849142980,16,7,rrrrrrrrrrrrgggGGGGr,G,True,False,5,ped_5_0_NODE_8426|ped_5_1_NODE_8426|ped_5_2_NODE_8426|ped_5_3_NODE_8426|ped_5_4_NODE_8426,6.5,156.0,False,False,not_pedestrian_only_phase
149.5,NODE_74388,436883130,16,4,rryyrrrrrryyrrrrr,r,False,False,4,ped_6_0_NODE_74388|ped_6_1_NODE_74388|ped_6_2_NODE_74388|ped_6_3_NODE_74388,2.5,152.0,False,False,ped_link_not_green
149.5,NODE_10273,3846533030,12,4,rrrrrrryyyyrr,r,False,False,0,,2.5,152.0,False,False,ped_link_not_green
150.0,LINK_212169,11449716078,5,2,yyrrrrr,r,False,False,0,,1.0,151.0,False,False,ped_link_not_green
150.0,NODE_8452,3846603653,2,0,GGr,r,False,False,0,,24.0,174.0,False,False,ped_link_not_green
150.0,NODE_6082,11449716078,5,2,yyrrrrr,r,False,False,0,,1.0,151.0,False,False,ped_link_not_green
150.0,NODE_6123,7300992884,5,0,GgGrrrr,r,False,False,0,,9.0,159.0,False,False,ped_link_not_green
150.0,NODE_8426,3849142980,16,7,rrrrrrrrrrrrgggGGGGr,G,True,False,5,ped_5_0_NODE_8426|ped_5_1_NODE_8426|ped_5_2_NODE_8426|ped_5_3_NODE_8426|ped_5_4_NODE_8426,6.0,156.0,False,False,not_pedestrian_only_phase
150.0,NODE_74388,436883130,16,4,rryyrrrrrryyrrrrr,r,False,False,4,ped_6_0_NODE_74388|ped_6_1_NODE_74388|ped_6_2_NODE_74388|ped_6_3_NODE_74388,2.0,152.0,False,False,ped_link_not_green
150.0,NODE_10273,3846533030,12,4,rrrrrrryyyyrr,r,False,False,0,,2.0,152.0,False,False,ped_link_not_green
150.5,LINK_212169,11449716078,5,2,yyrrrrr,r,False,False,0,,0.5,151.0,False,False,ped_link_not_green
150.5,NODE_8452,3846603653,2,0,GGr,r,False,False,0,,23.5,174.0,False,False,ped_link_not_green
150.5,NODE_6082,11449716078,5,2,yyrrrrr,r,False,False,0,,0.5,151.0,False,False,ped_link_not_green
150.5,NODE_6123,7300992884,5,0,GgGrrrr,r,False,False,0,,8.5,159.0,False,False,ped_link_not_green
150.5,NODE_8426,3849142980,16,7,rrrrrrrrrrrrgggGGGGr,G,True,False,5,ped_5_0_NODE_8426|ped_5_1_NODE_8426|ped_5_2_NODE_8426|ped_5_3_NODE_8426|ped_5_4_NODE_8426,5.5,156.0,False,False,not_pedestrian_only_phase
150.5,NODE_74388,436883130,16,4,rryyrrrrrryyrrrrr,r,False,False,4,ped_6_0_NODE_74388|ped_6_1_NODE_74388|ped_6_2_NODE_74388|ped_6_3_NODE_74388,1.5,152.0,False,False,ped_link_not_green
150.5,NODE_10273,3846533030,12,4,rrrrrrryyyyrr,r,False,False,0,,1.5,152.0,False,False,ped_link_not_green
151.0,LINK_212169,11449716078,5,2,yyrrrrr,r,False,False,0,,0.0,151.0,False,False,ped_link_not_green
151.0,NODE_8452,3846603653,2,0,GGr,r,False,False,0,,23.0,174.0,False,False,ped_link_not_green
151.0,NODE_6082,11449716078,5,2,yyrrrrr,r,False,False,0,,0.0,151.0,False,False,ped_link_not_green
151.0,NODE_6123,7300992884,5,0,GgGrrrr,r,False,False,0,,8.0,159.0,False,False,ped_link_not_green
151.0,NODE_8426,3849142980,16,7,rrrrrrrrrrrrgggGGGGr,G,True,False,5,ped_5_0_NODE_8426|ped_5_1_NODE_8426|ped_5_2_NODE_8426|ped_5_3_NODE_8426|ped_5_4_NODE_8426,5.0,156.0,False,False,not_pedestrian_only_phase
151.0,NODE_74388,436883130,16,4,rryyrrrrrryyrrrrr,r,False,False,4,ped_6_0_NODE_74388|ped_6_1_NODE_74388|ped_6_2_NODE_74388|ped_6_3_NODE_74388,1.0,152.0,False,False,ped_link_not_green
151.0,NODE_10273,3846533030,12,4,rrrrrrryyyyrr,r,False,False,0,,1.0,152.0,False,False,ped_link_not_green
151.5,LINK_212169,11449716078,5,3,rrgGGrG,r,False,False,0,,35.5,187.0,False,False,ped_link_not_green
151.5,NODE_8452,3846603653,2,0,GGr,r,False,False,0,,22.5,174.0,False,False,ped_link_not_green
151.5,NODE_6082,11449716078,5,3,rrgGGrG,r,False,False,0,,35.5,187.0,False,False,ped_link_not_green
151.5,NODE_6123,7300992884,5,0,GgGrrrr,r,False,False,0,,7.5,159.0,False,False,ped_link_not_green
151.5,NODE_8426,3849142980,16,7,rrrrrrrrrrrrgggGGGGr,G,True,False,4,ped_5_0_NODE_8426|ped_5_1_NODE_8426|ped_5_2_NODE_8426|ped_5_4_NODE_8426,4.5,156.0,False,False,not_pedestrian_only_phase
151.5,NODE_74388,436883130,16,4,rryyrrrrrryyrrrrr,r,False,False,4,ped_6_0_NODE_74388|ped_6_1_NODE_74388|ped_6_2_NODE_74388|ped_6_3_NODE_74388,0.5,152.0,False,False,ped_link_not_green
151.5,NODE_10273,3846533030,12,4,rrrrrrryyyyrr,r,False,False,0,,0.5,152.0,False,False,ped_link_not_green
152.0,LINK_212169,11449716078,5,3,rrgGGrG,r,False,False,0,,35.0,187.0,False,False,ped_link_not_green
152.0,NODE_8452,3846603653,2,0,GGr,r,False,False,0,,22.0,174.0,False,False,ped_link_not_green
152.0,NODE_6082,11449716078,5,3,rrgGGrG,r,False,False,0,,35.0,187.0,False,False,ped_link_not_green
152.0,NODE_6123,7300992884,5,0,GgGrrrr,r,False,False,0,,7.0,159.0,False,False,ped_link_not_green
152.0,NODE_8426,3849142980,16,7,rrrrrrrrrrrrgggGGGGr,G,True,False,4,ped_5_0_NODE_8426|ped_5_1_NODE_8426|ped_5_2_NODE_8426|ped_5_4_NODE_8426,4.0,156.0,False,False,not_pedestrian_only_phase
152.0,NODE_74388,436883130,16,4,rryyrrrrrryyrrrrr,r,False,False,4,ped_6_0_NODE_74388|ped_6_1_NODE_74388|ped_6_2_NODE_74388|ped_6_3_NODE_74388,0.0,152.0,False,False,ped_link_not_green
152.0,NODE_10273,3846533030,12,4,rrrrrrryyyyrr,r,False,False,0,,0.0,152.0,False,False,ped_link_not_green
152.5,LINK_212169,11449716078,5,3,rrgGGrG,r,False,False,0,,34.5,187.0,False,False,ped_link_not_green
152.5,NODE_8452,3846603653,2,0,GGr,r,False,False,0,,21.5,174.0,False,False,ped_link_not_green
152.5,NODE_6082,11449716078,5,3,rrgGGrG,r,False,False,0,,34.5,187.0,False,False,ped_link_not_green
152.5,NODE_6123,7300992884,5,0,GgGrrrr,r,False,False,0,,6.5,159.0,False,False,ped_link_not_green
152.5,NODE_8426,3849142980,16,7,rrrrrrrrrrrrgggGGGGr,G,True,False,4,ped_5_0_NODE_8426|ped_5_1_NODE_8426|ped_5_2_NODE_8426|ped_5_4_NODE_8426,3.5,156.0,False,False,not_pedestrian_only_phase
152.5,NODE_74388,436883130,16,5,rrrrGGggrrrrGGggr,r,False,False,4,ped_6_0_NODE_74388|ped_6_1_NODE_74388|ped_6_2_NODE_74388|ped_6_3_NODE_74388,33.5,186.0,False,False,ped_link_not_green
152.5,NODE_10273,3846533030,12,5,gGGrrrrrrrrrG,G,True,False,0,,29.5,182.0,False,False,not_pedestrian_only_phase
153.0,LINK_212169,11449716078,5,3,rrgGGrG,r,False,False,0,,34.0,187.0,False,False,ped_link_not_green
153.0,NODE_8452,3846603653,2,0,GGr,r,False,False,0,,21.0,174.0,False,False,ped_link_not_green
153.0,NODE_6082,11449716078,5,3,rrgGGrG,r,False,False,0,,34.0,187.0,False,False,ped_link_not_green
153.0,NODE_6123,7300992884,5,0,GgGrrrr,r,False,False,0,,6.0,159.0,False,False,ped_link_not_green
153.0,NODE_8426,3849142980,16,7,rrrrrrrrrrrrgggGGGGr,G,True,False,4,ped_5_0_NODE_8426|ped_5_1_NODE_8426|ped_5_2_NODE_8426|ped_5_4_NODE_8426,3.0,156.0,False,False,not_pedestrian_only_phase
153.0,NODE_74388,436883130,16,5,rrrrGGggrrrrGGggr,r,False,False,3,ped_6_0_NODE_74388|ped_6_2_NODE_74388|ped_6_3_NODE_74388,33.0,186.0,False,False,ped_link_not_green
153.0,NODE_10273,3846533030,12,5,gGGrrrrrrrrrG,G,True,False,0,,29.0,182.0,False,False,not_pedestrian_only_phase
153.5,LINK_212169,11449716078,5,3,rrgGGrG,r,False,False,0,,33.5,187.0,False,False,ped_link_not_green
153.5,NODE_8452,3846603653,2,0,GGr,r,False,False,0,,20.5,174.0,False,False,ped_link_not_green
153.5,NODE_6082,11449716078,5,3,rrgGGrG,r,False,False,0,,33.5,187.0,False,False,ped_link_not_green
153.5,NODE_6123,7300992884,5,0,GgGrrrr,r,False,False,0,,5.5,159.0,False,False,ped_link_not_green
153.5,NODE_8426,3849142980,16,7,rrrrrrrrrrrrgggGGGGr,G,True,False,4,ped_5_0_NODE_8426|ped_5_1_NODE_8426|ped_5_2_NODE_8426|ped_5_4_NODE_8426,2.5,156.0,False,False,not_pedestrian_only_phase
153.5,NODE_74388,436883130,16,5,rrrrGGggrrrrGGggr,r,False,False,3,ped_6_0_NODE_74388|ped_6_2_NODE_74388|ped_6_3_NODE_74388,32.5,186.0,False,False,ped_link_not_green
153.5,NODE_10273,3846533030,12,5,gGGrrrrrrrrrG,G,True,False,0,,28.5,182.0,False,False,not_pedestrian_only_phase
154.0,LINK_212169,11449716078,5,3,rrgGGrG,r,False,False,0,,33.0,187.0,False,False,ped_link_not_green
154.0,NODE_8452,3846603653,2,0,GGr,r,False,False,0,,20.0,174.0,False,False,ped_link_not_green
154.0,NODE_6082,11449716078,5,3,rrgGGrG,r,False,False,0,,33.0,187.0,False,False,ped_link_not_green
154.0,NODE_6123,7300992884,5,0,GgGrrrr,r,False,False,0,,5.0,159.0,False,False,ped_link_not_green
154.0,NODE_8426,3849142980,16,7,rrrrrrrrrrrrgggGGGGr,G,True,False,4,ped_5_0_NODE_8426|ped_5_1_NODE_8426|ped_5_2_NODE_8426|ped_5_4_NODE_8426,2.0,156.0,False,False,not_pedestrian_only_phase
154.0,NODE_74388,436883130,16,5,rrrrGGggrrrrGGggr,r,False,False,3,ped_6_0_NODE_74388|ped_6_2_NODE_74388|ped_6_3_NODE_74388,32.0,186.0,False,False,ped_link_not_green
154.0,NODE_10273,3846533030,12,5,gGGrrrrrrrrrG,G,True,False,0,,28.0,182.0,False,False,not_pedestrian_only_phase
154.5,LINK_212169,11449716078,5,3,rrgGGrG,r,False,False,0,,32.5,187.0,False,False,ped_link_not_green
154.5,NODE_8452,3846603653,2,0,GGr,r,False,False,0,,19.5,174.0,False,False,ped_link_not_green
154.5,NODE_6082,11449716078,5,3,rrgGGrG,r,False,False,0,,32.5,187.0,False,False,ped_link_not_green
154.5,NODE_6123,7300992884,5,0,GgGrrrr,r,False,False,0,,4.5,159.0,False,False,ped_link_not_green
154.5,NODE_8426,3849142980,16,7,rrrrrrrrrrrrgggGGGGr,G,True,False,4,ped_5_0_NODE_8426|ped_5_1_NODE_8426|ped_5_2_NODE_8426|ped_5_4_NODE_8426,1.5,156.0,False,False,not_pedestrian_only_phase
154.5,NODE_74388,436883130,16,5,rrrrGGggrrrrGGggr,r,False,False,3,ped_6_0_NODE_74388|ped_6_2_NODE_74388|ped_6_3_NODE_74388,31.5,186.0,False,False,ped_link_not_green
154.5,NODE_10273,3846533030,12,5,gGGrrrrrrrrrG,G,True,False,0,,27.5,182.0,False,False,not_pedestrian_only_phase
155.0,LINK_212169,11449716078,5,3,rrgGGrG,r,False,False,0,,32.0,187.0,False,False,ped_link_not_green
155.0,NODE_8452,3846603653,2,0,GGr,r,False,False,0,,19.0,174.0,False,False,ped_link_not_green
155.0,NODE_6082,11449716078,5,3,rrgGGrG,r,False,False,0,,32.0,187.0,False,False,ped_link_not_green
155.0,NODE_6123,7300992884,5,0,GgGrrrr,r,False,False,0,,4.0,159.0,False,False,ped_link_not_green
155.0,NODE_8426,3849142980,16,7,rrrrrrrrrrrrgggGGGGr,G,True,False,3,ped_5_1_NODE_8426|ped_5_2_NODE_8426|ped_5_4_NODE_8426,1.0,156.0,False,False,not_pedestrian_only_phase
155.0,NODE_74388,436883130,16,5,rrrrGGggrrrrGGggr,r,False,False,3,ped_6_0_NODE_74388|ped_6_2_NODE_74388|ped_6_3_NODE_74388,31.0,186.0,False,False,ped_link_not_green
155.0,NODE_10273,3846533030,12,5,gGGrrrrrrrrrG,G,True,False,0,,27.0,182.0,False,False,not_pedestrian_only_phase
155.5,LINK_212169,11449716078,5,3,rrgGGrG,r,False,False,0,,31.5,187.0,False,False,ped_link_not_green
155.5,NODE_8452,3846603653,2,0,GGr,r,False,False,0,,18.5,174.0,False,False,ped_link_not_green
155.5,NODE_6082,11449716078,5,3,rrgGGrG,r,False,False,0,,31.5,187.0,False,False,ped_link_not_green
155.5,NODE_6123,7300992884,5,0,GgGrrrr,r,False,False,0,,3.5,159.0,False,False,ped_link_not_green
155.5,NODE_8426,3849142980,16,7,rrrrrrrrrrrrgggGGGGr,G,True,False,3,ped_5_1_NODE_8426|ped_5_2_NODE_8426|ped_5_4_NODE_8426,0.5,156.0,False,False,not_pedestrian_only_phase
155.5,NODE_74388,436883130,16,5,rrrrGGggrrrrGGggr,r,False,False,3,ped_6_0_NODE_74388|ped_6_2_NODE_74388|ped_6_3_NODE_74388,30.5,186.0,False,False,ped_link_not_green
155.5,NODE_10273,3846533030,12,5,gGGrrrrrrrrrG,G,True,False,0,,26.5,182.0,False,False,not_pedestrian_only_phase
156.0,LINK_212169,11449716078,5,3,rrgGGrG,r,False,False,0,,31.0,187.0,False,False,ped_link_not_green
156.0,NODE_8452,3846603653,2,0,GGr,r,False,False,0,,18.0,174.0,False,False,ped_link_not_green
156.0,NODE_6082,11449716078,5,3,rrgGGrG,r,False,False,0,,31.0,187.0,False,False,ped_link_not_green
156.0,NODE_6123,7300992884,5,0,GgGrrrr,r,False,False,0,,3.0,159.0,False,False,ped_link_not_green
156.0,NODE_8426,3849142980,16,7,rrrrrrrrrrrrgggGGGGr,G,True,False,3,ped_5_1_NODE_8426|ped_5_2_NODE_8426|ped_5_4_NODE_8426,0.0,156.0,False,False,not_pedestrian_only_phase
156.0,NODE_74388,436883130,16,5,rrrrGGggrrrrGGggr,r,False,False,3,ped_6_0_NODE_74388|ped_6_2_NODE_74388|ped_6_3_NODE_74388,30.0,186.0,False,False,ped_link_not_green
156.0,NODE_10273,3846533030,12,5,gGGrrrrrrrrrG,G,True,False,0,,26.0,182.0,False,False,not_pedestrian_only_phase
156.5,LINK_212169,11449716078,5,3,rrgGGrG,r,False,False,0,,30.5,187.0,False,False,ped_link_not_green
156.5,NODE_8452,3846603653,2,0,GGr,r,False,False,0,,17.5,174.0,False,False,ped_link_not_green
156.5,NODE_6082,11449716078,5,3,rrgGGrG,r,False,False,0,,30.5,187.0,False,False,ped_link_not_green
156.5,NODE_6123,7300992884,5,0,GgGrrrr,r,False,False,0,,2.5,159.0,False,False,ped_link_not_green
156.5,NODE_8426,3849142980,16,8,rrrrrrrrrrrrgggGrrrr,r,False,False,3,ped_5_1_NODE_8426|ped_5_2_NODE_8426|ped_5_4_NODE_8426,2.5,159.0,False,False,ped_link_not_green
156.5,NODE_74388,436883130,16,5,rrrrGGggrrrrGGggr,r,False,False,3,ped_6_0_NODE_74388|ped_6_2_NODE_74388|ped_6_3_NODE_74388,29.5,186.0,False,False,ped_link_not_green
156.5,NODE_10273,3846533030,12,5,gGGrrrrrrrrrG,G,True,False,0,,25.5,182.0,False,False,not_pedestrian_only_phase
157.0,LINK_212169,11449716078,5,3,rrgGGrG,r,False,False,0,,30.0,187.0,False,False,ped_link_not_green
157.0,NODE_8452,3846603653,2,0,GGr,r,False,False,0,,17.0,174.0,False,False,ped_link_not_green
157.0,NODE_6082,11449716078,5,3,rrgGGrG,r,False,False,0,,30.0,187.0,False,False,ped_link_not_green
157.0,NODE_6123,7300992884,5,0,GgGrrrr,r,False,False,0,,2.0,159.0,False,False,ped_link_not_green
157.0,NODE_8426,3849142980,16,8,rrrrrrrrrrrrgggGrrrr,r,False,False,3,ped_5_1_NODE_8426|ped_5_2_NODE_8426|ped_5_4_NODE_8426,2.0,159.0,False,False,ped_link_not_green
157.0,NODE_74388,436883130,16,5,rrrrGGggrrrrGGggr,r,False,False,3,ped_6_0_NODE_74388|ped_6_2_NODE_74388|ped_6_3_NODE_74388,29.0,186.0,False,False,ped_link_not_green
157.0,NODE_10273,3846533030,12,5,gGGrrrrrrrrrG,G,True,False,0,,25.0,182.0,False,False,not_pedestrian_only_phase
157.5,LINK_212169,11449716078,5,3,rrgGGrG,r,False,False,0,,29.5,187.0,False,False,ped_link_not_green
157.5,NODE_8452,3846603653,2,0,GGr,r,False,False,0,,16.5,174.0,False,False,ped_link_not_green
157.5,NODE_6082,11449716078,5,3,rrgGGrG,r,False,False,0,,29.5,187.0,False,False,ped_link_not_green
157.5,NODE_6123,7300992884,5,0,GgGrrrr,r,False,False,0,,1.5,159.0,False,False,ped_link_not_green
157.5,NODE_8426,3849142980,16,8,rrrrrrrrrrrrgggGrrrr,r,False,False,3,ped_5_1_NODE_8426|ped_5_2_NODE_8426|ped_5_4_NODE_8426,1.5,159.0,False,False,ped_link_not_green
157.5,NODE_74388,436883130,16,5,rrrrGGggrrrrGGggr,r,False,False,3,ped_6_0_NODE_74388|ped_6_2_NODE_74388|ped_6_3_NODE_74388,28.5,186.0,False,False,ped_link_not_green
157.5,NODE_10273,3846533030,12,5,gGGrrrrrrrrrG,G,True,False,0,,24.5,182.0,False,False,not_pedestrian_only_phase
158.0,LINK_212169,11449716078,5,3,rrgGGrG,r,False,False,0,,29.0,187.0,False,False,ped_link_not_green
158.0,NODE_8452,3846603653,2,0,GGr,r,False,False,0,,16.0,174.0,False,False,ped_link_not_green
158.0,NODE_6082,11449716078,5,3,rrgGGrG,r,False,False,0,,29.0,187.0,False,False,ped_link_not_green
158.0,NODE_6123,7300992884,5,0,GgGrrrr,r,False,False,0,,1.0,159.0,False,False,ped_link_not_green
158.0,NODE_8426,3849142980,16,8,rrrrrrrrrrrrgggGrrrr,r,False,False,2,ped_5_1_NODE_8426|ped_5_2_NODE_8426,1.0,159.0,False,False,ped_link_not_green
158.0,NODE_74388,436883130,16,5,rrrrGGggrrrrGGggr,r,False,False,3,ped_6_0_NODE_74388|ped_6_2_NODE_74388|ped_6_3_NODE_74388,28.0,186.0,False,False,ped_link_not_green
158.0,NODE_10273,3846533030,12,5,gGGrrrrrrrrrG,G,True,False,0,,24.0,182.0,False,False,not_pedestrian_only_phase
158.5,LINK_212169,11449716078,5,3,rrgGGrG,r,False,False,0,,28.5,187.0,False,False,ped_link_not_green
158.5,NODE_8452,3846603653,2,0,GGr,r,False,False,0,,15.5,174.0,False,False,ped_link_not_green
158.5,NODE_6082,11449716078,5,3,rrgGGrG,r,False,False,0,,28.5,187.0,False,False,ped_link_not_green
158.5,NODE_6123,7300992884,5,0,GgGrrrr,r,False,False,0,,0.5,159.0,False,False,ped_link_not_green
158.5,NODE_8426,3849142980,16,8,rrrrrrrrrrrrgggGrrrr,r,False,False,2,ped_5_1_NODE_8426|ped_5_2_NODE_8426,0.5,159.0,False,False,ped_link_not_green
158.5,NODE_74388,436883130,16,5,rrrrGGggrrrrGGggr,r,False,False,3,ped_6_0_NODE_74388|ped_6_2_NODE_74388|ped_6_3_NODE_74388,27.5,186.0,False,False,ped_link_not_green
158.5,NODE_10273,3846533030,12,5,gGGrrrrrrrrrG,G,True,False,0,,23.5,182.0,False,False,not_pedestrian_only_phase
159.0,LINK_212169,11449716078,5,3,rrgGGrG,r,False,False,0,,28.0,187.0,False,False,ped_link_not_green
159.0,NODE_8452,3846603653,2,0,GGr,r,False,False,0,,15.0,174.0,False,False,ped_link_not_green
159.0,NODE_6082,11449716078,5,3,rrgGGrG,r,False,False,0,,28.0,187.0,False,False,ped_link_not_green
159.0,NODE_6123,7300992884,5,0,GgGrrrr,r,False,False,0,,0.0,159.0,False,False,ped_link_not_green
159.0,NODE_8426,3849142980,16,8,rrrrrrrrrrrrgggGrrrr,r,False,False,2,ped_5_1_NODE_8426|ped_5_2_NODE_8426,0.0,159.0,False,False,ped_link_not_green
159.0,NODE_74388,436883130,16,5,rrrrGGggrrrrGGggr,r,False,False,3,ped_6_0_NODE_74388|ped_6_2_NODE_74388|ped_6_3_NODE_74388,27.0,186.0,False,False,ped_link_not_green
159.0,NODE_10273,3846533030,12,5,gGGrrrrrrrrrG,G,True,False,0,,23.0,182.0,False,False,not_pedestrian_only_phase
159.5,LINK_212169,11449716078,5,3,rrgGGrG,r,False,False,0,,27.5,187.0,False,False,ped_link_not_green
159.5,NODE_8452,3846603653,2,0,GGr,r,False,False,0,,14.5,174.0,False,False,ped_link_not_green
159.5,NODE_6082,11449716078,5,3,rrgGGrG,r,False,False,0,,27.5,187.0,False,False,ped_link_not_green
159.5,NODE_6123,7300992884,5,1,yyGrrrr,r,False,False,0,,5.5,165.0,False,False,ped_link_not_green
159.5,NODE_8426,3849142980,16,9,rrrrrrrrrrrryyyyrrrr,r,False,False,2,ped_5_1_NODE_8426|ped_5_2_NODE_8426,2.5,162.0,False,False,ped_link_not_green
159.5,NODE_74388,436883130,16,5,rrrrGGggrrrrGGggr,r,False,False,3,ped_6_0_NODE_74388|ped_6_2_NODE_74388|ped_6_3_NODE_74388,26.5,186.0,False,False,ped_link_not_green
159.5,NODE_10273,3846533030,12,5,gGGrrrrrrrrrG,G,True,False,0,,22.5,182.0,False,False,not_pedestrian_only_phase
160.0,LINK_212169,11449716078,5,3,rrgGGrG,r,False,False,0,,27.0,187.0,False,False,ped_link_not_green
160.0,NODE_8452,3846603653,2,0,GGr,r,False,False,0,,14.0,174.0,False,False,ped_link_not_green
160.0,NODE_6082,11449716078,5,3,rrgGGrG,r,False,False,0,,27.0,187.0,False,False,ped_link_not_green
160.0,NODE_6123,7300992884,5,1,yyGrrrr,r,False,False,0,,5.0,165.0,False,False,ped_link_not_green
160.0,NODE_8426,3849142980,16,9,rrrrrrrrrrrryyyyrrrr,r,False,False,1,ped_5_1_NODE_8426,2.0,162.0,False,False,ped_link_not_green
160.0,NODE_74388,436883130,16,5,rrrrGGggrrrrGGggr,r,False,False,3,ped_6_0_NODE_74388|ped_6_2_NODE_74388|ped_6_3_NODE_74388,26.0,186.0,False,False,ped_link_not_green
160.0,NODE_10273,3846533030,12,5,gGGrrrrrrrrrG,G,True,False,0,,22.0,182.0,False,False,not_pedestrian_only_phase
160.5,LINK_212169,11449716078,5,3,rrgGGrG,r,False,False,0,,26.5,187.0,False,False,ped_link_not_green
160.5,NODE_8452,3846603653,2,0,GGr,r,False,False,0,,13.5,174.0,False,False,ped_link_not_green
160.5,NODE_6082,11449716078,5,3,rrgGGrG,r,False,False,0,,26.5,187.0,False,False,ped_link_not_green
160.5,NODE_6123,7300992884,5,1,yyGrrrr,r,False,False,0,,4.5,165.0,False,False,ped_link_not_green
160.5,NODE_8426,3849142980,16,9,rrrrrrrrrrrryyyyrrrr,r,False,False,1,ped_5_1_NODE_8426,1.5,162.0,False,False,ped_link_not_green
160.5,NODE_74388,436883130,16,5,rrrrGGggrrrrGGggr,r,False,False,3,ped_6_0_NODE_74388|ped_6_2_NODE_74388|ped_6_3_NODE_74388,25.5,186.0,False,False,ped_link_not_green
160.5,NODE_10273,3846533030,12,5,gGGrrrrrrrrrG,G,True,False,0,,21.5,182.0,False,False,not_pedestrian_only_phase
161.0,LINK_212169,11449716078,5,3,rrgGGrG,r,False,False,0,,26.0,187.0,False,False,ped_link_not_green
161.0,NODE_8452,3846603653,2,0,GGr,r,False,False,0,,13.0,174.0,False,False,ped_link_not_green
161.0,NODE_6082,11449716078,5,3,rrgGGrG,r,False,False,0,,26.0,187.0,False,False,ped_link_not_green
161.0,NODE_6123,7300992884,5,1,yyGrrrr,r,False,False,0,,4.0,165.0,False,False,ped_link_not_green
161.0,NODE_8426,3849142980,16,9,rrrrrrrrrrrryyyyrrrr,r,False,False,1,ped_5_1_NODE_8426,1.0,162.0,False,False,ped_link_not_green
161.0,NODE_74388,436883130,16,5,rrrrGGggrrrrGGggr,r,False,False,3,ped_6_0_NODE_74388|ped_6_2_NODE_74388|ped_6_3_NODE_74388,25.0,186.0,False,False,ped_link_not_green
161.0,NODE_10273,3846533030,12,5,gGGrrrrrrrrrG,G,True,False,0,,21.0,182.0,False,False,not_pedestrian_only_phase
161.5,LINK_212169,11449716078,5,3,rrgGGrG,r,False,False,0,,25.5,187.0,False,False,ped_link_not_green
161.5,NODE_8452,3846603653,2,0,GGr,r,False,False,0,,12.5,174.0,False,False,ped_link_not_green
161.5,NODE_6082,11449716078,5,3,rrgGGrG,r,False,False,0,,25.5,187.0,False,False,ped_link_not_green
161.5,NODE_6123,7300992884,5,1,yyGrrrr,r,False,False,0,,3.5,165.0,False,False,ped_link_not_green
161.5,NODE_8426,3849142980,16,9,rrrrrrrrrrrryyyyrrrr,r,False,False,1,ped_5_1_NODE_8426,0.5,162.0,False,False,ped_link_not_green
161.5,NODE_74388,436883130,16,5,rrrrGGggrrrrGGggr,r,False,False,3,ped_6_0_NODE_74388|ped_6_2_NODE_74388|ped_6_3_NODE_74388,24.5,186.0,False,False,ped_link_not_green
161.5,NODE_10273,3846533030,12,5,gGGrrrrrrrrrG,G,True,False,0,,20.5,182.0,False,False,not_pedestrian_only_phase
162.0,LINK_212169,11449716078,5,3,rrgGGrG,r,False,False,0,,25.0,187.0,False,False,ped_link_not_green
162.0,NODE_8452,3846603653,2,0,GGr,r,False,False,0,,12.0,174.0,False,False,ped_link_not_green
162.0,NODE_6082,11449716078,5,3,rrgGGrG,r,False,False,0,,25.0,187.0,False,False,ped_link_not_green
162.0,NODE_6123,7300992884,5,1,yyGrrrr,r,False,False,0,,3.0,165.0,False,False,ped_link_not_green
162.0,NODE_8426,3849142980,16,9,rrrrrrrrrrrryyyyrrrr,r,False,False,1,ped_5_1_NODE_8426,0.0,162.0,False,False,ped_link_not_green
162.0,NODE_74388,436883130,16,5,rrrrGGggrrrrGGggr,r,False,False,3,ped_6_0_NODE_74388|ped_6_2_NODE_74388|ped_6_3_NODE_74388,24.0,186.0,False,False,ped_link_not_green
162.0,NODE_10273,3846533030,12,5,gGGrrrrrrrrrG,G,True,False,0,,20.0,182.0,False,False,not_pedestrian_only_phase
162.5,LINK_212169,11449716078,5,3,rrgGGrG,r,False,False,0,,24.5,187.0,False,False,ped_link_not_green
162.5,NODE_8452,3846603653,2,0,GGr,r,False,False,0,,11.5,174.0,False,False,ped_link_not_green
162.5,NODE_6082,11449716078,5,3,rrgGGrG,r,False,False,0,,24.5,187.0,False,False,ped_link_not_green
162.5,NODE_6123,7300992884,5,1,yyGrrrr,r,False,False,0,,2.5,165.0,False,False,ped_link_not_green
162.5,NODE_8426,3849142980,16,10,rrrrrrrrgggGrrrrGGrG,G,True,False,1,ped_5_1_NODE_8426,16.5,179.0,False,False,not_pedestrian_only_phase
162.5,NODE_74388,436883130,16,5,rrrrGGggrrrrGGggr,r,False,False,3,ped_6_0_NODE_74388|ped_6_2_NODE_74388|ped_6_3_NODE_74388,23.5,186.0,False,False,ped_link_not_green
162.5,NODE_10273,3846533030,12,5,gGGrrrrrrrrrG,G,True,False,0,,19.5,182.0,False,False,not_pedestrian_only_phase
163.0,LINK_212169,11449716078,5,3,rrgGGrG,r,False,False,0,,24.0,187.0,False,False,ped_link_not_green
163.0,NODE_8452,3846603653,2,0,GGr,r,False,False,0,,11.0,174.0,False,False,ped_link_not_green
163.0,NODE_6082,11449716078,5,3,rrgGGrG,r,False,False,0,,24.0,187.0,False,False,ped_link_not_green
163.0,NODE_6123,7300992884,5,1,yyGrrrr,r,False,False,0,,2.0,165.0,False,False,ped_link_not_green
163.0,NODE_8426,3849142980,16,10,rrrrrrrrgggGrrrrGGrG,G,True,False,1,ped_5_1_NODE_8426,16.0,179.0,False,False,not_pedestrian_only_phase
163.0,NODE_74388,436883130,16,5,rrrrGGggrrrrGGggr,r,False,False,3,ped_6_0_NODE_74388|ped_6_2_NODE_74388|ped_6_3_NODE_74388,23.0,186.0,False,False,ped_link_not_green
163.0,NODE_10273,3846533030,12,5,gGGrrrrrrrrrG,G,True,False,0,,19.0,182.0,False,False,not_pedestrian_only_phase
163.5,LINK_212169,11449716078,5,3,rrgGGrG,r,False,False,0,,23.5,187.0,False,False,ped_link_not_green
163.5,NODE_8452,3846603653,2,0,GGr,r,False,False,0,,10.5,174.0,False,False,ped_link_not_green
163.5,NODE_6082,11449716078,5,3,rrgGGrG,r,False,False,0,,23.5,187.0,False,False,ped_link_not_green
163.5,NODE_6123,7300992884,5,1,yyGrrrr,r,False,False,0,,1.5,165.0,False,False,ped_link_not_green
163.5,NODE_8426,3849142980,16,10,rrrrrrrrgggGrrrrGGrG,G,True,False,1,ped_5_1_NODE_8426,15.5,179.0,False,False,not_pedestrian_only_phase
163.5,NODE_74388,436883130,16,5,rrrrGGggrrrrGGggr,r,False,False,3,ped_6_0_NODE_74388|ped_6_2_NODE_74388|ped_6_3_NODE_74388,22.5,186.0,False,False,ped_link_not_green
163.5,NODE_10273,3846533030,12,5,gGGrrrrrrrrrG,G,True,False,0,,18.5,182.0,False,False,not_pedestrian_only_phase
164.0,LINK_212169,11449716078,5,3,rrgGGrG,r,False,False,0,,23.0,187.0,False,False,ped_link_not_green
164.0,NODE_8452,3846603653,2,0,GGr,r,False,False,0,,10.0,174.0,False,False,ped_link_not_green
164.0,NODE_6082,11449716078,5,3,rrgGGrG,r,False,False,0,,23.0,187.0,False,False,ped_link_not_green
164.0,NODE_6123,7300992884,5,1,yyGrrrr,r,False,False,0,,1.0,165.0,False,False,ped_link_not_green
164.0,NODE_8426,3849142980,16,10,rrrrrrrrgggGrrrrGGrG,G,True,False,1,ped_5_1_NODE_8426,15.0,179.0,False,False,not_pedestrian_only_phase
164.0,NODE_74388,436883130,16,5,rrrrGGggrrrrGGggr,r,False,False,3,ped_6_0_NODE_74388|ped_6_2_NODE_74388|ped_6_3_NODE_74388,22.0,186.0,False,False,ped_link_not_green
164.0,NODE_10273,3846533030,12,5,gGGrrrrrrrrrG,G,True,False,0,,18.0,182.0,False,False,not_pedestrian_only_phase
164.5,LINK_212169,11449716078,5,3,rrgGGrG,r,False,False,0,,22.5,187.0,False,False,ped_link_not_green
164.5,NODE_8452,3846603653,2,0,GGr,r,False,False,0,,9.5,174.0,False,False,ped_link_not_green
164.5,NODE_6082,11449716078,5,3,rrgGGrG,r,False,False,0,,22.5,187.0,False,False,ped_link_not_green
164.5,NODE_6123,7300992884,5,1,yyGrrrr,r,False,False,0,,0.5,165.0,False,False,ped_link_not_green
164.5,NODE_8426,3849142980,16,10,rrrrrrrrgggGrrrrGGrG,G,True,False,1,ped_5_1_NODE_8426,14.5,179.0,False,False,not_pedestrian_only_phase
164.5,NODE_74388,436883130,16,5,rrrrGGggrrrrGGggr,r,False,False,3,ped_6_0_NODE_74388|ped_6_2_NODE_74388|ped_6_3_NODE_74388,21.5,186.0,False,False,ped_link_not_green
164.5,NODE_10273,3846533030,12,5,gGGrrrrrrrrrG,G,True,False,0,,17.5,182.0,False,False,not_pedestrian_only_phase
165.0,LINK_212169,11449716078,5,3,rrgGGrG,r,False,False,0,,22.0,187.0,False,False,ped_link_not_green
165.0,NODE_8452,3846603653,2,0,GGr,r,False,False,0,,9.0,174.0,False,False,ped_link_not_green
165.0,NODE_6082,11449716078,5,3,rrgGGrG,r,False,False,0,,22.0,187.0,False,False,ped_link_not_green
165.0,NODE_6123,7300992884,5,1,yyGrrrr,r,False,False,0,,0.0,165.0,False,False,ped_link_not_green
165.0,NODE_8426,3849142980,16,10,rrrrrrrrgggGrrrrGGrG,G,True,False,0,,14.0,179.0,False,False,not_pedestrian_only_phase
165.0,NODE_74388,436883130,16,5,rrrrGGggrrrrGGggr,r,False,False,3,ped_6_0_NODE_74388|ped_6_2_NODE_74388|ped_6_3_NODE_74388,21.0,186.0,False,False,ped_link_not_green
165.0,NODE_10273,3846533030,12,5,gGGrrrrrrrrrG,G,True,False,0,,17.0,182.0,False,False,not_pedestrian_only_phase
165.5,LINK_212169,11449716078,5,3,rrgGGrG,r,False,False,0,,21.5,187.0,False,False,ped_link_not_green
165.5,NODE_8452,3846603653,2,0,GGr,r,False,False,0,,8.5,174.0,False,False,ped_link_not_green
165.5,NODE_6082,11449716078,5,3,rrgGGrG,r,False,False,0,,21.5,187.0,False,False,ped_link_not_green
165.5,NODE_6123,7300992884,5,2,rrGGGrr,r,False,False,0,,5.5,171.0,False,False,ped_link_not_green
165.5,NODE_8426,3849142980,16,10,rrrrrrrrgggGrrrrGGrG,G,True,False,0,,13.5,179.0,False,False,not_pedestrian_only_phase
165.5,NODE_74388,436883130,16,5,rrrrGGggrrrrGGggr,r,False,False,4,ped_6_0_NODE_74388|ped_6_2_NODE_74388|ped_6_3_NODE_74388|ped_6_4_NODE_74388,20.5,186.0,False,False,ped_link_not_green
165.5,NODE_10273,3846533030,12,5,gGGrrrrrrrrrG,G,True,False,0,,16.5,182.0,False,False,not_pedestrian_only_phase
166.0,LINK_212169,11449716078,5,3,rrgGGrG,r,False,False,0,,21.0,187.0,False,False,ped_link_not_green
166.0,NODE_8452,3846603653,2,0,GGr,r,False,False,0,,8.0,174.0,False,False,ped_link_not_green
166.0,NODE_6082,11449716078,5,3,rrgGGrG,r,False,False,0,,21.0,187.0,False,False,ped_link_not_green
166.0,NODE_6123,7300992884,5,2,rrGGGrr,r,False,False,0,,5.0,171.0,False,False,ped_link_not_green
166.0,NODE_8426,3849142980,16,10,rrrrrrrrgggGrrrrGGrG,G,True,False,0,,13.0,179.0,False,False,not_pedestrian_only_phase
166.0,NODE_74388,436883130,16,5,rrrrGGggrrrrGGggr,r,False,False,4,ped_6_0_NODE_74388|ped_6_2_NODE_74388|ped_6_3_NODE_74388|ped_6_4_NODE_74388,20.0,186.0,False,False,ped_link_not_green
166.0,NODE_10273,3846533030,12,5,gGGrrrrrrrrrG,G,True,False,0,,16.0,182.0,False,False,not_pedestrian_only_phase
166.5,LINK_212169,11449716078,5,3,rrgGGrG,r,False,False,0,,20.5,187.0,False,False,ped_link_not_green
166.5,NODE_8452,3846603653,2,0,GGr,r,False,False,0,,7.5,174.0,False,False,ped_link_not_green
166.5,NODE_6082,11449716078,5,3,rrgGGrG,r,False,False,0,,20.5,187.0,False,False,ped_link_not_green
166.5,NODE_6123,7300992884,5,2,rrGGGrr,r,False,False,0,,4.5,171.0,False,False,ped_link_not_green
166.5,NODE_8426,3849142980,16,10,rrrrrrrrgggGrrrrGGrG,G,True,False,0,,12.5,179.0,False,False,not_pedestrian_only_phase
166.5,NODE_74388,436883130,16,5,rrrrGGggrrrrGGggr,r,False,False,4,ped_6_0_NODE_74388|ped_6_2_NODE_74388|ped_6_3_NODE_74388|ped_6_4_NODE_74388,19.5,186.0,False,False,ped_link_not_green
166.5,NODE_10273,3846533030,12,5,gGGrrrrrrrrrG,G,True,False,0,,15.5,182.0,False,False,not_pedestrian_only_phase
167.0,LINK_212169,11449716078,5,3,rrgGGrG,r,False,False,0,,20.0,187.0,False,False,ped_link_not_green
167.0,NODE_8452,3846603653,2,0,GGr,r,False,False,0,,7.0,174.0,False,False,ped_link_not_green
167.0,NODE_6082,11449716078,5,3,rrgGGrG,r,False,False,0,,20.0,187.0,False,False,ped_link_not_green
167.0,NODE_6123,7300992884,5,2,rrGGGrr,r,False,False,0,,4.0,171.0,False,False,ped_link_not_green
167.0,NODE_8426,3849142980,16,10,rrrrrrrrgggGrrrrGGrG,G,True,False,0,,12.0,179.0,False,False,not_pedestrian_only_phase
167.0,NODE_74388,436883130,16,5,rrrrGGggrrrrGGggr,r,False,False,4,ped_6_0_NODE_74388|ped_6_2_NODE_74388|ped_6_3_NODE_74388|ped_6_4_NODE_74388,19.0,186.0,False,False,ped_link_not_green
167.0,NODE_10273,3846533030,12,5,gGGrrrrrrrrrG,G,True,False,0,,15.0,182.0,False,False,not_pedestrian_only_phase
167.5,LINK_212169,11449716078,5,3,rrgGGrG,r,False,False,0,,19.5,187.0,False,False,ped_link_not_green
167.5,NODE_8452,3846603653,2,0,GGr,r,False,False,0,,6.5,174.0,False,False,ped_link_not_green
167.5,NODE_6082,11449716078,5,3,rrgGGrG,r,False,False,0,,19.5,187.0,False,False,ped_link_not_green
167.5,NODE_6123,7300992884,5,2,rrGGGrr,r,False,False,0,,3.5,171.0,False,False,ped_link_not_green
167.5,NODE_8426,3849142980,16,10,rrrrrrrrgggGrrrrGGrG,G,True,False,0,,11.5,179.0,False,False,not_pedestrian_only_phase
167.5,NODE_74388,436883130,16,5,rrrrGGggrrrrGGggr,r,False,False,4,ped_6_0_NODE_74388|ped_6_2_NODE_74388|ped_6_3_NODE_74388|ped_6_4_NODE_74388,18.5,186.0,False,False,ped_link_not_green
167.5,NODE_10273,3846533030,12,5,gGGrrrrrrrrrG,G,True,False,0,,14.5,182.0,False,False,not_pedestrian_only_phase
168.0,LINK_212169,11449716078,5,3,rrgGGrG,r,False,False,0,,19.0,187.0,False,False,ped_link_not_green
168.0,NODE_8452,3846603653,2,0,GGr,r,False,False,0,,6.0,174.0,False,False,ped_link_not_green
168.0,NODE_6082,11449716078,5,3,rrgGGrG,r,False,False,0,,19.0,187.0,False,False,ped_link_not_green
168.0,NODE_6123,7300992884,5,2,rrGGGrr,r,False,False,0,,3.0,171.0,False,False,ped_link_not_green
168.0,NODE_8426,3849142980,16,10,rrrrrrrrgggGrrrrGGrG,G,True,False,0,,11.0,179.0,False,False,not_pedestrian_only_phase
168.0,NODE_74388,436883130,16,5,rrrrGGggrrrrGGggr,r,False,False,4,ped_6_0_NODE_74388|ped_6_2_NODE_74388|ped_6_3_NODE_74388|ped_6_4_NODE_74388,18.0,186.0,False,False,ped_link_not_green
168.0,NODE_10273,3846533030,12,5,gGGrrrrrrrrrG,G,True,False,0,,14.0,182.0,False,False,not_pedestrian_only_phase
168.5,LINK_212169,11449716078,5,3,rrgGGrG,r,False,False,0,,18.5,187.0,False,False,ped_link_not_green
168.5,NODE_8452,3846603653,2,0,GGr,r,False,False,0,,5.5,174.0,False,False,ped_link_not_green
168.5,NODE_6082,11449716078,5,3,rrgGGrG,r,False,False,0,,18.5,187.0,False,False,ped_link_not_green
168.5,NODE_6123,7300992884,5,2,rrGGGrr,r,False,False,0,,2.5,171.0,False,False,ped_link_not_green
168.5,NODE_8426,3849142980,16,10,rrrrrrrrgggGrrrrGGrG,G,True,False,0,,10.5,179.0,False,False,not_pedestrian_only_phase
168.5,NODE_74388,436883130,16,5,rrrrGGggrrrrGGggr,r,False,False,4,ped_6_0_NODE_74388|ped_6_2_NODE_74388|ped_6_3_NODE_74388|ped_6_4_NODE_74388,17.5,186.0,False,False,ped_link_not_green
168.5,NODE_10273,3846533030,12,5,gGGrrrrrrrrrG,G,True,False,0,,13.5,182.0,False,False,not_pedestrian_only_phase
169.0,LINK_212169,11449716078,5,3,rrgGGrG,r,False,False,0,,18.0,187.0,False,False,ped_link_not_green
169.0,NODE_8452,3846603653,2,0,GGr,r,False,False,0,,5.0,174.0,False,False,ped_link_not_green
169.0,NODE_6082,11449716078,5,3,rrgGGrG,r,False,False,0,,18.0,187.0,False,False,ped_link_not_green
169.0,NODE_6123,7300992884,5,2,rrGGGrr,r,False,False,0,,2.0,171.0,False,False,ped_link_not_green
169.0,NODE_8426,3849142980,16,10,rrrrrrrrgggGrrrrGGrG,G,True,False,0,,10.0,179.0,False,False,not_pedestrian_only_phase
169.0,NODE_74388,436883130,16,5,rrrrGGggrrrrGGggr,r,False,False,4,ped_6_0_NODE_74388|ped_6_2_NODE_74388|ped_6_3_NODE_74388|ped_6_4_NODE_74388,17.0,186.0,False,False,ped_link_not_green
169.0,NODE_10273,3846533030,12,5,gGGrrrrrrrrrG,G,True,False,0,,13.0,182.0,False,False,not_pedestrian_only_phase
169.5,LINK_212169,11449716078,5,3,rrgGGrG,r,False,False,0,,17.5,187.0,False,False,ped_link_not_green
169.5,NODE_8452,3846603653,2,0,GGr,r,False,False,0,,4.5,174.0,False,False,ped_link_not_green
169.5,NODE_6082,11449716078,5,3,rrgGGrG,r,False,False,0,,17.5,187.0,False,False,ped_link_not_green
169.5,NODE_6123,7300992884,5,2,rrGGGrr,r,False,False,0,,1.5,171.0,False,False,ped_link_not_green
169.5,NODE_8426,3849142980,16,10,rrrrrrrrgggGrrrrGGrG,G,True,False,0,,9.5,179.0,False,False,not_pedestrian_only_phase
169.5,NODE_74388,436883130,16,5,rrrrGGggrrrrGGggr,r,False,False,3,ped_6_0_NODE_74388|ped_6_2_NODE_74388|ped_6_3_NODE_74388,16.5,186.0,False,False,ped_link_not_green
169.5,NODE_10273,3846533030,12,5,gGGrrrrrrrrrG,G,True,False,0,,12.5,182.0,False,False,not_pedestrian_only_phase
170.0,LINK_212169,11449716078,5,3,rrgGGrG,r,False,False,0,,17.0,187.0,False,False,ped_link_not_green
170.0,NODE_8452,3846603653,2,0,GGr,r,False,False,0,,4.0,174.0,False,False,ped_link_not_green
170.0,NODE_6082,11449716078,5,3,rrgGGrG,r,False,False,0,,17.0,187.0,False,False,ped_link_not_green
170.0,NODE_6123,7300992884,5,2,rrGGGrr,r,False,False,0,,1.0,171.0,False,False,ped_link_not_green
170.0,NODE_8426,3849142980,16,10,rrrrrrrrgggGrrrrGGrG,G,True,False,0,,9.0,179.0,False,False,not_pedestrian_only_phase
170.0,NODE_74388,436883130,16,5,rrrrGGggrrrrGGggr,r,False,False,3,ped_6_0_NODE_74388|ped_6_2_NODE_74388|ped_6_3_NODE_74388,16.0,186.0,False,False,ped_link_not_green
170.0,NODE_10273,3846533030,12,5,gGGrrrrrrrrrG,G,True,False,0,,12.0,182.0,False,False,not_pedestrian_only_phase
170.5,LINK_212169,11449716078,5,3,rrgGGrG,r,False,False,0,,16.5,187.0,False,False,ped_link_not_green
170.5,NODE_8452,3846603653,2,0,GGr,r,False,False,0,,3.5,174.0,False,False,ped_link_not_green
170.5,NODE_6082,11449716078,5,3,rrgGGrG,r,False,False,0,,16.5,187.0,False,False,ped_link_not_green
170.5,NODE_6123,7300992884,5,2,rrGGGrr,r,False,False,0,,0.5,171.0,False,False,ped_link_not_green
170.5,NODE_8426,3849142980,16,10,rrrrrrrrgggGrrrrGGrG,G,True,False,0,,8.5,179.0,False,False,not_pedestrian_only_phase
170.5,NODE_74388,436883130,16,5,rrrrGGggrrrrGGggr,r,False,False,3,ped_6_0_NODE_74388|ped_6_2_NODE_74388|ped_6_3_NODE_74388,15.5,186.0,False,False,ped_link_not_green
170.5,NODE_10273,3846533030,12,5,gGGrrrrrrrrrG,G,True,False,0,,11.5,182.0,False,False,not_pedestrian_only_phase
171.0,LINK_212169,11449716078,5,3,rrgGGrG,r,False,False,0,,16.0,187.0,False,False,ped_link_not_green
171.0,NODE_8452,3846603653,2,0,GGr,r,False,False,0,,3.0,174.0,False,False,ped_link_not_green
171.0,NODE_6082,11449716078,5,3,rrgGGrG,r,False,False,0,,16.0,187.0,False,False,ped_link_not_green
171.0,NODE_6123,7300992884,5,2,rrGGGrr,r,False,False,0,,0.0,171.0,False,False,ped_link_not_green
171.0,NODE_8426,3849142980,16,10,rrrrrrrrgggGrrrrGGrG,G,True,False,0,,8.0,179.0,False,False,not_pedestrian_only_phase
171.0,NODE_74388,436883130,16,5,rrrrGGggrrrrGGggr,r,False,False,3,ped_6_0_NODE_74388|ped_6_2_NODE_74388|ped_6_3_NODE_74388,15.0,186.0,False,False,ped_link_not_green
171.0,NODE_10273,3846533030,12,5,gGGrrrrrrrrrG,G,True,False,0,,11.0,182.0,False,False,not_pedestrian_only_phase
171.5,LINK_212169,11449716078,5,3,rrgGGrG,r,False,False,0,,15.5,187.0,False,False,ped_link_not_green
171.5,NODE_8452,3846603653,2,0,GGr,r,False,False,0,,2.5,174.0,False,False,ped_link_not_green
171.5,NODE_6082,11449716078,5,3,rrgGGrG,r,False,False,0,,15.5,187.0,False,False,ped_link_not_green
171.5,NODE_6123,7300992884,5,3,rryyyrr,r,False,False,0,,5.5,177.0,False,False,ped_link_not_green
171.5,NODE_8426,3849142980,16,10,rrrrrrrrgggGrrrrGGrG,G,True,False,0,,7.5,179.0,False,False,not_pedestrian_only_phase
171.5,NODE_74388,436883130,16,5,rrrrGGggrrrrGGggr,r,False,False,3,ped_6_0_NODE_74388|ped_6_2_NODE_74388|ped_6_3_NODE_74388,14.5,186.0,False,False,ped_link_not_green
171.5,NODE_10273,3846533030,12,5,gGGrrrrrrrrrG,G,True,False,0,,10.5,182.0,False,False,not_pedestrian_only_phase
172.0,LINK_212169,11449716078,5,3,rrgGGrG,r,False,False,0,,15.0,187.0,False,False,ped_link_not_green
172.0,NODE_8452,3846603653,2,0,GGr,r,False,False,0,,2.0,174.0,False,False,ped_link_not_green
172.0,NODE_6082,11449716078,5,3,rrgGGrG,r,False,False,0,,15.0,187.0,False,False,ped_link_not_green
172.0,NODE_6123,7300992884,5,3,rryyyrr,r,False,False,0,,5.0,177.0,False,False,ped_link_not_green
172.0,NODE_8426,3849142980,16,10,rrrrrrrrgggGrrrrGGrG,G,True,False,0,,7.0,179.0,False,False,not_pedestrian_only_phase
172.0,NODE_74388,436883130,16,5,rrrrGGggrrrrGGggr,r,False,False,3,ped_6_0_NODE_74388|ped_6_2_NODE_74388|ped_6_3_NODE_74388,14.0,186.0,False,False,ped_link_not_green
172.0,NODE_10273,3846533030,12,5,gGGrrrrrrrrrG,G,True,False,0,,10.0,182.0,False,False,not_pedestrian_only_phase
172.5,LINK_212169,11449716078,5,3,rrgGGrG,r,False,False,0,,14.5,187.0,False,False,ped_link_not_green
172.5,NODE_8452,3846603653,2,0,GGr,r,False,False,0,,1.5,174.0,False,False,ped_link_not_green
172.5,NODE_6082,11449716078,5,3,rrgGGrG,r,False,False,0,,14.5,187.0,False,False,ped_link_not_green
172.5,NODE_6123,7300992884,5,3,rryyyrr,r,False,False,0,,4.5,177.0,False,False,ped_link_not_green
172.5,NODE_8426,3849142980,16,10,rrrrrrrrgggGrrrrGGrG,G,True,False,0,,6.5,179.0,False,False,not_pedestrian_only_phase
172.5,NODE_74388,436883130,16,5,rrrrGGggrrrrGGggr,r,False,False,3,ped_6_0_NODE_74388|ped_6_2_NODE_74388|ped_6_3_NODE_74388,13.5,186.0,False,False,ped_link_not_green
172.5,NODE_10273,3846533030,12,5,gGGrrrrrrrrrG,G,True,False,0,,9.5,182.0,False,False,not_pedestrian_only_phase
173.0,LINK_212169,11449716078,5,3,rrgGGrG,r,False,False,0,,14.0,187.0,False,False,ped_link_not_green
173.0,NODE_8452,3846603653,2,0,GGr,r,False,False,0,,1.0,174.0,False,False,ped_link_not_green
173.0,NODE_6082,11449716078,5,3,rrgGGrG,r,False,False,0,,14.0,187.0,False,False,ped_link_not_green
173.0,NODE_6123,7300992884,5,3,rryyyrr,r,False,False,0,,4.0,177.0,False,False,ped_link_not_green
173.0,NODE_8426,3849142980,16,10,rrrrrrrrgggGrrrrGGrG,G,True,False,0,,6.0,179.0,False,False,not_pedestrian_only_phase
173.0,NODE_74388,436883130,16,5,rrrrGGggrrrrGGggr,r,False,False,3,ped_6_0_NODE_74388|ped_6_2_NODE_74388|ped_6_3_NODE_74388,13.0,186.0,False,False,ped_link_not_green
173.0,NODE_10273,3846533030,12,5,gGGrrrrrrrrrG,G,True,False,0,,9.0,182.0,False,False,not_pedestrian_only_phase
173.5,LINK_212169,11449716078,5,3,rrgGGrG,r,False,False,0,,13.5,187.0,False,False,ped_link_not_green
173.5,NODE_8452,3846603653,2,0,GGr,r,False,False,0,,0.5,174.0,False,False,ped_link_not_green
173.5,NODE_6082,11449716078,5,3,rrgGGrG,r,False,False,0,,13.5,187.0,False,False,ped_link_not_green
173.5,NODE_6123,7300992884,5,3,rryyyrr,r,False,False,0,,3.5,177.0,False,False,ped_link_not_green
173.5,NODE_8426,3849142980,16,10,rrrrrrrrgggGrrrrGGrG,G,True,False,0,,5.5,179.0,False,False,not_pedestrian_only_phase
173.5,NODE_74388,436883130,16,5,rrrrGGggrrrrGGggr,r,False,False,4,ped_6_0_NODE_74388|ped_6_1_NODE_74388|ped_6_2_NODE_74388|ped_6_3_NODE_74388,12.5,186.0,False,False,ped_link_not_green
173.5,NODE_10273,3846533030,12,5,gGGrrrrrrrrrG,G,True,False,0,,8.5,182.0,False,False,not_pedestrian_only_phase
174.0,LINK_212169,11449716078,5,3,rrgGGrG,r,False,False,0,,13.0,187.0,False,False,ped_link_not_green
174.0,NODE_8452,3846603653,2,0,GGr,r,False,False,0,,0.0,174.0,False,False,ped_link_not_green
174.0,NODE_6082,11449716078,5,3,rrgGGrG,r,False,False,0,,13.0,187.0,False,False,ped_link_not_green
174.0,NODE_6123,7300992884,5,3,rryyyrr,r,False,False,0,,3.0,177.0,False,False,ped_link_not_green
174.0,NODE_8426,3849142980,16,10,rrrrrrrrgggGrrrrGGrG,G,True,False,0,,5.0,179.0,False,False,not_pedestrian_only_phase
174.0,NODE_74388,436883130,16,5,rrrrGGggrrrrGGggr,r,False,False,4,ped_6_0_NODE_74388|ped_6_1_NODE_74388|ped_6_2_NODE_74388|ped_6_3_NODE_74388,12.0,186.0,False,False,ped_link_not_green
174.0,NODE_10273,3846533030,12,5,gGGrrrrrrrrrG,G,True,False,0,,8.0,182.0,False,False,not_pedestrian_only_phase
174.5,LINK_212169,11449716078,5,3,rrgGGrG,r,False,False,0,,12.5,187.0,False,False,ped_link_not_green
174.5,NODE_8452,3846603653,2,1,yyr,r,False,False,0,,2.5,177.0,False,False,ped_link_not_green
174.5,NODE_6082,11449716078,5,3,rrgGGrG,r,False,False,0,,12.5,187.0,False,False,ped_link_not_green
174.5,NODE_6123,7300992884,5,3,rryyyrr,r,False,False,0,,2.5,177.0,False,False,ped_link_not_green
174.5,NODE_8426,3849142980,16,10,rrrrrrrrgggGrrrrGGrG,G,True,False,0,,4.5,179.0,False,False,not_pedestrian_only_phase
174.5,NODE_74388,436883130,16,5,rrrrGGggrrrrGGggr,r,False,False,4,ped_6_0_NODE_74388|ped_6_1_NODE_74388|ped_6_2_NODE_74388|ped_6_3_NODE_74388,11.5,186.0,False,False,ped_link_not_green
174.5,NODE_10273,3846533030,12,5,gGGrrrrrrrrrG,G,True,False,0,,7.5,182.0,False,False,not_pedestrian_only_phase
175.0,LINK_212169,11449716078,5,3,rrgGGrG,r,False,False,0,,12.0,187.0,False,False,ped_link_not_green
175.0,NODE_8452,3846603653,2,1,yyr,r,False,False,0,,2.0,177.0,False,False,ped_link_not_green
175.0,NODE_6082,11449716078,5,3,rrgGGrG,r,False,False,0,,12.0,187.0,False,False,ped_link_not_green
175.0,NODE_6123,7300992884,5,3,rryyyrr,r,False,False,0,,2.0,177.0,False,False,ped_link_not_green
175.0,NODE_8426,3849142980,16,10,rrrrrrrrgggGrrrrGGrG,G,True,False,0,,4.0,179.0,False,False,not_pedestrian_only_phase
175.0,NODE_74388,436883130,16,5,rrrrGGggrrrrGGggr,r,False,False,4,ped_6_0_NODE_74388|ped_6_1_NODE_74388|ped_6_2_NODE_74388|ped_6_3_NODE_74388,11.0,186.0,False,False,ped_link_not_green
175.0,NODE_10273,3846533030,12,5,gGGrrrrrrrrrG,G,True,False,0,,7.0,182.0,False,False,not_pedestrian_only_phase
175.5,LINK_212169,11449716078,5,3,rrgGGrG,r,False,False,0,,11.5,187.0,False,False,ped_link_not_green
175.5,NODE_8452,3846603653,2,1,yyr,r,False,False,0,,1.5,177.0,False,False,ped_link_not_green
175.5,NODE_6082,11449716078,5,3,rrgGGrG,r,False,False,0,,11.5,187.0,False,False,ped_link_not_green
175.5,NODE_6123,7300992884,5,3,rryyyrr,r,False,False,0,,1.5,177.0,False,False,ped_link_not_green
175.5,NODE_8426,3849142980,16,10,rrrrrrrrgggGrrrrGGrG,G,True,False,0,,3.5,179.0,False,False,not_pedestrian_only_phase
175.5,NODE_74388,436883130,16,5,rrrrGGggrrrrGGggr,r,False,False,4,ped_6_0_NODE_74388|ped_6_1_NODE_74388|ped_6_2_NODE_74388|ped_6_3_NODE_74388,10.5,186.0,False,False,ped_link_not_green
175.5,NODE_10273,3846533030,12,5,gGGrrrrrrrrrG,G,True,False,0,,6.5,182.0,False,False,not_pedestrian_only_phase
176.0,LINK_212169,11449716078,5,3,rrgGGrG,r,False,False,0,,11.0,187.0,False,False,ped_link_not_green
176.0,NODE_8452,3846603653,2,1,yyr,r,False,False,0,,1.0,177.0,False,False,ped_link_not_green
176.0,NODE_6082,11449716078,5,3,rrgGGrG,r,False,False,0,,11.0,187.0,False,False,ped_link_not_green
176.0,NODE_6123,7300992884,5,3,rryyyrr,r,False,False,0,,1.0,177.0,False,False,ped_link_not_green
176.0,NODE_8426,3849142980,16,10,rrrrrrrrgggGrrrrGGrG,G,True,False,0,,3.0,179.0,False,False,not_pedestrian_only_phase
176.0,NODE_74388,436883130,16,5,rrrrGGggrrrrGGggr,r,False,False,4,ped_6_0_NODE_74388|ped_6_1_NODE_74388|ped_6_2_NODE_74388|ped_6_3_NODE_74388,10.0,186.0,False,False,ped_link_not_green
176.0,NODE_10273,3846533030,12,5,gGGrrrrrrrrrG,G,True,False,0,,6.0,182.0,False,False,not_pedestrian_only_phase
176.5,LINK_212169,11449716078,5,3,rrgGGrG,r,False,False,0,,10.5,187.0,False,False,ped_link_not_green
176.5,NODE_8452,3846603653,2,1,yyr,r,False,False,0,,0.5,177.0,False,False,ped_link_not_green
176.5,NODE_6082,11449716078,5,3,rrgGGrG,r,False,False,0,,10.5,187.0,False,False,ped_link_not_green
176.5,NODE_6123,7300992884,5,3,rryyyrr,r,False,False,0,,0.5,177.0,False,False,ped_link_not_green
176.5,NODE_8426,3849142980,16,10,rrrrrrrrgggGrrrrGGrG,G,True,False,0,,2.5,179.0,False,False,not_pedestrian_only_phase
176.5,NODE_74388,436883130,16,5,rrrrGGggrrrrGGggr,r,False,False,4,ped_6_0_NODE_74388|ped_6_1_NODE_74388|ped_6_2_NODE_74388|ped_6_3_NODE_74388,9.5,186.0,False,False,ped_link_not_green
176.5,NODE_10273,3846533030,12,5,gGGrrrrrrrrrG,G,True,False,0,,5.5,182.0,False,False,not_pedestrian_only_phase
177.0,LINK_212169,11449716078,5,3,rrgGGrG,r,False,False,0,,10.0,187.0,False,False,ped_link_not_green
177.0,NODE_8452,3846603653,2,1,yyr,r,False,False,0,,0.0,177.0,False,False,ped_link_not_green
177.0,NODE_6082,11449716078,5,3,rrgGGrG,r,False,False,0,,10.0,187.0,False,False,ped_link_not_green
177.0,NODE_6123,7300992884,5,3,rryyyrr,r,False,False,0,,0.0,177.0,False,False,ped_link_not_green
177.0,NODE_8426,3849142980,16,10,rrrrrrrrgggGrrrrGGrG,G,True,False,0,,2.0,179.0,False,False,not_pedestrian_only_phase
177.0,NODE_74388,436883130,16,5,rrrrGGggrrrrGGggr,r,False,False,4,ped_6_0_NODE_74388|ped_6_1_NODE_74388|ped_6_2_NODE_74388|ped_6_3_NODE_74388,9.0,186.0,False,False,ped_link_not_green
177.0,NODE_10273,3846533030,12,5,gGGrrrrrrrrrG,G,True,False,0,,5.0,182.0,False,False,not_pedestrian_only_phase
177.5,LINK_212169,11449716078,5,3,rrgGGrG,r,False,False,0,,9.5,187.0,False,False,ped_link_not_green
177.5,NODE_8452,3846603653,2,2,rrG,G,True,True,0,,7.5,185.0,False,False,no_ped_near
177.5,NODE_6082,11449716078,5,3,rrgGGrG,r,False,False,0,,9.5,187.0,False,False,ped_link_not_green
177.5,NODE_6123,7300992884,5,4,rrrrrGr,G,True,True,0,,7.5,185.0,False,False,no_ped_near
177.5,NODE_8426,3849142980,16,10,rrrrrrrrgggGrrrrGGrG,G,True,False,0,,1.5,179.0,False,False,not_pedestrian_only_phase
177.5,NODE_74388,436883130,16,5,rrrrGGggrrrrGGggr,r,False,False,4,ped_6_0_NODE_74388|ped_6_1_NODE_74388|ped_6_2_NODE_74388|ped_6_3_NODE_74388,8.5,186.0,False,False,ped_link_not_green
177.5,NODE_10273,3846533030,12,5,gGGrrrrrrrrrG,G,True,False,0,,4.5,182.0,False,False,not_pedestrian_only_phase
178.0,LINK_212169,11449716078,5,3,rrgGGrG,r,False,False,0,,9.0,187.0,False,False,ped_link_not_green
178.0,NODE_8452,3846603653,2,2,rrG,G,True,True,0,,7.0,185.0,False,False,no_ped_near
178.0,NODE_6082,11449716078,5,3,rrgGGrG,r,False,False,0,,9.0,187.0,False,False,ped_link_not_green
178.0,NODE_6123,7300992884,5,4,rrrrrGr,G,True,True,0,,7.0,185.0,False,False,no_ped_near
178.0,NODE_8426,3849142980,16,10,rrrrrrrrgggGrrrrGGrG,G,True,False,0,,1.0,179.0,False,False,not_pedestrian_only_phase
178.0,NODE_74388,436883130,16,5,rrrrGGggrrrrGGggr,r,False,False,4,ped_6_0_NODE_74388|ped_6_1_NODE_74388|ped_6_2_NODE_74388|ped_6_3_NODE_74388,8.0,186.0,False,False,ped_link_not_green
178.0,NODE_10273,3846533030,12,5,gGGrrrrrrrrrG,G,True,False,0,,4.0,182.0,False,False,not_pedestrian_only_phase
178.5,LINK_212169,11449716078,5,3,rrgGGrG,r,False,False,0,,8.5,187.0,False,False,ped_link_not_green
178.5,NODE_8452,3846603653,2,2,rrG,G,True,True,0,,6.5,185.0,False,False,no_ped_near
178.5,NODE_6082,11449716078,5,3,rrgGGrG,r,False,False,0,,8.5,187.0,False,False,ped_link_not_green
178.5,NODE_6123,7300992884,5,4,rrrrrGr,G,True,True,0,,6.5,185.0,False,False,no_ped_near
178.5,NODE_8426,3849142980,16,10,rrrrrrrrgggGrrrrGGrG,G,True,False,0,,0.5,179.0,False,False,not_pedestrian_only_phase
178.5,NODE_74388,436883130,16,5,rrrrGGggrrrrGGggr,r,False,False,3,ped_6_0_NODE_74388|ped_6_2_NODE_74388|ped_6_3_NODE_74388,7.5,186.0,False,False,ped_link_not_green
178.5,NODE_10273,3846533030,12,5,gGGrrrrrrrrrG,G,True,False,0,,3.5,182.0,False,False,not_pedestrian_only_phase
179.0,LINK_212169,11449716078,5,3,rrgGGrG,r,False,False,0,,8.0,187.0,False,False,ped_link_not_green
179.0,NODE_8452,3846603653,2,2,rrG,G,True,True,0,,6.0,185.0,False,False,no_ped_near
179.0,NODE_6082,11449716078,5,3,rrgGGrG,r,False,False,0,,8.0,187.0,False,False,ped_link_not_green
179.0,NODE_6123,7300992884,5,4,rrrrrGr,G,True,True,0,,6.0,185.0,False,False,no_ped_near
179.0,NODE_8426,3849142980,16,10,rrrrrrrrgggGrrrrGGrG,G,True,False,0,,0.0,179.0,False,False,not_pedestrian_only_phase
179.0,NODE_74388,436883130,16,5,rrrrGGggrrrrGGggr,r,False,False,3,ped_6_0_NODE_74388|ped_6_2_NODE_74388|ped_6_3_NODE_74388,7.0,186.0,False,False,ped_link_not_green
179.0,NODE_10273,3846533030,12,5,gGGrrrrrrrrrG,G,True,False,0,,3.0,182.0,False,False,not_pedestrian_only_phase
179.5,LINK_212169,11449716078,5,3,rrgGGrG,r,False,False,0,,7.5,187.0,False,False,ped_link_not_green
179.5,NODE_8452,3846603653,2,2,rrG,G,True,True,0,,5.5,185.0,False,False,no_ped_near
179.5,NODE_6082,11449716078,5,3,rrgGGrG,r,False,False,0,,7.5,187.0,False,False,ped_link_not_green
179.5,NODE_6123,7300992884,5,4,rrrrrGr,G,True,True,0,,5.5,185.0,False,False,no_ped_near
179.5,NODE_8426,3849142980,16,11,rrrrrrrrgggGrrrrrrrr,r,False,False,0,,2.5,182.0,False,False,ped_link_not_green
179.5,NODE_74388,436883130,16,5,rrrrGGggrrrrGGggr,r,False,False,3,ped_6_0_NODE_74388|ped_6_2_NODE_74388|ped_6_3_NODE_74388,6.5,186.0,False,False,ped_link_not_green
179.5,NODE_10273,3846533030,12,5,gGGrrrrrrrrrG,G,True,False,0,,2.5,182.0,False,False,not_pedestrian_only_phase
180.0,LINK_212169,11449716078,5,3,rrgGGrG,r,False,False,0,,7.0,187.0,False,False,ped_link_not_green
180.0,NODE_8452,3846603653,2,2,rrG,G,True,True,0,,5.0,185.0,False,False,no_ped_near
180.0,NODE_6082,11449716078,5,3,rrgGGrG,r,False,False,0,,7.0,187.0,False,False,ped_link_not_green
180.0,NODE_6123,7300992884,5,4,rrrrrGr,G,True,True,0,,5.0,185.0,False,False,no_ped_near
180.0,NODE_8426,3849142980,16,11,rrrrrrrrgggGrrrrrrrr,r,False,False,0,,2.0,182.0,False,False,ped_link_not_green
180.0,NODE_74388,436883130,16,5,rrrrGGggrrrrGGggr,r,False,False,3,ped_6_0_NODE_74388|ped_6_2_NODE_74388|ped_6_3_NODE_74388,6.0,186.0,False,False,ped_link_not_green
180.0,NODE_10273,3846533030,12,5,gGGrrrrrrrrrG,G,True,False,0,,2.0,182.0,False,False,not_pedestrian_only_phase
180.5,LINK_212169,11449716078,5,3,rrgGGrG,r,False,False,0,,6.5,187.0,False,False,ped_link_not_green
180.5,NODE_8452,3846603653,2,2,rrG,G,True,True,0,,4.5,185.0,False,False,no_ped_near
180.5,NODE_6082,11449716078,5,3,rrgGGrG,r,False,False,0,,6.5,187.0,False,False,ped_link_not_green
180.5,NODE_6123,7300992884,5,4,rrrrrGr,G,True,True,0,,4.5,185.0,False,False,no_ped_near
180.5,NODE_8426,3849142980,16,11,rrrrrrrrgggGrrrrrrrr,r,False,False,0,,1.5,182.0,False,False,ped_link_not_green
180.5,NODE_74388,436883130,16,5,rrrrGGggrrrrGGggr,r,False,False,3,ped_6_0_NODE_74388|ped_6_2_NODE_74388|ped_6_3_NODE_74388,5.5,186.0,False,False,ped_link_not_green
180.5,NODE_10273,3846533030,12,5,gGGrrrrrrrrrG,G,True,False,0,,1.5,182.0,False,False,not_pedestrian_only_phase
181.0,LINK_212169,11449716078,5,3,rrgGGrG,r,False,False,0,,6.0,187.0,False,False,ped_link_not_green
181.0,NODE_8452,3846603653,2,2,rrG,G,True,True,0,,4.0,185.0,False,False,no_ped_near
181.0,NODE_6082,11449716078,5,3,rrgGGrG,r,False,False,0,,6.0,187.0,False,False,ped_link_not_green
181.0,NODE_6123,7300992884,5,4,rrrrrGr,G,True,True,0,,4.0,185.0,False,False,no_ped_near
181.0,NODE_8426,3849142980,16,11,rrrrrrrrgggGrrrrrrrr,r,False,False,0,,1.0,182.0,False,False,ped_link_not_green
181.0,NODE_74388,436883130,16,5,rrrrGGggrrrrGGggr,r,False,False,3,ped_6_0_NODE_74388|ped_6_2_NODE_74388|ped_6_3_NODE_74388,5.0,186.0,False,False,ped_link_not_green
181.0,NODE_10273,3846533030,12,5,gGGrrrrrrrrrG,G,True,False,0,,1.0,182.0,False,False,not_pedestrian_only_phase
181.5,LINK_212169,11449716078,5,3,rrgGGrG,r,False,False,0,,5.5,187.0,False,False,ped_link_not_green
181.5,NODE_8452,3846603653,2,2,rrG,G,True,True,0,,3.5,185.0,False,False,no_ped_near
181.5,NODE_6082,11449716078,5,3,rrgGGrG,r,False,False,0,,5.5,187.0,False,False,ped_link_not_green
181.5,NODE_6123,7300992884,5,4,rrrrrGr,G,True,True,0,,3.5,185.0,False,False,no_ped_near
181.5,NODE_8426,3849142980,16,11,rrrrrrrrgggGrrrrrrrr,r,False,False,0,,0.5,182.0,False,False,ped_link_not_green
181.5,NODE_74388,436883130,16,5,rrrrGGggrrrrGGggr,r,False,False,3,ped_6_0_NODE_74388|ped_6_2_NODE_74388|ped_6_3_NODE_74388,4.5,186.0,False,False,ped_link_not_green
181.5,NODE_10273,3846533030,12,5,gGGrrrrrrrrrG,G,True,False,0,,0.5,182.0,False,False,not_pedestrian_only_phase
182.0,LINK_212169,11449716078,5,3,rrgGGrG,r,False,False,0,,5.0,187.0,False,False,ped_link_not_green
182.0,NODE_8452,3846603653,2,2,rrG,G,True,True,0,,3.0,185.0,False,False,no_ped_near
182.0,NODE_6082,11449716078,5,3,rrgGGrG,r,False,False,0,,5.0,187.0,False,False,ped_link_not_green
182.0,NODE_6123,7300992884,5,4,rrrrrGr,G,True,True,0,,3.0,185.0,False,False,no_ped_near
182.0,NODE_8426,3849142980,16,11,rrrrrrrrgggGrrrrrrrr,r,False,False,0,,0.0,182.0,False,False,ped_link_not_green
182.0,NODE_74388,436883130,16,5,rrrrGGggrrrrGGggr,r,False,False,3,ped_6_0_NODE_74388|ped_6_2_NODE_74388|ped_6_3_NODE_74388,4.0,186.0,False,False,ped_link_not_green
182.0,NODE_10273,3846533030,12,5,gGGrrrrrrrrrG,G,True,False,0,,0.0,182.0,False,False,not_pedestrian_only_phase
182.5,LINK_212169,11449716078,5,3,rrgGGrG,r,False,False,0,,4.5,187.0,False,False,ped_link_not_green
182.5,NODE_8452,3846603653,2,2,rrG,G,True,True,0,,2.5,185.0,False,False,no_ped_near
182.5,NODE_6082,11449716078,5,3,rrgGGrG,r,False,False,0,,4.5,187.0,False,False,ped_link_not_green
182.5,NODE_6123,7300992884,5,4,rrrrrGr,G,True,True,0,,2.5,185.0,False,False,no_ped_near
182.5,NODE_8426,3849142980,16,12,rrrrrrrryyyyrrrrrrrr,r,False,False,0,,2.5,185.0,False,False,ped_link_not_green
182.5,NODE_74388,436883130,16,5,rrrrGGggrrrrGGggr,r,False,False,3,ped_6_0_NODE_74388|ped_6_2_NODE_74388|ped_6_3_NODE_74388,3.5,186.0,False,False,ped_link_not_green
182.5,NODE_10273,3846533030,12,6,gGGrrrrrrrrrr,r,False,False,0,,2.5,185.0,False,False,ped_link_not_green
183.0,LINK_212169,11449716078,5,3,rrgGGrG,r,False,False,0,,4.0,187.0,False,False,ped_link_not_green
183.0,NODE_8452,3846603653,2,2,rrG,G,True,True,0,,2.0,185.0,False,False,no_ped_near
183.0,NODE_6082,11449716078,5,3,rrgGGrG,r,False,False,0,,4.0,187.0,False,False,ped_link_not_green
183.0,NODE_6123,7300992884,5,4,rrrrrGr,G,True,True,0,,2.0,185.0,False,False,no_ped_near
183.0,NODE_8426,3849142980,16,12,rrrrrrrryyyyrrrrrrrr,r,False,False,0,,2.0,185.0,False,False,ped_link_not_green
183.0,NODE_74388,436883130,16,5,rrrrGGggrrrrGGggr,r,False,False,3,ped_6_0_NODE_74388|ped_6_2_NODE_74388|ped_6_3_NODE_74388,3.0,186.0,False,False,ped_link_not_green
183.0,NODE_10273,3846533030,12,6,gGGrrrrrrrrrr,r,False,False,0,,2.0,185.0,False,False,ped_link_not_green
183.5,LINK_212169,11449716078,5,3,rrgGGrG,r,False,False,0,,3.5,187.0,False,False,ped_link_not_green
183.5,NODE_8452,3846603653,2,2,rrG,G,True,True,0,,1.5,185.0,False,False,no_ped_near
183.5,NODE_6082,11449716078,5,3,rrgGGrG,r,False,False,0,,3.5,187.0,False,False,ped_link_not_green
183.5,NODE_6123,7300992884,5,4,rrrrrGr,G,True,True,0,,1.5,185.0,False,False,no_ped_near
183.5,NODE_8426,3849142980,16,12,rrrrrrrryyyyrrrrrrrr,r,False,False,0,,1.5,185.0,False,False,ped_link_not_green
183.5,NODE_74388,436883130,16,5,rrrrGGggrrrrGGggr,r,False,False,3,ped_6_0_NODE_74388|ped_6_2_NODE_74388|ped_6_3_NODE_74388,2.5,186.0,False,False,ped_link_not_green
183.5,NODE_10273,3846533030,12,6,gGGrrrrrrrrrr,r,False,False,0,,1.5,185.0,False,False,ped_link_not_green
184.0,LINK_212169,11449716078,5,3,rrgGGrG,r,False,False,0,,3.0,187.0,False,False,ped_link_not_green
184.0,NODE_8452,3846603653,2,2,rrG,G,True,True,0,,1.0,185.0,False,False,no_ped_near
184.0,NODE_6082,11449716078,5,3,rrgGGrG,r,False,False,0,,3.0,187.0,False,False,ped_link_not_green
184.0,NODE_6123,7300992884,5,4,rrrrrGr,G,True,True,0,,1.0,185.0,False,False,no_ped_near
184.0,NODE_8426,3849142980,16,12,rrrrrrrryyyyrrrrrrrr,r,False,False,0,,1.0,185.0,False,False,ped_link_not_green
184.0,NODE_74388,436883130,16,5,rrrrGGggrrrrGGggr,r,False,False,3,ped_6_0_NODE_74388|ped_6_2_NODE_74388|ped_6_3_NODE_74388,2.0,186.0,False,False,ped_link_not_green
184.0,NODE_10273,3846533030,12,6,gGGrrrrrrrrrr,r,False,False,0,,1.0,185.0,False,False,ped_link_not_green
184.5,LINK_212169,11449716078,5,3,rrgGGrG,r,False,False,0,,2.5,187.0,False,False,ped_link_not_green
184.5,NODE_8452,3846603653,2,2,rrG,G,True,True,0,,0.5,185.0,False,False,no_ped_near
184.5,NODE_6082,11449716078,5,3,rrgGGrG,r,False,False,0,,2.5,187.0,False,False,ped_link_not_green
184.5,NODE_6123,7300992884,5,4,rrrrrGr,G,True,True,0,,0.5,185.0,False,False,no_ped_near
184.5,NODE_8426,3849142980,16,12,rrrrrrrryyyyrrrrrrrr,r,False,False,0,,0.5,185.0,False,False,ped_link_not_green
184.5,NODE_74388,436883130,16,5,rrrrGGggrrrrGGggr,r,False,False,3,ped_6_0_NODE_74388|ped_6_2_NODE_74388|ped_6_3_NODE_74388,1.5,186.0,False,False,ped_link_not_green
184.5,NODE_10273,3846533030,12,6,gGGrrrrrrrrrr,r,False,False,0,,0.5,185.0,False,False,ped_link_not_green
185.0,LINK_212169,11449716078,5,3,rrgGGrG,r,False,False,0,,2.0,187.0,False,False,ped_link_not_green
185.0,NODE_8452,3846603653,2,2,rrG,G,True,True,0,,0.0,185.0,False,False,no_ped_near
185.0,NODE_6082,11449716078,5,3,rrgGGrG,r,False,False,0,,2.0,187.0,False,False,ped_link_not_green
185.0,NODE_6123,7300992884,5,4,rrrrrGr,G,True,True,0,,0.0,185.0,False,False,no_ped_near
185.0,NODE_8426,3849142980,16,12,rrrrrrrryyyyrrrrrrrr,r,False,False,0,,0.0,185.0,False,False,ped_link_not_green
185.0,NODE_74388,436883130,16,5,rrrrGGggrrrrGGggr,r,False,False,3,ped_6_0_NODE_74388|ped_6_2_NODE_74388|ped_6_3_NODE_74388,1.0,186.0,False,False,ped_link_not_green
185.0,NODE_10273,3846533030,12,6,gGGrrrrrrrrrr,r,False,False,0,,0.0,185.0,False,False,ped_link_not_green
185.5,LINK_212169,11449716078,5,3,rrgGGrG,r,False,False,0,,1.5,187.0,False,False,ped_link_not_green
185.5,NODE_8452,3846603653,2,0,GGr,r,False,False,0,,78.5,264.0,False,False,ped_link_not_green
185.5,NODE_6082,11449716078,5,3,rrgGGrG,r,False,False,0,,1.5,187.0,False,False,ped_link_not_green
185.5,NODE_6123,7300992884,5,0,GgGrrrr,r,False,False,0,,63.5,249.0,False,False,ped_link_not_green
185.5,NODE_8426,3849142980,16,0,gggGrrrrrrrrrrrrrGGG,r,False,False,0,,13.5,199.0,False,False,ped_link_not_green
185.5,NODE_74388,436883130,16,5,rrrrGGggrrrrGGggr,r,False,False,3,ped_6_0_NODE_74388|ped_6_2_NODE_74388|ped_6_3_NODE_74388,0.5,186.0,False,False,ped_link_not_green
185.5,NODE_10273,3846533030,12,7,yyyrrrrrrrrrr,r,False,False,0,,5.5,191.0,False,False,ped_link_not_green
186.0,LINK_212169,11449716078,5,3,rrgGGrG,r,False,False,0,,1.0,187.0,False,False,ped_link_not_green
186.0,NODE_8452,3846603653,2,0,GGr,r,False,False,0,,78.0,264.0,False,False,ped_link_not_green
186.0,NODE_6082,11449716078,5,3,rrgGGrG,r,False,False,0,,1.0,187.0,False,False,ped_link_not_green
186.0,NODE_6123,7300992884,5,0,GgGrrrr,r,False,False,0,,63.0,249.0,False,False,ped_link_not_green
186.0,NODE_8426,3849142980,16,0,gggGrrrrrrrrrrrrrGGG,r,False,False,0,,13.0,199.0,False,False,ped_link_not_green
186.0,NODE_74388,436883130,16,5,rrrrGGggrrrrGGggr,r,False,False,3,ped_6_0_NODE_74388|ped_6_2_NODE_74388|ped_6_3_NODE_74388,0.0,186.0,False,False,ped_link_not_green
186.0,NODE_10273,3846533030,12,7,yyyrrrrrrrrrr,r,False,False,0,,5.0,191.0,False,False,ped_link_not_green
186.5,LINK_212169,11449716078,5,3,rrgGGrG,r,False,False,0,,0.5,187.0,False,False,ped_link_not_green
186.5,NODE_8452,3846603653,2,0,GGr,r,False,False,0,,77.5,264.0,False,False,ped_link_not_green
186.5,NODE_6082,11449716078,5,3,rrgGGrG,r,False,False,0,,0.5,187.0,False,False,ped_link_not_green
186.5,NODE_6123,7300992884,5,0,GgGrrrr,r,False,False,0,,62.5,249.0,False,False,ped_link_not_green
186.5,NODE_8426,3849142980,16,0,gggGrrrrrrrrrrrrrGGG,r,False,False,0,,12.5,199.0,False,False,ped_link_not_green
186.5,NODE_74388,436883130,16,6,rrrryyyyrrrryyyyr,r,False,False,3,ped_6_0_NODE_74388|ped_6_2_NODE_74388|ped_6_3_NODE_74388,4.5,191.0,False,False,ped_link_not_green
186.5,NODE_10273,3846533030,12,7,yyyrrrrrrrrrr,r,False,False,0,,4.5,191.0,False,False,ped_link_not_green
187.0,LINK_212169,11449716078,5,3,rrgGGrG,r,False,False,0,,0.0,187.0,False,False,ped_link_not_green
187.0,NODE_8452,3846603653,2,0,GGr,r,False,False,0,,77.0,264.0,False,False,ped_link_not_green
187.0,NODE_6082,11449716078,5,3,rrgGGrG,r,False,False,0,,0.0,187.0,False,False,ped_link_not_green
187.0,NODE_6123,7300992884,5,0,GgGrrrr,r,False,False,0,,62.0,249.0,False,False,ped_link_not_green
187.0,NODE_8426,3849142980,16,0,gggGrrrrrrrrrrrrrGGG,r,False,False,0,,12.0,199.0,False,False,ped_link_not_green
187.0,NODE_74388,436883130,16,6,rrrryyyyrrrryyyyr,r,False,False,3,ped_6_0_NODE_74388|ped_6_2_NODE_74388|ped_6_3_NODE_74388,4.0,191.0,False,False,ped_link_not_green
187.0,NODE_10273,3846533030,12,7,yyyrrrrrrrrrr,r,False,False,0,,4.0,191.0,False,False,ped_link_not_green
187.5,LINK_212169,11449716078,5,4,rrgGGrr,r,False,False,0,,2.5,190.0,False,False,ped_link_not_green
187.5,NODE_8452,3846603653,2,0,GGr,r,False,False,0,,76.5,264.0,False,False,ped_link_not_green
187.5,NODE_6082,11449716078,5,4,rrgGGrr,r,False,False,0,,2.5,190.0,False,False,ped_link_not_green
187.5,NODE_6123,7300992884,5,0,GgGrrrr,r,False,False,0,,61.5,249.0,False,False,ped_link_not_green
187.5,NODE_8426,3849142980,16,0,gggGrrrrrrrrrrrrrGGG,r,False,False,0,,11.5,199.0,False,False,ped_link_not_green
187.5,NODE_74388,436883130,16,6,rrrryyyyrrrryyyyr,r,False,False,3,ped_6_0_NODE_74388|ped_6_2_NODE_74388|ped_6_3_NODE_74388,3.5,191.0,False,False,ped_link_not_green
187.5,NODE_10273,3846533030,12,7,yyyrrrrrrrrrr,r,False,False,0,,3.5,191.0,False,False,ped_link_not_green
188.0,LINK_212169,11449716078,5,4,rrgGGrr,r,False,False,0,,2.0,190.0,False,False,ped_link_not_green
188.0,NODE_8452,3846603653,2,0,GGr,r,False,False,0,,76.0,264.0,False,False,ped_link_not_green
188.0,NODE_6082,11449716078,5,4,rrgGGrr,r,False,False,0,,2.0,190.0,False,False,ped_link_not_green
188.0,NODE_6123,7300992884,5,0,GgGrrrr,r,False,False,0,,61.0,249.0,False,False,ped_link_not_green
188.0,NODE_8426,3849142980,16,0,gggGrrrrrrrrrrrrrGGG,r,False,False,0,,11.0,199.0,False,False,ped_link_not_green
188.0,NODE_74388,436883130,16,6,rrrryyyyrrrryyyyr,r,False,False,3,ped_6_0_NODE_74388|ped_6_2_NODE_74388|ped_6_3_NODE_74388,3.0,191.0,False,False,ped_link_not_green
188.0,NODE_10273,3846533030,12,7,yyyrrrrrrrrrr,r,False,False,0,,3.0,191.0,False,False,ped_link_not_green
188.5,LINK_212169,11449716078,5,4,rrgGGrr,r,False,False,0,,1.5,190.0,False,False,ped_link_not_green
188.5,NODE_8452,3846603653,2,0,GGr,r,False,False,0,,75.5,264.0,False,False,ped_link_not_green
188.5,NODE_6082,11449716078,5,4,rrgGGrr,r,False,False,0,,1.5,190.0,False,False,ped_link_not_green
188.5,NODE_6123,7300992884,5,0,GgGrrrr,r,False,False,0,,60.5,249.0,False,False,ped_link_not_green
188.5,NODE_8426,3849142980,16,0,gggGrrrrrrrrrrrrrGGG,r,False,False,0,,10.5,199.0,False,False,ped_link_not_green
188.5,NODE_74388,436883130,16,6,rrrryyyyrrrryyyyr,r,False,False,3,ped_6_0_NODE_74388|ped_6_2_NODE_74388|ped_6_3_NODE_74388,2.5,191.0,False,False,ped_link_not_green
188.5,NODE_10273,3846533030,12,7,yyyrrrrrrrrrr,r,False,False,0,,2.5,191.0,False,False,ped_link_not_green
189.0,LINK_212169,11449716078,5,4,rrgGGrr,r,False,False,0,,1.0,190.0,False,False,ped_link_not_green
189.0,NODE_8452,3846603653,2,0,GGr,r,False,False,0,,75.0,264.0,False,False,ped_link_not_green
189.0,NODE_6082,11449716078,5,4,rrgGGrr,r,False,False,0,,1.0,190.0,False,False,ped_link_not_green
189.0,NODE_6123,7300992884,5,0,GgGrrrr,r,False,False,0,,60.0,249.0,False,False,ped_link_not_green
189.0,NODE_8426,3849142980,16,0,gggGrrrrrrrrrrrrrGGG,r,False,False,0,,10.0,199.0,False,False,ped_link_not_green
189.0,NODE_74388,436883130,16,6,rrrryyyyrrrryyyyr,r,False,False,3,ped_6_0_NODE_74388|ped_6_2_NODE_74388|ped_6_3_NODE_74388,2.0,191.0,False,False,ped_link_not_green
189.0,NODE_10273,3846533030,12,7,yyyrrrrrrrrrr,r,False,False,0,,2.0,191.0,False,False,ped_link_not_green
189.5,LINK_212169,11449716078,5,4,rrgGGrr,r,False,False,0,,0.5,190.0,False,False,ped_link_not_green
189.5,NODE_8452,3846603653,2,0,GGr,r,False,False,0,,74.5,264.0,False,False,ped_link_not_green
189.5,NODE_6082,11449716078,5,4,rrgGGrr,r,False,False,0,,0.5,190.0,False,False,ped_link_not_green
189.5,NODE_6123,7300992884,5,0,GgGrrrr,r,False,False,0,,59.5,249.0,False,False,ped_link_not_green
189.5,NODE_8426,3849142980,16,0,gggGrrrrrrrrrrrrrGGG,r,False,False,0,,9.5,199.0,False,False,ped_link_not_green
189.5,NODE_74388,436883130,16,6,rrrryyyyrrrryyyyr,r,False,False,3,ped_6_0_NODE_74388|ped_6_2_NODE_74388|ped_6_3_NODE_74388,1.5,191.0,False,False,ped_link_not_green
189.5,NODE_10273,3846533030,12,7,yyyrrrrrrrrrr,r,False,False,0,,1.5,191.0,False,False,ped_link_not_green
190.0,LINK_212169,11449716078,5,4,rrgGGrr,r,False,False,0,,0.0,190.0,False,False,ped_link_not_green
190.0,NODE_8452,3846603653,2,0,GGr,r,False,False,0,,74.0,264.0,False,False,ped_link_not_green
190.0,NODE_6082,11449716078,5,4,rrgGGrr,r,False,False,0,,0.0,190.0,False,False,ped_link_not_green
190.0,NODE_6123,7300992884,5,0,GgGrrrr,r,False,False,0,,59.0,249.0,False,False,ped_link_not_green
190.0,NODE_8426,3849142980,16,0,gggGrrrrrrrrrrrrrGGG,r,False,False,0,,9.0,199.0,False,False,ped_link_not_green
190.0,NODE_74388,436883130,16,6,rrrryyyyrrrryyyyr,r,False,False,3,ped_6_0_NODE_74388|ped_6_2_NODE_74388|ped_6_3_NODE_74388,1.0,191.0,False,False,ped_link_not_green
190.0,NODE_10273,3846533030,12,7,yyyrrrrrrrrrr,r,False,False,0,,1.0,191.0,False,False,ped_link_not_green
190.5,LINK_212169,11449716078,5,5,rryyyrr,r,False,False,0,,5.5,196.0,False,False,ped_link_not_green
190.5,NODE_8452,3846603653,2,0,GGr,r,False,False,0,,73.5,264.0,False,False,ped_link_not_green
190.5,NODE_6082,11449716078,5,5,rryyyrr,r,False,False,0,,5.5,196.0,False,False,ped_link_not_green
190.5,NODE_6123,7300992884,5,0,GgGrrrr,r,False,False,0,,58.5,249.0,False,False,ped_link_not_green
190.5,NODE_8426,3849142980,16,0,gggGrrrrrrrrrrrrrGGG,r,False,False,0,,8.5,199.0,False,False,ped_link_not_green
190.5,NODE_74388,436883130,16,6,rrrryyyyrrrryyyyr,r,False,False,3,ped_6_0_NODE_74388|ped_6_2_NODE_74388|ped_6_3_NODE_74388,0.5,191.0,False,False,ped_link_not_green
190.5,NODE_10273,3846533030,12,7,yyyrrrrrrrrrr,r,False,False,0,,0.5,191.0,False,False,ped_link_not_green
191.0,LINK_212169,11449716078,5,5,rryyyrr,r,False,False,0,,5.0,196.0,False,False,ped_link_not_green
191.0,NODE_8452,3846603653,2,0,GGr,r,False,False,0,,73.0,264.0,False,False,ped_link_not_green
191.0,NODE_6082,11449716078,5,5,rryyyrr,r,False,False,0,,5.0,196.0,False,False,ped_link_not_green
191.0,NODE_6123,7300992884,5,0,GgGrrrr,r,False,False,0,,58.0,249.0,False,False,ped_link_not_green
191.0,NODE_8426,3849142980,16,0,gggGrrrrrrrrrrrrrGGG,r,False,False,0,,8.0,199.0,False,False,ped_link_not_green
191.0,NODE_74388,436883130,16,6,rrrryyyyrrrryyyyr,r,False,False,3,ped_6_0_NODE_74388|ped_6_2_NODE_74388|ped_6_3_NODE_74388,0.0,191.0,False,False,ped_link_not_green
191.0,NODE_10273,3846533030,12,7,yyyrrrrrrrrrr,r,False,False,0,,0.0,191.0,False,False,ped_link_not_green
191.5,LINK_212169,11449716078,5,5,rryyyrr,r,False,False,0,,4.5,196.0,False,False,ped_link_not_green
191.5,NODE_8452,3846603653,2,0,GGr,r,False,False,0,,72.5,264.0,False,False,ped_link_not_green
191.5,NODE_6082,11449716078,5,5,rryyyrr,r,False,False,0,,4.5,196.0,False,False,ped_link_not_green
191.5,NODE_6123,7300992884,5,0,GgGrrrr,r,False,False,0,,57.5,249.0,False,False,ped_link_not_green
191.5,NODE_8426,3849142980,16,0,gggGrrrrrrrrrrrrrGGG,r,False,False,0,,7.5,199.0,False,False,ped_link_not_green
191.5,NODE_74388,436883130,16,7,rrrrrrrrrrrrrrrrG,G,True,True,3,ped_6_0_NODE_74388|ped_6_2_NODE_74388|ped_6_3_NODE_74388,5.5,197.0,False,False,already_extended_this_phase
191.5,NODE_10273,3846533030,12,8,rrrrrrrrrrrrG,G,True,True,0,,5.5,197.0,False,False,no_ped_near
192.0,LINK_212169,11449716078,5,5,rryyyrr,r,False,False,0,,4.0,196.0,False,False,ped_link_not_green
192.0,NODE_8452,3846603653,2,0,GGr,r,False,False,0,,72.0,264.0,False,False,ped_link_not_green
192.0,NODE_6082,11449716078,5,5,rryyyrr,r,False,False,0,,4.0,196.0,False,False,ped_link_not_green
192.0,NODE_6123,7300992884,5,0,GgGrrrr,r,False,False,0,,57.0,249.0,False,False,ped_link_not_green
192.0,NODE_8426,3849142980,16,0,gggGrrrrrrrrrrrrrGGG,r,False,False,0,,7.0,199.0,False,False,ped_link_not_green
192.0,NODE_74388,436883130,16,7,rrrrrrrrrrrrrrrrG,G,True,True,3,ped_6_0_NODE_74388|ped_6_2_NODE_74388|ped_6_3_NODE_74388,5.0,197.0,False,False,already_extended_this_phase
192.0,NODE_10273,3846533030,12,8,rrrrrrrrrrrrG,G,True,True,0,,5.0,197.0,False,False,no_ped_near
192.5,LINK_212169,11449716078,5,5,rryyyrr,r,False,False,0,,3.5,196.0,False,False,ped_link_not_green
192.5,NODE_8452,3846603653,2,0,GGr,r,False,False,0,,71.5,264.0,False,False,ped_link_not_green
192.5,NODE_6082,11449716078,5,5,rryyyrr,r,False,False,0,,3.5,196.0,False,False,ped_link_not_green
192.5,NODE_6123,7300992884,5,0,GgGrrrr,r,False,False,0,,56.5,249.0,False,False,ped_link_not_green
192.5,NODE_8426,3849142980,16,0,gggGrrrrrrrrrrrrrGGG,r,False,False,0,,6.5,199.0,False,False,ped_link_not_green
192.5,NODE_74388,436883130,16,7,rrrrrrrrrrrrrrrrG,G,True,True,3,ped_6_0_NODE_74388|ped_6_2_NODE_74388|ped_6_3_NODE_74388,4.5,197.0,False,False,already_extended_this_phase
192.5,NODE_10273,3846533030,12,8,rrrrrrrrrrrrG,G,True,True,0,,4.5,197.0,False,False,no_ped_near
193.0,LINK_212169,11449716078,5,5,rryyyrr,r,False,False,0,,3.0,196.0,False,False,ped_link_not_green
193.0,NODE_8452,3846603653,2,0,GGr,r,False,False,0,,71.0,264.0,False,False,ped_link_not_green
193.0,NODE_6082,11449716078,5,5,rryyyrr,r,False,False,0,,3.0,196.0,False,False,ped_link_not_green
193.0,NODE_6123,7300992884,5,0,GgGrrrr,r,False,False,0,,56.0,249.0,False,False,ped_link_not_green
193.0,NODE_8426,3849142980,16,0,gggGrrrrrrrrrrrrrGGG,r,False,False,0,,6.0,199.0,False,False,ped_link_not_green
193.0,NODE_74388,436883130,16,7,rrrrrrrrrrrrrrrrG,G,True,True,3,ped_6_0_NODE_74388|ped_6_2_NODE_74388|ped_6_3_NODE_74388,4.0,197.0,False,False,already_extended_this_phase
193.0,NODE_10273,3846533030,12,8,rrrrrrrrrrrrG,G,True,True,0,,4.0,197.0,False,False,no_ped_near
193.5,LINK_212169,11449716078,5,5,rryyyrr,r,False,False,0,,2.5,196.0,False,False,ped_link_not_green
193.5,NODE_8452,3846603653,2,0,GGr,r,False,False,0,,70.5,264.0,False,False,ped_link_not_green
193.5,NODE_6082,11449716078,5,5,rryyyrr,r,False,False,0,,2.5,196.0,False,False,ped_link_not_green
193.5,NODE_6123,7300992884,5,0,GgGrrrr,r,False,False,0,,55.5,249.0,False,False,ped_link_not_green
193.5,NODE_8426,3849142980,16,0,gggGrrrrrrrrrrrrrGGG,r,False,False,0,,5.5,199.0,False,False,ped_link_not_green
193.5,NODE_74388,436883130,16,7,rrrrrrrrrrrrrrrrG,G,True,True,3,ped_6_0_NODE_74388|ped_6_2_NODE_74388|ped_6_3_NODE_74388,3.5,197.0,False,False,already_extended_this_phase
193.5,NODE_10273,3846533030,12,8,rrrrrrrrrrrrG,G,True,True,0,,3.5,197.0,False,False,no_ped_near
194.0,LINK_212169,11449716078,5,5,rryyyrr,r,False,False,0,,2.0,196.0,False,False,ped_link_not_green
194.0,NODE_8452,3846603653,2,0,GGr,r,False,False,0,,70.0,264.0,False,False,ped_link_not_green
194.0,NODE_6082,11449716078,5,5,rryyyrr,r,False,False,0,,2.0,196.0,False,False,ped_link_not_green
194.0,NODE_6123,7300992884,5,0,GgGrrrr,r,False,False,0,,55.0,249.0,False,False,ped_link_not_green
194.0,NODE_8426,3849142980,16,0,gggGrrrrrrrrrrrrrGGG,r,False,False,0,,5.0,199.0,False,False,ped_link_not_green
194.0,NODE_74388,436883130,16,7,rrrrrrrrrrrrrrrrG,G,True,True,3,ped_6_0_NODE_74388|ped_6_2_NODE_74388|ped_6_3_NODE_74388,3.0,197.0,False,False,already_extended_this_phase
194.0,NODE_10273,3846533030,12,8,rrrrrrrrrrrrG,G,True,True,0,,3.0,197.0,False,False,no_ped_near
194.5,LINK_212169,11449716078,5,5,rryyyrr,r,False,False,0,,1.5,196.0,False,False,ped_link_not_green
194.5,NODE_8452,3846603653,2,0,GGr,r,False,False,0,,69.5,264.0,False,False,ped_link_not_green
194.5,NODE_6082,11449716078,5,5,rryyyrr,r,False,False,0,,1.5,196.0,False,False,ped_link_not_green
194.5,NODE_6123,7300992884,5,0,GgGrrrr,r,False,False,0,,54.5,249.0,False,False,ped_link_not_green
194.5,NODE_8426,3849142980,16,0,gggGrrrrrrrrrrrrrGGG,r,False,False,0,,4.5,199.0,False,False,ped_link_not_green
194.5,NODE_74388,436883130,16,7,rrrrrrrrrrrrrrrrG,G,True,True,3,ped_6_0_NODE_74388|ped_6_2_NODE_74388|ped_6_3_NODE_74388,2.5,197.0,False,False,already_extended_this_phase
194.5,NODE_10273,3846533030,12,8,rrrrrrrrrrrrG,G,True,True,0,,2.5,197.0,False,False,no_ped_near
195.0,LINK_212169,11449716078,5,5,rryyyrr,r,False,False,0,,1.0,196.0,False,False,ped_link_not_green
195.0,NODE_8452,3846603653,2,0,GGr,r,False,False,0,,69.0,264.0,False,False,ped_link_not_green
195.0,NODE_6082,11449716078,5,5,rryyyrr,r,False,False,0,,1.0,196.0,False,False,ped_link_not_green
195.0,NODE_6123,7300992884,5,0,GgGrrrr,r,False,False,0,,54.0,249.0,False,False,ped_link_not_green
195.0,NODE_8426,3849142980,16,0,gggGrrrrrrrrrrrrrGGG,r,False,False,0,,4.0,199.0,False,False,ped_link_not_green
195.0,NODE_74388,436883130,16,7,rrrrrrrrrrrrrrrrG,G,True,True,3,ped_6_0_NODE_74388|ped_6_2_NODE_74388|ped_6_3_NODE_74388,2.0,197.0,False,False,already_extended_this_phase
195.0,NODE_10273,3846533030,12,8,rrrrrrrrrrrrG,G,True,True,0,,2.0,197.0,False,False,no_ped_near
195.5,LINK_212169,11449716078,5,5,rryyyrr,r,False,False,0,,0.5,196.0,False,False,ped_link_not_green
195.5,NODE_8452,3846603653,2,0,GGr,r,False,False,0,,68.5,264.0,False,False,ped_link_not_green
195.5,NODE_6082,11449716078,5,5,rryyyrr,r,False,False,0,,0.5,196.0,False,False,ped_link_not_green
195.5,NODE_6123,7300992884,5,0,GgGrrrr,r,False,False,0,,53.5,249.0,False,False,ped_link_not_green
195.5,NODE_8426,3849142980,16,0,gggGrrrrrrrrrrrrrGGG,r,False,False,0,,3.5,199.0,False,False,ped_link_not_green
195.5,NODE_74388,436883130,16,7,rrrrrrrrrrrrrrrrG,G,True,True,3,ped_6_0_NODE_74388|ped_6_2_NODE_74388|ped_6_3_NODE_74388,1.5,197.0,False,False,already_extended_this_phase
195.5,NODE_10273,3846533030,12,8,rrrrrrrrrrrrG,G,True,True,0,,1.5,197.0,False,False,no_ped_near
196.0,LINK_212169,11449716078,5,5,rryyyrr,r,False,False,0,,0.0,196.0,False,False,ped_link_not_green
196.0,NODE_8452,3846603653,2,0,GGr,r,False,False,0,,68.0,264.0,False,False,ped_link_not_green
196.0,NODE_6082,11449716078,5,5,rryyyrr,r,False,False,0,,0.0,196.0,False,False,ped_link_not_green
196.0,NODE_6123,7300992884,5,0,GgGrrrr,r,False,False,0,,53.0,249.0,False,False,ped_link_not_green
196.0,NODE_8426,3849142980,16,0,gggGrrrrrrrrrrrrrGGG,r,False,False,0,,3.0,199.0,False,False,ped_link_not_green
196.0,NODE_74388,436883130,16,7,rrrrrrrrrrrrrrrrG,G,True,True,3,ped_6_0_NODE_74388|ped_6_2_NODE_74388|ped_6_3_NODE_74388,1.0,197.0,False,False,already_extended_this_phase
196.0,NODE_10273,3846533030,12,8,rrrrrrrrrrrrG,G,True,True,0,,1.0,197.0,False,False,no_ped_near
196.5,LINK_212169,11449716078,5,6,rrrrrGr,G,True,True,0,,5.5,202.0,False,False,no_ped_near
196.5,NODE_8452,3846603653,2,0,GGr,r,False,False,0,,67.5,264.0,False,False,ped_link_not_green
196.5,NODE_6082,11449716078,5,6,rrrrrGr,G,True,True,0,,5.5,202.0,False,False,no_ped_near
196.5,NODE_6123,7300992884,5,0,GgGrrrr,r,False,False,0,,52.5,249.0,False,False,ped_link_not_green
196.5,NODE_8426,3849142980,16,0,gggGrrrrrrrrrrrrrGGG,r,False,False,0,,2.5,199.0,False,False,ped_link_not_green
196.5,NODE_74388,436883130,16,7,rrrrrrrrrrrrrrrrG,G,True,True,3,ped_6_0_NODE_74388|ped_6_2_NODE_74388|ped_6_3_NODE_74388,0.5,197.0,False,False,already_extended_this_phase
196.5,NODE_10273,3846533030,12,8,rrrrrrrrrrrrG,G,True,True,0,,0.5,197.0,False,False,no_ped_near
197.0,LINK_212169,11449716078,5,6,rrrrrGr,G,True,True,0,,5.0,202.0,False,False,no_ped_near
197.0,NODE_8452,3846603653,2,0,GGr,r,False,False,0,,67.0,264.0,False,False,ped_link_not_green
197.0,NODE_6082,11449716078,5,6,rrrrrGr,G,True,True,0,,5.0,202.0,False,False,no_ped_near
197.0,NODE_6123,7300992884,5,0,GgGrrrr,r,False,False,0,,52.0,249.0,False,False,ped_link_not_green
197.0,NODE_8426,3849142980,16,0,gggGrrrrrrrrrrrrrGGG,r,False,False,0,,2.0,199.0,False,False,ped_link_not_green
197.0,NODE_74388,436883130,16,7,rrrrrrrrrrrrrrrrG,G,True,True,3,ped_6_0_NODE_74388|ped_6_2_NODE_74388|ped_6_3_NODE_74388,0.0,197.0,False,False,already_extended_this_phase
197.0,NODE_10273,3846533030,12,8,rrrrrrrrrrrrG,G,True,True,0,,0.0,197.0,False,False,no_ped_near
197.5,LINK_212169,11449716078,5,6,rrrrrGr,G,True,True,0,,4.5,202.0,False,False,no_ped_near
197.5,NODE_8452,3846603653,2,0,GGr,r,False,False,0,,66.5,264.0,False,False,ped_link_not_green
197.5,NODE_6082,11449716078,5,6,rrrrrGr,G,True,True,0,,4.5,202.0,False,False,no_ped_near
197.5,NODE_6123,7300992884,5,0,GgGrrrr,r,False,False,0,,51.5,249.0,False,False,ped_link_not_green
197.5,NODE_8426,3849142980,16,0,gggGrrrrrrrrrrrrrGGG,r,False,False,0,,1.5,199.0,False,False,ped_link_not_green
197.5,NODE_74388,436883130,16,0,GGrrrrrrgGrrrrrrG,G,True,False,3,ped_6_0_NODE_74388|ped_6_2_NODE_74388|ped_6_3_NODE_74388,31.5,229.0,False,False,not_pedestrian_only_phase
197.5,NODE_10273,3846533030,12,0,rrrgGGgGGrrGr,r,False,False,0,,29.5,227.0,False,False,ped_link_not_green
198.0,LINK_212169,11449716078,5,6,rrrrrGr,G,True,True,0,,4.0,202.0,False,False,no_ped_near
198.0,NODE_8452,3846603653,2,0,GGr,r,False,False,0,,66.0,264.0,False,False,ped_link_not_green
198.0,NODE_6082,11449716078,5,6,rrrrrGr,G,True,True,0,,4.0,202.0,False,False,no_ped_near
198.0,NODE_6123,7300992884,5,0,GgGrrrr,r,False,False,0,,51.0,249.0,False,False,ped_link_not_green
198.0,NODE_8426,3849142980,16,0,gggGrrrrrrrrrrrrrGGG,r,False,False,0,,1.0,199.0,False,False,ped_link_not_green
198.0,NODE_74388,436883130,16,0,GGrrrrrrgGrrrrrrG,G,True,False,3,ped_6_0_NODE_74388|ped_6_2_NODE_74388|ped_6_3_NODE_74388,31.0,229.0,False,False,not_pedestrian_only_phase
198.0,NODE_10273,3846533030,12,0,rrrgGGgGGrrGr,r,False,False,0,,29.0,227.0,False,False,ped_link_not_green
198.5,LINK_212169,11449716078,5,6,rrrrrGr,G,True,True,0,,3.5,202.0,False,False,no_ped_near
198.5,NODE_8452,3846603653,2,0,GGr,r,False,False,0,,65.5,264.0,False,False,ped_link_not_green
198.5,NODE_6082,11449716078,5,6,rrrrrGr,G,True,True,0,,3.5,202.0,False,False,no_ped_near
198.5,NODE_6123,7300992884,5,0,GgGrrrr,r,False,False,0,,50.5,249.0,False,False,ped_link_not_green
198.5,NODE_8426,3849142980,16,0,gggGrrrrrrrrrrrrrGGG,r,False,False,0,,0.5,199.0,False,False,ped_link_not_green
198.5,NODE_74388,436883130,16,0,GGrrrrrrgGrrrrrrG,G,True,False,3,ped_6_0_NODE_74388|ped_6_2_NODE_74388|ped_6_3_NODE_74388,30.5,229.0,False,False,not_pedestrian_only_phase
198.5,NODE_10273,3846533030,12,0,rrrgGGgGGrrGr,r,False,False,0,,28.5,227.0,False,False,ped_link_not_green
199.0,LINK_212169,11449716078,5,6,rrrrrGr,G,True,True,0,,3.0,202.0,False,False,no_ped_near
199.0,NODE_8452,3846603653,2,0,GGr,r,False,False,0,,65.0,264.0,False,False,ped_link_not_green
199.0,NODE_6082,11449716078,5,6,rrrrrGr,G,True,True,0,,3.0,202.0,False,False,no_ped_near
199.0,NODE_6123,7300992884,5,0,GgGrrrr,r,False,False,0,,50.0,249.0,False,False,ped_link_not_green
199.0,NODE_8426,3849142980,16,0,gggGrrrrrrrrrrrrrGGG,r,False,False,0,,0.0,199.0,False,False,ped_link_not_green
199.0,NODE_74388,436883130,16,0,GGrrrrrrgGrrrrrrG,G,True,False,3,ped_6_0_NODE_74388|ped_6_2_NODE_74388|ped_6_3_NODE_74388,30.0,229.0,False,False,not_pedestrian_only_phase
199.0,NODE_10273,3846533030,12,0,rrrgGGgGGrrGr,r,False,False,0,,28.0,227.0,False,False,ped_link_not_green
199.5,LINK_212169,11449716078,5,6,rrrrrGr,G,True,True,0,,2.5,202.0,False,False,no_ped_near
199.5,NODE_8452,3846603653,2,0,GGr,r,False,False,0,,64.5,264.0,False,False,ped_link_not_green
199.5,NODE_6082,11449716078,5,6,rrrrrGr,G,True,True,0,,2.5,202.0,False,False,no_ped_near
199.5,NODE_6123,7300992884,5,0,GgGrrrr,r,False,False,0,,49.5,249.0,False,False,ped_link_not_green
199.5,NODE_8426,3849142980,16,1,gggGrrrrrrrrrrrrrrrr,r,False,False,0,,2.5,202.0,False,False,ped_link_not_green
199.5,NODE_74388,436883130,16,0,GGrrrrrrgGrrrrrrG,G,True,False,3,ped_6_0_NODE_74388|ped_6_2_NODE_74388|ped_6_3_NODE_74388,29.5,229.0,False,False,not_pedestrian_only_phase
199.5,NODE_10273,3846533030,12,0,rrrgGGgGGrrGr,r,False,False,0,,27.5,227.0,False,False,ped_link_not_green
200.0,LINK_212169,11449716078,5,6,rrrrrGr,G,True,True,0,,2.0,202.0,False,False,no_ped_near
200.0,NODE_8452,3846603653,2,0,GGr,r,False,False,0,,64.0,264.0,False,False,ped_link_not_green
200.0,NODE_6082,11449716078,5,6,rrrrrGr,G,True,True,0,,2.0,202.0,False,False,no_ped_near
200.0,NODE_6123,7300992884,5,0,GgGrrrr,r,False,False,0,,49.0,249.0,False,False,ped_link_not_green
200.0,NODE_8426,3849142980,16,1,gggGrrrrrrrrrrrrrrrr,r,False,False,0,,2.0,202.0,False,False,ped_link_not_green
200.0,NODE_74388,436883130,16,0,GGrrrrrrgGrrrrrrG,G,True,False,3,ped_6_0_NODE_74388|ped_6_2_NODE_74388|ped_6_3_NODE_74388,29.0,229.0,False,False,not_pedestrian_only_phase
200.0,NODE_10273,3846533030,12,0,rrrgGGgGGrrGr,r,False,False,0,,27.0,227.0,False,False,ped_link_not_green
200.5,LINK_212169,11449716078,5,6,rrrrrGr,G,True,True,0,,1.5,202.0,False,False,no_ped_near
200.5,NODE_8452,3846603653,2,0,GGr,r,False,False,0,,63.5,264.0,False,False,ped_link_not_green
200.5,NODE_6082,11449716078,5,6,rrrrrGr,G,True,True,0,,1.5,202.0,False,False,no_ped_near
200.5,NODE_6123,7300992884,5,0,GgGrrrr,r,False,False,0,,48.5,249.0,False,False,ped_link_not_green
200.5,NODE_8426,3849142980,16,1,gggGrrrrrrrrrrrrrrrr,r,False,False,0,,1.5,202.0,False,False,ped_link_not_green
200.5,NODE_74388,436883130,16,0,GGrrrrrrgGrrrrrrG,G,True,False,3,ped_6_0_NODE_74388|ped_6_2_NODE_74388|ped_6_3_NODE_74388,28.5,229.0,False,False,not_pedestrian_only_phase
200.5,NODE_10273,3846533030,12,0,rrrgGGgGGrrGr,r,False,False,0,,26.5,227.0,False,False,ped_link_not_green
201.0,LINK_212169,11449716078,5,6,rrrrrGr,G,True,True,0,,1.0,202.0,False,False,no_ped_near
201.0,NODE_8452,3846603653,2,0,GGr,r,False,False,0,,63.0,264.0,False,False,ped_link_not_green
201.0,NODE_6082,11449716078,5,6,rrrrrGr,G,True,True,0,,1.0,202.0,False,False,no_ped_near
201.0,NODE_6123,7300992884,5,0,GgGrrrr,r,False,False,0,,48.0,249.0,False,False,ped_link_not_green
201.0,NODE_8426,3849142980,16,1,gggGrrrrrrrrrrrrrrrr,r,False,False,0,,1.0,202.0,False,False,ped_link_not_green
201.0,NODE_74388,436883130,16,0,GGrrrrrrgGrrrrrrG,G,True,False,3,ped_6_0_NODE_74388|ped_6_2_NODE_74388|ped_6_3_NODE_74388,28.0,229.0,False,False,not_pedestrian_only_phase
201.0,NODE_10273,3846533030,12,0,rrrgGGgGGrrGr,r,False,False,0,,26.0,227.0,False,False,ped_link_not_green
201.5,LINK_212169,11449716078,5,6,rrrrrGr,G,True,True,0,,0.5,202.0,False,False,no_ped_near
201.5,NODE_8452,3846603653,2,0,GGr,r,False,False,0,,62.5,264.0,False,False,ped_link_not_green
201.5,NODE_6082,11449716078,5,6,rrrrrGr,G,True,True,0,,0.5,202.0,False,False,no_ped_near
201.5,NODE_6123,7300992884,5,0,GgGrrrr,r,False,False,0,,47.5,249.0,False,False,ped_link_not_green
201.5,NODE_8426,3849142980,16,1,gggGrrrrrrrrrrrrrrrr,r,False,False,0,,0.5,202.0,False,False,ped_link_not_green
201.5,NODE_74388,436883130,16,0,GGrrrrrrgGrrrrrrG,G,True,False,3,ped_6_0_NODE_74388|ped_6_2_NODE_74388|ped_6_3_NODE_74388,27.5,229.0,False,False,not_pedestrian_only_phase
201.5,NODE_10273,3846533030,12,0,rrrgGGgGGrrGr,r,False,False,0,,25.5,227.0,False,False,ped_link_not_green
202.0,LINK_212169,11449716078,5,6,rrrrrGr,G,True,True,0,,0.0,202.0,False,False,no_ped_near
202.0,NODE_8452,3846603653,2,0,GGr,r,False,False,0,,62.0,264.0,False,False,ped_link_not_green
202.0,NODE_6082,11449716078,5,6,rrrrrGr,G,True,True,0,,0.0,202.0,False,False,no_ped_near
202.0,NODE_6123,7300992884,5,0,GgGrrrr,r,False,False,0,,47.0,249.0,False,False,ped_link_not_green
202.0,NODE_8426,3849142980,16,1,gggGrrrrrrrrrrrrrrrr,r,False,False,0,,0.0,202.0,False,False,ped_link_not_green
202.0,NODE_74388,436883130,16,0,GGrrrrrrgGrrrrrrG,G,True,False,3,ped_6_0_NODE_74388|ped_6_2_NODE_74388|ped_6_3_NODE_74388,27.0,229.0,False,False,not_pedestrian_only_phase
202.0,NODE_10273,3846533030,12,0,rrrgGGgGGrrGr,r,False,False,0,,25.0,227.0,False,False,ped_link_not_green
202.5,LINK_212169,11449716078,5,0,gGrrrGr,G,True,False,0,,35.5,238.0,False,False,not_pedestrian_only_phase
202.5,NODE_8452,3846603653,2,0,GGr,r,False,False,0,,61.5,264.0,False,False,ped_link_not_green
202.5,NODE_6082,11449716078,5,0,gGrrrGr,G,True,False,0,,35.5,238.0,False,False,not_pedestrian_only_phase
202.5,NODE_6123,7300992884,5,0,GgGrrrr,r,False,False,0,,46.5,249.0,False,False,ped_link_not_green
202.5,NODE_8426,3849142980,16,2,yyyyrrrrrrrrrrrrrrrr,r,False,False,0,,2.5,205.0,False,False,ped_link_not_green
202.5,NODE_74388,436883130,16,0,GGrrrrrrgGrrrrrrG,G,True,False,2,ped_6_0_NODE_74388|ped_6_2_NODE_74388,26.5,229.0,False,False,not_pedestrian_only_phase
202.5,NODE_10273,3846533030,12,0,rrrgGGgGGrrGr,r,False,False,0,,24.5,227.0,False,False,ped_link_not_green
203.0,LINK_212169,11449716078,5,0,gGrrrGr,G,True,False,0,,35.0,238.0,False,False,not_pedestrian_only_phase
203.0,NODE_8452,3846603653,2,0,GGr,r,False,False,0,,61.0,264.0,False,False,ped_link_not_green
203.0,NODE_6082,11449716078,5,0,gGrrrGr,G,True,False,0,,35.0,238.0,False,False,not_pedestrian_only_phase
203.0,NODE_6123,7300992884,5,0,GgGrrrr,r,False,False,0,,46.0,249.0,False,False,ped_link_not_green
203.0,NODE_8426,3849142980,16,2,yyyyrrrrrrrrrrrrrrrr,r,False,False,0,,2.0,205.0,False,False,ped_link_not_green
203.0,NODE_74388,436883130,16,0,GGrrrrrrgGrrrrrrG,G,True,False,1,ped_6_2_NODE_74388,26.0,229.0,False,False,not_pedestrian_only_phase
203.0,NODE_10273,3846533030,12,0,rrrgGGgGGrrGr,r,False,False,0,,24.0,227.0,False,False,ped_link_not_green
203.5,LINK_212169,11449716078,5,0,gGrrrGr,G,True,False,0,,34.5,238.0,False,False,not_pedestrian_only_phase
203.5,NODE_8452,3846603653,2,0,GGr,r,False,False,0,,60.5,264.0,False,False,ped_link_not_green
203.5,NODE_6082,11449716078,5,0,gGrrrGr,G,True,False,0,,34.5,238.0,False,False,not_pedestrian_only_phase
203.5,NODE_6123,7300992884,5,0,GgGrrrr,r,False,False,0,,45.5,249.0,False,False,ped_link_not_green
203.5,NODE_8426,3849142980,16,2,yyyyrrrrrrrrrrrrrrrr,r,False,False,0,,1.5,205.0,False,False,ped_link_not_green
203.5,NODE_74388,436883130,16,0,GGrrrrrrgGrrrrrrG,G,True,False,1,ped_6_2_NODE_74388,25.5,229.0,False,False,not_pedestrian_only_phase
203.5,NODE_10273,3846533030,12,0,rrrgGGgGGrrGr,r,False,False,0,,23.5,227.0,False,False,ped_link_not_green
204.0,LINK_212169,11449716078,5,0,gGrrrGr,G,True,False,0,,34.0,238.0,False,False,not_pedestrian_only_phase
204.0,NODE_8452,3846603653,2,0,GGr,r,False,False,0,,60.0,264.0,False,False,ped_link_not_green
204.0,NODE_6082,11449716078,5,0,gGrrrGr,G,True,False,0,,34.0,238.0,False,False,not_pedestrian_only_phase
204.0,NODE_6123,7300992884,5,0,GgGrrrr,r,False,False,0,,45.0,249.0,False,False,ped_link_not_green
204.0,NODE_8426,3849142980,16,2,yyyyrrrrrrrrrrrrrrrr,r,False,False,0,,1.0,205.0,False,False,ped_link_not_green
204.0,NODE_74388,436883130,16,0,GGrrrrrrgGrrrrrrG,G,True,False,0,,25.0,229.0,False,False,not_pedestrian_only_phase
204.0,NODE_10273,3846533030,12,0,rrrgGGgGGrrGr,r,False,False,0,,23.0,227.0,False,False,ped_link_not_green
204.5,LINK_212169,11449716078,5,0,gGrrrGr,G,True,False,0,,33.5,238.0,False,False,not_pedestrian_only_phase
204.5,NODE_8452,3846603653,2,0,GGr,r,False,False,0,,59.5,264.0,False,False,ped_link_not_green
204.5,NODE_6082,11449716078,5,0,gGrrrGr,G,True,False,0,,33.5,238.0,False,False,not_pedestrian_only_phase
204.5,NODE_6123,7300992884,5,0,GgGrrrr,r,False,False,0,,44.5,249.0,False,False,ped_link_not_green
204.5,NODE_8426,3849142980,16,2,yyyyrrrrrrrrrrrrrrrr,r,False,False,0,,0.5,205.0,False,False,ped_link_not_green
204.5,NODE_74388,436883130,16,0,GGrrrrrrgGrrrrrrG,G,True,False,0,,24.5,229.0,False,False,not_pedestrian_only_phase
204.5,NODE_10273,3846533030,12,0,rrrgGGgGGrrGr,r,False,False,0,,22.5,227.0,False,False,ped_link_not_green
205.0,LINK_212169,11449716078,5,0,gGrrrGr,G,True,False,0,,33.0,238.0,False,False,not_pedestrian_only_phase
205.0,NODE_8452,3846603653,2,0,GGr,r,False,False,0,,59.0,264.0,False,False,ped_link_not_green
205.0,NODE_6082,11449716078,5,0,gGrrrGr,G,True,False,0,,33.0,238.0,False,False,not_pedestrian_only_phase
205.0,NODE_6123,7300992884,5,0,GgGrrrr,r,False,False,0,,44.0,249.0,False,False,ped_link_not_green
205.0,NODE_8426,3849142980,16,2,yyyyrrrrrrrrrrrrrrrr,r,False,False,0,,0.0,205.0,False,False,ped_link_not_green
205.0,NODE_74388,436883130,16,0,GGrrrrrrgGrrrrrrG,G,True,False,0,,24.0,229.0,False,False,not_pedestrian_only_phase
205.0,NODE_10273,3846533030,12,0,rrrgGGgGGrrGr,r,False,False,0,,22.0,227.0,False,False,ped_link_not_green
205.5,LINK_212169,11449716078,5,0,gGrrrGr,G,True,False,0,,32.5,238.0,False,False,not_pedestrian_only_phase
205.5,NODE_8452,3846603653,2,0,GGr,r,False,False,0,,58.5,264.0,False,False,ped_link_not_green
205.5,NODE_6082,11449716078,5,0,gGrrrGr,G,True,False,0,,32.5,238.0,False,False,not_pedestrian_only_phase
205.5,NODE_6123,7300992884,5,0,GgGrrrr,r,False,False,0,,43.5,249.0,False,False,ped_link_not_green
205.5,NODE_8426,3849142980,16,3,rrrrgggGrrrrrrrrGrGG,G,True,False,0,,16.5,222.0,False,False,not_pedestrian_only_phase
205.5,NODE_74388,436883130,16,0,GGrrrrrrgGrrrrrrG,G,True,False,0,,23.5,229.0,False,False,not_pedestrian_only_phase
205.5,NODE_10273,3846533030,12,0,rrrgGGgGGrrGr,r,False,False,0,,21.5,227.0,False,False,ped_link_not_green
206.0,LINK_212169,11449716078,5,0,gGrrrGr,G,True,False,0,,32.0,238.0,False,False,not_pedestrian_only_phase
206.0,NODE_8452,3846603653,2,0,GGr,r,False,False,0,,58.0,264.0,False,False,ped_link_not_green
206.0,NODE_6082,11449716078,5,0,gGrrrGr,G,True,False,0,,32.0,238.0,False,False,not_pedestrian_only_phase
206.0,NODE_6123,7300992884,5,0,GgGrrrr,r,False,False,0,,43.0,249.0,False,False,ped_link_not_green
206.0,NODE_8426,3849142980,16,3,rrrrgggGrrrrrrrrGrGG,G,True,False,0,,16.0,222.0,False,False,not_pedestrian_only_phase
206.0,NODE_74388,436883130,16,0,GGrrrrrrgGrrrrrrG,G,True,False,0,,23.0,229.0,False,False,not_pedestrian_only_phase
206.0,NODE_10273,3846533030,12,0,rrrgGGgGGrrGr,r,False,False,0,,21.0,227.0,False,False,ped_link_not_green
206.5,LINK_212169,11449716078,5,0,gGrrrGr,G,True,False,0,,31.5,238.0,False,False,not_pedestrian_only_phase
206.5,NODE_8452,3846603653,2,0,GGr,r,False,False,0,,57.5,264.0,False,False,ped_link_not_green
206.5,NODE_6082,11449716078,5,0,gGrrrGr,G,True,False,0,,31.5,238.0,False,False,not_pedestrian_only_phase
206.5,NODE_6123,7300992884,5,0,GgGrrrr,r,False,False,0,,42.5,249.0,False,False,ped_link_not_green
206.5,NODE_8426,3849142980,16,3,rrrrgggGrrrrrrrrGrGG,G,True,False,0,,15.5,222.0,False,False,not_pedestrian_only_phase
206.5,NODE_74388,436883130,16,0,GGrrrrrrgGrrrrrrG,G,True,False,0,,22.5,229.0,False,False,not_pedestrian_only_phase
206.5,NODE_10273,3846533030,12,0,rrrgGGgGGrrGr,r,False,False,0,,20.5,227.0,False,False,ped_link_not_green
207.0,LINK_212169,11449716078,5,0,gGrrrGr,G,True,False,0,,31.0,238.0,False,False,not_pedestrian_only_phase
207.0,NODE_8452,3846603653,2,0,GGr,r,False,False,0,,57.0,264.0,False,False,ped_link_not_green
207.0,NODE_6082,11449716078,5,0,gGrrrGr,G,True,False,0,,31.0,238.0,False,False,not_pedestrian_only_phase
207.0,NODE_6123,7300992884,5,0,GgGrrrr,r,False,False,0,,42.0,249.0,False,False,ped_link_not_green
207.0,NODE_8426,3849142980,16,3,rrrrgggGrrrrrrrrGrGG,G,True,False,0,,15.0,222.0,False,False,not_pedestrian_only_phase
207.0,NODE_74388,436883130,16,0,GGrrrrrrgGrrrrrrG,G,True,False,0,,22.0,229.0,False,False,not_pedestrian_only_phase
207.0,NODE_10273,3846533030,12,0,rrrgGGgGGrrGr,r,False,False,0,,20.0,227.0,False,False,ped_link_not_green
207.5,LINK_212169,11449716078,5,0,gGrrrGr,G,True,False,0,,30.5,238.0,False,False,not_pedestrian_only_phase
207.5,NODE_8452,3846603653,2,0,GGr,r,False,False,0,,56.5,264.0,False,False,ped_link_not_green
207.5,NODE_6082,11449716078,5,0,gGrrrGr,G,True,False,0,,30.5,238.0,False,False,not_pedestrian_only_phase
207.5,NODE_6123,7300992884,5,0,GgGrrrr,r,False,False,0,,41.5,249.0,False,False,ped_link_not_green
207.5,NODE_8426,3849142980,16,3,rrrrgggGrrrrrrrrGrGG,G,True,False,0,,14.5,222.0,False,False,not_pedestrian_only_phase
207.5,NODE_74388,436883130,16,0,GGrrrrrrgGrrrrrrG,G,True,False,0,,21.5,229.0,False,False,not_pedestrian_only_phase
207.5,NODE_10273,3846533030,12,0,rrrgGGgGGrrGr,r,False,False,0,,19.5,227.0,False,False,ped_link_not_green
208.0,LINK_212169,11449716078,5,0,gGrrrGr,G,True,False,0,,30.0,238.0,False,False,not_pedestrian_only_phase
208.0,NODE_8452,3846603653,2,0,GGr,r,False,False,0,,56.0,264.0,False,False,ped_link_not_green
208.0,NODE_6082,11449716078,5,0,gGrrrGr,G,True,False,0,,30.0,238.0,False,False,not_pedestrian_only_phase
208.0,NODE_6123,7300992884,5,0,GgGrrrr,r,False,False,0,,41.0,249.0,False,False,ped_link_not_green
208.0,NODE_8426,3849142980,16,3,rrrrgggGrrrrrrrrGrGG,G,True,False,0,,14.0,222.0,False,False,not_pedestrian_only_phase
208.0,NODE_74388,436883130,16,0,GGrrrrrrgGrrrrrrG,G,True,False,0,,21.0,229.0,False,False,not_pedestrian_only_phase
208.0,NODE_10273,3846533030,12,0,rrrgGGgGGrrGr,r,False,False,0,,19.0,227.0,False,False,ped_link_not_green
208.5,LINK_212169,11449716078,5,0,gGrrrGr,G,True,False,0,,29.5,238.0,False,False,not_pedestrian_only_phase
208.5,NODE_8452,3846603653,2,0,GGr,r,False,False,0,,55.5,264.0,False,False,ped_link_not_green
208.5,NODE_6082,11449716078,5,0,gGrrrGr,G,True,False,0,,29.5,238.0,False,False,not_pedestrian_only_phase
208.5,NODE_6123,7300992884,5,0,GgGrrrr,r,False,False,0,,40.5,249.0,False,False,ped_link_not_green
208.5,NODE_8426,3849142980,16,3,rrrrgggGrrrrrrrrGrGG,G,True,False,0,,13.5,222.0,False,False,not_pedestrian_only_phase
208.5,NODE_74388,436883130,16,0,GGrrrrrrgGrrrrrrG,G,True,False,0,,20.5,229.0,False,False,not_pedestrian_only_phase
208.5,NODE_10273,3846533030,12,0,rrrgGGgGGrrGr,r,False,False,0,,18.5,227.0,False,False,ped_link_not_green
209.0,LINK_212169,11449716078,5,0,gGrrrGr,G,True,False,0,,29.0,238.0,False,False,not_pedestrian_only_phase
209.0,NODE_8452,3846603653,2,0,GGr,r,False,False,0,,55.0,264.0,False,False,ped_link_not_green
209.0,NODE_6082,11449716078,5,0,gGrrrGr,G,True,False,0,,29.0,238.0,False,False,not_pedestrian_only_phase
209.0,NODE_6123,7300992884,5,0,GgGrrrr,r,False,False,0,,40.0,249.0,False,False,ped_link_not_green
209.0,NODE_8426,3849142980,16,3,rrrrgggGrrrrrrrrGrGG,G,True,False,0,,13.0,222.0,False,False,not_pedestrian_only_phase
209.0,NODE_74388,436883130,16,0,GGrrrrrrgGrrrrrrG,G,True,False,0,,20.0,229.0,False,False,not_pedestrian_only_phase
209.0,NODE_10273,3846533030,12,0,rrrgGGgGGrrGr,r,False,False,0,,18.0,227.0,False,False,ped_link_not_green
209.5,LINK_212169,11449716078,5,0,gGrrrGr,G,True,False,0,,28.5,238.0,False,False,not_pedestrian_only_phase
209.5,NODE_8452,3846603653,2,0,GGr,r,False,False,0,,54.5,264.0,False,False,ped_link_not_green
209.5,NODE_6082,11449716078,5,0,gGrrrGr,G,True,False,0,,28.5,238.0,False,False,not_pedestrian_only_phase
209.5,NODE_6123,7300992884,5,0,GgGrrrr,r,False,False,0,,39.5,249.0,False,False,ped_link_not_green
209.5,NODE_8426,3849142980,16,3,rrrrgggGrrrrrrrrGrGG,G,True,False,0,,12.5,222.0,False,False,not_pedestrian_only_phase
209.5,NODE_74388,436883130,16,0,GGrrrrrrgGrrrrrrG,G,True,False,0,,19.5,229.0,False,False,not_pedestrian_only_phase
209.5,NODE_10273,3846533030,12,0,rrrgGGgGGrrGr,r,False,False,0,,17.5,227.0,False,False,ped_link_not_green
210.0,LINK_212169,11449716078,5,0,gGrrrGr,G,True,False,0,,28.0,238.0,False,False,not_pedestrian_only_phase
210.0,NODE_8452,3846603653,2,0,GGr,r,False,False,0,,54.0,264.0,False,False,ped_link_not_green
210.0,NODE_6082,11449716078,5,0,gGrrrGr,G,True,False,0,,28.0,238.0,False,False,not_pedestrian_only_phase
210.0,NODE_6123,7300992884,5,0,GgGrrrr,r,False,False,0,,39.0,249.0,False,False,ped_link_not_green
210.0,NODE_8426,3849142980,16,3,rrrrgggGrrrrrrrrGrGG,G,True,False,0,,12.0,222.0,False,False,not_pedestrian_only_phase
210.0,NODE_74388,436883130,16,0,GGrrrrrrgGrrrrrrG,G,True,False,0,,19.0,229.0,False,False,not_pedestrian_only_phase
210.0,NODE_10273,3846533030,12,0,rrrgGGgGGrrGr,r,False,False,0,,17.0,227.0,False,False,ped_link_not_green
210.5,LINK_212169,11449716078,5,0,gGrrrGr,G,True,False,0,,27.5,238.0,False,False,not_pedestrian_only_phase
210.5,NODE_8452,3846603653,2,0,GGr,r,False,False,0,,53.5,264.0,False,False,ped_link_not_green
210.5,NODE_6082,11449716078,5,0,gGrrrGr,G,True,False,0,,27.5,238.0,False,False,not_pedestrian_only_phase
210.5,NODE_6123,7300992884,5,0,GgGrrrr,r,False,False,0,,38.5,249.0,False,False,ped_link_not_green
210.5,NODE_8426,3849142980,16,3,rrrrgggGrrrrrrrrGrGG,G,True,False,0,,11.5,222.0,False,False,not_pedestrian_only_phase
210.5,NODE_74388,436883130,16,0,GGrrrrrrgGrrrrrrG,G,True,False,0,,18.5,229.0,False,False,not_pedestrian_only_phase
210.5,NODE_10273,3846533030,12,0,rrrgGGgGGrrGr,r,False,False,0,,16.5,227.0,False,False,ped_link_not_green
211.0,LINK_212169,11449716078,5,0,gGrrrGr,G,True,False,0,,27.0,238.0,False,False,not_pedestrian_only_phase
211.0,NODE_8452,3846603653,2,0,GGr,r,False,False,0,,53.0,264.0,False,False,ped_link_not_green
211.0,NODE_6082,11449716078,5,0,gGrrrGr,G,True,False,0,,27.0,238.0,False,False,not_pedestrian_only_phase
211.0,NODE_6123,7300992884,5,0,GgGrrrr,r,False,False,0,,38.0,249.0,False,False,ped_link_not_green
211.0,NODE_8426,3849142980,16,3,rrrrgggGrrrrrrrrGrGG,G,True,False,0,,11.0,222.0,False,False,not_pedestrian_only_phase
211.0,NODE_74388,436883130,16,0,GGrrrrrrgGrrrrrrG,G,True,False,0,,18.0,229.0,False,False,not_pedestrian_only_phase
211.0,NODE_10273,3846533030,12,0,rrrgGGgGGrrGr,r,False,False,0,,16.0,227.0,False,False,ped_link_not_green
211.5,LINK_212169,11449716078,5,0,gGrrrGr,G,True,False,0,,26.5,238.0,False,False,not_pedestrian_only_phase
211.5,NODE_8452,3846603653,2,0,GGr,r,False,False,0,,52.5,264.0,False,False,ped_link_not_green
211.5,NODE_6082,11449716078,5,0,gGrrrGr,G,True,False,0,,26.5,238.0,False,False,not_pedestrian_only_phase
211.5,NODE_6123,7300992884,5,0,GgGrrrr,r,False,False,0,,37.5,249.0,False,False,ped_link_not_green
211.5,NODE_8426,3849142980,16,3,rrrrgggGrrrrrrrrGrGG,G,True,False,0,,10.5,222.0,False,False,not_pedestrian_only_phase
211.5,NODE_74388,436883130,16,0,GGrrrrrrgGrrrrrrG,G,True,False,0,,17.5,229.0,False,False,not_pedestrian_only_phase
211.5,NODE_10273,3846533030,12,0,rrrgGGgGGrrGr,r,False,False,0,,15.5,227.0,False,False,ped_link_not_green
212.0,LINK_212169,11449716078,5,0,gGrrrGr,G,True,False,0,,26.0,238.0,False,False,not_pedestrian_only_phase
212.0,NODE_8452,3846603653,2,0,GGr,r,False,False,0,,52.0,264.0,False,False,ped_link_not_green
212.0,NODE_6082,11449716078,5,0,gGrrrGr,G,True,False,0,,26.0,238.0,False,False,not_pedestrian_only_phase
212.0,NODE_6123,7300992884,5,0,GgGrrrr,r,False,False,0,,37.0,249.0,False,False,ped_link_not_green
212.0,NODE_8426,3849142980,16,3,rrrrgggGrrrrrrrrGrGG,G,True,False,0,,10.0,222.0,False,False,not_pedestrian_only_phase
212.0,NODE_74388,436883130,16,0,GGrrrrrrgGrrrrrrG,G,True,False,0,,17.0,229.0,False,False,not_pedestrian_only_phase
212.0,NODE_10273,3846533030,12,0,rrrgGGgGGrrGr,r,False,False,0,,15.0,227.0,False,False,ped_link_not_green
212.5,LINK_212169,11449716078,5,0,gGrrrGr,G,True,False,0,,25.5,238.0,False,False,not_pedestrian_only_phase
212.5,NODE_8452,3846603653,2,0,GGr,r,False,False,0,,51.5,264.0,False,False,ped_link_not_green
212.5,NODE_6082,11449716078,5,0,gGrrrGr,G,True,False,0,,25.5,238.0,False,False,not_pedestrian_only_phase
212.5,NODE_6123,7300992884,5,0,GgGrrrr,r,False,False,0,,36.5,249.0,False,False,ped_link_not_green
212.5,NODE_8426,3849142980,16,3,rrrrgggGrrrrrrrrGrGG,G,True,False,0,,9.5,222.0,False,False,not_pedestrian_only_phase
212.5,NODE_74388,436883130,16,0,GGrrrrrrgGrrrrrrG,G,True,False,0,,16.5,229.0,False,False,not_pedestrian_only_phase
212.5,NODE_10273,3846533030,12,0,rrrgGGgGGrrGr,r,False,False,0,,14.5,227.0,False,False,ped_link_not_green
213.0,LINK_212169,11449716078,5,0,gGrrrGr,G,True,False,0,,25.0,238.0,False,False,not_pedestrian_only_phase
213.0,NODE_8452,3846603653,2,0,GGr,r,False,False,0,,51.0,264.0,False,False,ped_link_not_green
213.0,NODE_6082,11449716078,5,0,gGrrrGr,G,True,False,0,,25.0,238.0,False,False,not_pedestrian_only_phase
213.0,NODE_6123,7300992884,5,0,GgGrrrr,r,False,False,0,,36.0,249.0,False,False,ped_link_not_green
213.0,NODE_8426,3849142980,16,3,rrrrgggGrrrrrrrrGrGG,G,True,False,0,,9.0,222.0,False,False,not_pedestrian_only_phase
213.0,NODE_74388,436883130,16,0,GGrrrrrrgGrrrrrrG,G,True,False,0,,16.0,229.0,False,False,not_pedestrian_only_phase
213.0,NODE_10273,3846533030,12,0,rrrgGGgGGrrGr,r,False,False,0,,14.0,227.0,False,False,ped_link_not_green
213.5,LINK_212169,11449716078,5,0,gGrrrGr,G,True,False,0,,24.5,238.0,False,False,not_pedestrian_only_phase
213.5,NODE_8452,3846603653,2,0,GGr,r,False,False,0,,50.5,264.0,False,False,ped_link_not_green
213.5,NODE_6082,11449716078,5,0,gGrrrGr,G,True,False,0,,24.5,238.0,False,False,not_pedestrian_only_phase
213.5,NODE_6123,7300992884,5,0,GgGrrrr,r,False,False,0,,35.5,249.0,False,False,ped_link_not_green
213.5,NODE_8426,3849142980,16,3,rrrrgggGrrrrrrrrGrGG,G,True,False,0,,8.5,222.0,False,False,not_pedestrian_only_phase
213.5,NODE_74388,436883130,16,0,GGrrrrrrgGrrrrrrG,G,True,False,0,,15.5,229.0,False,False,not_pedestrian_only_phase
213.5,NODE_10273,3846533030,12,0,rrrgGGgGGrrGr,r,False,False,0,,13.5,227.0,False,False,ped_link_not_green
214.0,LINK_212169,11449716078,5,0,gGrrrGr,G,True,False,0,,24.0,238.0,False,False,not_pedestrian_only_phase
214.0,NODE_8452,3846603653,2,0,GGr,r,False,False,0,,50.0,264.0,False,False,ped_link_not_green
214.0,NODE_6082,11449716078,5,0,gGrrrGr,G,True,False,0,,24.0,238.0,False,False,not_pedestrian_only_phase
214.0,NODE_6123,7300992884,5,0,GgGrrrr,r,False,False,0,,35.0,249.0,False,False,ped_link_not_green
214.0,NODE_8426,3849142980,16,3,rrrrgggGrrrrrrrrGrGG,G,True,False,0,,8.0,222.0,False,False,not_pedestrian_only_phase
214.0,NODE_74388,436883130,16,0,GGrrrrrrgGrrrrrrG,G,True,False,0,,15.0,229.0,False,False,not_pedestrian_only_phase
214.0,NODE_10273,3846533030,12,0,rrrgGGgGGrrGr,r,False,False,0,,13.0,227.0,False,False,ped_link_not_green
214.5,LINK_212169,11449716078,5,0,gGrrrGr,G,True,False,0,,23.5,238.0,False,False,not_pedestrian_only_phase
214.5,NODE_8452,3846603653,2,0,GGr,r,False,False,0,,49.5,264.0,False,False,ped_link_not_green
214.5,NODE_6082,11449716078,5,0,gGrrrGr,G,True,False,0,,23.5,238.0,False,False,not_pedestrian_only_phase
214.5,NODE_6123,7300992884,5,0,GgGrrrr,r,False,False,0,,34.5,249.0,False,False,ped_link_not_green
214.5,NODE_8426,3849142980,16,3,rrrrgggGrrrrrrrrGrGG,G,True,False,0,,7.5,222.0,False,False,not_pedestrian_only_phase
214.5,NODE_74388,436883130,16,0,GGrrrrrrgGrrrrrrG,G,True,False,0,,14.5,229.0,False,False,not_pedestrian_only_phase
214.5,NODE_10273,3846533030,12,0,rrrgGGgGGrrGr,r,False,False,0,,12.5,227.0,False,False,ped_link_not_green
215.0,LINK_212169,11449716078,5,0,gGrrrGr,G,True,False,0,,23.0,238.0,False,False,not_pedestrian_only_phase
215.0,NODE_8452,3846603653,2,0,GGr,r,False,False,0,,49.0,264.0,False,False,ped_link_not_green
215.0,NODE_6082,11449716078,5,0,gGrrrGr,G,True,False,0,,23.0,238.0,False,False,not_pedestrian_only_phase
215.0,NODE_6123,7300992884,5,0,GgGrrrr,r,False,False,0,,34.0,249.0,False,False,ped_link_not_green
215.0,NODE_8426,3849142980,16,3,rrrrgggGrrrrrrrrGrGG,G,True,False,0,,7.0,222.0,False,False,not_pedestrian_only_phase
215.0,NODE_74388,436883130,16,0,GGrrrrrrgGrrrrrrG,G,True,False,0,,14.0,229.0,False,False,not_pedestrian_only_phase
215.0,NODE_10273,3846533030,12,0,rrrgGGgGGrrGr,r,False,False,0,,12.0,227.0,False,False,ped_link_not_green
215.5,LINK_212169,11449716078,5,0,gGrrrGr,G,True,False,0,,22.5,238.0,False,False,not_pedestrian_only_phase
215.5,NODE_8452,3846603653,2,0,GGr,r,False,False,0,,48.5,264.0,False,False,ped_link_not_green
215.5,NODE_6082,11449716078,5,0,gGrrrGr,G,True,False,0,,22.5,238.0,False,False,not_pedestrian_only_phase
215.5,NODE_6123,7300992884,5,0,GgGrrrr,r,False,False,0,,33.5,249.0,False,False,ped_link_not_green
215.5,NODE_8426,3849142980,16,3,rrrrgggGrrrrrrrrGrGG,G,True,False,0,,6.5,222.0,False,False,not_pedestrian_only_phase
215.5,NODE_74388,436883130,16,0,GGrrrrrrgGrrrrrrG,G,True,False,0,,13.5,229.0,False,False,not_pedestrian_only_phase
215.5,NODE_10273,3846533030,12,0,rrrgGGgGGrrGr,r,False,False,0,,11.5,227.0,False,False,ped_link_not_green
216.0,LINK_212169,11449716078,5,0,gGrrrGr,G,True,False,0,,22.0,238.0,False,False,not_pedestrian_only_phase
216.0,NODE_8452,3846603653,2,0,GGr,r,False,False,0,,48.0,264.0,False,False,ped_link_not_green
216.0,NODE_6082,11449716078,5,0,gGrrrGr,G,True,False,0,,22.0,238.0,False,False,not_pedestrian_only_phase
216.0,NODE_6123,7300992884,5,0,GgGrrrr,r,False,False,0,,33.0,249.0,False,False,ped_link_not_green
216.0,NODE_8426,3849142980,16,3,rrrrgggGrrrrrrrrGrGG,G,True,False,0,,6.0,222.0,False,False,not_pedestrian_only_phase
216.0,NODE_74388,436883130,16,0,GGrrrrrrgGrrrrrrG,G,True,False,0,,13.0,229.0,False,False,not_pedestrian_only_phase
216.0,NODE_10273,3846533030,12,0,rrrgGGgGGrrGr,r,False,False,0,,11.0,227.0,False,False,ped_link_not_green
216.5,LINK_212169,11449716078,5,0,gGrrrGr,G,True,False,0,,21.5,238.0,False,False,not_pedestrian_only_phase
216.5,NODE_8452,3846603653,2,0,GGr,r,False,False,0,,47.5,264.0,False,False,ped_link_not_green
216.5,NODE_6082,11449716078,5,0,gGrrrGr,G,True,False,0,,21.5,238.0,False,False,not_pedestrian_only_phase
216.5,NODE_6123,7300992884,5,0,GgGrrrr,r,False,False,0,,32.5,249.0,False,False,ped_link_not_green
216.5,NODE_8426,3849142980,16,3,rrrrgggGrrrrrrrrGrGG,G,True,False,0,,5.5,222.0,False,False,not_pedestrian_only_phase
216.5,NODE_74388,436883130,16,0,GGrrrrrrgGrrrrrrG,G,True,False,0,,12.5,229.0,False,False,not_pedestrian_only_phase
216.5,NODE_10273,3846533030,12,0,rrrgGGgGGrrGr,r,False,False,0,,10.5,227.0,False,False,ped_link_not_green
217.0,LINK_212169,11449716078,5,0,gGrrrGr,G,True,False,0,,21.0,238.0,False,False,not_pedestrian_only_phase
217.0,NODE_8452,3846603653,2,0,GGr,r,False,False,0,,47.0,264.0,False,False,ped_link_not_green
217.0,NODE_6082,11449716078,5,0,gGrrrGr,G,True,False,0,,21.0,238.0,False,False,not_pedestrian_only_phase
217.0,NODE_6123,7300992884,5,0,GgGrrrr,r,False,False,0,,32.0,249.0,False,False,ped_link_not_green
217.0,NODE_8426,3849142980,16,3,rrrrgggGrrrrrrrrGrGG,G,True,False,0,,5.0,222.0,False,False,not_pedestrian_only_phase
217.0,NODE_74388,436883130,16,0,GGrrrrrrgGrrrrrrG,G,True,False,0,,12.0,229.0,False,False,not_pedestrian_only_phase
217.0,NODE_10273,3846533030,12,0,rrrgGGgGGrrGr,r,False,False,0,,10.0,227.0,False,False,ped_link_not_green
217.5,LINK_212169,11449716078,5,0,gGrrrGr,G,True,False,0,,20.5,238.0,False,False,not_pedestrian_only_phase
217.5,NODE_8452,3846603653,2,0,GGr,r,False,False,0,,46.5,264.0,False,False,ped_link_not_green
217.5,NODE_6082,11449716078,5,0,gGrrrGr,G,True,False,0,,20.5,238.0,False,False,not_pedestrian_only_phase
217.5,NODE_6123,7300992884,5,0,GgGrrrr,r,False,False,0,,31.5,249.0,False,False,ped_link_not_green
217.5,NODE_8426,3849142980,16,3,rrrrgggGrrrrrrrrGrGG,G,True,False,0,,4.5,222.0,False,False,not_pedestrian_only_phase
217.5,NODE_74388,436883130,16,0,GGrrrrrrgGrrrrrrG,G,True,False,0,,11.5,229.0,False,False,not_pedestrian_only_phase
217.5,NODE_10273,3846533030,12,0,rrrgGGgGGrrGr,r,False,False,0,,9.5,227.0,False,False,ped_link_not_green
218.0,LINK_212169,11449716078,5,0,gGrrrGr,G,True,False,0,,20.0,238.0,False,False,not_pedestrian_only_phase
218.0,NODE_8452,3846603653,2,0,GGr,r,False,False,0,,46.0,264.0,False,False,ped_link_not_green
218.0,NODE_6082,11449716078,5,0,gGrrrGr,G,True,False,0,,20.0,238.0,False,False,not_pedestrian_only_phase
218.0,NODE_6123,7300992884,5,0,GgGrrrr,r,False,False,0,,31.0,249.0,False,False,ped_link_not_green
218.0,NODE_8426,3849142980,16,3,rrrrgggGrrrrrrrrGrGG,G,True,False,0,,4.0,222.0,False,False,not_pedestrian_only_phase
218.0,NODE_74388,436883130,16,0,GGrrrrrrgGrrrrrrG,G,True,False,0,,11.0,229.0,False,False,not_pedestrian_only_phase
218.0,NODE_10273,3846533030,12,0,rrrgGGgGGrrGr,r,False,False,0,,9.0,227.0,False,False,ped_link_not_green
218.5,LINK_212169,11449716078,5,0,gGrrrGr,G,True,False,0,,19.5,238.0,False,False,not_pedestrian_only_phase
218.5,NODE_8452,3846603653,2,0,GGr,r,False,False,0,,45.5,264.0,False,False,ped_link_not_green
218.5,NODE_6082,11449716078,5,0,gGrrrGr,G,True,False,0,,19.5,238.0,False,False,not_pedestrian_only_phase
218.5,NODE_6123,7300992884,5,0,GgGrrrr,r,False,False,0,,30.5,249.0,False,False,ped_link_not_green
218.5,NODE_8426,3849142980,16,3,rrrrgggGrrrrrrrrGrGG,G,True,False,0,,3.5,222.0,False,False,not_pedestrian_only_phase
218.5,NODE_74388,436883130,16,0,GGrrrrrrgGrrrrrrG,G,True,False,0,,10.5,229.0,False,False,not_pedestrian_only_phase
218.5,NODE_10273,3846533030,12,0,rrrgGGgGGrrGr,r,False,False,0,,8.5,227.0,False,False,ped_link_not_green
219.0,LINK_212169,11449716078,5,0,gGrrrGr,G,True,False,0,,19.0,238.0,False,False,not_pedestrian_only_phase
219.0,NODE_8452,3846603653,2,0,GGr,r,False,False,0,,45.0,264.0,False,False,ped_link_not_green
219.0,NODE_6082,11449716078,5,0,gGrrrGr,G,True,False,0,,19.0,238.0,False,False,not_pedestrian_only_phase
219.0,NODE_6123,7300992884,5,0,GgGrrrr,r,False,False,0,,30.0,249.0,False,False,ped_link_not_green
219.0,NODE_8426,3849142980,16,3,rrrrgggGrrrrrrrrGrGG,G,True,False,0,,3.0,222.0,False,False,not_pedestrian_only_phase
219.0,NODE_74388,436883130,16,0,GGrrrrrrgGrrrrrrG,G,True,False,0,,10.0,229.0,False,False,not_pedestrian_only_phase
219.0,NODE_10273,3846533030,12,0,rrrgGGgGGrrGr,r,False,False,0,,8.0,227.0,False,False,ped_link_not_green
219.5,LINK_212169,11449716078,5,0,gGrrrGr,G,True,False,0,,18.5,238.0,False,False,not_pedestrian_only_phase
219.5,NODE_8452,3846603653,2,0,GGr,r,False,False,0,,44.5,264.0,False,False,ped_link_not_green
219.5,NODE_6082,11449716078,5,0,gGrrrGr,G,True,False,0,,18.5,238.0,False,False,not_pedestrian_only_phase
219.5,NODE_6123,7300992884,5,0,GgGrrrr,r,False,False,0,,29.5,249.0,False,False,ped_link_not_green
219.5,NODE_8426,3849142980,16,3,rrrrgggGrrrrrrrrGrGG,G,True,False,0,,2.5,222.0,False,False,not_pedestrian_only_phase
219.5,NODE_74388,436883130,16,0,GGrrrrrrgGrrrrrrG,G,True,False,0,,9.5,229.0,False,False,not_pedestrian_only_phase
219.5,NODE_10273,3846533030,12,0,rrrgGGgGGrrGr,r,False,False,0,,7.5,227.0,False,False,ped_link_not_green
220.0,LINK_212169,11449716078,5,0,gGrrrGr,G,True,False,0,,18.0,238.0,False,False,not_pedestrian_only_phase
220.0,NODE_8452,3846603653,2,0,GGr,r,False,False,0,,44.0,264.0,False,False,ped_link_not_green
220.0,NODE_6082,11449716078,5,0,gGrrrGr,G,True,False,0,,18.0,238.0,False,False,not_pedestrian_only_phase
220.0,NODE_6123,7300992884,5,0,GgGrrrr,r,False,False,0,,29.0,249.0,False,False,ped_link_not_green
220.0,NODE_8426,3849142980,16,3,rrrrgggGrrrrrrrrGrGG,G,True,False,0,,2.0,222.0,False,False,not_pedestrian_only_phase
220.0,NODE_74388,436883130,16,0,GGrrrrrrgGrrrrrrG,G,True,False,0,,9.0,229.0,False,False,not_pedestrian_only_phase
220.0,NODE_10273,3846533030,12,0,rrrgGGgGGrrGr,r,False,False,0,,7.0,227.0,False,False,ped_link_not_green
220.5,LINK_212169,11449716078,5,0,gGrrrGr,G,True,False,0,,17.5,238.0,False,False,not_pedestrian_only_phase
220.5,NODE_8452,3846603653,2,0,GGr,r,False,False,0,,43.5,264.0,False,False,ped_link_not_green
220.5,NODE_6082,11449716078,5,0,gGrrrGr,G,True,False,0,,17.5,238.0,False,False,not_pedestrian_only_phase
220.5,NODE_6123,7300992884,5,0,GgGrrrr,r,False,False,0,,28.5,249.0,False,False,ped_link_not_green
220.5,NODE_8426,3849142980,16,3,rrrrgggGrrrrrrrrGrGG,G,True,False,0,,1.5,222.0,False,False,not_pedestrian_only_phase
220.5,NODE_74388,436883130,16,0,GGrrrrrrgGrrrrrrG,G,True,False,0,,8.5,229.0,False,False,not_pedestrian_only_phase
220.5,NODE_10273,3846533030,12,0,rrrgGGgGGrrGr,r,False,False,0,,6.5,227.0,False,False,ped_link_not_green
221.0,LINK_212169,11449716078,5,0,gGrrrGr,G,True,False,0,,17.0,238.0,False,False,not_pedestrian_only_phase
221.0,NODE_8452,3846603653,2,0,GGr,r,False,False,0,,43.0,264.0,False,False,ped_link_not_green
221.0,NODE_6082,11449716078,5,0,gGrrrGr,G,True,False,0,,17.0,238.0,False,False,not_pedestrian_only_phase
221.0,NODE_6123,7300992884,5,0,GgGrrrr,r,False,False,0,,28.0,249.0,False,False,ped_link_not_green
221.0,NODE_8426,3849142980,16,3,rrrrgggGrrrrrrrrGrGG,G,True,False,0,,1.0,222.0,False,False,not_pedestrian_only_phase
221.0,NODE_74388,436883130,16,0,GGrrrrrrgGrrrrrrG,G,True,False,0,,8.0,229.0,False,False,not_pedestrian_only_phase
221.0,NODE_10273,3846533030,12,0,rrrgGGgGGrrGr,r,False,False,0,,6.0,227.0,False,False,ped_link_not_green
221.5,LINK_212169,11449716078,5,0,gGrrrGr,G,True,False,0,,16.5,238.0,False,False,not_pedestrian_only_phase
221.5,NODE_8452,3846603653,2,0,GGr,r,False,False,0,,42.5,264.0,False,False,ped_link_not_green
221.5,NODE_6082,11449716078,5,0,gGrrrGr,G,True,False,0,,16.5,238.0,False,False,not_pedestrian_only_phase
221.5,NODE_6123,7300992884,5,0,GgGrrrr,r,False,False,0,,27.5,249.0,False,False,ped_link_not_green
221.5,NODE_8426,3849142980,16,3,rrrrgggGrrrrrrrrGrGG,G,True,False,0,,0.5,222.0,False,False,not_pedestrian_only_phase
221.5,NODE_74388,436883130,16,0,GGrrrrrrgGrrrrrrG,G,True,False,0,,7.5,229.0,False,False,not_pedestrian_only_phase
221.5,NODE_10273,3846533030,12,0,rrrgGGgGGrrGr,r,False,False,0,,5.5,227.0,False,False,ped_link_not_green
222.0,LINK_212169,11449716078,5,0,gGrrrGr,G,True,False,0,,16.0,238.0,False,False,not_pedestrian_only_phase
222.0,NODE_8452,3846603653,2,0,GGr,r,False,False,0,,42.0,264.0,False,False,ped_link_not_green
222.0,NODE_6082,11449716078,5,0,gGrrrGr,G,True,False,0,,16.0,238.0,False,False,not_pedestrian_only_phase
222.0,NODE_6123,7300992884,5,0,GgGrrrr,r,False,False,0,,27.0,249.0,False,False,ped_link_not_green
222.0,NODE_8426,3849142980,16,3,rrrrgggGrrrrrrrrGrGG,G,True,False,0,,0.0,222.0,False,False,not_pedestrian_only_phase
222.0,NODE_74388,436883130,16,0,GGrrrrrrgGrrrrrrG,G,True,False,0,,7.0,229.0,False,False,not_pedestrian_only_phase
222.0,NODE_10273,3846533030,12,0,rrrgGGgGGrrGr,r,False,False,0,,5.0,227.0,False,False,ped_link_not_green
222.5,LINK_212169,11449716078,5,0,gGrrrGr,G,True,False,0,,15.5,238.0,False,False,not_pedestrian_only_phase
222.5,NODE_8452,3846603653,2,0,GGr,r,False,False,0,,41.5,264.0,False,False,ped_link_not_green
222.5,NODE_6082,11449716078,5,0,gGrrrGr,G,True,False,0,,15.5,238.0,False,False,not_pedestrian_only_phase
222.5,NODE_6123,7300992884,5,0,GgGrrrr,r,False,False,0,,26.5,249.0,False,False,ped_link_not_green
222.5,NODE_8426,3849142980,16,4,rrrrgggGrrrrrrrrrrrr,r,False,False,0,,2.5,225.0,False,False,ped_link_not_green
222.5,NODE_74388,436883130,16,0,GGrrrrrrgGrrrrrrG,G,True,False,0,,6.5,229.0,False,False,not_pedestrian_only_phase
222.5,NODE_10273,3846533030,12,0,rrrgGGgGGrrGr,r,False,False,0,,4.5,227.0,False,False,ped_link_not_green
223.0,LINK_212169,11449716078,5,0,gGrrrGr,G,True,False,0,,15.0,238.0,False,False,not_pedestrian_only_phase
223.0,NODE_8452,3846603653,2,0,GGr,r,False,False,0,,41.0,264.0,False,False,ped_link_not_green
223.0,NODE_6082,11449716078,5,0,gGrrrGr,G,True,False,0,,15.0,238.0,False,False,not_pedestrian_only_phase
223.0,NODE_6123,7300992884,5,0,GgGrrrr,r,False,False,0,,26.0,249.0,False,False,ped_link_not_green
223.0,NODE_8426,3849142980,16,4,rrrrgggGrrrrrrrrrrrr,r,False,False,0,,2.0,225.0,False,False,ped_link_not_green
223.0,NODE_74388,436883130,16,0,GGrrrrrrgGrrrrrrG,G,True,False,0,,6.0,229.0,False,False,not_pedestrian_only_phase
223.0,NODE_10273,3846533030,12,0,rrrgGGgGGrrGr,r,False,False,0,,4.0,227.0,False,False,ped_link_not_green
223.5,LINK_212169,11449716078,5,0,gGrrrGr,G,True,False,0,,14.5,238.0,False,False,not_pedestrian_only_phase
223.5,NODE_8452,3846603653,2,0,GGr,r,False,False,0,,40.5,264.0,False,False,ped_link_not_green
223.5,NODE_6082,11449716078,5,0,gGrrrGr,G,True,False,0,,14.5,238.0,False,False,not_pedestrian_only_phase
223.5,NODE_6123,7300992884,5,0,GgGrrrr,r,False,False,0,,25.5,249.0,False,False,ped_link_not_green
223.5,NODE_8426,3849142980,16,4,rrrrgggGrrrrrrrrrrrr,r,False,False,0,,1.5,225.0,False,False,ped_link_not_green
223.5,NODE_74388,436883130,16,0,GGrrrrrrgGrrrrrrG,G,True,False,0,,5.5,229.0,False,False,not_pedestrian_only_phase
223.5,NODE_10273,3846533030,12,0,rrrgGGgGGrrGr,r,False,False,0,,3.5,227.0,False,False,ped_link_not_green
224.0,LINK_212169,11449716078,5,0,gGrrrGr,G,True,False,0,,14.0,238.0,False,False,not_pedestrian_only_phase
224.0,NODE_8452,3846603653,2,0,GGr,r,False,False,0,,40.0,264.0,False,False,ped_link_not_green
224.0,NODE_6082,11449716078,5,0,gGrrrGr,G,True,False,0,,14.0,238.0,False,False,not_pedestrian_only_phase
224.0,NODE_6123,7300992884,5,0,GgGrrrr,r,False,False,0,,25.0,249.0,False,False,ped_link_not_green
224.0,NODE_8426,3849142980,16,4,rrrrgggGrrrrrrrrrrrr,r,False,False,0,,1.0,225.0,False,False,ped_link_not_green
224.0,NODE_74388,436883130,16,0,GGrrrrrrgGrrrrrrG,G,True,False,0,,5.0,229.0,False,False,not_pedestrian_only_phase
224.0,NODE_10273,3846533030,12,0,rrrgGGgGGrrGr,r,False,False,0,,3.0,227.0,False,False,ped_link_not_green
224.5,LINK_212169,11449716078,5,0,gGrrrGr,G,True,False,0,,13.5,238.0,False,False,not_pedestrian_only_phase
224.5,NODE_8452,3846603653,2,0,GGr,r,False,False,0,,39.5,264.0,False,False,ped_link_not_green
224.5,NODE_6082,11449716078,5,0,gGrrrGr,G,True,False,0,,13.5,238.0,False,False,not_pedestrian_only_phase
224.5,NODE_6123,7300992884,5,0,GgGrrrr,r,False,False,0,,24.5,249.0,False,False,ped_link_not_green
224.5,NODE_8426,3849142980,16,4,rrrrgggGrrrrrrrrrrrr,r,False,False,0,,0.5,225.0,False,False,ped_link_not_green
224.5,NODE_74388,436883130,16,0,GGrrrrrrgGrrrrrrG,G,True,False,0,,4.5,229.0,False,False,not_pedestrian_only_phase
224.5,NODE_10273,3846533030,12,0,rrrgGGgGGrrGr,r,False,False,0,,2.5,227.0,False,False,ped_link_not_green
225.0,LINK_212169,11449716078,5,0,gGrrrGr,G,True,False,0,,13.0,238.0,False,False,not_pedestrian_only_phase
225.0,NODE_8452,3846603653,2,0,GGr,r,False,False,0,,39.0,264.0,False,False,ped_link_not_green
225.0,NODE_6082,11449716078,5,0,gGrrrGr,G,True,False,0,,13.0,238.0,False,False,not_pedestrian_only_phase
225.0,NODE_6123,7300992884,5,0,GgGrrrr,r,False,False,0,,24.0,249.0,False,False,ped_link_not_green
225.0,NODE_8426,3849142980,16,4,rrrrgggGrrrrrrrrrrrr,r,False,False,0,,0.0,225.0,False,False,ped_link_not_green
225.0,NODE_74388,436883130,16,0,GGrrrrrrgGrrrrrrG,G,True,False,0,,4.0,229.0,False,False,not_pedestrian_only_phase
225.0,NODE_10273,3846533030,12,0,rrrgGGgGGrrGr,r,False,False,0,,2.0,227.0,False,False,ped_link_not_green
225.5,LINK_212169,11449716078,5,0,gGrrrGr,G,True,False,0,,12.5,238.0,False,False,not_pedestrian_only_phase
225.5,NODE_8452,3846603653,2,0,GGr,r,False,False,0,,38.5,264.0,False,False,ped_link_not_green
225.5,NODE_6082,11449716078,5,0,gGrrrGr,G,True,False,0,,12.5,238.0,False,False,not_pedestrian_only_phase
225.5,NODE_6123,7300992884,5,0,GgGrrrr,r,False,False,0,,23.5,249.0,False,False,ped_link_not_green
225.5,NODE_8426,3849142980,16,5,rrrryyyyrrrrrrrrrrrr,r,False,False,0,,2.5,228.0,False,False,ped_link_not_green
225.5,NODE_74388,436883130,16,0,GGrrrrrrgGrrrrrrG,G,True,False,0,,3.5,229.0,False,False,not_pedestrian_only_phase
225.5,NODE_10273,3846533030,12,0,rrrgGGgGGrrGr,r,False,False,0,,1.5,227.0,False,False,ped_link_not_green
226.0,LINK_212169,11449716078,5,0,gGrrrGr,G,True,False,0,,12.0,238.0,False,False,not_pedestrian_only_phase
226.0,NODE_8452,3846603653,2,0,GGr,r,False,False,0,,38.0,264.0,False,False,ped_link_not_green
226.0,NODE_6082,11449716078,5,0,gGrrrGr,G,True,False,0,,12.0,238.0,False,False,not_pedestrian_only_phase
226.0,NODE_6123,7300992884,5,0,GgGrrrr,r,False,False,0,,23.0,249.0,False,False,ped_link_not_green
226.0,NODE_8426,3849142980,16,5,rrrryyyyrrrrrrrrrrrr,r,False,False,0,,2.0,228.0,False,False,ped_link_not_green
226.0,NODE_74388,436883130,16,0,GGrrrrrrgGrrrrrrG,G,True,False,0,,3.0,229.0,False,False,not_pedestrian_only_phase
226.0,NODE_10273,3846533030,12,0,rrrgGGgGGrrGr,r,False,False,0,,1.0,227.0,False,False,ped_link_not_green
226.5,LINK_212169,11449716078,5,0,gGrrrGr,G,True,False,0,,11.5,238.0,False,False,not_pedestrian_only_phase
226.5,NODE_8452,3846603653,2,0,GGr,r,False,False,0,,37.5,264.0,False,False,ped_link_not_green
226.5,NODE_6082,11449716078,5,0,gGrrrGr,G,True,False,0,,11.5,238.0,False,False,not_pedestrian_only_phase
226.5,NODE_6123,7300992884,5,0,GgGrrrr,r,False,False,0,,22.5,249.0,False,False,ped_link_not_green
226.5,NODE_8426,3849142980,16,5,rrrryyyyrrrrrrrrrrrr,r,False,False,0,,1.5,228.0,False,False,ped_link_not_green
226.5,NODE_74388,436883130,16,0,GGrrrrrrgGrrrrrrG,G,True,False,0,,2.5,229.0,False,False,not_pedestrian_only_phase
226.5,NODE_10273,3846533030,12,0,rrrgGGgGGrrGr,r,False,False,0,,0.5,227.0,False,False,ped_link_not_green
227.0,LINK_212169,11449716078,5,0,gGrrrGr,G,True,False,0,,11.0,238.0,False,False,not_pedestrian_only_phase
227.0,NODE_8452,3846603653,2,0,GGr,r,False,False,0,,37.0,264.0,False,False,ped_link_not_green
227.0,NODE_6082,11449716078,5,0,gGrrrGr,G,True,False,0,,11.0,238.0,False,False,not_pedestrian_only_phase
227.0,NODE_6123,7300992884,5,0,GgGrrrr,r,False,False,0,,22.0,249.0,False,False,ped_link_not_green
227.0,NODE_8426,3849142980,16,5,rrrryyyyrrrrrrrrrrrr,r,False,False,0,,1.0,228.0,False,False,ped_link_not_green
227.0,NODE_74388,436883130,16,0,GGrrrrrrgGrrrrrrG,G,True,False,0,,2.0,229.0,False,False,not_pedestrian_only_phase
227.0,NODE_10273,3846533030,12,0,rrrgGGgGGrrGr,r,False,False,0,,0.0,227.0,False,False,ped_link_not_green
227.5,LINK_212169,11449716078,5,0,gGrrrGr,G,True,False,0,,10.5,238.0,False,False,not_pedestrian_only_phase
227.5,NODE_8452,3846603653,2,0,GGr,r,False,False,0,,36.5,264.0,False,False,ped_link_not_green
227.5,NODE_6082,11449716078,5,0,gGrrrGr,G,True,False,0,,10.5,238.0,False,False,not_pedestrian_only_phase
227.5,NODE_6123,7300992884,5,0,GgGrrrr,r,False,False,0,,21.5,249.0,False,False,ped_link_not_green
227.5,NODE_8426,3849142980,16,5,rrrryyyyrrrrrrrrrrrr,r,False,False,0,,0.5,228.0,False,False,ped_link_not_green
227.5,NODE_74388,436883130,16,0,GGrrrrrrgGrrrrrrG,G,True,False,0,,1.5,229.0,False,False,not_pedestrian_only_phase
227.5,NODE_10273,3846533030,12,1,rrrgGGgGGrrrr,r,False,False,0,,2.5,230.0,False,False,ped_link_not_green
228.0,LINK_212169,11449716078,5,0,gGrrrGr,G,True,False,0,,10.0,238.0,False,False,not_pedestrian_only_phase
228.0,NODE_8452,3846603653,2,0,GGr,r,False,False,0,,36.0,264.0,False,False,ped_link_not_green
228.0,NODE_6082,11449716078,5,0,gGrrrGr,G,True,False,0,,10.0,238.0,False,False,not_pedestrian_only_phase
228.0,NODE_6123,7300992884,5,0,GgGrrrr,r,False,False,0,,21.0,249.0,False,False,ped_link_not_green
228.0,NODE_8426,3849142980,16,5,rrrryyyyrrrrrrrrrrrr,r,False,False,0,,0.0,228.0,False,False,ped_link_not_green
228.0,NODE_74388,436883130,16,0,GGrrrrrrgGrrrrrrG,G,True,False,0,,1.0,229.0,False,False,not_pedestrian_only_phase
228.0,NODE_10273,3846533030,12,1,rrrgGGgGGrrrr,r,False,False,0,,2.0,230.0,False,False,ped_link_not_green
228.5,LINK_212169,11449716078,5,0,gGrrrGr,G,True,False,0,,9.5,238.0,False,False,not_pedestrian_only_phase
228.5,NODE_8452,3846603653,2,0,GGr,r,False,False,0,,35.5,264.0,False,False,ped_link_not_green
228.5,NODE_6082,11449716078,5,0,gGrrrGr,G,True,False,0,,9.5,238.0,False,False,not_pedestrian_only_phase
228.5,NODE_6123,7300992884,5,0,GgGrrrr,r,False,False,0,,20.5,249.0,False,False,ped_link_not_green
228.5,NODE_8426,3849142980,16,6,rrrrrrrrrrrrrrrrGrrr,G,True,True,0,,0.5,229.0,False,False,no_ped_near
228.5,NODE_74388,436883130,16,0,GGrrrrrrgGrrrrrrG,G,True,False,0,,0.5,229.0,False,False,not_pedestrian_only_phase
228.5,NODE_10273,3846533030,12,1,rrrgGGgGGrrrr,r,False,False,0,,1.5,230.0,False,False,ped_link_not_green
229.0,LINK_212169,11449716078,5,0,gGrrrGr,G,True,False,0,,9.0,238.0,False,False,not_pedestrian_only_phase
229.0,NODE_8452,3846603653,2,0,GGr,r,False,False,0,,35.0,264.0,False,False,ped_link_not_green
229.0,NODE_6082,11449716078,5,0,gGrrrGr,G,True,False,0,,9.0,238.0,False,False,not_pedestrian_only_phase
229.0,NODE_6123,7300992884,5,0,GgGrrrr,r,False,False,0,,20.0,249.0,False,False,ped_link_not_green
229.0,NODE_8426,3849142980,16,6,rrrrrrrrrrrrrrrrGrrr,G,True,True,0,,0.0,229.0,False,False,no_ped_near
229.0,NODE_74388,436883130,16,0,GGrrrrrrgGrrrrrrG,G,True,False,0,,0.0,229.0,False,False,not_pedestrian_only_phase
229.0,NODE_10273,3846533030,12,1,rrrgGGgGGrrrr,r,False,False,0,,1.0,230.0,False,False,ped_link_not_green
229.5,LINK_212169,11449716078,5,0,gGrrrGr,G,True,False,0,,8.5,238.0,False,False,not_pedestrian_only_phase
229.5,NODE_8452,3846603653,2,0,GGr,r,False,False,0,,34.5,264.0,False,False,ped_link_not_green
229.5,NODE_6082,11449716078,5,0,gGrrrGr,G,True,False,0,,8.5,238.0,False,False,not_pedestrian_only_phase
229.5,NODE_6123,7300992884,5,0,GgGrrrr,r,False,False,0,,19.5,249.0,False,False,ped_link_not_green
229.5,NODE_8426,3849142980,16,7,rrrrrrrrrrrrgggGGGGr,G,True,False,0,,16.5,246.0,False,False,not_pedestrian_only_phase
229.5,NODE_74388,436883130,16,1,GGrrrrrrgGrrrrrrr,r,False,False,0,,2.5,232.0,False,False,ped_link_not_green
229.5,NODE_10273,3846533030,12,1,rrrgGGgGGrrrr,r,False,False,0,,0.5,230.0,False,False,ped_link_not_green
230.0,LINK_212169,11449716078,5,0,gGrrrGr,G,True,False,0,,8.0,238.0,False,False,not_pedestrian_only_phase
230.0,NODE_8452,3846603653,2,0,GGr,r,False,False,0,,34.0,264.0,False,False,ped_link_not_green
230.0,NODE_6082,11449716078,5,0,gGrrrGr,G,True,False,0,,8.0,238.0,False,False,not_pedestrian_only_phase
230.0,NODE_6123,7300992884,5,0,GgGrrrr,r,False,False,0,,19.0,249.0,False,False,ped_link_not_green
230.0,NODE_8426,3849142980,16,7,rrrrrrrrrrrrgggGGGGr,G,True,False,0,,16.0,246.0,False,False,not_pedestrian_only_phase
230.0,NODE_74388,436883130,16,1,GGrrrrrrgGrrrrrrr,r,False,False,0,,2.0,232.0,False,False,ped_link_not_green
230.0,NODE_10273,3846533030,12,1,rrrgGGgGGrrrr,r,False,False,0,,0.0,230.0,False,False,ped_link_not_green
230.5,LINK_212169,11449716078,5,0,gGrrrGr,G,True,False,0,,7.5,238.0,False,False,not_pedestrian_only_phase
230.5,NODE_8452,3846603653,2,0,GGr,r,False,False,0,,33.5,264.0,False,False,ped_link_not_green
230.5,NODE_6082,11449716078,5,0,gGrrrGr,G,True,False,0,,7.5,238.0,False,False,not_pedestrian_only_phase
230.5,NODE_6123,7300992884,5,0,GgGrrrr,r,False,False,0,,18.5,249.0,False,False,ped_link_not_green
230.5,NODE_8426,3849142980,16,7,rrrrrrrrrrrrgggGGGGr,G,True,False,0,,15.5,246.0,False,False,not_pedestrian_only_phase
230.5,NODE_74388,436883130,16,1,GGrrrrrrgGrrrrrrr,r,False,False,0,,1.5,232.0,False,False,ped_link_not_green
230.5,NODE_10273,3846533030,12,2,rrryyyyGGrrrr,r,False,False,0,,5.5,236.0,False,False,ped_link_not_green
231.0,LINK_212169,11449716078,5,0,gGrrrGr,G,True,False,0,,7.0,238.0,False,False,not_pedestrian_only_phase
231.0,NODE_8452,3846603653,2,0,GGr,r,False,False,0,,33.0,264.0,False,False,ped_link_not_green
231.0,NODE_6082,11449716078,5,0,gGrrrGr,G,True,False,0,,7.0,238.0,False,False,not_pedestrian_only_phase
231.0,NODE_6123,7300992884,5,0,GgGrrrr,r,False,False,0,,18.0,249.0,False,False,ped_link_not_green
231.0,NODE_8426,3849142980,16,7,rrrrrrrrrrrrgggGGGGr,G,True,False,0,,15.0,246.0,False,False,not_pedestrian_only_phase
231.0,NODE_74388,436883130,16,1,GGrrrrrrgGrrrrrrr,r,False,False,0,,1.0,232.0,False,False,ped_link_not_green
231.0,NODE_10273,3846533030,12,2,rrryyyyGGrrrr,r,False,False,0,,5.0,236.0,False,False,ped_link_not_green
231.5,LINK_212169,11449716078,5,0,gGrrrGr,G,True,False,0,,6.5,238.0,False,False,not_pedestrian_only_phase
231.5,NODE_8452,3846603653,2,0,GGr,r,False,False,0,,32.5,264.0,False,False,ped_link_not_green
231.5,NODE_6082,11449716078,5,0,gGrrrGr,G,True,False,0,,6.5,238.0,False,False,not_pedestrian_only_phase
231.5,NODE_6123,7300992884,5,0,GgGrrrr,r,False,False,0,,17.5,249.0,False,False,ped_link_not_green
231.5,NODE_8426,3849142980,16,7,rrrrrrrrrrrrgggGGGGr,G,True,False,0,,14.5,246.0,False,False,not_pedestrian_only_phase
231.5,NODE_74388,436883130,16,1,GGrrrrrrgGrrrrrrr,r,False,False,0,,0.5,232.0,False,False,ped_link_not_green
231.5,NODE_10273,3846533030,12,2,rrryyyyGGrrrr,r,False,False,0,,4.5,236.0,False,False,ped_link_not_green
232.0,LINK_212169,11449716078,5,0,gGrrrGr,G,True,False,0,,6.0,238.0,False,False,not_pedestrian_only_phase
232.0,NODE_8452,3846603653,2,0,GGr,r,False,False,0,,32.0,264.0,False,False,ped_link_not_green
232.0,NODE_6082,11449716078,5,0,gGrrrGr,G,True,False,0,,6.0,238.0,False,False,not_pedestrian_only_phase
232.0,NODE_6123,7300992884,5,0,GgGrrrr,r,False,False,0,,17.0,249.0,False,False,ped_link_not_green
232.0,NODE_8426,3849142980,16,7,rrrrrrrrrrrrgggGGGGr,G,True,False,0,,14.0,246.0,False,False,not_pedestrian_only_phase
232.0,NODE_74388,436883130,16,1,GGrrrrrrgGrrrrrrr,r,False,False,0,,0.0,232.0,False,False,ped_link_not_green
232.0,NODE_10273,3846533030,12,2,rrryyyyGGrrrr,r,False,False,0,,4.0,236.0,False,False,ped_link_not_green
232.5,LINK_212169,11449716078,5,0,gGrrrGr,G,True,False,0,,5.5,238.0,False,False,not_pedestrian_only_phase
232.5,NODE_8452,3846603653,2,0,GGr,r,False,False,0,,31.5,264.0,False,False,ped_link_not_green
232.5,NODE_6082,11449716078,5,0,gGrrrGr,G,True,False,0,,5.5,238.0,False,False,not_pedestrian_only_phase
232.5,NODE_6123,7300992884,5,0,GgGrrrr,r,False,False,0,,16.5,249.0,False,False,ped_link_not_green
232.5,NODE_8426,3849142980,16,7,rrrrrrrrrrrrgggGGGGr,G,True,False,0,,13.5,246.0,False,False,not_pedestrian_only_phase
232.5,NODE_74388,436883130,16,2,yyrrrrrryyrrrrrrr,r,False,False,0,,4.5,237.0,False,False,ped_link_not_green
232.5,NODE_10273,3846533030,12,2,rrryyyyGGrrrr,r,False,False,0,,3.5,236.0,False,False,ped_link_not_green
233.0,LINK_212169,11449716078,5,0,gGrrrGr,G,True,False,0,,5.0,238.0,False,False,not_pedestrian_only_phase
233.0,NODE_8452,3846603653,2,0,GGr,r,False,False,0,,31.0,264.0,False,False,ped_link_not_green
233.0,NODE_6082,11449716078,5,0,gGrrrGr,G,True,False,0,,5.0,238.0,False,False,not_pedestrian_only_phase
233.0,NODE_6123,7300992884,5,0,GgGrrrr,r,False,False,0,,16.0,249.0,False,False,ped_link_not_green
233.0,NODE_8426,3849142980,16,7,rrrrrrrrrrrrgggGGGGr,G,True,False,0,,13.0,246.0,False,False,not_pedestrian_only_phase
233.0,NODE_74388,436883130,16,2,yyrrrrrryyrrrrrrr,r,False,False,0,,4.0,237.0,False,False,ped_link_not_green
233.0,NODE_10273,3846533030,12,2,rrryyyyGGrrrr,r,False,False,0,,3.0,236.0,False,False,ped_link_not_green
233.5,LINK_212169,11449716078,5,0,gGrrrGr,G,True,False,0,,4.5,238.0,False,False,not_pedestrian_only_phase
233.5,NODE_8452,3846603653,2,0,GGr,r,False,False,0,,30.5,264.0,False,False,ped_link_not_green
233.5,NODE_6082,11449716078,5,0,gGrrrGr,G,True,False,0,,4.5,238.0,False,False,not_pedestrian_only_phase
233.5,NODE_6123,7300992884,5,0,GgGrrrr,r,False,False,0,,15.5,249.0,False,False,ped_link_not_green
233.5,NODE_8426,3849142980,16,7,rrrrrrrrrrrrgggGGGGr,G,True,False,0,,12.5,246.0,False,False,not_pedestrian_only_phase
233.5,NODE_74388,436883130,16,2,yyrrrrrryyrrrrrrr,r,False,False,0,,3.5,237.0,False,False,ped_link_not_green
233.5,NODE_10273,3846533030,12,2,rrryyyyGGrrrr,r,False,False,0,,2.5,236.0,False,False,ped_link_not_green
234.0,LINK_212169,11449716078,5,0,gGrrrGr,G,True,False,0,,4.0,238.0,False,False,not_pedestrian_only_phase
234.0,NODE_8452,3846603653,2,0,GGr,r,False,False,0,,30.0,264.0,False,False,ped_link_not_green
234.0,NODE_6082,11449716078,5,0,gGrrrGr,G,True,False,0,,4.0,238.0,False,False,not_pedestrian_only_phase
234.0,NODE_6123,7300992884,5,0,GgGrrrr,r,False,False,0,,15.0,249.0,False,False,ped_link_not_green
234.0,NODE_8426,3849142980,16,7,rrrrrrrrrrrrgggGGGGr,G,True,False,0,,12.0,246.0,False,False,not_pedestrian_only_phase
234.0,NODE_74388,436883130,16,2,yyrrrrrryyrrrrrrr,r,False,False,0,,3.0,237.0,False,False,ped_link_not_green
234.0,NODE_10273,3846533030,12,2,rrryyyyGGrrrr,r,False,False,0,,2.0,236.0,False,False,ped_link_not_green
234.5,LINK_212169,11449716078,5,0,gGrrrGr,G,True,False,0,,3.5,238.0,False,False,not_pedestrian_only_phase
234.5,NODE_8452,3846603653,2,0,GGr,r,False,False,0,,29.5,264.0,False,False,ped_link_not_green
234.5,NODE_6082,11449716078,5,0,gGrrrGr,G,True,False,0,,3.5,238.0,False,False,not_pedestrian_only_phase
234.5,NODE_6123,7300992884,5,0,GgGrrrr,r,False,False,0,,14.5,249.0,False,False,ped_link_not_green
234.5,NODE_8426,3849142980,16,7,rrrrrrrrrrrrgggGGGGr,G,True,False,0,,11.5,246.0,False,False,not_pedestrian_only_phase
234.5,NODE_74388,436883130,16,2,yyrrrrrryyrrrrrrr,r,False,False,0,,2.5,237.0,False,False,ped_link_not_green
234.5,NODE_10273,3846533030,12,2,rrryyyyGGrrrr,r,False,False,0,,1.5,236.0,False,False,ped_link_not_green
235.0,LINK_212169,11449716078,5,0,gGrrrGr,G,True,False,0,,3.0,238.0,False,False,not_pedestrian_only_phase
235.0,NODE_8452,3846603653,2,0,GGr,r,False,False,0,,29.0,264.0,False,False,ped_link_not_green
235.0,NODE_6082,11449716078,5,0,gGrrrGr,G,True,False,0,,3.0,238.0,False,False,not_pedestrian_only_phase
235.0,NODE_6123,7300992884,5,0,GgGrrrr,r,False,False,0,,14.0,249.0,False,False,ped_link_not_green
235.0,NODE_8426,3849142980,16,7,rrrrrrrrrrrrgggGGGGr,G,True,False,0,,11.0,246.0,False,False,not_pedestrian_only_phase
235.0,NODE_74388,436883130,16,2,yyrrrrrryyrrrrrrr,r,False,False,0,,2.0,237.0,False,False,ped_link_not_green
235.0,NODE_10273,3846533030,12,2,rrryyyyGGrrrr,r,False,False,0,,1.0,236.0,False,False,ped_link_not_green
235.5,LINK_212169,11449716078,5,0,gGrrrGr,G,True,False,0,,2.5,238.0,False,False,not_pedestrian_only_phase
235.5,NODE_8452,3846603653,2,0,GGr,r,False,False,0,,28.5,264.0,False,False,ped_link_not_green
235.5,NODE_6082,11449716078,5,0,gGrrrGr,G,True,False,0,,2.5,238.0,False,False,not_pedestrian_only_phase
235.5,NODE_6123,7300992884,5,0,GgGrrrr,r,False,False,0,,13.5,249.0,False,False,ped_link_not_green
235.5,NODE_8426,3849142980,16,7,rrrrrrrrrrrrgggGGGGr,G,True,False,0,,10.5,246.0,False,False,not_pedestrian_only_phase
235.5,NODE_74388,436883130,16,2,yyrrrrrryyrrrrrrr,r,False,False,0,,1.5,237.0,False,False,ped_link_not_green
235.5,NODE_10273,3846533030,12,2,rrryyyyGGrrrr,r,False,False,0,,0.5,236.0,False,False,ped_link_not_green
236.0,LINK_212169,11449716078,5,0,gGrrrGr,G,True,False,0,,2.0,238.0,False,False,not_pedestrian_only_phase
236.0,NODE_8452,3846603653,2,0,GGr,r,False,False,0,,28.0,264.0,False,False,ped_link_not_green
236.0,NODE_6082,11449716078,5,0,gGrrrGr,G,True,False,0,,2.0,238.0,False,False,not_pedestrian_only_phase
236.0,NODE_6123,7300992884,5,0,GgGrrrr,r,False,False,0,,13.0,249.0,False,False,ped_link_not_green
236.0,NODE_8426,3849142980,16,7,rrrrrrrrrrrrgggGGGGr,G,True,False,0,,10.0,246.0,False,False,not_pedestrian_only_phase
236.0,NODE_74388,436883130,16,2,yyrrrrrryyrrrrrrr,r,False,False,0,,1.0,237.0,False,False,ped_link_not_green
236.0,NODE_10273,3846533030,12,2,rrryyyyGGrrrr,r,False,False,0,,0.0,236.0,False,False,ped_link_not_green
236.5,LINK_212169,11449716078,5,0,gGrrrGr,G,True,False,0,,1.5,238.0,False,False,not_pedestrian_only_phase
236.5,NODE_8452,3846603653,2,0,GGr,r,False,False,0,,27.5,264.0,False,False,ped_link_not_green
236.5,NODE_6082,11449716078,5,0,gGrrrGr,G,True,False,0,,1.5,238.0,False,False,not_pedestrian_only_phase
236.5,NODE_6123,7300992884,5,0,GgGrrrr,r,False,False,0,,12.5,249.0,False,False,ped_link_not_green
236.5,NODE_8426,3849142980,16,7,rrrrrrrrrrrrgggGGGGr,G,True,False,0,,9.5,246.0,False,False,not_pedestrian_only_phase
236.5,NODE_74388,436883130,16,2,yyrrrrrryyrrrrrrr,r,False,False,0,,0.5,237.0,False,False,ped_link_not_green
236.5,NODE_10273,3846533030,12,3,rrrrrrrGGGGrr,r,False,False,0,,5.5,242.0,False,False,ped_link_not_green
237.0,LINK_212169,11449716078,5,0,gGrrrGr,G,True,False,0,,1.0,238.0,False,False,not_pedestrian_only_phase
237.0,NODE_8452,3846603653,2,0,GGr,r,False,False,0,,27.0,264.0,False,False,ped_link_not_green
237.0,NODE_6082,11449716078,5,0,gGrrrGr,G,True,False,0,,1.0,238.0,False,False,not_pedestrian_only_phase
237.0,NODE_6123,7300992884,5,0,GgGrrrr,r,False,False,0,,12.0,249.0,False,False,ped_link_not_green
237.0,NODE_8426,3849142980,16,7,rrrrrrrrrrrrgggGGGGr,G,True,False,0,,9.0,246.0,False,False,not_pedestrian_only_phase
237.0,NODE_74388,436883130,16,2,yyrrrrrryyrrrrrrr,r,False,False,0,,0.0,237.0,False,False,ped_link_not_green
237.0,NODE_10273,3846533030,12,3,rrrrrrrGGGGrr,r,False,False,0,,5.0,242.0,False,False,ped_link_not_green
237.5,LINK_212169,11449716078,5,0,gGrrrGr,G,True,False,0,,0.5,238.0,False,False,not_pedestrian_only_phase
237.5,NODE_8452,3846603653,2,0,GGr,r,False,False,0,,26.5,264.0,False,False,ped_link_not_green
237.5,NODE_6082,11449716078,5,0,gGrrrGr,G,True,False,0,,0.5,238.0,False,False,not_pedestrian_only_phase
237.5,NODE_6123,7300992884,5,0,GgGrrrr,r,False,False,0,,11.5,249.0,False,False,ped_link_not_green
237.5,NODE_8426,3849142980,16,7,rrrrrrrrrrrrgggGGGGr,G,True,False,0,,8.5,246.0,False,False,not_pedestrian_only_phase
237.5,NODE_74388,436883130,16,3,rrGGrrrrrrGGrrrrr,r,False,False,0,,5.5,243.0,False,False,ped_link_not_green
237.5,NODE_10273,3846533030,12,3,rrrrrrrGGGGrr,r,False,False,0,,4.5,242.0,False,False,ped_link_not_green
238.0,LINK_212169,11449716078,5,0,gGrrrGr,G,True,False,0,,0.0,238.0,False,False,not_pedestrian_only_phase
238.0,NODE_8452,3846603653,2,0,GGr,r,False,False,0,,26.0,264.0,False,False,ped_link_not_green
238.0,NODE_6082,11449716078,5,0,gGrrrGr,G,True,False,0,,0.0,238.0,False,False,not_pedestrian_only_phase
238.0,NODE_6123,7300992884,5,0,GgGrrrr,r,False,False,0,,11.0,249.0,False,False,ped_link_not_green
238.0,NODE_8426,3849142980,16,7,rrrrrrrrrrrrgggGGGGr,G,True,False,0,,8.0,246.0,False,False,not_pedestrian_only_phase
238.0,NODE_74388,436883130,16,3,rrGGrrrrrrGGrrrrr,r,False,False,0,,5.0,243.0,False,False,ped_link_not_green
238.0,NODE_10273,3846533030,12,3,rrrrrrrGGGGrr,r,False,False,0,,4.0,242.0,False,False,ped_link_not_green
238.5,LINK_212169,11449716078,5,1,gGrrrrr,r,False,False,0,,2.5,241.0,False,False,ped_link_not_green
238.5,NODE_8452,3846603653,2,0,GGr,r,False,False,0,,25.5,264.0,False,False,ped_link_not_green
238.5,NODE_6082,11449716078,5,1,gGrrrrr,r,False,False,0,,2.5,241.0,False,False,ped_link_not_green
238.5,NODE_6123,7300992884,5,0,GgGrrrr,r,False,False,0,,10.5,249.0,False,False,ped_link_not_green
238.5,NODE_8426,3849142980,16,7,rrrrrrrrrrrrgggGGGGr,G,True,False,0,,7.5,246.0,False,False,not_pedestrian_only_phase
238.5,NODE_74388,436883130,16,3,rrGGrrrrrrGGrrrrr,r,False,False,0,,4.5,243.0,False,False,ped_link_not_green
238.5,NODE_10273,3846533030,12,3,rrrrrrrGGGGrr,r,False,False,0,,3.5,242.0,False,False,ped_link_not_green
239.0,LINK_212169,11449716078,5,1,gGrrrrr,r,False,False,0,,2.0,241.0,False,False,ped_link_not_green
239.0,NODE_8452,3846603653,2,0,GGr,r,False,False,0,,25.0,264.0,False,False,ped_link_not_green
239.0,NODE_6082,11449716078,5,1,gGrrrrr,r,False,False,0,,2.0,241.0,False,False,ped_link_not_green
239.0,NODE_6123,7300992884,5,0,GgGrrrr,r,False,False,0,,10.0,249.0,False,False,ped_link_not_green
239.0,NODE_8426,3849142980,16,7,rrrrrrrrrrrrgggGGGGr,G,True,False,0,,7.0,246.0,False,False,not_pedestrian_only_phase
239.0,NODE_74388,436883130,16,3,rrGGrrrrrrGGrrrrr,r,False,False,0,,4.0,243.0,False,False,ped_link_not_green
239.0,NODE_10273,3846533030,12,3,rrrrrrrGGGGrr,r,False,False,0,,3.0,242.0,False,False,ped_link_not_green
239.5,LINK_212169,11449716078,5,1,gGrrrrr,r,False,False,0,,1.5,241.0,False,False,ped_link_not_green
239.5,NODE_8452,3846603653,2,0,GGr,r,False,False,0,,24.5,264.0,False,False,ped_link_not_green
239.5,NODE_6082,11449716078,5,1,gGrrrrr,r,False,False,0,,1.5,241.0,False,False,ped_link_not_green
239.5,NODE_6123,7300992884,5,0,GgGrrrr,r,False,False,0,,9.5,249.0,False,False,ped_link_not_green
239.5,NODE_8426,3849142980,16,7,rrrrrrrrrrrrgggGGGGr,G,True,False,0,,6.5,246.0,False,False,not_pedestrian_only_phase
239.5,NODE_74388,436883130,16,3,rrGGrrrrrrGGrrrrr,r,False,False,0,,3.5,243.0,False,False,ped_link_not_green
239.5,NODE_10273,3846533030,12,3,rrrrrrrGGGGrr,r,False,False,0,,2.5,242.0,False,False,ped_link_not_green
240.0,LINK_212169,11449716078,5,1,gGrrrrr,r,False,False,0,,1.0,241.0,False,False,ped_link_not_green
240.0,NODE_8452,3846603653,2,0,GGr,r,False,False,0,,24.0,264.0,False,False,ped_link_not_green
240.0,NODE_6082,11449716078,5,1,gGrrrrr,r,False,False,0,,1.0,241.0,False,False,ped_link_not_green
240.0,NODE_6123,7300992884,5,0,GgGrrrr,r,False,False,0,,9.0,249.0,False,False,ped_link_not_green
240.0,NODE_8426,3849142980,16,7,rrrrrrrrrrrrgggGGGGr,G,True,False,0,,6.0,246.0,False,False,not_pedestrian_only_phase
240.0,NODE_74388,436883130,16,3,rrGGrrrrrrGGrrrrr,r,False,False,0,,3.0,243.0,False,False,ped_link_not_green
240.0,NODE_10273,3846533030,12,3,rrrrrrrGGGGrr,r,False,False,0,,2.0,242.0,False,False,ped_link_not_green
240.5,LINK_212169,11449716078,5,1,gGrrrrr,r,False,False,0,,0.5,241.0,False,False,ped_link_not_green
240.5,NODE_8452,3846603653,2,0,GGr,r,False,False,0,,23.5,264.0,False,False,ped_link_not_green
240.5,NODE_6082,11449716078,5,1,gGrrrrr,r,False,False,0,,0.5,241.0,False,False,ped_link_not_green
240.5,NODE_6123,7300992884,5,0,GgGrrrr,r,False,False,0,,8.5,249.0,False,False,ped_link_not_green
240.5,NODE_8426,3849142980,16,7,rrrrrrrrrrrrgggGGGGr,G,True,False,0,,5.5,246.0,False,False,not_pedestrian_only_phase
240.5,NODE_74388,436883130,16,3,rrGGrrrrrrGGrrrrr,r,False,False,0,,2.5,243.0,False,False,ped_link_not_green
240.5,NODE_10273,3846533030,12,3,rrrrrrrGGGGrr,r,False,False,0,,1.5,242.0,False,False,ped_link_not_green
241.0,LINK_212169,11449716078,5,1,gGrrrrr,r,False,False,0,,0.0,241.0,False,False,ped_link_not_green
241.0,NODE_8452,3846603653,2,0,GGr,r,False,False,0,,23.0,264.0,False,False,ped_link_not_green
241.0,NODE_6082,11449716078,5,1,gGrrrrr,r,False,False,0,,0.0,241.0,False,False,ped_link_not_green
241.0,NODE_6123,7300992884,5,0,GgGrrrr,r,False,False,0,,8.0,249.0,False,False,ped_link_not_green
241.0,NODE_8426,3849142980,16,7,rrrrrrrrrrrrgggGGGGr,G,True,False,0,,5.0,246.0,False,False,not_pedestrian_only_phase
241.0,NODE_74388,436883130,16,3,rrGGrrrrrrGGrrrrr,r,False,False,0,,2.0,243.0,False,False,ped_link_not_green
241.0,NODE_10273,3846533030,12,3,rrrrrrrGGGGrr,r,False,False,0,,1.0,242.0,False,False,ped_link_not_green
241.5,LINK_212169,11449716078,5,2,yyrrrrr,r,False,False,0,,5.5,247.0,False,False,ped_link_not_green
241.5,NODE_8452,3846603653,2,0,GGr,r,False,False,0,,22.5,264.0,False,False,ped_link_not_green
241.5,NODE_6082,11449716078,5,2,yyrrrrr,r,False,False,0,,5.5,247.0,False,False,ped_link_not_green
241.5,NODE_6123,7300992884,5,0,GgGrrrr,r,False,False,0,,7.5,249.0,False,False,ped_link_not_green
241.5,NODE_8426,3849142980,16,7,rrrrrrrrrrrrgggGGGGr,G,True,False,0,,4.5,246.0,False,False,not_pedestrian_only_phase
241.5,NODE_74388,436883130,16,3,rrGGrrrrrrGGrrrrr,r,False,False,0,,1.5,243.0,False,False,ped_link_not_green
241.5,NODE_10273,3846533030,12,3,rrrrrrrGGGGrr,r,False,False,0,,0.5,242.0,False,False,ped_link_not_green
242.0,LINK_212169,11449716078,5,2,yyrrrrr,r,False,False,0,,5.0,247.0,False,False,ped_link_not_green
242.0,NODE_8452,3846603653,2,0,GGr,r,False,False,0,,22.0,264.0,False,False,ped_link_not_green
242.0,NODE_6082,11449716078,5,2,yyrrrrr,r,False,False,0,,5.0,247.0,False,False,ped_link_not_green
242.0,NODE_6123,7300992884,5,0,GgGrrrr,r,False,False,0,,7.0,249.0,False,False,ped_link_not_green
242.0,NODE_8426,3849142980,16,7,rrrrrrrrrrrrgggGGGGr,G,True,False,0,,4.0,246.0,False,False,not_pedestrian_only_phase
242.0,NODE_74388,436883130,16,3,rrGGrrrrrrGGrrrrr,r,False,False,0,,1.0,243.0,False,False,ped_link_not_green
242.0,NODE_10273,3846533030,12,3,rrrrrrrGGGGrr,r,False,False,0,,0.0,242.0,False,False,ped_link_not_green
242.5,LINK_212169,11449716078,5,2,yyrrrrr,r,False,False,0,,4.5,247.0,False,False,ped_link_not_green
242.5,NODE_8452,3846603653,2,0,GGr,r,False,False,0,,21.5,264.0,False,False,ped_link_not_green
242.5,NODE_6082,11449716078,5,2,yyrrrrr,r,False,False,0,,4.5,247.0,False,False,ped_link_not_green
242.5,NODE_6123,7300992884,5,0,GgGrrrr,r,False,False,0,,6.5,249.0,False,False,ped_link_not_green
242.5,NODE_8426,3849142980,16,7,rrrrrrrrrrrrgggGGGGr,G,True,False,0,,3.5,246.0,False,False,not_pedestrian_only_phase
242.5,NODE_74388,436883130,16,3,rrGGrrrrrrGGrrrrr,r,False,False,0,,0.5,243.0,False,False,ped_link_not_green
242.5,NODE_10273,3846533030,12,4,rrrrrrryyyyrr,r,False,False,0,,5.5,248.0,False,False,ped_link_not_green
243.0,LINK_212169,11449716078,5,2,yyrrrrr,r,False,False,0,,4.0,247.0,False,False,ped_link_not_green
243.0,NODE_8452,3846603653,2,0,GGr,r,False,False,0,,21.0,264.0,False,False,ped_link_not_green
243.0,NODE_6082,11449716078,5,2,yyrrrrr,r,False,False,0,,4.0,247.0,False,False,ped_link_not_green
243.0,NODE_6123,7300992884,5,0,GgGrrrr,r,False,False,0,,6.0,249.0,False,False,ped_link_not_green
243.0,NODE_8426,3849142980,16,7,rrrrrrrrrrrrgggGGGGr,G,True,False,0,,3.0,246.0,False,False,not_pedestrian_only_phase
243.0,NODE_74388,436883130,16,3,rrGGrrrrrrGGrrrrr,r,False,False,0,,0.0,243.0,False,False,ped_link_not_green
243.0,NODE_10273,3846533030,12,4,rrrrrrryyyyrr,r,False,False,0,,5.0,248.0,False,False,ped_link_not_green
243.5,LINK_212169,11449716078,5,2,yyrrrrr,r,False,False,0,,3.5,247.0,False,False,ped_link_not_green
243.5,NODE_8452,3846603653,2,0,GGr,r,False,False,0,,20.5,264.0,False,False,ped_link_not_green
243.5,NODE_6082,11449716078,5,2,yyrrrrr,r,False,False,0,,3.5,247.0,False,False,ped_link_not_green
243.5,NODE_6123,7300992884,5,0,GgGrrrr,r,False,False,0,,5.5,249.0,False,False,ped_link_not_green
243.5,NODE_8426,3849142980,16,7,rrrrrrrrrrrrgggGGGGr,G,True,False,0,,2.5,246.0,False,False,not_pedestrian_only_phase
243.5,NODE_74388,436883130,16,4,rryyrrrrrryyrrrrr,r,False,False,0,,4.5,248.0,False,False,ped_link_not_green
243.5,NODE_10273,3846533030,12,4,rrrrrrryyyyrr,r,False,False,0,,4.5,248.0,False,False,ped_link_not_green
244.0,LINK_212169,11449716078,5,2,yyrrrrr,r,False,False,0,,3.0,247.0,False,False,ped_link_not_green
244.0,NODE_8452,3846603653,2,0,GGr,r,False,False,0,,20.0,264.0,False,False,ped_link_not_green
244.0,NODE_6082,11449716078,5,2,yyrrrrr,r,False,False,0,,3.0,247.0,False,False,ped_link_not_green
244.0,NODE_6123,7300992884,5,0,GgGrrrr,r,False,False,0,,5.0,249.0,False,False,ped_link_not_green
244.0,NODE_8426,3849142980,16,7,rrrrrrrrrrrrgggGGGGr,G,True,False,0,,2.0,246.0,False,False,not_pedestrian_only_phase
244.0,NODE_74388,436883130,16,4,rryyrrrrrryyrrrrr,r,False,False,0,,4.0,248.0,False,False,ped_link_not_green
244.0,NODE_10273,3846533030,12,4,rrrrrrryyyyrr,r,False,False,0,,4.0,248.0,False,False,ped_link_not_green
244.5,LINK_212169,11449716078,5,2,yyrrrrr,r,False,False,0,,2.5,247.0,False,False,ped_link_not_green
244.5,NODE_8452,3846603653,2,0,GGr,r,False,False,0,,19.5,264.0,False,False,ped_link_not_green
244.5,NODE_6082,11449716078,5,2,yyrrrrr,r,False,False,0,,2.5,247.0,False,False,ped_link_not_green
244.5,NODE_6123,7300992884,5,0,GgGrrrr,r,False,False,0,,4.5,249.0,False,False,ped_link_not_green
244.5,NODE_8426,3849142980,16,7,rrrrrrrrrrrrgggGGGGr,G,True,False,0,,1.5,246.0,False,False,not_pedestrian_only_phase
244.5,NODE_74388,436883130,16,4,rryyrrrrrryyrrrrr,r,False,False,0,,3.5,248.0,False,False,ped_link_not_green
244.5,NODE_10273,3846533030,12,4,rrrrrrryyyyrr,r,False,False,0,,3.5,248.0,False,False,ped_link_not_green
245.0,LINK_212169,11449716078,5,2,yyrrrrr,r,False,False,0,,2.0,247.0,False,False,ped_link_not_green
245.0,NODE_8452,3846603653,2,0,GGr,r,False,False,0,,19.0,264.0,False,False,ped_link_not_green
245.0,NODE_6082,11449716078,5,2,yyrrrrr,r,False,False,0,,2.0,247.0,False,False,ped_link_not_green
245.0,NODE_6123,7300992884,5,0,GgGrrrr,r,False,False,0,,4.0,249.0,False,False,ped_link_not_green
245.0,NODE_8426,3849142980,16,7,rrrrrrrrrrrrgggGGGGr,G,True,False,0,,1.0,246.0,False,False,not_pedestrian_only_phase
245.0,NODE_74388,436883130,16,4,rryyrrrrrryyrrrrr,r,False,False,0,,3.0,248.0,False,False,ped_link_not_green
245.0,NODE_10273,3846533030,12,4,rrrrrrryyyyrr,r,False,False,0,,3.0,248.0,False,False,ped_link_not_green
245.5,LINK_212169,11449716078,5,2,yyrrrrr,r,False,False,0,,1.5,247.0,False,False,ped_link_not_green
245.5,NODE_8452,3846603653,2,0,GGr,r,False,False,0,,18.5,264.0,False,False,ped_link_not_green
245.5,NODE_6082,11449716078,5,2,yyrrrrr,r,False,False,0,,1.5,247.0,False,False,ped_link_not_green
245.5,NODE_6123,7300992884,5,0,GgGrrrr,r,False,False,0,,3.5,249.0,False,False,ped_link_not_green
245.5,NODE_8426,3849142980,16,7,rrrrrrrrrrrrgggGGGGr,G,True,False,0,,0.5,246.0,False,False,not_pedestrian_only_phase
245.5,NODE_74388,436883130,16,4,rryyrrrrrryyrrrrr,r,False,False,0,,2.5,248.0,False,False,ped_link_not_green
245.5,NODE_10273,3846533030,12,4,rrrrrrryyyyrr,r,False,False,0,,2.5,248.0,False,False,ped_link_not_green
246.0,LINK_212169,11449716078,5,2,yyrrrrr,r,False,False,0,,1.0,247.0,False,False,ped_link_not_green
246.0,NODE_8452,3846603653,2,0,GGr,r,False,False,0,,18.0,264.0,False,False,ped_link_not_green
246.0,NODE_6082,11449716078,5,2,yyrrrrr,r,False,False,0,,1.0,247.0,False,False,ped_link_not_green
246.0,NODE_6123,7300992884,5,0,GgGrrrr,r,False,False,0,,3.0,249.0,False,False,ped_link_not_green
246.0,NODE_8426,3849142980,16,7,rrrrrrrrrrrrgggGGGGr,G,True,False,0,,0.0,246.0,False,False,not_pedestrian_only_phase
246.0,NODE_74388,436883130,16,4,rryyrrrrrryyrrrrr,r,False,False,0,,2.0,248.0,False,False,ped_link_not_green
246.0,NODE_10273,3846533030,12,4,rrrrrrryyyyrr,r,False,False,0,,2.0,248.0,False,False,ped_link_not_green
246.5,LINK_212169,11449716078,5,2,yyrrrrr,r,False,False,0,,0.5,247.0,False,False,ped_link_not_green
246.5,NODE_8452,3846603653,2,0,GGr,r,False,False,0,,17.5,264.0,False,False,ped_link_not_green
246.5,NODE_6082,11449716078,5,2,yyrrrrr,r,False,False,0,,0.5,247.0,False,False,ped_link_not_green
246.5,NODE_6123,7300992884,5,0,GgGrrrr,r,False,False,0,,2.5,249.0,False,False,ped_link_not_green
246.5,NODE_8426,3849142980,16,8,rrrrrrrrrrrrgggGrrrr,r,False,False,0,,2.5,249.0,False,False,ped_link_not_green
246.5,NODE_74388,436883130,16,4,rryyrrrrrryyrrrrr,r,False,False,0,,1.5,248.0,False,False,ped_link_not_green
246.5,NODE_10273,3846533030,12,4,rrrrrrryyyyrr,r,False,False,0,,1.5,248.0,False,False,ped_link_not_green
247.0,LINK_212169,11449716078,5,2,yyrrrrr,r,False,False,0,,0.0,247.0,False,False,ped_link_not_green
247.0,NODE_8452,3846603653,2,0,GGr,r,False,False,0,,17.0,264.0,False,False,ped_link_not_green
247.0,NODE_6082,11449716078,5,2,yyrrrrr,r,False,False,0,,0.0,247.0,False,False,ped_link_not_green
247.0,NODE_6123,7300992884,5,0,GgGrrrr,r,False,False,0,,2.0,249.0,False,False,ped_link_not_green
247.0,NODE_8426,3849142980,16,8,rrrrrrrrrrrrgggGrrrr,r,False,False,0,,2.0,249.0,False,False,ped_link_not_green
247.0,NODE_74388,436883130,16,4,rryyrrrrrryyrrrrr,r,False,False,0,,1.0,248.0,False,False,ped_link_not_green
247.0,NODE_10273,3846533030,12,4,rrrrrrryyyyrr,r,False,False,0,,1.0,248.0,False,False,ped_link_not_green
247.5,LINK_212169,11449716078,5,3,rrgGGrG,r,False,False,0,,35.5,283.0,False,False,ped_link_not_green
247.5,NODE_8452,3846603653,2,0,GGr,r,False,False,0,,16.5,264.0,False,False,ped_link_not_green
247.5,NODE_6082,11449716078,5,3,rrgGGrG,r,False,False,0,,35.5,283.0,False,False,ped_link_not_green
247.5,NODE_6123,7300992884,5,0,GgGrrrr,r,False,False,0,,1.5,249.0,False,False,ped_link_not_green
247.5,NODE_8426,3849142980,16,8,rrrrrrrrrrrrgggGrrrr,r,False,False,0,,1.5,249.0,False,False,ped_link_not_green
247.5,NODE_74388,436883130,16,4,rryyrrrrrryyrrrrr,r,False,False,0,,0.5,248.0,False,False,ped_link_not_green
247.5,NODE_10273,3846533030,12,4,rrrrrrryyyyrr,r,False,False,0,,0.5,248.0,False,False,ped_link_not_green
248.0,LINK_212169,11449716078,5,3,rrgGGrG,r,False,False,0,,35.0,283.0,False,False,ped_link_not_green
248.0,NODE_8452,3846603653,2,0,GGr,r,False,False,0,,16.0,264.0,False,False,ped_link_not_green
248.0,NODE_6082,11449716078,5,3,rrgGGrG,r,False,False,0,,35.0,283.0,False,False,ped_link_not_green
248.0,NODE_6123,7300992884,5,0,GgGrrrr,r,False,False,0,,1.0,249.0,False,False,ped_link_not_green
248.0,NODE_8426,3849142980,16,8,rrrrrrrrrrrrgggGrrrr,r,False,False,0,,1.0,249.0,False,False,ped_link_not_green
248.0,NODE_74388,436883130,16,4,rryyrrrrrryyrrrrr,r,False,False,0,,0.0,248.0,False,False,ped_link_not_green
248.0,NODE_10273,3846533030,12,4,rrrrrrryyyyrr,r,False,False,0,,0.0,248.0,False,False,ped_link_not_green
248.5,LINK_212169,11449716078,5,3,rrgGGrG,r,False,False,0,,34.5,283.0,False,False,ped_link_not_green
248.5,NODE_8452,3846603653,2,0,GGr,r,False,False,0,,15.5,264.0,False,False,ped_link_not_green
248.5,NODE_6082,11449716078,5,3,rrgGGrG,r,False,False,0,,34.5,283.0,False,False,ped_link_not_green
248.5,NODE_6123,7300992884,5,0,GgGrrrr,r,False,False,0,,0.5,249.0,False,False,ped_link_not_green
248.5,NODE_8426,3849142980,16,8,rrrrrrrrrrrrgggGrrrr,r,False,False,0,,0.5,249.0,False,False,ped_link_not_green
248.5,NODE_74388,436883130,16,5,rrrrGGggrrrrGGggr,r,False,False,0,,33.5,282.0,False,False,ped_link_not_green
248.5,NODE_10273,3846533030,12,5,gGGrrrrrrrrrG,G,True,False,0,,29.5,278.0,False,False,not_pedestrian_only_phase
249.0,LINK_212169,11449716078,5,3,rrgGGrG,r,False,False,0,,34.0,283.0,False,False,ped_link_not_green
249.0,NODE_8452,3846603653,2,0,GGr,r,False,False,0,,15.0,264.0,False,False,ped_link_not_green
249.0,NODE_6082,11449716078,5,3,rrgGGrG,r,False,False,0,,34.0,283.0,False,False,ped_link_not_green
249.0,NODE_6123,7300992884,5,0,GgGrrrr,r,False,False,0,,0.0,249.0,False,False,ped_link_not_green
249.0,NODE_8426,3849142980,16,8,rrrrrrrrrrrrgggGrrrr,r,False,False,0,,0.0,249.0,False,False,ped_link_not_green
249.0,NODE_74388,436883130,16,5,rrrrGGggrrrrGGggr,r,False,False,0,,33.0,282.0,False,False,ped_link_not_green
249.0,NODE_10273,3846533030,12,5,gGGrrrrrrrrrG,G,True,False,0,,29.0,278.0,False,False,not_pedestrian_only_phase
249.5,LINK_212169,11449716078,5,3,rrgGGrG,r,False,False,0,,33.5,283.0,False,False,ped_link_not_green
249.5,NODE_8452,3846603653,2,0,GGr,r,False,False,0,,14.5,264.0,False,False,ped_link_not_green
249.5,NODE_6082,11449716078,5,3,rrgGGrG,r,False,False,0,,33.5,283.0,False,False,ped_link_not_green
249.5,NODE_6123,7300992884,5,1,yyGrrrr,r,False,False,0,,5.5,255.0,False,False,ped_link_not_green
249.5,NODE_8426,3849142980,16,9,rrrrrrrrrrrryyyyrrrr,r,False,False,0,,2.5,252.0,False,False,ped_link_not_green
249.5,NODE_74388,436883130,16,5,rrrrGGggrrrrGGggr,r,False,False,0,,32.5,282.0,False,False,ped_link_not_green
249.5,NODE_10273,3846533030,12,5,gGGrrrrrrrrrG,G,True,False,0,,28.5,278.0,False,False,not_pedestrian_only_phase
250.0,LINK_212169,11449716078,5,3,rrgGGrG,r,False,False,0,,33.0,283.0,False,False,ped_link_not_green
250.0,NODE_8452,3846603653,2,0,GGr,r,False,False,0,,14.0,264.0,False,False,ped_link_not_green
250.0,NODE_6082,11449716078,5,3,rrgGGrG,r,False,False,0,,33.0,283.0,False,False,ped_link_not_green
250.0,NODE_6123,7300992884,5,1,yyGrrrr,r,False,False,0,,5.0,255.0,False,False,ped_link_not_green
250.0,NODE_8426,3849142980,16,9,rrrrrrrrrrrryyyyrrrr,r,False,False,0,,2.0,252.0,False,False,ped_link_not_green
250.0,NODE_74388,436883130,16,5,rrrrGGggrrrrGGggr,r,False,False,0,,32.0,282.0,False,False,ped_link_not_green
250.0,NODE_10273,3846533030,12,5,gGGrrrrrrrrrG,G,True,False,0,,28.0,278.0,False,False,not_pedestrian_only_phase
250.5,LINK_212169,11449716078,5,3,rrgGGrG,r,False,False,0,,32.5,283.0,False,False,ped_link_not_green
250.5,NODE_8452,3846603653,2,0,GGr,r,False,False,0,,13.5,264.0,False,False,ped_link_not_green
250.5,NODE_6082,11449716078,5,3,rrgGGrG,r,False,False,0,,32.5,283.0,False,False,ped_link_not_green
250.5,NODE_6123,7300992884,5,1,yyGrrrr,r,False,False,0,,4.5,255.0,False,False,ped_link_not_green
250.5,NODE_8426,3849142980,16,9,rrrrrrrrrrrryyyyrrrr,r,False,False,0,,1.5,252.0,False,False,ped_link_not_green
250.5,NODE_74388,436883130,16,5,rrrrGGggrrrrGGggr,r,False,False,0,,31.5,282.0,False,False,ped_link_not_green
250.5,NODE_10273,3846533030,12,5,gGGrrrrrrrrrG,G,True,False,0,,27.5,278.0,False,False,not_pedestrian_only_phase
251.0,LINK_212169,11449716078,5,3,rrgGGrG,r,False,False,0,,32.0,283.0,False,False,ped_link_not_green
251.0,NODE_8452,3846603653,2,0,GGr,r,False,False,0,,13.0,264.0,False,False,ped_link_not_green
251.0,NODE_6082,11449716078,5,3,rrgGGrG,r,False,False,0,,32.0,283.0,False,False,ped_link_not_green
251.0,NODE_6123,7300992884,5,1,yyGrrrr,r,False,False,0,,4.0,255.0,False,False,ped_link_not_green
251.0,NODE_8426,3849142980,16,9,rrrrrrrrrrrryyyyrrrr,r,False,False,0,,1.0,252.0,False,False,ped_link_not_green
251.0,NODE_74388,436883130,16,5,rrrrGGggrrrrGGggr,r,False,False,0,,31.0,282.0,False,False,ped_link_not_green
251.0,NODE_10273,3846533030,12,5,gGGrrrrrrrrrG,G,True,False,0,,27.0,278.0,False,False,not_pedestrian_only_phase
251.5,LINK_212169,11449716078,5,3,rrgGGrG,r,False,False,0,,31.5,283.0,False,False,ped_link_not_green
251.5,NODE_8452,3846603653,2,0,GGr,r,False,False,0,,12.5,264.0,False,False,ped_link_not_green
251.5,NODE_6082,11449716078,5,3,rrgGGrG,r,False,False,0,,31.5,283.0,False,False,ped_link_not_green
251.5,NODE_6123,7300992884,5,1,yyGrrrr,r,False,False,0,,3.5,255.0,False,False,ped_link_not_green
251.5,NODE_8426,3849142980,16,9,rrrrrrrrrrrryyyyrrrr,r,False,False,0,,0.5,252.0,False,False,ped_link_not_green
251.5,NODE_74388,436883130,16,5,rrrrGGggrrrrGGggr,r,False,False,0,,30.5,282.0,False,False,ped_link_not_green
251.5,NODE_10273,3846533030,12,5,gGGrrrrrrrrrG,G,True,False,0,,26.5,278.0,False,False,not_pedestrian_only_phase
252.0,LINK_212169,11449716078,5,3,rrgGGrG,r,False,False,0,,31.0,283.0,False,False,ped_link_not_green
252.0,NODE_8452,3846603653,2,0,GGr,r,False,False,0,,12.0,264.0,False,False,ped_link_not_green
252.0,NODE_6082,11449716078,5,3,rrgGGrG,r,False,False,0,,31.0,283.0,False,False,ped_link_not_green
252.0,NODE_6123,7300992884,5,1,yyGrrrr,r,False,False,0,,3.0,255.0,False,False,ped_link_not_green
252.0,NODE_8426,3849142980,16,9,rrrrrrrrrrrryyyyrrrr,r,False,False,0,,0.0,252.0,False,False,ped_link_not_green
252.0,NODE_74388,436883130,16,5,rrrrGGggrrrrGGggr,r,False,False,0,,30.0,282.0,False,False,ped_link_not_green
252.0,NODE_10273,3846533030,12,5,gGGrrrrrrrrrG,G,True,False,0,,26.0,278.0,False,False,not_pedestrian_only_phase
252.5,LINK_212169,11449716078,5,3,rrgGGrG,r,False,False,0,,30.5,283.0,False,False,ped_link_not_green
252.5,NODE_8452,3846603653,2,0,GGr,r,False,False,0,,11.5,264.0,False,False,ped_link_not_green
252.5,NODE_6082,11449716078,5,3,rrgGGrG,r,False,False,0,,30.5,283.0,False,False,ped_link_not_green
252.5,NODE_6123,7300992884,5,1,yyGrrrr,r,False,False,0,,2.5,255.0,False,False,ped_link_not_green
252.5,NODE_8426,3849142980,16,10,rrrrrrrrgggGrrrrGGrG,G,True,False,0,,16.5,269.0,False,False,not_pedestrian_only_phase
252.5,NODE_74388,436883130,16,5,rrrrGGggrrrrGGggr,r,False,False,0,,29.5,282.0,False,False,ped_link_not_green
252.5,NODE_10273,3846533030,12,5,gGGrrrrrrrrrG,G,True,False,0,,25.5,278.0,False,False,not_pedestrian_only_phase
253.0,LINK_212169,11449716078,5,3,rrgGGrG,r,False,False,0,,30.0,283.0,False,False,ped_link_not_green
253.0,NODE_8452,3846603653,2,0,GGr,r,False,False,0,,11.0,264.0,False,False,ped_link_not_green
253.0,NODE_6082,11449716078,5,3,rrgGGrG,r,False,False,0,,30.0,283.0,False,False,ped_link_not_green
253.0,NODE_6123,7300992884,5,1,yyGrrrr,r,False,False,0,,2.0,255.0,False,False,ped_link_not_green
253.0,NODE_8426,3849142980,16,10,rrrrrrrrgggGrrrrGGrG,G,True,False,0,,16.0,269.0,False,False,not_pedestrian_only_phase
253.0,NODE_74388,436883130,16,5,rrrrGGggrrrrGGggr,r,False,False,0,,29.0,282.0,False,False,ped_link_not_green
253.0,NODE_10273,3846533030,12,5,gGGrrrrrrrrrG,G,True,False,0,,25.0,278.0,False,False,not_pedestrian_only_phase
253.5,LINK_212169,11449716078,5,3,rrgGGrG,r,False,False,0,,29.5,283.0,False,False,ped_link_not_green
253.5,NODE_8452,3846603653,2,0,GGr,r,False,False,0,,10.5,264.0,False,False,ped_link_not_green
253.5,NODE_6082,11449716078,5,3,rrgGGrG,r,False,False,0,,29.5,283.0,False,False,ped_link_not_green
253.5,NODE_6123,7300992884,5,1,yyGrrrr,r,False,False,0,,1.5,255.0,False,False,ped_link_not_green
253.5,NODE_8426,3849142980,16,10,rrrrrrrrgggGrrrrGGrG,G,True,False,0,,15.5,269.0,False,False,not_pedestrian_only_phase
253.5,NODE_74388,436883130,16,5,rrrrGGggrrrrGGggr,r,False,False,0,,28.5,282.0,False,False,ped_link_not_green
253.5,NODE_10273,3846533030,12,5,gGGrrrrrrrrrG,G,True,False,0,,24.5,278.0,False,False,not_pedestrian_only_phase
254.0,LINK_212169,11449716078,5,3,rrgGGrG,r,False,False,0,,29.0,283.0,False,False,ped_link_not_green
254.0,NODE_8452,3846603653,2,0,GGr,r,False,False,0,,10.0,264.0,False,False,ped_link_not_green
254.0,NODE_6082,11449716078,5,3,rrgGGrG,r,False,False,0,,29.0,283.0,False,False,ped_link_not_green
254.0,NODE_6123,7300992884,5,1,yyGrrrr,r,False,False,0,,1.0,255.0,False,False,ped_link_not_green
254.0,NODE_8426,3849142980,16,10,rrrrrrrrgggGrrrrGGrG,G,True,False,0,,15.0,269.0,False,False,not_pedestrian_only_phase
254.0,NODE_74388,436883130,16,5,rrrrGGggrrrrGGggr,r,False,False,0,,28.0,282.0,False,False,ped_link_not_green
254.0,NODE_10273,3846533030,12,5,gGGrrrrrrrrrG,G,True,False,0,,24.0,278.0,False,False,not_pedestrian_only_phase
254.5,LINK_212169,11449716078,5,3,rrgGGrG,r,False,False,0,,28.5,283.0,False,False,ped_link_not_green
254.5,NODE_8452,3846603653,2,0,GGr,r,False,False,0,,9.5,264.0,False,False,ped_link_not_green
254.5,NODE_6082,11449716078,5,3,rrgGGrG,r,False,False,0,,28.5,283.0,False,False,ped_link_not_green
254.5,NODE_6123,7300992884,5,1,yyGrrrr,r,False,False,0,,0.5,255.0,False,False,ped_link_not_green
254.5,NODE_8426,3849142980,16,10,rrrrrrrrgggGrrrrGGrG,G,True,False,0,,14.5,269.0,False,False,not_pedestrian_only_phase
254.5,NODE_74388,436883130,16,5,rrrrGGggrrrrGGggr,r,False,False,0,,27.5,282.0,False,False,ped_link_not_green
254.5,NODE_10273,3846533030,12,5,gGGrrrrrrrrrG,G,True,False,0,,23.5,278.0,False,False,not_pedestrian_only_phase
255.0,LINK_212169,11449716078,5,3,rrgGGrG,r,False,False,0,,28.0,283.0,False,False,ped_link_not_green
255.0,NODE_8452,3846603653,2,0,GGr,r,False,False,0,,9.0,264.0,False,False,ped_link_not_green
255.0,NODE_6082,11449716078,5,3,rrgGGrG,r,False,False,0,,28.0,283.0,False,False,ped_link_not_green
255.0,NODE_6123,7300992884,5,1,yyGrrrr,r,False,False,0,,0.0,255.0,False,False,ped_link_not_green
255.0,NODE_8426,3849142980,16,10,rrrrrrrrgggGrrrrGGrG,G,True,False,0,,14.0,269.0,False,False,not_pedestrian_only_phase
255.0,NODE_74388,436883130,16,5,rrrrGGggrrrrGGggr,r,False,False,0,,27.0,282.0,False,False,ped_link_not_green
255.0,NODE_10273,3846533030,12,5,gGGrrrrrrrrrG,G,True,False,0,,23.0,278.0,False,False,not_pedestrian_only_phase
255.5,LINK_212169,11449716078,5,3,rrgGGrG,r,False,False,0,,27.5,283.0,False,False,ped_link_not_green
255.5,NODE_8452,3846603653,2,0,GGr,r,False,False,0,,8.5,264.0,False,False,ped_link_not_green
255.5,NODE_6082,11449716078,5,3,rrgGGrG,r,False,False,0,,27.5,283.0,False,False,ped_link_not_green
255.5,NODE_6123,7300992884,5,2,rrGGGrr,r,False,False,0,,5.5,261.0,False,False,ped_link_not_green
255.5,NODE_8426,3849142980,16,10,rrrrrrrrgggGrrrrGGrG,G,True,False,0,,13.5,269.0,False,False,not_pedestrian_only_phase
255.5,NODE_74388,436883130,16,5,rrrrGGggrrrrGGggr,r,False,False,0,,26.5,282.0,False,False,ped_link_not_green
255.5,NODE_10273,3846533030,12,5,gGGrrrrrrrrrG,G,True,False,0,,22.5,278.0,False,False,not_pedestrian_only_phase
256.0,LINK_212169,11449716078,5,3,rrgGGrG,r,False,False,0,,27.0,283.0,False,False,ped_link_not_green
256.0,NODE_8452,3846603653,2,0,GGr,r,False,False,0,,8.0,264.0,False,False,ped_link_not_green
256.0,NODE_6082,11449716078,5,3,rrgGGrG,r,False,False,0,,27.0,283.0,False,False,ped_link_not_green
256.0,NODE_6123,7300992884,5,2,rrGGGrr,r,False,False,0,,5.0,261.0,False,False,ped_link_not_green
256.0,NODE_8426,3849142980,16,10,rrrrrrrrgggGrrrrGGrG,G,True,False,0,,13.0,269.0,False,False,not_pedestrian_only_phase
256.0,NODE_74388,436883130,16,5,rrrrGGggrrrrGGggr,r,False,False,0,,26.0,282.0,False,False,ped_link_not_green
256.0,NODE_10273,3846533030,12,5,gGGrrrrrrrrrG,G,True,False,0,,22.0,278.0,False,False,not_pedestrian_only_phase
256.5,LINK_212169,11449716078,5,3,rrgGGrG,r,False,False,0,,26.5,283.0,False,False,ped_link_not_green
256.5,NODE_8452,3846603653,2,0,GGr,r,False,False,0,,7.5,264.0,False,False,ped_link_not_green
256.5,NODE_6082,11449716078,5,3,rrgGGrG,r,False,False,0,,26.5,283.0,False,False,ped_link_not_green
256.5,NODE_6123,7300992884,5,2,rrGGGrr,r,False,False,0,,4.5,261.0,False,False,ped_link_not_green
256.5,NODE_8426,3849142980,16,10,rrrrrrrrgggGrrrrGGrG,G,True,False,0,,12.5,269.0,False,False,not_pedestrian_only_phase
256.5,NODE_74388,436883130,16,5,rrrrGGggrrrrGGggr,r,False,False,0,,25.5,282.0,False,False,ped_link_not_green
256.5,NODE_10273,3846533030,12,5,gGGrrrrrrrrrG,G,True,False,0,,21.5,278.0,False,False,not_pedestrian_only_phase
257.0,LINK_212169,11449716078,5,3,rrgGGrG,r,False,False,0,,26.0,283.0,False,False,ped_link_not_green
257.0,NODE_8452,3846603653,2,0,GGr,r,False,False,0,,7.0,264.0,False,False,ped_link_not_green
257.0,NODE_6082,11449716078,5,3,rrgGGrG,r,False,False,0,,26.0,283.0,False,False,ped_link_not_green
257.0,NODE_6123,7300992884,5,2,rrGGGrr,r,False,False,0,,4.0,261.0,False,False,ped_link_not_green
257.0,NODE_8426,3849142980,16,10,rrrrrrrrgggGrrrrGGrG,G,True,False,0,,12.0,269.0,False,False,not_pedestrian_only_phase
257.0,NODE_74388,436883130,16,5,rrrrGGggrrrrGGggr,r,False,False,0,,25.0,282.0,False,False,ped_link_not_green
257.0,NODE_10273,3846533030,12,5,gGGrrrrrrrrrG,G,True,False,0,,21.0,278.0,False,False,not_pedestrian_only_phase
257.5,LINK_212169,11449716078,5,3,rrgGGrG,r,False,False,0,,25.5,283.0,False,False,ped_link_not_green
257.5,NODE_8452,3846603653,2,0,GGr,r,False,False,0,,6.5,264.0,False,False,ped_link_not_green
257.5,NODE_6082,11449716078,5,3,rrgGGrG,r,False,False,0,,25.5,283.0,False,False,ped_link_not_green
257.5,NODE_6123,7300992884,5,2,rrGGGrr,r,False,False,0,,3.5,261.0,False,False,ped_link_not_green
257.5,NODE_8426,3849142980,16,10,rrrrrrrrgggGrrrrGGrG,G,True,False,0,,11.5,269.0,False,False,not_pedestrian_only_phase
257.5,NODE_74388,436883130,16,5,rrrrGGggrrrrGGggr,r,False,False,0,,24.5,282.0,False,False,ped_link_not_green
257.5,NODE_10273,3846533030,12,5,gGGrrrrrrrrrG,G,True,False,0,,20.5,278.0,False,False,not_pedestrian_only_phase
258.0,LINK_212169,11449716078,5,3,rrgGGrG,r,False,False,0,,25.0,283.0,False,False,ped_link_not_green
258.0,NODE_8452,3846603653,2,0,GGr,r,False,False,0,,6.0,264.0,False,False,ped_link_not_green
258.0,NODE_6082,11449716078,5,3,rrgGGrG,r,False,False,0,,25.0,283.0,False,False,ped_link_not_green
258.0,NODE_6123,7300992884,5,2,rrGGGrr,r,False,False,0,,3.0,261.0,False,False,ped_link_not_green
258.0,NODE_8426,3849142980,16,10,rrrrrrrrgggGrrrrGGrG,G,True,False,0,,11.0,269.0,False,False,not_pedestrian_only_phase
258.0,NODE_74388,436883130,16,5,rrrrGGggrrrrGGggr,r,False,False,0,,24.0,282.0,False,False,ped_link_not_green
258.0,NODE_10273,3846533030,12,5,gGGrrrrrrrrrG,G,True,False,0,,20.0,278.0,False,False,not_pedestrian_only_phase
258.5,LINK_212169,11449716078,5,3,rrgGGrG,r,False,False,0,,24.5,283.0,False,False,ped_link_not_green
258.5,NODE_8452,3846603653,2,0,GGr,r,False,False,0,,5.5,264.0,False,False,ped_link_not_green
258.5,NODE_6082,11449716078,5,3,rrgGGrG,r,False,False,0,,24.5,283.0,False,False,ped_link_not_green
258.5,NODE_6123,7300992884,5,2,rrGGGrr,r,False,False,0,,2.5,261.0,False,False,ped_link_not_green
258.5,NODE_8426,3849142980,16,10,rrrrrrrrgggGrrrrGGrG,G,True,False,0,,10.5,269.0,False,False,not_pedestrian_only_phase
258.5,NODE_74388,436883130,16,5,rrrrGGggrrrrGGggr,r,False,False,0,,23.5,282.0,False,False,ped_link_not_green
258.5,NODE_10273,3846533030,12,5,gGGrrrrrrrrrG,G,True,False,0,,19.5,278.0,False,False,not_pedestrian_only_phase
259.0,LINK_212169,11449716078,5,3,rrgGGrG,r,False,False,0,,24.0,283.0,False,False,ped_link_not_green
259.0,NODE_8452,3846603653,2,0,GGr,r,False,False,0,,5.0,264.0,False,False,ped_link_not_green
259.0,NODE_6082,11449716078,5,3,rrgGGrG,r,False,False,0,,24.0,283.0,False,False,ped_link_not_green
259.0,NODE_6123,7300992884,5,2,rrGGGrr,r,False,False,0,,2.0,261.0,False,False,ped_link_not_green
259.0,NODE_8426,3849142980,16,10,rrrrrrrrgggGrrrrGGrG,G,True,False,0,,10.0,269.0,False,False,not_pedestrian_only_phase
259.0,NODE_74388,436883130,16,5,rrrrGGggrrrrGGggr,r,False,False,0,,23.0,282.0,False,False,ped_link_not_green
259.0,NODE_10273,3846533030,12,5,gGGrrrrrrrrrG,G,True,False,0,,19.0,278.0,False,False,not_pedestrian_only_phase
259.5,LINK_212169,11449716078,5,3,rrgGGrG,r,False,False,0,,23.5,283.0,False,False,ped_link_not_green
259.5,NODE_8452,3846603653,2,0,GGr,r,False,False,0,,4.5,264.0,False,False,ped_link_not_green
259.5,NODE_6082,11449716078,5,3,rrgGGrG,r,False,False,0,,23.5,283.0,False,False,ped_link_not_green
259.5,NODE_6123,7300992884,5,2,rrGGGrr,r,False,False,0,,1.5,261.0,False,False,ped_link_not_green
259.5,NODE_8426,3849142980,16,10,rrrrrrrrgggGrrrrGGrG,G,True,False,0,,9.5,269.0,False,False,not_pedestrian_only_phase
259.5,NODE_74388,436883130,16,5,rrrrGGggrrrrGGggr,r,False,False,0,,22.5,282.0,False,False,ped_link_not_green
259.5,NODE_10273,3846533030,12,5,gGGrrrrrrrrrG,G,True,False,0,,18.5,278.0,False,False,not_pedestrian_only_phase
260.0,LINK_212169,11449716078,5,3,rrgGGrG,r,False,False,0,,23.0,283.0,False,False,ped_link_not_green
260.0,NODE_8452,3846603653,2,0,GGr,r,False,False,0,,4.0,264.0,False,False,ped_link_not_green
260.0,NODE_6082,11449716078,5,3,rrgGGrG,r,False,False,0,,23.0,283.0,False,False,ped_link_not_green
260.0,NODE_6123,7300992884,5,2,rrGGGrr,r,False,False,0,,1.0,261.0,False,False,ped_link_not_green
260.0,NODE_8426,3849142980,16,10,rrrrrrrrgggGrrrrGGrG,G,True,False,0,,9.0,269.0,False,False,not_pedestrian_only_phase
260.0,NODE_74388,436883130,16,5,rrrrGGggrrrrGGggr,r,False,False,0,,22.0,282.0,False,False,ped_link_not_green
260.0,NODE_10273,3846533030,12,5,gGGrrrrrrrrrG,G,True,False,0,,18.0,278.0,False,False,not_pedestrian_only_phase
260.5,LINK_212169,11449716078,5,3,rrgGGrG,r,False,False,0,,22.5,283.0,False,False,ped_link_not_green
260.5,NODE_8452,3846603653,2,0,GGr,r,False,False,0,,3.5,264.0,False,False,ped_link_not_green
260.5,NODE_6082,11449716078,5,3,rrgGGrG,r,False,False,0,,22.5,283.0,False,False,ped_link_not_green
260.5,NODE_6123,7300992884,5,2,rrGGGrr,r,False,False,0,,0.5,261.0,False,False,ped_link_not_green
260.5,NODE_8426,3849142980,16,10,rrrrrrrrgggGrrrrGGrG,G,True,False,0,,8.5,269.0,False,False,not_pedestrian_only_phase
260.5,NODE_74388,436883130,16,5,rrrrGGggrrrrGGggr,r,False,False,0,,21.5,282.0,False,False,ped_link_not_green
260.5,NODE_10273,3846533030,12,5,gGGrrrrrrrrrG,G,True,False,0,,17.5,278.0,False,False,not_pedestrian_only_phase
261.0,LINK_212169,11449716078,5,3,rrgGGrG,r,False,False,0,,22.0,283.0,False,False,ped_link_not_green
261.0,NODE_8452,3846603653,2,0,GGr,r,False,False,0,,3.0,264.0,False,False,ped_link_not_green
261.0,NODE_6082,11449716078,5,3,rrgGGrG,r,False,False,0,,22.0,283.0,False,False,ped_link_not_green
261.0,NODE_6123,7300992884,5,2,rrGGGrr,r,False,False,0,,0.0,261.0,False,False,ped_link_not_green
261.0,NODE_8426,3849142980,16,10,rrrrrrrrgggGrrrrGGrG,G,True,False,0,,8.0,269.0,False,False,not_pedestrian_only_phase
261.0,NODE_74388,436883130,16,5,rrrrGGggrrrrGGggr,r,False,False,0,,21.0,282.0,False,False,ped_link_not_green
261.0,NODE_10273,3846533030,12,5,gGGrrrrrrrrrG,G,True,False,0,,17.0,278.0,False,False,not_pedestrian_only_phase
261.5,LINK_212169,11449716078,5,3,rrgGGrG,r,False,False,0,,21.5,283.0,False,False,ped_link_not_green
261.5,NODE_8452,3846603653,2,0,GGr,r,False,False,0,,2.5,264.0,False,False,ped_link_not_green
261.5,NODE_6082,11449716078,5,3,rrgGGrG,r,False,False,0,,21.5,283.0,False,False,ped_link_not_green
261.5,NODE_6123,7300992884,5,3,rryyyrr,r,False,False,0,,5.5,267.0,False,False,ped_link_not_green
261.5,NODE_8426,3849142980,16,10,rrrrrrrrgggGrrrrGGrG,G,True,False,0,,7.5,269.0,False,False,not_pedestrian_only_phase
261.5,NODE_74388,436883130,16,5,rrrrGGggrrrrGGggr,r,False,False,0,,20.5,282.0,False,False,ped_link_not_green
261.5,NODE_10273,3846533030,12,5,gGGrrrrrrrrrG,G,True,False,0,,16.5,278.0,False,False,not_pedestrian_only_phase
262.0,LINK_212169,11449716078,5,3,rrgGGrG,r,False,False,0,,21.0,283.0,False,False,ped_link_not_green
262.0,NODE_8452,3846603653,2,0,GGr,r,False,False,0,,2.0,264.0,False,False,ped_link_not_green
262.0,NODE_6082,11449716078,5,3,rrgGGrG,r,False,False,0,,21.0,283.0,False,False,ped_link_not_green
262.0,NODE_6123,7300992884,5,3,rryyyrr,r,False,False,0,,5.0,267.0,False,False,ped_link_not_green
262.0,NODE_8426,3849142980,16,10,rrrrrrrrgggGrrrrGGrG,G,True,False,0,,7.0,269.0,False,False,not_pedestrian_only_phase
262.0,NODE_74388,436883130,16,5,rrrrGGggrrrrGGggr,r,False,False,0,,20.0,282.0,False,False,ped_link_not_green
262.0,NODE_10273,3846533030,12,5,gGGrrrrrrrrrG,G,True,False,0,,16.0,278.0,False,False,not_pedestrian_only_phase
262.5,LINK_212169,11449716078,5,3,rrgGGrG,r,False,False,0,,20.5,283.0,False,False,ped_link_not_green
262.5,NODE_8452,3846603653,2,0,GGr,r,False,False,0,,1.5,264.0,False,False,ped_link_not_green
262.5,NODE_6082,11449716078,5,3,rrgGGrG,r,False,False,0,,20.5,283.0,False,False,ped_link_not_green
262.5,NODE_6123,7300992884,5,3,rryyyrr,r,False,False,0,,4.5,267.0,False,False,ped_link_not_green
262.5,NODE_8426,3849142980,16,10,rrrrrrrrgggGrrrrGGrG,G,True,False,0,,6.5,269.0,False,False,not_pedestrian_only_phase
262.5,NODE_74388,436883130,16,5,rrrrGGggrrrrGGggr,r,False,False,0,,19.5,282.0,False,False,ped_link_not_green
262.5,NODE_10273,3846533030,12,5,gGGrrrrrrrrrG,G,True,False,0,,15.5,278.0,False,False,not_pedestrian_only_phase
263.0,LINK_212169,11449716078,5,3,rrgGGrG,r,False,False,0,,20.0,283.0,False,False,ped_link_not_green
263.0,NODE_8452,3846603653,2,0,GGr,r,False,False,0,,1.0,264.0,False,False,ped_link_not_green
263.0,NODE_6082,11449716078,5,3,rrgGGrG,r,False,False,0,,20.0,283.0,False,False,ped_link_not_green
263.0,NODE_6123,7300992884,5,3,rryyyrr,r,False,False,0,,4.0,267.0,False,False,ped_link_not_green
263.0,NODE_8426,3849142980,16,10,rrrrrrrrgggGrrrrGGrG,G,True,False,0,,6.0,269.0,False,False,not_pedestrian_only_phase
263.0,NODE_74388,436883130,16,5,rrrrGGggrrrrGGggr,r,False,False,0,,19.0,282.0,False,False,ped_link_not_green
263.0,NODE_10273,3846533030,12,5,gGGrrrrrrrrrG,G,True,False,0,,15.0,278.0,False,False,not_pedestrian_only_phase
263.5,LINK_212169,11449716078,5,3,rrgGGrG,r,False,False,0,,19.5,283.0,False,False,ped_link_not_green
263.5,NODE_8452,3846603653,2,0,GGr,r,False,False,0,,0.5,264.0,False,False,ped_link_not_green
263.5,NODE_6082,11449716078,5,3,rrgGGrG,r,False,False,0,,19.5,283.0,False,False,ped_link_not_green
263.5,NODE_6123,7300992884,5,3,rryyyrr,r,False,False,0,,3.5,267.0,False,False,ped_link_not_green
263.5,NODE_8426,3849142980,16,10,rrrrrrrrgggGrrrrGGrG,G,True,False,0,,5.5,269.0,False,False,not_pedestrian_only_phase
263.5,NODE_74388,436883130,16,5,rrrrGGggrrrrGGggr,r,False,False,0,,18.5,282.0,False,False,ped_link_not_green
263.5,NODE_10273,3846533030,12,5,gGGrrrrrrrrrG,G,True,False,0,,14.5,278.0,False,False,not_pedestrian_only_phase
264.0,LINK_212169,11449716078,5,3,rrgGGrG,r,False,False,0,,19.0,283.0,False,False,ped_link_not_green
264.0,NODE_8452,3846603653,2,0,GGr,r,False,False,0,,0.0,264.0,False,False,ped_link_not_green
264.0,NODE_6082,11449716078,5,3,rrgGGrG,r,False,False,0,,19.0,283.0,False,False,ped_link_not_green
264.0,NODE_6123,7300992884,5,3,rryyyrr,r,False,False,0,,3.0,267.0,False,False,ped_link_not_green
264.0,NODE_8426,3849142980,16,10,rrrrrrrrgggGrrrrGGrG,G,True,False,0,,5.0,269.0,False,False,not_pedestrian_only_phase
264.0,NODE_74388,436883130,16,5,rrrrGGggrrrrGGggr,r,False,False,0,,18.0,282.0,False,False,ped_link_not_green
264.0,NODE_10273,3846533030,12,5,gGGrrrrrrrrrG,G,True,False,0,,14.0,278.0,False,False,not_pedestrian_only_phase
264.5,LINK_212169,11449716078,5,3,rrgGGrG,r,False,False,0,,18.5,283.0,False,False,ped_link_not_green
264.5,NODE_8452,3846603653,2,1,yyr,r,False,False,0,,2.5,267.0,False,False,ped_link_not_green
264.5,NODE_6082,11449716078,5,3,rrgGGrG,r,False,False,0,,18.5,283.0,False,False,ped_link_not_green
264.5,NODE_6123,7300992884,5,3,rryyyrr,r,False,False,0,,2.5,267.0,False,False,ped_link_not_green
264.5,NODE_8426,3849142980,16,10,rrrrrrrrgggGrrrrGGrG,G,True,False,0,,4.5,269.0,False,False,not_pedestrian_only_phase
264.5,NODE_74388,436883130,16,5,rrrrGGggrrrrGGggr,r,False,False,0,,17.5,282.0,False,False,ped_link_not_green
264.5,NODE_10273,3846533030,12,5,gGGrrrrrrrrrG,G,True,False,0,,13.5,278.0,False,False,not_pedestrian_only_phase
265.0,LINK_212169,11449716078,5,3,rrgGGrG,r,False,False,0,,18.0,283.0,False,False,ped_link_not_green
265.0,NODE_8452,3846603653,2,1,yyr,r,False,False,0,,2.0,267.0,False,False,ped_link_not_green
265.0,NODE_6082,11449716078,5,3,rrgGGrG,r,False,False,0,,18.0,283.0,False,False,ped_link_not_green
265.0,NODE_6123,7300992884,5,3,rryyyrr,r,False,False,0,,2.0,267.0,False,False,ped_link_not_green
265.0,NODE_8426,3849142980,16,10,rrrrrrrrgggGrrrrGGrG,G,True,False,0,,4.0,269.0,False,False,not_pedestrian_only_phase
265.0,NODE_74388,436883130,16,5,rrrrGGggrrrrGGggr,r,False,False,0,,17.0,282.0,False,False,ped_link_not_green
265.0,NODE_10273,3846533030,12,5,gGGrrrrrrrrrG,G,True,False,0,,13.0,278.0,False,False,not_pedestrian_only_phase
265.5,LINK_212169,11449716078,5,3,rrgGGrG,r,False,False,0,,17.5,283.0,False,False,ped_link_not_green
265.5,NODE_8452,3846603653,2,1,yyr,r,False,False,0,,1.5,267.0,False,False,ped_link_not_green
265.5,NODE_6082,11449716078,5,3,rrgGGrG,r,False,False,0,,17.5,283.0,False,False,ped_link_not_green
265.5,NODE_6123,7300992884,5,3,rryyyrr,r,False,False,0,,1.5,267.0,False,False,ped_link_not_green
265.5,NODE_8426,3849142980,16,10,rrrrrrrrgggGrrrrGGrG,G,True,False,0,,3.5,269.0,False,False,not_pedestrian_only_phase
265.5,NODE_74388,436883130,16,5,rrrrGGggrrrrGGggr,r,False,False,0,,16.5,282.0,False,False,ped_link_not_green
265.5,NODE_10273,3846533030,12,5,gGGrrrrrrrrrG,G,True,False,0,,12.5,278.0,False,False,not_pedestrian_only_phase
266.0,LINK_212169,11449716078,5,3,rrgGGrG,r,False,False,0,,17.0,283.0,False,False,ped_link_not_green
266.0,NODE_8452,3846603653,2,1,yyr,r,False,False,0,,1.0,267.0,False,False,ped_link_not_green
266.0,NODE_6082,11449716078,5,3,rrgGGrG,r,False,False,0,,17.0,283.0,False,False,ped_link_not_green
266.0,NODE_6123,7300992884,5,3,rryyyrr,r,False,False,0,,1.0,267.0,False,False,ped_link_not_green
266.0,NODE_8426,3849142980,16,10,rrrrrrrrgggGrrrrGGrG,G,True,False,0,,3.0,269.0,False,False,not_pedestrian_only_phase
266.0,NODE_74388,436883130,16,5,rrrrGGggrrrrGGggr,r,False,False,0,,16.0,282.0,False,False,ped_link_not_green
266.0,NODE_10273,3846533030,12,5,gGGrrrrrrrrrG,G,True,False,0,,12.0,278.0,False,False,not_pedestrian_only_phase
266.5,LINK_212169,11449716078,5,3,rrgGGrG,r,False,False,0,,16.5,283.0,False,False,ped_link_not_green
266.5,NODE_8452,3846603653,2,1,yyr,r,False,False,0,,0.5,267.0,False,False,ped_link_not_green
266.5,NODE_6082,11449716078,5,3,rrgGGrG,r,False,False,0,,16.5,283.0,False,False,ped_link_not_green
266.5,NODE_6123,7300992884,5,3,rryyyrr,r,False,False,0,,0.5,267.0,False,False,ped_link_not_green
266.5,NODE_8426,3849142980,16,10,rrrrrrrrgggGrrrrGGrG,G,True,False,0,,2.5,269.0,False,False,not_pedestrian_only_phase
266.5,NODE_74388,436883130,16,5,rrrrGGggrrrrGGggr,r,False,False,0,,15.5,282.0,False,False,ped_link_not_green
266.5,NODE_10273,3846533030,12,5,gGGrrrrrrrrrG,G,True,False,0,,11.5,278.0,False,False,not_pedestrian_only_phase
267.0,LINK_212169,11449716078,5,3,rrgGGrG,r,False,False,0,,16.0,283.0,False,False,ped_link_not_green
267.0,NODE_8452,3846603653,2,1,yyr,r,False,False,0,,0.0,267.0,False,False,ped_link_not_green
267.0,NODE_6082,11449716078,5,3,rrgGGrG,r,False,False,0,,16.0,283.0,False,False,ped_link_not_green
267.0,NODE_6123,7300992884,5,3,rryyyrr,r,False,False,0,,0.0,267.0,False,False,ped_link_not_green
267.0,NODE_8426,3849142980,16,10,rrrrrrrrgggGrrrrGGrG,G,True,False,0,,2.0,269.0,False,False,not_pedestrian_only_phase
267.0,NODE_74388,436883130,16,5,rrrrGGggrrrrGGggr,r,False,False,0,,15.0,282.0,False,False,ped_link_not_green
267.0,NODE_10273,3846533030,12,5,gGGrrrrrrrrrG,G,True,False,0,,11.0,278.0,False,False,not_pedestrian_only_phase
267.5,LINK_212169,11449716078,5,3,rrgGGrG,r,False,False,0,,15.5,283.0,False,False,ped_link_not_green
267.5,NODE_8452,3846603653,2,2,rrG,G,True,True,0,,7.5,275.0,False,False,no_ped_near
267.5,NODE_6082,11449716078,5,3,rrgGGrG,r,False,False,0,,15.5,283.0,False,False,ped_link_not_green
267.5,NODE_6123,7300992884,5,4,rrrrrGr,G,True,True,0,,7.5,275.0,False,False,no_ped_near
267.5,NODE_8426,3849142980,16,10,rrrrrrrrgggGrrrrGGrG,G,True,False,0,,1.5,269.0,False,False,not_pedestrian_only_phase
267.5,NODE_74388,436883130,16,5,rrrrGGggrrrrGGggr,r,False,False,0,,14.5,282.0,False,False,ped_link_not_green
267.5,NODE_10273,3846533030,12,5,gGGrrrrrrrrrG,G,True,False,0,,10.5,278.0,False,False,not_pedestrian_only_phase
268.0,LINK_212169,11449716078,5,3,rrgGGrG,r,False,False,0,,15.0,283.0,False,False,ped_link_not_green
268.0,NODE_8452,3846603653,2,2,rrG,G,True,True,0,,7.0,275.0,False,False,no_ped_near
268.0,NODE_6082,11449716078,5,3,rrgGGrG,r,False,False,0,,15.0,283.0,False,False,ped_link_not_green
268.0,NODE_6123,7300992884,5,4,rrrrrGr,G,True,True,0,,7.0,275.0,False,False,no_ped_near
268.0,NODE_8426,3849142980,16,10,rrrrrrrrgggGrrrrGGrG,G,True,False,0,,1.0,269.0,False,False,not_pedestrian_only_phase
268.0,NODE_74388,436883130,16,5,rrrrGGggrrrrGGggr,r,False,False,0,,14.0,282.0,False,False,ped_link_not_green
268.0,NODE_10273,3846533030,12,5,gGGrrrrrrrrrG,G,True,False,0,,10.0,278.0,False,False,not_pedestrian_only_phase
268.5,LINK_212169,11449716078,5,3,rrgGGrG,r,False,False,0,,14.5,283.0,False,False,ped_link_not_green
268.5,NODE_8452,3846603653,2,2,rrG,G,True,True,0,,6.5,275.0,False,False,no_ped_near
268.5,NODE_6082,11449716078,5,3,rrgGGrG,r,False,False,0,,14.5,283.0,False,False,ped_link_not_green
268.5,NODE_6123,7300992884,5,4,rrrrrGr,G,True,True,0,,6.5,275.0,False,False,no_ped_near
268.5,NODE_8426,3849142980,16,10,rrrrrrrrgggGrrrrGGrG,G,True,False,0,,0.5,269.0,False,False,not_pedestrian_only_phase
268.5,NODE_74388,436883130,16,5,rrrrGGggrrrrGGggr,r,False,False,0,,13.5,282.0,False,False,ped_link_not_green
268.5,NODE_10273,3846533030,12,5,gGGrrrrrrrrrG,G,True,False,0,,9.5,278.0,False,False,not_pedestrian_only_phase
269.0,LINK_212169,11449716078,5,3,rrgGGrG,r,False,False,0,,14.0,283.0,False,False,ped_link_not_green
269.0,NODE_8452,3846603653,2,2,rrG,G,True,True,0,,6.0,275.0,False,False,no_ped_near
269.0,NODE_6082,11449716078,5,3,rrgGGrG,r,False,False,0,,14.0,283.0,False,False,ped_link_not_green
269.0,NODE_6123,7300992884,5,4,rrrrrGr,G,True,True,0,,6.0,275.0,False,False,no_ped_near
269.0,NODE_8426,3849142980,16,10,rrrrrrrrgggGrrrrGGrG,G,True,False,0,,0.0,269.0,False,False,not_pedestrian_only_phase
269.0,NODE_74388,436883130,16,5,rrrrGGggrrrrGGggr,r,False,False,0,,13.0,282.0,False,False,ped_link_not_green
269.0,NODE_10273,3846533030,12,5,gGGrrrrrrrrrG,G,True,False,0,,9.0,278.0,False,False,not_pedestrian_only_phase
269.5,LINK_212169,11449716078,5,3,rrgGGrG,r,False,False,0,,13.5,283.0,False,False,ped_link_not_green
269.5,NODE_8452,3846603653,2,2,rrG,G,True,True,0,,5.5,275.0,False,False,no_ped_near
269.5,NODE_6082,11449716078,5,3,rrgGGrG,r,False,False,0,,13.5,283.0,False,False,ped_link_not_green
269.5,NODE_6123,7300992884,5,4,rrrrrGr,G,True,True,0,,5.5,275.0,False,False,no_ped_near
269.5,NODE_8426,3849142980,16,11,rrrrrrrrgggGrrrrrrrr,r,False,False,0,,2.5,272.0,False,False,ped_link_not_green
269.5,NODE_74388,436883130,16,5,rrrrGGggrrrrGGggr,r,False,False,0,,12.5,282.0,False,False,ped_link_not_green
269.5,NODE_10273,3846533030,12,5,gGGrrrrrrrrrG,G,True,False,0,,8.5,278.0,False,False,not_pedestrian_only_phase
270.0,LINK_212169,11449716078,5,3,rrgGGrG,r,False,False,0,,13.0,283.0,False,False,ped_link_not_green
270.0,NODE_8452,3846603653,2,2,rrG,G,True,True,0,,5.0,275.0,False,False,no_ped_near
270.0,NODE_6082,11449716078,5,3,rrgGGrG,r,False,False,0,,13.0,283.0,False,False,ped_link_not_green
270.0,NODE_6123,7300992884,5,4,rrrrrGr,G,True,True,0,,5.0,275.0,False,False,no_ped_near
270.0,NODE_8426,3849142980,16,11,rrrrrrrrgggGrrrrrrrr,r,False,False,0,,2.0,272.0,False,False,ped_link_not_green
270.0,NODE_74388,436883130,16,5,rrrrGGggrrrrGGggr,r,False,False,0,,12.0,282.0,False,False,ped_link_not_green
270.0,NODE_10273,3846533030,12,5,gGGrrrrrrrrrG,G,True,False,0,,8.0,278.0,False,False,not_pedestrian_only_phase
270.5,LINK_212169,11449716078,5,3,rrgGGrG,r,False,False,0,,12.5,283.0,False,False,ped_link_not_green
270.5,NODE_8452,3846603653,2,2,rrG,G,True,True,0,,4.5,275.0,False,False,no_ped_near
270.5,NODE_6082,11449716078,5,3,rrgGGrG,r,False,False,0,,12.5,283.0,False,False,ped_link_not_green
270.5,NODE_6123,7300992884,5,4,rrrrrGr,G,True,True,0,,4.5,275.0,False,False,no_ped_near
270.5,NODE_8426,3849142980,16,11,rrrrrrrrgggGrrrrrrrr,r,False,False,0,,1.5,272.0,False,False,ped_link_not_green
270.5,NODE_74388,436883130,16,5,rrrrGGggrrrrGGggr,r,False,False,0,,11.5,282.0,False,False,ped_link_not_green
270.5,NODE_10273,3846533030,12,5,gGGrrrrrrrrrG,G,True,False,0,,7.5,278.0,False,False,not_pedestrian_only_phase
271.0,LINK_212169,11449716078,5,3,rrgGGrG,r,False,False,0,,12.0,283.0,False,False,ped_link_not_green
271.0,NODE_8452,3846603653,2,2,rrG,G,True,True,0,,4.0,275.0,False,False,no_ped_near
271.0,NODE_6082,11449716078,5,3,rrgGGrG,r,False,False,0,,12.0,283.0,False,False,ped_link_not_green
271.0,NODE_6123,7300992884,5,4,rrrrrGr,G,True,True,0,,4.0,275.0,False,False,no_ped_near
271.0,NODE_8426,3849142980,16,11,rrrrrrrrgggGrrrrrrrr,r,False,False,0,,1.0,272.0,False,False,ped_link_not_green
271.0,NODE_74388,436883130,16,5,rrrrGGggrrrrGGggr,r,False,False,0,,11.0,282.0,False,False,ped_link_not_green
271.0,NODE_10273,3846533030,12,5,gGGrrrrrrrrrG,G,True,False,0,,7.0,278.0,False,False,not_pedestrian_only_phase
271.5,LINK_212169,11449716078,5,3,rrgGGrG,r,False,False,0,,11.5,283.0,False,False,ped_link_not_green
271.5,NODE_8452,3846603653,2,2,rrG,G,True,True,0,,3.5,275.0,False,False,no_ped_near
271.5,NODE_6082,11449716078,5,3,rrgGGrG,r,False,False,0,,11.5,283.0,False,False,ped_link_not_green
271.5,NODE_6123,7300992884,5,4,rrrrrGr,G,True,True,0,,3.5,275.0,False,False,no_ped_near
271.5,NODE_8426,3849142980,16,11,rrrrrrrrgggGrrrrrrrr,r,False,False,0,,0.5,272.0,False,False,ped_link_not_green
271.5,NODE_74388,436883130,16,5,rrrrGGggrrrrGGggr,r,False,False,0,,10.5,282.0,False,False,ped_link_not_green
271.5,NODE_10273,3846533030,12,5,gGGrrrrrrrrrG,G,True,False,0,,6.5,278.0,False,False,not_pedestrian_only_phase
272.0,LINK_212169,11449716078,5,3,rrgGGrG,r,False,False,0,,11.0,283.0,False,False,ped_link_not_green
272.0,NODE_8452,3846603653,2,2,rrG,G,True,True,0,,3.0,275.0,False,False,no_ped_near
272.0,NODE_6082,11449716078,5,3,rrgGGrG,r,False,False,0,,11.0,283.0,False,False,ped_link_not_green
272.0,NODE_6123,7300992884,5,4,rrrrrGr,G,True,True,0,,3.0,275.0,False,False,no_ped_near
272.0,NODE_8426,3849142980,16,11,rrrrrrrrgggGrrrrrrrr,r,False,False,0,,0.0,272.0,False,False,ped_link_not_green
272.0,NODE_74388,436883130,16,5,rrrrGGggrrrrGGggr,r,False,False,0,,10.0,282.0,False,False,ped_link_not_green
272.0,NODE_10273,3846533030,12,5,gGGrrrrrrrrrG,G,True,False,0,,6.0,278.0,False,False,not_pedestrian_only_phase
272.5,LINK_212169,11449716078,5,3,rrgGGrG,r,False,False,0,,10.5,283.0,False,False,ped_link_not_green
272.5,NODE_8452,3846603653,2,2,rrG,G,True,True,0,,2.5,275.0,False,False,no_ped_near
272.5,NODE_6082,11449716078,5,3,rrgGGrG,r,False,False,0,,10.5,283.0,False,False,ped_link_not_green
272.5,NODE_6123,7300992884,5,4,rrrrrGr,G,True,True,0,,2.5,275.0,False,False,no_ped_near
272.5,NODE_8426,3849142980,16,12,rrrrrrrryyyyrrrrrrrr,r,False,False,0,,2.5,275.0,False,False,ped_link_not_green
272.5,NODE_74388,436883130,16,5,rrrrGGggrrrrGGggr,r,False,False,0,,9.5,282.0,False,False,ped_link_not_green
272.5,NODE_10273,3846533030,12,5,gGGrrrrrrrrrG,G,True,False,0,,5.5,278.0,False,False,not_pedestrian_only_phase
273.0,LINK_212169,11449716078,5,3,rrgGGrG,r,False,False,0,,10.0,283.0,False,False,ped_link_not_green
273.0,NODE_8452,3846603653,2,2,rrG,G,True,True,0,,2.0,275.0,False,False,no_ped_near
273.0,NODE_6082,11449716078,5,3,rrgGGrG,r,False,False,0,,10.0,283.0,False,False,ped_link_not_green
273.0,NODE_6123,7300992884,5,4,rrrrrGr,G,True,True,0,,2.0,275.0,False,False,no_ped_near
273.0,NODE_8426,3849142980,16,12,rrrrrrrryyyyrrrrrrrr,r,False,False,0,,2.0,275.0,False,False,ped_link_not_green
273.0,NODE_74388,436883130,16,5,rrrrGGggrrrrGGggr,r,False,False,0,,9.0,282.0,False,False,ped_link_not_green
273.0,NODE_10273,3846533030,12,5,gGGrrrrrrrrrG,G,True,False,0,,5.0,278.0,False,False,not_pedestrian_only_phase
273.5,LINK_212169,11449716078,5,3,rrgGGrG,r,False,False,0,,9.5,283.0,False,False,ped_link_not_green
273.5,NODE_8452,3846603653,2,2,rrG,G,True,True,0,,1.5,275.0,False,False,no_ped_near
273.5,NODE_6082,11449716078,5,3,rrgGGrG,r,False,False,0,,9.5,283.0,False,False,ped_link_not_green
273.5,NODE_6123,7300992884,5,4,rrrrrGr,G,True,True,0,,1.5,275.0,False,False,no_ped_near
273.5,NODE_8426,3849142980,16,12,rrrrrrrryyyyrrrrrrrr,r,False,False,0,,1.5,275.0,False,False,ped_link_not_green
273.5,NODE_74388,436883130,16,5,rrrrGGggrrrrGGggr,r,False,False,0,,8.5,282.0,False,False,ped_link_not_green
273.5,NODE_10273,3846533030,12,5,gGGrrrrrrrrrG,G,True,False,0,,4.5,278.0,False,False,not_pedestrian_only_phase
274.0,LINK_212169,11449716078,5,3,rrgGGrG,r,False,False,0,,9.0,283.0,False,False,ped_link_not_green
274.0,NODE_8452,3846603653,2,2,rrG,G,True,True,0,,1.0,275.0,False,False,no_ped_near
274.0,NODE_6082,11449716078,5,3,rrgGGrG,r,False,False,0,,9.0,283.0,False,False,ped_link_not_green
274.0,NODE_6123,7300992884,5,4,rrrrrGr,G,True,True,0,,1.0,275.0,False,False,no_ped_near
274.0,NODE_8426,3849142980,16,12,rrrrrrrryyyyrrrrrrrr,r,False,False,0,,1.0,275.0,False,False,ped_link_not_green
274.0,NODE_74388,436883130,16,5,rrrrGGggrrrrGGggr,r,False,False,0,,8.0,282.0,False,False,ped_link_not_green
274.0,NODE_10273,3846533030,12,5,gGGrrrrrrrrrG,G,True,False,0,,4.0,278.0,False,False,not_pedestrian_only_phase
274.5,LINK_212169,11449716078,5,3,rrgGGrG,r,False,False,0,,8.5,283.0,False,False,ped_link_not_green
274.5,NODE_8452,3846603653,2,2,rrG,G,True,True,0,,0.5,275.0,False,False,no_ped_near
274.5,NODE_6082,11449716078,5,3,rrgGGrG,r,False,False,0,,8.5,283.0,False,False,ped_link_not_green
274.5,NODE_6123,7300992884,5,4,rrrrrGr,G,True,True,0,,0.5,275.0,False,False,no_ped_near
274.5,NODE_8426,3849142980,16,12,rrrrrrrryyyyrrrrrrrr,r,False,False,0,,0.5,275.0,False,False,ped_link_not_green
274.5,NODE_74388,436883130,16,5,rrrrGGggrrrrGGggr,r,False,False,0,,7.5,282.0,False,False,ped_link_not_green
274.5,NODE_10273,3846533030,12,5,gGGrrrrrrrrrG,G,True,False,0,,3.5,278.0,False,False,not_pedestrian_only_phase
275.0,LINK_212169,11449716078,5,3,rrgGGrG,r,False,False,0,,8.0,283.0,False,False,ped_link_not_green
275.0,NODE_8452,3846603653,2,2,rrG,G,True,True,0,,0.0,275.0,False,False,no_ped_near
275.0,NODE_6082,11449716078,5,3,rrgGGrG,r,False,False,0,,8.0,283.0,False,False,ped_link_not_green
275.0,NODE_6123,7300992884,5,4,rrrrrGr,G,True,True,0,,0.0,275.0,False,False,no_ped_near
275.0,NODE_8426,3849142980,16,12,rrrrrrrryyyyrrrrrrrr,r,False,False,0,,0.0,275.0,False,False,ped_link_not_green
275.0,NODE_74388,436883130,16,5,rrrrGGggrrrrGGggr,r,False,False,0,,7.0,282.0,False,False,ped_link_not_green
275.0,NODE_10273,3846533030,12,5,gGGrrrrrrrrrG,G,True,False,0,,3.0,278.0,False,False,not_pedestrian_only_phase
275.5,LINK_212169,11449716078,5,3,rrgGGrG,r,False,False,0,,7.5,283.0,False,False,ped_link_not_green
275.5,NODE_8452,3846603653,2,0,GGr,r,False,False,0,,78.5,354.0,False,False,ped_link_not_green
275.5,NODE_6082,11449716078,5,3,rrgGGrG,r,False,False,0,,7.5,283.0,False,False,ped_link_not_green
275.5,NODE_6123,7300992884,5,0,GgGrrrr,r,False,False,0,,63.5,339.0,False,False,ped_link_not_green
275.5,NODE_8426,3849142980,16,0,gggGrrrrrrrrrrrrrGGG,r,False,False,0,,13.5,289.0,False,False,ped_link_not_green
275.5,NODE_74388,436883130,16,5,rrrrGGggrrrrGGggr,r,False,False,0,,6.5,282.0,False,False,ped_link_not_green
275.5,NODE_10273,3846533030,12,5,gGGrrrrrrrrrG,G,True,False,0,,2.5,278.0,False,False,not_pedestrian_only_phase
276.0,LINK_212169,11449716078,5,3,rrgGGrG,r,False,False,0,,7.0,283.0,False,False,ped_link_not_green
276.0,NODE_8452,3846603653,2,0,GGr,r,False,False,0,,78.0,354.0,False,False,ped_link_not_green
276.0,NODE_6082,11449716078,5,3,rrgGGrG,r,False,False,0,,7.0,283.0,False,False,ped_link_not_green
276.0,NODE_6123,7300992884,5,0,GgGrrrr,r,False,False,0,,63.0,339.0,False,False,ped_link_not_green
276.0,NODE_8426,3849142980,16,0,gggGrrrrrrrrrrrrrGGG,r,False,False,0,,13.0,289.0,False,False,ped_link_not_green
276.0,NODE_74388,436883130,16,5,rrrrGGggrrrrGGggr,r,False,False,0,,6.0,282.0,False,False,ped_link_not_green
276.0,NODE_10273,3846533030,12,5,gGGrrrrrrrrrG,G,True,False,0,,2.0,278.0,False,False,not_pedestrian_only_phase
276.5,LINK_212169,11449716078,5,3,rrgGGrG,r,False,False,0,,6.5,283.0,False,False,ped_link_not_green
276.5,NODE_8452,3846603653,2,0,GGr,r,False,False,0,,77.5,354.0,False,False,ped_link_not_green
276.5,NODE_6082,11449716078,5,3,rrgGGrG,r,False,False,0,,6.5,283.0,False,False,ped_link_not_green
276.5,NODE_6123,7300992884,5,0,GgGrrrr,r,False,False,0,,62.5,339.0,False,False,ped_link_not_green
276.5,NODE_8426,3849142980,16,0,gggGrrrrrrrrrrrrrGGG,r,False,False,0,,12.5,289.0,False,False,ped_link_not_green
276.5,NODE_74388,436883130,16,5,rrrrGGggrrrrGGggr,r,False,False,0,,5.5,282.0,False,False,ped_link_not_green
276.5,NODE_10273,3846533030,12,5,gGGrrrrrrrrrG,G,True,False,0,,1.5,278.0,False,False,not_pedestrian_only_phase
277.0,LINK_212169,11449716078,5,3,rrgGGrG,r,False,False,0,,6.0,283.0,False,False,ped_link_not_green
277.0,NODE_8452,3846603653,2,0,GGr,r,False,False,0,,77.0,354.0,False,False,ped_link_not_green
277.0,NODE_6082,11449716078,5,3,rrgGGrG,r,False,False,0,,6.0,283.0,False,False,ped_link_not_green
277.0,NODE_6123,7300992884,5,0,GgGrrrr,r,False,False,0,,62.0,339.0,False,False,ped_link_not_green
277.0,NODE_8426,3849142980,16,0,gggGrrrrrrrrrrrrrGGG,r,False,False,0,,12.0,289.0,False,False,ped_link_not_green
277.0,NODE_74388,436883130,16,5,rrrrGGggrrrrGGggr,r,False,False,0,,5.0,282.0,False,False,ped_link_not_green
277.0,NODE_10273,3846533030,12,5,gGGrrrrrrrrrG,G,True,False,0,,1.0,278.0,False,False,not_pedestrian_only_phase
277.5,LINK_212169,11449716078,5,3,rrgGGrG,r,False,False,0,,5.5,283.0,False,False,ped_link_not_green
277.5,NODE_8452,3846603653,2,0,GGr,r,False,False,0,,76.5,354.0,False,False,ped_link_not_green
277.5,NODE_6082,11449716078,5,3,rrgGGrG,r,False,False,0,,5.5,283.0,False,False,ped_link_not_green
277.5,NODE_6123,7300992884,5,0,GgGrrrr,r,False,False,0,,61.5,339.0,False,False,ped_link_not_green
277.5,NODE_8426,3849142980,16,0,gggGrrrrrrrrrrrrrGGG,r,False,False,0,,11.5,289.0,False,False,ped_link_not_green
277.5,NODE_74388,436883130,16,5,rrrrGGggrrrrGGggr,r,False,False,0,,4.5,282.0,False,False,ped_link_not_green
277.5,NODE_10273,3846533030,12,5,gGGrrrrrrrrrG,G,True,False,0,,0.5,278.0,False,False,not_pedestrian_only_phase
278.0,LINK_212169,11449716078,5,3,rrgGGrG,r,False,False,0,,5.0,283.0,False,False,ped_link_not_green
278.0,NODE_8452,3846603653,2,0,GGr,r,False,False,0,,76.0,354.0,False,False,ped_link_not_green
278.0,NODE_6082,11449716078,5,3,rrgGGrG,r,False,False,0,,5.0,283.0,False,False,ped_link_not_green
278.0,NODE_6123,7300992884,5,0,GgGrrrr,r,False,False,0,,61.0,339.0,False,False,ped_link_not_green
278.0,NODE_8426,3849142980,16,0,gggGrrrrrrrrrrrrrGGG,r,False,False,0,,11.0,289.0,False,False,ped_link_not_green
278.0,NODE_74388,436883130,16,5,rrrrGGggrrrrGGggr,r,False,False,0,,4.0,282.0,False,False,ped_link_not_green
278.0,NODE_10273,3846533030,12,5,gGGrrrrrrrrrG,G,True,False,0,,0.0,278.0,False,False,not_pedestrian_only_phase
278.5,LINK_212169,11449716078,5,3,rrgGGrG,r,False,False,0,,4.5,283.0,False,False,ped_link_not_green
278.5,NODE_8452,3846603653,2,0,GGr,r,False,False,0,,75.5,354.0,False,False,ped_link_not_green
278.5,NODE_6082,11449716078,5,3,rrgGGrG,r,False,False,0,,4.5,283.0,False,False,ped_link_not_green
278.5,NODE_6123,7300992884,5,0,GgGrrrr,r,False,False,0,,60.5,339.0,False,False,ped_link_not_green
278.5,NODE_8426,3849142980,16,0,gggGrrrrrrrrrrrrrGGG,r,False,False,0,,10.5,289.0,False,False,ped_link_not_green
278.5,NODE_74388,436883130,16,5,rrrrGGggrrrrGGggr,r,False,False,0,,3.5,282.0,False,False,ped_link_not_green
278.5,NODE_10273,3846533030,12,6,gGGrrrrrrrrrr,r,False,False,0,,2.5,281.0,False,False,ped_link_not_green
279.0,LINK_212169,11449716078,5,3,rrgGGrG,r,False,False,0,,4.0,283.0,False,False,ped_link_not_green
279.0,NODE_8452,3846603653,2,0,GGr,r,False,False,0,,75.0,354.0,False,False,ped_link_not_green
279.0,NODE_6082,11449716078,5,3,rrgGGrG,r,False,False,0,,4.0,283.0,False,False,ped_link_not_green
279.0,NODE_6123,7300992884,5,0,GgGrrrr,r,False,False,0,,60.0,339.0,False,False,ped_link_not_green
279.0,NODE_8426,3849142980,16,0,gggGrrrrrrrrrrrrrGGG,r,False,False,0,,10.0,289.0,False,False,ped_link_not_green
279.0,NODE_74388,436883130,16,5,rrrrGGggrrrrGGggr,r,False,False,0,,3.0,282.0,False,False,ped_link_not_green
279.0,NODE_10273,3846533030,12,6,gGGrrrrrrrrrr,r,False,False,0,,2.0,281.0,False,False,ped_link_not_green
279.5,LINK_212169,11449716078,5,3,rrgGGrG,r,False,False,0,,3.5,283.0,False,False,ped_link_not_green
279.5,NODE_8452,3846603653,2,0,GGr,r,False,False,0,,74.5,354.0,False,False,ped_link_not_green
279.5,NODE_6082,11449716078,5,3,rrgGGrG,r,False,False,0,,3.5,283.0,False,False,ped_link_not_green
279.5,NODE_6123,7300992884,5,0,GgGrrrr,r,False,False,0,,59.5,339.0,False,False,ped_link_not_green
279.5,NODE_8426,3849142980,16,0,gggGrrrrrrrrrrrrrGGG,r,False,False,0,,9.5,289.0,False,False,ped_link_not_green
279.5,NODE_74388,436883130,16,5,rrrrGGggrrrrGGggr,r,False,False,0,,2.5,282.0,False,False,ped_link_not_green
279.5,NODE_10273,3846533030,12,6,gGGrrrrrrrrrr,r,False,False,0,,1.5,281.0,False,False,ped_link_not_green
280.0,LINK_212169,11449716078,5,3,rrgGGrG,r,False,False,0,,3.0,283.0,False,False,ped_link_not_green
280.0,NODE_8452,3846603653,2,0,GGr,r,False,False,0,,74.0,354.0,False,False,ped_link_not_green
280.0,NODE_6082,11449716078,5,3,rrgGGrG,r,False,False,0,,3.0,283.0,False,False,ped_link_not_green
280.0,NODE_6123,7300992884,5,0,GgGrrrr,r,False,False,0,,59.0,339.0,False,False,ped_link_not_green
280.0,NODE_8426,3849142980,16,0,gggGrrrrrrrrrrrrrGGG,r,False,False,0,,9.0,289.0,False,False,ped_link_not_green
280.0,NODE_74388,436883130,16,5,rrrrGGggrrrrGGggr,r,False,False,0,,2.0,282.0,False,False,ped_link_not_green
280.0,NODE_10273,3846533030,12,6,gGGrrrrrrrrrr,r,False,False,0,,1.0,281.0,False,False,ped_link_not_green
280.5,LINK_212169,11449716078,5,3,rrgGGrG,r,False,False,0,,2.5,283.0,False,False,ped_link_not_green
280.5,NODE_8452,3846603653,2,0,GGr,r,False,False,0,,73.5,354.0,False,False,ped_link_not_green
280.5,NODE_6082,11449716078,5,3,rrgGGrG,r,False,False,0,,2.5,283.0,False,False,ped_link_not_green
280.5,NODE_6123,7300992884,5,0,GgGrrrr,r,False,False,0,,58.5,339.0,False,False,ped_link_not_green
280.5,NODE_8426,3849142980,16,0,gggGrrrrrrrrrrrrrGGG,r,False,False,0,,8.5,289.0,False,False,ped_link_not_green
280.5,NODE_74388,436883130,16,5,rrrrGGggrrrrGGggr,r,False,False,0,,1.5,282.0,False,False,ped_link_not_green
280.5,NODE_10273,3846533030,12,6,gGGrrrrrrrrrr,r,False,False,0,,0.5,281.0,False,False,ped_link_not_green
281.0,LINK_212169,11449716078,5,3,rrgGGrG,r,False,False,0,,2.0,283.0,False,False,ped_link_not_green
281.0,NODE_8452,3846603653,2,0,GGr,r,False,False,0,,73.0,354.0,False,False,ped_link_not_green
281.0,NODE_6082,11449716078,5,3,rrgGGrG,r,False,False,0,,2.0,283.0,False,False,ped_link_not_green
281.0,NODE_6123,7300992884,5,0,GgGrrrr,r,False,False,0,,58.0,339.0,False,False,ped_link_not_green
281.0,NODE_8426,3849142980,16,0,gggGrrrrrrrrrrrrrGGG,r,False,False,0,,8.0,289.0,False,False,ped_link_not_green
281.0,NODE_74388,436883130,16,5,rrrrGGggrrrrGGggr,r,False,False,0,,1.0,282.0,False,False,ped_link_not_green
281.0,NODE_10273,3846533030,12,6,gGGrrrrrrrrrr,r,False,False,0,,0.0,281.0,False,False,ped_link_not_green
281.5,LINK_212169,11449716078,5,3,rrgGGrG,r,False,False,0,,1.5,283.0,False,False,ped_link_not_green
281.5,NODE_8452,3846603653,2,0,GGr,r,False,False,0,,72.5,354.0,False,False,ped_link_not_green
281.5,NODE_6082,11449716078,5,3,rrgGGrG,r,False,False,0,,1.5,283.0,False,False,ped_link_not_green
281.5,NODE_6123,7300992884,5,0,GgGrrrr,r,False,False,0,,57.5,339.0,False,False,ped_link_not_green
281.5,NODE_8426,3849142980,16,0,gggGrrrrrrrrrrrrrGGG,r,False,False,0,,7.5,289.0,False,False,ped_link_not_green
281.5,NODE_74388,436883130,16,5,rrrrGGggrrrrGGggr,r,False,False,0,,0.5,282.0,False,False,ped_link_not_green
281.5,NODE_10273,3846533030,12,7,yyyrrrrrrrrrr,r,False,False,0,,5.5,287.0,False,False,ped_link_not_green
282.0,LINK_212169,11449716078,5,3,rrgGGrG,r,False,False,0,,1.0,283.0,False,False,ped_link_not_green
282.0,NODE_8452,3846603653,2,0,GGr,r,False,False,0,,72.0,354.0,False,False,ped_link_not_green
282.0,NODE_6082,11449716078,5,3,rrgGGrG,r,False,False,0,,1.0,283.0,False,False,ped_link_not_green
282.0,NODE_6123,7300992884,5,0,GgGrrrr,r,False,False,0,,57.0,339.0,False,False,ped_link_not_green
282.0,NODE_8426,3849142980,16,0,gggGrrrrrrrrrrrrrGGG,r,False,False,0,,7.0,289.0,False,False,ped_link_not_green
282.0,NODE_74388,436883130,16,5,rrrrGGggrrrrGGggr,r,False,False,0,,0.0,282.0,False,False,ped_link_not_green
282.0,NODE_10273,3846533030,12,7,yyyrrrrrrrrrr,r,False,False,0,,5.0,287.0,False,False,ped_link_not_green
282.5,LINK_212169,11449716078,5,3,rrgGGrG,r,False,False,0,,0.5,283.0,False,False,ped_link_not_green
282.5,NODE_8452,3846603653,2,0,GGr,r,False,False,0,,71.5,354.0,False,False,ped_link_not_green
282.5,NODE_6082,11449716078,5,3,rrgGGrG,r,False,False,0,,0.5,283.0,False,False,ped_link_not_green
282.5,NODE_6123,7300992884,5,0,GgGrrrr,r,False,False,0,,56.5,339.0,False,False,ped_link_not_green
282.5,NODE_8426,3849142980,16,0,gggGrrrrrrrrrrrrrGGG,r,False,False,0,,6.5,289.0,False,False,ped_link_not_green
282.5,NODE_74388,436883130,16,6,rrrryyyyrrrryyyyr,r,False,False,0,,4.5,287.0,False,False,ped_link_not_green
282.5,NODE_10273,3846533030,12,7,yyyrrrrrrrrrr,r,False,False,0,,4.5,287.0,False,False,ped_link_not_green
283.0,LINK_212169,11449716078,5,3,rrgGGrG,r,False,False,0,,0.0,283.0,False,False,ped_link_not_green
283.0,NODE_8452,3846603653,2,0,GGr,r,False,False,0,,71.0,354.0,False,False,ped_link_not_green
283.0,NODE_6082,11449716078,5,3,rrgGGrG,r,False,False,0,,0.0,283.0,False,False,ped_link_not_green
283.0,NODE_6123,7300992884,5,0,GgGrrrr,r,False,False,0,,56.0,339.0,False,False,ped_link_not_green
283.0,NODE_8426,3849142980,16,0,gggGrrrrrrrrrrrrrGGG,r,False,False,0,,6.0,289.0,False,False,ped_link_not_green
283.0,NODE_74388,436883130,16,6,rrrryyyyrrrryyyyr,r,False,False,0,,4.0,287.0,False,False,ped_link_not_green
283.0,NODE_10273,3846533030,12,7,yyyrrrrrrrrrr,r,False,False,0,,4.0,287.0,False,False,ped_link_not_green
283.5,LINK_212169,11449716078,5,4,rrgGGrr,r,False,False,0,,2.5,286.0,False,False,ped_link_not_green
283.5,NODE_8452,3846603653,2,0,GGr,r,False,False,0,,70.5,354.0,False,False,ped_link_not_green
283.5,NODE_6082,11449716078,5,4,rrgGGrr,r,False,False,0,,2.5,286.0,False,False,ped_link_not_green
283.5,NODE_6123,7300992884,5,0,GgGrrrr,r,False,False,0,,55.5,339.0,False,False,ped_link_not_green
283.5,NODE_8426,3849142980,16,0,gggGrrrrrrrrrrrrrGGG,r,False,False,0,,5.5,289.0,False,False,ped_link_not_green
283.5,NODE_74388,436883130,16,6,rrrryyyyrrrryyyyr,r,False,False,0,,3.5,287.0,False,False,ped_link_not_green
283.5,NODE_10273,3846533030,12,7,yyyrrrrrrrrrr,r,False,False,0,,3.5,287.0,False,False,ped_link_not_green
284.0,LINK_212169,11449716078,5,4,rrgGGrr,r,False,False,0,,2.0,286.0,False,False,ped_link_not_green
284.0,NODE_8452,3846603653,2,0,GGr,r,False,False,0,,70.0,354.0,False,False,ped_link_not_green
284.0,NODE_6082,11449716078,5,4,rrgGGrr,r,False,False,0,,2.0,286.0,False,False,ped_link_not_green
284.0,NODE_6123,7300992884,5,0,GgGrrrr,r,False,False,0,,55.0,339.0,False,False,ped_link_not_green
284.0,NODE_8426,3849142980,16,0,gggGrrrrrrrrrrrrrGGG,r,False,False,0,,5.0,289.0,False,False,ped_link_not_green
284.0,NODE_74388,436883130,16,6,rrrryyyyrrrryyyyr,r,False,False,0,,3.0,287.0,False,False,ped_link_not_green
284.0,NODE_10273,3846533030,12,7,yyyrrrrrrrrrr,r,False,False,0,,3.0,287.0,False,False,ped_link_not_green
284.5,LINK_212169,11449716078,5,4,rrgGGrr,r,False,False,0,,1.5,286.0,False,False,ped_link_not_green
284.5,NODE_8452,3846603653,2,0,GGr,r,False,False,0,,69.5,354.0,False,False,ped_link_not_green
284.5,NODE_6082,11449716078,5,4,rrgGGrr,r,False,False,0,,1.5,286.0,False,False,ped_link_not_green
284.5,NODE_6123,7300992884,5,0,GgGrrrr,r,False,False,0,,54.5,339.0,False,False,ped_link_not_green
284.5,NODE_8426,3849142980,16,0,gggGrrrrrrrrrrrrrGGG,r,False,False,0,,4.5,289.0,False,False,ped_link_not_green
284.5,NODE_74388,436883130,16,6,rrrryyyyrrrryyyyr,r,False,False,0,,2.5,287.0,False,False,ped_link_not_green
284.5,NODE_10273,3846533030,12,7,yyyrrrrrrrrrr,r,False,False,0,,2.5,287.0,False,False,ped_link_not_green
285.0,LINK_212169,11449716078,5,4,rrgGGrr,r,False,False,0,,1.0,286.0,False,False,ped_link_not_green
285.0,NODE_8452,3846603653,2,0,GGr,r,False,False,0,,69.0,354.0,False,False,ped_link_not_green
285.0,NODE_6082,11449716078,5,4,rrgGGrr,r,False,False,0,,1.0,286.0,False,False,ped_link_not_green
285.0,NODE_6123,7300992884,5,0,GgGrrrr,r,False,False,0,,54.0,339.0,False,False,ped_link_not_green
285.0,NODE_8426,3849142980,16,0,gggGrrrrrrrrrrrrrGGG,r,False,False,0,,4.0,289.0,False,False,ped_link_not_green
285.0,NODE_74388,436883130,16,6,rrrryyyyrrrryyyyr,r,False,False,0,,2.0,287.0,False,False,ped_link_not_green
285.0,NODE_10273,3846533030,12,7,yyyrrrrrrrrrr,r,False,False,0,,2.0,287.0,False,False,ped_link_not_green
285.5,LINK_212169,11449716078,5,4,rrgGGrr,r,False,False,0,,0.5,286.0,False,False,ped_link_not_green
285.5,NODE_8452,3846603653,2,0,GGr,r,False,False,0,,68.5,354.0,False,False,ped_link_not_green
285.5,NODE_6082,11449716078,5,4,rrgGGrr,r,False,False,0,,0.5,286.0,False,False,ped_link_not_green
285.5,NODE_6123,7300992884,5,0,GgGrrrr,r,False,False,0,,53.5,339.0,False,False,ped_link_not_green
285.5,NODE_8426,3849142980,16,0,gggGrrrrrrrrrrrrrGGG,r,False,False,0,,3.5,289.0,False,False,ped_link_not_green
285.5,NODE_74388,436883130,16,6,rrrryyyyrrrryyyyr,r,False,False,0,,1.5,287.0,False,False,ped_link_not_green
285.5,NODE_10273,3846533030,12,7,yyyrrrrrrrrrr,r,False,False,0,,1.5,287.0,False,False,ped_link_not_green
286.0,LINK_212169,11449716078,5,4,rrgGGrr,r,False,False,0,,0.0,286.0,False,False,ped_link_not_green
286.0,NODE_8452,3846603653,2,0,GGr,r,False,False,0,,68.0,354.0,False,False,ped_link_not_green
286.0,NODE_6082,11449716078,5,4,rrgGGrr,r,False,False,0,,0.0,286.0,False,False,ped_link_not_green
286.0,NODE_6123,7300992884,5,0,GgGrrrr,r,False,False,0,,53.0,339.0,False,False,ped_link_not_green
286.0,NODE_8426,3849142980,16,0,gggGrrrrrrrrrrrrrGGG,r,False,False,0,,3.0,289.0,False,False,ped_link_not_green
286.0,NODE_74388,436883130,16,6,rrrryyyyrrrryyyyr,r,False,False,0,,1.0,287.0,False,False,ped_link_not_green
286.0,NODE_10273,3846533030,12,7,yyyrrrrrrrrrr,r,False,False,0,,1.0,287.0,False,False,ped_link_not_green
286.5,LINK_212169,11449716078,5,5,rryyyrr,r,False,False,0,,5.5,292.0,False,False,ped_link_not_green
286.5,NODE_8452,3846603653,2,0,GGr,r,False,False,0,,67.5,354.0,False,False,ped_link_not_green
286.5,NODE_6082,11449716078,5,5,rryyyrr,r,False,False,0,,5.5,292.0,False,False,ped_link_not_green
286.5,NODE_6123,7300992884,5,0,GgGrrrr,r,False,False,0,,52.5,339.0,False,False,ped_link_not_green
286.5,NODE_8426,3849142980,16,0,gggGrrrrrrrrrrrrrGGG,r,False,False,0,,2.5,289.0,False,False,ped_link_not_green
286.5,NODE_74388,436883130,16,6,rrrryyyyrrrryyyyr,r,False,False,0,,0.5,287.0,False,False,ped_link_not_green
286.5,NODE_10273,3846533030,12,7,yyyrrrrrrrrrr,r,False,False,0,,0.5,287.0,False,False,ped_link_not_green
287.0,LINK_212169,11449716078,5,5,rryyyrr,r,False,False,0,,5.0,292.0,False,False,ped_link_not_green
287.0,NODE_8452,3846603653,2,0,GGr,r,False,False,0,,67.0,354.0,False,False,ped_link_not_green
287.0,NODE_6082,11449716078,5,5,rryyyrr,r,False,False,0,,5.0,292.0,False,False,ped_link_not_green
287.0,NODE_6123,7300992884,5,0,GgGrrrr,r,False,False,0,,52.0,339.0,False,False,ped_link_not_green
287.0,NODE_8426,3849142980,16,0,gggGrrrrrrrrrrrrrGGG,r,False,False,0,,2.0,289.0,False,False,ped_link_not_green
287.0,NODE_74388,436883130,16,6,rrrryyyyrrrryyyyr,r,False,False,0,,0.0,287.0,False,False,ped_link_not_green
287.0,NODE_10273,3846533030,12,7,yyyrrrrrrrrrr,r,False,False,0,,0.0,287.0,False,False,ped_link_not_green
287.5,LINK_212169,11449716078,5,5,rryyyrr,r,False,False,0,,4.5,292.0,False,False,ped_link_not_green
287.5,NODE_8452,3846603653,2,0,GGr,r,False,False,0,,66.5,354.0,False,False,ped_link_not_green
287.5,NODE_6082,11449716078,5,5,rryyyrr,r,False,False,0,,4.5,292.0,False,False,ped_link_not_green
287.5,NODE_6123,7300992884,5,0,GgGrrrr,r,False,False,0,,51.5,339.0,False,False,ped_link_not_green
287.5,NODE_8426,3849142980,16,0,gggGrrrrrrrrrrrrrGGG,r,False,False,0,,1.5,289.0,False,False,ped_link_not_green
287.5,NODE_74388,436883130,16,7,rrrrrrrrrrrrrrrrG,G,True,True,0,,5.5,293.0,False,False,no_ped_near
287.5,NODE_10273,3846533030,12,8,rrrrrrrrrrrrG,G,True,True,0,,5.5,293.0,False,False,no_ped_near
288.0,LINK_212169,11449716078,5,5,rryyyrr,r,False,False,0,,4.0,292.0,False,False,ped_link_not_green
288.0,NODE_8452,3846603653,2,0,GGr,r,False,False,0,,66.0,354.0,False,False,ped_link_not_green
288.0,NODE_6082,11449716078,5,5,rryyyrr,r,False,False,0,,4.0,292.0,False,False,ped_link_not_green
288.0,NODE_6123,7300992884,5,0,GgGrrrr,r,False,False,0,,51.0,339.0,False,False,ped_link_not_green
288.0,NODE_8426,3849142980,16,0,gggGrrrrrrrrrrrrrGGG,r,False,False,0,,1.0,289.0,False,False,ped_link_not_green
288.0,NODE_74388,436883130,16,7,rrrrrrrrrrrrrrrrG,G,True,True,0,,5.0,293.0,False,False,no_ped_near
288.0,NODE_10273,3846533030,12,8,rrrrrrrrrrrrG,G,True,True,0,,5.0,293.0,False,False,no_ped_near
288.5,LINK_212169,11449716078,5,5,rryyyrr,r,False,False,0,,3.5,292.0,False,False,ped_link_not_green
288.5,NODE_8452,3846603653,2,0,GGr,r,False,False,0,,65.5,354.0,False,False,ped_link_not_green
288.5,NODE_6082,11449716078,5,5,rryyyrr,r,False,False,0,,3.5,292.0,False,False,ped_link_not_green
288.5,NODE_6123,7300992884,5,0,GgGrrrr,r,False,False,0,,50.5,339.0,False,False,ped_link_not_green
288.5,NODE_8426,3849142980,16,0,gggGrrrrrrrrrrrrrGGG,r,False,False,0,,0.5,289.0,False,False,ped_link_not_green
288.5,NODE_74388,436883130,16,7,rrrrrrrrrrrrrrrrG,G,True,True,0,,4.5,293.0,False,False,no_ped_near
288.5,NODE_10273,3846533030,12,8,rrrrrrrrrrrrG,G,True,True,0,,4.5,293.0,False,False,no_ped_near
289.0,LINK_212169,11449716078,5,5,rryyyrr,r,False,False,0,,3.0,292.0,False,False,ped_link_not_green
289.0,NODE_8452,3846603653,2,0,GGr,r,False,False,0,,65.0,354.0,False,False,ped_link_not_green
289.0,NODE_6082,11449716078,5,5,rryyyrr,r,False,False,0,,3.0,292.0,False,False,ped_link_not_green
289.0,NODE_6123,7300992884,5,0,GgGrrrr,r,False,False,0,,50.0,339.0,False,False,ped_link_not_green
289.0,NODE_8426,3849142980,16,0,gggGrrrrrrrrrrrrrGGG,r,False,False,0,,0.0,289.0,False,False,ped_link_not_green
289.0,NODE_74388,436883130,16,7,rrrrrrrrrrrrrrrrG,G,True,True,0,,4.0,293.0,False,False,no_ped_near
289.0,NODE_10273,3846533030,12,8,rrrrrrrrrrrrG,G,True,True,0,,4.0,293.0,False,False,no_ped_near
289.5,LINK_212169,11449716078,5,5,rryyyrr,r,False,False,0,,2.5,292.0,False,False,ped_link_not_green
289.5,NODE_8452,3846603653,2,0,GGr,r,False,False,0,,64.5,354.0,False,False,ped_link_not_green
289.5,NODE_6082,11449716078,5,5,rryyyrr,r,False,False,0,,2.5,292.0,False,False,ped_link_not_green
289.5,NODE_6123,7300992884,5,0,GgGrrrr,r,False,False,0,,49.5,339.0,False,False,ped_link_not_green
289.5,NODE_8426,3849142980,16,1,gggGrrrrrrrrrrrrrrrr,r,False,False,0,,2.5,292.0,False,False,ped_link_not_green
289.5,NODE_74388,436883130,16,7,rrrrrrrrrrrrrrrrG,G,True,True,0,,3.5,293.0,False,False,no_ped_near
289.5,NODE_10273,3846533030,12,8,rrrrrrrrrrrrG,G,True,True,0,,3.5,293.0,False,False,no_ped_near
290.0,LINK_212169,11449716078,5,5,rryyyrr,r,False,False,0,,2.0,292.0,False,False,ped_link_not_green
290.0,NODE_8452,3846603653,2,0,GGr,r,False,False,0,,64.0,354.0,False,False,ped_link_not_green
290.0,NODE_6082,11449716078,5,5,rryyyrr,r,False,False,0,,2.0,292.0,False,False,ped_link_not_green
290.0,NODE_6123,7300992884,5,0,GgGrrrr,r,False,False,0,,49.0,339.0,False,False,ped_link_not_green
290.0,NODE_8426,3849142980,16,1,gggGrrrrrrrrrrrrrrrr,r,False,False,0,,2.0,292.0,False,False,ped_link_not_green
290.0,NODE_74388,436883130,16,7,rrrrrrrrrrrrrrrrG,G,True,True,0,,3.0,293.0,False,False,no_ped_near
290.0,NODE_10273,3846533030,12,8,rrrrrrrrrrrrG,G,True,True,0,,3.0,293.0,False,False,no_ped_near
290.5,LINK_212169,11449716078,5,5,rryyyrr,r,False,False,0,,1.5,292.0,False,False,ped_link_not_green
290.5,NODE_8452,3846603653,2,0,GGr,r,False,False,0,,63.5,354.0,False,False,ped_link_not_green
290.5,NODE_6082,11449716078,5,5,rryyyrr,r,False,False,0,,1.5,292.0,False,False,ped_link_not_green
290.5,NODE_6123,7300992884,5,0,GgGrrrr,r,False,False,0,,48.5,339.0,False,False,ped_link_not_green
290.5,NODE_8426,3849142980,16,1,gggGrrrrrrrrrrrrrrrr,r,False,False,0,,1.5,292.0,False,False,ped_link_not_green
290.5,NODE_74388,436883130,16,7,rrrrrrrrrrrrrrrrG,G,True,True,0,,2.5,293.0,False,False,no_ped_near
290.5,NODE_10273,3846533030,12,8,rrrrrrrrrrrrG,G,True,True,0,,2.5,293.0,False,False,no_ped_near
291.0,LINK_212169,11449716078,5,5,rryyyrr,r,False,False,0,,1.0,292.0,False,False,ped_link_not_green
291.0,NODE_8452,3846603653,2,0,GGr,r,False,False,0,,63.0,354.0,False,False,ped_link_not_green
291.0,NODE_6082,11449716078,5,5,rryyyrr,r,False,False,0,,1.0,292.0,False,False,ped_link_not_green
291.0,NODE_6123,7300992884,5,0,GgGrrrr,r,False,False,0,,48.0,339.0,False,False,ped_link_not_green
291.0,NODE_8426,3849142980,16,1,gggGrrrrrrrrrrrrrrrr,r,False,False,0,,1.0,292.0,False,False,ped_link_not_green
291.0,NODE_74388,436883130,16,7,rrrrrrrrrrrrrrrrG,G,True,True,0,,2.0,293.0,False,False,no_ped_near
291.0,NODE_10273,3846533030,12,8,rrrrrrrrrrrrG,G,True,True,0,,2.0,293.0,False,False,no_ped_near
291.5,LINK_212169,11449716078,5,5,rryyyrr,r,False,False,0,,0.5,292.0,False,False,ped_link_not_green
291.5,NODE_8452,3846603653,2,0,GGr,r,False,False,0,,62.5,354.0,False,False,ped_link_not_green
291.5,NODE_6082,11449716078,5,5,rryyyrr,r,False,False,0,,0.5,292.0,False,False,ped_link_not_green
291.5,NODE_6123,7300992884,5,0,GgGrrrr,r,False,False,0,,47.5,339.0,False,False,ped_link_not_green
291.5,NODE_8426,3849142980,16,1,gggGrrrrrrrrrrrrrrrr,r,False,False,0,,0.5,292.0,False,False,ped_link_not_green
291.5,NODE_74388,436883130,16,7,rrrrrrrrrrrrrrrrG,G,True,True,0,,1.5,293.0,False,False,no_ped_near
291.5,NODE_10273,3846533030,12,8,rrrrrrrrrrrrG,G,True,True,0,,1.5,293.0,False,False,no_ped_near
292.0,LINK_212169,11449716078,5,5,rryyyrr,r,False,False,0,,0.0,292.0,False,False,ped_link_not_green
292.0,NODE_8452,3846603653,2,0,GGr,r,False,False,0,,62.0,354.0,False,False,ped_link_not_green
292.0,NODE_6082,11449716078,5,5,rryyyrr,r,False,False,0,,0.0,292.0,False,False,ped_link_not_green
292.0,NODE_6123,7300992884,5,0,GgGrrrr,r,False,False,0,,47.0,339.0,False,False,ped_link_not_green
292.0,NODE_8426,3849142980,16,1,gggGrrrrrrrrrrrrrrrr,r,False,False,0,,0.0,292.0,False,False,ped_link_not_green
292.0,NODE_74388,436883130,16,7,rrrrrrrrrrrrrrrrG,G,True,True,0,,1.0,293.0,False,False,no_ped_near
292.0,NODE_10273,3846533030,12,8,rrrrrrrrrrrrG,G,True,True,0,,1.0,293.0,False,False,no_ped_near
292.5,LINK_212169,11449716078,5,6,rrrrrGr,G,True,True,0,,5.5,298.0,False,False,no_ped_near
292.5,NODE_8452,3846603653,2,0,GGr,r,False,False,0,,61.5,354.0,False,False,ped_link_not_green
292.5,NODE_6082,11449716078,5,6,rrrrrGr,G,True,True,0,,5.5,298.0,False,False,no_ped_near
292.5,NODE_6123,7300992884,5,0,GgGrrrr,r,False,False,0,,46.5,339.0,False,False,ped_link_not_green
292.5,NODE_8426,3849142980,16,2,yyyyrrrrrrrrrrrrrrrr,r,False,False,0,,2.5,295.0,False,False,ped_link_not_green
292.5,NODE_74388,436883130,16,7,rrrrrrrrrrrrrrrrG,G,True,True,0,,0.5,293.0,False,False,no_ped_near
292.5,NODE_10273,3846533030,12,8,rrrrrrrrrrrrG,G,True,True,0,,0.5,293.0,False,False,no_ped_near
293.0,LINK_212169,11449716078,5,6,rrrrrGr,G,True,True,0,,5.0,298.0,False,False,no_ped_near
293.0,NODE_8452,3846603653,2,0,GGr,r,False,False,0,,61.0,354.0,False,False,ped_link_not_green
293.0,NODE_6082,11449716078,5,6,rrrrrGr,G,True,True,0,,5.0,298.0,False,False,no_ped_near
293.0,NODE_6123,7300992884,5,0,GgGrrrr,r,False,False,0,,46.0,339.0,False,False,ped_link_not_green
293.0,NODE_8426,3849142980,16,2,yyyyrrrrrrrrrrrrrrrr,r,False,False,0,,2.0,295.0,False,False,ped_link_not_green
293.0,NODE_74388,436883130,16,7,rrrrrrrrrrrrrrrrG,G,True,True,0,,0.0,293.0,False,False,no_ped_near
293.0,NODE_10273,3846533030,12,8,rrrrrrrrrrrrG,G,True,True,0,,0.0,293.0,False,False,no_ped_near
293.5,LINK_212169,11449716078,5,6,rrrrrGr,G,True,True,0,,4.5,298.0,False,False,no_ped_near
293.5,NODE_8452,3846603653,2,0,GGr,r,False,False,0,,60.5,354.0,False,False,ped_link_not_green
293.5,NODE_6082,11449716078,5,6,rrrrrGr,G,True,True,0,,4.5,298.0,False,False,no_ped_near
293.5,NODE_6123,7300992884,5,0,GgGrrrr,r,False,False,0,,45.5,339.0,False,False,ped_link_not_green
293.5,NODE_8426,3849142980,16,2,yyyyrrrrrrrrrrrrrrrr,r,False,False,0,,1.5,295.0,False,False,ped_link_not_green
293.5,NODE_74388,436883130,16,0,GGrrrrrrgGrrrrrrG,G,True,False,0,,31.5,325.0,False,False,not_pedestrian_only_phase
293.5,NODE_10273,3846533030,12,0,rrrgGGgGGrrGr,r,False,False,0,,29.5,323.0,False,False,ped_link_not_green
294.0,LINK_212169,11449716078,5,6,rrrrrGr,G,True,True,0,,4.0,298.0,False,False,no_ped_near
294.0,NODE_8452,3846603653,2,0,GGr,r,False,False,0,,60.0,354.0,False,False,ped_link_not_green
294.0,NODE_6082,11449716078,5,6,rrrrrGr,G,True,True,0,,4.0,298.0,False,False,no_ped_near
294.0,NODE_6123,7300992884,5,0,GgGrrrr,r,False,False,0,,45.0,339.0,False,False,ped_link_not_green
294.0,NODE_8426,3849142980,16,2,yyyyrrrrrrrrrrrrrrrr,r,False,False,0,,1.0,295.0,False,False,ped_link_not_green
294.0,NODE_74388,436883130,16,0,GGrrrrrrgGrrrrrrG,G,True,False,0,,31.0,325.0,False,False,not_pedestrian_only_phase
294.0,NODE_10273,3846533030,12,0,rrrgGGgGGrrGr,r,False,False,0,,29.0,323.0,False,False,ped_link_not_green
294.5,LINK_212169,11449716078,5,6,rrrrrGr,G,True,True,0,,3.5,298.0,False,False,no_ped_near
294.5,NODE_8452,3846603653,2,0,GGr,r,False,False,0,,59.5,354.0,False,False,ped_link_not_green
294.5,NODE_6082,11449716078,5,6,rrrrrGr,G,True,True,0,,3.5,298.0,False,False,no_ped_near
294.5,NODE_6123,7300992884,5,0,GgGrrrr,r,False,False,0,,44.5,339.0,False,False,ped_link_not_green
294.5,NODE_8426,3849142980,16,2,yyyyrrrrrrrrrrrrrrrr,r,False,False,0,,0.5,295.0,False,False,ped_link_not_green
294.5,NODE_74388,436883130,16,0,GGrrrrrrgGrrrrrrG,G,True,False,0,,30.5,325.0,False,False,not_pedestrian_only_phase
294.5,NODE_10273,3846533030,12,0,rrrgGGgGGrrGr,r,False,False,0,,28.5,323.0,False,False,ped_link_not_green
295.0,LINK_212169,11449716078,5,6,rrrrrGr,G,True,True,0,,3.0,298.0,False,False,no_ped_near
295.0,NODE_8452,3846603653,2,0,GGr,r,False,False,0,,59.0,354.0,False,False,ped_link_not_green
295.0,NODE_6082,11449716078,5,6,rrrrrGr,G,True,True,0,,3.0,298.0,False,False,no_ped_near
295.0,NODE_6123,7300992884,5,0,GgGrrrr,r,False,False,0,,44.0,339.0,False,False,ped_link_not_green
295.0,NODE_8426,3849142980,16,2,yyyyrrrrrrrrrrrrrrrr,r,False,False,0,,0.0,295.0,False,False,ped_link_not_green
295.0,NODE_74388,436883130,16,0,GGrrrrrrgGrrrrrrG,G,True,False,0,,30.0,325.0,False,False,not_pedestrian_only_phase
295.0,NODE_10273,3846533030,12,0,rrrgGGgGGrrGr,r,False,False,0,,28.0,323.0,False,False,ped_link_not_green
295.5,LINK_212169,11449716078,5,6,rrrrrGr,G,True,True,0,,2.5,298.0,False,False,no_ped_near
295.5,NODE_8452,3846603653,2,0,GGr,r,False,False,0,,58.5,354.0,False,False,ped_link_not_green
295.5,NODE_6082,11449716078,5,6,rrrrrGr,G,True,True,0,,2.5,298.0,False,False,no_ped_near
295.5,NODE_6123,7300992884,5,0,GgGrrrr,r,False,False,0,,43.5,339.0,False,False,ped_link_not_green
295.5,NODE_8426,3849142980,16,3,rrrrgggGrrrrrrrrGrGG,G,True,False,0,,16.5,312.0,False,False,not_pedestrian_only_phase
295.5,NODE_74388,436883130,16,0,GGrrrrrrgGrrrrrrG,G,True,False,0,,29.5,325.0,False,False,not_pedestrian_only_phase
295.5,NODE_10273,3846533030,12,0,rrrgGGgGGrrGr,r,False,False,0,,27.5,323.0,False,False,ped_link_not_green
296.0,LINK_212169,11449716078,5,6,rrrrrGr,G,True,True,0,,2.0,298.0,False,False,no_ped_near
296.0,NODE_8452,3846603653,2,0,GGr,r,False,False,0,,58.0,354.0,False,False,ped_link_not_green
296.0,NODE_6082,11449716078,5,6,rrrrrGr,G,True,True,0,,2.0,298.0,False,False,no_ped_near
296.0,NODE_6123,7300992884,5,0,GgGrrrr,r,False,False,0,,43.0,339.0,False,False,ped_link_not_green
296.0,NODE_8426,3849142980,16,3,rrrrgggGrrrrrrrrGrGG,G,True,False,0,,16.0,312.0,False,False,not_pedestrian_only_phase
296.0,NODE_74388,436883130,16,0,GGrrrrrrgGrrrrrrG,G,True,False,0,,29.0,325.0,False,False,not_pedestrian_only_phase
296.0,NODE_10273,3846533030,12,0,rrrgGGgGGrrGr,r,False,False,0,,27.0,323.0,False,False,ped_link_not_green
296.5,LINK_212169,11449716078,5,6,rrrrrGr,G,True,True,0,,1.5,298.0,False,False,no_ped_near
296.5,NODE_8452,3846603653,2,0,GGr,r,False,False,0,,57.5,354.0,False,False,ped_link_not_green
296.5,NODE_6082,11449716078,5,6,rrrrrGr,G,True,True,0,,1.5,298.0,False,False,no_ped_near
296.5,NODE_6123,7300992884,5,0,GgGrrrr,r,False,False,0,,42.5,339.0,False,False,ped_link_not_green
296.5,NODE_8426,3849142980,16,3,rrrrgggGrrrrrrrrGrGG,G,True,False,0,,15.5,312.0,False,False,not_pedestrian_only_phase
296.5,NODE_74388,436883130,16,0,GGrrrrrrgGrrrrrrG,G,True,False,0,,28.5,325.0,False,False,not_pedestrian_only_phase
296.5,NODE_10273,3846533030,12,0,rrrgGGgGGrrGr,r,False,False,0,,26.5,323.0,False,False,ped_link_not_green
297.0,LINK_212169,11449716078,5,6,rrrrrGr,G,True,True,0,,1.0,298.0,False,False,no_ped_near
297.0,NODE_8452,3846603653,2,0,GGr,r,False,False,0,,57.0,354.0,False,False,ped_link_not_green
297.0,NODE_6082,11449716078,5,6,rrrrrGr,G,True,True,0,,1.0,298.0,False,False,no_ped_near
297.0,NODE_6123,7300992884,5,0,GgGrrrr,r,False,False,0,,42.0,339.0,False,False,ped_link_not_green
297.0,NODE_8426,3849142980,16,3,rrrrgggGrrrrrrrrGrGG,G,True,False,0,,15.0,312.0,False,False,not_pedestrian_only_phase
297.0,NODE_74388,436883130,16,0,GGrrrrrrgGrrrrrrG,G,True,False,0,,28.0,325.0,False,False,not_pedestrian_only_phase
297.0,NODE_10273,3846533030,12,0,rrrgGGgGGrrGr,r,False,False,0,,26.0,323.0,False,False,ped_link_not_green
297.5,LINK_212169,11449716078,5,6,rrrrrGr,G,True,True,0,,0.5,298.0,False,False,no_ped_near
297.5,NODE_8452,3846603653,2,0,GGr,r,False,False,0,,56.5,354.0,False,False,ped_link_not_green
297.5,NODE_6082,11449716078,5,6,rrrrrGr,G,True,True,0,,0.5,298.0,False,False,no_ped_near
297.5,NODE_6123,7300992884,5,0,GgGrrrr,r,False,False,0,,41.5,339.0,False,False,ped_link_not_green
297.5,NODE_8426,3849142980,16,3,rrrrgggGrrrrrrrrGrGG,G,True,False,0,,14.5,312.0,False,False,not_pedestrian_only_phase
297.5,NODE_74388,436883130,16,0,GGrrrrrrgGrrrrrrG,G,True,False,0,,27.5,325.0,False,False,not_pedestrian_only_phase
297.5,NODE_10273,3846533030,12,0,rrrgGGgGGrrGr,r,False,False,0,,25.5,323.0,False,False,ped_link_not_green
298.0,LINK_212169,11449716078,5,6,rrrrrGr,G,True,True,0,,0.0,298.0,False,False,no_ped_near
298.0,NODE_8452,3846603653,2,0,GGr,r,False,False,0,,56.0,354.0,False,False,ped_link_not_green
298.0,NODE_6082,11449716078,5,6,rrrrrGr,G,True,True,0,,0.0,298.0,False,False,no_ped_near
298.0,NODE_6123,7300992884,5,0,GgGrrrr,r,False,False,0,,41.0,339.0,False,False,ped_link_not_green
298.0,NODE_8426,3849142980,16,3,rrrrgggGrrrrrrrrGrGG,G,True,False,0,,14.0,312.0,False,False,not_pedestrian_only_phase
298.0,NODE_74388,436883130,16,0,GGrrrrrrgGrrrrrrG,G,True,False,0,,27.0,325.0,False,False,not_pedestrian_only_phase
298.0,NODE_10273,3846533030,12,0,rrrgGGgGGrrGr,r,False,False,0,,25.0,323.0,False,False,ped_link_not_green
298.5,LINK_212169,11449716078,5,0,gGrrrGr,G,True,False,0,,35.5,334.0,False,False,not_pedestrian_only_phase
298.5,NODE_8452,3846603653,2,0,GGr,r,False,False,0,,55.5,354.0,False,False,ped_link_not_green
298.5,NODE_6082,11449716078,5,0,gGrrrGr,G,True,False,0,,35.5,334.0,False,False,not_pedestrian_only_phase
298.5,NODE_6123,7300992884,5,0,GgGrrrr,r,False,False,0,,40.5,339.0,False,False,ped_link_not_green
298.5,NODE_8426,3849142980,16,3,rrrrgggGrrrrrrrrGrGG,G,True,False,0,,13.5,312.0,False,False,not_pedestrian_only_phase
298.5,NODE_74388,436883130,16,0,GGrrrrrrgGrrrrrrG,G,True,False,0,,26.5,325.0,False,False,not_pedestrian_only_phase
298.5,NODE_10273,3846533030,12,0,rrrgGGgGGrrGr,r,False,False,0,,24.5,323.0,False,False,ped_link_not_green
299.0,LINK_212169,11449716078,5,0,gGrrrGr,G,True,False,0,,35.0,334.0,False,False,not_pedestrian_only_phase
299.0,NODE_8452,3846603653,2,0,GGr,r,False,False,0,,55.0,354.0,False,False,ped_link_not_green
299.0,NODE_6082,11449716078,5,0,gGrrrGr,G,True,False,0,,35.0,334.0,False,False,not_pedestrian_only_phase
299.0,NODE_6123,7300992884,5,0,GgGrrrr,r,False,False,0,,40.0,339.0,False,False,ped_link_not_green
299.0,NODE_8426,3849142980,16,3,rrrrgggGrrrrrrrrGrGG,G,True,False,0,,13.0,312.0,False,False,not_pedestrian_only_phase
299.0,NODE_74388,436883130,16,0,GGrrrrrrgGrrrrrrG,G,True,False,0,,26.0,325.0,False,False,not_pedestrian_only_phase
299.0,NODE_10273,3846533030,12,0,rrrgGGgGGrrGr,r,False,False,0,,24.0,323.0,False,False,ped_link_not_green
299.5,LINK_212169,11449716078,5,0,gGrrrGr,G,True,False,0,,34.5,334.0,False,False,not_pedestrian_only_phase
299.5,NODE_8452,3846603653,2,0,GGr,r,False,False,0,,54.5,354.0,False,False,ped_link_not_green
299.5,NODE_6082,11449716078,5,0,gGrrrGr,G,True,False,0,,34.5,334.0,False,False,not_pedestrian_only_phase
299.5,NODE_6123,7300992884,5,0,GgGrrrr,r,False,False,0,,39.5,339.0,False,False,ped_link_not_green
299.5,NODE_8426,3849142980,16,3,rrrrgggGrrrrrrrrGrGG,G,True,False,0,,12.5,312.0,False,False,not_pedestrian_only_phase
299.5,NODE_74388,436883130,16,0,GGrrrrrrgGrrrrrrG,G,True,False,0,,25.5,325.0,False,False,not_pedestrian_only_phase
299.5,NODE_10273,3846533030,12,0,rrrgGGgGGrrGr,r,False,False,0,,23.5,323.0,False,False,ped_link_not_green
300.0,LINK_212169,11449716078,5,0,gGrrrGr,G,True,False,0,,34.0,334.0,False,False,not_pedestrian_only_phase
300.0,NODE_8452,3846603653,2,0,GGr,r,False,False,0,,54.0,354.0,False,False,ped_link_not_green
300.0,NODE_6082,11449716078,5,0,gGrrrGr,G,True,False,0,,34.0,334.0,False,False,not_pedestrian_only_phase
300.0,NODE_6123,7300992884,5,0,GgGrrrr,r,False,False,0,,39.0,339.0,False,False,ped_link_not_green
300.0,NODE_8426,3849142980,16,3,rrrrgggGrrrrrrrrGrGG,G,True,False,0,,12.0,312.0,False,False,not_pedestrian_only_phase
300.0,NODE_74388,436883130,16,0,GGrrrrrrgGrrrrrrG,G,True,False,0,,25.0,325.0,False,False,not_pedestrian_only_phase
300.0,NODE_10273,3846533030,12,0,rrrgGGgGGrrGr,r,False,False,0,,23.0,323.0,False,False,ped_link_not_green
