path,type,size_mb,reason,delete_command
result/phase_next_junction_factory_20260514_024017/red_only_fix_candidate_151/fixed_tls_program.net.xml,file,135.85,obsolete intermediate result,"rm -f ""result/phase_next_junction_factory_20260514_024017/red_only_fix_candidate_151/fixed_tls_program.net.xml"""
result/phase_next_real_csv_generation_samples_20260514_104959/candidate_tls_creation_LINK_92227/generated.net.xml,file,135.21,sample CSV generation network,"rm -f ""result/phase_next_real_csv_generation_samples_20260514_104959/candidate_tls_creation_LINK_92227/generated.net.xml"""
result/phase_next_multi_crosswalk_recovery_20260514_015058/candidate_125895/generated.net.xml,file,135.21,candidate-specific generated network,"rm -f ""result/phase_next_multi_crosswalk_recovery_20260514_015058/candidate_125895/generated.net.xml"""
result/phase_next_119055_junction_tls_pilot_20260514_010647/119055_junction_tls_pilot_v6.net.xml,file,135.21,obsolete intermediate result,"rm -f ""result/phase_next_119055_junction_tls_pilot_20260514_010647/119055_junction_tls_pilot_v6.net.xml"""
result/phase_next_top20_crosswalk_recovery_20260514_021229/candidate_15197/generated.net.xml,file,135.21,candidate-specific generated network,"rm -f ""result/phase_next_top20_crosswalk_recovery_20260514_021229/candidate_15197/generated.net.xml"""
result/phase_next_top20_crosswalk_recovery_20260514_021229/candidate_6084/generated.net.xml,file,135.21,candidate-specific generated network,"rm -f ""result/phase_next_top20_crosswalk_recovery_20260514_021229/candidate_6084/generated.net.xml"""
result/phase_next_top20_crosswalk_recovery_20260514_021229/candidate_167173/generated.net.xml,file,135.21,candidate-specific generated network,"rm -f ""result/phase_next_top20_crosswalk_recovery_20260514_021229/candidate_167173/generated.net.xml"""
result/phase_next_top20_crosswalk_recovery_20260514_021229/candidate_8339/generated.net.xml,file,135.21,candidate-specific generated network,"rm -f ""result/phase_next_top20_crosswalk_recovery_20260514_021229/candidate_8339/generated.net.xml"""
result/phase_next_top20_crosswalk_recovery_20260514_021229/candidate_6210/generated.net.xml,file,135.21,candidate-specific generated network,"rm -f ""result/phase_next_top20_crosswalk_recovery_20260514_021229/candidate_6210/generated.net.xml"""
result/phase_next_junction_factory_20260514_024017/red_only_fix_candidate_151/original_generated.net.xml,file,135.21,119055 pilot/split/netedit artifact,"rm -f ""result/phase_next_junction_factory_20260514_024017/red_only_fix_candidate_151/original_generated.net.xml"""
result/phase_next_top20_crosswalk_recovery_20260514_021229/candidate_151/generated.net.xml,file,135.21,candidate-specific generated network,"rm -f ""result/phase_next_top20_crosswalk_recovery_20260514_021229/candidate_151/generated.net.xml"""
result/phase_next_top20_crosswalk_recovery_20260514_021229/candidate_6425/generated.net.xml,file,135.21,candidate-specific generated network,"rm -f ""result/phase_next_top20_crosswalk_recovery_20260514_021229/candidate_6425/generated.net.xml"""
result/phase_next_top20_crosswalk_recovery_20260514_021229/candidate_8614/generated.net.xml,file,135.21,candidate-specific generated network,"rm -f ""result/phase_next_top20_crosswalk_recovery_20260514_021229/candidate_8614/generated.net.xml"""
result/phase_next_top20_crosswalk_recovery_20260514_021229/candidate_8165/generated.net.xml,file,135.21,candidate-specific generated network,"rm -f ""result/phase_next_top20_crosswalk_recovery_20260514_021229/candidate_8165/generated.net.xml"""
result/phase_next_top20_crosswalk_recovery_20260514_021229/candidate_9650/generated.net.xml,file,135.21,candidate-specific generated network,"rm -f ""result/phase_next_top20_crosswalk_recovery_20260514_021229/candidate_9650/generated.net.xml"""
result/phase_next_pedestrian_augmented_network_20260514_120515/pedestrian_augmented_network_v1.net.xml,file,135.21,duplicate pedestrian augmented network artifact,"rm -f ""result/phase_next_pedestrian_augmented_network_20260514_120515/pedestrian_augmented_network_v1.net.xml"""
result/phase_next_multi_crosswalk_recovery_20260514_015058/candidate_23040/generated.net.xml,file,135.21,candidate-specific generated network,"rm -f ""result/phase_next_multi_crosswalk_recovery_20260514_015058/candidate_23040/generated.net.xml"""
result/phase_next_multi_crosswalk_recovery_20260514_015058/candidate_72235/generated.net.xml,file,135.21,candidate-specific generated network,"rm -f ""result/phase_next_multi_crosswalk_recovery_20260514_015058/candidate_72235/generated.net.xml"""
result/phase_next_top20_crosswalk_recovery_20260514_021229/candidate_15225/generated.net.xml,file,135.21,candidate-specific generated network,"rm -f ""result/phase_next_top20_crosswalk_recovery_20260514_021229/candidate_15225/generated.net.xml"""
result/phase_next_top20_crosswalk_recovery_20260514_021229/candidate_15226/generated.net.xml,file,135.21,candidate-specific generated network,"rm -f ""result/phase_next_top20_crosswalk_recovery_20260514_021229/candidate_15226/generated.net.xml"""
result/phase_next_top20_crosswalk_recovery_20260514_021229/candidate_23039/generated.net.xml,file,135.21,candidate-specific generated network,"rm -f ""result/phase_next_top20_crosswalk_recovery_20260514_021229/candidate_23039/generated.net.xml"""
result/phase_next_top20_crosswalk_recovery_20260514_021229/candidate_23041/generated.net.xml,file,135.21,candidate-specific generated network,"rm -f ""result/phase_next_top20_crosswalk_recovery_20260514_021229/candidate_23041/generated.net.xml"""
result/phase_next_multi_crosswalk_recovery_20260514_015058/candidate_6531/generated.net.xml,file,135.21,candidate-specific generated network,"rm -f ""result/phase_next_multi_crosswalk_recovery_20260514_015058/candidate_6531/generated.net.xml"""
result/phase_next_multi_crosswalk_recovery_20260514_015058/candidate_8568/generated.net.xml,file,135.21,candidate-specific generated network,"rm -f ""result/phase_next_multi_crosswalk_recovery_20260514_015058/candidate_8568/generated.net.xml"""
result/phase_next_top20_crosswalk_recovery_20260514_021229/candidate_6451/generated.net.xml,file,135.21,candidate-specific generated network,"rm -f ""result/phase_next_top20_crosswalk_recovery_20260514_021229/candidate_6451/generated.net.xml"""
result/phase_next_top20_crosswalk_recovery_20260514_021229/candidate_6527/generated.net.xml,file,135.21,candidate-specific generated network,"rm -f ""result/phase_next_top20_crosswalk_recovery_20260514_021229/candidate_6527/generated.net.xml"""
result/phase_next_top20_crosswalk_recovery_20260514_021229/candidate_6939/generated.net.xml,file,135.21,candidate-specific generated network,"rm -f ""result/phase_next_top20_crosswalk_recovery_20260514_021229/candidate_6939/generated.net.xml"""
result/phase_next_top20_crosswalk_recovery_20260514_021229/candidate_7358/generated.net.xml,file,135.21,candidate-specific generated network,"rm -f ""result/phase_next_top20_crosswalk_recovery_20260514_021229/candidate_7358/generated.net.xml"""
result/phase_next_top20_crosswalk_recovery_20260514_021229/candidate_8567/generated.net.xml,file,135.21,candidate-specific generated network,"rm -f ""result/phase_next_top20_crosswalk_recovery_20260514_021229/candidate_8567/generated.net.xml"""
result/phase_next_top20_crosswalk_recovery_20260514_021229/candidate_9826/generated.net.xml,file,135.21,candidate-specific generated network,"rm -f ""result/phase_next_top20_crosswalk_recovery_20260514_021229/candidate_9826/generated.net.xml"""
result/phase_next_tierwise_expansion_continue_20260514_135146/tls_creation_batch_network_v1.net.xml,file,131.87,obsolete intermediate result,"rm -f ""result/phase_next_tierwise_expansion_continue_20260514_135146/tls_creation_batch_network_v1.net.xml"""
result/phase_next_recovery_command_plan_20260514_200908/red_only_phase_fix_batch01_run/red_only_phase_fix_network_v1.net.xml,file,131.86,large intermediate artifact,"rm -f ""result/phase_next_recovery_command_plan_20260514_200908/red_only_phase_fix_batch01_run/red_only_phase_fix_network_v1.net.xml"""
result/phase_next_recovery_command_plan_20260514_200908/red_only_phase_fix_batch02_run/red_only_phase_fix_network_v1.net.xml,file,131.84,large intermediate artifact,"rm -f ""result/phase_next_recovery_command_plan_20260514_200908/red_only_phase_fix_batch02_run/red_only_phase_fix_network_v1.net.xml"""
result/phase_next_tierwise_expansion_continue_20260514_134922/tls_creation_batch_network_v1.net.xml,file,131.83,obsolete intermediate result,"rm -f ""result/phase_next_tierwise_expansion_continue_20260514_134922/tls_creation_batch_network_v1.net.xml"""
result/phase_next_recovery_command_plan_20260514_200908/red_only_phase_fix_35_run/red_only_phase_fix_network_v1.net.xml,file,131.82,large intermediate artifact,"rm -f ""result/phase_next_recovery_command_plan_20260514_200908/red_only_phase_fix_35_run/red_only_phase_fix_network_v1.net.xml"""
result/phase_next_tierwise_expansion_continue_20260514_135146/red_only_phase_fix_network_v1.net.xml,file,131.82,obsolete intermediate result,"rm -f ""result/phase_next_tierwise_expansion_continue_20260514_135146/red_only_phase_fix_network_v1.net.xml"""
result/phase_next_tierwise_expansion_20260514_125436/tierwise_phase6_network_v1.net.xml,file,131.81,obsolete intermediate result,"rm -f ""result/phase_next_tierwise_expansion_20260514_125436/tierwise_phase6_network_v1.net.xml"""
result/phase_next_tierwise_expansion_continue_20260514_134922/red_only_phase_fix_network_v1.net.xml,file,131.76,obsolete intermediate result,"rm -f ""result/phase_next_tierwise_expansion_continue_20260514_134922/red_only_phase_fix_network_v1.net.xml"""
result/phase510_119055_insert_split_20260514_002144/insert_split_119055_generated.net.xml,file,128.32,119055 pilot/split/netedit artifact,"rm -f ""result/phase510_119055_insert_split_20260514_002144/insert_split_119055_generated.net.xml"""
result/phase_next_tierwise_expansion_20260514_125338/tierwise_phase6_network_v1.net.xml,file,124.88,obsolete intermediate result,"rm -f ""result/phase_next_tierwise_expansion_20260514_125338/tierwise_phase6_network_v1.net.xml"""
result/phase_next_119055_junction_tls_pilot_20260514_010647/119055_junction_tls_pilot_v5.net.xml,file,124.87,obsolete intermediate result,"rm -f ""result/phase_next_119055_junction_tls_pilot_20260514_010647/119055_junction_tls_pilot_v5.net.xml"""
result/phase_next_pedestrian_augmented_network_20260514_120721/pedestrian_augmented_network_v1.net.xml,file,124.87,duplicate pedestrian augmented network artifact,"rm -f ""result/phase_next_pedestrian_augmented_network_20260514_120721/pedestrian_augmented_network_v1.net.xml"""
result/phase_next_pedestrian_augmented_network_20260514_120939/pedestrian_augmented_network_v1.net.xml,file,124.87,duplicate pedestrian augmented network artifact,"rm -f ""result/phase_next_pedestrian_augmented_network_20260514_120939/pedestrian_augmented_network_v1.net.xml"""
result/t2_generated_crosswalks_20260513_185330/generated_network.net.xml,file,120.91,duplicate generated network artifact,"rm -f ""result/t2_generated_crosswalks_20260513_185330/generated_network.net.xml"""
result/t2_generated_crosswalks_20260513_221249/generated_network.net.xml,file,120.91,duplicate generated network artifact,"rm -f ""result/t2_generated_crosswalks_20260513_221249/generated_network.net.xml"""
result/phase510_119055_insert_split_20260514_002452/insert_split_119055_generated.net.xml,file,120.83,119055 pilot/split/netedit artifact,"rm -f ""result/phase510_119055_insert_split_20260514_002452/insert_split_119055_generated.net.xml"""
result/phase510_119055_insert_split_20260514_002533/insert_split_119055_before_netconvert.net.xml,file,120.83,intermediate netconvert/edit artifact,"rm -f ""result/phase510_119055_insert_split_20260514_002533/insert_split_119055_before_netconvert.net.xml"""
result/phase510_119055_insert_split_20260514_002556/insert_split_119055_before_netconvert.net.xml,file,120.83,intermediate netconvert/edit artifact,"rm -f ""result/phase510_119055_insert_split_20260514_002556/insert_split_119055_before_netconvert.net.xml"""
result/phase510_119055_insert_split_20260514_002633/insert_split_119055_before_netconvert.net.xml,file,120.83,intermediate netconvert/edit artifact,"rm -f ""result/phase510_119055_insert_split_20260514_002633/insert_split_119055_before_netconvert.net.xml"""
result/phase510_119055_insert_split_20260514_002633/insert_split_119055_generated.net.xml,file,120.83,119055 pilot/split/netedit artifact,"rm -f ""result/phase510_119055_insert_split_20260514_002633/insert_split_119055_generated.net.xml"""
result/phase511_netedit_119055_20260514_003850/119055_netedit_working_copy.net.xml,file,120.83,intermediate netconvert/edit artifact,"rm -f ""result/phase511_netedit_119055_20260514_003850/119055_netedit_working_copy.net.xml"""
result/phase_next_pedestrian_augmented_network_20260514_113008/pedestrian_augmented_network_v1.net.xml,file,120.27,duplicate pedestrian augmented network artifact,"rm -f ""result/phase_next_pedestrian_augmented_network_20260514_113008/pedestrian_augmented_network_v1.net.xml"""
result/phase_next_pedestrian_augmented_network_20260514_113147/pedestrian_augmented_network_v1.net.xml,file,120.27,duplicate pedestrian augmented network artifact,"rm -f ""result/phase_next_pedestrian_augmented_network_20260514_113147/pedestrian_augmented_network_v1.net.xml"""
result/phase_next_pedestrian_augmented_network_20260514_113417/pedestrian_augmented_network_v1.net.xml,file,120.27,duplicate pedestrian augmented network artifact,"rm -f ""result/phase_next_pedestrian_augmented_network_20260514_113417/pedestrian_augmented_network_v1.net.xml"""
result/phase_next_pedestrian_augmented_network_20260514_113609/pedestrian_augmented_network_v1.net.xml,file,120.27,duplicate pedestrian augmented network artifact,"rm -f ""result/phase_next_pedestrian_augmented_network_20260514_113609/pedestrian_augmented_network_v1.net.xml"""
result/phase_next_real_csv_generation_samples_20260514_104959/candidate_explicit_crossing_LINK_20004/generated.net.xml,file,120.27,sample CSV generation network,"rm -f ""result/phase_next_real_csv_generation_samples_20260514_104959/candidate_explicit_crossing_LINK_20004/generated.net.xml"""
result/phase_next_pedestrian_augmented_network_20260514_120304/pedestrian_augmented_network_v1.net.xml,file,120.27,duplicate pedestrian augmented network artifact,"rm -f ""result/phase_next_pedestrian_augmented_network_20260514_120304/pedestrian_augmented_network_v1.net.xml"""
result/junggu_osm_network_20260513_184417/junggu_generated.net.xml,file,120.24,duplicate generated network artifact,"rm -f ""result/junggu_osm_network_20260513_184417/junggu_generated.net.xml"""
result/phase_next_119055_junction_tls_pilot_20260514_010647/119055_junction_tls_pilot_v3.net.xml,file,120.22,obsolete intermediate result,"rm -f ""result/phase_next_119055_junction_tls_pilot_20260514_010647/119055_junction_tls_pilot_v3.net.xml"""
result/phase_next_119055_junction_tls_pilot_20260514_010647/119055_junction_tls_pilot.net.xml,file,120.22,obsolete intermediate result,"rm -f ""result/phase_next_119055_junction_tls_pilot_20260514_010647/119055_junction_tls_pilot.net.xml"""
result/phase_next_119055_junction_tls_pilot_20260514_010647/119055_junction_tls_pilot_v4.net.xml,file,120.22,obsolete intermediate result,"rm -f ""result/phase_next_119055_junction_tls_pilot_20260514_010647/119055_junction_tls_pilot_v4.net.xml"""
result/phase59_smart_network_pilot_20260514_001745/snap_pilot_generated.net.xml,file,120.22,119055 pilot/split/netedit artifact,"rm -f ""result/phase59_smart_network_pilot_20260514_001745/snap_pilot_generated.net.xml"""
result/phase6_smoke_baseline_20260514_220549/sumo_nets/integrated_selected/network.net.xml,file,103.20,smoke network artifact,"rm -f ""result/phase6_smoke_baseline_20260514_220549/sumo_nets/integrated_selected/network.net.xml"""
result/phase6_smoke_baseline_20260514_220549/sumo_nets/integrated_selected/map.osm,file,69.65,generated map artifact,"rm -f ""result/phase6_smoke_baseline_20260514_220549/sumo_nets/integrated_selected/map.osm"""
result/junggu_osm_network_20260513_184417/downloaded_junggu.osm.xml,file,64.96,large OSM download artifact,"rm -f ""result/junggu_osm_network_20260513_184417/downloaded_junggu.osm.xml"""
result/phase_next_119055_junction_tls_pilot_20260514_010647/plain/junggu.edg.xml,file,12.37,obsolete intermediate result,"rm -f ""result/phase_next_119055_junction_tls_pilot_20260514_010647/plain/junggu.edg.xml"""
result/phase_next_119055_junction_tls_pilot_20260514_010647/plain/junggu.con.xml,file,10.68,obsolete intermediate result,"rm -f ""result/phase_next_119055_junction_tls_pilot_20260514_010647/plain/junggu.con.xml"""
result/phase_next_pedestrian_augmented_network_20260514_120515/generated_crossing_edge_inventory.csv,file,1.78,obsolete intermediate result,"rm -f ""result/phase_next_pedestrian_augmented_network_20260514_120515/generated_crossing_edge_inventory.csv"""
result/phase_next_119055_junction_tls_pilot_20260514_010647/plain/junggu_119055_v3.nod.xml,file,1.32,obsolete intermediate result,"rm -f ""result/phase_next_119055_junction_tls_pilot_20260514_010647/plain/junggu_119055_v3.nod.xml"""
result/phase_next_119055_junction_tls_pilot_20260514_010647/plain/junggu_119055_v2.nod.xml,file,1.32,obsolete intermediate result,"rm -f ""result/phase_next_119055_junction_tls_pilot_20260514_010647/plain/junggu_119055_v2.nod.xml"""
result/phase_next_119055_junction_tls_pilot_20260514_010647/plain/junggu_119055.nod.xml,file,1.32,obsolete intermediate result,"rm -f ""result/phase_next_119055_junction_tls_pilot_20260514_010647/plain/junggu_119055.nod.xml"""
result/phase_next_119055_junction_tls_pilot_20260514_010647/plain/junggu.nod.xml,file,1.32,obsolete intermediate result,"rm -f ""result/phase_next_119055_junction_tls_pilot_20260514_010647/plain/junggu.nod.xml"""
result/phase_next_pedestrian_augmented_network_20260514_120304/generated_crossing_edge_inventory.csv,file,1.01,obsolete intermediate result,"rm -f ""result/phase_next_pedestrian_augmented_network_20260514_120304/generated_crossing_edge_inventory.csv"""
result/phase_next_pedestrian_augmented_network_20260514_120721/generated_crossing_edge_inventory.csv,file,1.01,obsolete intermediate result,"rm -f ""result/phase_next_pedestrian_augmented_network_20260514_120721/generated_crossing_edge_inventory.csv"""
result/phase_next_pedestrian_augmented_network_20260514_120939/generated_crossing_edge_inventory.csv,file,1.01,obsolete intermediate result,"rm -f ""result/phase_next_pedestrian_augmented_network_20260514_120939/generated_crossing_edge_inventory.csv"""
result/phase_next_pedestrian_augmented_network_20260514_113147/selected_generation_candidates.csv,file,0.87,obsolete intermediate result,"rm -f ""result/phase_next_pedestrian_augmented_network_20260514_113147/selected_generation_candidates.csv"""
result/phase_next_pedestrian_augmented_network_20260514_113417/selected_generation_candidates.csv,file,0.87,obsolete intermediate result,"rm -f ""result/phase_next_pedestrian_augmented_network_20260514_113417/selected_generation_candidates.csv"""
result/phase_next_pedestrian_augmented_network_20260514_113609/selected_generation_candidates.csv,file,0.87,obsolete intermediate result,"rm -f ""result/phase_next_pedestrian_augmented_network_20260514_113609/selected_generation_candidates.csv"""
result/phase_next_pedestrian_augmented_network_20260514_120304/selected_generation_candidates.csv,file,0.87,obsolete intermediate result,"rm -f ""result/phase_next_pedestrian_augmented_network_20260514_120304/selected_generation_candidates.csv"""
result/phase_next_pedestrian_augmented_network_20260514_120515/selected_generation_candidates.csv,file,0.87,obsolete intermediate result,"rm -f ""result/phase_next_pedestrian_augmented_network_20260514_120515/selected_generation_candidates.csv"""
result/phase_next_pedestrian_augmented_network_20260514_120721/selected_generation_candidates.csv,file,0.87,obsolete intermediate result,"rm -f ""result/phase_next_pedestrian_augmented_network_20260514_120721/selected_generation_candidates.csv"""
result/phase_next_pedestrian_augmented_network_20260514_120939/selected_generation_candidates.csv,file,0.87,obsolete intermediate result,"rm -f ""result/phase_next_pedestrian_augmented_network_20260514_120939/selected_generation_candidates.csv"""
result/phase_next_pedestrian_augmented_network_20260514_113008/selected_generation_candidates.csv,file,0.87,obsolete intermediate result,"rm -f ""result/phase_next_pedestrian_augmented_network_20260514_113008/selected_generation_candidates.csv"""
result/phase6_mini_experiment_batch03_5sec_sorted_baseline_20260514_220549/phase6_smoke_baseline_debug_trace.csv,file,0.77,debug trace,"rm -f ""result/phase6_mini_experiment_batch03_5sec_sorted_baseline_20260514_220549/phase6_smoke_baseline_debug_trace.csv"""
result/phase6_mini_experiment_batch03_5sec_sorted_smart_20260514_220549/phase6_smoke_smart_debug_trace.csv,file,0.74,debug trace,"rm -f ""result/phase6_mini_experiment_batch03_5sec_sorted_smart_20260514_220549/phase6_smoke_smart_debug_trace.csv"""
result/phase6_mini_experiment_batch03_5sec_baseline_20260514_220549/phase6_smoke_baseline_debug_trace.csv,file,0.74,debug trace,"rm -f ""result/phase6_mini_experiment_batch03_5sec_baseline_20260514_220549/phase6_smoke_baseline_debug_trace.csv"""
result/phase6_mini_experiment_batch03_baseline_20260514_220549/phase6_smoke_baseline_debug_trace.csv,file,0.74,debug trace,"rm -f ""result/phase6_mini_experiment_batch03_baseline_20260514_220549/phase6_smoke_baseline_debug_trace.csv"""
result/phase6_mini_experiment_batch03_smart_20260514_220549/phase6_smoke_smart_debug_trace.csv,file,0.72,debug trace,"rm -f ""result/phase6_mini_experiment_batch03_smart_20260514_220549/phase6_smoke_smart_debug_trace.csv"""
result/phase6_mini_experiment_batch03_5sec_smart_20260514_220549/phase6_smoke_smart_debug_trace.csv,file,0.72,debug trace,"rm -f ""result/phase6_mini_experiment_batch03_5sec_smart_20260514_220549/phase6_smoke_smart_debug_trace.csv"""
result/phase6_smoke_baseline_20260514_220549/outputs/runtime_registry.csv,file,0.52,obsolete intermediate result,"rm -f ""result/phase6_smoke_baseline_20260514_220549/outputs/runtime_registry.csv"""
result/phase_next_119055_junction_tls_pilot_20260514_010647/plain/junggu.tll.xml,file,0.44,obsolete intermediate result,"rm -f ""result/phase_next_119055_junction_tls_pilot_20260514_010647/plain/junggu.tll.xml"""
result/phase_next_pedestrian_augmented_network_20260514_113008/skipped_generation_candidates.csv,file,0.28,obsolete intermediate result,"rm -f ""result/phase_next_pedestrian_augmented_network_20260514_113008/skipped_generation_candidates.csv"""
result/phase_next_pedestrian_augmented_network_20260514_113147/skipped_generation_candidates.csv,file,0.28,obsolete intermediate result,"rm -f ""result/phase_next_pedestrian_augmented_network_20260514_113147/skipped_generation_candidates.csv"""
result/phase_next_pedestrian_augmented_network_20260514_113417/skipped_generation_candidates.csv,file,0.28,obsolete intermediate result,"rm -f ""result/phase_next_pedestrian_augmented_network_20260514_113417/skipped_generation_candidates.csv"""
result/phase_next_pedestrian_augmented_network_20260514_113609/skipped_generation_candidates.csv,file,0.28,obsolete intermediate result,"rm -f ""result/phase_next_pedestrian_augmented_network_20260514_113609/skipped_generation_candidates.csv"""
result/phase_next_pedestrian_augmented_network_20260514_120304/skipped_generation_candidates.csv,file,0.28,obsolete intermediate result,"rm -f ""result/phase_next_pedestrian_augmented_network_20260514_120304/skipped_generation_candidates.csv"""
result/phase_next_pedestrian_augmented_network_20260514_120515/skipped_generation_candidates.csv,file,0.28,obsolete intermediate result,"rm -f ""result/phase_next_pedestrian_augmented_network_20260514_120515/skipped_generation_candidates.csv"""
result/phase_next_pedestrian_augmented_network_20260514_120721/skipped_generation_candidates.csv,file,0.28,obsolete intermediate result,"rm -f ""result/phase_next_pedestrian_augmented_network_20260514_120721/skipped_generation_candidates.csv"""
result/phase_next_pedestrian_augmented_network_20260514_120939/skipped_generation_candidates.csv,file,0.28,obsolete intermediate result,"rm -f ""result/phase_next_pedestrian_augmented_network_20260514_120939/skipped_generation_candidates.csv"""
result/phase_next_max_recovery_20260514_194109/manual_review_recovery_candidates.csv,file,0.20,obsolete intermediate result,"rm -f ""result/phase_next_max_recovery_20260514_194109/manual_review_recovery_candidates.csv"""
result/t2_generated_crosswalks_20260513_221249/real_vs_sumo_validation.csv,file,0.17,obsolete intermediate result,"rm -f ""result/t2_generated_crosswalks_20260513_221249/real_vs_sumo_validation.csv"""
result/phase_next_pedestrian_augmented_network_20260514_120939/fixed_post_augmented_signal_audit.csv,file,0.16,obsolete intermediate result,"rm -f ""result/phase_next_pedestrian_augmented_network_20260514_120939/fixed_post_augmented_signal_audit.csv"""
result/phase_next_pedestrian_augmented_network_20260514_120939/post_augmented_signal_audit.csv,file,0.16,obsolete intermediate result,"rm -f ""result/phase_next_pedestrian_augmented_network_20260514_120939/post_augmented_signal_audit.csv"""
result/phase_next_pedestrian_augmented_network_20260514_120515/fixed_post_augmented_signal_audit.csv,file,0.16,obsolete intermediate result,"rm -f ""result/phase_next_pedestrian_augmented_network_20260514_120515/fixed_post_augmented_signal_audit.csv"""
result/phase_next_pedestrian_augmented_network_20260514_120515/post_augmented_signal_audit.csv,file,0.16,obsolete intermediate result,"rm -f ""result/phase_next_pedestrian_augmented_network_20260514_120515/post_augmented_signal_audit.csv"""
result/phase_next_pedestrian_augmented_network_20260514_120721/fixed_post_augmented_signal_audit.csv,file,0.16,obsolete intermediate result,"rm -f ""result/phase_next_pedestrian_augmented_network_20260514_120721/fixed_post_augmented_signal_audit.csv"""
result/phase_next_pedestrian_augmented_network_20260514_120721/post_augmented_signal_audit.csv,file,0.16,obsolete intermediate result,"rm -f ""result/phase_next_pedestrian_augmented_network_20260514_120721/post_augmented_signal_audit.csv"""
result/phase_next_pedestrian_augmented_network_20260514_113417/post_augmented_signal_audit.csv,file,0.16,obsolete intermediate result,"rm -f ""result/phase_next_pedestrian_augmented_network_20260514_113417/post_augmented_signal_audit.csv"""
result/phase_next_pedestrian_augmented_network_20260514_113609/post_augmented_signal_audit.csv,file,0.16,obsolete intermediate result,"rm -f ""result/phase_next_pedestrian_augmented_network_20260514_113609/post_augmented_signal_audit.csv"""
result/phase_next_pedestrian_augmented_network_20260514_120304/fixed_post_augmented_signal_audit.csv,file,0.16,obsolete intermediate result,"rm -f ""result/phase_next_pedestrian_augmented_network_20260514_120304/fixed_post_augmented_signal_audit.csv"""
result/phase_next_pedestrian_augmented_network_20260514_120304/post_augmented_signal_audit.csv,file,0.16,obsolete intermediate result,"rm -f ""result/phase_next_pedestrian_augmented_network_20260514_120304/post_augmented_signal_audit.csv"""
result/phase_next_pedestrian_augmented_network_20260514_113147/geometry_reject_candidates.csv,file,0.16,obsolete intermediate result,"rm -f ""result/phase_next_pedestrian_augmented_network_20260514_113147/geometry_reject_candidates.csv"""
result/phase_next_pedestrian_augmented_network_20260514_113147/post_augmented_signal_audit.csv,file,0.16,obsolete intermediate result,"rm -f ""result/phase_next_pedestrian_augmented_network_20260514_113147/post_augmented_signal_audit.csv"""
result/phase_next_pedestrian_augmented_network_20260514_113008/geometry_reject_candidates.csv,file,0.16,obsolete intermediate result,"rm -f ""result/phase_next_pedestrian_augmented_network_20260514_113008/geometry_reject_candidates.csv"""
result/phase_next_pedestrian_augmented_network_20260514_113008/post_augmented_signal_audit.csv,file,0.16,obsolete intermediate result,"rm -f ""result/phase_next_pedestrian_augmented_network_20260514_113008/post_augmented_signal_audit.csv"""
result/phase_next_pedestrian_augmented_network_20260514_120515/post_augmented_crossing_audit.csv,file,0.11,obsolete intermediate result,"rm -f ""result/phase_next_pedestrian_augmented_network_20260514_120515/post_augmented_crossing_audit.csv"""
result/phase_next_pedestrian_augmented_network_20260514_120721/post_augmented_crossing_audit.csv,file,0.11,obsolete intermediate result,"rm -f ""result/phase_next_pedestrian_augmented_network_20260514_120721/post_augmented_crossing_audit.csv"""
result/phase_next_pedestrian_augmented_network_20260514_113417/post_augmented_crossing_audit.csv,file,0.11,obsolete intermediate result,"rm -f ""result/phase_next_pedestrian_augmented_network_20260514_113417/post_augmented_crossing_audit.csv"""
result/phase_next_pedestrian_augmented_network_20260514_113609/post_augmented_crossing_audit.csv,file,0.11,obsolete intermediate result,"rm -f ""result/phase_next_pedestrian_augmented_network_20260514_113609/post_augmented_crossing_audit.csv"""
result/phase_next_pedestrian_augmented_network_20260514_120304/post_augmented_crossing_audit.csv,file,0.11,obsolete intermediate result,"rm -f ""result/phase_next_pedestrian_augmented_network_20260514_120304/post_augmented_crossing_audit.csv"""
result/phase_next_pedestrian_augmented_network_20260514_120939/post_augmented_crossing_audit.csv,file,0.11,obsolete intermediate result,"rm -f ""result/phase_next_pedestrian_augmented_network_20260514_120939/post_augmented_crossing_audit.csv"""
result/phase_next_pedestrian_augmented_network_20260514_113147/post_augmented_crossing_audit.csv,file,0.11,obsolete intermediate result,"rm -f ""result/phase_next_pedestrian_augmented_network_20260514_113147/post_augmented_crossing_audit.csv"""
result/phase_next_pedestrian_augmented_network_20260514_113008/post_augmented_crossing_audit.csv,file,0.11,obsolete intermediate result,"rm -f ""result/phase_next_pedestrian_augmented_network_20260514_113008/post_augmented_crossing_audit.csv"""
result/t2_generated_crosswalks_20260513_185330/t2_crosswalk_generation_candidates.csv,file,0.11,obsolete intermediate result,"rm -f ""result/t2_generated_crosswalks_20260513_185330/t2_crosswalk_generation_candidates.csv"""
result/t2_generated_crosswalks_20260513_221249/t2_crosswalk_generation_candidates.csv,file,0.11,obsolete intermediate result,"rm -f ""result/t2_generated_crosswalks_20260513_221249/t2_crosswalk_generation_candidates.csv"""
result/phase6_recovery_smoke_baseline_20260514_220549/phase6_smoke_baseline_debug_trace.csv,file,0.11,debug trace,"rm -f ""result/phase6_recovery_smoke_baseline_20260514_220549/phase6_smoke_baseline_debug_trace.csv"""
result/phase_next_pedestrian_augmented_network_20260514_120515/tls_creation_candidates.csv,file,0.10,obsolete intermediate result,"rm -f ""result/phase_next_pedestrian_augmented_network_20260514_120515/tls_creation_candidates.csv"""
result/phase_next_pedestrian_augmented_network_20260514_120721/tls_creation_candidates.csv,file,0.10,obsolete intermediate result,"rm -f ""result/phase_next_pedestrian_augmented_network_20260514_120721/tls_creation_candidates.csv"""
result/phase_next_pedestrian_augmented_network_20260514_120939/tls_creation_candidates.csv,file,0.10,obsolete intermediate result,"rm -f ""result/phase_next_pedestrian_augmented_network_20260514_120939/tls_creation_candidates.csv"""
result/phase_next_pedestrian_augmented_network_20260514_113417/tls_creation_candidates.csv,file,0.10,obsolete intermediate result,"rm -f ""result/phase_next_pedestrian_augmented_network_20260514_113417/tls_creation_candidates.csv"""
result/phase_next_pedestrian_augmented_network_20260514_113609/tls_creation_candidates.csv,file,0.10,obsolete intermediate result,"rm -f ""result/phase_next_pedestrian_augmented_network_20260514_113609/tls_creation_candidates.csv"""
result/phase_next_pedestrian_augmented_network_20260514_120304/tls_creation_candidates.csv,file,0.10,obsolete intermediate result,"rm -f ""result/phase_next_pedestrian_augmented_network_20260514_120304/tls_creation_candidates.csv"""
result/phase6_recovery_smoke_smart_20260514_220549/phase6_smoke_smart_debug_trace.csv,file,0.10,debug trace,"rm -f ""result/phase6_recovery_smoke_smart_20260514_220549/phase6_smoke_smart_debug_trace.csv"""
result/phase_next_multi_crosswalk_recovery_20260514_015058/recovery_candidate_pool.csv,file,0.09,obsolete intermediate result,"rm -f ""result/phase_next_multi_crosswalk_recovery_20260514_015058/recovery_candidate_pool.csv"""
result/t2_generated_crosswalks_20260513_185330/generated_crossings.con.xml,file,0.09,obsolete intermediate result,"rm -f ""result/t2_generated_crosswalks_20260513_185330/generated_crossings.con.xml"""
result/t2_generated_crosswalks_20260513_221249/generated_crossings.con.xml,file,0.09,obsolete intermediate result,"rm -f ""result/t2_generated_crosswalks_20260513_221249/generated_crossings.con.xml"""
result/phase_next_pedestrian_augmented_network_20260514_120939/network_load_validation.csv,file,0.07,obsolete intermediate result,"rm -f ""result/phase_next_pedestrian_augmented_network_20260514_120939/network_load_validation.csv"""
result/phase_next_pedestrian_augmented_network_20260514_120515/network_load_validation.csv,file,0.07,obsolete intermediate result,"rm -f ""result/phase_next_pedestrian_augmented_network_20260514_120515/network_load_validation.csv"""
result/phase_next_pedestrian_augmented_network_20260514_120721/network_load_validation.csv,file,0.07,obsolete intermediate result,"rm -f ""result/phase_next_pedestrian_augmented_network_20260514_120721/network_load_validation.csv"""
result/phase_next_pedestrian_augmented_network_20260514_113417/network_load_validation.csv,file,0.07,obsolete intermediate result,"rm -f ""result/phase_next_pedestrian_augmented_network_20260514_113417/network_load_validation.csv"""
result/phase_next_pedestrian_augmented_network_20260514_113609/network_load_validation.csv,file,0.07,obsolete intermediate result,"rm -f ""result/phase_next_pedestrian_augmented_network_20260514_113609/network_load_validation.csv"""
result/phase_next_pedestrian_augmented_network_20260514_120304/network_load_validation.csv,file,0.07,obsolete intermediate result,"rm -f ""result/phase_next_pedestrian_augmented_network_20260514_120304/network_load_validation.csv"""
result/phase_next_pedestrian_augmented_network_20260514_113008/network_load_validation.csv,file,0.07,obsolete intermediate result,"rm -f ""result/phase_next_pedestrian_augmented_network_20260514_113008/network_load_validation.csv"""
result/phase_next_pedestrian_augmented_network_20260514_113147/network_load_validation.csv,file,0.07,obsolete intermediate result,"rm -f ""result/phase_next_pedestrian_augmented_network_20260514_113147/network_load_validation.csv"""
result/phase_next_top20_crosswalk_recovery_20260514_021229/all_ranked_candidates.csv,file,0.06,obsolete intermediate result,"rm -f ""result/phase_next_top20_crosswalk_recovery_20260514_021229/all_ranked_candidates.csv"""
result/phase_next_max_recovery_20260514_194109/geometry_recovery_candidates.csv,file,0.06,obsolete intermediate result,"rm -f ""result/phase_next_max_recovery_20260514_194109/geometry_recovery_candidates.csv"""
result/phase_next_tierwise_expansion_20260514_125338/geometry_reject_or_manual_hold.csv,file,0.06,obsolete intermediate result,"rm -f ""result/phase_next_tierwise_expansion_20260514_125338/geometry_reject_or_manual_hold.csv"""
result/phase_next_tierwise_expansion_20260514_125436/geometry_reject_or_manual_hold.csv,file,0.06,obsolete intermediate result,"rm -f ""result/phase_next_tierwise_expansion_20260514_125436/geometry_reject_or_manual_hold.csv"""
result/phase_next_junction_factory_20260514_024017/__pycache__/run_junction_factory.cpython-312.pyc,file,0.05,obsolete intermediate result,"rm -f ""result/phase_next_junction_factory_20260514_024017/__pycache__/run_junction_factory.cpython-312.pyc"""
result/phase_next_pedestrian_augmented_network_20260514_120939/_phase6_smoke/122/personsummary.xml,file,0.05,obsolete intermediate result,"rm -f ""result/phase_next_pedestrian_augmented_network_20260514_120939/_phase6_smoke/122/personsummary.xml"""
result/phase_next_pedestrian_augmented_network_20260514_120939/_phase6_smoke/374/personsummary.xml,file,0.05,obsolete intermediate result,"rm -f ""result/phase_next_pedestrian_augmented_network_20260514_120939/_phase6_smoke/374/personsummary.xml"""
result/phase_next_pedestrian_augmented_network_20260514_120939/_phase6_smoke/503/personsummary.xml,file,0.05,obsolete intermediate result,"rm -f ""result/phase_next_pedestrian_augmented_network_20260514_120939/_phase6_smoke/503/personsummary.xml"""
result/phase_next_pedestrian_augmented_network_20260514_120939/_phase6_smoke/608/personsummary.xml,file,0.05,obsolete intermediate result,"rm -f ""result/phase_next_pedestrian_augmented_network_20260514_120939/_phase6_smoke/608/personsummary.xml"""
result/phase_next_pedestrian_augmented_network_20260514_120939/_phase6_smoke/771/personsummary.xml,file,0.05,obsolete intermediate result,"rm -f ""result/phase_next_pedestrian_augmented_network_20260514_120939/_phase6_smoke/771/personsummary.xml"""
result/phase_next_pedestrian_augmented_network_20260514_120939/_phase6_smoke/780/personsummary.xml,file,0.05,obsolete intermediate result,"rm -f ""result/phase_next_pedestrian_augmented_network_20260514_120939/_phase6_smoke/780/personsummary.xml"""
result/phase_next_pedestrian_augmented_network_20260514_120939/_phase6_smoke/786/personsummary.xml,file,0.05,obsolete intermediate result,"rm -f ""result/phase_next_pedestrian_augmented_network_20260514_120939/_phase6_smoke/786/personsummary.xml"""
result/phase_next_pedestrian_augmented_network_20260514_120939/_phase6_smoke/88/personsummary.xml,file,0.05,obsolete intermediate result,"rm -f ""result/phase_next_pedestrian_augmented_network_20260514_120939/_phase6_smoke/88/personsummary.xml"""
result/phase_next_pedestrian_augmented_network_20260514_120939/_phase6_smoke/89/personsummary.xml,file,0.05,obsolete intermediate result,"rm -f ""result/phase_next_pedestrian_augmented_network_20260514_120939/_phase6_smoke/89/personsummary.xml"""
result/phase_next_pedestrian_augmented_network_20260514_120939/_phase6_smoke/90/personsummary.xml,file,0.05,obsolete intermediate result,"rm -f ""result/phase_next_pedestrian_augmented_network_20260514_120939/_phase6_smoke/90/personsummary.xml"""
result/junggu_osm_network_20260513_184417/network_validation.csv,file,0.05,obsolete intermediate result,"rm -f ""result/junggu_osm_network_20260513_184417/network_validation.csv"""
result/phase_next_real_csv_generation_samples_20260514_104959/run_real_csv_generation_samples.py,file,0.05,obsolete intermediate result,"rm -f ""result/phase_next_real_csv_generation_samples_20260514_104959/run_real_csv_generation_samples.py"""
result/phase_next_max_recovery_20260514_194109/phase6_ready_candidates_total_updated.csv,file,0.04,obsolete intermediate result,"rm -f ""result/phase_next_max_recovery_20260514_194109/phase6_ready_candidates_total_updated.csv"""
result/phase_next_pedestrian_augmented_network_20260514_113417/manual_review_candidates.csv,file,0.04,obsolete intermediate result,"rm -f ""result/phase_next_pedestrian_augmented_network_20260514_113417/manual_review_candidates.csv"""
result/phase_next_pedestrian_augmented_network_20260514_113609/manual_review_candidates.csv,file,0.04,obsolete intermediate result,"rm -f ""result/phase_next_pedestrian_augmented_network_20260514_113609/manual_review_candidates.csv"""
result/phase_next_pedestrian_augmented_network_20260514_120304/manual_review_candidates.csv,file,0.04,obsolete intermediate result,"rm -f ""result/phase_next_pedestrian_augmented_network_20260514_120304/manual_review_candidates.csv"""
result/phase_next_pedestrian_augmented_network_20260514_120515/manual_review_candidates.csv,file,0.04,obsolete intermediate result,"rm -f ""result/phase_next_pedestrian_augmented_network_20260514_120515/manual_review_candidates.csv"""
result/phase_next_pedestrian_augmented_network_20260514_120721/manual_review_candidates.csv,file,0.04,obsolete intermediate result,"rm -f ""result/phase_next_pedestrian_augmented_network_20260514_120721/manual_review_candidates.csv"""
result/phase_next_pedestrian_augmented_network_20260514_120939/manual_review_candidates.csv,file,0.04,obsolete intermediate result,"rm -f ""result/phase_next_pedestrian_augmented_network_20260514_120939/manual_review_candidates.csv"""
result/phase_next_junction_factory_20260514_024017/run_junction_factory.py,file,0.04,obsolete intermediate result,"rm -f ""result/phase_next_junction_factory_20260514_024017/run_junction_factory.py"""
result/phase_next_tierwise_expansion_continue_20260514_135146/phase6_ready_candidates_total.csv,file,0.04,obsolete intermediate result,"rm -f ""result/phase_next_tierwise_expansion_continue_20260514_135146/phase6_ready_candidates_total.csv"""
result/phase_next_tierwise_expansion_continue_20260514_134922/phase6_ready_candidates_total.csv,file,0.03,obsolete intermediate result,"rm -f ""result/phase_next_tierwise_expansion_continue_20260514_134922/phase6_ready_candidates_total.csv"""
result/phase_next_pedestrian_augmented_network_20260514_112945/explicit_crossing_patch_candidates.csv,file,0.03,obsolete intermediate result,"rm -f ""result/phase_next_pedestrian_augmented_network_20260514_112945/explicit_crossing_patch_candidates.csv"""
result/phase_next_pedestrian_augmented_network_20260514_113008/explicit_crossing_patch_candidates.csv,file,0.03,obsolete intermediate result,"rm -f ""result/phase_next_pedestrian_augmented_network_20260514_113008/explicit_crossing_patch_candidates.csv"""
result/phase_next_pedestrian_augmented_network_20260514_113147/explicit_crossing_patch_candidates.csv,file,0.03,obsolete intermediate result,"rm -f ""result/phase_next_pedestrian_augmented_network_20260514_113147/explicit_crossing_patch_candidates.csv"""
result/phase_next_pedestrian_augmented_network_20260514_113417/explicit_crossing_patch_candidates.csv,file,0.03,obsolete intermediate result,"rm -f ""result/phase_next_pedestrian_augmented_network_20260514_113417/explicit_crossing_patch_candidates.csv"""
result/phase_next_pedestrian_augmented_network_20260514_113609/explicit_crossing_patch_candidates.csv,file,0.03,obsolete intermediate result,"rm -f ""result/phase_next_pedestrian_augmented_network_20260514_113609/explicit_crossing_patch_candidates.csv"""
result/phase_next_pedestrian_augmented_network_20260514_120304/explicit_crossing_patch_candidates.csv,file,0.03,obsolete intermediate result,"rm -f ""result/phase_next_pedestrian_augmented_network_20260514_120304/explicit_crossing_patch_candidates.csv"""
result/phase_next_pedestrian_augmented_network_20260514_120515/explicit_crossing_patch_candidates.csv,file,0.03,obsolete intermediate result,"rm -f ""result/phase_next_pedestrian_augmented_network_20260514_120515/explicit_crossing_patch_candidates.csv"""
result/phase_next_pedestrian_augmented_network_20260514_120721/explicit_crossing_patch_candidates.csv,file,0.03,obsolete intermediate result,"rm -f ""result/phase_next_pedestrian_augmented_network_20260514_120721/explicit_crossing_patch_candidates.csv"""
result/phase_next_pedestrian_augmented_network_20260514_120939/explicit_crossing_patch_candidates.csv,file,0.03,obsolete intermediate result,"rm -f ""result/phase_next_pedestrian_augmented_network_20260514_120939/explicit_crossing_patch_candidates.csv"""
result/phase_next_tierwise_expansion_continue_20260514_134922/tls_creation_batch_results.csv,file,0.03,obsolete intermediate result,"rm -f ""result/phase_next_tierwise_expansion_continue_20260514_134922/tls_creation_batch_results.csv"""
result/phase_next_tierwise_expansion_continue_20260514_135146/tls_creation_batch_results.csv,file,0.03,obsolete intermediate result,"rm -f ""result/phase_next_tierwise_expansion_continue_20260514_135146/tls_creation_batch_results.csv"""
result/phase6_smoke_baseline_20260514_220549/sumo_nets/integrated_selected/netconvert.log,file,0.03,obsolete intermediate result,"rm -f ""result/phase6_smoke_baseline_20260514_220549/sumo_nets/integrated_selected/netconvert.log"""
result/phase_next_pedestrian_augmented_network_20260514_112945/tls_creation_node_patch_candidates.csv,file,0.02,obsolete intermediate result,"rm -f ""result/phase_next_pedestrian_augmented_network_20260514_112945/tls_creation_node_patch_candidates.csv"""
result/phase_next_pedestrian_augmented_network_20260514_113008/tls_creation_node_patch_candidates.csv,file,0.02,obsolete intermediate result,"rm -f ""result/phase_next_pedestrian_augmented_network_20260514_113008/tls_creation_node_patch_candidates.csv"""
result/phase_next_pedestrian_augmented_network_20260514_113147/tls_creation_node_patch_candidates.csv,file,0.02,obsolete intermediate result,"rm -f ""result/phase_next_pedestrian_augmented_network_20260514_113147/tls_creation_node_patch_candidates.csv"""
result/phase_next_pedestrian_augmented_network_20260514_113417/tls_creation_node_patch_candidates.csv,file,0.02,obsolete intermediate result,"rm -f ""result/phase_next_pedestrian_augmented_network_20260514_113417/tls_creation_node_patch_candidates.csv"""
result/phase_next_pedestrian_augmented_network_20260514_113609/tls_creation_node_patch_candidates.csv,file,0.02,obsolete intermediate result,"rm -f ""result/phase_next_pedestrian_augmented_network_20260514_113609/tls_creation_node_patch_candidates.csv"""
result/phase_next_pedestrian_augmented_network_20260514_120304/tls_creation_node_patch_candidates.csv,file,0.02,obsolete intermediate result,"rm -f ""result/phase_next_pedestrian_augmented_network_20260514_120304/tls_creation_node_patch_candidates.csv"""
result/phase_next_pedestrian_augmented_network_20260514_120515/tls_creation_node_patch_candidates.csv,file,0.02,obsolete intermediate result,"rm -f ""result/phase_next_pedestrian_augmented_network_20260514_120515/tls_creation_node_patch_candidates.csv"""
result/phase_next_pedestrian_augmented_network_20260514_120721/tls_creation_node_patch_candidates.csv,file,0.02,obsolete intermediate result,"rm -f ""result/phase_next_pedestrian_augmented_network_20260514_120721/tls_creation_node_patch_candidates.csv"""
result/phase_next_pedestrian_augmented_network_20260514_120939/tls_creation_node_patch_candidates.csv,file,0.02,obsolete intermediate result,"rm -f ""result/phase_next_pedestrian_augmented_network_20260514_120939/tls_creation_node_patch_candidates.csv"""
result/phase511_netedit_119055_20260514_003850/__pycache__/phase511_netedit_validation_after_save.cpython-312.pyc,file,0.02,obsolete intermediate result,"rm -f ""result/phase511_netedit_119055_20260514_003850/__pycache__/phase511_netedit_validation_after_save.cpython-312.pyc"""
result/phase_next_tierwise_expansion_continue_20260514_134922/tls_creation_promoted_candidates.csv,file,0.02,obsolete intermediate result,"rm -f ""result/phase_next_tierwise_expansion_continue_20260514_134922/tls_creation_promoted_candidates.csv"""
result/phase_next_tierwise_expansion_continue_20260514_135146/tls_creation_promoted_candidates.csv,file,0.02,obsolete intermediate result,"rm -f ""result/phase_next_tierwise_expansion_continue_20260514_135146/tls_creation_promoted_candidates.csv"""
result/phase_next_tierwise_expansion_20260514_125436/post_augmented_signal_audit.csv,file,0.02,obsolete intermediate result,"rm -f ""result/phase_next_tierwise_expansion_20260514_125436/post_augmented_signal_audit.csv"""
result/phase_next_tierwise_expansion_20260514_125436/tierwise_tls_creation_results.csv,file,0.02,obsolete intermediate result,"rm -f ""result/phase_next_tierwise_expansion_20260514_125436/tierwise_tls_creation_results.csv"""
result/phase_next_pedestrian_augmented_network_20260514_113417/geometry_reject_candidates.csv,file,0.02,obsolete intermediate result,"rm -f ""result/phase_next_pedestrian_augmented_network_20260514_113417/geometry_reject_candidates.csv"""
result/phase_next_pedestrian_augmented_network_20260514_113609/geometry_reject_candidates.csv,file,0.02,obsolete intermediate result,"rm -f ""result/phase_next_pedestrian_augmented_network_20260514_113609/geometry_reject_candidates.csv"""
result/phase_next_pedestrian_augmented_network_20260514_120304/geometry_reject_candidates.csv,file,0.02,obsolete intermediate result,"rm -f ""result/phase_next_pedestrian_augmented_network_20260514_120304/geometry_reject_candidates.csv"""
result/phase_next_tierwise_expansion_20260514_125436/tls_creation_results.csv,file,0.02,obsolete intermediate result,"rm -f ""result/phase_next_tierwise_expansion_20260514_125436/tls_creation_results.csv"""
result/phase_next_multi_crosswalk_recovery_20260514_015058/02_recover_top5.py,file,0.02,obsolete intermediate result,"rm -f ""result/phase_next_multi_crosswalk_recovery_20260514_015058/02_recover_top5.py"""
result/phase_next_pedestrian_augmented_network_20260514_112945/tls_creation_node_patch.nod.xml,file,0.02,obsolete intermediate result,"rm -f ""result/phase_next_pedestrian_augmented_network_20260514_112945/tls_creation_node_patch.nod.xml"""
result/phase_next_pedestrian_augmented_network_20260514_113008/tls_creation_node_patch.nod.xml,file,0.02,obsolete intermediate result,"rm -f ""result/phase_next_pedestrian_augmented_network_20260514_113008/tls_creation_node_patch.nod.xml"""
result/phase_next_pedestrian_augmented_network_20260514_113147/tls_creation_node_patch.nod.xml,file,0.02,obsolete intermediate result,"rm -f ""result/phase_next_pedestrian_augmented_network_20260514_113147/tls_creation_node_patch.nod.xml"""
result/phase_next_pedestrian_augmented_network_20260514_113417/tls_creation_node_patch.nod.xml,file,0.02,obsolete intermediate result,"rm -f ""result/phase_next_pedestrian_augmented_network_20260514_113417/tls_creation_node_patch.nod.xml"""
result/phase_next_pedestrian_augmented_network_20260514_113609/tls_creation_node_patch.nod.xml,file,0.02,obsolete intermediate result,"rm -f ""result/phase_next_pedestrian_augmented_network_20260514_113609/tls_creation_node_patch.nod.xml"""
result/phase_next_pedestrian_augmented_network_20260514_120304/tls_creation_node_patch.nod.xml,file,0.02,obsolete intermediate result,"rm -f ""result/phase_next_pedestrian_augmented_network_20260514_120304/tls_creation_node_patch.nod.xml"""
result/phase_next_pedestrian_augmented_network_20260514_120515/tls_creation_node_patch.nod.xml,file,0.02,obsolete intermediate result,"rm -f ""result/phase_next_pedestrian_augmented_network_20260514_120515/tls_creation_node_patch.nod.xml"""
result/phase_next_pedestrian_augmented_network_20260514_120721/tls_creation_node_patch.nod.xml,file,0.02,obsolete intermediate result,"rm -f ""result/phase_next_pedestrian_augmented_network_20260514_120721/tls_creation_node_patch.nod.xml"""
result/phase_next_pedestrian_augmented_network_20260514_120939/tls_creation_node_patch.nod.xml,file,0.02,obsolete intermediate result,"rm -f ""result/phase_next_pedestrian_augmented_network_20260514_120939/tls_creation_node_patch.nod.xml"""
result/phase_next_pedestrian_augmented_network_20260514_120515/geometry_reject_candidates.csv,file,0.02,obsolete intermediate result,"rm -f ""result/phase_next_pedestrian_augmented_network_20260514_120515/geometry_reject_candidates.csv"""
result/phase_next_pedestrian_augmented_network_20260514_120721/geometry_reject_candidates.csv,file,0.02,obsolete intermediate result,"rm -f ""result/phase_next_pedestrian_augmented_network_20260514_120721/geometry_reject_candidates.csv"""
result/phase_next_top20_crosswalk_recovery_20260514_021229/02_recover_top20.py,file,0.02,obsolete intermediate result,"rm -f ""result/phase_next_top20_crosswalk_recovery_20260514_021229/02_recover_top20.py"""
result/phase511_netedit_119055_20260514_003850/phase511_netedit_validation_after_save.py,file,0.02,obsolete intermediate result,"rm -f ""result/phase511_netedit_119055_20260514_003850/phase511_netedit_validation_after_save.py"""
result/phase_next_pedestrian_augmented_network_20260514_120939/geometry_reject_candidates.csv,file,0.01,obsolete intermediate result,"rm -f ""result/phase_next_pedestrian_augmented_network_20260514_120939/geometry_reject_candidates.csv"""
result/phase_next_tierwise_expansion_20260514_125338/post_augmented_signal_audit.csv,file,0.01,obsolete intermediate result,"rm -f ""result/phase_next_tierwise_expansion_20260514_125338/post_augmented_signal_audit.csv"""
result/phase_next_tierwise_expansion_20260514_125338/tierwise_tls_creation_results.csv,file,0.01,obsolete intermediate result,"rm -f ""result/phase_next_tierwise_expansion_20260514_125338/tierwise_tls_creation_results.csv"""
result/phase_next_tierwise_expansion_20260514_125436/next_phase6_experiment_candidates.csv,file,0.01,obsolete intermediate result,"rm -f ""result/phase_next_tierwise_expansion_20260514_125436/next_phase6_experiment_candidates.csv"""
result/phase_next_tierwise_expansion_20260514_125436/phase6_ready_candidates.csv,file,0.01,obsolete intermediate result,"rm -f ""result/phase_next_tierwise_expansion_20260514_125436/phase6_ready_candidates.csv"""
result/phase_next_multi_crosswalk_recovery_20260514_015058/01_find_candidates.py,file,0.01,obsolete intermediate result,"rm -f ""result/phase_next_multi_crosswalk_recovery_20260514_015058/01_find_candidates.py"""
result/phase510_119055_insert_split_20260514_002633/phase511_netedit_119055_manual_recovery.md,file,0.01,obsolete intermediate result,"rm -f ""result/phase510_119055_insert_split_20260514_002633/phase511_netedit_119055_manual_recovery.md"""
result/phase_next_pedestrian_augmented_network_20260514_120939/_phase6_smoke/640/personsummary.xml,file,0.01,obsolete intermediate result,"rm -f ""result/phase_next_pedestrian_augmented_network_20260514_120939/_phase6_smoke/640/personsummary.xml"""
result/phase_next_junction_factory_20260514_024017/red_only_phase_diagnosis.csv,file,0.01,obsolete intermediate result,"rm -f ""result/phase_next_junction_factory_20260514_024017/red_only_phase_diagnosis.csv"""
result/phase_next_top20_crosswalk_recovery_20260514_021229/01_select_top20_candidates.py,file,0.01,obsolete intermediate result,"rm -f ""result/phase_next_top20_crosswalk_recovery_20260514_021229/01_select_top20_candidates.py"""
result/phase_next_top20_crosswalk_recovery_20260514_021229/excluded_candidates_reason.csv,file,0.01,obsolete intermediate result,"rm -f ""result/phase_next_top20_crosswalk_recovery_20260514_021229/excluded_candidates_reason.csv"""
result/phase_next_pedestrian_augmented_network_20260514_120304/explicit_crossing_patch.nod.xml,file,0.01,obsolete intermediate result,"rm -f ""result/phase_next_pedestrian_augmented_network_20260514_120304/explicit_crossing_patch.nod.xml"""
result/phase_next_pedestrian_augmented_network_20260514_120515/explicit_crossing_patch.nod.xml,file,0.01,obsolete intermediate result,"rm -f ""result/phase_next_pedestrian_augmented_network_20260514_120515/explicit_crossing_patch.nod.xml"""
result/phase_next_pedestrian_augmented_network_20260514_120721/explicit_crossing_patch.nod.xml,file,0.01,obsolete intermediate result,"rm -f ""result/phase_next_pedestrian_augmented_network_20260514_120721/explicit_crossing_patch.nod.xml"""
result/phase_next_pedestrian_augmented_network_20260514_120939/explicit_crossing_patch.nod.xml,file,0.01,obsolete intermediate result,"rm -f ""result/phase_next_pedestrian_augmented_network_20260514_120939/explicit_crossing_patch.nod.xml"""
result/phase_next_tierwise_expansion_20260514_125338/post_augmented_crossing_audit.csv,file,0.01,obsolete intermediate result,"rm -f ""result/phase_next_tierwise_expansion_20260514_125338/post_augmented_crossing_audit.csv"""
result/phase_next_tierwise_expansion_20260514_125436/post_augmented_crossing_audit.csv,file,0.01,obsolete intermediate result,"rm -f ""result/phase_next_tierwise_expansion_20260514_125436/post_augmented_crossing_audit.csv"""
result/phase511_netedit_119055_20260514_003850/phase511_netedit_operator_guide.md,file,0.01,obsolete intermediate result,"rm -f ""result/phase511_netedit_119055_20260514_003850/phase511_netedit_operator_guide.md"""
result/t2_generated_crosswalks_20260513_221249/FINAL_REPORT.md,file,0.01,obsolete intermediate result,"rm -f ""result/t2_generated_crosswalks_20260513_221249/FINAL_REPORT.md"""
result/phase510_119055_insert_split_20260514_002633/FINAL_PHASE510_SUMMARY.md,file,0.01,obsolete intermediate result,"rm -f ""result/phase510_119055_insert_split_20260514_002633/FINAL_PHASE510_SUMMARY.md"""
result/phase510_119055_insert_split_20260514_002633/PHASE511_RECOVERY_PLAN.md,file,0.01,obsolete intermediate result,"rm -f ""result/phase510_119055_insert_split_20260514_002633/PHASE511_RECOVERY_PLAN.md"""
result/phase_next_multi_crosswalk_recovery_20260514_015058/candidate_72235/netconvert.log,file,0.01,obsolete intermediate result,"rm -f ""result/phase_next_multi_crosswalk_recovery_20260514_015058/candidate_72235/netconvert.log"""
result/phase_next_119055_junction_tls_pilot_20260514_010647/pilot_generation_v6.log,file,0.01,obsolete intermediate result,"rm -f ""result/phase_next_119055_junction_tls_pilot_20260514_010647/pilot_generation_v6.log"""
result/phase_next_multi_crosswalk_recovery_20260514_015058/candidate_125895/netconvert.log,file,0.01,obsolete intermediate result,"rm -f ""result/phase_next_multi_crosswalk_recovery_20260514_015058/candidate_125895/netconvert.log"""
result/phase_next_multi_crosswalk_recovery_20260514_015058/candidate_23040/netconvert.log,file,0.01,obsolete intermediate result,"rm -f ""result/phase_next_multi_crosswalk_recovery_20260514_015058/candidate_23040/netconvert.log"""
result/phase_next_multi_crosswalk_recovery_20260514_015058/candidate_6531/netconvert.log,file,0.01,obsolete intermediate result,"rm -f ""result/phase_next_multi_crosswalk_recovery_20260514_015058/candidate_6531/netconvert.log"""
result/phase_next_multi_crosswalk_recovery_20260514_015058/candidate_8568/netconvert.log,file,0.01,obsolete intermediate result,"rm -f ""result/phase_next_multi_crosswalk_recovery_20260514_015058/candidate_8568/netconvert.log"""
result/phase_next_top20_crosswalk_recovery_20260514_021229/candidate_151/netconvert.log,file,0.01,obsolete intermediate result,"rm -f ""result/phase_next_top20_crosswalk_recovery_20260514_021229/candidate_151/netconvert.log"""
result/phase_next_top20_crosswalk_recovery_20260514_021229/candidate_15197/netconvert.log,file,0.01,obsolete intermediate result,"rm -f ""result/phase_next_top20_crosswalk_recovery_20260514_021229/candidate_15197/netconvert.log"""
result/phase_next_top20_crosswalk_recovery_20260514_021229/candidate_15225/netconvert.log,file,0.01,obsolete intermediate result,"rm -f ""result/phase_next_top20_crosswalk_recovery_20260514_021229/candidate_15225/netconvert.log"""
result/phase_next_top20_crosswalk_recovery_20260514_021229/candidate_15226/netconvert.log,file,0.01,obsolete intermediate result,"rm -f ""result/phase_next_top20_crosswalk_recovery_20260514_021229/candidate_15226/netconvert.log"""
result/phase_next_top20_crosswalk_recovery_20260514_021229/candidate_167173/netconvert.log,file,0.01,obsolete intermediate result,"rm -f ""result/phase_next_top20_crosswalk_recovery_20260514_021229/candidate_167173/netconvert.log"""
result/phase_next_top20_crosswalk_recovery_20260514_021229/candidate_23039/netconvert.log,file,0.01,obsolete intermediate result,"rm -f ""result/phase_next_top20_crosswalk_recovery_20260514_021229/candidate_23039/netconvert.log"""
result/phase_next_top20_crosswalk_recovery_20260514_021229/candidate_23041/netconvert.log,file,0.01,obsolete intermediate result,"rm -f ""result/phase_next_top20_crosswalk_recovery_20260514_021229/candidate_23041/netconvert.log"""
result/phase_next_top20_crosswalk_recovery_20260514_021229/candidate_6084/netconvert.log,file,0.01,obsolete intermediate result,"rm -f ""result/phase_next_top20_crosswalk_recovery_20260514_021229/candidate_6084/netconvert.log"""
result/phase_next_top20_crosswalk_recovery_20260514_021229/candidate_6210/netconvert.log,file,0.01,obsolete intermediate result,"rm -f ""result/phase_next_top20_crosswalk_recovery_20260514_021229/candidate_6210/netconvert.log"""
result/phase_next_top20_crosswalk_recovery_20260514_021229/candidate_6425/netconvert.log,file,0.01,obsolete intermediate result,"rm -f ""result/phase_next_top20_crosswalk_recovery_20260514_021229/candidate_6425/netconvert.log"""
result/phase_next_top20_crosswalk_recovery_20260514_021229/candidate_6451/netconvert.log,file,0.01,obsolete intermediate result,"rm -f ""result/phase_next_top20_crosswalk_recovery_20260514_021229/candidate_6451/netconvert.log"""
result/phase_next_top20_crosswalk_recovery_20260514_021229/candidate_6527/netconvert.log,file,0.01,obsolete intermediate result,"rm -f ""result/phase_next_top20_crosswalk_recovery_20260514_021229/candidate_6527/netconvert.log"""
result/phase_next_top20_crosswalk_recovery_20260514_021229/candidate_6939/netconvert.log,file,0.01,obsolete intermediate result,"rm -f ""result/phase_next_top20_crosswalk_recovery_20260514_021229/candidate_6939/netconvert.log"""
result/phase_next_top20_crosswalk_recovery_20260514_021229/candidate_7358/netconvert.log,file,0.01,obsolete intermediate result,"rm -f ""result/phase_next_top20_crosswalk_recovery_20260514_021229/candidate_7358/netconvert.log"""
result/phase_next_top20_crosswalk_recovery_20260514_021229/candidate_8165/netconvert.log,file,0.01,obsolete intermediate result,"rm -f ""result/phase_next_top20_crosswalk_recovery_20260514_021229/candidate_8165/netconvert.log"""
result/phase_next_top20_crosswalk_recovery_20260514_021229/candidate_8339/netconvert.log,file,0.01,obsolete intermediate result,"rm -f ""result/phase_next_top20_crosswalk_recovery_20260514_021229/candidate_8339/netconvert.log"""
result/phase_next_top20_crosswalk_recovery_20260514_021229/candidate_8567/netconvert.log,file,0.01,obsolete intermediate result,"rm -f ""result/phase_next_top20_crosswalk_recovery_20260514_021229/candidate_8567/netconvert.log"""
result/phase_next_top20_crosswalk_recovery_20260514_021229/candidate_8614/netconvert.log,file,0.01,obsolete intermediate result,"rm -f ""result/phase_next_top20_crosswalk_recovery_20260514_021229/candidate_8614/netconvert.log"""
result/phase_next_top20_crosswalk_recovery_20260514_021229/candidate_9650/netconvert.log,file,0.01,obsolete intermediate result,"rm -f ""result/phase_next_top20_crosswalk_recovery_20260514_021229/candidate_9650/netconvert.log"""
result/phase_next_top20_crosswalk_recovery_20260514_021229/candidate_9826/netconvert.log,file,0.01,obsolete intermediate result,"rm -f ""result/phase_next_top20_crosswalk_recovery_20260514_021229/candidate_9826/netconvert.log"""
result/phase_next_multi_crosswalk_recovery_20260514_015058/multi_crosswalk_recovery_summary.md,file,0.01,obsolete intermediate result,"rm -f ""result/phase_next_multi_crosswalk_recovery_20260514_015058/multi_crosswalk_recovery_summary.md"""
result/phase_next_tierwise_expansion_20260514_125436/red_only_phase_fix_results.csv,file,0.01,obsolete intermediate result,"rm -f ""result/phase_next_tierwise_expansion_20260514_125436/red_only_phase_fix_results.csv"""
result/phase_next_tierwise_expansion_continue_20260514_134922/red_only_phase_fix_input.csv,file,0.01,obsolete intermediate result,"rm -f ""result/phase_next_tierwise_expansion_continue_20260514_134922/red_only_phase_fix_input.csv"""
result/phase_next_tierwise_expansion_continue_20260514_135146/red_only_phase_fix_input.csv,file,0.01,obsolete intermediate result,"rm -f ""result/phase_next_tierwise_expansion_continue_20260514_135146/red_only_phase_fix_input.csv"""
result/phase_next_pedestrian_augmented_network_20260514_120515/netconvert.log,file,0.01,obsolete intermediate result,"rm -f ""result/phase_next_pedestrian_augmented_network_20260514_120515/netconvert.log"""
result/phase_next_tierwise_expansion_20260514_125436/netconvert.log,file,0.01,obsolete intermediate result,"rm -f ""result/phase_next_tierwise_expansion_20260514_125436/netconvert.log"""
result/phase_next_tierwise_expansion_continue_20260514_134922/phase_fix_netconvert.log,file,0.01,obsolete intermediate result,"rm -f ""result/phase_next_tierwise_expansion_continue_20260514_134922/phase_fix_netconvert.log"""
result/phase_next_tierwise_expansion_continue_20260514_134922/tls_netconvert.log,file,0.01,obsolete intermediate result,"rm -f ""result/phase_next_tierwise_expansion_continue_20260514_134922/tls_netconvert.log"""
result/phase_next_max_recovery_20260514_194109/recovery_batch_results.csv,file,0.01,obsolete intermediate result,"rm -f ""result/phase_next_max_recovery_20260514_194109/recovery_batch_results.csv"""
result/phase_next_119055_junction_tls_pilot_20260514_010647/pilot_generation_v5.log,file,0.01,obsolete intermediate result,"rm -f ""result/phase_next_119055_junction_tls_pilot_20260514_010647/pilot_generation_v5.log"""
result/phase_next_pedestrian_augmented_network_20260514_120721/netconvert.log,file,0.01,obsolete intermediate result,"rm -f ""result/phase_next_pedestrian_augmented_network_20260514_120721/netconvert.log"""
result/phase_next_pedestrian_augmented_network_20260514_120939/netconvert.log,file,0.01,obsolete intermediate result,"rm -f ""result/phase_next_pedestrian_augmented_network_20260514_120939/netconvert.log"""
result/phase_next_tierwise_expansion_20260514_125338/netconvert.log,file,0.01,obsolete intermediate result,"rm -f ""result/phase_next_tierwise_expansion_20260514_125338/netconvert.log"""
result/phase_next_pedestrian_augmented_network_20260514_113609/netconvert.log,file,0.01,obsolete intermediate result,"rm -f ""result/phase_next_pedestrian_augmented_network_20260514_113609/netconvert.log"""
result/phase_next_pedestrian_augmented_network_20260514_113008/netconvert.log,file,0.01,obsolete intermediate result,"rm -f ""result/phase_next_pedestrian_augmented_network_20260514_113008/netconvert.log"""
result/phase_next_pedestrian_augmented_network_20260514_113147/netconvert.log,file,0.01,obsolete intermediate result,"rm -f ""result/phase_next_pedestrian_augmented_network_20260514_113147/netconvert.log"""
result/phase_next_pedestrian_augmented_network_20260514_113417/netconvert.log,file,0.01,obsolete intermediate result,"rm -f ""result/phase_next_pedestrian_augmented_network_20260514_113417/netconvert.log"""
result/phase511_netedit_119055_20260514_003850/PHASE511_TRACK_A_SETUP_COMPLETE.md,file,0.01,obsolete intermediate result,"rm -f ""result/phase511_netedit_119055_20260514_003850/PHASE511_TRACK_A_SETUP_COMPLETE.md"""
result/phase_next_pedestrian_augmented_network_20260514_120304/crossing_patch_vs_generated_diff.csv,file,0.01,obsolete intermediate result,"rm -f ""result/phase_next_pedestrian_augmented_network_20260514_120304/crossing_patch_vs_generated_diff.csv"""
result/phase_next_pedestrian_augmented_network_20260514_120515/crossing_patch_vs_generated_diff.csv,file,0.01,obsolete intermediate result,"rm -f ""result/phase_next_pedestrian_augmented_network_20260514_120515/crossing_patch_vs_generated_diff.csv"""
result/phase_next_pedestrian_augmented_network_20260514_120721/crossing_patch_vs_generated_diff.csv,file,0.01,obsolete intermediate result,"rm -f ""result/phase_next_pedestrian_augmented_network_20260514_120721/crossing_patch_vs_generated_diff.csv"""
result/phase_next_pedestrian_augmented_network_20260514_120939/crossing_patch_vs_generated_diff.csv,file,0.01,obsolete intermediate result,"rm -f ""result/phase_next_pedestrian_augmented_network_20260514_120939/crossing_patch_vs_generated_diff.csv"""
result/phase_next_max_recovery_20260514_194109/recovery_tls_netconvert.log,file,0.01,obsolete intermediate result,"rm -f ""result/phase_next_max_recovery_20260514_194109/recovery_tls_netconvert.log"""
result/phase_next_tierwise_expansion_continue_20260514_135146/phase_fix_netconvert.log,file,0.01,obsolete intermediate result,"rm -f ""result/phase_next_tierwise_expansion_continue_20260514_135146/phase_fix_netconvert.log"""
result/phase_next_tierwise_expansion_continue_20260514_135146/tls_netconvert.log,file,0.01,obsolete intermediate result,"rm -f ""result/phase_next_tierwise_expansion_continue_20260514_135146/tls_netconvert.log"""
result/phase59_smart_network_pilot_20260514_001745/PHASE_5_9_SUMMARY.md,file,0.01,obsolete intermediate result,"rm -f ""result/phase59_smart_network_pilot_20260514_001745/PHASE_5_9_SUMMARY.md"""
result/phase510_119055_insert_split_20260514_002144/netconvert_insert_split.log,file,0.01,obsolete intermediate result,"rm -f ""result/phase510_119055_insert_split_20260514_002144/netconvert_insert_split.log"""
result/phase59_smart_network_pilot_20260514_001745/snap_pilot_netconvert.log,file,0.01,obsolete intermediate result,"rm -f ""result/phase59_smart_network_pilot_20260514_001745/snap_pilot_netconvert.log"""
result/phase_next_119055_junction_tls_pilot_20260514_010647/case_119055_junction_tls_pilot.md,file,0.01,obsolete intermediate result,"rm -f ""result/phase_next_119055_junction_tls_pilot_20260514_010647/case_119055_junction_tls_pilot.md"""
result/phase_next_119055_junction_tls_pilot_20260514_010647/pilot_generation_v4.log,file,0.01,obsolete intermediate result,"rm -f ""result/phase_next_119055_junction_tls_pilot_20260514_010647/pilot_generation_v4.log"""
result/phase_next_119055_junction_tls_pilot_20260514_010647/plain/plain_extract.log,file,0.01,obsolete intermediate result,"rm -f ""result/phase_next_119055_junction_tls_pilot_20260514_010647/plain/plain_extract.log"""
result/phase_next_pedestrian_augmented_network_20260514_120304/netconvert.log,file,0.01,obsolete intermediate result,"rm -f ""result/phase_next_pedestrian_augmented_network_20260514_120304/netconvert.log"""
result/phase_next_multi_crosswalk_recovery_20260514_015058/excluded_candidates_reason.csv,file,0.01,obsolete intermediate result,"rm -f ""result/phase_next_multi_crosswalk_recovery_20260514_015058/excluded_candidates_reason.csv"""
result/phase_next_pedestrian_augmented_network_20260514_113609/explicit_crossing_patch.con.xml,file,0.01,obsolete intermediate result,"rm -f ""result/phase_next_pedestrian_augmented_network_20260514_113609/explicit_crossing_patch.con.xml"""
result/phase_next_pedestrian_augmented_network_20260514_112945/explicit_crossing_patch.con.xml,file,0.01,obsolete intermediate result,"rm -f ""result/phase_next_pedestrian_augmented_network_20260514_112945/explicit_crossing_patch.con.xml"""
result/phase_next_pedestrian_augmented_network_20260514_113008/explicit_crossing_patch.con.xml,file,0.01,obsolete intermediate result,"rm -f ""result/phase_next_pedestrian_augmented_network_20260514_113008/explicit_crossing_patch.con.xml"""
result/phase_next_pedestrian_augmented_network_20260514_113147/explicit_crossing_patch.con.xml,file,0.01,obsolete intermediate result,"rm -f ""result/phase_next_pedestrian_augmented_network_20260514_113147/explicit_crossing_patch.con.xml"""
result/phase_next_pedestrian_augmented_network_20260514_113417/explicit_crossing_patch.con.xml,file,0.01,obsolete intermediate result,"rm -f ""result/phase_next_pedestrian_augmented_network_20260514_113417/explicit_crossing_patch.con.xml"""
result/phase_next_tierwise_expansion_20260514_125338/network_load_validation.csv,file,0.01,obsolete intermediate result,"rm -f ""result/phase_next_tierwise_expansion_20260514_125338/network_load_validation.csv"""
result/phase_next_119055_junction_tls_pilot_20260514_010647/pilot_generation.log,file,0.01,obsolete intermediate result,"rm -f ""result/phase_next_119055_junction_tls_pilot_20260514_010647/pilot_generation.log"""
result/phase_next_119055_junction_tls_pilot_20260514_010647/pilot_generation_v3.log,file,0.01,obsolete intermediate result,"rm -f ""result/phase_next_119055_junction_tls_pilot_20260514_010647/pilot_generation_v3.log"""
result/phase_next_tierwise_expansion_20260514_125436/network_load_validation.csv,file,0.00,obsolete intermediate result,"rm -f ""result/phase_next_tierwise_expansion_20260514_125436/network_load_validation.csv"""
result/phase_next_top20_crosswalk_recovery_20260514_021229/top20_recovery_summary.md,file,0.00,obsolete intermediate result,"rm -f ""result/phase_next_top20_crosswalk_recovery_20260514_021229/top20_recovery_summary.md"""
result/phase_next_119055_junction_tls_pilot_20260514_010647/plain/junggu.typ.xml,file,0.00,obsolete intermediate result,"rm -f ""result/phase_next_119055_junction_tls_pilot_20260514_010647/plain/junggu.typ.xml"""
result/phase_next_junction_factory_20260514_024017/junction_candidate_table.csv,file,0.00,obsolete intermediate result,"rm -f ""result/phase_next_junction_factory_20260514_024017/junction_candidate_table.csv"""
result/phase510_119055_insert_split_20260514_002633/PHASE510_CORRECTED_INTERPRETATION.md,file,0.00,obsolete intermediate result,"rm -f ""result/phase510_119055_insert_split_20260514_002633/PHASE510_CORRECTED_INTERPRETATION.md"""
result/phase_next_tierwise_expansion_continue_20260514_135146/phase_fix_promoted_candidates.csv,file,0.00,obsolete intermediate result,"rm -f ""result/phase_next_tierwise_expansion_continue_20260514_135146/phase_fix_promoted_candidates.csv"""
result/phase_next_tierwise_expansion_continue_20260514_135146/red_only_phase_fix_results.csv,file,0.00,obsolete intermediate result,"rm -f ""result/phase_next_tierwise_expansion_continue_20260514_135146/red_only_phase_fix_results.csv"""
result/phase_next_tierwise_expansion_20260514_125338/next_phase6_experiment_candidates.csv,file,0.00,obsolete intermediate result,"rm -f ""result/phase_next_tierwise_expansion_20260514_125338/next_phase6_experiment_candidates.csv"""
result/phase_next_tierwise_expansion_20260514_125338/phase6_ready_candidates.csv,file,0.00,obsolete intermediate result,"rm -f ""result/phase_next_tierwise_expansion_20260514_125338/phase6_ready_candidates.csv"""
result/phase_next_tierwise_expansion_continue_20260514_134922/phase_fix_unsafe_or_failed.csv,file,0.00,obsolete intermediate result,"rm -f ""result/phase_next_tierwise_expansion_continue_20260514_134922/phase_fix_unsafe_or_failed.csv"""
result/phase_next_tierwise_expansion_continue_20260514_134922/red_only_phase_fix_results.csv,file,0.00,obsolete intermediate result,"rm -f ""result/phase_next_tierwise_expansion_continue_20260514_134922/red_only_phase_fix_results.csv"""
result/phase_next_pedestrian_augmented_network_20260514_120939/smart_signal_candidates.csv,file,0.00,obsolete intermediate result,"rm -f ""result/phase_next_pedestrian_augmented_network_20260514_120939/smart_signal_candidates.csv"""
result/phase_next_119055_junction_tls_pilot_20260514_010647/119055_phase_next_report.md,file,0.00,obsolete intermediate result,"rm -f ""result/phase_next_119055_junction_tls_pilot_20260514_010647/119055_phase_next_report.md"""
result/phase510_119055_insert_split_20260514_002633/phase511_netedit_checklist.csv,file,0.00,obsolete intermediate result,"rm -f ""result/phase510_119055_insert_split_20260514_002633/phase511_netedit_checklist.csv"""
result/phase_next_real_csv_generation_samples_20260514_104959/strict_ready_validation.csv,file,0.00,obsolete intermediate result,"rm -f ""result/phase_next_real_csv_generation_samples_20260514_104959/strict_ready_validation.csv"""
result/phase_next_119055_junction_tls_pilot_20260514_010647/junction_11252413185_tls_plan.md,file,0.00,obsolete intermediate result,"rm -f ""result/phase_next_119055_junction_tls_pilot_20260514_010647/junction_11252413185_tls_plan.md"""
result/phase_next_pedestrian_augmented_network_20260514_120939/phase6_ready_11_strict_validation.csv,file,0.00,obsolete intermediate result,"rm -f ""result/phase_next_pedestrian_augmented_network_20260514_120939/phase6_ready_11_strict_validation.csv"""
result/phase_next_pedestrian_augmented_network_20260514_120939/phase6_ready_candidates_confirmed.csv,file,0.00,obsolete intermediate result,"rm -f ""result/phase_next_pedestrian_augmented_network_20260514_120939/phase6_ready_candidates_confirmed.csv"""
result/phase_next_top20_crosswalk_recovery_20260514_021229/top20_recovery_results.csv,file,0.00,obsolete intermediate result,"rm -f ""result/phase_next_top20_crosswalk_recovery_20260514_021229/top20_recovery_results.csv"""
result/phase_next_junction_factory_20260514_024017/red_only_phase_fix_plan.md,file,0.00,obsolete intermediate result,"rm -f ""result/phase_next_junction_factory_20260514_024017/red_only_phase_fix_plan.md"""
result/phase_next_top20_crosswalk_recovery_20260514_021229/top20_candidate_pool.csv,file,0.00,obsolete intermediate result,"rm -f ""result/phase_next_top20_crosswalk_recovery_20260514_021229/top20_candidate_pool.csv"""
result/phase59_smart_network_pilot_20260514_001745/case_119055_insert_split_plan.md,file,0.00,obsolete intermediate result,"rm -f ""result/phase59_smart_network_pilot_20260514_001745/case_119055_insert_split_plan.md"""
result/phase_next_top20_crosswalk_recovery_20260514_021229/top20_failed_candidates.csv,file,0.00,obsolete intermediate result,"rm -f ""result/phase_next_top20_crosswalk_recovery_20260514_021229/top20_failed_candidates.csv"""
result/phase6_smoke_baseline_20260514_220549/run_metadata.json,file,0.00,obsolete intermediate result,"rm -f ""result/phase6_smoke_baseline_20260514_220549/run_metadata.json"""
result/phase_next_top20_crosswalk_recovery_20260514_021229/next_top50_expansion_plan.md,file,0.00,obsolete intermediate result,"rm -f ""result/phase_next_top20_crosswalk_recovery_20260514_021229/next_top50_expansion_plan.md"""
result/phase6_mini_experiment_batch03_5sec_baseline_20260514_220549/demand_pedestrian.rou.xml,file,0.00,obsolete intermediate result,"rm -f ""result/phase6_mini_experiment_batch03_5sec_baseline_20260514_220549/demand_pedestrian.rou.xml"""
result/phase6_mini_experiment_batch03_5sec_smart_20260514_220549/demand_pedestrian.rou.xml,file,0.00,obsolete intermediate result,"rm -f ""result/phase6_mini_experiment_batch03_5sec_smart_20260514_220549/demand_pedestrian.rou.xml"""
result/junggu_osm_network_20260513_184417/network_validation_summary.md,file,0.00,obsolete intermediate result,"rm -f ""result/junggu_osm_network_20260513_184417/network_validation_summary.md"""
result/phase_next_multi_crosswalk_recovery_20260514_015058/next_expansion_plan.md,file,0.00,obsolete intermediate result,"rm -f ""result/phase_next_multi_crosswalk_recovery_20260514_015058/next_expansion_plan.md"""
result/phase_next_multi_crosswalk_recovery_20260514_015058/recovery_run.log,file,0.00,obsolete intermediate result,"rm -f ""result/phase_next_multi_crosswalk_recovery_20260514_015058/recovery_run.log"""
result/phase_next_119055_junction_tls_pilot_20260514_010647/netconvert_command_candidates.sh,file,0.00,obsolete intermediate result,"rm -f ""result/phase_next_119055_junction_tls_pilot_20260514_010647/netconvert_command_candidates.sh"""
result/junggu_osm_network_20260513_184417/netconvert.log,file,0.00,obsolete intermediate result,"rm -f ""result/junggu_osm_network_20260513_184417/netconvert.log"""
result/phase_next_tierwise_expansion_continue_20260514_135146/red_only_phase_fix.tll.xml,file,0.00,obsolete intermediate result,"rm -f ""result/phase_next_tierwise_expansion_continue_20260514_135146/red_only_phase_fix.tll.xml"""
result/phase_next_pedestrian_augmented_network_20260514_120939/pedestrian_augmented_network_summary.md,file,0.00,obsolete intermediate result,"rm -f ""result/phase_next_pedestrian_augmented_network_20260514_120939/pedestrian_augmented_network_summary.md"""
result/phase_next_pedestrian_augmented_network_20260514_120304/pedestrian_augmented_network_summary.md,file,0.00,obsolete intermediate result,"rm -f ""result/phase_next_pedestrian_augmented_network_20260514_120304/pedestrian_augmented_network_summary.md"""
result/phase_next_pedestrian_augmented_network_20260514_120515/pedestrian_augmented_network_summary.md,file,0.00,obsolete intermediate result,"rm -f ""result/phase_next_pedestrian_augmented_network_20260514_120515/pedestrian_augmented_network_summary.md"""
result/phase_next_pedestrian_augmented_network_20260514_120721/pedestrian_augmented_network_summary.md,file,0.00,obsolete intermediate result,"rm -f ""result/phase_next_pedestrian_augmented_network_20260514_120721/pedestrian_augmented_network_summary.md"""
result/phase_next_top20_crosswalk_recovery_20260514_021229/red_only_ped_link_cases.csv,file,0.00,obsolete intermediate result,"rm -f ""result/phase_next_top20_crosswalk_recovery_20260514_021229/red_only_ped_link_cases.csv"""
result/phase_next_pedestrian_augmented_network_20260514_113417/pedestrian_augmented_network_summary.md,file,0.00,obsolete intermediate result,"rm -f ""result/phase_next_pedestrian_augmented_network_20260514_113417/pedestrian_augmented_network_summary.md"""
result/phase_next_pedestrian_augmented_network_20260514_113609/pedestrian_augmented_network_summary.md,file,0.00,obsolete intermediate result,"rm -f ""result/phase_next_pedestrian_augmented_network_20260514_113609/pedestrian_augmented_network_summary.md"""
result/phase_next_pedestrian_augmented_network_20260514_113008/pedestrian_augmented_network_summary.md,file,0.00,obsolete intermediate result,"rm -f ""result/phase_next_pedestrian_augmented_network_20260514_113008/pedestrian_augmented_network_summary.md"""
result/phase_next_pedestrian_augmented_network_20260514_113147/pedestrian_augmented_network_summary.md,file,0.00,obsolete intermediate result,"rm -f ""result/phase_next_pedestrian_augmented_network_20260514_113147/pedestrian_augmented_network_summary.md"""
result/phase510_119055_insert_split_20260514_002452/case_119055_insert_split_result.md,file,0.00,obsolete intermediate result,"rm -f ""result/phase510_119055_insert_split_20260514_002452/case_119055_insert_split_result.md"""
result/phase510_119055_insert_split_20260514_002633/case_119055_insert_split_result.md,file,0.00,obsolete intermediate result,"rm -f ""result/phase510_119055_insert_split_20260514_002633/case_119055_insert_split_result.md"""
result/phase510_119055_insert_split_20260514_002144/case_119055_insert_split_result.md,file,0.00,obsolete intermediate result,"rm -f ""result/phase510_119055_insert_split_20260514_002144/case_119055_insert_split_result.md"""
result/phase510_119055_insert_split_20260514_002251/case_119055_insert_split_result.md,file,0.00,obsolete intermediate result,"rm -f ""result/phase510_119055_insert_split_20260514_002251/case_119055_insert_split_result.md"""
result/phase510_119055_insert_split_20260514_002533/case_119055_insert_split_result.md,file,0.00,obsolete intermediate result,"rm -f ""result/phase510_119055_insert_split_20260514_002533/case_119055_insert_split_result.md"""
result/phase510_119055_insert_split_20260514_002556/case_119055_insert_split_result.md,file,0.00,obsolete intermediate result,"rm -f ""result/phase510_119055_insert_split_20260514_002556/case_119055_insert_split_result.md"""
result/phase_next_pedestrian_augmented_network_20260514_113417/unsignalized_crosswalks.csv,file,0.00,obsolete intermediate result,"rm -f ""result/phase_next_pedestrian_augmented_network_20260514_113417/unsignalized_crosswalks.csv"""
result/phase_next_pedestrian_augmented_network_20260514_113609/unsignalized_crosswalks.csv,file,0.00,obsolete intermediate result,"rm -f ""result/phase_next_pedestrian_augmented_network_20260514_113609/unsignalized_crosswalks.csv"""
result/phase_next_pedestrian_augmented_network_20260514_120304/unsignalized_crosswalks.csv,file,0.00,obsolete intermediate result,"rm -f ""result/phase_next_pedestrian_augmented_network_20260514_120304/unsignalized_crosswalks.csv"""
result/phase_next_pedestrian_augmented_network_20260514_120515/unsignalized_crosswalks.csv,file,0.00,obsolete intermediate result,"rm -f ""result/phase_next_pedestrian_augmented_network_20260514_120515/unsignalized_crosswalks.csv"""
result/phase_next_pedestrian_augmented_network_20260514_120721/unsignalized_crosswalks.csv,file,0.00,obsolete intermediate result,"rm -f ""result/phase_next_pedestrian_augmented_network_20260514_120721/unsignalized_crosswalks.csv"""
result/phase_next_pedestrian_augmented_network_20260514_120939/unsignalized_crosswalks.csv,file,0.00,obsolete intermediate result,"rm -f ""result/phase_next_pedestrian_augmented_network_20260514_120939/unsignalized_crosswalks.csv"""
result/phase_next_tierwise_expansion_20260514_125338/unsignalized_crosswalks.csv,file,0.00,obsolete intermediate result,"rm -f ""result/phase_next_tierwise_expansion_20260514_125338/unsignalized_crosswalks.csv"""
result/phase_next_tierwise_expansion_20260514_125436/unsignalized_crosswalks.csv,file,0.00,obsolete intermediate result,"rm -f ""result/phase_next_tierwise_expansion_20260514_125436/unsignalized_crosswalks.csv"""
result/phase511_netedit_119055_20260514_003850/open_netedit_119055.sh,file,0.00,obsolete intermediate result,"rm -f ""result/phase511_netedit_119055_20260514_003850/open_netedit_119055.sh"""
result/phase_next_tierwise_expansion_20260514_125338/tierwise_tls_creation_batch.nod.xml,file,0.00,obsolete intermediate result,"rm -f ""result/phase_next_tierwise_expansion_20260514_125338/tierwise_tls_creation_batch.nod.xml"""
result/phase_next_tierwise_expansion_20260514_125436/tierwise_tls_creation_batch.nod.xml,file,0.00,obsolete intermediate result,"rm -f ""result/phase_next_tierwise_expansion_20260514_125436/tierwise_tls_creation_batch.nod.xml"""
result/phase_next_tierwise_expansion_continue_20260514_134922/tls_creation_batch.nod.xml,file,0.00,obsolete intermediate result,"rm -f ""result/phase_next_tierwise_expansion_continue_20260514_134922/tls_creation_batch.nod.xml"""
result/phase_next_tierwise_expansion_continue_20260514_135146/tls_creation_batch.nod.xml,file,0.00,obsolete intermediate result,"rm -f ""result/phase_next_tierwise_expansion_continue_20260514_135146/tls_creation_batch.nod.xml"""
result/phase_next_pedestrian_augmented_network_20260514_120939/phase6_ready_11_linkindex_report.md,file,0.00,obsolete intermediate result,"rm -f ""result/phase_next_pedestrian_augmented_network_20260514_120939/phase6_ready_11_linkindex_report.md"""
result/phase_next_junction_factory_20260514_024017/no_crossing_fix_plan.md,file,0.00,obsolete intermediate result,"rm -f ""result/phase_next_junction_factory_20260514_024017/no_crossing_fix_plan.md"""
result/phase_next_top20_crosswalk_recovery_20260514_021229/recovery_run_escalated.log,file,0.00,obsolete intermediate result,"rm -f ""result/phase_next_top20_crosswalk_recovery_20260514_021229/recovery_run_escalated.log"""
result/phase6_mini_experiment_batch03_5sec_baseline_20260514_220549/smoke_candidates_resolved.csv,file,0.00,obsolete intermediate result,"rm -f ""result/phase6_mini_experiment_batch03_5sec_baseline_20260514_220549/smoke_candidates_resolved.csv"""
result/phase6_mini_experiment_batch03_5sec_smart_20260514_220549/smoke_candidates_resolved.csv,file,0.00,obsolete intermediate result,"rm -f ""result/phase6_mini_experiment_batch03_5sec_smart_20260514_220549/smoke_candidates_resolved.csv"""
result/phase_next_max_recovery_20260514_194109/run_metadata.json,file,0.00,obsolete intermediate result,"rm -f ""result/phase_next_max_recovery_20260514_194109/run_metadata.json"""
result/phase511_netedit_119055_20260514_003850/phase511_recovered_validation_report.md,file,0.00,obsolete intermediate result,"rm -f ""result/phase511_netedit_119055_20260514_003850/phase511_recovered_validation_report.md"""
result/phase_next_real_csv_generation_samples_20260514_104959/run_metadata.json,file,0.00,obsolete intermediate result,"rm -f ""result/phase_next_real_csv_generation_samples_20260514_104959/run_metadata.json"""
result/phase_next_119055_junction_tls_pilot_20260514_010647/119055_linkindex_validation.csv,file,0.00,obsolete intermediate result,"rm -f ""result/phase_next_119055_junction_tls_pilot_20260514_010647/119055_linkindex_validation.csv"""
result/phase59_smart_network_pilot_20260514_001745/phase59_recommendation.md,file,0.00,obsolete intermediate result,"rm -f ""result/phase59_smart_network_pilot_20260514_001745/phase59_recommendation.md"""
result/phase6_recovery_smoke_baseline_20260514_220549/smoke_candidates_resolved.csv,file,0.00,obsolete intermediate result,"rm -f ""result/phase6_recovery_smoke_baseline_20260514_220549/smoke_candidates_resolved.csv"""
result/phase6_recovery_smoke_smart_20260514_220549/smoke_candidates_resolved.csv,file,0.00,obsolete intermediate result,"rm -f ""result/phase6_recovery_smoke_smart_20260514_220549/smoke_candidates_resolved.csv"""
result/junggu_osm_network_20260513_184417/case_119055_network_check.md,file,0.00,obsolete intermediate result,"rm -f ""result/junggu_osm_network_20260513_184417/case_119055_network_check.md"""
result/phase_next_pedestrian_augmented_network_20260514_120515/crossing_detection_bug_report.md,file,0.00,obsolete intermediate result,"rm -f ""result/phase_next_pedestrian_augmented_network_20260514_120515/crossing_detection_bug_report.md"""
result/phase_next_pedestrian_augmented_network_20260514_120939/crossing_detection_bug_report.md,file,0.00,obsolete intermediate result,"rm -f ""result/phase_next_pedestrian_augmented_network_20260514_120939/crossing_detection_bug_report.md"""
result/phase_next_pedestrian_augmented_network_20260514_120721/crossing_detection_bug_report.md,file,0.00,obsolete intermediate result,"rm -f ""result/phase_next_pedestrian_augmented_network_20260514_120721/crossing_detection_bug_report.md"""
result/phase_next_pedestrian_augmented_network_20260514_120304/crossing_detection_bug_report.md,file,0.00,obsolete intermediate result,"rm -f ""result/phase_next_pedestrian_augmented_network_20260514_120304/crossing_detection_bug_report.md"""
result/phase_next_tierwise_expansion_20260514_125338/tls_creation_batch_candidates.csv,file,0.00,obsolete intermediate result,"rm -f ""result/phase_next_tierwise_expansion_20260514_125338/tls_creation_batch_candidates.csv"""
result/phase_next_tierwise_expansion_20260514_125436/tls_creation_batch_candidates.csv,file,0.00,obsolete intermediate result,"rm -f ""result/phase_next_tierwise_expansion_20260514_125436/tls_creation_batch_candidates.csv"""
result/phase_next_tierwise_expansion_continue_20260514_134922/tls_patch_rows.csv,file,0.00,obsolete intermediate result,"rm -f ""result/phase_next_tierwise_expansion_continue_20260514_134922/tls_patch_rows.csv"""
result/phase_next_tierwise_expansion_continue_20260514_135146/tls_patch_rows.csv,file,0.00,obsolete intermediate result,"rm -f ""result/phase_next_tierwise_expansion_continue_20260514_135146/tls_patch_rows.csv"""
result/phase_next_tierwise_expansion_continue_20260514_134922/tls_creation_batch_log.csv,file,0.00,obsolete intermediate result,"rm -f ""result/phase_next_tierwise_expansion_continue_20260514_134922/tls_creation_batch_log.csv"""
result/phase_next_tierwise_expansion_continue_20260514_135146/tls_creation_batch_log.csv,file,0.00,obsolete intermediate result,"rm -f ""result/phase_next_tierwise_expansion_continue_20260514_135146/tls_creation_batch_log.csv"""
result/t2_generated_crosswalks_20260513_185330/generation_summary.md,file,0.00,obsolete intermediate result,"rm -f ""result/t2_generated_crosswalks_20260513_185330/generation_summary.md"""
result/t2_generated_crosswalks_20260513_221249/generation_summary.md,file,0.00,obsolete intermediate result,"rm -f ""result/t2_generated_crosswalks_20260513_221249/generation_summary.md"""
result/phase_next_119055_junction_tls_pilot_20260514_010647/plain/junggu.netccfg,file,0.00,obsolete intermediate result,"rm -f ""result/phase_next_119055_junction_tls_pilot_20260514_010647/plain/junggu.netccfg"""
result/phase_next_pedestrian_augmented_network_20260514_120939/_phase6_smoke/122/personroute.xml,file,0.00,obsolete intermediate result,"rm -f ""result/phase_next_pedestrian_augmented_network_20260514_120939/_phase6_smoke/122/personroute.xml"""
result/phase_next_pedestrian_augmented_network_20260514_120939/_phase6_smoke/374/personroute.xml,file,0.00,obsolete intermediate result,"rm -f ""result/phase_next_pedestrian_augmented_network_20260514_120939/_phase6_smoke/374/personroute.xml"""
result/phase_next_pedestrian_augmented_network_20260514_120939/_phase6_smoke/503/personroute.xml,file,0.00,obsolete intermediate result,"rm -f ""result/phase_next_pedestrian_augmented_network_20260514_120939/_phase6_smoke/503/personroute.xml"""
result/phase_next_pedestrian_augmented_network_20260514_120939/_phase6_smoke/771/personroute.xml,file,0.00,obsolete intermediate result,"rm -f ""result/phase_next_pedestrian_augmented_network_20260514_120939/_phase6_smoke/771/personroute.xml"""
result/phase_next_pedestrian_augmented_network_20260514_120939/_phase6_smoke/780/personroute.xml,file,0.00,obsolete intermediate result,"rm -f ""result/phase_next_pedestrian_augmented_network_20260514_120939/_phase6_smoke/780/personroute.xml"""
result/phase_next_pedestrian_augmented_network_20260514_120939/_phase6_smoke/786/personroute.xml,file,0.00,obsolete intermediate result,"rm -f ""result/phase_next_pedestrian_augmented_network_20260514_120939/_phase6_smoke/786/personroute.xml"""
result/phase_next_pedestrian_augmented_network_20260514_120939/_phase6_smoke/608/personroute.xml,file,0.00,obsolete intermediate result,"rm -f ""result/phase_next_pedestrian_augmented_network_20260514_120939/_phase6_smoke/608/personroute.xml"""
result/phase_next_pedestrian_augmented_network_20260514_120939/_phase6_smoke/88/personroute.xml,file,0.00,obsolete intermediate result,"rm -f ""result/phase_next_pedestrian_augmented_network_20260514_120939/_phase6_smoke/88/personroute.xml"""
result/phase_next_pedestrian_augmented_network_20260514_120939/_phase6_smoke/89/personroute.xml,file,0.00,obsolete intermediate result,"rm -f ""result/phase_next_pedestrian_augmented_network_20260514_120939/_phase6_smoke/89/personroute.xml"""
result/phase_next_pedestrian_augmented_network_20260514_120939/_phase6_smoke/90/personroute.xml,file,0.00,obsolete intermediate result,"rm -f ""result/phase_next_pedestrian_augmented_network_20260514_120939/_phase6_smoke/90/personroute.xml"""
result/phase6_mini_experiment_batch03_5sec_baseline_20260514_220549/phase6_smoke_baseline_candidate_validation.json,file,0.00,obsolete intermediate result,"rm -f ""result/phase6_mini_experiment_batch03_5sec_baseline_20260514_220549/phase6_smoke_baseline_candidate_validation.json"""
result/phase6_mini_experiment_batch03_5sec_smart_20260514_220549/phase6_smoke_smart_candidate_validation.json,file,0.00,obsolete intermediate result,"rm -f ""result/phase6_mini_experiment_batch03_5sec_smart_20260514_220549/phase6_smoke_smart_candidate_validation.json"""
result/phase6_recovery_smoke_baseline_20260514_220549/phase6_smoke_baseline_candidate_validation.json,file,0.00,obsolete intermediate result,"rm -f ""result/phase6_recovery_smoke_baseline_20260514_220549/phase6_smoke_baseline_candidate_validation.json"""
result/phase6_recovery_smoke_smart_20260514_220549/phase6_smoke_smart_candidate_validation.json,file,0.00,obsolete intermediate result,"rm -f ""result/phase6_recovery_smoke_smart_20260514_220549/phase6_smoke_smart_candidate_validation.json"""
result/phase6_smoke_baseline_20260514_220549/sumo_nets/integrated_selected/network_build_provenance.json,file,0.00,obsolete intermediate result,"rm -f ""result/phase6_smoke_baseline_20260514_220549/sumo_nets/integrated_selected/network_build_provenance.json"""
result/phase_next_tierwise_expansion_continue_20260514_134922/tls_creation_remaining_candidates.csv,file,0.00,obsolete intermediate result,"rm -f ""result/phase_next_tierwise_expansion_continue_20260514_134922/tls_creation_remaining_candidates.csv"""
result/phase_next_tierwise_expansion_continue_20260514_135146/tls_creation_remaining_candidates.csv,file,0.00,obsolete intermediate result,"rm -f ""result/phase_next_tierwise_expansion_continue_20260514_135146/tls_creation_remaining_candidates.csv"""
result/phase_next_junction_factory_20260514_024017/no_crossing_geometry_diagnosis.csv,file,0.00,obsolete intermediate result,"rm -f ""result/phase_next_junction_factory_20260514_024017/no_crossing_geometry_diagnosis.csv"""
result/phase_next_pedestrian_augmented_network_20260514_120939/_phase6_smoke/640/personroute.xml,file,0.00,obsolete intermediate result,"rm -f ""result/phase_next_pedestrian_augmented_network_20260514_120939/_phase6_smoke/640/personroute.xml"""
result/phase_next_pedestrian_augmented_network_20260514_120939/phase6_ready_11_smoke_plan.md,file,0.00,obsolete intermediate result,"rm -f ""result/phase_next_pedestrian_augmented_network_20260514_120939/phase6_ready_11_smoke_plan.md"""
result/phase_next_pedestrian_augmented_network_20260514_113008/run_metadata.json,file,0.00,obsolete intermediate result,"rm -f ""result/phase_next_pedestrian_augmented_network_20260514_113008/run_metadata.json"""
result/phase_next_pedestrian_augmented_network_20260514_113147/run_metadata.json,file,0.00,obsolete intermediate result,"rm -f ""result/phase_next_pedestrian_augmented_network_20260514_113147/run_metadata.json"""
result/phase_next_pedestrian_augmented_network_20260514_113417/run_metadata.json,file,0.00,obsolete intermediate result,"rm -f ""result/phase_next_pedestrian_augmented_network_20260514_113417/run_metadata.json"""
result/phase_next_pedestrian_augmented_network_20260514_113609/run_metadata.json,file,0.00,obsolete intermediate result,"rm -f ""result/phase_next_pedestrian_augmented_network_20260514_113609/run_metadata.json"""
result/phase_next_pedestrian_augmented_network_20260514_120304/run_metadata.json,file,0.00,obsolete intermediate result,"rm -f ""result/phase_next_pedestrian_augmented_network_20260514_120304/run_metadata.json"""
result/phase_next_pedestrian_augmented_network_20260514_120515/run_metadata.json,file,0.00,obsolete intermediate result,"rm -f ""result/phase_next_pedestrian_augmented_network_20260514_120515/run_metadata.json"""
result/phase_next_pedestrian_augmented_network_20260514_120721/run_metadata.json,file,0.00,obsolete intermediate result,"rm -f ""result/phase_next_pedestrian_augmented_network_20260514_120721/run_metadata.json"""
result/phase_next_pedestrian_augmented_network_20260514_120939/run_metadata.json,file,0.00,obsolete intermediate result,"rm -f ""result/phase_next_pedestrian_augmented_network_20260514_120939/run_metadata.json"""
result/phase_next_top20_crosswalk_recovery_20260514_021229/recovery_run.log,file,0.00,obsolete intermediate result,"rm -f ""result/phase_next_top20_crosswalk_recovery_20260514_021229/recovery_run.log"""
result/phase_next_real_csv_generation_samples_20260514_104959/next_expansion_strategy_after_samples.md,file,0.00,obsolete intermediate result,"rm -f ""result/phase_next_real_csv_generation_samples_20260514_104959/next_expansion_strategy_after_samples.md"""
result/phase_next_tierwise_expansion_20260514_125436/tierwise_expansion_summary.md,file,0.00,obsolete intermediate result,"rm -f ""result/phase_next_tierwise_expansion_20260514_125436/tierwise_expansion_summary.md"""
result/phase_next_tierwise_expansion_continue_20260514_135146/run_metadata.json,file,0.00,obsolete intermediate result,"rm -f ""result/phase_next_tierwise_expansion_continue_20260514_135146/run_metadata.json"""
result/phase6_mini_experiment_batch03_5sec_baseline_20260514_220549/phase6_smoke_baseline_results.csv,file,0.00,obsolete intermediate result,"rm -f ""result/phase6_mini_experiment_batch03_5sec_baseline_20260514_220549/phase6_smoke_baseline_results.csv"""
result/phase6_mini_experiment_batch03_5sec_baseline_20260514_220549/phase6_smoke_summary.csv,file,0.00,obsolete intermediate result,"rm -f ""result/phase6_mini_experiment_batch03_5sec_baseline_20260514_220549/phase6_smoke_summary.csv"""
result/phase6_recovery_smoke_baseline_20260514_220549/phase6_smoke_baseline_results.csv,file,0.00,obsolete intermediate result,"rm -f ""result/phase6_recovery_smoke_baseline_20260514_220549/phase6_smoke_baseline_results.csv"""
result/phase6_recovery_smoke_baseline_20260514_220549/phase6_smoke_summary.csv,file,0.00,obsolete intermediate result,"rm -f ""result/phase6_recovery_smoke_baseline_20260514_220549/phase6_smoke_summary.csv"""
result/phase511_netedit_119055_20260514_003850/phase511_expected_recovered_file.txt,file,0.00,obsolete intermediate result,"rm -f ""result/phase511_netedit_119055_20260514_003850/phase511_expected_recovered_file.txt"""
result/phase6_mini_experiment_batch03_5sec_smart_20260514_220549/phase6_smoke_smart_results.csv,file,0.00,obsolete intermediate result,"rm -f ""result/phase6_mini_experiment_batch03_5sec_smart_20260514_220549/phase6_smoke_smart_results.csv"""
result/phase6_mini_experiment_batch03_5sec_smart_20260514_220549/phase6_smoke_summary.csv,file,0.00,obsolete intermediate result,"rm -f ""result/phase6_mini_experiment_batch03_5sec_smart_20260514_220549/phase6_smoke_summary.csv"""
result/phase6_recovery_smoke_smart_20260514_220549/phase6_smoke_smart_results.csv,file,0.00,obsolete intermediate result,"rm -f ""result/phase6_recovery_smoke_smart_20260514_220549/phase6_smoke_smart_results.csv"""
result/phase6_recovery_smoke_smart_20260514_220549/phase6_smoke_summary.csv,file,0.00,obsolete intermediate result,"rm -f ""result/phase6_recovery_smoke_smart_20260514_220549/phase6_smoke_summary.csv"""
result/phase_next_tierwise_expansion_continue_20260514_134922/run_metadata.json,file,0.00,obsolete intermediate result,"rm -f ""result/phase_next_tierwise_expansion_continue_20260514_134922/run_metadata.json"""
result/phase_next_max_recovery_20260514_194109/max_recovery_summary.md,file,0.00,obsolete intermediate result,"rm -f ""result/phase_next_max_recovery_20260514_194109/max_recovery_summary.md"""
result/phase59_smart_network_pilot_20260514_001745/case_119055_edge_split_candidates.csv,file,0.00,obsolete intermediate result,"rm -f ""result/phase59_smart_network_pilot_20260514_001745/case_119055_edge_split_candidates.csv"""
result/phase_next_tierwise_expansion_20260514_125338/tierwise_expansion_summary.md,file,0.00,obsolete intermediate result,"rm -f ""result/phase_next_tierwise_expansion_20260514_125338/tierwise_expansion_summary.md"""
result/phase_next_real_csv_generation_samples_20260514_104959/sample_generation_summary.md,file,0.00,obsolete intermediate result,"rm -f ""result/phase_next_real_csv_generation_samples_20260514_104959/sample_generation_summary.md"""
result/phase_next_multi_crosswalk_recovery_20260514_015058/recovery_top5_candidates.csv,file,0.00,obsolete intermediate result,"rm -f ""result/phase_next_multi_crosswalk_recovery_20260514_015058/recovery_top5_candidates.csv"""
result/phase_next_multi_crosswalk_recovery_20260514_015058/candidate_125895/candidate_report.md,file,0.00,obsolete intermediate result,"rm -f ""result/phase_next_multi_crosswalk_recovery_20260514_015058/candidate_125895/candidate_report.md"""
result/phase_next_junction_factory_20260514_024017/junction_factory_summary.md,file,0.00,obsolete intermediate result,"rm -f ""result/phase_next_junction_factory_20260514_024017/junction_factory_summary.md"""
result/phase510_119055_insert_split_20260514_002144/insert_split_tllogic_plan.md,file,0.00,obsolete intermediate result,"rm -f ""result/phase510_119055_insert_split_20260514_002144/insert_split_tllogic_plan.md"""
result/phase510_119055_insert_split_20260514_002251/insert_split_tllogic_plan.md,file,0.00,obsolete intermediate result,"rm -f ""result/phase510_119055_insert_split_20260514_002251/insert_split_tllogic_plan.md"""
result/phase510_119055_insert_split_20260514_002452/insert_split_tllogic_plan.md,file,0.00,obsolete intermediate result,"rm -f ""result/phase510_119055_insert_split_20260514_002452/insert_split_tllogic_plan.md"""
result/phase510_119055_insert_split_20260514_002533/insert_split_tllogic_plan.md,file,0.00,obsolete intermediate result,"rm -f ""result/phase510_119055_insert_split_20260514_002533/insert_split_tllogic_plan.md"""
result/phase510_119055_insert_split_20260514_002556/insert_split_tllogic_plan.md,file,0.00,obsolete intermediate result,"rm -f ""result/phase510_119055_insert_split_20260514_002556/insert_split_tllogic_plan.md"""
result/phase510_119055_insert_split_20260514_002633/insert_split_tllogic_plan.md,file,0.00,obsolete intermediate result,"rm -f ""result/phase510_119055_insert_split_20260514_002633/insert_split_tllogic_plan.md"""
result/phase_next_pedestrian_augmented_network_20260514_113008/crossing_patch_plan.md,file,0.00,obsolete intermediate result,"rm -f ""result/phase_next_pedestrian_augmented_network_20260514_113008/crossing_patch_plan.md"""
result/phase_next_pedestrian_augmented_network_20260514_113147/crossing_patch_plan.md,file,0.00,obsolete intermediate result,"rm -f ""result/phase_next_pedestrian_augmented_network_20260514_113147/crossing_patch_plan.md"""
result/phase_next_pedestrian_augmented_network_20260514_113417/crossing_patch_plan.md,file,0.00,obsolete intermediate result,"rm -f ""result/phase_next_pedestrian_augmented_network_20260514_113417/crossing_patch_plan.md"""
result/phase_next_pedestrian_augmented_network_20260514_113609/crossing_patch_plan.md,file,0.00,obsolete intermediate result,"rm -f ""result/phase_next_pedestrian_augmented_network_20260514_113609/crossing_patch_plan.md"""
result/phase_next_max_recovery_20260514_194109/tls_remaining_3_results.csv,file,0.00,obsolete intermediate result,"rm -f ""result/phase_next_max_recovery_20260514_194109/tls_remaining_3_results.csv"""
result/phase_next_pedestrian_augmented_network_20260514_120304/crossing_patch_plan.md,file,0.00,obsolete intermediate result,"rm -f ""result/phase_next_pedestrian_augmented_network_20260514_120304/crossing_patch_plan.md"""
result/phase_next_pedestrian_augmented_network_20260514_120515/crossing_patch_plan.md,file,0.00,obsolete intermediate result,"rm -f ""result/phase_next_pedestrian_augmented_network_20260514_120515/crossing_patch_plan.md"""
result/phase_next_pedestrian_augmented_network_20260514_120721/crossing_patch_plan.md,file,0.00,obsolete intermediate result,"rm -f ""result/phase_next_pedestrian_augmented_network_20260514_120721/crossing_patch_plan.md"""
result/phase_next_pedestrian_augmented_network_20260514_120939/crossing_patch_plan.md,file,0.00,obsolete intermediate result,"rm -f ""result/phase_next_pedestrian_augmented_network_20260514_120939/crossing_patch_plan.md"""
result/phase_next_top20_crosswalk_recovery_20260514_021229/candidate_23041/candidate_report.md,file,0.00,obsolete intermediate result,"rm -f ""result/phase_next_top20_crosswalk_recovery_20260514_021229/candidate_23041/candidate_report.md"""
result/phase_next_top20_crosswalk_recovery_20260514_021229/candidate_23039/candidate_report.md,file,0.00,obsolete intermediate result,"rm -f ""result/phase_next_top20_crosswalk_recovery_20260514_021229/candidate_23039/candidate_report.md"""
result/phase_next_top20_crosswalk_recovery_20260514_021229/candidate_15197/candidate_report.md,file,0.00,obsolete intermediate result,"rm -f ""result/phase_next_top20_crosswalk_recovery_20260514_021229/candidate_15197/candidate_report.md"""
result/phase_next_top20_crosswalk_recovery_20260514_021229/candidate_6425/candidate_report.md,file,0.00,obsolete intermediate result,"rm -f ""result/phase_next_top20_crosswalk_recovery_20260514_021229/candidate_6425/candidate_report.md"""
result/phase_next_top20_crosswalk_recovery_20260514_021229/candidate_7358/candidate_report.md,file,0.00,obsolete intermediate result,"rm -f ""result/phase_next_top20_crosswalk_recovery_20260514_021229/candidate_7358/candidate_report.md"""
result/phase_next_top20_crosswalk_recovery_20260514_021229/candidate_8614/candidate_report.md,file,0.00,obsolete intermediate result,"rm -f ""result/phase_next_top20_crosswalk_recovery_20260514_021229/candidate_8614/candidate_report.md"""
result/phase6_smoke_baseline_20260514_220549/outputs/candidates.csv,file,0.00,obsolete intermediate result,"rm -f ""result/phase6_smoke_baseline_20260514_220549/outputs/candidates.csv"""
result/phase6_smoke_baseline_20260514_220549/outputs/preprocessed_crosswalks.csv,file,0.00,obsolete intermediate result,"rm -f ""result/phase6_smoke_baseline_20260514_220549/outputs/preprocessed_crosswalks.csv"""
result/phase_next_top20_crosswalk_recovery_20260514_021229/candidate_6939/candidate_report.md,file,0.00,obsolete intermediate result,"rm -f ""result/phase_next_top20_crosswalk_recovery_20260514_021229/candidate_6939/candidate_report.md"""
result/phase_next_top20_crosswalk_recovery_20260514_021229/candidate_8567/candidate_report.md,file,0.00,obsolete intermediate result,"rm -f ""result/phase_next_top20_crosswalk_recovery_20260514_021229/candidate_8567/candidate_report.md"""
result/phase_next_top20_crosswalk_recovery_20260514_021229/candidate_9826/candidate_report.md,file,0.00,obsolete intermediate result,"rm -f ""result/phase_next_top20_crosswalk_recovery_20260514_021229/candidate_9826/candidate_report.md"""
result/phase_next_top20_crosswalk_recovery_20260514_021229/candidate_6084/candidate_report.md,file,0.00,obsolete intermediate result,"rm -f ""result/phase_next_top20_crosswalk_recovery_20260514_021229/candidate_6084/candidate_report.md"""
result/phase_next_top20_crosswalk_recovery_20260514_021229/candidate_6210/candidate_report.md,file,0.00,obsolete intermediate result,"rm -f ""result/phase_next_top20_crosswalk_recovery_20260514_021229/candidate_6210/candidate_report.md"""
result/phase_next_top20_crosswalk_recovery_20260514_021229/candidate_8165/candidate_report.md,file,0.00,obsolete intermediate result,"rm -f ""result/phase_next_top20_crosswalk_recovery_20260514_021229/candidate_8165/candidate_report.md"""
result/phase_next_top20_crosswalk_recovery_20260514_021229/candidate_151/candidate_report.md,file,0.00,obsolete intermediate result,"rm -f ""result/phase_next_top20_crosswalk_recovery_20260514_021229/candidate_151/candidate_report.md"""
result/phase_next_top20_crosswalk_recovery_20260514_021229/candidate_9650/candidate_report.md,file,0.00,obsolete intermediate result,"rm -f ""result/phase_next_top20_crosswalk_recovery_20260514_021229/candidate_9650/candidate_report.md"""
result/phase_next_multi_crosswalk_recovery_20260514_015058/candidate_6531/candidate_report.md,file,0.00,obsolete intermediate result,"rm -f ""result/phase_next_multi_crosswalk_recovery_20260514_015058/candidate_6531/candidate_report.md"""
result/phase_next_multi_crosswalk_recovery_20260514_015058/candidate_8568/candidate_report.md,file,0.00,obsolete intermediate result,"rm -f ""result/phase_next_multi_crosswalk_recovery_20260514_015058/candidate_8568/candidate_report.md"""
result/phase_next_multi_crosswalk_recovery_20260514_015058/candidate_23040/candidate_report.md,file,0.00,obsolete intermediate result,"rm -f ""result/phase_next_multi_crosswalk_recovery_20260514_015058/candidate_23040/candidate_report.md"""
result/t2_generated_crosswalks_20260513_185330/case_119055_generation.md,file,0.00,obsolete intermediate result,"rm -f ""result/t2_generated_crosswalks_20260513_185330/case_119055_generation.md"""
result/t2_generated_crosswalks_20260513_221249/case_119055_generation.md,file,0.00,obsolete intermediate result,"rm -f ""result/t2_generated_crosswalks_20260513_221249/case_119055_generation.md"""
result/phase_next_junction_factory_20260514_024017/next_recovery_strategy_root_level.md,file,0.00,obsolete intermediate result,"rm -f ""result/phase_next_junction_factory_20260514_024017/next_recovery_strategy_root_level.md"""
result/t2_generated_crosswalks_20260513_221249/case_119055_real_vs_sumo.md,file,0.00,obsolete intermediate result,"rm -f ""result/t2_generated_crosswalks_20260513_221249/case_119055_real_vs_sumo.md"""
result/phase_next_top20_crosswalk_recovery_20260514_021229/candidate_15225/candidate_report.md,file,0.00,obsolete intermediate result,"rm -f ""result/phase_next_top20_crosswalk_recovery_20260514_021229/candidate_15225/candidate_report.md"""
result/phase_next_top20_crosswalk_recovery_20260514_021229/candidate_15226/candidate_report.md,file,0.00,obsolete intermediate result,"rm -f ""result/phase_next_top20_crosswalk_recovery_20260514_021229/candidate_15226/candidate_report.md"""
result/t2_generated_crosswalks_20260513_185330/netconvert_command.sh,file,0.00,obsolete intermediate result,"rm -f ""result/t2_generated_crosswalks_20260513_185330/netconvert_command.sh"""
result/t2_generated_crosswalks_20260513_221249/netconvert_command.sh,file,0.00,obsolete intermediate result,"rm -f ""result/t2_generated_crosswalks_20260513_221249/netconvert_command.sh"""
result/phase_next_top20_crosswalk_recovery_20260514_021229/candidate_167173/candidate_report.md,file,0.00,obsolete intermediate result,"rm -f ""result/phase_next_top20_crosswalk_recovery_20260514_021229/candidate_167173/candidate_report.md"""
result/phase_next_top20_crosswalk_recovery_20260514_021229/candidate_6451/candidate_report.md,file,0.00,obsolete intermediate result,"rm -f ""result/phase_next_top20_crosswalk_recovery_20260514_021229/candidate_6451/candidate_report.md"""
result/phase_next_top20_crosswalk_recovery_20260514_021229/candidate_6527/candidate_report.md,file,0.00,obsolete intermediate result,"rm -f ""result/phase_next_top20_crosswalk_recovery_20260514_021229/candidate_6527/candidate_report.md"""
result/phase_next_top20_crosswalk_recovery_20260514_021229/candidate_8339/candidate_report.md,file,0.00,obsolete intermediate result,"rm -f ""result/phase_next_top20_crosswalk_recovery_20260514_021229/candidate_8339/candidate_report.md"""
result/phase_next_multi_crosswalk_recovery_20260514_015058/candidate_72235/candidate_report.md,file,0.00,obsolete intermediate result,"rm -f ""result/phase_next_multi_crosswalk_recovery_20260514_015058/candidate_72235/candidate_report.md"""
result/phase_next_multi_crosswalk_recovery_20260514_015058/candidate_125895/netconvert_command.sh,file,0.00,obsolete intermediate result,"rm -f ""result/phase_next_multi_crosswalk_recovery_20260514_015058/candidate_125895/netconvert_command.sh"""
result/phase_next_multi_crosswalk_recovery_20260514_015058/candidate_23040/netconvert_command.sh,file,0.00,obsolete intermediate result,"rm -f ""result/phase_next_multi_crosswalk_recovery_20260514_015058/candidate_23040/netconvert_command.sh"""
result/phase_next_multi_crosswalk_recovery_20260514_015058/candidate_72235/netconvert_command.sh,file,0.00,obsolete intermediate result,"rm -f ""result/phase_next_multi_crosswalk_recovery_20260514_015058/candidate_72235/netconvert_command.sh"""
result/phase_next_multi_crosswalk_recovery_20260514_015058/candidate_6531/netconvert_command.sh,file,0.00,obsolete intermediate result,"rm -f ""result/phase_next_multi_crosswalk_recovery_20260514_015058/candidate_6531/netconvert_command.sh"""
result/phase_next_multi_crosswalk_recovery_20260514_015058/candidate_8568/netconvert_command.sh,file,0.00,obsolete intermediate result,"rm -f ""result/phase_next_multi_crosswalk_recovery_20260514_015058/candidate_8568/netconvert_command.sh"""
result/phase6_smoke_baseline_20260514_220549/sumo_nets/integrated_selected/invalid_tls_references.json,file,0.00,obsolete intermediate result,"rm -f ""result/phase6_smoke_baseline_20260514_220549/sumo_nets/integrated_selected/invalid_tls_references.json"""
result/phase_next_tierwise_expansion_20260514_125436/run_metadata.json,file,0.00,obsolete intermediate result,"rm -f ""result/phase_next_tierwise_expansion_20260514_125436/run_metadata.json"""
result/phase_next_tierwise_expansion_20260514_125338/run_metadata.json,file,0.00,obsolete intermediate result,"rm -f ""result/phase_next_tierwise_expansion_20260514_125338/run_metadata.json"""
result/phase_next_119055_junction_tls_pilot_20260514_010647/traci_smoke_test.py,file,0.00,obsolete intermediate result,"rm -f ""result/phase_next_119055_junction_tls_pilot_20260514_010647/traci_smoke_test.py"""
result/phase510_119055_insert_split_20260514_002251/netconvert_insert_split_command.sh,file,0.00,obsolete intermediate result,"rm -f ""result/phase510_119055_insert_split_20260514_002251/netconvert_insert_split_command.sh"""
result/phase_next_multi_crosswalk_recovery_20260514_015058/multi_recovery_results.csv,file,0.00,obsolete intermediate result,"rm -f ""result/phase_next_multi_crosswalk_recovery_20260514_015058/multi_recovery_results.csv"""
result/phase510_119055_insert_split_20260514_002144/netconvert_insert_split_command.sh,file,0.00,obsolete intermediate result,"rm -f ""result/phase510_119055_insert_split_20260514_002144/netconvert_insert_split_command.sh"""
result/phase_next_real_csv_generation_samples_20260514_104959/candidate_tls_creation_LINK_92227/netconvert_command.sh,file,0.00,obsolete intermediate result,"rm -f ""result/phase_next_real_csv_generation_samples_20260514_104959/candidate_tls_creation_LINK_92227/netconvert_command.sh"""
result/phase6_smoke_baseline_20260514_220549/sumo_nets/integrated_selected/metadata.json,file,0.00,obsolete intermediate result,"rm -f ""result/phase6_smoke_baseline_20260514_220549/sumo_nets/integrated_selected/metadata.json"""
result/phase6_mini_experiment_batch03_5sec_baseline_20260514_220549/phase6_smoke_baseline.sumocfg,file,0.00,obsolete intermediate result,"rm -f ""result/phase6_mini_experiment_batch03_5sec_baseline_20260514_220549/phase6_smoke_baseline.sumocfg"""
result/phase_next_pedestrian_augmented_network_20260514_120939/next_strategy_after_pedestrian_augmented_network.md,file,0.00,obsolete intermediate result,"rm -f ""result/phase_next_pedestrian_augmented_network_20260514_120939/next_strategy_after_pedestrian_augmented_network.md"""
result/phase_next_pedestrian_augmented_network_20260514_113417/next_strategy_after_pedestrian_augmented_network.md,file,0.00,obsolete intermediate result,"rm -f ""result/phase_next_pedestrian_augmented_network_20260514_113417/next_strategy_after_pedestrian_augmented_network.md"""
result/phase_next_pedestrian_augmented_network_20260514_113609/next_strategy_after_pedestrian_augmented_network.md,file,0.00,obsolete intermediate result,"rm -f ""result/phase_next_pedestrian_augmented_network_20260514_113609/next_strategy_after_pedestrian_augmented_network.md"""
result/phase_next_pedestrian_augmented_network_20260514_120304/next_strategy_after_pedestrian_augmented_network.md,file,0.00,obsolete intermediate result,"rm -f ""result/phase_next_pedestrian_augmented_network_20260514_120304/next_strategy_after_pedestrian_augmented_network.md"""
result/phase_next_pedestrian_augmented_network_20260514_120515/next_strategy_after_pedestrian_augmented_network.md,file,0.00,obsolete intermediate result,"rm -f ""result/phase_next_pedestrian_augmented_network_20260514_120515/next_strategy_after_pedestrian_augmented_network.md"""
result/phase_next_pedestrian_augmented_network_20260514_120721/next_strategy_after_pedestrian_augmented_network.md,file,0.00,obsolete intermediate result,"rm -f ""result/phase_next_pedestrian_augmented_network_20260514_120721/next_strategy_after_pedestrian_augmented_network.md"""
result/phase6_mini_experiment_batch03_5sec_smart_20260514_220549/phase6_smoke_smart.sumocfg,file,0.00,obsolete intermediate result,"rm -f ""result/phase6_mini_experiment_batch03_5sec_smart_20260514_220549/phase6_smoke_smart.sumocfg"""
result/phase6_mini_experiment_batch03_5sec_baseline_20260514_220549/run_metadata.json,file,0.00,obsolete intermediate result,"rm -f ""result/phase6_mini_experiment_batch03_5sec_baseline_20260514_220549/run_metadata.json"""
result/phase_next_top20_crosswalk_recovery_20260514_021229/top20_recovered_candidates.csv,file,0.00,obsolete intermediate result,"rm -f ""result/phase_next_top20_crosswalk_recovery_20260514_021229/top20_recovered_candidates.csv"""
result/phase_next_pedestrian_augmented_network_20260514_113008/next_strategy_after_pedestrian_augmented_network.md,file,0.00,obsolete intermediate result,"rm -f ""result/phase_next_pedestrian_augmented_network_20260514_113008/next_strategy_after_pedestrian_augmented_network.md"""
result/phase_next_pedestrian_augmented_network_20260514_113147/next_strategy_after_pedestrian_augmented_network.md,file,0.00,obsolete intermediate result,"rm -f ""result/phase_next_pedestrian_augmented_network_20260514_113147/next_strategy_after_pedestrian_augmented_network.md"""
result/phase_next_max_recovery_20260514_194109/next_recovery_strategy.md,file,0.00,obsolete intermediate result,"rm -f ""result/phase_next_max_recovery_20260514_194109/next_recovery_strategy.md"""
result/phase6_mini_experiment_batch03_5sec_smart_20260514_220549/run_metadata.json,file,0.00,obsolete intermediate result,"rm -f ""result/phase6_mini_experiment_batch03_5sec_smart_20260514_220549/run_metadata.json"""
result/phase6_recovery_smoke_baseline_20260514_220549/phase6_smoke_baseline.sumocfg,file,0.00,obsolete intermediate result,"rm -f ""result/phase6_recovery_smoke_baseline_20260514_220549/phase6_smoke_baseline.sumocfg"""
result/phase_next_tierwise_expansion_continue_20260514_135146/tierwise_continue_summary.md,file,0.00,obsolete intermediate result,"rm -f ""result/phase_next_tierwise_expansion_continue_20260514_135146/tierwise_continue_summary.md"""
result/phase_next_119055_junction_tls_pilot_20260514_010647/candidate_crossing_edges_119055.csv,file,0.00,obsolete intermediate result,"rm -f ""result/phase_next_119055_junction_tls_pilot_20260514_010647/candidate_crossing_edges_119055.csv"""
result/phase_next_tierwise_expansion_continue_20260514_134922/tierwise_continue_summary.md,file,0.00,obsolete intermediate result,"rm -f ""result/phase_next_tierwise_expansion_continue_20260514_134922/tierwise_continue_summary.md"""
result/phase6_recovery_smoke_smart_20260514_220549/phase6_smoke_smart.sumocfg,file,0.00,obsolete intermediate result,"rm -f ""result/phase6_recovery_smoke_smart_20260514_220549/phase6_smoke_smart.sumocfg"""
result/phase_next_pedestrian_augmented_network_20260514_120515/netconvert_command.sh,file,0.00,obsolete intermediate result,"rm -f ""result/phase_next_pedestrian_augmented_network_20260514_120515/netconvert_command.sh"""
result/phase_next_real_csv_generation_samples_20260514_104959/candidate_explicit_crossing_LINK_20004/netconvert_command.sh,file,0.00,obsolete intermediate result,"rm -f ""result/phase_next_real_csv_generation_samples_20260514_104959/candidate_explicit_crossing_LINK_20004/netconvert_command.sh"""
result/phase_next_top20_crosswalk_recovery_20260514_021229/candidate_167173/netconvert_command.sh,file,0.00,obsolete intermediate result,"rm -f ""result/phase_next_top20_crosswalk_recovery_20260514_021229/candidate_167173/netconvert_command.sh"""
result/phase510_119055_insert_split_20260514_002144/edge_1259307343_split_plan.md,file,0.00,obsolete intermediate result,"rm -f ""result/phase510_119055_insert_split_20260514_002144/edge_1259307343_split_plan.md"""
result/phase510_119055_insert_split_20260514_002251/edge_1259307343_split_plan.md,file,0.00,obsolete intermediate result,"rm -f ""result/phase510_119055_insert_split_20260514_002251/edge_1259307343_split_plan.md"""
result/phase510_119055_insert_split_20260514_002348/edge_1259307343_split_plan.md,file,0.00,obsolete intermediate result,"rm -f ""result/phase510_119055_insert_split_20260514_002348/edge_1259307343_split_plan.md"""
result/phase510_119055_insert_split_20260514_002424/edge_1259307343_split_plan.md,file,0.00,obsolete intermediate result,"rm -f ""result/phase510_119055_insert_split_20260514_002424/edge_1259307343_split_plan.md"""
result/phase510_119055_insert_split_20260514_002452/edge_1259307343_split_plan.md,file,0.00,obsolete intermediate result,"rm -f ""result/phase510_119055_insert_split_20260514_002452/edge_1259307343_split_plan.md"""
result/phase510_119055_insert_split_20260514_002533/edge_1259307343_split_plan.md,file,0.00,obsolete intermediate result,"rm -f ""result/phase510_119055_insert_split_20260514_002533/edge_1259307343_split_plan.md"""
result/phase510_119055_insert_split_20260514_002556/edge_1259307343_split_plan.md,file,0.00,obsolete intermediate result,"rm -f ""result/phase510_119055_insert_split_20260514_002556/edge_1259307343_split_plan.md"""
result/phase510_119055_insert_split_20260514_002633/edge_1259307343_split_plan.md,file,0.00,obsolete intermediate result,"rm -f ""result/phase510_119055_insert_split_20260514_002633/edge_1259307343_split_plan.md"""
result/phase_next_top20_crosswalk_recovery_20260514_021229/candidate_15197/netconvert_command.sh,file,0.00,obsolete intermediate result,"rm -f ""result/phase_next_top20_crosswalk_recovery_20260514_021229/candidate_15197/netconvert_command.sh"""
result/phase_next_top20_crosswalk_recovery_20260514_021229/candidate_15225/netconvert_command.sh,file,0.00,obsolete intermediate result,"rm -f ""result/phase_next_top20_crosswalk_recovery_20260514_021229/candidate_15225/netconvert_command.sh"""
result/phase_next_top20_crosswalk_recovery_20260514_021229/candidate_15226/netconvert_command.sh,file,0.00,obsolete intermediate result,"rm -f ""result/phase_next_top20_crosswalk_recovery_20260514_021229/candidate_15226/netconvert_command.sh"""
result/phase_next_top20_crosswalk_recovery_20260514_021229/candidate_23039/netconvert_command.sh,file,0.00,obsolete intermediate result,"rm -f ""result/phase_next_top20_crosswalk_recovery_20260514_021229/candidate_23039/netconvert_command.sh"""
result/phase_next_top20_crosswalk_recovery_20260514_021229/candidate_23041/netconvert_command.sh,file,0.00,obsolete intermediate result,"rm -f ""result/phase_next_top20_crosswalk_recovery_20260514_021229/candidate_23041/netconvert_command.sh"""
result/phase_next_top20_crosswalk_recovery_20260514_021229/candidate_6084/netconvert_command.sh,file,0.00,obsolete intermediate result,"rm -f ""result/phase_next_top20_crosswalk_recovery_20260514_021229/candidate_6084/netconvert_command.sh"""
result/phase_next_top20_crosswalk_recovery_20260514_021229/candidate_6210/netconvert_command.sh,file,0.00,obsolete intermediate result,"rm -f ""result/phase_next_top20_crosswalk_recovery_20260514_021229/candidate_6210/netconvert_command.sh"""
result/phase_next_top20_crosswalk_recovery_20260514_021229/candidate_6425/netconvert_command.sh,file,0.00,obsolete intermediate result,"rm -f ""result/phase_next_top20_crosswalk_recovery_20260514_021229/candidate_6425/netconvert_command.sh"""
result/phase_next_top20_crosswalk_recovery_20260514_021229/candidate_6451/netconvert_command.sh,file,0.00,obsolete intermediate result,"rm -f ""result/phase_next_top20_crosswalk_recovery_20260514_021229/candidate_6451/netconvert_command.sh"""
result/phase_next_top20_crosswalk_recovery_20260514_021229/candidate_6527/netconvert_command.sh,file,0.00,obsolete intermediate result,"rm -f ""result/phase_next_top20_crosswalk_recovery_20260514_021229/candidate_6527/netconvert_command.sh"""
result/phase_next_top20_crosswalk_recovery_20260514_021229/candidate_6939/netconvert_command.sh,file,0.00,obsolete intermediate result,"rm -f ""result/phase_next_top20_crosswalk_recovery_20260514_021229/candidate_6939/netconvert_command.sh"""
result/phase_next_top20_crosswalk_recovery_20260514_021229/candidate_7358/netconvert_command.sh,file,0.00,obsolete intermediate result,"rm -f ""result/phase_next_top20_crosswalk_recovery_20260514_021229/candidate_7358/netconvert_command.sh"""
result/phase_next_top20_crosswalk_recovery_20260514_021229/candidate_8165/netconvert_command.sh,file,0.00,obsolete intermediate result,"rm -f ""result/phase_next_top20_crosswalk_recovery_20260514_021229/candidate_8165/netconvert_command.sh"""
result/phase_next_top20_crosswalk_recovery_20260514_021229/candidate_8339/netconvert_command.sh,file,0.00,obsolete intermediate result,"rm -f ""result/phase_next_top20_crosswalk_recovery_20260514_021229/candidate_8339/netconvert_command.sh"""
result/phase_next_top20_crosswalk_recovery_20260514_021229/candidate_8567/netconvert_command.sh,file,0.00,obsolete intermediate result,"rm -f ""result/phase_next_top20_crosswalk_recovery_20260514_021229/candidate_8567/netconvert_command.sh"""
result/phase_next_top20_crosswalk_recovery_20260514_021229/candidate_8614/netconvert_command.sh,file,0.00,obsolete intermediate result,"rm -f ""result/phase_next_top20_crosswalk_recovery_20260514_021229/candidate_8614/netconvert_command.sh"""
result/phase_next_top20_crosswalk_recovery_20260514_021229/candidate_9650/netconvert_command.sh,file,0.00,obsolete intermediate result,"rm -f ""result/phase_next_top20_crosswalk_recovery_20260514_021229/candidate_9650/netconvert_command.sh"""
result/phase_next_top20_crosswalk_recovery_20260514_021229/candidate_9826/netconvert_command.sh,file,0.00,obsolete intermediate result,"rm -f ""result/phase_next_top20_crosswalk_recovery_20260514_021229/candidate_9826/netconvert_command.sh"""
result/phase_next_top20_crosswalk_recovery_20260514_021229/candidate_151/netconvert_command.sh,file,0.00,obsolete intermediate result,"rm -f ""result/phase_next_top20_crosswalk_recovery_20260514_021229/candidate_151/netconvert_command.sh"""
result/phase_next_tierwise_expansion_continue_20260514_135146/phase_fix_netconvert_command.sh,file,0.00,obsolete intermediate result,"rm -f ""result/phase_next_tierwise_expansion_continue_20260514_135146/phase_fix_netconvert_command.sh"""
result/phase_next_tierwise_expansion_continue_20260514_135146/tls_netconvert_command.sh,file,0.00,obsolete intermediate result,"rm -f ""result/phase_next_tierwise_expansion_continue_20260514_135146/tls_netconvert_command.sh"""
result/phase6_recovery_smoke_baseline_20260514_220549/run_metadata.json,file,0.00,obsolete intermediate result,"rm -f ""result/phase6_recovery_smoke_baseline_20260514_220549/run_metadata.json"""
result/phase6_recovery_smoke_smart_20260514_220549/run_metadata.json,file,0.00,obsolete intermediate result,"rm -f ""result/phase6_recovery_smoke_smart_20260514_220549/run_metadata.json"""
result/phase_next_real_csv_generation_samples_20260514_104959/candidate_tls_creation_LINK_92227/validation_report.md,file,0.00,obsolete intermediate result,"rm -f ""result/phase_next_real_csv_generation_samples_20260514_104959/candidate_tls_creation_LINK_92227/validation_report.md"""
result/phase_next_tierwise_expansion_continue_20260514_134922/phase_fix_netconvert_command.sh,file,0.00,obsolete intermediate result,"rm -f ""result/phase_next_tierwise_expansion_continue_20260514_134922/phase_fix_netconvert_command.sh"""
result/phase_next_tierwise_expansion_continue_20260514_134922/tls_netconvert_command.sh,file,0.00,obsolete intermediate result,"rm -f ""result/phase_next_tierwise_expansion_continue_20260514_134922/tls_netconvert_command.sh"""
result/phase_next_pedestrian_augmented_network_20260514_113008/netconvert_command.sh,file,0.00,obsolete intermediate result,"rm -f ""result/phase_next_pedestrian_augmented_network_20260514_113008/netconvert_command.sh"""
result/phase_next_pedestrian_augmented_network_20260514_113147/netconvert_command.sh,file,0.00,obsolete intermediate result,"rm -f ""result/phase_next_pedestrian_augmented_network_20260514_113147/netconvert_command.sh"""
result/phase_next_pedestrian_augmented_network_20260514_113417/netconvert_command.sh,file,0.00,obsolete intermediate result,"rm -f ""result/phase_next_pedestrian_augmented_network_20260514_113417/netconvert_command.sh"""
result/phase_next_pedestrian_augmented_network_20260514_113609/netconvert_command.sh,file,0.00,obsolete intermediate result,"rm -f ""result/phase_next_pedestrian_augmented_network_20260514_113609/netconvert_command.sh"""
result/phase_next_max_recovery_20260514_194109/recovery_tls_netconvert_command.sh,file,0.00,obsolete intermediate result,"rm -f ""result/phase_next_max_recovery_20260514_194109/recovery_tls_netconvert_command.sh"""
result/phase_next_tierwise_expansion_20260514_125436/netconvert_command.sh,file,0.00,obsolete intermediate result,"rm -f ""result/phase_next_tierwise_expansion_20260514_125436/netconvert_command.sh"""
result/phase_next_pedestrian_augmented_network_20260514_120304/netconvert_command.sh,file,0.00,obsolete intermediate result,"rm -f ""result/phase_next_pedestrian_augmented_network_20260514_120304/netconvert_command.sh"""
result/phase_next_pedestrian_augmented_network_20260514_120721/netconvert_command.sh,file,0.00,obsolete intermediate result,"rm -f ""result/phase_next_pedestrian_augmented_network_20260514_120721/netconvert_command.sh"""
result/phase_next_pedestrian_augmented_network_20260514_120939/netconvert_command.sh,file,0.00,obsolete intermediate result,"rm -f ""result/phase_next_pedestrian_augmented_network_20260514_120939/netconvert_command.sh"""
result/phase_next_tierwise_expansion_20260514_125338/netconvert_command.sh,file,0.00,obsolete intermediate result,"rm -f ""result/phase_next_tierwise_expansion_20260514_125338/netconvert_command.sh"""
result/phase6_recovery_smoke_baseline_20260514_220549/demand_pedestrian.rou.xml,file,0.00,obsolete intermediate result,"rm -f ""result/phase6_recovery_smoke_baseline_20260514_220549/demand_pedestrian.rou.xml"""
result/phase6_recovery_smoke_smart_20260514_220549/demand_pedestrian.rou.xml,file,0.00,obsolete intermediate result,"rm -f ""result/phase6_recovery_smoke_smart_20260514_220549/demand_pedestrian.rou.xml"""
result/phase_next_pedestrian_augmented_network_20260514_120939/phase6_ready_validation_summary.md,file,0.00,obsolete intermediate result,"rm -f ""result/phase_next_pedestrian_augmented_network_20260514_120939/phase6_ready_validation_summary.md"""
result/phase_next_max_recovery_20260514_194109/recovery_tls_batch.nod.xml,file,0.00,obsolete intermediate result,"rm -f ""result/phase_next_max_recovery_20260514_194109/recovery_tls_batch.nod.xml"""
result/phase_next_real_csv_generation_samples_20260514_104959/candidate_explicit_crossing_LINK_20004/validation_report.md,file,0.00,obsolete intermediate result,"rm -f ""result/phase_next_real_csv_generation_samples_20260514_104959/candidate_explicit_crossing_LINK_20004/validation_report.md"""
result/phase_next_tierwise_expansion_20260514_125338/red_only_phase_fix_results.csv,file,0.00,obsolete intermediate result,"rm -f ""result/phase_next_tierwise_expansion_20260514_125338/red_only_phase_fix_results.csv"""
result/phase_next_multi_crosswalk_recovery_20260514_015058/failed_candidates.csv,file,0.00,obsolete intermediate result,"rm -f ""result/phase_next_multi_crosswalk_recovery_20260514_015058/failed_candidates.csv"""
result/phase_next_pedestrian_augmented_network_20260514_113008/manual_review_candidates.csv,file,0.00,obsolete intermediate result,"rm -f ""result/phase_next_pedestrian_augmented_network_20260514_113008/manual_review_candidates.csv"""
result/phase_next_pedestrian_augmented_network_20260514_113008/red_only_phase_fix_candidates.csv,file,0.00,obsolete intermediate result,"rm -f ""result/phase_next_pedestrian_augmented_network_20260514_113008/red_only_phase_fix_candidates.csv"""
result/phase_next_pedestrian_augmented_network_20260514_113008/smart_signal_candidates.csv,file,0.00,obsolete intermediate result,"rm -f ""result/phase_next_pedestrian_augmented_network_20260514_113008/smart_signal_candidates.csv"""
result/phase_next_pedestrian_augmented_network_20260514_113008/tls_creation_candidates.csv,file,0.00,obsolete intermediate result,"rm -f ""result/phase_next_pedestrian_augmented_network_20260514_113008/tls_creation_candidates.csv"""
result/phase_next_pedestrian_augmented_network_20260514_113008/unsignalized_crosswalks.csv,file,0.00,obsolete intermediate result,"rm -f ""result/phase_next_pedestrian_augmented_network_20260514_113008/unsignalized_crosswalks.csv"""
result/phase_next_pedestrian_augmented_network_20260514_113147/manual_review_candidates.csv,file,0.00,obsolete intermediate result,"rm -f ""result/phase_next_pedestrian_augmented_network_20260514_113147/manual_review_candidates.csv"""
result/phase_next_pedestrian_augmented_network_20260514_113147/red_only_phase_fix_candidates.csv,file,0.00,obsolete intermediate result,"rm -f ""result/phase_next_pedestrian_augmented_network_20260514_113147/red_only_phase_fix_candidates.csv"""
result/phase_next_pedestrian_augmented_network_20260514_113147/smart_signal_candidates.csv,file,0.00,obsolete intermediate result,"rm -f ""result/phase_next_pedestrian_augmented_network_20260514_113147/smart_signal_candidates.csv"""
result/phase_next_pedestrian_augmented_network_20260514_113147/tls_creation_candidates.csv,file,0.00,obsolete intermediate result,"rm -f ""result/phase_next_pedestrian_augmented_network_20260514_113147/tls_creation_candidates.csv"""
result/phase_next_pedestrian_augmented_network_20260514_113147/unsignalized_crosswalks.csv,file,0.00,obsolete intermediate result,"rm -f ""result/phase_next_pedestrian_augmented_network_20260514_113147/unsignalized_crosswalks.csv"""
result/phase_next_pedestrian_augmented_network_20260514_113417/red_only_phase_fix_candidates.csv,file,0.00,obsolete intermediate result,"rm -f ""result/phase_next_pedestrian_augmented_network_20260514_113417/red_only_phase_fix_candidates.csv"""
result/phase_next_pedestrian_augmented_network_20260514_113417/smart_signal_candidates.csv,file,0.00,obsolete intermediate result,"rm -f ""result/phase_next_pedestrian_augmented_network_20260514_113417/smart_signal_candidates.csv"""
result/phase_next_pedestrian_augmented_network_20260514_113609/red_only_phase_fix_candidates.csv,file,0.00,obsolete intermediate result,"rm -f ""result/phase_next_pedestrian_augmented_network_20260514_113609/red_only_phase_fix_candidates.csv"""
result/phase_next_pedestrian_augmented_network_20260514_113609/smart_signal_candidates.csv,file,0.00,obsolete intermediate result,"rm -f ""result/phase_next_pedestrian_augmented_network_20260514_113609/smart_signal_candidates.csv"""
result/phase_next_pedestrian_augmented_network_20260514_120304/red_only_phase_fix_candidates.csv,file,0.00,obsolete intermediate result,"rm -f ""result/phase_next_pedestrian_augmented_network_20260514_120304/red_only_phase_fix_candidates.csv"""
result/phase_next_pedestrian_augmented_network_20260514_120304/smart_signal_candidates.csv,file,0.00,obsolete intermediate result,"rm -f ""result/phase_next_pedestrian_augmented_network_20260514_120304/smart_signal_candidates.csv"""
result/phase_next_pedestrian_augmented_network_20260514_120515/red_only_phase_fix_candidates.csv,file,0.00,obsolete intermediate result,"rm -f ""result/phase_next_pedestrian_augmented_network_20260514_120515/red_only_phase_fix_candidates.csv"""
result/phase_next_pedestrian_augmented_network_20260514_120515/smart_signal_candidates.csv,file,0.00,obsolete intermediate result,"rm -f ""result/phase_next_pedestrian_augmented_network_20260514_120515/smart_signal_candidates.csv"""
result/phase_next_pedestrian_augmented_network_20260514_120721/red_only_phase_fix_candidates.csv,file,0.00,obsolete intermediate result,"rm -f ""result/phase_next_pedestrian_augmented_network_20260514_120721/red_only_phase_fix_candidates.csv"""
result/phase_next_pedestrian_augmented_network_20260514_120721/smart_signal_candidates.csv,file,0.00,obsolete intermediate result,"rm -f ""result/phase_next_pedestrian_augmented_network_20260514_120721/smart_signal_candidates.csv"""
result/phase_next_pedestrian_augmented_network_20260514_120939/red_only_phase_fix_candidates.csv,file,0.00,obsolete intermediate result,"rm -f ""result/phase_next_pedestrian_augmented_network_20260514_120939/red_only_phase_fix_candidates.csv"""
result/phase510_119055_insert_split_20260514_002144/insert_split_crossing.con.xml,file,0.00,obsolete intermediate result,"rm -f ""result/phase510_119055_insert_split_20260514_002144/insert_split_crossing.con.xml"""
result/phase6_smoke_baseline_20260514_220549/sumo_nets/integrated_selected/network_vclass_sanitize_report.json,file,0.00,obsolete intermediate result,"rm -f ""result/phase6_smoke_baseline_20260514_220549/sumo_nets/integrated_selected/network_vclass_sanitize_report.json"""
result/phase_next_junction_factory_20260514_024017/red_only_fix_candidate_151/phase_fix_report.md,file,0.00,obsolete intermediate result,"rm -f ""result/phase_next_junction_factory_20260514_024017/red_only_fix_candidate_151/phase_fix_report.md"""
result/phase6_smoke_baseline_20260514_220549/sumo_nets/integrated_selected/network_vclass_sanitize_report.md,file,0.00,obsolete intermediate result,"rm -f ""result/phase6_smoke_baseline_20260514_220549/sumo_nets/integrated_selected/network_vclass_sanitize_report.md"""
result/phase_next_real_csv_generation_samples_20260514_104959/reject_case_review.csv,file,0.00,obsolete intermediate result,"rm -f ""result/phase_next_real_csv_generation_samples_20260514_104959/reject_case_review.csv"""
result/phase_next_tierwise_expansion_continue_20260514_134922/next_strategy_after_tierwise_continue.md,file,0.00,obsolete intermediate result,"rm -f ""result/phase_next_tierwise_expansion_continue_20260514_134922/next_strategy_after_tierwise_continue.md"""
result/phase_next_tierwise_expansion_continue_20260514_135146/next_strategy_after_tierwise_continue.md,file,0.00,obsolete intermediate result,"rm -f ""result/phase_next_tierwise_expansion_continue_20260514_135146/next_strategy_after_tierwise_continue.md"""
result/phase510_119055_insert_split_20260514_002251/insert_split_crossing.con.xml,file,0.00,obsolete intermediate result,"rm -f ""result/phase510_119055_insert_split_20260514_002251/insert_split_crossing.con.xml"""
result/phase_next_junction_factory_20260514_024017/run_metadata.json,file,0.00,obsolete intermediate result,"rm -f ""result/phase_next_junction_factory_20260514_024017/run_metadata.json"""
result/phase_next_multi_crosswalk_recovery_20260514_015058/candidate_125895/linkindex_validation.csv,file,0.00,obsolete intermediate result,"rm -f ""result/phase_next_multi_crosswalk_recovery_20260514_015058/candidate_125895/linkindex_validation.csv"""
result/phase_next_multi_crosswalk_recovery_20260514_015058/candidate_72235/linkindex_validation.csv,file,0.00,obsolete intermediate result,"rm -f ""result/phase_next_multi_crosswalk_recovery_20260514_015058/candidate_72235/linkindex_validation.csv"""
result/phase_next_multi_crosswalk_recovery_20260514_015058/candidate_6531/linkindex_validation.csv,file,0.00,obsolete intermediate result,"rm -f ""result/phase_next_multi_crosswalk_recovery_20260514_015058/candidate_6531/linkindex_validation.csv"""
result/phase_next_multi_crosswalk_recovery_20260514_015058/candidate_8568/linkindex_validation.csv,file,0.00,obsolete intermediate result,"rm -f ""result/phase_next_multi_crosswalk_recovery_20260514_015058/candidate_8568/linkindex_validation.csv"""
result/phase_next_real_csv_generation_samples_20260514_104959/reject_case_review.md,file,0.00,obsolete intermediate result,"rm -f ""result/phase_next_real_csv_generation_samples_20260514_104959/reject_case_review.md"""
result/phase_next_max_recovery_20260514_194109/tls_remaining_3_promoted.csv,file,0.00,obsolete intermediate result,"rm -f ""result/phase_next_max_recovery_20260514_194109/tls_remaining_3_promoted.csv"""
result/phase_next_multi_crosswalk_recovery_20260514_015058/candidate_23040/linkindex_validation.csv,file,0.00,obsolete intermediate result,"rm -f ""result/phase_next_multi_crosswalk_recovery_20260514_015058/candidate_23040/linkindex_validation.csv"""
result/phase_next_multi_crosswalk_recovery_20260514_015058/recovered_candidates.csv,file,0.00,obsolete intermediate result,"rm -f ""result/phase_next_multi_crosswalk_recovery_20260514_015058/recovered_candidates.csv"""
result/phase510_119055_insert_split_20260514_002144/snap_pilot_validation_review.md,file,0.00,obsolete intermediate result,"rm -f ""result/phase510_119055_insert_split_20260514_002144/snap_pilot_validation_review.md"""
result/phase510_119055_insert_split_20260514_002251/snap_pilot_validation_review.md,file,0.00,obsolete intermediate result,"rm -f ""result/phase510_119055_insert_split_20260514_002251/snap_pilot_validation_review.md"""
result/phase510_119055_insert_split_20260514_002348/snap_pilot_validation_review.md,file,0.00,obsolete intermediate result,"rm -f ""result/phase510_119055_insert_split_20260514_002348/snap_pilot_validation_review.md"""
result/phase510_119055_insert_split_20260514_002424/snap_pilot_validation_review.md,file,0.00,obsolete intermediate result,"rm -f ""result/phase510_119055_insert_split_20260514_002424/snap_pilot_validation_review.md"""
result/phase510_119055_insert_split_20260514_002452/snap_pilot_validation_review.md,file,0.00,obsolete intermediate result,"rm -f ""result/phase510_119055_insert_split_20260514_002452/snap_pilot_validation_review.md"""
result/phase510_119055_insert_split_20260514_002533/snap_pilot_validation_review.md,file,0.00,obsolete intermediate result,"rm -f ""result/phase510_119055_insert_split_20260514_002533/snap_pilot_validation_review.md"""
result/phase510_119055_insert_split_20260514_002556/snap_pilot_validation_review.md,file,0.00,obsolete intermediate result,"rm -f ""result/phase510_119055_insert_split_20260514_002556/snap_pilot_validation_review.md"""
result/phase510_119055_insert_split_20260514_002633/snap_pilot_validation_review.md,file,0.00,obsolete intermediate result,"rm -f ""result/phase510_119055_insert_split_20260514_002633/snap_pilot_validation_review.md"""
result/phase510_119055_insert_split_20260514_002533/netconvert_insert_split.log,file,0.00,obsolete intermediate result,"rm -f ""result/phase510_119055_insert_split_20260514_002533/netconvert_insert_split.log"""
result/phase510_119055_insert_split_20260514_002556/netconvert_insert_split.log,file,0.00,obsolete intermediate result,"rm -f ""result/phase510_119055_insert_split_20260514_002556/netconvert_insert_split.log"""
result/phase_next_top20_crosswalk_recovery_20260514_021229/candidate_15225/linkindex_validation.csv,file,0.00,obsolete intermediate result,"rm -f ""result/phase_next_top20_crosswalk_recovery_20260514_021229/candidate_15225/linkindex_validation.csv"""
result/phase_next_top20_crosswalk_recovery_20260514_021229/candidate_15226/linkindex_validation.csv,file,0.00,obsolete intermediate result,"rm -f ""result/phase_next_top20_crosswalk_recovery_20260514_021229/candidate_15226/linkindex_validation.csv"""
result/phase_next_top20_crosswalk_recovery_20260514_021229/candidate_167173/linkindex_validation.csv,file,0.00,obsolete intermediate result,"rm -f ""result/phase_next_top20_crosswalk_recovery_20260514_021229/candidate_167173/linkindex_validation.csv"""
result/phase_next_top20_crosswalk_recovery_20260514_021229/candidate_6451/linkindex_validation.csv,file,0.00,obsolete intermediate result,"rm -f ""result/phase_next_top20_crosswalk_recovery_20260514_021229/candidate_6451/linkindex_validation.csv"""
result/phase_next_top20_crosswalk_recovery_20260514_021229/candidate_6527/linkindex_validation.csv,file,0.00,obsolete intermediate result,"rm -f ""result/phase_next_top20_crosswalk_recovery_20260514_021229/candidate_6527/linkindex_validation.csv"""
result/phase_next_top20_crosswalk_recovery_20260514_021229/candidate_8339/linkindex_validation.csv,file,0.00,obsolete intermediate result,"rm -f ""result/phase_next_top20_crosswalk_recovery_20260514_021229/candidate_8339/linkindex_validation.csv"""
result/phase_next_junction_factory_20260514_024017/red_only_fix_candidate_151/phase_fix_diff.md,file,0.00,obsolete intermediate result,"rm -f ""result/phase_next_junction_factory_20260514_024017/red_only_fix_candidate_151/phase_fix_diff.md"""
result/phase_next_top20_crosswalk_recovery_20260514_021229/candidate_151/linkindex_validation.csv,file,0.00,obsolete intermediate result,"rm -f ""result/phase_next_top20_crosswalk_recovery_20260514_021229/candidate_151/linkindex_validation.csv"""
result/phase_next_top20_crosswalk_recovery_20260514_021229/candidate_15197/linkindex_validation.csv,file,0.00,obsolete intermediate result,"rm -f ""result/phase_next_top20_crosswalk_recovery_20260514_021229/candidate_15197/linkindex_validation.csv"""
result/phase_next_top20_crosswalk_recovery_20260514_021229/candidate_6084/linkindex_validation.csv,file,0.00,obsolete intermediate result,"rm -f ""result/phase_next_top20_crosswalk_recovery_20260514_021229/candidate_6084/linkindex_validation.csv"""
result/phase_next_top20_crosswalk_recovery_20260514_021229/candidate_6210/linkindex_validation.csv,file,0.00,obsolete intermediate result,"rm -f ""result/phase_next_top20_crosswalk_recovery_20260514_021229/candidate_6210/linkindex_validation.csv"""
result/phase_next_top20_crosswalk_recovery_20260514_021229/candidate_6425/linkindex_validation.csv,file,0.00,obsolete intermediate result,"rm -f ""result/phase_next_top20_crosswalk_recovery_20260514_021229/candidate_6425/linkindex_validation.csv"""
result/phase_next_top20_crosswalk_recovery_20260514_021229/candidate_6939/linkindex_validation.csv,file,0.00,obsolete intermediate result,"rm -f ""result/phase_next_top20_crosswalk_recovery_20260514_021229/candidate_6939/linkindex_validation.csv"""
result/phase_next_top20_crosswalk_recovery_20260514_021229/candidate_7358/linkindex_validation.csv,file,0.00,obsolete intermediate result,"rm -f ""result/phase_next_top20_crosswalk_recovery_20260514_021229/candidate_7358/linkindex_validation.csv"""
result/phase_next_top20_crosswalk_recovery_20260514_021229/candidate_8165/linkindex_validation.csv,file,0.00,obsolete intermediate result,"rm -f ""result/phase_next_top20_crosswalk_recovery_20260514_021229/candidate_8165/linkindex_validation.csv"""
result/phase_next_top20_crosswalk_recovery_20260514_021229/candidate_8567/linkindex_validation.csv,file,0.00,obsolete intermediate result,"rm -f ""result/phase_next_top20_crosswalk_recovery_20260514_021229/candidate_8567/linkindex_validation.csv"""
result/phase_next_top20_crosswalk_recovery_20260514_021229/candidate_8614/linkindex_validation.csv,file,0.00,obsolete intermediate result,"rm -f ""result/phase_next_top20_crosswalk_recovery_20260514_021229/candidate_8614/linkindex_validation.csv"""
result/phase_next_top20_crosswalk_recovery_20260514_021229/candidate_9650/linkindex_validation.csv,file,0.00,obsolete intermediate result,"rm -f ""result/phase_next_top20_crosswalk_recovery_20260514_021229/candidate_9650/linkindex_validation.csv"""
result/phase_next_top20_crosswalk_recovery_20260514_021229/candidate_9826/linkindex_validation.csv,file,0.00,obsolete intermediate result,"rm -f ""result/phase_next_top20_crosswalk_recovery_20260514_021229/candidate_9826/linkindex_validation.csv"""
result/phase_next_top20_crosswalk_recovery_20260514_021229/candidate_23039/linkindex_validation.csv,file,0.00,obsolete intermediate result,"rm -f ""result/phase_next_top20_crosswalk_recovery_20260514_021229/candidate_23039/linkindex_validation.csv"""
result/phase_next_top20_crosswalk_recovery_20260514_021229/candidate_23041/linkindex_validation.csv,file,0.00,obsolete intermediate result,"rm -f ""result/phase_next_top20_crosswalk_recovery_20260514_021229/candidate_23041/linkindex_validation.csv"""
result/t2_generated_crosswalks_20260513_185330/netconvert.log,file,0.00,obsolete intermediate result,"rm -f ""result/t2_generated_crosswalks_20260513_185330/netconvert.log"""
result/t2_generated_crosswalks_20260513_221249/netconvert.log,file,0.00,obsolete intermediate result,"rm -f ""result/t2_generated_crosswalks_20260513_221249/netconvert.log"""
result/phase_next_real_csv_generation_samples_20260514_104959/candidate_tls_creation_LINK_92227/original_context.json,file,0.00,obsolete intermediate result,"rm -f ""result/phase_next_real_csv_generation_samples_20260514_104959/candidate_tls_creation_LINK_92227/original_context.json"""
result/phase_next_real_csv_generation_samples_20260514_104959/candidate_explicit_crossing_LINK_20004/original_context.json,file,0.00,obsolete intermediate result,"rm -f ""result/phase_next_real_csv_generation_samples_20260514_104959/candidate_explicit_crossing_LINK_20004/original_context.json"""
result/phase_next_real_csv_generation_samples_20260514_104959/strict_ready_validation_report.md,file,0.00,obsolete intermediate result,"rm -f ""result/phase_next_real_csv_generation_samples_20260514_104959/strict_ready_validation_report.md"""
result/phase510_119055_insert_split_20260514_002251/netconvert_insert_split.log,file,0.00,obsolete intermediate result,"rm -f ""result/phase510_119055_insert_split_20260514_002251/netconvert_insert_split.log"""
result/phase_next_real_csv_generation_samples_20260514_104959/candidate_tls_creation_LINK_92227/generation_plan.md,file,0.00,obsolete intermediate result,"rm -f ""result/phase_next_real_csv_generation_samples_20260514_104959/candidate_tls_creation_LINK_92227/generation_plan.md"""
result/phase6_mini_experiment_batch03_5sec_baseline_20260514_220549/phase6_smoke_summary.md,file,0.00,obsolete intermediate result,"rm -f ""result/phase6_mini_experiment_batch03_5sec_baseline_20260514_220549/phase6_smoke_summary.md"""
result/phase6_recovery_smoke_baseline_20260514_220549/phase6_smoke_summary.md,file,0.00,obsolete intermediate result,"rm -f ""result/phase6_recovery_smoke_baseline_20260514_220549/phase6_smoke_summary.md"""
result/junggu_osm_network_20260513_184417/t2_bbox.json,file,0.00,obsolete intermediate result,"rm -f ""result/junggu_osm_network_20260513_184417/t2_bbox.json"""
result/phase_next_pedestrian_augmented_network_20260514_120939/_phase6_smoke/640/smoke.rou.xml,file,0.00,obsolete intermediate result,"rm -f ""result/phase_next_pedestrian_augmented_network_20260514_120939/_phase6_smoke/640/smoke.rou.xml"""
result/phase6_mini_experiment_batch03_5sec_smart_20260514_220549/phase6_smoke_summary.md,file,0.00,obsolete intermediate result,"rm -f ""result/phase6_mini_experiment_batch03_5sec_smart_20260514_220549/phase6_smoke_summary.md"""
result/phase6_recovery_smoke_smart_20260514_220549/phase6_smoke_summary.md,file,0.00,obsolete intermediate result,"rm -f ""result/phase6_recovery_smoke_smart_20260514_220549/phase6_smoke_summary.md"""
result/phase_next_pedestrian_augmented_network_20260514_120939/_phase6_smoke/122/smoke.rou.xml,file,0.00,obsolete intermediate result,"rm -f ""result/phase_next_pedestrian_augmented_network_20260514_120939/_phase6_smoke/122/smoke.rou.xml"""
result/phase_next_pedestrian_augmented_network_20260514_120939/_phase6_smoke/374/smoke.rou.xml,file,0.00,obsolete intermediate result,"rm -f ""result/phase_next_pedestrian_augmented_network_20260514_120939/_phase6_smoke/374/smoke.rou.xml"""
result/phase_next_pedestrian_augmented_network_20260514_120939/_phase6_smoke/503/smoke.rou.xml,file,0.00,obsolete intermediate result,"rm -f ""result/phase_next_pedestrian_augmented_network_20260514_120939/_phase6_smoke/503/smoke.rou.xml"""
result/phase_next_pedestrian_augmented_network_20260514_120939/_phase6_smoke/771/smoke.rou.xml,file,0.00,obsolete intermediate result,"rm -f ""result/phase_next_pedestrian_augmented_network_20260514_120939/_phase6_smoke/771/smoke.rou.xml"""
result/phase_next_pedestrian_augmented_network_20260514_120939/_phase6_smoke/780/smoke.rou.xml,file,0.00,obsolete intermediate result,"rm -f ""result/phase_next_pedestrian_augmented_network_20260514_120939/_phase6_smoke/780/smoke.rou.xml"""
result/phase_next_pedestrian_augmented_network_20260514_120939/_phase6_smoke/786/smoke.rou.xml,file,0.00,obsolete intermediate result,"rm -f ""result/phase_next_pedestrian_augmented_network_20260514_120939/_phase6_smoke/786/smoke.rou.xml"""
result/phase_next_pedestrian_augmented_network_20260514_120939/_phase6_smoke/88/smoke.rou.xml,file,0.00,obsolete intermediate result,"rm -f ""result/phase_next_pedestrian_augmented_network_20260514_120939/_phase6_smoke/88/smoke.rou.xml"""
result/phase_next_pedestrian_augmented_network_20260514_120939/_phase6_smoke/89/smoke.rou.xml,file,0.00,obsolete intermediate result,"rm -f ""result/phase_next_pedestrian_augmented_network_20260514_120939/_phase6_smoke/89/smoke.rou.xml"""
result/phase_next_pedestrian_augmented_network_20260514_120939/_phase6_smoke/90/smoke.rou.xml,file,0.00,obsolete intermediate result,"rm -f ""result/phase_next_pedestrian_augmented_network_20260514_120939/_phase6_smoke/90/smoke.rou.xml"""
result/phase_next_pedestrian_augmented_network_20260514_120939/_phase6_smoke/608/smoke.rou.xml,file,0.00,obsolete intermediate result,"rm -f ""result/phase_next_pedestrian_augmented_network_20260514_120939/_phase6_smoke/608/smoke.rou.xml"""
result/phase_next_junction_factory_20260514_024017/red_only_fix_candidate_151/phase_fix_validation.csv,file,0.00,obsolete intermediate result,"rm -f ""result/phase_next_junction_factory_20260514_024017/red_only_fix_candidate_151/phase_fix_validation.csv"""
result/phase_next_tierwise_expansion_continue_20260514_134922/phase_fix_promoted_candidates.csv,file,0.00,obsolete intermediate result,"rm -f ""result/phase_next_tierwise_expansion_continue_20260514_134922/phase_fix_promoted_candidates.csv"""
result/phase_next_tierwise_expansion_continue_20260514_135146/phase_fix_unsafe_or_failed.csv,file,0.00,obsolete intermediate result,"rm -f ""result/phase_next_tierwise_expansion_continue_20260514_135146/phase_fix_unsafe_or_failed.csv"""
result/phase510_119055_insert_split_20260514_002144/edge_split_patch.edg.xml,file,0.00,obsolete intermediate result,"rm -f ""result/phase510_119055_insert_split_20260514_002144/edge_split_patch.edg.xml"""
result/phase59_smart_network_pilot_20260514_001745/snap40_top_candidates.csv,file,0.00,obsolete intermediate result,"rm -f ""result/phase59_smart_network_pilot_20260514_001745/snap40_top_candidates.csv"""
result/phase_next_real_csv_generation_samples_20260514_104959/candidate_tls_creation_LINK_92227/validation.csv,file,0.00,obsolete intermediate result,"rm -f ""result/phase_next_real_csv_generation_samples_20260514_104959/candidate_tls_creation_LINK_92227/validation.csv"""
result/phase_next_real_csv_generation_samples_20260514_104959/candidate_explicit_crossing_LINK_20004/validation.csv,file,0.00,obsolete intermediate result,"rm -f ""result/phase_next_real_csv_generation_samples_20260514_104959/candidate_explicit_crossing_LINK_20004/validation.csv"""
result/phase_next_max_recovery_20260514_194109/geometry_reject_reason_breakdown.csv,file,0.00,obsolete intermediate result,"rm -f ""result/phase_next_max_recovery_20260514_194109/geometry_reject_reason_breakdown.csv"""
result/phase_next_119055_junction_tls_pilot_20260514_010647/plain/patch_119055_node.nod.xml,file,0.00,obsolete intermediate result,"rm -f ""result/phase_next_119055_junction_tls_pilot_20260514_010647/plain/patch_119055_node.nod.xml"""
result/phase511_netedit_119055_20260514_003850/phase511_recovered_validation.csv,file,0.00,obsolete intermediate result,"rm -f ""result/phase511_netedit_119055_20260514_003850/phase511_recovered_validation.csv"""
result/phase6_mini_experiment_batch03_5sec_smart_20260514_220549/phase6_smoke_smart_extension_events.json,file,0.00,obsolete intermediate result,"rm -f ""result/phase6_mini_experiment_batch03_5sec_smart_20260514_220549/phase6_smoke_smart_extension_events.json"""
result/phase6_recovery_smoke_smart_20260514_220549/phase6_smoke_smart_extension_events.json,file,0.00,obsolete intermediate result,"rm -f ""result/phase6_recovery_smoke_smart_20260514_220549/phase6_smoke_smart_extension_events.json"""
result/phase_next_real_csv_generation_samples_20260514_104959/candidate_explicit_crossing_LINK_20004/generation_plan.md,file,0.00,obsolete intermediate result,"rm -f ""result/phase_next_real_csv_generation_samples_20260514_104959/candidate_explicit_crossing_LINK_20004/generation_plan.md"""
result/phase_next_max_recovery_20260514_194109/manual_review_reason_breakdown.csv,file,0.00,obsolete intermediate result,"rm -f ""result/phase_next_max_recovery_20260514_194109/manual_review_reason_breakdown.csv"""
result/phase6_smoke_baseline_20260514_220549/sumo_nets/integrated_selected/invalid_tls_references.csv,file,0.00,obsolete intermediate result,"rm -f ""result/phase6_smoke_baseline_20260514_220549/sumo_nets/integrated_selected/invalid_tls_references.csv"""
result/phase6_smoke_baseline_20260514_220549/sumo_nets/integrated_selected/invalid_walkingarea_connections.json,file,0.00,obsolete intermediate result,"rm -f ""result/phase6_smoke_baseline_20260514_220549/sumo_nets/integrated_selected/invalid_walkingarea_connections.json"""
result/phase510_119055_insert_split_20260514_002251/node_insert_patch.nod.xml,file,0.00,obsolete intermediate result,"rm -f ""result/phase510_119055_insert_split_20260514_002251/node_insert_patch.nod.xml"""
result/phase_next_tierwise_expansion_continue_20260514_134922/red_only_phase_fix.tll.xml,file,0.00,obsolete intermediate result,"rm -f ""result/phase_next_tierwise_expansion_continue_20260514_134922/red_only_phase_fix.tll.xml"""
result/phase_next_pedestrian_augmented_network_20260514_120515/pre_post_network_counts.csv,file,0.00,obsolete intermediate result,"rm -f ""result/phase_next_pedestrian_augmented_network_20260514_120515/pre_post_network_counts.csv"""
result/phase_next_max_recovery_20260514_194109/tier_counts_current_verified.csv,file,0.00,obsolete intermediate result,"rm -f ""result/phase_next_max_recovery_20260514_194109/tier_counts_current_verified.csv"""
result/phase_next_pedestrian_augmented_network_20260514_120721/pre_post_network_counts.csv,file,0.00,obsolete intermediate result,"rm -f ""result/phase_next_pedestrian_augmented_network_20260514_120721/pre_post_network_counts.csv"""
result/phase_next_pedestrian_augmented_network_20260514_120939/pre_post_network_counts.csv,file,0.00,obsolete intermediate result,"rm -f ""result/phase_next_pedestrian_augmented_network_20260514_120939/pre_post_network_counts.csv"""
result/phase_next_tierwise_expansion_continue_20260514_134922/tier_counts_after.csv,file,0.00,obsolete intermediate result,"rm -f ""result/phase_next_tierwise_expansion_continue_20260514_134922/tier_counts_after.csv"""
result/phase_next_tierwise_expansion_continue_20260514_135146/tier_counts_after.csv,file,0.00,obsolete intermediate result,"rm -f ""result/phase_next_tierwise_expansion_continue_20260514_135146/tier_counts_after.csv"""
result/phase_next_pedestrian_augmented_network_20260514_113008/pre_post_network_counts.csv,file,0.00,obsolete intermediate result,"rm -f ""result/phase_next_pedestrian_augmented_network_20260514_113008/pre_post_network_counts.csv"""
result/phase_next_pedestrian_augmented_network_20260514_113147/pre_post_network_counts.csv,file,0.00,obsolete intermediate result,"rm -f ""result/phase_next_pedestrian_augmented_network_20260514_113147/pre_post_network_counts.csv"""
result/phase_next_pedestrian_augmented_network_20260514_113417/pre_post_network_counts.csv,file,0.00,obsolete intermediate result,"rm -f ""result/phase_next_pedestrian_augmented_network_20260514_113417/pre_post_network_counts.csv"""
result/phase_next_pedestrian_augmented_network_20260514_113609/pre_post_network_counts.csv,file,0.00,obsolete intermediate result,"rm -f ""result/phase_next_pedestrian_augmented_network_20260514_113609/pre_post_network_counts.csv"""
result/phase_next_pedestrian_augmented_network_20260514_120304/pre_post_network_counts.csv,file,0.00,obsolete intermediate result,"rm -f ""result/phase_next_pedestrian_augmented_network_20260514_120304/pre_post_network_counts.csv"""
result/phase_next_119055_junction_tls_pilot_20260514_010647/plain/119055_crossings.xml,file,0.00,obsolete intermediate result,"rm -f ""result/phase_next_119055_junction_tls_pilot_20260514_010647/plain/119055_crossings.xml"""
result/phase_next_tierwise_expansion_20260514_125338/explicit_crossing_results.csv,file,0.00,obsolete intermediate result,"rm -f ""result/phase_next_tierwise_expansion_20260514_125338/explicit_crossing_results.csv"""
result/phase_next_tierwise_expansion_20260514_125436/explicit_crossing_results.csv,file,0.00,obsolete intermediate result,"rm -f ""result/phase_next_tierwise_expansion_20260514_125436/explicit_crossing_results.csv"""
result/phase_next_tierwise_expansion_20260514_125436/tier_counts_after.csv,file,0.00,obsolete intermediate result,"rm -f ""result/phase_next_tierwise_expansion_20260514_125436/tier_counts_after.csv"""
result/phase_next_tierwise_expansion_continue_20260514_134922/tier_counts_before.csv,file,0.00,obsolete intermediate result,"rm -f ""result/phase_next_tierwise_expansion_continue_20260514_134922/tier_counts_before.csv"""
result/phase_next_tierwise_expansion_continue_20260514_135146/tier_counts_before.csv,file,0.00,obsolete intermediate result,"rm -f ""result/phase_next_tierwise_expansion_continue_20260514_135146/tier_counts_before.csv"""
result/phase_next_tierwise_expansion_20260514_125338/tier_counts_before.csv,file,0.00,obsolete intermediate result,"rm -f ""result/phase_next_tierwise_expansion_20260514_125338/tier_counts_before.csv"""
result/phase_next_tierwise_expansion_20260514_125436/tier_counts_before.csv,file,0.00,obsolete intermediate result,"rm -f ""result/phase_next_tierwise_expansion_20260514_125436/tier_counts_before.csv"""
result/phase_next_tierwise_expansion_20260514_125338/tier_counts_after.csv,file,0.00,obsolete intermediate result,"rm -f ""result/phase_next_tierwise_expansion_20260514_125338/tier_counts_after.csv"""
result/phase6_mini_experiment_batch03_5sec_smart_20260514_220549/phase6_smoke_smart_extension_events.csv,file,0.00,obsolete intermediate result,"rm -f ""result/phase6_mini_experiment_batch03_5sec_smart_20260514_220549/phase6_smoke_smart_extension_events.csv"""
result/phase6_recovery_smoke_smart_20260514_220549/phase6_smoke_smart_extension_events.csv,file,0.00,obsolete intermediate result,"rm -f ""result/phase6_recovery_smoke_smart_20260514_220549/phase6_smoke_smart_extension_events.csv"""
result/phase6_smoke_baseline_20260514_220549/outputs/network_mode_warnings.csv,file,0.00,obsolete intermediate result,"rm -f ""result/phase6_smoke_baseline_20260514_220549/outputs/network_mode_warnings.csv"""
result/phase_next_top20_crosswalk_recovery_20260514_021229/candidate_filter_summary.csv,file,0.00,obsolete intermediate result,"rm -f ""result/phase_next_top20_crosswalk_recovery_20260514_021229/candidate_filter_summary.csv"""
result/phase_next_top20_crosswalk_recovery_20260514_021229/candidate_15197/patch_node.nod.xml,file,0.00,obsolete intermediate result,"rm -f ""result/phase_next_top20_crosswalk_recovery_20260514_021229/candidate_15197/patch_node.nod.xml"""
result/phase_next_top20_crosswalk_recovery_20260514_021229/candidate_15225/patch_node.nod.xml,file,0.00,obsolete intermediate result,"rm -f ""result/phase_next_top20_crosswalk_recovery_20260514_021229/candidate_15225/patch_node.nod.xml"""
result/phase_next_top20_crosswalk_recovery_20260514_021229/candidate_15226/patch_node.nod.xml,file,0.00,obsolete intermediate result,"rm -f ""result/phase_next_top20_crosswalk_recovery_20260514_021229/candidate_15226/patch_node.nod.xml"""
result/phase_next_top20_crosswalk_recovery_20260514_021229/candidate_6425/patch_node.nod.xml,file,0.00,obsolete intermediate result,"rm -f ""result/phase_next_top20_crosswalk_recovery_20260514_021229/candidate_6425/patch_node.nod.xml"""
result/phase_next_top20_crosswalk_recovery_20260514_021229/candidate_8614/patch_node.nod.xml,file,0.00,obsolete intermediate result,"rm -f ""result/phase_next_top20_crosswalk_recovery_20260514_021229/candidate_8614/patch_node.nod.xml"""
result/phase_next_multi_crosswalk_recovery_20260514_015058/candidate_125895/patch_node.nod.xml,file,0.00,obsolete intermediate result,"rm -f ""result/phase_next_multi_crosswalk_recovery_20260514_015058/candidate_125895/patch_node.nod.xml"""
result/phase_next_multi_crosswalk_recovery_20260514_015058/candidate_23040/patch_node.nod.xml,file,0.00,obsolete intermediate result,"rm -f ""result/phase_next_multi_crosswalk_recovery_20260514_015058/candidate_23040/patch_node.nod.xml"""
result/phase_next_multi_crosswalk_recovery_20260514_015058/candidate_6531/patch_node.nod.xml,file,0.00,obsolete intermediate result,"rm -f ""result/phase_next_multi_crosswalk_recovery_20260514_015058/candidate_6531/patch_node.nod.xml"""
result/phase_next_multi_crosswalk_recovery_20260514_015058/candidate_72235/patch_node.nod.xml,file,0.00,obsolete intermediate result,"rm -f ""result/phase_next_multi_crosswalk_recovery_20260514_015058/candidate_72235/patch_node.nod.xml"""
result/phase_next_multi_crosswalk_recovery_20260514_015058/candidate_8568/patch_node.nod.xml,file,0.00,obsolete intermediate result,"rm -f ""result/phase_next_multi_crosswalk_recovery_20260514_015058/candidate_8568/patch_node.nod.xml"""
result/phase_next_top20_crosswalk_recovery_20260514_021229/candidate_23039/patch_node.nod.xml,file,0.00,obsolete intermediate result,"rm -f ""result/phase_next_top20_crosswalk_recovery_20260514_021229/candidate_23039/patch_node.nod.xml"""
result/phase_next_top20_crosswalk_recovery_20260514_021229/candidate_23041/patch_node.nod.xml,file,0.00,obsolete intermediate result,"rm -f ""result/phase_next_top20_crosswalk_recovery_20260514_021229/candidate_23041/patch_node.nod.xml"""
result/phase_next_top20_crosswalk_recovery_20260514_021229/candidate_6084/patch_node.nod.xml,file,0.00,obsolete intermediate result,"rm -f ""result/phase_next_top20_crosswalk_recovery_20260514_021229/candidate_6084/patch_node.nod.xml"""
result/phase_next_top20_crosswalk_recovery_20260514_021229/candidate_6210/patch_node.nod.xml,file,0.00,obsolete intermediate result,"rm -f ""result/phase_next_top20_crosswalk_recovery_20260514_021229/candidate_6210/patch_node.nod.xml"""
result/phase_next_top20_crosswalk_recovery_20260514_021229/candidate_6451/patch_node.nod.xml,file,0.00,obsolete intermediate result,"rm -f ""result/phase_next_top20_crosswalk_recovery_20260514_021229/candidate_6451/patch_node.nod.xml"""
result/phase_next_top20_crosswalk_recovery_20260514_021229/candidate_6527/patch_node.nod.xml,file,0.00,obsolete intermediate result,"rm -f ""result/phase_next_top20_crosswalk_recovery_20260514_021229/candidate_6527/patch_node.nod.xml"""
result/phase_next_top20_crosswalk_recovery_20260514_021229/candidate_6939/patch_node.nod.xml,file,0.00,obsolete intermediate result,"rm -f ""result/phase_next_top20_crosswalk_recovery_20260514_021229/candidate_6939/patch_node.nod.xml"""
result/phase_next_top20_crosswalk_recovery_20260514_021229/candidate_8339/patch_node.nod.xml,file,0.00,obsolete intermediate result,"rm -f ""result/phase_next_top20_crosswalk_recovery_20260514_021229/candidate_8339/patch_node.nod.xml"""
result/phase_next_top20_crosswalk_recovery_20260514_021229/candidate_8567/patch_node.nod.xml,file,0.00,obsolete intermediate result,"rm -f ""result/phase_next_top20_crosswalk_recovery_20260514_021229/candidate_8567/patch_node.nod.xml"""
result/phase_next_top20_crosswalk_recovery_20260514_021229/candidate_9826/patch_node.nod.xml,file,0.00,obsolete intermediate result,"rm -f ""result/phase_next_top20_crosswalk_recovery_20260514_021229/candidate_9826/patch_node.nod.xml"""
result/phase_next_real_csv_generation_samples_20260514_104959/candidate_tls_creation_LINK_92227/node_patch.nod.xml,file,0.00,obsolete intermediate result,"rm -f ""result/phase_next_real_csv_generation_samples_20260514_104959/candidate_tls_creation_LINK_92227/node_patch.nod.xml"""
result/phase_next_top20_crosswalk_recovery_20260514_021229/candidate_151/patch_node.nod.xml,file,0.00,obsolete intermediate result,"rm -f ""result/phase_next_top20_crosswalk_recovery_20260514_021229/candidate_151/patch_node.nod.xml"""
result/phase_next_top20_crosswalk_recovery_20260514_021229/candidate_167173/patch_node.nod.xml,file,0.00,obsolete intermediate result,"rm -f ""result/phase_next_top20_crosswalk_recovery_20260514_021229/candidate_167173/patch_node.nod.xml"""
result/phase_next_top20_crosswalk_recovery_20260514_021229/candidate_7358/patch_node.nod.xml,file,0.00,obsolete intermediate result,"rm -f ""result/phase_next_top20_crosswalk_recovery_20260514_021229/candidate_7358/patch_node.nod.xml"""
result/phase_next_top20_crosswalk_recovery_20260514_021229/candidate_8165/patch_node.nod.xml,file,0.00,obsolete intermediate result,"rm -f ""result/phase_next_top20_crosswalk_recovery_20260514_021229/candidate_8165/patch_node.nod.xml"""
result/phase_next_top20_crosswalk_recovery_20260514_021229/candidate_9650/patch_node.nod.xml,file,0.00,obsolete intermediate result,"rm -f ""result/phase_next_top20_crosswalk_recovery_20260514_021229/candidate_9650/patch_node.nod.xml"""
result/phase_next_real_csv_generation_samples_20260514_104959/candidate_explicit_crossing_LINK_20004/explicit_crossing_patch.nod.xml,file,0.00,obsolete intermediate result,"rm -f ""result/phase_next_real_csv_generation_samples_20260514_104959/candidate_explicit_crossing_LINK_20004/explicit_crossing_patch.nod.xml"""
result/phase510_119055_insert_split_20260514_002452/insert_split_119055_linkindex_validation.csv,file,0.00,obsolete intermediate result,"rm -f ""result/phase510_119055_insert_split_20260514_002452/insert_split_119055_linkindex_validation.csv"""
result/phase510_119055_insert_split_20260514_002633/insert_split_119055_linkindex_validation.csv,file,0.00,obsolete intermediate result,"rm -f ""result/phase510_119055_insert_split_20260514_002633/insert_split_119055_linkindex_validation.csv"""
result/phase510_119055_insert_split_20260514_002144/insert_split_119055_linkindex_validation.csv,file,0.00,obsolete intermediate result,"rm -f ""result/phase510_119055_insert_split_20260514_002144/insert_split_119055_linkindex_validation.csv"""
result/phase6_mini_experiment_batch03_5sec_baseline_20260514_220549/phase6_smoke_baseline_extension_events.csv,file,0.00,obsolete intermediate result,"rm -f ""result/phase6_mini_experiment_batch03_5sec_baseline_20260514_220549/phase6_smoke_baseline_extension_events.csv"""
result/phase6_recovery_smoke_baseline_20260514_220549/phase6_smoke_baseline_extension_events.csv,file,0.00,obsolete intermediate result,"rm -f ""result/phase6_recovery_smoke_baseline_20260514_220549/phase6_smoke_baseline_extension_events.csv"""
result/phase_next_top20_crosswalk_recovery_20260514_021229/success_rate_by_junction_type.csv,file,0.00,obsolete intermediate result,"rm -f ""result/phase_next_top20_crosswalk_recovery_20260514_021229/success_rate_by_junction_type.csv"""
result/phase_next_tierwise_expansion_continue_20260514_134922/explicit_crossing_not_processed.csv,file,0.00,obsolete intermediate result,"rm -f ""result/phase_next_tierwise_expansion_continue_20260514_134922/explicit_crossing_not_processed.csv"""
result/phase_next_tierwise_expansion_continue_20260514_135146/explicit_crossing_not_processed.csv,file,0.00,obsolete intermediate result,"rm -f ""result/phase_next_tierwise_expansion_continue_20260514_135146/explicit_crossing_not_processed.csv"""
result/phase59_smart_network_pilot_20260514_001745/snap_pilot_crossings.con.xml,file,0.00,obsolete intermediate result,"rm -f ""result/phase59_smart_network_pilot_20260514_001745/snap_pilot_crossings.con.xml"""
result/phase6_mini_experiment_batch03_5sec_baseline_20260514_220549/phase6_smoke_baseline_extension_events.json,file,0.00,obsolete intermediate result,"rm -f ""result/phase6_mini_experiment_batch03_5sec_baseline_20260514_220549/phase6_smoke_baseline_extension_events.json"""
result/phase6_recovery_smoke_baseline_20260514_220549/phase6_smoke_baseline_extension_events.json,file,0.00,obsolete intermediate result,"rm -f ""result/phase6_recovery_smoke_baseline_20260514_220549/phase6_smoke_baseline_extension_events.json"""
